timestamp,open,high,low,close,volume
2025-07-18T09:15:00+05:30,2400.6,2405.0,2395.5,2397.0,15810
2025-07-18T09:16:00+05:30,2397.0,2400.6,2394.0,2397.8,7216
2025-07-18T09:17:00+05:30,2397.8,2402.4,2396.0,2400.0,7857
2025-07-18T09:18:00+05:30,2400.0,2400.9,2398.0,2400.0,2419
2025-07-18T09:19:00+05:30,2400.0,2400.6,2399.2,2400.5,3047
2025-07-18T09:20:00+05:30,2400.5,2400.5,2398.8,2400.0,3919
2025-07-18T09:21:00+05:30,2400.0,2400.4,2396.3,2400.0,5387
2025-07-18T09:22:00+05:30,2399.9,2400.6,2397.9,2400.1,4944
2025-07-18T09:23:00+05:30,2400.0,2400.1,2395.7,2397.4,4132
2025-07-18T09:24:00+05:30,2397.4,2397.7,2393.3,2395.4,5700
2025-07-18T09:25:00+05:30,2396.0,2396.8,2395.0,2396.5,1908
2025-07-18T09:26:00+05:30,2396.2,2396.4,2395.0,2396.0,2072
2025-07-18T09:27:00+05:30,2396.1,2396.1,2395.0,2395.1,4934
2025-07-18T09:28:00+05:30,2396.1,2396.1,2395.1,2396.0,1790
2025-07-18T09:29:00+05:30,2395.3,2396.1,2394.8,2395.1,5096
2025-07-18T09:30:00+05:30,2396.0,2396.1,2395.0,2395.3,1296
2025-07-18T09:31:00+05:30,2396.1,2396.1,2395.0,2395.3,3529
2025-07-18T09:32:00+05:30,2395.3,2396.1,2394.5,2394.5,2228
2025-07-18T09:33:00+05:30,2395.1,2395.5,2393.5,2395.3,2705
2025-07-18T09:34:00+05:30,2395.3,2395.3,2395.0,2395.3,284
2025-07-18T09:35:00+05:30,2395.2,2395.3,2395.0,2395.3,316
2025-07-18T09:36:00+05:30,2395.0,2395.6,2395.0,2395.6,1376
2025-07-18T09:37:00+05:30,2395.6,2397.9,2395.0,2397.9,1326
2025-07-18T09:38:00+05:30,2398.0,2398.0,2396.5,2397.2,442
2025-07-18T09:39:00+05:30,2397.2,2397.2,2397.0,2397.0,344
2025-07-18T09:40:00+05:30,2397.2,2397.2,2395.6,2396.0,669
2025-07-18T09:41:00+05:30,2396.0,2396.0,2395.0,2395.6,920
2025-07-18T09:42:00+05:30,2395.6,2395.6,2393.7,2393.7,1498
2025-07-18T09:43:00+05:30,2394.6,2394.6,2390.6,2390.6,1391
2025-07-18T09:44:00+05:30,2390.5,2390.9,2389.1,2390.1,2655
2025-07-18T09:45:00+05:30,2389.4,2390.1,2388.3,2389.2,1904
2025-07-18T09:46:00+05:30,2389.2,2389.2,2388.3,2388.3,838
2025-07-18T09:47:00+05:30,2388.3,2388.8,2387.0,2387.6,1403
2025-07-18T09:48:00+05:30,2387.1,2388.0,2386.4,2388.0,3758
2025-07-18T09:49:00+05:30,2388.0,2388.6,2387.9,2388.6,1741
2025-07-18T09:50:00+05:30,2388.6,2390.0,2388.2,2388.4,1283
2025-07-18T09:51:00+05:30,2388.5,2389.8,2388.2,2389.6,433
2025-07-18T09:52:00+05:30,2389.6,2389.6,2388.5,2388.6,404
2025-07-18T09:53:00+05:30,2389.0,2389.0,2388.6,2389.0,367
2025-07-18T09:54:00+05:30,2388.8,2389.0,2388.0,2388.7,535
2025-07-18T09:55:00+05:30,2388.7,2388.7,2388.1,2388.4,316
2025-07-18T09:56:00+05:30,2388.1,2388.4,2387.4,2388.3,554
2025-07-18T09:57:00+05:30,2388.2,2388.3,2386.5,2387.3,693
2025-07-18T09:58:00+05:30,2386.9,2386.9,2386.0,2386.2,732
2025-07-18T09:59:00+05:30,2386.0,2386.1,2385.3,2386.0,825
2025-07-18T10:00:00+05:30,2386.0,2387.5,2385.6,2386.8,1520
2025-07-18T10:01:00+05:30,2387.4,2388.0,2386.1,2386.9,504
2025-07-18T10:02:00+05:30,2387.8,2387.8,2385.8,2386.7,504
2025-07-18T10:03:00+05:30,2386.7,2387.3,2386.2,2387.0,613
2025-07-18T10:04:00+05:30,2387.0,2387.3,2386.5,2387.1,184
2025-07-18T10:05:00+05:30,2387.0,2387.0,2385.6,2386.0,627
2025-07-18T10:06:00+05:30,2385.9,2385.9,2385.1,2385.1,439
2025-07-18T10:07:00+05:30,2385.1,2386.3,2385.1,2386.3,776
2025-07-18T10:08:00+05:30,2386.3,2386.3,2385.5,2386.1,284
2025-07-18T10:09:00+05:30,2385.4,2385.4,2384.5,2385.0,2109
2025-07-18T10:10:00+05:30,2385.0,2389.9,2384.4,2388.6,5049
2025-07-18T10:11:00+05:30,2388.6,2391.1,2387.8,2389.0,1706
2025-07-18T10:12:00+05:30,2388.9,2390.0,2388.1,2388.1,1116
2025-07-18T10:13:00+05:30,2389.1,2389.5,2387.1,2389.5,1963
2025-07-18T10:14:00+05:30,2389.5,2394.6,2388.8,2390.4,14720
2025-07-18T10:15:00+05:30,2390.0,2390.5,2389.1,2389.1,748
2025-07-18T10:16:00+05:30,2389.5,2389.5,2386.0,2386.0,712
2025-07-18T10:17:00+05:30,2386.0,2386.8,2383.3,2383.7,4713
2025-07-18T10:18:00+05:30,2383.5,2383.9,2383.5,2383.8,360
2025-07-18T10:19:00+05:30,2383.9,2385.5,2383.4,2384.6,996
2025-07-18T10:20:00+05:30,2384.4,2385.6,2381.6,2384.2,3622
2025-07-18T10:21:00+05:30,2384.2,2385.0,2382.4,2384.9,740
2025-07-18T10:22:00+05:30,2384.9,2387.2,2383.9,2384.8,1009
2025-07-18T10:23:00+05:30,2384.6,2384.7,2384.1,2384.7,219
2025-07-18T10:24:00+05:30,2384.7,2384.7,2384.0,2384.6,372
2025-07-18T10:25:00+05:30,2384.6,2384.6,2383.3,2384.0,897
2025-07-18T10:26:00+05:30,2384.0,2384.4,2383.8,2384.4,608
2025-07-18T10:27:00+05:30,2384.4,2384.4,2383.0,2383.8,1042
2025-07-18T10:28:00+05:30,2383.7,2383.7,2381.5,2381.8,696
2025-07-18T10:29:00+05:30,2381.8,2383.5,2381.1,2382.0,917
2025-07-18T10:30:00+05:30,2382.0,2382.0,2380.2,2380.6,1207
2025-07-18T10:31:00+05:30,2380.6,2380.9,2380.2,2380.5,823
2025-07-18T10:32:00+05:30,2380.5,2381.0,2380.0,2380.8,2080
2025-07-18T10:33:00+05:30,2380.8,2382.3,2380.3,2381.7,1979
2025-07-18T10:34:00+05:30,2381.7,2382.6,2381.0,2382.0,500
2025-07-18T10:35:00+05:30,2382.0,2386.0,2381.2,2385.0,1303
2025-07-18T10:36:00+05:30,2385.0,2385.7,2384.4,2385.7,658
2025-07-18T10:37:00+05:30,2385.7,2387.5,2385.7,2386.2,487
2025-07-18T10:38:00+05:30,2386.7,2386.7,2385.0,2385.5,514
2025-07-18T10:39:00+05:30,2385.0,2385.6,2384.6,2385.2,742
2025-07-18T10:40:00+05:30,2385.2,2385.2,2384.2,2384.7,516
2025-07-18T10:41:00+05:30,2384.7,2385.2,2383.4,2383.4,1098
2025-07-18T10:42:00+05:30,2384.0,2384.4,2383.4,2383.8,214
2025-07-18T10:43:00+05:30,2383.7,2385.5,2383.4,2384.3,982
2025-07-18T10:44:00+05:30,2384.3,2385.8,2384.3,2385.6,279
2025-07-18T10:45:00+05:30,2385.6,2385.6,2384.8,2385.0,625
2025-07-18T10:46:00+05:30,2385.0,2385.2,2384.5,2385.2,461
2025-07-18T10:47:00+05:30,2385.2,2385.4,2385.0,2385.0,827
2025-07-18T10:48:00+05:30,2385.4,2385.6,2384.4,2385.1,815
2025-07-18T10:49:00+05:30,2385.8,2386.5,2385.1,2385.1,245
2025-07-18T10:50:00+05:30,2385.1,2385.1,2384.8,2385.0,197
2025-07-18T10:51:00+05:30,2385.0,2385.0,2384.4,2384.6,388
2025-07-18T10:52:00+05:30,2384.6,2384.9,2384.4,2384.9,808
2025-07-18T10:53:00+05:30,2384.9,2384.9,2384.3,2384.7,260
2025-07-18T10:54:00+05:30,2384.7,2384.7,2384.0,2384.0,370
2025-07-18T10:55:00+05:30,2384.6,2384.6,2384.0,2384.4,514
2025-07-18T10:56:00+05:30,2384.4,2384.6,2384.0,2384.4,269
2025-07-18T10:57:00+05:30,2384.4,2385.5,2384.1,2385.1,1366
2025-07-18T10:58:00+05:30,2385.5,2385.5,2385.0,2385.0,216
2025-07-18T10:59:00+05:30,2385.2,2385.2,2384.4,2384.6,328
2025-07-18T11:00:00+05:30,2384.6,2384.7,2383.4,2383.4,779
2025-07-18T11:01:00+05:30,2383.1,2383.2,2380.5,2380.5,671
2025-07-18T11:02:00+05:30,2380.5,2383.8,2380.0,2383.8,1928
2025-07-18T11:03:00+05:30,2383.8,2384.0,2383.0,2383.5,146
2025-07-18T11:04:00+05:30,2383.5,2383.5,2383.0,2383.0,222
2025-07-18T11:05:00+05:30,2383.5,2384.6,2380.9,2380.9,1753
2025-07-18T11:06:00+05:30,2381.1,2382.1,2381.1,2381.6,500
2025-07-18T11:07:00+05:30,2382.0,2383.0,2381.8,2383.0,564
2025-07-18T11:08:00+05:30,2383.0,2383.0,2381.6,2381.6,327
2025-07-18T11:09:00+05:30,2382.1,2382.1,2380.0,2380.2,1254
2025-07-18T11:10:00+05:30,2380.2,2380.2,2378.5,2378.6,3784
2025-07-18T11:11:00+05:30,2378.6,2379.0,2378.0,2379.0,1116
2025-07-18T11:12:00+05:30,2379.0,2379.5,2378.0,2379.3,2591
2025-07-18T11:13:00+05:30,2378.9,2379.3,2378.0,2379.0,743
2025-07-18T11:14:00+05:30,2378.8,2379.0,2377.6,2378.6,914
2025-07-18T11:15:00+05:30,2378.6,2378.6,2377.8,2378.2,493
2025-07-18T11:16:00+05:30,2378.8,2380.4,2378.2,2380.3,1401
2025-07-18T11:17:00+05:30,2380.3,2383.4,2380.0,2382.9,6275
2025-07-18T11:18:00+05:30,2382.9,2384.3,2381.8,2384.3,5683
2025-07-18T11:19:00+05:30,2384.3,2385.3,2382.7,2384.9,6147
2025-07-18T11:20:00+05:30,2384.9,2385.1,2380.9,2381.6,3502
2025-07-18T11:21:00+05:30,2381.0,2381.9,2380.8,2381.9,244
2025-07-18T11:22:00+05:30,2381.9,2382.3,2380.0,2380.3,1404
2025-07-18T11:23:00+05:30,2380.3,2380.5,2380.0,2380.0,361
2025-07-18T11:24:00+05:30,2380.2,2380.5,2380.0,2380.0,496
2025-07-18T11:25:00+05:30,2380.4,2380.5,2380.0,2380.0,680
2025-07-18T11:26:00+05:30,2380.0,2380.5,2380.0,2380.3,119
2025-07-18T11:27:00+05:30,2380.3,2380.3,2379.4,2380.0,316
2025-07-18T11:28:00+05:30,2380.0,2380.5,2379.9,2379.9,972
2025-07-18T11:29:00+05:30,2379.7,2380.2,2379.0,2379.7,845
2025-07-18T11:30:00+05:30,2379.7,2379.7,2378.4,2378.4,598
2025-07-18T11:31:00+05:30,2378.4,2378.4,2378.0,2378.4,548
2025-07-18T11:32:00+05:30,2378.4,2379.1,2378.0,2378.7,595
2025-07-18T11:33:00+05:30,2378.7,2378.7,2378.0,2378.7,256
2025-07-18T11:34:00+05:30,2378.7,2378.7,2377.6,2378.0,933
2025-07-18T11:35:00+05:30,2377.8,2377.8,2375.5,2375.5,1910
2025-07-18T11:36:00+05:30,2375.5,2376.8,2375.5,2376.8,725
2025-07-18T11:37:00+05:30,2376.8,2376.8,2375.8,2376.5,393
2025-07-18T11:38:00+05:30,2376.4,2376.4,2376.0,2376.1,421
2025-07-18T11:39:00+05:30,2376.1,2376.1,2375.0,2375.1,1759
2025-07-18T11:40:00+05:30,2375.0,2376.1,2375.0,2376.0,571
2025-07-18T11:41:00+05:30,2376.0,2376.1,2376.0,2376.0,207
2025-07-18T11:42:00+05:30,2376.1,2376.1,2375.1,2375.8,1102
2025-07-18T11:43:00+05:30,2375.8,2376.3,2375.1,2375.5,768
2025-07-18T11:44:00+05:30,2375.5,2375.7,2372.7,2373.0,7097
2025-07-18T11:45:00+05:30,2373.0,2375.7,2373.0,2375.0,899
2025-07-18T11:46:00+05:30,2375.0,2376.5,2374.5,2375.2,1094
2025-07-18T11:47:00+05:30,2375.2,2375.3,2375.0,2375.3,357
2025-07-18T11:48:00+05:30,2375.3,2378.3,2375.3,2378.2,1082
2025-07-18T11:49:00+05:30,2378.2,2380.5,2378.0,2380.0,996
2025-07-18T11:50:00+05:30,2379.5,2381.0,2379.4,2380.0,826
2025-07-18T11:51:00+05:30,2380.0,2380.7,2380.0,2380.6,55
2025-07-18T11:52:00+05:30,2380.6,2381.8,2380.2,2380.6,1758
2025-07-18T11:53:00+05:30,2380.6,2381.5,2380.1,2380.5,2548
2025-07-18T11:54:00+05:30,2380.1,2381.0,2380.0,2381.0,591
2025-07-18T11:55:00+05:30,2380.5,2385.1,2380.5,2385.0,8381
2025-07-18T11:56:00+05:30,2385.0,2385.1,2384.1,2385.0,413
2025-07-18T11:57:00+05:30,2385.0,2385.1,2384.1,2384.2,1576
2025-07-18T11:58:00+05:30,2385.1,2385.3,2384.4,2384.8,574
2025-07-18T11:59:00+05:30,2384.8,2385.5,2384.3,2385.0,404
2025-07-18T12:00:00+05:30,2385.4,2385.5,2384.5,2384.7,146
2025-07-18T12:01:00+05:30,2385.4,2385.5,2384.8,2385.5,178
2025-07-18T12:02:00+05:30,2385.5,2385.5,2384.6,2384.6,840
2025-07-18T12:03:00+05:30,2384.6,2385.2,2384.2,2385.0,942
2025-07-18T12:04:00+05:30,2385.0,2385.1,2380.9,2380.9,5272
2025-07-18T12:05:00+05:30,2380.8,2382.5,2380.1,2381.4,1199
2025-07-18T12:06:00+05:30,2381.1,2382.0,2381.1,2381.4,277
2025-07-18T12:07:00+05:30,2381.8,2381.8,2380.6,2380.6,212
2025-07-18T12:08:00+05:30,2381.0,2382.0,2380.7,2381.5,1193
2025-07-18T12:09:00+05:30,2381.5,2382.0,2381.2,2381.2,61
2025-07-18T12:10:00+05:30,2381.2,2382.0,2380.6,2381.0,200
2025-07-18T12:11:00+05:30,2380.7,2381.0,2380.0,2380.1,345
2025-07-18T12:12:00+05:30,2380.0,2380.1,2380.0,2380.0,379
2025-07-18T12:13:00+05:30,2380.1,2380.1,2379.9,2380.1,476
2025-07-18T12:14:00+05:30,2380.0,2380.0,2377.0,2377.0,431
2025-07-18T12:15:00+05:30,2377.0,2377.4,2376.6,2377.2,713
2025-07-18T12:16:00+05:30,2377.4,2377.8,2376.8,2377.2,1075
2025-07-18T12:17:00+05:30,2377.2,2377.5,2376.1,2376.3,702
2025-07-18T12:18:00+05:30,2376.3,2376.3,2375.0,2375.1,1134
2025-07-18T12:19:00+05:30,2375.1,2375.1,2375.0,2375.1,1010
2025-07-18T12:20:00+05:30,2375.1,2375.7,2375.0,2375.2,967
2025-07-18T12:21:00+05:30,2375.1,2375.4,2375.0,2375.1,288
2025-07-18T12:22:00+05:30,2375.1,2375.2,2375.0,2375.2,749
2025-07-18T12:23:00+05:30,2375.2,2375.2,2375.0,2375.1,372
2025-07-18T12:24:00+05:30,2375.0,2375.1,2374.9,2375.0,269
2025-07-18T12:25:00+05:30,2375.0,2375.8,2374.9,2375.6,835
2025-07-18T12:26:00+05:30,2375.2,2376.0,2375.1,2375.8,789
2025-07-18T12:27:00+05:30,2375.8,2376.6,2375.8,2376.0,225
2025-07-18T12:28:00+05:30,2376.6,2376.6,2376.0,2376.1,202
2025-07-18T12:29:00+05:30,2376.4,2376.5,2376.1,2376.1,351
2025-07-18T12:30:00+05:30,2376.0,2376.4,2376.0,2376.2,488
2025-07-18T12:31:00+05:30,2376.2,2376.2,2375.0,2375.0,684
2025-07-18T12:32:00+05:30,2375.0,2376.5,2375.0,2375.5,1283
2025-07-18T12:33:00+05:30,2375.5,2376.8,2375.1,2375.9,1134
2025-07-18T12:34:00+05:30,2376.0,2376.2,2375.3,2376.1,251
2025-07-18T12:35:00+05:30,2376.1,2376.1,2375.5,2375.6,566
2025-07-18T12:36:00+05:30,2375.6,2378.0,2375.4,2377.1,1960
2025-07-18T12:37:00+05:30,2377.0,2377.1,2375.4,2376.1,132
2025-07-18T12:38:00+05:30,2375.3,2376.7,2375.0,2375.0,1368
2025-07-18T12:39:00+05:30,2375.7,2377.2,2375.3,2376.9,685
2025-07-18T12:40:00+05:30,2376.9,2376.9,2376.4,2376.7,129
2025-07-18T12:41:00+05:30,2376.9,2378.9,2376.4,2378.3,1018
2025-07-18T12:42:00+05:30,2378.3,2378.3,2377.3,2377.3,441
2025-07-18T12:43:00+05:30,2377.9,2378.3,2377.5,2377.5,125
2025-07-18T12:44:00+05:30,2377.5,2377.9,2376.1,2376.1,677
2025-07-18T12:45:00+05:30,2375.7,2376.5,2375.3,2376.3,715
2025-07-18T12:46:00+05:30,2375.9,2375.9,2375.1,2375.6,156
2025-07-18T12:47:00+05:30,2375.9,2375.9,2375.5,2375.6,282
2025-07-18T12:48:00+05:30,2375.5,2375.5,2372.3,2373.1,2251
2025-07-18T12:49:00+05:30,2373.5,2374.9,2373.1,2374.9,745
2025-07-18T12:50:00+05:30,2374.9,2374.9,2374.2,2374.2,313
2025-07-18T12:51:00+05:30,2374.0,2374.2,2374.0,2374.0,161
2025-07-18T12:52:00+05:30,2374.2,2374.2,2374.0,2374.0,678
2025-07-18T12:53:00+05:30,2374.1,2374.1,2374.0,2374.1,395
2025-07-18T12:54:00+05:30,2374.0,2374.1,2372.8,2373.3,1333
2025-07-18T12:55:00+05:30,2373.3,2374.1,2373.0,2374.1,468
2025-07-18T12:56:00+05:30,2373.6,2375.0,2373.5,2374.7,597
2025-07-18T12:57:00+05:30,2375.1,2375.6,2374.6,2375.0,623
2025-07-18T12:58:00+05:30,2375.0,2375.5,2374.8,2375.5,29
2025-07-18T12:59:00+05:30,2375.0,2375.5,2375.0,2375.5,522
2025-07-18T13:00:00+05:30,2375.4,2377.9,2375.3,2377.8,975
2025-07-18T13:01:00+05:30,2377.9,2381.4,2377.9,2381.2,3119
2025-07-18T13:02:00+05:30,2381.1,2381.5,2375.5,2375.5,1207
2025-07-18T13:03:00+05:30,2375.6,2376.4,2375.6,2376.2,678
2025-07-18T13:04:00+05:30,2376.2,2377.4,2376.2,2377.0,315
2025-07-18T13:05:00+05:30,2377.1,2378.0,2376.8,2376.8,602
2025-07-18T13:06:00+05:30,2376.7,2377.1,2376.4,2376.5,667
2025-07-18T13:07:00+05:30,2377.1,2378.3,2377.1,2377.9,1119
2025-07-18T13:08:00+05:30,2376.9,2378.4,2376.8,2378.2,383
2025-07-18T13:09:00+05:30,2378.1,2378.2,2376.9,2377.2,528
2025-07-18T13:10:00+05:30,2376.9,2379.2,2376.9,2378.6,1637
2025-07-18T13:11:00+05:30,2378.6,2379.4,2378.2,2379.4,665
2025-07-18T13:12:00+05:30,2379.2,2382.1,2379.1,2381.2,1887
2025-07-18T13:13:00+05:30,2381.2,2383.6,2381.1,2382.0,1142
2025-07-18T13:14:00+05:30,2382.0,2382.9,2381.2,2382.4,928
2025-07-18T13:15:00+05:30,2382.4,2382.4,2381.2,2381.5,835
2025-07-18T13:16:00+05:30,2381.9,2382.6,2380.8,2380.8,1265
2025-07-18T13:17:00+05:30,2380.1,2382.0,2380.1,2381.3,919
2025-07-18T13:18:00+05:30,2381.3,2382.0,2381.3,2381.9,389
2025-07-18T13:19:00+05:30,2381.7,2384.0,2381.7,2383.7,2884
2025-07-18T13:20:00+05:30,2383.2,2384.9,2382.3,2382.3,925
2025-07-18T13:21:00+05:30,2382.3,2382.9,2381.8,2382.1,436
2025-07-18T13:22:00+05:30,2382.1,2382.4,2381.1,2381.5,261
2025-07-18T13:23:00+05:30,2381.4,2381.4,2381.0,2381.0,293
2025-07-18T13:24:00+05:30,2380.8,2382.5,2380.6,2380.6,942
2025-07-18T13:25:00+05:30,2381.0,2381.8,2380.4,2380.7,566
2025-07-18T13:26:00+05:30,2380.7,2382.2,2380.7,2382.2,738
2025-07-18T13:27:00+05:30,2381.7,2382.1,2381.0,2381.2,340
2025-07-18T13:28:00+05:30,2381.2,2381.8,2380.0,2380.0,1239
2025-07-18T13:29:00+05:30,2380.1,2383.0,2379.7,2381.9,3083
2025-07-18T13:30:00+05:30,2382.7,2382.7,2381.8,2381.9,169
2025-07-18T13:31:00+05:30,2381.9,2382.5,2381.3,2382.5,365
2025-07-18T13:32:00+05:30,2382.6,2382.6,2381.4,2381.9,646
2025-07-18T13:33:00+05:30,2381.4,2381.9,2381.1,2381.1,756
2025-07-18T13:34:00+05:30,2381.1,2381.2,2381.0,2381.2,215
2025-07-18T13:35:00+05:30,2381.1,2381.1,2380.8,2380.9,425
2025-07-18T13:36:00+05:30,2380.9,2381.2,2380.7,2381.2,776
2025-07-18T13:37:00+05:30,2381.2,2381.2,2381.0,2381.0,44
2025-07-18T13:38:00+05:30,2380.8,2380.9,2380.0,2380.4,682
2025-07-18T13:39:00+05:30,2380.6,2381.5,2380.3,2380.5,749
2025-07-18T13:40:00+05:30,2380.5,2381.4,2380.5,2381.4,353
2025-07-18T13:41:00+05:30,2381.4,2383.0,2380.8,2382.9,1354
2025-07-18T13:42:00+05:30,2382.0,2383.0,2382.0,2382.8,74
2025-07-18T13:43:00+05:30,2382.8,2382.8,2382.1,2382.7,111
2025-07-18T13:44:00+05:30,2382.1,2382.7,2381.9,2382.4,741
2025-07-18T13:45:00+05:30,2382.4,2383.0,2382.0,2382.7,845
2025-07-18T13:46:00+05:30,2382.7,2382.7,2381.6,2382.0,51
2025-07-18T13:47:00+05:30,2381.6,2382.0,2380.8,2380.8,185
2025-07-18T13:48:00+05:30,2380.8,2381.4,2380.2,2380.6,543
2025-07-18T13:49:00+05:30,2381.0,2381.1,2380.6,2381.1,871
2025-07-18T13:50:00+05:30,2381.0,2381.5,2379.9,2380.3,76562
2025-07-18T13:51:00+05:30,2380.9,2381.2,2380.3,2381.1,344
2025-07-18T13:52:00+05:30,2381.1,2381.4,2380.0,2380.8,803
2025-07-18T13:53:00+05:30,2381.1,2381.1,2380.0,2380.8,225
2025-07-18T13:54:00+05:30,2380.2,2380.8,2379.6,2379.6,213
2025-07-18T13:55:00+05:30,2379.6,2380.1,2379.0,2379.6,1411
2025-07-18T13:56:00+05:30,2379.6,2379.6,2379.1,2379.1,168
2025-07-18T13:57:00+05:30,2379.6,2383.0,2379.1,2383.0,1573
2025-07-18T13:58:00+05:30,2383.0,2385.9,2383.0,2385.3,2727
2025-07-18T13:59:00+05:30,2385.6,2385.6,2380.1,2380.1,1060
2025-07-18T14:00:00+05:30,2380.0,2382.1,2379.7,2382.0,759
2025-07-18T14:01:00+05:30,2381.4,2382.3,2381.2,2381.2,271
2025-07-18T14:02:00+05:30,2381.9,2381.9,2380.2,2381.0,3731
2025-07-18T14:03:00+05:30,2380.9,2381.6,2380.9,2381.4,652
2025-07-18T14:04:00+05:30,2381.4,2382.0,2381.3,2381.4,670
2025-07-18T14:05:00+05:30,2381.4,2381.6,2380.6,2380.6,491
2025-07-18T14:06:00+05:30,2380.7,2381.3,2379.2,2380.2,2294
2025-07-18T14:07:00+05:30,2380.3,2381.6,2380.2,2381.5,264
2025-07-18T14:08:00+05:30,2380.4,2380.8,2380.0,2380.8,241
2025-07-18T14:09:00+05:30,2380.7,2382.0,2380.5,2381.6,627
2025-07-18T14:10:00+05:30,2381.6,2381.6,2380.6,2380.6,319
2025-07-18T14:11:00+05:30,2381.6,2381.6,2380.6,2381.6,184
2025-07-18T14:12:00+05:30,2381.3,2381.3,2380.2,2381.0,613
2025-07-18T14:13:00+05:30,2380.6,2381.5,2380.6,2381.5,466
2025-07-18T14:14:00+05:30,2380.9,2382.9,2380.9,2382.5,671
2025-07-18T14:15:00+05:30,2381.6,2383.7,2381.5,2381.9,896
2025-07-18T14:16:00+05:30,2381.9,2381.9,2381.0,2381.8,725
2025-07-18T14:17:00+05:30,2381.9,2381.9,2380.8,2380.8,814
2025-07-18T14:18:00+05:30,2381.7,2381.8,2380.1,2380.1,440
2025-07-18T14:19:00+05:30,2380.4,2381.6,2380.1,2381.6,1038
2025-07-18T14:20:00+05:30,2381.6,2381.6,2381.1,2381.5,582
2025-07-18T14:21:00+05:30,2381.5,2382.0,2380.8,2382.0,623
2025-07-18T14:22:00+05:30,2381.4,2381.8,2381.3,2381.3,347
2025-07-18T14:23:00+05:30,2381.7,2381.7,2380.8,2381.0,468
2025-07-18T14:24:00+05:30,2381.0,2381.7,2381.0,2381.5,546
2025-07-18T14:25:00+05:30,2381.6,2381.6,2381.3,2381.3,252
2025-07-18T14:26:00+05:30,2381.3,2381.5,2380.8,2380.9,737
2025-07-18T14:27:00+05:30,2381.0,2381.0,2380.5,2380.6,240
2025-07-18T14:28:00+05:30,2380.6,2382.9,2380.6,2382.6,2110
2025-07-18T14:29:00+05:30,2382.5,2382.6,2381.9,2382.5,705
2025-07-18T14:30:00+05:30,2382.5,2382.9,2382.3,2382.5,697
2025-07-18T14:31:00+05:30,2382.9,2382.9,2381.2,2381.2,454
2025-07-18T14:32:00+05:30,2381.1,2382.6,2380.8,2382.5,1193
2025-07-18T14:33:00+05:30,2382.5,2382.9,2382.1,2382.1,419
2025-07-18T14:34:00+05:30,2382.0,2382.4,2381.5,2381.9,760
2025-07-18T14:35:00+05:30,2381.9,2381.9,2380.9,2381.3,460
2025-07-18T14:36:00+05:30,2381.3,2381.9,2381.0,2381.9,551
2025-07-18T14:37:00+05:30,2381.8,2382.5,2380.5,2382.1,1335
2025-07-18T14:38:00+05:30,2382.5,2382.5,2381.5,2381.5,764
2025-07-18T14:39:00+05:30,2382.1,2382.4,2381.5,2382.0,814
2025-07-18T14:40:00+05:30,2381.6,2383.0,2381.6,2383.0,1436
2025-07-18T14:41:00+05:30,2382.9,2383.5,2382.8,2382.9,392
2025-07-18T14:42:00+05:30,2383.2,2386.5,2382.5,2383.8,8007
2025-07-18T14:43:00+05:30,2383.9,2386.2,2383.9,2385.8,1073
2025-07-18T14:44:00+05:30,2385.6,2385.8,2382.6,2383.0,669
2025-07-18T14:45:00+05:30,2383.2,2383.9,2382.3,2382.3,4897
2025-07-18T14:46:00+05:30,2382.8,2384.0,2382.4,2383.8,1409
2025-07-18T14:47:00+05:30,2383.8,2385.6,2383.8,2385.3,1582
2025-07-18T14:48:00+05:30,2385.6,2386.2,2385.0,2386.2,1172
2025-07-18T14:49:00+05:30,2385.8,2386.2,2385.3,2386.0,980
2025-07-18T14:50:00+05:30,2386.0,2386.0,2385.0,2385.3,1014
2025-07-18T14:51:00+05:30,2385.6,2385.6,2384.1,2384.1,442
2025-07-18T14:52:00+05:30,2384.9,2385.5,2383.9,2385.0,1908
2025-07-18T14:53:00+05:30,2385.0,2385.5,2384.4,2384.4,941
2025-07-18T14:54:00+05:30,2384.8,2385.8,2384.1,2384.1,1109
2025-07-18T14:55:00+05:30,2384.1,2385.1,2384.1,2384.6,924
2025-07-18T14:56:00+05:30,2384.4,2384.5,2382.3,2382.6,1169
2025-07-18T14:57:00+05:30,2382.8,2384.1,2382.2,2383.0,969
2025-07-18T14:58:00+05:30,2384.0,2384.1,2382.4,2383.3,560
2025-07-18T14:59:00+05:30,2383.3,2383.5,2382.6,2383.0,805
2025-07-18T15:00:00+05:30,2382.9,2384.8,2382.9,2384.2,4412
2025-07-18T15:01:00+05:30,2384.1,2384.2,2382.6,2383.2,1946
2025-07-18T15:02:00+05:30,2382.8,2384.8,2382.5,2384.8,3013
2025-07-18T15:03:00+05:30,2384.8,2385.0,2384.0,2384.2,1607
2025-07-18T15:04:00+05:30,2384.2,2384.2,2382.7,2383.2,2233
2025-07-18T15:05:00+05:30,2383.0,2383.6,2383.0,2383.2,3024
2025-07-18T15:06:00+05:30,2383.3,2384.0,2383.1,2384.0,3774
2025-07-18T15:07:00+05:30,2383.8,2384.1,2383.6,2384.1,2472
2025-07-18T15:08:00+05:30,2384.0,2384.5,2382.1,2383.5,2383
2025-07-18T15:09:00+05:30,2382.7,2383.5,2382.5,2383.0,4488
2025-07-18T15:10:00+05:30,2382.9,2383.0,2382.0,2382.4,3194
2025-07-18T15:11:00+05:30,2382.0,2382.4,2382.0,2382.4,2024
2025-07-18T15:12:00+05:30,2382.3,2383.1,2382.3,2382.9,3030
2025-07-18T15:13:00+05:30,2382.9,2383.0,2382.6,2382.7,2194
2025-07-18T15:14:00+05:30,2382.7,2383.8,2382.7,2383.1,2817
2025-07-18T15:15:00+05:30,2383.1,2384.4,2382.0,2382.3,5352
2025-07-18T15:16:00+05:30,2382.3,2383.3,2382.2,2383.2,3455
2025-07-18T15:17:00+05:30,2383.2,2383.2,2382.8,2383.0,2516
2025-07-18T15:18:00+05:30,2383.0,2383.1,2382.6,2382.8,2575
2025-07-18T15:19:00+05:30,2382.7,2382.8,2380.9,2381.4,3238
2025-07-18T15:20:00+05:30,2381.8,2382.0,2380.3,2381.5,7237
2025-07-18T15:21:00+05:30,2381.3,2381.4,2380.6,2381.4,3660
2025-07-18T15:22:00+05:30,2381.3,2381.4,2381.1,2381.3,1933
2025-07-18T15:23:00+05:30,2381.2,2381.7,2381.2,2381.5,3132
2025-07-18T15:24:00+05:30,2381.6,2381.7,2381.0,2381.1,3042
2025-07-18T15:25:00+05:30,2381.1,2381.1,2380.2,2380.4,3524
2025-07-18T15:26:00+05:30,2380.3,2381.5,2380.2,2380.3,3979
2025-07-18T15:27:00+05:30,2380.2,2381.5,2380.0,2380.6,3361
2025-07-18T15:28:00+05:30,2381.0,2381.2,2380.0,2380.3,2912
2025-07-18T15:29:00+05:30,2380.9,2381.5,2379.0,2380.0,1143
2025-07-17T09:15:00+05:30,2404.1,2407.9,2401.0,2401.0,8586
2025-07-17T09:16:00+05:30,2400.2,2400.2,2396.1,2398.6,8953
2025-07-17T09:17:00+05:30,2399.8,2404.2,2399.6,2402.5,4830
2025-07-17T09:18:00+05:30,2402.5,2403.2,2400.6,2402.5,4868
2025-07-17T09:19:00+05:30,2402.0,2406.7,2401.3,2405.8,3844
2025-07-17T09:20:00+05:30,2405.2,2409.4,2405.2,2408.6,2952
2025-07-17T09:21:00+05:30,2409.0,2410.1,2406.7,2406.7,2761
2025-07-17T09:22:00+05:30,2407.1,2409.0,2406.7,2408.4,1606
2025-07-17T09:23:00+05:30,2408.4,2410.2,2408.0,2409.2,2587
2025-07-17T09:24:00+05:30,2409.0,2409.3,2408.6,2408.6,1243
2025-07-17T09:25:00+05:30,2409.0,2410.0,2408.2,2409.8,1095
2025-07-17T09:26:00+05:30,2409.8,2412.5,2408.0,2408.1,3599
2025-07-17T09:27:00+05:30,2408.7,2409.4,2407.0,2409.2,1410
2025-07-17T09:28:00+05:30,2409.2,2409.2,2407.5,2408.1,1056
2025-07-17T09:29:00+05:30,2408.1,2408.8,2404.4,2406.0,12557
2025-07-17T09:30:00+05:30,2406.9,2408.1,2403.2,2404.2,4025
2025-07-17T09:31:00+05:30,2404.1,2405.9,2403.3,2404.2,3305
2025-07-17T09:32:00+05:30,2404.5,2404.7,2402.8,2403.6,1082
2025-07-17T09:33:00+05:30,2403.6,2404.8,2403.6,2404.6,1167
2025-07-17T09:34:00+05:30,2404.8,2404.8,2403.1,2403.5,673
2025-07-17T09:35:00+05:30,2403.2,2403.6,2402.6,2402.7,1042
2025-07-17T09:36:00+05:30,2402.6,2404.0,2402.0,2404.0,662
2025-07-17T09:37:00+05:30,2403.3,2404.0,2402.5,2403.4,1125
2025-07-17T09:38:00+05:30,2403.5,2403.9,2403.1,2403.2,996
2025-07-17T09:39:00+05:30,2403.5,2404.0,2403.2,2403.8,827
2025-07-17T09:40:00+05:30,2404.0,2404.0,2403.8,2403.8,269
2025-07-17T09:41:00+05:30,2403.8,2404.0,2403.5,2403.8,412
2025-07-17T09:42:00+05:30,2403.8,2406.6,2403.8,2406.3,1801
2025-07-17T09:43:00+05:30,2406.3,2406.9,2398.1,2398.8,2941
2025-07-17T09:44:00+05:30,2398.7,2400.9,2398.0,2399.6,3018
2025-07-17T09:45:00+05:30,2398.8,2401.1,2398.3,2399.4,1625
2025-07-17T09:46:00+05:30,2400.1,2400.5,2399.4,2400.1,340
2025-07-17T09:47:00+05:30,2400.2,2401.2,2399.5,2401.2,1320
2025-07-17T09:48:00+05:30,2401.2,2402.0,2400.8,2401.9,300
2025-07-17T09:49:00+05:30,2401.9,2401.9,2398.1,2398.1,2038
2025-07-17T09:50:00+05:30,2398.1,2399.6,2397.6,2399.6,1247
2025-07-17T09:51:00+05:30,2398.8,2400.9,2398.8,2399.0,826
2025-07-17T09:52:00+05:30,2399.0,2399.8,2399.0,2399.5,363
2025-07-17T09:53:00+05:30,2399.5,2400.9,2399.3,2400.9,367
2025-07-17T09:54:00+05:30,2400.9,2401.8,2400.6,2401.3,281
2025-07-17T09:55:00+05:30,2401.2,2401.4,2400.0,2401.2,1140
2025-07-17T09:56:00+05:30,2400.6,2401.7,2400.6,2401.7,248
2025-07-17T09:57:00+05:30,2401.4,2401.9,2400.1,2400.5,1364
2025-07-17T09:58:00+05:30,2400.2,2401.0,2400.2,2400.9,505
2025-07-17T09:59:00+05:30,2400.9,2401.0,2400.2,2400.7,466
2025-07-17T10:00:00+05:30,2400.7,2401.0,2399.8,2400.4,854
2025-07-17T10:01:00+05:30,2400.3,2400.5,2400.0,2400.5,277
2025-07-17T10:02:00+05:30,2400.4,2400.8,2400.4,2400.8,191
2025-07-17T10:03:00+05:30,2400.8,2400.8,2400.0,2400.7,502
2025-07-17T10:04:00+05:30,2400.3,2402.0,2400.0,2401.6,935
2025-07-17T10:05:00+05:30,2401.5,2401.7,2401.0,2401.4,329
2025-07-17T10:06:00+05:30,2401.3,2401.7,2401.0,2401.5,370
2025-07-17T10:07:00+05:30,2401.5,2403.2,2401.5,2403.1,1134
2025-07-17T10:08:00+05:30,2403.1,2407.5,2400.5,2400.5,2225
2025-07-17T10:09:00+05:30,2400.5,2400.9,2398.1,2399.4,1497
2025-07-17T10:10:00+05:30,2399.4,2400.0,2398.8,2399.5,341
2025-07-17T10:11:00+05:30,2399.0,2399.9,2399.0,2399.6,592
2025-07-17T10:12:00+05:30,2399.1,2399.7,2397.1,2397.1,1267
2025-07-17T10:13:00+05:30,2397.0,2398.5,2397.0,2398.5,841
2025-07-17T10:14:00+05:30,2397.8,2398.7,2397.8,2398.3,317
2025-07-17T10:15:00+05:30,2398.3,2398.3,2397.1,2397.7,685
2025-07-17T10:16:00+05:30,2397.5,2398.3,2397.0,2397.2,581
2025-07-17T10:17:00+05:30,2397.2,2397.7,2397.0,2397.6,555
2025-07-17T10:18:00+05:30,2397.4,2398.0,2397.0,2397.7,443
2025-07-17T10:19:00+05:30,2397.2,2398.0,2397.2,2398.0,432
2025-07-17T10:20:00+05:30,2397.6,2398.9,2397.6,2398.9,780
2025-07-17T10:21:00+05:30,2398.9,2398.9,2398.0,2398.0,481
2025-07-17T10:22:00+05:30,2398.0,2398.0,2395.0,2395.2,2462
2025-07-17T10:23:00+05:30,2395.2,2397.5,2395.2,2397.2,736
2025-07-17T10:24:00+05:30,2397.2,2397.7,2396.3,2397.7,1031
2025-07-17T10:25:00+05:30,2397.8,2398.3,2397.1,2398.3,329
2025-07-17T10:26:00+05:30,2398.2,2398.7,2397.4,2398.4,789
2025-07-17T10:27:00+05:30,2398.4,2399.8,2398.0,2399.1,611
2025-07-17T10:28:00+05:30,2399.1,2400.7,2399.1,2400.0,453
2025-07-17T10:29:00+05:30,2400.0,2400.7,2398.4,2399.9,1845
2025-07-17T10:30:00+05:30,2400.7,2402.6,2400.2,2400.2,1635
2025-07-17T10:31:00+05:30,2400.8,2401.5,2400.4,2401.5,469
2025-07-17T10:32:00+05:30,2401.5,2402.8,2401.4,2402.1,366
2025-07-17T10:33:00+05:30,2402.1,2404.0,2402.1,2403.4,706
2025-07-17T10:34:00+05:30,2403.7,2404.0,2403.0,2403.0,468
2025-07-17T10:35:00+05:30,2402.4,2402.7,2400.6,2401.0,1571
2025-07-17T10:36:00+05:30,2400.9,2401.7,2400.6,2401.0,451
2025-07-17T10:37:00+05:30,2401.7,2401.8,2401.2,2401.7,338
2025-07-17T10:38:00+05:30,2401.0,2401.8,2400.0,2400.8,739
2025-07-17T10:39:00+05:30,2400.1,2400.8,2400.1,2400.8,403
2025-07-17T10:40:00+05:30,2400.8,2401.2,2400.4,2401.2,476
2025-07-17T10:41:00+05:30,2401.2,2401.7,2400.5,2401.6,383
2025-07-17T10:42:00+05:30,2401.5,2401.8,2401.5,2401.7,229
2025-07-17T10:43:00+05:30,2401.8,2402.2,2401.0,2401.0,621
2025-07-17T10:44:00+05:30,2401.3,2401.5,2399.0,2399.8,1316
2025-07-17T10:45:00+05:30,2399.8,2400.8,2396.1,2397.1,2100
2025-07-17T10:46:00+05:30,2397.5,2399.0,2397.1,2399.0,743
2025-07-17T10:47:00+05:30,2399.1,2400.0,2399.1,2400.0,104
2025-07-17T10:48:00+05:30,2400.0,2400.8,2399.8,2400.5,397
2025-07-17T10:49:00+05:30,2400.5,2400.8,2399.8,2400.7,525
2025-07-17T10:50:00+05:30,2400.7,2403.7,2400.7,2403.5,2548
2025-07-17T10:51:00+05:30,2403.6,2405.1,2401.9,2402.7,3275
2025-07-17T10:52:00+05:30,2403.3,2403.6,2402.8,2403.6,573
2025-07-17T10:53:00+05:30,2403.6,2403.7,2402.9,2403.6,196
2025-07-17T10:54:00+05:30,2403.6,2403.8,2402.0,2402.0,1104
2025-07-17T10:55:00+05:30,2402.4,2402.4,2401.4,2402.3,312
2025-07-17T10:56:00+05:30,2402.3,2402.3,2400.0,2400.4,694
2025-07-17T10:57:00+05:30,2400.0,2400.3,2400.0,2400.3,347
2025-07-17T10:58:00+05:30,2400.3,2400.9,2399.5,2399.8,782
2025-07-17T10:59:00+05:30,2400.8,2400.9,2400.0,2400.0,218
2025-07-17T11:00:00+05:30,2400.0,2401.6,2399.9,2401.1,733
2025-07-17T11:01:00+05:30,2401.1,2402.1,2401.0,2401.2,86
2025-07-17T11:02:00+05:30,2401.3,2402.1,2400.4,2401.4,1262
2025-07-17T11:03:00+05:30,2402.0,2402.5,2401.3,2401.3,589
2025-07-17T11:04:00+05:30,2401.3,2402.3,2401.3,2401.7,70
2025-07-17T11:05:00+05:30,2402.3,2402.3,2401.6,2402.0,196
2025-07-17T11:06:00+05:30,2402.0,2402.3,2401.7,2402.3,224
2025-07-17T11:07:00+05:30,2402.0,2402.4,2402.0,2402.4,169
2025-07-17T11:08:00+05:30,2402.4,2402.9,2402.3,2402.5,390
2025-07-17T11:09:00+05:30,2402.5,2403.0,2402.3,2402.8,233
2025-07-17T11:10:00+05:30,2402.5,2402.8,2402.3,2402.5,686
2025-07-17T11:11:00+05:30,2402.5,2407.6,2402.5,2407.6,1287
2025-07-17T11:12:00+05:30,2407.5,2408.9,2406.5,2408.9,4596
2025-07-17T11:13:00+05:30,2408.9,2408.9,2405.0,2405.7,1140
2025-07-17T11:14:00+05:30,2405.6,2405.7,2405.0,2405.5,97
2025-07-17T11:15:00+05:30,2405.5,2405.6,2404.6,2405.5,306
2025-07-17T11:16:00+05:30,2405.1,2405.7,2405.0,2405.1,675
2025-07-17T11:17:00+05:30,2405.6,2407.3,2405.2,2407.2,651
2025-07-17T11:18:00+05:30,2407.2,2407.2,2406.3,2406.9,1646
2025-07-17T11:19:00+05:30,2406.9,2407.2,2406.9,2407.0,420
2025-07-17T11:20:00+05:30,2407.2,2407.9,2406.7,2407.2,974
2025-07-17T11:21:00+05:30,2407.2,2407.9,2407.0,2407.7,370
2025-07-17T11:22:00+05:30,2407.7,2408.9,2407.6,2408.4,549
2025-07-17T11:23:00+05:30,2408.4,2408.4,2407.5,2408.1,616
2025-07-17T11:24:00+05:30,2408.2,2408.4,2407.5,2407.5,687
2025-07-17T11:25:00+05:30,2407.7,2408.2,2407.3,2407.5,960
2025-07-17T11:26:00+05:30,2408.1,2408.4,2407.5,2408.2,297
2025-07-17T11:27:00+05:30,2408.4,2408.4,2408.1,2408.3,261
2025-07-17T11:28:00+05:30,2408.3,2408.4,2408.1,2408.4,1013
2025-07-17T11:29:00+05:30,2408.9,2408.9,2408.3,2408.4,213
2025-07-17T11:30:00+05:30,2408.9,2409.4,2408.5,2409.3,483
2025-07-17T11:31:00+05:30,2409.3,2409.3,2408.3,2408.8,306
2025-07-17T11:32:00+05:30,2409.0,2409.1,2407.1,2407.9,718
2025-07-17T11:33:00+05:30,2407.7,2407.9,2406.9,2407.8,850
2025-07-17T11:34:00+05:30,2407.8,2407.8,2405.6,2406.8,347
2025-07-17T11:35:00+05:30,2406.5,2407.5,2406.5,2407.5,204
2025-07-17T11:36:00+05:30,2407.5,2409.9,2407.3,2408.5,1588
2025-07-17T11:37:00+05:30,2408.6,2409.5,2408.2,2409.2,2418
2025-07-17T11:38:00+05:30,2409.2,2410.8,2409.0,2410.7,3629
2025-07-17T11:39:00+05:30,2410.7,2411.6,2410.7,2411.6,706
2025-07-17T11:40:00+05:30,2411.6,2414.0,2411.6,2412.4,2727
2025-07-17T11:41:00+05:30,2413.1,2413.2,2409.1,2410.3,2607
2025-07-17T11:42:00+05:30,2410.3,2410.3,2408.9,2409.6,1612
2025-07-17T11:43:00+05:30,2409.6,2410.1,2408.9,2409.1,389
2025-07-17T11:44:00+05:30,2410.0,2411.9,2410.0,2411.1,1924
2025-07-17T11:45:00+05:30,2411.6,2411.6,2409.0,2410.5,1560
2025-07-17T11:46:00+05:30,2410.2,2410.4,2408.4,2409.1,1354
2025-07-17T11:47:00+05:30,2409.1,2409.1,2408.6,2409.0,410
2025-07-17T11:48:00+05:30,2408.6,2409.4,2408.0,2409.4,666
2025-07-17T11:49:00+05:30,2409.4,2410.0,2409.4,2410.0,221
2025-07-17T11:50:00+05:30,2410.0,2410.0,2408.5,2409.3,2146
2025-07-17T11:51:00+05:30,2409.0,2410.0,2409.0,2410.0,669
2025-07-17T11:52:00+05:30,2410.0,2410.2,2409.9,2410.2,455
2025-07-17T11:53:00+05:30,2410.2,2410.5,2409.9,2410.3,432
2025-07-17T11:54:00+05:30,2410.5,2410.8,2410.4,2410.8,444
2025-07-17T11:55:00+05:30,2410.5,2410.5,2409.0,2409.1,2043
2025-07-17T11:56:00+05:30,2409.0,2409.6,2409.0,2409.1,863
2025-07-17T11:57:00+05:30,2409.1,2409.6,2409.1,2409.6,351
2025-07-17T11:58:00+05:30,2409.6,2411.4,2409.4,2411.4,1877
2025-07-17T11:59:00+05:30,2411.3,2411.4,2408.9,2411.2,3072
2025-07-17T12:00:00+05:30,2411.3,2411.5,2410.7,2411.5,878
2025-07-17T12:01:00+05:30,2411.0,2411.3,2409.0,2409.4,1380
2025-07-17T12:02:00+05:30,2409.1,2410.9,2409.0,2410.9,1794
2025-07-17T12:03:00+05:30,2410.9,2411.0,2410.4,2411.0,187
2025-07-17T12:04:00+05:30,2411.1,2412.0,2411.0,2411.9,332
2025-07-17T12:05:00+05:30,2412.0,2412.7,2410.8,2411.6,865
2025-07-17T12:06:00+05:30,2411.7,2412.2,2411.1,2411.2,677
2025-07-17T12:07:00+05:30,2411.2,2411.3,2411.0,2411.3,253
2025-07-17T12:08:00+05:30,2411.3,2411.9,2410.5,2410.8,655
2025-07-17T12:09:00+05:30,2410.8,2412.5,2410.8,2412.3,1522
2025-07-17T12:10:00+05:30,2412.4,2413.0,2412.2,2412.5,1109
2025-07-17T12:11:00+05:30,2412.9,2413.4,2412.4,2412.8,956
2025-07-17T12:12:00+05:30,2412.8,2413.2,2412.6,2413.1,472
2025-07-17T12:13:00+05:30,2413.0,2413.0,2412.4,2412.4,509
2025-07-17T12:14:00+05:30,2412.5,2412.6,2411.0,2411.4,1015
2025-07-17T12:15:00+05:30,2411.5,2411.6,2409.0,2409.3,834
2025-07-17T12:16:00+05:30,2409.3,2409.8,2408.4,2409.7,2135
2025-07-17T12:17:00+05:30,2409.7,2409.7,2409.0,2409.4,900
2025-07-17T12:18:00+05:30,2409.3,2409.4,2409.0,2409.4,302
2025-07-17T12:19:00+05:30,2409.4,2409.7,2409.3,2409.7,344
2025-07-17T12:20:00+05:30,2409.8,2409.9,2409.7,2409.7,284
2025-07-17T12:21:00+05:30,2409.8,2410.0,2408.5,2409.0,3173
2025-07-17T12:22:00+05:30,2409.0,2409.1,2408.9,2408.9,1195
2025-07-17T12:23:00+05:30,2408.9,2409.0,2408.9,2409.0,1058
2025-07-17T12:24:00+05:30,2409.0,2409.0,2408.8,2408.9,742
2025-07-17T12:25:00+05:30,2408.8,2409.0,2407.0,2408.8,7933
2025-07-17T12:26:00+05:30,2408.8,2409.0,2408.4,2408.5,6150
2025-07-17T12:27:00+05:30,2408.5,2408.5,2405.7,2405.7,1235
2025-07-17T12:28:00+05:30,2406.5,2407.1,2405.7,2405.7,659
2025-07-17T12:29:00+05:30,2405.8,2405.8,2405.4,2405.4,292
2025-07-17T12:30:00+05:30,2405.4,2405.6,2405.0,2405.6,836
2025-07-17T12:31:00+05:30,2405.6,2407.4,2405.6,2407.4,808
2025-07-17T12:32:00+05:30,2406.9,2407.5,2406.7,2406.7,417
2025-07-17T12:33:00+05:30,2406.2,2406.9,2405.2,2406.9,1367
2025-07-17T12:34:00+05:30,2406.7,2407.3,2406.4,2406.4,1049
2025-07-17T12:35:00+05:30,2406.4,2407.0,2405.1,2405.2,444
2025-07-17T12:36:00+05:30,2405.7,2405.7,2405.1,2405.7,233
2025-07-17T12:37:00+05:30,2405.7,2405.8,2405.2,2405.8,412
2025-07-17T12:38:00+05:30,2405.7,2405.8,2405.0,2405.4,524
2025-07-17T12:39:00+05:30,2405.3,2405.5,2405.3,2405.5,418
2025-07-17T12:40:00+05:30,2405.3,2406.6,2405.3,2406.6,507
2025-07-17T12:41:00+05:30,2406.9,2407.8,2406.1,2406.8,575
2025-07-17T12:42:00+05:30,2406.8,2408.9,2406.3,2408.8,382
2025-07-17T12:43:00+05:30,2408.7,2410.3,2408.7,2410.2,3460
2025-07-17T12:44:00+05:30,2410.1,2410.2,2407.3,2407.7,336
2025-07-17T12:45:00+05:30,2407.7,2407.7,2406.4,2407.0,412
2025-07-17T12:46:00+05:30,2407.1,2407.3,2406.9,2407.2,452
2025-07-17T12:47:00+05:30,2407.2,2407.2,2407.1,2407.2,466
2025-07-17T12:48:00+05:30,2407.1,2407.2,2405.3,2405.6,900
2025-07-17T12:49:00+05:30,2405.3,2406.5,2405.3,2406.5,328
2025-07-17T12:50:00+05:30,2406.4,2406.6,2406.4,2406.5,136
2025-07-17T12:51:00+05:30,2406.6,2406.6,2406.0,2406.1,466
2025-07-17T12:52:00+05:30,2406.1,2407.1,2406.0,2406.2,844
2025-07-17T12:53:00+05:30,2406.1,2409.6,2405.8,2409.1,3765
2025-07-17T12:54:00+05:30,2409.1,2409.1,2406.2,2408.3,1584
2025-07-17T12:55:00+05:30,2407.9,2408.3,2405.1,2406.6,2547
2025-07-17T12:56:00+05:30,2406.6,2407.6,2405.1,2405.7,2713
2025-07-17T12:57:00+05:30,2405.3,2405.3,2402.5,2404.6,4030
2025-07-17T12:58:00+05:30,2404.8,2404.8,2402.3,2403.8,2943
2025-07-17T12:59:00+05:30,2403.8,2403.9,2401.6,2403.1,3197
2025-07-17T13:00:00+05:30,2403.1,2403.1,2400.0,2401.8,3025
2025-07-17T13:01:00+05:30,2401.7,2401.9,2400.1,2401.4,2736
2025-07-17T13:02:00+05:30,2401.9,2402.0,2400.0,2401.4,2900
2025-07-17T13:03:00+05:30,2401.4,2401.9,2399.0,2399.0,5233
2025-07-17T13:04:00+05:30,2399.8,2399.9,2397.8,2398.9,3963
2025-07-17T13:05:00+05:30,2398.9,2398.9,2396.7,2398.2,3049
2025-07-17T13:06:00+05:30,2398.0,2398.2,2395.6,2396.5,2856
2025-07-17T13:07:00+05:30,2396.5,2397.2,2395.1,2395.7,3605
2025-07-17T13:08:00+05:30,2395.7,2396.4,2395.0,2395.3,2916
2025-07-17T13:09:00+05:30,2395.3,2395.7,2394.0,2394.1,2999
2025-07-17T13:10:00+05:30,2394.8,2400.4,2394.8,2399.9,3439
2025-07-17T13:11:00+05:30,2400.5,2401.8,2400.0,2401.8,981
2025-07-17T13:12:00+05:30,2401.8,2402.6,2401.4,2402.4,465
2025-07-17T13:13:00+05:30,2402.4,2402.8,2400.2,2401.6,659
2025-07-17T13:14:00+05:30,2401.8,2402.5,2401.5,2402.4,565
2025-07-17T13:15:00+05:30,2402.1,2402.4,2400.3,2402.2,1159
2025-07-17T13:16:00+05:30,2402.1,2403.0,2400.6,2400.6,852
2025-07-17T13:17:00+05:30,2401.4,2401.5,2400.0,2400.0,265
2025-07-17T13:18:00+05:30,2400.0,2400.8,2400.0,2400.8,163
2025-07-17T13:19:00+05:30,2400.8,2401.0,2400.6,2401.0,403
2025-07-17T13:20:00+05:30,2400.9,2401.0,2399.2,2400.0,840
2025-07-17T13:21:00+05:30,2400.4,2401.0,2400.1,2400.8,331
2025-07-17T13:22:00+05:30,2401.0,2401.2,2400.2,2401.2,386
2025-07-17T13:23:00+05:30,2401.2,2402.1,2400.2,2400.8,529
2025-07-17T13:24:00+05:30,2401.1,2402.3,2400.4,2401.2,682
2025-07-17T13:25:00+05:30,2401.1,2402.0,2400.1,2400.1,825
2025-07-17T13:26:00+05:30,2400.2,2401.1,2400.2,2400.6,341
2025-07-17T13:27:00+05:30,2401.1,2401.7,2400.6,2400.8,683
2025-07-17T13:28:00+05:30,2401.3,2402.2,2401.0,2401.9,531
2025-07-17T13:29:00+05:30,2401.9,2401.9,2400.6,2401.1,858
2025-07-17T13:30:00+05:30,2401.1,2401.1,2400.1,2401.1,566
2025-07-17T13:31:00+05:30,2401.1,2402.4,2401.1,2402.4,504
2025-07-17T13:32:00+05:30,2402.4,2402.8,2401.5,2401.7,532
2025-07-17T13:33:00+05:30,2401.7,2402.0,2401.4,2401.9,186
2025-07-17T13:34:00+05:30,2401.9,2402.4,2401.7,2402.0,256
2025-07-17T13:35:00+05:30,2402.4,2402.6,2401.2,2401.4,488
2025-07-17T13:36:00+05:30,2401.4,2402.3,2401.1,2402.3,409
2025-07-17T13:37:00+05:30,2402.4,2402.5,2402.1,2402.4,163
2025-07-17T13:38:00+05:30,2402.4,2403.0,2402.4,2403.0,307
2025-07-17T13:39:00+05:30,2403.0,2403.3,2402.7,2403.3,311
2025-07-17T13:40:00+05:30,2403.3,2403.6,2402.7,2403.6,351
2025-07-17T13:41:00+05:30,2403.6,2404.2,2401.9,2402.4,659
2025-07-17T13:42:00+05:30,2402.4,2402.4,2401.0,2402.3,533
2025-07-17T13:43:00+05:30,2402.3,2402.3,2401.6,2402.1,708
2025-07-17T13:44:00+05:30,2402.0,2402.0,2401.6,2401.7,188
2025-07-17T13:45:00+05:30,2401.7,2403.0,2401.4,2401.5,792
2025-07-17T13:46:00+05:30,2401.4,2401.9,2401.2,2401.5,346
2025-07-17T13:47:00+05:30,2401.4,2402.1,2401.0,2401.9,195
2025-07-17T13:48:00+05:30,2401.5,2401.9,2401.3,2401.9,272
2025-07-17T13:49:00+05:30,2401.9,2402.0,2401.7,2401.8,377
2025-07-17T13:50:00+05:30,2401.8,2401.8,2401.4,2401.7,385
2025-07-17T13:51:00+05:30,2401.7,2402.0,2401.4,2402.0,277
2025-07-17T13:52:00+05:30,2402.0,2404.8,2402.0,2404.8,1764
2025-07-17T13:53:00+05:30,2404.8,2405.7,2404.1,2405.2,3275
2025-07-17T13:54:00+05:30,2405.0,2405.0,2402.8,2403.5,534
2025-07-17T13:55:00+05:30,2403.5,2403.6,2403.0,2403.1,449
2025-07-17T13:56:00+05:30,2403.3,2403.4,2403.1,2403.4,239
2025-07-17T13:57:00+05:30,2403.4,2405.7,2403.3,2404.3,1148
2025-07-17T13:58:00+05:30,2404.4,2404.8,2403.7,2404.3,272
2025-07-17T13:59:00+05:30,2404.3,2404.8,2403.9,2404.8,258
2025-07-17T14:00:00+05:30,2404.8,2405.6,2404.8,2405.5,469
2025-07-17T14:01:00+05:30,2405.5,2405.8,2404.1,2404.7,967
2025-07-17T14:02:00+05:30,2404.7,2405.0,2404.6,2405.0,280
2025-07-17T14:03:00+05:30,2405.0,2405.0,2404.8,2405.0,191
2025-07-17T14:04:00+05:30,2405.0,2405.0,2404.8,2404.9,548
2025-07-17T14:05:00+05:30,2404.9,2405.9,2404.8,2405.9,822
2025-07-17T14:06:00+05:30,2405.9,2406.0,2405.0,2405.5,824
2025-07-17T14:07:00+05:30,2405.4,2405.4,2404.9,2405.4,155
2025-07-17T14:08:00+05:30,2405.4,2405.4,2403.3,2404.4,518
2025-07-17T14:09:00+05:30,2404.4,2405.2,2404.3,2404.8,202
2025-07-17T14:10:00+05:30,2404.8,2404.8,2403.6,2404.8,394
2025-07-17T14:11:00+05:30,2404.8,2404.8,2402.0,2402.2,1286
2025-07-17T14:12:00+05:30,2402.2,2402.2,2401.8,2402.2,138
2025-07-17T14:13:00+05:30,2402.1,2403.5,2402.1,2403.0,484
2025-07-17T14:14:00+05:30,2403.0,2403.2,2402.7,2403.2,247
2025-07-17T14:15:00+05:30,2403.2,2403.5,2403.0,2403.5,160
2025-07-17T14:16:00+05:30,2403.5,2403.5,2402.3,2402.8,881
2025-07-17T14:17:00+05:30,2402.8,2402.8,2400.5,2402.0,788
2025-07-17T14:18:00+05:30,2402.0,2402.0,2401.0,2401.5,98
2025-07-17T14:19:00+05:30,2401.5,2401.5,2401.0,2401.4,263
2025-07-17T14:20:00+05:30,2401.4,2401.4,2401.1,2401.2,307
2025-07-17T14:21:00+05:30,2401.2,2401.4,2400.4,2401.2,510
2025-07-17T14:22:00+05:30,2401.2,2402.0,2401.1,2402.0,671
2025-07-17T14:23:00+05:30,2402.0,2402.8,2401.8,2402.8,554
2025-07-17T14:24:00+05:30,2403.0,2403.5,2403.0,2403.5,111
2025-07-17T14:25:00+05:30,2403.5,2403.9,2401.6,2402.7,514
2025-07-17T14:26:00+05:30,2402.7,2402.9,2401.9,2402.7,396
2025-07-17T14:27:00+05:30,2402.7,2403.2,2402.0,2403.1,401
2025-07-17T14:28:00+05:30,2403.1,2403.1,2402.0,2402.0,231
2025-07-17T14:29:00+05:30,2401.8,2401.8,2400.1,2400.2,612
2025-07-17T14:30:00+05:30,2400.2,2400.5,2399.0,2400.5,2656
2025-07-17T14:31:00+05:30,2400.5,2401.5,2400.2,2400.4,376
2025-07-17T14:32:00+05:30,2400.6,2401.1,2399.8,2400.7,1090
2025-07-17T14:33:00+05:30,2400.7,2404.1,2400.2,2402.0,3884
2025-07-17T14:34:00+05:30,2402.0,2402.0,2400.8,2401.5,443
2025-07-17T14:35:00+05:30,2401.5,2402.2,2401.2,2402.2,1046
2025-07-17T14:36:00+05:30,2402.2,2404.1,2402.2,2403.7,659
2025-07-17T14:37:00+05:30,2403.7,2404.0,2403.3,2403.8,459
2025-07-17T14:38:00+05:30,2403.8,2403.9,2403.2,2403.8,309
2025-07-17T14:39:00+05:30,2403.8,2404.0,2403.8,2404.0,139
2025-07-17T14:40:00+05:30,2404.0,2404.4,2402.7,2403.6,758
2025-07-17T14:41:00+05:30,2403.6,2403.6,2403.3,2403.6,299
2025-07-17T14:42:00+05:30,2403.4,2404.1,2403.2,2403.4,604
2025-07-17T14:43:00+05:30,2403.4,2403.5,2401.7,2403.2,821
2025-07-17T14:44:00+05:30,2402.8,2403.2,2402.6,2402.9,390
2025-07-17T14:45:00+05:30,2402.9,2403.3,2402.9,2402.9,443
2025-07-17T14:46:00+05:30,2402.9,2403.4,2402.9,2403.2,542
2025-07-17T14:47:00+05:30,2403.2,2403.3,2402.2,2402.5,563
2025-07-17T14:48:00+05:30,2402.5,2402.7,2400.0,2400.4,1085
2025-07-17T14:49:00+05:30,2400.2,2401.1,2400.0,2400.7,508
2025-07-17T14:50:00+05:30,2400.6,2400.7,2400.1,2400.5,547
2025-07-17T14:51:00+05:30,2400.1,2400.5,2398.5,2399.4,632
2025-07-17T14:52:00+05:30,2399.4,2399.4,2398.5,2398.9,325
2025-07-17T14:53:00+05:30,2398.5,2400.0,2398.4,2398.7,2060
2025-07-17T14:54:00+05:30,2398.6,2398.7,2398.1,2398.7,1064
2025-07-17T14:55:00+05:30,2398.4,2399.2,2398.3,2398.8,716
2025-07-17T14:56:00+05:30,2399.2,2399.3,2398.8,2399.0,346
2025-07-17T14:57:00+05:30,2399.2,2400.6,2399.0,2400.6,741
2025-07-17T14:58:00+05:30,2400.7,2400.7,2399.6,2399.7,813
2025-07-17T14:59:00+05:30,2399.3,2399.4,2397.6,2397.6,1178
2025-07-17T15:00:00+05:30,2397.9,2399.1,2397.8,2398.6,2506
2025-07-17T15:01:00+05:30,2398.7,2399.1,2397.5,2398.2,4591
2025-07-17T15:02:00+05:30,2398.1,2398.4,2397.5,2398.2,2587
2025-07-17T15:03:00+05:30,2398.2,2398.3,2397.2,2397.6,2801
2025-07-17T15:04:00+05:30,2397.6,2397.9,2395.4,2395.9,4073
2025-07-17T15:05:00+05:30,2395.4,2396.6,2395.4,2396.5,3924
2025-07-17T15:06:00+05:30,2396.6,2398.0,2396.5,2397.7,3853
2025-07-17T15:07:00+05:30,2397.6,2397.9,2397.5,2397.5,2208
2025-07-17T15:08:00+05:30,2397.6,2397.7,2395.9,2396.1,2461
2025-07-17T15:09:00+05:30,2395.9,2397.6,2395.9,2396.8,4328
2025-07-17T15:10:00+05:30,2396.9,2397.5,2396.8,2397.3,3494
2025-07-17T15:11:00+05:30,2397.3,2397.9,2397.0,2397.8,2155
2025-07-17T15:12:00+05:30,2397.8,2397.9,2396.7,2397.1,3411
2025-07-17T15:13:00+05:30,2396.8,2398.1,2396.5,2398.1,3487
2025-07-17T15:14:00+05:30,2398.1,2400.4,2397.5,2399.2,5168
2025-07-17T15:15:00+05:30,2398.3,2399.3,2398.2,2399.2,3806
2025-07-17T15:16:00+05:30,2399.1,2399.2,2396.7,2398.9,5823
2025-07-17T15:17:00+05:30,2398.9,2399.1,2397.0,2398.5,4697
2025-07-17T15:18:00+05:30,2398.6,2398.6,2396.0,2397.2,5180
2025-07-17T15:19:00+05:30,2397.2,2398.5,2397.1,2398.5,4875
2025-07-17T15:20:00+05:30,2397.6,2399.4,2397.6,2399.4,6939
2025-07-17T15:21:00+05:30,2399.4,2401.2,2398.9,2400.4,6209
2025-07-17T15:22:00+05:30,2400.6,2402.3,2400.4,2402.0,5871
2025-07-17T15:23:00+05:30,2402.0,2402.5,2401.6,2401.9,6233
2025-07-17T15:24:00+05:30,2401.9,2402.1,2401.6,2402.1,5911
2025-07-17T15:25:00+05:30,2401.9,2402.3,2399.6,2400.9,5659
2025-07-17T15:26:00+05:30,2400.7,2401.7,2397.1,2399.9,7458
2025-07-17T15:27:00+05:30,2399.9,2400.3,2397.7,2400.0,6855
2025-07-17T15:28:00+05:30,2400.0,2401.8,2398.0,2398.0,10216
2025-07-17T15:29:00+05:30,2398.3,2400.0,2397.0,2398.3,1268
2025-07-16T09:15:00+05:30,2380.6,2393.4,2380.6,2383.7,9780
2025-07-16T09:16:00+05:30,2383.7,2391.0,2383.6,2389.0,6581
2025-07-16T09:17:00+05:30,2389.4,2390.6,2385.0,2385.0,3507
2025-07-16T09:18:00+05:30,2385.3,2389.1,2384.1,2387.1,3051
2025-07-16T09:19:00+05:30,2387.1,2387.6,2385.0,2385.3,1728
2025-07-16T09:20:00+05:30,2385.5,2389.4,2385.3,2388.0,3168
2025-07-16T09:21:00+05:30,2388.0,2389.6,2387.5,2389.1,1286
2025-07-16T09:22:00+05:30,2389.3,2389.5,2387.2,2388.2,1548
2025-07-16T09:23:00+05:30,2389.2,2389.2,2386.4,2387.7,3016
2025-07-16T09:24:00+05:30,2388.0,2388.5,2386.6,2388.2,664
2025-07-16T09:25:00+05:30,2388.2,2389.0,2386.4,2386.4,1697
2025-07-16T09:26:00+05:30,2387.0,2388.4,2385.4,2387.6,1391
2025-07-16T09:27:00+05:30,2387.6,2387.6,2385.3,2385.9,849
2025-07-16T09:28:00+05:30,2385.9,2386.3,2384.4,2385.7,2669
2025-07-16T09:29:00+05:30,2385.9,2387.5,2385.8,2386.9,1421
2025-07-16T09:30:00+05:30,2386.6,2387.4,2385.6,2386.6,1437
2025-07-16T09:31:00+05:30,2386.1,2387.6,2385.3,2386.8,641
2025-07-16T09:32:00+05:30,2386.2,2387.4,2385.5,2387.4,902
2025-07-16T09:33:00+05:30,2387.0,2387.0,2385.5,2386.4,947
2025-07-16T09:34:00+05:30,2386.4,2386.9,2385.3,2386.4,402
2025-07-16T09:35:00+05:30,2386.6,2386.7,2385.5,2385.9,661
2025-07-16T09:36:00+05:30,2385.9,2386.0,2385.2,2385.7,464
2025-07-16T09:37:00+05:30,2385.7,2385.7,2382.7,2383.8,3180
2025-07-16T09:38:00+05:30,2383.7,2383.8,2380.3,2381.0,3660
2025-07-16T09:39:00+05:30,2381.0,2383.2,2380.7,2382.0,2735
2025-07-16T09:40:00+05:30,2382.1,2382.5,2380.0,2380.8,3860
2025-07-16T09:41:00+05:30,2380.9,2380.9,2379.0,2380.9,3155
2025-07-16T09:42:00+05:30,2380.9,2382.5,2379.9,2380.7,2563
2025-07-16T09:43:00+05:30,2380.7,2383.9,2380.4,2383.7,2369
2025-07-16T09:44:00+05:30,2383.9,2383.9,2381.8,2382.5,833
2025-07-16T09:45:00+05:30,2382.8,2383.0,2382.0,2383.0,721
2025-07-16T09:46:00+05:30,2383.0,2385.0,2382.5,2384.4,810
2025-07-16T09:47:00+05:30,2384.2,2384.2,2381.7,2382.6,1540
2025-07-16T09:48:00+05:30,2382.6,2382.7,2381.1,2381.1,626
2025-07-16T09:49:00+05:30,2381.5,2381.9,2381.0,2381.2,997
2025-07-16T09:50:00+05:30,2381.1,2382.5,2378.0,2378.8,12164
2025-07-16T09:51:00+05:30,2378.7,2378.8,2377.0,2377.3,1728
2025-07-16T09:52:00+05:30,2377.5,2378.0,2375.9,2376.2,1309
2025-07-16T09:53:00+05:30,2376.2,2376.5,2375.3,2375.5,1296
2025-07-16T09:54:00+05:30,2376.0,2376.0,2373.9,2373.9,5545
2025-07-16T09:55:00+05:30,2374.0,2376.0,2372.6,2374.0,3324
2025-07-16T09:56:00+05:30,2374.0,2375.3,2372.7,2375.3,3221
2025-07-16T09:57:00+05:30,2375.3,2375.4,2373.6,2373.6,1931
2025-07-16T09:58:00+05:30,2374.6,2374.8,2372.5,2373.2,2991
2025-07-16T09:59:00+05:30,2373.1,2374.0,2372.2,2373.4,2624
2025-07-16T10:00:00+05:30,2373.2,2374.0,2372.0,2374.0,3280
2025-07-16T10:01:00+05:30,2373.8,2375.0,2373.1,2374.9,1615
2025-07-16T10:02:00+05:30,2374.9,2376.3,2374.6,2376.0,4870
2025-07-16T10:03:00+05:30,2376.2,2377.4,2375.6,2377.4,2390
2025-07-16T10:04:00+05:30,2377.3,2377.3,2376.0,2376.9,762
2025-07-16T10:05:00+05:30,2376.9,2377.2,2375.6,2376.9,1536
2025-07-16T10:06:00+05:30,2377.1,2377.2,2375.8,2376.0,879
2025-07-16T10:07:00+05:30,2376.0,2376.2,2373.6,2373.6,1331
2025-07-16T10:08:00+05:30,2374.6,2374.9,2373.3,2373.7,621
2025-07-16T10:09:00+05:30,2373.7,2374.8,2373.5,2374.7,670
2025-07-16T10:10:00+05:30,2374.8,2374.8,2374.0,2374.6,313
2025-07-16T10:11:00+05:30,2374.6,2375.8,2374.1,2375.5,1229
2025-07-16T10:12:00+05:30,2375.5,2376.0,2374.2,2375.0,661
2025-07-16T10:13:00+05:30,2375.2,2375.8,2375.0,2375.4,340
2025-07-16T10:14:00+05:30,2375.7,2376.2,2373.0,2373.6,2310
2025-07-16T10:15:00+05:30,2373.8,2374.3,2371.0,2372.7,7256
2025-07-16T10:16:00+05:30,2372.7,2372.7,2371.1,2372.1,1741
2025-07-16T10:17:00+05:30,2372.1,2372.5,2371.5,2372.3,847
2025-07-16T10:18:00+05:30,2372.3,2372.5,2371.6,2372.0,2731
2025-07-16T10:19:00+05:30,2372.0,2372.5,2371.1,2371.1,1801
2025-07-16T10:20:00+05:30,2371.9,2374.6,2371.1,2373.9,5334
2025-07-16T10:21:00+05:30,2373.9,2375.0,2373.1,2373.4,2536
2025-07-16T10:22:00+05:30,2373.6,2375.5,2373.6,2374.5,3336
2025-07-16T10:23:00+05:30,2374.5,2374.8,2372.7,2372.7,1098
2025-07-16T10:24:00+05:30,2372.9,2372.9,2372.0,2372.7,1006
2025-07-16T10:25:00+05:30,2372.8,2374.1,2372.8,2373.8,610
2025-07-16T10:26:00+05:30,2374.2,2374.2,2373.0,2373.0,951
2025-07-16T10:27:00+05:30,2374.1,2374.1,2373.0,2373.9,492
2025-07-16T10:28:00+05:30,2373.8,2374.6,2373.3,2373.9,2624
2025-07-16T10:29:00+05:30,2373.6,2374.0,2373.0,2374.0,483
2025-07-16T10:30:00+05:30,2374.0,2374.0,2373.6,2374.0,302
2025-07-16T10:31:00+05:30,2374.0,2374.0,2373.6,2373.9,419
2025-07-16T10:32:00+05:30,2373.8,2375.0,2373.6,2374.1,2827
2025-07-16T10:33:00+05:30,2374.1,2374.5,2373.0,2373.6,678
2025-07-16T10:34:00+05:30,2373.5,2373.8,2373.0,2373.8,200
2025-07-16T10:35:00+05:30,2373.7,2374.0,2373.6,2374.0,221
2025-07-16T10:36:00+05:30,2373.8,2374.0,2373.7,2374.0,318
2025-07-16T10:37:00+05:30,2374.0,2374.0,2373.7,2374.0,327
2025-07-16T10:38:00+05:30,2374.0,2374.0,2373.2,2373.2,679
2025-07-16T10:39:00+05:30,2373.5,2373.8,2373.4,2373.5,345
2025-07-16T10:40:00+05:30,2373.5,2373.8,2373.0,2373.6,956
2025-07-16T10:41:00+05:30,2373.8,2373.8,2373.5,2373.8,351
2025-07-16T10:42:00+05:30,2373.8,2373.8,2373.7,2373.8,2250
2025-07-16T10:43:00+05:30,2373.8,2373.8,2373.7,2373.8,647
2025-07-16T10:44:00+05:30,2373.7,2373.8,2373.3,2373.5,142
2025-07-16T10:45:00+05:30,2373.5,2373.8,2373.1,2373.8,618
2025-07-16T10:46:00+05:30,2373.0,2373.0,2371.3,2372.0,1435
2025-07-16T10:47:00+05:30,2372.0,2372.0,2371.6,2371.7,1153
2025-07-16T10:48:00+05:30,2371.6,2371.8,2371.2,2371.5,1223
2025-07-16T10:49:00+05:30,2371.5,2371.6,2371.1,2371.1,3157
2025-07-16T10:50:00+05:30,2371.3,2372.5,2371.1,2371.9,6180
2025-07-16T10:51:00+05:30,2371.9,2373.0,2371.1,2372.7,1073
2025-07-16T10:52:00+05:30,2373.0,2373.9,2372.6,2373.9,341
2025-07-16T10:53:00+05:30,2373.9,2378.8,2373.9,2378.5,9856
2025-07-16T10:54:00+05:30,2378.6,2378.6,2377.8,2377.9,1136
2025-07-16T10:55:00+05:30,2378.5,2378.5,2377.2,2377.9,209
2025-07-16T10:56:00+05:30,2377.9,2378.5,2377.7,2378.2,1619
2025-07-16T10:57:00+05:30,2378.3,2378.8,2376.1,2377.3,1280
2025-07-16T10:58:00+05:30,2377.3,2377.8,2376.4,2377.3,393
2025-07-16T10:59:00+05:30,2377.6,2378.6,2376.9,2378.4,1965
2025-07-16T11:00:00+05:30,2378.3,2378.7,2377.4,2378.1,1002
2025-07-16T11:01:00+05:30,2378.1,2380.0,2378.1,2379.7,2444
2025-07-16T11:02:00+05:30,2379.6,2380.0,2378.1,2379.0,2382
2025-07-16T11:03:00+05:30,2379.0,2380.0,2379.0,2380.0,422
2025-07-16T11:04:00+05:30,2380.0,2380.0,2379.1,2379.9,1372
2025-07-16T11:05:00+05:30,2380.0,2380.0,2378.1,2379.2,686
2025-07-16T11:06:00+05:30,2378.6,2378.8,2377.6,2377.6,405
2025-07-16T11:07:00+05:30,2377.7,2378.0,2376.1,2377.9,748
2025-07-16T11:08:00+05:30,2378.0,2378.0,2377.6,2377.6,68
2025-07-16T11:09:00+05:30,2377.9,2377.9,2377.8,2377.9,209
2025-07-16T11:10:00+05:30,2377.9,2378.0,2376.9,2377.5,1689
2025-07-16T11:11:00+05:30,2377.6,2379.0,2376.6,2378.7,1222
2025-07-16T11:12:00+05:30,2378.8,2378.9,2377.7,2378.8,336
2025-07-16T11:13:00+05:30,2378.7,2378.8,2377.8,2378.8,469
2025-07-16T11:14:00+05:30,2378.6,2379.8,2378.3,2379.7,1587
2025-07-16T11:15:00+05:30,2379.7,2380.0,2379.0,2379.5,1416
2025-07-16T11:16:00+05:30,2379.7,2379.7,2377.4,2377.9,975
2025-07-16T11:17:00+05:30,2377.5,2379.1,2376.5,2376.5,1112
2025-07-16T11:18:00+05:30,2377.6,2377.6,2376.0,2377.0,354
2025-07-16T11:19:00+05:30,2377.0,2377.5,2375.1,2377.5,1126
2025-07-16T11:20:00+05:30,2377.5,2378.1,2376.6,2378.1,129
2025-07-16T11:21:00+05:30,2377.2,2378.5,2377.1,2377.5,297
2025-07-16T11:22:00+05:30,2377.9,2378.3,2377.5,2378.2,197
2025-07-16T11:23:00+05:30,2378.2,2382.8,2378.0,2382.7,6284
2025-07-16T11:24:00+05:30,2382.7,2385.0,2381.6,2384.7,3895
2025-07-16T11:25:00+05:30,2384.7,2385.7,2384.2,2385.5,1860
2025-07-16T11:26:00+05:30,2385.4,2386.3,2383.6,2384.5,7876
2025-07-16T11:27:00+05:30,2383.6,2387.0,2383.6,2386.2,2239
2025-07-16T11:28:00+05:30,2386.2,2388.0,2385.7,2387.7,3709
2025-07-16T11:29:00+05:30,2387.3,2387.5,2387.0,2387.1,479
2025-07-16T11:30:00+05:30,2387.1,2390.0,2387.0,2389.3,2149
2025-07-16T11:31:00+05:30,2389.6,2390.0,2387.6,2389.5,2625
2025-07-16T11:32:00+05:30,2389.1,2394.7,2388.7,2394.7,7823
2025-07-16T11:33:00+05:30,2394.8,2396.7,2393.4,2394.3,9351
2025-07-16T11:34:00+05:30,2394.7,2395.8,2393.3,2394.8,1944
2025-07-16T11:35:00+05:30,2394.8,2395.7,2394.5,2394.8,2399
2025-07-16T11:36:00+05:30,2394.6,2397.7,2389.6,2397.0,15334
2025-07-16T11:37:00+05:30,2397.0,2398.0,2395.9,2397.0,3026
2025-07-16T11:38:00+05:30,2397.0,2398.4,2395.6,2396.9,6061
2025-07-16T11:39:00+05:30,2397.8,2398.0,2397.1,2398.0,727
2025-07-16T11:40:00+05:30,2398.0,2404.8,2397.7,2402.0,12083
2025-07-16T11:41:00+05:30,2402.0,2402.3,2400.1,2401.5,1688
2025-07-16T11:42:00+05:30,2400.7,2401.4,2400.5,2400.8,1740
2025-07-16T11:43:00+05:30,2400.8,2404.7,2400.8,2403.5,5441
2025-07-16T11:44:00+05:30,2403.5,2404.1,2401.8,2402.0,2318
2025-07-16T11:45:00+05:30,2401.8,2405.0,2401.8,2403.8,5107
2025-07-16T11:46:00+05:30,2403.9,2407.0,2402.4,2407.0,3473
2025-07-16T11:47:00+05:30,2407.0,2407.0,2402.1,2403.3,6202
2025-07-16T11:48:00+05:30,2402.7,2407.0,2402.7,2405.4,7966
2025-07-16T11:49:00+05:30,2405.2,2405.2,2403.0,2404.2,2856
2025-07-16T11:50:00+05:30,2404.2,2406.0,2403.9,2405.6,3675
2025-07-16T11:51:00+05:30,2405.8,2407.9,2405.0,2406.5,8692
2025-07-16T11:52:00+05:30,2406.5,2407.8,2405.5,2406.5,8110
2025-07-16T11:53:00+05:30,2406.5,2410.0,2405.5,2409.8,7594
2025-07-16T11:54:00+05:30,2409.5,2414.1,2408.0,2412.9,42781
2025-07-16T11:55:00+05:30,2413.0,2415.0,2411.4,2412.2,21136
2025-07-16T11:56:00+05:30,2412.3,2412.4,2410.0,2410.0,8179
2025-07-16T11:57:00+05:30,2410.0,2410.6,2409.1,2409.8,2330
2025-07-16T11:58:00+05:30,2409.9,2412.4,2409.3,2411.5,2306
2025-07-16T11:59:00+05:30,2411.5,2414.0,2410.0,2413.0,10830
2025-07-16T12:00:00+05:30,2413.4,2414.3,2411.4,2413.8,23229
2025-07-16T12:01:00+05:30,2414.1,2414.7,2412.6,2413.0,6167
2025-07-16T12:02:00+05:30,2413.1,2413.2,2411.1,2411.7,1863
2025-07-16T12:03:00+05:30,2411.7,2414.0,2411.0,2413.5,6978
2025-07-16T12:04:00+05:30,2413.5,2416.4,2412.5,2414.6,18948
2025-07-16T12:05:00+05:30,2414.6,2415.4,2413.0,2413.9,2443
2025-07-16T12:06:00+05:30,2414.8,2414.9,2413.8,2413.9,1789
2025-07-16T12:07:00+05:30,2414.0,2414.3,2413.8,2414.0,1022
2025-07-16T12:08:00+05:30,2414.0,2420.9,2414.0,2419.8,13101
2025-07-16T12:09:00+05:30,2420.3,2421.8,2419.2,2421.6,6615
2025-07-16T12:10:00+05:30,2421.2,2421.2,2417.5,2420.2,4473
2025-07-16T12:11:00+05:30,2420.6,2422.4,2418.7,2422.0,20105
2025-07-16T12:12:00+05:30,2421.9,2422.2,2415.3,2417.7,21070
2025-07-16T12:13:00+05:30,2417.7,2421.0,2417.6,2418.9,11184
2025-07-16T12:14:00+05:30,2418.9,2418.9,2418.4,2418.6,1493
2025-07-16T12:15:00+05:30,2418.4,2420.9,2418.1,2420.9,3292
2025-07-16T12:16:00+05:30,2420.9,2421.0,2418.8,2419.6,5495
2025-07-16T12:17:00+05:30,2418.6,2419.6,2417.7,2419.2,1748
2025-07-16T12:18:00+05:30,2419.3,2422.0,2418.9,2421.2,12546
2025-07-16T12:19:00+05:30,2421.1,2422.0,2420.0,2421.6,14502
2025-07-16T12:20:00+05:30,2421.8,2422.0,2420.0,2420.0,3134
2025-07-16T12:21:00+05:30,2420.0,2420.0,2417.6,2418.2,1643
2025-07-16T12:22:00+05:30,2417.7,2419.3,2417.0,2419.1,2272
2025-07-16T12:23:00+05:30,2419.0,2419.0,2416.3,2417.5,3368
2025-07-16T12:24:00+05:30,2417.2,2418.5,2416.3,2417.0,1984
2025-07-16T12:25:00+05:30,2417.0,2417.8,2415.1,2415.1,8776
2025-07-16T12:26:00+05:30,2415.8,2417.0,2415.0,2416.0,3377
2025-07-16T12:27:00+05:30,2416.1,2417.0,2415.0,2417.0,3390
2025-07-16T12:28:00+05:30,2417.2,2418.0,2416.5,2417.1,1438
2025-07-16T12:29:00+05:30,2417.1,2418.3,2417.0,2417.3,335
2025-07-16T12:30:00+05:30,2417.3,2418.5,2417.0,2417.0,956
2025-07-16T12:31:00+05:30,2417.4,2418.5,2416.7,2417.1,1689
2025-07-16T12:32:00+05:30,2417.1,2420.4,2417.0,2420.0,14762
2025-07-16T12:33:00+05:30,2420.0,2422.0,2420.0,2421.4,1676
2025-07-16T12:34:00+05:30,2421.4,2422.0,2420.7,2420.8,1210
2025-07-16T12:35:00+05:30,2420.8,2421.3,2420.0,2420.0,1178
2025-07-16T12:36:00+05:30,2420.0,2421.3,2420.0,2420.5,188
2025-07-16T12:37:00+05:30,2420.2,2420.2,2418.0,2418.0,731
2025-07-16T12:38:00+05:30,2418.4,2418.4,2418.0,2418.0,455
2025-07-16T12:39:00+05:30,2418.0,2418.2,2411.2,2414.3,20294
2025-07-16T12:40:00+05:30,2413.8,2414.3,2412.7,2413.5,2651
2025-07-16T12:41:00+05:30,2413.5,2414.8,2412.9,2414.1,1249
2025-07-16T12:42:00+05:30,2414.1,2416.0,2414.1,2415.1,194
2025-07-16T12:43:00+05:30,2416.0,2416.0,2414.8,2415.5,418
2025-07-16T12:44:00+05:30,2415.6,2416.0,2414.8,2416.0,1217
2025-07-16T12:45:00+05:30,2416.0,2416.0,2414.3,2414.4,303
2025-07-16T12:46:00+05:30,2414.9,2416.7,2414.4,2416.6,1032
2025-07-16T12:47:00+05:30,2416.7,2419.9,2416.5,2419.3,3381
2025-07-16T12:48:00+05:30,2419.4,2419.5,2412.0,2412.0,2715
2025-07-16T12:49:00+05:30,2412.0,2412.8,2410.0,2412.6,2397
2025-07-16T12:50:00+05:30,2412.2,2412.6,2410.1,2410.8,1952
2025-07-16T12:51:00+05:30,2411.0,2411.3,2410.0,2410.1,3766
2025-07-16T12:52:00+05:30,2410.1,2411.3,2410.0,2410.0,1500
2025-07-16T12:53:00+05:30,2410.2,2411.3,2410.0,2410.5,2168
2025-07-16T12:54:00+05:30,2410.5,2411.2,2410.0,2410.0,2573
2025-07-16T12:55:00+05:30,2410.1,2411.2,2410.0,2410.0,1321
2025-07-16T12:56:00+05:30,2410.5,2411.4,2410.0,2411.4,1139
2025-07-16T12:57:00+05:30,2411.4,2412.0,2410.4,2411.9,458
2025-07-16T12:58:00+05:30,2411.9,2412.0,2410.9,2411.8,374
2025-07-16T12:59:00+05:30,2410.9,2411.7,2410.8,2410.9,180
2025-07-16T13:00:00+05:30,2411.5,2412.0,2410.8,2411.8,360
2025-07-16T13:01:00+05:30,2411.7,2411.8,2410.8,2411.7,615
2025-07-16T13:02:00+05:30,2411.7,2411.9,2411.2,2411.9,276
2025-07-16T13:03:00+05:30,2411.2,2411.9,2410.8,2411.5,478
2025-07-16T13:04:00+05:30,2411.9,2411.9,2411.1,2411.6,538
2025-07-16T13:05:00+05:30,2411.6,2412.0,2411.5,2411.9,109
2025-07-16T13:06:00+05:30,2411.9,2412.7,2411.5,2411.5,2604
2025-07-16T13:07:00+05:30,2411.5,2411.7,2411.1,2411.4,280
2025-07-16T13:08:00+05:30,2411.4,2411.4,2410.5,2410.5,1862
2025-07-16T13:09:00+05:30,2410.5,2412.0,2410.0,2412.0,19646
2025-07-16T13:10:00+05:30,2411.5,2412.0,2411.5,2412.0,476
2025-07-16T13:11:00+05:30,2412.0,2413.5,2411.5,2413.4,315
2025-07-16T13:12:00+05:30,2413.4,2413.4,2413.0,2413.0,222
2025-07-16T13:13:00+05:30,2413.0,2413.0,2411.0,2411.7,892
2025-07-16T13:14:00+05:30,2411.7,2411.8,2411.0,2411.7,437
2025-07-16T13:15:00+05:30,2411.7,2411.8,2411.0,2411.8,107
2025-07-16T13:16:00+05:30,2411.8,2412.2,2411.0,2411.0,377
2025-07-16T13:17:00+05:30,2411.0,2412.0,2411.0,2411.0,66
2025-07-16T13:18:00+05:30,2412.0,2412.0,2411.0,2411.8,381
2025-07-16T13:19:00+05:30,2411.8,2411.9,2411.0,2411.1,213
2025-07-16T13:20:00+05:30,2411.9,2412.1,2411.1,2412.1,358
2025-07-16T13:21:00+05:30,2411.3,2412.1,2406.4,2407.2,8628
2025-07-16T13:22:00+05:30,2407.2,2410.0,2406.4,2410.0,5934
2025-07-16T13:23:00+05:30,2410.0,2411.3,2409.6,2410.6,1397
2025-07-16T13:24:00+05:30,2410.6,2410.6,2409.7,2410.6,107
2025-07-16T13:25:00+05:30,2410.5,2410.6,2409.4,2409.5,288
2025-07-16T13:26:00+05:30,2409.5,2409.9,2408.2,2409.1,876
2025-07-16T13:27:00+05:30,2408.5,2409.0,2407.9,2408.5,637
2025-07-16T13:28:00+05:30,2408.0,2408.1,2407.4,2407.9,249
2025-07-16T13:29:00+05:30,2407.9,2408.0,2407.0,2407.0,678
2025-07-16T13:30:00+05:30,2407.9,2408.0,2407.0,2407.2,1142
2025-07-16T13:31:00+05:30,2407.2,2407.8,2407.2,2407.8,295
2025-07-16T13:32:00+05:30,2407.6,2407.7,2407.0,2407.2,437
2025-07-16T13:33:00+05:30,2407.0,2407.5,2407.0,2407.5,235
2025-07-16T13:34:00+05:30,2407.4,2407.5,2407.0,2407.1,285
2025-07-16T13:35:00+05:30,2407.1,2407.5,2407.0,2407.2,623
2025-07-16T13:36:00+05:30,2407.2,2407.8,2407.2,2407.8,274
2025-07-16T13:37:00+05:30,2407.8,2408.1,2407.3,2407.6,407
2025-07-16T13:38:00+05:30,2407.5,2408.3,2407.5,2407.8,404
2025-07-16T13:39:00+05:30,2407.7,2408.1,2407.5,2407.7,87
2025-07-16T13:40:00+05:30,2407.5,2408.5,2407.4,2408.5,324
2025-07-16T13:41:00+05:30,2408.5,2408.5,2408.2,2408.5,263
2025-07-16T13:42:00+05:30,2408.5,2410.4,2408.3,2409.2,1724
2025-07-16T13:43:00+05:30,2409.1,2410.4,2408.5,2410.4,251
2025-07-16T13:44:00+05:30,2410.6,2411.2,2410.0,2411.0,508
2025-07-16T13:45:00+05:30,2410.9,2411.8,2410.0,2410.6,631
2025-07-16T13:46:00+05:30,2410.6,2411.6,2410.4,2411.6,221
2025-07-16T13:47:00+05:30,2411.7,2412.8,2410.8,2412.0,886
2025-07-16T13:48:00+05:30,2412.2,2414.0,2411.0,2414.0,10369
2025-07-16T13:49:00+05:30,2413.9,2414.7,2413.3,2414.7,7813
2025-07-16T13:50:00+05:30,2414.6,2415.8,2414.0,2415.4,1506
2025-07-16T13:51:00+05:30,2415.6,2416.0,2414.8,2415.3,527
2025-07-16T13:52:00+05:30,2415.3,2415.3,2415.0,2415.0,184
2025-07-16T13:53:00+05:30,2415.3,2415.3,2414.7,2415.0,363
2025-07-16T13:54:00+05:30,2415.0,2416.5,2415.0,2415.7,810
2025-07-16T13:55:00+05:30,2416.3,2416.6,2415.2,2416.5,711
2025-07-16T13:56:00+05:30,2415.7,2417.5,2415.1,2416.5,1552
2025-07-16T13:57:00+05:30,2416.5,2417.5,2415.4,2415.4,1069
2025-07-16T13:58:00+05:30,2415.8,2417.0,2415.0,2417.0,903
2025-07-16T13:59:00+05:30,2415.9,2417.2,2415.0,2416.8,5316
2025-07-16T14:00:00+05:30,2415.9,2416.8,2415.2,2416.8,973
2025-07-16T14:01:00+05:30,2416.4,2416.8,2415.8,2416.8,759
2025-07-16T14:02:00+05:30,2416.1,2418.2,2415.3,2416.7,8358
2025-07-16T14:03:00+05:30,2416.7,2418.0,2414.2,2415.4,8169
2025-07-16T14:04:00+05:30,2415.1,2417.4,2415.1,2417.4,8143
2025-07-16T14:05:00+05:30,2417.5,2418.5,2417.0,2418.0,1488
2025-07-16T14:06:00+05:30,2417.5,2418.3,2417.1,2418.2,830
2025-07-16T14:07:00+05:30,2418.0,2418.5,2417.0,2418.0,3234
2025-07-16T14:08:00+05:30,2418.3,2419.0,2417.0,2417.9,7487
2025-07-16T14:09:00+05:30,2417.2,2417.9,2417.0,2417.6,936
2025-07-16T14:10:00+05:30,2417.6,2418.0,2417.0,2417.2,1222
2025-07-16T14:11:00+05:30,2417.2,2417.8,2416.1,2416.6,2815
2025-07-16T14:12:00+05:30,2416.9,2418.6,2416.9,2417.7,3523
2025-07-16T14:13:00+05:30,2417.7,2418.3,2416.9,2418.1,2186
2025-07-16T14:14:00+05:30,2417.2,2418.0,2416.2,2416.9,1384
2025-07-16T14:15:00+05:30,2416.4,2417.6,2416.4,2417.4,2063
2025-07-16T14:16:00+05:30,2417.4,2418.1,2416.6,2417.8,2231
2025-07-16T14:17:00+05:30,2417.7,2418.0,2416.0,2416.0,2458
2025-07-16T14:18:00+05:30,2416.3,2417.1,2415.3,2415.9,2090
2025-07-16T14:19:00+05:30,2416.6,2417.2,2415.5,2417.1,1993
2025-07-16T14:20:00+05:30,2417.1,2417.3,2416.0,2416.9,2203
2025-07-16T14:21:00+05:30,2416.1,2416.8,2415.1,2415.1,2346
2025-07-16T14:22:00+05:30,2415.1,2415.1,2414.0,2414.0,3659
2025-07-16T14:23:00+05:30,2414.0,2416.5,2414.0,2416.4,1988
2025-07-16T14:24:00+05:30,2415.6,2416.4,2414.9,2416.4,2156
2025-07-16T14:25:00+05:30,2415.4,2416.4,2414.6,2415.3,1866
2025-07-16T14:26:00+05:30,2415.3,2415.3,2410.0,2410.7,6158
2025-07-16T14:27:00+05:30,2411.4,2412.1,2410.7,2412.1,847
2025-07-16T14:28:00+05:30,2411.1,2415.9,2411.1,2415.1,5474
2025-07-16T14:29:00+05:30,2415.8,2416.9,2415.4,2416.8,1780
2025-07-16T14:30:00+05:30,2416.9,2416.9,2415.3,2415.6,1700
2025-07-16T14:31:00+05:30,2416.3,2417.2,2416.3,2416.9,1777
2025-07-16T14:32:00+05:30,2416.9,2417.2,2416.1,2416.1,1610
2025-07-16T14:33:00+05:30,2416.3,2417.0,2415.7,2417.0,1681
2025-07-16T14:34:00+05:30,2416.4,2417.3,2416.3,2417.0,1799
2025-07-16T14:35:00+05:30,2417.3,2418.3,2417.0,2417.5,1584
2025-07-16T14:36:00+05:30,2418.0,2418.6,2417.5,2418.0,1708
2025-07-16T14:37:00+05:30,2417.9,2418.4,2417.3,2418.1,2099
2025-07-16T14:38:00+05:30,2418.2,2418.6,2416.2,2417.4,3462
2025-07-16T14:39:00+05:30,2417.4,2417.5,2416.3,2416.3,1760
2025-07-16T14:40:00+05:30,2417.3,2418.3,2416.3,2418.2,1765
2025-07-16T14:41:00+05:30,2418.1,2418.1,2416.1,2417.5,1550
2025-07-16T14:42:00+05:30,2417.2,2417.5,2416.1,2416.8,2578
2025-07-16T14:43:00+05:30,2416.1,2417.5,2415.6,2416.9,2123
2025-07-16T14:44:00+05:30,2416.8,2417.3,2415.9,2416.9,1800
2025-07-16T14:45:00+05:30,2416.9,2417.3,2415.1,2415.2,3091
2025-07-16T14:46:00+05:30,2415.0,2416.4,2414.1,2415.9,3384
2025-07-16T14:47:00+05:30,2415.9,2416.9,2414.4,2415.0,3341
2025-07-16T14:48:00+05:30,2415.0,2415.4,2411.5,2414.7,6537
2025-07-16T14:49:00+05:30,2414.7,2415.1,2413.1,2414.2,3030
2025-07-16T14:50:00+05:30,2414.2,2415.0,2413.0,2414.3,1905
2025-07-16T14:51:00+05:30,2414.3,2414.3,2410.7,2411.5,2254
2025-07-16T14:52:00+05:30,2411.5,2413.6,2411.5,2413.6,1895
2025-07-16T14:53:00+05:30,2412.9,2414.1,2412.5,2413.5,2945
2025-07-16T14:54:00+05:30,2412.6,2414.0,2412.6,2413.8,3112
2025-07-16T14:55:00+05:30,2413.7,2413.7,2411.0,2411.8,3194
2025-07-16T14:56:00+05:30,2411.8,2413.5,2411.1,2411.1,4938
2025-07-16T14:57:00+05:30,2411.2,2413.1,2411.2,2411.6,1885
2025-07-16T14:58:00+05:30,2412.8,2413.8,2412.0,2413.8,1968
2025-07-16T14:59:00+05:30,2413.2,2413.5,2411.7,2413.0,4363
2025-07-16T15:00:00+05:30,2412.8,2412.8,2410.1,2410.6,8006
2025-07-16T15:01:00+05:30,2411.3,2411.3,2410.1,2410.1,4861
2025-07-16T15:02:00+05:30,2410.5,2411.0,2410.0,2410.5,3411
2025-07-16T15:03:00+05:30,2410.5,2410.6,2409.0,2409.0,5151
2025-07-16T15:04:00+05:30,2409.1,2409.7,2408.2,2408.5,3345
2025-07-16T15:05:00+05:30,2409.2,2411.1,2409.0,2410.4,5645
2025-07-16T15:06:00+05:30,2410.1,2410.7,2409.5,2410.1,5564
2025-07-16T15:07:00+05:30,2410.4,2410.4,2409.9,2410.2,2402
2025-07-16T15:08:00+05:30,2410.3,2411.0,2409.8,2410.1,4009
2025-07-16T15:09:00+05:30,2410.7,2415.0,2409.1,2411.1,24373
2025-07-16T15:10:00+05:30,2411.1,2411.5,2410.2,2410.3,6631
2025-07-16T15:11:00+05:30,2410.7,2410.7,2410.0,2410.3,5093
2025-07-16T15:12:00+05:30,2410.3,2411.6,2410.1,2410.1,5970
2025-07-16T15:13:00+05:30,2410.6,2410.8,2410.0,2410.3,4207
2025-07-16T15:14:00+05:30,2410.6,2411.7,2410.5,2411.2,9375
2025-07-16T15:15:00+05:30,2411.4,2411.4,2409.8,2410.9,6383
2025-07-16T15:16:00+05:30,2410.9,2412.0,2410.3,2411.7,7528
2025-07-16T15:17:00+05:30,2411.7,2412.4,2410.4,2410.4,11634
2025-07-16T15:18:00+05:30,2411.0,2411.0,2409.3,2409.9,4712
2025-07-16T15:19:00+05:30,2410.3,2411.8,2409.6,2411.3,5404
2025-07-16T15:20:00+05:30,2411.3,2412.2,2410.3,2410.6,5398
2025-07-16T15:21:00+05:30,2410.9,2411.7,2409.6,2409.6,3448
2025-07-16T15:22:00+05:30,2410.1,2410.2,2408.0,2408.9,4370
2025-07-16T15:23:00+05:30,2408.9,2409.6,2408.1,2408.8,5536
2025-07-16T15:24:00+05:30,2409.0,2409.1,2408.2,2408.2,5909
2025-07-16T15:25:00+05:30,2408.3,2411.9,2408.2,2410.1,12362
2025-07-16T15:26:00+05:30,2410.1,2410.1,2407.0,2407.2,4530
2025-07-16T15:27:00+05:30,2407.2,2407.7,2406.1,2406.1,5061
2025-07-16T15:28:00+05:30,2406.1,2406.4,2403.4,2403.4,3691
2025-07-16T15:29:00+05:30,2403.0,2404.9,2402.2,2403.0,1441
2025-07-15T09:15:00+05:30,2409.0,2415.0,2406.2,2414.4,9743
2025-07-15T09:16:00+05:30,2413.8,2414.0,2409.5,2411.6,4703
2025-07-15T09:17:00+05:30,2411.9,2413.9,2411.5,2411.8,2898
2025-07-15T09:18:00+05:30,2411.7,2413.9,2410.8,2412.6,4041
2025-07-15T09:19:00+05:30,2412.6,2413.9,2412.3,2413.2,1927
2025-07-15T09:20:00+05:30,2413.2,2414.0,2412.9,2413.2,1794
2025-07-15T09:21:00+05:30,2413.3,2415.0,2412.9,2413.5,3685
2025-07-15T09:22:00+05:30,2413.5,2413.8,2408.9,2409.2,5149
2025-07-15T09:23:00+05:30,2410.0,2410.2,2409.0,2409.1,1221
2025-07-15T09:24:00+05:30,2409.6,2411.3,2409.0,2410.6,1716
2025-07-15T09:25:00+05:30,2410.4,2412.0,2409.3,2412.0,2798
2025-07-15T09:26:00+05:30,2412.0,2412.0,2407.0,2408.4,4390
2025-07-15T09:27:00+05:30,2408.4,2408.4,2406.0,2407.1,3181
2025-07-15T09:28:00+05:30,2407.0,2407.1,2406.7,2406.8,610
2025-07-15T09:29:00+05:30,2406.9,2407.1,2406.5,2407.1,534
2025-07-15T09:30:00+05:30,2407.0,2408.4,2404.3,2405.2,3108
2025-07-15T09:31:00+05:30,2405.2,2405.4,2403.0,2404.3,1657
2025-07-15T09:32:00+05:30,2404.3,2404.8,2404.0,2404.0,1013
2025-07-15T09:33:00+05:30,2404.3,2406.7,2404.0,2405.6,2547
2025-07-15T09:34:00+05:30,2405.4,2405.6,2403.1,2403.2,1343
2025-07-15T09:35:00+05:30,2403.1,2403.2,2401.9,2402.4,2700
2025-07-15T09:36:00+05:30,2402.4,2402.9,2401.0,2402.2,1190
2025-07-15T09:37:00+05:30,2402.2,2402.9,2401.0,2402.3,1292
2025-07-15T09:38:00+05:30,2402.2,2403.7,2401.3,2403.5,1415
2025-07-15T09:39:00+05:30,2403.5,2404.1,2402.5,2403.5,1766
2025-07-15T09:40:00+05:30,2403.5,2403.8,2402.1,2402.4,755
2025-07-15T09:41:00+05:30,2402.8,2402.8,2401.0,2401.1,1247
2025-07-15T09:42:00+05:30,2401.1,2402.0,2400.1,2401.9,1995
2025-07-15T09:43:00+05:30,2401.8,2401.9,2397.8,2399.7,6847
2025-07-15T09:44:00+05:30,2399.7,2401.5,2399.6,2400.9,1168
2025-07-15T09:45:00+05:30,2401.6,2402.1,2400.0,2400.4,1368
2025-07-15T09:46:00+05:30,2400.1,2401.0,2398.2,2400.2,1113
2025-07-15T09:47:00+05:30,2401.0,2401.5,2400.1,2401.2,270
2025-07-15T09:48:00+05:30,2401.3,2401.9,2400.8,2400.8,1494
2025-07-15T09:49:00+05:30,2400.1,2400.8,2399.0,2399.9,758
2025-07-15T09:50:00+05:30,2399.6,2400.0,2398.8,2399.3,1136
2025-07-15T09:51:00+05:30,2399.2,2401.7,2398.1,2399.9,2465
2025-07-15T09:52:00+05:30,2399.7,2401.0,2398.5,2400.1,847
2025-07-15T09:53:00+05:30,2400.5,2401.0,2400.1,2400.1,212
2025-07-15T09:54:00+05:30,2400.8,2402.4,2394.1,2396.8,12104
2025-07-15T09:55:00+05:30,2396.8,2397.6,2395.2,2397.0,1178
2025-07-15T09:56:00+05:30,2397.0,2397.5,2396.0,2396.3,1101
2025-07-15T09:57:00+05:30,2396.3,2397.7,2395.8,2397.2,1949
2025-07-15T09:58:00+05:30,2397.2,2397.6,2395.5,2396.0,648
2025-07-15T09:59:00+05:30,2396.7,2397.9,2396.0,2396.8,1548
2025-07-15T10:00:00+05:30,2397.6,2397.6,2396.8,2397.4,555
2025-07-15T10:01:00+05:30,2397.4,2397.4,2396.0,2396.8,610
2025-07-15T10:02:00+05:30,2396.4,2398.0,2396.0,2398.0,1543
2025-07-15T10:03:00+05:30,2398.1,2398.1,2396.0,2396.2,477
2025-07-15T10:04:00+05:30,2396.2,2396.2,2395.5,2396.0,1058
2025-07-15T10:05:00+05:30,2396.0,2396.3,2395.0,2395.1,1550
2025-07-15T10:06:00+05:30,2395.1,2397.2,2395.0,2396.3,714
2025-07-15T10:07:00+05:30,2396.1,2397.0,2395.9,2396.4,674
2025-07-15T10:08:00+05:30,2396.4,2400.4,2396.1,2396.9,2502
2025-07-15T10:09:00+05:30,2397.7,2397.7,2395.0,2395.7,1344
2025-07-15T10:10:00+05:30,2395.7,2397.7,2395.0,2396.1,1026
2025-07-15T10:11:00+05:30,2396.2,2396.2,2396.1,2396.1,193
2025-07-15T10:12:00+05:30,2396.1,2396.2,2395.5,2396.2,508
2025-07-15T10:13:00+05:30,2395.9,2396.2,2395.0,2395.2,697
2025-07-15T10:14:00+05:30,2395.2,2396.0,2395.0,2395.1,565
2025-07-15T10:15:00+05:30,2395.1,2395.1,2395.0,2395.1,798
2025-07-15T10:16:00+05:30,2395.1,2395.1,2395.0,2395.1,1346
2025-07-15T10:17:00+05:30,2395.1,2395.1,2393.1,2394.0,1804
2025-07-15T10:18:00+05:30,2394.0,2394.0,2388.9,2390.9,9783
2025-07-15T10:19:00+05:30,2391.3,2393.1,2390.1,2391.9,2285
2025-07-15T10:20:00+05:30,2391.5,2393.2,2391.5,2393.2,588
2025-07-15T10:21:00+05:30,2393.2,2393.2,2391.7,2392.0,600
2025-07-15T10:22:00+05:30,2392.0,2392.2,2391.5,2392.0,254
2025-07-15T10:23:00+05:30,2392.0,2392.0,2390.9,2391.4,466
2025-07-15T10:24:00+05:30,2391.0,2391.0,2390.0,2390.9,745
2025-07-15T10:25:00+05:30,2390.9,2393.0,2390.9,2392.5,859
2025-07-15T10:26:00+05:30,2392.5,2392.5,2391.3,2391.5,352
2025-07-15T10:27:00+05:30,2391.2,2391.5,2389.3,2390.2,1252
2025-07-15T10:28:00+05:30,2390.2,2390.9,2390.0,2390.6,660
2025-07-15T10:29:00+05:30,2391.1,2391.3,2390.1,2390.3,1002
2025-07-15T10:30:00+05:30,2390.3,2390.3,2389.0,2390.0,1356
2025-07-15T10:31:00+05:30,2389.9,2391.0,2389.0,2390.0,1313
2025-07-15T10:32:00+05:30,2390.4,2390.8,2389.8,2389.8,709
2025-07-15T10:33:00+05:30,2390.3,2390.4,2388.4,2389.3,1537
2025-07-15T10:34:00+05:30,2389.3,2389.3,2387.6,2387.6,2175
2025-07-15T10:35:00+05:30,2388.1,2389.9,2388.1,2389.2,1371
2025-07-15T10:36:00+05:30,2389.0,2390.0,2388.4,2389.6,715
2025-07-15T10:37:00+05:30,2389.6,2390.0,2387.2,2387.6,2308
2025-07-15T10:38:00+05:30,2387.6,2388.8,2387.1,2388.8,989
2025-07-15T10:39:00+05:30,2388.9,2389.6,2388.1,2388.8,1821
2025-07-15T10:40:00+05:30,2389.6,2391.3,2389.0,2391.0,3205
2025-07-15T10:41:00+05:30,2391.0,2391.3,2390.7,2390.8,791
2025-07-15T10:42:00+05:30,2390.8,2391.6,2390.0,2390.0,1387
2025-07-15T10:43:00+05:30,2390.2,2390.3,2386.3,2388.6,3275
2025-07-15T10:44:00+05:30,2388.7,2389.7,2388.3,2389.0,1323
2025-07-15T10:45:00+05:30,2389.7,2391.0,2389.5,2389.9,1656
2025-07-15T10:46:00+05:30,2389.8,2391.0,2386.9,2390.2,3739
2025-07-15T10:47:00+05:30,2390.1,2391.0,2390.1,2391.0,848
2025-07-15T10:48:00+05:30,2391.0,2392.5,2390.9,2390.9,1450
2025-07-15T10:49:00+05:30,2391.4,2391.9,2391.0,2391.6,409
2025-07-15T10:50:00+05:30,2391.5,2391.9,2390.8,2391.0,827
2025-07-15T10:51:00+05:30,2391.0,2392.3,2391.0,2392.1,2063
2025-07-15T10:52:00+05:30,2392.0,2392.8,2391.3,2392.0,931
2025-07-15T10:53:00+05:30,2392.1,2393.0,2392.0,2392.8,773
2025-07-15T10:54:00+05:30,2392.5,2393.0,2391.0,2391.3,478
2025-07-15T10:55:00+05:30,2391.3,2392.8,2391.3,2392.1,882
2025-07-15T10:56:00+05:30,2392.1,2392.2,2391.0,2391.1,1615
2025-07-15T10:57:00+05:30,2391.3,2392.2,2390.5,2391.5,886
2025-07-15T10:58:00+05:30,2391.5,2392.8,2391.3,2392.2,1080
2025-07-15T10:59:00+05:30,2392.5,2392.8,2391.9,2392.8,380
2025-07-15T11:00:00+05:30,2392.8,2392.8,2392.1,2392.5,253
2025-07-15T11:01:00+05:30,2392.5,2393.1,2392.5,2393.0,1496
2025-07-15T11:02:00+05:30,2393.1,2393.1,2392.7,2392.9,345
2025-07-15T11:03:00+05:30,2392.9,2393.9,2392.7,2393.9,883
2025-07-15T11:04:00+05:30,2393.7,2395.2,2393.7,2394.7,1023
2025-07-15T11:05:00+05:30,2394.8,2396.1,2394.4,2395.1,3261
2025-07-15T11:06:00+05:30,2395.3,2398.7,2395.0,2396.7,5712
2025-07-15T11:07:00+05:30,2396.4,2397.0,2395.0,2396.8,2675
2025-07-15T11:08:00+05:30,2396.8,2397.9,2395.4,2395.6,6936
2025-07-15T11:09:00+05:30,2395.4,2397.2,2395.0,2396.4,1079
2025-07-15T11:10:00+05:30,2396.4,2396.7,2395.9,2396.5,721
2025-07-15T11:11:00+05:30,2396.5,2399.3,2396.4,2399.0,5231
2025-07-15T11:12:00+05:30,2399.4,2399.9,2398.9,2399.4,1404
2025-07-15T11:13:00+05:30,2399.4,2401.4,2397.9,2401.4,5526
2025-07-15T11:14:00+05:30,2401.2,2401.9,2400.1,2401.1,1952
2025-07-15T11:15:00+05:30,2401.4,2402.0,2401.0,2401.0,883
2025-07-15T11:16:00+05:30,2401.8,2402.4,2401.1,2401.5,1056
2025-07-15T11:17:00+05:30,2401.7,2402.3,2401.0,2401.9,816
2025-07-15T11:18:00+05:30,2401.9,2402.3,2401.0,2402.0,1102
2025-07-15T11:19:00+05:30,2402.0,2403.0,2401.8,2402.5,1377
2025-07-15T11:20:00+05:30,2401.8,2402.8,2401.8,2402.2,635
2025-07-15T11:21:00+05:30,2402.2,2402.8,2401.0,2401.6,1270
2025-07-15T11:22:00+05:30,2401.5,2401.8,2399.1,2399.1,1569
2025-07-15T11:23:00+05:30,2399.9,2401.5,2398.6,2400.0,2748
2025-07-15T11:24:00+05:30,2399.9,2400.7,2399.5,2399.6,1324
2025-07-15T11:25:00+05:30,2400.0,2400.5,2399.6,2399.7,1243
2025-07-15T11:26:00+05:30,2399.7,2400.0,2399.6,2400.0,715
2025-07-15T11:27:00+05:30,2400.0,2400.0,2399.2,2399.4,666
2025-07-15T11:28:00+05:30,2399.5,2400.6,2399.5,2400.1,1604
2025-07-15T11:29:00+05:30,2400.1,2400.1,2399.6,2400.0,1010
2025-07-15T11:30:00+05:30,2400.0,2402.2,2399.2,2402.0,1778
2025-07-15T11:31:00+05:30,2402.0,2402.4,2400.7,2401.4,421
2025-07-15T11:32:00+05:30,2401.2,2403.4,2401.0,2402.7,693
2025-07-15T11:33:00+05:30,2403.0,2403.3,2401.6,2402.6,260
2025-07-15T11:34:00+05:30,2402.6,2403.3,2401.6,2402.2,685
2025-07-15T11:35:00+05:30,2402.0,2402.2,2401.0,2401.5,244
2025-07-15T11:36:00+05:30,2401.5,2402.5,2401.5,2402.2,561
2025-07-15T11:37:00+05:30,2402.2,2402.4,2401.0,2401.1,2671
2025-07-15T11:38:00+05:30,2401.1,2402.9,2400.0,2402.2,4065
2025-07-15T11:39:00+05:30,2402.2,2402.9,2401.3,2401.7,941
2025-07-15T11:40:00+05:30,2401.7,2404.4,2401.3,2403.8,3141
2025-07-15T11:41:00+05:30,2403.5,2404.5,2402.7,2403.9,1881
2025-07-15T11:42:00+05:30,2403.9,2404.6,2403.0,2404.0,1287
2025-07-15T11:43:00+05:30,2404.0,2404.5,2403.6,2404.5,1073
2025-07-15T11:44:00+05:30,2404.5,2405.0,2401.6,2401.6,2497
2025-07-15T11:45:00+05:30,2402.6,2403.0,2401.0,2402.6,1701
2025-07-15T11:46:00+05:30,2402.6,2403.0,2402.5,2402.6,471
2025-07-15T11:47:00+05:30,2402.6,2402.6,2401.7,2402.4,536
2025-07-15T11:48:00+05:30,2401.7,2402.0,2401.6,2401.7,250
2025-07-15T11:49:00+05:30,2401.6,2402.0,2401.2,2401.6,640
2025-07-15T11:50:00+05:30,2401.2,2401.6,2400.1,2400.9,551
2025-07-15T11:51:00+05:30,2401.0,2402.5,2401.0,2402.0,777
2025-07-15T11:52:00+05:30,2402.0,2402.2,2400.6,2401.3,412
2025-07-15T11:53:00+05:30,2401.6,2403.0,2401.3,2402.3,1160
2025-07-15T11:54:00+05:30,2401.9,2401.9,2401.1,2401.6,189
2025-07-15T11:55:00+05:30,2401.6,2402.7,2401.2,2402.0,213
2025-07-15T11:56:00+05:30,2401.3,2402.0,2400.6,2401.0,355
2025-07-15T11:57:00+05:30,2401.0,2402.1,2400.8,2402.0,1133
2025-07-15T11:58:00+05:30,2401.0,2401.8,2400.6,2401.6,378
2025-07-15T11:59:00+05:30,2401.8,2402.5,2400.4,2402.3,1067
2025-07-15T12:00:00+05:30,2402.2,2402.2,2401.1,2401.8,212
2025-07-15T12:01:00+05:30,2401.7,2402.0,2400.9,2400.9,305
2025-07-15T12:02:00+05:30,2401.6,2401.6,2400.2,2400.4,182
2025-07-15T12:03:00+05:30,2400.7,2400.7,2400.2,2400.4,112
2025-07-15T12:04:00+05:30,2400.2,2400.4,2400.1,2400.2,195
2025-07-15T12:05:00+05:30,2400.1,2400.7,2400.1,2400.1,305
2025-07-15T12:06:00+05:30,2400.6,2401.0,2400.6,2400.8,230
2025-07-15T12:07:00+05:30,2400.6,2401.0,2399.9,2400.0,1508
2025-07-15T12:08:00+05:30,2399.9,2400.0,2398.7,2399.3,1125
2025-07-15T12:09:00+05:30,2399.5,2399.9,2399.2,2399.4,522
2025-07-15T12:10:00+05:30,2399.4,2399.9,2399.0,2399.5,712
2025-07-15T12:11:00+05:30,2399.4,2399.5,2398.7,2399.0,224
2025-07-15T12:12:00+05:30,2398.9,2400.6,2398.1,2399.5,2439
2025-07-15T12:13:00+05:30,2399.5,2399.5,2398.0,2398.0,213
2025-07-15T12:14:00+05:30,2398.1,2398.1,2393.2,2394.2,3117
2025-07-15T12:15:00+05:30,2394.2,2395.0,2393.7,2395.0,247
2025-07-15T12:16:00+05:30,2394.8,2394.8,2391.8,2393.1,3950
2025-07-15T12:17:00+05:30,2393.1,2393.7,2393.0,2393.6,651
2025-07-15T12:18:00+05:30,2393.6,2393.7,2391.6,2392.2,965
2025-07-15T12:19:00+05:30,2392.2,2393.4,2391.3,2392.6,1415
2025-07-15T12:20:00+05:30,2392.2,2392.7,2391.3,2392.5,811
2025-07-15T12:21:00+05:30,2392.6,2392.6,2390.0,2390.2,3949
2025-07-15T12:22:00+05:30,2390.2,2391.6,2388.6,2389.9,4899
2025-07-15T12:23:00+05:30,2389.5,2390.4,2388.7,2390.0,1371
2025-07-15T12:24:00+05:30,2390.0,2390.7,2389.9,2390.4,1293
2025-07-15T12:25:00+05:30,2390.4,2390.4,2389.0,2389.6,1217
2025-07-15T12:26:00+05:30,2389.7,2390.0,2389.5,2390.0,1101
2025-07-15T12:27:00+05:30,2390.0,2390.3,2389.1,2389.5,1107
2025-07-15T12:28:00+05:30,2389.5,2390.8,2389.0,2389.8,2170
2025-07-15T12:29:00+05:30,2389.4,2392.8,2389.0,2392.4,3472
2025-07-15T12:30:00+05:30,2392.8,2394.9,2392.4,2394.7,1031
2025-07-15T12:31:00+05:30,2394.7,2394.8,2393.4,2394.7,1185
2025-07-15T12:32:00+05:30,2394.7,2394.7,2394.5,2394.6,371
2025-07-15T12:33:00+05:30,2394.6,2394.6,2394.0,2394.1,1806
2025-07-15T12:34:00+05:30,2394.1,2394.2,2393.9,2393.9,461
2025-07-15T12:35:00+05:30,2394.0,2394.0,2393.9,2394.0,299
2025-07-15T12:36:00+05:30,2394.0,2394.0,2393.0,2394.0,1221
2025-07-15T12:37:00+05:30,2394.0,2395.8,2393.9,2395.2,977
2025-07-15T12:38:00+05:30,2395.5,2395.5,2394.2,2395.3,858
2025-07-15T12:39:00+05:30,2395.1,2395.6,2394.7,2394.9,736
2025-07-15T12:40:00+05:30,2394.9,2395.2,2394.7,2394.7,506
2025-07-15T12:41:00+05:30,2395.0,2395.4,2394.5,2394.7,844
2025-07-15T12:42:00+05:30,2394.9,2395.2,2394.1,2395.0,954
2025-07-15T12:43:00+05:30,2395.2,2395.5,2395.0,2395.2,486
2025-07-15T12:44:00+05:30,2395.2,2395.5,2394.6,2394.6,235
2025-07-15T12:45:00+05:30,2394.6,2394.9,2394.4,2394.6,437
2025-07-15T12:46:00+05:30,2394.5,2394.5,2393.5,2394.0,1057
2025-07-15T12:47:00+05:30,2393.9,2394.2,2393.0,2394.0,409
2025-07-15T12:48:00+05:30,2394.0,2395.5,2393.9,2394.3,1176
2025-07-15T12:49:00+05:30,2395.0,2395.3,2393.7,2394.1,2134
2025-07-15T12:50:00+05:30,2394.3,2394.3,2393.2,2394.0,1551
2025-07-15T12:51:00+05:30,2394.0,2394.0,2393.7,2393.8,408
2025-07-15T12:52:00+05:30,2393.8,2394.6,2393.8,2394.2,599
2025-07-15T12:53:00+05:30,2394.2,2394.4,2393.8,2393.9,483
2025-07-15T12:54:00+05:30,2393.9,2393.9,2393.5,2393.5,396
2025-07-15T12:55:00+05:30,2393.5,2393.5,2393.3,2393.5,222
2025-07-15T12:56:00+05:30,2393.5,2393.8,2393.4,2393.6,596
2025-07-15T12:57:00+05:30,2393.7,2394.9,2393.7,2394.5,372
2025-07-15T12:58:00+05:30,2394.5,2395.2,2393.9,2394.7,821
2025-07-15T12:59:00+05:30,2394.7,2394.9,2394.2,2394.8,302
2025-07-15T13:00:00+05:30,2394.7,2395.2,2394.1,2394.8,903
2025-07-15T13:01:00+05:30,2394.8,2395.0,2394.2,2394.3,536
2025-07-15T13:02:00+05:30,2394.3,2395.3,2394.1,2394.5,829
2025-07-15T13:03:00+05:30,2394.2,2396.0,2394.2,2395.9,1284
2025-07-15T13:04:00+05:30,2395.9,2396.0,2395.8,2396.0,283
2025-07-15T13:05:00+05:30,2396.0,2396.0,2395.1,2395.2,830
2025-07-15T13:06:00+05:30,2395.3,2395.8,2394.1,2395.7,1960
2025-07-15T13:07:00+05:30,2395.7,2395.7,2394.4,2395.3,490
2025-07-15T13:08:00+05:30,2395.3,2395.6,2394.2,2395.6,1791
2025-07-15T13:09:00+05:30,2395.6,2395.6,2395.3,2395.4,352
2025-07-15T13:10:00+05:30,2395.4,2395.4,2395.0,2395.2,231
2025-07-15T13:11:00+05:30,2395.2,2395.2,2394.1,2394.8,460
2025-07-15T13:12:00+05:30,2394.8,2394.8,2393.9,2394.8,417
2025-07-15T13:13:00+05:30,2394.5,2394.5,2394.2,2394.5,121
2025-07-15T13:14:00+05:30,2394.5,2394.8,2393.3,2394.4,891
2025-07-15T13:15:00+05:30,2394.5,2395.0,2394.5,2395.0,529
2025-07-15T13:16:00+05:30,2395.0,2395.0,2394.9,2395.0,412
2025-07-15T13:17:00+05:30,2395.0,2395.0,2394.0,2394.9,543
2025-07-15T13:18:00+05:30,2394.9,2394.9,2394.0,2394.3,190
2025-07-15T13:19:00+05:30,2394.4,2394.5,2394.3,2394.4,99
2025-07-15T13:20:00+05:30,2394.2,2394.5,2394.1,2394.4,652
2025-07-15T13:21:00+05:30,2394.4,2394.4,2394.1,2394.3,160
2025-07-15T13:22:00+05:30,2394.3,2394.3,2392.7,2393.0,663
2025-07-15T13:23:00+05:30,2393.0,2393.5,2392.8,2393.2,582
2025-07-15T13:24:00+05:30,2393.2,2393.3,2392.8,2393.0,264
2025-07-15T13:25:00+05:30,2393.0,2393.0,2392.2,2392.7,324
2025-07-15T13:26:00+05:30,2392.7,2392.8,2391.3,2392.8,1251
2025-07-15T13:27:00+05:30,2392.8,2394.0,2392.7,2394.0,1479
2025-07-15T13:28:00+05:30,2394.0,2394.7,2393.4,2393.4,1973
2025-07-15T13:29:00+05:30,2393.7,2394.2,2392.7,2394.2,363
2025-07-15T13:30:00+05:30,2394.2,2395.0,2394.2,2394.7,546
2025-07-15T13:31:00+05:30,2394.7,2395.2,2394.0,2394.1,422
2025-07-15T13:32:00+05:30,2394.0,2394.2,2393.0,2393.9,236
2025-07-15T13:33:00+05:30,2393.9,2393.9,2392.5,2393.4,507
2025-07-15T13:34:00+05:30,2393.4,2393.4,2392.9,2393.4,264
2025-07-15T13:35:00+05:30,2393.2,2393.9,2392.4,2393.9,1013
2025-07-15T13:36:00+05:30,2393.9,2394.0,2393.6,2393.8,142
2025-07-15T13:37:00+05:30,2393.8,2394.0,2393.8,2393.9,84
2025-07-15T13:38:00+05:30,2393.9,2394.2,2393.9,2394.2,323
2025-07-15T13:39:00+05:30,2394.2,2395.0,2394.1,2395.0,498
2025-07-15T13:40:00+05:30,2395.0,2397.3,2394.9,2397.3,1645
2025-07-15T13:41:00+05:30,2397.3,2398.3,2397.2,2398.0,1433
2025-07-15T13:42:00+05:30,2398.0,2398.6,2397.4,2398.2,794
2025-07-15T13:43:00+05:30,2398.1,2398.2,2397.1,2397.2,537
2025-07-15T13:44:00+05:30,2397.1,2397.8,2397.1,2397.7,327
2025-07-15T13:45:00+05:30,2397.7,2398.2,2397.4,2397.7,405
2025-07-15T13:46:00+05:30,2397.7,2398.3,2397.7,2397.8,314
2025-07-15T13:47:00+05:30,2397.9,2399.0,2397.9,2399.0,1287
2025-07-15T13:48:00+05:30,2399.0,2399.8,2398.9,2399.8,698
2025-07-15T13:49:00+05:30,2399.8,2399.8,2399.6,2399.8,638
2025-07-15T13:50:00+05:30,2399.8,2400.9,2399.7,2400.3,2600
2025-07-15T13:51:00+05:30,2400.2,2400.4,2399.7,2400.0,405
2025-07-15T13:52:00+05:30,2400.1,2400.2,2399.9,2400.2,893
2025-07-15T13:53:00+05:30,2400.2,2401.6,2400.0,2401.0,3943
2025-07-15T13:54:00+05:30,2401.1,2401.6,2400.8,2401.0,413
2025-07-15T13:55:00+05:30,2401.0,2401.5,2400.9,2400.9,344
2025-07-15T13:56:00+05:30,2401.0,2401.0,2400.1,2400.9,613
2025-07-15T13:57:00+05:30,2401.0,2402.0,2397.5,2399.1,8447
2025-07-15T13:58:00+05:30,2399.1,2400.0,2399.0,2400.0,1822
2025-07-15T13:59:00+05:30,2400.0,2400.0,2397.0,2397.0,1507
2025-07-15T14:00:00+05:30,2397.0,2397.4,2396.5,2396.5,792
2025-07-15T14:01:00+05:30,2396.7,2397.0,2395.7,2396.1,1025
2025-07-15T14:02:00+05:30,2396.1,2396.5,2395.4,2395.6,1979
2025-07-15T14:03:00+05:30,2395.7,2396.4,2395.1,2395.1,1366
2025-07-15T14:04:00+05:30,2395.0,2395.1,2393.8,2395.0,1614
2025-07-15T14:05:00+05:30,2395.0,2396.0,2394.0,2395.7,1996
2025-07-15T14:06:00+05:30,2395.7,2395.7,2393.5,2393.5,1498
2025-07-15T14:07:00+05:30,2393.9,2394.5,2392.5,2393.1,4101
2025-07-15T14:08:00+05:30,2393.2,2394.6,2392.9,2394.6,3544
2025-07-15T14:09:00+05:30,2394.4,2394.9,2394.4,2394.8,443
2025-07-15T14:10:00+05:30,2394.9,2395.0,2394.7,2395.0,1218
2025-07-15T14:11:00+05:30,2394.9,2395.0,2394.4,2394.8,1121
2025-07-15T14:12:00+05:30,2394.8,2395.0,2393.1,2393.6,1272
2025-07-15T14:13:00+05:30,2393.5,2394.1,2393.3,2393.6,544
2025-07-15T14:14:00+05:30,2393.6,2393.6,2391.0,2391.8,2942
2025-07-15T14:15:00+05:30,2391.8,2392.2,2390.6,2390.7,1884
2025-07-15T14:16:00+05:30,2390.7,2392.2,2390.5,2391.6,1355
2025-07-15T14:17:00+05:30,2391.7,2391.7,2391.2,2391.2,420
2025-07-15T14:18:00+05:30,2391.2,2391.6,2390.2,2391.3,560
2025-07-15T14:19:00+05:30,2391.2,2391.4,2390.4,2391.1,777
2025-07-15T14:20:00+05:30,2391.0,2391.3,2390.3,2390.6,575
2025-07-15T14:21:00+05:30,2390.5,2391.4,2390.0,2390.0,2198
2025-07-15T14:22:00+05:30,2390.2,2392.0,2390.0,2391.8,2972
2025-07-15T14:23:00+05:30,2391.8,2392.0,2391.3,2391.9,733
2025-07-15T14:24:00+05:30,2391.8,2392.3,2391.0,2391.5,494
2025-07-15T14:25:00+05:30,2391.5,2392.8,2391.5,2392.7,657
2025-07-15T14:26:00+05:30,2392.5,2393.8,2392.3,2393.3,1545
2025-07-15T14:27:00+05:30,2393.0,2393.5,2391.7,2393.2,843
2025-07-15T14:28:00+05:30,2393.4,2393.5,2392.1,2393.4,511
2025-07-15T14:29:00+05:30,2393.2,2393.2,2392.2,2392.5,487
2025-07-15T14:30:00+05:30,2392.5,2392.9,2392.0,2392.8,235
2025-07-15T14:31:00+05:30,2392.8,2392.8,2392.7,2392.8,96
2025-07-15T14:32:00+05:30,2392.8,2394.0,2392.7,2393.5,1182
2025-07-15T14:33:00+05:30,2393.5,2394.2,2393.0,2394.2,974
2025-07-15T14:34:00+05:30,2394.2,2394.6,2393.7,2394.3,519
2025-07-15T14:35:00+05:30,2394.3,2394.3,2393.0,2393.5,715
2025-07-15T14:36:00+05:30,2393.6,2393.7,2393.0,2393.3,151
2025-07-15T14:37:00+05:30,2393.5,2393.5,2391.5,2392.0,3865
2025-07-15T14:38:00+05:30,2392.0,2393.2,2391.7,2393.0,1115
2025-07-15T14:39:00+05:30,2393.0,2393.0,2391.7,2392.2,243
2025-07-15T14:40:00+05:30,2392.2,2392.4,2391.6,2392.2,398
2025-07-15T14:41:00+05:30,2392.2,2393.6,2392.0,2392.8,923
2025-07-15T14:42:00+05:30,2392.7,2392.9,2392.1,2392.7,596
2025-07-15T14:43:00+05:30,2392.7,2392.9,2391.7,2392.8,386
2025-07-15T14:44:00+05:30,2392.8,2392.9,2391.8,2392.9,402
2025-07-15T14:45:00+05:30,2392.9,2392.9,2392.2,2392.2,178
2025-07-15T14:46:00+05:30,2392.2,2392.2,2391.6,2392.1,399
2025-07-15T14:47:00+05:30,2392.2,2392.5,2392.0,2392.1,406
2025-07-15T14:48:00+05:30,2392.1,2392.1,2391.6,2392.1,344
2025-07-15T14:49:00+05:30,2392.1,2392.1,2391.0,2391.8,1539
2025-07-15T14:50:00+05:30,2391.8,2393.0,2391.0,2392.2,2266
2025-07-15T14:51:00+05:30,2392.4,2392.5,2391.0,2391.1,1051
2025-07-15T14:52:00+05:30,2391.1,2391.3,2390.0,2390.1,2192
2025-07-15T14:53:00+05:30,2390.2,2390.3,2389.0,2389.3,5138
2025-07-15T14:54:00+05:30,2389.3,2390.0,2389.3,2390.0,818
2025-07-15T14:55:00+05:30,2390.0,2390.0,2389.6,2389.8,601
2025-07-15T14:56:00+05:30,2389.9,2390.1,2389.5,2389.6,837
2025-07-15T14:57:00+05:30,2389.6,2390.0,2389.0,2389.3,1346
2025-07-15T14:58:00+05:30,2389.6,2389.8,2389.0,2389.4,990
2025-07-15T14:59:00+05:30,2389.4,2389.8,2388.6,2389.8,1260
2025-07-15T15:00:00+05:30,2389.8,2392.3,2389.7,2390.1,8336
2025-07-15T15:01:00+05:30,2389.9,2390.8,2388.7,2390.8,3387
2025-07-15T15:02:00+05:30,2390.6,2391.5,2390.6,2391.0,2011
2025-07-15T15:03:00+05:30,2391.1,2391.7,2391.0,2391.1,3317
2025-07-15T15:04:00+05:30,2391.1,2391.2,2390.7,2390.9,3002
2025-07-15T15:05:00+05:30,2390.8,2390.9,2389.2,2389.6,3876
2025-07-15T15:06:00+05:30,2389.6,2391.3,2389.4,2390.9,4967
2025-07-15T15:07:00+05:30,2391.1,2391.8,2390.9,2391.5,2159
2025-07-15T15:08:00+05:30,2391.5,2392.5,2391.4,2392.5,2856
2025-07-15T15:09:00+05:30,2392.3,2395.9,2392.2,2393.6,14942
2025-07-15T15:10:00+05:30,2393.7,2393.9,2393.5,2393.8,2870
2025-07-15T15:11:00+05:30,2393.7,2393.8,2390.7,2393.0,11995
2025-07-15T15:12:00+05:30,2393.2,2394.2,2393.1,2394.2,2983
2025-07-15T15:13:00+05:30,2394.2,2394.2,2393.9,2393.9,2902
2025-07-15T15:14:00+05:30,2394.0,2394.2,2393.8,2394.0,3791
2025-07-15T15:15:00+05:30,2393.9,2394.2,2393.7,2394.0,3219
2025-07-15T15:16:00+05:30,2394.1,2394.1,2393.1,2393.9,6212
2025-07-15T15:17:00+05:30,2394.0,2394.2,2393.9,2394.0,3946
2025-07-15T15:18:00+05:30,2394.0,2394.9,2393.5,2393.6,6262
2025-07-15T15:19:00+05:30,2393.8,2394.0,2392.4,2393.9,7505
2025-07-15T15:20:00+05:30,2394.0,2394.0,2392.0,2393.4,8811
2025-07-15T15:21:00+05:30,2393.4,2395.0,2393.1,2394.9,4939
2025-07-15T15:22:00+05:30,2394.9,2396.5,2394.3,2395.0,5204
2025-07-15T15:23:00+05:30,2394.9,2395.8,2394.9,2395.5,3526
2025-07-15T15:24:00+05:30,2395.4,2396.0,2394.6,2395.8,4340
2025-07-15T15:25:00+05:30,2395.7,2396.4,2395.4,2395.8,5203
2025-07-15T15:26:00+05:30,2395.8,2395.8,2395.0,2395.8,3153
2025-07-15T15:27:00+05:30,2395.8,2397.9,2395.7,2397.3,3873
2025-07-15T15:28:00+05:30,2397.3,2398.0,2393.0,2397.1,3773
2025-07-15T15:29:00+05:30,2396.0,2398.8,2392.4,2396.0,1321
2025-07-14T09:15:00+05:30,2431.2,2448.6,2431.2,2438.6,15164
2025-07-14T09:16:00+05:30,2438.0,2440.0,2432.1,2433.8,6471
2025-07-14T09:17:00+05:30,2433.4,2436.8,2431.1,2434.5,2982
2025-07-14T09:18:00+05:30,2434.7,2435.4,2431.3,2432.1,2662
2025-07-14T09:19:00+05:30,2432.2,2434.8,2431.2,2431.3,3433
2025-07-14T09:20:00+05:30,2431.6,2432.3,2426.2,2428.0,4336
2025-07-14T09:21:00+05:30,2428.0,2428.0,2421.5,2421.5,2660
2025-07-14T09:22:00+05:30,2422.2,2422.6,2420.0,2422.2,4292
2025-07-14T09:23:00+05:30,2422.6,2423.7,2421.3,2423.7,2517
2025-07-14T09:24:00+05:30,2423.9,2425.3,2422.3,2423.3,2647
2025-07-14T09:25:00+05:30,2423.2,2426.3,2422.9,2424.0,1878
2025-07-14T09:26:00+05:30,2424.0,2426.7,2423.2,2425.5,2064
2025-07-14T09:27:00+05:30,2426.2,2426.6,2422.2,2422.5,1053
2025-07-14T09:28:00+05:30,2423.0,2423.4,2421.9,2423.4,1757
2025-07-14T09:29:00+05:30,2422.8,2424.0,2421.0,2421.4,1323
2025-07-14T09:30:00+05:30,2421.6,2422.6,2420.3,2422.6,1534
2025-07-14T09:31:00+05:30,2421.7,2422.4,2421.0,2422.4,560
2025-07-14T09:32:00+05:30,2422.1,2422.3,2420.1,2422.0,1997
2025-07-14T09:33:00+05:30,2422.0,2422.0,2420.0,2420.3,1228
2025-07-14T09:34:00+05:30,2420.6,2422.0,2419.2,2422.0,5274
2025-07-14T09:35:00+05:30,2421.0,2422.0,2419.0,2421.5,1698
2025-07-14T09:36:00+05:30,2421.5,2425.0,2420.4,2424.9,1525
2025-07-14T09:37:00+05:30,2424.2,2424.7,2423.0,2423.2,1144
2025-07-14T09:38:00+05:30,2424.0,2425.0,2423.0,2423.8,1145
2025-07-14T09:39:00+05:30,2423.0,2429.9,2423.0,2427.4,7098
2025-07-14T09:40:00+05:30,2428.0,2429.2,2424.9,2429.0,2752
2025-07-14T09:41:00+05:30,2429.0,2429.2,2427.1,2427.9,1473
2025-07-14T09:42:00+05:30,2428.0,2428.6,2427.4,2428.0,978
2025-07-14T09:43:00+05:30,2428.0,2428.1,2426.5,2427.4,1395
2025-07-14T09:44:00+05:30,2427.4,2428.3,2425.5,2426.4,1890
2025-07-14T09:45:00+05:30,2426.0,2426.4,2424.7,2425.2,218
2025-07-14T09:46:00+05:30,2425.3,2425.3,2423.9,2424.5,1460
2025-07-14T09:47:00+05:30,2424.5,2424.6,2423.2,2424.4,1450
2025-07-14T09:48:00+05:30,2424.3,2424.4,2422.9,2423.2,1052
2025-07-14T09:49:00+05:30,2423.2,2425.3,2423.1,2425.3,1718
2025-07-14T09:50:00+05:30,2425.3,2426.7,2424.1,2425.6,450
2025-07-14T09:51:00+05:30,2426.5,2427.6,2426.0,2426.5,875
2025-07-14T09:52:00+05:30,2426.7,2427.7,2426.0,2426.3,628
2025-07-14T09:53:00+05:30,2426.1,2426.7,2426.1,2426.4,316
2025-07-14T09:54:00+05:30,2426.4,2426.9,2426.4,2426.8,175
2025-07-14T09:55:00+05:30,2426.8,2427.5,2426.4,2427.4,394
2025-07-14T09:56:00+05:30,2427.5,2427.5,2426.5,2427.5,1129
2025-07-14T09:57:00+05:30,2426.7,2427.5,2426.6,2427.2,453
2025-07-14T09:58:00+05:30,2427.2,2427.3,2426.5,2426.5,181
2025-07-14T09:59:00+05:30,2426.5,2427.9,2426.2,2427.8,448
2025-07-14T10:00:00+05:30,2427.9,2429.0,2427.8,2428.3,1121
2025-07-14T10:01:00+05:30,2427.8,2428.0,2427.0,2427.7,469
2025-07-14T10:02:00+05:30,2427.2,2427.7,2425.7,2426.8,478
2025-07-14T10:03:00+05:30,2425.7,2426.8,2425.5,2426.8,328
2025-07-14T10:04:00+05:30,2426.3,2427.4,2425.3,2427.4,1589
2025-07-14T10:05:00+05:30,2426.4,2427.0,2424.4,2425.2,592
2025-07-14T10:06:00+05:30,2425.1,2425.1,2423.3,2423.3,947
2025-07-14T10:07:00+05:30,2424.1,2424.1,2423.0,2424.0,724
2025-07-14T10:08:00+05:30,2424.0,2424.1,2423.0,2423.7,595
2025-07-14T10:09:00+05:30,2423.7,2424.0,2422.6,2423.3,708
2025-07-14T10:10:00+05:30,2423.3,2424.7,2422.4,2422.4,858
2025-07-14T10:11:00+05:30,2422.7,2422.9,2421.2,2422.7,781
2025-07-14T10:12:00+05:30,2422.7,2423.9,2422.2,2423.9,1575
2025-07-14T10:13:00+05:30,2423.9,2425.5,2423.5,2424.5,1105
2025-07-14T10:14:00+05:30,2424.2,2426.2,2424.1,2425.3,911
2025-07-14T10:15:00+05:30,2426.2,2426.2,2424.8,2424.9,770
2025-07-14T10:16:00+05:30,2424.8,2424.9,2423.0,2423.5,403
2025-07-14T10:17:00+05:30,2423.6,2423.7,2422.9,2423.0,361
2025-07-14T10:18:00+05:30,2423.7,2423.7,2422.5,2423.6,416
2025-07-14T10:19:00+05:30,2423.6,2423.7,2422.6,2422.6,376
2025-07-14T10:20:00+05:30,2422.6,2423.7,2422.6,2423.6,243
2025-07-14T10:21:00+05:30,2423.7,2423.7,2423.0,2423.6,240
2025-07-14T10:22:00+05:30,2423.4,2423.5,2423.0,2423.5,480
2025-07-14T10:23:00+05:30,2423.5,2423.5,2423.0,2423.4,251
2025-07-14T10:24:00+05:30,2423.4,2423.5,2422.6,2423.0,647
2025-07-14T10:25:00+05:30,2422.9,2423.9,2422.9,2423.9,2781
2025-07-14T10:26:00+05:30,2423.9,2425.1,2423.9,2424.9,1144
2025-07-14T10:27:00+05:30,2424.1,2425.8,2424.0,2425.8,302
2025-07-14T10:28:00+05:30,2425.8,2425.9,2424.3,2424.5,736
2025-07-14T10:29:00+05:30,2424.0,2424.2,2423.0,2424.2,514
2025-07-14T10:30:00+05:30,2424.2,2424.2,2422.0,2422.0,494
2025-07-14T10:31:00+05:30,2422.0,2422.5,2421.5,2422.3,1271
2025-07-14T10:32:00+05:30,2422.3,2422.3,2416.3,2416.9,5417
2025-07-14T10:33:00+05:30,2416.9,2418.0,2416.1,2417.5,2069
2025-07-14T10:34:00+05:30,2417.0,2417.4,2415.0,2417.3,4308
2025-07-14T10:35:00+05:30,2417.3,2417.3,2416.2,2416.6,657
2025-07-14T10:36:00+05:30,2416.7,2416.8,2415.0,2415.4,1124
2025-07-14T10:37:00+05:30,2415.3,2416.8,2415.0,2415.5,2108
2025-07-14T10:38:00+05:30,2416.1,2416.9,2415.6,2416.8,834
2025-07-14T10:39:00+05:30,2416.9,2416.9,2415.8,2416.4,691
2025-07-14T10:40:00+05:30,2416.4,2416.4,2416.0,2416.2,806
2025-07-14T10:41:00+05:30,2416.3,2416.3,2416.0,2416.2,502
2025-07-14T10:42:00+05:30,2416.2,2418.6,2416.2,2416.6,2307
2025-07-14T10:43:00+05:30,2417.0,2417.0,2416.0,2416.6,604
2025-07-14T10:44:00+05:30,2416.5,2416.5,2416.0,2416.5,528
2025-07-14T10:45:00+05:30,2416.2,2416.5,2414.0,2414.0,2282
2025-07-14T10:46:00+05:30,2414.4,2416.5,2414.4,2415.9,3640
2025-07-14T10:47:00+05:30,2415.9,2416.0,2415.8,2416.0,316
2025-07-14T10:48:00+05:30,2416.0,2416.0,2415.7,2415.7,959
2025-07-14T10:49:00+05:30,2416.0,2416.1,2414.9,2415.0,2207
2025-07-14T10:50:00+05:30,2415.0,2415.0,2413.1,2413.4,1333
2025-07-14T10:51:00+05:30,2413.4,2413.4,2413.0,2413.2,551
2025-07-14T10:52:00+05:30,2413.2,2413.2,2413.0,2413.0,377
2025-07-14T10:53:00+05:30,2412.9,2413.0,2412.5,2412.7,698
2025-07-14T10:54:00+05:30,2412.6,2414.0,2412.1,2413.3,6596
2025-07-14T10:55:00+05:30,2412.9,2413.0,2410.4,2410.4,2810
2025-07-14T10:56:00+05:30,2411.6,2411.8,2410.8,2411.3,3237
2025-07-14T10:57:00+05:30,2411.0,2411.3,2410.0,2410.8,818
2025-07-14T10:58:00+05:30,2410.8,2410.8,2410.0,2410.1,1175
2025-07-14T10:59:00+05:30,2410.2,2410.2,2409.2,2409.6,1334
2025-07-14T11:00:00+05:30,2409.6,2410.1,2409.5,2410.0,3590
2025-07-14T11:01:00+05:30,2409.8,2410.2,2409.3,2409.9,989
2025-07-14T11:02:00+05:30,2409.9,2409.9,2408.1,2408.9,2241
2025-07-14T11:03:00+05:30,2408.9,2410.5,2408.8,2410.0,2370
2025-07-14T11:04:00+05:30,2410.0,2410.1,2409.0,2409.6,274
2025-07-14T11:05:00+05:30,2409.4,2409.4,2408.5,2409.4,438
2025-07-14T11:06:00+05:30,2408.5,2409.4,2408.1,2409.0,826
2025-07-14T11:07:00+05:30,2409.0,2410.1,2408.5,2410.1,3365
2025-07-14T11:08:00+05:30,2410.1,2410.1,2408.1,2408.1,275
2025-07-14T11:09:00+05:30,2408.4,2410.3,2408.1,2410.3,3460
2025-07-14T11:10:00+05:30,2409.6,2411.4,2409.1,2410.8,1604
2025-07-14T11:11:00+05:30,2410.7,2411.3,2410.1,2410.7,777
2025-07-14T11:12:00+05:30,2410.7,2411.0,2409.9,2409.9,730
2025-07-14T11:13:00+05:30,2409.9,2409.9,2408.8,2409.8,1235
2025-07-14T11:14:00+05:30,2409.8,2411.7,2409.8,2411.7,2506
2025-07-14T11:15:00+05:30,2411.0,2411.7,2410.0,2410.2,341
2025-07-14T11:16:00+05:30,2410.2,2410.3,2409.0,2409.8,708
2025-07-14T11:17:00+05:30,2409.8,2409.8,2409.1,2409.8,250
2025-07-14T11:18:00+05:30,2409.8,2409.8,2408.8,2409.8,678
2025-07-14T11:19:00+05:30,2409.8,2409.8,2408.8,2408.8,1044
2025-07-14T11:20:00+05:30,2409.3,2409.4,2408.7,2409.2,1361
2025-07-14T11:21:00+05:30,2409.2,2409.2,2408.3,2408.7,1136
2025-07-14T11:22:00+05:30,2408.4,2408.6,2408.1,2408.3,811
2025-07-14T11:23:00+05:30,2408.3,2408.3,2405.8,2405.8,9826
2025-07-14T11:24:00+05:30,2405.7,2407.0,2405.0,2407.0,4896
2025-07-14T11:25:00+05:30,2407.0,2407.4,2405.9,2407.4,1212
2025-07-14T11:26:00+05:30,2407.4,2407.5,2406.0,2407.0,782
2025-07-14T11:27:00+05:30,2407.0,2407.4,2405.9,2407.2,2052
2025-07-14T11:28:00+05:30,2407.2,2407.7,2404.7,2404.9,4563
2025-07-14T11:29:00+05:30,2404.8,2406.9,2404.1,2406.0,3373
2025-07-14T11:30:00+05:30,2406.5,2407.3,2406.0,2406.9,1404
2025-07-14T11:31:00+05:30,2406.7,2406.7,2405.0,2405.2,837
2025-07-14T11:32:00+05:30,2405.1,2405.7,2405.0,2405.2,778
2025-07-14T11:33:00+05:30,2405.2,2405.5,2404.5,2405.4,595
2025-07-14T11:34:00+05:30,2405.4,2405.5,2404.6,2405.0,268
2025-07-14T11:35:00+05:30,2405.0,2405.0,2404.0,2404.1,1038
2025-07-14T11:36:00+05:30,2404.6,2404.8,2404.1,2404.8,408
2025-07-14T11:37:00+05:30,2404.8,2406.0,2404.8,2405.6,958
2025-07-14T11:38:00+05:30,2405.6,2405.6,2403.8,2404.7,2322
2025-07-14T11:39:00+05:30,2404.8,2404.8,2403.5,2404.8,1866
2025-07-14T11:40:00+05:30,2404.6,2406.0,2404.4,2405.1,1025
2025-07-14T11:41:00+05:30,2406.0,2407.9,2405.6,2406.1,2032
2025-07-14T11:42:00+05:30,2406.4,2406.4,2404.1,2404.5,2185
2025-07-14T11:43:00+05:30,2404.5,2404.6,2402.9,2403.3,2122
2025-07-14T11:44:00+05:30,2403.6,2403.7,2402.7,2403.7,1143
2025-07-14T11:45:00+05:30,2403.4,2403.7,2402.0,2402.9,1479
2025-07-14T11:46:00+05:30,2402.8,2403.7,2402.5,2403.7,1962
2025-07-14T11:47:00+05:30,2403.6,2403.9,2403.1,2403.9,789
2025-07-14T11:48:00+05:30,2403.9,2404.3,2403.3,2403.3,719
2025-07-14T11:49:00+05:30,2403.7,2403.8,2402.4,2403.4,1316
2025-07-14T11:50:00+05:30,2403.3,2403.6,2402.5,2403.2,2176
2025-07-14T11:51:00+05:30,2403.4,2404.4,2403.0,2404.3,1218
2025-07-14T11:52:00+05:30,2404.0,2404.8,2403.0,2404.7,565
2025-07-14T11:53:00+05:30,2404.6,2404.8,2403.0,2403.7,881
2025-07-14T11:54:00+05:30,2403.7,2403.7,2402.8,2403.2,1092
2025-07-14T11:55:00+05:30,2403.5,2404.0,2402.9,2403.8,1025
2025-07-14T11:56:00+05:30,2403.8,2404.0,2403.0,2404.0,500
2025-07-14T11:57:00+05:30,2403.4,2404.7,2403.1,2404.4,1371
2025-07-14T11:58:00+05:30,2404.4,2404.4,2402.8,2403.6,2987
2025-07-14T11:59:00+05:30,2404.1,2408.6,2402.9,2406.7,4727
2025-07-14T12:00:00+05:30,2407.4,2407.5,2406.0,2406.7,768
2025-07-14T12:01:00+05:30,2407.1,2407.1,2405.1,2405.6,498
2025-07-14T12:02:00+05:30,2405.5,2407.0,2405.2,2406.4,664
2025-07-14T12:03:00+05:30,2406.4,2407.0,2406.1,2406.9,332
2025-07-14T12:04:00+05:30,2407.0,2407.0,2406.3,2406.8,179
2025-07-14T12:05:00+05:30,2406.5,2408.9,2406.1,2408.9,1138
2025-07-14T12:06:00+05:30,2408.9,2410.6,2408.0,2408.7,2038
2025-07-14T12:07:00+05:30,2408.7,2408.8,2407.0,2407.9,1334
2025-07-14T12:08:00+05:30,2407.8,2409.5,2407.0,2408.3,1036
2025-07-14T12:09:00+05:30,2408.4,2411.4,2408.3,2410.5,1243
2025-07-14T12:10:00+05:30,2410.5,2410.5,2409.2,2410.3,1924
2025-07-14T12:11:00+05:30,2409.9,2410.1,2408.9,2409.6,702
2025-07-14T12:12:00+05:30,2409.6,2410.3,2408.9,2409.7,618
2025-07-14T12:13:00+05:30,2410.0,2410.0,2408.9,2409.4,492
2025-07-14T12:14:00+05:30,2409.9,2409.9,2409.0,2409.5,255
2025-07-14T12:15:00+05:30,2409.5,2409.8,2409.0,2409.3,134
2025-07-14T12:16:00+05:30,2409.3,2410.1,2408.6,2409.0,198
2025-07-14T12:17:00+05:30,2409.0,2409.2,2407.8,2407.8,316
2025-07-14T12:18:00+05:30,2407.8,2409.0,2407.7,2408.7,1383
2025-07-14T12:19:00+05:30,2408.7,2409.2,2408.5,2409.2,585
2025-07-14T12:20:00+05:30,2409.2,2409.8,2408.7,2409.6,716
2025-07-14T12:21:00+05:30,2409.6,2409.7,2408.5,2408.9,162
2025-07-14T12:22:00+05:30,2408.4,2409.0,2408.3,2409.0,122
2025-07-14T12:23:00+05:30,2408.7,2409.8,2408.2,2408.3,490
2025-07-14T12:24:00+05:30,2408.2,2408.4,2408.2,2408.4,66
2025-07-14T12:25:00+05:30,2408.4,2408.4,2408.3,2408.4,203
2025-07-14T12:26:00+05:30,2408.4,2409.4,2408.0,2408.3,707
2025-07-14T12:27:00+05:30,2408.3,2409.0,2408.0,2408.4,339
2025-07-14T12:28:00+05:30,2408.3,2409.2,2408.3,2408.7,407
2025-07-14T12:29:00+05:30,2408.3,2410.0,2408.0,2409.8,2083
2025-07-14T12:30:00+05:30,2409.8,2409.9,2408.0,2408.8,1137
2025-07-14T12:31:00+05:30,2408.8,2409.0,2408.0,2408.1,396
2025-07-14T12:32:00+05:30,2408.1,2408.1,2407.7,2408.0,344
2025-07-14T12:33:00+05:30,2408.0,2412.2,2407.8,2410.6,3068
2025-07-14T12:34:00+05:30,2410.6,2410.6,2407.5,2407.5,949
2025-07-14T12:35:00+05:30,2407.6,2408.6,2407.5,2408.3,1170
2025-07-14T12:36:00+05:30,2408.3,2408.3,2407.1,2407.7,495
2025-07-14T12:37:00+05:30,2408.0,2408.0,2406.7,2406.8,648
2025-07-14T12:38:00+05:30,2406.6,2406.9,2405.6,2406.0,935
2025-07-14T12:39:00+05:30,2406.0,2406.4,2405.2,2406.0,740
2025-07-14T12:40:00+05:30,2406.0,2408.9,2405.5,2408.0,854
2025-07-14T12:41:00+05:30,2407.3,2408.0,2407.0,2407.9,295
2025-07-14T12:42:00+05:30,2407.8,2408.3,2407.3,2408.0,649
2025-07-14T12:43:00+05:30,2407.3,2408.2,2407.3,2408.0,238
2025-07-14T12:44:00+05:30,2408.0,2408.0,2407.3,2408.0,227
2025-07-14T12:45:00+05:30,2408.0,2408.0,2407.3,2407.3,228
2025-07-14T12:46:00+05:30,2407.6,2407.7,2406.7,2406.7,314
2025-07-14T12:47:00+05:30,2406.7,2407.0,2405.9,2406.4,311
2025-07-14T12:48:00+05:30,2405.9,2406.4,2405.6,2406.2,326
2025-07-14T12:49:00+05:30,2406.3,2406.7,2405.1,2406.5,499
2025-07-14T12:50:00+05:30,2406.5,2406.8,2406.2,2406.2,571
2025-07-14T12:51:00+05:30,2406.8,2406.9,2406.2,2406.7,475
2025-07-14T12:52:00+05:30,2406.7,2407.3,2406.2,2407.2,514
2025-07-14T12:53:00+05:30,2407.2,2407.4,2405.3,2405.3,1684
2025-07-14T12:54:00+05:30,2405.9,2406.0,2404.7,2405.6,1418
2025-07-14T12:55:00+05:30,2404.7,2406.0,2404.6,2405.1,1463
2025-07-14T12:56:00+05:30,2405.5,2405.5,2404.5,2405.0,515
2025-07-14T12:57:00+05:30,2405.0,2405.0,2404.4,2404.8,516
2025-07-14T12:58:00+05:30,2404.8,2405.6,2404.1,2405.0,575
2025-07-14T12:59:00+05:30,2405.0,2405.6,2404.8,2405.6,951
2025-07-14T13:00:00+05:30,2405.8,2405.8,2404.1,2405.0,795
2025-07-14T13:01:00+05:30,2405.0,2405.1,2404.0,2404.6,824
2025-07-14T13:02:00+05:30,2404.1,2404.7,2404.0,2404.4,337
2025-07-14T13:03:00+05:30,2404.0,2405.0,2404.0,2404.4,570
2025-07-14T13:04:00+05:30,2404.4,2405.9,2404.3,2404.9,300
2025-07-14T13:05:00+05:30,2405.9,2405.9,2405.0,2405.2,228
2025-07-14T13:06:00+05:30,2405.2,2406.0,2404.9,2405.3,490
2025-07-14T13:07:00+05:30,2405.3,2405.3,2404.2,2404.4,873
2025-07-14T13:08:00+05:30,2404.3,2404.3,2400.4,2400.4,5478
2025-07-14T13:09:00+05:30,2400.5,2402.0,2400.4,2402.0,3419
2025-07-14T13:10:00+05:30,2401.0,2402.0,2400.0,2401.2,5724
2025-07-14T13:11:00+05:30,2400.9,2401.8,2400.2,2401.2,2642
2025-07-14T13:12:00+05:30,2401.3,2402.5,2400.6,2402.0,1341
2025-07-14T13:13:00+05:30,2401.9,2403.5,2401.0,2403.4,1187
2025-07-14T13:14:00+05:30,2403.4,2403.4,2401.2,2402.0,1089
2025-07-14T13:15:00+05:30,2402.0,2402.1,2401.1,2402.1,749
2025-07-14T13:16:00+05:30,2402.1,2403.0,2401.3,2402.2,1745
2025-07-14T13:17:00+05:30,2402.2,2403.1,2401.2,2402.6,749
2025-07-14T13:18:00+05:30,2402.7,2402.7,2400.0,2400.4,4816
2025-07-14T13:19:00+05:30,2400.4,2400.5,2400.0,2400.0,3475
2025-07-14T13:20:00+05:30,2400.1,2400.4,2398.6,2400.1,16056
2025-07-14T13:21:00+05:30,2400.2,2400.2,2398.7,2399.8,9107
2025-07-14T13:22:00+05:30,2399.6,2400.1,2399.0,2399.6,7151
2025-07-14T13:23:00+05:30,2400.0,2400.2,2399.0,2400.0,3639
2025-07-14T13:24:00+05:30,2400.0,2400.3,2399.2,2399.8,22516
2025-07-14T13:25:00+05:30,2400.2,2400.2,2399.0,2400.1,3468
2025-07-14T13:26:00+05:30,2400.0,2400.3,2399.2,2400.2,937
2025-07-14T13:27:00+05:30,2400.0,2400.2,2395.6,2396.1,5268
2025-07-14T13:28:00+05:30,2396.2,2396.2,2393.0,2393.4,4901
2025-07-14T13:29:00+05:30,2393.0,2394.0,2392.9,2394.0,3107
2025-07-14T13:30:00+05:30,2393.7,2394.0,2391.8,2392.6,2067
2025-07-14T13:31:00+05:30,2392.7,2393.1,2391.0,2392.9,3538
2025-07-14T13:32:00+05:30,2392.9,2393.4,2391.5,2392.4,2137
2025-07-14T13:33:00+05:30,2393.4,2395.0,2392.6,2394.4,4497
2025-07-14T13:34:00+05:30,2394.3,2394.3,2393.1,2394.3,1231
2025-07-14T13:35:00+05:30,2394.3,2395.0,2393.1,2393.7,1939
2025-07-14T13:36:00+05:30,2393.7,2394.8,2393.0,2393.2,1292
2025-07-14T13:37:00+05:30,2393.7,2394.0,2393.0,2393.5,762
2025-07-14T13:38:00+05:30,2393.4,2395.0,2392.6,2395.0,1881
2025-07-14T13:39:00+05:30,2395.0,2396.3,2394.3,2395.1,1394
2025-07-14T13:40:00+05:30,2395.9,2396.1,2395.1,2396.1,1111
2025-07-14T13:41:00+05:30,2396.0,2397.9,2395.8,2396.7,1511
2025-07-14T13:42:00+05:30,2396.7,2397.0,2395.6,2397.0,809
2025-07-14T13:43:00+05:30,2397.0,2397.0,2395.7,2396.4,309
2025-07-14T13:44:00+05:30,2396.0,2396.4,2395.0,2395.4,1000
2025-07-14T13:45:00+05:30,2396.0,2396.2,2394.9,2395.3,549
2025-07-14T13:46:00+05:30,2396.0,2397.0,2395.3,2397.0,937
2025-07-14T13:47:00+05:30,2397.0,2398.0,2396.0,2397.9,3005
2025-07-14T13:48:00+05:30,2397.9,2399.5,2396.8,2398.8,5451
2025-07-14T13:49:00+05:30,2398.8,2398.8,2396.7,2397.6,1572
2025-07-14T13:50:00+05:30,2397.7,2398.0,2397.6,2397.8,543
2025-07-14T13:51:00+05:30,2397.9,2397.9,2397.0,2397.5,388
2025-07-14T13:52:00+05:30,2397.5,2397.5,2396.5,2397.5,313
2025-07-14T13:53:00+05:30,2397.5,2397.5,2396.2,2397.3,743
2025-07-14T13:54:00+05:30,2396.9,2397.3,2395.5,2396.5,460
2025-07-14T13:55:00+05:30,2396.5,2396.5,2394.3,2395.2,813
2025-07-14T13:56:00+05:30,2395.2,2396.5,2394.4,2396.1,960
2025-07-14T13:57:00+05:30,2395.3,2396.1,2394.3,2394.4,841
2025-07-14T13:58:00+05:30,2394.4,2395.2,2392.1,2393.3,3583
2025-07-14T13:59:00+05:30,2393.6,2394.8,2393.4,2394.4,992
2025-07-14T14:00:00+05:30,2394.4,2395.5,2394.4,2395.0,1086
2025-07-14T14:01:00+05:30,2395.1,2395.4,2394.9,2394.9,465
2025-07-14T14:02:00+05:30,2395.3,2395.8,2394.5,2395.0,1124
2025-07-14T14:03:00+05:30,2395.0,2395.0,2394.1,2394.5,264
2025-07-14T14:04:00+05:30,2395.5,2396.2,2395.1,2395.8,1679
2025-07-14T14:05:00+05:30,2395.8,2396.8,2395.5,2395.9,906
2025-07-14T14:06:00+05:30,2396.7,2397.1,2395.8,2397.1,404
2025-07-14T14:07:00+05:30,2397.1,2398.7,2396.8,2398.4,1159
2025-07-14T14:08:00+05:30,2398.3,2398.4,2397.4,2398.0,402
2025-07-14T14:09:00+05:30,2398.0,2398.1,2397.6,2397.8,501
2025-07-14T14:10:00+05:30,2397.8,2398.1,2397.6,2397.8,1182
2025-07-14T14:11:00+05:30,2397.8,2397.9,2397.4,2397.9,1004
2025-07-14T14:12:00+05:30,2397.9,2399.3,2397.8,2398.5,1601
2025-07-14T14:13:00+05:30,2398.5,2400.6,2398.5,2400.6,1030
2025-07-14T14:14:00+05:30,2400.6,2402.0,2400.3,2401.2,2418
2025-07-14T14:15:00+05:30,2401.2,2401.3,2400.3,2400.4,1182
2025-07-14T14:16:00+05:30,2400.4,2400.9,2400.0,2400.3,1049
2025-07-14T14:17:00+05:30,2400.4,2402.9,2400.3,2401.3,2409
2025-07-14T14:18:00+05:30,2401.3,2402.4,2400.8,2401.3,1447
2025-07-14T14:19:00+05:30,2401.5,2402.9,2401.2,2402.4,631
2025-07-14T14:20:00+05:30,2402.5,2402.9,2402.1,2402.9,929
2025-07-14T14:21:00+05:30,2402.9,2402.9,2402.6,2402.9,612
2025-07-14T14:22:00+05:30,2402.8,2402.9,2402.0,2402.5,1569
2025-07-14T14:23:00+05:30,2402.5,2402.5,2401.9,2402.0,787
2025-07-14T14:24:00+05:30,2402.0,2402.9,2401.9,2402.9,1475
2025-07-14T14:25:00+05:30,2402.9,2402.9,2402.4,2402.9,594
2025-07-14T14:26:00+05:30,2402.9,2404.1,2402.5,2404.1,1824
2025-07-14T14:27:00+05:30,2404.1,2404.9,2403.5,2403.7,913
2025-07-14T14:28:00+05:30,2403.0,2403.4,2402.4,2402.9,367
2025-07-14T14:29:00+05:30,2402.8,2404.7,2402.6,2404.4,1192
2025-07-14T14:30:00+05:30,2404.9,2404.9,2404.0,2404.1,821
2025-07-14T14:31:00+05:30,2404.1,2404.1,2403.5,2404.0,335
2025-07-14T14:32:00+05:30,2403.6,2404.5,2403.0,2403.1,1035
2025-07-14T14:33:00+05:30,2403.9,2404.0,2403.2,2403.6,385
2025-07-14T14:34:00+05:30,2403.6,2403.6,2402.3,2403.0,610
2025-07-14T14:35:00+05:30,2403.4,2403.4,2402.2,2403.3,924
2025-07-14T14:36:00+05:30,2403.3,2403.3,2402.2,2402.5,514
2025-07-14T14:37:00+05:30,2403.0,2404.4,2402.6,2404.2,2180
2025-07-14T14:38:00+05:30,2403.6,2404.4,2403.6,2404.4,1022
2025-07-14T14:39:00+05:30,2404.4,2404.4,2403.6,2404.4,713
2025-07-14T14:40:00+05:30,2404.4,2404.4,2403.8,2403.9,679
2025-07-14T14:41:00+05:30,2403.8,2403.9,2403.5,2403.8,212
2025-07-14T14:42:00+05:30,2403.7,2403.8,2403.1,2403.6,382
2025-07-14T14:43:00+05:30,2403.6,2403.7,2403.4,2403.4,338
2025-07-14T14:44:00+05:30,2403.4,2404.5,2403.0,2404.5,1306
2025-07-14T14:45:00+05:30,2404.5,2406.0,2404.5,2404.9,4444
2025-07-14T14:46:00+05:30,2405.0,2405.1,2404.2,2404.7,1507
2025-07-14T14:47:00+05:30,2404.7,2404.7,2404.2,2404.4,1832
2025-07-14T14:48:00+05:30,2404.5,2406.4,2404.2,2405.0,6158
2025-07-14T14:49:00+05:30,2404.9,2405.2,2403.6,2404.1,10286
2025-07-14T14:50:00+05:30,2404.1,2404.9,2399.6,2399.9,33440
2025-07-14T14:51:00+05:30,2400.0,2400.0,2396.9,2397.0,10118
2025-07-14T14:52:00+05:30,2397.3,2401.3,2397.0,2400.5,9399
2025-07-14T14:53:00+05:30,2400.8,2402.5,2400.5,2401.6,1359
2025-07-14T14:54:00+05:30,2401.8,2403.9,2401.4,2403.5,3105
2025-07-14T14:55:00+05:30,2403.1,2403.5,2400.9,2401.3,3291
2025-07-14T14:56:00+05:30,2401.4,2401.5,2400.1,2400.1,2347
2025-07-14T14:57:00+05:30,2400.2,2401.6,2400.2,2401.6,6001
2025-07-14T14:58:00+05:30,2401.6,2404.0,2401.4,2403.2,5910
2025-07-14T14:59:00+05:30,2402.9,2404.6,2402.3,2404.6,2926
2025-07-14T15:00:00+05:30,2404.6,2406.0,2404.3,2405.6,6566
2025-07-14T15:01:00+05:30,2405.4,2405.9,2405.3,2405.9,8347
2025-07-14T15:02:00+05:30,2405.8,2405.9,2405.0,2405.2,4883
2025-07-14T15:03:00+05:30,2405.2,2405.2,2403.6,2403.6,7571
2025-07-14T15:04:00+05:30,2403.7,2403.9,2401.0,2401.1,7104
2025-07-14T15:05:00+05:30,2401.2,2401.7,2400.7,2401.0,9781
2025-07-14T15:06:00+05:30,2400.9,2403.0,2400.8,2402.2,13037
2025-07-14T15:07:00+05:30,2402.1,2402.2,2401.3,2401.4,3561
2025-07-14T15:08:00+05:30,2401.3,2401.4,2400.9,2401.1,7377
2025-07-14T15:09:00+05:30,2401.0,2401.3,2400.8,2401.0,4436
2025-07-14T15:10:00+05:30,2400.9,2400.9,2399.9,2400.0,11074
2025-07-14T15:11:00+05:30,2400.1,2402.9,2399.9,2402.3,15247
2025-07-14T15:12:00+05:30,2402.3,2404.4,2402.3,2404.3,9246
2025-07-14T15:13:00+05:30,2404.3,2404.8,2401.5,2401.8,10480
2025-07-14T15:14:00+05:30,2401.7,2401.8,2400.0,2400.3,15457
2025-07-14T15:15:00+05:30,2400.5,2400.5,2399.7,2400.1,12293
2025-07-14T15:16:00+05:30,2400.1,2400.1,2399.8,2399.9,7453
2025-07-14T15:17:00+05:30,2400.0,2402.6,2399.7,2401.6,15235
2025-07-14T15:18:00+05:30,2401.5,2401.8,2401.2,2401.8,7645
2025-07-14T15:19:00+05:30,2401.8,2401.8,2400.5,2400.9,7584
2025-07-14T15:20:00+05:30,2400.9,2400.9,2398.8,2399.0,14746
2025-07-14T15:21:00+05:30,2399.0,2400.1,2399.0,2400.1,10899
2025-07-14T15:22:00+05:30,2400.1,2403.6,2400.0,2402.9,10696
2025-07-14T15:23:00+05:30,2403.2,2403.2,2402.6,2402.6,7076
2025-07-14T15:24:00+05:30,2402.7,2404.0,2402.1,2403.8,10784
2025-07-14T15:25:00+05:30,2403.7,2403.9,2402.0,2402.3,5746
2025-07-14T15:26:00+05:30,2402.2,2402.3,2400.2,2400.9,7088
2025-07-14T15:27:00+05:30,2400.8,2400.9,2399.4,2399.4,5324
2025-07-14T15:28:00+05:30,2399.5,2402.0,2399.0,2401.2,8104
2025-07-14T15:29:00+05:30,2402.0,2405.1,2401.0,2404.8,2298
2025-07-11T09:15:00+05:30,2447.5,2450.2,2442.1,2447.4,14801
2025-07-11T09:16:00+05:30,2447.4,2451.2,2444.4,2449.2,6494
2025-07-11T09:17:00+05:30,2449.5,2451.2,2446.0,2451.2,4951
2025-07-11T09:18:00+05:30,2451.2,2452.4,2446.5,2448.2,4463
2025-07-11T09:19:00+05:30,2448.3,2449.0,2444.4,2446.4,5027
2025-07-11T09:20:00+05:30,2446.4,2452.3,2446.0,2452.3,6290
2025-07-11T09:21:00+05:30,2451.4,2452.6,2448.8,2450.0,8036
2025-07-11T09:22:00+05:30,2450.0,2451.8,2449.1,2451.2,2880
2025-07-11T09:23:00+05:30,2451.2,2454.0,2450.0,2454.0,2054
2025-07-11T09:24:00+05:30,2454.0,2458.0,2453.2,2457.6,5877
2025-07-11T09:25:00+05:30,2457.7,2461.9,2457.7,2461.2,8301
2025-07-11T09:26:00+05:30,2461.2,2461.5,2458.5,2459.8,3298
2025-07-11T09:27:00+05:30,2460.0,2461.4,2458.6,2460.9,2857
2025-07-11T09:28:00+05:30,2460.9,2463.6,2460.5,2462.9,3159
2025-07-11T09:29:00+05:30,2462.9,2464.0,2459.7,2462.3,10944
2025-07-11T09:30:00+05:30,2463.2,2466.9,2463.2,2465.7,10971
2025-07-11T09:31:00+05:30,2466.0,2469.0,2465.9,2466.8,9856
2025-07-11T09:32:00+05:30,2467.4,2470.6,2466.8,2469.9,10828
2025-07-11T09:33:00+05:30,2470.0,2471.2,2469.0,2470.5,7253
2025-07-11T09:34:00+05:30,2471.0,2471.0,2463.2,2466.8,19565
2025-07-11T09:35:00+05:30,2467.0,2468.0,2465.5,2466.8,5785
2025-07-11T09:36:00+05:30,2466.8,2467.3,2463.1,2464.0,3173
2025-07-11T09:37:00+05:30,2463.9,2464.0,2461.5,2462.6,2998
2025-07-11T09:38:00+05:30,2462.6,2463.9,2462.2,2463.9,1061
2025-07-11T09:39:00+05:30,2463.2,2465.0,2462.0,2464.4,2341
2025-07-11T09:40:00+05:30,2464.4,2464.5,2463.0,2463.4,1155
2025-07-11T09:41:00+05:30,2463.4,2466.0,2462.1,2465.9,3427
2025-07-11T09:42:00+05:30,2465.3,2465.9,2463.3,2464.9,2313
2025-07-11T09:43:00+05:30,2464.9,2465.0,2463.6,2464.4,1215
2025-07-11T09:44:00+05:30,2463.5,2464.9,2462.1,2464.3,1946
2025-07-11T09:45:00+05:30,2464.8,2465.5,2464.0,2464.9,1224
2025-07-11T09:46:00+05:30,2464.9,2468.4,2464.7,2468.4,3568
2025-07-11T09:47:00+05:30,2468.4,2469.5,2467.2,2468.7,2506
2025-07-11T09:48:00+05:30,2468.6,2469.0,2467.6,2468.1,2162
2025-07-11T09:49:00+05:30,2468.1,2470.5,2467.9,2470.3,3143
2025-07-11T09:50:00+05:30,2470.2,2473.7,2470.0,2472.9,6206
2025-07-11T09:51:00+05:30,2472.9,2473.9,2470.8,2472.1,5843
2025-07-11T09:52:00+05:30,2472.1,2473.5,2471.2,2472.4,2475
2025-07-11T09:53:00+05:30,2472.4,2478.0,2472.4,2477.5,10653
2025-07-11T09:54:00+05:30,2477.1,2481.0,2476.0,2480.6,6920
2025-07-11T09:55:00+05:30,2480.0,2482.1,2478.4,2481.2,8060
2025-07-11T09:56:00+05:30,2481.4,2484.3,2480.3,2482.6,10723
2025-07-11T09:57:00+05:30,2483.3,2484.8,2477.1,2478.5,7634
2025-07-11T09:58:00+05:30,2478.5,2480.0,2477.3,2477.3,2345
2025-07-11T09:59:00+05:30,2477.4,2478.4,2476.9,2477.5,2178
2025-07-11T10:00:00+05:30,2478.0,2478.4,2473.8,2474.5,4455
2025-07-11T10:01:00+05:30,2474.4,2475.2,2471.1,2474.3,3908
2025-07-11T10:02:00+05:30,2474.9,2477.0,2474.0,2475.1,2737
2025-07-11T10:03:00+05:30,2474.7,2476.0,2474.6,2475.7,1760
2025-07-11T10:04:00+05:30,2475.6,2475.8,2475.0,2475.3,656
2025-07-11T10:05:00+05:30,2475.3,2475.4,2474.0,2474.0,1642
2025-07-11T10:06:00+05:30,2474.0,2475.5,2473.0,2474.2,3515
2025-07-11T10:07:00+05:30,2473.7,2474.9,2473.2,2473.9,1471
2025-07-11T10:08:00+05:30,2474.0,2475.6,2473.7,2474.1,2150
2025-07-11T10:09:00+05:30,2474.3,2475.8,2474.2,2475.0,1378
2025-07-11T10:10:00+05:30,2475.5,2475.5,2473.0,2473.6,1484
2025-07-11T10:11:00+05:30,2473.0,2474.1,2472.0,2472.5,1964
2025-07-11T10:12:00+05:30,2472.3,2472.4,2468.3,2468.4,6566
2025-07-11T10:13:00+05:30,2469.0,2470.0,2468.4,2469.4,2109
2025-07-11T10:14:00+05:30,2469.7,2470.0,2468.0,2469.8,1891
2025-07-11T10:15:00+05:30,2469.6,2472.4,2469.6,2471.9,2959
2025-07-11T10:16:00+05:30,2472.0,2474.4,2472.0,2473.2,1438
2025-07-11T10:17:00+05:30,2474.0,2474.4,2473.2,2474.0,1509
2025-07-11T10:18:00+05:30,2474.0,2475.0,2472.4,2473.2,2248
2025-07-11T10:19:00+05:30,2473.0,2474.0,2471.6,2472.0,919
2025-07-11T10:20:00+05:30,2472.0,2472.1,2470.4,2472.0,857
2025-07-11T10:21:00+05:30,2472.0,2472.0,2470.7,2471.1,1489
2025-07-11T10:22:00+05:30,2471.1,2472.2,2470.2,2472.1,1267
2025-07-11T10:23:00+05:30,2472.1,2472.9,2471.4,2472.5,1218
2025-07-11T10:24:00+05:30,2472.8,2473.1,2471.8,2472.9,914
2025-07-11T10:25:00+05:30,2472.9,2474.1,2472.2,2472.9,1335
2025-07-11T10:26:00+05:30,2472.9,2472.9,2471.6,2472.0,1060
2025-07-11T10:27:00+05:30,2472.7,2473.0,2471.6,2471.6,771
2025-07-11T10:28:00+05:30,2472.5,2472.5,2470.8,2471.4,916
2025-07-11T10:29:00+05:30,2471.4,2474.7,2471.0,2474.0,1233
2025-07-11T10:30:00+05:30,2474.0,2475.0,2472.2,2474.3,1911
2025-07-11T10:31:00+05:30,2474.9,2475.7,2473.4,2474.4,1929
2025-07-11T10:32:00+05:30,2474.7,2475.6,2474.4,2474.4,1427
2025-07-11T10:33:00+05:30,2474.6,2475.0,2472.2,2472.8,1352
2025-07-11T10:34:00+05:30,2472.8,2474.5,2472.1,2472.5,1494
2025-07-11T10:35:00+05:30,2472.5,2473.2,2468.7,2471.9,5145
2025-07-11T10:36:00+05:30,2471.9,2472.0,2469.5,2471.0,1748
2025-07-11T10:37:00+05:30,2471.0,2474.1,2471.0,2472.5,2924
2025-07-11T10:38:00+05:30,2472.8,2474.8,2472.8,2474.8,1146
2025-07-11T10:39:00+05:30,2474.8,2474.9,2472.6,2473.0,2491
2025-07-11T10:40:00+05:30,2473.0,2476.4,2471.9,2475.0,4257
2025-07-11T10:41:00+05:30,2475.0,2476.2,2475.0,2475.1,770
2025-07-11T10:42:00+05:30,2475.6,2476.0,2475.0,2475.0,1030
2025-07-11T10:43:00+05:30,2475.6,2476.0,2473.6,2473.8,1958
2025-07-11T10:44:00+05:30,2474.1,2474.4,2472.9,2473.0,1996
2025-07-11T10:45:00+05:30,2473.6,2474.9,2473.0,2473.4,763
2025-07-11T10:46:00+05:30,2473.8,2474.3,2470.3,2470.8,2827
2025-07-11T10:47:00+05:30,2471.0,2472.0,2470.1,2472.0,1789
2025-07-11T10:48:00+05:30,2472.0,2472.9,2471.1,2472.0,1087
2025-07-11T10:49:00+05:30,2471.9,2472.0,2470.1,2470.1,1399
2025-07-11T10:50:00+05:30,2470.9,2471.0,2470.0,2470.8,1726
2025-07-11T10:51:00+05:30,2470.2,2472.6,2470.2,2471.5,2051
2025-07-11T10:52:00+05:30,2471.6,2474.1,2471.4,2474.1,1629
2025-07-11T10:53:00+05:30,2474.2,2474.2,2472.7,2473.1,1430
2025-07-11T10:54:00+05:30,2474.0,2474.0,2471.5,2471.5,1008
2025-07-11T10:55:00+05:30,2471.8,2472.5,2470.9,2472.3,1052
2025-07-11T10:56:00+05:30,2472.3,2473.0,2472.0,2472.0,735
2025-07-11T10:57:00+05:30,2472.7,2472.8,2470.4,2470.7,1665
2025-07-11T10:58:00+05:30,2470.8,2471.0,2468.2,2469.2,3093
2025-07-11T10:59:00+05:30,2470.0,2470.0,2468.0,2469.0,3404
2025-07-11T11:00:00+05:30,2469.0,2470.0,2468.0,2468.5,1685
2025-07-11T11:01:00+05:30,2468.5,2470.4,2467.5,2470.3,2667
2025-07-11T11:02:00+05:30,2470.2,2471.4,2469.2,2470.9,1666
2025-07-11T11:03:00+05:30,2470.9,2470.9,2468.5,2468.5,989
2025-07-11T11:04:00+05:30,2468.5,2470.2,2467.9,2469.2,1950
2025-07-11T11:05:00+05:30,2469.4,2471.1,2468.4,2471.1,3212
2025-07-11T11:06:00+05:30,2471.1,2471.7,2470.0,2470.5,1264
2025-07-11T11:07:00+05:30,2471.0,2471.3,2470.0,2471.1,1239
2025-07-11T11:08:00+05:30,2471.2,2471.7,2467.6,2467.6,2436
2025-07-11T11:09:00+05:30,2467.6,2467.6,2462.4,2465.3,19506
2025-07-11T11:10:00+05:30,2465.4,2465.4,2464.0,2464.8,2102
2025-07-11T11:11:00+05:30,2464.9,2466.0,2464.8,2465.1,1350
2025-07-11T11:12:00+05:30,2466.0,2468.7,2464.7,2468.4,4181
2025-07-11T11:13:00+05:30,2468.5,2468.6,2464.1,2465.0,2479
2025-07-11T11:14:00+05:30,2465.0,2465.0,2463.0,2464.0,2063
2025-07-11T11:15:00+05:30,2464.0,2466.0,2463.4,2463.6,9368
2025-07-11T11:16:00+05:30,2464.6,2465.3,2462.5,2465.3,3548
2025-07-11T11:17:00+05:30,2465.0,2465.8,2465.0,2465.0,847
2025-07-11T11:18:00+05:30,2465.0,2465.5,2464.5,2464.8,851
2025-07-11T11:19:00+05:30,2464.8,2465.0,2463.5,2463.9,2275
2025-07-11T11:20:00+05:30,2463.9,2464.5,2463.1,2463.6,4360
2025-07-11T11:21:00+05:30,2463.6,2464.5,2463.5,2464.5,2241
2025-07-11T11:22:00+05:30,2464.3,2466.7,2463.5,2466.0,4817
2025-07-11T11:23:00+05:30,2466.3,2466.4,2465.0,2465.0,821
2025-07-11T11:24:00+05:30,2465.5,2466.0,2465.0,2465.5,987
2025-07-11T11:25:00+05:30,2465.9,2468.0,2465.0,2466.5,9414
2025-07-11T11:26:00+05:30,2467.6,2467.7,2463.6,2465.4,3689
2025-07-11T11:27:00+05:30,2465.5,2465.7,2462.5,2464.8,1521
2025-07-11T11:28:00+05:30,2464.8,2465.7,2463.4,2463.4,1335
2025-07-11T11:29:00+05:30,2464.8,2467.3,2464.8,2467.0,2392
2025-07-11T11:30:00+05:30,2466.9,2468.5,2466.9,2467.2,1915
2025-07-11T11:31:00+05:30,2467.2,2468.3,2466.2,2468.2,2672
2025-07-11T11:32:00+05:30,2468.2,2468.7,2467.4,2468.0,2870
2025-07-11T11:33:00+05:30,2468.5,2469.6,2468.0,2468.5,1529
2025-07-11T11:34:00+05:30,2468.5,2469.5,2468.0,2468.2,1583
2025-07-11T11:35:00+05:30,2468.2,2468.5,2467.5,2468.5,957
2025-07-11T11:36:00+05:30,2468.5,2469.4,2466.8,2467.1,2261
2025-07-11T11:37:00+05:30,2466.5,2467.8,2466.5,2467.2,6561
2025-07-11T11:38:00+05:30,2467.2,2467.8,2466.7,2467.2,1000
2025-07-11T11:39:00+05:30,2467.2,2468.3,2466.5,2468.3,1727
2025-07-11T11:40:00+05:30,2468.3,2468.4,2467.2,2468.2,868
2025-07-11T11:41:00+05:30,2468.4,2468.4,2467.1,2467.1,887
2025-07-11T11:42:00+05:30,2467.6,2468.3,2467.1,2468.3,752
2025-07-11T11:43:00+05:30,2468.2,2468.3,2467.0,2467.5,1078
2025-07-11T11:44:00+05:30,2467.8,2467.9,2465.0,2466.1,1343
2025-07-11T11:45:00+05:30,2466.1,2466.7,2464.3,2465.7,1163
2025-07-11T11:46:00+05:30,2465.7,2466.5,2464.9,2466.5,1086
2025-07-11T11:47:00+05:30,2466.5,2466.5,2464.3,2465.4,1037
2025-07-11T11:48:00+05:30,2465.4,2465.5,2464.8,2465.5,737
2025-07-11T11:49:00+05:30,2465.8,2466.3,2465.0,2465.8,632
2025-07-11T11:50:00+05:30,2465.8,2466.1,2465.0,2465.9,729
2025-07-11T11:51:00+05:30,2466.0,2466.0,2465.0,2465.8,1103
2025-07-11T11:52:00+05:30,2465.7,2466.0,2465.0,2465.8,1159
2025-07-11T11:53:00+05:30,2465.8,2466.0,2465.0,2466.0,1062
2025-07-11T11:54:00+05:30,2466.0,2466.0,2465.0,2465.0,1048
2025-07-11T11:55:00+05:30,2465.5,2465.5,2464.0,2464.7,2458
2025-07-11T11:56:00+05:30,2464.7,2465.0,2463.9,2464.8,925
2025-07-11T11:57:00+05:30,2464.8,2464.8,2463.2,2464.8,1361
2025-07-11T11:58:00+05:30,2465.0,2465.0,2463.8,2464.8,893
2025-07-11T11:59:00+05:30,2464.7,2464.7,2463.0,2463.7,2665
2025-07-11T12:00:00+05:30,2463.7,2464.5,2462.2,2463.6,1490
2025-07-11T12:01:00+05:30,2463.6,2464.4,2461.8,2462.9,1571
2025-07-11T12:02:00+05:30,2463.0,2463.5,2462.1,2463.3,1067
2025-07-11T12:03:00+05:30,2463.3,2463.4,2462.1,2462.2,1008
2025-07-11T12:04:00+05:30,2463.0,2463.0,2458.3,2458.9,7167
2025-07-11T12:05:00+05:30,2459.6,2460.8,2458.4,2459.1,2552
2025-07-11T12:06:00+05:30,2459.1,2460.0,2458.3,2459.1,1987
2025-07-11T12:07:00+05:30,2459.9,2459.9,2458.1,2458.7,1120
2025-07-11T12:08:00+05:30,2458.9,2459.1,2457.2,2457.2,1649
2025-07-11T12:09:00+05:30,2458.4,2458.4,2455.0,2456.0,3062
2025-07-11T12:10:00+05:30,2455.9,2456.9,2454.5,2455.2,2577
2025-07-11T12:11:00+05:30,2455.3,2456.4,2454.2,2455.4,2212
2025-07-11T12:12:00+05:30,2455.9,2456.0,2453.2,2454.7,4833
2025-07-11T12:13:00+05:30,2454.7,2456.4,2454.3,2456.4,2125
2025-07-11T12:14:00+05:30,2456.4,2456.4,2454.9,2456.4,1504
2025-07-11T12:15:00+05:30,2456.2,2456.4,2454.4,2455.5,4234
2025-07-11T12:16:00+05:30,2455.5,2456.6,2454.3,2456.1,5277
2025-07-11T12:17:00+05:30,2456.1,2456.9,2455.3,2456.6,1184
2025-07-11T12:18:00+05:30,2456.6,2458.0,2455.1,2456.0,6659
2025-07-11T12:19:00+05:30,2456.0,2456.0,2454.2,2454.7,2585
2025-07-11T12:20:00+05:30,2454.8,2455.0,2454.7,2455.0,1120
2025-07-11T12:21:00+05:30,2455.0,2455.0,2454.7,2454.7,1037
2025-07-11T12:22:00+05:30,2455.0,2455.2,2454.6,2454.8,941
2025-07-11T12:23:00+05:30,2454.8,2455.0,2453.1,2454.2,1631
2025-07-11T12:24:00+05:30,2454.0,2455.0,2453.1,2454.9,2235
2025-07-11T12:25:00+05:30,2455.0,2455.0,2454.2,2455.0,1344
2025-07-11T12:26:00+05:30,2455.0,2455.0,2453.1,2454.1,1087
2025-07-11T12:27:00+05:30,2454.0,2454.5,2453.1,2454.2,765
2025-07-11T12:28:00+05:30,2453.4,2454.9,2453.3,2454.5,965
2025-07-11T12:29:00+05:30,2454.5,2456.0,2453.4,2455.1,6241
2025-07-11T12:30:00+05:30,2455.1,2456.1,2455.0,2455.5,1408
2025-07-11T12:31:00+05:30,2455.4,2456.2,2455.4,2456.1,1495
2025-07-11T12:32:00+05:30,2456.1,2456.1,2455.0,2455.3,1198
2025-07-11T12:33:00+05:30,2455.3,2455.9,2455.0,2455.5,926
2025-07-11T12:34:00+05:30,2455.5,2455.5,2454.0,2454.8,2640
2025-07-11T12:35:00+05:30,2454.8,2454.9,2454.2,2454.8,984
2025-07-11T12:36:00+05:30,2454.8,2455.9,2452.1,2452.3,11775
2025-07-11T12:37:00+05:30,2452.9,2452.9,2448.6,2451.3,16225
2025-07-11T12:38:00+05:30,2451.3,2451.3,2448.0,2448.4,2924
2025-07-11T12:39:00+05:30,2448.5,2450.2,2448.4,2450.2,6911
2025-07-11T12:40:00+05:30,2450.2,2451.4,2450.2,2451.1,987
2025-07-11T12:41:00+05:30,2451.1,2451.4,2450.5,2450.8,566
2025-07-11T12:42:00+05:30,2450.8,2451.9,2450.6,2451.9,713
2025-07-11T12:43:00+05:30,2451.9,2453.5,2450.0,2453.5,5128
2025-07-11T12:44:00+05:30,2453.5,2454.7,2448.1,2449.3,8990
2025-07-11T12:45:00+05:30,2449.4,2450.6,2448.7,2449.3,1988
2025-07-11T12:46:00+05:30,2450.0,2450.2,2449.3,2450.0,791
2025-07-11T12:47:00+05:30,2450.1,2450.6,2449.0,2449.7,1497
2025-07-11T12:48:00+05:30,2449.7,2450.4,2448.6,2449.7,9897
2025-07-11T12:49:00+05:30,2449.7,2450.0,2448.1,2450.0,2960
2025-07-11T12:50:00+05:30,2450.0,2450.1,2447.3,2448.4,6400
2025-07-11T12:51:00+05:30,2448.9,2449.5,2445.0,2445.0,7037
2025-07-11T12:52:00+05:30,2445.1,2446.0,2443.6,2445.2,1938
2025-07-11T12:53:00+05:30,2445.4,2446.2,2444.7,2445.8,1721
2025-07-11T12:54:00+05:30,2445.9,2446.7,2441.0,2442.3,4570
2025-07-11T12:55:00+05:30,2441.6,2442.7,2441.1,2442.7,1895
2025-07-11T12:56:00+05:30,2442.7,2443.8,2442.7,2443.5,1574
2025-07-11T12:57:00+05:30,2443.5,2443.9,2442.3,2443.8,1675
2025-07-11T12:58:00+05:30,2443.9,2445.2,2443.8,2444.8,1526
2025-07-11T12:59:00+05:30,2444.8,2448.6,2444.6,2447.9,2571
2025-07-11T13:00:00+05:30,2448.1,2449.9,2447.7,2448.9,1792
2025-07-11T13:01:00+05:30,2448.9,2449.4,2447.8,2447.8,1472
2025-07-11T13:02:00+05:30,2448.9,2449.8,2447.4,2449.5,1280
2025-07-11T13:03:00+05:30,2449.0,2449.5,2447.9,2449.1,1259
2025-07-11T13:04:00+05:30,2448.2,2449.3,2447.9,2449.0,1010
2025-07-11T13:05:00+05:30,2449.0,2449.5,2447.8,2449.2,1304
2025-07-11T13:06:00+05:30,2449.2,2450.0,2448.4,2450.0,1339
2025-07-11T13:07:00+05:30,2450.1,2451.0,2449.3,2449.7,1282
2025-07-11T13:08:00+05:30,2450.6,2450.6,2449.1,2450.0,3611
2025-07-11T13:09:00+05:30,2450.0,2450.3,2447.9,2448.6,1507
2025-07-11T13:10:00+05:30,2448.8,2451.3,2448.0,2451.0,1527
2025-07-11T13:11:00+05:30,2451.0,2451.9,2450.3,2451.8,1983
2025-07-11T13:12:00+05:30,2451.8,2451.8,2450.2,2451.3,1361
2025-07-11T13:13:00+05:30,2451.3,2451.6,2450.3,2451.4,1095
2025-07-11T13:14:00+05:30,2450.7,2451.5,2450.3,2451.2,1140
2025-07-11T13:15:00+05:30,2451.2,2451.8,2450.7,2450.9,1106
2025-07-11T13:16:00+05:30,2450.9,2451.2,2450.0,2450.5,1065
2025-07-11T13:17:00+05:30,2451.2,2452.9,2450.0,2452.9,1897
2025-07-11T13:18:00+05:30,2452.9,2453.5,2452.4,2453.4,2469
2025-07-11T13:19:00+05:30,2453.4,2453.5,2452.2,2452.8,963
2025-07-11T13:20:00+05:30,2453.4,2453.5,2452.6,2453.3,1377
2025-07-11T13:21:00+05:30,2453.3,2453.3,2448.1,2450.5,5545
2025-07-11T13:22:00+05:30,2450.5,2453.2,2450.1,2453.2,1705
2025-07-11T13:23:00+05:30,2453.2,2453.6,2452.2,2453.6,1326
2025-07-11T13:24:00+05:30,2453.6,2453.9,2452.3,2453.8,1252
2025-07-11T13:25:00+05:30,2453.8,2454.4,2453.4,2453.9,1787
2025-07-11T13:26:00+05:30,2453.7,2454.4,2453.0,2453.8,1214
2025-07-11T13:27:00+05:30,2453.8,2454.8,2451.9,2453.9,1832
2025-07-11T13:28:00+05:30,2453.9,2454.0,2452.9,2453.9,1215
2025-07-11T13:29:00+05:30,2453.9,2453.9,2452.1,2452.8,1095
2025-07-11T13:30:00+05:30,2452.9,2453.4,2451.8,2453.0,2397
2025-07-11T13:31:00+05:30,2453.0,2453.1,2451.1,2452.5,1602
2025-07-11T13:32:00+05:30,2452.7,2453.7,2451.3,2453.3,1550
2025-07-11T13:33:00+05:30,2452.8,2453.8,2452.2,2453.2,1538
2025-07-11T13:34:00+05:30,2453.0,2453.4,2451.3,2451.3,1916
2025-07-11T13:35:00+05:30,2451.7,2452.2,2450.7,2451.2,1266
2025-07-11T13:36:00+05:30,2451.8,2452.2,2451.7,2452.2,1067
2025-07-11T13:37:00+05:30,2452.2,2452.4,2451.4,2452.4,1052
2025-07-11T13:38:00+05:30,2452.4,2452.8,2451.3,2452.3,1402
2025-07-11T13:39:00+05:30,2452.2,2452.7,2452.2,2452.4,1151
2025-07-11T13:40:00+05:30,2451.7,2452.6,2450.1,2450.4,1302
2025-07-11T13:41:00+05:30,2450.3,2451.4,2450.3,2450.8,1434
2025-07-11T13:42:00+05:30,2451.0,2451.6,2450.1,2450.9,1456
2025-07-11T13:43:00+05:30,2451.1,2451.1,2448.2,2448.6,2497
2025-07-11T13:44:00+05:30,2449.0,2449.5,2448.4,2449.5,1498
2025-07-11T13:45:00+05:30,2449.1,2449.8,2448.2,2449.5,3053
2025-07-11T13:46:00+05:30,2449.5,2449.7,2448.5,2449.7,1084
2025-07-11T13:47:00+05:30,2449.7,2449.7,2445.4,2446.4,3243
2025-07-11T13:48:00+05:30,2446.4,2448.1,2445.5,2448.0,1804
2025-07-11T13:49:00+05:30,2448.0,2448.3,2445.8,2446.1,1531
2025-07-11T13:50:00+05:30,2447.2,2448.0,2445.3,2447.0,3445
2025-07-11T13:51:00+05:30,2447.0,2447.6,2445.2,2446.4,4382
2025-07-11T13:52:00+05:30,2446.4,2446.7,2445.2,2446.2,1731
2025-07-11T13:53:00+05:30,2445.7,2446.2,2443.0,2443.0,2840
2025-07-11T13:54:00+05:30,2443.0,2444.9,2442.1,2442.8,3010
2025-07-11T13:55:00+05:30,2443.1,2443.6,2441.4,2442.9,2399
2025-07-11T13:56:00+05:30,2443.3,2444.3,2441.7,2444.2,3000
2025-07-11T13:57:00+05:30,2443.4,2444.2,2441.7,2442.4,2033
2025-07-11T13:58:00+05:30,2442.4,2443.7,2441.5,2442.0,1879
2025-07-11T13:59:00+05:30,2442.9,2443.5,2441.7,2443.0,1552
2025-07-11T14:00:00+05:30,2443.6,2444.6,2441.5,2443.2,3642
2025-07-11T14:01:00+05:30,2442.8,2443.9,2442.2,2443.3,1396
2025-07-11T14:02:00+05:30,2443.3,2444.0,2441.5,2443.3,1953
2025-07-11T14:03:00+05:30,2443.3,2443.9,2441.6,2442.7,2851
2025-07-11T14:04:00+05:30,2442.7,2443.2,2441.9,2442.8,1094
2025-07-11T14:05:00+05:30,2442.8,2444.0,2442.6,2443.9,822
2025-07-11T14:06:00+05:30,2443.9,2444.0,2442.7,2443.8,1832
2025-07-11T14:07:00+05:30,2443.8,2444.1,2443.0,2443.9,2225
2025-07-11T14:08:00+05:30,2443.9,2444.1,2443.0,2443.9,1027
2025-07-11T14:09:00+05:30,2443.9,2444.4,2443.0,2444.1,1286
2025-07-11T14:10:00+05:30,2444.1,2444.2,2443.1,2443.2,1284
2025-07-11T14:11:00+05:30,2443.2,2444.2,2443.0,2444.2,1165
2025-07-11T14:12:00+05:30,2444.2,2446.2,2443.1,2445.6,5386
2025-07-11T14:13:00+05:30,2445.7,2445.7,2443.0,2444.1,2000
2025-07-11T14:14:00+05:30,2444.1,2444.9,2443.0,2444.9,1418
2025-07-11T14:15:00+05:30,2444.9,2444.9,2442.5,2443.7,1685
2025-07-11T14:16:00+05:30,2443.6,2443.7,2442.2,2443.0,1121
2025-07-11T14:17:00+05:30,2443.4,2444.1,2442.0,2443.0,1589
2025-07-11T14:18:00+05:30,2444.0,2444.5,2443.4,2444.5,1107
2025-07-11T14:19:00+05:30,2444.5,2445.0,2443.8,2445.0,860
2025-07-11T14:20:00+05:30,2444.9,2445.0,2441.9,2444.0,2921
2025-07-11T14:21:00+05:30,2444.1,2444.5,2443.2,2444.0,1082
2025-07-11T14:22:00+05:30,2444.0,2444.5,2443.3,2444.5,1244
2025-07-11T14:23:00+05:30,2443.7,2444.5,2443.2,2444.4,1188
2025-07-11T14:24:00+05:30,2444.4,2444.9,2443.6,2444.9,1051
2025-07-11T14:25:00+05:30,2443.8,2445.4,2443.6,2445.3,1471
2025-07-11T14:26:00+05:30,2445.2,2446.4,2444.4,2446.4,917
2025-07-11T14:27:00+05:30,2446.4,2446.7,2445.9,2446.6,1407
2025-07-11T14:28:00+05:30,2446.5,2446.5,2443.8,2445.3,1830
2025-07-11T14:29:00+05:30,2445.2,2445.4,2443.6,2444.6,1106
2025-07-11T14:30:00+05:30,2444.6,2444.7,2443.2,2444.6,1742
2025-07-11T14:31:00+05:30,2443.8,2445.4,2443.6,2444.7,937
2025-07-11T14:32:00+05:30,2444.7,2445.1,2443.6,2444.7,1286
2025-07-11T14:33:00+05:30,2445.1,2445.9,2444.5,2445.7,974
2025-07-11T14:34:00+05:30,2445.7,2446.7,2445.0,2446.3,1198
2025-07-11T14:35:00+05:30,2446.3,2446.8,2445.7,2446.8,1052
2025-07-11T14:36:00+05:30,2446.8,2446.8,2445.6,2446.0,996
2025-07-11T14:37:00+05:30,2446.1,2447.9,2445.2,2446.1,5696
2025-07-11T14:38:00+05:30,2446.1,2446.3,2445.0,2445.7,990
2025-07-11T14:39:00+05:30,2445.4,2446.6,2445.0,2445.3,1094
2025-07-11T14:40:00+05:30,2445.3,2446.2,2445.0,2446.1,1059
2025-07-11T14:41:00+05:30,2446.1,2446.3,2445.1,2446.1,958
2025-07-11T14:42:00+05:30,2445.2,2446.4,2444.0,2445.6,898
2025-07-11T14:43:00+05:30,2444.6,2445.8,2444.1,2444.4,1323
2025-07-11T14:44:00+05:30,2445.0,2445.7,2444.3,2445.4,999
2025-07-11T14:45:00+05:30,2445.3,2445.9,2444.5,2445.9,1081
2025-07-11T14:46:00+05:30,2445.5,2446.5,2444.7,2445.8,1299
2025-07-11T14:47:00+05:30,2445.8,2445.8,2441.1,2442.7,11323
2025-07-11T14:48:00+05:30,2442.6,2443.3,2441.6,2443.3,1235
2025-07-11T14:49:00+05:30,2442.8,2443.9,2442.8,2443.3,892
2025-07-11T14:50:00+05:30,2443.8,2443.9,2442.0,2443.3,916
2025-07-11T14:51:00+05:30,2443.0,2443.6,2442.3,2443.0,921
2025-07-11T14:52:00+05:30,2443.3,2443.5,2442.0,2442.4,868
2025-07-11T14:53:00+05:30,2443.0,2443.3,2442.0,2443.2,805
2025-07-11T14:54:00+05:30,2442.1,2443.2,2442.1,2443.0,756
2025-07-11T14:55:00+05:30,2442.5,2443.8,2442.4,2442.4,997
2025-07-11T14:56:00+05:30,2442.4,2443.9,2442.3,2443.5,1184
2025-07-11T14:57:00+05:30,2443.5,2444.1,2442.5,2444.0,819
2025-07-11T14:58:00+05:30,2444.0,2445.0,2442.7,2444.4,1692
2025-07-11T14:59:00+05:30,2443.9,2445.0,2443.2,2444.4,1261
2025-07-11T15:00:00+05:30,2443.4,2444.3,2442.3,2442.6,1657
2025-07-11T15:01:00+05:30,2442.6,2442.6,2442.0,2442.1,8342
2025-07-11T15:02:00+05:30,2442.1,2442.2,2442.0,2442.0,2914
2025-07-11T15:03:00+05:30,2442.2,2442.2,2442.0,2442.0,1512
2025-07-11T15:04:00+05:30,2442.0,2442.1,2442.0,2442.1,2831
2025-07-11T15:05:00+05:30,2442.1,2442.1,2438.0,2438.8,11301
2025-07-11T15:06:00+05:30,2438.8,2439.6,2438.1,2439.2,9331
2025-07-11T15:07:00+05:30,2439.1,2439.6,2438.0,2439.6,4247
2025-07-11T15:08:00+05:30,2439.5,2440.8,2438.9,2439.8,3823
2025-07-11T15:09:00+05:30,2439.8,2440.2,2439.4,2440.0,4039
2025-07-11T15:10:00+05:30,2440.2,2443.3,2440.2,2440.3,7543
2025-07-11T15:11:00+05:30,2440.6,2440.6,2437.1,2439.1,4626
2025-07-11T15:12:00+05:30,2439.1,2439.1,2437.4,2438.1,5833
2025-07-11T15:13:00+05:30,2438.1,2438.5,2437.0,2438.5,1784
2025-07-11T15:14:00+05:30,2438.5,2440.1,2438.4,2439.9,3420
2025-07-11T15:15:00+05:30,2439.9,2439.9,2439.0,2439.5,1737
2025-07-11T15:16:00+05:30,2439.6,2439.7,2438.0,2438.8,4098
2025-07-11T15:17:00+05:30,2438.5,2439.6,2438.0,2439.6,5801
2025-07-11T15:18:00+05:30,2439.6,2439.6,2437.7,2438.5,2367
2025-07-11T15:19:00+05:30,2438.6,2438.7,2436.2,2436.8,9625
2025-07-11T15:20:00+05:30,2438.1,2439.8,2437.2,2438.9,7845
2025-07-11T15:21:00+05:30,2438.9,2439.1,2438.1,2438.7,3098
2025-07-11T15:22:00+05:30,2439.0,2439.0,2438.6,2438.7,1599
2025-07-11T15:23:00+05:30,2438.7,2438.7,2436.0,2438.1,7028
2025-07-11T15:24:00+05:30,2437.9,2438.1,2435.5,2438.0,10356
2025-07-11T15:25:00+05:30,2437.1,2438.1,2437.0,2438.1,5063
2025-07-11T15:26:00+05:30,2438.1,2438.1,2436.1,2438.1,5692
2025-07-11T15:27:00+05:30,2438.1,2438.1,2436.3,2438.1,4492
2025-07-11T15:28:00+05:30,2436.8,2439.2,2436.0,2438.1,6046
2025-07-11T15:29:00+05:30,2438.1,2439.0,2436.2,2439.0,1101
