timestamp,open,high,low,close,volume
2025-07-18T09:15:00+05:30,245.02,245.77,244.56,244.9,118448
2025-07-18T09:16:00+05:30,244.97,245.9,244.88,245.43,51435
2025-07-18T09:17:00+05:30,245.43,245.85,245.3,245.66,23280
2025-07-18T09:18:00+05:30,245.72,246.5,245.7,246.19,88359
2025-07-18T09:19:00+05:30,246.19,246.73,246.08,246.38,41826
2025-07-18T09:20:00+05:30,246.48,246.7,246.36,246.52,37179
2025-07-18T09:21:00+05:30,246.5,246.81,246.37,246.67,24431
2025-07-18T09:22:00+05:30,246.67,246.76,246.57,246.7,33111
2025-07-18T09:23:00+05:30,246.7,246.99,246.65,246.84,31524
2025-07-18T09:24:00+05:30,246.82,247.43,246.8,247.34,34027
2025-07-18T09:25:00+05:30,247.34,247.5,247.03,247.16,42448
2025-07-18T09:26:00+05:30,247.17,247.34,246.66,246.67,50682
2025-07-18T09:27:00+05:30,246.67,247.35,246.67,247.11,60172
2025-07-18T09:28:00+05:30,247.0,247.24,246.95,247.07,21681
2025-07-18T09:29:00+05:30,247.11,247.24,246.95,246.95,20057
2025-07-18T09:30:00+05:30,246.95,247.0,246.21,246.48,58239
2025-07-18T09:31:00+05:30,246.46,247.0,246.27,246.99,30272
2025-07-18T09:32:00+05:30,246.99,247.2,246.85,247.06,16595
2025-07-18T09:33:00+05:30,247.08,247.1,246.76,246.93,16773
2025-07-18T09:34:00+05:30,246.99,246.99,246.6,246.73,12346
2025-07-18T09:35:00+05:30,246.73,246.88,246.65,246.79,4426
2025-07-18T09:36:00+05:30,246.8,246.93,246.72,246.77,13262
2025-07-18T09:37:00+05:30,246.73,247.0,246.7,246.79,14377
2025-07-18T09:38:00+05:30,246.8,246.9,246.79,246.85,6622
2025-07-18T09:39:00+05:30,246.85,246.9,246.81,246.9,4850
2025-07-18T09:40:00+05:30,246.9,247.43,246.88,247.32,47623
2025-07-18T09:41:00+05:30,247.23,247.23,247.0,247.09,14281
2025-07-18T09:42:00+05:30,247.1,247.15,247.0,247.06,5269
2025-07-18T09:43:00+05:30,247.01,247.12,246.85,246.95,15319
2025-07-18T09:44:00+05:30,246.95,247.0,246.8,246.85,19923
2025-07-18T09:45:00+05:30,246.89,246.98,246.52,246.54,32718
2025-07-18T09:46:00+05:30,246.54,246.6,246.34,246.45,39614
2025-07-18T09:47:00+05:30,246.46,246.65,246.37,246.61,18046
2025-07-18T09:48:00+05:30,246.7,246.75,246.52,246.65,13271
2025-07-18T09:49:00+05:30,246.65,246.69,246.52,246.65,12476
2025-07-18T09:50:00+05:30,246.62,246.67,246.41,246.6,25652
2025-07-18T09:51:00+05:30,246.63,246.89,246.6,246.72,14013
2025-07-18T09:52:00+05:30,246.72,246.84,246.65,246.75,8468
2025-07-18T09:53:00+05:30,246.76,246.85,246.73,246.73,4430
2025-07-18T09:54:00+05:30,246.73,246.99,246.73,246.95,8487
2025-07-18T09:55:00+05:30,246.9,246.95,246.88,246.88,3157
2025-07-18T09:56:00+05:30,246.88,246.9,246.54,246.65,4167
2025-07-18T09:57:00+05:30,246.65,246.82,246.65,246.82,5668
2025-07-18T09:58:00+05:30,246.83,246.9,246.73,246.9,9398
2025-07-18T09:59:00+05:30,246.88,246.88,246.73,246.73,1350
2025-07-18T10:00:00+05:30,246.73,246.8,246.59,246.66,9794
2025-07-18T10:01:00+05:30,246.66,246.74,246.41,246.41,9632
2025-07-18T10:02:00+05:30,246.41,246.5,246.41,246.41,6097
2025-07-18T10:03:00+05:30,246.41,246.56,246.41,246.47,11579
2025-07-18T10:04:00+05:30,246.47,246.54,246.34,246.34,5780
2025-07-18T10:05:00+05:30,246.34,246.72,246.34,246.59,20424
2025-07-18T10:06:00+05:30,246.66,246.66,246.24,246.24,12301
2025-07-18T10:07:00+05:30,246.21,246.31,246.09,246.25,13756
2025-07-18T10:08:00+05:30,246.3,246.38,246.18,246.35,11215
2025-07-18T10:09:00+05:30,246.36,246.45,246.35,246.44,5657
2025-07-18T10:10:00+05:30,246.35,246.42,246.16,246.16,20833
2025-07-18T10:11:00+05:30,246.19,246.24,246.06,246.07,11628
2025-07-18T10:12:00+05:30,246.07,246.26,245.57,245.65,49182
2025-07-18T10:13:00+05:30,245.67,245.68,245.0,245.52,73379
2025-07-18T10:14:00+05:30,245.52,245.79,245.51,245.62,10750
2025-07-18T10:15:00+05:30,245.52,245.52,245.26,245.33,16335
2025-07-18T10:16:00+05:30,245.27,245.36,245.12,245.36,12502
2025-07-18T10:17:00+05:30,245.26,245.45,245.16,245.31,14716
2025-07-18T10:18:00+05:30,245.29,245.29,245.02,245.15,12682
2025-07-18T10:19:00+05:30,245.15,245.37,245.15,245.3,33598
2025-07-18T10:20:00+05:30,245.34,245.46,245.2,245.2,13770
2025-07-18T10:21:00+05:30,245.28,245.75,245.28,245.69,23152
2025-07-18T10:22:00+05:30,245.54,245.66,245.33,245.5,11844
2025-07-18T10:23:00+05:30,245.5,245.65,245.36,245.36,22944
2025-07-18T10:24:00+05:30,245.47,245.55,245.31,245.46,18097
2025-07-18T10:25:00+05:30,245.53,245.68,245.35,245.52,15187
2025-07-18T10:26:00+05:30,245.52,245.7,245.4,245.52,11403
2025-07-18T10:27:00+05:30,245.52,245.65,245.34,245.56,11146
2025-07-18T10:28:00+05:30,245.6,245.65,245.4,245.48,11335
2025-07-18T10:29:00+05:30,245.49,245.49,245.15,245.44,25646
2025-07-18T10:30:00+05:30,245.33,245.36,245.0,245.26,16989
2025-07-18T10:31:00+05:30,245.12,245.24,245.04,245.1,7214
2025-07-18T10:32:00+05:30,245.1,245.25,245.1,245.16,4436
2025-07-18T10:33:00+05:30,245.11,245.15,245.04,245.05,10099
2025-07-18T10:34:00+05:30,245.05,245.1,244.83,245.01,40291
2025-07-18T10:35:00+05:30,245.0,245.1,244.98,245.09,12112
2025-07-18T10:36:00+05:30,245.08,245.38,244.94,245.32,27150
2025-07-18T10:37:00+05:30,245.29,245.5,245.09,245.45,13674
2025-07-18T10:38:00+05:30,245.45,245.45,245.14,245.15,4995
2025-07-18T10:39:00+05:30,245.15,245.34,245.15,245.26,5165
2025-07-18T10:40:00+05:30,245.26,245.33,245.15,245.3,7820
2025-07-18T10:41:00+05:30,245.3,245.37,245.01,245.02,11849
2025-07-18T10:42:00+05:30,245.03,245.25,245.01,245.13,4606
2025-07-18T10:43:00+05:30,245.1,245.4,245.06,245.27,28620
2025-07-18T10:44:00+05:30,245.3,245.3,244.92,244.92,14997
2025-07-18T10:45:00+05:30,245.0,245.0,244.74,244.89,16072
2025-07-18T10:46:00+05:30,244.9,244.98,244.8,244.96,17420
2025-07-18T10:47:00+05:30,244.87,245.17,244.87,245.11,13096
2025-07-18T10:48:00+05:30,245.11,245.22,244.8,244.98,21461
2025-07-18T10:49:00+05:30,244.95,245.07,244.95,245.05,5802
2025-07-18T10:50:00+05:30,245.03,245.17,244.84,244.87,6791
2025-07-18T10:51:00+05:30,244.94,245.03,244.89,245.01,6612
2025-07-18T10:52:00+05:30,245.01,245.1,244.85,245.09,3761
2025-07-18T10:53:00+05:30,245.09,245.22,245.01,245.01,5868
2025-07-18T10:54:00+05:30,245.08,245.22,244.96,245.13,9320
2025-07-18T10:55:00+05:30,245.14,245.19,245.0,245.19,5077
2025-07-18T10:56:00+05:30,245.19,245.3,245.06,245.06,8851
2025-07-18T10:57:00+05:30,245.08,245.24,245.06,245.09,5658
2025-07-18T10:58:00+05:30,245.13,245.19,245.0,245.04,4808
2025-07-18T10:59:00+05:30,245.01,245.02,244.77,244.78,19301
2025-07-18T11:00:00+05:30,244.83,244.88,244.52,244.79,15190
2025-07-18T11:01:00+05:30,244.79,244.79,244.59,244.59,2526
2025-07-18T11:02:00+05:30,244.59,244.88,244.56,244.84,7250
2025-07-18T11:03:00+05:30,244.84,245.09,244.82,245.05,15270
2025-07-18T11:04:00+05:30,245.05,245.36,245.03,245.11,17239
2025-07-18T11:05:00+05:30,245.14,245.27,245.04,245.14,6051
2025-07-18T11:06:00+05:30,245.12,245.2,245.12,245.18,1890
2025-07-18T11:07:00+05:30,245.2,245.45,245.18,245.2,44166
2025-07-18T11:08:00+05:30,245.24,245.24,245.1,245.24,5307
2025-07-18T11:09:00+05:30,245.24,245.4,245.2,245.24,5400
2025-07-18T11:10:00+05:30,245.24,245.36,245.07,245.29,13251
2025-07-18T11:11:00+05:30,245.29,245.41,245.21,245.33,12341
2025-07-18T11:12:00+05:30,245.36,245.49,245.31,245.47,15081
2025-07-18T11:13:00+05:30,245.47,245.66,245.45,245.46,17860
2025-07-18T11:14:00+05:30,245.54,245.67,245.41,245.67,17937
2025-07-18T11:15:00+05:30,245.66,245.82,245.57,245.71,12754
2025-07-18T11:16:00+05:30,245.71,245.8,245.71,245.76,5332
2025-07-18T11:17:00+05:30,245.76,245.95,245.7,245.71,16994
2025-07-18T11:18:00+05:30,245.71,245.75,245.5,245.62,10640
2025-07-18T11:19:00+05:30,245.67,245.93,245.62,245.78,11657
2025-07-18T11:20:00+05:30,245.78,245.95,245.77,245.94,8304
2025-07-18T11:21:00+05:30,245.95,246.16,245.95,246.08,30649
2025-07-18T11:22:00+05:30,246.06,246.12,245.95,246.0,7316
2025-07-18T11:23:00+05:30,246.0,246.12,246.0,246.02,6292
2025-07-18T11:24:00+05:30,246.03,246.11,245.86,245.98,6927
2025-07-18T11:25:00+05:30,245.98,246.08,245.95,246.04,10707
2025-07-18T11:26:00+05:30,246.04,246.07,246.0,246.0,8288
2025-07-18T11:27:00+05:30,246.0,246.12,246.0,246.09,6131
2025-07-18T11:28:00+05:30,246.09,246.11,246.09,246.09,827
2025-07-18T11:29:00+05:30,246.09,246.1,246.0,246.0,7514
2025-07-18T11:30:00+05:30,246.01,246.15,246.01,246.11,6133
2025-07-18T11:31:00+05:30,246.12,246.28,246.12,246.2,10074
2025-07-18T11:32:00+05:30,246.2,246.33,246.16,246.16,9337
2025-07-18T11:33:00+05:30,246.17,246.17,246.14,246.14,2579
2025-07-18T11:34:00+05:30,246.14,246.25,246.0,246.21,21893
2025-07-18T11:35:00+05:30,246.2,246.45,246.2,246.41,14914
2025-07-18T11:36:00+05:30,246.43,246.43,246.21,246.26,4699
2025-07-18T11:37:00+05:30,246.37,246.42,246.26,246.27,6680
2025-07-18T11:38:00+05:30,246.34,246.46,246.26,246.34,11269
2025-07-18T11:39:00+05:30,246.34,246.44,246.34,246.34,2096
2025-07-18T11:40:00+05:30,246.34,246.4,246.34,246.34,2375
2025-07-18T11:41:00+05:30,246.35,246.45,246.27,246.35,10678
2025-07-18T11:42:00+05:30,246.45,246.46,246.35,246.45,2523
2025-07-18T11:43:00+05:30,246.39,246.49,246.37,246.46,4703
2025-07-18T11:44:00+05:30,246.37,246.65,246.36,246.62,21465
2025-07-18T11:45:00+05:30,246.62,246.7,246.53,246.54,17357
2025-07-18T11:46:00+05:30,246.54,246.68,246.53,246.68,5527
2025-07-18T11:47:00+05:30,246.56,246.65,246.52,246.55,13956
2025-07-18T11:48:00+05:30,246.55,246.6,246.36,246.36,8362
2025-07-18T11:49:00+05:30,246.45,246.45,246.25,246.29,10977
2025-07-18T11:50:00+05:30,246.28,246.35,246.27,246.27,1210
2025-07-18T11:51:00+05:30,246.27,246.3,246.18,246.18,2860
2025-07-18T11:52:00+05:30,246.25,246.25,246.11,246.18,2486
2025-07-18T11:53:00+05:30,246.27,246.3,246.16,246.27,1966
2025-07-18T11:54:00+05:30,246.18,246.32,246.08,246.28,11207
2025-07-18T11:55:00+05:30,246.16,246.28,246.09,246.18,2356
2025-07-18T11:56:00+05:30,246.18,246.18,246.05,246.17,2979
2025-07-18T11:57:00+05:30,246.18,246.23,246.0,246.0,26499
2025-07-18T11:58:00+05:30,246.0,246.02,245.58,245.59,19169
2025-07-18T11:59:00+05:30,245.59,245.66,245.52,245.53,4624
2025-07-18T12:00:00+05:30,245.53,245.65,245.51,245.59,5042
2025-07-18T12:01:00+05:30,245.54,245.54,245.33,245.41,16095
2025-07-18T12:02:00+05:30,245.43,245.65,245.42,245.53,10217
2025-07-18T12:03:00+05:30,245.51,245.65,245.5,245.54,7616
2025-07-18T12:04:00+05:30,245.54,245.69,245.54,245.54,2559
2025-07-18T12:05:00+05:30,245.55,245.7,245.52,245.55,3330
2025-07-18T12:06:00+05:30,245.55,245.7,245.55,245.64,7657
2025-07-18T12:07:00+05:30,245.61,245.63,245.54,245.61,5454
2025-07-18T12:08:00+05:30,245.54,245.88,245.54,245.73,11307
2025-07-18T12:09:00+05:30,245.76,245.89,245.6,245.65,12553
2025-07-18T12:10:00+05:30,245.65,245.8,245.61,245.63,10019
2025-07-18T12:11:00+05:30,245.63,245.73,245.63,245.63,1056
2025-07-18T12:12:00+05:30,245.63,245.76,245.62,245.65,12050
2025-07-18T12:13:00+05:30,245.65,245.82,245.65,245.72,2939
2025-07-18T12:14:00+05:30,245.72,245.8,245.72,245.74,1836
2025-07-18T12:15:00+05:30,245.74,245.76,245.52,245.63,7768
2025-07-18T12:16:00+05:30,245.63,245.78,245.54,245.71,8274
2025-07-18T12:17:00+05:30,245.66,245.79,245.4,245.4,13095
2025-07-18T12:18:00+05:30,245.42,245.69,245.41,245.55,21582
2025-07-18T12:19:00+05:30,245.55,245.82,245.51,245.62,13274
2025-07-18T12:20:00+05:30,245.62,245.85,245.46,245.72,9990
2025-07-18T12:21:00+05:30,245.72,245.9,245.69,245.69,6120
2025-07-18T12:22:00+05:30,245.76,245.86,245.71,245.84,3440
2025-07-18T12:23:00+05:30,245.84,245.89,245.72,245.72,3136
2025-07-18T12:24:00+05:30,245.72,245.83,245.53,245.53,4485
2025-07-18T12:25:00+05:30,245.53,245.69,245.47,245.54,18800
2025-07-18T12:26:00+05:30,245.55,245.7,245.54,245.64,4399
2025-07-18T12:27:00+05:30,245.7,245.75,245.6,245.65,8671
2025-07-18T12:28:00+05:30,245.65,245.9,245.63,245.77,4406
2025-07-18T12:29:00+05:30,245.8,245.84,245.7,245.74,2705
2025-07-18T12:30:00+05:30,245.84,245.93,245.74,245.79,6930
2025-07-18T12:31:00+05:30,245.87,245.89,245.55,245.58,6452
2025-07-18T12:32:00+05:30,245.58,245.74,245.58,245.61,8384
2025-07-18T12:33:00+05:30,245.61,245.75,245.61,245.63,6953
2025-07-18T12:34:00+05:30,245.63,245.75,245.6,245.6,9221
2025-07-18T12:35:00+05:30,245.59,245.72,245.59,245.63,6048
2025-07-18T12:36:00+05:30,245.71,245.82,245.6,245.63,15339
2025-07-18T12:37:00+05:30,245.63,245.65,245.3,245.3,17424
2025-07-18T12:38:00+05:30,245.32,245.43,245.31,245.33,13685
2025-07-18T12:39:00+05:30,245.33,245.49,245.32,245.49,5267
2025-07-18T12:40:00+05:30,245.55,245.59,245.46,245.54,18119
2025-07-18T12:41:00+05:30,245.59,245.62,245.54,245.61,1423
2025-07-18T12:42:00+05:30,245.61,245.62,245.36,245.36,2902
2025-07-18T12:43:00+05:30,245.41,245.41,245.22,245.23,15453
2025-07-18T12:44:00+05:30,245.29,245.36,245.23,245.27,6231
2025-07-18T12:45:00+05:30,245.27,245.31,245.1,245.15,46646
2025-07-18T12:46:00+05:30,245.21,245.27,245.1,245.1,9038
2025-07-18T12:47:00+05:30,245.1,245.17,245.01,245.01,14223
2025-07-18T12:48:00+05:30,245.01,245.05,244.96,244.97,47601
2025-07-18T12:49:00+05:30,245.0,245.27,244.97,245.09,11332
2025-07-18T12:50:00+05:30,245.09,245.2,244.96,244.96,15047
2025-07-18T12:51:00+05:30,245.0,245.03,244.96,245.0,5177
2025-07-18T12:52:00+05:30,245.0,245.0,244.91,244.92,7006
2025-07-18T12:53:00+05:30,244.92,244.99,244.9,244.94,6716
2025-07-18T12:54:00+05:30,244.94,245.0,244.91,244.91,8826
2025-07-18T12:55:00+05:30,244.92,244.96,244.77,244.81,12814
2025-07-18T12:56:00+05:30,244.78,244.81,244.72,244.77,4412
2025-07-18T12:57:00+05:30,244.8,244.95,244.79,244.95,4944
2025-07-18T12:58:00+05:30,244.95,245.07,244.83,245.02,3347
2025-07-18T12:59:00+05:30,245.0,245.02,244.87,245.01,4647
2025-07-18T13:00:00+05:30,245.0,245.17,245.0,245.05,1763
2025-07-18T13:01:00+05:30,245.06,245.24,245.06,245.09,3952
2025-07-18T13:02:00+05:30,245.1,245.15,245.01,245.07,5115
2025-07-18T13:03:00+05:30,245.03,245.2,245.02,245.2,5088
2025-07-18T13:04:00+05:30,245.07,245.19,245.07,245.09,2525
2025-07-18T13:05:00+05:30,245.09,245.25,245.08,245.15,10481
2025-07-18T13:06:00+05:30,245.15,245.21,245.07,245.08,2927
2025-07-18T13:07:00+05:30,245.08,245.21,245.08,245.14,6589
2025-07-18T13:08:00+05:30,245.12,245.13,245.07,245.1,6956
2025-07-18T13:09:00+05:30,245.07,245.1,244.85,244.87,10550
2025-07-18T13:10:00+05:30,244.87,244.92,244.8,244.81,4406
2025-07-18T13:11:00+05:30,244.84,245.02,244.82,244.82,5474
2025-07-18T13:12:00+05:30,244.8,245.0,244.8,244.99,2791
2025-07-18T13:13:00+05:30,244.98,245.0,244.86,244.97,2384
2025-07-18T13:14:00+05:30,244.95,245.0,244.9,244.9,4517
2025-07-18T13:15:00+05:30,244.88,245.09,244.88,244.99,10922
2025-07-18T13:16:00+05:30,244.99,244.99,244.91,244.97,2411
2025-07-18T13:17:00+05:30,244.98,245.0,244.88,244.91,9171
2025-07-18T13:18:00+05:30,244.91,245.02,244.88,244.94,4596
2025-07-18T13:19:00+05:30,245.0,245.15,244.96,245.13,4225
2025-07-18T13:20:00+05:30,245.05,245.12,244.96,244.99,9187
2025-07-18T13:21:00+05:30,244.99,245.22,244.95,245.12,9089
2025-07-18T13:22:00+05:30,245.12,245.2,245.12,245.15,9805
2025-07-18T13:23:00+05:30,245.15,245.27,245.15,245.26,6968
2025-07-18T13:24:00+05:30,245.17,245.2,245.0,245.0,16725
2025-07-18T13:25:00+05:30,245.0,245.2,245.0,245.08,5176
2025-07-18T13:26:00+05:30,245.08,245.15,245.08,245.08,2636
2025-07-18T13:27:00+05:30,245.15,245.15,244.9,244.9,15219
2025-07-18T13:28:00+05:30,244.95,245.0,244.9,244.9,3427
2025-07-18T13:29:00+05:30,244.9,244.97,244.9,244.93,802
2025-07-18T13:30:00+05:30,244.96,244.96,244.85,244.87,3153
2025-07-18T13:31:00+05:30,244.86,244.92,244.8,244.9,4558
2025-07-18T13:32:00+05:30,244.87,244.96,244.86,244.86,2594
2025-07-18T13:33:00+05:30,244.87,244.87,244.81,244.86,1795
2025-07-18T13:34:00+05:30,244.86,244.86,244.8,244.8,784
2025-07-18T13:35:00+05:30,244.82,244.85,244.8,244.85,2787
2025-07-18T13:36:00+05:30,244.85,244.93,244.82,244.91,5357
2025-07-18T13:37:00+05:30,244.85,244.91,244.8,244.83,10030
2025-07-18T13:38:00+05:30,244.89,244.89,244.83,244.89,1639
2025-07-18T13:39:00+05:30,244.86,245.0,244.86,244.89,2549
2025-07-18T13:40:00+05:30,244.88,244.89,244.85,244.85,3411
2025-07-18T13:41:00+05:30,244.87,244.87,244.82,244.84,6483
2025-07-18T13:42:00+05:30,244.85,244.97,244.83,244.97,4938
2025-07-18T13:43:00+05:30,244.95,245.17,244.95,245.02,27852
2025-07-18T13:44:00+05:30,244.99,245.03,244.86,245.0,15488
2025-07-18T13:45:00+05:30,244.99,245.2,244.99,245.05,1452
2025-07-18T13:46:00+05:30,245.05,245.18,245.0,245.0,8419
2025-07-18T13:47:00+05:30,245.0,245.01,244.85,245.01,10169
2025-07-18T13:48:00+05:30,245.0,245.1,245.0,245.01,8258
2025-07-18T13:49:00+05:30,245.06,245.1,245.01,245.06,4830
2025-07-18T13:50:00+05:30,245.06,245.1,244.9,245.01,7985
2025-07-18T13:51:00+05:30,245.02,245.13,244.99,245.08,2344
2025-07-18T13:52:00+05:30,245.1,245.1,244.97,245.0,4250
2025-07-18T13:53:00+05:30,245.0,245.05,244.82,244.87,6400
2025-07-18T13:54:00+05:30,244.87,244.95,244.87,244.9,1462
2025-07-18T13:55:00+05:30,244.94,244.94,244.87,244.89,7705
2025-07-18T13:56:00+05:30,244.87,244.9,244.85,244.88,2962
2025-07-18T13:57:00+05:30,244.88,245.0,244.87,244.94,8283
2025-07-18T13:58:00+05:30,245.0,245.15,245.0,245.14,1958
2025-07-18T13:59:00+05:30,245.04,245.1,244.87,244.95,2069
2025-07-18T14:00:00+05:30,244.87,244.96,244.87,244.87,572
2025-07-18T14:01:00+05:30,244.9,244.9,244.61,244.61,10801
2025-07-18T14:02:00+05:30,244.62,244.82,244.6,244.71,9293
2025-07-18T14:03:00+05:30,244.83,244.96,244.71,244.92,544
2025-07-18T14:04:00+05:30,244.92,244.93,244.86,244.86,476
2025-07-18T14:05:00+05:30,244.86,244.91,244.86,244.86,653
2025-07-18T14:06:00+05:30,244.89,244.95,244.84,244.84,4291
2025-07-18T14:07:00+05:30,244.84,244.85,244.83,244.84,1007
2025-07-18T14:08:00+05:30,244.92,245.0,244.84,244.84,3468
2025-07-18T14:09:00+05:30,244.85,244.93,244.85,244.93,614
2025-07-18T14:10:00+05:30,244.93,245.0,244.93,245.0,1703
2025-07-18T14:11:00+05:30,245.0,245.0,244.98,245.0,6925
2025-07-18T14:12:00+05:30,245.0,245.0,244.93,244.98,2632
2025-07-18T14:13:00+05:30,244.99,245.0,244.98,245.0,1210
2025-07-18T14:14:00+05:30,244.98,244.98,244.95,244.98,731
2025-07-18T14:15:00+05:30,244.95,244.95,244.9,244.9,2748
2025-07-18T14:16:00+05:30,244.9,244.9,244.78,244.78,10679
2025-07-18T14:17:00+05:30,244.81,244.81,244.67,244.68,6639
2025-07-18T14:18:00+05:30,244.67,244.69,244.35,244.4,51039
2025-07-18T14:19:00+05:30,244.49,244.6,244.41,244.54,13141
2025-07-18T14:20:00+05:30,244.54,244.54,244.36,244.51,13426
2025-07-18T14:21:00+05:30,244.51,244.6,244.37,244.55,16762
2025-07-18T14:22:00+05:30,244.44,244.82,244.43,244.82,10493
2025-07-18T14:23:00+05:30,244.75,245.0,244.62,244.95,26333
2025-07-18T14:24:00+05:30,244.95,244.97,244.91,244.93,2470
2025-07-18T14:25:00+05:30,244.93,244.98,244.92,244.92,6957
2025-07-18T14:26:00+05:30,244.92,244.99,244.79,244.8,4796
2025-07-18T14:27:00+05:30,244.8,245.0,244.8,245.0,6932
2025-07-18T14:28:00+05:30,244.89,244.99,244.89,244.93,715
2025-07-18T14:29:00+05:30,244.92,244.99,244.91,244.93,2776
2025-07-18T14:30:00+05:30,244.93,244.95,244.83,244.86,2189
2025-07-18T14:31:00+05:30,244.9,244.9,244.67,244.74,5197
2025-07-18T14:32:00+05:30,244.75,244.88,244.73,244.88,1227
2025-07-18T14:33:00+05:30,244.81,244.86,244.81,244.81,159
2025-07-18T14:34:00+05:30,244.81,244.98,244.81,244.94,2187
2025-07-18T14:35:00+05:30,244.94,244.94,244.87,244.91,1019
2025-07-18T14:36:00+05:30,244.93,244.93,244.81,244.84,2629
2025-07-18T14:37:00+05:30,244.84,244.9,244.82,244.83,3948
2025-07-18T14:38:00+05:30,244.83,244.84,244.62,244.74,14136
2025-07-18T14:39:00+05:30,244.74,244.85,244.73,244.85,4621
2025-07-18T14:40:00+05:30,244.85,244.96,244.85,244.92,3069
2025-07-18T14:41:00+05:30,244.92,244.96,244.73,244.75,8341
2025-07-18T14:42:00+05:30,244.75,244.89,244.75,244.87,758
2025-07-18T14:43:00+05:30,244.87,244.87,244.76,244.85,2328
2025-07-18T14:44:00+05:30,244.81,244.85,244.7,244.77,5239
2025-07-18T14:45:00+05:30,244.76,244.94,244.7,244.8,13088
2025-07-18T14:46:00+05:30,244.8,244.94,244.8,244.9,2846
2025-07-18T14:47:00+05:30,244.89,244.89,244.75,244.79,7129
2025-07-18T14:48:00+05:30,244.79,244.81,244.72,244.72,5186
2025-07-18T14:49:00+05:30,244.72,244.85,244.72,244.79,3540
2025-07-18T14:50:00+05:30,244.76,244.94,244.75,244.83,11291
2025-07-18T14:51:00+05:30,244.79,244.85,244.7,244.72,7968
2025-07-18T14:52:00+05:30,244.72,244.8,244.63,244.75,10288
2025-07-18T14:53:00+05:30,244.77,244.99,244.75,244.89,7747
2025-07-18T14:54:00+05:30,244.89,244.9,244.75,244.87,7674
2025-07-18T14:55:00+05:30,244.81,244.9,244.75,244.9,12312
2025-07-18T14:56:00+05:30,244.9,244.9,244.47,244.75,77003
2025-07-18T14:57:00+05:30,244.75,244.95,244.75,244.89,11292
2025-07-18T14:58:00+05:30,244.95,244.95,244.9,244.9,10300
2025-07-18T14:59:00+05:30,244.91,244.99,244.9,244.99,9982
2025-07-18T15:00:00+05:30,244.97,245.1,244.65,244.73,53899
2025-07-18T15:01:00+05:30,244.75,244.99,244.73,244.91,25041
2025-07-18T15:02:00+05:30,244.91,245.01,244.75,244.75,33981
2025-07-18T15:03:00+05:30,244.75,244.77,244.57,244.6,25138
2025-07-18T15:04:00+05:30,244.6,244.6,244.51,244.55,12322
2025-07-18T15:05:00+05:30,244.54,244.6,244.31,244.31,68291
2025-07-18T15:06:00+05:30,244.32,244.35,244.21,244.31,70337
2025-07-18T15:07:00+05:30,244.32,244.45,244.29,244.41,40684
2025-07-18T15:08:00+05:30,244.41,244.55,244.4,244.53,23858
2025-07-18T15:09:00+05:30,244.51,244.52,244.48,244.49,11062
2025-07-18T15:10:00+05:30,244.5,244.77,244.49,244.69,56522
2025-07-18T15:11:00+05:30,244.7,244.84,244.6,244.76,23906
2025-07-18T15:12:00+05:30,244.76,244.79,244.75,244.79,20367
2025-07-18T15:13:00+05:30,244.78,244.97,244.75,244.83,32454
2025-07-18T15:14:00+05:30,244.83,245.01,244.8,244.85,61936
2025-07-18T15:15:00+05:30,244.83,244.91,244.72,244.81,19495
2025-07-18T15:16:00+05:30,244.76,244.83,244.61,244.74,13823
2025-07-18T15:17:00+05:30,244.73,244.87,244.73,244.83,17111
2025-07-18T15:18:00+05:30,244.84,244.94,244.61,244.71,77873
2025-07-18T15:19:00+05:30,244.72,244.79,244.69,244.79,20199
2025-07-18T15:20:00+05:30,244.77,244.9,244.71,244.8,70296
2025-07-18T15:21:00+05:30,244.76,244.98,244.73,244.95,54340
2025-07-18T15:22:00+05:30,244.98,245.04,244.91,244.92,70095
2025-07-18T15:23:00+05:30,244.92,245.0,244.9,244.97,33155
2025-07-18T15:24:00+05:30,244.97,245.1,244.6,244.68,84440
2025-07-18T15:25:00+05:30,244.68,244.95,244.67,244.9,34826
2025-07-18T15:26:00+05:30,244.89,245.0,244.75,244.81,30925
2025-07-18T15:27:00+05:30,244.81,244.84,244.8,244.81,23832
2025-07-18T15:28:00+05:30,244.8,244.81,244.05,244.45,55623
2025-07-18T15:29:00+05:30,244.45,244.5,244.0,244.4,46904
2025-07-17T09:15:00+05:30,250.05,250.57,249.61,250.37,179264
2025-07-17T09:16:00+05:30,250.36,250.49,249.81,250.05,78474
2025-07-17T09:17:00+05:30,250.03,250.26,249.8,249.91,50630
2025-07-17T09:18:00+05:30,249.91,250.49,249.91,250.04,75477
2025-07-17T09:19:00+05:30,250.02,250.02,249.51,249.67,56567
2025-07-17T09:20:00+05:30,249.65,249.72,249.15,249.6,65399
2025-07-17T09:21:00+05:30,249.68,249.77,249.48,249.55,32626
2025-07-17T09:22:00+05:30,249.6,249.8,249.3,249.77,38084
2025-07-17T09:23:00+05:30,249.79,249.87,249.48,249.6,16231
2025-07-17T09:24:00+05:30,249.56,249.69,249.31,249.43,25993
2025-07-17T09:25:00+05:30,249.31,249.6,249.13,249.55,26025
2025-07-17T09:26:00+05:30,249.55,249.6,249.13,249.27,18675
2025-07-17T09:27:00+05:30,249.27,249.27,248.83,249.01,62677
2025-07-17T09:28:00+05:30,249.04,249.05,248.72,248.72,39728
2025-07-17T09:29:00+05:30,248.77,248.83,248.52,248.68,28692
2025-07-17T09:30:00+05:30,248.68,248.7,248.21,248.42,41385
2025-07-17T09:31:00+05:30,248.42,248.78,248.42,248.45,20279
2025-07-17T09:32:00+05:30,248.54,248.55,248.0,248.0,47617
2025-07-17T09:33:00+05:30,248.0,248.31,247.86,248.31,37042
2025-07-17T09:34:00+05:30,248.3,248.3,248.0,248.0,28356
2025-07-17T09:35:00+05:30,248.07,248.07,247.53,247.9,142319
2025-07-17T09:36:00+05:30,247.75,247.93,247.61,247.85,22092
2025-07-17T09:37:00+05:30,247.8,247.92,247.7,247.92,18387
2025-07-17T09:38:00+05:30,247.92,248.02,247.8,248.02,21066
2025-07-17T09:39:00+05:30,248.01,248.43,247.93,248.35,19401
2025-07-17T09:40:00+05:30,248.35,248.37,247.75,247.85,30158
2025-07-17T09:41:00+05:30,247.85,248.19,247.57,247.93,23145
2025-07-17T09:42:00+05:30,248.0,248.19,247.8,248.08,47305
2025-07-17T09:43:00+05:30,248.08,248.38,247.89,248.29,39122
2025-07-17T09:44:00+05:30,248.22,248.36,248.15,248.25,9279
2025-07-17T09:45:00+05:30,248.23,248.25,248.0,248.13,16882
2025-07-17T09:46:00+05:30,248.13,248.29,248.04,248.18,13098
2025-07-17T09:47:00+05:30,248.15,248.39,248.14,248.39,7910
2025-07-17T09:48:00+05:30,248.39,248.48,248.29,248.37,8259
2025-07-17T09:49:00+05:30,248.48,248.5,248.25,248.36,18644
2025-07-17T09:50:00+05:30,248.48,248.65,248.33,248.6,19656
2025-07-17T09:51:00+05:30,248.6,248.63,248.5,248.56,14356
2025-07-17T09:52:00+05:30,248.56,248.74,248.56,248.7,8363
2025-07-17T09:53:00+05:30,248.69,248.8,248.62,248.65,12614
2025-07-17T09:54:00+05:30,248.68,248.71,248.53,248.7,11645
2025-07-17T09:55:00+05:30,248.63,248.75,248.58,248.75,9809
2025-07-17T09:56:00+05:30,248.75,248.89,248.65,248.83,30744
2025-07-17T09:57:00+05:30,248.77,248.85,248.66,248.83,12177
2025-07-17T09:58:00+05:30,248.81,248.94,248.7,248.94,12896
2025-07-17T09:59:00+05:30,248.94,248.95,248.75,248.77,10056
2025-07-17T10:00:00+05:30,248.7,248.77,248.6,248.75,5231
2025-07-17T10:01:00+05:30,248.71,248.75,248.68,248.72,10413
2025-07-17T10:02:00+05:30,248.72,249.1,248.5,249.1,24543
2025-07-17T10:03:00+05:30,249.0,249.06,248.74,248.9,46048
2025-07-17T10:04:00+05:30,248.8,249.03,248.75,249.03,15933
2025-07-17T10:05:00+05:30,249.1,249.6,249.05,249.43,46834
2025-07-17T10:06:00+05:30,249.4,249.44,249.14,249.22,30560
2025-07-17T10:07:00+05:30,249.17,249.2,248.7,248.8,31973
2025-07-17T10:08:00+05:30,248.72,248.8,248.6,248.6,17344
2025-07-17T10:09:00+05:30,248.6,248.76,248.6,248.74,5755
2025-07-17T10:10:00+05:30,248.66,248.74,248.41,248.42,24070
2025-07-17T10:11:00+05:30,248.44,248.6,248.34,248.52,18532
2025-07-17T10:12:00+05:30,248.42,248.51,248.25,248.37,6439
2025-07-17T10:13:00+05:30,248.27,248.34,248.2,248.29,4212
2025-07-17T10:14:00+05:30,248.29,248.3,248.1,248.3,17354
2025-07-17T10:15:00+05:30,248.31,248.44,248.15,248.42,8615
2025-07-17T10:16:00+05:30,248.33,248.38,248.02,248.02,16522
2025-07-17T10:17:00+05:30,248.06,248.45,248.06,248.37,4358
2025-07-17T10:18:00+05:30,248.37,248.51,248.26,248.51,13456
2025-07-17T10:19:00+05:30,248.5,248.53,248.38,248.53,5003
2025-07-17T10:20:00+05:30,248.52,248.6,248.31,248.49,20348
2025-07-17T10:21:00+05:30,248.59,248.69,248.5,248.6,16551
2025-07-17T10:22:00+05:30,248.6,248.62,248.51,248.6,3581
2025-07-17T10:23:00+05:30,248.52,248.57,248.49,248.51,3239
2025-07-17T10:24:00+05:30,248.5,248.51,248.42,248.49,5161
2025-07-17T10:25:00+05:30,248.49,248.64,248.49,248.64,6282
2025-07-17T10:26:00+05:30,248.6,248.6,248.24,248.45,116090
2025-07-17T10:27:00+05:30,248.37,248.45,248.21,248.32,10918
2025-07-17T10:28:00+05:30,248.39,248.39,248.07,248.09,10313
2025-07-17T10:29:00+05:30,248.09,248.09,247.8,247.93,29040
2025-07-17T10:30:00+05:30,247.97,247.98,247.75,247.88,12901
2025-07-17T10:31:00+05:30,247.86,247.87,247.57,247.83,12078
2025-07-17T10:32:00+05:30,247.81,247.94,247.76,247.91,4326
2025-07-17T10:33:00+05:30,247.91,247.97,247.66,247.71,10660
2025-07-17T10:34:00+05:30,247.66,247.76,247.51,247.58,6593
2025-07-17T10:35:00+05:30,247.53,247.74,247.4,247.7,32647
2025-07-17T10:36:00+05:30,247.62,247.69,246.76,247.1,133799
2025-07-17T10:37:00+05:30,246.98,247.2,246.88,247.14,28103
2025-07-17T10:38:00+05:30,247.14,247.33,247.11,247.2,4302
2025-07-17T10:39:00+05:30,247.11,247.28,247.02,247.19,6862
2025-07-17T10:40:00+05:30,247.1,247.18,247.0,247.1,16282
2025-07-17T10:41:00+05:30,247.07,247.16,247.01,247.09,14334
2025-07-17T10:42:00+05:30,247.09,247.17,247.09,247.17,15912
2025-07-17T10:43:00+05:30,247.15,247.16,247.0,247.08,47986
2025-07-17T10:44:00+05:30,247.01,247.08,246.95,246.99,17151
2025-07-17T10:45:00+05:30,246.97,247.25,246.95,247.25,12216
2025-07-17T10:46:00+05:30,247.21,247.37,247.2,247.36,11501
2025-07-17T10:47:00+05:30,247.37,247.4,247.21,247.32,12781
2025-07-17T10:48:00+05:30,247.25,247.4,247.23,247.4,8292
2025-07-17T10:49:00+05:30,247.4,247.46,247.2,247.34,10448
2025-07-17T10:50:00+05:30,247.36,247.48,247.19,247.33,93347
2025-07-17T10:51:00+05:30,247.22,247.48,247.22,247.35,6992
2025-07-17T10:52:00+05:30,247.3,247.35,247.29,247.32,4953
2025-07-17T10:53:00+05:30,247.29,247.44,247.29,247.44,3241
2025-07-17T10:54:00+05:30,247.35,247.44,247.28,247.35,9580
2025-07-17T10:55:00+05:30,247.32,247.43,247.24,247.26,6559
2025-07-17T10:56:00+05:30,247.28,247.3,247.08,247.27,6430
2025-07-17T10:57:00+05:30,247.3,247.49,247.25,247.36,19311
2025-07-17T10:58:00+05:30,247.36,247.4,247.32,247.34,14157
2025-07-17T10:59:00+05:30,247.38,247.38,247.1,247.2,11221
2025-07-17T11:00:00+05:30,247.16,247.26,247.1,247.17,21719
2025-07-17T11:01:00+05:30,247.1,247.37,247.09,247.29,13873
2025-07-17T11:02:00+05:30,247.27,247.27,247.04,247.18,29549
2025-07-17T11:03:00+05:30,247.1,247.3,247.08,247.3,5657
2025-07-17T11:04:00+05:30,247.29,247.3,247.18,247.19,4901
2025-07-17T11:05:00+05:30,247.27,247.41,247.21,247.39,3733
2025-07-17T11:06:00+05:30,247.33,247.5,247.33,247.4,4889
2025-07-17T11:07:00+05:30,247.4,247.4,247.29,247.32,4492
2025-07-17T11:08:00+05:30,247.27,247.34,247.2,247.25,1733
2025-07-17T11:09:00+05:30,247.25,247.3,247.1,247.18,5011
2025-07-17T11:10:00+05:30,247.1,247.3,247.08,247.24,20621
2025-07-17T11:11:00+05:30,247.25,247.42,247.2,247.33,10644
2025-07-17T11:12:00+05:30,247.24,247.32,247.2,247.24,10903
2025-07-17T11:13:00+05:30,247.21,247.21,246.75,247.02,112440
2025-07-17T11:14:00+05:30,247.06,247.25,246.87,247.25,46751
2025-07-17T11:15:00+05:30,247.16,247.22,246.78,247.0,25861
2025-07-17T11:16:00+05:30,247.1,247.25,246.92,247.15,23884
2025-07-17T11:17:00+05:30,247.1,247.59,247.04,247.45,26941
2025-07-17T11:18:00+05:30,247.44,247.46,247.22,247.46,15602
2025-07-17T11:19:00+05:30,247.43,247.52,247.3,247.5,4078
2025-07-17T11:20:00+05:30,247.44,247.48,247.2,247.4,3848
2025-07-17T11:21:00+05:30,247.33,247.4,247.3,247.36,4750
2025-07-17T11:22:00+05:30,247.36,247.49,247.35,247.46,1474
2025-07-17T11:23:00+05:30,247.45,247.65,247.4,247.65,15733
2025-07-17T11:24:00+05:30,247.6,247.65,247.21,247.36,18231
2025-07-17T11:25:00+05:30,247.35,247.36,246.93,246.93,36726
2025-07-17T11:26:00+05:30,246.9,247.01,246.7,246.99,14306
2025-07-17T11:27:00+05:30,246.9,246.99,246.67,246.99,17141
2025-07-17T11:28:00+05:30,246.94,247.0,246.89,247.0,10057
2025-07-17T11:29:00+05:30,246.99,247.14,246.98,247.04,3334
2025-07-17T11:30:00+05:30,247.02,247.07,246.9,247.0,7483
2025-07-17T11:31:00+05:30,246.95,247.0,246.92,246.99,2469
2025-07-17T11:32:00+05:30,246.94,247.0,246.9,246.9,10554
2025-07-17T11:33:00+05:30,246.9,246.97,246.9,246.97,3182
2025-07-17T11:34:00+05:30,246.97,247.0,246.8,246.82,5746
2025-07-17T11:35:00+05:30,246.8,246.87,246.74,246.86,7238
2025-07-17T11:36:00+05:30,246.85,246.96,246.85,246.88,2496
2025-07-17T11:37:00+05:30,246.9,247.0,246.85,247.0,9387
2025-07-17T11:38:00+05:30,246.95,247.08,246.95,247.0,2413
2025-07-17T11:39:00+05:30,247.0,247.07,246.95,247.04,3781
2025-07-17T11:40:00+05:30,247.0,247.06,246.91,246.97,5575
2025-07-17T11:41:00+05:30,246.97,247.05,246.85,247.01,12058
2025-07-17T11:42:00+05:30,247.0,247.04,246.9,247.0,2970
2025-07-17T11:43:00+05:30,247.0,247.05,246.87,247.0,6944
2025-07-17T11:44:00+05:30,246.93,247.01,246.91,247.0,4369
2025-07-17T11:45:00+05:30,246.92,247.08,246.92,247.07,2110
2025-07-17T11:46:00+05:30,247.07,247.25,246.98,247.24,9071
2025-07-17T11:47:00+05:30,247.24,247.24,247.02,247.13,4729
2025-07-17T11:48:00+05:30,247.1,247.16,247.02,247.05,3729
2025-07-17T11:49:00+05:30,247.02,247.05,246.88,247.0,5251
2025-07-17T11:50:00+05:30,246.92,247.02,246.81,246.94,10638
2025-07-17T11:51:00+05:30,246.93,246.95,246.8,246.89,4226
2025-07-17T11:52:00+05:30,246.89,246.91,246.81,246.87,3231
2025-07-17T11:53:00+05:30,246.87,246.87,246.76,246.85,10046
2025-07-17T11:54:00+05:30,246.83,247.0,246.76,246.9,8125
2025-07-17T11:55:00+05:30,246.85,246.92,246.7,246.72,15544
2025-07-17T11:56:00+05:30,246.81,246.81,246.7,246.79,4481
2025-07-17T11:57:00+05:30,246.79,246.79,246.33,246.4,30905
2025-07-17T11:58:00+05:30,246.4,246.45,246.34,246.45,10602
2025-07-17T11:59:00+05:30,246.44,246.45,246.35,246.39,3460
2025-07-17T12:00:00+05:30,246.39,246.5,246.25,246.33,31380
2025-07-17T12:01:00+05:30,246.33,246.33,246.25,246.28,2819
2025-07-17T12:02:00+05:30,246.28,246.5,246.27,246.48,8671
2025-07-17T12:03:00+05:30,246.45,246.57,246.45,246.56,18070
2025-07-17T12:04:00+05:30,246.51,246.59,246.28,246.39,24205
2025-07-17T12:05:00+05:30,246.32,246.47,246.3,246.31,10628
2025-07-17T12:06:00+05:30,246.33,246.59,246.32,246.48,5177
2025-07-17T12:07:00+05:30,246.44,246.59,246.4,246.58,4749
2025-07-17T12:08:00+05:30,246.55,246.58,246.35,246.35,21144
2025-07-17T12:09:00+05:30,246.4,246.58,246.3,246.56,4772
2025-07-17T12:10:00+05:30,246.5,246.55,246.36,246.42,4871
2025-07-17T12:11:00+05:30,246.41,246.45,246.3,246.41,5750
2025-07-17T12:12:00+05:30,246.36,246.41,246.3,246.37,7390
2025-07-17T12:13:00+05:30,246.37,246.39,246.23,246.35,11206
2025-07-17T12:14:00+05:30,246.3,246.34,246.05,246.14,23664
2025-07-17T12:15:00+05:30,246.14,246.15,245.71,245.91,82474
2025-07-17T12:16:00+05:30,245.91,246.0,245.81,245.98,12506
2025-07-17T12:17:00+05:30,245.9,245.9,245.61,245.79,23453
2025-07-17T12:18:00+05:30,245.71,245.77,245.5,245.73,19914
2025-07-17T12:19:00+05:30,245.67,245.82,245.56,245.66,28737
2025-07-17T12:20:00+05:30,245.6,245.66,245.5,245.65,14300
2025-07-17T12:21:00+05:30,245.6,245.87,245.6,245.87,7993
2025-07-17T12:22:00+05:30,245.8,245.87,245.67,245.81,4627
2025-07-17T12:23:00+05:30,245.81,245.91,245.81,245.89,5692
2025-07-17T12:24:00+05:30,245.81,245.93,245.75,245.87,3145
2025-07-17T12:25:00+05:30,245.87,245.95,245.73,245.83,15276
2025-07-17T12:26:00+05:30,245.83,245.83,245.75,245.82,3726
2025-07-17T12:27:00+05:30,245.76,245.99,245.75,245.9,5665
2025-07-17T12:28:00+05:30,245.9,246.03,245.89,246.03,6928
2025-07-17T12:29:00+05:30,246.0,246.03,245.97,245.99,3577
2025-07-17T12:30:00+05:30,245.97,245.99,245.81,245.95,4519
2025-07-17T12:31:00+05:30,245.87,245.98,245.85,245.9,2887
2025-07-17T12:32:00+05:30,245.89,246.03,245.87,245.99,5676
2025-07-17T12:33:00+05:30,245.95,245.99,245.88,245.98,2175
2025-07-17T12:34:00+05:30,245.96,245.98,245.95,245.98,4924
2025-07-17T12:35:00+05:30,245.96,245.98,245.93,245.95,6290
2025-07-17T12:36:00+05:30,245.93,245.96,245.86,245.89,6132
2025-07-17T12:37:00+05:30,245.88,245.89,245.85,245.85,5593
2025-07-17T12:38:00+05:30,245.85,245.87,245.75,245.86,7465
2025-07-17T12:39:00+05:30,245.87,245.9,245.78,245.9,1351
2025-07-17T12:40:00+05:30,245.84,245.9,245.78,245.9,5301
2025-07-17T12:41:00+05:30,245.82,245.9,245.64,245.78,13724
2025-07-17T12:42:00+05:30,245.75,245.99,245.68,245.99,1713
2025-07-17T12:43:00+05:30,245.93,246.1,245.87,246.1,3946
2025-07-17T12:44:00+05:30,246.06,246.1,245.9,246.01,13978
2025-07-17T12:45:00+05:30,245.99,246.04,245.9,246.01,1905
2025-07-17T12:46:00+05:30,246.01,246.04,245.92,245.98,2623
2025-07-17T12:47:00+05:30,245.95,246.0,245.93,246.0,3783
2025-07-17T12:48:00+05:30,245.98,246.0,245.91,245.97,6284
2025-07-17T12:49:00+05:30,245.97,245.99,245.9,245.98,6869
2025-07-17T12:50:00+05:30,245.96,245.98,245.9,245.9,2758
2025-07-17T12:51:00+05:30,245.9,245.94,245.9,245.92,10906
2025-07-17T12:52:00+05:30,245.92,245.94,245.88,245.94,2013
2025-07-17T12:53:00+05:30,245.94,246.04,245.82,246.0,21943
2025-07-17T12:54:00+05:30,245.97,246.09,245.9,246.0,5440
2025-07-17T12:55:00+05:30,246.0,246.02,245.91,246.02,4673
2025-07-17T12:56:00+05:30,245.99,246.15,245.99,246.15,6233
2025-07-17T12:57:00+05:30,246.11,246.15,246.01,246.15,14874
2025-07-17T12:58:00+05:30,246.08,246.08,245.82,245.85,17904
2025-07-17T12:59:00+05:30,245.81,245.95,245.8,245.92,9652
2025-07-17T13:00:00+05:30,245.9,245.94,245.8,245.86,6453
2025-07-17T13:01:00+05:30,245.81,245.83,245.7,245.81,14734
2025-07-17T13:02:00+05:30,245.76,245.77,245.68,245.77,15121
2025-07-17T13:03:00+05:30,245.75,245.93,245.75,245.9,7466
2025-07-17T13:04:00+05:30,245.8,245.94,245.78,245.9,1882
2025-07-17T13:05:00+05:30,245.87,245.91,245.8,245.87,3808
2025-07-17T13:06:00+05:30,245.84,245.86,245.8,245.85,2198
2025-07-17T13:07:00+05:30,245.82,245.95,245.81,245.88,2859
2025-07-17T13:08:00+05:30,245.85,245.88,245.71,245.79,9681
2025-07-17T13:09:00+05:30,245.79,245.83,245.76,245.83,1438
2025-07-17T13:10:00+05:30,245.8,245.83,245.7,245.76,6658
2025-07-17T13:11:00+05:30,245.73,245.77,245.71,245.77,5317
2025-07-17T13:12:00+05:30,245.73,245.89,245.64,245.81,25160
2025-07-17T13:13:00+05:30,245.81,245.94,245.79,245.94,1291
2025-07-17T13:14:00+05:30,245.9,245.91,245.81,245.88,1501
2025-07-17T13:15:00+05:30,245.82,246.05,245.82,246.05,10476
2025-07-17T13:16:00+05:30,245.99,246.06,245.98,246.02,6800
2025-07-17T13:17:00+05:30,246.0,246.04,245.9,245.98,6880
2025-07-17T13:18:00+05:30,245.96,245.99,245.8,245.92,13143
2025-07-17T13:19:00+05:30,245.82,245.97,245.82,245.9,9175
2025-07-17T13:20:00+05:30,245.85,245.95,245.85,245.88,7383
2025-07-17T13:21:00+05:30,245.92,245.95,245.92,245.93,6511
2025-07-17T13:22:00+05:30,245.93,246.1,245.93,246.1,5363
2025-07-17T13:23:00+05:30,246.03,246.1,245.76,245.96,30229
2025-07-17T13:24:00+05:30,245.9,246.0,245.81,245.96,10151
2025-07-17T13:25:00+05:30,245.88,246.1,245.88,246.1,5400
2025-07-17T13:26:00+05:30,246.0,246.1,245.87,246.07,9283
2025-07-17T13:27:00+05:30,246.05,246.18,246.02,246.18,11179
2025-07-17T13:28:00+05:30,246.18,246.25,246.16,246.21,12648
2025-07-17T13:29:00+05:30,246.2,246.37,246.1,246.35,11873
2025-07-17T13:30:00+05:30,246.25,246.3,246.2,246.3,3238
2025-07-17T13:31:00+05:30,246.26,246.3,246.25,246.3,3605
2025-07-17T13:32:00+05:30,246.25,246.3,246.25,246.29,2040
2025-07-17T13:33:00+05:30,246.25,246.29,246.18,246.2,10031
2025-07-17T13:34:00+05:30,246.19,246.29,246.17,246.25,1155
2025-07-17T13:35:00+05:30,246.2,246.25,246.19,246.25,1963
2025-07-17T13:36:00+05:30,246.19,246.25,246.15,246.25,3452
2025-07-17T13:37:00+05:30,246.23,246.26,246.17,246.25,2799
2025-07-17T13:38:00+05:30,246.23,246.4,246.2,246.4,12825
2025-07-17T13:39:00+05:30,246.36,246.4,246.25,246.31,1435
2025-07-17T13:40:00+05:30,246.31,246.35,246.26,246.32,1977
2025-07-17T13:41:00+05:30,246.27,246.33,246.26,246.33,4103
2025-07-17T13:42:00+05:30,246.3,246.43,246.26,246.39,5203
2025-07-17T13:43:00+05:30,246.39,246.41,246.32,246.37,1404
2025-07-17T13:44:00+05:30,246.33,246.37,246.31,246.35,1934
2025-07-17T13:45:00+05:30,246.32,246.36,246.32,246.32,2274
2025-07-17T13:46:00+05:30,246.32,246.34,246.26,246.29,5480
2025-07-17T13:47:00+05:30,246.29,246.3,246.19,246.28,8278
2025-07-17T13:48:00+05:30,246.25,246.35,246.24,246.35,5158
2025-07-17T13:49:00+05:30,246.32,246.35,246.24,246.35,5455
2025-07-17T13:50:00+05:30,246.32,246.35,246.25,246.34,1213
2025-07-17T13:51:00+05:30,246.31,246.45,246.25,246.4,7163
2025-07-17T13:52:00+05:30,246.42,246.59,246.39,246.52,31063
2025-07-17T13:53:00+05:30,246.42,246.58,246.41,246.48,10768
2025-07-17T13:54:00+05:30,246.54,246.54,246.41,246.46,6953
2025-07-17T13:55:00+05:30,246.42,246.46,246.25,246.36,5704
2025-07-17T13:56:00+05:30,246.28,246.46,246.28,246.45,2197
2025-07-17T13:57:00+05:30,246.38,246.42,246.25,246.3,5541
2025-07-17T13:58:00+05:30,246.3,246.36,246.25,246.29,3107
2025-07-17T13:59:00+05:30,246.28,246.35,246.25,246.35,6825
2025-07-17T14:00:00+05:30,246.3,246.38,246.25,246.35,1396
2025-07-17T14:01:00+05:30,246.35,246.35,246.25,246.27,4047
2025-07-17T14:02:00+05:30,246.26,246.3,246.25,246.3,2377
2025-07-17T14:03:00+05:30,246.25,246.37,246.25,246.35,5144
2025-07-17T14:04:00+05:30,246.29,246.36,246.25,246.3,9373
2025-07-17T14:05:00+05:30,246.25,246.33,246.25,246.33,5207
2025-07-17T14:06:00+05:30,246.25,246.35,246.2,246.31,10597
2025-07-17T14:07:00+05:30,246.31,246.34,246.21,246.21,9161
2025-07-17T14:08:00+05:30,246.23,246.31,246.2,246.29,6658
2025-07-17T14:09:00+05:30,246.25,246.35,246.25,246.35,2938
2025-07-17T14:10:00+05:30,246.33,246.35,246.25,246.33,3607
2025-07-17T14:11:00+05:30,246.29,246.35,246.25,246.35,10546
2025-07-17T14:12:00+05:30,246.31,246.35,246.26,246.3,5372
2025-07-17T14:13:00+05:30,246.28,246.41,246.27,246.4,7447
2025-07-17T14:14:00+05:30,246.33,246.4,246.26,246.4,10355
2025-07-17T14:15:00+05:30,246.32,246.4,246.3,246.37,1572
2025-07-17T14:16:00+05:30,246.37,246.39,246.3,246.38,895
2025-07-17T14:17:00+05:30,246.35,246.38,246.25,246.26,8006
2025-07-17T14:18:00+05:30,246.26,246.4,246.25,246.25,6784
2025-07-17T14:19:00+05:30,246.25,246.39,246.25,246.39,3178
2025-07-17T14:20:00+05:30,246.32,246.45,246.27,246.43,5691
2025-07-17T14:21:00+05:30,246.43,246.45,246.32,246.38,6816
2025-07-17T14:22:00+05:30,246.36,246.42,246.3,246.33,1790
2025-07-17T14:23:00+05:30,246.32,246.42,246.31,246.4,2753
2025-07-17T14:24:00+05:30,246.31,246.51,246.3,246.46,29930
2025-07-17T14:25:00+05:30,246.46,246.49,246.35,246.39,2842
2025-07-17T14:26:00+05:30,246.39,246.45,246.34,246.4,1801
2025-07-17T14:27:00+05:30,246.34,246.4,246.3,246.33,3277
2025-07-17T14:28:00+05:30,246.31,246.4,246.31,246.4,6686
2025-07-17T14:29:00+05:30,246.33,246.33,246.25,246.32,12771
2025-07-17T14:30:00+05:30,246.25,246.44,246.25,246.35,6704
2025-07-17T14:31:00+05:30,246.35,246.42,246.3,246.38,4043
2025-07-17T14:32:00+05:30,246.3,246.4,246.25,246.36,5271
2025-07-17T14:33:00+05:30,246.28,246.35,246.25,246.25,2000
2025-07-17T14:34:00+05:30,246.25,246.38,246.23,246.36,4529
2025-07-17T14:35:00+05:30,246.28,246.44,246.27,246.42,1897
2025-07-17T14:36:00+05:30,246.42,246.49,246.32,246.49,5112
2025-07-17T14:37:00+05:30,246.46,246.6,246.46,246.59,7214
2025-07-17T14:38:00+05:30,246.56,246.75,246.54,246.7,18425
2025-07-17T14:39:00+05:30,246.66,246.72,246.6,246.7,2598
2025-07-17T14:40:00+05:30,246.61,246.69,246.49,246.49,9372
2025-07-17T14:41:00+05:30,246.5,246.68,246.43,246.68,2353
2025-07-17T14:42:00+05:30,246.57,246.63,246.5,246.6,2418
2025-07-17T14:43:00+05:30,246.52,246.64,246.5,246.55,10103
2025-07-17T14:44:00+05:30,246.55,246.68,246.5,246.68,3335
2025-07-17T14:45:00+05:30,246.6,246.7,246.55,246.65,8025
2025-07-17T14:46:00+05:30,246.59,246.69,246.59,246.69,3735
2025-07-17T14:47:00+05:30,246.65,246.69,246.57,246.65,4397
2025-07-17T14:48:00+05:30,246.6,246.65,246.57,246.63,3937
2025-07-17T14:49:00+05:30,246.57,246.65,246.52,246.65,14126
2025-07-17T14:50:00+05:30,246.57,246.65,246.56,246.6,4889
2025-07-17T14:51:00+05:30,246.6,246.65,246.43,246.53,8518
2025-07-17T14:52:00+05:30,246.5,246.58,246.4,246.56,34026
2025-07-17T14:53:00+05:30,246.45,246.65,246.45,246.64,22407
2025-07-17T14:54:00+05:30,246.64,246.65,246.54,246.64,3969
2025-07-17T14:55:00+05:30,246.64,246.7,246.6,246.69,10990
2025-07-17T14:56:00+05:30,246.66,246.7,246.6,246.62,6734
2025-07-17T14:57:00+05:30,246.62,246.65,246.59,246.63,6144
2025-07-17T14:58:00+05:30,246.63,246.75,246.63,246.72,50923
2025-07-17T14:59:00+05:30,246.71,246.75,246.64,246.64,19855
2025-07-17T15:00:00+05:30,246.7,246.94,246.61,246.9,38884
2025-07-17T15:01:00+05:30,246.89,246.93,246.71,246.8,21386
2025-07-17T15:02:00+05:30,246.8,246.81,246.66,246.74,18468
2025-07-17T15:03:00+05:30,246.74,246.74,246.54,246.64,9549
2025-07-17T15:04:00+05:30,246.64,246.7,246.57,246.66,11713
2025-07-17T15:05:00+05:30,246.66,246.75,246.62,246.7,17318
2025-07-17T15:06:00+05:30,246.7,246.75,246.66,246.71,12630
2025-07-17T15:07:00+05:30,246.73,246.74,246.65,246.72,8317
2025-07-17T15:08:00+05:30,246.72,246.72,246.42,246.53,30871
2025-07-17T15:09:00+05:30,246.53,246.78,246.43,246.67,59740
2025-07-17T15:10:00+05:30,246.69,246.7,246.6,246.66,10749
2025-07-17T15:11:00+05:30,246.66,246.67,246.62,246.66,8951
2025-07-17T15:12:00+05:30,246.66,246.68,246.57,246.62,25844
2025-07-17T15:13:00+05:30,246.65,246.67,246.61,246.61,9418
2025-07-17T15:14:00+05:30,246.65,246.78,246.61,246.69,51237
2025-07-17T15:15:00+05:30,246.69,246.87,246.56,246.61,107962
2025-07-17T15:16:00+05:30,246.61,246.66,246.35,246.5,76951
2025-07-17T15:17:00+05:30,246.61,246.65,246.51,246.58,36967
2025-07-17T15:18:00+05:30,246.58,246.68,246.43,246.45,115669
2025-07-17T15:19:00+05:30,246.54,246.56,246.36,246.43,50346
2025-07-17T15:20:00+05:30,246.43,246.55,246.37,246.48,102451
2025-07-17T15:21:00+05:30,246.5,246.54,246.35,246.4,141716
2025-07-17T15:22:00+05:30,246.4,246.54,246.35,246.42,84092
2025-07-17T15:23:00+05:30,246.42,246.42,246.35,246.36,34013
2025-07-17T15:24:00+05:30,246.36,246.4,246.35,246.39,29403
2025-07-17T15:25:00+05:30,246.39,246.42,246.35,246.4,17435
2025-07-17T15:26:00+05:30,246.4,246.42,246.35,246.35,40679
2025-07-17T15:27:00+05:30,246.36,246.39,246.05,246.1,38613
2025-07-17T15:28:00+05:30,246.1,246.1,246.0,246.06,20451
2025-07-17T15:29:00+05:30,246.0,246.2,246.0,246.2,23755
2025-07-16T09:15:00+05:30,243.1,244.31,243.1,244.0,47665
2025-07-16T09:16:00+05:30,243.99,245.44,243.83,245.23,66473
2025-07-16T09:17:00+05:30,245.05,245.89,244.78,245.73,133599
2025-07-16T09:18:00+05:30,245.87,245.95,245.04,245.25,114676
2025-07-16T09:19:00+05:30,245.2,245.26,245.02,245.09,11816
2025-07-16T09:20:00+05:30,245.14,245.15,244.86,245.1,36335
2025-07-16T09:21:00+05:30,245.1,245.15,244.73,244.84,15562
2025-07-16T09:22:00+05:30,244.87,245.05,244.83,245.05,9267
2025-07-16T09:23:00+05:30,245.09,245.66,245.09,245.55,87320
2025-07-16T09:24:00+05:30,245.53,245.85,245.4,245.4,81653
2025-07-16T09:25:00+05:30,245.3,245.49,245.1,245.28,17775
2025-07-16T09:26:00+05:30,245.23,245.44,245.16,245.44,6107
2025-07-16T09:27:00+05:30,245.45,245.5,245.04,245.06,13156
2025-07-16T09:28:00+05:30,245.06,245.6,245.0,245.6,22013
2025-07-16T09:29:00+05:30,245.48,245.57,245.29,245.41,9914
2025-07-16T09:30:00+05:30,245.5,245.6,245.3,245.3,16885
2025-07-16T09:31:00+05:30,245.41,245.43,245.21,245.23,9158
2025-07-16T09:32:00+05:30,245.3,245.7,245.06,245.35,14910
2025-07-16T09:33:00+05:30,245.49,245.69,245.4,245.53,66331
2025-07-16T09:34:00+05:30,245.43,245.52,245.18,245.39,7179
2025-07-16T09:35:00+05:30,245.38,245.8,245.38,245.68,33637
2025-07-16T09:36:00+05:30,245.65,246.39,245.6,246.18,173588
2025-07-16T09:37:00+05:30,246.12,246.3,246.07,246.14,50157
2025-07-16T09:38:00+05:30,246.16,246.2,245.77,245.86,35860
2025-07-16T09:39:00+05:30,245.86,246.24,245.85,246.24,26264
2025-07-16T09:40:00+05:30,246.17,246.65,246.15,246.6,66692
2025-07-16T09:41:00+05:30,246.6,246.7,246.3,246.37,32684
2025-07-16T09:42:00+05:30,246.39,246.7,246.04,246.08,92030
2025-07-16T09:43:00+05:30,246.08,246.18,245.85,245.9,50349
2025-07-16T09:44:00+05:30,246.0,246.0,245.8,245.88,18363
2025-07-16T09:45:00+05:30,245.82,245.9,245.68,245.7,23855
2025-07-16T09:46:00+05:30,245.74,245.74,245.02,245.16,55906
2025-07-16T09:47:00+05:30,245.15,245.35,245.05,245.24,13987
2025-07-16T09:48:00+05:30,245.23,245.29,245.05,245.25,28514
2025-07-16T09:49:00+05:30,245.27,245.54,245.23,245.36,12331
2025-07-16T09:50:00+05:30,245.35,245.35,245.03,245.15,28677
2025-07-16T09:51:00+05:30,245.11,245.16,245.04,245.06,9644
2025-07-16T09:52:00+05:30,245.15,245.17,244.69,245.05,84177
2025-07-16T09:53:00+05:30,244.95,245.1,244.86,244.96,9670
2025-07-16T09:54:00+05:30,245.07,245.2,244.99,245.06,11159
2025-07-16T09:55:00+05:30,245.12,245.22,244.99,245.05,22212
2025-07-16T09:56:00+05:30,245.13,245.14,244.91,244.91,2975
2025-07-16T09:57:00+05:30,244.96,245.17,244.9,245.04,10267
2025-07-16T09:58:00+05:30,245.05,245.2,245.05,245.12,3153
2025-07-16T09:59:00+05:30,245.12,245.12,244.92,244.94,62852
2025-07-16T10:00:00+05:30,244.94,245.14,244.85,245.09,10685
2025-07-16T10:01:00+05:30,245.04,245.15,245.0,245.05,7670
2025-07-16T10:02:00+05:30,245.06,245.13,245.0,245.0,7082
2025-07-16T10:03:00+05:30,244.97,245.09,244.85,244.99,8406
2025-07-16T10:04:00+05:30,245.1,245.3,245.07,245.3,7473
2025-07-16T10:05:00+05:30,245.3,245.71,245.24,245.3,31160
2025-07-16T10:06:00+05:30,245.21,245.42,245.21,245.3,8145
2025-07-16T10:07:00+05:30,245.3,245.35,245.2,245.27,10470
2025-07-16T10:08:00+05:30,245.27,245.27,245.1,245.19,5900
2025-07-16T10:09:00+05:30,245.18,245.18,245.01,245.02,4520
2025-07-16T10:10:00+05:30,245.03,245.21,245.01,245.1,3308
2025-07-16T10:11:00+05:30,245.15,245.24,245.1,245.15,2818
2025-07-16T10:12:00+05:30,245.1,245.15,245.0,245.0,5399
2025-07-16T10:13:00+05:30,245.01,245.03,244.9,244.93,9882
2025-07-16T10:14:00+05:30,244.91,245.04,244.91,245.0,3471
2025-07-16T10:15:00+05:30,244.99,245.0,244.87,244.87,14635
2025-07-16T10:16:00+05:30,244.87,244.93,244.8,244.85,13971
2025-07-16T10:17:00+05:30,244.85,245.0,244.82,244.88,4908
2025-07-16T10:18:00+05:30,244.85,244.9,244.8,244.83,11701
2025-07-16T10:19:00+05:30,244.81,244.92,244.8,244.92,2449
2025-07-16T10:20:00+05:30,244.9,245.0,244.83,245.0,5703
2025-07-16T10:21:00+05:30,244.96,245.0,244.88,244.92,3620
2025-07-16T10:22:00+05:30,244.92,244.97,244.81,244.84,8203
2025-07-16T10:23:00+05:30,244.91,244.94,244.55,244.61,30725
2025-07-16T10:24:00+05:30,244.71,244.9,244.68,244.74,7674
2025-07-16T10:25:00+05:30,244.78,244.87,244.73,244.82,1493
2025-07-16T10:26:00+05:30,244.82,244.92,244.78,244.91,5419
2025-07-16T10:27:00+05:30,244.87,244.97,244.65,244.72,22307
2025-07-16T10:28:00+05:30,244.72,244.79,244.59,244.79,5430
2025-07-16T10:29:00+05:30,244.66,244.8,244.66,244.74,5187
2025-07-16T10:30:00+05:30,244.72,244.95,244.72,244.82,4440
2025-07-16T10:31:00+05:30,244.79,244.8,244.64,244.67,3915
2025-07-16T10:32:00+05:30,244.65,244.7,244.6,244.7,2150
2025-07-16T10:33:00+05:30,244.68,244.7,244.6,244.61,4451
2025-07-16T10:34:00+05:30,244.62,244.81,244.6,244.7,6230
2025-07-16T10:35:00+05:30,244.8,244.8,244.65,244.68,2545
2025-07-16T10:36:00+05:30,244.68,244.79,244.65,244.68,4116
2025-07-16T10:37:00+05:30,244.68,244.7,244.65,244.67,1721
2025-07-16T10:38:00+05:30,244.66,244.67,244.36,244.36,34156
2025-07-16T10:39:00+05:30,244.42,244.5,244.36,244.44,4471
2025-07-16T10:40:00+05:30,244.44,244.51,244.4,244.46,10110
2025-07-16T10:41:00+05:30,244.46,244.56,244.37,244.37,3983
2025-07-16T10:42:00+05:30,244.37,244.42,244.17,244.19,16999
2025-07-16T10:43:00+05:30,244.26,244.53,244.26,244.53,9418
2025-07-16T10:44:00+05:30,244.46,244.48,244.33,244.41,5197
2025-07-16T10:45:00+05:30,244.39,244.39,244.29,244.36,5797
2025-07-16T10:46:00+05:30,244.36,244.41,244.3,244.33,4962
2025-07-16T10:47:00+05:30,244.36,244.54,244.33,244.5,5634
2025-07-16T10:48:00+05:30,244.54,244.65,244.5,244.58,1873
2025-07-16T10:49:00+05:30,244.56,244.64,244.5,244.5,8205
2025-07-16T10:50:00+05:30,244.45,244.56,244.45,244.56,2092
2025-07-16T10:51:00+05:30,244.47,244.56,244.47,244.55,2530
2025-07-16T10:52:00+05:30,244.53,244.53,244.41,244.43,5888
2025-07-16T10:53:00+05:30,244.4,244.55,244.36,244.47,2959
2025-07-16T10:54:00+05:30,244.43,244.55,244.43,244.46,4119
2025-07-16T10:55:00+05:30,244.55,244.56,244.45,244.45,4132
2025-07-16T10:56:00+05:30,244.47,244.54,244.33,244.41,9022
2025-07-16T10:57:00+05:30,244.41,244.42,244.32,244.4,4407
2025-07-16T10:58:00+05:30,244.4,244.74,244.4,244.7,9538
2025-07-16T10:59:00+05:30,244.61,244.7,244.56,244.6,2401
2025-07-16T11:00:00+05:30,244.57,244.8,244.51,244.8,11054
2025-07-16T11:01:00+05:30,244.78,244.89,244.51,244.58,12436
2025-07-16T11:02:00+05:30,244.58,244.72,244.55,244.56,1412
2025-07-16T11:03:00+05:30,244.56,244.78,244.55,244.78,1864
2025-07-16T11:04:00+05:30,244.7,244.7,244.58,244.6,1278
2025-07-16T11:05:00+05:30,244.6,244.65,244.55,244.57,1289
2025-07-16T11:06:00+05:30,244.57,244.65,244.55,244.58,1389
2025-07-16T11:07:00+05:30,244.61,244.61,244.4,244.51,10156
2025-07-16T11:08:00+05:30,244.54,244.65,244.52,244.55,2869
2025-07-16T11:09:00+05:30,244.6,244.7,244.54,244.6,1945
2025-07-16T11:10:00+05:30,244.64,244.69,244.51,244.51,2142
2025-07-16T11:11:00+05:30,244.52,244.53,244.5,244.51,2547
2025-07-16T11:12:00+05:30,244.5,244.51,244.4,244.41,4199
2025-07-16T11:13:00+05:30,244.44,244.58,244.41,244.54,1615
2025-07-16T11:14:00+05:30,244.52,244.68,244.51,244.6,3367
2025-07-16T11:15:00+05:30,244.6,244.76,244.6,244.74,3456
2025-07-16T11:16:00+05:30,244.74,244.74,244.52,244.55,2709
2025-07-16T11:17:00+05:30,244.55,244.64,244.52,244.53,1178
2025-07-16T11:18:00+05:30,244.53,244.58,244.42,244.42,2686
2025-07-16T11:19:00+05:30,244.44,244.57,244.43,244.47,7297
2025-07-16T11:20:00+05:30,244.58,244.58,244.43,244.48,2037
2025-07-16T11:21:00+05:30,244.48,244.58,244.44,244.52,2675
2025-07-16T11:22:00+05:30,244.49,244.56,244.46,244.5,34285
2025-07-16T11:23:00+05:30,244.47,244.58,244.45,244.55,20002
2025-07-16T11:24:00+05:30,244.58,244.58,244.44,244.47,36227
2025-07-16T11:25:00+05:30,244.48,244.48,244.32,244.35,3762
2025-07-16T11:26:00+05:30,244.35,244.5,244.32,244.5,4392
2025-07-16T11:27:00+05:30,244.48,244.67,244.48,244.63,4501
2025-07-16T11:28:00+05:30,244.65,244.65,244.5,244.54,3395
2025-07-16T11:29:00+05:30,244.5,244.56,244.5,244.54,992
2025-07-16T11:30:00+05:30,244.54,244.68,244.51,244.59,2133
2025-07-16T11:31:00+05:30,244.55,244.69,244.55,244.67,3134
2025-07-16T11:32:00+05:30,244.66,244.76,244.63,244.68,5969
2025-07-16T11:33:00+05:30,244.64,244.75,244.63,244.66,2177
2025-07-16T11:34:00+05:30,244.7,244.75,244.63,244.65,4152
2025-07-16T11:35:00+05:30,244.65,244.7,244.6,244.64,1666
2025-07-16T11:36:00+05:30,244.6,244.7,244.6,244.63,2581
2025-07-16T11:37:00+05:30,244.65,244.65,244.6,244.61,1155
2025-07-16T11:38:00+05:30,244.61,244.86,244.6,244.71,15707
2025-07-16T11:39:00+05:30,244.71,244.71,244.41,244.43,46370
2025-07-16T11:40:00+05:30,244.43,244.51,244.35,244.4,5250
2025-07-16T11:41:00+05:30,244.35,244.51,244.35,244.48,2548
2025-07-16T11:42:00+05:30,244.45,244.48,244.33,244.36,5181
2025-07-16T11:43:00+05:30,244.4,244.48,244.33,244.34,2043
2025-07-16T11:44:00+05:30,244.38,244.42,244.32,244.35,3440
2025-07-16T11:45:00+05:30,244.33,244.41,244.32,244.33,7846
2025-07-16T11:46:00+05:30,244.36,244.5,244.32,244.5,7373
2025-07-16T11:47:00+05:30,244.5,244.5,244.34,244.47,4104
2025-07-16T11:48:00+05:30,244.47,244.47,244.32,244.43,7937
2025-07-16T11:49:00+05:30,244.33,244.6,244.32,244.43,6230
2025-07-16T11:50:00+05:30,244.43,244.52,244.43,244.48,1596
2025-07-16T11:51:00+05:30,244.46,244.56,244.46,244.5,2290
2025-07-16T11:52:00+05:30,244.55,244.56,244.47,244.49,1271
2025-07-16T11:53:00+05:30,244.52,244.66,244.48,244.66,2303
2025-07-16T11:54:00+05:30,244.61,245.35,244.59,245.27,55987
2025-07-16T11:55:00+05:30,245.2,245.29,244.94,245.01,9583
2025-07-16T11:56:00+05:30,245.04,245.08,244.9,244.9,5812
2025-07-16T11:57:00+05:30,245.03,245.5,245.03,245.2,60032
2025-07-16T11:58:00+05:30,245.22,245.34,245.13,245.13,5747
2025-07-16T11:59:00+05:30,245.11,245.24,245.03,245.03,11082
2025-07-16T12:00:00+05:30,245.07,245.17,245.05,245.14,5746
2025-07-16T12:01:00+05:30,245.14,245.5,245.12,245.45,13843
2025-07-16T12:02:00+05:30,245.44,246.15,245.4,246.1,128468
2025-07-16T12:03:00+05:30,246.0,246.57,246.0,246.12,98878
2025-07-16T12:04:00+05:30,246.16,246.46,246.15,246.36,35680
2025-07-16T12:05:00+05:30,246.31,246.5,246.06,246.27,64956
2025-07-16T12:06:00+05:30,246.27,246.8,246.24,246.79,300307
2025-07-16T12:07:00+05:30,246.8,247.4,246.72,247.39,463093
2025-07-16T12:08:00+05:30,247.29,247.5,246.64,246.74,173269
2025-07-16T12:09:00+05:30,246.65,247.19,246.65,247.01,65928
2025-07-16T12:10:00+05:30,246.96,247.25,246.78,247.2,76862
2025-07-16T12:11:00+05:30,247.15,247.57,247.14,247.4,81870
2025-07-16T12:12:00+05:30,247.27,247.45,247.0,247.01,50745
2025-07-16T12:13:00+05:30,247.15,247.18,246.91,246.99,33687
2025-07-16T12:14:00+05:30,246.92,247.02,246.78,246.86,45741
2025-07-16T12:15:00+05:30,246.78,247.21,246.78,247.03,62201
2025-07-16T12:16:00+05:30,247.14,247.2,247.1,247.2,52357
2025-07-16T12:17:00+05:30,247.2,247.45,247.18,247.2,84510
2025-07-16T12:18:00+05:30,247.2,247.46,247.13,247.16,33788
2025-07-16T12:19:00+05:30,247.2,247.25,246.98,247.05,23056
2025-07-16T12:20:00+05:30,247.09,247.16,246.9,246.9,12376
2025-07-16T12:21:00+05:30,246.94,246.99,246.8,246.97,19655
2025-07-16T12:22:00+05:30,246.97,247.0,246.82,246.9,13860
2025-07-16T12:23:00+05:30,246.9,247.3,246.9,247.04,19790
2025-07-16T12:24:00+05:30,247.02,247.1,246.8,246.8,17250
2025-07-16T12:25:00+05:30,246.89,247.1,246.8,247.07,16240
2025-07-16T12:26:00+05:30,247.06,247.07,246.85,246.9,11883
2025-07-16T12:27:00+05:30,246.9,247.0,246.82,246.9,25929
2025-07-16T12:28:00+05:30,247.0,247.0,246.81,246.89,12146
2025-07-16T12:29:00+05:30,246.84,247.22,246.82,247.2,38504
2025-07-16T12:30:00+05:30,247.14,247.22,246.99,247.06,35604
2025-07-16T12:31:00+05:30,247.05,247.3,247.01,247.12,37500
2025-07-16T12:32:00+05:30,247.06,247.18,246.87,246.87,20098
2025-07-16T12:33:00+05:30,246.88,246.99,246.87,246.93,5503
2025-07-16T12:34:00+05:30,246.93,247.26,246.9,247.14,41952
2025-07-16T12:35:00+05:30,247.15,247.46,247.08,247.36,64795
2025-07-16T12:36:00+05:30,247.38,247.7,247.29,247.7,105717
2025-07-16T12:37:00+05:30,247.7,247.98,247.58,247.6,131819
2025-07-16T12:38:00+05:30,247.54,247.71,247.18,247.39,26542
2025-07-16T12:39:00+05:30,247.39,247.8,247.38,247.7,26789
2025-07-16T12:40:00+05:30,247.7,247.88,247.39,247.78,44865
2025-07-16T12:41:00+05:30,247.78,247.98,247.59,247.85,67651
2025-07-16T12:42:00+05:30,247.87,247.97,247.61,247.61,31775
2025-07-16T12:43:00+05:30,247.67,247.79,247.5,247.5,12901
2025-07-16T12:44:00+05:30,247.57,247.65,247.25,247.31,20155
2025-07-16T12:45:00+05:30,247.34,247.4,247.28,247.28,7008
2025-07-16T12:46:00+05:30,247.32,247.32,247.15,247.25,21867
2025-07-16T12:47:00+05:30,247.25,247.3,247.21,247.3,6673
2025-07-16T12:48:00+05:30,247.25,247.45,247.25,247.3,20857
2025-07-16T12:49:00+05:30,247.3,247.41,247.25,247.33,8904
2025-07-16T12:50:00+05:30,247.35,247.39,247.22,247.3,17115
2025-07-16T12:51:00+05:30,247.3,247.35,247.11,247.11,10079
2025-07-16T12:52:00+05:30,247.11,247.24,247.08,247.2,19201
2025-07-16T12:53:00+05:30,247.24,247.32,247.15,247.3,12114
2025-07-16T12:54:00+05:30,247.33,247.36,246.91,247.08,81574
2025-07-16T12:55:00+05:30,247.18,247.35,247.0,247.22,59482
2025-07-16T12:56:00+05:30,247.25,247.35,247.16,247.2,6776
2025-07-16T12:57:00+05:30,247.2,247.59,247.2,247.59,36785
2025-07-16T12:58:00+05:30,247.55,247.59,247.38,247.45,4906
2025-07-16T12:59:00+05:30,247.49,247.5,247.41,247.41,5547
2025-07-16T13:00:00+05:30,247.44,247.7,247.38,247.62,16140
2025-07-16T13:01:00+05:30,247.7,247.9,247.6,247.79,42437
2025-07-16T13:02:00+05:30,247.79,247.9,247.69,247.83,59076
2025-07-16T13:03:00+05:30,247.83,248.0,247.63,248.0,159872
2025-07-16T13:04:00+05:30,247.99,248.35,247.77,247.97,272803
2025-07-16T13:05:00+05:30,248.1,248.82,247.99,248.8,225129
2025-07-16T13:06:00+05:30,248.81,249.28,248.78,249.1,313879
2025-07-16T13:07:00+05:30,249.1,249.25,249.02,249.02,87848
2025-07-16T13:08:00+05:30,249.03,249.21,249.0,249.06,75781
2025-07-16T13:09:00+05:30,249.03,249.28,248.91,249.24,91262
2025-07-16T13:10:00+05:30,249.25,249.5,248.91,249.06,102011
2025-07-16T13:11:00+05:30,249.2,249.85,249.07,249.79,218122
2025-07-16T13:12:00+05:30,249.79,250.0,249.5,249.5,206386
2025-07-16T13:13:00+05:30,249.5,249.6,249.1,249.28,120057
2025-07-16T13:14:00+05:30,249.28,249.99,249.2,249.85,280901
2025-07-16T13:15:00+05:30,249.85,249.9,249.53,249.55,35653
2025-07-16T13:16:00+05:30,249.6,249.69,249.41,249.53,41489
2025-07-16T13:17:00+05:30,249.53,249.71,249.49,249.62,35622
2025-07-16T13:18:00+05:30,249.62,250.0,249.61,249.99,152187
2025-07-16T13:19:00+05:30,249.99,250.0,249.85,249.85,65924
2025-07-16T13:20:00+05:30,249.87,250.5,249.87,250.4,340026
2025-07-16T13:21:00+05:30,250.4,250.5,250.11,250.16,131961
2025-07-16T13:22:00+05:30,250.27,250.34,249.9,250.2,73428
2025-07-16T13:23:00+05:30,250.2,250.44,250.12,250.2,51619
2025-07-16T13:24:00+05:30,250.2,250.26,250.0,250.0,26506
2025-07-16T13:25:00+05:30,250.03,250.07,249.79,249.82,75001
2025-07-16T13:26:00+05:30,249.94,249.95,249.62,249.65,32334
2025-07-16T13:27:00+05:30,249.65,249.9,249.5,249.8,52569
2025-07-16T13:28:00+05:30,249.8,249.9,249.62,249.67,56054
2025-07-16T13:29:00+05:30,249.66,249.71,249.54,249.57,12060
2025-07-16T13:30:00+05:30,249.54,249.6,249.32,249.4,36959
2025-07-16T13:31:00+05:30,249.34,249.6,249.3,249.39,36335
2025-07-16T13:32:00+05:30,249.41,249.55,249.37,249.45,25900
2025-07-16T13:33:00+05:30,249.4,249.45,249.2,249.3,30438
2025-07-16T13:34:00+05:30,249.3,249.3,249.07,249.19,29104
2025-07-16T13:35:00+05:30,249.19,249.19,248.96,249.0,73868
2025-07-16T13:36:00+05:30,249.0,249.11,248.71,249.0,109139
2025-07-16T13:37:00+05:30,248.96,249.45,248.95,249.35,62182
2025-07-16T13:38:00+05:30,249.35,249.38,249.09,249.26,51571
2025-07-16T13:39:00+05:30,249.26,249.35,249.0,249.15,32848
2025-07-16T13:40:00+05:30,249.1,249.18,249.04,249.1,5477
2025-07-16T13:41:00+05:30,249.11,249.15,249.0,249.0,14251
2025-07-16T13:42:00+05:30,249.01,249.1,249.0,249.05,9980
2025-07-16T13:43:00+05:30,249.06,249.12,248.92,248.98,52233
2025-07-16T13:44:00+05:30,248.98,249.13,248.9,248.99,50031
2025-07-16T13:45:00+05:30,248.99,249.18,248.97,249.08,44020
2025-07-16T13:46:00+05:30,249.07,249.19,248.8,248.98,68966
2025-07-16T13:47:00+05:30,248.98,249.19,248.98,249.19,32141
2025-07-16T13:48:00+05:30,249.15,249.3,249.09,249.16,10201
2025-07-16T13:49:00+05:30,249.16,249.3,249.13,249.15,23885
2025-07-16T13:50:00+05:30,249.17,249.3,249.05,249.16,11336
2025-07-16T13:51:00+05:30,249.18,249.19,249.05,249.09,4311
2025-07-16T13:52:00+05:30,249.1,249.39,249.02,249.23,28439
2025-07-16T13:53:00+05:30,249.2,249.38,249.11,249.18,8360
2025-07-16T13:54:00+05:30,249.25,249.3,249.1,249.1,3797
2025-07-16T13:55:00+05:30,249.1,249.18,249.08,249.12,9181
2025-07-16T13:56:00+05:30,249.1,249.2,249.01,249.2,13954
2025-07-16T13:57:00+05:30,249.21,249.36,249.16,249.31,48042
2025-07-16T13:58:00+05:30,249.31,249.89,249.31,249.62,122556
2025-07-16T13:59:00+05:30,249.51,249.86,249.49,249.51,38894
2025-07-16T14:00:00+05:30,249.51,249.7,249.5,249.65,20567
2025-07-16T14:01:00+05:30,249.65,249.8,249.62,249.72,22041
2025-07-16T14:02:00+05:30,249.71,249.74,249.6,249.61,15024
2025-07-16T14:03:00+05:30,249.6,249.64,249.4,249.45,23670
2025-07-16T14:04:00+05:30,249.45,249.53,249.34,249.36,13188
2025-07-16T14:05:00+05:30,249.38,249.48,249.3,249.3,3834
2025-07-16T14:06:00+05:30,249.3,249.5,249.29,249.41,14294
2025-07-16T14:07:00+05:30,249.38,249.56,249.28,249.33,20381
2025-07-16T14:08:00+05:30,249.4,249.45,249.2,249.21,3921
2025-07-16T14:09:00+05:30,249.2,249.8,249.2,249.73,53438
2025-07-16T14:10:00+05:30,249.73,249.8,249.41,249.5,29912
2025-07-16T14:11:00+05:30,249.48,249.67,249.42,249.47,17354
2025-07-16T14:12:00+05:30,249.5,249.6,249.35,249.5,28222
2025-07-16T14:13:00+05:30,249.5,249.5,249.3,249.44,9090
2025-07-16T14:14:00+05:30,249.4,249.49,249.37,249.4,32123
2025-07-16T14:15:00+05:30,249.4,249.53,249.38,249.42,20539
2025-07-16T14:16:00+05:30,249.43,249.5,249.4,249.4,3220
2025-07-16T14:17:00+05:30,249.41,249.5,249.4,249.43,9787
2025-07-16T14:18:00+05:30,249.43,249.53,249.43,249.45,23733
2025-07-16T14:19:00+05:30,249.45,249.47,249.4,249.4,5714
2025-07-16T14:20:00+05:30,249.4,249.43,249.3,249.32,19434
2025-07-16T14:21:00+05:30,249.32,249.32,249.17,249.2,25296
2025-07-16T14:22:00+05:30,249.21,249.29,249.17,249.24,14145
2025-07-16T14:23:00+05:30,249.24,249.43,249.24,249.37,53954
2025-07-16T14:24:00+05:30,249.3,249.35,249.21,249.3,63748
2025-07-16T14:25:00+05:30,249.3,249.4,249.21,249.3,23363
2025-07-16T14:26:00+05:30,249.3,249.37,249.2,249.21,15397
2025-07-16T14:27:00+05:30,249.21,249.3,249.2,249.21,7337
2025-07-16T14:28:00+05:30,249.21,249.33,249.2,249.25,14436
2025-07-16T14:29:00+05:30,249.23,249.32,249.21,249.28,13797
2025-07-16T14:30:00+05:30,249.24,249.28,249.13,249.18,19316
2025-07-16T14:31:00+05:30,249.12,249.24,249.1,249.22,21656
2025-07-16T14:32:00+05:30,249.22,249.37,249.22,249.29,17606
2025-07-16T14:33:00+05:30,249.27,249.29,249.03,249.03,7843
2025-07-16T14:34:00+05:30,249.03,249.17,249.0,249.05,42710
2025-07-16T14:35:00+05:30,249.01,249.14,248.97,249.02,38487
2025-07-16T14:36:00+05:30,249.0,249.1,248.98,249.02,9977
2025-07-16T14:37:00+05:30,249.05,249.1,249.02,249.1,11394
2025-07-16T14:38:00+05:30,249.05,249.2,249.05,249.16,9484
2025-07-16T14:39:00+05:30,249.17,249.3,249.17,249.21,19768
2025-07-16T14:40:00+05:30,249.2,249.25,249.19,249.2,7813
2025-07-16T14:41:00+05:30,249.21,249.32,249.19,249.25,9145
2025-07-16T14:42:00+05:30,249.3,249.34,249.25,249.31,7355
2025-07-16T14:43:00+05:30,249.25,249.39,249.18,249.19,8091
2025-07-16T14:44:00+05:30,249.27,249.38,249.21,249.36,65635
2025-07-16T14:45:00+05:30,249.36,249.46,249.27,249.3,16232
2025-07-16T14:46:00+05:30,249.29,249.5,249.24,249.43,12680
2025-07-16T14:47:00+05:30,249.43,249.65,249.41,249.56,36638
2025-07-16T14:48:00+05:30,249.57,249.65,249.55,249.58,8717
2025-07-16T14:49:00+05:30,249.58,249.68,249.55,249.55,23728
2025-07-16T14:50:00+05:30,249.51,249.55,249.4,249.4,24866
2025-07-16T14:51:00+05:30,249.4,249.51,249.38,249.47,10496
2025-07-16T14:52:00+05:30,249.42,249.46,249.27,249.41,16585
2025-07-16T14:53:00+05:30,249.42,249.44,249.32,249.36,13116
2025-07-16T14:54:00+05:30,249.35,249.44,249.35,249.41,3579
2025-07-16T14:55:00+05:30,249.41,249.45,249.35,249.35,8812
2025-07-16T14:56:00+05:30,249.4,249.45,249.35,249.35,8972
2025-07-16T14:57:00+05:30,249.35,249.44,249.35,249.37,8380
2025-07-16T14:58:00+05:30,249.37,249.5,249.35,249.4,18502
2025-07-16T14:59:00+05:30,249.4,249.5,249.35,249.5,33179
2025-07-16T15:00:00+05:30,249.5,249.52,249.07,249.15,90014
2025-07-16T15:01:00+05:30,249.2,249.33,249.15,249.2,29513
2025-07-16T15:02:00+05:30,249.21,249.27,249.05,249.2,28523
2025-07-16T15:03:00+05:30,249.16,249.25,249.1,249.1,19212
2025-07-16T15:04:00+05:30,249.1,249.19,249.05,249.06,22203
2025-07-16T15:05:00+05:30,249.05,249.22,249.02,249.05,29995
2025-07-16T15:06:00+05:30,249.15,249.21,248.97,249.0,73555
2025-07-16T15:07:00+05:30,249.01,249.21,249.01,249.07,38113
2025-07-16T15:08:00+05:30,249.15,249.19,249.05,249.06,22188
2025-07-16T15:09:00+05:30,249.13,249.22,249.05,249.08,26289
2025-07-16T15:10:00+05:30,249.08,249.25,248.98,249.1,98261
2025-07-16T15:11:00+05:30,249.11,249.25,249.1,249.14,30483
2025-07-16T15:12:00+05:30,249.18,249.25,249.01,249.01,34816
2025-07-16T15:13:00+05:30,249.08,249.11,248.98,249.03,72613
2025-07-16T15:14:00+05:30,249.06,249.13,248.96,248.98,77218
2025-07-16T15:15:00+05:30,248.99,249.0,248.92,249.0,101803
2025-07-16T15:16:00+05:30,248.99,249.0,248.97,248.97,89878
2025-07-16T15:17:00+05:30,248.98,249.0,248.96,248.97,71526
2025-07-16T15:18:00+05:30,248.99,249.16,248.96,249.06,96666
2025-07-16T15:19:00+05:30,249.05,249.17,249.0,249.02,41010
2025-07-16T15:20:00+05:30,249.1,249.21,249.0,249.02,97563
2025-07-16T15:21:00+05:30,249.06,249.15,249.0,249.1,49921
2025-07-16T15:22:00+05:30,249.11,249.21,249.0,249.08,68258
2025-07-16T15:23:00+05:30,249.08,249.15,248.95,249.14,69433
2025-07-16T15:24:00+05:30,249.14,249.3,249.02,249.18,72073
2025-07-16T15:25:00+05:30,249.18,249.2,249.07,249.11,40754
2025-07-16T15:26:00+05:30,249.19,249.25,249.08,249.08,62849
2025-07-16T15:27:00+05:30,249.09,249.15,249.07,249.13,39021
2025-07-16T15:28:00+05:30,249.13,249.14,249.01,249.1,38629
2025-07-16T15:29:00+05:30,249.1,249.13,248.92,248.99,31650
2025-07-15T09:15:00+05:30,241.11,242.5,241.11,242.2,63495
2025-07-15T09:16:00+05:30,242.16,242.25,241.96,242.15,18552
2025-07-15T09:17:00+05:30,242.15,242.29,242.0,242.08,19107
2025-07-15T09:18:00+05:30,242.11,242.14,241.8,241.98,9918
2025-07-15T09:19:00+05:30,241.94,242.07,241.85,241.9,11793
2025-07-15T09:20:00+05:30,241.98,241.98,241.63,241.75,8050
2025-07-15T09:21:00+05:30,241.75,241.75,241.47,241.55,26640
2025-07-15T09:22:00+05:30,241.5,241.55,241.25,241.33,11246
2025-07-15T09:23:00+05:30,241.43,241.46,241.11,241.11,13698
2025-07-15T09:24:00+05:30,241.2,241.44,241.1,241.36,23724
2025-07-15T09:25:00+05:30,241.34,241.42,240.76,240.76,49644
2025-07-15T09:26:00+05:30,240.87,241.09,240.74,241.09,18558
2025-07-15T09:27:00+05:30,241.05,241.14,241.04,241.1,8159
2025-07-15T09:28:00+05:30,241.11,241.39,241.11,241.31,5123
2025-07-15T09:29:00+05:30,241.3,241.31,241.06,241.1,15433
2025-07-15T09:30:00+05:30,241.08,241.37,241.05,241.19,9509
2025-07-15T09:31:00+05:30,241.29,241.31,241.2,241.3,4676
2025-07-15T09:32:00+05:30,241.25,241.38,241.16,241.3,4924
2025-07-15T09:33:00+05:30,241.37,241.4,241.23,241.29,5690
2025-07-15T09:34:00+05:30,241.29,241.74,241.23,241.64,8784
2025-07-15T09:35:00+05:30,241.64,241.73,241.54,241.68,13213
2025-07-15T09:36:00+05:30,241.7,241.78,241.6,241.69,7333
2025-07-15T09:37:00+05:30,241.79,241.88,241.73,241.85,8672
2025-07-15T09:38:00+05:30,241.85,241.95,241.8,241.95,5829
2025-07-15T09:39:00+05:30,241.95,242.2,241.86,242.2,33450
2025-07-15T09:40:00+05:30,242.12,242.3,242.08,242.3,34292
2025-07-15T09:41:00+05:30,242.3,242.3,242.07,242.11,12906
2025-07-15T09:42:00+05:30,242.22,242.24,242.07,242.07,4398
2025-07-15T09:43:00+05:30,242.07,242.09,241.72,241.9,16165
2025-07-15T09:44:00+05:30,241.89,242.09,241.8,241.99,14888
2025-07-15T09:45:00+05:30,241.97,241.97,241.74,241.75,3255
2025-07-15T09:46:00+05:30,241.75,241.76,241.69,241.72,9528
2025-07-15T09:47:00+05:30,241.76,241.98,241.72,241.93,10857
2025-07-15T09:48:00+05:30,241.9,241.93,241.7,241.7,3226
2025-07-15T09:49:00+05:30,241.7,241.9,241.6,241.9,5250
2025-07-15T09:50:00+05:30,241.87,241.93,241.84,241.93,3158
2025-07-15T09:51:00+05:30,241.93,242.04,241.87,242.01,10274
2025-07-15T09:52:00+05:30,242.1,242.2,242.04,242.2,6756
2025-07-15T09:53:00+05:30,242.15,242.65,242.15,242.6,31534
2025-07-15T09:54:00+05:30,242.6,242.69,241.62,241.89,64775
2025-07-15T09:55:00+05:30,241.84,242.4,241.84,242.4,22865
2025-07-15T09:56:00+05:30,242.4,242.4,242.1,242.14,10717
2025-07-15T09:57:00+05:30,242.16,242.33,242.16,242.31,23776
2025-07-15T09:58:00+05:30,242.33,242.54,242.29,242.34,22636
2025-07-15T09:59:00+05:30,242.31,242.74,242.19,242.57,18147
2025-07-15T10:00:00+05:30,242.64,243.6,242.6,243.59,201588
2025-07-15T10:01:00+05:30,243.5,244.0,243.33,244.0,205436
2025-07-15T10:02:00+05:30,243.99,244.42,243.85,243.95,128168
2025-07-15T10:03:00+05:30,243.95,244.19,243.85,243.96,26764
2025-07-15T10:04:00+05:30,243.99,244.21,243.89,244.14,127098
2025-07-15T10:05:00+05:30,244.15,244.8,244.0,244.16,152042
2025-07-15T10:06:00+05:30,244.05,244.27,243.92,244.12,30541
2025-07-15T10:07:00+05:30,244.02,244.32,243.91,243.93,141815
2025-07-15T10:08:00+05:30,243.92,244.8,243.9,244.74,143462
2025-07-15T10:09:00+05:30,244.7,244.78,244.18,244.19,38001
2025-07-15T10:10:00+05:30,244.2,244.69,244.1,244.6,88784
2025-07-15T10:11:00+05:30,244.6,244.9,244.52,244.61,72745
2025-07-15T10:12:00+05:30,244.61,244.68,244.26,244.38,21408
2025-07-15T10:13:00+05:30,244.31,244.57,244.16,244.24,31765
2025-07-15T10:14:00+05:30,244.26,244.3,244.02,244.03,17079
2025-07-15T10:15:00+05:30,244.03,244.5,244.02,244.16,18806
2025-07-15T10:16:00+05:30,244.17,244.34,244.07,244.2,41533
2025-07-15T10:17:00+05:30,244.1,244.3,244.1,244.2,19321
2025-07-15T10:18:00+05:30,244.17,244.25,243.82,243.85,35689
2025-07-15T10:19:00+05:30,243.85,243.94,243.65,243.75,20915
2025-07-15T10:20:00+05:30,243.69,243.8,243.51,243.73,21630
2025-07-15T10:21:00+05:30,243.73,243.83,243.35,243.4,41155
2025-07-15T10:22:00+05:30,243.44,243.58,243.39,243.41,16194
2025-07-15T10:23:00+05:30,243.41,243.68,243.41,243.68,10815
2025-07-15T10:24:00+05:30,243.66,243.7,243.5,243.65,10792
2025-07-15T10:25:00+05:30,243.66,243.78,243.61,243.7,4663
2025-07-15T10:26:00+05:30,243.68,243.72,243.4,243.5,10724
2025-07-15T10:27:00+05:30,243.42,243.48,243.35,243.36,7476
2025-07-15T10:28:00+05:30,243.4,243.5,243.36,243.4,15051
2025-07-15T10:29:00+05:30,243.41,243.56,243.41,243.46,8683
2025-07-15T10:30:00+05:30,243.46,243.53,243.24,243.36,37895
2025-07-15T10:31:00+05:30,243.43,243.96,243.43,243.87,29692
2025-07-15T10:32:00+05:30,243.87,244.0,243.84,244.0,21507
2025-07-15T10:33:00+05:30,244.0,244.27,243.84,243.87,33178
2025-07-15T10:34:00+05:30,243.94,244.0,243.64,243.89,14335
2025-07-15T10:35:00+05:30,243.98,244.05,243.89,243.98,4358
2025-07-15T10:36:00+05:30,243.94,244.13,243.94,243.96,11905
2025-07-15T10:37:00+05:30,243.99,244.19,243.99,244.19,10961
2025-07-15T10:38:00+05:30,244.19,244.37,244.16,244.2,18809
2025-07-15T10:39:00+05:30,244.22,244.33,244.2,244.25,12809
2025-07-15T10:40:00+05:30,244.3,244.38,244.24,244.25,10106
2025-07-15T10:41:00+05:30,244.33,244.33,244.17,244.28,7835
2025-07-15T10:42:00+05:30,244.25,244.29,244.17,244.18,6041
2025-07-15T10:43:00+05:30,244.17,244.3,244.12,244.3,16242
2025-07-15T10:44:00+05:30,244.27,244.5,244.25,244.49,17681
2025-07-15T10:45:00+05:30,244.5,244.74,244.49,244.66,86397
2025-07-15T10:46:00+05:30,244.68,244.75,244.4,244.53,21820
2025-07-15T10:47:00+05:30,244.49,244.7,244.4,244.62,20856
2025-07-15T10:48:00+05:30,244.61,244.95,244.61,244.95,151469
2025-07-15T10:49:00+05:30,244.9,245.29,244.84,245.11,314420
2025-07-15T10:50:00+05:30,245.15,245.25,245.02,245.2,30306
2025-07-15T10:51:00+05:30,245.11,245.22,244.85,244.94,111751
2025-07-15T10:52:00+05:30,244.92,244.97,244.5,244.6,27365
2025-07-15T10:53:00+05:30,244.68,244.85,244.5,244.61,25699
2025-07-15T10:54:00+05:30,244.59,244.61,244.5,244.52,10181
2025-07-15T10:55:00+05:30,244.58,244.63,244.41,244.41,12634
2025-07-15T10:56:00+05:30,244.41,244.5,244.15,244.15,13669
2025-07-15T10:57:00+05:30,244.23,244.23,243.51,243.93,99557
2025-07-15T10:58:00+05:30,243.92,244.05,243.86,244.03,8465
2025-07-15T10:59:00+05:30,244.03,244.05,243.98,244.0,2103
2025-07-15T11:00:00+05:30,244.02,244.22,244.0,244.07,11709
2025-07-15T11:01:00+05:30,244.06,244.23,244.06,244.23,3206
2025-07-15T11:02:00+05:30,244.25,244.4,244.2,244.38,13335
2025-07-15T11:03:00+05:30,244.35,244.4,244.31,244.36,3026
2025-07-15T11:04:00+05:30,244.33,244.36,244.28,244.28,3675
2025-07-15T11:05:00+05:30,244.25,244.36,244.24,244.32,4555
2025-07-15T11:06:00+05:30,244.32,244.32,244.06,244.12,8287
2025-07-15T11:07:00+05:30,244.11,244.18,244.0,244.0,18411
2025-07-15T11:08:00+05:30,244.01,244.04,244.0,244.02,3892
2025-07-15T11:09:00+05:30,244.01,244.1,244.0,244.05,42751
2025-07-15T11:10:00+05:30,244.0,244.08,244.0,244.04,2764
2025-07-15T11:11:00+05:30,244.01,244.07,243.92,243.97,30814
2025-07-15T11:12:00+05:30,243.97,243.98,243.8,243.85,8916
2025-07-15T11:13:00+05:30,243.83,243.9,243.6,243.62,33964
2025-07-15T11:14:00+05:30,243.62,243.64,243.4,243.52,27332
2025-07-15T11:15:00+05:30,243.45,243.6,243.4,243.4,16916
2025-07-15T11:16:00+05:30,243.42,243.45,243.26,243.38,33093
2025-07-15T11:17:00+05:30,243.38,243.49,243.35,243.41,7871
2025-07-15T11:18:00+05:30,243.4,243.41,243.08,243.16,41358
2025-07-15T11:19:00+05:30,243.15,243.3,242.84,243.05,117986
2025-07-15T11:20:00+05:30,243.07,243.22,243.03,243.18,31971
2025-07-15T11:21:00+05:30,243.09,243.37,243.08,243.23,21584
2025-07-15T11:22:00+05:30,243.2,243.27,242.95,242.95,19026
2025-07-15T11:23:00+05:30,242.95,243.13,242.95,243.13,7433
2025-07-15T11:24:00+05:30,243.05,243.17,243.0,243.12,11271
2025-07-15T11:25:00+05:30,243.02,243.2,243.02,243.17,11679
2025-07-15T11:26:00+05:30,243.17,243.28,243.02,243.11,11418
2025-07-15T11:27:00+05:30,243.02,243.26,243.01,243.09,13003
2025-07-15T11:28:00+05:30,243.01,243.17,243.01,243.07,2851
2025-07-15T11:29:00+05:30,243.07,243.07,242.92,243.04,38492
2025-07-15T11:30:00+05:30,243.05,243.1,242.92,243.04,3834
2025-07-15T11:31:00+05:30,243.04,243.12,243.0,243.01,6923
2025-07-15T11:32:00+05:30,243.02,243.2,243.02,243.09,5426
2025-07-15T11:33:00+05:30,243.09,243.22,243.06,243.2,7210
2025-07-15T11:34:00+05:30,243.1,243.48,243.1,243.17,20826
2025-07-15T11:35:00+05:30,243.26,243.37,243.16,243.29,10460
2025-07-15T11:36:00+05:30,243.22,243.34,243.22,243.22,2155
2025-07-15T11:37:00+05:30,243.22,243.27,243.0,243.08,9809
2025-07-15T11:38:00+05:30,243.0,243.24,243.0,243.1,16990
2025-07-15T11:39:00+05:30,243.05,243.18,242.99,242.99,5242
2025-07-15T11:40:00+05:30,243.0,243.07,242.84,242.92,83786
2025-07-15T11:41:00+05:30,242.97,243.0,242.85,242.92,4815
2025-07-15T11:42:00+05:30,242.88,243.0,242.82,242.82,21372
2025-07-15T11:43:00+05:30,242.82,243.36,242.82,243.36,33795
2025-07-15T11:44:00+05:30,243.35,243.44,243.19,243.3,39127
2025-07-15T11:45:00+05:30,243.29,243.36,243.19,243.26,11632
2025-07-15T11:46:00+05:30,243.21,243.36,243.19,243.19,5150
2025-07-15T11:47:00+05:30,243.19,243.38,243.19,243.28,4754
2025-07-15T11:48:00+05:30,243.3,243.44,243.24,243.35,5705
2025-07-15T11:49:00+05:30,243.33,243.49,243.3,243.46,19560
2025-07-15T11:50:00+05:30,243.46,243.58,243.36,243.42,9004
2025-07-15T11:51:00+05:30,243.37,243.49,243.32,243.34,5512
2025-07-15T11:52:00+05:30,243.34,243.48,243.15,243.15,15420
2025-07-15T11:53:00+05:30,243.15,243.25,242.9,243.03,132243
2025-07-15T11:54:00+05:30,243.05,243.57,243.0,243.43,125963
2025-07-15T11:55:00+05:30,243.33,243.57,243.33,243.48,7379
2025-07-15T11:56:00+05:30,243.5,243.6,243.5,243.6,4600
2025-07-15T11:57:00+05:30,243.6,243.6,243.49,243.58,6200
2025-07-15T11:58:00+05:30,243.57,243.6,243.55,243.57,6753
2025-07-15T11:59:00+05:30,243.57,243.62,243.55,243.55,4659
2025-07-15T12:00:00+05:30,243.62,243.78,243.55,243.68,11490
2025-07-15T12:01:00+05:30,243.68,243.7,243.55,243.6,9671
2025-07-15T12:02:00+05:30,243.61,243.66,243.46,243.46,9061
2025-07-15T12:03:00+05:30,243.56,243.69,243.47,243.69,4343
2025-07-15T12:04:00+05:30,243.65,243.69,243.59,243.62,4286
2025-07-15T12:05:00+05:30,243.62,243.7,243.53,243.64,8656
2025-07-15T12:06:00+05:30,243.64,243.7,243.55,243.64,6267
2025-07-15T12:07:00+05:30,243.66,243.75,243.64,243.72,4090
2025-07-15T12:08:00+05:30,243.72,243.77,243.61,243.76,4464
2025-07-15T12:09:00+05:30,243.75,243.77,243.56,243.73,8443
2025-07-15T12:10:00+05:30,243.72,243.75,243.69,243.73,4766
2025-07-15T12:11:00+05:30,243.69,243.75,243.65,243.69,4582
2025-07-15T12:12:00+05:30,243.69,243.69,243.62,243.62,4175
2025-07-15T12:13:00+05:30,243.67,243.7,243.62,243.65,4513
2025-07-15T12:14:00+05:30,243.7,243.72,243.6,243.6,4409
2025-07-15T12:15:00+05:30,243.62,243.66,243.5,243.6,8298
2025-07-15T12:16:00+05:30,243.6,243.71,243.51,243.71,6236
2025-07-15T12:17:00+05:30,243.62,243.72,243.51,243.6,4917
2025-07-15T12:18:00+05:30,243.65,243.66,243.45,243.48,6819
2025-07-15T12:19:00+05:30,243.48,243.48,243.37,243.45,7186
2025-07-15T12:20:00+05:30,243.41,243.5,243.4,243.41,8518
2025-07-15T12:21:00+05:30,243.47,243.5,243.26,243.46,23957
2025-07-15T12:22:00+05:30,243.46,243.51,243.33,243.37,5365
2025-07-15T12:23:00+05:30,243.4,243.55,243.37,243.45,4076
2025-07-15T12:24:00+05:30,243.48,243.5,243.38,243.48,3838
2025-07-15T12:25:00+05:30,243.48,243.58,243.4,243.49,5111
2025-07-15T12:26:00+05:30,243.56,243.7,243.49,243.6,7199
2025-07-15T12:27:00+05:30,243.64,243.7,243.52,243.66,4057
2025-07-15T12:28:00+05:30,243.66,244.2,243.64,244.11,177871
2025-07-15T12:29:00+05:30,244.15,244.4,244.0,244.38,95660
2025-07-15T12:30:00+05:30,244.35,244.6,244.21,244.51,43488
2025-07-15T12:31:00+05:30,244.51,244.55,244.4,244.41,55999
2025-07-15T12:32:00+05:30,244.41,244.54,244.41,244.54,56084
2025-07-15T12:33:00+05:30,244.54,244.54,244.21,244.32,57263
2025-07-15T12:34:00+05:30,244.24,244.34,244.0,244.05,18387
2025-07-15T12:35:00+05:30,244.05,244.24,244.03,244.1,6172
2025-07-15T12:36:00+05:30,244.1,244.12,244.02,244.12,1716
2025-07-15T12:37:00+05:30,244.12,244.15,244.1,244.15,3119
2025-07-15T12:38:00+05:30,244.14,244.15,244.04,244.04,5283
2025-07-15T12:39:00+05:30,244.1,244.1,243.96,244.04,2608
2025-07-15T12:40:00+05:30,244.0,244.04,243.94,243.96,1777
2025-07-15T12:41:00+05:30,243.96,244.03,243.96,244.0,416
2025-07-15T12:42:00+05:30,244.0,244.0,243.81,243.83,3270
2025-07-15T12:43:00+05:30,243.82,243.83,243.82,243.83,1360
2025-07-15T12:44:00+05:30,243.82,243.99,243.82,243.9,5651
2025-07-15T12:45:00+05:30,244.0,244.08,243.94,244.05,2258
2025-07-15T12:46:00+05:30,243.98,244.1,243.96,244.01,2002
2025-07-15T12:47:00+05:30,244.0,244.01,243.9,244.0,2630
2025-07-15T12:48:00+05:30,244.0,244.0,243.96,244.0,1655
2025-07-15T12:49:00+05:30,244.0,244.0,243.84,243.89,3206
2025-07-15T12:50:00+05:30,243.89,244.0,243.88,243.9,2921
2025-07-15T12:51:00+05:30,243.95,243.95,243.9,243.92,1164
2025-07-15T12:52:00+05:30,243.93,243.95,243.83,243.85,1045
2025-07-15T12:53:00+05:30,243.85,243.86,243.75,243.81,6337
2025-07-15T12:54:00+05:30,243.83,243.88,243.8,243.86,1863
2025-07-15T12:55:00+05:30,243.86,243.95,243.71,243.88,9255
2025-07-15T12:56:00+05:30,243.83,243.99,243.83,243.97,641
2025-07-15T12:57:00+05:30,243.97,243.97,243.9,243.97,360
2025-07-15T12:58:00+05:30,243.97,244.0,243.94,244.0,5566
2025-07-15T12:59:00+05:30,244.0,244.0,243.96,244.0,1492
2025-07-15T13:00:00+05:30,244.0,244.0,243.91,243.97,3478
2025-07-15T13:01:00+05:30,243.97,243.99,243.9,243.99,2862
2025-07-15T13:02:00+05:30,243.99,243.99,243.91,243.98,1589
2025-07-15T13:03:00+05:30,243.98,244.0,243.97,243.99,1110
2025-07-15T13:04:00+05:30,244.0,244.0,243.94,244.0,4212
2025-07-15T13:05:00+05:30,244.0,244.0,243.92,243.92,2432
2025-07-15T13:06:00+05:30,243.94,243.94,243.91,243.94,766
2025-07-15T13:07:00+05:30,243.94,243.97,243.77,243.94,4772
2025-07-15T13:08:00+05:30,243.95,243.96,243.81,243.95,2289
2025-07-15T13:09:00+05:30,243.95,243.95,243.84,243.92,742
2025-07-15T13:10:00+05:30,243.88,243.97,243.8,243.85,3395
2025-07-15T13:11:00+05:30,243.82,243.88,243.71,243.88,3070
2025-07-15T13:12:00+05:30,243.88,243.88,243.79,243.83,591
2025-07-15T13:13:00+05:30,243.83,243.84,243.81,243.81,709
2025-07-15T13:14:00+05:30,243.81,243.97,243.81,243.95,1832
2025-07-15T13:15:00+05:30,243.95,243.97,243.89,243.91,1357
2025-07-15T13:16:00+05:30,243.91,243.96,243.79,243.91,3432
2025-07-15T13:17:00+05:30,243.92,243.94,243.88,243.94,528
2025-07-15T13:18:00+05:30,243.94,243.94,243.85,243.94,3288
2025-07-15T13:19:00+05:30,243.93,243.94,243.9,243.93,1423
2025-07-15T13:20:00+05:30,243.93,243.93,243.87,243.9,1473
2025-07-15T13:21:00+05:30,243.88,243.97,243.88,243.93,7492
2025-07-15T13:22:00+05:30,243.93,243.95,243.66,243.7,49084
2025-07-15T13:23:00+05:30,243.7,243.77,243.68,243.77,1794
2025-07-15T13:24:00+05:30,243.77,243.81,243.68,243.79,2139
2025-07-15T13:25:00+05:30,243.79,243.79,243.62,243.62,1919
2025-07-15T13:26:00+05:30,243.72,243.73,243.62,243.73,2065
2025-07-15T13:27:00+05:30,243.68,243.73,243.61,243.67,10246
2025-07-15T13:28:00+05:30,243.73,243.73,243.67,243.7,977
2025-07-15T13:29:00+05:30,243.7,243.73,243.68,243.73,3303
2025-07-15T13:30:00+05:30,243.73,243.87,243.69,243.86,5673
2025-07-15T13:31:00+05:30,243.79,243.86,243.75,243.8,1213
2025-07-15T13:32:00+05:30,243.85,243.9,243.72,243.79,1627
2025-07-15T13:33:00+05:30,243.79,243.79,243.7,243.78,763
2025-07-15T13:34:00+05:30,243.76,243.77,243.63,243.74,2879
2025-07-15T13:35:00+05:30,243.71,243.74,243.57,243.68,4815
2025-07-15T13:36:00+05:30,243.74,243.74,243.68,243.71,1122
2025-07-15T13:37:00+05:30,243.7,243.74,243.69,243.71,2407
2025-07-15T13:38:00+05:30,243.74,243.74,243.7,243.7,2026
2025-07-15T13:39:00+05:30,243.7,243.73,243.67,243.71,2248
2025-07-15T13:40:00+05:30,243.69,243.71,243.65,243.71,1270
2025-07-15T13:41:00+05:30,243.68,243.73,243.59,243.69,19217
2025-07-15T13:42:00+05:30,243.69,243.69,243.55,243.59,1913
2025-07-15T13:43:00+05:30,243.56,243.64,243.42,243.64,16390
2025-07-15T13:44:00+05:30,243.63,243.67,243.58,243.67,1380
2025-07-15T13:45:00+05:30,243.67,243.7,243.62,243.7,1891
2025-07-15T13:46:00+05:30,243.68,243.73,243.68,243.7,1179
2025-07-15T13:47:00+05:30,243.69,243.7,243.61,243.69,3664
2025-07-15T13:48:00+05:30,243.69,243.88,243.68,243.88,16099
2025-07-15T13:49:00+05:30,243.88,243.95,243.84,243.84,5254
2025-07-15T13:50:00+05:30,243.84,243.88,243.83,243.85,478
2025-07-15T13:51:00+05:30,243.85,243.85,243.73,243.85,2133
2025-07-15T13:52:00+05:30,243.85,243.85,243.69,243.74,2294
2025-07-15T13:53:00+05:30,243.75,243.86,243.73,243.76,1263
2025-07-15T13:54:00+05:30,243.84,243.88,243.78,243.85,632
2025-07-15T13:55:00+05:30,243.83,243.87,243.7,243.82,1291
2025-07-15T13:56:00+05:30,243.83,243.85,243.73,243.85,84
2025-07-15T13:57:00+05:30,243.85,243.86,243.76,243.83,1634
2025-07-15T13:58:00+05:30,243.82,243.9,243.78,243.9,4686
2025-07-15T13:59:00+05:30,243.89,243.9,243.82,243.84,1456
2025-07-15T14:00:00+05:30,243.87,243.89,243.75,243.85,3058
2025-07-15T14:01:00+05:30,243.78,243.89,243.75,243.85,22004
2025-07-15T14:02:00+05:30,243.78,243.95,243.78,243.87,8079
2025-07-15T14:03:00+05:30,243.95,244.15,243.91,244.05,54856
2025-07-15T14:04:00+05:30,244.04,244.13,244.01,244.02,7115
2025-07-15T14:05:00+05:30,244.08,244.22,244.02,244.15,22271
2025-07-15T14:06:00+05:30,244.18,244.19,244.03,244.1,5258
2025-07-15T14:07:00+05:30,244.1,244.1,243.83,244.0,14185
2025-07-15T14:08:00+05:30,244.0,244.0,243.9,243.95,2637
2025-07-15T14:09:00+05:30,243.99,244.0,243.94,244.0,3946
2025-07-15T14:10:00+05:30,243.98,244.0,243.95,243.96,1766
2025-07-15T14:11:00+05:30,243.99,243.99,243.91,243.93,1734
2025-07-15T14:12:00+05:30,243.95,243.99,243.89,243.91,1815
2025-07-15T14:13:00+05:30,243.98,243.98,243.91,243.91,2454
2025-07-15T14:14:00+05:30,243.97,243.98,243.91,243.98,1071
2025-07-15T14:15:00+05:30,243.98,244.0,243.92,243.99,11442
2025-07-15T14:16:00+05:30,243.99,243.99,243.88,243.96,2698
2025-07-15T14:17:00+05:30,243.96,243.96,243.91,243.95,81
2025-07-15T14:18:00+05:30,243.93,243.96,243.88,243.95,1675
2025-07-15T14:19:00+05:30,243.88,243.95,243.76,243.88,6435
2025-07-15T14:20:00+05:30,243.9,243.9,243.71,243.83,2802
2025-07-15T14:21:00+05:30,243.84,243.88,243.74,243.83,674
2025-07-15T14:22:00+05:30,243.83,243.9,243.77,243.83,3402
2025-07-15T14:23:00+05:30,243.83,243.9,243.78,243.8,2404
2025-07-15T14:24:00+05:30,243.8,243.94,243.77,243.94,4879
2025-07-15T14:25:00+05:30,243.82,243.95,243.82,243.84,1990
2025-07-15T14:26:00+05:30,243.9,243.9,243.81,243.9,2028
2025-07-15T14:27:00+05:30,243.9,243.9,243.79,243.9,2730
2025-07-15T14:28:00+05:30,243.85,243.9,243.82,243.9,1655
2025-07-15T14:29:00+05:30,243.83,243.9,243.83,243.87,462
2025-07-15T14:30:00+05:30,243.87,243.97,243.84,243.97,4391
2025-07-15T14:31:00+05:30,243.97,244.0,243.91,243.97,4445
2025-07-15T14:32:00+05:30,244.0,244.0,243.93,243.97,2303
2025-07-15T14:33:00+05:30,244.0,244.0,243.87,244.0,2145
2025-07-15T14:34:00+05:30,244.0,244.0,243.94,243.95,6631
2025-07-15T14:35:00+05:30,243.98,243.98,243.92,243.97,3378
2025-07-15T14:36:00+05:30,243.97,243.97,243.81,243.85,4640
2025-07-15T14:37:00+05:30,243.81,243.9,243.81,243.87,226
2025-07-15T14:38:00+05:30,243.84,243.9,243.84,243.89,510
2025-07-15T14:39:00+05:30,243.89,243.9,243.84,243.9,2915
2025-07-15T14:40:00+05:30,243.9,243.9,243.81,243.88,2379
2025-07-15T14:41:00+05:30,243.88,243.9,243.88,243.88,6593
2025-07-15T14:42:00+05:30,243.9,243.94,243.88,243.92,4657
2025-07-15T14:43:00+05:30,243.89,243.94,243.89,243.94,2401
2025-07-15T14:44:00+05:30,243.9,243.94,243.82,243.9,1674
2025-07-15T14:45:00+05:30,243.9,243.91,243.8,243.84,6170
2025-07-15T14:46:00+05:30,243.84,243.91,243.76,243.86,4584
2025-07-15T14:47:00+05:30,243.86,243.86,243.75,243.85,3337
2025-07-15T14:48:00+05:30,243.85,243.93,243.83,243.9,2741
2025-07-15T14:49:00+05:30,243.83,243.98,243.83,243.97,35950
2025-07-15T14:50:00+05:30,243.97,244.0,243.9,243.99,6250
2025-07-15T14:51:00+05:30,243.99,243.99,243.83,243.9,1796
2025-07-15T14:52:00+05:30,243.87,244.0,243.82,243.9,13891
2025-07-15T14:53:00+05:30,243.88,243.9,243.84,243.9,4057
2025-07-15T14:54:00+05:30,243.9,243.94,243.84,243.94,10909
2025-07-15T14:55:00+05:30,243.88,243.9,243.85,243.85,9265
2025-07-15T14:56:00+05:30,243.87,243.99,243.87,243.99,70792
2025-07-15T14:57:00+05:30,243.99,243.99,243.88,243.9,14848
2025-07-15T14:58:00+05:30,243.89,243.9,243.85,243.89,12032
2025-07-15T14:59:00+05:30,243.9,243.9,243.89,243.89,24377
2025-07-15T15:00:00+05:30,243.9,244.25,243.89,244.07,111701
2025-07-15T15:01:00+05:30,244.18,244.2,244.08,244.14,11123
2025-07-15T15:02:00+05:30,244.14,244.27,244.14,244.27,27342
2025-07-15T15:03:00+05:30,244.27,244.39,244.03,244.19,51066
2025-07-15T15:04:00+05:30,244.1,244.19,244.03,244.15,20932
2025-07-15T15:05:00+05:30,244.14,244.15,244.06,244.15,3457
2025-07-15T15:06:00+05:30,244.14,244.18,244.07,244.16,15041
2025-07-15T15:07:00+05:30,244.16,244.18,244.15,244.16,10645
2025-07-15T15:08:00+05:30,244.16,244.18,244.12,244.15,6022
2025-07-15T15:09:00+05:30,244.15,244.19,244.12,244.15,32095
2025-07-15T15:10:00+05:30,244.15,244.28,244.15,244.16,22900
2025-07-15T15:11:00+05:30,244.19,244.19,244.14,244.17,19372
2025-07-15T15:12:00+05:30,244.18,244.25,244.08,244.15,40910
2025-07-15T15:13:00+05:30,244.15,244.42,244.08,244.25,148647
2025-07-15T15:14:00+05:30,244.23,244.42,244.23,244.35,92914
2025-07-15T15:15:00+05:30,244.27,244.39,244.23,244.34,31259
2025-07-15T15:16:00+05:30,244.29,244.4,244.17,244.39,31545
2025-07-15T15:17:00+05:30,244.4,244.4,244.24,244.29,14861
2025-07-15T15:18:00+05:30,244.29,244.4,244.25,244.34,49033
2025-07-15T15:19:00+05:30,244.34,244.35,244.27,244.35,37828
2025-07-15T15:20:00+05:30,244.35,244.4,244.24,244.35,103966
2025-07-15T15:21:00+05:30,244.34,244.4,244.19,244.39,44239
2025-07-15T15:22:00+05:30,244.39,244.5,244.25,244.5,32237
2025-07-15T15:23:00+05:30,244.46,244.5,244.42,244.49,59195
2025-07-15T15:24:00+05:30,244.49,244.5,244.28,244.32,42947
2025-07-15T15:25:00+05:30,244.32,244.4,244.2,244.4,147073
2025-07-15T15:26:00+05:30,244.39,244.75,244.3,244.7,197528
2025-07-15T15:27:00+05:30,244.69,244.85,244.58,244.85,28264
2025-07-15T15:28:00+05:30,244.85,244.85,244.45,244.69,28865
2025-07-15T15:29:00+05:30,244.69,244.8,244.29,244.5,28781
2025-07-14T09:15:00+05:30,237.43,237.57,236.49,236.64,83960
2025-07-14T09:16:00+05:30,236.63,236.89,236.44,236.76,30741
2025-07-14T09:17:00+05:30,236.69,237.58,236.6,237.45,27047
2025-07-14T09:18:00+05:30,237.45,238.1,237.45,237.97,23488
2025-07-14T09:19:00+05:30,237.95,238.75,237.95,238.55,27338
2025-07-14T09:20:00+05:30,238.56,239.21,238.49,239.15,230741
2025-07-14T09:21:00+05:30,239.15,239.35,238.78,238.82,36316
2025-07-14T09:22:00+05:30,238.78,238.87,238.46,238.46,40060
2025-07-14T09:23:00+05:30,238.46,238.74,238.27,238.74,114440
2025-07-14T09:24:00+05:30,238.73,238.86,238.36,238.56,11894
2025-07-14T09:25:00+05:30,238.61,238.7,238.3,238.34,14659
2025-07-14T09:26:00+05:30,238.5,238.6,238.21,238.32,26175
2025-07-14T09:27:00+05:30,238.37,238.6,238.32,238.58,26191
2025-07-14T09:28:00+05:30,238.55,238.85,238.5,238.78,16335
2025-07-14T09:29:00+05:30,238.78,238.95,238.73,238.81,11598
2025-07-14T09:30:00+05:30,238.75,238.81,238.62,238.62,5264
2025-07-14T09:31:00+05:30,238.67,238.9,238.61,238.87,14895
2025-07-14T09:32:00+05:30,238.87,238.95,238.63,238.7,8127
2025-07-14T09:33:00+05:30,238.83,238.87,238.52,238.53,16055
2025-07-14T09:34:00+05:30,238.53,238.92,238.53,238.89,8226
2025-07-14T09:35:00+05:30,238.89,238.92,238.47,238.63,73001
2025-07-14T09:36:00+05:30,238.64,239.2,238.64,239.19,48747
2025-07-14T09:37:00+05:30,239.18,239.5,239.09,239.42,55030
2025-07-14T09:38:00+05:30,239.43,239.9,239.41,239.8,36881
2025-07-14T09:39:00+05:30,239.8,239.95,239.62,239.62,36203
2025-07-14T09:40:00+05:30,239.72,239.85,239.65,239.83,16796
2025-07-14T09:41:00+05:30,239.85,240.38,239.81,240.2,68277
2025-07-14T09:42:00+05:30,240.2,240.38,240.08,240.37,58096
2025-07-14T09:43:00+05:30,240.35,240.99,240.32,240.9,71276
2025-07-14T09:44:00+05:30,240.9,241.09,240.88,241.0,64292
2025-07-14T09:45:00+05:30,240.97,241.71,240.95,241.6,130539
2025-07-14T09:46:00+05:30,241.6,241.7,241.36,241.46,49049
2025-07-14T09:47:00+05:30,241.49,241.49,241.1,241.1,34153
2025-07-14T09:48:00+05:30,241.15,241.15,240.77,240.8,16931
2025-07-14T09:49:00+05:30,240.84,240.93,240.65,240.8,14557
2025-07-14T09:50:00+05:30,240.71,241.1,240.4,241.1,64490
2025-07-14T09:51:00+05:30,241.03,241.15,240.79,240.9,19147
2025-07-14T09:52:00+05:30,240.97,241.0,240.73,240.92,11023
2025-07-14T09:53:00+05:30,240.88,240.95,240.59,240.68,8166
2025-07-14T09:54:00+05:30,240.68,240.68,240.33,240.36,17483
2025-07-14T09:55:00+05:30,240.35,240.4,240.26,240.38,18033
2025-07-14T09:56:00+05:30,240.37,240.7,240.37,240.67,11581
2025-07-14T09:57:00+05:30,240.67,240.86,240.59,240.71,8335
2025-07-14T09:58:00+05:30,240.74,240.77,240.63,240.75,4301
2025-07-14T09:59:00+05:30,240.73,240.8,240.64,240.79,9220
2025-07-14T10:00:00+05:30,240.79,240.98,240.75,240.98,13466
2025-07-14T10:01:00+05:30,240.94,240.97,240.67,240.74,8675
2025-07-14T10:02:00+05:30,240.72,240.72,240.53,240.6,9274
2025-07-14T10:03:00+05:30,240.63,240.65,240.53,240.58,3281
2025-07-14T10:04:00+05:30,240.57,240.58,240.5,240.53,4413
2025-07-14T10:05:00+05:30,240.53,240.53,240.27,240.3,8101
2025-07-14T10:06:00+05:30,240.3,240.53,240.26,240.49,9824
2025-07-14T10:07:00+05:30,240.52,240.64,240.46,240.55,16963
2025-07-14T10:08:00+05:30,240.53,240.67,240.44,240.58,6237
2025-07-14T10:09:00+05:30,240.56,240.77,240.51,240.68,22872
2025-07-14T10:10:00+05:30,240.75,241.08,240.68,241.0,35895
2025-07-14T10:11:00+05:30,241.0,241.12,240.98,241.01,49617
2025-07-14T10:12:00+05:30,241.01,241.1,240.9,241.1,20341
2025-07-14T10:13:00+05:30,241.03,241.1,241.01,241.04,4302
2025-07-14T10:14:00+05:30,241.1,241.1,241.0,241.0,4247
2025-07-14T10:15:00+05:30,241.05,241.08,241.0,241.08,26139
2025-07-14T10:16:00+05:30,241.0,241.1,240.99,241.07,8484
2025-07-14T10:17:00+05:30,241.04,241.28,241.01,241.2,22220
2025-07-14T10:18:00+05:30,241.23,241.45,241.22,241.28,38263
2025-07-14T10:19:00+05:30,241.28,241.28,241.1,241.13,16202
2025-07-14T10:20:00+05:30,241.2,241.29,241.05,241.18,19203
2025-07-14T10:21:00+05:30,241.23,241.5,241.18,241.4,15368
2025-07-14T10:22:00+05:30,241.4,241.44,241.23,241.4,9230
2025-07-14T10:23:00+05:30,241.33,241.4,241.17,241.4,18142
2025-07-14T10:24:00+05:30,241.39,241.5,241.36,241.5,20418
2025-07-14T10:25:00+05:30,241.49,241.7,241.4,241.65,31005
2025-07-14T10:26:00+05:30,241.56,241.64,241.43,241.5,13865
2025-07-14T10:27:00+05:30,241.46,241.6,241.35,241.5,19244
2025-07-14T10:28:00+05:30,241.59,241.7,241.42,241.57,13317
2025-07-14T10:29:00+05:30,241.46,241.65,241.4,241.6,14737
2025-07-14T10:30:00+05:30,241.62,241.7,241.51,241.52,19169
2025-07-14T10:31:00+05:30,241.53,241.63,241.37,241.58,17146
2025-07-14T10:32:00+05:30,241.55,241.6,241.36,241.5,11316
2025-07-14T10:33:00+05:30,241.42,241.6,241.36,241.47,27738
2025-07-14T10:34:00+05:30,241.46,241.59,241.46,241.5,11955
2025-07-14T10:35:00+05:30,241.48,241.7,241.38,241.45,43447
2025-07-14T10:36:00+05:30,241.47,241.52,241.3,241.32,9830
2025-07-14T10:37:00+05:30,241.35,241.35,241.18,241.32,21701
2025-07-14T10:38:00+05:30,241.32,241.5,241.22,241.46,16028
2025-07-14T10:39:00+05:30,241.46,241.5,241.22,241.36,16970
2025-07-14T10:40:00+05:30,241.31,241.45,241.22,241.41,9712
2025-07-14T10:41:00+05:30,241.45,241.5,241.28,241.5,23561
2025-07-14T10:42:00+05:30,241.44,241.8,241.44,241.64,47394
2025-07-14T10:43:00+05:30,241.71,241.8,241.63,241.76,16486
2025-07-14T10:44:00+05:30,241.76,241.79,241.61,241.74,14468
2025-07-14T10:45:00+05:30,241.75,241.8,241.7,241.76,6389
2025-07-14T10:46:00+05:30,241.78,241.78,241.7,241.7,11458
2025-07-14T10:47:00+05:30,241.75,241.75,241.43,241.51,25174
2025-07-14T10:48:00+05:30,241.43,241.7,241.43,241.64,14836
2025-07-14T10:49:00+05:30,241.64,241.75,241.63,241.7,11456
2025-07-14T10:50:00+05:30,241.7,241.75,241.67,241.7,19368
2025-07-14T10:51:00+05:30,241.69,241.73,241.5,241.66,13468
2025-07-14T10:52:00+05:30,241.56,241.7,241.54,241.66,13118
2025-07-14T10:53:00+05:30,241.64,241.69,241.44,241.6,18731
2025-07-14T10:54:00+05:30,241.58,241.7,241.44,241.6,12845
2025-07-14T10:55:00+05:30,241.48,241.59,241.43,241.5,16943
2025-07-14T10:56:00+05:30,241.5,241.7,241.5,241.67,22048
2025-07-14T10:57:00+05:30,241.7,241.7,241.5,241.54,20300
2025-07-14T10:58:00+05:30,241.52,241.62,241.36,241.48,18691
2025-07-14T10:59:00+05:30,241.48,241.55,241.18,241.24,26944
2025-07-14T11:00:00+05:30,241.39,241.5,241.32,241.5,10280
2025-07-14T11:01:00+05:30,241.46,241.7,241.43,241.5,54049
2025-07-14T11:02:00+05:30,241.51,241.7,241.51,241.68,18750
2025-07-14T11:03:00+05:30,241.69,241.7,241.51,241.7,13805
2025-07-14T11:04:00+05:30,241.67,241.7,241.47,241.56,13837
2025-07-14T11:05:00+05:30,241.56,241.6,241.4,241.51,15201
2025-07-14T11:06:00+05:30,241.49,241.54,241.22,241.43,22397
2025-07-14T11:07:00+05:30,241.43,241.54,241.33,241.54,16867
2025-07-14T11:08:00+05:30,241.5,241.5,241.3,241.36,21048
2025-07-14T11:09:00+05:30,241.4,241.5,241.35,241.48,10866
2025-07-14T11:10:00+05:30,241.5,241.7,241.49,241.69,25045
2025-07-14T11:11:00+05:30,241.69,241.7,241.53,241.6,9699
2025-07-14T11:12:00+05:30,241.58,241.65,241.37,241.51,15535
2025-07-14T11:13:00+05:30,241.46,241.65,241.38,241.6,23083
2025-07-14T11:14:00+05:30,241.55,241.65,241.46,241.59,9007
2025-07-14T11:15:00+05:30,241.65,241.67,241.53,241.65,13278
2025-07-14T11:16:00+05:30,241.65,241.7,241.51,241.6,15900
2025-07-14T11:17:00+05:30,241.6,241.7,241.55,241.7,12014
2025-07-14T11:18:00+05:30,241.7,241.75,241.66,241.75,20948
2025-07-14T11:19:00+05:30,241.75,241.78,241.66,241.7,11776
2025-07-14T11:20:00+05:30,241.68,241.7,241.57,241.6,25046
2025-07-14T11:21:00+05:30,241.66,241.67,241.42,241.42,29019
2025-07-14T11:22:00+05:30,241.45,241.45,241.06,241.06,26659
2025-07-14T11:23:00+05:30,241.1,241.22,241.09,241.2,32157
2025-07-14T11:24:00+05:30,241.2,241.27,241.03,241.19,15106
2025-07-14T11:25:00+05:30,241.1,241.21,240.87,241.12,27005
2025-07-14T11:26:00+05:30,241.13,241.16,241.01,241.15,21462
2025-07-14T11:27:00+05:30,241.15,241.37,241.07,241.25,30050
2025-07-14T11:28:00+05:30,241.32,241.34,241.0,241.0,22288
2025-07-14T11:29:00+05:30,241.0,241.28,240.95,241.08,38913
2025-07-14T11:30:00+05:30,241.18,241.19,240.88,241.04,21099
2025-07-14T11:31:00+05:30,241.01,241.04,240.68,240.7,21987
2025-07-14T11:32:00+05:30,240.7,240.76,240.5,240.51,42704
2025-07-14T11:33:00+05:30,240.51,240.7,240.51,240.63,14693
2025-07-14T11:34:00+05:30,240.59,240.6,240.25,240.35,19874
2025-07-14T11:35:00+05:30,240.35,240.35,240.12,240.2,16198
2025-07-14T11:36:00+05:30,240.2,240.4,240.17,240.4,11313
2025-07-14T11:37:00+05:30,240.36,240.37,240.14,240.31,14595
2025-07-14T11:38:00+05:30,240.33,240.37,239.5,239.64,72253
2025-07-14T11:39:00+05:30,239.69,239.74,239.41,239.58,38698
2025-07-14T11:40:00+05:30,239.55,239.89,239.47,239.88,19369
2025-07-14T11:41:00+05:30,239.88,239.88,239.8,239.84,3948
2025-07-14T11:42:00+05:30,239.87,239.88,239.66,239.69,4486
2025-07-14T11:43:00+05:30,239.66,239.81,239.63,239.75,4724
2025-07-14T11:44:00+05:30,239.73,240.02,239.73,239.98,26383
2025-07-14T11:45:00+05:30,239.97,239.99,239.85,239.94,5283
2025-07-14T11:46:00+05:30,239.93,239.93,239.82,239.89,6261
2025-07-14T11:47:00+05:30,239.89,239.97,239.87,239.97,2900
2025-07-14T11:48:00+05:30,239.94,239.98,239.89,239.9,4862
2025-07-14T11:49:00+05:30,239.9,239.9,239.81,239.81,11555
2025-07-14T11:50:00+05:30,239.89,239.9,239.8,239.9,12434
2025-07-14T11:51:00+05:30,239.9,240.16,239.9,240.1,15310
2025-07-14T11:52:00+05:30,240.05,240.13,240.02,240.03,3344
2025-07-14T11:53:00+05:30,240.02,240.03,239.85,239.9,8618
2025-07-14T11:54:00+05:30,239.9,239.96,239.88,239.95,1146
2025-07-14T11:55:00+05:30,239.91,239.95,239.81,239.81,7771
2025-07-14T11:56:00+05:30,239.82,239.88,239.53,239.74,36112
2025-07-14T11:57:00+05:30,239.8,239.81,239.7,239.75,11426
2025-07-14T11:58:00+05:30,239.75,239.83,239.7,239.75,4707
2025-07-14T11:59:00+05:30,239.83,239.85,239.8,239.85,1721
2025-07-14T12:00:00+05:30,239.85,239.98,239.83,239.89,4198
2025-07-14T12:01:00+05:30,239.89,239.92,239.73,239.86,16500
2025-07-14T12:02:00+05:30,239.83,240.05,239.83,239.96,13876
2025-07-14T12:03:00+05:30,240.05,240.09,239.97,240.01,7319
2025-07-14T12:04:00+05:30,239.99,240.09,239.99,240.03,2397
2025-07-14T12:05:00+05:30,240.09,240.2,240.05,240.15,6529
2025-07-14T12:06:00+05:30,240.2,240.23,240.15,240.2,1897
2025-07-14T12:07:00+05:30,240.2,240.4,240.19,240.37,6808
2025-07-14T12:08:00+05:30,240.35,240.35,240.3,240.35,11642
2025-07-14T12:09:00+05:30,240.35,240.4,240.31,240.4,1593
2025-07-14T12:10:00+05:30,240.4,240.4,240.3,240.39,6552
2025-07-14T12:11:00+05:30,240.39,240.4,240.24,240.25,17154
2025-07-14T12:12:00+05:30,240.29,240.3,240.22,240.24,2561
2025-07-14T12:13:00+05:30,240.24,240.3,240.13,240.3,5896
2025-07-14T12:14:00+05:30,240.3,240.36,240.22,240.28,4676
2025-07-14T12:15:00+05:30,240.33,240.42,240.28,240.4,4006
2025-07-14T12:16:00+05:30,240.42,240.46,240.4,240.42,1164
2025-07-14T12:17:00+05:30,240.42,240.46,240.4,240.44,2205
2025-07-14T12:18:00+05:30,240.43,240.44,240.4,240.44,5935
2025-07-14T12:19:00+05:30,240.44,240.55,240.42,240.55,8182
2025-07-14T12:20:00+05:30,240.52,240.56,240.5,240.51,5130
2025-07-14T12:21:00+05:30,240.54,240.54,240.35,240.38,10371
2025-07-14T12:22:00+05:30,240.38,240.5,240.35,240.5,12651
2025-07-14T12:23:00+05:30,240.5,240.5,240.42,240.47,4153
2025-07-14T12:24:00+05:30,240.47,240.47,240.45,240.47,3599
2025-07-14T12:25:00+05:30,240.45,240.47,240.31,240.32,9902
2025-07-14T12:26:00+05:30,240.32,240.41,240.27,240.3,2355
2025-07-14T12:27:00+05:30,240.3,240.3,240.12,240.22,15322
2025-07-14T12:28:00+05:30,240.22,240.37,240.22,240.33,823
2025-07-14T12:29:00+05:30,240.3,240.38,240.21,240.38,10685
2025-07-14T12:30:00+05:30,240.38,240.43,240.35,240.35,1959
2025-07-14T12:31:00+05:30,240.35,240.37,240.11,240.14,5517
2025-07-14T12:32:00+05:30,240.13,240.19,240.06,240.13,4247
2025-07-14T12:33:00+05:30,240.13,240.35,240.13,240.31,1327
2025-07-14T12:34:00+05:30,240.32,240.33,240.27,240.28,366
2025-07-14T12:35:00+05:30,240.3,240.33,240.25,240.29,1267
2025-07-14T12:36:00+05:30,240.29,240.29,240.23,240.28,1890
2025-07-14T12:37:00+05:30,240.24,240.34,240.23,240.29,3064
2025-07-14T12:38:00+05:30,240.23,240.32,240.22,240.31,770
2025-07-14T12:39:00+05:30,240.31,240.37,240.2,240.3,9971
2025-07-14T12:40:00+05:30,240.3,240.42,240.27,240.42,6165
2025-07-14T12:41:00+05:30,240.4,240.44,240.33,240.38,1549
2025-07-14T12:42:00+05:30,240.38,240.42,240.24,240.35,8656
2025-07-14T12:43:00+05:30,240.3,240.35,240.3,240.35,915
2025-07-14T12:44:00+05:30,240.35,240.45,240.33,240.33,3523
2025-07-14T12:45:00+05:30,240.34,240.41,240.31,240.4,1584
2025-07-14T12:46:00+05:30,240.4,240.4,240.34,240.38,1220
2025-07-14T12:47:00+05:30,240.4,240.43,240.37,240.39,3783
2025-07-14T12:48:00+05:30,240.42,240.45,240.35,240.41,5378
2025-07-14T12:49:00+05:30,240.41,240.47,240.4,240.45,2179
2025-07-14T12:50:00+05:30,240.45,240.45,240.42,240.43,413
2025-07-14T12:51:00+05:30,240.42,240.42,240.32,240.35,8411
2025-07-14T12:52:00+05:30,240.33,240.41,240.3,240.3,6749
2025-07-14T12:53:00+05:30,240.3,240.4,240.3,240.39,6535
2025-07-14T12:54:00+05:30,240.3,240.35,240.29,240.3,4498
2025-07-14T12:55:00+05:30,240.29,240.3,240.29,240.3,442
2025-07-14T12:56:00+05:30,240.29,240.35,240.29,240.35,2365
2025-07-14T12:57:00+05:30,240.36,240.39,240.29,240.35,3654
2025-07-14T12:58:00+05:30,240.35,240.37,240.3,240.31,4008
2025-07-14T12:59:00+05:30,240.3,240.35,240.3,240.35,3526
2025-07-14T13:00:00+05:30,240.34,240.5,240.34,240.44,6727
2025-07-14T13:01:00+05:30,240.48,240.54,240.41,240.5,8873
2025-07-14T13:02:00+05:30,240.53,240.54,240.45,240.54,1948
2025-07-14T13:03:00+05:30,240.52,240.54,240.4,240.49,3846
2025-07-14T13:04:00+05:30,240.52,240.6,240.48,240.58,7382
2025-07-14T13:05:00+05:30,240.56,240.62,240.44,240.44,16423
2025-07-14T13:06:00+05:30,240.52,240.55,240.45,240.46,3789
2025-07-14T13:07:00+05:30,240.5,240.55,240.27,240.27,12560
2025-07-14T13:08:00+05:30,240.26,240.37,240.05,240.13,43360
2025-07-14T13:09:00+05:30,240.13,240.3,240.06,240.23,6946
2025-07-14T13:10:00+05:30,240.23,240.28,240.08,240.25,1221
2025-07-14T13:11:00+05:30,240.16,240.28,240.1,240.25,3418
2025-07-14T13:12:00+05:30,240.25,240.49,240.2,240.36,8858
2025-07-14T13:13:00+05:30,240.32,240.38,240.11,240.12,5538
2025-07-14T13:14:00+05:30,240.11,240.37,240.11,240.27,9598
2025-07-14T13:15:00+05:30,240.31,240.47,240.31,240.35,3670
2025-07-14T13:16:00+05:30,240.45,240.45,240.4,240.45,761
2025-07-14T13:17:00+05:30,240.45,240.55,240.43,240.47,1693
2025-07-14T13:18:00+05:30,240.52,240.55,240.49,240.52,1249
2025-07-14T13:19:00+05:30,240.47,240.55,240.46,240.5,432
2025-07-14T13:20:00+05:30,240.5,240.6,240.46,240.59,3194
2025-07-14T13:21:00+05:30,240.52,240.57,240.49,240.49,1550
2025-07-14T13:22:00+05:30,240.49,240.6,240.49,240.6,1347
2025-07-14T13:23:00+05:30,240.6,240.75,240.59,240.73,6440
2025-07-14T13:24:00+05:30,240.75,240.75,240.7,240.7,2857
2025-07-14T13:25:00+05:30,240.75,240.75,240.7,240.75,988
2025-07-14T13:26:00+05:30,240.71,240.79,240.71,240.79,1774
2025-07-14T13:27:00+05:30,240.73,240.83,240.73,240.77,2456
2025-07-14T13:28:00+05:30,240.77,240.77,240.75,240.76,779
2025-07-14T13:29:00+05:30,240.77,240.9,240.76,240.9,6565
2025-07-14T13:30:00+05:30,240.88,240.98,240.87,240.93,5597
2025-07-14T13:31:00+05:30,240.95,241.09,240.95,241.01,14519
2025-07-14T13:32:00+05:30,241.0,241.16,241.0,241.11,6907
2025-07-14T13:33:00+05:30,241.11,241.11,240.85,240.95,15626
2025-07-14T13:34:00+05:30,240.91,240.95,240.9,240.95,1612
2025-07-14T13:35:00+05:30,240.9,240.99,240.9,240.99,2045
2025-07-14T13:36:00+05:30,240.95,240.99,240.75,240.8,11212
2025-07-14T13:37:00+05:30,240.76,240.88,240.7,240.78,4069
2025-07-14T13:38:00+05:30,240.7,240.73,240.49,240.55,12776
2025-07-14T13:39:00+05:30,240.6,240.67,240.35,240.54,15185
2025-07-14T13:40:00+05:30,240.51,240.6,240.51,240.57,4441
2025-07-14T13:41:00+05:30,240.57,240.6,240.55,240.6,1939
2025-07-14T13:42:00+05:30,240.6,240.6,240.43,240.53,5362
2025-07-14T13:43:00+05:30,240.55,240.62,240.53,240.53,30842
2025-07-14T13:44:00+05:30,240.58,240.6,240.53,240.6,4222
2025-07-14T13:45:00+05:30,240.57,240.6,240.55,240.6,6611
2025-07-14T13:46:00+05:30,240.57,240.6,240.42,240.45,6141
2025-07-14T13:47:00+05:30,240.45,240.55,240.34,240.46,6503
2025-07-14T13:48:00+05:30,240.46,240.46,240.33,240.37,2905
2025-07-14T13:49:00+05:30,240.43,240.45,240.35,240.37,1318
2025-07-14T13:50:00+05:30,240.35,240.5,240.27,240.5,8448
2025-07-14T13:51:00+05:30,240.45,240.5,240.39,240.49,2132
2025-07-14T13:52:00+05:30,240.49,240.5,240.28,240.4,9767
2025-07-14T13:53:00+05:30,240.35,240.5,240.35,240.48,4380
2025-07-14T13:54:00+05:30,240.41,240.46,240.07,240.23,22772
2025-07-14T13:55:00+05:30,240.23,240.29,240.1,240.24,5538
2025-07-14T13:56:00+05:30,240.18,240.3,240.18,240.23,4394
2025-07-14T13:57:00+05:30,240.23,240.3,240.21,240.21,1988
2025-07-14T13:58:00+05:30,240.21,240.37,240.14,240.37,22692
2025-07-14T13:59:00+05:30,240.37,240.5,240.35,240.46,838
2025-07-14T14:00:00+05:30,240.46,240.5,240.37,240.37,2694
2025-07-14T14:01:00+05:30,240.4,240.48,240.37,240.45,1149
2025-07-14T14:02:00+05:30,240.45,240.47,240.35,240.35,5803
2025-07-14T14:03:00+05:30,240.35,240.45,240.26,240.44,9250
2025-07-14T14:04:00+05:30,240.35,240.44,240.33,240.44,1512
2025-07-14T14:05:00+05:30,240.37,240.45,240.26,240.4,4601
2025-07-14T14:06:00+05:30,240.4,240.45,240.29,240.45,4786
2025-07-14T14:07:00+05:30,240.45,240.5,240.43,240.5,14149
2025-07-14T14:08:00+05:30,240.5,240.5,240.43,240.5,3350
2025-07-14T14:09:00+05:30,240.49,240.5,240.43,240.5,1986
2025-07-14T14:10:00+05:30,240.5,240.5,240.45,240.47,23122
2025-07-14T14:11:00+05:30,240.46,240.5,240.41,240.5,8974
2025-07-14T14:12:00+05:30,240.5,240.5,240.35,240.41,4856
2025-07-14T14:13:00+05:30,240.43,240.5,240.34,240.5,4996
2025-07-14T14:14:00+05:30,240.41,240.5,240.4,240.5,1536
2025-07-14T14:15:00+05:30,240.45,240.49,240.4,240.48,1651
2025-07-14T14:16:00+05:30,240.48,240.49,240.35,240.35,5277
2025-07-14T14:17:00+05:30,240.45,240.45,240.34,240.43,3056
2025-07-14T14:18:00+05:30,240.37,240.45,240.31,240.4,4336
2025-07-14T14:19:00+05:30,240.45,240.45,240.36,240.44,1083
2025-07-14T14:20:00+05:30,240.44,240.45,240.36,240.45,1298
2025-07-14T14:21:00+05:30,240.45,240.45,240.32,240.4,3776
2025-07-14T14:22:00+05:30,240.36,240.42,240.36,240.42,2191
2025-07-14T14:23:00+05:30,240.42,240.45,240.37,240.37,4196
2025-07-14T14:24:00+05:30,240.45,240.45,240.43,240.44,936
2025-07-14T14:25:00+05:30,240.44,240.44,240.43,240.44,1343
2025-07-14T14:26:00+05:30,240.43,240.54,240.43,240.48,32173
2025-07-14T14:27:00+05:30,240.48,240.5,240.48,240.5,7668
2025-07-14T14:28:00+05:30,240.49,240.5,240.49,240.5,1030
2025-07-14T14:29:00+05:30,240.5,240.5,240.49,240.5,2475
2025-07-14T14:30:00+05:30,240.5,240.5,240.47,240.5,16126
2025-07-14T14:31:00+05:30,240.5,240.5,240.35,240.4,6591
2025-07-14T14:32:00+05:30,240.4,240.4,240.33,240.4,2725
2025-07-14T14:33:00+05:30,240.4,240.5,240.4,240.5,5664
2025-07-14T14:34:00+05:30,240.46,240.5,240.46,240.5,10629
2025-07-14T14:35:00+05:30,240.5,240.5,240.46,240.5,14046
2025-07-14T14:36:00+05:30,240.46,240.5,240.45,240.46,1364
2025-07-14T14:37:00+05:30,240.46,240.73,240.45,240.7,22595
2025-07-14T14:38:00+05:30,240.69,240.71,240.63,240.69,2960
2025-07-14T14:39:00+05:30,240.69,240.75,240.69,240.69,1356
2025-07-14T14:40:00+05:30,240.69,240.82,240.66,240.82,2219
2025-07-14T14:41:00+05:30,240.8,240.9,240.78,240.88,5796
2025-07-14T14:42:00+05:30,240.88,240.99,240.79,240.99,12465
2025-07-14T14:43:00+05:30,240.96,241.16,240.87,241.0,28297
2025-07-14T14:44:00+05:30,241.06,241.2,241.0,241.01,29800
2025-07-14T14:45:00+05:30,241.1,241.15,240.97,241.01,9877
2025-07-14T14:46:00+05:30,241.0,241.01,240.95,241.01,5698
2025-07-14T14:47:00+05:30,241.01,241.01,240.92,241.01,3177
2025-07-14T14:48:00+05:30,241.0,241.15,241.0,241.1,6794
2025-07-14T14:49:00+05:30,241.1,241.1,241.01,241.05,1389
2025-07-14T14:50:00+05:30,241.01,241.05,240.83,241.0,13949
2025-07-14T14:51:00+05:30,240.92,241.0,240.87,240.91,3786
2025-07-14T14:52:00+05:30,240.93,241.04,240.9,241.02,19219
2025-07-14T14:53:00+05:30,241.01,241.04,240.9,241.0,7192
2025-07-14T14:54:00+05:30,241.04,241.04,240.9,240.93,19941
2025-07-14T14:55:00+05:30,241.03,241.1,240.93,241.02,34227
2025-07-14T14:56:00+05:30,241.02,241.03,240.91,240.95,1682
2025-07-14T14:57:00+05:30,240.95,241.04,240.95,240.95,8141
2025-07-14T14:58:00+05:30,241.0,241.04,240.96,241.04,19194
2025-07-14T14:59:00+05:30,241.03,241.05,241.0,241.0,19318
2025-07-14T15:00:00+05:30,241.01,241.04,241.0,241.04,6269
2025-07-14T15:01:00+05:30,241.04,241.04,241.02,241.04,5508
2025-07-14T15:02:00+05:30,241.04,241.04,241.0,241.04,11550
2025-07-14T15:03:00+05:30,241.03,241.04,241.0,241.02,35341
2025-07-14T15:04:00+05:30,241.04,241.04,241.02,241.04,6979
2025-07-14T15:05:00+05:30,241.04,241.04,241.02,241.04,4697
2025-07-14T15:06:00+05:30,241.04,241.04,240.96,240.96,40183
2025-07-14T15:07:00+05:30,240.98,240.99,240.79,240.85,9308
2025-07-14T15:08:00+05:30,240.81,240.89,240.76,240.89,6369
2025-07-14T15:09:00+05:30,240.89,240.89,240.8,240.87,9984
2025-07-14T15:10:00+05:30,240.87,240.89,240.85,240.87,6395
2025-07-14T15:11:00+05:30,240.87,240.93,240.82,240.85,33513
2025-07-14T15:12:00+05:30,240.86,241.1,240.81,241.09,44578
2025-07-14T15:13:00+05:30,241.09,241.15,240.94,240.94,22044
2025-07-14T15:14:00+05:30,241.03,241.07,240.81,240.91,35282
2025-07-14T15:15:00+05:30,240.9,240.9,240.71,240.87,42683
2025-07-14T15:16:00+05:30,240.89,240.95,240.79,240.92,19093
2025-07-14T15:17:00+05:30,240.92,240.95,240.9,240.95,41206
2025-07-14T15:18:00+05:30,240.95,240.95,240.84,240.94,35296
2025-07-14T15:19:00+05:30,240.95,240.95,240.92,240.92,18442
2025-07-14T15:20:00+05:30,240.94,240.95,240.86,240.94,34976
2025-07-14T15:21:00+05:30,240.94,240.94,240.86,240.89,11078
2025-07-14T15:22:00+05:30,240.89,240.93,240.86,240.93,21762
2025-07-14T15:23:00+05:30,240.93,240.94,240.9,240.94,41762
2025-07-14T15:24:00+05:30,240.93,240.93,240.83,240.91,21625
2025-07-14T15:25:00+05:30,240.9,240.91,240.75,240.81,30438
2025-07-14T15:26:00+05:30,240.81,240.93,240.81,240.93,10446
2025-07-14T15:27:00+05:30,240.93,240.97,240.83,240.9,34243
2025-07-14T15:28:00+05:30,240.95,240.95,240.75,240.9,24914
2025-07-14T15:29:00+05:30,240.9,241.0,240.83,240.95,31730
2025-07-11T09:15:00+05:30,238.06,238.96,238.05,238.83,118840
2025-07-11T09:16:00+05:30,238.95,239.4,238.95,239.05,47207
2025-07-11T09:17:00+05:30,239.05,239.09,238.55,238.9,20723
2025-07-11T09:18:00+05:30,238.82,239.18,238.77,239.14,20034
2025-07-11T09:19:00+05:30,239.04,239.15,238.87,239.08,9880
2025-07-11T09:20:00+05:30,238.98,239.4,238.97,239.4,11056
2025-07-11T09:21:00+05:30,239.33,239.53,239.31,239.4,21419
2025-07-11T09:22:00+05:30,239.39,239.7,239.39,239.53,10833
2025-07-11T09:23:00+05:30,239.53,239.69,239.2,239.45,13890
2025-07-11T09:24:00+05:30,239.34,239.52,239.34,239.44,7507
2025-07-11T09:25:00+05:30,239.44,239.69,239.33,239.66,18479
2025-07-11T09:26:00+05:30,239.64,239.75,239.4,239.75,24755
2025-07-11T09:27:00+05:30,239.75,239.89,239.65,239.72,15095
2025-07-11T09:28:00+05:30,239.65,239.8,239.5,239.69,10029
2025-07-11T09:29:00+05:30,239.62,239.76,239.34,239.4,17744
2025-07-11T09:30:00+05:30,239.45,239.51,239.34,239.36,5802
2025-07-11T09:31:00+05:30,239.34,239.51,239.2,239.26,3477
2025-07-11T09:32:00+05:30,239.22,239.22,238.85,239.2,27997
2025-07-11T09:33:00+05:30,239.15,239.16,238.86,238.93,13463
2025-07-11T09:34:00+05:30,239.0,239.1,238.8,238.84,5350
2025-07-11T09:35:00+05:30,238.84,238.94,238.67,238.67,9705
2025-07-11T09:36:00+05:30,238.78,238.92,238.67,238.92,5850
2025-07-11T09:37:00+05:30,238.92,239.19,238.9,239.17,10135
2025-07-11T09:38:00+05:30,239.17,239.2,238.96,239.04,11958
2025-07-11T09:39:00+05:30,239.0,239.02,238.88,239.02,10340
2025-07-11T09:40:00+05:30,238.95,239.14,238.73,239.13,23965
2025-07-11T09:41:00+05:30,239.05,239.15,238.92,239.13,2660
2025-07-11T09:42:00+05:30,239.01,239.3,239.01,239.2,8334
2025-07-11T09:43:00+05:30,239.24,239.25,239.04,239.07,17580
2025-07-11T09:44:00+05:30,239.05,239.14,239.01,239.08,6142
2025-07-11T09:45:00+05:30,239.06,239.06,238.85,238.88,8175
2025-07-11T09:46:00+05:30,238.87,238.87,238.53,238.68,21545
2025-07-11T09:47:00+05:30,238.77,238.83,238.66,238.7,5527
2025-07-11T09:48:00+05:30,238.7,238.75,238.61,238.68,14713
2025-07-11T09:49:00+05:30,238.64,238.77,238.62,238.68,3161
2025-07-11T09:50:00+05:30,238.75,238.77,238.65,238.74,7570
2025-07-11T09:51:00+05:30,238.72,238.72,238.61,238.63,7332
2025-07-11T09:52:00+05:30,238.61,238.92,238.61,238.91,28839
2025-07-11T09:53:00+05:30,238.87,239.0,238.86,239.0,12159
2025-07-11T09:54:00+05:30,238.88,238.99,238.81,238.9,4363
2025-07-11T09:55:00+05:30,238.91,238.91,238.01,238.04,113391
2025-07-11T09:56:00+05:30,238.02,238.19,237.85,238.19,46305
2025-07-11T09:57:00+05:30,238.11,238.28,238.07,238.23,16655
2025-07-11T09:58:00+05:30,238.15,238.3,237.9,237.95,24589
2025-07-11T09:59:00+05:30,237.95,238.08,237.95,237.98,12012
2025-07-11T10:00:00+05:30,238.03,238.07,237.8,237.9,21266
2025-07-11T10:01:00+05:30,237.88,237.99,237.84,237.93,14195
2025-07-11T10:02:00+05:30,237.9,238.04,237.87,238.0,4974
2025-07-11T10:03:00+05:30,238.0,238.02,237.77,237.85,23118
2025-07-11T10:04:00+05:30,237.81,237.97,237.75,237.9,16702
2025-07-11T10:05:00+05:30,237.85,238.0,237.8,238.0,5447
2025-07-11T10:06:00+05:30,237.96,238.09,237.88,237.9,13653
2025-07-11T10:07:00+05:30,237.93,237.98,237.8,237.84,5536
2025-07-11T10:08:00+05:30,237.82,237.9,237.64,237.9,18630
2025-07-11T10:09:00+05:30,237.83,238.04,237.82,238.0,5070
2025-07-11T10:10:00+05:30,238.0,238.0,237.69,237.77,8160
2025-07-11T10:11:00+05:30,237.75,237.89,237.67,237.86,1705
2025-07-11T10:12:00+05:30,237.74,237.97,237.74,237.9,4446
2025-07-11T10:13:00+05:30,237.82,237.92,237.61,237.7,14131
2025-07-11T10:14:00+05:30,237.67,237.9,237.65,237.71,18947
2025-07-11T10:15:00+05:30,237.71,237.71,237.43,237.59,29324
2025-07-11T10:16:00+05:30,237.59,238.0,237.58,237.78,13467
2025-07-11T10:17:00+05:30,237.8,237.96,237.77,237.8,12692
2025-07-11T10:18:00+05:30,237.8,237.9,237.63,237.76,3122
2025-07-11T10:19:00+05:30,237.71,237.76,237.55,237.64,4021
2025-07-11T10:20:00+05:30,237.59,237.76,237.53,237.55,5885
2025-07-11T10:21:00+05:30,237.55,237.55,237.3,237.41,13067
2025-07-11T10:22:00+05:30,237.35,237.65,237.3,237.47,13016
2025-07-11T10:23:00+05:30,237.47,237.57,237.43,237.54,2474
2025-07-11T10:24:00+05:30,237.54,237.74,237.5,237.6,7093
2025-07-11T10:25:00+05:30,237.57,237.76,237.15,237.22,26573
2025-07-11T10:26:00+05:30,237.21,237.29,237.1,237.26,15403
2025-07-11T10:27:00+05:30,237.28,237.28,237.1,237.18,23282
2025-07-11T10:28:00+05:30,237.1,237.13,237.0,237.07,40488
2025-07-11T10:29:00+05:30,237.01,237.07,236.89,237.05,38010
2025-07-11T10:30:00+05:30,236.98,237.07,236.56,236.76,63542
2025-07-11T10:31:00+05:30,236.76,236.78,236.6,236.78,33013
2025-07-11T10:32:00+05:30,236.7,236.78,236.56,236.69,13375
2025-07-11T10:33:00+05:30,236.58,236.68,236.35,236.61,29257
2025-07-11T10:34:00+05:30,236.51,236.65,236.43,236.55,13790
2025-07-11T10:35:00+05:30,236.54,236.67,236.11,236.27,40645
2025-07-11T10:36:00+05:30,236.2,236.36,236.01,236.33,31336
2025-07-11T10:37:00+05:30,236.34,236.79,236.26,236.75,13486
2025-07-11T10:38:00+05:30,236.79,236.79,236.4,236.52,28647
2025-07-11T10:39:00+05:30,236.42,236.47,236.22,236.4,13782
2025-07-11T10:40:00+05:30,236.4,236.46,236.2,236.41,12777
2025-07-11T10:41:00+05:30,236.36,236.43,236.3,236.42,9566
2025-07-11T10:42:00+05:30,236.42,236.59,236.31,236.5,10577
2025-07-11T10:43:00+05:30,236.51,236.55,236.22,236.31,22857
2025-07-11T10:44:00+05:30,236.34,236.4,236.2,236.39,9820
2025-07-11T10:45:00+05:30,236.38,236.38,236.1,236.29,20645
2025-07-11T10:46:00+05:30,236.29,236.31,236.11,236.22,12301
2025-07-11T10:47:00+05:30,236.25,236.3,236.1,236.3,13290
2025-07-11T10:48:00+05:30,236.25,236.33,236.12,236.24,10602
2025-07-11T10:49:00+05:30,236.21,236.39,236.17,236.39,10498
2025-07-11T10:50:00+05:30,236.35,236.39,236.17,236.39,14143
2025-07-11T10:51:00+05:30,236.32,236.51,236.26,236.44,19341
2025-07-11T10:52:00+05:30,236.5,236.56,236.36,236.44,10628
2025-07-11T10:53:00+05:30,236.42,236.47,236.35,236.41,12245
2025-07-11T10:54:00+05:30,236.41,236.95,236.41,236.89,21857
2025-07-11T10:55:00+05:30,236.8,237.09,236.74,236.93,29010
2025-07-11T10:56:00+05:30,236.91,237.05,236.89,236.93,3106
2025-07-11T10:57:00+05:30,236.94,237.04,236.83,236.83,24403
2025-07-11T10:58:00+05:30,236.81,236.85,236.65,236.72,4745
2025-07-11T10:59:00+05:30,236.77,236.96,236.73,236.91,11094
2025-07-11T11:00:00+05:30,236.82,236.92,236.65,236.72,5584
2025-07-11T11:01:00+05:30,236.72,236.73,236.51,236.67,5380
2025-07-11T11:02:00+05:30,236.6,236.7,236.55,236.6,6422
2025-07-11T11:03:00+05:30,236.58,236.6,236.38,236.38,5601
2025-07-11T11:04:00+05:30,236.39,236.6,236.36,236.5,11653
2025-07-11T11:05:00+05:30,236.51,236.67,236.48,236.58,2328
2025-07-11T11:06:00+05:30,236.61,236.82,236.5,236.72,7078
2025-07-11T11:07:00+05:30,236.68,236.85,236.65,236.82,5641
2025-07-11T11:08:00+05:30,236.75,236.87,236.5,236.51,10532
2025-07-11T11:09:00+05:30,236.51,236.59,236.47,236.56,2139
2025-07-11T11:10:00+05:30,236.52,236.61,236.36,236.5,10294
2025-07-11T11:11:00+05:30,236.56,236.7,236.38,236.56,7387
2025-07-11T11:12:00+05:30,236.51,236.99,236.49,236.85,20765
2025-07-11T11:13:00+05:30,236.77,236.9,236.71,236.84,3060
2025-07-11T11:14:00+05:30,236.83,236.97,236.81,236.96,3535
2025-07-11T11:15:00+05:30,236.9,236.93,236.8,236.84,9310
2025-07-11T11:16:00+05:30,236.84,236.93,236.84,236.93,1783
2025-07-11T11:17:00+05:30,236.88,236.93,236.75,236.9,7801
2025-07-11T11:18:00+05:30,236.87,236.95,236.75,236.8,4190
2025-07-11T11:19:00+05:30,236.8,236.94,236.7,236.7,7771
2025-07-11T11:20:00+05:30,236.73,236.78,236.61,236.68,2950
2025-07-11T11:21:00+05:30,236.71,236.8,236.66,236.7,5177
2025-07-11T11:22:00+05:30,236.7,236.8,236.64,236.75,1423
2025-07-11T11:23:00+05:30,236.7,236.75,236.61,236.69,1160
2025-07-11T11:24:00+05:30,236.67,236.7,236.64,236.7,1219
2025-07-11T11:25:00+05:30,236.7,236.7,236.56,236.6,4014
2025-07-11T11:26:00+05:30,236.57,236.7,236.56,236.63,4093
2025-07-11T11:27:00+05:30,236.6,236.72,236.56,236.63,1023
2025-07-11T11:28:00+05:30,236.63,236.72,236.57,236.64,1899
2025-07-11T11:29:00+05:30,236.65,237.23,236.6,237.23,34481
2025-07-11T11:30:00+05:30,237.2,237.21,236.99,237.09,5706
2025-07-11T11:31:00+05:30,237.15,237.4,237.08,237.39,9998
2025-07-11T11:32:00+05:30,237.27,237.39,237.26,237.34,6066
2025-07-11T11:33:00+05:30,237.31,237.34,237.12,237.3,7162
2025-07-11T11:34:00+05:30,237.25,237.3,237.23,237.23,2170
2025-07-11T11:35:00+05:30,237.23,237.29,237.23,237.28,1279
2025-07-11T11:36:00+05:30,237.23,237.28,237.16,237.28,5567
2025-07-11T11:37:00+05:30,237.21,237.34,237.2,237.2,16749
2025-07-11T11:38:00+05:30,237.2,237.28,237.2,237.28,1101
2025-07-11T11:39:00+05:30,237.21,237.35,237.21,237.28,2424
2025-07-11T11:40:00+05:30,237.25,237.37,237.25,237.27,1420
2025-07-11T11:41:00+05:30,237.27,237.34,237.2,237.29,3959
2025-07-11T11:42:00+05:30,237.21,237.29,237.21,237.25,1146
2025-07-11T11:43:00+05:30,237.25,237.39,237.21,237.39,5532
2025-07-11T11:44:00+05:30,237.31,237.39,237.26,237.33,3101
2025-07-11T11:45:00+05:30,237.26,237.35,237.25,237.25,2225
2025-07-11T11:46:00+05:30,237.25,237.5,237.25,237.5,2276
2025-07-11T11:47:00+05:30,237.43,237.5,237.27,237.44,12550
2025-07-11T11:48:00+05:30,237.32,237.44,237.27,237.28,1242
2025-07-11T11:49:00+05:30,237.28,237.33,237.28,237.33,915
2025-07-11T11:50:00+05:30,237.33,237.33,237.28,237.33,641
2025-07-11T11:51:00+05:30,237.32,237.38,237.28,237.38,1628
2025-07-11T11:52:00+05:30,237.28,237.5,237.28,237.41,3681
2025-07-11T11:53:00+05:30,237.37,237.48,237.37,237.45,2125
2025-07-11T11:54:00+05:30,237.43,237.45,237.28,237.28,8779
2025-07-11T11:55:00+05:30,237.27,237.3,237.25,237.27,29035
2025-07-11T11:56:00+05:30,237.26,237.31,237.16,237.19,4221
2025-07-11T11:57:00+05:30,237.24,237.24,236.97,237.19,29310
2025-07-11T11:58:00+05:30,237.2,237.45,237.1,237.45,16240
2025-07-11T11:59:00+05:30,237.45,237.45,237.3,237.36,6244
2025-07-11T12:00:00+05:30,237.3,237.38,237.3,237.35,753
2025-07-11T12:01:00+05:30,237.32,237.35,237.13,237.22,42985
2025-07-11T12:02:00+05:30,237.24,237.3,237.05,237.2,4772
2025-07-11T12:03:00+05:30,237.14,237.25,237.05,237.08,2187
2025-07-11T12:04:00+05:30,237.05,237.05,236.74,236.94,2910
2025-07-11T12:05:00+05:30,236.9,237.02,236.7,236.89,19756
2025-07-11T12:06:00+05:30,236.89,237.15,236.84,236.96,3615
2025-07-11T12:07:00+05:30,236.96,237.15,236.96,237.01,4836
2025-07-11T12:08:00+05:30,237.01,237.05,236.76,236.86,3819
2025-07-11T12:09:00+05:30,236.86,236.86,236.55,236.55,1839
2025-07-11T12:10:00+05:30,236.56,236.74,236.5,236.74,25591
2025-07-11T12:11:00+05:30,236.73,236.8,236.64,236.8,1179
2025-07-11T12:12:00+05:30,236.75,236.9,236.73,236.83,4331
2025-07-11T12:13:00+05:30,236.95,237.05,236.83,237.05,2539
2025-07-11T12:14:00+05:30,237.03,237.15,237.03,237.15,2924
2025-07-11T12:15:00+05:30,237.1,237.17,237.0,237.0,9014
2025-07-11T12:16:00+05:30,237.05,237.05,236.95,237.0,764
2025-07-11T12:17:00+05:30,236.95,237.0,236.77,236.99,5010
2025-07-11T12:18:00+05:30,236.91,237.05,236.91,237.0,1703
2025-07-11T12:19:00+05:30,237.0,237.05,236.92,237.05,5523
2025-07-11T12:20:00+05:30,236.98,237.05,236.93,236.96,871
2025-07-11T12:21:00+05:30,237.0,237.05,236.65,236.65,15352
2025-07-11T12:22:00+05:30,236.65,236.9,236.61,236.9,2212
2025-07-11T12:23:00+05:30,236.83,236.9,236.78,236.8,584
2025-07-11T12:24:00+05:30,236.81,236.96,236.8,236.93,1161
2025-07-11T12:25:00+05:30,236.85,236.96,236.8,236.93,1657
2025-07-11T12:26:00+05:30,236.93,236.94,236.8,236.86,2312
2025-07-11T12:27:00+05:30,236.84,236.87,236.8,236.83,793
2025-07-11T12:28:00+05:30,236.8,236.92,236.8,236.92,2844
2025-07-11T12:29:00+05:30,236.87,236.94,236.78,236.89,875
2025-07-11T12:30:00+05:30,236.89,237.19,236.89,237.14,4874
2025-07-11T12:31:00+05:30,237.06,237.15,236.98,237.15,2164
2025-07-11T12:32:00+05:30,237.08,237.79,237.08,237.64,77207
2025-07-11T12:33:00+05:30,237.55,239.21,237.55,238.71,164241
2025-07-11T12:34:00+05:30,238.85,239.48,238.8,239.33,93094
2025-07-11T12:35:00+05:30,239.33,239.49,238.94,239.49,99677
2025-07-11T12:36:00+05:30,239.42,239.9,239.35,239.48,71021
2025-07-11T12:37:00+05:30,239.47,240.47,239.46,240.09,131986
2025-07-11T12:38:00+05:30,240.1,240.14,239.33,239.83,21355
2025-07-11T12:39:00+05:30,239.81,239.91,239.34,239.42,31160
2025-07-11T12:40:00+05:30,239.41,239.66,239.4,239.5,6561
2025-07-11T12:41:00+05:30,239.48,239.6,239.2,239.39,15222
2025-07-11T12:42:00+05:30,239.37,239.52,238.92,239.11,28561
2025-07-11T12:43:00+05:30,239.01,239.42,238.99,239.33,10690
2025-07-11T12:44:00+05:30,239.34,239.5,239.05,239.19,13831
2025-07-11T12:45:00+05:30,239.19,239.5,239.14,239.3,10243
2025-07-11T12:46:00+05:30,239.22,239.3,239.11,239.2,3343
2025-07-11T12:47:00+05:30,239.2,239.27,239.16,239.26,2981
2025-07-11T12:48:00+05:30,239.26,239.27,238.74,238.96,23736
2025-07-11T12:49:00+05:30,238.96,239.1,238.75,238.99,33318
2025-07-11T12:50:00+05:30,239.0,239.2,239.0,239.2,2925
2025-07-11T12:51:00+05:30,239.11,239.14,239.0,239.06,13214
2025-07-11T12:52:00+05:30,239.07,239.2,239.02,239.14,6775
2025-07-11T12:53:00+05:30,239.11,239.11,239.0,239.03,10359
2025-07-11T12:54:00+05:30,239.0,239.02,238.84,238.87,9166
2025-07-11T12:55:00+05:30,238.85,238.98,238.84,238.95,3933
2025-07-11T12:56:00+05:30,238.96,239.08,238.96,238.98,2820
2025-07-11T12:57:00+05:30,238.97,239.08,238.93,239.04,2755
2025-07-11T12:58:00+05:30,239.04,239.15,238.9,238.98,3043
2025-07-11T12:59:00+05:30,238.92,239.2,238.9,239.2,5897
2025-07-11T13:00:00+05:30,239.2,239.39,238.91,239.11,38635
2025-07-11T13:01:00+05:30,238.98,239.09,238.83,238.84,11013
2025-07-11T13:02:00+05:30,238.84,238.98,238.84,238.86,2578
2025-07-11T13:03:00+05:30,238.84,239.05,238.84,239.05,2740
2025-07-11T13:04:00+05:30,239.0,239.1,238.88,239.0,4506
2025-07-11T13:05:00+05:30,238.95,239.03,238.88,238.88,2242
2025-07-11T13:06:00+05:30,238.88,238.91,238.5,238.5,26170
2025-07-11T13:07:00+05:30,238.5,238.73,238.5,238.6,7627
2025-07-11T13:08:00+05:30,238.62,238.62,238.5,238.6,6247
2025-07-11T13:09:00+05:30,238.55,238.6,238.32,238.33,7045
2025-07-11T13:10:00+05:30,238.4,238.6,238.33,238.52,4473
2025-07-11T13:11:00+05:30,238.54,238.84,238.35,238.64,47093
2025-07-11T13:12:00+05:30,238.63,238.63,238.5,238.5,6343
2025-07-11T13:13:00+05:30,238.56,238.65,238.5,238.59,6643
2025-07-11T13:14:00+05:30,238.59,238.59,237.91,237.97,230697
2025-07-11T13:15:00+05:30,238.0,238.54,237.96,238.32,228289
2025-07-11T13:16:00+05:30,238.28,238.38,237.98,237.98,28688
2025-07-11T13:17:00+05:30,237.98,238.11,237.85,237.95,31231
2025-07-11T13:18:00+05:30,237.95,238.12,237.95,238.0,27158
2025-07-11T13:19:00+05:30,238.0,238.08,237.92,237.92,11711
2025-07-11T13:20:00+05:30,237.97,238.07,237.92,237.99,9117
2025-07-11T13:21:00+05:30,237.99,238.03,237.97,237.98,4191
2025-07-11T13:22:00+05:30,237.98,238.03,237.93,237.97,3011
2025-07-11T13:23:00+05:30,237.97,238.03,237.8,237.9,7015
2025-07-11T13:24:00+05:30,237.84,237.97,237.69,237.88,16533
2025-07-11T13:25:00+05:30,237.88,237.96,237.84,237.85,3584
2025-07-11T13:26:00+05:30,237.85,238.0,237.85,237.95,2099
2025-07-11T13:27:00+05:30,237.95,238.18,237.89,238.08,10586
2025-07-11T13:28:00+05:30,238.08,238.25,238.08,238.2,12242
2025-07-11T13:29:00+05:30,238.2,238.27,237.85,237.87,35198
2025-07-11T13:30:00+05:30,237.87,238.15,237.87,238.07,8207
2025-07-11T13:31:00+05:30,238.07,238.14,237.95,237.95,3569
2025-07-11T13:32:00+05:30,237.95,238.06,237.9,238.04,868
2025-07-11T13:33:00+05:30,237.96,238.13,237.92,237.94,12672
2025-07-11T13:34:00+05:30,237.94,238.03,237.85,237.85,9228
2025-07-11T13:35:00+05:30,237.85,237.92,237.82,237.85,1759
2025-07-11T13:36:00+05:30,237.85,237.91,237.8,237.8,4312
2025-07-11T13:37:00+05:30,237.8,237.84,237.7,237.75,1670
2025-07-11T13:38:00+05:30,237.7,237.92,237.68,237.9,2598
2025-07-11T13:39:00+05:30,237.8,237.91,237.74,237.75,2317
2025-07-11T13:40:00+05:30,237.75,237.77,237.64,237.65,1718
2025-07-11T13:41:00+05:30,237.65,237.77,237.36,237.36,15290
2025-07-11T13:42:00+05:30,237.39,237.44,237.21,237.3,13603
2025-07-11T13:43:00+05:30,237.3,237.46,237.25,237.36,6572
2025-07-11T13:44:00+05:30,237.35,237.54,237.33,237.4,1577
2025-07-11T13:45:00+05:30,237.4,237.42,237.2,237.29,3857
2025-07-11T13:46:00+05:30,237.29,237.38,237.24,237.3,1318
2025-07-11T13:47:00+05:30,237.3,237.43,237.3,237.31,1429
2025-07-11T13:48:00+05:30,237.31,237.6,237.3,237.52,2889
2025-07-11T13:49:00+05:30,237.51,237.75,237.51,237.65,5175
2025-07-11T13:50:00+05:30,237.63,237.76,237.56,237.62,7349
2025-07-11T13:51:00+05:30,237.62,237.74,237.58,237.7,2258
2025-07-11T13:52:00+05:30,237.7,238.08,237.7,237.95,22155
2025-07-11T13:53:00+05:30,237.95,238.11,237.95,237.99,29087
2025-07-11T13:54:00+05:30,237.99,238.1,237.95,237.99,16370
2025-07-11T13:55:00+05:30,237.99,238.09,237.99,237.99,18762
2025-07-11T13:56:00+05:30,237.99,238.18,237.98,238.01,47276
2025-07-11T13:57:00+05:30,238.0,238.39,237.9,237.91,205870
2025-07-11T13:58:00+05:30,237.93,238.04,237.91,237.94,1804
2025-07-11T13:59:00+05:30,237.94,238.05,237.85,237.85,24341
2025-07-11T14:00:00+05:30,237.85,237.95,237.75,237.84,7998
2025-07-11T14:01:00+05:30,237.75,237.84,237.57,237.65,10709
2025-07-11T14:02:00+05:30,237.65,237.76,237.62,237.62,2483
2025-07-11T14:03:00+05:30,237.63,237.73,237.58,237.58,12454
2025-07-11T14:04:00+05:30,237.58,237.62,237.58,237.6,967
2025-07-11T14:05:00+05:30,237.6,237.88,237.6,237.72,16335
2025-07-11T14:06:00+05:30,237.63,237.8,237.62,237.67,1246
2025-07-11T14:07:00+05:30,237.67,237.7,237.39,237.39,8246
2025-07-11T14:08:00+05:30,237.39,237.56,237.39,237.5,3453
2025-07-11T14:09:00+05:30,237.5,237.56,237.31,237.36,25259
2025-07-11T14:10:00+05:30,237.36,237.47,237.31,237.32,3575
2025-07-11T14:11:00+05:30,237.32,237.4,237.3,237.38,1518
2025-07-11T14:12:00+05:30,237.38,237.71,237.36,237.61,2167
2025-07-11T14:13:00+05:30,237.61,237.61,237.43,237.45,4486
2025-07-11T14:14:00+05:30,237.45,237.58,237.4,237.47,3736
2025-07-11T14:15:00+05:30,237.5,237.72,237.47,237.63,5672
2025-07-11T14:16:00+05:30,237.64,237.78,237.52,237.52,20414
2025-07-11T14:17:00+05:30,237.52,237.58,237.46,237.46,2611
2025-07-11T14:18:00+05:30,237.46,237.49,237.45,237.45,1143
2025-07-11T14:19:00+05:30,237.45,237.57,237.4,237.41,8306
2025-07-11T14:20:00+05:30,237.41,237.46,237.3,237.31,5659
2025-07-11T14:21:00+05:30,237.31,237.48,237.3,237.34,2591
2025-07-11T14:22:00+05:30,237.34,237.38,237.31,237.31,1019
2025-07-11T14:23:00+05:30,237.31,237.41,237.2,237.31,13712
2025-07-11T14:24:00+05:30,237.31,237.5,237.28,237.38,2512
2025-07-11T14:25:00+05:30,237.38,237.48,237.3,237.33,3320
2025-07-11T14:26:00+05:30,237.43,237.43,237.32,237.35,900
2025-07-11T14:27:00+05:30,237.36,237.39,237.35,237.35,6459
2025-07-11T14:28:00+05:30,237.35,237.42,237.32,237.32,10371
2025-07-11T14:29:00+05:30,237.35,237.35,237.22,237.23,2682
2025-07-11T14:30:00+05:30,237.24,237.32,237.18,237.18,23737
2025-07-11T14:31:00+05:30,237.18,237.45,237.18,237.4,6958
2025-07-11T14:32:00+05:30,237.4,237.77,237.36,237.63,14387
2025-07-11T14:33:00+05:30,237.63,237.76,237.55,237.57,24194
2025-07-11T14:34:00+05:30,237.57,237.74,237.57,237.6,2102
2025-07-11T14:35:00+05:30,237.6,237.74,237.57,237.68,1619
2025-07-11T14:36:00+05:30,237.68,237.74,237.6,237.65,9053
2025-07-11T14:37:00+05:30,237.65,237.9,237.55,237.82,28786
2025-07-11T14:38:00+05:30,237.82,237.85,237.7,237.76,7675
2025-07-11T14:39:00+05:30,237.77,237.98,237.75,237.86,4388
2025-07-11T14:40:00+05:30,237.86,238.0,237.8,237.83,7910
2025-07-11T14:41:00+05:30,237.83,237.95,237.81,237.91,5959
2025-07-11T14:42:00+05:30,237.91,238.0,237.91,237.95,6227
2025-07-11T14:43:00+05:30,237.96,238.11,237.89,237.92,14108
2025-07-11T14:44:00+05:30,237.92,238.08,237.91,237.95,7885
2025-07-11T14:45:00+05:30,237.95,238.01,237.88,237.89,6145
2025-07-11T14:46:00+05:30,237.9,238.07,237.9,237.94,6534
2025-07-11T14:47:00+05:30,238.01,238.11,237.93,238.0,9131
2025-07-11T14:48:00+05:30,238.0,238.04,237.89,237.96,7552
2025-07-11T14:49:00+05:30,237.96,238.09,237.85,237.85,17306
2025-07-11T14:50:00+05:30,237.85,238.03,237.82,237.99,14707
2025-07-11T14:51:00+05:30,237.99,238.04,237.91,238.0,10704
2025-07-11T14:52:00+05:30,238.0,238.05,237.9,237.93,5970
2025-07-11T14:53:00+05:30,237.93,238.2,237.9,237.98,47244
2025-07-11T14:54:00+05:30,237.98,238.09,237.9,237.96,3987
2025-07-11T14:55:00+05:30,237.96,238.06,237.92,237.97,4494
2025-07-11T14:56:00+05:30,237.97,238.08,237.95,238.0,5561
2025-07-11T14:57:00+05:30,238.04,238.13,237.95,237.97,21917
2025-07-11T14:58:00+05:30,237.97,238.39,237.97,238.33,25427
2025-07-11T14:59:00+05:30,238.33,238.48,238.33,238.41,19679
2025-07-11T15:00:00+05:30,238.41,238.55,238.39,238.39,31186
2025-07-11T15:01:00+05:30,238.39,238.48,238.12,238.33,14941
2025-07-11T15:02:00+05:30,238.3,238.44,238.23,238.25,12472
2025-07-11T15:03:00+05:30,238.25,238.34,238.17,238.17,7729
2025-07-11T15:04:00+05:30,238.25,238.25,238.1,238.13,10798
2025-07-11T15:05:00+05:30,238.13,238.39,238.13,238.23,39870
2025-07-11T15:06:00+05:30,238.23,238.37,238.13,238.26,14991
2025-07-11T15:07:00+05:30,238.28,238.28,238.1,238.14,8142
2025-07-11T15:08:00+05:30,238.18,238.18,237.96,237.98,47394
2025-07-11T15:09:00+05:30,237.98,238.11,237.96,237.99,60990
2025-07-11T15:10:00+05:30,238.0,238.0,237.91,237.95,16703
2025-07-11T15:11:00+05:30,238.0,238.0,237.92,237.95,23533
2025-07-11T15:12:00+05:30,238.0,238.0,237.85,237.91,17096
2025-07-11T15:13:00+05:30,237.91,238.0,237.85,237.88,14185
2025-07-11T15:14:00+05:30,237.89,237.99,237.73,237.85,44461
2025-07-11T15:15:00+05:30,237.81,237.86,237.0,237.01,149187
2025-07-11T15:16:00+05:30,237.13,237.13,236.9,236.9,48819
2025-07-11T15:17:00+05:30,236.96,237.03,236.9,237.0,20390
2025-07-11T15:18:00+05:30,236.98,237.02,236.8,236.88,28263
2025-07-11T15:19:00+05:30,236.85,236.99,236.75,236.83,47087
2025-07-11T15:20:00+05:30,236.92,236.93,236.75,236.8,39901
2025-07-11T15:21:00+05:30,236.8,237.04,236.75,236.87,82760
2025-07-11T15:22:00+05:30,236.8,236.96,236.78,236.96,16635
2025-07-11T15:23:00+05:30,236.94,237.05,236.94,237.0,22756
2025-07-11T15:24:00+05:30,237.0,237.0,236.85,237.0,19164
2025-07-11T15:25:00+05:30,237.0,237.0,236.9,236.95,15688
2025-07-11T15:26:00+05:30,236.93,236.95,236.8,236.88,16240
2025-07-11T15:27:00+05:30,236.88,237.01,236.82,236.99,33410
2025-07-11T15:28:00+05:30,236.95,236.99,236.82,236.99,28816
2025-07-11T15:29:00+05:30,236.99,236.99,236.81,236.95,12493
