timestamp,open,high,low,close,volume
2025-07-18T09:15:00+05:30,1278.2,1279.8,1272.7,1272.9,2093
2025-07-18T09:16:00+05:30,1272.9,1274.4,1272.3,1273.4,881
2025-07-18T09:17:00+05:30,1273.4,1273.8,1271.8,1272.1,964
2025-07-18T09:18:00+05:30,1272.7,1272.8,1270.8,1271.0,3032
2025-07-18T09:19:00+05:30,1271.0,1272.7,1271.0,1271.9,235
2025-07-18T09:20:00+05:30,1272.1,1272.8,1272.0,1272.0,209
2025-07-18T09:21:00+05:30,1272.4,1272.8,1272.0,1272.1,541
2025-07-18T09:22:00+05:30,1272.7,1273.8,1271.9,1273.8,556
2025-07-18T09:23:00+05:30,1274.2,1274.4,1272.9,1273.7,69
2025-07-18T09:24:00+05:30,1273.7,1273.9,1271.9,1271.9,1057
2025-07-18T09:25:00+05:30,1271.9,1272.0,1271.2,1272.0,448
2025-07-18T09:26:00+05:30,1271.7,1272.1,1271.0,1271.2,382
2025-07-18T09:27:00+05:30,1271.2,1271.6,1271.2,1271.2,71
2025-07-18T09:28:00+05:30,1271.3,1271.6,1271.3,1271.3,108
2025-07-18T09:29:00+05:30,1271.6,1271.8,1271.3,1271.8,149
2025-07-18T09:30:00+05:30,1271.8,1272.0,1271.3,1272.0,221
2025-07-18T09:31:00+05:30,1272.0,1272.0,1271.5,1271.5,70
2025-07-18T09:32:00+05:30,1271.5,1271.5,1270.1,1270.6,1429
2025-07-18T09:33:00+05:30,1270.1,1270.8,1270.1,1270.8,177
2025-07-18T09:34:00+05:30,1270.2,1271.1,1270.0,1270.7,2082
2025-07-18T09:35:00+05:30,1270.7,1271.5,1270.7,1270.7,347
2025-07-18T09:36:00+05:30,1271.2,1271.2,1270.7,1270.7,4
2025-07-18T09:37:00+05:30,1271.2,1271.6,1270.4,1271.0,664
2025-07-18T09:38:00+05:30,1270.4,1270.4,1270.0,1270.0,115
2025-07-18T09:39:00+05:30,1270.4,1270.4,1270.0,1270.0,256
2025-07-18T09:40:00+05:30,1270.0,1270.2,1270.0,1270.2,351
2025-07-18T09:41:00+05:30,1270.0,1270.2,1269.1,1269.9,592
2025-07-18T09:42:00+05:30,1270.1,1270.1,1269.3,1269.8,108
2025-07-18T09:43:00+05:30,1269.2,1269.2,1269.0,1269.0,75
2025-07-18T09:44:00+05:30,1269.0,1269.2,1268.6,1268.6,364
2025-07-18T09:45:00+05:30,1268.6,1268.6,1265.6,1265.6,4056
2025-07-18T09:46:00+05:30,1266.0,1266.7,1266.0,1266.5,805
2025-07-18T09:47:00+05:30,1266.5,1267.5,1266.3,1267.0,1556
2025-07-18T09:48:00+05:30,1267.0,1267.5,1266.6,1266.6,530
2025-07-18T09:49:00+05:30,1267.3,1267.3,1266.7,1266.8,56
2025-07-18T09:50:00+05:30,1266.7,1267.5,1266.1,1266.1,1837
2025-07-18T09:51:00+05:30,1266.1,1266.8,1266.0,1266.8,208
2025-07-18T09:52:00+05:30,1266.3,1266.8,1266.1,1266.8,210
2025-07-18T09:53:00+05:30,1266.8,1266.8,1265.5,1265.5,496
2025-07-18T09:54:00+05:30,1265.6,1265.6,1264.3,1265.0,1050
2025-07-18T09:55:00+05:30,1265.0,1265.9,1265.0,1265.4,286
2025-07-18T09:56:00+05:30,1265.6,1266.8,1265.2,1266.3,717
2025-07-18T09:57:00+05:30,1266.8,1266.9,1265.8,1266.2,122
2025-07-18T09:58:00+05:30,1266.0,1266.7,1266.0,1266.0,377
2025-07-18T09:59:00+05:30,1266.0,1268.3,1266.0,1266.0,1198
2025-07-18T10:00:00+05:30,1266.0,1266.0,1265.2,1265.3,728
2025-07-18T10:01:00+05:30,1265.2,1265.7,1265.0,1265.0,109
2025-07-18T10:02:00+05:30,1265.0,1265.0,1264.7,1264.7,141
2025-07-18T10:03:00+05:30,1264.7,1265.0,1264.1,1264.4,2210
2025-07-18T10:04:00+05:30,1264.5,1264.7,1263.8,1263.8,1071
2025-07-18T10:05:00+05:30,1263.8,1264.3,1263.8,1264.2,745
2025-07-18T10:06:00+05:30,1264.9,1264.9,1263.8,1264.5,657
2025-07-18T10:07:00+05:30,1264.5,1265.7,1264.5,1265.0,557
2025-07-18T10:08:00+05:30,1265.1,1267.0,1265.0,1266.3,302
2025-07-18T10:09:00+05:30,1266.8,1266.8,1266.5,1266.5,18
2025-07-18T10:10:00+05:30,1266.8,1267.0,1266.5,1266.6,69
2025-07-18T10:11:00+05:30,1266.6,1267.8,1266.6,1266.9,1246
2025-07-18T10:12:00+05:30,1266.9,1267.0,1266.0,1266.0,181
2025-07-18T10:13:00+05:30,1266.6,1266.6,1264.8,1264.9,310
2025-07-18T10:14:00+05:30,1265.0,1265.0,1264.7,1264.8,218
2025-07-18T10:15:00+05:30,1264.8,1264.8,1264.6,1264.6,187
2025-07-18T10:16:00+05:30,1264.7,1264.7,1263.0,1263.0,1585
2025-07-18T10:17:00+05:30,1263.0,1263.0,1262.0,1262.1,1333
2025-07-18T10:18:00+05:30,1262.0,1262.5,1261.6,1261.6,598
2025-07-18T10:19:00+05:30,1261.6,1261.9,1260.8,1261.2,269
2025-07-18T10:20:00+05:30,1261.8,1261.8,1260.5,1261.1,183
2025-07-18T10:21:00+05:30,1260.5,1261.8,1259.6,1261.8,3195
2025-07-18T10:22:00+05:30,1261.2,1262.8,1261.2,1261.3,464
2025-07-18T10:23:00+05:30,1261.9,1262.0,1260.7,1261.4,548
2025-07-18T10:24:00+05:30,1260.9,1261.7,1260.9,1261.7,337
2025-07-18T10:25:00+05:30,1262.0,1262.0,1261.7,1262.0,573
2025-07-18T10:26:00+05:30,1262.3,1262.6,1262.0,1262.6,376
2025-07-18T10:27:00+05:30,1262.6,1262.6,1262.5,1262.6,22
2025-07-18T10:28:00+05:30,1262.0,1262.4,1261.9,1261.9,140
2025-07-18T10:29:00+05:30,1262.0,1262.0,1261.6,1261.6,483
2025-07-18T10:30:00+05:30,1261.3,1261.7,1259.3,1259.6,967
2025-07-18T10:31:00+05:30,1260.2,1260.7,1259.6,1259.8,847
2025-07-18T10:32:00+05:30,1260.1,1260.8,1260.0,1260.5,266
2025-07-18T10:33:00+05:30,1260.3,1261.3,1260.3,1260.4,3042
2025-07-18T10:34:00+05:30,1260.7,1260.7,1260.4,1260.6,630
2025-07-18T10:35:00+05:30,1261.0,1261.5,1261.0,1261.1,172
2025-07-18T10:36:00+05:30,1261.5,1262.1,1261.1,1261.4,421
2025-07-18T10:37:00+05:30,1262.1,1263.2,1262.1,1262.2,700
2025-07-18T10:38:00+05:30,1262.2,1263.3,1262.1,1262.4,929
2025-07-18T10:39:00+05:30,1263.0,1263.1,1262.4,1263.1,56
2025-07-18T10:40:00+05:30,1262.6,1262.9,1262.3,1262.3,247
2025-07-18T10:41:00+05:30,1262.3,1262.8,1261.1,1261.1,1324
2025-07-18T10:42:00+05:30,1261.2,1261.5,1261.2,1261.5,103
2025-07-18T10:43:00+05:30,1261.5,1262.2,1261.5,1261.5,299
2025-07-18T10:44:00+05:30,1261.8,1262.2,1261.0,1261.1,1627
2025-07-18T10:45:00+05:30,1261.1,1261.7,1261.0,1261.6,324
2025-07-18T10:46:00+05:30,1261.6,1261.6,1260.1,1261.1,530
2025-07-18T10:47:00+05:30,1261.4,1261.5,1261.4,1261.5,4
2025-07-18T10:48:00+05:30,1261.2,1261.8,1261.1,1261.2,266
2025-07-18T10:49:00+05:30,1261.5,1261.6,1261.0,1261.6,688
2025-07-18T10:50:00+05:30,1260.9,1262.2,1260.8,1262.1,314
2025-07-18T10:51:00+05:30,1261.6,1261.6,1261.6,1261.6,11
2025-07-18T10:52:00+05:30,1261.9,1261.9,1261.6,1261.6,22
2025-07-18T10:53:00+05:30,1261.6,1261.6,1261.6,1261.6,48
2025-07-18T10:54:00+05:30,1261.9,1261.9,1261.9,1261.9,15
2025-07-18T10:55:00+05:30,1261.9,1262.2,1261.6,1262.2,173
2025-07-18T10:56:00+05:30,1261.9,1261.9,1261.6,1261.6,664
2025-07-18T10:57:00+05:30,1261.6,1261.6,1261.0,1261.1,226
2025-07-18T10:58:00+05:30,1261.4,1261.4,1261.1,1261.1,54
2025-07-18T11:00:00+05:30,1261.1,1261.5,1261.0,1261.1,93
2025-07-18T11:01:00+05:30,1261.5,1261.5,1260.2,1260.9,1228
2025-07-18T11:02:00+05:30,1260.9,1260.9,1260.1,1260.2,479
2025-07-18T11:03:00+05:30,1260.8,1260.9,1260.8,1260.9,100
2025-07-18T11:04:00+05:30,1261.6,1261.7,1260.9,1260.9,510
2025-07-18T11:05:00+05:30,1260.9,1261.6,1260.9,1261.6,11
2025-07-18T11:06:00+05:30,1260.9,1261.6,1260.9,1261.6,17
2025-07-18T11:07:00+05:30,1261.0,1261.6,1260.0,1260.0,50
2025-07-18T11:08:00+05:30,1259.8,1261.1,1259.8,1260.8,2741
2025-07-18T11:09:00+05:30,1260.8,1261.0,1260.5,1260.5,71
2025-07-18T11:10:00+05:30,1260.5,1260.9,1260.0,1260.3,986
2025-07-18T11:11:00+05:30,1260.3,1260.3,1260.0,1260.0,24
2025-07-18T11:12:00+05:30,1259.6,1260.9,1259.5,1260.8,562
2025-07-18T11:13:00+05:30,1260.6,1260.6,1260.0,1260.3,41
2025-07-18T11:14:00+05:30,1260.0,1260.4,1260.0,1260.4,29
2025-07-18T11:15:00+05:30,1260.4,1260.5,1260.4,1260.5,22
2025-07-18T11:16:00+05:30,1260.4,1260.5,1260.2,1260.2,49
2025-07-18T11:17:00+05:30,1260.4,1260.6,1260.0,1260.0,37
2025-07-18T11:18:00+05:30,1260.0,1261.0,1260.0,1260.5,348
2025-07-18T11:19:00+05:30,1260.5,1260.9,1260.1,1260.7,659
2025-07-18T11:20:00+05:30,1260.7,1260.8,1260.6,1260.6,413
2025-07-18T11:21:00+05:30,1260.6,1261.2,1260.6,1260.7,85
2025-07-18T11:22:00+05:30,1261.1,1261.1,1260.7,1261.1,506
2025-07-18T11:23:00+05:30,1261.1,1261.7,1259.6,1259.6,1740
2025-07-18T11:24:00+05:30,1260.0,1260.0,1259.5,1259.7,66
2025-07-18T11:25:00+05:30,1259.5,1260.2,1259.3,1260.0,808
2025-07-18T11:26:00+05:30,1259.9,1260.0,1259.3,1259.9,87
2025-07-18T11:27:00+05:30,1259.3,1259.4,1259.3,1259.4,3
2025-07-18T11:28:00+05:30,1259.4,1259.8,1259.4,1259.4,201
2025-07-18T11:29:00+05:30,1259.4,1259.8,1259.4,1259.4,8
2025-07-18T11:30:00+05:30,1259.8,1260.0,1259.8,1260.0,141
2025-07-18T11:31:00+05:30,1259.9,1260.5,1259.8,1260.5,315
2025-07-18T11:32:00+05:30,1260.1,1260.5,1260.0,1260.0,175
2025-07-18T11:33:00+05:30,1260.0,1260.8,1260.0,1260.0,566
2025-07-18T11:34:00+05:30,1260.3,1260.3,1260.0,1260.0,33
2025-07-18T11:35:00+05:30,1260.0,1260.3,1260.0,1260.0,23
2025-07-18T11:36:00+05:30,1260.0,1260.0,1258.0,1258.2,5393
2025-07-18T11:37:00+05:30,1258.2,1258.8,1258.2,1258.3,219
2025-07-18T11:38:00+05:30,1258.3,1258.7,1258.3,1258.3,70
2025-07-18T11:39:00+05:30,1258.4,1259.0,1258.4,1258.7,458
2025-07-18T11:40:00+05:30,1259.0,1259.3,1258.8,1259.2,640
2025-07-18T11:41:00+05:30,1259.2,1259.7,1259.2,1259.4,39
2025-07-18T11:42:00+05:30,1259.4,1260.2,1259.4,1259.6,1116
2025-07-18T11:43:00+05:30,1259.6,1259.9,1259.3,1259.3,122
2025-07-18T11:44:00+05:30,1259.2,1259.3,1259.0,1259.3,175
2025-07-18T11:45:00+05:30,1259.0,1259.6,1258.1,1258.1,1203
2025-07-18T11:46:00+05:30,1258.1,1258.4,1258.0,1258.0,344
2025-07-18T11:47:00+05:30,1258.5,1258.5,1257.9,1257.9,116
2025-07-18T11:48:00+05:30,1257.9,1258.2,1257.8,1258.2,27
2025-07-18T11:49:00+05:30,1258.2,1258.5,1258.2,1258.5,124
2025-07-18T11:50:00+05:30,1258.5,1259.1,1258.5,1258.5,255
2025-07-18T11:51:00+05:30,1258.5,1259.3,1258.5,1259.0,176
2025-07-18T11:52:00+05:30,1259.1,1259.7,1259.1,1259.7,8
2025-07-18T11:53:00+05:30,1259.3,1259.3,1258.2,1258.2,1485
2025-07-18T11:54:00+05:30,1258.4,1259.0,1256.3,1256.8,9054
2025-07-18T11:55:00+05:30,1257.7,1257.9,1256.6,1256.6,359
2025-07-18T11:56:00+05:30,1256.6,1256.9,1256.3,1256.3,109
2025-07-18T11:57:00+05:30,1256.9,1256.9,1256.3,1256.3,225
2025-07-18T11:58:00+05:30,1256.3,1257.2,1256.1,1257.2,484
2025-07-18T11:59:00+05:30,1257.2,1257.6,1255.3,1256.3,47634
2025-07-18T12:00:00+05:30,1256.8,1256.8,1255.0,1255.5,1904
2025-07-18T12:01:00+05:30,1255.1,1256.8,1254.6,1255.5,22913
2025-07-18T12:02:00+05:30,1255.5,1255.5,1254.5,1254.9,329
2025-07-18T12:03:00+05:30,1254.9,1256.3,1254.4,1254.9,12273
2025-07-18T12:04:00+05:30,1254.8,1255.4,1254.5,1254.5,1117
2025-07-18T12:05:00+05:30,1254.5,1255.4,1254.5,1255.0,253
2025-07-18T12:06:00+05:30,1255.0,1255.4,1255.0,1255.0,46
2025-07-18T12:07:00+05:30,1255.4,1256.0,1254.6,1254.6,650
2025-07-18T12:08:00+05:30,1254.7,1255.0,1254.4,1254.4,7881
2025-07-18T12:09:00+05:30,1254.5,1255.0,1254.4,1254.7,272
2025-07-18T12:10:00+05:30,1254.7,1255.4,1254.7,1254.7,208
2025-07-18T12:11:00+05:30,1254.7,1255.3,1254.7,1255.3,15
2025-07-18T12:12:00+05:30,1255.1,1255.1,1254.7,1254.7,41
2025-07-18T12:13:00+05:30,1254.7,1254.8,1254.4,1254.4,542
2025-07-18T12:14:00+05:30,1254.4,1254.8,1254.4,1254.4,5
2025-07-18T12:15:00+05:30,1254.4,1254.8,1254.4,1254.8,4
2025-07-18T12:16:00+05:30,1254.4,1254.8,1252.0,1252.0,6572
2025-07-18T12:17:00+05:30,1252.0,1252.6,1251.1,1251.1,1284
2025-07-18T12:18:00+05:30,1251.7,1251.7,1249.7,1250.9,5977
2025-07-18T12:19:00+05:30,1251.1,1251.9,1251.1,1251.8,366
2025-07-18T12:20:00+05:30,1251.7,1251.7,1251.1,1251.2,52
2025-07-18T12:21:00+05:30,1251.2,1251.6,1251.1,1251.6,330
2025-07-18T12:22:00+05:30,1251.3,1251.6,1249.5,1250.5,1569
2025-07-18T12:23:00+05:30,1250.5,1250.5,1249.0,1250.4,14137
2025-07-18T12:24:00+05:30,1249.6,1249.8,1248.8,1249.0,1458
2025-07-18T12:25:00+05:30,1249.6,1250.5,1249.6,1250.2,356
2025-07-18T12:26:00+05:30,1250.5,1251.4,1250.1,1250.3,1247
2025-07-18T12:27:00+05:30,1250.8,1250.9,1249.4,1249.5,2493
2025-07-18T12:28:00+05:30,1249.7,1249.7,1249.0,1249.1,186
2025-07-18T12:29:00+05:30,1249.0,1249.5,1249.0,1249.0,301
2025-07-18T12:30:00+05:30,1249.0,1252.0,1249.0,1251.2,3682
2025-07-18T12:31:00+05:30,1251.2,1251.2,1249.9,1249.9,2372
2025-07-18T12:32:00+05:30,1249.9,1250.6,1249.9,1250.6,210
2025-07-18T12:33:00+05:30,1250.6,1250.6,1250.0,1250.0,127
2025-07-18T12:34:00+05:30,1250.0,1250.6,1250.0,1250.6,51
2025-07-18T12:35:00+05:30,1250.0,1250.9,1250.0,1250.9,604
2025-07-18T12:36:00+05:30,1250.2,1250.9,1249.8,1249.9,623
2025-07-18T12:37:00+05:30,1249.9,1249.9,1249.5,1249.8,43
2025-07-18T12:38:00+05:30,1249.1,1249.8,1249.1,1249.1,129
2025-07-18T12:39:00+05:30,1249.8,1249.8,1249.2,1249.2,12
2025-07-18T12:40:00+05:30,1249.8,1249.8,1249.1,1249.1,72
2025-07-18T12:41:00+05:30,1249.5,1250.8,1249.0,1249.8,5383
2025-07-18T12:42:00+05:30,1249.6,1250.0,1249.5,1250.0,192
2025-07-18T12:43:00+05:30,1250.1,1250.9,1250.0,1250.8,1445
2025-07-18T12:44:00+05:30,1250.3,1250.8,1250.2,1250.2,466
2025-07-18T12:45:00+05:30,1250.0,1250.0,1249.5,1249.8,1214
2025-07-18T12:46:00+05:30,1249.8,1249.8,1249.6,1249.8,81
2025-07-18T12:47:00+05:30,1249.8,1250.0,1249.6,1250.0,94
2025-07-18T12:48:00+05:30,1249.6,1250.0,1249.4,1249.4,47
2025-07-18T12:49:00+05:30,1249.9,1249.9,1248.9,1249.6,498
2025-07-18T12:50:00+05:30,1249.7,1249.9,1249.0,1249.1,738
2025-07-18T12:51:00+05:30,1249.2,1249.9,1249.2,1249.9,11
2025-07-18T12:52:00+05:30,1249.2,1249.7,1249.0,1249.0,1463
2025-07-18T12:53:00+05:30,1249.2,1249.2,1248.7,1249.1,119
2025-07-18T12:54:00+05:30,1249.1,1249.1,1248.8,1249.1,26
2025-07-18T12:55:00+05:30,1248.9,1249.5,1248.9,1249.5,32
2025-07-18T12:56:00+05:30,1249.5,1249.5,1249.0,1249.1,54
2025-07-18T12:57:00+05:30,1249.1,1249.5,1249.1,1249.5,176
2025-07-18T12:58:00+05:30,1249.2,1250.1,1249.2,1249.9,453
2025-07-18T12:59:00+05:30,1249.7,1249.9,1249.6,1249.7,6
2025-07-18T13:00:00+05:30,1249.9,1250.8,1248.8,1249.1,5809
2025-07-18T13:01:00+05:30,1249.4,1249.5,1249.0,1249.4,207
2025-07-18T13:02:00+05:30,1249.4,1249.4,1248.7,1249.3,612
2025-07-18T13:03:00+05:30,1249.0,1249.2,1248.7,1248.7,70
2025-07-18T13:04:00+05:30,1249.2,1249.3,1248.7,1249.3,882
2025-07-18T13:05:00+05:30,1248.8,1249.4,1248.8,1249.3,681
2025-07-18T13:06:00+05:30,1248.9,1249.4,1248.1,1249.0,5629
2025-07-18T13:07:00+05:30,1248.4,1249.4,1248.4,1248.9,126
2025-07-18T13:08:00+05:30,1249.2,1249.3,1248.5,1249.3,712
2025-07-18T13:09:00+05:30,1248.8,1249.3,1248.8,1249.0,88
2025-07-18T13:10:00+05:30,1249.0,1249.3,1249.0,1249.2,276
2025-07-18T13:11:00+05:30,1249.2,1249.3,1249.2,1249.2,107
2025-07-18T13:12:00+05:30,1249.3,1250.1,1249.2,1249.9,1890
2025-07-18T13:13:00+05:30,1249.3,1250.2,1249.3,1249.7,145
2025-07-18T13:14:00+05:30,1249.7,1250.8,1249.6,1250.2,397
2025-07-18T13:15:00+05:30,1250.3,1250.3,1249.6,1249.6,1142
2025-07-18T13:16:00+05:30,1249.9,1250.3,1249.1,1249.9,1545
2025-07-18T13:17:00+05:30,1249.9,1250.4,1249.5,1250.0,166
2025-07-18T13:18:00+05:30,1250.0,1250.0,1249.8,1249.8,568
2025-07-18T13:19:00+05:30,1249.8,1250.0,1249.5,1249.5,136
2025-07-18T13:20:00+05:30,1249.5,1250.3,1249.5,1250.2,72
2025-07-18T13:21:00+05:30,1250.2,1250.3,1249.8,1250.3,72
2025-07-18T13:22:00+05:30,1250.3,1250.3,1249.9,1250.3,167
2025-07-18T13:23:00+05:30,1250.3,1250.3,1250.0,1250.0,270
2025-07-18T13:24:00+05:30,1249.8,1250.3,1249.7,1249.8,241
2025-07-18T13:25:00+05:30,1250.0,1250.7,1249.8,1250.7,492
2025-07-18T13:26:00+05:30,1250.5,1250.6,1249.1,1249.2,3029
2025-07-18T13:27:00+05:30,1249.1,1249.3,1249.0,1249.0,228
2025-07-18T13:28:00+05:30,1249.1,1249.2,1249.1,1249.2,32
2025-07-18T13:29:00+05:30,1249.3,1249.3,1249.0,1249.0,1725
2025-07-18T13:30:00+05:30,1249.3,1249.3,1249.1,1249.3,17
2025-07-18T13:31:00+05:30,1249.3,1249.4,1249.3,1249.4,263
2025-07-18T13:32:00+05:30,1249.4,1249.8,1249.1,1249.1,259
2025-07-18T13:33:00+05:30,1249.1,1249.6,1249.1,1249.4,43
2025-07-18T13:34:00+05:30,1249.4,1249.4,1249.1,1249.1,18
2025-07-18T13:35:00+05:30,1249.0,1249.2,1249.0,1249.0,259
2025-07-18T13:36:00+05:30,1249.2,1249.2,1249.0,1249.2,10
2025-07-18T13:37:00+05:30,1249.2,1249.2,1249.0,1249.1,9
2025-07-18T13:38:00+05:30,1249.2,1249.2,1248.0,1248.7,3486
2025-07-18T13:39:00+05:30,1248.7,1248.7,1248.1,1248.6,96
2025-07-18T13:40:00+05:30,1248.6,1248.6,1248.0,1248.5,429
2025-07-18T13:41:00+05:30,1248.5,1248.5,1248.0,1248.4,259
2025-07-18T13:42:00+05:30,1248.4,1249.2,1248.4,1248.6,1154
2025-07-18T13:43:00+05:30,1248.6,1249.0,1248.6,1248.7,1401
2025-07-18T13:44:00+05:30,1248.7,1249.0,1248.6,1248.6,89
2025-07-18T13:45:00+05:30,1248.9,1248.9,1248.5,1248.9,15
2025-07-18T13:46:00+05:30,1248.7,1248.9,1248.5,1248.9,73
2025-07-18T13:47:00+05:30,1248.9,1248.9,1248.7,1248.9,17
2025-07-18T13:48:00+05:30,1248.9,1248.9,1248.3,1248.4,102
2025-07-18T13:49:00+05:30,1248.8,1248.8,1248.0,1248.0,103
2025-07-18T13:50:00+05:30,1248.4,1248.4,1246.5,1246.9,12933
2025-07-18T13:51:00+05:30,1246.9,1249.5,1246.2,1249.3,2944
2025-07-18T13:52:00+05:30,1249.3,1249.3,1247.7,1247.7,1173
2025-07-18T13:53:00+05:30,1248.0,1248.0,1246.8,1247.0,53325
2025-07-18T13:54:00+05:30,1247.4,1248.1,1246.1,1247.1,11812
2025-07-18T13:55:00+05:30,1247.0,1247.3,1246.8,1246.8,370
2025-07-18T13:56:00+05:30,1247.3,1247.3,1246.7,1246.8,93
2025-07-18T13:57:00+05:30,1247.3,1247.3,1246.8,1247.3,376
2025-07-18T13:58:00+05:30,1247.3,1248.9,1245.8,1248.2,36503
2025-07-18T13:59:00+05:30,1248.0,1248.0,1247.2,1247.8,69
2025-07-18T14:00:00+05:30,1247.9,1247.9,1247.3,1247.7,115
2025-07-18T14:01:00+05:30,1247.3,1248.0,1247.3,1247.4,134
2025-07-18T14:02:00+05:30,1247.8,1248.0,1247.4,1248.0,172
2025-07-18T14:03:00+05:30,1248.0,1248.0,1247.3,1247.3,814
2025-07-18T14:04:00+05:30,1247.3,1247.6,1247.0,1247.1,997
2025-07-18T14:05:00+05:30,1247.1,1250.4,1247.1,1250.4,7577
2025-07-18T14:06:00+05:30,1251.1,1251.1,1250.0,1250.3,798
2025-07-18T14:07:00+05:30,1251.1,1251.1,1250.2,1250.2,183
2025-07-18T14:08:00+05:30,1250.2,1250.2,1250.2,1250.2,93
2025-07-18T14:09:00+05:30,1250.2,1250.8,1250.2,1250.8,140
2025-07-18T14:10:00+05:30,1250.4,1251.0,1250.3,1250.3,426
2025-07-18T14:11:00+05:30,1250.3,1250.8,1250.1,1250.8,878
2025-07-18T14:12:00+05:30,1250.7,1250.8,1249.8,1250.0,2832
2025-07-18T14:13:00+05:30,1250.0,1250.0,1249.5,1249.6,1178
2025-07-18T14:14:00+05:30,1250.0,1250.0,1249.8,1250.0,93
2025-07-18T14:15:00+05:30,1250.0,1250.0,1249.8,1250.0,1592
2025-07-18T14:16:00+05:30,1250.0,1250.0,1249.8,1249.8,1309
2025-07-18T14:17:00+05:30,1250.0,1250.0,1249.8,1250.0,2023
2025-07-18T14:18:00+05:30,1250.0,1250.0,1249.8,1250.0,941
2025-07-18T14:19:00+05:30,1250.0,1250.0,1249.8,1250.0,1655
2025-07-18T14:20:00+05:30,1250.0,1250.0,1249.8,1250.0,2760
2025-07-18T14:21:00+05:30,1250.0,1250.0,1250.0,1250.0,51
2025-07-18T14:22:00+05:30,1250.0,1250.0,1249.8,1250.0,2546
2025-07-18T14:23:00+05:30,1249.8,1250.0,1249.8,1250.0,123
2025-07-18T14:24:00+05:30,1250.0,1250.0,1250.0,1250.0,1283
2025-07-18T14:25:00+05:30,1250.0,1250.6,1249.6,1249.6,2033
2025-07-18T14:26:00+05:30,1249.9,1250.0,1249.9,1249.9,881
2025-07-18T14:27:00+05:30,1249.9,1250.7,1249.9,1250.7,565
2025-07-18T14:28:00+05:30,1250.7,1251.0,1250.7,1251.0,92
2025-07-18T14:29:00+05:30,1250.7,1250.7,1250.7,1250.7,17
2025-07-18T14:30:00+05:30,1250.4,1251.0,1249.9,1249.9,3869
2025-07-18T14:31:00+05:30,1249.9,1250.5,1249.9,1250.0,1125
2025-07-18T14:32:00+05:30,1250.0,1251.4,1250.0,1250.9,1302
2025-07-18T14:33:00+05:30,1250.9,1250.9,1250.6,1250.9,30
2025-07-18T14:34:00+05:30,1250.9,1251.0,1250.0,1250.5,2124
2025-07-18T14:35:00+05:30,1250.5,1251.0,1250.0,1251.0,688
2025-07-18T14:36:00+05:30,1251.0,1251.6,1250.5,1250.9,1836
2025-07-18T14:37:00+05:30,1251.5,1252.7,1251.0,1252.0,2392
2025-07-18T14:38:00+05:30,1251.3,1251.8,1251.3,1251.6,12
2025-07-18T14:39:00+05:30,1251.0,1251.4,1250.1,1251.4,2549
2025-07-18T14:40:00+05:30,1250.7,1251.7,1250.1,1251.3,4633
2025-07-18T14:41:00+05:30,1251.2,1251.2,1251.2,1251.2,101
2025-07-18T14:42:00+05:30,1251.2,1251.5,1250.5,1250.5,1321
2025-07-18T14:43:00+05:30,1250.5,1251.0,1250.3,1250.3,752
2025-07-18T14:44:00+05:30,1250.3,1251.3,1250.0,1250.1,1027
2025-07-18T14:45:00+05:30,1250.8,1251.0,1250.0,1250.0,4312
2025-07-18T14:46:00+05:30,1250.0,1251.0,1250.0,1250.0,4054
2025-07-18T14:47:00+05:30,1250.0,1251.0,1250.0,1250.9,1318
2025-07-18T14:48:00+05:30,1250.9,1251.2,1250.7,1250.7,1014
2025-07-18T14:49:00+05:30,1250.7,1251.4,1250.7,1251.3,127
2025-07-18T14:50:00+05:30,1251.5,1252.6,1251.4,1252.6,1529
2025-07-18T14:51:00+05:30,1252.0,1252.6,1250.6,1251.1,3718
2025-07-18T14:52:00+05:30,1251.0,1252.5,1251.0,1252.5,746
2025-07-18T14:53:00+05:30,1252.5,1253.5,1251.9,1253.5,2757
2025-07-18T14:54:00+05:30,1253.6,1253.7,1252.3,1253.0,3229
2025-07-18T14:55:00+05:30,1252.9,1253.0,1252.1,1252.1,1687
2025-07-18T14:56:00+05:30,1252.0,1252.3,1252.0,1252.3,506
2025-07-18T14:57:00+05:30,1252.3,1252.4,1251.2,1252.0,1182
2025-07-18T14:58:00+05:30,1251.2,1251.8,1251.0,1251.7,767
2025-07-18T14:59:00+05:30,1251.7,1251.7,1251.7,1251.7,15
2025-07-18T15:00:00+05:30,1251.2,1252.3,1249.3,1249.3,10306
2025-07-18T15:01:00+05:30,1249.3,1250.9,1249.3,1250.9,4622
2025-07-18T15:02:00+05:30,1250.5,1251.0,1250.0,1250.0,2867
2025-07-18T15:03:00+05:30,1250.1,1250.8,1250.0,1250.8,5087
2025-07-18T15:04:00+05:30,1250.3,1250.9,1250.0,1250.3,2493
2025-07-18T15:05:00+05:30,1250.1,1251.0,1250.0,1250.3,3093
2025-07-18T15:06:00+05:30,1250.3,1251.0,1250.0,1250.8,7374
2025-07-18T15:07:00+05:30,1250.2,1251.6,1250.1,1250.7,6176
2025-07-18T15:08:00+05:30,1250.7,1251.8,1250.3,1251.0,2789
2025-07-18T15:09:00+05:30,1251.0,1252.2,1251.0,1251.4,4109
2025-07-18T15:10:00+05:30,1251.3,1251.9,1250.3,1251.1,10912
2025-07-18T15:11:00+05:30,1251.0,1251.4,1251.0,1251.0,3006
2025-07-18T15:12:00+05:30,1251.0,1252.0,1251.0,1251.0,4547
2025-07-18T15:13:00+05:30,1251.0,1251.6,1251.0,1251.0,4476
2025-07-18T15:14:00+05:30,1251.0,1251.6,1251.0,1251.5,3821
2025-07-18T15:15:00+05:30,1251.2,1252.3,1251.0,1251.6,2951
2025-07-18T15:16:00+05:30,1251.6,1251.6,1251.0,1251.0,9663
2025-07-18T15:17:00+05:30,1251.0,1251.5,1250.9,1251.1,3918
2025-07-18T15:18:00+05:30,1251.2,1251.5,1251.0,1251.2,4514
2025-07-18T15:19:00+05:30,1251.2,1252.2,1251.0,1251.8,3779
2025-07-18T15:20:00+05:30,1251.1,1251.4,1251.0,1251.0,5481
2025-07-18T15:21:00+05:30,1251.0,1251.7,1251.0,1251.3,4281
2025-07-18T15:22:00+05:30,1251.3,1251.9,1251.1,1251.9,3832
2025-07-18T15:23:00+05:30,1251.4,1252.6,1251.3,1251.9,6809
2025-07-18T15:24:00+05:30,1251.9,1253.0,1251.4,1252.2,7724
2025-07-18T15:25:00+05:30,1252.1,1253.7,1251.5,1252.2,6252
2025-07-18T15:26:00+05:30,1252.7,1253.5,1251.7,1252.4,6349
2025-07-18T15:27:00+05:30,1252.7,1254.7,1251.6,1253.3,6261
2025-07-18T15:28:00+05:30,1252.5,1254.7,1251.3,1254.5,4173
2025-07-18T15:29:00+05:30,1253.1,1254.8,1251.6,1252.5,647
2025-07-17T09:15:00+05:30,1267.3,1267.3,1263.6,1263.7,2060
2025-07-17T09:16:00+05:30,1264.0,1264.6,1262.4,1264.1,2665
2025-07-17T09:17:00+05:30,1263.8,1266.7,1263.5,1266.4,982
2025-07-17T09:18:00+05:30,1267.0,1267.2,1266.4,1266.7,743
2025-07-17T09:19:00+05:30,1266.7,1267.5,1266.7,1266.9,586
2025-07-17T09:20:00+05:30,1267.6,1269.2,1266.8,1269.2,2210
2025-07-17T09:21:00+05:30,1269.2,1269.3,1267.4,1267.4,2027
2025-07-17T09:22:00+05:30,1267.9,1269.6,1267.3,1269.0,1758
2025-07-17T09:23:00+05:30,1269.6,1271.2,1269.0,1270.5,625
2025-07-17T09:24:00+05:30,1271.1,1274.0,1271.1,1272.6,2292
2025-07-17T09:25:00+05:30,1272.6,1273.8,1271.9,1273.8,2157
2025-07-17T09:26:00+05:30,1273.8,1275.5,1273.8,1275.3,2118
2025-07-17T09:27:00+05:30,1274.7,1274.7,1272.3,1272.7,2731
2025-07-17T09:28:00+05:30,1273.1,1274.6,1273.1,1274.6,482
2025-07-17T09:29:00+05:30,1274.6,1275.0,1273.9,1274.2,841
2025-07-17T09:30:00+05:30,1274.2,1274.2,1271.5,1271.8,1587
2025-07-17T09:31:00+05:30,1272.4,1273.5,1272.0,1273.5,497
2025-07-17T09:32:00+05:30,1273.6,1274.3,1272.9,1273.0,940
2025-07-17T09:33:00+05:30,1273.0,1274.2,1272.5,1273.2,655
2025-07-17T09:34:00+05:30,1273.2,1276.5,1273.0,1276.4,1010
2025-07-17T09:35:00+05:30,1276.0,1276.9,1276.0,1276.6,1640
2025-07-17T09:36:00+05:30,1276.6,1278.8,1276.5,1277.9,3153
2025-07-17T09:37:00+05:30,1278.2,1279.8,1276.2,1279.5,3740
2025-07-17T09:38:00+05:30,1279.5,1280.0,1279.0,1279.0,3613
2025-07-17T09:39:00+05:30,1279.1,1279.1,1277.6,1278.9,2667
2025-07-17T09:40:00+05:30,1278.8,1279.1,1278.1,1278.5,2427
2025-07-17T09:41:00+05:30,1278.5,1279.2,1278.0,1279.1,1377
2025-07-17T09:42:00+05:30,1279.1,1281.0,1279.1,1281.0,3416
2025-07-17T09:43:00+05:30,1281.0,1281.2,1280.0,1280.4,2089
2025-07-17T09:44:00+05:30,1281.0,1281.0,1279.1,1279.7,1792
2025-07-17T09:45:00+05:30,1279.7,1280.8,1279.6,1280.4,2561
2025-07-17T09:46:00+05:30,1279.9,1280.7,1279.6,1280.0,766
2025-07-17T09:47:00+05:30,1280.6,1280.6,1279.4,1279.9,643
2025-07-17T09:48:00+05:30,1280.2,1280.4,1279.4,1280.4,944
2025-07-17T09:49:00+05:30,1280.4,1280.5,1279.6,1279.9,2950
2025-07-17T09:50:00+05:30,1280.0,1280.2,1279.7,1280.0,647
2025-07-17T09:51:00+05:30,1280.0,1280.4,1276.3,1278.8,5806
2025-07-17T09:52:00+05:30,1278.1,1278.8,1277.2,1278.0,879
2025-07-17T09:53:00+05:30,1278.0,1278.7,1276.6,1277.6,3513
2025-07-17T09:54:00+05:30,1277.6,1278.2,1276.8,1277.9,966
2025-07-17T09:55:00+05:30,1278.0,1278.1,1276.4,1277.7,746
2025-07-17T09:56:00+05:30,1277.7,1278.0,1277.1,1277.9,765
2025-07-17T09:57:00+05:30,1277.9,1278.6,1277.3,1277.5,1244
2025-07-17T09:58:00+05:30,1278.0,1278.3,1277.5,1278.3,826
2025-07-17T09:59:00+05:30,1278.3,1278.3,1275.0,1277.8,6466
2025-07-17T10:00:00+05:30,1277.8,1279.5,1277.6,1279.2,590
2025-07-17T10:01:00+05:30,1279.4,1280.0,1278.8,1279.1,1293
2025-07-17T10:02:00+05:30,1279.1,1279.8,1279.0,1279.4,974
2025-07-17T10:03:00+05:30,1279.2,1279.6,1279.0,1279.1,336
2025-07-17T10:04:00+05:30,1279.1,1279.1,1278.3,1278.5,382
2025-07-17T10:05:00+05:30,1278.8,1279.1,1278.3,1278.9,485
2025-07-17T10:06:00+05:30,1278.8,1278.8,1278.6,1278.8,288
2025-07-17T10:07:00+05:30,1278.8,1279.1,1278.7,1278.9,446
2025-07-17T10:08:00+05:30,1279.0,1279.2,1278.4,1279.0,384
2025-07-17T10:09:00+05:30,1278.7,1279.3,1278.7,1279.0,169
2025-07-17T10:10:00+05:30,1279.3,1279.6,1279.3,1279.6,253
2025-07-17T10:11:00+05:30,1279.5,1279.7,1278.2,1278.2,876
2025-07-17T10:12:00+05:30,1278.3,1278.3,1277.2,1277.7,487
2025-07-17T10:13:00+05:30,1277.8,1278.1,1277.7,1277.7,450
2025-07-17T10:14:00+05:30,1277.7,1278.3,1276.9,1278.0,1015
2025-07-17T10:15:00+05:30,1278.2,1278.5,1277.2,1277.2,486
2025-07-17T10:16:00+05:30,1277.9,1277.9,1277.5,1277.9,467
2025-07-17T10:17:00+05:30,1277.8,1278.6,1277.0,1277.7,3018
2025-07-17T10:18:00+05:30,1277.6,1277.6,1276.6,1276.6,490
2025-07-17T10:19:00+05:30,1277.3,1277.3,1276.1,1276.9,1134
2025-07-17T10:20:00+05:30,1276.9,1277.5,1276.9,1277.5,288
2025-07-17T10:21:00+05:30,1277.5,1277.9,1277.1,1277.2,2395
2025-07-17T10:22:00+05:30,1277.2,1278.0,1276.7,1277.9,1175
2025-07-17T10:23:00+05:30,1278.0,1278.6,1277.7,1278.2,894
2025-07-17T10:24:00+05:30,1278.2,1279.2,1278.2,1278.9,430
2025-07-17T10:25:00+05:30,1279.0,1279.1,1278.0,1278.4,839
2025-07-17T10:26:00+05:30,1278.6,1279.0,1278.4,1278.5,728
2025-07-17T10:27:00+05:30,1278.6,1278.9,1278.0,1278.8,658
2025-07-17T10:28:00+05:30,1278.8,1278.9,1278.2,1278.8,474
2025-07-17T10:29:00+05:30,1278.7,1278.9,1278.4,1278.4,291
2025-07-17T10:30:00+05:30,1278.5,1278.9,1278.0,1278.6,931
2025-07-17T10:31:00+05:30,1278.6,1280.2,1278.1,1279.7,3541
2025-07-17T10:32:00+05:30,1279.4,1280.1,1279.4,1279.9,918
2025-07-17T10:33:00+05:30,1280.0,1280.1,1279.4,1280.0,2164
2025-07-17T10:34:00+05:30,1280.0,1282.3,1280.0,1282.1,6516
2025-07-17T10:35:00+05:30,1282.1,1282.3,1280.8,1280.8,3887
2025-07-17T10:36:00+05:30,1280.9,1281.1,1279.0,1279.0,2209
2025-07-17T10:37:00+05:30,1279.4,1280.0,1279.0,1279.9,1240
2025-07-17T10:38:00+05:30,1280.3,1280.3,1279.4,1279.5,2710
2025-07-17T10:39:00+05:30,1279.5,1279.5,1279.0,1279.0,1446
2025-07-17T10:40:00+05:30,1279.2,1279.2,1278.2,1278.7,1590
2025-07-17T10:41:00+05:30,1278.8,1279.1,1278.5,1278.7,1790
2025-07-17T10:42:00+05:30,1278.9,1278.9,1278.6,1278.8,278
2025-07-17T10:43:00+05:30,1278.8,1278.9,1278.2,1278.9,515
2025-07-17T10:44:00+05:30,1278.9,1278.9,1278.8,1278.9,393
2025-07-17T10:45:00+05:30,1278.8,1278.9,1278.8,1278.9,392
2025-07-17T10:46:00+05:30,1278.9,1279.9,1278.9,1279.9,1101
2025-07-17T10:47:00+05:30,1280.0,1280.8,1279.9,1280.6,942
2025-07-17T10:48:00+05:30,1280.4,1280.9,1280.0,1280.5,1148
2025-07-17T10:49:00+05:30,1280.5,1280.9,1279.9,1280.8,1297
2025-07-17T10:50:00+05:30,1280.8,1281.3,1280.2,1281.3,502
2025-07-17T10:51:00+05:30,1281.3,1281.5,1280.8,1281.5,2027
2025-07-17T10:52:00+05:30,1281.5,1282.0,1281.0,1281.3,1950
2025-07-17T10:53:00+05:30,1281.4,1281.4,1280.6,1281.0,456
2025-07-17T10:54:00+05:30,1281.0,1281.4,1280.3,1281.4,998
2025-07-17T10:55:00+05:30,1281.0,1281.7,1281.0,1281.5,529
2025-07-17T10:56:00+05:30,1281.0,1282.0,1281.0,1281.9,797
2025-07-17T10:57:00+05:30,1282.0,1282.5,1281.1,1281.6,1930
2025-07-17T10:58:00+05:30,1281.5,1281.7,1281.0,1281.7,252
2025-07-17T10:59:00+05:30,1281.6,1281.6,1280.3,1280.8,736
2025-07-17T11:00:00+05:30,1281.1,1281.7,1280.7,1280.9,938
2025-07-17T11:01:00+05:30,1281.9,1282.1,1281.0,1281.3,2048
2025-07-17T11:02:00+05:30,1281.9,1282.1,1281.7,1282.0,530
2025-07-17T11:03:00+05:30,1281.9,1282.0,1281.8,1282.0,472
2025-07-17T11:04:00+05:30,1282.0,1282.6,1281.9,1281.9,2567
2025-07-17T11:05:00+05:30,1282.1,1282.7,1281.9,1282.7,402
2025-07-17T11:06:00+05:30,1282.7,1282.7,1282.4,1282.5,241
2025-07-17T11:07:00+05:30,1282.5,1282.5,1282.3,1282.4,379
2025-07-17T11:08:00+05:30,1282.3,1282.3,1281.4,1281.5,752
2025-07-17T11:09:00+05:30,1282.0,1282.0,1281.5,1281.7,495
2025-07-17T11:10:00+05:30,1281.8,1281.8,1280.7,1280.7,976
2025-07-17T11:11:00+05:30,1280.3,1281.0,1280.0,1281.0,1377
2025-07-17T11:12:00+05:30,1281.2,1281.9,1280.9,1281.1,493
2025-07-17T11:13:00+05:30,1281.0,1281.0,1280.0,1280.6,2494
2025-07-17T11:14:00+05:30,1280.0,1280.5,1279.4,1280.0,774
2025-07-17T11:15:00+05:30,1280.0,1280.1,1279.0,1279.6,1610
2025-07-17T11:16:00+05:30,1279.4,1279.7,1279.4,1279.7,471
2025-07-17T11:17:00+05:30,1279.6,1279.7,1279.4,1279.6,693
2025-07-17T11:18:00+05:30,1279.2,1279.6,1277.3,1278.1,3754
2025-07-17T11:19:00+05:30,1278.5,1278.5,1277.3,1278.0,838
2025-07-17T11:20:00+05:30,1278.0,1278.0,1276.3,1277.4,1874
2025-07-17T11:21:00+05:30,1277.8,1278.8,1277.3,1278.8,618
2025-07-17T11:22:00+05:30,1278.3,1278.8,1278.3,1278.6,31
2025-07-17T11:23:00+05:30,1278.6,1279.4,1278.6,1279.4,625
2025-07-17T11:24:00+05:30,1279.4,1279.5,1278.3,1278.9,953
2025-07-17T11:25:00+05:30,1278.9,1278.9,1278.3,1278.9,325
2025-07-17T11:26:00+05:30,1278.9,1279.2,1278.9,1279.2,614
2025-07-17T11:27:00+05:30,1279.0,1279.3,1278.4,1279.1,848
2025-07-17T11:28:00+05:30,1278.4,1278.6,1277.7,1278.6,473
2025-07-17T11:29:00+05:30,1278.6,1278.8,1278.1,1278.7,415
2025-07-17T11:30:00+05:30,1278.7,1278.7,1278.0,1278.7,340
2025-07-17T11:31:00+05:30,1278.4,1278.7,1278.4,1278.5,127
2025-07-17T11:32:00+05:30,1278.7,1278.9,1278.5,1278.9,399
2025-07-17T11:33:00+05:30,1279.0,1281.6,1279.0,1280.8,2782
2025-07-17T11:34:00+05:30,1280.7,1281.0,1279.7,1279.7,1556
2025-07-17T11:35:00+05:30,1279.7,1280.5,1279.5,1280.2,823
2025-07-17T11:36:00+05:30,1280.2,1281.0,1279.8,1281.0,288
2025-07-17T11:37:00+05:30,1281.0,1281.3,1280.4,1281.3,2227
2025-07-17T11:38:00+05:30,1280.8,1281.4,1280.4,1281.3,698
2025-07-17T11:39:00+05:30,1280.8,1281.4,1280.8,1280.9,388
2025-07-17T11:40:00+05:30,1280.9,1281.4,1280.9,1281.3,200
2025-07-17T11:41:00+05:30,1281.0,1281.3,1281.0,1281.0,257
2025-07-17T11:42:00+05:30,1281.0,1281.4,1281.0,1281.0,524
2025-07-17T11:43:00+05:30,1281.0,1281.5,1281.0,1281.5,618
2025-07-17T11:44:00+05:30,1281.0,1281.5,1281.0,1281.0,161
2025-07-17T11:45:00+05:30,1281.5,1281.9,1281.0,1281.0,583
2025-07-17T11:46:00+05:30,1281.0,1281.0,1280.0,1280.5,1048
2025-07-17T11:47:00+05:30,1280.5,1280.6,1279.6,1280.2,834
2025-07-17T11:48:00+05:30,1279.6,1280.3,1279.6,1280.0,79
2025-07-17T11:49:00+05:30,1279.8,1280.0,1279.8,1280.0,58
2025-07-17T11:50:00+05:30,1279.8,1280.0,1279.3,1279.8,362
2025-07-17T11:51:00+05:30,1279.8,1279.8,1279.3,1279.3,97
2025-07-17T11:52:00+05:30,1279.7,1279.7,1279.3,1279.3,90
2025-07-17T11:53:00+05:30,1279.3,1279.8,1279.1,1279.8,756
2025-07-17T11:54:00+05:30,1279.7,1279.9,1279.2,1279.7,265
2025-07-17T11:55:00+05:30,1279.7,1279.8,1278.8,1279.6,1258
2025-07-17T11:56:00+05:30,1279.6,1279.9,1279.1,1279.8,66
2025-07-17T11:57:00+05:30,1279.8,1280.0,1278.9,1279.8,296
2025-07-17T11:58:00+05:30,1279.8,1280.0,1279.8,1280.0,59
2025-07-17T11:59:00+05:30,1280.0,1280.0,1279.8,1279.8,41
2025-07-17T12:00:00+05:30,1280.0,1280.0,1279.8,1279.8,53
2025-07-17T12:01:00+05:30,1280.0,1280.0,1279.8,1280.0,18
2025-07-17T12:02:00+05:30,1279.8,1280.9,1279.8,1280.8,1022
2025-07-17T12:03:00+05:30,1280.1,1280.6,1280.1,1280.6,2
2025-07-17T12:04:00+05:30,1280.8,1280.8,1280.3,1280.7,366
2025-07-17T12:05:00+05:30,1280.7,1280.8,1280.2,1280.2,607
2025-07-17T12:06:00+05:30,1280.6,1280.6,1280.4,1280.6,131
2025-07-17T12:07:00+05:30,1280.6,1280.8,1280.0,1280.6,342
2025-07-17T12:08:00+05:30,1280.6,1280.7,1280.0,1280.6,338
2025-07-17T12:09:00+05:30,1280.6,1280.6,1280.1,1280.6,884
2025-07-17T12:10:00+05:30,1280.4,1281.4,1280.4,1281.4,1519
2025-07-17T12:11:00+05:30,1281.3,1281.5,1281.0,1281.5,170
2025-07-17T12:12:00+05:30,1281.4,1281.8,1281.0,1281.0,1141
2025-07-17T12:13:00+05:30,1281.7,1281.8,1281.2,1281.2,63
2025-07-17T12:14:00+05:30,1281.2,1281.8,1281.2,1281.2,414
2025-07-17T12:15:00+05:30,1281.2,1281.3,1281.0,1281.3,596
2025-07-17T12:16:00+05:30,1281.5,1281.8,1281.1,1281.5,511
2025-07-17T12:17:00+05:30,1281.1,1281.7,1280.9,1281.1,679
2025-07-17T12:18:00+05:30,1281.1,1281.7,1281.1,1281.6,242
2025-07-17T12:19:00+05:30,1281.6,1281.6,1281.1,1281.6,178
2025-07-17T12:20:00+05:30,1281.1,1281.7,1280.8,1281.2,1015
2025-07-17T12:21:00+05:30,1281.6,1281.8,1281.2,1281.8,45
2025-07-17T12:22:00+05:30,1281.2,1281.8,1281.2,1281.7,108
2025-07-17T12:23:00+05:30,1281.5,1281.7,1281.1,1281.1,343
2025-07-17T12:24:00+05:30,1281.7,1281.7,1281.1,1281.4,242
2025-07-17T12:25:00+05:30,1281.4,1281.4,1280.6,1281.1,181
2025-07-17T12:26:00+05:30,1280.5,1280.9,1280.3,1280.3,147
2025-07-17T12:27:00+05:30,1280.3,1280.9,1280.2,1280.9,481
2025-07-17T12:28:00+05:30,1280.4,1280.9,1280.4,1280.9,50
2025-07-17T12:29:00+05:30,1280.5,1282.3,1280.5,1280.8,5149
2025-07-17T12:30:00+05:30,1281.4,1281.7,1277.9,1277.9,4946
2025-07-17T12:31:00+05:30,1278.6,1278.6,1277.6,1278.3,1242
2025-07-17T12:32:00+05:30,1278.3,1278.3,1277.1,1277.8,1580
2025-07-17T12:33:00+05:30,1277.8,1279.9,1277.8,1279.8,3733
2025-07-17T12:34:00+05:30,1279.3,1279.8,1279.3,1279.3,322
2025-07-17T12:35:00+05:30,1279.8,1279.8,1278.6,1278.8,254
2025-07-17T12:36:00+05:30,1278.8,1279.3,1278.4,1278.7,307
2025-07-17T12:37:00+05:30,1278.0,1278.2,1277.3,1277.3,229
2025-07-17T12:38:00+05:30,1277.3,1277.9,1275.0,1275.0,11463
2025-07-17T12:39:00+05:30,1275.0,1275.6,1273.6,1275.5,6716
2025-07-17T12:40:00+05:30,1275.0,1276.4,1274.8,1275.9,3163
2025-07-17T12:41:00+05:30,1275.9,1276.1,1275.3,1276.1,512
2025-07-17T12:42:00+05:30,1275.5,1276.1,1275.5,1276.1,57
2025-07-17T12:43:00+05:30,1275.7,1277.4,1275.7,1277.4,1005
2025-07-17T12:44:00+05:30,1276.9,1277.3,1276.2,1276.2,309
2025-07-17T12:45:00+05:30,1276.2,1276.5,1276.2,1276.4,369
2025-07-17T12:46:00+05:30,1276.2,1276.4,1275.9,1276.2,418
2025-07-17T12:47:00+05:30,1275.9,1276.2,1275.9,1275.9,40
2025-07-17T12:48:00+05:30,1276.0,1276.0,1275.3,1275.6,623
2025-07-17T12:49:00+05:30,1275.4,1275.9,1275.4,1275.9,352
2025-07-17T12:50:00+05:30,1275.6,1275.9,1275.6,1275.7,145
2025-07-17T12:51:00+05:30,1275.7,1278.4,1275.6,1276.8,3093
2025-07-17T12:52:00+05:30,1277.0,1278.2,1276.8,1278.2,614
2025-07-17T12:53:00+05:30,1277.7,1278.4,1277.7,1278.3,593
2025-07-17T12:54:00+05:30,1278.0,1278.3,1278.0,1278.0,155
2025-07-17T12:55:00+05:30,1278.0,1278.0,1277.9,1277.9,26
2025-07-17T12:56:00+05:30,1277.6,1277.9,1277.6,1277.8,72
2025-07-17T12:57:00+05:30,1277.6,1277.8,1276.3,1277.0,509
2025-07-17T12:58:00+05:30,1277.0,1277.2,1276.7,1277.2,608
2025-07-17T12:59:00+05:30,1277.2,1277.2,1276.5,1277.0,200
2025-07-17T13:00:00+05:30,1277.0,1277.0,1276.6,1277.0,20
2025-07-17T13:01:00+05:30,1276.6,1276.8,1276.6,1276.8,59
2025-07-17T13:02:00+05:30,1277.0,1277.2,1277.0,1277.2,186
2025-07-17T13:03:00+05:30,1277.0,1277.8,1276.9,1277.2,641
2025-07-17T13:04:00+05:30,1277.0,1277.5,1276.8,1277.5,22
2025-07-17T13:05:00+05:30,1277.1,1277.5,1277.1,1277.3,76
2025-07-17T13:06:00+05:30,1277.1,1277.5,1277.1,1277.5,118
2025-07-17T13:07:00+05:30,1277.3,1277.4,1276.6,1277.1,281
2025-07-17T13:08:00+05:30,1276.8,1277.0,1276.8,1276.8,29
2025-07-17T13:09:00+05:30,1276.9,1276.9,1276.8,1276.9,147
2025-07-17T13:10:00+05:30,1276.8,1276.9,1276.8,1276.9,12
2025-07-17T13:11:00+05:30,1276.8,1277.0,1276.8,1277.0,319
2025-07-17T13:12:00+05:30,1277.0,1277.0,1276.9,1276.9,15
2025-07-17T13:13:00+05:30,1276.9,1277.0,1276.3,1276.9,706
2025-07-17T13:14:00+05:30,1276.3,1276.9,1276.1,1276.3,418
2025-07-17T13:15:00+05:30,1276.1,1276.5,1276.1,1276.4,118
2025-07-17T13:16:00+05:30,1276.4,1276.7,1276.2,1276.7,335
2025-07-17T13:17:00+05:30,1276.5,1276.6,1276.5,1276.5,35
2025-07-17T13:18:00+05:30,1276.5,1276.6,1276.5,1276.6,3
2025-07-17T13:19:00+05:30,1276.5,1276.6,1276.5,1276.6,131
2025-07-17T13:20:00+05:30,1276.5,1276.6,1276.5,1276.6,129
2025-07-17T13:21:00+05:30,1276.6,1276.6,1276.5,1276.6,5
2025-07-17T13:22:00+05:30,1276.5,1276.6,1276.5,1276.6,15
2025-07-17T13:23:00+05:30,1276.6,1276.6,1276.5,1276.6,121
2025-07-17T13:24:00+05:30,1276.5,1276.6,1276.5,1276.5,37
2025-07-17T13:25:00+05:30,1276.5,1277.8,1276.5,1277.2,2466
2025-07-17T13:26:00+05:30,1277.2,1277.2,1276.4,1276.6,86
2025-07-17T13:27:00+05:30,1276.9,1277.1,1276.4,1276.9,41
2025-07-17T13:28:00+05:30,1276.9,1277.2,1276.8,1277.2,284
2025-07-17T13:29:00+05:30,1277.1,1277.2,1277.1,1277.2,49
2025-07-17T13:30:00+05:30,1277.2,1277.2,1277.1,1277.2,49
2025-07-17T13:31:00+05:30,1277.2,1277.2,1276.6,1277.1,391
2025-07-17T13:32:00+05:30,1276.7,1277.1,1276.7,1276.7,28
2025-07-17T13:33:00+05:30,1276.7,1276.9,1276.4,1276.9,194
2025-07-17T13:35:00+05:30,1276.4,1276.5,1276.4,1276.5,34
2025-07-17T13:36:00+05:30,1276.5,1276.6,1276.4,1276.6,633
2025-07-17T13:37:00+05:30,1276.5,1276.6,1276.5,1276.6,36
2025-07-17T13:38:00+05:30,1276.5,1276.5,1274.5,1274.6,2860
2025-07-17T13:39:00+05:30,1275.0,1275.3,1274.3,1274.9,970
2025-07-17T13:40:00+05:30,1274.7,1275.0,1273.7,1275.0,6592
2025-07-17T13:41:00+05:30,1275.0,1276.1,1274.6,1274.9,2594
2025-07-17T13:42:00+05:30,1274.2,1275.7,1274.0,1274.5,6776
2025-07-17T13:43:00+05:30,1275.0,1275.3,1274.3,1274.4,1735
2025-07-17T13:44:00+05:30,1274.4,1275.0,1273.5,1274.0,8938
2025-07-17T13:45:00+05:30,1273.9,1274.0,1273.3,1273.8,814
2025-07-17T13:46:00+05:30,1273.3,1273.7,1273.1,1273.5,24
2025-07-17T13:47:00+05:30,1273.4,1273.9,1273.4,1273.9,61
2025-07-17T13:48:00+05:30,1273.5,1273.9,1273.5,1273.9,35
2025-07-17T13:49:00+05:30,1273.9,1273.9,1273.8,1273.8,60
2025-07-17T13:50:00+05:30,1273.9,1273.9,1273.9,1273.9,23
2025-07-17T13:51:00+05:30,1273.8,1274.0,1273.8,1274.0,1620
2025-07-17T13:52:00+05:30,1273.8,1275.6,1273.8,1275.5,20364
2025-07-17T13:53:00+05:30,1275.6,1276.2,1275.5,1275.9,620
2025-07-17T13:54:00+05:30,1275.7,1276.1,1275.0,1276.0,733
2025-07-17T13:55:00+05:30,1275.9,1275.9,1275.3,1275.9,23
2025-07-17T13:56:00+05:30,1275.9,1275.9,1275.3,1275.9,65
2025-07-17T13:57:00+05:30,1275.9,1275.9,1275.4,1275.4,20
2025-07-17T13:58:00+05:30,1275.4,1276.7,1275.4,1276.7,334
2025-07-17T13:59:00+05:30,1276.7,1276.9,1276.4,1276.9,259
2025-07-17T14:00:00+05:30,1276.9,1278.0,1276.9,1278.0,1480
2025-07-17T14:01:00+05:30,1278.0,1278.9,1277.9,1278.9,801
2025-07-17T14:02:00+05:30,1278.9,1279.2,1278.9,1279.2,777
2025-07-17T14:03:00+05:30,1279.2,1279.8,1279.1,1279.7,782
2025-07-17T14:04:00+05:30,1279.7,1279.7,1279.3,1279.6,171
2025-07-17T14:05:00+05:30,1279.6,1279.6,1279.0,1279.6,112
2025-07-17T14:06:00+05:30,1279.6,1279.6,1279.1,1279.6,573
2025-07-17T14:07:00+05:30,1279.5,1279.6,1279.1,1279.6,294
2025-07-17T14:08:00+05:30,1279.7,1279.7,1277.8,1279.3,1565
2025-07-17T14:09:00+05:30,1279.3,1280.9,1278.9,1280.9,1093
2025-07-17T14:10:00+05:30,1280.9,1281.2,1280.1,1280.9,2018
2025-07-17T14:11:00+05:30,1280.9,1282.0,1280.9,1281.0,3764
2025-07-17T14:12:00+05:30,1281.6,1281.6,1280.5,1281.3,1630
2025-07-17T14:13:00+05:30,1281.3,1281.3,1279.8,1281.2,1386
2025-07-17T14:14:00+05:30,1281.2,1281.5,1279.9,1281.4,1582
2025-07-17T14:15:00+05:30,1281.5,1282.3,1281.3,1282.2,809
2025-07-17T14:16:00+05:30,1281.5,1282.3,1280.7,1281.9,946
2025-07-17T14:17:00+05:30,1281.9,1281.9,1278.8,1280.0,3222
2025-07-17T14:18:00+05:30,1279.6,1280.7,1279.4,1280.0,707
2025-07-17T14:19:00+05:30,1280.2,1280.4,1279.7,1280.4,759
2025-07-17T14:20:00+05:30,1280.0,1280.0,1279.9,1280.0,575
2025-07-17T14:21:00+05:30,1280.0,1280.3,1279.3,1280.0,903
2025-07-17T14:22:00+05:30,1280.0,1280.0,1279.5,1279.8,485
2025-07-17T14:23:00+05:30,1279.8,1281.9,1279.6,1281.9,1682
2025-07-17T14:24:00+05:30,1281.9,1282.4,1281.2,1282.2,811
2025-07-17T14:25:00+05:30,1282.0,1282.3,1282.0,1282.2,652
2025-07-17T14:26:00+05:30,1282.2,1282.4,1282.1,1282.4,960
2025-07-17T14:27:00+05:30,1282.3,1283.0,1282.0,1282.9,2489
2025-07-17T14:28:00+05:30,1282.9,1283.0,1282.4,1283.0,721
2025-07-17T14:29:00+05:30,1283.0,1283.0,1282.4,1282.7,1085
2025-07-17T14:30:00+05:30,1282.6,1282.7,1281.8,1282.1,809
2025-07-17T14:31:00+05:30,1282.6,1282.7,1282.0,1282.7,889
2025-07-17T14:32:00+05:30,1282.6,1282.7,1281.5,1281.5,804
2025-07-17T14:33:00+05:30,1281.8,1281.8,1280.4,1281.1,945
2025-07-17T14:34:00+05:30,1281.0,1281.1,1280.1,1280.7,710
2025-07-17T14:35:00+05:30,1280.5,1281.1,1280.2,1281.0,790
2025-07-17T14:36:00+05:30,1281.0,1281.8,1280.9,1281.8,863
2025-07-17T14:37:00+05:30,1281.8,1282.0,1281.3,1281.5,973
2025-07-17T14:38:00+05:30,1281.6,1281.9,1281.2,1281.3,575
2025-07-17T14:39:00+05:30,1281.3,1282.0,1281.3,1281.9,896
2025-07-17T14:40:00+05:30,1281.5,1282.0,1280.9,1281.3,1416
2025-07-17T14:41:00+05:30,1281.3,1282.0,1281.0,1281.5,1251
2025-07-17T14:42:00+05:30,1281.5,1281.5,1280.7,1281.3,497
2025-07-17T14:43:00+05:30,1281.3,1281.6,1280.5,1281.1,3575
2025-07-17T14:44:00+05:30,1281.1,1281.4,1280.6,1280.8,1151
2025-07-17T14:45:00+05:30,1281.0,1281.7,1280.7,1280.8,881
2025-07-17T14:46:00+05:30,1281.3,1281.3,1280.7,1280.7,897
2025-07-17T14:47:00+05:30,1280.7,1281.7,1280.7,1281.7,906
2025-07-17T14:48:00+05:30,1281.4,1281.8,1280.6,1281.8,3966
2025-07-17T14:49:00+05:30,1281.6,1281.9,1280.8,1281.5,1242
2025-07-17T14:50:00+05:30,1281.6,1281.7,1280.6,1280.9,2169
2025-07-17T14:51:00+05:30,1281.5,1281.6,1280.3,1280.7,1115
2025-07-17T14:52:00+05:30,1280.3,1281.6,1280.3,1281.6,972
2025-07-17T14:53:00+05:30,1281.6,1281.6,1281.0,1281.6,666
2025-07-17T14:54:00+05:30,1281.6,1282.5,1281.5,1282.4,1080
2025-07-17T14:55:00+05:30,1282.4,1282.4,1282.0,1282.3,990
2025-07-17T14:56:00+05:30,1282.1,1282.3,1281.4,1282.0,1058
2025-07-17T14:57:00+05:30,1281.8,1282.0,1281.4,1282.0,1083
2025-07-17T14:58:00+05:30,1282.0,1282.2,1281.5,1282.0,1471
2025-07-17T14:59:00+05:30,1281.9,1282.0,1281.2,1281.5,1361
2025-07-17T15:00:00+05:30,1281.5,1281.9,1281.4,1281.9,1311
2025-07-17T15:01:00+05:30,1281.9,1281.9,1280.4,1280.8,4031
2025-07-17T15:02:00+05:30,1280.8,1281.0,1280.1,1280.7,2613
2025-07-17T15:03:00+05:30,1280.7,1280.7,1279.8,1280.5,3367
2025-07-17T15:04:00+05:30,1280.7,1280.8,1279.6,1280.5,2445
2025-07-17T15:05:00+05:30,1280.5,1280.6,1279.7,1280.4,3196
2025-07-17T15:06:00+05:30,1280.6,1280.6,1279.8,1280.5,3353
2025-07-17T15:07:00+05:30,1280.5,1281.5,1280.3,1280.5,8914
2025-07-17T15:08:00+05:30,1280.5,1280.7,1279.5,1280.4,4267
2025-07-17T15:09:00+05:30,1280.4,1280.4,1279.5,1280.4,3605
2025-07-17T15:10:00+05:30,1280.3,1280.5,1279.8,1280.5,2249
2025-07-17T15:11:00+05:30,1280.5,1280.5,1279.3,1279.6,4743
2025-07-17T15:12:00+05:30,1280.1,1280.1,1279.9,1280.1,3331
2025-07-17T15:13:00+05:30,1280.1,1280.1,1279.9,1280.1,3098
2025-07-17T15:14:00+05:30,1280.1,1280.4,1279.2,1280.1,3865
2025-07-17T15:15:00+05:30,1280.1,1280.1,1278.0,1278.0,5193
2025-07-17T15:16:00+05:30,1278.0,1278.5,1277.1,1277.9,4649
2025-07-17T15:17:00+05:30,1277.9,1277.9,1276.2,1277.7,4316
2025-07-17T15:18:00+05:30,1277.8,1277.8,1276.3,1277.3,3686
2025-07-17T15:19:00+05:30,1277.3,1277.3,1276.3,1277.0,4312
2025-07-17T15:20:00+05:30,1277.0,1277.0,1275.3,1276.1,5580
2025-07-17T15:21:00+05:30,1276.1,1276.3,1275.1,1275.9,3446
2025-07-17T15:22:00+05:30,1275.9,1276.5,1275.3,1276.3,3296
2025-07-17T15:23:00+05:30,1276.1,1276.3,1275.0,1275.1,3632
2025-07-17T15:24:00+05:30,1275.6,1275.6,1274.7,1275.0,3391
2025-07-17T15:25:00+05:30,1275.0,1275.1,1273.7,1274.5,8800
2025-07-17T15:26:00+05:30,1274.5,1275.0,1274.3,1275.0,3444
2025-07-17T15:27:00+05:30,1275.0,1275.9,1274.8,1275.2,1499
2025-07-17T15:28:00+05:30,1275.7,1276.1,1275.1,1275.2,1532
2025-07-17T15:29:00+05:30,1275.2,1278.0,1275.2,1277.0,1041
2025-07-16T09:15:00+05:30,1268.0,1270.1,1259.1,1260.7,9697
2025-07-16T09:16:00+05:30,1260.7,1266.5,1260.4,1264.8,14299
2025-07-16T09:17:00+05:30,1263.6,1265.9,1262.1,1264.9,7146
2025-07-16T09:18:00+05:30,1264.9,1265.8,1264.8,1265.0,2393
2025-07-16T09:19:00+05:30,1265.0,1265.8,1263.3,1263.5,1092
2025-07-16T09:20:00+05:30,1264.1,1268.0,1264.0,1267.5,2104
2025-07-16T09:21:00+05:30,1267.5,1267.8,1266.1,1267.8,4207
2025-07-16T09:22:00+05:30,1267.2,1267.5,1265.7,1265.7,1963
2025-07-16T09:23:00+05:30,1265.9,1266.9,1265.0,1265.1,3827
2025-07-16T09:24:00+05:30,1264.0,1266.9,1263.9,1266.2,2899
2025-07-16T09:25:00+05:30,1266.6,1267.3,1264.2,1264.2,8001
2025-07-16T09:26:00+05:30,1263.9,1264.9,1263.6,1264.9,2900
2025-07-16T09:27:00+05:30,1264.4,1265.0,1263.9,1265.0,3097
2025-07-16T09:28:00+05:30,1265.0,1265.8,1264.9,1265.8,456
2025-07-16T09:29:00+05:30,1265.8,1265.8,1265.7,1265.7,119
2025-07-16T09:30:00+05:30,1265.7,1265.7,1265.3,1265.3,1223
2025-07-16T09:31:00+05:30,1265.1,1265.3,1264.0,1264.0,2173
2025-07-16T09:32:00+05:30,1264.0,1265.8,1264.0,1265.0,1839
2025-07-16T09:33:00+05:30,1265.0,1265.4,1265.0,1265.0,200
2025-07-16T09:34:00+05:30,1265.0,1266.3,1265.0,1266.2,612
2025-07-16T09:35:00+05:30,1265.7,1266.3,1265.0,1266.3,838
2025-07-16T09:36:00+05:30,1265.9,1267.9,1265.9,1267.9,1037
2025-07-16T09:37:00+05:30,1267.5,1267.5,1266.6,1266.6,283
2025-07-16T09:38:00+05:30,1266.6,1267.1,1266.1,1266.7,2313
2025-07-16T09:39:00+05:30,1266.1,1266.6,1265.4,1265.4,17
2025-07-16T09:40:00+05:30,1265.5,1265.9,1265.2,1265.3,154
2025-07-16T09:41:00+05:30,1265.2,1265.2,1264.2,1264.6,793
2025-07-16T09:42:00+05:30,1264.2,1264.2,1264.2,1264.2,2
2025-07-16T09:43:00+05:30,1263.8,1264.3,1263.5,1263.6,586
2025-07-16T09:44:00+05:30,1263.6,1263.6,1263.5,1263.6,109
2025-07-16T09:45:00+05:30,1263.6,1263.9,1263.6,1263.9,624
2025-07-16T09:46:00+05:30,1263.6,1263.6,1263.0,1263.0,698
2025-07-16T09:47:00+05:30,1262.7,1262.9,1262.6,1262.6,2143
2025-07-16T09:48:00+05:30,1262.6,1263.3,1261.0,1261.0,2132
2025-07-16T09:49:00+05:30,1261.0,1261.3,1260.1,1261.0,2135
2025-07-16T09:50:00+05:30,1261.0,1261.3,1261.0,1261.3,897
2025-07-16T09:51:00+05:30,1261.0,1261.3,1260.4,1260.4,347
2025-07-16T09:52:00+05:30,1261.0,1261.0,1260.1,1260.4,1335
2025-07-16T09:53:00+05:30,1260.4,1261.0,1260.4,1260.9,1186
2025-07-16T09:54:00+05:30,1260.9,1261.0,1260.0,1260.0,1585
2025-07-16T09:55:00+05:30,1260.0,1260.4,1260.0,1260.4,1306
2025-07-16T09:56:00+05:30,1260.0,1260.1,1260.0,1260.1,209
2025-07-16T09:57:00+05:30,1260.1,1260.1,1257.1,1258.2,2785
2025-07-16T09:58:00+05:30,1257.5,1258.2,1256.6,1256.6,1301
2025-07-16T09:59:00+05:30,1256.6,1257.7,1256.3,1256.5,5570
2025-07-16T10:00:00+05:30,1256.9,1257.2,1256.5,1256.9,455
2025-07-16T10:01:00+05:30,1256.5,1257.5,1256.4,1257.5,791
2025-07-16T10:02:00+05:30,1257.1,1258.8,1257.1,1258.4,929
2025-07-16T10:03:00+05:30,1258.4,1260.0,1258.4,1259.8,2220
2025-07-16T10:04:00+05:30,1259.1,1259.8,1259.1,1259.3,293
2025-07-16T10:05:00+05:30,1259.3,1259.8,1257.5,1258.1,957
2025-07-16T10:06:00+05:30,1257.6,1258.5,1257.2,1257.9,1710
2025-07-16T10:07:00+05:30,1257.2,1257.8,1257.1,1257.5,623
2025-07-16T10:08:00+05:30,1257.8,1257.8,1257.2,1257.8,263
2025-07-16T10:09:00+05:30,1257.5,1257.8,1257.5,1257.8,102
2025-07-16T10:10:00+05:30,1257.5,1257.8,1257.5,1257.8,677
2025-07-16T10:11:00+05:30,1257.5,1258.0,1257.5,1258.0,231
2025-07-16T10:12:00+05:30,1258.0,1259.6,1257.8,1259.6,329
2025-07-16T10:13:00+05:30,1259.5,1259.7,1258.4,1259.0,1464
2025-07-16T10:14:00+05:30,1258.7,1260.4,1258.4,1259.5,1212
2025-07-16T10:15:00+05:30,1259.5,1260.5,1259.5,1260.0,244
2025-07-16T10:16:00+05:30,1260.0,1260.4,1258.2,1258.2,1892
2025-07-16T10:17:00+05:30,1258.2,1258.8,1258.2,1258.5,530
2025-07-16T10:18:00+05:30,1258.5,1258.7,1258.5,1258.7,183
2025-07-16T10:19:00+05:30,1258.6,1258.7,1258.6,1258.6,678
2025-07-16T10:20:00+05:30,1258.6,1258.7,1258.2,1258.6,722
2025-07-16T10:21:00+05:30,1258.3,1258.6,1257.8,1258.0,1183
2025-07-16T10:22:00+05:30,1258.0,1258.5,1258.0,1258.3,250
2025-07-16T10:23:00+05:30,1258.2,1259.7,1258.1,1258.2,1772
2025-07-16T10:24:00+05:30,1258.2,1258.5,1258.2,1258.4,326
2025-07-16T10:25:00+05:30,1258.2,1258.2,1258.1,1258.1,637
2025-07-16T10:26:00+05:30,1258.1,1258.6,1258.1,1258.1,208
2025-07-16T10:27:00+05:30,1258.5,1259.5,1258.0,1259.1,3248
2025-07-16T10:28:00+05:30,1258.7,1259.1,1258.5,1258.5,132
2025-07-16T10:29:00+05:30,1258.5,1258.8,1258.2,1258.5,2538
2025-07-16T10:30:00+05:30,1258.3,1260.1,1258.3,1259.3,2126
2025-07-16T10:31:00+05:30,1259.2,1259.2,1258.8,1258.8,44
2025-07-16T10:32:00+05:30,1258.8,1259.0,1258.5,1258.6,1042
2025-07-16T10:33:00+05:30,1258.1,1258.6,1258.1,1258.6,37
2025-07-16T10:34:00+05:30,1258.2,1258.5,1258.1,1258.5,578
2025-07-16T10:35:00+05:30,1258.0,1258.5,1258.0,1258.0,34
2025-07-16T10:36:00+05:30,1258.2,1258.4,1258.0,1258.0,22
2025-07-16T10:37:00+05:30,1258.0,1258.4,1258.0,1258.0,384
2025-07-16T10:38:00+05:30,1258.0,1258.4,1258.0,1258.4,159
2025-07-16T10:39:00+05:30,1258.0,1258.0,1257.4,1257.4,1304
2025-07-16T10:40:00+05:30,1257.4,1257.4,1257.2,1257.2,12
2025-07-16T10:41:00+05:30,1257.2,1257.7,1257.2,1257.7,48
2025-07-16T10:42:00+05:30,1257.2,1257.6,1257.2,1257.6,327
2025-07-16T10:43:00+05:30,1257.2,1257.6,1257.0,1257.5,261
2025-07-16T10:44:00+05:30,1257.1,1257.6,1256.6,1257.3,1244
2025-07-16T10:45:00+05:30,1257.5,1260.7,1257.1,1260.1,1503
2025-07-16T10:46:00+05:30,1259.1,1259.5,1258.2,1258.2,1199
2025-07-16T10:47:00+05:30,1258.2,1258.2,1257.9,1258.2,155
2025-07-16T10:48:00+05:30,1258.0,1258.9,1258.0,1258.9,396
2025-07-16T10:49:00+05:30,1258.9,1258.9,1258.0,1258.9,268
2025-07-16T10:50:00+05:30,1258.0,1258.0,1258.0,1258.0,3
2025-07-16T10:51:00+05:30,1258.0,1258.3,1258.0,1258.1,21
2025-07-16T10:52:00+05:30,1258.3,1258.5,1258.3,1258.3,34
2025-07-16T10:53:00+05:30,1258.2,1258.8,1258.0,1258.0,317
2025-07-16T10:54:00+05:30,1258.0,1258.3,1258.0,1258.3,5
2025-07-16T10:55:00+05:30,1257.9,1258.2,1257.6,1257.6,29
2025-07-16T10:56:00+05:30,1257.6,1258.0,1257.6,1258.0,14
2025-07-16T10:57:00+05:30,1257.2,1257.9,1257.2,1257.8,85
2025-07-16T10:58:00+05:30,1257.0,1257.2,1257.0,1257.0,62
2025-07-16T10:59:00+05:30,1256.7,1257.2,1256.7,1257.0,186
2025-07-16T11:00:00+05:30,1257.0,1257.2,1257.0,1257.1,14
2025-07-16T11:01:00+05:30,1257.0,1257.2,1257.0,1257.0,41
2025-07-16T11:02:00+05:30,1257.0,1257.5,1256.4,1256.9,2638
2025-07-16T11:03:00+05:30,1256.4,1256.4,1255.5,1256.0,1369
2025-07-16T11:04:00+05:30,1255.3,1256.5,1255.3,1256.5,1871
2025-07-16T11:05:00+05:30,1256.1,1256.2,1255.7,1255.7,135
2025-07-16T11:06:00+05:30,1255.6,1256.2,1255.6,1255.8,83
2025-07-16T11:07:00+05:30,1255.8,1256.2,1255.6,1256.2,433
2025-07-16T11:08:00+05:30,1256.0,1256.4,1255.5,1255.9,771
2025-07-16T11:09:00+05:30,1256.0,1257.0,1256.0,1256.7,971
2025-07-16T11:10:00+05:30,1256.4,1256.6,1256.4,1256.6,85
2025-07-16T11:11:00+05:30,1256.2,1256.7,1256.2,1256.6,570
2025-07-16T11:12:00+05:30,1256.6,1257.0,1256.6,1257.0,503
2025-07-16T11:13:00+05:30,1257.1,1258.0,1256.9,1257.9,315
2025-07-16T11:14:00+05:30,1257.1,1257.1,1257.0,1257.1,292
2025-07-16T11:15:00+05:30,1257.1,1257.6,1257.1,1257.6,8
2025-07-16T11:16:00+05:30,1257.2,1257.6,1256.0,1256.3,2439
2025-07-16T11:17:00+05:30,1256.0,1256.0,1255.5,1255.5,694
2025-07-16T11:18:00+05:30,1255.5,1257.4,1255.5,1256.3,1925
2025-07-16T11:19:00+05:30,1255.7,1256.2,1253.6,1254.4,3090
2025-07-16T11:20:00+05:30,1254.1,1257.6,1254.1,1257.0,7644
2025-07-16T11:21:00+05:30,1256.7,1257.0,1256.3,1256.3,877
2025-07-16T11:22:00+05:30,1256.3,1260.5,1256.3,1260.4,2729
2025-07-16T11:23:00+05:30,1260.4,1262.2,1260.4,1261.9,3056
2025-07-16T11:24:00+05:30,1261.8,1262.3,1261.1,1261.1,594
2025-07-16T11:25:00+05:30,1261.1,1264.0,1260.7,1263.0,6573
2025-07-16T11:26:00+05:30,1262.6,1263.0,1261.9,1262.4,673
2025-07-16T11:27:00+05:30,1262.1,1262.8,1261.7,1261.8,2645
2025-07-16T11:28:00+05:30,1261.2,1261.7,1261.2,1261.7,47
2025-07-16T11:29:00+05:30,1261.1,1261.1,1260.7,1260.7,30
2025-07-16T11:30:00+05:30,1260.7,1261.1,1260.6,1260.6,9
2025-07-16T11:31:00+05:30,1260.5,1260.9,1260.5,1260.6,156
2025-07-16T11:32:00+05:30,1260.4,1260.4,1260.2,1260.2,180
2025-07-16T11:33:00+05:30,1260.1,1260.4,1259.9,1260.4,38
2025-07-16T11:34:00+05:30,1259.9,1260.6,1259.9,1260.6,3335
2025-07-16T11:35:00+05:30,1260.7,1261.3,1260.7,1260.7,552
2025-07-16T11:36:00+05:30,1260.7,1261.2,1260.7,1261.2,4
2025-07-16T11:37:00+05:30,1260.9,1260.9,1260.6,1260.6,82
2025-07-16T11:38:00+05:30,1260.6,1260.9,1260.6,1260.6,11
2025-07-16T11:39:00+05:30,1260.2,1260.6,1259.8,1260.3,264
2025-07-16T11:40:00+05:30,1260.3,1260.8,1260.3,1260.8,167
2025-07-16T11:41:00+05:30,1260.2,1260.8,1259.2,1260.3,712
2025-07-16T11:42:00+05:30,1260.3,1260.6,1259.6,1260.3,18
2025-07-16T11:43:00+05:30,1259.9,1260.3,1259.3,1259.9,5
2025-07-16T11:44:00+05:30,1259.5,1260.3,1259.5,1260.2,32
2025-07-16T11:45:00+05:30,1259.5,1260.8,1259.5,1259.9,380
2025-07-16T11:46:00+05:30,1259.9,1260.4,1259.7,1260.3,191
2025-07-16T11:47:00+05:30,1260.3,1260.3,1259.8,1260.3,7
2025-07-16T11:48:00+05:30,1259.8,1260.3,1259.7,1259.7,189
2025-07-16T11:49:00+05:30,1259.6,1260.8,1259.6,1260.4,140028
2025-07-16T11:50:00+05:30,1260.8,1263.9,1260.6,1263.9,5774
2025-07-16T11:51:00+05:30,1263.8,1266.3,1263.8,1265.9,12692
2025-07-16T11:52:00+05:30,1265.9,1267.6,1265.3,1267.4,9838
2025-07-16T11:53:00+05:30,1267.1,1267.3,1265.8,1266.6,1436
2025-07-16T11:54:00+05:30,1266.1,1266.6,1265.2,1265.5,2208
2025-07-16T11:55:00+05:30,1265.1,1265.5,1264.0,1264.0,132
2025-07-16T11:56:00+05:30,1263.7,1264.4,1263.1,1263.1,559
2025-07-16T11:57:00+05:30,1263.1,1263.4,1263.1,1263.4,217
2025-07-16T11:58:00+05:30,1262.8,1263.4,1262.3,1263.0,304
2025-07-16T11:59:00+05:30,1262.4,1263.0,1261.7,1262.3,254
2025-07-16T12:00:00+05:30,1262.3,1262.3,1261.7,1261.7,216
2025-07-16T12:01:00+05:30,1261.7,1262.3,1261.7,1262.3,114
2025-07-16T12:02:00+05:30,1261.7,1262.3,1261.7,1262.3,8
2025-07-16T12:03:00+05:30,1261.6,1262.0,1261.0,1262.0,6538
2025-07-16T12:04:00+05:30,1261.4,1262.5,1261.4,1262.5,539
2025-07-16T12:05:00+05:30,1262.4,1264.7,1262.4,1264.7,915
2025-07-16T12:06:00+05:30,1264.4,1264.7,1264.4,1264.5,291
2025-07-16T12:07:00+05:30,1264.5,1264.6,1263.7,1264.3,370
2025-07-16T12:08:00+05:30,1264.3,1264.6,1264.0,1264.0,25
2025-07-16T12:09:00+05:30,1264.0,1264.2,1263.7,1264.2,91
2025-07-16T12:10:00+05:30,1264.0,1264.3,1264.0,1264.2,132
2025-07-16T12:11:00+05:30,1264.0,1264.2,1264.0,1264.0,220
2025-07-16T12:12:00+05:30,1264.0,1264.2,1264.0,1264.2,78
2025-07-16T12:13:00+05:30,1264.0,1264.1,1264.0,1264.1,86
2025-07-16T12:14:00+05:30,1264.0,1264.1,1264.0,1264.1,125
2025-07-16T12:15:00+05:30,1264.0,1264.1,1264.0,1264.1,160
2025-07-16T12:16:00+05:30,1264.0,1264.1,1264.0,1264.0,229
2025-07-16T12:17:00+05:30,1264.0,1264.9,1264.0,1264.9,3724
2025-07-16T12:18:00+05:30,1264.9,1264.9,1264.6,1264.6,41
2025-07-16T12:19:00+05:30,1264.1,1264.6,1264.1,1264.3,326
2025-07-16T12:20:00+05:30,1264.2,1264.9,1264.1,1264.4,140
2025-07-16T12:21:00+05:30,1264.4,1264.9,1264.2,1264.4,68
2025-07-16T12:22:00+05:30,1264.2,1264.4,1264.1,1264.4,288
2025-07-16T12:23:00+05:30,1264.1,1264.4,1264.0,1264.0,701
2025-07-16T12:24:00+05:30,1264.0,1264.1,1264.0,1264.1,19
2025-07-16T12:25:00+05:30,1264.0,1264.9,1264.0,1264.6,666
2025-07-16T12:26:00+05:30,1264.0,1264.6,1264.0,1264.5,21
2025-07-16T12:27:00+05:30,1264.0,1264.5,1264.0,1264.4,29
2025-07-16T12:28:00+05:30,1264.0,1264.4,1264.0,1264.4,4
2025-07-16T12:29:00+05:30,1264.0,1264.4,1264.0,1264.4,4
2025-07-16T12:30:00+05:30,1264.0,1264.3,1264.0,1264.3,44
2025-07-16T12:31:00+05:30,1264.0,1264.3,1264.0,1264.3,3
2025-07-16T12:32:00+05:30,1264.0,1264.3,1264.0,1264.3,78
2025-07-16T12:33:00+05:30,1264.2,1264.3,1263.8,1264.3,143
2025-07-16T12:34:00+05:30,1264.0,1264.3,1264.0,1264.3,62
2025-07-16T12:35:00+05:30,1264.0,1264.3,1264.0,1264.0,54
2025-07-16T12:36:00+05:30,1264.0,1264.2,1264.0,1264.2,42
2025-07-16T12:37:00+05:30,1264.0,1264.8,1264.0,1264.6,673
2025-07-16T12:38:00+05:30,1264.5,1264.5,1264.0,1264.0,59
2025-07-16T12:39:00+05:30,1264.0,1264.3,1264.0,1264.3,29
2025-07-16T12:40:00+05:30,1264.0,1264.4,1264.0,1264.4,151
2025-07-16T12:41:00+05:30,1264.0,1264.4,1264.0,1264.4,53
2025-07-16T12:42:00+05:30,1264.0,1264.4,1264.0,1264.3,80
2025-07-16T12:43:00+05:30,1264.0,1264.2,1264.0,1264.2,78
2025-07-16T12:44:00+05:30,1264.0,1264.2,1264.0,1264.2,82
2025-07-16T12:45:00+05:30,1264.0,1264.2,1264.0,1264.2,96
2025-07-16T12:46:00+05:30,1264.0,1264.4,1264.0,1264.4,162
2025-07-16T12:47:00+05:30,1264.2,1264.6,1264.2,1264.6,149
2025-07-16T12:48:00+05:30,1264.3,1264.5,1264.2,1264.2,16
2025-07-16T12:49:00+05:30,1264.1,1264.4,1264.0,1264.4,11
2025-07-16T12:50:00+05:30,1264.0,1264.4,1264.0,1264.4,20
2025-07-16T12:51:00+05:30,1264.0,1264.4,1264.0,1264.4,8
2025-07-16T12:52:00+05:30,1264.0,1264.5,1264.0,1264.5,443
2025-07-16T12:53:00+05:30,1264.1,1264.5,1264.0,1264.0,223
2025-07-16T12:54:00+05:30,1264.1,1264.6,1264.1,1264.2,289
2025-07-16T12:55:00+05:30,1264.2,1264.6,1263.9,1264.0,2141
2025-07-16T12:56:00+05:30,1264.0,1264.1,1263.0,1264.0,15385
2025-07-16T12:57:00+05:30,1264.0,1264.1,1264.0,1264.1,76
2025-07-16T12:58:00+05:30,1264.1,1264.1,1264.0,1264.1,30
2025-07-16T12:59:00+05:30,1264.0,1264.1,1264.0,1264.0,16
2025-07-16T13:00:00+05:30,1264.0,1264.1,1263.5,1264.1,262
2025-07-16T13:01:00+05:30,1264.0,1264.1,1264.0,1264.1,40
2025-07-16T13:02:00+05:30,1264.0,1264.1,1264.0,1264.1,133
2025-07-16T13:03:00+05:30,1264.0,1264.1,1264.0,1264.1,122
2025-07-16T13:04:00+05:30,1264.0,1264.1,1264.0,1264.1,1526
2025-07-16T13:05:00+05:30,1264.0,1264.1,1263.6,1264.0,70388
2025-07-16T13:06:00+05:30,1264.0,1264.0,1259.9,1261.2,32335
2025-07-16T13:07:00+05:30,1261.4,1261.5,1259.5,1260.3,9456
2025-07-16T13:08:00+05:30,1260.2,1261.1,1260.0,1260.8,1386
2025-07-16T13:09:00+05:30,1260.5,1260.8,1260.0,1260.1,1537
2025-07-16T13:10:00+05:30,1260.0,1260.1,1258.0,1258.2,4057
2025-07-16T13:11:00+05:30,1258.0,1258.2,1257.2,1257.2,8103
2025-07-16T13:12:00+05:30,1257.2,1257.4,1257.1,1257.1,411
2025-07-16T13:13:00+05:30,1257.1,1257.3,1257.1,1257.1,1005
2025-07-16T13:14:00+05:30,1257.3,1260.1,1256.7,1260.1,3452
2025-07-16T13:15:00+05:30,1260.1,1261.0,1259.7,1259.7,202
2025-07-16T13:16:00+05:30,1259.7,1260.4,1259.7,1260.4,578
2025-07-16T13:17:00+05:30,1260.1,1261.2,1260.0,1261.2,918
2025-07-16T13:18:00+05:30,1260.5,1261.0,1260.2,1260.3,222
2025-07-16T13:19:00+05:30,1260.2,1260.3,1260.0,1260.2,350
2025-07-16T13:20:00+05:30,1260.0,1260.2,1260.0,1260.2,193
2025-07-16T13:21:00+05:30,1260.2,1260.2,1260.0,1260.0,458
2025-07-16T13:22:00+05:30,1260.0,1260.2,1260.0,1260.2,585
2025-07-16T13:23:00+05:30,1260.0,1260.2,1260.0,1260.2,218
2025-07-16T13:24:00+05:30,1260.0,1260.2,1260.0,1260.0,326
2025-07-16T13:25:00+05:30,1260.2,1260.2,1259.4,1260.1,725
2025-07-16T13:26:00+05:30,1260.0,1260.1,1260.0,1260.0,464
2025-07-16T13:27:00+05:30,1260.0,1260.1,1260.0,1260.0,309
2025-07-16T13:28:00+05:30,1260.0,1260.2,1260.0,1260.2,86
2025-07-16T13:29:00+05:30,1260.0,1260.5,1260.0,1260.5,299
2025-07-16T13:30:00+05:30,1260.0,1261.2,1260.0,1260.2,137
2025-07-16T13:31:00+05:30,1260.1,1260.7,1260.1,1260.6,65
2025-07-16T13:32:00+05:30,1260.0,1260.5,1260.0,1260.5,14
2025-07-16T13:33:00+05:30,1260.1,1260.5,1260.0,1260.5,14
2025-07-16T13:34:00+05:30,1260.0,1260.5,1260.0,1260.5,3
2025-07-16T13:35:00+05:30,1260.0,1260.5,1260.0,1260.1,28
2025-07-16T13:36:00+05:30,1260.1,1260.2,1260.0,1260.2,7
2025-07-16T13:37:00+05:30,1260.0,1260.5,1260.0,1260.5,59
2025-07-16T13:38:00+05:30,1260.1,1260.5,1260.1,1260.5,15
2025-07-16T13:39:00+05:30,1260.0,1260.9,1260.0,1260.8,325
2025-07-16T13:40:00+05:30,1260.2,1260.8,1260.2,1260.3,143
2025-07-16T13:41:00+05:30,1260.3,1260.8,1260.3,1260.8,38
2025-07-16T13:42:00+05:30,1260.3,1260.8,1260.3,1260.8,65
2025-07-16T13:43:00+05:30,1260.3,1260.8,1260.3,1260.4,88
2025-07-16T13:44:00+05:30,1260.3,1260.8,1260.3,1260.8,10
2025-07-16T13:45:00+05:30,1260.3,1260.8,1260.3,1260.3,16
2025-07-16T13:46:00+05:30,1260.3,1260.8,1260.3,1260.8,16
2025-07-16T13:47:00+05:30,1260.3,1260.8,1260.3,1260.8,10
2025-07-16T13:48:00+05:30,1260.3,1263.4,1259.9,1259.9,62130
2025-07-16T13:49:00+05:30,1259.4,1259.4,1258.9,1259.3,830
2025-07-16T13:50:00+05:30,1258.6,1259.4,1258.6,1259.4,141
2025-07-16T13:51:00+05:30,1259.3,1259.8,1259.3,1259.3,316
2025-07-16T13:52:00+05:30,1258.9,1259.9,1258.9,1259.8,220
2025-07-16T13:53:00+05:30,1259.7,1259.8,1259.1,1259.5,364
2025-07-16T13:54:00+05:30,1259.1,1259.8,1258.7,1259.3,323
2025-07-16T13:55:00+05:30,1258.7,1259.5,1258.7,1259.5,306
2025-07-16T13:56:00+05:30,1258.8,1259.7,1258.8,1259.6,299
2025-07-16T13:57:00+05:30,1259.0,1259.9,1258.8,1259.1,918
2025-07-16T13:58:00+05:30,1258.7,1259.1,1258.7,1258.9,286
2025-07-16T13:59:00+05:30,1258.4,1258.9,1258.4,1258.9,74
2025-07-16T14:00:00+05:30,1258.7,1259.4,1258.7,1259.4,187
2025-07-16T14:01:00+05:30,1258.9,1260.0,1258.9,1260.0,345
2025-07-16T14:02:00+05:30,1260.0,1260.3,1259.1,1259.9,950
2025-07-16T14:03:00+05:30,1259.9,1260.3,1259.9,1260.3,87
2025-07-16T14:04:00+05:30,1260.1,1260.3,1258.7,1258.7,4012
2025-07-16T14:05:00+05:30,1258.8,1259.7,1258.8,1259.7,392
2025-07-16T14:06:00+05:30,1259.5,1260.2,1259.5,1260.2,1806
2025-07-16T14:07:00+05:30,1259.9,1261.1,1259.9,1261.0,447
2025-07-16T14:08:00+05:30,1260.5,1261.0,1260.5,1261.0,18
2025-07-16T14:09:00+05:30,1260.0,1260.7,1258.9,1260.6,620
2025-07-16T14:10:00+05:30,1260.0,1260.6,1260.0,1260.4,127
2025-07-16T14:11:00+05:30,1260.0,1260.9,1260.0,1260.5,103
2025-07-16T14:12:00+05:30,1260.5,1260.9,1260.5,1260.9,4
2025-07-16T14:13:00+05:30,1260.4,1261.2,1260.4,1261.2,87
2025-07-16T14:14:00+05:30,1260.8,1261.2,1260.8,1261.0,35
2025-07-16T14:15:00+05:30,1261.0,1261.9,1260.9,1261.8,268
2025-07-16T14:16:00+05:30,1261.8,1261.8,1261.2,1261.8,166
2025-07-16T14:17:00+05:30,1261.2,1261.8,1261.2,1261.8,89
2025-07-16T14:18:00+05:30,1261.2,1261.8,1260.9,1261.3,180
2025-07-16T14:19:00+05:30,1261.0,1261.8,1260.5,1261.0,2117
2025-07-16T14:20:00+05:30,1261.0,1261.0,1260.6,1261.0,193
2025-07-16T14:21:00+05:30,1260.6,1260.9,1260.5,1260.9,789
2025-07-16T14:22:00+05:30,1260.9,1261.1,1260.3,1261.1,780
2025-07-16T14:23:00+05:30,1260.6,1261.0,1259.6,1260.0,4588
2025-07-16T14:24:00+05:30,1259.5,1260.0,1259.5,1260.0,349
2025-07-16T14:25:00+05:30,1260.0,1260.0,1259.5,1260.0,135
2025-07-16T14:26:00+05:30,1259.8,1260.0,1258.7,1259.7,631
2025-07-16T14:27:00+05:30,1259.7,1260.3,1259.6,1260.3,678
2025-07-16T14:28:00+05:30,1259.9,1260.7,1259.9,1260.7,336
2025-07-16T14:29:00+05:30,1260.9,1261.5,1260.5,1261.3,477
2025-07-16T14:30:00+05:30,1261.3,1261.3,1260.0,1260.9,647
2025-07-16T14:31:00+05:30,1260.9,1260.9,1260.0,1260.5,256
2025-07-16T14:32:00+05:30,1260.5,1260.5,1260.1,1260.5,144
2025-07-16T14:33:00+05:30,1260.5,1260.8,1259.7,1260.0,2612
2025-07-16T14:34:00+05:30,1260.0,1261.1,1259.9,1260.0,10477
2025-07-16T14:35:00+05:30,1260.0,1260.2,1259.9,1260.0,7470
2025-07-16T14:36:00+05:30,1260.0,1262.5,1259.9,1262.4,11646
2025-07-16T14:37:00+05:30,1262.5,1262.7,1261.7,1262.5,1148
2025-07-16T14:38:00+05:30,1262.5,1262.5,1261.9,1262.0,208
2025-07-16T14:39:00+05:30,1262.0,1262.1,1261.3,1261.5,1069
2025-07-16T14:40:00+05:30,1261.5,1261.5,1261.0,1261.4,157
2025-07-16T14:41:00+05:30,1261.4,1262.1,1261.0,1261.0,966
2025-07-16T14:42:00+05:30,1261.0,1261.3,1260.7,1261.3,257
2025-07-16T14:43:00+05:30,1261.3,1261.8,1261.1,1261.5,62
2025-07-16T14:44:00+05:30,1261.2,1262.0,1260.8,1261.6,9871
2025-07-16T14:45:00+05:30,1261.6,1262.3,1261.6,1262.0,2186
2025-07-16T14:46:00+05:30,1261.8,1262.0,1261.8,1262.0,907
2025-07-16T14:47:00+05:30,1262.0,1262.1,1261.8,1262.0,1392
2025-07-16T14:48:00+05:30,1262.0,1262.0,1261.8,1261.8,238
2025-07-16T14:49:00+05:30,1262.0,1262.0,1262.0,1262.0,27
2025-07-16T14:50:00+05:30,1261.9,1261.9,1261.8,1261.9,106
2025-07-16T14:51:00+05:30,1261.9,1261.9,1261.8,1261.8,306
2025-07-16T14:52:00+05:30,1261.9,1261.9,1261.6,1261.9,506
2025-07-16T14:53:00+05:30,1261.8,1261.9,1261.8,1261.9,328
2025-07-16T14:54:00+05:30,1261.9,1261.9,1261.8,1261.9,199
2025-07-16T14:55:00+05:30,1261.8,1262.8,1261.7,1262.6,3211
2025-07-16T14:56:00+05:30,1262.3,1262.9,1261.9,1262.0,14832
2025-07-16T14:57:00+05:30,1262.0,1262.6,1261.9,1262.5,8588
2025-07-16T14:58:00+05:30,1262.5,1262.6,1262.5,1262.6,44
2025-07-16T14:59:00+05:30,1262.6,1263.0,1262.5,1263.0,181
2025-07-16T15:00:00+05:30,1262.5,1263.9,1261.0,1261.8,5292
2025-07-16T15:01:00+05:30,1261.7,1262.5,1260.7,1261.8,15216
2025-07-16T15:02:00+05:30,1261.9,1262.2,1260.9,1261.3,8354
2025-07-16T15:03:00+05:30,1261.3,1261.3,1260.0,1260.0,1397
2025-07-16T15:04:00+05:30,1260.1,1260.1,1260.0,1260.0,1987
2025-07-16T15:05:00+05:30,1260.0,1263.1,1260.0,1262.7,7267
2025-07-16T15:06:00+05:30,1262.7,1262.7,1262.3,1262.4,2863
2025-07-16T15:07:00+05:30,1262.6,1267.4,1262.4,1265.1,16507
2025-07-16T15:08:00+05:30,1265.0,1267.3,1264.9,1267.1,8463
2025-07-16T15:09:00+05:30,1266.7,1267.0,1265.6,1265.9,2759
2025-07-16T15:10:00+05:30,1265.8,1267.4,1265.5,1266.1,8559
2025-07-16T15:11:00+05:30,1266.1,1266.1,1265.6,1265.6,2402
2025-07-16T15:12:00+05:30,1265.9,1265.9,1265.5,1265.7,3544
2025-07-16T15:13:00+05:30,1265.7,1265.7,1265.4,1265.4,4351
2025-07-16T15:14:00+05:30,1265.4,1265.7,1265.0,1265.1,2744
2025-07-16T15:15:00+05:30,1265.6,1265.7,1264.9,1265.2,4209
2025-07-16T15:16:00+05:30,1265.3,1267.7,1265.2,1266.1,13299
2025-07-16T15:17:00+05:30,1266.5,1267.9,1266.1,1267.7,9330
2025-07-16T15:18:00+05:30,1267.9,1267.9,1267.0,1267.0,3851
2025-07-16T15:19:00+05:30,1267.1,1267.1,1267.0,1267.0,9640
2025-07-16T15:20:00+05:30,1267.1,1267.1,1265.8,1265.8,11608
2025-07-16T15:21:00+05:30,1265.8,1266.1,1265.2,1265.5,11834
2025-07-16T15:22:00+05:30,1265.8,1265.8,1264.9,1265.5,9228
2025-07-16T15:23:00+05:30,1265.5,1265.5,1264.4,1264.9,11878
2025-07-16T15:24:00+05:30,1265.0,1265.0,1264.9,1265.0,3377
2025-07-16T15:25:00+05:30,1264.9,1265.0,1264.9,1264.9,4836
2025-07-16T15:26:00+05:30,1265.0,1265.0,1264.7,1264.7,7218
2025-07-16T15:27:00+05:30,1264.8,1265.0,1264.5,1264.8,5309
2025-07-16T15:28:00+05:30,1264.8,1265.0,1262.1,1263.2,9420
2025-07-16T15:29:00+05:30,1263.2,1265.0,1260.4,1261.3,6714
2025-07-15T09:15:00+05:30,1268.3,1271.8,1268.3,1269.0,2685
2025-07-15T09:16:00+05:30,1268.4,1268.4,1262.6,1263.1,9243
2025-07-15T09:17:00+05:30,1263.0,1264.4,1262.3,1264.1,6036
2025-07-15T09:18:00+05:30,1264.0,1264.2,1263.5,1264.0,4376
2025-07-15T09:19:00+05:30,1263.7,1264.8,1263.1,1264.8,2264
2025-07-15T09:20:00+05:30,1264.2,1264.7,1263.4,1263.4,2479
2025-07-15T09:21:00+05:30,1263.7,1264.4,1263.5,1264.0,1271
2025-07-15T09:22:00+05:30,1263.9,1265.0,1262.2,1262.5,8323
2025-07-15T09:23:00+05:30,1262.5,1262.8,1261.2,1261.6,6583
2025-07-15T09:24:00+05:30,1261.6,1264.5,1261.2,1261.9,12375
2025-07-15T09:25:00+05:30,1261.9,1262.7,1261.9,1262.0,3330
2025-07-15T09:26:00+05:30,1261.8,1263.8,1261.4,1263.2,3666
2025-07-15T09:27:00+05:30,1263.2,1264.0,1262.8,1263.5,2878
2025-07-15T09:28:00+05:30,1263.5,1264.5,1262.6,1264.0,4929
2025-07-15T09:29:00+05:30,1264.0,1265.0,1263.7,1264.2,3656
2025-07-15T09:30:00+05:30,1264.2,1265.9,1264.2,1265.2,3282
2025-07-15T09:31:00+05:30,1265.2,1268.0,1265.1,1265.6,6948
2025-07-15T09:32:00+05:30,1265.6,1266.2,1265.0,1265.6,1113
2025-07-15T09:33:00+05:30,1265.6,1266.4,1265.4,1266.3,2712
2025-07-15T09:34:00+05:30,1266.0,1267.4,1265.4,1267.3,1622
2025-07-15T09:35:00+05:30,1267.3,1267.3,1264.6,1265.6,5284
2025-07-15T09:36:00+05:30,1265.2,1266.0,1265.1,1266.0,202
2025-07-15T09:37:00+05:30,1266.0,1268.2,1265.9,1266.5,5963
2025-07-15T09:38:00+05:30,1266.5,1268.3,1266.5,1267.4,3619
2025-07-15T09:39:00+05:30,1267.3,1267.6,1265.6,1265.6,1257
2025-07-15T09:40:00+05:30,1265.6,1266.0,1265.0,1265.9,3638
2025-07-15T09:41:00+05:30,1265.7,1268.4,1265.7,1268.4,2406
2025-07-15T09:42:00+05:30,1268.1,1269.3,1267.3,1269.3,3180
2025-07-15T09:43:00+05:30,1269.2,1269.2,1268.1,1268.9,2120
2025-07-15T09:44:00+05:30,1268.3,1269.2,1267.8,1268.3,3806
2025-07-15T09:45:00+05:30,1267.8,1268.0,1265.8,1265.8,2430
2025-07-15T09:46:00+05:30,1265.8,1266.4,1265.5,1266.3,5223
2025-07-15T09:47:00+05:30,1266.4,1267.2,1266.3,1266.8,1671
2025-07-15T09:48:00+05:30,1266.6,1266.8,1266.0,1266.0,1249
2025-07-15T09:49:00+05:30,1266.0,1266.4,1265.7,1266.2,569
2025-07-15T09:50:00+05:30,1265.7,1265.7,1265.7,1265.7,162
2025-07-15T09:51:00+05:30,1265.8,1266.3,1265.1,1266.0,785
2025-07-15T09:52:00+05:30,1265.8,1266.3,1265.2,1266.1,975
2025-07-15T09:53:00+05:30,1266.1,1266.6,1265.7,1266.6,880
2025-07-15T09:54:00+05:30,1266.7,1267.0,1263.6,1264.7,4263
2025-07-15T09:55:00+05:30,1264.7,1264.7,1262.2,1263.3,8397
2025-07-15T09:56:00+05:30,1263.3,1263.4,1262.9,1263.4,1083
2025-07-15T09:57:00+05:30,1263.3,1264.8,1262.8,1264.4,1898
2025-07-15T09:58:00+05:30,1264.4,1264.5,1263.3,1264.5,505
2025-07-15T09:59:00+05:30,1264.5,1265.6,1264.3,1265.0,1251
2025-07-15T10:00:00+05:30,1265.0,1265.5,1264.3,1265.5,736
2025-07-15T10:01:00+05:30,1265.5,1265.9,1264.5,1265.8,331
2025-07-15T10:02:00+05:30,1265.5,1269.9,1265.5,1269.1,4875
2025-07-15T10:03:00+05:30,1269.1,1269.1,1267.0,1268.4,4235
2025-07-15T10:04:00+05:30,1268.6,1269.5,1268.2,1268.8,1328
2025-07-15T10:05:00+05:30,1268.8,1269.1,1268.5,1268.5,416
2025-07-15T10:06:00+05:30,1268.5,1268.9,1267.9,1268.4,1271
2025-07-15T10:07:00+05:30,1268.4,1269.6,1267.9,1269.3,902
2025-07-15T10:08:00+05:30,1268.4,1269.1,1268.1,1268.8,417
2025-07-15T10:09:00+05:30,1268.8,1268.8,1267.6,1268.0,531
2025-07-15T10:10:00+05:30,1268.0,1268.7,1267.8,1268.5,364
2025-07-15T10:11:00+05:30,1268.5,1269.0,1267.4,1268.6,979
2025-07-15T10:12:00+05:30,1268.6,1268.9,1267.7,1268.2,1024
2025-07-15T10:13:00+05:30,1268.2,1268.2,1267.4,1267.6,412
2025-07-15T10:14:00+05:30,1267.6,1268.9,1267.5,1268.3,1009
2025-07-15T10:15:00+05:30,1268.2,1268.9,1267.8,1268.9,497
2025-07-15T10:16:00+05:30,1268.6,1268.9,1268.4,1268.4,508
2025-07-15T10:17:00+05:30,1268.4,1268.9,1268.0,1268.6,777
2025-07-15T10:18:00+05:30,1268.6,1268.6,1267.3,1268.1,956
2025-07-15T10:19:00+05:30,1268.1,1268.1,1267.0,1267.7,1670
2025-07-15T10:20:00+05:30,1267.7,1267.7,1267.2,1267.2,327
2025-07-15T10:21:00+05:30,1267.2,1267.9,1266.9,1267.2,685
2025-07-15T10:22:00+05:30,1267.2,1267.2,1266.6,1266.6,1562
2025-07-15T10:23:00+05:30,1266.3,1267.2,1266.0,1267.2,1692
2025-07-15T10:24:00+05:30,1267.2,1268.4,1266.6,1268.4,491
2025-07-15T10:25:00+05:30,1268.4,1268.6,1267.5,1267.5,1111
2025-07-15T10:26:00+05:30,1267.5,1268.3,1267.4,1268.1,642
2025-07-15T10:27:00+05:30,1268.1,1268.2,1267.4,1268.0,488
2025-07-15T10:28:00+05:30,1268.0,1268.0,1267.5,1268.0,344
2025-07-15T10:29:00+05:30,1268.0,1268.0,1267.6,1268.0,198
2025-07-15T10:30:00+05:30,1268.0,1268.9,1267.8,1268.8,359
2025-07-15T10:31:00+05:30,1268.8,1269.4,1268.1,1269.0,2018
2025-07-15T10:32:00+05:30,1269.0,1269.6,1268.8,1269.3,753
2025-07-15T10:33:00+05:30,1269.3,1269.8,1268.8,1269.6,981
2025-07-15T10:34:00+05:30,1269.6,1270.2,1269.6,1270.2,996
2025-07-15T10:35:00+05:30,1270.2,1270.2,1269.9,1270.2,306
2025-07-15T10:36:00+05:30,1270.2,1271.4,1269.5,1271.3,3393
2025-07-15T10:37:00+05:30,1270.8,1271.3,1270.4,1271.1,529
2025-07-15T10:38:00+05:30,1271.1,1271.1,1270.4,1270.5,208
2025-07-15T10:39:00+05:30,1270.5,1270.5,1270.0,1270.4,363
2025-07-15T10:40:00+05:30,1270.4,1271.2,1270.1,1271.1,854
2025-07-15T10:41:00+05:30,1271.1,1271.1,1270.9,1271.1,1598
2025-07-15T10:42:00+05:30,1271.1,1271.1,1270.9,1271.1,742
2025-07-15T10:43:00+05:30,1271.1,1271.1,1270.9,1271.1,325
2025-07-15T10:44:00+05:30,1271.1,1271.1,1270.9,1270.9,746
2025-07-15T10:45:00+05:30,1270.9,1272.0,1270.8,1272.0,1062
2025-07-15T10:46:00+05:30,1271.9,1274.1,1271.7,1274.1,4703
2025-07-15T10:47:00+05:30,1274.1,1274.7,1273.7,1274.0,1712
2025-07-15T10:48:00+05:30,1274.0,1274.0,1273.7,1274.0,290
2025-07-15T10:49:00+05:30,1274.0,1274.0,1273.5,1274.0,490
2025-07-15T10:50:00+05:30,1273.8,1274.0,1273.5,1273.6,935
2025-07-15T10:51:00+05:30,1273.6,1274.5,1273.4,1274.2,1117
2025-07-15T10:52:00+05:30,1274.2,1274.8,1274.1,1274.8,1243
2025-07-15T10:53:00+05:30,1274.8,1275.0,1274.1,1274.8,951
2025-07-15T10:54:00+05:30,1274.8,1275.2,1274.7,1274.7,473
2025-07-15T10:55:00+05:30,1274.7,1275.6,1274.7,1275.0,657
2025-07-15T10:56:00+05:30,1275.0,1275.6,1275.0,1275.1,877
2025-07-15T10:57:00+05:30,1275.1,1276.5,1275.1,1276.2,1481
2025-07-15T10:58:00+05:30,1276.2,1276.2,1275.7,1275.8,915
2025-07-15T10:59:00+05:30,1275.8,1275.8,1273.2,1273.2,8194
2025-07-15T11:00:00+05:30,1273.4,1274.5,1272.7,1273.8,7960
2025-07-15T11:01:00+05:30,1273.8,1275.7,1273.8,1275.3,1042
2025-07-15T11:02:00+05:30,1275.3,1276.2,1275.3,1276.2,1684
2025-07-15T11:03:00+05:30,1276.0,1276.6,1276.0,1276.6,1584
2025-07-15T11:04:00+05:30,1276.6,1276.6,1276.4,1276.6,929
2025-07-15T11:05:00+05:30,1276.6,1277.5,1276.5,1277.2,1834
2025-07-15T11:06:00+05:30,1277.2,1278.3,1276.8,1277.0,3044
2025-07-15T11:07:00+05:30,1276.8,1276.8,1276.0,1276.3,1848
2025-07-15T11:08:00+05:30,1276.1,1276.3,1275.6,1275.6,1290
2025-07-15T11:09:00+05:30,1275.6,1276.0,1275.3,1275.3,1637
2025-07-15T11:10:00+05:30,1275.3,1275.3,1275.2,1275.3,1510
2025-07-15T11:11:00+05:30,1275.2,1275.3,1275.2,1275.3,465
2025-07-15T11:12:00+05:30,1275.3,1275.3,1274.4,1274.4,1578
2025-07-15T11:13:00+05:30,1274.6,1274.6,1274.4,1274.6,550
2025-07-15T11:14:00+05:30,1274.6,1274.6,1274.4,1274.4,713
2025-07-15T11:15:00+05:30,1274.4,1274.6,1274.0,1274.2,1657
2025-07-15T11:16:00+05:30,1274.2,1274.4,1273.8,1274.0,1068
2025-07-15T11:17:00+05:30,1274.0,1274.9,1274.0,1274.6,2152
2025-07-15T11:18:00+05:30,1274.6,1274.6,1273.6,1273.9,1535
2025-07-15T11:19:00+05:30,1273.9,1273.9,1273.5,1273.7,561
2025-07-15T11:20:00+05:30,1273.5,1273.7,1273.0,1273.0,1520
2025-07-15T11:21:00+05:30,1273.0,1273.0,1272.9,1273.0,890
2025-07-15T11:22:00+05:30,1273.0,1273.0,1272.9,1273.0,634
2025-07-15T11:23:00+05:30,1273.0,1273.6,1272.9,1273.5,1607
2025-07-15T11:24:00+05:30,1273.5,1274.1,1273.2,1274.0,485
2025-07-15T11:25:00+05:30,1273.9,1274.0,1273.0,1273.2,4565
2025-07-15T11:26:00+05:30,1273.2,1274.8,1273.2,1274.5,2779
2025-07-15T11:27:00+05:30,1274.5,1274.7,1274.2,1274.6,573
2025-07-15T11:28:00+05:30,1274.6,1274.6,1274.1,1274.2,376
2025-07-15T11:29:00+05:30,1274.2,1274.2,1273.6,1273.6,1027
2025-07-15T11:30:00+05:30,1273.6,1273.6,1273.2,1273.5,587
2025-07-15T11:31:00+05:30,1273.5,1275.1,1273.5,1274.6,2775
2025-07-15T11:32:00+05:30,1274.6,1274.8,1274.3,1274.3,788
2025-07-15T11:33:00+05:30,1274.3,1274.7,1274.1,1274.1,1130
2025-07-15T11:34:00+05:30,1274.1,1274.1,1273.7,1273.8,1503
2025-07-15T11:35:00+05:30,1273.8,1273.8,1273.5,1273.6,1041
2025-07-15T11:36:00+05:30,1273.6,1273.6,1273.5,1273.6,691
2025-07-15T11:37:00+05:30,1273.6,1273.6,1273.5,1273.6,244
2025-07-15T11:38:00+05:30,1273.6,1273.6,1273.5,1273.6,406
2025-07-15T11:39:00+05:30,1273.5,1273.8,1273.5,1273.8,1205
2025-07-15T11:40:00+05:30,1273.8,1274.8,1273.6,1274.1,689
2025-07-15T11:41:00+05:30,1274.1,1274.4,1270.9,1271.4,4117
2025-07-15T11:42:00+05:30,1271.4,1273.5,1271.4,1272.8,2481
2025-07-15T11:43:00+05:30,1272.8,1272.8,1271.6,1272.1,1118
2025-07-15T11:44:00+05:30,1272.1,1272.1,1271.7,1272.0,1039
2025-07-15T11:45:00+05:30,1272.0,1272.4,1271.7,1271.9,837
2025-07-15T11:46:00+05:30,1272.0,1272.8,1272.0,1272.7,558
2025-07-15T11:47:00+05:30,1272.7,1272.7,1272.0,1272.2,684
2025-07-15T11:48:00+05:30,1272.2,1272.2,1272.0,1272.1,289
2025-07-15T11:49:00+05:30,1272.1,1272.1,1272.0,1272.1,238
2025-07-15T11:50:00+05:30,1272.1,1272.6,1272.0,1272.3,733
2025-07-15T11:51:00+05:30,1272.3,1272.6,1272.3,1272.6,763
2025-07-15T11:52:00+05:30,1272.6,1272.6,1272.1,1272.2,1193
2025-07-15T11:53:00+05:30,1272.1,1272.3,1272.1,1272.2,406
2025-07-15T11:54:00+05:30,1272.2,1272.2,1272.1,1272.2,409
2025-07-15T11:55:00+05:30,1272.2,1272.2,1272.1,1272.2,319
2025-07-15T11:56:00+05:30,1272.2,1272.9,1272.1,1272.9,1493
2025-07-15T11:57:00+05:30,1272.9,1272.9,1272.4,1272.9,654
2025-07-15T11:58:00+05:30,1272.6,1272.9,1272.6,1272.9,721
2025-07-15T11:59:00+05:30,1272.9,1272.9,1272.6,1272.7,415
2025-07-15T12:00:00+05:30,1272.6,1272.7,1272.5,1272.6,490
2025-07-15T12:01:00+05:30,1272.6,1273.1,1272.3,1272.8,3263
2025-07-15T12:02:00+05:30,1272.8,1272.8,1272.3,1272.4,364
2025-07-15T12:03:00+05:30,1272.4,1272.4,1272.3,1272.3,272
2025-07-15T12:04:00+05:30,1272.3,1272.4,1272.0,1272.1,1052
2025-07-15T12:05:00+05:30,1272.1,1272.8,1272.0,1272.7,1002
2025-07-15T12:06:00+05:30,1272.4,1272.7,1271.5,1271.5,2426
2025-07-15T12:07:00+05:30,1271.5,1272.6,1271.5,1271.9,2329
2025-07-15T12:08:00+05:30,1271.8,1271.9,1271.8,1271.8,694
2025-07-15T12:09:00+05:30,1271.9,1272.3,1271.8,1271.8,1012
2025-07-15T12:10:00+05:30,1271.8,1271.9,1271.8,1271.9,638
2025-07-15T12:11:00+05:30,1271.9,1271.9,1271.8,1271.9,720
2025-07-15T12:12:00+05:30,1271.9,1271.9,1271.8,1271.9,413
2025-07-15T12:13:00+05:30,1271.9,1271.9,1271.8,1271.8,216
2025-07-15T12:14:00+05:30,1271.8,1273.0,1271.3,1271.6,5962
2025-07-15T12:15:00+05:30,1271.6,1271.6,1270.2,1270.3,2217
2025-07-15T12:16:00+05:30,1270.3,1270.3,1269.5,1269.9,1529
2025-07-15T12:17:00+05:30,1269.6,1269.9,1269.5,1269.6,742
2025-07-15T12:18:00+05:30,1269.5,1269.6,1269.5,1269.6,431
2025-07-15T12:19:00+05:30,1269.5,1270.8,1269.5,1270.7,1852
2025-07-15T12:20:00+05:30,1270.5,1270.5,1270.0,1270.0,860
2025-07-15T12:21:00+05:30,1270.0,1270.0,1269.8,1269.9,343
2025-07-15T12:22:00+05:30,1269.9,1269.9,1269.8,1269.9,476
2025-07-15T12:23:00+05:30,1269.8,1270.9,1269.7,1270.8,814
2025-07-15T12:24:00+05:30,1270.5,1271.1,1270.3,1271.1,646
2025-07-15T12:25:00+05:30,1270.8,1271.1,1270.8,1271.1,540
2025-07-15T12:26:00+05:30,1271.1,1271.6,1271.0,1271.6,467
2025-07-15T12:27:00+05:30,1271.2,1272.5,1271.2,1272.4,792
2025-07-15T12:28:00+05:30,1272.1,1272.4,1271.7,1271.7,851
2025-07-15T12:29:00+05:30,1271.7,1271.7,1271.6,1271.7,500
2025-07-15T12:30:00+05:30,1271.7,1271.7,1271.6,1271.6,325
2025-07-15T12:31:00+05:30,1271.6,1272.6,1271.6,1272.0,778
2025-07-15T12:32:00+05:30,1272.0,1272.1,1272.0,1272.1,322
2025-07-15T12:33:00+05:30,1272.1,1273.6,1272.0,1273.5,947
2025-07-15T12:34:00+05:30,1273.5,1274.4,1273.5,1273.6,1551
2025-07-15T12:35:00+05:30,1273.6,1273.8,1271.3,1273.6,6161
2025-07-15T12:36:00+05:30,1273.3,1273.6,1272.8,1272.8,1727
2025-07-15T12:37:00+05:30,1272.8,1273.0,1272.5,1272.5,817
2025-07-15T12:38:00+05:30,1272.5,1272.7,1272.5,1272.5,758
2025-07-15T12:39:00+05:30,1272.5,1272.6,1272.2,1272.3,610
2025-07-15T12:40:00+05:30,1272.3,1272.3,1272.2,1272.2,874
2025-07-15T12:41:00+05:30,1272.2,1272.2,1271.9,1271.9,721
2025-07-15T12:42:00+05:30,1271.9,1272.1,1271.8,1271.8,942
2025-07-15T12:43:00+05:30,1271.8,1272.0,1271.7,1271.8,829
2025-07-15T12:44:00+05:30,1271.7,1271.8,1271.0,1271.3,2389
2025-07-15T12:45:00+05:30,1271.0,1271.3,1271.0,1271.2,952
2025-07-15T12:46:00+05:30,1271.2,1272.2,1270.9,1271.0,4802
2025-07-15T12:47:00+05:30,1271.0,1271.0,1270.6,1270.6,846
2025-07-15T12:48:00+05:30,1270.6,1270.6,1270.0,1270.0,1288
2025-07-15T12:49:00+05:30,1270.0,1270.1,1269.8,1269.8,621
2025-07-15T12:50:00+05:30,1269.8,1269.8,1269.7,1269.8,826
2025-07-15T12:51:00+05:30,1269.7,1269.8,1269.5,1269.5,1173
2025-07-15T12:52:00+05:30,1269.5,1269.7,1269.4,1269.4,949
2025-07-15T12:53:00+05:30,1269.4,1269.4,1269.2,1269.2,1497
2025-07-15T12:54:00+05:30,1269.2,1269.7,1269.2,1269.7,1080
2025-07-15T12:55:00+05:30,1269.2,1269.7,1269.0,1269.0,1357
2025-07-15T12:56:00+05:30,1269.0,1269.1,1268.9,1268.9,735
2025-07-15T12:57:00+05:30,1268.9,1269.0,1268.6,1268.6,1810
2025-07-15T12:58:00+05:30,1268.6,1268.7,1268.6,1268.6,776
2025-07-15T12:59:00+05:30,1268.6,1268.7,1268.6,1268.6,1248
2025-07-15T13:00:00+05:30,1268.6,1268.7,1268.3,1268.4,856
2025-07-15T13:01:00+05:30,1268.4,1268.4,1268.2,1268.2,853
2025-07-15T13:02:00+05:30,1268.2,1268.8,1268.1,1268.3,911
2025-07-15T13:03:00+05:30,1268.3,1269.5,1268.3,1269.3,1084
2025-07-15T13:04:00+05:30,1269.1,1269.3,1268.3,1268.4,764
2025-07-15T13:05:00+05:30,1268.3,1268.4,1268.1,1268.1,983
2025-07-15T13:06:00+05:30,1268.1,1268.2,1268.0,1268.0,734
2025-07-15T13:07:00+05:30,1267.9,1268.8,1267.3,1267.8,2664
2025-07-15T13:08:00+05:30,1267.8,1267.9,1267.7,1267.8,758
2025-07-15T13:09:00+05:30,1267.7,1267.8,1267.3,1267.3,1300
2025-07-15T13:10:00+05:30,1267.3,1268.0,1267.3,1267.8,2575
2025-07-15T13:11:00+05:30,1267.8,1268.5,1267.6,1268.1,1791
2025-07-15T13:12:00+05:30,1268.1,1269.0,1268.1,1268.9,2730
2025-07-15T13:13:00+05:30,1268.5,1269.1,1268.5,1268.8,1050
2025-07-15T13:14:00+05:30,1268.6,1268.8,1268.5,1268.7,847
2025-07-15T13:15:00+05:30,1268.5,1269.3,1268.2,1268.9,1065
2025-07-15T13:16:00+05:30,1269.0,1269.7,1269.0,1269.5,979
2025-07-15T13:17:00+05:30,1269.5,1269.5,1269.1,1269.2,1700
2025-07-15T13:18:00+05:30,1269.1,1269.2,1269.0,1269.0,966
2025-07-15T13:19:00+05:30,1269.1,1270.8,1268.9,1270.1,3103
2025-07-15T13:20:00+05:30,1269.9,1270.1,1269.6,1269.7,1322
2025-07-15T13:21:00+05:30,1269.7,1269.7,1269.5,1269.5,1144
2025-07-15T13:22:00+05:30,1269.5,1270.3,1269.3,1269.7,1906
2025-07-15T13:23:00+05:30,1269.7,1270.4,1269.3,1270.4,1201
2025-07-15T13:24:00+05:30,1269.9,1269.9,1269.2,1269.2,1255
2025-07-15T13:25:00+05:30,1269.2,1269.3,1269.0,1269.1,995
2025-07-15T13:26:00+05:30,1269.1,1269.5,1268.6,1269.5,1255
2025-07-15T13:27:00+05:30,1269.3,1269.5,1268.7,1269.0,919
2025-07-15T13:28:00+05:30,1269.0,1269.2,1268.7,1269.1,1220
2025-07-15T13:29:00+05:30,1268.9,1269.2,1268.7,1268.9,1006
2025-07-15T13:30:00+05:30,1268.9,1269.5,1268.9,1269.0,820
2025-07-15T13:31:00+05:30,1269.0,1269.2,1268.7,1268.7,915
2025-07-15T13:32:00+05:30,1268.7,1268.8,1268.3,1268.3,955
2025-07-15T13:33:00+05:30,1268.3,1268.4,1268.2,1268.2,901
2025-07-15T13:34:00+05:30,1268.2,1268.6,1267.9,1267.9,2393
2025-07-15T13:35:00+05:30,1267.9,1268.3,1267.7,1268.1,1639
2025-07-15T13:36:00+05:30,1268.1,1268.3,1267.4,1268.1,1635
2025-07-15T13:37:00+05:30,1268.0,1269.1,1268.0,1268.8,1176
2025-07-15T13:38:00+05:30,1268.8,1269.3,1268.6,1268.9,752
2025-07-15T13:39:00+05:30,1268.9,1269.6,1268.7,1269.1,961
2025-07-15T13:40:00+05:30,1269.1,1269.4,1269.0,1269.0,941
2025-07-15T13:41:00+05:30,1269.0,1269.8,1268.8,1269.1,937
2025-07-15T13:42:00+05:30,1269.1,1269.2,1269.0,1269.1,751
2025-07-15T13:43:00+05:30,1269.0,1269.3,1268.7,1268.9,953
2025-07-15T13:44:00+05:30,1268.9,1269.6,1268.8,1269.4,1427
2025-07-15T13:45:00+05:30,1269.4,1269.8,1269.1,1269.1,1631
2025-07-15T13:46:00+05:30,1269.1,1269.2,1269.0,1269.0,1059
2025-07-15T13:47:00+05:30,1269.0,1269.9,1269.0,1269.5,1160
2025-07-15T13:48:00+05:30,1269.4,1270.5,1269.3,1269.9,1728
2025-07-15T13:49:00+05:30,1269.9,1270.0,1269.7,1269.7,734
2025-07-15T13:50:00+05:30,1269.7,1269.7,1269.5,1269.5,1050
2025-07-15T13:51:00+05:30,1269.5,1269.7,1269.5,1269.6,967
2025-07-15T13:52:00+05:30,1269.6,1270.0,1269.4,1269.7,1388
2025-07-15T13:53:00+05:30,1269.4,1269.7,1268.9,1268.9,1164
2025-07-15T13:54:00+05:30,1268.9,1270.1,1268.9,1269.3,1070
2025-07-15T13:55:00+05:30,1269.3,1269.9,1268.9,1268.9,1376
2025-07-15T13:56:00+05:30,1268.9,1269.2,1268.8,1268.9,921
2025-07-15T13:57:00+05:30,1268.8,1269.6,1268.8,1269.2,2119
2025-07-15T13:58:00+05:30,1269.2,1269.5,1268.7,1268.9,1213
2025-07-15T13:59:00+05:30,1268.9,1268.9,1268.5,1268.5,915
2025-07-15T14:00:00+05:30,1268.5,1269.2,1268.5,1268.8,1088
2025-07-15T14:01:00+05:30,1268.6,1269.4,1268.4,1268.9,910
2025-07-15T14:02:00+05:30,1268.9,1269.4,1268.7,1268.9,865
2025-07-15T14:03:00+05:30,1268.8,1269.2,1268.6,1268.6,855
2025-07-15T14:04:00+05:30,1268.6,1268.9,1268.0,1268.4,7119
2025-07-15T14:05:00+05:30,1268.4,1268.8,1267.8,1267.8,1839
2025-07-15T14:06:00+05:30,1268.1,1268.2,1267.7,1267.7,1647
2025-07-15T14:07:00+05:30,1267.7,1267.8,1266.1,1266.1,2038
2025-07-15T14:08:00+05:30,1266.1,1267.3,1266.1,1266.4,4753
2025-07-15T14:09:00+05:30,1266.4,1267.2,1266.3,1266.3,2599
2025-07-15T14:10:00+05:30,1266.3,1266.9,1266.3,1266.9,1797
2025-07-15T14:11:00+05:30,1266.5,1267.0,1266.5,1266.9,775
2025-07-15T14:12:00+05:30,1266.5,1266.9,1266.0,1266.1,854
2025-07-15T14:13:00+05:30,1266.0,1266.1,1265.9,1265.9,1233
2025-07-15T14:14:00+05:30,1265.9,1266.0,1265.7,1265.7,1075
2025-07-15T14:15:00+05:30,1265.7,1266.1,1265.5,1265.8,1356
2025-07-15T14:16:00+05:30,1265.7,1266.1,1265.7,1266.0,1365
2025-07-15T14:17:00+05:30,1265.9,1266.0,1265.7,1265.9,2252
2025-07-15T14:18:00+05:30,1265.9,1267.3,1265.9,1266.1,5306
2025-07-15T14:19:00+05:30,1266.1,1266.2,1265.7,1265.7,1442
2025-07-15T14:20:00+05:30,1265.7,1267.2,1265.7,1266.7,4587
2025-07-15T14:21:00+05:30,1266.3,1266.9,1266.3,1266.6,1261
2025-07-15T14:22:00+05:30,1266.4,1266.5,1266.3,1266.3,794
2025-07-15T14:23:00+05:30,1266.2,1266.3,1265.9,1265.9,1131
2025-07-15T14:24:00+05:30,1265.9,1266.0,1265.6,1265.7,892
2025-07-15T14:25:00+05:30,1265.7,1265.7,1265.5,1265.5,800
2025-07-15T14:26:00+05:30,1265.5,1266.0,1265.1,1265.4,2992
2025-07-15T14:27:00+05:30,1265.4,1266.0,1265.4,1265.7,1349
2025-07-15T14:28:00+05:30,1265.7,1266.4,1265.6,1266.0,1549
2025-07-15T14:29:00+05:30,1266.0,1266.1,1265.8,1266.0,902
2025-07-15T14:30:00+05:30,1265.9,1268.4,1265.9,1267.7,2214
2025-07-15T14:31:00+05:30,1268.0,1269.6,1268.0,1268.0,2347
2025-07-15T14:32:00+05:30,1268.0,1269.2,1267.8,1268.7,1433
2025-07-15T14:33:00+05:30,1268.7,1268.7,1268.1,1268.2,1083
2025-07-15T14:34:00+05:30,1268.1,1269.2,1268.1,1268.5,1660
2025-07-15T14:35:00+05:30,1268.3,1268.5,1268.1,1268.1,1148
2025-07-15T14:36:00+05:30,1268.1,1268.2,1267.8,1267.9,844
2025-07-15T14:37:00+05:30,1267.8,1267.9,1267.8,1267.8,1060
2025-07-15T14:38:00+05:30,1267.8,1268.9,1267.8,1268.9,1157
2025-07-15T14:39:00+05:30,1268.4,1268.6,1267.9,1268.1,907
2025-07-15T14:40:00+05:30,1268.0,1269.1,1267.9,1268.3,1922
2025-07-15T14:41:00+05:30,1268.3,1269.0,1267.1,1268.6,4995
2025-07-15T14:42:00+05:30,1268.6,1268.8,1268.0,1268.0,1747
2025-07-15T14:43:00+05:30,1268.0,1269.1,1267.5,1268.2,1614
2025-07-15T14:44:00+05:30,1268.2,1268.4,1267.9,1268.1,1384
2025-07-15T14:45:00+05:30,1268.1,1268.6,1267.7,1268.1,915
2025-07-15T14:46:00+05:30,1268.1,1268.1,1267.9,1267.9,829
2025-07-15T14:47:00+05:30,1267.9,1268.8,1267.9,1268.4,1177
2025-07-15T14:48:00+05:30,1268.4,1268.9,1268.4,1268.7,1022
2025-07-15T14:49:00+05:30,1268.9,1269.3,1268.3,1269.1,3675
2025-07-15T14:50:00+05:30,1268.8,1269.1,1268.4,1268.4,1473
2025-07-15T14:51:00+05:30,1268.4,1268.9,1268.3,1268.3,956
2025-07-15T14:52:00+05:30,1268.3,1268.9,1268.3,1268.9,1170
2025-07-15T14:53:00+05:30,1268.4,1269.4,1268.3,1268.3,1593
2025-07-15T14:54:00+05:30,1268.3,1269.0,1268.3,1268.5,1536
2025-07-15T14:55:00+05:30,1268.5,1269.2,1268.5,1269.0,1436
2025-07-15T14:56:00+05:30,1268.9,1269.4,1268.5,1268.6,1662
2025-07-15T14:57:00+05:30,1268.6,1269.0,1268.5,1268.5,1283
2025-07-15T14:58:00+05:30,1268.5,1268.9,1268.4,1268.4,1092
2025-07-15T14:59:00+05:30,1268.4,1269.1,1268.2,1268.3,1800
2025-07-15T15:00:00+05:30,1268.9,1271.3,1268.5,1269.9,14142
2025-07-15T15:01:00+05:30,1269.9,1270.7,1269.0,1270.0,12125
2025-07-15T15:02:00+05:30,1269.9,1270.0,1269.9,1269.9,3673
2025-07-15T15:03:00+05:30,1269.9,1270.0,1269.9,1270.0,3357
2025-07-15T15:04:00+05:30,1269.9,1270.0,1269.9,1270.0,4909
2025-07-15T15:05:00+05:30,1269.9,1270.0,1269.9,1270.0,4458
2025-07-15T15:06:00+05:30,1269.9,1270.0,1269.8,1270.0,5573
2025-07-15T15:07:00+05:30,1269.9,1270.0,1269.9,1270.0,5466
2025-07-15T15:08:00+05:30,1269.9,1270.0,1269.7,1269.7,7932
2025-07-15T15:09:00+05:30,1269.7,1269.9,1269.7,1269.9,5145
2025-07-15T15:10:00+05:30,1269.8,1271.7,1269.1,1269.5,46932
2025-07-15T15:11:00+05:30,1269.5,1270.0,1269.3,1269.5,11833
2025-07-15T15:12:00+05:30,1269.5,1269.5,1268.8,1269.0,15150
2025-07-15T15:13:00+05:30,1268.9,1269.5,1268.8,1269.5,6997
2025-07-15T15:14:00+05:30,1269.5,1270.4,1269.3,1270.4,6670
2025-07-15T15:15:00+05:30,1270.4,1270.4,1269.1,1269.5,11504
2025-07-15T15:16:00+05:30,1269.1,1270.6,1269.1,1269.9,8482
2025-07-15T15:17:00+05:30,1269.8,1270.2,1269.5,1270.2,4322
2025-07-15T15:18:00+05:30,1269.9,1270.6,1268.9,1270.0,10616
2025-07-15T15:19:00+05:30,1269.8,1271.8,1269.8,1270.7,7878
2025-07-15T15:20:00+05:30,1270.7,1271.8,1270.2,1271.8,7153
2025-07-15T15:21:00+05:30,1271.8,1272.8,1269.2,1269.9,17638
2025-07-15T15:22:00+05:30,1269.9,1272.1,1269.1,1269.9,19748
2025-07-15T15:23:00+05:30,1269.9,1271.3,1269.0,1269.6,16898
2025-07-15T15:24:00+05:30,1269.6,1271.4,1268.6,1271.1,14969
2025-07-15T15:25:00+05:30,1271.1,1272.6,1270.8,1272.3,5671
2025-07-15T15:26:00+05:30,1272.0,1272.2,1270.5,1271.9,8903
2025-07-15T15:27:00+05:30,1271.9,1274.2,1271.2,1273.6,5820
2025-07-15T15:28:00+05:30,1273.6,1274.2,1269.2,1269.8,6684
2025-07-15T15:29:00+05:30,1269.8,1274.1,1269.1,1271.6,551
2025-07-14T09:15:00+05:30,1288.0,1289.3,1281.4,1287.9,32613
2025-07-14T09:16:00+05:30,1288.0,1289.3,1287.3,1287.7,10027
2025-07-14T09:17:00+05:30,1287.8,1288.8,1284.9,1285.5,7569
2025-07-14T09:18:00+05:30,1284.9,1286.0,1283.1,1283.2,9641
2025-07-14T09:19:00+05:30,1283.2,1283.3,1278.9,1280.4,6436
2025-07-14T09:20:00+05:30,1280.4,1280.9,1277.6,1279.2,6065
2025-07-14T09:21:00+05:30,1279.4,1279.7,1278.1,1278.7,3848
2025-07-14T09:22:00+05:30,1278.7,1280.4,1278.6,1279.8,3081
2025-07-14T09:23:00+05:30,1280.0,1281.3,1279.2,1279.2,4078
2025-07-14T09:24:00+05:30,1279.2,1280.5,1277.8,1277.8,5170
2025-07-14T09:25:00+05:30,1278.1,1278.5,1276.5,1277.5,3435
2025-07-14T09:26:00+05:30,1278.2,1278.7,1276.9,1277.9,5233
2025-07-14T09:27:00+05:30,1278.2,1280.2,1276.2,1276.9,5510
2025-07-14T09:28:00+05:30,1276.3,1276.3,1275.0,1276.2,2262
2025-07-14T09:29:00+05:30,1276.2,1278.4,1276.2,1277.7,3620
2025-07-14T09:30:00+05:30,1277.7,1278.2,1277.5,1277.5,2025
2025-07-14T09:31:00+05:30,1277.1,1277.1,1275.3,1276.0,2000
2025-07-14T09:32:00+05:30,1275.4,1277.4,1275.4,1276.7,4318
2025-07-14T09:33:00+05:30,1276.7,1277.2,1276.0,1276.0,3000
2025-07-14T09:34:00+05:30,1276.2,1276.2,1274.9,1275.0,1328
2025-07-14T09:35:00+05:30,1275.4,1275.5,1274.8,1274.9,4250
2025-07-14T09:36:00+05:30,1274.9,1275.0,1274.8,1274.8,2214
2025-07-14T09:37:00+05:30,1274.8,1275.5,1274.7,1275.1,5720
2025-07-14T09:38:00+05:30,1275.0,1275.4,1275.0,1275.4,3562
2025-07-14T09:39:00+05:30,1275.3,1276.0,1274.7,1274.7,5796
2025-07-14T09:40:00+05:30,1274.8,1275.3,1274.1,1274.5,3451
2025-07-14T09:41:00+05:30,1274.1,1276.9,1273.6,1276.2,10583
2025-07-14T09:42:00+05:30,1275.8,1281.9,1275.5,1280.0,7666
2025-07-14T09:43:00+05:30,1280.0,1280.0,1278.6,1279.8,4657
2025-07-14T09:44:00+05:30,1279.0,1279.6,1277.5,1277.6,649
2025-07-14T09:45:00+05:30,1278.1,1278.1,1277.4,1277.7,280
2025-07-14T09:46:00+05:30,1277.5,1277.5,1275.0,1275.0,2406
2025-07-14T09:47:00+05:30,1275.0,1275.3,1274.8,1274.8,361
2025-07-14T09:48:00+05:30,1275.2,1276.4,1274.5,1274.6,5734
2025-07-14T09:49:00+05:30,1275.0,1275.5,1274.4,1274.4,629
2025-07-14T09:50:00+05:30,1274.6,1275.8,1274.2,1275.5,1372
2025-07-14T09:51:00+05:30,1275.5,1276.6,1274.4,1274.7,2363
2025-07-14T09:52:00+05:30,1274.7,1274.9,1274.5,1274.5,1373
2025-07-14T09:53:00+05:30,1274.6,1275.6,1274.6,1275.6,950
2025-07-14T09:54:00+05:30,1275.5,1276.2,1275.3,1275.6,1129
2025-07-14T09:55:00+05:30,1275.6,1275.6,1275.4,1275.4,165
2025-07-14T09:56:00+05:30,1275.4,1275.5,1275.4,1275.4,171
2025-07-14T09:57:00+05:30,1275.4,1275.6,1275.0,1275.4,2692
2025-07-14T09:58:00+05:30,1275.0,1275.2,1275.0,1275.1,338
2025-07-14T09:59:00+05:30,1275.1,1275.4,1275.0,1275.1,1344
2025-07-14T10:00:00+05:30,1275.0,1275.0,1274.2,1274.4,970
2025-07-14T10:01:00+05:30,1274.4,1274.4,1273.7,1273.7,831
2025-07-14T10:02:00+05:30,1273.7,1273.7,1273.1,1273.1,1949
2025-07-14T10:03:00+05:30,1273.1,1273.3,1272.9,1273.2,1108
2025-07-14T10:04:00+05:30,1273.1,1273.1,1272.0,1272.0,1118
2025-07-14T10:05:00+05:30,1271.7,1272.2,1270.7,1272.0,2957
2025-07-14T10:06:00+05:30,1272.2,1272.4,1272.0,1272.2,640
2025-07-14T10:07:00+05:30,1272.0,1272.2,1271.7,1272.0,227
2025-07-14T10:08:00+05:30,1272.2,1273.0,1272.0,1272.3,1263
2025-07-14T10:09:00+05:30,1272.8,1272.8,1271.9,1272.0,883
2025-07-14T10:10:00+05:30,1272.0,1272.3,1271.7,1271.7,411
2025-07-14T10:11:00+05:30,1271.8,1272.1,1271.7,1271.8,86
2025-07-14T10:12:00+05:30,1271.8,1273.5,1271.8,1273.0,4482
2025-07-14T10:13:00+05:30,1273.0,1273.6,1273.0,1273.4,1086
2025-07-14T10:14:00+05:30,1273.0,1273.7,1273.0,1273.7,1430
2025-07-14T10:15:00+05:30,1273.6,1274.0,1272.9,1272.9,1810
2025-07-14T10:16:00+05:30,1272.8,1273.1,1271.8,1271.8,1194
2025-07-14T10:17:00+05:30,1272.2,1273.8,1272.2,1273.1,4546
2025-07-14T10:18:00+05:30,1273.1,1273.2,1272.5,1272.6,1052
2025-07-14T10:19:00+05:30,1272.7,1273.5,1272.6,1272.6,1338
2025-07-14T10:20:00+05:30,1272.5,1273.3,1272.5,1273.0,806
2025-07-14T10:21:00+05:30,1273.0,1273.2,1273.0,1273.2,195
2025-07-14T10:22:00+05:30,1273.2,1274.0,1273.2,1273.9,856
2025-07-14T10:23:00+05:30,1273.4,1275.1,1271.8,1274.6,16595
2025-07-14T10:24:00+05:30,1274.6,1277.6,1274.4,1276.9,2985
2025-07-14T10:25:00+05:30,1277.3,1278.1,1276.9,1277.4,3198
2025-07-14T10:26:00+05:30,1277.3,1278.1,1276.8,1278.0,1144
2025-07-14T10:27:00+05:30,1277.9,1279.9,1277.6,1279.9,1877
2025-07-14T10:28:00+05:30,1279.2,1279.8,1277.7,1277.7,2204
2025-07-14T10:29:00+05:30,1278.4,1278.7,1276.4,1276.5,5832
2025-07-14T10:30:00+05:30,1276.5,1277.3,1275.4,1277.3,2441
2025-07-14T10:31:00+05:30,1276.6,1277.3,1276.2,1276.4,1355
2025-07-14T10:32:00+05:30,1277.0,1278.1,1276.4,1277.4,2019
2025-07-14T10:33:00+05:30,1277.1,1277.1,1276.3,1276.9,822
2025-07-14T10:34:00+05:30,1276.2,1276.3,1275.1,1275.5,1161
2025-07-14T10:35:00+05:30,1276.2,1277.0,1275.4,1276.9,978
2025-07-14T10:36:00+05:30,1276.9,1276.9,1275.7,1276.6,829
2025-07-14T10:37:00+05:30,1276.5,1276.6,1275.9,1276.6,1965
2025-07-14T10:38:00+05:30,1276.6,1278.5,1276.5,1277.9,1829
2025-07-14T10:39:00+05:30,1277.4,1277.9,1276.5,1277.0,1320
2025-07-14T10:40:00+05:30,1277.0,1278.5,1276.5,1278.4,2113
2025-07-14T10:41:00+05:30,1277.9,1279.2,1277.9,1279.2,606
2025-07-14T10:42:00+05:30,1279.2,1281.3,1279.1,1280.0,6138
2025-07-14T10:43:00+05:30,1280.0,1281.1,1279.7,1281.1,1150
2025-07-14T10:44:00+05:30,1280.6,1281.7,1280.5,1281.0,1843
2025-07-14T10:45:00+05:30,1281.1,1282.6,1281.1,1281.8,2536
2025-07-14T10:46:00+05:30,1281.7,1283.3,1281.7,1283.1,2013
2025-07-14T10:47:00+05:30,1283.1,1283.6,1282.6,1283.5,1175
2025-07-14T10:48:00+05:30,1282.7,1283.7,1282.7,1283.6,973
2025-07-14T10:49:00+05:30,1283.0,1283.1,1282.2,1282.8,1898
2025-07-14T10:50:00+05:30,1282.2,1282.9,1282.2,1282.2,968
2025-07-14T10:51:00+05:30,1282.8,1283.5,1282.0,1282.8,2288
2025-07-14T10:52:00+05:30,1283.4,1283.7,1282.6,1283.2,1430
2025-07-14T10:53:00+05:30,1283.0,1283.3,1282.6,1283.3,958
2025-07-14T10:54:00+05:30,1283.4,1283.7,1281.5,1281.5,2547
2025-07-14T10:55:00+05:30,1281.5,1282.4,1281.4,1281.5,1146
2025-07-14T10:56:00+05:30,1281.6,1283.0,1281.6,1282.6,1374
2025-07-14T10:57:00+05:30,1281.8,1282.5,1281.7,1282.4,884
2025-07-14T10:58:00+05:30,1281.7,1282.4,1281.2,1281.4,1017
2025-07-14T10:59:00+05:30,1281.5,1282.7,1281.5,1281.9,1378
2025-07-14T11:00:00+05:30,1281.8,1282.7,1281.8,1282.2,978
2025-07-14T11:01:00+05:30,1282.2,1282.6,1281.9,1282.0,1079
2025-07-14T11:02:00+05:30,1282.0,1282.5,1281.9,1281.9,1065
2025-07-14T11:03:00+05:30,1281.9,1282.1,1279.4,1280.4,3528
2025-07-14T11:04:00+05:30,1280.3,1280.9,1280.3,1280.6,1438
2025-07-14T11:05:00+05:30,1280.0,1281.0,1279.9,1280.9,910
2025-07-14T11:06:00+05:30,1280.1,1280.7,1279.2,1280.4,1681
2025-07-14T11:07:00+05:30,1280.1,1280.2,1279.3,1279.4,907
2025-07-14T11:08:00+05:30,1279.4,1280.1,1279.0,1279.4,989
2025-07-14T11:09:00+05:30,1279.4,1280.1,1279.1,1279.5,1242
2025-07-14T11:10:00+05:30,1280.0,1280.0,1279.1,1279.2,1141
2025-07-14T11:11:00+05:30,1279.0,1280.0,1278.9,1279.2,1244
2025-07-14T11:12:00+05:30,1279.2,1279.8,1278.1,1278.1,1665
2025-07-14T11:13:00+05:30,1278.1,1279.4,1278.1,1278.7,1314
2025-07-14T11:14:00+05:30,1278.6,1279.5,1278.2,1278.5,1809
2025-07-14T11:15:00+05:30,1278.5,1279.1,1278.1,1278.8,1063
2025-07-14T11:16:00+05:30,1278.0,1278.9,1277.8,1278.9,852
2025-07-14T11:17:00+05:30,1278.6,1278.9,1277.8,1278.9,1127
2025-07-14T11:18:00+05:30,1277.9,1279.3,1277.8,1279.3,1467
2025-07-14T11:19:00+05:30,1278.6,1279.5,1278.5,1278.7,987
2025-07-14T11:20:00+05:30,1278.7,1279.7,1278.6,1278.9,856
2025-07-14T11:21:00+05:30,1279.0,1279.5,1277.6,1277.6,1364
2025-07-14T11:22:00+05:30,1277.6,1278.3,1276.9,1278.3,3154
2025-07-14T11:23:00+05:30,1277.9,1277.9,1277.3,1277.3,888
2025-07-14T11:24:00+05:30,1277.3,1278.4,1277.3,1278.2,1144
2025-07-14T11:25:00+05:30,1278.0,1278.4,1277.4,1278.4,846
2025-07-14T11:26:00+05:30,1277.5,1278.4,1277.5,1278.4,755
2025-07-14T11:27:00+05:30,1278.1,1278.4,1277.5,1278.4,1147
2025-07-14T11:28:00+05:30,1277.9,1278.1,1276.6,1276.6,1074
2025-07-14T11:29:00+05:30,1276.6,1277.0,1276.5,1276.8,832
2025-07-14T11:30:00+05:30,1277.4,1277.4,1272.8,1272.8,19171
2025-07-14T11:31:00+05:30,1272.5,1272.9,1271.5,1271.5,2881
2025-07-14T11:32:00+05:30,1271.5,1271.5,1269.5,1270.6,7695
2025-07-14T11:33:00+05:30,1271.0,1271.4,1269.7,1270.0,1993
2025-07-14T11:34:00+05:30,1269.8,1269.8,1269.1,1269.5,1708
2025-07-14T11:35:00+05:30,1269.2,1269.9,1269.1,1269.8,2124
2025-07-14T11:36:00+05:30,1269.2,1269.9,1269.1,1269.5,1440
2025-07-14T11:37:00+05:30,1269.5,1269.6,1268.1,1268.1,930
2025-07-14T11:38:00+05:30,1268.2,1270.2,1267.9,1270.2,3106
2025-07-14T11:39:00+05:30,1270.0,1271.5,1269.8,1269.8,1646
2025-07-14T11:40:00+05:30,1269.8,1270.0,1269.5,1269.6,799
2025-07-14T11:41:00+05:30,1269.0,1269.0,1267.1,1267.5,2798
2025-07-14T11:42:00+05:30,1267.1,1267.9,1266.2,1267.0,6851
2025-07-14T11:43:00+05:30,1267.4,1268.1,1267.1,1268.1,3438
2025-07-14T11:44:00+05:30,1268.1,1268.5,1267.2,1267.2,3188
2025-07-14T11:45:00+05:30,1267.2,1267.6,1266.1,1266.8,3288
2025-07-14T11:46:00+05:30,1266.8,1267.4,1266.7,1267.4,835
2025-07-14T11:47:00+05:30,1267.4,1267.9,1267.0,1267.9,1660
2025-07-14T11:48:00+05:30,1267.9,1268.7,1267.9,1268.6,1418
2025-07-14T11:49:00+05:30,1268.6,1269.2,1267.8,1269.0,3127
2025-07-14T11:50:00+05:30,1268.2,1270.2,1268.2,1270.2,1116
2025-07-14T11:51:00+05:30,1269.8,1271.6,1269.0,1269.5,5163
2025-07-14T11:52:00+05:30,1269.3,1269.7,1269.1,1269.3,164
2025-07-14T11:53:00+05:30,1269.3,1269.3,1268.8,1268.8,71
2025-07-14T11:54:00+05:30,1268.8,1269.3,1268.6,1269.3,143
2025-07-14T11:55:00+05:30,1268.8,1270.0,1268.8,1269.6,2506
2025-07-14T11:56:00+05:30,1269.5,1269.5,1269.0,1269.0,1591
2025-07-14T11:57:00+05:30,1269.0,1269.3,1268.5,1268.5,625
2025-07-14T11:58:00+05:30,1268.5,1269.0,1268.0,1268.0,564
2025-07-14T11:59:00+05:30,1268.0,1269.4,1268.0,1268.6,2146
2025-07-14T12:00:00+05:30,1268.8,1269.3,1267.7,1267.7,564
2025-07-14T12:01:00+05:30,1268.2,1268.2,1267.7,1268.1,87
2025-07-14T12:02:00+05:30,1267.9,1268.1,1267.7,1267.7,960
2025-07-14T12:03:00+05:30,1267.7,1268.1,1267.6,1268.1,113
2025-07-14T12:04:00+05:30,1268.0,1269.1,1267.4,1268.8,4984
2025-07-14T12:05:00+05:30,1268.7,1270.7,1268.7,1270.5,1984
2025-07-14T12:06:00+05:30,1270.6,1270.6,1269.9,1270.6,325
2025-07-14T12:07:00+05:30,1270.6,1270.7,1270.4,1270.4,904
2025-07-14T12:08:00+05:30,1270.4,1271.5,1270.4,1271.5,616
2025-07-14T12:09:00+05:30,1271.9,1272.5,1271.3,1272.2,965
2025-07-14T12:10:00+05:30,1272.5,1272.7,1271.4,1271.9,1590
2025-07-14T12:11:00+05:30,1271.6,1271.9,1271.6,1271.9,203
2025-07-14T12:12:00+05:30,1271.9,1271.9,1271.6,1271.7,620
2025-07-14T12:13:00+05:30,1271.5,1271.9,1271.5,1271.5,2039
2025-07-14T12:14:00+05:30,1271.5,1271.9,1271.0,1271.2,1829
2025-07-14T12:15:00+05:30,1271.2,1271.9,1271.1,1271.8,540
2025-07-14T12:16:00+05:30,1271.8,1271.8,1270.9,1271.5,592
2025-07-14T12:17:00+05:30,1271.5,1271.7,1271.2,1271.6,1671
2025-07-14T12:18:00+05:30,1271.7,1272.3,1271.5,1271.5,705
2025-07-14T12:19:00+05:30,1271.5,1271.6,1270.8,1270.8,434
2025-07-14T12:20:00+05:30,1270.8,1271.2,1270.6,1270.9,1545
2025-07-14T12:21:00+05:30,1270.8,1271.2,1270.7,1270.8,170
2025-07-14T12:22:00+05:30,1271.1,1271.1,1270.8,1270.8,279
2025-07-14T12:23:00+05:30,1271.0,1271.0,1270.8,1270.8,1087
2025-07-14T12:24:00+05:30,1271.0,1271.7,1270.5,1271.1,1387
2025-07-14T12:25:00+05:30,1271.6,1271.6,1270.9,1271.2,142
2025-07-14T12:26:00+05:30,1271.5,1271.5,1271.2,1271.2,124
2025-07-14T12:27:00+05:30,1271.5,1271.5,1270.6,1270.6,711
2025-07-14T12:28:00+05:30,1270.6,1271.0,1270.3,1270.3,236
2025-07-14T12:29:00+05:30,1270.3,1271.0,1270.1,1270.2,2770
2025-07-14T12:30:00+05:30,1270.8,1270.8,1270.0,1270.2,114
2025-07-14T12:31:00+05:30,1270.0,1270.2,1269.4,1269.4,1266
2025-07-14T12:32:00+05:30,1269.2,1270.4,1269.1,1270.0,2399
2025-07-14T12:33:00+05:30,1270.0,1271.1,1270.0,1270.9,956
2025-07-14T12:34:00+05:30,1270.5,1270.9,1270.0,1270.0,191
2025-07-14T12:35:00+05:30,1270.0,1270.5,1269.7,1270.2,229
2025-07-14T12:36:00+05:30,1270.0,1270.2,1270.0,1270.0,1575
2025-07-14T12:37:00+05:30,1270.0,1270.1,1269.7,1270.1,319
2025-07-14T12:38:00+05:30,1269.6,1270.7,1269.2,1270.7,1961
2025-07-14T12:39:00+05:30,1270.7,1272.2,1270.3,1271.9,2338
2025-07-14T12:40:00+05:30,1271.8,1272.2,1271.7,1272.0,369
2025-07-14T12:41:00+05:30,1272.0,1272.3,1272.0,1272.2,1030
2025-07-14T12:42:00+05:30,1272.6,1273.4,1271.4,1273.4,2988
2025-07-14T12:43:00+05:30,1273.6,1273.9,1272.3,1272.7,704
2025-07-14T12:44:00+05:30,1272.7,1273.1,1272.4,1272.4,584
2025-07-14T12:45:00+05:30,1272.4,1273.7,1272.2,1273.7,536
2025-07-14T12:46:00+05:30,1273.2,1273.7,1273.1,1273.6,280
2025-07-14T12:47:00+05:30,1273.6,1274.0,1271.9,1272.1,9159
2025-07-14T12:48:00+05:30,1271.9,1272.1,1271.4,1271.9,187
2025-07-14T12:49:00+05:30,1271.9,1273.2,1271.5,1273.1,1372
2025-07-14T12:50:00+05:30,1273.1,1273.1,1271.7,1272.4,545
2025-07-14T12:51:00+05:30,1271.7,1272.4,1271.7,1272.1,110
2025-07-14T12:52:00+05:30,1272.1,1272.4,1272.1,1272.2,587
2025-07-14T12:53:00+05:30,1272.2,1272.4,1272.1,1272.4,116
2025-07-14T12:54:00+05:30,1272.4,1272.4,1271.8,1271.8,499
2025-07-14T12:55:00+05:30,1272.1,1273.0,1271.7,1272.9,2055
2025-07-14T12:56:00+05:30,1272.6,1272.9,1272.4,1272.4,135
2025-07-14T12:57:00+05:30,1272.4,1272.9,1272.4,1272.6,247
2025-07-14T12:58:00+05:30,1272.6,1272.6,1272.4,1272.6,657
2025-07-14T12:59:00+05:30,1272.6,1272.6,1272.4,1272.6,592
2025-07-14T13:00:00+05:30,1272.4,1272.6,1272.2,1272.2,167
2025-07-14T13:01:00+05:30,1272.6,1272.6,1272.2,1272.6,513
2025-07-14T13:02:00+05:30,1272.2,1273.7,1272.2,1273.7,2061
2025-07-14T13:03:00+05:30,1273.2,1273.8,1272.8,1273.4,682
2025-07-14T13:04:00+05:30,1273.4,1273.4,1272.4,1272.9,311
2025-07-14T13:05:00+05:30,1272.4,1273.4,1272.2,1273.3,1954
2025-07-14T13:06:00+05:30,1272.7,1273.0,1272.6,1272.6,161
2025-07-14T13:07:00+05:30,1272.6,1273.0,1272.4,1272.4,569
2025-07-14T13:08:00+05:30,1272.4,1272.4,1271.1,1271.2,1347
2025-07-14T13:09:00+05:30,1271.5,1271.5,1271.1,1271.5,2104
2025-07-14T13:10:00+05:30,1271.1,1271.5,1271.0,1271.5,675
2025-07-14T13:11:00+05:30,1271.1,1271.5,1271.0,1271.4,213
2025-07-14T13:12:00+05:30,1271.1,1271.4,1271.0,1271.4,1329
2025-07-14T13:13:00+05:30,1271.4,1271.4,1271.1,1271.1,93
2025-07-14T13:14:00+05:30,1271.0,1271.9,1271.0,1271.8,1171
2025-07-14T13:15:00+05:30,1271.2,1271.8,1271.2,1271.6,90
2025-07-14T13:16:00+05:30,1271.3,1271.6,1271.1,1271.6,146
2025-07-14T13:17:00+05:30,1271.2,1271.9,1271.1,1271.1,1385
2025-07-14T13:18:00+05:30,1271.0,1272.4,1270.7,1270.7,2005
2025-07-14T13:19:00+05:30,1270.7,1271.0,1270.7,1270.9,165
2025-07-14T13:20:00+05:30,1270.7,1270.7,1270.0,1270.4,478
2025-07-14T13:21:00+05:30,1270.0,1270.9,1270.0,1270.9,2022
2025-07-14T13:22:00+05:30,1270.9,1270.9,1270.1,1270.5,369
2025-07-14T13:23:00+05:30,1270.5,1271.5,1270.2,1271.3,1808
2025-07-14T13:24:00+05:30,1271.3,1271.8,1271.1,1271.2,618
2025-07-14T13:25:00+05:30,1271.7,1271.7,1271.0,1271.0,647
2025-07-14T13:26:00+05:30,1271.7,1271.7,1270.7,1270.7,975
2025-07-14T13:27:00+05:30,1271.2,1271.2,1270.7,1270.7,380
2025-07-14T13:28:00+05:30,1270.4,1270.8,1269.7,1270.2,1638
2025-07-14T13:29:00+05:30,1269.7,1270.4,1269.5,1269.9,849
2025-07-14T13:30:00+05:30,1270.0,1270.8,1270.0,1270.8,753
2025-07-14T13:31:00+05:30,1270.0,1270.1,1269.5,1269.8,301
2025-07-14T13:32:00+05:30,1269.2,1269.8,1269.1,1269.5,1006
2025-07-14T13:33:00+05:30,1269.5,1270.8,1269.2,1270.4,1763
2025-07-14T13:34:00+05:30,1270.6,1270.6,1270.0,1270.4,754
2025-07-14T13:35:00+05:30,1270.0,1270.4,1270.0,1270.4,620
2025-07-14T13:36:00+05:30,1270.2,1270.7,1270.2,1270.2,574
2025-07-14T13:37:00+05:30,1270.3,1270.3,1269.8,1270.3,760
2025-07-14T13:38:00+05:30,1270.2,1270.3,1269.8,1269.8,214
2025-07-14T13:39:00+05:30,1269.8,1270.2,1269.8,1270.2,148
2025-07-14T13:40:00+05:30,1270.2,1270.2,1269.6,1270.0,321
2025-07-14T13:41:00+05:30,1269.7,1270.6,1269.6,1270.2,1261
2025-07-14T13:42:00+05:30,1270.5,1270.5,1270.0,1270.0,351
2025-07-14T13:43:00+05:30,1270.0,1270.5,1270.0,1270.5,229
2025-07-14T13:44:00+05:30,1270.1,1270.5,1270.0,1270.5,97
2025-07-14T13:45:00+05:30,1270.5,1270.5,1270.2,1270.5,538
2025-07-14T13:46:00+05:30,1270.5,1270.5,1270.2,1270.2,703
2025-07-14T13:47:00+05:30,1270.2,1270.5,1270.0,1270.3,393
2025-07-14T13:48:00+05:30,1270.0,1270.2,1269.2,1269.3,478
2025-07-14T13:49:00+05:30,1269.3,1269.8,1269.1,1269.2,93
2025-07-14T13:50:00+05:30,1269.4,1269.4,1269.3,1269.4,1547
2025-07-14T13:51:00+05:30,1269.4,1269.4,1268.6,1268.6,2176
2025-07-14T13:52:00+05:30,1268.9,1269.3,1268.9,1269.3,253
2025-07-14T13:53:00+05:30,1268.9,1269.3,1268.7,1268.7,98
2025-07-14T13:54:00+05:30,1268.7,1268.7,1268.5,1268.5,695
2025-07-14T13:55:00+05:30,1268.5,1268.7,1268.1,1268.6,578
2025-07-14T13:56:00+05:30,1268.0,1268.4,1267.5,1267.6,1943
2025-07-14T13:57:00+05:30,1267.6,1267.8,1267.1,1267.1,375
2025-07-14T13:58:00+05:30,1267.0,1268.0,1266.6,1267.4,5347
2025-07-14T13:59:00+05:30,1267.4,1267.4,1267.1,1267.2,2560
2025-07-14T14:00:00+05:30,1267.3,1267.7,1267.0,1267.0,1115
2025-07-14T14:01:00+05:30,1266.9,1266.9,1266.9,1266.9,16
2025-07-14T14:02:00+05:30,1266.9,1267.2,1265.7,1266.9,3323
2025-07-14T14:03:00+05:30,1266.9,1267.1,1266.5,1266.8,576
2025-07-14T14:04:00+05:30,1266.8,1267.5,1266.6,1266.7,577
2025-07-14T14:05:00+05:30,1266.6,1267.0,1266.5,1266.5,33
2025-07-14T14:06:00+05:30,1266.5,1267.0,1266.1,1266.8,1793
2025-07-14T14:07:00+05:30,1267.1,1267.8,1265.0,1265.4,5198
2025-07-14T14:08:00+05:30,1265.1,1265.7,1265.0,1265.0,555
2025-07-14T14:09:00+05:30,1265.0,1265.4,1265.0,1265.0,288
2025-07-14T14:10:00+05:30,1265.1,1265.4,1265.0,1265.1,644
2025-07-14T14:11:00+05:30,1265.1,1265.3,1265.0,1265.3,832
2025-07-14T14:12:00+05:30,1265.1,1266.6,1265.1,1265.5,2400
2025-07-14T14:13:00+05:30,1266.0,1266.8,1265.6,1266.0,1273
2025-07-14T14:14:00+05:30,1265.9,1267.0,1265.8,1266.1,1351
2025-07-14T14:15:00+05:30,1265.8,1265.8,1265.5,1265.6,1029
2025-07-14T14:16:00+05:30,1265.5,1266.0,1265.2,1265.2,277
2025-07-14T14:17:00+05:30,1265.2,1265.7,1265.2,1265.6,411
2025-07-14T14:18:00+05:30,1265.5,1265.7,1265.4,1265.7,1631
2025-07-14T14:19:00+05:30,1265.6,1265.6,1265.0,1265.0,1801
2025-07-14T14:20:00+05:30,1265.0,1266.8,1265.0,1265.6,4801
2025-07-14T14:21:00+05:30,1265.6,1266.3,1265.6,1266.0,457
2025-07-14T14:22:00+05:30,1266.0,1266.2,1265.9,1265.9,467
2025-07-14T14:23:00+05:30,1265.9,1266.5,1265.8,1266.5,971
2025-07-14T14:24:00+05:30,1266.7,1268.0,1266.7,1267.4,2505
2025-07-14T14:25:00+05:30,1267.4,1267.7,1267.3,1267.3,803
2025-07-14T14:26:00+05:30,1267.3,1268.1,1267.3,1268.1,936
2025-07-14T14:27:00+05:30,1268.0,1269.3,1268.0,1269.1,357
2025-07-14T14:28:00+05:30,1268.4,1269.0,1268.4,1268.5,9
2025-07-14T14:29:00+05:30,1268.5,1271.3,1268.1,1269.6,4931
2025-07-14T14:30:00+05:30,1269.6,1269.9,1269.0,1269.0,1293
2025-07-14T14:31:00+05:30,1268.7,1269.3,1268.7,1269.3,203
2025-07-14T14:32:00+05:30,1269.3,1269.5,1268.9,1269.4,1629
2025-07-14T14:33:00+05:30,1269.5,1270.3,1269.4,1269.4,1058
2025-07-14T14:34:00+05:30,1268.5,1269.1,1268.5,1268.6,596
2025-07-14T14:35:00+05:30,1268.6,1269.1,1268.5,1268.6,1564
2025-07-14T14:36:00+05:30,1268.2,1268.8,1268.1,1268.1,965
2025-07-14T14:37:00+05:30,1268.1,1268.1,1267.7,1267.8,303
2025-07-14T14:38:00+05:30,1267.8,1269.9,1267.6,1267.6,4488
2025-07-14T14:39:00+05:30,1267.4,1267.7,1267.4,1267.4,62
2025-07-14T14:40:00+05:30,1267.4,1267.8,1267.1,1267.7,2163
2025-07-14T14:41:00+05:30,1267.4,1267.8,1267.1,1267.2,1348
2025-07-14T14:42:00+05:30,1267.8,1267.8,1267.2,1267.2,1159
2025-07-14T14:43:00+05:30,1267.2,1267.6,1267.1,1267.1,1009
2025-07-14T14:44:00+05:30,1267.1,1267.5,1267.1,1267.2,612
2025-07-14T14:45:00+05:30,1267.2,1267.4,1267.1,1267.2,788
2025-07-14T14:46:00+05:30,1267.2,1267.3,1267.2,1267.3,26
2025-07-14T14:47:00+05:30,1267.3,1268.3,1267.3,1267.6,2346
2025-07-14T14:48:00+05:30,1267.6,1267.7,1267.2,1267.5,1527
2025-07-14T14:49:00+05:30,1267.5,1267.6,1267.5,1267.5,325
2025-07-14T14:50:00+05:30,1267.6,1269.0,1267.5,1267.5,4404
2025-07-14T14:51:00+05:30,1267.3,1267.5,1266.2,1266.2,825
2025-07-14T14:52:00+05:30,1266.4,1266.9,1265.5,1266.3,3632
2025-07-14T14:53:00+05:30,1265.8,1267.0,1265.5,1266.2,1667
2025-07-14T14:54:00+05:30,1266.2,1266.2,1265.9,1266.2,2185
2025-07-14T14:55:00+05:30,1266.1,1266.6,1266.0,1266.1,508
2025-07-14T14:56:00+05:30,1266.1,1266.4,1266.1,1266.1,106
2025-07-14T14:57:00+05:30,1266.1,1266.5,1266.0,1266.1,3106
2025-07-14T14:58:00+05:30,1266.0,1267.0,1266.0,1267.0,2041
2025-07-14T14:59:00+05:30,1266.7,1267.2,1266.7,1267.2,1717
2025-07-14T15:00:00+05:30,1267.3,1267.8,1266.7,1267.1,8365
2025-07-14T15:01:00+05:30,1267.2,1267.2,1266.8,1266.9,3214
2025-07-14T15:02:00+05:30,1266.9,1267.9,1266.8,1267.9,8872
2025-07-14T15:03:00+05:30,1267.9,1268.0,1267.5,1267.7,5337
2025-07-14T15:04:00+05:30,1267.8,1269.1,1267.7,1268.6,8233
2025-07-14T15:05:00+05:30,1268.7,1268.7,1268.6,1268.7,4276
2025-07-14T15:06:00+05:30,1268.7,1268.7,1268.6,1268.7,3897
2025-07-14T15:07:00+05:30,1268.7,1268.7,1268.6,1268.7,4258
2025-07-14T15:08:00+05:30,1268.6,1268.7,1268.5,1268.5,4077
2025-07-14T15:09:00+05:30,1268.6,1269.1,1267.7,1268.4,16584
2025-07-14T15:10:00+05:30,1268.3,1268.4,1267.6,1267.6,10126
2025-07-14T15:11:00+05:30,1267.7,1267.7,1267.3,1267.6,4383
2025-07-14T15:12:00+05:30,1267.7,1268.1,1267.6,1268.1,16163
2025-07-14T15:13:00+05:30,1268.4,1268.4,1268.0,1268.0,5087
2025-07-14T15:14:00+05:30,1268.1,1268.1,1267.2,1267.2,6309
2025-07-14T15:15:00+05:30,1267.3,1267.3,1266.0,1266.0,15644
2025-07-14T15:16:00+05:30,1266.2,1266.2,1264.9,1265.2,17693
2025-07-14T15:17:00+05:30,1265.2,1265.4,1264.8,1265.4,4553
2025-07-14T15:18:00+05:30,1265.4,1265.4,1264.8,1264.8,10724
2025-07-14T15:19:00+05:30,1264.9,1266.5,1264.7,1266.0,10600
2025-07-14T15:20:00+05:30,1266.0,1266.0,1264.3,1264.5,12323
2025-07-14T15:21:00+05:30,1264.4,1266.0,1264.4,1265.4,13944
2025-07-14T15:22:00+05:30,1265.5,1266.0,1265.4,1265.8,7372
2025-07-14T15:23:00+05:30,1265.8,1266.1,1265.8,1266.1,7154
2025-07-14T15:24:00+05:30,1266.0,1266.5,1265.8,1266.0,8153
2025-07-14T15:25:00+05:30,1265.9,1266.7,1265.9,1266.7,9225
2025-07-14T15:26:00+05:30,1266.7,1266.9,1266.6,1266.6,6967
2025-07-14T15:27:00+05:30,1266.6,1266.7,1266.1,1266.3,8574
2025-07-14T15:28:00+05:30,1266.1,1266.5,1264.9,1266.2,11229
2025-07-14T15:29:00+05:30,1266.2,1270.9,1265.3,1266.3,3067
2025-07-11T09:15:00+05:30,1283.1,1296.0,1280.8,1286.9,37483
2025-07-11T09:16:00+05:30,1287.3,1292.1,1285.8,1289.0,17626
2025-07-11T09:17:00+05:30,1289.8,1294.0,1287.9,1294.0,9812
2025-07-11T09:18:00+05:30,1294.1,1294.8,1292.1,1293.3,22872
2025-07-11T09:19:00+05:30,1293.8,1295.6,1292.4,1293.6,9457
2025-07-11T09:20:00+05:30,1294.3,1299.0,1293.6,1297.7,16534
2025-07-11T09:21:00+05:30,1298.0,1299.9,1296.4,1296.5,16056
2025-07-11T09:22:00+05:30,1297.0,1297.8,1295.8,1297.2,7055
2025-07-11T09:23:00+05:30,1297.6,1297.8,1295.6,1296.2,9544
2025-07-11T09:24:00+05:30,1296.5,1297.8,1295.6,1296.2,4567
2025-07-11T09:25:00+05:30,1296.2,1299.5,1295.3,1298.7,8314
2025-07-11T09:26:00+05:30,1298.8,1298.8,1297.5,1297.7,6872
2025-07-11T09:27:00+05:30,1298.3,1298.3,1295.3,1296.1,5265
2025-07-11T09:28:00+05:30,1296.7,1298.4,1296.2,1298.4,3294
2025-07-11T09:29:00+05:30,1298.2,1298.4,1297.0,1297.7,4534
2025-07-11T09:30:00+05:30,1297.6,1301.4,1297.1,1299.6,14160
2025-07-11T09:31:00+05:30,1300.2,1301.0,1298.8,1300.0,4744
2025-07-11T09:32:00+05:30,1300.0,1300.1,1299.0,1299.1,4171
2025-07-11T09:33:00+05:30,1299.6,1299.9,1297.0,1297.4,6941
2025-07-11T09:34:00+05:30,1297.4,1298.6,1297.0,1297.8,2372
2025-07-11T09:35:00+05:30,1298.4,1298.9,1297.8,1298.5,1699
2025-07-11T09:36:00+05:30,1298.5,1298.5,1297.3,1297.4,1202
2025-07-11T09:37:00+05:30,1297.9,1297.9,1296.0,1296.8,7373
2025-07-11T09:38:00+05:30,1296.9,1298.3,1296.1,1296.8,5611
2025-07-11T09:39:00+05:30,1297.4,1297.9,1296.7,1297.1,3646
2025-07-11T09:40:00+05:30,1297.5,1298.0,1296.5,1297.9,1049
2025-07-11T09:41:00+05:30,1298.0,1298.4,1296.9,1298.1,3066
2025-07-11T09:42:00+05:30,1298.2,1298.4,1297.3,1297.7,3920
2025-07-11T09:43:00+05:30,1297.7,1298.3,1297.4,1298.2,1414
2025-07-11T09:44:00+05:30,1298.2,1298.4,1297.7,1298.3,3912
2025-07-11T09:45:00+05:30,1298.4,1298.4,1296.1,1296.1,2903
2025-07-11T09:46:00+05:30,1296.5,1296.5,1295.1,1295.7,2853
2025-07-11T09:47:00+05:30,1296.2,1296.8,1295.5,1296.0,1276
2025-07-11T09:48:00+05:30,1296.7,1296.8,1296.0,1296.1,551
2025-07-11T09:49:00+05:30,1296.5,1297.5,1296.2,1297.0,3748
2025-07-11T09:50:00+05:30,1297.3,1297.3,1296.8,1297.2,345
2025-07-11T09:51:00+05:30,1297.2,1297.6,1296.1,1296.1,1803
2025-07-11T09:52:00+05:30,1296.9,1296.9,1295.2,1295.2,2120
2025-07-11T09:53:00+05:30,1295.8,1296.3,1295.1,1295.4,1795
2025-07-11T09:54:00+05:30,1295.9,1297.6,1295.4,1297.2,3087
2025-07-11T09:55:00+05:30,1297.3,1298.3,1297.1,1297.8,2559
2025-07-11T09:56:00+05:30,1298.2,1299.6,1297.9,1298.6,4017
2025-07-11T09:57:00+05:30,1298.9,1299.1,1297.7,1298.6,3976
2025-07-11T09:58:00+05:30,1298.9,1301.6,1298.6,1300.5,7868
2025-07-11T09:59:00+05:30,1300.8,1300.9,1299.7,1300.5,4640
2025-07-11T10:00:00+05:30,1300.7,1300.7,1297.9,1297.9,2562
2025-07-11T10:01:00+05:30,1298.3,1298.5,1296.6,1298.1,984
2025-07-11T10:02:00+05:30,1298.6,1300.5,1298.4,1299.6,1762
2025-07-11T10:03:00+05:30,1300.2,1300.2,1299.6,1299.6,677
2025-07-11T10:04:00+05:30,1299.8,1300.2,1299.5,1300.0,4698
2025-07-11T10:05:00+05:30,1300.1,1300.5,1299.0,1299.0,7078
2025-07-11T10:06:00+05:30,1299.4,1299.8,1298.6,1299.3,3195
2025-07-11T10:07:00+05:30,1299.8,1300.5,1298.2,1300.0,14492
2025-07-11T10:08:00+05:30,1300.5,1300.5,1299.2,1300.0,3390
2025-07-11T10:09:00+05:30,1300.2,1300.5,1300.0,1300.4,2771
2025-07-11T10:10:00+05:30,1300.5,1302.6,1299.8,1301.9,9408
2025-07-11T10:11:00+05:30,1302.1,1303.0,1301.8,1302.8,5111
2025-07-11T10:12:00+05:30,1303.0,1303.0,1302.2,1302.9,1556
2025-07-11T10:13:00+05:30,1302.9,1303.3,1302.4,1302.9,2706
2025-07-11T10:14:00+05:30,1303.0,1304.5,1302.4,1304.5,6360
2025-07-11T10:15:00+05:30,1304.5,1304.9,1302.8,1304.0,12827
2025-07-11T10:16:00+05:30,1304.3,1305.0,1304.0,1305.0,4740
2025-07-11T10:17:00+05:30,1305.0,1306.0,1303.2,1303.2,13034
2025-07-11T10:18:00+05:30,1303.8,1303.8,1302.0,1302.7,3686
2025-07-11T10:19:00+05:30,1302.9,1303.1,1302.0,1302.6,5020
2025-07-11T10:20:00+05:30,1302.6,1302.9,1302.0,1302.1,994
2025-07-11T10:21:00+05:30,1302.3,1302.9,1302.1,1302.4,547
2025-07-11T10:22:00+05:30,1302.6,1303.0,1302.0,1302.0,1864
2025-07-11T10:23:00+05:30,1302.6,1302.6,1301.3,1301.3,1658
2025-07-11T10:24:00+05:30,1301.8,1302.6,1301.0,1302.5,2188
2025-07-11T10:25:00+05:30,1302.6,1302.6,1301.5,1302.0,1696
2025-07-11T10:26:00+05:30,1302.1,1302.7,1301.1,1301.1,1808
2025-07-11T10:27:00+05:30,1301.7,1302.4,1301.0,1302.2,3957
2025-07-11T10:28:00+05:30,1302.4,1303.0,1301.4,1301.4,8166
2025-07-11T10:29:00+05:30,1301.8,1301.9,1300.4,1301.0,3010
2025-07-11T10:30:00+05:30,1301.2,1301.2,1300.0,1300.7,3888
2025-07-11T10:31:00+05:30,1301.1,1301.1,1300.4,1300.5,1329
2025-07-11T10:32:00+05:30,1301.0,1301.2,1300.5,1300.5,2182
2025-07-11T10:33:00+05:30,1301.0,1301.0,1299.6,1301.0,3921
2025-07-11T10:34:00+05:30,1301.0,1301.8,1300.4,1301.8,2776
2025-07-11T10:35:00+05:30,1301.8,1301.8,1301.0,1301.7,1401
2025-07-11T10:36:00+05:30,1301.8,1301.8,1300.2,1300.8,1417
2025-07-11T10:37:00+05:30,1300.8,1300.9,1300.2,1300.2,1429
2025-07-11T10:38:00+05:30,1300.8,1300.8,1299.4,1300.2,2817
2025-07-11T10:39:00+05:30,1300.6,1301.4,1300.2,1301.0,873
2025-07-11T10:40:00+05:30,1301.4,1305.2,1300.9,1304.5,21017
2025-07-11T10:41:00+05:30,1304.4,1304.5,1304.0,1304.3,1772
2025-07-11T10:42:00+05:30,1304.5,1304.5,1304.1,1304.1,1791
2025-07-11T10:43:00+05:30,1304.3,1304.3,1302.8,1303.4,3672
2025-07-11T10:44:00+05:30,1303.4,1304.5,1302.9,1304.0,1412
2025-07-11T10:45:00+05:30,1304.5,1304.5,1304.2,1304.2,3042
2025-07-11T10:46:00+05:30,1304.4,1304.5,1304.0,1304.0,1012
2025-07-11T10:47:00+05:30,1304.2,1304.2,1303.1,1303.4,653
2025-07-11T10:48:00+05:30,1303.8,1304.0,1303.3,1303.9,1057
2025-07-11T10:49:00+05:30,1303.7,1303.7,1302.2,1302.3,568
2025-07-11T10:50:00+05:30,1302.3,1302.3,1300.6,1300.8,1267
2025-07-11T10:51:00+05:30,1301.4,1301.4,1298.1,1298.5,6150
2025-07-11T10:52:00+05:30,1299.0,1299.3,1297.6,1298.7,5580
2025-07-11T10:53:00+05:30,1298.7,1298.7,1298.1,1298.4,1037
2025-07-11T10:54:00+05:30,1298.7,1301.1,1298.4,1300.2,3000
2025-07-11T10:55:00+05:30,1300.2,1300.2,1296.7,1297.0,4323
2025-07-11T10:56:00+05:30,1297.2,1297.8,1296.1,1296.9,6216
2025-07-11T10:57:00+05:30,1296.9,1296.9,1295.0,1296.4,5670
2025-07-11T10:58:00+05:30,1296.4,1297.5,1296.0,1296.4,3264
2025-07-11T10:59:00+05:30,1296.7,1297.6,1296.1,1296.8,2266
2025-07-11T11:00:00+05:30,1297.3,1298.0,1296.6,1297.1,2488
2025-07-11T11:01:00+05:30,1297.1,1297.7,1296.5,1297.7,442
2025-07-11T11:02:00+05:30,1297.7,1297.7,1297.0,1297.1,571
2025-07-11T11:03:00+05:30,1297.1,1298.4,1297.0,1297.6,1784
2025-07-11T11:04:00+05:30,1297.6,1297.6,1296.2,1296.2,588
2025-07-11T11:05:00+05:30,1296.4,1296.8,1296.1,1296.1,336
2025-07-11T11:06:00+05:30,1296.3,1297.0,1296.0,1296.9,2866
2025-07-11T11:07:00+05:30,1296.9,1296.9,1296.0,1296.5,1031
2025-07-11T11:08:00+05:30,1296.5,1296.5,1295.5,1295.5,966
2025-07-11T11:09:00+05:30,1295.6,1296.2,1294.1,1296.0,8181
2025-07-11T11:10:00+05:30,1296.2,1296.2,1294.5,1294.7,1340
2025-07-11T11:11:00+05:30,1295.1,1295.6,1294.5,1295.4,1279
2025-07-11T11:12:00+05:30,1295.4,1296.7,1295.1,1296.0,1007
2025-07-11T11:13:00+05:30,1296.2,1296.7,1295.4,1295.4,813
2025-07-11T11:14:00+05:30,1295.6,1296.1,1295.4,1295.5,286
2025-07-11T11:15:00+05:30,1295.7,1296.0,1295.2,1295.8,414
2025-07-11T11:16:00+05:30,1295.8,1296.7,1295.0,1295.8,1600
2025-07-11T11:17:00+05:30,1295.9,1296.4,1295.5,1295.5,1727
2025-07-11T11:18:00+05:30,1295.6,1296.0,1295.2,1295.2,1266
2025-07-11T11:19:00+05:30,1295.7,1295.9,1295.1,1295.2,1010
2025-07-11T11:20:00+05:30,1295.3,1295.3,1294.1,1294.7,4379
2025-07-11T11:21:00+05:30,1295.0,1295.2,1294.5,1294.7,511
2025-07-11T11:22:00+05:30,1294.7,1295.5,1294.7,1294.8,702
2025-07-11T11:23:00+05:30,1294.8,1295.5,1294.5,1294.6,816
2025-07-11T11:24:00+05:30,1294.6,1295.5,1294.6,1294.9,580
2025-07-11T11:25:00+05:30,1295.0,1295.7,1294.9,1295.0,473
2025-07-11T11:26:00+05:30,1295.6,1295.6,1294.9,1294.9,290
2025-07-11T11:27:00+05:30,1295.4,1295.4,1294.9,1294.9,337
2025-07-11T11:28:00+05:30,1295.0,1295.6,1294.8,1294.9,1607
2025-07-11T11:29:00+05:30,1294.9,1295.4,1294.7,1294.8,555
2025-07-11T11:30:00+05:30,1294.8,1295.5,1294.8,1295.4,247
2025-07-11T11:31:00+05:30,1295.5,1296.9,1295.2,1296.1,2760
2025-07-11T11:32:00+05:30,1296.6,1296.6,1295.4,1295.8,1876
2025-07-11T11:33:00+05:30,1295.9,1296.5,1295.7,1295.8,2203
2025-07-11T11:34:00+05:30,1295.8,1296.5,1295.7,1296.2,249
2025-07-11T11:35:00+05:30,1296.3,1296.9,1295.9,1296.0,748
2025-07-11T11:36:00+05:30,1296.1,1296.1,1295.7,1295.8,1265
2025-07-11T11:37:00+05:30,1295.9,1295.9,1295.0,1295.6,1085
2025-07-11T11:38:00+05:30,1295.4,1295.8,1294.5,1294.5,510
2025-07-11T11:39:00+05:30,1294.8,1294.8,1294.3,1294.6,2024
2025-07-11T11:40:00+05:30,1294.7,1294.9,1294.3,1294.4,410
2025-07-11T11:41:00+05:30,1294.4,1294.8,1293.4,1293.6,2282
2025-07-11T11:42:00+05:30,1294.0,1294.0,1293.1,1293.3,3901
2025-07-11T11:43:00+05:30,1293.5,1293.8,1293.1,1293.1,522
2025-07-11T11:44:00+05:30,1293.2,1293.8,1293.1,1293.1,574
2025-07-11T11:45:00+05:30,1293.2,1293.7,1292.0,1292.2,4556
2025-07-11T11:46:00+05:30,1292.4,1293.0,1292.2,1292.8,1331
2025-07-11T11:47:00+05:30,1292.8,1292.9,1291.9,1292.7,937
2025-07-11T11:48:00+05:30,1292.7,1292.8,1292.1,1292.1,382
2025-07-11T11:49:00+05:30,1292.4,1292.4,1292.1,1292.1,166
2025-07-11T11:50:00+05:30,1292.2,1292.6,1292.1,1292.2,499
2025-07-11T11:51:00+05:30,1292.2,1292.9,1292.0,1292.5,1138
2025-07-11T11:52:00+05:30,1292.6,1292.8,1292.4,1292.4,233
2025-07-11T11:53:00+05:30,1292.5,1292.9,1292.4,1292.5,318
2025-07-11T11:54:00+05:30,1292.9,1292.9,1292.3,1292.3,329
2025-07-11T11:55:00+05:30,1292.4,1292.9,1292.3,1292.6,377
2025-07-11T11:56:00+05:30,1292.5,1292.9,1292.3,1292.4,445
2025-07-11T11:57:00+05:30,1292.3,1292.9,1291.1,1291.2,2587
2025-07-11T11:58:00+05:30,1291.5,1292.2,1291.4,1292.0,453
2025-07-11T11:59:00+05:30,1292.1,1292.5,1291.8,1291.8,1977
2025-07-11T12:00:00+05:30,1292.0,1292.2,1291.5,1291.5,524
2025-07-11T12:01:00+05:30,1291.7,1292.0,1291.5,1291.5,563
2025-07-11T12:02:00+05:30,1292.0,1292.0,1290.7,1290.8,1034
2025-07-11T12:03:00+05:30,1290.9,1291.7,1290.8,1291.6,875
2025-07-11T12:04:00+05:30,1291.8,1291.8,1291.5,1291.5,616
2025-07-11T12:05:00+05:30,1291.7,1292.1,1290.9,1292.0,3826
2025-07-11T12:06:00+05:30,1292.1,1293.4,1291.7,1291.8,2831
2025-07-11T12:07:00+05:30,1291.8,1292.6,1291.4,1291.8,855
2025-07-11T12:08:00+05:30,1291.9,1292.7,1291.8,1292.0,711
2025-07-11T12:09:00+05:30,1292.2,1292.5,1291.5,1292.0,518
2025-07-11T12:10:00+05:30,1292.2,1292.2,1291.8,1291.8,179
2025-07-11T12:11:00+05:30,1291.9,1292.8,1291.8,1292.3,352
2025-07-11T12:12:00+05:30,1292.3,1292.8,1292.0,1292.3,217
2025-07-11T12:13:00+05:30,1292.4,1292.7,1292.0,1292.1,390
2025-07-11T12:14:00+05:30,1292.4,1292.7,1292.1,1292.1,178
2025-07-11T12:15:00+05:30,1292.4,1293.2,1292.3,1292.5,729
2025-07-11T12:16:00+05:30,1292.6,1293.0,1292.5,1292.6,1002
2025-07-11T12:17:00+05:30,1292.7,1293.3,1292.5,1293.1,526
2025-07-11T12:18:00+05:30,1293.1,1294.0,1293.0,1293.0,1354
2025-07-11T12:19:00+05:30,1293.2,1293.9,1293.1,1293.8,1197
2025-07-11T12:20:00+05:30,1293.9,1294.2,1292.5,1293.9,2211
2025-07-11T12:21:00+05:30,1293.9,1293.9,1293.2,1293.4,274
2025-07-11T12:22:00+05:30,1293.3,1294.1,1293.1,1293.4,552
2025-07-11T12:23:00+05:30,1293.7,1293.7,1292.5,1292.6,375
2025-07-11T12:24:00+05:30,1292.7,1292.7,1291.3,1292.2,1699
2025-07-11T12:25:00+05:30,1292.3,1292.4,1292.2,1292.2,577
2025-07-11T12:26:00+05:30,1292.3,1292.3,1292.2,1292.2,207
2025-07-11T12:27:00+05:30,1292.3,1292.3,1291.3,1291.3,550
2025-07-11T12:28:00+05:30,1291.7,1291.9,1291.0,1291.2,529
2025-07-11T12:29:00+05:30,1291.3,1292.0,1291.1,1291.5,295
2025-07-11T12:30:00+05:30,1292.0,1292.0,1291.4,1291.6,534
2025-07-11T12:31:00+05:30,1291.7,1292.8,1291.3,1292.1,919
2025-07-11T12:32:00+05:30,1292.4,1296.0,1291.9,1295.6,12129
2025-07-11T12:33:00+05:30,1295.7,1295.8,1294.8,1294.8,5129
2025-07-11T12:34:00+05:30,1294.9,1297.1,1294.1,1294.1,2776
2025-07-11T12:35:00+05:30,1294.3,1294.3,1293.2,1293.6,347
2025-07-11T12:36:00+05:30,1293.7,1295.1,1293.5,1294.3,626
2025-07-11T12:37:00+05:30,1295.0,1295.4,1294.5,1294.6,668
2025-07-11T12:38:00+05:30,1294.7,1295.0,1294.6,1294.6,897
2025-07-11T12:39:00+05:30,1294.8,1295.2,1294.0,1294.0,692
2025-07-11T12:40:00+05:30,1294.1,1294.7,1294.0,1294.1,271
2025-07-11T12:41:00+05:30,1294.2,1294.9,1293.8,1293.8,566
2025-07-11T12:42:00+05:30,1293.9,1294.2,1293.6,1294.2,258
2025-07-11T12:43:00+05:30,1293.9,1294.4,1293.4,1293.9,920
2025-07-11T12:44:00+05:30,1294.5,1294.8,1294.1,1294.1,490
2025-07-11T12:45:00+05:30,1294.2,1294.7,1294.1,1294.4,421
2025-07-11T12:46:00+05:30,1294.2,1294.2,1293.4,1293.7,823
2025-07-11T12:47:00+05:30,1293.8,1294.0,1293.6,1293.6,241
2025-07-11T12:48:00+05:30,1293.9,1294.1,1292.7,1293.4,1094
2025-07-11T12:49:00+05:30,1293.4,1293.9,1293.3,1293.5,381
2025-07-11T12:50:00+05:30,1293.9,1293.9,1293.2,1293.9,429
2025-07-11T12:51:00+05:30,1293.9,1293.9,1293.6,1293.9,379
2025-07-11T12:52:00+05:30,1293.9,1294.7,1293.7,1293.8,1262
2025-07-11T12:53:00+05:30,1293.8,1295.0,1293.7,1294.4,870
2025-07-11T12:54:00+05:30,1294.8,1295.0,1294.1,1294.2,634
2025-07-11T12:55:00+05:30,1294.3,1295.4,1294.2,1294.5,842
2025-07-11T12:56:00+05:30,1294.6,1295.0,1294.5,1294.7,713
2025-07-11T12:57:00+05:30,1294.7,1295.7,1294.5,1294.9,941
2025-07-11T12:58:00+05:30,1295.2,1295.2,1293.6,1294.0,2616
2025-07-11T12:59:00+05:30,1294.2,1294.4,1293.3,1293.6,1357
2025-07-11T13:00:00+05:30,1294.0,1294.0,1291.2,1291.2,1923
2025-07-11T13:01:00+05:30,1291.7,1291.7,1288.4,1289.9,11193
2025-07-11T13:02:00+05:30,1290.0,1290.0,1289.2,1289.2,1328
2025-07-11T13:03:00+05:30,1289.6,1289.6,1288.7,1288.8,883
2025-07-11T13:04:00+05:30,1289.4,1289.4,1287.5,1287.8,1611
2025-07-11T13:05:00+05:30,1288.0,1288.5,1287.3,1287.9,2686
2025-07-11T13:06:00+05:30,1288.5,1288.5,1287.5,1287.8,1645
2025-07-11T13:07:00+05:30,1288.3,1288.3,1287.1,1287.3,966
2025-07-11T13:08:00+05:30,1287.8,1287.9,1286.6,1286.9,1923
2025-07-11T13:09:00+05:30,1287.2,1287.4,1285.7,1286.5,2016
2025-07-11T13:10:00+05:30,1286.5,1286.5,1285.3,1285.3,1824
2025-07-11T13:11:00+05:30,1285.9,1285.9,1285.2,1285.3,1343
2025-07-11T13:12:00+05:30,1285.7,1285.8,1285.3,1285.3,1024
2025-07-11T13:13:00+05:30,1285.5,1285.6,1283.5,1284.4,4121
2025-07-11T13:14:00+05:30,1284.8,1285.0,1284.5,1284.7,1539
2025-07-11T13:15:00+05:30,1284.9,1285.7,1284.5,1284.6,2136
2025-07-11T13:16:00+05:30,1284.6,1284.8,1284.0,1284.1,985
2025-07-11T13:17:00+05:30,1284.1,1284.3,1283.3,1284.1,1445
2025-07-11T13:18:00+05:30,1284.1,1284.6,1283.7,1284.1,923
2025-07-11T13:19:00+05:30,1284.4,1284.4,1283.6,1283.6,693
2025-07-11T13:20:00+05:30,1283.9,1284.0,1281.6,1281.7,2701
2025-07-11T13:21:00+05:30,1281.9,1281.9,1280.0,1280.7,2881
2025-07-11T13:22:00+05:30,1280.9,1283.5,1280.9,1283.2,2142
2025-07-11T13:23:00+05:30,1283.3,1285.0,1282.4,1284.5,6077
2025-07-11T13:24:00+05:30,1284.6,1285.2,1284.5,1284.5,2059
2025-07-11T13:25:00+05:30,1284.6,1285.2,1283.9,1284.7,2349
2025-07-11T13:26:00+05:30,1284.9,1285.2,1284.0,1284.5,748
2025-07-11T13:27:00+05:30,1284.8,1284.9,1284.0,1284.2,884
2025-07-11T13:28:00+05:30,1284.7,1284.7,1283.8,1283.8,701
2025-07-11T13:29:00+05:30,1283.9,1284.0,1283.3,1283.5,714
2025-07-11T13:30:00+05:30,1283.8,1285.1,1283.2,1284.5,2304
2025-07-11T13:31:00+05:30,1284.7,1284.7,1283.9,1284.0,917
2025-07-11T13:32:00+05:30,1284.1,1284.1,1283.1,1283.6,1002
2025-07-11T13:33:00+05:30,1283.9,1285.1,1283.6,1285.0,977
2025-07-11T13:34:00+05:30,1285.0,1285.0,1284.0,1284.5,967
2025-07-11T13:35:00+05:30,1284.6,1284.9,1284.1,1284.3,547
2025-07-11T13:36:00+05:30,1284.8,1284.8,1284.1,1284.1,792
2025-07-11T13:37:00+05:30,1284.2,1284.8,1284.1,1284.8,579
2025-07-11T13:38:00+05:30,1284.8,1284.8,1284.2,1284.4,729
2025-07-11T13:39:00+05:30,1284.8,1284.9,1284.1,1284.1,1615
2025-07-11T13:40:00+05:30,1284.2,1284.2,1283.3,1283.4,980
2025-07-11T13:41:00+05:30,1283.4,1284.1,1283.4,1283.4,807
2025-07-11T13:42:00+05:30,1283.9,1284.0,1283.4,1283.4,656
2025-07-11T13:43:00+05:30,1283.4,1284.0,1283.4,1283.5,708
2025-07-11T13:44:00+05:30,1283.7,1284.0,1283.2,1283.2,884
2025-07-11T13:45:00+05:30,1283.2,1283.9,1283.0,1283.0,676
2025-07-11T13:46:00+05:30,1283.2,1283.7,1282.7,1283.2,1547
2025-07-11T13:47:00+05:30,1283.6,1284.7,1282.9,1283.9,2823
2025-07-11T13:48:00+05:30,1284.4,1284.5,1283.8,1284.4,1144
2025-07-11T13:49:00+05:30,1284.9,1285.0,1283.0,1283.0,1391
2025-07-11T13:50:00+05:30,1283.7,1284.2,1283.3,1283.3,660
2025-07-11T13:51:00+05:30,1283.7,1283.8,1282.9,1283.2,787
2025-07-11T13:52:00+05:30,1283.6,1285.0,1283.1,1283.3,1623
2025-07-11T13:53:00+05:30,1283.4,1283.6,1283.0,1283.1,1617
2025-07-11T13:54:00+05:30,1283.1,1284.8,1283.0,1284.0,1434
2025-07-11T13:55:00+05:30,1284.4,1284.4,1283.2,1283.2,860
2025-07-11T13:56:00+05:30,1283.5,1284.1,1282.9,1283.4,1444
2025-07-11T13:57:00+05:30,1283.4,1283.7,1282.4,1282.4,843
2025-07-11T13:58:00+05:30,1282.8,1283.6,1282.3,1283.5,1377
2025-07-11T13:59:00+05:30,1283.8,1283.8,1282.7,1283.4,577
2025-07-11T14:00:00+05:30,1283.4,1284.4,1283.1,1283.6,822
2025-07-11T14:01:00+05:30,1283.7,1285.3,1283.6,1284.5,2109
2025-07-11T14:02:00+05:30,1284.5,1285.2,1284.5,1284.5,736
2025-07-11T14:03:00+05:30,1284.6,1285.5,1284.6,1284.6,682
2025-07-11T14:04:00+05:30,1285.0,1285.7,1284.8,1285.6,791
2025-07-11T14:05:00+05:30,1286.0,1286.0,1284.4,1284.5,1415
2025-07-11T14:06:00+05:30,1284.6,1285.1,1284.5,1284.6,701
2025-07-11T14:07:00+05:30,1284.9,1285.0,1284.5,1284.5,748
2025-07-11T14:08:00+05:30,1284.7,1285.1,1284.3,1284.3,609
2025-07-11T14:09:00+05:30,1284.3,1284.8,1284.0,1284.1,938
2025-07-11T14:10:00+05:30,1284.2,1285.2,1284.2,1284.6,1057
2025-07-11T14:11:00+05:30,1284.6,1286.9,1284.6,1285.8,2352
2025-07-11T14:12:00+05:30,1286.4,1287.0,1285.8,1286.6,699
2025-07-11T14:13:00+05:30,1286.6,1287.0,1285.4,1285.6,1830
2025-07-11T14:14:00+05:30,1285.8,1286.1,1285.5,1285.5,831
2025-07-11T14:15:00+05:30,1286.0,1286.0,1285.4,1285.5,609
2025-07-11T14:16:00+05:30,1286.0,1286.0,1285.2,1285.6,622
2025-07-11T14:17:00+05:30,1285.6,1286.6,1285.5,1286.6,685
2025-07-11T14:18:00+05:30,1286.6,1287.1,1285.8,1286.8,884
2025-07-11T14:19:00+05:30,1286.8,1286.8,1284.9,1285.2,2990
2025-07-11T14:20:00+05:30,1285.8,1286.6,1285.1,1286.2,1192
2025-07-11T14:21:00+05:30,1285.9,1286.3,1285.8,1285.8,766
2025-07-11T14:22:00+05:30,1285.8,1286.3,1285.2,1285.3,697
2025-07-11T14:23:00+05:30,1285.3,1285.9,1285.2,1285.5,821
2025-07-11T14:24:00+05:30,1285.7,1288.5,1285.7,1288.3,4526
2025-07-11T14:25:00+05:30,1288.2,1288.4,1287.5,1287.5,1129
2025-07-11T14:26:00+05:30,1287.7,1287.7,1287.0,1287.0,696
2025-07-11T14:27:00+05:30,1287.4,1287.4,1285.8,1286.0,895
2025-07-11T14:28:00+05:30,1286.6,1286.7,1285.7,1286.2,723
2025-07-11T14:29:00+05:30,1286.0,1286.5,1285.9,1285.9,923
2025-07-11T14:30:00+05:30,1286.3,1286.9,1285.9,1286.4,1216
2025-07-11T14:31:00+05:30,1286.9,1287.7,1286.4,1287.2,567
2025-07-11T14:32:00+05:30,1287.5,1287.5,1286.6,1286.7,985
2025-07-11T14:33:00+05:30,1287.1,1287.3,1286.4,1286.7,902
2025-07-11T14:34:00+05:30,1287.1,1287.6,1287.0,1287.1,1370
2025-07-11T14:35:00+05:30,1287.1,1288.0,1286.5,1287.9,1558
2025-07-11T14:36:00+05:30,1288.0,1288.8,1287.8,1288.2,2056
2025-07-11T14:37:00+05:30,1288.6,1288.6,1287.8,1288.0,572
2025-07-11T14:38:00+05:30,1288.2,1288.6,1287.1,1287.6,1107
2025-07-11T14:39:00+05:30,1287.6,1288.0,1287.6,1287.8,2542
2025-07-11T14:40:00+05:30,1287.9,1288.6,1287.9,1288.0,1305
2025-07-11T14:41:00+05:30,1288.4,1288.4,1287.8,1288.0,608
2025-07-11T14:42:00+05:30,1288.0,1288.2,1287.1,1287.4,1263
2025-07-11T14:43:00+05:30,1287.6,1288.0,1287.1,1287.6,789
2025-07-11T14:44:00+05:30,1287.8,1288.5,1287.6,1287.9,1307
2025-07-11T14:45:00+05:30,1288.2,1288.4,1287.2,1287.3,930
2025-07-11T14:46:00+05:30,1287.7,1287.7,1287.5,1287.5,868
2025-07-11T14:47:00+05:30,1287.6,1288.1,1287.5,1287.5,1043
2025-07-11T14:48:00+05:30,1287.7,1287.8,1286.8,1287.0,998
2025-07-11T14:49:00+05:30,1286.9,1287.5,1286.0,1286.0,1896
2025-07-11T14:50:00+05:30,1286.0,1287.5,1286.0,1286.7,2022
2025-07-11T14:51:00+05:30,1286.7,1287.4,1286.2,1286.3,1028
2025-07-11T14:52:00+05:30,1286.5,1287.1,1286.0,1286.0,812
2025-07-11T14:53:00+05:30,1286.5,1287.0,1286.1,1286.2,645
2025-07-11T14:54:00+05:30,1286.1,1286.9,1286.1,1286.7,1184
2025-07-11T14:55:00+05:30,1286.7,1286.7,1285.7,1286.3,2583
2025-07-11T14:56:00+05:30,1286.3,1287.2,1285.8,1286.4,1627
2025-07-11T14:57:00+05:30,1285.8,1286.4,1285.3,1285.4,1407
2025-07-11T14:58:00+05:30,1285.9,1286.5,1285.3,1285.4,1346
2025-07-11T14:59:00+05:30,1285.7,1286.0,1285.3,1285.7,1025
2025-07-11T15:00:00+05:30,1285.7,1286.1,1285.0,1285.7,4895
2025-07-11T15:01:00+05:30,1285.8,1286.1,1284.3,1285.1,4888
2025-07-11T15:02:00+05:30,1285.6,1285.7,1284.6,1285.1,4311
2025-07-11T15:03:00+05:30,1285.1,1285.5,1285.1,1285.2,4239
2025-07-11T15:04:00+05:30,1285.2,1285.4,1285.0,1285.1,3273
2025-07-11T15:05:00+05:30,1285.2,1285.3,1285.1,1285.1,2310
2025-07-11T15:06:00+05:30,1285.1,1285.7,1285.1,1285.5,5403
2025-07-11T15:07:00+05:30,1285.7,1285.7,1285.1,1285.1,2819
2025-07-11T15:08:00+05:30,1285.1,1285.2,1284.6,1284.8,2336
2025-07-11T15:09:00+05:30,1284.8,1285.2,1284.8,1285.2,5160
2025-07-11T15:10:00+05:30,1285.2,1285.2,1284.1,1284.5,4928
2025-07-11T15:11:00+05:30,1284.4,1284.5,1283.7,1284.0,3412
2025-07-11T15:12:00+05:30,1283.7,1284.0,1283.3,1283.4,4659
2025-07-11T15:13:00+05:30,1283.4,1285.0,1283.4,1284.7,9247
2025-07-11T15:14:00+05:30,1284.7,1285.4,1284.2,1284.8,7308
2025-07-11T15:15:00+05:30,1284.8,1285.1,1283.8,1284.9,3293
2025-07-11T15:16:00+05:30,1284.8,1284.9,1284.1,1284.6,3708
2025-07-11T15:17:00+05:30,1284.5,1284.8,1284.0,1284.8,4605
2025-07-11T15:18:00+05:30,1284.7,1286.0,1283.4,1285.7,13648
2025-07-11T15:19:00+05:30,1285.7,1285.7,1284.9,1285.1,3962
2025-07-11T15:20:00+05:30,1285.1,1286.7,1285.0,1285.8,11629
2025-07-11T15:21:00+05:30,1285.7,1285.7,1284.5,1285.0,3625
2025-07-11T15:22:00+05:30,1284.9,1285.2,1284.2,1285.2,5351
2025-07-11T15:23:00+05:30,1285.0,1285.2,1284.7,1285.0,3546
2025-07-11T15:24:00+05:30,1285.0,1285.1,1284.4,1284.7,4167
2025-07-11T15:25:00+05:30,1284.8,1286.0,1284.7,1286.0,5150
2025-07-11T15:26:00+05:30,1285.9,1285.9,1285.2,1285.3,3745
2025-07-11T15:27:00+05:30,1285.3,1286.0,1284.6,1285.5,5534
2025-07-11T15:28:00+05:30,1285.5,1286.3,1284.1,1286.3,5679
2025-07-11T15:29:00+05:30,1286.3,1288.5,1285.0,1288.2,2234
