timestamp,open,high,low,close,volume
2025-07-18T09:15:00+05:30,2771.0,2774.0,2760.7,2760.9,1657
2025-07-18T09:16:00+05:30,2760.2,2760.2,2757.2,2758.0,577
2025-07-18T09:17:00+05:30,2759.0,2759.3,2758.0,2758.4,253
2025-07-18T09:18:00+05:30,2758.4,2763.7,2758.4,2761.3,284
2025-07-18T09:19:00+05:30,2761.0,2761.0,2758.4,2759.0,748
2025-07-18T09:20:00+05:30,2758.8,2760.4,2758.1,2758.1,376
2025-07-18T09:21:00+05:30,2758.0,2758.0,2754.0,2754.8,671
2025-07-18T09:22:00+05:30,2755.0,2756.3,2754.0,2754.0,1446
2025-07-18T09:23:00+05:30,2754.4,2756.4,2754.0,2754.1,968
2025-07-18T09:24:00+05:30,2754.6,2756.8,2751.4,2755.5,5953
2025-07-18T09:25:00+05:30,2755.3,2758.8,2755.1,2755.6,4388
2025-07-18T09:26:00+05:30,2755.8,2757.3,2753.9,2755.0,832
2025-07-18T09:27:00+05:30,2754.8,2759.1,2754.2,2755.2,3331
2025-07-18T09:28:00+05:30,2755.2,2756.4,2751.3,2751.7,3354
2025-07-18T09:29:00+05:30,2752.5,2754.1,2751.0,2752.8,520
2025-07-18T09:30:00+05:30,2752.6,2754.8,2752.0,2753.5,1060
2025-07-18T09:31:00+05:30,2753.5,2757.1,2752.8,2757.1,3676
2025-07-18T09:32:00+05:30,2756.1,2757.4,2752.6,2752.6,1147
2025-07-18T09:33:00+05:30,2752.0,2752.6,2751.5,2751.5,351
2025-07-18T09:34:00+05:30,2751.5,2751.6,2748.2,2748.5,2636
2025-07-18T09:35:00+05:30,2749.7,2751.8,2747.2,2751.0,417
2025-07-18T09:36:00+05:30,2752.1,2753.8,2751.5,2752.4,1730
2025-07-18T09:37:00+05:30,2752.1,2754.5,2751.9,2753.5,351
2025-07-18T09:38:00+05:30,2753.5,2756.1,2752.4,2756.0,691
2025-07-18T09:39:00+05:30,2755.1,2756.0,2753.5,2754.6,1137
2025-07-18T09:40:00+05:30,2755.5,2759.8,2754.6,2756.2,4734
2025-07-18T09:41:00+05:30,2756.2,2757.2,2754.4,2755.1,435
2025-07-18T09:42:00+05:30,2755.1,2756.4,2753.0,2753.0,303
2025-07-18T09:43:00+05:30,2753.0,2753.8,2751.0,2751.4,1683
2025-07-18T09:44:00+05:30,2751.2,2751.8,2750.0,2750.0,2000
2025-07-18T09:45:00+05:30,2750.0,2751.7,2750.0,2751.2,1297
2025-07-18T09:46:00+05:30,2751.0,2753.6,2750.1,2752.2,1053
2025-07-18T09:47:00+05:30,2753.3,2755.4,2753.3,2755.0,749
2025-07-18T09:48:00+05:30,2755.0,2755.0,2752.0,2752.0,1380
2025-07-18T09:49:00+05:30,2752.0,2752.3,2750.1,2750.5,2592
2025-07-18T09:50:00+05:30,2751.2,2754.0,2751.0,2753.3,218
2025-07-18T09:51:00+05:30,2752.4,2753.4,2751.7,2751.8,949
2025-07-18T09:52:00+05:30,2751.8,2753.9,2751.5,2753.9,272
2025-07-18T09:53:00+05:30,2753.9,2754.4,2751.9,2752.2,248
2025-07-18T09:54:00+05:30,2752.5,2752.5,2750.0,2750.7,1476
2025-07-18T09:55:00+05:30,2750.7,2752.2,2750.7,2750.8,209
2025-07-18T09:56:00+05:30,2752.0,2752.1,2750.2,2750.4,282
2025-07-18T09:57:00+05:30,2750.2,2751.8,2747.5,2748.2,29162
2025-07-18T09:58:00+05:30,2747.9,2750.0,2746.2,2747.1,16076
2025-07-18T09:59:00+05:30,2747.5,2749.4,2746.0,2748.1,2062
2025-07-18T10:00:00+05:30,2748.2,2750.7,2748.2,2748.9,1521
2025-07-18T10:01:00+05:30,2748.9,2749.4,2748.4,2748.4,17
2025-07-18T10:02:00+05:30,2748.5,2748.5,2747.0,2747.3,972
2025-07-18T10:03:00+05:30,2747.1,2748.5,2746.5,2746.6,795
2025-07-18T10:04:00+05:30,2746.5,2747.6,2746.0,2746.2,849
2025-07-18T10:05:00+05:30,2746.8,2747.5,2746.2,2747.5,951
2025-07-18T10:06:00+05:30,2747.5,2747.5,2745.1,2745.1,1514
2025-07-18T10:07:00+05:30,2745.0,2746.4,2744.9,2745.8,846
2025-07-18T10:08:00+05:30,2745.9,2749.3,2745.8,2747.1,1043
2025-07-18T10:09:00+05:30,2747.2,2747.9,2746.4,2747.4,543
2025-07-18T10:10:00+05:30,2747.4,2748.0,2745.1,2745.1,1477
2025-07-18T10:11:00+05:30,2745.0,2746.5,2744.9,2745.9,638
2025-07-18T10:12:00+05:30,2745.9,2747.1,2745.7,2745.7,430
2025-07-18T10:13:00+05:30,2745.8,2746.3,2744.3,2744.4,1559
2025-07-18T10:14:00+05:30,2745.0,2745.9,2744.2,2744.5,205
2025-07-18T10:15:00+05:30,2744.5,2744.7,2740.0,2740.3,5216
2025-07-18T10:16:00+05:30,2740.0,2740.3,2737.2,2737.8,4465
2025-07-18T10:17:00+05:30,2737.8,2737.8,2735.6,2736.1,961
2025-07-18T10:18:00+05:30,2735.2,2736.1,2731.5,2732.1,3135
2025-07-18T10:19:00+05:30,2732.2,2736.9,2732.1,2734.6,2785
2025-07-18T10:20:00+05:30,2734.6,2735.8,2731.0,2731.3,1750
2025-07-18T10:21:00+05:30,2731.2,2734.2,2730.0,2732.0,3597
2025-07-18T10:22:00+05:30,2732.4,2734.0,2730.0,2730.8,3642
2025-07-18T10:23:00+05:30,2730.8,2734.3,2730.4,2732.9,1347
2025-07-18T10:24:00+05:30,2734.3,2734.3,2732.1,2733.3,1238
2025-07-18T10:25:00+05:30,2733.3,2735.8,2732.8,2733.9,792
2025-07-18T10:26:00+05:30,2734.1,2735.8,2733.4,2733.4,2416
2025-07-18T10:27:00+05:30,2733.4,2734.8,2732.8,2734.1,766
2025-07-18T10:28:00+05:30,2733.3,2733.5,2730.4,2730.8,813
2025-07-18T10:29:00+05:30,2730.8,2732.8,2730.2,2730.2,1032
2025-07-18T10:30:00+05:30,2730.2,2730.2,2727.0,2728.9,2974
2025-07-18T10:31:00+05:30,2728.9,2733.8,2728.8,2733.7,1903
2025-07-18T10:32:00+05:30,2732.0,2734.6,2731.1,2733.9,1103
2025-07-18T10:33:00+05:30,2735.1,2735.8,2732.7,2732.9,651
2025-07-18T10:34:00+05:30,2733.0,2735.6,2732.9,2733.2,1714
2025-07-18T10:35:00+05:30,2734.6,2735.1,2733.1,2733.9,366
2025-07-18T10:36:00+05:30,2733.8,2735.4,2733.2,2734.8,393
2025-07-18T10:37:00+05:30,2735.0,2737.9,2735.0,2736.1,916
2025-07-18T10:38:00+05:30,2736.5,2738.0,2736.0,2736.0,570
2025-07-18T10:39:00+05:30,2736.0,2737.0,2734.0,2734.0,926
2025-07-18T10:40:00+05:30,2735.0,2735.0,2731.1,2731.1,489
2025-07-18T10:41:00+05:30,2731.2,2732.3,2730.0,2730.0,1093
2025-07-18T10:42:00+05:30,2730.0,2732.8,2729.1,2731.0,820
2025-07-18T10:43:00+05:30,2731.0,2734.2,2730.7,2731.2,1245
2025-07-18T10:44:00+05:30,2731.2,2732.2,2728.3,2729.6,1404
2025-07-18T10:45:00+05:30,2729.6,2731.5,2728.9,2729.7,1452
2025-07-18T10:46:00+05:30,2730.8,2732.5,2730.0,2730.5,596
2025-07-18T10:47:00+05:30,2730.8,2732.5,2730.1,2730.6,951
2025-07-18T10:48:00+05:30,2731.4,2734.9,2731.4,2733.1,675
2025-07-18T10:49:00+05:30,2733.1,2734.3,2732.1,2732.1,878
2025-07-18T10:50:00+05:30,2732.1,2734.4,2732.1,2732.1,730
2025-07-18T10:51:00+05:30,2732.1,2733.8,2732.1,2732.2,489
2025-07-18T10:52:00+05:30,2732.2,2733.9,2732.1,2733.3,538
2025-07-18T10:53:00+05:30,2733.9,2734.3,2732.1,2732.5,449
2025-07-18T10:54:00+05:30,2733.9,2734.5,2732.1,2733.4,376
2025-07-18T10:55:00+05:30,2733.4,2735.2,2733.0,2733.0,627
2025-07-18T10:56:00+05:30,2733.0,2734.8,2732.5,2732.5,501
2025-07-18T10:57:00+05:30,2733.9,2734.7,2732.1,2732.1,1038
2025-07-18T10:58:00+05:30,2732.1,2733.3,2732.1,2732.1,488
2025-07-18T10:59:00+05:30,2732.1,2734.9,2732.1,2732.8,625
2025-07-18T11:00:00+05:30,2732.6,2734.3,2729.1,2729.9,2643
2025-07-18T11:01:00+05:30,2729.9,2732.1,2729.6,2730.1,414
2025-07-18T11:02:00+05:30,2730.1,2733.9,2729.1,2732.3,492
2025-07-18T11:03:00+05:30,2733.4,2735.0,2732.8,2733.2,357
2025-07-18T11:04:00+05:30,2733.2,2735.1,2733.2,2734.1,458
2025-07-18T11:05:00+05:30,2734.1,2738.8,2733.3,2736.8,863
2025-07-18T11:06:00+05:30,2736.9,2738.7,2735.8,2736.4,550
2025-07-18T11:07:00+05:30,2736.4,2738.4,2735.9,2736.5,746
2025-07-18T11:08:00+05:30,2736.5,2737.8,2735.5,2736.5,955
2025-07-18T11:09:00+05:30,2737.6,2738.7,2736.3,2736.3,422
2025-07-18T11:10:00+05:30,2737.1,2737.8,2736.3,2736.3,479
2025-07-18T11:11:00+05:30,2736.3,2737.4,2735.0,2735.2,800
2025-07-18T11:12:00+05:30,2735.1,2737.4,2735.0,2736.4,447
2025-07-18T11:13:00+05:30,2736.7,2737.6,2734.9,2734.9,664
2025-07-18T11:14:00+05:30,2734.9,2736.5,2734.1,2735.2,371
2025-07-18T11:15:00+05:30,2735.2,2738.5,2735.2,2737.8,364
2025-07-18T11:16:00+05:30,2737.8,2739.1,2736.5,2739.0,522
2025-07-18T11:17:00+05:30,2738.0,2739.3,2737.5,2737.6,462
2025-07-18T11:18:00+05:30,2737.7,2739.1,2737.5,2737.6,354
2025-07-18T11:19:00+05:30,2737.6,2739.4,2737.3,2739.1,407
2025-07-18T11:20:00+05:30,2739.1,2739.3,2737.5,2738.6,481
2025-07-18T11:21:00+05:30,2737.5,2738.7,2737.0,2737.0,584
2025-07-18T11:22:00+05:30,2737.0,2737.8,2734.6,2735.2,2991
2025-07-18T11:23:00+05:30,2735.2,2736.4,2733.4,2735.2,420
2025-07-18T11:24:00+05:30,2735.9,2736.5,2734.1,2736.5,648
2025-07-18T11:25:00+05:30,2736.5,2737.8,2735.5,2737.8,402
2025-07-18T11:26:00+05:30,2737.8,2738.3,2737.0,2737.0,425
2025-07-18T11:27:00+05:30,2736.2,2737.8,2735.7,2735.9,515
2025-07-18T11:28:00+05:30,2736.2,2737.2,2735.0,2735.4,396
2025-07-18T11:29:00+05:30,2735.7,2737.2,2734.8,2734.8,470
2025-07-18T11:30:00+05:30,2734.8,2735.2,2733.0,2734.3,699
2025-07-18T11:31:00+05:30,2734.3,2736.1,2732.1,2732.1,1389
2025-07-18T11:32:00+05:30,2732.1,2733.0,2728.2,2728.8,2249
2025-07-18T11:33:00+05:30,2728.9,2731.0,2728.1,2728.1,1323
2025-07-18T11:34:00+05:30,2728.1,2730.0,2728.0,2729.8,426
2025-07-18T11:35:00+05:30,2729.0,2730.2,2728.0,2728.9,746
2025-07-18T11:36:00+05:30,2728.7,2731.0,2728.1,2730.2,899
2025-07-18T11:37:00+05:30,2730.6,2731.0,2729.5,2731.0,896
2025-07-18T11:38:00+05:30,2731.0,2731.0,2729.6,2730.6,1007
2025-07-18T11:39:00+05:30,2730.0,2730.6,2728.0,2729.8,1484
2025-07-18T11:40:00+05:30,2729.6,2730.2,2725.0,2725.0,4025
2025-07-18T11:41:00+05:30,2725.0,2726.4,2725.0,2725.9,504
2025-07-18T11:42:00+05:30,2725.1,2725.3,2723.3,2724.1,2057
2025-07-18T11:43:00+05:30,2724.0,2724.9,2723.1,2723.2,1052
2025-07-18T11:44:00+05:30,2723.1,2723.9,2717.3,2717.9,6197
2025-07-18T11:45:00+05:30,2718.6,2722.1,2717.7,2721.4,2334
2025-07-18T11:46:00+05:30,2721.4,2723.4,2721.4,2723.0,1094
2025-07-18T11:47:00+05:30,2721.7,2723.7,2721.5,2723.7,289
2025-07-18T11:48:00+05:30,2723.7,2725.0,2722.3,2724.4,625
2025-07-18T11:49:00+05:30,2724.4,2726.0,2722.4,2725.5,703
2025-07-18T11:50:00+05:30,2725.2,2726.1,2724.1,2725.1,607
2025-07-18T11:51:00+05:30,2725.1,2725.9,2723.9,2724.2,511
2025-07-18T11:52:00+05:30,2724.5,2727.7,2724.5,2727.7,1215
2025-07-18T11:53:00+05:30,2727.3,2727.8,2725.1,2726.0,832
2025-07-18T11:54:00+05:30,2726.0,2727.0,2726.0,2726.0,801
2025-07-18T11:55:00+05:30,2726.0,2727.7,2725.1,2725.1,1079
2025-07-18T11:56:00+05:30,2725.1,2726.5,2724.5,2725.9,879
2025-07-18T11:57:00+05:30,2726.2,2726.2,2724.0,2724.1,486
2025-07-18T11:58:00+05:30,2725.1,2726.3,2724.1,2724.7,559
2025-07-18T11:59:00+05:30,2724.1,2725.3,2724.0,2724.2,551
2025-07-18T12:00:00+05:30,2725.1,2725.2,2719.4,2719.9,6441
2025-07-18T12:01:00+05:30,2719.9,2720.8,2719.4,2719.6,1517
2025-07-18T12:02:00+05:30,2719.6,2720.0,2719.0,2719.9,672
2025-07-18T12:03:00+05:30,2720.0,2720.0,2718.6,2720.0,908
2025-07-18T12:04:00+05:30,2718.9,2720.7,2718.7,2719.3,1882
2025-07-18T12:05:00+05:30,2720.0,2720.9,2719.0,2720.0,3160
2025-07-18T12:06:00+05:30,2720.0,2720.6,2718.5,2718.5,675
2025-07-18T12:07:00+05:30,2718.5,2720.1,2718.5,2720.0,1175
2025-07-18T12:08:00+05:30,2719.8,2720.2,2718.6,2719.0,691
2025-07-18T12:09:00+05:30,2719.0,2720.3,2719.0,2719.6,1255
2025-07-18T12:10:00+05:30,2719.6,2720.3,2719.6,2720.3,1372
2025-07-18T12:11:00+05:30,2720.0,2720.5,2719.6,2719.6,1926
2025-07-18T12:12:00+05:30,2719.6,2720.0,2717.5,2719.5,2919
2025-07-18T12:13:00+05:30,2718.1,2719.8,2718.1,2718.6,720
2025-07-18T12:14:00+05:30,2718.6,2720.0,2718.1,2719.6,787
2025-07-18T12:15:00+05:30,2719.6,2720.0,2718.2,2718.6,479
2025-07-18T12:16:00+05:30,2718.8,2719.9,2718.2,2718.8,1027
2025-07-18T12:17:00+05:30,2718.4,2719.2,2718.0,2718.0,914
2025-07-18T12:18:00+05:30,2718.0,2719.2,2716.5,2719.2,2025
2025-07-18T12:19:00+05:30,2717.7,2721.0,2717.7,2720.1,10249
2025-07-18T12:20:00+05:30,2720.1,2720.9,2719.2,2720.0,5641
2025-07-18T12:21:00+05:30,2720.0,2725.2,2719.8,2722.6,9920
2025-07-18T12:22:00+05:30,2722.6,2726.1,2720.8,2725.6,8984
2025-07-18T12:23:00+05:30,2725.6,2727.2,2725.5,2725.5,658
2025-07-18T12:24:00+05:30,2725.5,2727.2,2725.5,2726.8,494
2025-07-18T12:25:00+05:30,2727.0,2727.0,2725.5,2726.9,376
2025-07-18T12:26:00+05:30,2727.0,2728.8,2726.3,2728.0,841
2025-07-18T12:27:00+05:30,2728.0,2728.8,2726.8,2728.1,569
2025-07-18T12:28:00+05:30,2728.2,2728.2,2726.5,2726.6,1062
2025-07-18T12:29:00+05:30,2726.6,2728.4,2726.5,2728.4,309
2025-07-18T12:30:00+05:30,2727.4,2729.7,2727.4,2728.1,585
2025-07-18T12:31:00+05:30,2728.3,2729.4,2727.1,2727.1,506
2025-07-18T12:32:00+05:30,2727.9,2728.2,2727.0,2727.7,435
2025-07-18T12:33:00+05:30,2728.2,2728.2,2725.8,2725.9,1199
2025-07-18T12:34:00+05:30,2726.6,2727.4,2725.8,2726.5,582
2025-07-18T12:35:00+05:30,2726.5,2728.0,2725.9,2726.7,1242
2025-07-18T12:36:00+05:30,2727.1,2727.2,2725.9,2726.7,402
2025-07-18T12:37:00+05:30,2726.7,2726.9,2725.8,2726.0,443
2025-07-18T12:38:00+05:30,2726.4,2727.0,2725.1,2726.6,703
2025-07-18T12:39:00+05:30,2726.7,2729.0,2726.0,2728.6,767
2025-07-18T12:40:00+05:30,2729.2,2729.2,2721.0,2722.2,28310
2025-07-18T12:41:00+05:30,2722.2,2727.4,2720.0,2726.5,13196
2025-07-18T12:42:00+05:30,2727.2,2727.9,2726.3,2726.5,565
2025-07-18T12:43:00+05:30,2726.4,2727.1,2726.0,2726.0,297
2025-07-18T12:44:00+05:30,2726.7,2727.4,2723.0,2723.8,1010
2025-07-18T12:45:00+05:30,2724.2,2725.6,2722.7,2725.6,1488
2025-07-18T12:46:00+05:30,2725.3,2725.5,2723.1,2724.8,585
2025-07-18T12:47:00+05:30,2724.8,2725.9,2723.4,2724.4,1004
2025-07-18T12:48:00+05:30,2724.4,2725.7,2724.4,2725.3,570
2025-07-18T12:49:00+05:30,2725.8,2727.0,2724.4,2726.3,484
2025-07-18T12:50:00+05:30,2726.3,2727.7,2725.0,2725.6,396
2025-07-18T12:51:00+05:30,2725.9,2726.1,2724.1,2725.1,512
2025-07-18T12:52:00+05:30,2725.6,2725.6,2721.9,2721.9,2151
2025-07-18T12:53:00+05:30,2721.0,2722.0,2720.7,2721.0,1788
2025-07-18T12:54:00+05:30,2721.0,2721.7,2721.0,2721.0,907
2025-07-18T12:55:00+05:30,2721.5,2721.5,2720.5,2721.0,1723
2025-07-18T12:56:00+05:30,2720.5,2721.6,2719.9,2721.0,5119
2025-07-18T12:57:00+05:30,2721.0,2721.7,2719.4,2720.0,7734
2025-07-18T12:58:00+05:30,2719.6,2722.6,2719.6,2722.6,21365
2025-07-18T12:59:00+05:30,2722.7,2725.2,2722.6,2724.0,936
2025-07-18T13:00:00+05:30,2724.0,2727.9,2723.0,2727.5,891
2025-07-18T13:01:00+05:30,2727.6,2733.4,2727.6,2732.1,3472
2025-07-18T13:02:00+05:30,2732.0,2732.1,2723.4,2725.1,2088
2025-07-18T13:03:00+05:30,2725.4,2727.2,2723.1,2725.2,5888
2025-07-18T13:04:00+05:30,2725.4,2725.9,2721.4,2721.6,9175
2025-07-18T13:05:00+05:30,2721.5,2726.0,2721.5,2723.0,21269
2025-07-18T13:06:00+05:30,2722.9,2725.8,2721.8,2725.3,4229
2025-07-18T13:07:00+05:30,2725.3,2726.4,2725.0,2725.0,613
2025-07-18T13:08:00+05:30,2725.7,2727.0,2725.0,2725.8,528
2025-07-18T13:09:00+05:30,2725.8,2727.1,2725.8,2725.9,710
2025-07-18T13:10:00+05:30,2725.8,2726.4,2725.1,2726.1,465
2025-07-18T13:11:00+05:30,2726.1,2727.3,2725.7,2727.1,820
2025-07-18T13:12:00+05:30,2727.1,2727.6,2726.2,2726.4,1337
2025-07-18T13:13:00+05:30,2726.4,2728.5,2723.0,2723.0,832
2025-07-18T13:14:00+05:30,2722.5,2723.0,2721.0,2722.0,8671
2025-07-18T13:15:00+05:30,2722.0,2722.2,2720.3,2720.9,2761
2025-07-18T13:16:00+05:30,2720.4,2721.0,2719.4,2719.7,5458
2025-07-18T13:17:00+05:30,2719.7,2720.0,2719.6,2720.0,1015
2025-07-18T13:18:00+05:30,2719.9,2720.0,2719.8,2719.8,1314
2025-07-18T13:19:00+05:30,2719.8,2720.0,2719.8,2719.9,1067
2025-07-18T13:20:00+05:30,2719.9,2720.5,2719.8,2720.4,1602
2025-07-18T13:21:00+05:30,2720.5,2720.5,2719.8,2719.9,969
2025-07-18T13:22:00+05:30,2719.9,2720.3,2719.9,2720.2,728
2025-07-18T13:23:00+05:30,2720.3,2720.5,2719.9,2720.4,2653
2025-07-18T13:24:00+05:30,2720.4,2721.5,2720.3,2720.5,908
2025-07-18T13:25:00+05:30,2720.5,2720.8,2718.5,2719.9,4593
2025-07-18T13:26:00+05:30,2719.9,2720.9,2719.7,2720.2,3698
2025-07-18T13:27:00+05:30,2720.2,2725.7,2720.0,2723.4,6176
2025-07-18T13:28:00+05:30,2723.4,2726.5,2722.3,2726.1,3141
2025-07-18T13:29:00+05:30,2726.7,2726.9,2724.9,2726.9,518
2025-07-18T13:30:00+05:30,2727.1,2728.5,2722.0,2723.0,1191
2025-07-18T13:31:00+05:30,2723.0,2724.4,2717.0,2718.6,17389
2025-07-18T13:32:00+05:30,2718.5,2719.9,2718.4,2719.7,860
2025-07-18T13:33:00+05:30,2719.7,2720.0,2719.1,2719.1,493
2025-07-18T13:34:00+05:30,2719.7,2720.0,2719.1,2719.9,700
2025-07-18T13:35:00+05:30,2720.0,2722.5,2719.1,2721.8,20823
2025-07-18T13:36:00+05:30,2720.9,2722.5,2720.6,2721.4,449
2025-07-18T13:37:00+05:30,2722.1,2722.2,2720.8,2720.9,549
2025-07-18T13:38:00+05:30,2721.7,2721.7,2720.4,2720.6,572
2025-07-18T13:39:00+05:30,2721.4,2722.6,2720.4,2721.0,696
2025-07-18T13:40:00+05:30,2721.0,2726.8,2720.4,2726.1,2467
2025-07-18T13:41:00+05:30,2726.1,2733.3,2726.1,2732.6,10470
2025-07-18T13:42:00+05:30,2732.6,2735.0,2730.2,2730.6,13057
2025-07-18T13:43:00+05:30,2730.6,2732.5,2730.4,2731.3,729
2025-07-18T13:44:00+05:30,2731.5,2732.5,2729.1,2732.5,5082
2025-07-18T13:45:00+05:30,2733.1,2733.7,2731.1,2732.3,884
2025-07-18T13:46:00+05:30,2731.3,2736.8,2730.6,2736.0,2713
2025-07-18T13:47:00+05:30,2735.9,2736.0,2732.2,2733.1,9361
2025-07-18T13:48:00+05:30,2733.8,2734.8,2732.8,2734.8,1496
2025-07-18T13:49:00+05:30,2734.8,2735.7,2733.9,2735.2,658
2025-07-18T13:50:00+05:30,2735.2,2735.9,2733.9,2735.1,481
2025-07-18T13:51:00+05:30,2735.8,2738.5,2734.4,2737.7,1229
2025-07-18T13:52:00+05:30,2737.8,2738.9,2735.7,2736.4,1326
2025-07-18T13:53:00+05:30,2735.8,2737.4,2735.0,2735.1,611
2025-07-18T13:54:00+05:30,2735.1,2736.5,2734.0,2735.0,593
2025-07-18T13:55:00+05:30,2735.0,2735.7,2734.1,2735.0,472
2025-07-18T13:56:00+05:30,2735.0,2736.0,2733.3,2733.3,613
2025-07-18T13:57:00+05:30,2733.3,2738.3,2732.7,2737.6,2606
2025-07-18T13:58:00+05:30,2737.6,2743.2,2737.6,2742.1,3698
2025-07-18T13:59:00+05:30,2742.1,2742.1,2734.8,2736.3,1654
2025-07-18T14:00:00+05:30,2736.3,2736.4,2734.0,2734.0,3118
2025-07-18T14:01:00+05:30,2735.0,2736.3,2734.0,2734.9,797
2025-07-18T14:02:00+05:30,2734.9,2735.6,2734.5,2735.6,474
2025-07-18T14:03:00+05:30,2735.6,2737.4,2734.4,2736.8,362
2025-07-18T14:04:00+05:30,2737.1,2737.2,2734.4,2735.7,1174
2025-07-18T14:05:00+05:30,2735.7,2736.4,2733.9,2735.2,540
2025-07-18T14:06:00+05:30,2735.5,2736.0,2733.5,2734.6,595
2025-07-18T14:07:00+05:30,2733.9,2734.9,2732.8,2733.1,2325
2025-07-18T14:08:00+05:30,2733.1,2734.9,2733.1,2734.8,1129
2025-07-18T14:09:00+05:30,2735.4,2736.6,2734.0,2736.5,520
2025-07-18T14:10:00+05:30,2735.5,2736.5,2734.5,2734.9,678
2025-07-18T14:11:00+05:30,2734.4,2735.8,2733.7,2735.8,504
2025-07-18T14:12:00+05:30,2735.8,2736.5,2734.9,2736.5,343
2025-07-18T14:13:00+05:30,2736.0,2737.2,2735.2,2736.5,347
2025-07-18T14:14:00+05:30,2736.5,2737.2,2735.1,2736.3,1177
2025-07-18T14:15:00+05:30,2735.1,2737.4,2735.1,2735.8,763
2025-07-18T14:16:00+05:30,2735.8,2737.0,2735.7,2736.0,490
2025-07-18T14:17:00+05:30,2736.0,2736.7,2735.6,2735.7,629
2025-07-18T14:18:00+05:30,2735.6,2735.6,2734.2,2735.4,621
2025-07-18T14:19:00+05:30,2735.4,2736.6,2735.3,2736.2,1005
2025-07-18T14:20:00+05:30,2736.2,2736.7,2735.1,2736.7,435
2025-07-18T14:21:00+05:30,2737.0,2738.5,2735.7,2738.4,660
2025-07-18T14:22:00+05:30,2738.4,2739.7,2737.5,2737.6,736
2025-07-18T14:23:00+05:30,2737.7,2738.9,2737.4,2738.7,612
2025-07-18T14:24:00+05:30,2738.7,2738.7,2737.3,2737.8,591
2025-07-18T14:25:00+05:30,2737.9,2739.0,2737.8,2739.0,750
2025-07-18T14:26:00+05:30,2739.0,2741.5,2738.9,2740.0,1114
2025-07-18T14:27:00+05:30,2740.2,2740.2,2737.4,2738.9,1071
2025-07-18T14:28:00+05:30,2739.3,2741.4,2738.8,2741.2,1152
2025-07-18T14:29:00+05:30,2741.2,2741.5,2740.0,2741.3,708
2025-07-18T14:30:00+05:30,2741.3,2742.4,2739.8,2740.7,2071
2025-07-18T14:31:00+05:30,2741.2,2741.2,2739.4,2740.4,426
2025-07-18T14:32:00+05:30,2739.4,2741.8,2739.2,2741.7,904
2025-07-18T14:33:00+05:30,2741.6,2741.7,2733.4,2733.5,14848
2025-07-18T14:34:00+05:30,2734.4,2740.0,2734.4,2740.0,1597
2025-07-18T14:35:00+05:30,2739.4,2740.2,2738.0,2739.2,1027
2025-07-18T14:36:00+05:30,2739.2,2739.8,2735.8,2736.9,849
2025-07-18T14:37:00+05:30,2736.9,2738.3,2735.1,2737.8,630
2025-07-18T14:38:00+05:30,2737.8,2738.0,2736.4,2736.4,1724
2025-07-18T14:39:00+05:30,2735.0,2737.9,2734.9,2736.6,1675
2025-07-18T14:40:00+05:30,2735.5,2737.6,2735.2,2735.9,1186
2025-07-18T14:41:00+05:30,2735.9,2739.0,2735.9,2738.7,997
2025-07-18T14:42:00+05:30,2738.7,2739.0,2737.4,2737.6,1233
2025-07-18T14:43:00+05:30,2737.6,2739.0,2737.4,2737.4,900
2025-07-18T14:44:00+05:30,2737.4,2738.0,2733.3,2734.1,1242
2025-07-18T14:45:00+05:30,2734.1,2735.0,2732.3,2732.3,4747
2025-07-18T14:46:00+05:30,2732.4,2736.6,2732.4,2736.0,477
2025-07-18T14:47:00+05:30,2736.0,2736.5,2734.8,2735.6,888
2025-07-18T14:48:00+05:30,2735.7,2737.0,2734.5,2735.8,797
2025-07-18T14:49:00+05:30,2735.9,2736.9,2733.4,2733.4,2279
2025-07-18T14:50:00+05:30,2733.5,2735.3,2732.7,2733.9,1283
2025-07-18T14:51:00+05:30,2733.9,2734.9,2732.3,2732.6,2201
2025-07-18T14:52:00+05:30,2733.0,2735.8,2732.8,2734.4,1103
2025-07-18T14:53:00+05:30,2734.4,2735.6,2732.8,2733.2,2066
2025-07-18T14:54:00+05:30,2733.1,2734.4,2733.1,2733.9,716
2025-07-18T14:55:00+05:30,2733.9,2734.3,2733.0,2733.1,809
2025-07-18T14:56:00+05:30,2733.1,2734.0,2732.6,2732.9,1201
2025-07-18T14:57:00+05:30,2732.9,2734.2,2732.6,2734.2,1036
2025-07-18T14:58:00+05:30,2734.2,2734.7,2733.2,2733.3,1293
2025-07-18T14:59:00+05:30,2733.3,2734.9,2732.9,2733.8,701
2025-07-18T15:00:00+05:30,2735.0,2735.9,2732.5,2732.5,5035
2025-07-18T15:01:00+05:30,2732.5,2734.4,2728.8,2730.4,5972
2025-07-18T15:02:00+05:30,2730.6,2732.0,2728.1,2731.7,7203
2025-07-18T15:03:00+05:30,2731.7,2732.1,2729.1,2731.0,1872
2025-07-18T15:04:00+05:30,2731.0,2731.6,2728.2,2728.3,3193
2025-07-18T15:05:00+05:30,2728.3,2729.0,2726.3,2728.7,3068
2025-07-18T15:06:00+05:30,2728.7,2728.7,2727.0,2727.0,3197
2025-07-18T15:07:00+05:30,2728.1,2728.4,2727.0,2728.1,2674
2025-07-18T15:08:00+05:30,2728.1,2728.2,2726.2,2726.5,2435
2025-07-18T15:09:00+05:30,2726.5,2728.8,2725.1,2728.3,4500
2025-07-18T15:10:00+05:30,2728.3,2728.6,2726.3,2727.5,3742
2025-07-18T15:11:00+05:30,2727.5,2729.0,2726.5,2728.7,4483
2025-07-18T15:12:00+05:30,2728.5,2728.7,2726.4,2727.5,2803
2025-07-18T15:13:00+05:30,2727.4,2727.8,2726.1,2727.4,4867
2025-07-18T15:14:00+05:30,2727.7,2727.9,2726.6,2727.5,3147
2025-07-18T15:15:00+05:30,2727.5,2729.0,2727.5,2728.7,4011
2025-07-18T15:16:00+05:30,2729.0,2729.8,2728.2,2729.7,4429
2025-07-18T15:17:00+05:30,2729.8,2730.6,2728.1,2728.8,2024
2025-07-18T15:18:00+05:30,2729.8,2730.0,2727.3,2728.5,4446
2025-07-18T15:19:00+05:30,2729.3,2729.3,2727.6,2728.9,4160
2025-07-18T15:20:00+05:30,2728.9,2728.9,2727.2,2728.3,5529
2025-07-18T15:21:00+05:30,2728.3,2729.0,2727.3,2728.8,3959
2025-07-18T15:22:00+05:30,2728.8,2729.2,2727.6,2727.7,2240
2025-07-18T15:23:00+05:30,2727.7,2728.6,2726.4,2728.4,4686
2025-07-18T15:24:00+05:30,2728.6,2728.9,2726.7,2728.0,2845
2025-07-18T15:25:00+05:30,2728.0,2728.8,2727.8,2728.6,2995
2025-07-18T15:26:00+05:30,2728.4,2728.5,2725.1,2725.1,2668
2025-07-18T15:27:00+05:30,2726.4,2728.7,2725.0,2726.5,4038
2025-07-18T15:28:00+05:30,2726.5,2727.4,2725.0,2725.0,3207
2025-07-18T15:29:00+05:30,2725.0,2730.9,2723.5,2726.5,3321
2025-07-17T09:15:00+05:30,2762.0,2772.4,2761.8,2767.3,2016
2025-07-17T09:16:00+05:30,2765.7,2767.7,2760.7,2767.7,2453
2025-07-17T09:17:00+05:30,2767.0,2769.5,2766.8,2768.2,1206
2025-07-17T09:18:00+05:30,2768.2,2769.3,2768.1,2769.3,209
2025-07-17T09:19:00+05:30,2769.0,2773.2,2769.0,2771.0,3391
2025-07-17T09:20:00+05:30,2770.3,2770.3,2760.4,2762.2,7012
2025-07-17T09:21:00+05:30,2762.6,2764.3,2758.0,2758.0,1599
2025-07-17T09:22:00+05:30,2759.0,2760.8,2757.6,2760.8,577
2025-07-17T09:23:00+05:30,2760.8,2760.9,2757.2,2757.2,1137
2025-07-17T09:24:00+05:30,2757.8,2757.8,2748.8,2750.0,12249
2025-07-17T09:25:00+05:30,2750.0,2754.0,2750.0,2754.0,3288
2025-07-17T09:26:00+05:30,2754.5,2754.6,2751.1,2751.1,2556
2025-07-17T09:27:00+05:30,2751.1,2751.1,2749.4,2750.1,7482
2025-07-17T09:28:00+05:30,2750.0,2751.6,2750.0,2750.1,1569
2025-07-17T09:29:00+05:30,2750.6,2754.0,2750.1,2753.0,988
2025-07-17T09:30:00+05:30,2753.0,2753.8,2751.0,2751.3,3498
2025-07-17T09:31:00+05:30,2751.3,2751.9,2751.0,2751.5,406
2025-07-17T09:32:00+05:30,2751.5,2752.0,2751.0,2751.0,4593
2025-07-17T09:33:00+05:30,2751.6,2751.9,2750.6,2751.5,1280
2025-07-17T09:34:00+05:30,2751.5,2752.1,2750.8,2750.8,707
2025-07-17T09:35:00+05:30,2750.6,2751.3,2750.3,2751.0,576
2025-07-17T09:36:00+05:30,2751.0,2754.3,2750.1,2752.5,2190
2025-07-17T09:37:00+05:30,2751.6,2752.9,2750.9,2752.4,654
2025-07-17T09:38:00+05:30,2752.4,2755.1,2751.7,2751.7,2021
2025-07-17T09:39:00+05:30,2751.7,2754.5,2751.7,2753.4,525
2025-07-17T09:40:00+05:30,2754.6,2755.0,2754.0,2754.1,1303
2025-07-17T09:41:00+05:30,2754.1,2754.4,2753.3,2753.3,545
2025-07-17T09:42:00+05:30,2753.3,2757.3,2753.1,2756.6,2120
2025-07-17T09:43:00+05:30,2757.7,2757.8,2753.8,2754.0,602
2025-07-17T09:44:00+05:30,2754.2,2757.4,2754.1,2757.0,646
2025-07-17T09:45:00+05:30,2757.0,2757.7,2755.6,2757.0,282
2025-07-17T09:46:00+05:30,2757.0,2757.2,2756.1,2756.8,474
2025-07-17T09:47:00+05:30,2756.8,2756.8,2756.1,2756.8,1002
2025-07-17T09:48:00+05:30,2756.5,2756.5,2753.2,2753.2,7500
2025-07-17T09:49:00+05:30,2753.3,2754.0,2751.5,2752.5,1333
2025-07-17T09:50:00+05:30,2753.4,2754.8,2752.6,2754.3,1140
2025-07-17T09:51:00+05:30,2754.3,2756.0,2754.3,2755.2,250
2025-07-17T09:52:00+05:30,2755.3,2755.8,2755.0,2755.8,1148
2025-07-17T09:53:00+05:30,2755.8,2755.8,2753.6,2754.4,707
2025-07-17T09:54:00+05:30,2754.6,2755.5,2754.6,2755.1,169
2025-07-17T09:55:00+05:30,2754.6,2755.2,2753.6,2754.6,435
2025-07-17T09:56:00+05:30,2754.4,2758.0,2753.6,2754.5,7319
2025-07-17T09:57:00+05:30,2754.5,2755.4,2751.3,2751.5,5112
2025-07-17T09:58:00+05:30,2751.5,2753.3,2751.3,2751.3,2643
2025-07-17T09:59:00+05:30,2751.4,2752.1,2748.0,2749.3,8647
2025-07-17T10:00:00+05:30,2749.9,2750.0,2747.3,2749.9,2440
2025-07-17T10:01:00+05:30,2749.2,2749.9,2748.7,2749.2,608
2025-07-17T10:02:00+05:30,2749.3,2750.3,2749.2,2750.2,2112
2025-07-17T10:03:00+05:30,2750.1,2751.2,2750.0,2751.2,2229
2025-07-17T10:04:00+05:30,2751.2,2752.2,2750.0,2750.9,1395
2025-07-17T10:05:00+05:30,2750.9,2752.0,2750.1,2751.3,1040
2025-07-17T10:06:00+05:30,2751.3,2752.6,2750.2,2752.2,555
2025-07-17T10:07:00+05:30,2751.5,2753.9,2750.2,2751.5,2562
2025-07-17T10:08:00+05:30,2751.7,2752.8,2750.0,2750.0,3802
2025-07-17T10:09:00+05:30,2749.5,2749.9,2748.2,2749.9,1105
2025-07-17T10:10:00+05:30,2749.9,2750.0,2749.9,2750.0,173
2025-07-17T10:11:00+05:30,2750.0,2752.0,2750.0,2752.0,2836
2025-07-17T10:12:00+05:30,2752.1,2753.6,2751.1,2751.2,1867
2025-07-17T10:13:00+05:30,2751.9,2753.5,2751.2,2752.6,594
2025-07-17T10:14:00+05:30,2752.7,2753.2,2751.0,2752.0,438
2025-07-17T10:15:00+05:30,2752.0,2752.9,2751.0,2751.3,2706
2025-07-17T10:16:00+05:30,2751.3,2752.7,2751.0,2751.0,1895
2025-07-17T10:17:00+05:30,2751.0,2752.1,2751.0,2751.4,459
2025-07-17T10:18:00+05:30,2751.0,2751.9,2751.0,2751.2,1087
2025-07-17T10:19:00+05:30,2751.0,2752.9,2750.6,2751.6,3754
2025-07-17T10:20:00+05:30,2751.6,2754.1,2751.5,2754.1,255
2025-07-17T10:21:00+05:30,2754.4,2755.7,2752.2,2752.3,2965
2025-07-17T10:22:00+05:30,2752.1,2754.1,2752.0,2753.9,1829
2025-07-17T10:23:00+05:30,2754.0,2754.3,2752.3,2754.0,1049
2025-07-17T10:24:00+05:30,2753.5,2753.6,2752.0,2752.0,1311
2025-07-17T10:25:00+05:30,2752.1,2753.6,2752.0,2753.3,605
2025-07-17T10:26:00+05:30,2753.3,2753.5,2751.3,2751.3,8410
2025-07-17T10:27:00+05:30,2751.3,2751.8,2750.8,2751.2,3554
2025-07-17T10:28:00+05:30,2751.5,2752.0,2747.5,2747.6,8886
2025-07-17T10:29:00+05:30,2747.7,2749.0,2747.0,2749.0,1697
2025-07-17T10:30:00+05:30,2749.5,2750.0,2747.2,2749.0,797
2025-07-17T10:31:00+05:30,2748.2,2750.4,2748.1,2750.0,681
2025-07-17T10:32:00+05:30,2749.8,2749.8,2748.1,2748.1,3127
2025-07-17T10:33:00+05:30,2748.9,2749.6,2747.7,2748.1,2834
2025-07-17T10:34:00+05:30,2748.6,2748.6,2748.1,2748.6,78
2025-07-17T10:35:00+05:30,2748.6,2748.9,2748.6,2748.9,294
2025-07-17T10:36:00+05:30,2748.9,2749.0,2746.3,2746.4,4526
2025-07-17T10:37:00+05:30,2746.4,2747.6,2746.3,2746.5,1463
2025-07-17T10:38:00+05:30,2746.7,2747.5,2746.5,2747.4,265
2025-07-17T10:39:00+05:30,2747.5,2747.5,2746.9,2747.4,324
2025-07-17T10:40:00+05:30,2747.5,2747.7,2746.5,2747.0,643
2025-07-17T10:41:00+05:30,2747.0,2747.5,2745.3,2746.0,5018
2025-07-17T10:42:00+05:30,2745.6,2746.1,2745.3,2746.0,504
2025-07-17T10:43:00+05:30,2745.4,2746.3,2745.3,2745.8,239
2025-07-17T10:44:00+05:30,2746.3,2746.3,2745.3,2745.4,252
2025-07-17T10:45:00+05:30,2745.3,2745.5,2745.3,2745.3,2349
2025-07-17T10:46:00+05:30,2745.5,2745.6,2743.5,2743.9,2443
2025-07-17T10:47:00+05:30,2743.5,2745.5,2742.8,2744.3,1504
2025-07-17T10:48:00+05:30,2744.0,2745.5,2744.0,2745.5,222
2025-07-17T10:49:00+05:30,2745.5,2746.0,2745.5,2746.0,350
2025-07-17T10:50:00+05:30,2746.4,2747.3,2746.4,2747.3,438
2025-07-17T10:51:00+05:30,2747.3,2748.7,2747.3,2748.7,446
2025-07-17T10:52:00+05:30,2748.0,2748.6,2748.0,2748.2,137
2025-07-17T10:53:00+05:30,2748.2,2748.2,2748.0,2748.2,201
2025-07-17T10:54:00+05:30,2748.2,2749.0,2748.2,2749.0,1064
2025-07-17T10:55:00+05:30,2748.9,2748.9,2747.6,2748.5,242
2025-07-17T10:56:00+05:30,2748.3,2748.5,2747.6,2748.5,217
2025-07-17T10:57:00+05:30,2748.5,2748.5,2747.1,2747.1,317
2025-07-17T10:58:00+05:30,2748.5,2748.5,2747.1,2748.5,196
2025-07-17T10:59:00+05:30,2747.5,2748.3,2747.1,2747.8,563
2025-07-17T11:00:00+05:30,2747.9,2748.5,2747.9,2748.2,418
2025-07-17T11:01:00+05:30,2748.0,2748.5,2748.0,2748.5,209
2025-07-17T11:02:00+05:30,2748.1,2748.6,2748.0,2748.2,224
2025-07-17T11:03:00+05:30,2748.6,2749.1,2748.2,2749.1,1135
2025-07-17T11:04:00+05:30,2748.9,2749.1,2748.9,2748.9,551
2025-07-17T11:05:00+05:30,2749.1,2749.1,2748.9,2749.1,435
2025-07-17T11:06:00+05:30,2748.9,2749.1,2748.0,2749.1,297
2025-07-17T11:07:00+05:30,2748.9,2749.1,2748.9,2749.1,146
2025-07-17T11:08:00+05:30,2749.1,2749.1,2748.7,2749.1,440
2025-07-17T11:09:00+05:30,2749.0,2749.2,2748.4,2748.4,642
2025-07-17T11:10:00+05:30,2747.9,2747.9,2747.2,2747.7,108
2025-07-17T11:11:00+05:30,2747.3,2750.0,2747.3,2749.0,638
2025-07-17T11:12:00+05:30,2749.0,2750.0,2747.5,2749.4,17876
2025-07-17T11:13:00+05:30,2749.4,2749.4,2745.7,2748.5,3586
2025-07-17T11:14:00+05:30,2747.7,2748.5,2747.7,2748.5,173
2025-07-17T11:15:00+05:30,2748.5,2748.5,2747.5,2747.5,152
2025-07-17T11:16:00+05:30,2747.5,2747.7,2747.5,2747.7,59
2025-07-17T11:17:00+05:30,2747.6,2747.7,2746.9,2747.7,213
2025-07-17T11:18:00+05:30,2747.7,2748.0,2747.5,2748.0,216
2025-07-17T11:19:00+05:30,2748.0,2748.6,2748.0,2748.6,126
2025-07-17T11:20:00+05:30,2748.2,2749.0,2748.1,2748.4,550
2025-07-17T11:21:00+05:30,2748.5,2749.0,2748.5,2749.0,308
2025-07-17T11:22:00+05:30,2749.0,2749.2,2749.0,2749.2,835
2025-07-17T11:23:00+05:30,2749.2,2749.4,2748.8,2749.0,1560
2025-07-17T11:24:00+05:30,2749.3,2749.5,2749.3,2749.3,846
2025-07-17T11:25:00+05:30,2749.2,2749.3,2748.0,2749.1,1280
2025-07-17T11:26:00+05:30,2749.1,2749.3,2749.0,2749.0,366
2025-07-17T11:27:00+05:30,2749.3,2749.3,2749.0,2749.3,469
2025-07-17T11:28:00+05:30,2749.3,2749.5,2748.9,2748.9,2777
2025-07-17T11:29:00+05:30,2749.5,2749.5,2748.9,2749.5,474
2025-07-17T11:30:00+05:30,2749.5,2749.5,2748.7,2749.5,405
2025-07-17T11:31:00+05:30,2749.5,2751.2,2748.6,2751.0,6526
2025-07-17T11:32:00+05:30,2750.0,2751.9,2749.7,2750.0,5709
2025-07-17T11:33:00+05:30,2749.7,2751.5,2749.6,2750.7,1147
2025-07-17T11:34:00+05:30,2750.7,2751.2,2750.7,2750.8,270
2025-07-17T11:35:00+05:30,2750.9,2752.6,2750.8,2752.6,1242
2025-07-17T11:36:00+05:30,2752.5,2753.4,2749.6,2750.0,24342
2025-07-17T11:37:00+05:30,2750.2,2751.4,2748.1,2748.1,7863
2025-07-17T11:38:00+05:30,2748.8,2750.0,2748.4,2749.9,2314
2025-07-17T11:39:00+05:30,2750.0,2750.0,2748.0,2748.5,5276
2025-07-17T11:40:00+05:30,2747.6,2749.0,2747.4,2749.0,1233
2025-07-17T11:41:00+05:30,2749.0,2749.0,2749.0,2749.0,175
2025-07-17T11:42:00+05:30,2749.0,2749.0,2748.9,2748.9,564
2025-07-17T11:43:00+05:30,2749.0,2749.0,2747.7,2748.9,656
2025-07-17T11:44:00+05:30,2748.9,2749.0,2748.7,2749.0,1542
2025-07-17T11:45:00+05:30,2749.0,2749.0,2746.9,2747.3,13095
2025-07-17T11:46:00+05:30,2747.9,2747.9,2746.9,2746.9,118
2025-07-17T11:47:00+05:30,2746.9,2747.9,2745.8,2745.8,949
2025-07-17T11:48:00+05:30,2746.0,2746.8,2745.8,2746.0,506
2025-07-17T11:49:00+05:30,2746.7,2746.9,2746.3,2746.7,336
2025-07-17T11:50:00+05:30,2746.0,2746.9,2746.0,2746.5,421
2025-07-17T11:51:00+05:30,2746.0,2746.0,2745.0,2745.0,861
2025-07-17T11:52:00+05:30,2745.2,2745.8,2745.2,2745.8,235
2025-07-17T11:53:00+05:30,2745.7,2745.8,2742.5,2744.2,2526
2025-07-17T11:54:00+05:30,2744.2,2744.8,2744.1,2744.1,373
2025-07-17T11:55:00+05:30,2744.8,2745.1,2744.8,2745.1,178
2025-07-17T11:56:00+05:30,2745.3,2745.3,2744.1,2744.6,739
2025-07-17T11:57:00+05:30,2744.1,2744.8,2742.5,2744.3,2415
2025-07-17T11:58:00+05:30,2744.3,2744.9,2743.6,2744.9,546
2025-07-17T11:59:00+05:30,2744.6,2745.1,2744.3,2744.3,863
2025-07-17T12:00:00+05:30,2744.2,2744.7,2744.2,2744.7,301
2025-07-17T12:01:00+05:30,2744.6,2744.6,2743.6,2744.0,1378
2025-07-17T12:02:00+05:30,2743.5,2744.1,2743.5,2744.1,184
2025-07-17T12:03:00+05:30,2744.1,2744.3,2743.1,2743.4,404
2025-07-17T12:04:00+05:30,2743.4,2744.8,2743.1,2744.3,1422
2025-07-17T12:05:00+05:30,2744.2,2744.4,2743.9,2743.9,331
2025-07-17T12:06:00+05:30,2743.9,2744.3,2743.9,2744.2,229
2025-07-17T12:07:00+05:30,2744.3,2744.3,2742.7,2744.2,2750
2025-07-17T12:08:00+05:30,2744.0,2744.0,2743.3,2743.5,742
2025-07-17T12:09:00+05:30,2743.3,2743.8,2743.0,2743.0,959
2025-07-17T12:10:00+05:30,2743.0,2743.1,2742.3,2742.9,482
2025-07-17T12:11:00+05:30,2742.9,2744.7,2742.7,2744.6,571
2025-07-17T12:12:00+05:30,2744.6,2745.6,2743.8,2743.8,672
2025-07-17T12:13:00+05:30,2744.2,2745.2,2744.2,2745.1,133
2025-07-17T12:14:00+05:30,2744.7,2745.2,2743.6,2745.1,1479
2025-07-17T12:15:00+05:30,2745.2,2745.4,2745.2,2745.4,186
2025-07-17T12:16:00+05:30,2745.4,2745.4,2745.4,2745.4,84
2025-07-17T12:17:00+05:30,2745.3,2745.4,2745.0,2745.2,686
2025-07-17T12:18:00+05:30,2745.2,2745.2,2744.8,2745.1,465
2025-07-17T12:19:00+05:30,2745.0,2745.8,2744.2,2745.3,2579
2025-07-17T12:20:00+05:30,2745.3,2745.4,2744.0,2744.0,477
2025-07-17T12:21:00+05:30,2744.4,2744.8,2744.3,2744.6,377
2025-07-17T12:22:00+05:30,2744.0,2744.2,2743.5,2743.5,1538
2025-07-17T12:23:00+05:30,2743.5,2743.7,2743.0,2743.4,612
2025-07-17T12:24:00+05:30,2743.5,2745.3,2743.5,2745.1,653
2025-07-17T12:25:00+05:30,2745.1,2746.7,2745.1,2746.7,346
2025-07-17T12:26:00+05:30,2746.7,2748.4,2746.6,2748.4,1458
2025-07-17T12:27:00+05:30,2748.4,2749.0,2748.3,2749.0,3487
2025-07-17T12:28:00+05:30,2749.0,2749.0,2747.9,2748.1,7707
2025-07-17T12:29:00+05:30,2748.3,2749.0,2748.3,2748.8,11928
2025-07-17T12:30:00+05:30,2748.4,2749.0,2747.9,2749.0,3133
2025-07-17T12:31:00+05:30,2749.0,2750.3,2748.9,2749.3,15687
2025-07-17T12:32:00+05:30,2749.3,2750.0,2748.9,2749.0,3742
2025-07-17T12:33:00+05:30,2749.0,2749.0,2748.9,2749.0,1097
2025-07-17T12:34:00+05:30,2749.0,2750.8,2748.7,2749.8,12243
2025-07-17T12:35:00+05:30,2749.6,2750.2,2749.2,2750.2,1287
2025-07-17T12:36:00+05:30,2750.1,2751.0,2749.5,2750.8,1873
2025-07-17T12:37:00+05:30,2750.7,2750.9,2750.0,2750.0,265
2025-07-17T12:38:00+05:30,2750.0,2750.2,2749.5,2750.0,135
2025-07-17T12:39:00+05:30,2750.0,2750.0,2749.9,2750.0,788
2025-07-17T12:40:00+05:30,2750.0,2750.7,2750.0,2750.7,416
2025-07-17T12:41:00+05:30,2750.6,2750.9,2750.5,2750.6,1378
2025-07-17T12:42:00+05:30,2750.7,2754.7,2750.7,2754.7,4466
2025-07-17T12:43:00+05:30,2754.7,2758.7,2754.6,2756.8,8618
2025-07-17T12:44:00+05:30,2756.9,2756.9,2752.6,2755.4,7165
2025-07-17T12:45:00+05:30,2754.8,2755.4,2754.2,2755.0,1048
2025-07-17T12:46:00+05:30,2755.1,2761.3,2754.1,2761.2,5318
2025-07-17T12:47:00+05:30,2761.3,2762.8,2759.0,2759.9,4181
2025-07-17T12:48:00+05:30,2759.9,2760.7,2756.8,2757.5,3719
2025-07-17T12:49:00+05:30,2757.4,2757.4,2753.8,2755.0,5573
2025-07-17T12:50:00+05:30,2754.8,2757.4,2754.2,2757.4,597
2025-07-17T12:51:00+05:30,2757.5,2759.3,2757.4,2759.3,803
2025-07-17T12:52:00+05:30,2759.3,2761.6,2758.5,2760.7,4477
2025-07-17T12:53:00+05:30,2760.6,2761.8,2760.5,2761.6,673
2025-07-17T12:54:00+05:30,2761.6,2762.0,2759.4,2760.1,959
2025-07-17T12:55:00+05:30,2759.5,2761.8,2759.5,2761.4,936
2025-07-17T12:56:00+05:30,2761.4,2762.3,2761.4,2761.9,842
2025-07-17T12:57:00+05:30,2761.9,2765.0,2761.9,2765.0,1088
2025-07-17T12:58:00+05:30,2764.9,2766.0,2764.1,2764.9,1641
2025-07-17T12:59:00+05:30,2764.9,2765.2,2764.1,2765.1,2048
2025-07-17T13:00:00+05:30,2764.8,2766.2,2764.8,2766.2,682
2025-07-17T13:01:00+05:30,2766.1,2766.7,2765.8,2766.7,626
2025-07-17T13:02:00+05:30,2766.6,2768.3,2765.1,2766.1,6005
2025-07-17T13:03:00+05:30,2766.0,2767.8,2765.4,2767.4,1186
2025-07-17T13:04:00+05:30,2767.7,2767.9,2766.3,2767.6,891
2025-07-17T13:05:00+05:30,2766.4,2767.2,2763.4,2764.0,1360
2025-07-17T13:06:00+05:30,2763.9,2765.6,2763.5,2765.5,518
2025-07-17T13:07:00+05:30,2765.5,2766.0,2764.1,2765.9,481
2025-07-17T13:08:00+05:30,2765.8,2766.0,2764.1,2764.1,500
2025-07-17T13:09:00+05:30,2764.1,2765.2,2761.1,2764.4,3823
2025-07-17T13:10:00+05:30,2764.5,2766.0,2762.7,2764.0,5434
2025-07-17T13:11:00+05:30,2764.1,2767.6,2763.9,2767.6,1372
2025-07-17T13:12:00+05:30,2767.3,2767.7,2764.3,2764.8,2562
2025-07-17T13:13:00+05:30,2764.8,2766.0,2764.8,2765.9,404
2025-07-17T13:14:00+05:30,2766.0,2766.9,2763.5,2764.1,3834
2025-07-17T13:15:00+05:30,2763.6,2765.1,2762.6,2764.5,833
2025-07-17T13:16:00+05:30,2764.9,2767.0,2764.9,2766.3,692
2025-07-17T13:17:00+05:30,2765.7,2767.2,2765.1,2765.9,428
2025-07-17T13:18:00+05:30,2765.9,2766.5,2763.9,2765.1,880
2025-07-17T13:19:00+05:30,2765.0,2766.7,2765.0,2766.0,775
2025-07-17T13:20:00+05:30,2766.1,2766.5,2765.4,2765.8,590
2025-07-17T13:21:00+05:30,2765.5,2766.3,2765.1,2765.5,3044
2025-07-17T13:22:00+05:30,2765.5,2768.4,2765.5,2767.9,984
2025-07-17T13:23:00+05:30,2768.3,2768.6,2766.1,2767.0,2644
2025-07-17T13:24:00+05:30,2767.6,2768.2,2765.6,2767.0,1976
2025-07-17T13:25:00+05:30,2767.1,2767.4,2765.7,2767.3,537
2025-07-17T13:26:00+05:30,2767.3,2767.8,2765.3,2767.3,2770
2025-07-17T13:27:00+05:30,2766.8,2767.9,2766.2,2767.7,681
2025-07-17T13:28:00+05:30,2767.7,2767.9,2767.0,2767.5,278
2025-07-17T13:29:00+05:30,2767.6,2770.5,2767.0,2770.5,1793
2025-07-17T13:30:00+05:30,2770.0,2772.6,2770.0,2772.0,5406
2025-07-17T13:31:00+05:30,2772.0,2777.7,2772.0,2776.6,4492
2025-07-17T13:32:00+05:30,2775.6,2777.0,2772.2,2772.9,4810
2025-07-17T13:33:00+05:30,2772.1,2773.7,2772.0,2773.3,876
2025-07-17T13:34:00+05:30,2772.1,2773.0,2772.0,2772.8,668
2025-07-17T13:35:00+05:30,2772.2,2773.0,2772.2,2772.4,859
2025-07-17T13:36:00+05:30,2772.3,2773.8,2771.0,2771.8,2114
2025-07-17T13:37:00+05:30,2771.7,2772.6,2771.6,2772.1,273
2025-07-17T13:38:00+05:30,2772.1,2772.9,2772.0,2772.8,293
2025-07-17T13:39:00+05:30,2772.7,2772.7,2769.5,2770.9,4651
2025-07-17T13:40:00+05:30,2770.3,2771.4,2770.3,2771.3,225
2025-07-17T13:41:00+05:30,2771.2,2771.6,2770.6,2771.5,984
2025-07-17T13:42:00+05:30,2771.5,2772.8,2770.9,2772.7,1304
2025-07-17T13:43:00+05:30,2772.7,2773.0,2771.2,2772.7,2146
2025-07-17T13:44:00+05:30,2772.4,2772.4,2770.3,2770.9,460
2025-07-17T13:45:00+05:30,2770.3,2772.0,2770.0,2770.2,1886
2025-07-17T13:46:00+05:30,2770.3,2770.5,2770.0,2770.0,602
2025-07-17T13:47:00+05:30,2770.0,2770.6,2770.0,2770.5,205
2025-07-17T13:48:00+05:30,2770.6,2770.7,2770.0,2770.0,409
2025-07-17T13:49:00+05:30,2770.4,2770.5,2770.0,2770.4,314
2025-07-17T13:50:00+05:30,2770.0,2770.4,2770.0,2770.3,451
2025-07-17T13:51:00+05:30,2770.3,2771.6,2770.2,2771.6,1034
2025-07-17T13:52:00+05:30,2771.1,2775.4,2771.1,2775.4,1704
2025-07-17T13:53:00+05:30,2775.4,2777.5,2775.3,2776.0,3432
2025-07-17T13:54:00+05:30,2776.0,2776.2,2773.8,2774.4,962
2025-07-17T13:55:00+05:30,2773.8,2775.7,2773.8,2775.2,352
2025-07-17T13:56:00+05:30,2775.3,2775.6,2774.4,2775.4,268
2025-07-17T13:57:00+05:30,2775.4,2775.5,2774.5,2775.4,567
2025-07-17T13:58:00+05:30,2775.5,2775.9,2775.4,2775.6,191
2025-07-17T13:59:00+05:30,2775.6,2775.6,2774.9,2774.9,1548
2025-07-17T14:00:00+05:30,2774.1,2775.8,2774.1,2775.4,1550
2025-07-17T14:01:00+05:30,2775.3,2775.3,2773.6,2774.8,300
2025-07-17T14:02:00+05:30,2773.6,2774.7,2773.4,2774.6,556
2025-07-17T14:03:00+05:30,2773.8,2774.7,2773.3,2774.0,230
2025-07-17T14:04:00+05:30,2773.2,2773.9,2773.2,2773.8,266
2025-07-17T14:05:00+05:30,2773.6,2775.0,2773.4,2774.7,888
2025-07-17T14:06:00+05:30,2773.8,2774.7,2772.7,2774.0,1103
2025-07-17T14:07:00+05:30,2773.0,2774.1,2772.8,2774.1,250
2025-07-17T14:08:00+05:30,2774.0,2774.3,2773.4,2773.9,185
2025-07-17T14:09:00+05:30,2773.5,2774.3,2773.4,2774.2,255
2025-07-17T14:10:00+05:30,2773.7,2774.6,2773.7,2774.1,659
2025-07-17T14:11:00+05:30,2773.0,2773.0,2771.2,2771.2,628
2025-07-17T14:12:00+05:30,2771.1,2771.8,2771.0,2771.3,449
2025-07-17T14:13:00+05:30,2771.5,2771.5,2770.7,2771.3,233
2025-07-17T14:14:00+05:30,2771.0,2771.4,2771.0,2771.3,245
2025-07-17T14:15:00+05:30,2771.3,2771.6,2771.3,2771.3,147
2025-07-17T14:16:00+05:30,2771.4,2771.4,2770.6,2771.0,779
2025-07-17T14:17:00+05:30,2770.9,2771.0,2768.1,2768.9,3546
2025-07-17T14:18:00+05:30,2768.9,2769.6,2768.1,2768.4,301
2025-07-17T14:19:00+05:30,2768.4,2769.3,2768.4,2769.3,148
2025-07-17T14:20:00+05:30,2768.9,2769.5,2768.5,2769.3,526
2025-07-17T14:21:00+05:30,2769.6,2769.9,2769.3,2769.4,294
2025-07-17T14:22:00+05:30,2769.3,2769.4,2769.3,2769.4,165
2025-07-17T14:23:00+05:30,2769.4,2769.6,2767.9,2768.0,1820
2025-07-17T14:24:00+05:30,2767.6,2767.6,2766.1,2766.6,1185
2025-07-17T14:25:00+05:30,2766.4,2767.2,2766.1,2767.1,302
2025-07-17T14:26:00+05:30,2766.5,2767.3,2766.5,2767.3,1039
2025-07-17T14:27:00+05:30,2767.5,2767.6,2766.6,2767.4,1591
2025-07-17T14:28:00+05:30,2767.4,2767.4,2766.6,2767.1,589
2025-07-17T14:29:00+05:30,2767.2,2767.7,2765.5,2765.5,2547
2025-07-17T14:30:00+05:30,2765.5,2766.9,2764.4,2765.7,3666
2025-07-17T14:31:00+05:30,2766.3,2767.0,2765.5,2765.5,807
2025-07-17T14:32:00+05:30,2765.5,2766.8,2764.5,2766.3,2154
2025-07-17T14:33:00+05:30,2766.4,2771.4,2766.3,2768.0,4763
2025-07-17T14:34:00+05:30,2768.2,2769.0,2765.9,2766.8,852
2025-07-17T14:35:00+05:30,2765.8,2767.0,2765.8,2766.9,262
2025-07-17T14:36:00+05:30,2767.0,2767.0,2766.9,2766.9,370
2025-07-17T14:37:00+05:30,2767.0,2767.1,2766.9,2767.1,511
2025-07-17T14:38:00+05:30,2767.1,2769.5,2766.7,2769.5,1428
2025-07-17T14:39:00+05:30,2769.0,2769.0,2767.0,2767.8,239
2025-07-17T14:40:00+05:30,2767.7,2767.7,2766.0,2766.4,376
2025-07-17T14:41:00+05:30,2766.4,2766.8,2766.1,2766.6,176
2025-07-17T14:42:00+05:30,2766.6,2767.1,2766.1,2767.1,476
2025-07-17T14:43:00+05:30,2767.1,2767.1,2766.1,2767.1,336
2025-07-17T14:44:00+05:30,2767.1,2767.3,2766.2,2767.2,164
2025-07-17T14:45:00+05:30,2767.1,2768.0,2766.5,2766.5,809
2025-07-17T14:46:00+05:30,2766.3,2766.7,2765.5,2766.4,309
2025-07-17T14:47:00+05:30,2766.4,2766.4,2765.0,2766.0,456
2025-07-17T14:48:00+05:30,2766.0,2766.3,2763.0,2763.0,4402
2025-07-17T14:49:00+05:30,2763.0,2764.5,2763.0,2764.2,419
2025-07-17T14:50:00+05:30,2764.1,2764.5,2763.5,2764.0,730
2025-07-17T14:51:00+05:30,2764.0,2764.0,2760.1,2763.5,3369
2025-07-17T14:52:00+05:30,2762.5,2765.1,2762.4,2764.6,850
2025-07-17T14:53:00+05:30,2763.9,2764.4,2761.6,2762.5,4713
2025-07-17T14:54:00+05:30,2762.1,2762.6,2761.0,2762.4,2248
2025-07-17T14:55:00+05:30,2762.4,2765.1,2762.4,2765.1,4058
2025-07-17T14:56:00+05:30,2765.1,2765.8,2763.4,2765.2,1196
2025-07-17T14:57:00+05:30,2765.1,2768.5,2765.1,2768.3,1615
2025-07-17T14:58:00+05:30,2767.8,2768.3,2764.9,2764.9,4092
2025-07-17T14:59:00+05:30,2764.9,2766.6,2763.6,2765.1,1053
2025-07-17T15:00:00+05:30,2765.8,2767.8,2765.2,2767.7,2429
2025-07-17T15:01:00+05:30,2767.7,2767.9,2765.8,2767.9,5514
2025-07-17T15:02:00+05:30,2767.8,2768.1,2767.2,2768.0,2839
2025-07-17T15:03:00+05:30,2768.1,2768.9,2766.9,2768.5,4049
2025-07-17T15:04:00+05:30,2768.4,2769.9,2767.9,2769.2,2346
2025-07-17T15:05:00+05:30,2769.1,2769.9,2769.0,2769.8,2104
2025-07-17T15:06:00+05:30,2769.8,2770.3,2769.7,2770.2,1417
2025-07-17T15:07:00+05:30,2770.2,2770.6,2770.0,2770.4,2152
2025-07-17T15:08:00+05:30,2770.2,2770.3,2768.6,2769.2,1540
2025-07-17T15:09:00+05:30,2769.1,2771.0,2769.1,2771.0,3148
2025-07-17T15:10:00+05:30,2770.6,2770.6,2769.0,2770.3,3332
2025-07-17T15:11:00+05:30,2770.1,2770.8,2769.3,2770.8,1425
2025-07-17T15:12:00+05:30,2770.4,2770.6,2768.8,2769.3,2105
2025-07-17T15:13:00+05:30,2769.3,2769.5,2769.0,2769.0,2488
2025-07-17T15:14:00+05:30,2769.0,2769.1,2767.7,2768.9,1872
2025-07-17T15:15:00+05:30,2768.8,2770.0,2767.1,2769.0,3560
2025-07-17T15:16:00+05:30,2768.7,2769.4,2765.9,2767.1,3503
2025-07-17T15:17:00+05:30,2767.2,2767.3,2765.2,2765.5,3008
2025-07-17T15:18:00+05:30,2765.4,2766.6,2764.3,2764.3,2334
2025-07-17T15:19:00+05:30,2764.3,2765.8,2764.3,2765.1,2599
2025-07-17T15:20:00+05:30,2765.5,2765.9,2762.1,2763.6,9224
2025-07-17T15:21:00+05:30,2764.6,2764.9,2763.5,2764.3,2487
2025-07-17T15:22:00+05:30,2763.9,2764.6,2762.1,2763.3,5122
2025-07-17T15:23:00+05:30,2763.3,2765.3,2763.1,2763.9,4670
2025-07-17T15:24:00+05:30,2763.9,2765.3,2762.9,2764.4,3136
2025-07-17T15:25:00+05:30,2765.2,2765.2,2762.5,2763.8,3798
2025-07-17T15:26:00+05:30,2763.0,2765.0,2761.6,2762.5,3991
2025-07-17T15:27:00+05:30,2763.1,2765.2,2761.6,2762.1,3717
2025-07-17T15:28:00+05:30,2762.1,2764.0,2760.8,2762.0,1494
2025-07-17T15:29:00+05:30,2762.0,2764.3,2760.0,2760.0,1453
2025-07-16T09:15:00+05:30,2784.0,2784.0,2765.5,2775.5,4527
2025-07-16T09:16:00+05:30,2775.0,2778.2,2771.2,2774.1,1730
2025-07-16T09:17:00+05:30,2774.1,2775.0,2770.0,2771.9,597
2025-07-16T09:18:00+05:30,2771.1,2771.2,2767.3,2767.3,349
2025-07-16T09:19:00+05:30,2767.1,2768.2,2765.0,2766.1,602
2025-07-16T09:20:00+05:30,2765.5,2769.0,2765.5,2767.3,888
2025-07-16T09:21:00+05:30,2767.8,2768.5,2765.1,2765.1,544
2025-07-16T09:22:00+05:30,2765.1,2765.7,2763.0,2764.7,1233
2025-07-16T09:23:00+05:30,2764.2,2764.2,2762.2,2763.4,356
2025-07-16T09:24:00+05:30,2762.9,2763.8,2762.3,2762.6,624
2025-07-16T09:25:00+05:30,2762.9,2762.9,2761.0,2762.1,1450
2025-07-16T09:26:00+05:30,2763.3,2767.1,2763.3,2766.1,817
2025-07-16T09:27:00+05:30,2766.1,2767.0,2765.1,2767.0,618
2025-07-16T09:28:00+05:30,2767.0,2775.0,2767.0,2774.3,886
2025-07-16T09:29:00+05:30,2775.0,2776.0,2772.4,2773.7,1011
2025-07-16T09:30:00+05:30,2774.5,2775.0,2772.8,2775.0,467
2025-07-16T09:31:00+05:30,2774.8,2775.0,2773.6,2774.0,475
2025-07-16T09:32:00+05:30,2775.0,2775.0,2774.1,2775.0,249
2025-07-16T09:33:00+05:30,2775.1,2775.9,2775.0,2775.0,266
2025-07-16T09:34:00+05:30,2775.0,2776.2,2774.4,2775.0,1150
2025-07-16T09:35:00+05:30,2774.9,2775.7,2774.0,2774.8,190
2025-07-16T09:36:00+05:30,2774.8,2776.0,2774.8,2775.0,365
2025-07-16T09:37:00+05:30,2775.0,2776.5,2774.9,2775.3,86
2025-07-16T09:38:00+05:30,2776.2,2776.4,2774.8,2775.0,330
2025-07-16T09:39:00+05:30,2775.0,2776.5,2775.0,2775.4,165
2025-07-16T09:40:00+05:30,2776.5,2777.8,2776.2,2776.7,556
2025-07-16T09:41:00+05:30,2776.7,2777.7,2776.7,2777.5,62
2025-07-16T09:42:00+05:30,2776.7,2777.7,2775.9,2776.0,526
2025-07-16T09:43:00+05:30,2776.0,2776.0,2774.6,2775.0,483
2025-07-16T09:44:00+05:30,2775.9,2776.9,2775.0,2776.4,132
2025-07-16T09:45:00+05:30,2776.9,2776.9,2773.4,2774.4,140
2025-07-16T09:46:00+05:30,2774.3,2775.0,2773.6,2774.9,353
2025-07-16T09:47:00+05:30,2775.0,2775.6,2774.1,2775.0,242
2025-07-16T09:48:00+05:30,2776.0,2777.0,2775.5,2775.7,179
2025-07-16T09:49:00+05:30,2775.9,2777.0,2775.9,2776.2,108
2025-07-16T09:50:00+05:30,2777.0,2777.4,2776.2,2776.4,128
2025-07-16T09:51:00+05:30,2776.4,2777.0,2774.0,2775.4,452
2025-07-16T09:52:00+05:30,2775.6,2776.9,2775.5,2775.6,112
2025-07-16T09:53:00+05:30,2776.6,2777.0,2775.8,2777.0,266
2025-07-16T09:54:00+05:30,2777.5,2778.0,2777.0,2777.0,2152
2025-07-16T09:55:00+05:30,2777.5,2778.0,2777.0,2777.4,149
2025-07-16T09:56:00+05:30,2777.4,2778.0,2777.4,2777.7,127
2025-07-16T09:57:00+05:30,2777.7,2779.3,2777.0,2777.0,1171
2025-07-16T09:58:00+05:30,2777.0,2778.5,2777.0,2777.6,1584
2025-07-16T09:59:00+05:30,2777.6,2778.0,2777.6,2778.0,84
2025-07-16T10:00:00+05:30,2778.0,2778.1,2777.0,2777.9,430
2025-07-16T10:01:00+05:30,2777.1,2777.9,2775.6,2775.6,1002
2025-07-16T10:02:00+05:30,2775.6,2776.3,2775.0,2775.0,248
2025-07-16T10:03:00+05:30,2775.4,2777.0,2775.4,2776.0,591
2025-07-16T10:04:00+05:30,2777.0,2777.0,2776.1,2776.1,53
2025-07-16T10:05:00+05:30,2777.0,2777.0,2776.2,2776.8,37
2025-07-16T10:06:00+05:30,2776.8,2776.8,2775.0,2775.0,286
2025-07-16T10:07:00+05:30,2775.9,2776.2,2775.0,2775.0,70
2025-07-16T10:08:00+05:30,2775.0,2775.8,2774.5,2775.8,436
2025-07-16T10:09:00+05:30,2775.3,2775.9,2775.0,2775.8,55
2025-07-16T10:10:00+05:30,2775.7,2776.0,2774.4,2774.6,348
2025-07-16T10:11:00+05:30,2774.5,2776.0,2774.4,2775.5,604
2025-07-16T10:12:00+05:30,2776.0,2776.0,2774.8,2775.0,316
2025-07-16T10:13:00+05:30,2775.0,2775.0,2773.8,2775.0,264
2025-07-16T10:14:00+05:30,2775.0,2776.3,2773.3,2774.4,293
2025-07-16T10:15:00+05:30,2774.2,2774.8,2772.9,2774.0,527
2025-07-16T10:16:00+05:30,2773.3,2775.0,2772.2,2774.7,216
2025-07-16T10:17:00+05:30,2774.5,2774.5,2774.5,2774.5,145
2025-07-16T10:18:00+05:30,2774.5,2774.8,2773.5,2773.6,543
2025-07-16T10:19:00+05:30,2773.0,2775.0,2772.4,2774.8,564
2025-07-16T10:20:00+05:30,2774.7,2775.0,2774.5,2775.0,146
2025-07-16T10:21:00+05:30,2775.0,2775.0,2774.8,2775.0,183
2025-07-16T10:22:00+05:30,2775.0,2775.0,2774.2,2774.9,253
2025-07-16T10:23:00+05:30,2774.7,2775.0,2771.5,2774.0,1803
2025-07-16T10:24:00+05:30,2775.1,2775.5,2774.3,2774.6,369
2025-07-16T10:25:00+05:30,2774.9,2777.8,2774.5,2776.5,1790
2025-07-16T10:26:00+05:30,2777.5,2777.7,2774.5,2775.0,1069
2025-07-16T10:27:00+05:30,2774.9,2774.9,2773.6,2773.8,193
2025-07-16T10:28:00+05:30,2773.5,2774.7,2771.5,2773.7,1354
2025-07-16T10:29:00+05:30,2773.7,2774.0,2772.7,2773.9,218
2025-07-16T10:30:00+05:30,2773.9,2774.8,2772.9,2774.8,280
2025-07-16T10:31:00+05:30,2775.0,2775.3,2773.4,2773.5,163
2025-07-16T10:32:00+05:30,2773.4,2773.9,2772.1,2773.9,159
2025-07-16T10:33:00+05:30,2773.8,2773.9,2770.5,2770.6,560
2025-07-16T10:34:00+05:30,2771.7,2772.2,2771.2,2771.5,146
2025-07-16T10:35:00+05:30,2771.5,2771.6,2770.0,2770.4,1333
2025-07-16T10:36:00+05:30,2770.7,2770.7,2769.7,2769.7,158
2025-07-16T10:37:00+05:30,2769.7,2769.9,2769.3,2769.8,189
2025-07-16T10:38:00+05:30,2770.0,2770.2,2769.8,2770.1,173
2025-07-16T10:39:00+05:30,2770.3,2771.1,2770.1,2771.0,187
2025-07-16T10:40:00+05:30,2771.0,2771.2,2768.0,2770.7,568
2025-07-16T10:41:00+05:30,2770.4,2770.4,2769.2,2769.8,368
2025-07-16T10:42:00+05:30,2769.8,2770.0,2768.1,2768.9,717
2025-07-16T10:43:00+05:30,2768.0,2769.5,2766.6,2768.1,758
2025-07-16T10:44:00+05:30,2767.8,2768.3,2766.3,2767.7,220
2025-07-16T10:45:00+05:30,2767.8,2768.0,2766.3,2767.6,333
2025-07-16T10:46:00+05:30,2767.8,2767.8,2766.4,2767.6,178
2025-07-16T10:47:00+05:30,2767.4,2768.4,2766.1,2768.2,362
2025-07-16T10:48:00+05:30,2768.0,2768.5,2767.0,2767.4,340
2025-07-16T10:49:00+05:30,2767.0,2767.0,2763.0,2765.9,900
2025-07-16T10:50:00+05:30,2766.0,2767.0,2765.8,2766.8,544
2025-07-16T10:51:00+05:30,2767.0,2767.0,2766.8,2766.9,166
2025-07-16T10:52:00+05:30,2766.9,2767.5,2766.0,2767.5,266
2025-07-16T10:53:00+05:30,2767.5,2772.4,2767.5,2772.4,1235
2025-07-16T10:54:00+05:30,2772.3,2772.4,2770.0,2772.3,2265
2025-07-16T10:55:00+05:30,2772.4,2772.4,2768.7,2769.5,999
2025-07-16T10:56:00+05:30,2769.5,2770.3,2768.6,2768.8,152
2025-07-16T10:57:00+05:30,2768.9,2769.3,2767.9,2769.3,254
2025-07-16T10:58:00+05:30,2769.3,2769.3,2768.2,2769.0,181
2025-07-16T10:59:00+05:30,2769.0,2769.3,2768.0,2769.3,164
2025-07-16T11:00:00+05:30,2769.3,2770.6,2768.2,2770.6,181
2025-07-16T11:01:00+05:30,2770.3,2770.3,2768.7,2768.7,168
2025-07-16T11:02:00+05:30,2768.7,2768.7,2768.2,2768.7,173
2025-07-16T11:03:00+05:30,2768.7,2768.9,2768.5,2768.9,175
2025-07-16T11:04:00+05:30,2768.9,2768.9,2768.2,2768.8,141
2025-07-16T11:05:00+05:30,2768.9,2769.6,2768.0,2769.3,248
2025-07-16T11:06:00+05:30,2769.4,2769.4,2767.7,2767.7,273
2025-07-16T11:07:00+05:30,2768.4,2768.7,2767.3,2768.4,150
2025-07-16T11:08:00+05:30,2768.5,2769.6,2768.1,2769.6,156
2025-07-16T11:09:00+05:30,2769.2,2769.7,2769.1,2769.1,149
2025-07-16T11:10:00+05:30,2769.1,2769.1,2767.5,2768.7,176
2025-07-16T11:11:00+05:30,2768.0,2769.3,2768.0,2768.3,179
2025-07-16T11:12:00+05:30,2768.0,2768.3,2768.0,2768.2,202
2025-07-16T11:13:00+05:30,2768.4,2768.7,2767.0,2768.0,422
2025-07-16T11:14:00+05:30,2768.2,2768.6,2767.2,2767.7,156
2025-07-16T11:15:00+05:30,2767.8,2767.9,2766.3,2767.6,255
2025-07-16T11:16:00+05:30,2767.5,2767.5,2766.1,2766.1,314
2025-07-16T11:17:00+05:30,2766.0,2766.5,2765.0,2766.1,216
2025-07-16T11:18:00+05:30,2766.1,2766.6,2764.9,2765.5,370
2025-07-16T11:19:00+05:30,2765.6,2765.6,2764.4,2765.3,336
2025-07-16T11:20:00+05:30,2765.3,2765.7,2764.4,2765.0,347
2025-07-16T11:21:00+05:30,2765.0,2767.1,2764.6,2767.1,394
2025-07-16T11:22:00+05:30,2767.2,2767.3,2765.1,2766.9,744
2025-07-16T11:23:00+05:30,2766.9,2768.1,2765.7,2767.7,298
2025-07-16T11:24:00+05:30,2768.1,2768.9,2767.2,2768.9,289
2025-07-16T11:25:00+05:30,2769.2,2770.3,2769.2,2770.0,285
2025-07-16T11:26:00+05:30,2770.1,2770.1,2768.1,2769.2,298
2025-07-16T11:27:00+05:30,2769.2,2769.9,2769.2,2769.8,146
2025-07-16T11:28:00+05:30,2769.8,2769.8,2769.0,2769.5,158
2025-07-16T11:29:00+05:30,2769.3,2769.3,2768.1,2769.0,165
2025-07-16T11:30:00+05:30,2768.9,2768.9,2767.0,2768.0,273
2025-07-16T11:31:00+05:30,2767.7,2770.0,2767.3,2769.5,210
2025-07-16T11:32:00+05:30,2769.5,2770.1,2769.1,2770.1,167
2025-07-16T11:33:00+05:30,2769.9,2770.7,2769.2,2770.3,292
2025-07-16T11:34:00+05:30,2770.4,2770.7,2769.0,2770.2,208
2025-07-16T11:35:00+05:30,2770.2,2771.1,2770.2,2770.8,205
2025-07-16T11:36:00+05:30,2770.5,2770.8,2769.5,2769.9,386
2025-07-16T11:37:00+05:30,2770.3,2770.3,2769.3,2769.3,148
2025-07-16T11:38:00+05:30,2769.3,2769.7,2768.4,2769.6,161
2025-07-16T11:39:00+05:30,2769.3,2769.6,2769.3,2769.6,145
2025-07-16T11:40:00+05:30,2769.7,2769.8,2769.3,2769.6,146
2025-07-16T11:41:00+05:30,2769.6,2769.9,2769.6,2769.7,148
2025-07-16T11:42:00+05:30,2769.7,2769.7,2768.2,2769.7,286
2025-07-16T11:43:00+05:30,2769.4,2769.6,2768.9,2769.1,127
2025-07-16T11:44:00+05:30,2769.1,2769.1,2766.0,2767.8,440
2025-07-16T11:45:00+05:30,2767.9,2768.3,2766.7,2768.3,296
2025-07-16T11:46:00+05:30,2769.4,2769.4,2767.4,2768.9,293
2025-07-16T11:47:00+05:30,2768.9,2770.1,2768.9,2769.3,413
2025-07-16T11:48:00+05:30,2769.3,2770.2,2769.3,2769.9,149
2025-07-16T11:49:00+05:30,2770.0,2770.7,2769.5,2769.5,279
2025-07-16T11:50:00+05:30,2769.9,2770.6,2769.9,2770.0,299
2025-07-16T11:51:00+05:30,2770.0,2770.0,2769.2,2770.0,413
2025-07-16T11:52:00+05:30,2770.0,2770.0,2768.3,2769.9,173
2025-07-16T11:53:00+05:30,2769.8,2770.0,2768.6,2770.0,636
2025-07-16T11:54:00+05:30,2770.0,2771.0,2768.2,2770.0,7216
2025-07-16T11:55:00+05:30,2770.0,2770.0,2768.4,2768.9,746
2025-07-16T11:56:00+05:30,2768.9,2769.8,2768.0,2768.0,156
2025-07-16T11:57:00+05:30,2767.9,2769.2,2765.7,2765.9,21153
2025-07-16T11:58:00+05:30,2766.5,2767.5,2766.5,2766.9,230
2025-07-16T11:59:00+05:30,2766.9,2767.2,2766.1,2767.1,146
2025-07-16T12:00:00+05:30,2767.4,2767.7,2766.5,2767.4,174
2025-07-16T12:01:00+05:30,2767.4,2769.1,2767.0,2767.8,370
2025-07-16T12:02:00+05:30,2767.8,2769.9,2767.8,2769.9,155
2025-07-16T12:03:00+05:30,2769.6,2769.6,2768.5,2768.7,181
2025-07-16T12:04:00+05:30,2768.9,2769.8,2768.8,2769.0,245
2025-07-16T12:05:00+05:30,2769.0,2769.2,2767.0,2767.9,263
2025-07-16T12:06:00+05:30,2767.9,2768.5,2767.9,2768.5,327
2025-07-16T12:07:00+05:30,2768.4,2769.0,2768.4,2768.8,307
2025-07-16T12:08:00+05:30,2768.9,2768.9,2768.4,2768.4,185
2025-07-16T12:09:00+05:30,2768.5,2768.9,2767.4,2768.9,153
2025-07-16T12:10:00+05:30,2768.9,2768.9,2767.7,2768.4,159
2025-07-16T12:11:00+05:30,2767.3,2768.7,2767.0,2768.1,430
2025-07-16T12:12:00+05:30,2768.1,2769.2,2767.9,2769.2,245
2025-07-16T12:13:00+05:30,2769.1,2769.2,2767.4,2767.5,365
2025-07-16T12:14:00+05:30,2767.4,2767.9,2766.8,2767.5,162
2025-07-16T12:15:00+05:30,2767.5,2767.5,2766.6,2767.2,156
2025-07-16T12:16:00+05:30,2766.6,2766.6,2765.0,2765.5,510
2025-07-16T12:17:00+05:30,2765.7,2765.7,2764.6,2765.7,352
2025-07-16T12:18:00+05:30,2765.1,2765.3,2764.9,2765.2,146
2025-07-16T12:19:00+05:30,2765.4,2765.8,2765.3,2765.8,142
2025-07-16T12:20:00+05:30,2765.8,2766.4,2765.8,2766.1,164
2025-07-16T12:21:00+05:30,2766.3,2766.3,2765.8,2766.1,216
2025-07-16T12:22:00+05:30,2766.0,2766.6,2766.0,2766.5,156
2025-07-16T12:23:00+05:30,2766.4,2766.4,2764.3,2764.3,316
2025-07-16T12:24:00+05:30,2764.3,2764.6,2763.9,2764.4,297
2025-07-16T12:25:00+05:30,2764.6,2765.4,2764.5,2765.2,136
2025-07-16T12:26:00+05:30,2764.9,2766.2,2764.7,2766.1,266
2025-07-16T12:27:00+05:30,2766.2,2767.0,2766.2,2767.0,220
2025-07-16T12:28:00+05:30,2767.0,2767.0,2765.2,2766.8,300
2025-07-16T12:29:00+05:30,2766.5,2767.0,2765.6,2767.0,335
2025-07-16T12:30:00+05:30,2767.0,2767.0,2766.2,2767.0,172
2025-07-16T12:31:00+05:30,2766.3,2767.0,2766.1,2767.0,155
2025-07-16T12:32:00+05:30,2767.0,2767.0,2766.3,2766.3,184
2025-07-16T12:33:00+05:30,2766.3,2767.0,2766.3,2766.8,261
2025-07-16T12:34:00+05:30,2767.0,2767.0,2766.8,2767.0,244
2025-07-16T12:35:00+05:30,2766.9,2767.0,2766.3,2767.0,150
2025-07-16T12:36:00+05:30,2767.0,2767.0,2766.3,2766.5,165
2025-07-16T12:37:00+05:30,2766.5,2767.0,2765.4,2765.6,156
2025-07-16T12:38:00+05:30,2765.8,2766.6,2765.5,2766.0,292
2025-07-16T12:39:00+05:30,2766.2,2767.0,2766.1,2766.7,153
2025-07-16T12:40:00+05:30,2767.0,2767.0,2764.3,2764.9,604
2025-07-16T12:41:00+05:30,2765.8,2765.8,2763.9,2764.4,169
2025-07-16T12:42:00+05:30,2764.4,2765.2,2764.4,2765.0,149
2025-07-16T12:43:00+05:30,2765.1,2765.8,2763.9,2765.7,402
2025-07-16T12:44:00+05:30,2765.6,2766.3,2764.3,2766.2,257
2025-07-16T12:45:00+05:30,2766.1,2767.0,2766.1,2767.0,158
2025-07-16T12:46:00+05:30,2766.1,2766.9,2765.9,2766.9,434
2025-07-16T12:47:00+05:30,2766.9,2767.0,2765.6,2766.9,2231
2025-07-16T12:48:00+05:30,2767.0,2767.0,2765.4,2766.9,841
2025-07-16T12:49:00+05:30,2766.9,2767.0,2765.8,2766.8,256
2025-07-16T12:50:00+05:30,2766.7,2766.9,2765.7,2765.9,162
2025-07-16T12:51:00+05:30,2765.7,2766.5,2765.1,2766.4,160
2025-07-16T12:52:00+05:30,2766.4,2766.5,2765.7,2766.4,178
2025-07-16T12:53:00+05:30,2766.4,2766.7,2765.0,2766.2,228
2025-07-16T12:54:00+05:30,2765.8,2766.2,2765.5,2765.9,211
2025-07-16T12:55:00+05:30,2765.9,2766.9,2765.9,2766.9,175
2025-07-16T12:56:00+05:30,2766.9,2766.9,2766.5,2766.8,168
2025-07-16T12:57:00+05:30,2766.8,2767.0,2766.8,2767.0,199
2025-07-16T12:58:00+05:30,2767.0,2767.0,2766.3,2766.4,155
2025-07-16T12:59:00+05:30,2766.5,2767.0,2765.6,2767.0,168
2025-07-16T13:00:00+05:30,2766.9,2766.9,2765.7,2766.8,174
2025-07-16T13:01:00+05:30,2766.2,2766.5,2765.4,2766.4,152
2025-07-16T13:02:00+05:30,2766.4,2767.0,2766.4,2766.7,161
2025-07-16T13:03:00+05:30,2766.6,2766.9,2766.0,2766.7,388
2025-07-16T13:04:00+05:30,2766.7,2766.7,2766.0,2766.7,228
2025-07-16T13:05:00+05:30,2766.9,2767.0,2766.0,2766.0,168
2025-07-16T13:06:00+05:30,2766.7,2766.7,2766.0,2766.1,194
2025-07-16T13:07:00+05:30,2766.2,2766.9,2766.2,2766.9,209
2025-07-16T13:08:00+05:30,2767.0,2767.0,2765.7,2766.8,227
2025-07-16T13:09:00+05:30,2766.9,2767.0,2765.8,2766.8,182
2025-07-16T13:10:00+05:30,2766.8,2767.0,2765.6,2766.9,188
2025-07-16T13:11:00+05:30,2766.9,2766.9,2766.9,2766.9,150
2025-07-16T13:12:00+05:30,2766.9,2766.9,2766.0,2766.0,167
2025-07-16T13:13:00+05:30,2766.0,2766.0,2765.8,2765.8,162
2025-07-16T13:14:00+05:30,2765.8,2767.0,2765.5,2767.0,185
2025-07-16T13:15:00+05:30,2767.0,2767.0,2766.8,2767.0,159
2025-07-16T13:16:00+05:30,2767.0,2767.0,2766.8,2766.8,301
2025-07-16T13:17:00+05:30,2766.8,2767.5,2766.8,2767.0,486
2025-07-16T13:18:00+05:30,2767.0,2767.5,2766.0,2766.5,1709
2025-07-16T13:19:00+05:30,2767.0,2767.0,2766.0,2766.8,155
2025-07-16T13:20:00+05:30,2766.8,2766.9,2765.9,2766.9,169
2025-07-16T13:21:00+05:30,2766.9,2767.0,2765.5,2766.8,197
2025-07-16T13:22:00+05:30,2766.8,2767.0,2766.2,2767.0,516
2025-07-16T13:23:00+05:30,2767.0,2767.0,2766.0,2766.8,235
2025-07-16T13:24:00+05:30,2767.0,2767.5,2767.0,2767.4,217
2025-07-16T13:25:00+05:30,2767.4,2767.5,2766.4,2767.5,170
2025-07-16T13:26:00+05:30,2767.5,2767.5,2767.1,2767.4,147
2025-07-16T13:27:00+05:30,2767.5,2767.5,2766.5,2767.5,189
2025-07-16T13:28:00+05:30,2767.5,2767.5,2767.3,2767.5,138
2025-07-16T13:29:00+05:30,2766.4,2767.5,2766.4,2767.5,264
2025-07-16T13:30:00+05:30,2766.7,2767.5,2766.3,2767.5,388
2025-07-16T13:31:00+05:30,2767.4,2767.5,2766.1,2766.8,315
2025-07-16T13:32:00+05:30,2766.7,2766.7,2765.8,2766.0,650
2025-07-16T13:33:00+05:30,2766.0,2766.9,2765.8,2766.8,299
2025-07-16T13:34:00+05:30,2766.8,2767.0,2765.8,2765.8,380
2025-07-16T13:35:00+05:30,2765.8,2766.7,2765.6,2765.7,406
2025-07-16T13:36:00+05:30,2765.8,2766.3,2765.1,2765.6,423
2025-07-16T13:37:00+05:30,2765.6,2767.0,2765.0,2767.0,446
2025-07-16T13:38:00+05:30,2766.7,2766.7,2766.1,2766.3,149
2025-07-16T13:39:00+05:30,2766.3,2766.9,2766.1,2766.9,154
2025-07-16T13:40:00+05:30,2767.0,2767.0,2765.8,2766.8,260
2025-07-16T13:41:00+05:30,2767.0,2767.0,2765.9,2767.0,235
2025-07-16T13:42:00+05:30,2767.0,2767.0,2765.9,2767.0,163
2025-07-16T13:43:00+05:30,2767.0,2767.0,2766.5,2766.5,299
2025-07-16T13:44:00+05:30,2766.1,2767.0,2766.1,2767.0,350
2025-07-16T13:45:00+05:30,2767.0,2767.0,2766.8,2766.8,152
2025-07-16T13:46:00+05:30,2766.8,2767.0,2766.8,2766.8,150
2025-07-16T13:47:00+05:30,2766.8,2767.0,2766.8,2767.0,151
2025-07-16T13:48:00+05:30,2767.0,2767.0,2766.5,2766.8,161
2025-07-16T13:49:00+05:30,2766.9,2767.0,2765.2,2766.6,671
2025-07-16T13:50:00+05:30,2766.6,2767.0,2766.3,2767.0,1058
2025-07-16T13:51:00+05:30,2767.0,2767.0,2766.8,2766.9,181
2025-07-16T13:52:00+05:30,2766.9,2767.0,2766.7,2767.0,149
2025-07-16T13:53:00+05:30,2766.8,2767.0,2766.8,2767.0,179
2025-07-16T13:54:00+05:30,2767.0,2767.0,2765.7,2766.2,186
2025-07-16T13:55:00+05:30,2766.2,2766.6,2766.1,2766.5,203
2025-07-16T13:56:00+05:30,2766.5,2766.8,2766.2,2766.8,151
2025-07-16T13:57:00+05:30,2766.7,2766.8,2766.5,2766.8,162
2025-07-16T13:58:00+05:30,2766.7,2766.9,2765.5,2766.9,161
2025-07-16T13:59:00+05:30,2766.8,2766.8,2765.8,2765.9,190
2025-07-16T14:00:00+05:30,2766.0,2767.0,2765.4,2767.0,159
2025-07-16T14:01:00+05:30,2766.4,2767.0,2766.4,2767.0,159
2025-07-16T14:02:00+05:30,2767.0,2767.0,2765.7,2766.5,225
2025-07-16T14:03:00+05:30,2766.5,2767.0,2766.0,2766.8,187
2025-07-16T14:04:00+05:30,2766.8,2767.0,2766.0,2766.5,320
2025-07-16T14:05:00+05:30,2766.5,2767.0,2765.9,2767.0,215
2025-07-16T14:06:00+05:30,2767.0,2767.0,2766.8,2767.0,154
2025-07-16T14:07:00+05:30,2767.0,2767.0,2766.8,2767.0,158
2025-07-16T14:08:00+05:30,2767.0,2767.0,2766.8,2767.0,153
2025-07-16T14:09:00+05:30,2767.0,2767.0,2766.8,2766.8,160
2025-07-16T14:10:00+05:30,2766.8,2767.0,2766.8,2767.0,149
2025-07-16T14:11:00+05:30,2767.0,2767.0,2766.4,2767.0,1123
2025-07-16T14:12:00+05:30,2766.9,2770.9,2766.9,2770.5,9196
2025-07-16T14:13:00+05:30,2770.8,2770.9,2768.6,2769.4,1058
2025-07-16T14:14:00+05:30,2769.9,2770.5,2766.5,2766.5,805
2025-07-16T14:15:00+05:30,2766.4,2767.9,2765.0,2766.1,3182
2025-07-16T14:16:00+05:30,2765.9,2767.0,2764.1,2766.5,2015
2025-07-16T14:17:00+05:30,2766.1,2767.0,2766.0,2767.0,345
2025-07-16T14:18:00+05:30,2767.0,2767.0,2766.2,2767.0,446
2025-07-16T14:19:00+05:30,2767.0,2768.0,2766.5,2768.0,4895
2025-07-16T14:20:00+05:30,2767.9,2768.0,2764.4,2765.3,1093
2025-07-16T14:21:00+05:30,2765.0,2765.5,2764.0,2765.5,425
2025-07-16T14:22:00+05:30,2764.9,2764.9,2763.1,2764.6,689
2025-07-16T14:23:00+05:30,2764.6,2764.7,2763.8,2763.8,57
2025-07-16T14:24:00+05:30,2764.3,2765.1,2763.5,2765.1,582
2025-07-16T14:25:00+05:30,2765.1,2765.6,2765.0,2765.6,240
2025-07-16T14:26:00+05:30,2765.5,2765.6,2763.1,2763.3,757
2025-07-16T14:27:00+05:30,2764.6,2764.7,2763.2,2763.2,129
2025-07-16T14:28:00+05:30,2764.3,2764.8,2763.5,2764.7,209
2025-07-16T14:29:00+05:30,2764.7,2764.7,2763.2,2764.3,208
2025-07-16T14:30:00+05:30,2764.3,2764.8,2763.5,2764.8,236
2025-07-16T14:31:00+05:30,2764.7,2764.9,2763.6,2764.7,47
2025-07-16T14:32:00+05:30,2764.0,2764.8,2763.6,2763.6,65
2025-07-16T14:33:00+05:30,2764.7,2764.7,2761.2,2762.3,977
2025-07-16T14:34:00+05:30,2762.3,2763.1,2761.4,2763.1,48
2025-07-16T14:35:00+05:30,2763.1,2764.0,2762.8,2763.9,189
2025-07-16T14:36:00+05:30,2763.7,2763.7,2763.0,2763.0,46
2025-07-16T14:37:00+05:30,2763.5,2763.5,2762.1,2763.0,67
2025-07-16T14:38:00+05:30,2763.0,2763.6,2762.2,2763.4,468
2025-07-16T14:39:00+05:30,2762.3,2764.5,2762.3,2764.3,1363
2025-07-16T14:40:00+05:30,2764.0,2764.9,2762.2,2764.0,2289
2025-07-16T14:41:00+05:30,2764.0,2764.6,2762.2,2763.6,1666
2025-07-16T14:42:00+05:30,2763.6,2764.5,2762.4,2762.5,1552
2025-07-16T14:43:00+05:30,2762.5,2763.3,2761.4,2762.5,1895
2025-07-16T14:44:00+05:30,2762.0,2762.0,2761.2,2761.2,1722
2025-07-16T14:45:00+05:30,2761.9,2762.0,2761.5,2761.5,1051
2025-07-16T14:46:00+05:30,2761.2,2761.5,2759.1,2760.0,7863
2025-07-16T14:47:00+05:30,2760.0,2760.0,2758.9,2760.0,1687
2025-07-16T14:48:00+05:30,2760.0,2760.0,2759.1,2760.0,1362
2025-07-16T14:49:00+05:30,2760.0,2760.0,2759.4,2760.0,2442
2025-07-16T14:50:00+05:30,2760.0,2760.0,2759.6,2759.7,2358
2025-07-16T14:51:00+05:30,2760.0,2760.0,2759.6,2760.0,1136
2025-07-16T14:52:00+05:30,2760.0,2762.0,2759.2,2762.0,8008
2025-07-16T14:53:00+05:30,2762.3,2763.6,2761.3,2761.5,6716
2025-07-16T14:54:00+05:30,2761.6,2763.0,2761.6,2763.0,2878
2025-07-16T14:55:00+05:30,2763.0,2764.3,2762.1,2764.1,3184
2025-07-16T14:56:00+05:30,2763.0,2766.0,2762.6,2765.9,5412
2025-07-16T14:57:00+05:30,2765.9,2767.7,2765.5,2767.2,3370
2025-07-16T14:58:00+05:30,2767.1,2769.3,2766.0,2768.1,2519
2025-07-16T14:59:00+05:30,2768.1,2771.3,2766.7,2770.7,2219
2025-07-16T15:00:00+05:30,2770.7,2771.2,2766.7,2769.1,2233
2025-07-16T15:01:00+05:30,2769.2,2769.3,2765.0,2765.3,2129
2025-07-16T15:02:00+05:30,2765.4,2766.0,2763.3,2764.7,2022
2025-07-16T15:03:00+05:30,2764.8,2765.0,2763.6,2764.9,1527
2025-07-16T15:04:00+05:30,2764.8,2765.0,2763.2,2764.5,1257
2025-07-16T15:05:00+05:30,2764.5,2765.0,2762.6,2764.3,4841
2025-07-16T15:06:00+05:30,2764.1,2765.0,2761.9,2762.4,7038
2025-07-16T15:07:00+05:30,2762.5,2763.9,2760.2,2762.5,26447
2025-07-16T15:08:00+05:30,2762.7,2764.2,2761.2,2763.1,9926
2025-07-16T15:09:00+05:30,2763.9,2765.5,2762.8,2765.3,1860
2025-07-16T15:10:00+05:30,2764.9,2765.0,2760.5,2763.1,12128
2025-07-16T15:11:00+05:30,2763.3,2763.8,2761.0,2763.2,7548
2025-07-16T15:12:00+05:30,2763.2,2763.8,2762.2,2763.2,1626
2025-07-16T15:13:00+05:30,2763.1,2765.0,2763.0,2763.5,2786
2025-07-16T15:14:00+05:30,2763.5,2764.1,2760.8,2761.0,7045
2025-07-16T15:15:00+05:30,2761.0,2763.2,2758.0,2759.1,18629
2025-07-16T15:16:00+05:30,2759.4,2763.6,2759.1,2761.7,3539
2025-07-16T15:17:00+05:30,2762.3,2764.3,2761.9,2764.0,2434
2025-07-16T15:18:00+05:30,2764.0,2766.2,2763.4,2766.1,1479
2025-07-16T15:19:00+05:30,2765.7,2766.1,2762.8,2765.3,3117
2025-07-16T15:20:00+05:30,2765.8,2767.0,2764.2,2764.5,2609
2025-07-16T15:21:00+05:30,2764.9,2765.1,2764.3,2765.0,626
2025-07-16T15:22:00+05:30,2765.0,2765.1,2763.7,2764.7,613
2025-07-16T15:23:00+05:30,2764.7,2764.8,2762.1,2762.9,1975
2025-07-16T15:24:00+05:30,2762.9,2764.7,2762.2,2762.2,3847
2025-07-16T15:25:00+05:30,2762.4,2763.1,2761.2,2763.1,2769
2025-07-16T15:26:00+05:30,2762.9,2764.0,2761.1,2764.0,1953
2025-07-16T15:27:00+05:30,2763.5,2763.5,2760.0,2760.5,3165
2025-07-16T15:28:00+05:30,2760.5,2763.4,2758.3,2758.3,3246
2025-07-16T15:29:00+05:30,2758.3,2763.5,2758.0,2758.0,2864
2025-07-15T09:15:00+05:30,2789.0,2808.0,2785.1,2807.8,4453
2025-07-15T09:16:00+05:30,2806.2,2806.7,2799.9,2806.7,2850
2025-07-15T09:17:00+05:30,2806.7,2807.0,2803.2,2806.9,2640
2025-07-15T09:18:00+05:30,2805.7,2807.0,2801.6,2805.3,2404
2025-07-15T09:19:00+05:30,2805.5,2807.0,2803.1,2804.7,2079
2025-07-15T09:20:00+05:30,2804.8,2807.0,2804.2,2805.9,1767
2025-07-15T09:21:00+05:30,2805.9,2807.0,2804.2,2807.0,1968
2025-07-15T09:22:00+05:30,2807.0,2809.2,2806.7,2808.9,2073
2025-07-15T09:23:00+05:30,2808.0,2811.0,2805.8,2810.1,3105
2025-07-15T09:24:00+05:30,2810.1,2810.6,2806.9,2809.6,3150
2025-07-15T09:25:00+05:30,2809.8,2812.1,2808.5,2808.7,2425
2025-07-15T09:26:00+05:30,2808.1,2808.7,2805.1,2807.7,2858
2025-07-15T09:27:00+05:30,2806.8,2806.8,2801.1,2801.1,3097
2025-07-15T09:28:00+05:30,2801.2,2803.1,2800.0,2802.7,2070
2025-07-15T09:29:00+05:30,2801.8,2803.5,2800.2,2800.9,1207
2025-07-15T09:30:00+05:30,2802.0,2805.7,2802.0,2805.0,371
2025-07-15T09:31:00+05:30,2805.9,2806.0,2802.8,2803.0,1293
2025-07-15T09:32:00+05:30,2802.8,2803.4,2801.0,2802.0,1545
2025-07-15T09:33:00+05:30,2803.8,2803.9,2800.0,2800.0,200
2025-07-15T09:34:00+05:30,2800.6,2801.7,2799.1,2800.6,2039
2025-07-15T09:35:00+05:30,2801.1,2801.1,2798.2,2798.2,1085
2025-07-15T09:36:00+05:30,2798.9,2799.0,2795.0,2795.0,1542
2025-07-15T09:37:00+05:30,2796.0,2799.6,2795.5,2799.1,437
2025-07-15T09:38:00+05:30,2799.0,2800.6,2798.1,2798.1,393
2025-07-15T09:39:00+05:30,2799.7,2800.0,2797.7,2798.3,770
2025-07-15T09:40:00+05:30,2798.7,2799.9,2798.3,2799.9,339
2025-07-15T09:41:00+05:30,2799.4,2799.7,2793.7,2793.7,807
2025-07-15T09:42:00+05:30,2793.3,2796.5,2793.1,2795.6,923
2025-07-15T09:43:00+05:30,2795.6,2796.1,2794.0,2795.4,103
2025-07-15T09:44:00+05:30,2795.0,2795.9,2794.0,2794.0,251
2025-07-15T09:45:00+05:30,2795.0,2795.0,2793.2,2793.2,367
2025-07-15T09:46:00+05:30,2793.9,2794.3,2793.0,2794.3,907
2025-07-15T09:47:00+05:30,2795.0,2795.3,2794.0,2795.0,22
2025-07-15T09:48:00+05:30,2794.0,2794.8,2793.1,2794.0,1249
2025-07-15T09:49:00+05:30,2794.1,2795.6,2792.0,2792.0,1390
2025-07-15T09:50:00+05:30,2792.0,2792.0,2791.0,2791.9,252
2025-07-15T09:51:00+05:30,2791.8,2792.0,2790.8,2790.8,943
2025-07-15T09:52:00+05:30,2791.4,2793.4,2791.4,2792.0,364
2025-07-15T09:53:00+05:30,2793.1,2793.4,2791.7,2791.8,179
2025-07-15T09:54:00+05:30,2791.7,2793.1,2785.6,2787.0,4517
2025-07-15T09:55:00+05:30,2786.7,2787.6,2783.8,2784.2,1942
2025-07-15T09:56:00+05:30,2785.4,2786.5,2785.1,2785.1,125
2025-07-15T09:57:00+05:30,2785.8,2785.8,2784.2,2784.6,677
2025-07-15T09:58:00+05:30,2785.0,2785.9,2780.6,2781.1,831
2025-07-15T09:59:00+05:30,2781.1,2783.8,2781.0,2782.6,2248
2025-07-15T10:00:00+05:30,2782.7,2785.9,2782.7,2785.0,240
2025-07-15T10:01:00+05:30,2784.8,2785.4,2782.9,2785.4,110
2025-07-15T10:02:00+05:30,2786.2,2789.8,2786.2,2789.7,462
2025-07-15T10:03:00+05:30,2789.8,2790.0,2786.7,2786.7,770
2025-07-15T10:04:00+05:30,2787.9,2790.0,2787.9,2790.0,243
2025-07-15T10:05:00+05:30,2789.0,2790.4,2788.9,2789.2,329
2025-07-15T10:06:00+05:30,2789.1,2789.1,2787.7,2787.8,307
2025-07-15T10:07:00+05:30,2788.5,2789.2,2787.5,2789.2,101
2025-07-15T10:08:00+05:30,2789.6,2789.6,2787.6,2787.6,181
2025-07-15T10:09:00+05:30,2788.3,2788.8,2787.0,2787.5,363
2025-07-15T10:10:00+05:30,2786.6,2786.9,2785.9,2786.9,204
2025-07-15T10:11:00+05:30,2786.9,2788.4,2786.2,2788.4,101
2025-07-15T10:12:00+05:30,2788.4,2788.5,2787.2,2788.5,98
2025-07-15T10:13:00+05:30,2788.5,2789.7,2788.5,2788.5,119
2025-07-15T10:14:00+05:30,2787.8,2788.0,2787.8,2788.0,53
2025-07-15T10:15:00+05:30,2786.7,2788.5,2786.6,2788.5,186
2025-07-15T10:16:00+05:30,2789.4,2789.4,2787.5,2788.1,131
2025-07-15T10:17:00+05:30,2788.1,2788.1,2785.9,2785.9,116
2025-07-15T10:18:00+05:30,2786.8,2786.8,2780.2,2785.0,2914
2025-07-15T10:19:00+05:30,2785.0,2785.6,2784.2,2784.6,44
2025-07-15T10:20:00+05:30,2784.6,2786.2,2783.9,2785.9,156
2025-07-15T10:21:00+05:30,2785.0,2785.1,2783.4,2784.0,182
2025-07-15T10:22:00+05:30,2784.0,2785.3,2783.2,2785.3,429
2025-07-15T10:23:00+05:30,2785.9,2786.9,2784.0,2784.1,1846
2025-07-15T10:24:00+05:30,2784.0,2784.0,2782.5,2783.5,303
2025-07-15T10:25:00+05:30,2783.3,2783.3,2782.0,2782.2,283
2025-07-15T10:26:00+05:30,2782.5,2782.5,2780.6,2781.6,189
2025-07-15T10:27:00+05:30,2781.8,2782.5,2781.6,2782.0,189
2025-07-15T10:28:00+05:30,2782.5,2786.4,2782.5,2786.4,621
2025-07-15T10:29:00+05:30,2785.8,2786.2,2784.7,2786.1,402
2025-07-15T10:30:00+05:30,2786.7,2786.7,2786.1,2786.4,169
2025-07-15T10:31:00+05:30,2787.0,2790.4,2787.0,2789.4,458
2025-07-15T10:32:00+05:30,2788.6,2789.5,2787.4,2789.0,283
2025-07-15T10:33:00+05:30,2788.8,2788.9,2787.7,2788.9,178
2025-07-15T10:34:00+05:30,2788.9,2789.6,2788.9,2789.6,595
2025-07-15T10:35:00+05:30,2789.2,2792.7,2789.0,2792.6,865
2025-07-15T10:36:00+05:30,2791.7,2793.6,2791.5,2793.6,335
2025-07-15T10:37:00+05:30,2792.6,2793.4,2791.2,2793.1,1099
2025-07-15T10:38:00+05:30,2793.0,2793.2,2792.0,2793.1,133
2025-07-15T10:39:00+05:30,2793.0,2794.0,2792.0,2792.4,990
2025-07-15T10:40:00+05:30,2793.0,2793.6,2792.0,2793.0,482
2025-07-15T10:41:00+05:30,2792.9,2793.0,2792.1,2793.0,381
2025-07-15T10:42:00+05:30,2794.0,2796.9,2794.0,2796.9,1790
2025-07-15T10:43:00+05:30,2796.9,2797.9,2795.1,2796.0,1086
2025-07-15T10:44:00+05:30,2795.2,2796.6,2793.8,2794.7,2544
2025-07-15T10:45:00+05:30,2796.3,2796.4,2796.3,2796.4,26
2025-07-15T10:46:00+05:30,2795.1,2795.5,2794.2,2794.6,193
2025-07-15T10:47:00+05:30,2794.6,2796.0,2794.6,2795.2,188
2025-07-15T10:48:00+05:30,2795.5,2795.7,2794.2,2794.2,41
2025-07-15T10:49:00+05:30,2794.6,2795.7,2794.6,2795.7,40
2025-07-15T10:50:00+05:30,2796.0,2796.6,2796.0,2796.6,147
2025-07-15T10:51:00+05:30,2796.5,2796.6,2796.0,2796.6,51
2025-07-15T10:52:00+05:30,2796.6,2797.6,2796.6,2797.6,556
2025-07-15T10:53:00+05:30,2798.0,2799.0,2795.1,2797.4,803
2025-07-15T10:54:00+05:30,2797.2,2798.6,2791.8,2794.8,1597
2025-07-15T10:55:00+05:30,2795.6,2795.6,2795.6,2795.6,14
2025-07-15T10:56:00+05:30,2795.4,2795.4,2793.1,2793.1,40
2025-07-15T10:57:00+05:30,2793.1,2793.1,2792.1,2793.0,68
2025-07-15T10:58:00+05:30,2793.5,2794.4,2793.4,2793.8,33
2025-07-15T10:59:00+05:30,2794.3,2794.4,2793.2,2793.2,42
2025-07-15T11:00:00+05:30,2794.0,2794.0,2792.3,2792.4,65
2025-07-15T11:01:00+05:30,2794.0,2795.8,2794.0,2795.8,282
2025-07-15T11:02:00+05:30,2796.0,2797.5,2796.0,2797.5,170
2025-07-15T11:03:00+05:30,2797.4,2798.6,2796.8,2797.3,154
2025-07-15T11:04:00+05:30,2796.8,2797.8,2796.8,2797.0,427
2025-07-15T11:05:00+05:30,2797.1,2800.2,2797.0,2800.1,3151
2025-07-15T11:06:00+05:30,2799.7,2801.9,2798.8,2798.8,3651
2025-07-15T11:07:00+05:30,2800.0,2801.6,2798.9,2800.0,327
2025-07-15T11:08:00+05:30,2801.3,2801.7,2800.0,2801.5,653
2025-07-15T11:09:00+05:30,2800.1,2801.5,2799.4,2799.7,416
2025-07-15T11:10:00+05:30,2798.5,2799.3,2797.5,2797.5,317
2025-07-15T11:11:00+05:30,2797.8,2802.0,2797.5,2800.5,1688
2025-07-15T11:12:00+05:30,2801.5,2802.1,2799.4,2800.0,747
2025-07-15T11:13:00+05:30,2800.0,2800.0,2796.1,2798.4,599
2025-07-15T11:14:00+05:30,2797.8,2797.8,2796.0,2796.3,217
2025-07-15T11:15:00+05:30,2797.4,2797.4,2796.0,2797.1,187
2025-07-15T11:16:00+05:30,2797.0,2799.0,2796.0,2797.4,2507
2025-07-15T11:17:00+05:30,2797.6,2798.2,2796.6,2798.2,151
2025-07-15T11:18:00+05:30,2798.0,2798.0,2796.3,2796.3,70
2025-07-15T11:19:00+05:30,2796.6,2797.7,2795.0,2797.7,2383
2025-07-15T11:20:00+05:30,2797.7,2798.9,2797.7,2798.9,33
2025-07-15T11:21:00+05:30,2798.9,2800.0,2798.9,2799.3,828
2025-07-15T11:22:00+05:30,2799.3,2799.3,2797.8,2797.8,95
2025-07-15T11:23:00+05:30,2797.9,2800.0,2797.4,2800.0,1959
2025-07-15T11:24:00+05:30,2800.0,2800.5,2799.9,2800.5,306
2025-07-15T11:25:00+05:30,2799.2,2800.0,2799.2,2800.0,25
2025-07-15T11:26:00+05:30,2800.4,2801.8,2800.4,2801.0,183
2025-07-15T11:27:00+05:30,2801.0,2801.8,2800.5,2800.5,349
2025-07-15T11:28:00+05:30,2801.7,2801.7,2799.6,2799.9,20
2025-07-15T11:29:00+05:30,2799.9,2801.0,2798.9,2799.1,670
2025-07-15T11:30:00+05:30,2799.1,2801.5,2799.1,2800.2,53
2025-07-15T11:31:00+05:30,2801.5,2801.5,2799.5,2800.0,2081
2025-07-15T11:32:00+05:30,2800.1,2802.0,2800.1,2800.5,1311
2025-07-15T11:33:00+05:30,2801.9,2802.0,2799.0,2800.0,1575
2025-07-15T11:34:00+05:30,2800.0,2801.1,2799.0,2800.1,739
2025-07-15T11:35:00+05:30,2800.1,2801.1,2800.0,2800.2,225
2025-07-15T11:36:00+05:30,2800.2,2801.4,2800.0,2800.9,243
2025-07-15T11:37:00+05:30,2800.0,2800.1,2796.0,2796.2,1977
2025-07-15T11:38:00+05:30,2796.4,2796.4,2791.7,2792.8,2841
2025-07-15T11:39:00+05:30,2792.7,2797.6,2792.7,2797.6,319
2025-07-15T11:40:00+05:30,2797.6,2800.1,2796.4,2798.5,670
2025-07-15T11:41:00+05:30,2800.0,2800.0,2798.2,2799.0,165
2025-07-15T11:42:00+05:30,2799.1,2800.1,2798.2,2798.2,920
2025-07-15T11:43:00+05:30,2798.4,2800.0,2796.6,2798.0,1203
2025-07-15T11:44:00+05:30,2797.8,2798.6,2796.6,2797.9,282
2025-07-15T11:45:00+05:30,2797.5,2797.8,2797.0,2797.8,107
2025-07-15T11:46:00+05:30,2797.8,2797.9,2796.3,2796.5,387
2025-07-15T11:47:00+05:30,2796.9,2797.3,2795.1,2795.1,366
2025-07-15T11:48:00+05:30,2795.2,2795.9,2795.0,2795.0,297
2025-07-15T11:49:00+05:30,2795.2,2796.8,2794.8,2795.9,99
2025-07-15T11:50:00+05:30,2796.7,2796.7,2794.4,2794.4,95
2025-07-15T11:51:00+05:30,2794.5,2796.0,2793.9,2794.3,353
2025-07-15T11:52:00+05:30,2794.3,2794.8,2792.2,2793.1,827
2025-07-15T11:53:00+05:30,2794.4,2794.4,2792.6,2793.1,105
2025-07-15T11:54:00+05:30,2793.3,2794.4,2792.9,2793.2,289
2025-07-15T11:55:00+05:30,2793.2,2795.2,2793.2,2793.9,138
2025-07-15T11:56:00+05:30,2794.1,2795.8,2793.4,2794.4,100
2025-07-15T11:57:00+05:30,2794.5,2795.7,2794.4,2794.6,143
2025-07-15T11:58:00+05:30,2795.0,2795.0,2794.6,2794.6,130
2025-07-15T11:59:00+05:30,2795.0,2795.0,2794.6,2794.6,168
2025-07-15T12:00:00+05:30,2795.0,2795.3,2794.5,2795.1,326
2025-07-15T12:01:00+05:30,2796.0,2796.3,2794.5,2794.7,108
2025-07-15T12:02:00+05:30,2794.6,2795.2,2793.9,2794.0,572
2025-07-15T12:03:00+05:30,2794.0,2794.7,2793.9,2794.7,94
2025-07-15T12:04:00+05:30,2793.6,2794.7,2793.3,2793.3,94
2025-07-15T12:05:00+05:30,2793.3,2794.7,2793.3,2793.5,97
2025-07-15T12:06:00+05:30,2794.6,2794.6,2790.0,2790.1,2073
2025-07-15T12:07:00+05:30,2790.2,2792.1,2790.0,2790.4,298
2025-07-15T12:08:00+05:30,2790.4,2791.6,2790.0,2790.0,87
2025-07-15T12:09:00+05:30,2790.0,2790.5,2789.5,2790.5,59
2025-07-15T12:10:00+05:30,2790.0,2790.7,2789.2,2790.0,63
2025-07-15T12:11:00+05:30,2790.0,2790.0,2789.0,2790.0,92
2025-07-15T12:12:00+05:30,2789.9,2793.5,2789.9,2791.3,349
2025-07-15T12:13:00+05:30,2791.3,2792.3,2790.7,2791.1,108
2025-07-15T12:14:00+05:30,2791.1,2791.1,2789.0,2790.0,113
2025-07-15T12:15:00+05:30,2789.9,2790.0,2788.8,2790.0,365
2025-07-15T12:16:00+05:30,2790.0,2790.5,2788.8,2790.5,247
2025-07-15T12:17:00+05:30,2790.0,2790.7,2789.0,2789.9,57
2025-07-15T12:18:00+05:30,2789.9,2789.9,2789.0,2789.0,136
2025-07-15T12:19:00+05:30,2788.8,2789.0,2788.8,2789.0,73
2025-07-15T12:20:00+05:30,2788.9,2788.9,2788.0,2788.9,20
2025-07-15T12:21:00+05:30,2788.0,2788.0,2782.4,2782.5,3106
2025-07-15T12:22:00+05:30,2782.5,2788.9,2782.1,2787.7,668
2025-07-15T12:23:00+05:30,2787.7,2789.0,2787.7,2789.0,81
2025-07-15T12:24:00+05:30,2789.0,2789.9,2788.0,2789.8,474
2025-07-15T12:25:00+05:30,2789.5,2790.0,2789.5,2790.0,17
2025-07-15T12:26:00+05:30,2790.0,2790.0,2788.5,2790.0,255
2025-07-15T12:27:00+05:30,2790.0,2790.6,2790.0,2790.6,203
2025-07-15T12:28:00+05:30,2789.9,2790.7,2788.9,2790.0,509
2025-07-15T12:29:00+05:30,2790.0,2792.2,2790.0,2792.2,253
2025-07-15T12:30:00+05:30,2791.7,2793.2,2790.4,2790.8,446
2025-07-15T12:31:00+05:30,2792.2,2792.3,2790.8,2791.0,144
2025-07-15T12:32:00+05:30,2791.0,2792.1,2790.8,2792.0,121
2025-07-15T12:33:00+05:30,2790.8,2792.0,2790.4,2790.8,116
2025-07-15T12:34:00+05:30,2791.5,2791.5,2790.2,2790.2,130
2025-07-15T12:35:00+05:30,2790.1,2791.5,2790.0,2790.3,146
2025-07-15T12:36:00+05:30,2790.3,2792.1,2789.9,2790.2,795
2025-07-15T12:37:00+05:30,2791.4,2792.5,2790.2,2791.4,237
2025-07-15T12:38:00+05:30,2791.4,2792.4,2790.5,2790.9,203
2025-07-15T12:39:00+05:30,2791.9,2791.9,2790.0,2790.0,117
2025-07-15T12:40:00+05:30,2790.0,2790.0,2789.9,2790.0,37
2025-07-15T12:41:00+05:30,2790.0,2790.8,2790.0,2790.0,186
2025-07-15T12:42:00+05:30,2790.0,2790.9,2789.9,2790.9,143
2025-07-15T12:43:00+05:30,2790.0,2790.0,2789.9,2789.9,71
2025-07-15T12:44:00+05:30,2790.0,2790.8,2789.8,2790.0,125
2025-07-15T12:45:00+05:30,2790.7,2791.1,2789.9,2790.0,113
2025-07-15T12:46:00+05:30,2790.0,2790.0,2790.0,2790.0,8
2025-07-15T12:47:00+05:30,2790.0,2790.0,2789.8,2789.8,60
2025-07-15T12:48:00+05:30,2790.0,2790.7,2790.0,2790.0,99
2025-07-15T12:49:00+05:30,2790.0,2790.7,2789.8,2789.8,109
2025-07-15T12:50:00+05:30,2789.9,2790.6,2789.5,2789.9,92
2025-07-15T12:51:00+05:30,2789.8,2790.0,2788.2,2789.3,239
2025-07-15T12:52:00+05:30,2788.2,2789.2,2788.2,2789.2,41
2025-07-15T12:53:00+05:30,2788.2,2789.2,2787.8,2788.5,68
2025-07-15T12:54:00+05:30,2788.5,2788.9,2787.4,2788.0,45
2025-07-15T12:55:00+05:30,2787.7,2789.4,2787.7,2788.1,43
2025-07-15T12:56:00+05:30,2788.0,2789.1,2788.0,2788.9,33
2025-07-15T12:57:00+05:30,2788.5,2789.8,2788.5,2789.0,198
2025-07-15T12:58:00+05:30,2788.9,2789.0,2788.8,2789.0,27
2025-07-15T12:59:00+05:30,2788.8,2789.9,2788.8,2789.2,172
2025-07-15T13:00:00+05:30,2789.3,2790.3,2789.0,2789.4,248
2025-07-15T13:01:00+05:30,2789.3,2789.9,2789.0,2789.4,188
2025-07-15T13:02:00+05:30,2789.2,2789.9,2789.0,2789.9,149
2025-07-15T13:03:00+05:30,2789.2,2789.2,2788.4,2789.0,97
2025-07-15T13:04:00+05:30,2789.1,2789.1,2788.6,2789.1,211
2025-07-15T13:05:00+05:30,2788.6,2789.4,2788.6,2789.3,28
2025-07-15T13:06:00+05:30,2789.0,2789.3,2788.5,2789.3,14
2025-07-15T13:07:00+05:30,2789.3,2789.3,2788.3,2789.1,169
2025-07-15T13:08:00+05:30,2788.7,2789.0,2788.3,2789.0,309
2025-07-15T13:09:00+05:30,2788.7,2789.5,2788.3,2788.8,88
2025-07-15T13:10:00+05:30,2788.7,2789.0,2788.3,2789.0,20
2025-07-15T13:11:00+05:30,2788.3,2789.0,2788.3,2788.7,34
2025-07-15T13:12:00+05:30,2788.9,2789.0,2786.4,2787.7,620
2025-07-15T13:13:00+05:30,2787.7,2787.9,2787.4,2787.9,37
2025-07-15T13:14:00+05:30,2786.9,2787.9,2786.9,2787.9,59
2025-07-15T13:15:00+05:30,2786.9,2787.9,2786.9,2787.7,20
2025-07-15T13:16:00+05:30,2787.9,2787.9,2787.2,2787.9,80
2025-07-15T13:17:00+05:30,2787.9,2788.0,2786.8,2787.9,66
2025-07-15T13:18:00+05:30,2786.8,2787.0,2786.1,2787.0,17
2025-07-15T13:19:00+05:30,2786.1,2787.0,2785.8,2786.0,46
2025-07-15T13:20:00+05:30,2786.1,2786.1,2784.9,2784.9,211
2025-07-15T13:21:00+05:30,2784.5,2785.7,2784.3,2785.5,282
2025-07-15T13:22:00+05:30,2784.9,2785.0,2783.4,2784.6,85
2025-07-15T13:23:00+05:30,2785.0,2785.0,2784.2,2784.8,55
2025-07-15T13:24:00+05:30,2784.2,2784.6,2782.0,2784.0,751
2025-07-15T13:25:00+05:30,2783.8,2784.2,2782.1,2782.4,197
2025-07-15T13:26:00+05:30,2783.7,2784.5,2782.2,2783.9,244
2025-07-15T13:27:00+05:30,2782.5,2784.5,2782.5,2782.7,171
2025-07-15T13:28:00+05:30,2782.7,2784.2,2782.2,2782.2,228
2025-07-15T13:29:00+05:30,2782.1,2784.7,2782.1,2784.7,219
2025-07-15T13:30:00+05:30,2783.9,2784.8,2783.0,2783.3,267
2025-07-15T13:31:00+05:30,2783.0,2784.1,2782.7,2783.5,27
2025-07-15T13:32:00+05:30,2782.9,2784.0,2782.7,2782.7,158
2025-07-15T13:33:00+05:30,2782.7,2783.9,2782.7,2782.7,155
2025-07-15T13:34:00+05:30,2782.7,2783.3,2780.1,2781.2,1249
2025-07-15T13:35:00+05:30,2782.3,2784.0,2782.3,2784.0,119
2025-07-15T13:36:00+05:30,2783.0,2784.0,2782.6,2783.7,266
2025-07-15T13:37:00+05:30,2783.3,2783.9,2779.4,2783.9,5165
2025-07-15T13:38:00+05:30,2783.4,2783.4,2781.5,2782.9,90
2025-07-15T13:39:00+05:30,2782.9,2783.4,2782.8,2783.4,8
2025-07-15T13:40:00+05:30,2783.4,2784.0,2782.0,2784.0,361
2025-07-15T13:41:00+05:30,2784.8,2784.8,2784.1,2784.5,19
2025-07-15T13:42:00+05:30,2784.0,2785.6,2784.0,2785.2,114
2025-07-15T13:43:00+05:30,2785.2,2786.0,2784.7,2785.4,28
2025-07-15T13:44:00+05:30,2786.0,2787.3,2786.0,2786.1,58
2025-07-15T13:45:00+05:30,2786.9,2787.3,2786.1,2786.6,348
2025-07-15T13:46:00+05:30,2786.4,2786.6,2784.7,2785.8,553
2025-07-15T13:47:00+05:30,2785.8,2787.5,2785.4,2785.7,463
2025-07-15T13:48:00+05:30,2785.7,2787.7,2785.7,2786.6,173
2025-07-15T13:49:00+05:30,2787.0,2788.0,2785.7,2786.1,212
2025-07-15T13:50:00+05:30,2785.7,2787.6,2785.7,2786.8,247
2025-07-15T13:51:00+05:30,2786.6,2787.6,2786.6,2786.9,218
2025-07-15T13:52:00+05:30,2786.9,2787.6,2785.8,2785.8,520
2025-07-15T13:53:00+05:30,2785.8,2785.9,2784.7,2784.8,195
2025-07-15T13:54:00+05:30,2785.9,2787.6,2785.9,2787.6,55
2025-07-15T13:55:00+05:30,2787.6,2787.9,2785.0,2786.6,295
2025-07-15T13:56:00+05:30,2787.0,2787.7,2785.1,2787.2,426
2025-07-15T13:57:00+05:30,2786.3,2787.7,2786.2,2786.3,243
2025-07-15T13:58:00+05:30,2786.3,2787.2,2785.5,2786.1,86
2025-07-15T13:59:00+05:30,2786.1,2787.6,2786.0,2786.0,127
2025-07-15T14:00:00+05:30,2786.7,2787.6,2785.5,2785.5,571
2025-07-15T14:01:00+05:30,2785.5,2786.3,2784.7,2784.7,319
2025-07-15T14:02:00+05:30,2785.3,2786.0,2784.0,2785.3,254
2025-07-15T14:03:00+05:30,2785.3,2786.1,2784.2,2784.2,305
2025-07-15T14:04:00+05:30,2784.3,2785.8,2784.2,2784.7,29
2025-07-15T14:05:00+05:30,2784.2,2785.0,2784.2,2784.6,232
2025-07-15T14:06:00+05:30,2784.8,2785.6,2784.0,2784.4,308
2025-07-15T14:07:00+05:30,2784.1,2785.1,2777.0,2777.1,3729
2025-07-15T14:08:00+05:30,2777.1,2783.2,2776.1,2783.2,656
2025-07-15T14:09:00+05:30,2784.1,2784.3,2780.6,2780.9,1325
2025-07-15T14:10:00+05:30,2780.9,2781.2,2780.9,2781.1,127
2025-07-15T14:11:00+05:30,2781.1,2785.6,2781.1,2785.2,665
2025-07-15T14:12:00+05:30,2785.2,2785.6,2783.4,2784.2,275
2025-07-15T14:13:00+05:30,2785.3,2785.6,2783.6,2784.9,120
2025-07-15T14:14:00+05:30,2784.8,2785.5,2779.6,2779.6,4683
2025-07-15T14:15:00+05:30,2781.5,2782.0,2779.9,2781.5,152
2025-07-15T14:16:00+05:30,2781.1,2782.0,2781.1,2781.9,117
2025-07-15T14:17:00+05:30,2782.0,2783.0,2781.6,2782.6,944
2025-07-15T14:18:00+05:30,2782.2,2783.0,2781.6,2781.8,357
2025-07-15T14:19:00+05:30,2782.0,2782.0,2781.5,2781.5,43
2025-07-15T14:20:00+05:30,2781.7,2782.0,2781.7,2781.9,59
2025-07-15T14:21:00+05:30,2781.8,2782.0,2781.8,2781.8,25
2025-07-15T14:22:00+05:30,2782.0,2782.0,2779.9,2780.7,2127
2025-07-15T14:23:00+05:30,2781.3,2782.0,2780.5,2782.0,467
2025-07-15T14:24:00+05:30,2781.9,2781.9,2779.9,2780.0,1048
2025-07-15T14:25:00+05:30,2780.0,2780.0,2779.5,2780.0,297
2025-07-15T14:26:00+05:30,2780.0,2780.0,2779.3,2779.6,365
2025-07-15T14:27:00+05:30,2779.8,2781.0,2779.7,2781.0,665
2025-07-15T14:28:00+05:30,2781.0,2781.0,2780.2,2781.0,215
2025-07-15T14:29:00+05:30,2780.6,2781.0,2780.1,2780.3,789
2025-07-15T14:30:00+05:30,2780.3,2782.0,2780.3,2781.1,390
2025-07-15T14:31:00+05:30,2781.1,2782.0,2781.1,2781.7,10
2025-07-15T14:32:00+05:30,2781.9,2783.5,2781.7,2782.8,2061
2025-07-15T14:33:00+05:30,2782.9,2782.9,2781.9,2781.9,365
2025-07-15T14:34:00+05:30,2781.9,2782.0,2781.1,2781.2,90
2025-07-15T14:35:00+05:30,2781.2,2782.0,2781.2,2782.0,104
2025-07-15T14:36:00+05:30,2781.3,2781.8,2780.0,2780.7,1172
2025-07-15T14:37:00+05:30,2780.1,2780.1,2776.1,2776.2,5215
2025-07-15T14:38:00+05:30,2776.2,2779.8,2776.2,2778.6,847
2025-07-15T14:39:00+05:30,2778.1,2779.4,2777.5,2778.2,642
2025-07-15T14:40:00+05:30,2779.0,2779.8,2778.3,2778.8,297
2025-07-15T14:41:00+05:30,2778.6,2779.6,2778.6,2778.6,256
2025-07-15T14:42:00+05:30,2778.6,2779.2,2778.0,2778.5,161
2025-07-15T14:43:00+05:30,2778.5,2779.6,2778.5,2778.5,198
2025-07-15T14:44:00+05:30,2779.0,2780.0,2778.5,2779.6,600
2025-07-15T14:45:00+05:30,2779.7,2779.9,2778.5,2778.9,423
2025-07-15T14:46:00+05:30,2778.5,2779.5,2778.0,2779.5,197
2025-07-15T14:47:00+05:30,2779.5,2780.0,2778.9,2779.8,85
2025-07-15T14:48:00+05:30,2779.5,2780.0,2778.9,2778.9,520
2025-07-15T14:49:00+05:30,2779.0,2780.0,2778.0,2779.6,516
2025-07-15T14:50:00+05:30,2779.1,2779.8,2779.1,2779.5,76
2025-07-15T14:51:00+05:30,2779.5,2779.5,2778.4,2779.5,239
2025-07-15T14:52:00+05:30,2779.5,2779.5,2778.2,2779.1,63
2025-07-15T14:53:00+05:30,2778.4,2779.4,2762.8,2765.0,100938
2025-07-15T14:54:00+05:30,2765.0,2770.5,2765.0,2768.9,22910
2025-07-15T14:55:00+05:30,2768.6,2768.9,2765.8,2768.6,5577
2025-07-15T14:56:00+05:30,2768.2,2770.7,2767.8,2768.8,823
2025-07-15T14:57:00+05:30,2770.2,2770.8,2769.3,2770.2,1960
2025-07-15T14:58:00+05:30,2769.5,2772.5,2769.5,2772.5,1262
2025-07-15T14:59:00+05:30,2772.4,2774.4,2770.6,2773.3,1007
2025-07-15T15:00:00+05:30,2774.1,2778.2,2773.0,2776.0,3556
2025-07-15T15:01:00+05:30,2776.0,2778.4,2775.0,2775.7,2666
2025-07-15T15:02:00+05:30,2775.7,2775.7,2773.1,2773.1,1912
2025-07-15T15:03:00+05:30,2774.0,2775.9,2773.7,2775.2,2327
2025-07-15T15:04:00+05:30,2775.2,2775.9,2775.2,2775.3,1451
2025-07-15T15:05:00+05:30,2774.9,2776.0,2774.6,2775.9,2654
2025-07-15T15:06:00+05:30,2775.8,2776.0,2775.2,2775.8,3639
2025-07-15T15:07:00+05:30,2775.9,2775.9,2774.9,2775.3,2786
2025-07-15T15:08:00+05:30,2775.3,2776.2,2775.2,2775.4,3214
2025-07-15T15:09:00+05:30,2776.2,2778.9,2776.2,2778.3,2815
2025-07-15T15:10:00+05:30,2778.3,2778.5,2776.8,2777.0,1437
2025-07-15T15:11:00+05:30,2777.6,2777.9,2775.8,2776.8,2959
2025-07-15T15:12:00+05:30,2777.1,2777.9,2776.8,2777.6,2234
2025-07-15T15:13:00+05:30,2777.9,2779.0,2777.1,2778.7,3802
2025-07-15T15:14:00+05:30,2778.3,2779.9,2777.9,2778.9,2902
2025-07-15T15:15:00+05:30,2778.6,2779.9,2778.4,2779.8,3011
2025-07-15T15:16:00+05:30,2779.0,2780.0,2778.0,2778.7,3350
2025-07-15T15:17:00+05:30,2778.7,2779.8,2769.2,2778.7,11406
2025-07-15T15:18:00+05:30,2778.5,2779.7,2777.3,2779.7,8186
2025-07-15T15:19:00+05:30,2779.7,2780.6,2779.0,2780.0,3379
2025-07-15T15:20:00+05:30,2780.0,2781.1,2777.0,2780.9,4482
2025-07-15T15:21:00+05:30,2780.9,2783.0,2780.9,2780.9,3950
2025-07-15T15:22:00+05:30,2780.9,2782.1,2780.1,2781.1,10575
2025-07-15T15:23:00+05:30,2781.1,2781.6,2779.9,2781.4,5780
2025-07-15T15:24:00+05:30,2781.3,2783.0,2780.7,2781.8,3296
2025-07-15T15:25:00+05:30,2782.0,2782.8,2780.7,2782.6,2144
2025-07-15T15:26:00+05:30,2782.0,2782.5,2780.3,2781.9,3624
2025-07-15T15:27:00+05:30,2781.9,2783.9,2781.2,2783.9,4110
2025-07-15T15:28:00+05:30,2783.2,2783.2,2780.1,2783.0,3009
2025-07-15T15:29:00+05:30,2781.6,2784.0,2779.8,2784.0,2325
2025-07-14T09:15:00+05:30,2770.0,2777.6,2768.7,2770.7,4127
2025-07-14T09:16:00+05:30,2772.3,2772.3,2766.5,2769.1,3924
2025-07-14T09:17:00+05:30,2769.5,2778.4,2768.9,2778.4,1469
2025-07-14T09:18:00+05:30,2778.5,2778.7,2775.4,2778.2,1320
2025-07-14T09:19:00+05:30,2778.3,2780.0,2776.3,2779.3,1560
2025-07-14T09:20:00+05:30,2779.9,2780.7,2776.9,2779.8,2498
2025-07-14T09:21:00+05:30,2779.8,2780.9,2778.2,2778.2,1876
2025-07-14T09:22:00+05:30,2779.0,2779.8,2776.5,2777.3,1899
2025-07-14T09:23:00+05:30,2776.2,2777.0,2774.0,2775.9,1724
2025-07-14T09:24:00+05:30,2776.0,2777.0,2774.5,2775.5,462
2025-07-14T09:25:00+05:30,2776.3,2777.0,2773.7,2773.7,715
2025-07-14T09:26:00+05:30,2773.2,2773.2,2771.0,2772.5,1922
2025-07-14T09:27:00+05:30,2772.6,2776.0,2770.0,2774.2,2071
2025-07-14T09:28:00+05:30,2774.3,2774.7,2770.0,2771.4,1594
2025-07-14T09:29:00+05:30,2772.9,2774.0,2771.0,2771.3,1066
2025-07-14T09:30:00+05:30,2772.3,2773.7,2771.9,2772.8,389
2025-07-14T09:31:00+05:30,2773.1,2774.0,2772.4,2773.0,740
2025-07-14T09:32:00+05:30,2774.5,2775.6,2773.4,2773.9,1040
2025-07-14T09:33:00+05:30,2773.9,2773.9,2771.2,2771.4,1472
2025-07-14T09:34:00+05:30,2771.2,2771.5,2769.9,2769.9,1274
2025-07-14T09:35:00+05:30,2770.3,2771.2,2768.1,2768.6,804
2025-07-14T09:36:00+05:30,2769.0,2769.9,2768.1,2769.2,506
2025-07-14T09:37:00+05:30,2768.9,2769.7,2768.5,2769.5,238
2025-07-14T09:38:00+05:30,2769.0,2772.4,2769.0,2771.9,521
2025-07-14T09:39:00+05:30,2772.4,2779.9,2772.3,2779.5,3145
2025-07-14T09:40:00+05:30,2778.8,2779.2,2776.5,2778.4,1835
2025-07-14T09:41:00+05:30,2778.4,2784.6,2777.7,2783.8,2793
2025-07-14T09:42:00+05:30,2783.8,2787.0,2783.3,2787.0,2221
2025-07-14T09:43:00+05:30,2786.6,2791.8,2786.3,2791.2,2945
2025-07-14T09:44:00+05:30,2791.8,2795.0,2791.5,2794.8,5789
2025-07-14T09:45:00+05:30,2794.4,2795.0,2790.3,2791.3,3992
2025-07-14T09:46:00+05:30,2792.9,2793.5,2790.0,2792.4,1563
2025-07-14T09:47:00+05:30,2793.5,2794.7,2791.2,2792.2,1511
2025-07-14T09:48:00+05:30,2792.2,2792.9,2790.6,2792.9,625
2025-07-14T09:49:00+05:30,2793.0,2794.2,2791.5,2793.3,1365
2025-07-14T09:50:00+05:30,2793.7,2793.7,2789.0,2791.9,101330
2025-07-14T09:51:00+05:30,2791.4,2793.5,2791.2,2791.7,1326
2025-07-14T09:52:00+05:30,2791.6,2794.6,2791.6,2793.0,863
2025-07-14T09:53:00+05:30,2792.7,2794.6,2787.4,2788.6,2779
2025-07-14T09:54:00+05:30,2789.9,2791.2,2789.9,2790.7,2172
2025-07-14T09:55:00+05:30,2790.7,2790.7,2789.5,2790.6,584
2025-07-14T09:56:00+05:30,2790.0,2792.4,2790.0,2792.0,395
2025-07-14T09:57:00+05:30,2792.0,2793.3,2790.0,2791.3,1392
2025-07-14T09:58:00+05:30,2792.4,2793.2,2791.7,2792.5,405
2025-07-14T09:59:00+05:30,2792.5,2798.0,2790.7,2797.9,5554
2025-07-14T10:00:00+05:30,2797.9,2799.0,2795.5,2798.9,5041
2025-07-14T10:01:00+05:30,2799.0,2799.0,2796.9,2797.0,871
2025-07-14T10:02:00+05:30,2797.1,2798.5,2796.6,2797.0,1900
2025-07-14T10:03:00+05:30,2797.9,2798.4,2796.5,2797.5,645
2025-07-14T10:04:00+05:30,2797.5,2797.5,2796.4,2796.9,1380
2025-07-14T10:05:00+05:30,2796.8,2796.9,2794.4,2794.4,1316
2025-07-14T10:06:00+05:30,2794.4,2795.0,2792.6,2794.7,985
2025-07-14T10:07:00+05:30,2795.3,2795.3,2790.9,2792.1,254472
2025-07-14T10:08:00+05:30,2792.2,2794.8,2792.2,2793.9,154
2025-07-14T10:09:00+05:30,2794.3,2795.0,2794.0,2794.1,408
2025-07-14T10:10:00+05:30,2794.1,2797.0,2792.1,2794.0,301752
2025-07-14T10:11:00+05:30,2794.0,2795.0,2789.2,2794.5,4035
2025-07-14T10:12:00+05:30,2794.5,2796.0,2792.6,2796.0,1066
2025-07-14T10:13:00+05:30,2797.8,2800.9,2795.0,2796.0,324491
2025-07-14T10:14:00+05:30,2796.6,2796.7,2792.2,2792.6,4569
2025-07-14T10:15:00+05:30,2792.7,2793.8,2785.1,2785.2,3321
2025-07-14T10:16:00+05:30,2785.2,2786.5,2782.4,2784.7,2887
2025-07-14T10:17:00+05:30,2784.7,2786.3,2784.7,2786.0,1046
2025-07-14T10:18:00+05:30,2786.0,2787.9,2784.9,2786.3,1367
2025-07-14T10:19:00+05:30,2787.6,2790.0,2786.7,2788.0,1483
2025-07-14T10:20:00+05:30,2789.1,2789.9,2787.4,2788.0,302
2025-07-14T10:21:00+05:30,2787.4,2788.0,2785.5,2787.4,993
2025-07-14T10:22:00+05:30,2788.6,2797.2,2787.4,2796.0,156645
2025-07-14T10:23:00+05:30,2796.0,2796.4,2790.4,2792.0,5682
2025-07-14T10:24:00+05:30,2791.6,2791.6,2786.5,2787.6,3848
2025-07-14T10:25:00+05:30,2786.9,2790.1,2785.6,2788.2,935
2025-07-14T10:26:00+05:30,2788.7,2795.9,2788.7,2793.8,1597
2025-07-14T10:27:00+05:30,2794.3,2794.3,2791.5,2792.6,481
2025-07-14T10:28:00+05:30,2791.8,2793.7,2791.2,2792.4,481
2025-07-14T10:29:00+05:30,2792.3,2793.7,2791.2,2793.4,571
2025-07-14T10:30:00+05:30,2793.4,2794.1,2791.7,2792.7,936
2025-07-14T10:31:00+05:30,2791.9,2792.8,2791.9,2792.6,182
2025-07-14T10:32:00+05:30,2791.6,2792.9,2791.0,2791.0,809
2025-07-14T10:33:00+05:30,2791.1,2792.0,2791.0,2791.5,787
2025-07-14T10:34:00+05:30,2791.1,2791.9,2787.3,2787.8,2439
2025-07-14T10:35:00+05:30,2787.8,2789.5,2786.0,2788.7,1420
2025-07-14T10:36:00+05:30,2787.7,2788.6,2787.0,2787.3,251
2025-07-14T10:37:00+05:30,2786.5,2787.8,2785.2,2786.4,1754
2025-07-14T10:38:00+05:30,2786.2,2787.7,2786.1,2787.7,38
2025-07-14T10:39:00+05:30,2787.3,2788.5,2787.3,2788.3,125
2025-07-14T10:40:00+05:30,2788.3,2788.8,2787.2,2788.7,681
2025-07-14T10:41:00+05:30,2788.1,2788.7,2781.2,2782.1,3915
2025-07-14T10:42:00+05:30,2782.0,2782.0,2778.9,2781.1,5006
2025-07-14T10:43:00+05:30,2781.3,2784.0,2779.0,2783.1,1593
2025-07-14T10:44:00+05:30,2783.1,2783.8,2781.9,2783.8,782
2025-07-14T10:45:00+05:30,2782.6,2783.1,2780.0,2781.2,379
2025-07-14T10:46:00+05:30,2780.2,2781.6,2780.0,2781.6,399
2025-07-14T10:47:00+05:30,2781.1,2781.6,2780.0,2780.7,736
2025-07-14T10:48:00+05:30,2780.9,2781.1,2779.8,2780.6,356
2025-07-14T10:49:00+05:30,2779.8,2783.1,2779.7,2783.0,950
2025-07-14T10:50:00+05:30,2782.7,2782.7,2781.4,2781.8,223
2025-07-14T10:51:00+05:30,2781.5,2782.1,2780.0,2781.7,662
2025-07-14T10:52:00+05:30,2780.8,2781.8,2780.1,2780.1,78
2025-07-14T10:53:00+05:30,2780.9,2781.5,2777.2,2779.2,1588
2025-07-14T10:54:00+05:30,2779.2,2780.8,2778.1,2780.8,788
2025-07-14T10:55:00+05:30,2780.5,2781.9,2779.5,2780.5,498
2025-07-14T10:56:00+05:30,2780.5,2784.3,2780.5,2783.3,1319
2025-07-14T10:57:00+05:30,2783.1,2783.1,2782.0,2783.0,901
2025-07-14T10:58:00+05:30,2782.3,2782.9,2780.5,2782.0,1530
2025-07-14T10:59:00+05:30,2781.0,2781.8,2780.0,2781.5,968
2025-07-14T11:00:00+05:30,2781.0,2781.5,2780.0,2781.5,579
2025-07-14T11:01:00+05:30,2781.3,2781.7,2780.0,2780.1,1021
2025-07-14T11:02:00+05:30,2780.0,2781.4,2780.0,2781.0,409
2025-07-14T11:03:00+05:30,2781.0,2782.0,2780.7,2781.0,741
2025-07-14T11:04:00+05:30,2782.0,2782.3,2780.6,2782.1,499
2025-07-14T11:05:00+05:30,2781.7,2782.0,2780.6,2781.2,1336
2025-07-14T11:06:00+05:30,2781.4,2781.4,2778.0,2778.5,1874
2025-07-14T11:07:00+05:30,2778.2,2779.4,2778.2,2779.4,785
2025-07-14T11:08:00+05:30,2779.3,2779.4,2777.0,2778.5,1906
2025-07-14T11:09:00+05:30,2778.2,2778.8,2777.0,2777.1,1328
2025-07-14T11:10:00+05:30,2778.0,2779.0,2777.6,2778.8,658
2025-07-14T11:11:00+05:30,2778.9,2780.4,2777.8,2779.1,1130
2025-07-14T11:12:00+05:30,2779.2,2779.7,2779.2,2779.2,302
2025-07-14T11:13:00+05:30,2778.8,2780.2,2778.3,2780.2,882
2025-07-14T11:14:00+05:30,2780.2,2786.0,2780.0,2782.0,503290
2025-07-14T11:15:00+05:30,2782.0,2782.5,2780.4,2780.8,1176
2025-07-14T11:16:00+05:30,2781.2,2781.2,2780.0,2780.0,845
2025-07-14T11:17:00+05:30,2780.3,2780.6,2780.0,2780.4,726
2025-07-14T11:18:00+05:30,2780.0,2781.4,2779.5,2780.7,2178
2025-07-14T11:19:00+05:30,2780.7,2781.4,2780.7,2781.1,93
2025-07-14T11:20:00+05:30,2780.8,2780.8,2780.1,2780.7,381
2025-07-14T11:21:00+05:30,2780.1,2780.7,2780.1,2780.6,70
2025-07-14T11:22:00+05:30,2780.6,2780.7,2780.2,2780.6,782
2025-07-14T11:23:00+05:30,2780.5,2780.9,2780.5,2780.9,178
2025-07-14T11:24:00+05:30,2780.7,2780.8,2780.3,2780.5,482
2025-07-14T11:25:00+05:30,2780.5,2780.8,2780.1,2780.1,296
2025-07-14T11:26:00+05:30,2780.1,2780.8,2775.3,2780.0,2528
2025-07-14T11:27:00+05:30,2780.1,2780.1,2774.6,2776.3,19284
2025-07-14T11:28:00+05:30,2775.9,2776.3,2770.0,2770.4,4509
2025-07-14T11:29:00+05:30,2770.4,2774.0,2769.0,2772.7,3350
2025-07-14T11:30:00+05:30,2774.0,2775.0,2773.8,2774.8,675
2025-07-14T11:31:00+05:30,2774.2,2774.2,2771.5,2771.9,677
2025-07-14T11:32:00+05:30,2772.6,2772.8,2770.9,2771.6,566
2025-07-14T11:33:00+05:30,2771.6,2772.7,2771.1,2772.7,1312
2025-07-14T11:34:00+05:30,2772.4,2773.2,2772.0,2773.0,366
2025-07-14T11:35:00+05:30,2773.0,2773.0,2769.5,2770.1,765
2025-07-14T11:36:00+05:30,2770.2,2770.3,2761.5,2764.4,11419
2025-07-14T11:37:00+05:30,2763.5,2766.1,2763.5,2764.9,2628
2025-07-14T11:38:00+05:30,2764.4,2765.7,2763.6,2765.0,491
2025-07-14T11:39:00+05:30,2765.0,2765.9,2764.4,2765.3,16519
2025-07-14T11:40:00+05:30,2766.0,2766.0,2764.6,2765.5,874
2025-07-14T11:41:00+05:30,2765.3,2765.3,2764.0,2764.5,986
2025-07-14T11:42:00+05:30,2764.0,2764.7,2763.6,2763.6,259
2025-07-14T11:43:00+05:30,2763.6,2763.6,2762.4,2763.2,435
2025-07-14T11:44:00+05:30,2763.2,2765.0,2762.0,2765.0,835
2025-07-14T11:45:00+05:30,2765.0,2765.0,2764.6,2765.0,553
2025-07-14T11:46:00+05:30,2765.0,2765.0,2764.8,2765.0,1303
2025-07-14T11:47:00+05:30,2764.9,2765.0,2764.7,2765.0,506
2025-07-14T11:48:00+05:30,2765.0,2765.0,2765.0,2765.0,220
2025-07-14T11:49:00+05:30,2765.0,2765.4,2765.0,2765.0,1941
2025-07-14T11:50:00+05:30,2764.9,2765.4,2764.9,2765.4,309
2025-07-14T11:51:00+05:30,2765.3,2765.9,2764.1,2765.0,1328
2025-07-14T11:52:00+05:30,2765.0,2765.0,2765.0,2765.0,14
2025-07-14T11:53:00+05:30,2765.0,2765.0,2764.4,2764.7,387
2025-07-14T11:54:00+05:30,2765.0,2765.0,2764.7,2765.0,231
2025-07-14T11:55:00+05:30,2765.0,2765.0,2763.0,2763.5,1574
2025-07-14T11:56:00+05:30,2763.8,2764.4,2763.8,2764.1,699
2025-07-14T11:57:00+05:30,2764.0,2765.0,2763.5,2764.4,3206
2025-07-14T11:58:00+05:30,2764.6,2764.6,2762.2,2762.8,319
2025-07-14T11:59:00+05:30,2763.6,2764.1,2762.0,2762.3,419
2025-07-14T12:00:00+05:30,2763.7,2764.2,2762.6,2762.6,321
2025-07-14T12:01:00+05:30,2762.9,2762.9,2761.4,2761.9,316
2025-07-14T12:02:00+05:30,2762.8,2769.6,2762.8,2768.3,46390
2025-07-14T12:03:00+05:30,2769.3,2772.7,2766.1,2766.1,4477
2025-07-14T12:04:00+05:30,2765.9,2765.9,2764.0,2765.0,827
2025-07-14T12:05:00+05:30,2764.2,2765.0,2764.2,2764.7,157
2025-07-14T12:06:00+05:30,2764.2,2764.9,2764.2,2764.9,10
2025-07-14T12:07:00+05:30,2764.7,2766.5,2764.7,2765.0,3676
2025-07-14T12:08:00+05:30,2765.0,2765.9,2765.0,2765.0,932
2025-07-14T12:09:00+05:30,2764.8,2766.9,2764.6,2766.9,3905
2025-07-14T12:10:00+05:30,2766.4,2767.3,2765.0,2766.4,1956
2025-07-14T12:11:00+05:30,2765.7,2767.7,2765.3,2766.2,350
2025-07-14T12:12:00+05:30,2766.2,2766.5,2766.1,2766.1,147
2025-07-14T12:13:00+05:30,2766.1,2766.7,2766.1,2766.6,496
2025-07-14T12:14:00+05:30,2766.6,2766.6,2766.1,2766.2,243
2025-07-14T12:15:00+05:30,2766.2,2768.3,2766.2,2768.3,189
2025-07-14T12:16:00+05:30,2769.0,2769.2,2767.7,2769.2,435
2025-07-14T12:17:00+05:30,2769.1,2769.2,2769.0,2769.2,117
2025-07-14T12:18:00+05:30,2769.1,2769.2,2768.4,2768.4,599
2025-07-14T12:19:00+05:30,2768.6,2769.0,2768.6,2768.9,564
2025-07-14T12:20:00+05:30,2768.9,2769.0,2768.0,2768.1,337
2025-07-14T12:21:00+05:30,2768.1,2768.4,2767.4,2768.0,304
2025-07-14T12:22:00+05:30,2768.0,2768.1,2767.5,2767.6,73
2025-07-14T12:23:00+05:30,2767.6,2768.3,2767.4,2768.2,535
2025-07-14T12:24:00+05:30,2767.8,2768.3,2766.3,2768.0,615
2025-07-14T12:25:00+05:30,2767.6,2768.2,2766.4,2768.2,271
2025-07-14T12:26:00+05:30,2768.1,2770.0,2768.1,2769.8,476
2025-07-14T12:27:00+05:30,2769.6,2770.0,2768.7,2769.6,574
2025-07-14T12:28:00+05:30,2769.6,2778.0,2769.4,2773.9,82655
2025-07-14T12:29:00+05:30,2773.7,2773.7,2769.6,2772.6,50186
2025-07-14T12:30:00+05:30,2772.9,2776.1,2770.2,2775.1,4309
2025-07-14T12:31:00+05:30,2775.2,2777.2,2775.2,2776.9,723
2025-07-14T12:32:00+05:30,2776.5,2776.9,2775.2,2775.2,383
2025-07-14T12:33:00+05:30,2775.3,2778.3,2775.3,2778.3,99
2025-07-14T12:34:00+05:30,2778.0,2778.0,2773.7,2773.7,767
2025-07-14T12:35:00+05:30,2772.6,2772.6,2770.0,2770.8,5700
2025-07-14T12:36:00+05:30,2770.8,2773.5,2770.7,2772.8,77207
2025-07-14T12:37:00+05:30,2772.4,2772.6,2768.6,2769.3,13714
2025-07-14T12:38:00+05:30,2769.3,2770.0,2768.6,2769.1,1283
2025-07-14T12:39:00+05:30,2770.0,2770.0,2769.3,2769.3,710
2025-07-14T12:40:00+05:30,2769.3,2770.0,2769.1,2769.9,509
2025-07-14T12:41:00+05:30,2769.9,2770.0,2769.2,2770.0,356
2025-07-14T12:42:00+05:30,2770.0,2770.0,2769.6,2770.0,376
2025-07-14T12:43:00+05:30,2769.8,2770.0,2769.7,2769.8,2933
2025-07-14T12:44:00+05:30,2769.7,2770.0,2769.3,2769.3,505
2025-07-14T12:45:00+05:30,2770.0,2770.0,2769.0,2769.5,280
2025-07-14T12:46:00+05:30,2769.5,2770.0,2768.6,2768.6,455
2025-07-14T12:47:00+05:30,2768.0,2768.9,2766.1,2766.1,850
2025-07-14T12:48:00+05:30,2767.1,2767.4,2766.1,2767.4,304
2025-07-14T12:49:00+05:30,2767.9,2768.0,2766.0,2767.1,654
2025-07-14T12:50:00+05:30,2766.1,2767.5,2766.1,2767.4,384
2025-07-14T12:51:00+05:30,2768.8,2769.2,2768.0,2768.7,506
2025-07-14T12:52:00+05:30,2768.7,2768.7,2768.0,2768.7,441
2025-07-14T12:53:00+05:30,2768.7,2768.7,2768.5,2768.7,388
2025-07-14T12:54:00+05:30,2768.7,2769.6,2768.3,2769.1,621
2025-07-14T12:55:00+05:30,2768.4,2769.5,2768.4,2769.3,405
2025-07-14T12:56:00+05:30,2769.3,2769.4,2766.0,2766.0,521
2025-07-14T12:57:00+05:30,2766.0,2767.9,2766.0,2767.9,291
2025-07-14T12:58:00+05:30,2766.6,2767.7,2766.6,2767.5,462
2025-07-14T12:59:00+05:30,2767.4,2767.5,2765.1,2765.2,603
2025-07-14T13:00:00+05:30,2765.2,2766.9,2765.2,2766.5,332
2025-07-14T13:01:00+05:30,2766.5,2767.5,2765.1,2765.6,666
2025-07-14T13:02:00+05:30,2765.6,2766.0,2765.1,2766.0,400
2025-07-14T13:03:00+05:30,2766.1,2767.0,2766.1,2767.0,301
2025-07-14T13:04:00+05:30,2766.0,2767.5,2766.0,2767.0,531
2025-07-14T13:05:00+05:30,2766.7,2767.1,2765.5,2767.0,430
2025-07-14T13:06:00+05:30,2767.0,2767.4,2765.1,2766.1,436
2025-07-14T13:07:00+05:30,2765.1,2766.0,2761.9,2761.9,1615
2025-07-14T13:08:00+05:30,2761.1,2761.6,2755.1,2757.3,5365
2025-07-14T13:09:00+05:30,2755.9,2760.9,2755.9,2760.0,1154
2025-07-14T13:10:00+05:30,2760.9,2761.5,2759.7,2760.0,611
2025-07-14T13:11:00+05:30,2761.0,2761.6,2760.0,2760.8,510
2025-07-14T13:12:00+05:30,2761.1,2762.3,2761.1,2761.1,287
2025-07-14T13:13:00+05:30,2761.1,2761.9,2761.0,2761.9,393
2025-07-14T13:14:00+05:30,2761.9,2762.7,2761.6,2762.5,356
2025-07-14T13:15:00+05:30,2762.4,2763.7,2761.7,2762.5,539
2025-07-14T13:16:00+05:30,2763.1,2764.3,2762.6,2764.3,290
2025-07-14T13:17:00+05:30,2764.3,2766.3,2763.2,2765.5,370
2025-07-14T13:18:00+05:30,2764.8,2766.5,2764.5,2764.8,766
2025-07-14T13:19:00+05:30,2764.5,2766.5,2764.5,2766.0,387
2025-07-14T13:20:00+05:30,2765.3,2767.8,2765.3,2766.9,794
2025-07-14T13:21:00+05:30,2767.0,2768.9,2766.9,2768.7,518
2025-07-14T13:22:00+05:30,2768.7,2769.0,2767.7,2769.0,706
2025-07-14T13:23:00+05:30,2768.1,2769.8,2768.1,2769.8,540
2025-07-14T13:24:00+05:30,2768.8,2769.8,2768.5,2769.3,497
2025-07-14T13:25:00+05:30,2769.2,2769.8,2768.4,2769.4,588
2025-07-14T13:26:00+05:30,2769.3,2769.7,2768.0,2768.0,752
2025-07-14T13:27:00+05:30,2768.0,2769.5,2767.6,2767.6,931
2025-07-14T13:28:00+05:30,2767.6,2769.7,2767.6,2769.0,304
2025-07-14T13:29:00+05:30,2769.0,2770.0,2768.1,2770.0,672
2025-07-14T13:30:00+05:30,2770.0,2770.0,2769.6,2770.0,686
2025-07-14T13:31:00+05:30,2770.0,2770.0,2769.6,2769.9,2912
2025-07-14T13:32:00+05:30,2770.0,2770.0,2770.0,2770.0,571
2025-07-14T13:33:00+05:30,2770.0,2770.0,2769.9,2769.9,685
2025-07-14T13:34:00+05:30,2770.0,2771.3,2769.4,2771.1,5945
2025-07-14T13:35:00+05:30,2771.1,2771.6,2768.1,2771.1,51468
2025-07-14T13:36:00+05:30,2771.2,2771.2,2769.7,2770.0,628
2025-07-14T13:37:00+05:30,2769.6,2770.0,2768.7,2770.0,412
2025-07-14T13:38:00+05:30,2769.9,2770.0,2769.6,2770.0,456
2025-07-14T13:39:00+05:30,2770.0,2770.0,2769.9,2770.0,708
2025-07-14T13:40:00+05:30,2770.0,2770.0,2769.8,2770.0,565
2025-07-14T13:41:00+05:30,2770.0,2770.0,2769.9,2770.0,964
2025-07-14T13:42:00+05:30,2770.0,2770.0,2769.9,2770.0,558
2025-07-14T13:43:00+05:30,2770.0,2770.0,2769.9,2769.9,1172
2025-07-14T13:44:00+05:30,2769.9,2771.3,2769.9,2771.2,2124
2025-07-14T13:45:00+05:30,2771.2,2771.2,2770.9,2771.0,285
2025-07-14T13:46:00+05:30,2771.0,2772.3,2771.0,2771.2,664
2025-07-14T13:47:00+05:30,2771.3,2772.1,2771.1,2771.1,666
2025-07-14T13:48:00+05:30,2771.2,2771.3,2770.8,2770.8,1323
2025-07-14T13:49:00+05:30,2770.8,2774.0,2770.8,2772.6,8883
2025-07-14T13:50:00+05:30,2772.7,2775.0,2770.0,2771.2,2765
2025-07-14T13:51:00+05:30,2771.2,2771.5,2770.3,2771.2,213
2025-07-14T13:52:00+05:30,2771.2,2771.4,2771.1,2771.1,647
2025-07-14T13:53:00+05:30,2771.1,2772.3,2770.5,2771.3,2630
2025-07-14T13:54:00+05:30,2771.6,2771.7,2770.8,2771.1,205
2025-07-14T13:55:00+05:30,2771.1,2771.1,2770.5,2770.7,389
2025-07-14T13:56:00+05:30,2770.7,2771.4,2770.7,2771.2,141
2025-07-14T13:57:00+05:30,2771.0,2771.9,2769.1,2769.3,1353
2025-07-14T13:58:00+05:30,2769.2,2769.2,2765.1,2765.8,2237
2025-07-14T13:59:00+05:30,2765.6,2770.9,2765.6,2770.6,430
2025-07-14T14:00:00+05:30,2770.6,2771.2,2768.8,2770.8,907
2025-07-14T14:01:00+05:30,2770.3,2771.2,2770.3,2770.3,160
2025-07-14T14:02:00+05:30,2770.6,2771.1,2770.3,2771.1,937
2025-07-14T14:03:00+05:30,2771.1,2771.1,2771.1,2771.1,33
2025-07-14T14:04:00+05:30,2771.0,2771.1,2769.1,2770.2,1619
2025-07-14T14:05:00+05:30,2770.4,2770.9,2770.4,2770.9,33
2025-07-14T14:06:00+05:30,2770.1,2771.2,2770.1,2771.2,188
2025-07-14T14:07:00+05:30,2771.2,2771.2,2770.8,2771.2,151
2025-07-14T14:08:00+05:30,2771.2,2771.2,2769.7,2770.0,1659
2025-07-14T14:09:00+05:30,2770.0,2771.2,2769.7,2771.1,4316
2025-07-14T14:10:00+05:30,2771.2,2771.2,2769.3,2770.0,3569
2025-07-14T14:11:00+05:30,2769.9,2770.0,2769.9,2770.0,392
2025-07-14T14:12:00+05:30,2770.0,2770.0,2769.9,2770.0,672
2025-07-14T14:13:00+05:30,2770.0,2770.0,2770.0,2770.0,2223
2025-07-14T14:14:00+05:30,2770.0,2770.0,2770.0,2770.0,1194
2025-07-14T14:15:00+05:30,2770.0,2770.0,2769.9,2770.0,963
2025-07-14T14:16:00+05:30,2770.0,2770.0,2769.9,2770.0,898
2025-07-14T14:17:00+05:30,2770.0,2770.0,2769.9,2770.0,568
2025-07-14T14:18:00+05:30,2770.0,2770.0,2769.9,2770.0,3411
2025-07-14T14:19:00+05:30,2770.0,2771.2,2770.0,2770.9,4706
2025-07-14T14:20:00+05:30,2770.9,2772.0,2770.9,2771.8,1250
2025-07-14T14:21:00+05:30,2771.8,2772.0,2771.8,2772.0,295
2025-07-14T14:22:00+05:30,2772.0,2774.0,2771.9,2773.8,1266
2025-07-14T14:23:00+05:30,2773.8,2775.0,2773.6,2775.0,1077
2025-07-14T14:24:00+05:30,2775.0,2775.0,2774.6,2775.0,584
2025-07-14T14:25:00+05:30,2775.0,2775.0,2774.9,2775.0,519
2025-07-14T14:26:00+05:30,2775.0,2777.0,2775.0,2776.5,3491
2025-07-14T14:27:00+05:30,2776.5,2777.6,2776.1,2777.5,799
2025-07-14T14:28:00+05:30,2777.2,2777.2,2775.2,2776.5,932
2025-07-14T14:29:00+05:30,2775.5,2776.2,2774.0,2775.0,739
2025-07-14T14:30:00+05:30,2775.0,2775.1,2772.7,2773.7,175459
2025-07-14T14:31:00+05:30,2773.7,2773.7,2772.5,2772.6,125
2025-07-14T14:32:00+05:30,2772.1,2773.0,2772.1,2772.8,309
2025-07-14T14:33:00+05:30,2772.8,2772.8,2771.2,2772.2,1311
2025-07-14T14:34:00+05:30,2772.0,2772.0,2768.5,2769.7,1807
2025-07-14T14:35:00+05:30,2768.3,2769.9,2768.3,2769.8,419
2025-07-14T14:36:00+05:30,2769.7,2770.5,2769.3,2770.5,2042
2025-07-14T14:37:00+05:30,2770.0,2770.5,2769.6,2770.4,1579
2025-07-14T14:38:00+05:30,2770.5,2771.0,2770.5,2771.0,1194
2025-07-14T14:39:00+05:30,2771.0,2772.0,2770.8,2771.9,1565
2025-07-14T14:40:00+05:30,2771.7,2772.0,2770.5,2772.0,1067
2025-07-14T14:41:00+05:30,2772.0,2772.0,2770.0,2770.0,1552
2025-07-14T14:42:00+05:30,2770.0,2779.0,2769.8,2779.0,5741
2025-07-14T14:43:00+05:30,2777.9,2783.6,2777.9,2783.2,6292
2025-07-14T14:44:00+05:30,2783.2,2785.0,2782.0,2784.0,2250
2025-07-14T14:45:00+05:30,2782.7,2787.0,2782.7,2784.7,2568
2025-07-14T14:46:00+05:30,2783.4,2787.0,2782.0,2786.5,4299
2025-07-14T14:47:00+05:30,2785.4,2785.8,2782.5,2783.8,4810
2025-07-14T14:48:00+05:30,2784.0,2785.8,2783.8,2785.8,234
2025-07-14T14:49:00+05:30,2785.2,2786.7,2785.0,2786.1,1041
2025-07-14T14:50:00+05:30,2786.1,2786.3,2785.2,2786.3,474
2025-07-14T14:51:00+05:30,2785.4,2786.3,2783.5,2786.2,1175
2025-07-14T14:52:00+05:30,2785.2,2790.4,2785.0,2789.5,1017
2025-07-14T14:53:00+05:30,2790.4,2802.6,2790.4,2801.8,14898
2025-07-14T14:54:00+05:30,2801.5,2809.0,2800.0,2804.0,16064
2025-07-14T14:55:00+05:30,2804.7,2806.9,2803.4,2804.5,2268
2025-07-14T14:56:00+05:30,2805.5,2805.5,2802.0,2802.8,1469
2025-07-14T14:57:00+05:30,2802.5,2802.5,2797.7,2798.6,2338
2025-07-14T14:58:00+05:30,2799.9,2803.3,2798.2,2799.0,3349
2025-07-14T14:59:00+05:30,2798.6,2799.7,2797.0,2798.2,1994
2025-07-14T15:00:00+05:30,2797.1,2798.0,2791.9,2793.4,5474
2025-07-14T15:01:00+05:30,2793.5,2793.8,2790.1,2791.2,4947
2025-07-14T15:02:00+05:30,2791.9,2791.9,2789.8,2790.0,5956
2025-07-14T15:03:00+05:30,2790.0,2790.0,2786.8,2787.1,4818
2025-07-14T15:04:00+05:30,2787.1,2787.5,2785.3,2786.3,2575
2025-07-14T15:05:00+05:30,2786.6,2790.0,2785.1,2786.7,29404
2025-07-14T15:06:00+05:30,2787.0,2788.8,2785.1,2786.6,7750
2025-07-14T15:07:00+05:30,2786.6,2787.3,2785.5,2785.6,2312
2025-07-14T15:08:00+05:30,2786.4,2786.4,2785.0,2785.7,4214
2025-07-14T15:09:00+05:30,2785.7,2785.9,2782.0,2782.4,3889
2025-07-14T15:10:00+05:30,2782.8,2783.0,2780.7,2782.1,5369
2025-07-14T15:11:00+05:30,2782.1,2782.1,2778.8,2780.0,10582
2025-07-14T15:12:00+05:30,2779.8,2783.7,2779.2,2783.7,27477
2025-07-14T15:13:00+05:30,2782.2,2782.8,2779.6,2779.6,27639
2025-07-14T15:14:00+05:30,2779.6,2780.0,2778.6,2779.8,8253
2025-07-14T15:15:00+05:30,2779.7,2779.9,2776.8,2777.3,3454
2025-07-14T15:16:00+05:30,2777.3,2777.3,2776.0,2777.0,5509
2025-07-14T15:17:00+05:30,2777.0,2780.0,2777.0,2779.9,10039
2025-07-14T15:18:00+05:30,2780.0,2783.3,2780.0,2782.0,11133
2025-07-14T15:19:00+05:30,2781.9,2784.6,2781.2,2782.4,8215
2025-07-14T15:20:00+05:30,2782.9,2782.9,2781.0,2781.1,9885
2025-07-14T15:21:00+05:30,2781.6,2782.7,2780.4,2782.3,4218
2025-07-14T15:22:00+05:30,2782.2,2783.4,2781.7,2783.1,3642
2025-07-14T15:23:00+05:30,2783.1,2784.7,2782.0,2784.7,8140
2025-07-14T15:24:00+05:30,2784.7,2787.7,2783.5,2786.8,10780
2025-07-14T15:25:00+05:30,2786.8,2787.3,2785.0,2786.4,5825
2025-07-14T15:26:00+05:30,2786.2,2788.3,2785.7,2788.1,4634
2025-07-14T15:27:00+05:30,2788.2,2789.2,2788.1,2788.9,26237
2025-07-14T15:28:00+05:30,2789.0,2789.0,2788.0,2788.2,9342
2025-07-14T15:29:00+05:30,2788.3,2789.0,2783.5,2789.0,3433
2025-07-11T09:15:00+05:30,2775.1,2781.7,2772.4,2775.6,1168
2025-07-11T09:16:00+05:30,2774.0,2775.2,2771.8,2774.9,962
2025-07-11T09:17:00+05:30,2774.9,2779.7,2774.0,2779.5,678
2025-07-11T09:18:00+05:30,2779.5,2780.7,2776.0,2776.8,9309
2025-07-11T09:19:00+05:30,2776.8,2776.8,2775.3,2776.4,2259
2025-07-11T09:20:00+05:30,2776.3,2776.7,2774.4,2774.4,5259
2025-07-11T09:21:00+05:30,2774.4,2776.7,2773.0,2774.0,4668
2025-07-11T09:22:00+05:30,2774.1,2774.8,2774.0,2774.0,353
2025-07-11T09:23:00+05:30,2774.0,2774.7,2771.1,2771.1,3837
2025-07-11T09:24:00+05:30,2771.1,2772.4,2771.1,2771.2,5538
2025-07-11T09:25:00+05:30,2771.2,2771.7,2771.0,2771.3,1185
2025-07-11T09:26:00+05:30,2771.3,2778.2,2771.0,2777.3,4505
2025-07-11T09:27:00+05:30,2777.3,2779.8,2775.8,2776.8,3684
2025-07-11T09:28:00+05:30,2777.5,2783.5,2777.5,2781.0,3814
2025-07-11T09:29:00+05:30,2780.8,2784.2,2780.6,2782.4,1638
2025-07-11T09:30:00+05:30,2782.4,2783.0,2779.3,2779.4,1412
2025-07-11T09:31:00+05:30,2779.4,2779.9,2777.9,2777.9,171
2025-07-11T09:32:00+05:30,2779.0,2779.0,2775.5,2775.5,6922
2025-07-11T09:33:00+05:30,2776.0,2780.0,2775.4,2779.3,1851
2025-07-11T09:34:00+05:30,2779.3,2780.0,2777.6,2779.9,406
2025-07-11T09:35:00+05:30,2779.7,2782.3,2778.7,2782.0,2112
2025-07-11T09:36:00+05:30,2782.8,2783.8,2781.8,2781.8,4710
2025-07-11T09:37:00+05:30,2781.0,2782.5,2779.4,2782.5,1920
2025-07-11T09:38:00+05:30,2783.0,2785.5,2781.5,2785.5,1331
2025-07-11T09:39:00+05:30,2785.4,2787.5,2784.4,2787.5,545
2025-07-11T09:40:00+05:30,2787.4,2789.8,2786.5,2789.7,629
2025-07-11T09:41:00+05:30,2789.5,2791.9,2789.2,2791.9,868
2025-07-11T09:42:00+05:30,2791.3,2794.9,2791.0,2794.7,2019
2025-07-11T09:43:00+05:30,2793.9,2797.9,2793.6,2796.5,3381
2025-07-11T09:44:00+05:30,2796.1,2799.9,2795.7,2798.8,1297
2025-07-11T09:45:00+05:30,2797.9,2799.8,2797.8,2799.3,1825
2025-07-11T09:46:00+05:30,2799.0,2801.7,2796.6,2800.0,13154
2025-07-11T09:47:00+05:30,2799.0,2800.0,2798.3,2798.4,1541
2025-07-11T09:48:00+05:30,2798.7,2803.5,2798.2,2801.4,5363
2025-07-11T09:49:00+05:30,2801.9,2807.5,2801.9,2806.0,3354
2025-07-11T09:50:00+05:30,2805.9,2806.3,2802.8,2802.8,2032
2025-07-11T09:51:00+05:30,2802.8,2804.9,2802.8,2804.3,521
2025-07-11T09:52:00+05:30,2804.2,2805.7,2804.0,2804.5,2026
2025-07-11T09:53:00+05:30,2804.6,2806.9,2803.0,2803.0,4533
2025-07-11T09:54:00+05:30,2803.6,2803.6,2799.2,2800.2,4997
2025-07-11T09:55:00+05:30,2800.3,2802.4,2800.0,2800.0,1925
2025-07-11T09:56:00+05:30,2800.0,2800.4,2800.0,2800.0,1557
2025-07-11T09:57:00+05:30,2800.0,2800.0,2795.5,2797.3,3438
2025-07-11T09:58:00+05:30,2796.0,2796.7,2796.0,2796.0,522
2025-07-11T09:59:00+05:30,2796.0,2798.1,2796.0,2796.8,640
2025-07-11T10:00:00+05:30,2797.9,2797.9,2796.6,2796.6,76
2025-07-11T10:01:00+05:30,2796.7,2796.7,2792.0,2792.0,7272
2025-07-11T10:02:00+05:30,2792.7,2792.8,2792.0,2792.1,71
2025-07-11T10:03:00+05:30,2792.2,2793.4,2791.1,2791.1,8248
2025-07-11T10:04:00+05:30,2791.1,2791.9,2790.6,2791.3,239
2025-07-11T10:05:00+05:30,2791.0,2791.9,2790.8,2791.9,738
2025-07-11T10:06:00+05:30,2790.8,2791.0,2790.3,2790.7,317
2025-07-11T10:07:00+05:30,2790.8,2790.8,2789.7,2789.8,206
2025-07-11T10:08:00+05:30,2789.7,2789.8,2787.0,2787.0,1376
2025-07-11T10:09:00+05:30,2788.7,2789.9,2788.5,2788.6,752
2025-07-11T10:10:00+05:30,2789.8,2789.9,2788.9,2789.9,97
2025-07-11T10:11:00+05:30,2789.5,2790.6,2788.6,2788.6,394
2025-07-11T10:12:00+05:30,2789.1,2789.7,2789.1,2789.7,127
2025-07-11T10:13:00+05:30,2788.9,2789.0,2785.6,2785.6,1005
2025-07-11T10:14:00+05:30,2785.7,2787.9,2784.5,2786.1,3425
2025-07-11T10:15:00+05:30,2786.1,2786.2,2785.6,2786.2,102
2025-07-11T10:16:00+05:30,2786.3,2787.2,2786.0,2787.0,333
2025-07-11T10:17:00+05:30,2786.9,2787.0,2786.3,2786.6,218
2025-07-11T10:18:00+05:30,2786.3,2786.3,2785.8,2785.8,72
2025-07-11T10:19:00+05:30,2785.1,2785.6,2785.1,2785.1,45
2025-07-11T10:20:00+05:30,2785.1,2787.2,2785.1,2786.3,148
2025-07-11T10:21:00+05:30,2785.7,2785.8,2781.6,2783.8,552
2025-07-11T10:22:00+05:30,2783.3,2783.5,2781.7,2781.7,2222
2025-07-11T10:23:00+05:30,2781.7,2784.0,2781.4,2784.0,1043
2025-07-11T10:24:00+05:30,2784.5,2788.5,2784.0,2786.0,3021
2025-07-11T10:25:00+05:30,2786.5,2788.4,2786.5,2788.4,611
2025-07-11T10:26:00+05:30,2788.0,2789.1,2786.0,2787.0,1103
2025-07-11T10:27:00+05:30,2786.2,2788.0,2786.0,2788.0,1462
2025-07-11T10:28:00+05:30,2788.0,2788.3,2788.0,2788.3,519
2025-07-11T10:29:00+05:30,2788.3,2788.4,2785.2,2785.2,2189
2025-07-11T10:30:00+05:30,2786.0,2786.0,2784.2,2784.5,184
2025-07-11T10:31:00+05:30,2784.5,2787.0,2782.3,2784.6,4458
2025-07-11T10:32:00+05:30,2784.4,2785.0,2782.6,2783.4,745
2025-07-11T10:33:00+05:30,2783.4,2783.4,2781.5,2782.2,226
2025-07-11T10:34:00+05:30,2781.4,2782.6,2781.0,2781.7,431
2025-07-11T10:35:00+05:30,2781.6,2787.0,2779.0,2780.6,3348
2025-07-11T10:36:00+05:30,2780.2,2782.4,2780.0,2781.6,1708
2025-07-11T10:37:00+05:30,2781.9,2784.9,2781.6,2784.8,180
2025-07-11T10:38:00+05:30,2784.8,2785.0,2783.9,2783.9,258
2025-07-11T10:39:00+05:30,2783.9,2785.9,2783.9,2785.9,587
2025-07-11T10:40:00+05:30,2785.0,2785.5,2783.9,2784.3,431
2025-07-11T10:41:00+05:30,2784.3,2785.7,2784.3,2785.1,577
2025-07-11T10:42:00+05:30,2785.1,2786.3,2784.7,2784.7,847
2025-07-11T10:43:00+05:30,2784.4,2784.8,2783.8,2783.8,84
2025-07-11T10:44:00+05:30,2783.2,2784.6,2783.0,2783.4,141
2025-07-11T10:45:00+05:30,2783.2,2784.0,2783.2,2784.0,33
2025-07-11T10:46:00+05:30,2782.4,2784.0,2782.4,2783.3,569
2025-07-11T10:47:00+05:30,2782.4,2783.6,2782.3,2782.3,428
2025-07-11T10:48:00+05:30,2782.2,2782.3,2777.8,2777.8,12225
2025-07-11T10:49:00+05:30,2777.6,2780.0,2776.7,2780.0,1393
2025-07-11T10:50:00+05:30,2780.0,2781.4,2779.0,2781.4,95
2025-07-11T10:51:00+05:30,2780.1,2781.4,2779.6,2781.4,270
2025-07-11T10:52:00+05:30,2781.1,2782.2,2780.0,2782.0,968
2025-07-11T10:53:00+05:30,2782.0,2782.0,2781.3,2781.3,105
2025-07-11T10:54:00+05:30,2782.4,2783.3,2782.4,2783.3,35
2025-07-11T10:55:00+05:30,2783.3,2784.8,2783.1,2783.6,511
2025-07-11T10:56:00+05:30,2784.7,2784.9,2783.3,2784.6,402
2025-07-11T10:57:00+05:30,2783.5,2783.8,2782.9,2783.0,208
2025-07-11T10:58:00+05:30,2782.4,2783.0,2782.0,2782.1,2213
2025-07-11T10:59:00+05:30,2782.7,2783.5,2782.0,2782.2,984
2025-07-11T11:00:00+05:30,2782.2,2782.2,2780.4,2781.2,260
2025-07-11T11:01:00+05:30,2780.0,2781.8,2779.9,2780.1,950
2025-07-11T11:02:00+05:30,2780.4,2781.1,2780.4,2780.5,222
2025-07-11T11:03:00+05:30,2780.1,2780.3,2780.0,2780.3,24
2025-07-11T11:04:00+05:30,2780.0,2780.7,2780.0,2780.1,763
2025-07-11T11:05:00+05:30,2780.1,2780.8,2779.7,2780.6,181
2025-07-11T11:06:00+05:30,2780.6,2781.0,2780.0,2780.4,631
2025-07-11T11:07:00+05:30,2781.0,2782.5,2780.7,2782.3,261
2025-07-11T11:08:00+05:30,2782.1,2782.3,2781.3,2781.3,125
2025-07-11T11:09:00+05:30,2781.4,2781.4,2779.1,2779.1,1101
2025-07-11T11:10:00+05:30,2779.1,2780.8,2779.1,2780.0,188
2025-07-11T11:11:00+05:30,2779.8,2782.3,2779.8,2782.3,79
2025-07-11T11:12:00+05:30,2782.3,2788.0,2782.2,2787.2,2227
2025-07-11T11:13:00+05:30,2787.3,2787.7,2780.9,2781.0,1588
2025-07-11T11:14:00+05:30,2781.2,2782.2,2781.1,2781.4,411
2025-07-11T11:15:00+05:30,2781.5,2782.8,2781.5,2782.8,95
2025-07-11T11:16:00+05:30,2782.5,2783.2,2782.5,2783.0,74
2025-07-11T11:17:00+05:30,2783.1,2783.1,2782.0,2782.7,4
2025-07-11T11:18:00+05:30,2783.5,2783.5,2782.1,2782.4,102
2025-07-11T11:19:00+05:30,2781.9,2782.3,2781.4,2781.4,142
2025-07-11T11:20:00+05:30,2781.2,2781.2,2780.6,2780.7,44
2025-07-11T11:21:00+05:30,2781.7,2781.7,2780.6,2780.6,20
2025-07-11T11:22:00+05:30,2781.1,2781.7,2780.2,2781.5,86
2025-07-11T11:23:00+05:30,2781.9,2782.2,2780.8,2780.8,315
2025-07-11T11:24:00+05:30,2781.1,2781.9,2780.8,2780.8,79
2025-07-11T11:25:00+05:30,2781.4,2782.0,2780.1,2780.5,492
2025-07-11T11:26:00+05:30,2780.5,2781.1,2780.0,2780.0,99
2025-07-11T11:27:00+05:30,2780.2,2781.1,2780.0,2781.1,518
2025-07-11T11:28:00+05:30,2781.3,2781.9,2781.1,2781.1,143
2025-07-11T11:29:00+05:30,2781.4,2781.5,2780.2,2780.6,35
2025-07-11T11:30:00+05:30,2781.9,2781.9,2780.9,2781.8,302
2025-07-11T11:31:00+05:30,2780.7,2782.0,2780.0,2780.0,706
2025-07-11T11:32:00+05:30,2780.3,2780.3,2780.0,2780.0,6
2025-07-11T11:33:00+05:30,2780.0,2780.1,2779.3,2780.0,2276
2025-07-11T11:34:00+05:30,2780.1,2780.6,2780.0,2780.6,253
2025-07-11T11:35:00+05:30,2780.6,2782.0,2780.6,2780.6,900
2025-07-11T11:36:00+05:30,2780.5,2780.6,2780.1,2780.1,221
2025-07-11T11:37:00+05:30,2780.3,2781.0,2780.3,2781.0,8
2025-07-11T11:38:00+05:30,2781.0,2781.0,2780.6,2781.0,153
2025-07-11T11:39:00+05:30,2781.0,2781.0,2780.6,2780.6,49
2025-07-11T11:40:00+05:30,2780.6,2781.0,2780.6,2780.8,15
2025-07-11T11:41:00+05:30,2780.6,2781.0,2779.1,2781.0,807
2025-07-11T11:42:00+05:30,2781.0,2781.0,2780.2,2781.0,11
2025-07-11T11:43:00+05:30,2781.0,2782.0,2781.0,2781.9,4404
2025-07-11T11:44:00+05:30,2781.3,2781.3,2781.0,2781.0,288
2025-07-11T11:45:00+05:30,2781.0,2782.0,2780.8,2780.8,268
2025-07-11T11:46:00+05:30,2780.8,2781.9,2780.7,2781.2,361
2025-07-11T11:47:00+05:30,2781.6,2782.0,2781.6,2782.0,480
2025-07-11T11:48:00+05:30,2780.9,2780.9,2780.0,2780.4,275
2025-07-11T11:49:00+05:30,2780.4,2782.0,2780.4,2781.0,617
2025-07-11T11:50:00+05:30,2781.0,2782.0,2781.0,2781.1,1077
2025-07-11T11:51:00+05:30,2781.1,2782.0,2780.3,2780.9,1786
2025-07-11T11:52:00+05:30,2780.9,2781.4,2780.0,2780.7,642
2025-07-11T11:53:00+05:30,2781.4,2781.9,2780.4,2780.5,368
2025-07-11T11:54:00+05:30,2781.4,2782.0,2780.3,2780.3,759
2025-07-11T11:55:00+05:30,2781.4,2781.4,2781.4,2781.4,6
2025-07-11T11:56:00+05:30,2781.4,2782.0,2780.6,2781.1,793
2025-07-11T11:57:00+05:30,2781.0,2782.0,2780.1,2780.1,757
2025-07-11T11:58:00+05:30,2780.1,2780.1,2779.6,2780.1,374
2025-07-11T11:59:00+05:30,2780.1,2780.1,2779.0,2779.0,2376
2025-07-11T12:00:00+05:30,2778.5,2780.6,2778.3,2780.1,1552
2025-07-11T12:01:00+05:30,2779.7,2781.1,2778.8,2780.9,775
2025-07-11T12:02:00+05:30,2780.7,2781.2,2780.6,2780.7,49
2025-07-11T12:03:00+05:30,2780.5,2780.5,2780.3,2780.5,10
2025-07-11T12:04:00+05:30,2780.5,2780.5,2778.3,2779.8,1166
2025-07-11T12:05:00+05:30,2779.8,2782.0,2779.6,2781.2,1909
2025-07-11T12:06:00+05:30,2781.2,2785.6,2780.0,2783.5,19541
2025-07-11T12:07:00+05:30,2783.1,2785.1,2780.1,2781.1,12299
2025-07-11T12:08:00+05:30,2781.1,2781.6,2780.4,2780.4,2214
2025-07-11T12:09:00+05:30,2780.5,2781.2,2778.1,2781.2,3169
2025-07-11T12:10:00+05:30,2780.6,2781.9,2778.7,2781.9,1228
2025-07-11T12:11:00+05:30,2781.6,2782.0,2778.2,2778.2,2849
2025-07-11T12:12:00+05:30,2779.1,2779.1,2778.1,2779.0,125
2025-07-11T12:13:00+05:30,2779.0,2781.2,2778.3,2780.1,1410
2025-07-11T12:14:00+05:30,2780.0,2780.0,2779.1,2779.4,193
2025-07-11T12:15:00+05:30,2779.4,2781.0,2778.5,2780.1,712
2025-07-11T12:16:00+05:30,2780.0,2780.8,2779.5,2780.7,428
2025-07-11T12:17:00+05:30,2780.7,2782.0,2780.3,2781.0,183
2025-07-11T12:18:00+05:30,2780.9,2781.9,2780.6,2780.7,293
2025-07-11T12:19:00+05:30,2781.6,2782.0,2780.7,2782.0,78
2025-07-11T12:20:00+05:30,2781.4,2781.6,2781.4,2781.6,32
2025-07-11T12:21:00+05:30,2781.6,2781.6,2781.5,2781.5,8
2025-07-11T12:22:00+05:30,2781.5,2782.0,2780.6,2781.5,435
2025-07-11T12:23:00+05:30,2781.5,2782.0,2780.6,2781.2,584
2025-07-11T12:24:00+05:30,2781.2,2782.0,2781.2,2781.9,601
2025-07-11T12:25:00+05:30,2781.9,2782.0,2779.5,2780.9,815
2025-07-11T12:26:00+05:30,2780.5,2780.5,2778.0,2778.1,1436
2025-07-11T12:27:00+05:30,2778.1,2780.3,2777.0,2779.9,848
2025-07-11T12:28:00+05:30,2779.9,2780.0,2777.6,2777.6,478
2025-07-11T12:29:00+05:30,2777.6,2779.3,2776.4,2776.4,2248
2025-07-11T12:30:00+05:30,2776.4,2780.0,2776.0,2778.2,4329
2025-07-11T12:31:00+05:30,2778.2,2779.3,2778.0,2778.8,590
2025-07-11T12:32:00+05:30,2777.8,2778.5,2776.9,2776.9,555
2025-07-11T12:33:00+05:30,2777.0,2780.0,2777.0,2780.0,1493
2025-07-11T12:34:00+05:30,2779.4,2780.0,2779.4,2780.0,128
2025-07-11T12:35:00+05:30,2780.0,2780.0,2778.6,2779.1,631
2025-07-11T12:36:00+05:30,2779.1,2779.9,2779.0,2779.8,129
2025-07-11T12:37:00+05:30,2780.0,2780.0,2778.5,2779.9,619
2025-07-11T12:38:00+05:30,2779.6,2780.0,2779.4,2780.0,132
2025-07-11T12:39:00+05:30,2780.0,2780.0,2779.9,2780.0,139
2025-07-11T12:40:00+05:30,2779.5,2780.0,2779.5,2780.0,419
2025-07-11T12:41:00+05:30,2779.2,2780.0,2778.8,2779.8,128
2025-07-11T12:42:00+05:30,2779.8,2780.0,2778.5,2779.5,140
2025-07-11T12:43:00+05:30,2778.5,2784.2,2778.1,2784.1,2509
2025-07-11T12:44:00+05:30,2784.0,2784.9,2782.4,2782.5,765
2025-07-11T12:45:00+05:30,2782.4,2782.4,2780.8,2781.7,411
2025-07-11T12:46:00+05:30,2781.2,2782.0,2780.5,2781.6,415
2025-07-11T12:47:00+05:30,2781.7,2781.8,2780.6,2781.2,954
2025-07-11T12:48:00+05:30,2781.2,2781.2,2781.0,2781.0,42
2025-07-11T12:49:00+05:30,2781.0,2781.7,2780.9,2780.9,75
2025-07-11T12:50:00+05:30,2781.1,2782.1,2781.1,2781.6,1200
2025-07-11T12:51:00+05:30,2781.6,2781.6,2781.5,2781.6,105
2025-07-11T12:52:00+05:30,2781.6,2782.1,2779.8,2780.7,2847
2025-07-11T12:53:00+05:30,2780.4,2780.4,2780.0,2780.2,316
2025-07-11T12:54:00+05:30,2780.0,2780.3,2778.4,2778.5,1290
2025-07-11T12:55:00+05:30,2778.5,2779.2,2778.5,2779.2,131
2025-07-11T12:56:00+05:30,2779.1,2779.3,2779.1,2779.2,116
2025-07-11T12:57:00+05:30,2779.3,2780.1,2778.5,2779.9,295
2025-07-11T12:58:00+05:30,2779.7,2780.3,2778.8,2780.2,126
2025-07-11T12:59:00+05:30,2780.3,2780.3,2778.5,2779.8,547
2025-07-11T13:00:00+05:30,2780.1,2780.3,2780.1,2780.2,57
2025-07-11T13:01:00+05:30,2780.1,2780.2,2780.0,2780.2,132
2025-07-11T13:02:00+05:30,2780.1,2780.2,2780.0,2780.1,100
2025-07-11T13:03:00+05:30,2780.0,2780.2,2779.9,2780.1,233
2025-07-11T13:04:00+05:30,2780.1,2780.1,2779.0,2779.5,564
2025-07-11T13:05:00+05:30,2779.5,2779.5,2776.5,2777.2,935
2025-07-11T13:06:00+05:30,2777.7,2778.0,2777.2,2777.3,179
2025-07-11T13:07:00+05:30,2777.6,2777.9,2776.7,2777.0,241
2025-07-11T13:08:00+05:30,2777.0,2777.1,2775.3,2775.9,679
2025-07-11T13:09:00+05:30,2775.9,2776.0,2773.5,2774.2,1795
2025-07-11T13:10:00+05:30,2774.2,2777.4,2774.2,2774.5,1230
2025-07-11T13:11:00+05:30,2774.9,2774.9,2772.8,2772.8,908
2025-07-11T13:12:00+05:30,2772.9,2773.6,2772.6,2773.0,188
2025-07-11T13:13:00+05:30,2773.0,2773.0,2771.9,2772.8,775
2025-07-11T13:14:00+05:30,2771.9,2773.0,2767.2,2769.0,8863
2025-07-11T13:15:00+05:30,2768.8,2769.7,2767.3,2769.6,1193
2025-07-11T13:16:00+05:30,2769.6,2769.8,2768.1,2769.0,608
2025-07-11T13:17:00+05:30,2769.0,2769.7,2768.5,2769.7,235
2025-07-11T13:18:00+05:30,2769.2,2770.0,2769.2,2769.6,2843
2025-07-11T13:19:00+05:30,2770.0,2770.0,2770.0,2770.0,116
2025-07-11T13:20:00+05:30,2770.0,2770.0,2769.0,2769.3,398
2025-07-11T13:21:00+05:30,2769.4,2769.4,2765.4,2766.0,1363
2025-07-11T13:22:00+05:30,2766.9,2769.4,2766.9,2769.4,400
2025-07-11T13:23:00+05:30,2769.2,2769.6,2768.9,2769.5,131
2025-07-11T13:24:00+05:30,2769.4,2770.0,2768.0,2769.8,959
2025-07-11T13:25:00+05:30,2769.6,2769.8,2768.3,2769.3,182
2025-07-11T13:26:00+05:30,2769.0,2769.0,2767.6,2768.8,191
2025-07-11T13:27:00+05:30,2768.3,2769.0,2768.1,2768.7,147
2025-07-11T13:28:00+05:30,2768.7,2768.8,2767.5,2767.8,187
2025-07-11T13:29:00+05:30,2767.8,2768.2,2767.1,2767.1,166
2025-07-11T13:30:00+05:30,2767.4,2768.3,2767.0,2767.0,230
2025-07-11T13:31:00+05:30,2767.0,2767.1,2766.8,2767.1,280
2025-07-11T13:32:00+05:30,2767.1,2767.7,2766.9,2767.7,120
2025-07-11T13:33:00+05:30,2767.7,2767.8,2766.1,2767.6,376
2025-07-11T13:34:00+05:30,2766.3,2767.4,2765.2,2765.8,601
2025-07-11T13:35:00+05:30,2765.8,2767.2,2765.8,2765.8,149
2025-07-11T13:36:00+05:30,2766.8,2767.8,2766.0,2767.8,131
2025-07-11T13:37:00+05:30,2766.6,2766.6,2766.5,2766.6,116
2025-07-11T13:38:00+05:30,2766.6,2767.9,2766.0,2767.9,133
2025-07-11T13:39:00+05:30,2767.9,2768.2,2767.0,2767.3,275
2025-07-11T13:40:00+05:30,2767.3,2767.3,2762.1,2765.8,1748
2025-07-11T13:41:00+05:30,2765.8,2766.3,2764.6,2765.1,345
2025-07-11T13:42:00+05:30,2766.1,2767.0,2765.1,2765.5,1265
2025-07-11T13:43:00+05:30,2766.7,2768.6,2766.7,2767.9,184
2025-07-11T13:44:00+05:30,2767.9,2768.6,2767.0,2768.6,294
2025-07-11T13:45:00+05:30,2768.1,2768.4,2766.6,2767.3,548
2025-07-11T13:46:00+05:30,2767.1,2768.3,2766.9,2768.2,221
2025-07-11T13:47:00+05:30,2768.0,2768.3,2764.4,2764.4,1259
2025-07-11T13:48:00+05:30,2764.7,2768.1,2764.7,2767.6,816
2025-07-11T13:49:00+05:30,2767.6,2768.8,2767.6,2768.8,123
2025-07-11T13:50:00+05:30,2768.3,2768.9,2768.2,2768.7,178
2025-07-11T13:51:00+05:30,2768.7,2769.0,2767.4,2768.4,397
2025-07-11T13:52:00+05:30,2768.4,2769.0,2768.4,2768.7,146
2025-07-11T13:53:00+05:30,2768.7,2769.0,2768.7,2768.8,121
2025-07-11T13:54:00+05:30,2768.8,2769.0,2768.1,2768.8,123
2025-07-11T13:55:00+05:30,2768.1,2769.0,2768.1,2769.0,152
2025-07-11T13:56:00+05:30,2768.1,2769.0,2768.0,2768.8,596
2025-07-11T13:57:00+05:30,2768.7,2769.0,2767.9,2767.9,149
2025-07-11T13:58:00+05:30,2768.0,2769.0,2768.0,2768.7,123
2025-07-11T13:59:00+05:30,2768.7,2769.0,2767.9,2768.7,115
2025-07-11T14:00:00+05:30,2768.7,2768.9,2767.7,2768.5,244
2025-07-11T14:01:00+05:30,2768.5,2769.0,2766.9,2766.9,256
2025-07-11T14:02:00+05:30,2767.7,2768.3,2766.9,2768.0,140
2025-07-11T14:03:00+05:30,2768.0,2768.0,2766.6,2767.3,227
2025-07-11T14:04:00+05:30,2766.7,2767.6,2764.5,2764.9,906
2025-07-11T14:05:00+05:30,2764.9,2765.0,2764.2,2765.0,1119
2025-07-11T14:06:00+05:30,2764.2,2765.0,2763.5,2763.5,365
2025-07-11T14:07:00+05:30,2764.9,2765.0,2763.7,2763.7,291
2025-07-11T14:08:00+05:30,2764.7,2765.0,2764.6,2764.9,124
2025-07-11T14:09:00+05:30,2763.9,2765.0,2763.7,2763.7,222
2025-07-11T14:10:00+05:30,2764.7,2765.0,2763.7,2764.6,157
2025-07-11T14:11:00+05:30,2763.8,2765.0,2763.8,2765.0,172
2025-07-11T14:12:00+05:30,2764.9,2766.0,2764.4,2765.0,6901
2025-07-11T14:13:00+05:30,2764.9,2765.0,2764.3,2764.3,956
2025-07-11T14:14:00+05:30,2764.3,2764.4,2763.0,2763.5,2489
2025-07-11T14:15:00+05:30,2762.9,2764.5,2762.3,2764.3,555
2025-07-11T14:16:00+05:30,2764.2,2764.9,2764.2,2764.9,220
2025-07-11T14:17:00+05:30,2764.6,2764.9,2764.4,2764.9,263
2025-07-11T14:18:00+05:30,2764.9,2765.0,2764.4,2764.4,4858
2025-07-11T14:19:00+05:30,2764.4,2764.5,2763.7,2763.7,179
2025-07-11T14:20:00+05:30,2763.6,2764.7,2763.0,2764.2,708
2025-07-11T14:21:00+05:30,2764.2,2764.2,2762.2,2763.9,1284
2025-07-11T14:22:00+05:30,2763.9,2763.9,2762.5,2763.2,112
2025-07-11T14:23:00+05:30,2763.2,2763.2,2762.5,2763.2,59
2025-07-11T14:24:00+05:30,2762.5,2764.1,2762.5,2764.1,90
2025-07-11T14:25:00+05:30,2764.1,2764.3,2763.0,2763.5,355
2025-07-11T14:26:00+05:30,2763.5,2763.5,2763.5,2763.5,19
2025-07-11T14:27:00+05:30,2763.5,2764.0,2763.0,2763.0,113
2025-07-11T14:28:00+05:30,2763.9,2764.4,2763.1,2764.2,34
2025-07-11T14:29:00+05:30,2764.2,2764.3,2763.0,2764.3,35
2025-07-11T14:30:00+05:30,2763.0,2764.1,2762.4,2763.1,132
2025-07-11T14:31:00+05:30,2762.2,2763.1,2762.1,2762.6,53
2025-07-11T14:32:00+05:30,2762.6,2762.6,2762.1,2762.5,136
2025-07-11T14:33:00+05:30,2762.5,2763.6,2762.5,2763.3,171
2025-07-11T14:34:00+05:30,2762.5,2763.6,2762.5,2763.6,21
2025-07-11T14:35:00+05:30,2763.6,2764.3,2763.6,2764.0,162
2025-07-11T14:36:00+05:30,2762.8,2763.8,2762.7,2763.3,187
2025-07-11T14:37:00+05:30,2763.3,2764.2,2762.6,2764.0,347
2025-07-11T14:38:00+05:30,2764.1,2764.2,2764.0,2764.2,21
2025-07-11T14:39:00+05:30,2763.1,2764.8,2763.1,2764.6,235
2025-07-11T14:40:00+05:30,2764.6,2764.6,2763.8,2764.6,35
2025-07-11T14:41:00+05:30,2764.6,2765.0,2764.6,2764.9,112
2025-07-11T14:42:00+05:30,2764.1,2765.0,2764.0,2764.7,63
2025-07-11T14:43:00+05:30,2764.0,2764.9,2764.0,2764.6,84
2025-07-11T14:44:00+05:30,2764.6,2764.6,2764.1,2764.6,33
2025-07-11T14:45:00+05:30,2764.1,2765.0,2764.0,2765.0,199
2025-07-11T14:46:00+05:30,2764.9,2765.0,2764.5,2765.0,38
2025-07-11T14:47:00+05:30,2765.0,2765.0,2764.1,2764.1,70
2025-07-11T14:48:00+05:30,2764.4,2765.0,2764.1,2764.9,113
2025-07-11T14:49:00+05:30,2764.9,2765.0,2764.1,2765.0,28
2025-07-11T14:50:00+05:30,2764.1,2765.0,2764.0,2764.8,98
2025-07-11T14:51:00+05:30,2764.8,2764.8,2763.7,2763.7,175
2025-07-11T14:52:00+05:30,2763.7,2764.7,2763.7,2764.7,72
2025-07-11T14:53:00+05:30,2764.6,2764.7,2763.5,2764.6,51
2025-07-11T14:54:00+05:30,2764.0,2764.6,2763.5,2763.7,158
2025-07-11T14:55:00+05:30,2763.5,2763.5,2763.0,2763.1,85
2025-07-11T14:56:00+05:30,2763.1,2763.2,2762.1,2762.9,139
2025-07-11T14:57:00+05:30,2762.9,2763.2,2762.2,2763.1,193
2025-07-11T14:58:00+05:30,2762.2,2763.1,2762.2,2763.1,140
2025-07-11T14:59:00+05:30,2762.2,2763.0,2762.2,2763.0,115
2025-07-11T15:00:00+05:30,2762.5,2763.0,2762.3,2762.3,1060
2025-07-11T15:01:00+05:30,2762.3,2762.4,2758.6,2759.0,5031
2025-07-11T15:02:00+05:30,2758.8,2761.8,2756.4,2759.8,7468
2025-07-11T15:03:00+05:30,2759.5,2760.6,2759.5,2760.6,1086
2025-07-11T15:04:00+05:30,2760.6,2762.5,2760.6,2761.4,3073
2025-07-11T15:05:00+05:30,2761.2,2761.4,2758.2,2758.4,3339
2025-07-11T15:06:00+05:30,2758.2,2761.5,2757.4,2760.8,5648
2025-07-11T15:07:00+05:30,2760.7,2760.8,2760.5,2760.6,1261
2025-07-11T15:08:00+05:30,2760.4,2760.6,2759.3,2759.5,1961
2025-07-11T15:09:00+05:30,2759.4,2761.5,2758.3,2761.5,7318
2025-07-11T15:10:00+05:30,2761.4,2762.8,2761.2,2762.4,2501
2025-07-11T15:11:00+05:30,2762.3,2763.9,2762.1,2762.5,2466
2025-07-11T15:12:00+05:30,2762.5,2764.6,2761.6,2764.1,5270
2025-07-11T15:13:00+05:30,2764.2,2765.0,2763.9,2765.0,3382
2025-07-11T15:14:00+05:30,2765.0,2765.0,2764.5,2764.9,4250
2025-07-11T15:15:00+05:30,2764.8,2765.0,2764.3,2764.7,2410
2025-07-11T15:16:00+05:30,2764.4,2764.5,2762.6,2762.6,2212
2025-07-11T15:17:00+05:30,2762.6,2762.7,2761.8,2762.3,1718
2025-07-11T15:18:00+05:30,2762.2,2762.4,2760.8,2762.1,4771
2025-07-11T15:19:00+05:30,2761.8,2764.0,2760.3,2762.4,3455
2025-07-11T15:20:00+05:30,2762.8,2763.9,2762.1,2763.2,7245
2025-07-11T15:21:00+05:30,2763.2,2763.5,2762.7,2763.1,1796
2025-07-11T15:22:00+05:30,2762.9,2763.2,2762.7,2762.8,1237
2025-07-11T15:23:00+05:30,2762.8,2762.8,2762.4,2762.8,3110
2025-07-11T15:24:00+05:30,2762.7,2764.3,2762.5,2763.9,4049
2025-07-11T15:25:00+05:30,2763.8,2765.0,2763.7,2764.7,3531
2025-07-11T15:26:00+05:30,2764.8,2765.0,2764.6,2764.6,2658
2025-07-11T15:27:00+05:30,2764.7,2765.0,2764.3,2764.3,2372
2025-07-11T15:28:00+05:30,2764.3,2770.0,2764.1,2769.9,4439
2025-07-11T15:29:00+05:30,2765.6,2770.0,2764.7,2769.9,604
