timestamp,open,high,low,close,volume
2025-07-18T09:15:00+05:30,1592.1,1599.3,1588.5,1597.8,260251
2025-07-18T09:16:00+05:30,1597.5,1597.5,1593.7,1594.6,63007
2025-07-18T09:17:00+05:30,1594.5,1594.5,1590.9,1591.9,33697
2025-07-18T09:18:00+05:30,1592.6,1593.0,1591.1,1592.9,19253
2025-07-18T09:19:00+05:30,1592.2,1592.5,1589.2,1589.8,40704
2025-07-18T09:20:00+05:30,1589.8,1590.3,1589.3,1589.9,28512
2025-07-18T09:21:00+05:30,1589.7,1590.0,1587.0,1589.4,20004
2025-07-18T09:22:00+05:30,1589.4,1590.0,1588.7,1589.6,10678
2025-07-18T09:23:00+05:30,1589.7,1589.7,1588.2,1588.9,37937
2025-07-18T09:24:00+05:30,1588.9,1588.9,1587.9,1588.1,8175
2025-07-18T09:25:00+05:30,1588.1,1588.2,1587.7,1588.2,11312
2025-07-18T09:26:00+05:30,1588.2,1589.3,1587.8,1588.6,13352
2025-07-18T09:27:00+05:30,1588.6,1590.5,1588.4,1589.9,21470
2025-07-18T09:28:00+05:30,1589.8,1590.5,1589.2,1590.1,14370
2025-07-18T09:29:00+05:30,1590.0,1590.5,1588.9,1589.4,14062
2025-07-18T09:30:00+05:30,1589.4,1589.6,1587.7,1587.7,18390
2025-07-18T09:31:00+05:30,1587.7,1589.1,1587.5,1588.7,10573
2025-07-18T09:32:00+05:30,1588.3,1588.7,1587.9,1588.1,7539
2025-07-18T09:33:00+05:30,1588.3,1589.5,1588.1,1588.9,8511
2025-07-18T09:34:00+05:30,1588.9,1589.8,1588.4,1588.6,10010
2025-07-18T09:35:00+05:30,1588.5,1588.8,1586.8,1588.2,12466
2025-07-18T09:36:00+05:30,1588.2,1589.0,1587.7,1588.9,8603
2025-07-18T09:37:00+05:30,1588.9,1590.0,1588.7,1590.0,10383
2025-07-18T09:38:00+05:30,1590.0,1590.9,1589.7,1589.9,14201
2025-07-18T09:39:00+05:30,1589.6,1590.5,1589.6,1590.0,5133
2025-07-18T09:40:00+05:30,1590.3,1590.4,1588.8,1589.3,14169
2025-07-18T09:41:00+05:30,1589.3,1589.8,1589.1,1589.7,4778
2025-07-18T09:42:00+05:30,1589.5,1589.5,1587.4,1587.5,14244
2025-07-18T09:43:00+05:30,1587.4,1587.6,1586.8,1587.0,3494
2025-07-18T09:44:00+05:30,1587.0,1587.5,1584.9,1585.4,23953
2025-07-18T09:45:00+05:30,1585.2,1585.8,1584.0,1585.1,28544
2025-07-18T09:46:00+05:30,1585.0,1585.5,1584.6,1585.2,11133
2025-07-18T09:47:00+05:30,1585.3,1586.3,1585.2,1586.3,7046
2025-07-18T09:48:00+05:30,1586.4,1586.7,1585.5,1585.5,7205
2025-07-18T09:49:00+05:30,1585.7,1585.9,1584.3,1584.9,7997
2025-07-18T09:50:00+05:30,1584.8,1584.9,1584.3,1584.5,7001
2025-07-18T09:51:00+05:30,1584.4,1584.4,1583.6,1583.9,9815
2025-07-18T09:52:00+05:30,1583.8,1585.4,1583.8,1584.7,7326
2025-07-18T09:53:00+05:30,1584.7,1585.3,1584.1,1584.6,8614
2025-07-18T09:54:00+05:30,1584.5,1586.2,1584.5,1586.0,34385
2025-07-18T09:55:00+05:30,1585.7,1587.1,1585.5,1586.4,36980
2025-07-18T09:56:00+05:30,1586.3,1587.2,1586.3,1586.9,48093
2025-07-18T09:57:00+05:30,1587.0,1587.4,1586.7,1587.1,5390
2025-07-18T09:58:00+05:30,1587.1,1588.5,1587.0,1587.2,11841
2025-07-18T09:59:00+05:30,1587.2,1587.4,1586.0,1586.0,6186
2025-07-18T10:00:00+05:30,1586.1,1586.1,1585.9,1586.1,3134
2025-07-18T10:01:00+05:30,1586.1,1586.1,1584.6,1584.6,12138
2025-07-18T10:02:00+05:30,1584.5,1585.9,1584.5,1585.9,9714
2025-07-18T10:03:00+05:30,1585.7,1586.9,1585.7,1586.9,8970
2025-07-18T10:04:00+05:30,1586.8,1586.9,1586.0,1586.4,3368
2025-07-18T10:05:00+05:30,1586.1,1586.4,1585.7,1586.0,1663
2025-07-18T10:06:00+05:30,1585.9,1586.7,1585.7,1586.2,7340
2025-07-18T10:07:00+05:30,1586.2,1586.6,1586.0,1586.5,5244
2025-07-18T10:08:00+05:30,1586.6,1586.7,1586.3,1586.7,4624
2025-07-18T10:09:00+05:30,1586.5,1586.7,1586.3,1586.6,5057
2025-07-18T10:10:00+05:30,1586.4,1586.7,1586.2,1586.4,3830
2025-07-18T10:11:00+05:30,1586.4,1586.4,1585.8,1586.2,7440
2025-07-18T10:12:00+05:30,1586.2,1587.0,1586.1,1586.4,11121
2025-07-18T10:13:00+05:30,1586.5,1586.5,1586.0,1586.1,2647
2025-07-18T10:14:00+05:30,1586.1,1586.6,1585.8,1586.3,12361
2025-07-18T10:15:00+05:30,1586.3,1586.3,1584.8,1585.1,5714
2025-07-18T10:16:00+05:30,1585.0,1585.0,1584.0,1584.2,3861
2025-07-18T10:17:00+05:30,1584.0,1584.5,1582.0,1582.1,19961
2025-07-18T10:18:00+05:30,1582.1,1582.1,1580.0,1581.2,22156
2025-07-18T10:19:00+05:30,1580.7,1581.6,1580.0,1580.7,16162
2025-07-18T10:20:00+05:30,1580.7,1581.4,1580.5,1580.7,4838
2025-07-18T10:21:00+05:30,1580.7,1582.3,1580.6,1581.6,9893
2025-07-18T10:22:00+05:30,1581.7,1582.8,1581.5,1582.3,9865
2025-07-18T10:23:00+05:30,1582.3,1583.9,1581.7,1583.0,10618
2025-07-18T10:24:00+05:30,1583.6,1584.6,1582.9,1584.4,12320
2025-07-18T10:25:00+05:30,1584.4,1584.5,1582.5,1583.3,13289
2025-07-18T10:26:00+05:30,1583.3,1583.3,1581.5,1582.0,10045
2025-07-18T10:27:00+05:30,1581.7,1584.1,1581.7,1582.7,12925
2025-07-18T10:28:00+05:30,1583.0,1583.3,1582.3,1582.7,6044
2025-07-18T10:29:00+05:30,1582.7,1582.7,1581.9,1582.3,8686
2025-07-18T10:30:00+05:30,1582.2,1583.8,1582.0,1582.2,13846
2025-07-18T10:31:00+05:30,1582.2,1584.8,1582.1,1584.0,20907
2025-07-18T10:32:00+05:30,1583.5,1584.0,1583.3,1583.5,3975
2025-07-18T10:33:00+05:30,1583.5,1584.0,1583.3,1583.5,3379
2025-07-18T10:34:00+05:30,1583.9,1583.9,1582.4,1582.6,6581
2025-07-18T10:35:00+05:30,1582.6,1582.8,1582.4,1582.8,5666
2025-07-18T10:36:00+05:30,1582.7,1583.6,1582.5,1583.6,9737
2025-07-18T10:37:00+05:30,1583.5,1583.6,1583.3,1583.5,5911
2025-07-18T10:38:00+05:30,1583.5,1583.7,1583.2,1583.5,6514
2025-07-18T10:39:00+05:30,1583.5,1583.5,1582.8,1583.3,4563
2025-07-18T10:40:00+05:30,1583.3,1583.3,1581.0,1581.6,14345
2025-07-18T10:41:00+05:30,1581.2,1581.7,1580.4,1581.1,11908
2025-07-18T10:42:00+05:30,1581.1,1582.4,1580.6,1581.0,13564
2025-07-18T10:43:00+05:30,1581.1,1581.6,1580.9,1581.2,1591
2025-07-18T10:44:00+05:30,1581.0,1581.4,1580.1,1580.3,9919
2025-07-18T10:45:00+05:30,1580.2,1580.8,1580.1,1580.8,8304
2025-07-18T10:46:00+05:30,1580.8,1580.8,1580.0,1580.6,8036
2025-07-18T10:47:00+05:30,1580.3,1580.5,1580.0,1580.1,4360
2025-07-18T10:48:00+05:30,1580.0,1581.0,1580.0,1580.9,11359
2025-07-18T10:49:00+05:30,1580.9,1581.8,1580.8,1581.5,20896
2025-07-18T10:50:00+05:30,1581.6,1582.0,1581.0,1581.3,30954
2025-07-18T10:51:00+05:30,1581.2,1581.9,1580.5,1581.0,42702
2025-07-18T10:52:00+05:30,1581.1,1581.1,1580.4,1581.1,4322
2025-07-18T10:53:00+05:30,1581.1,1582.5,1580.7,1582.0,55125
2025-07-18T10:54:00+05:30,1582.1,1582.1,1581.2,1581.2,2685
2025-07-18T10:55:00+05:30,1581.3,1581.4,1581.0,1581.0,1858
2025-07-18T10:56:00+05:30,1581.0,1581.5,1580.9,1581.5,6072
2025-07-18T10:57:00+05:30,1581.5,1581.6,1581.0,1581.6,19325
2025-07-18T10:58:00+05:30,1581.6,1582.1,1581.0,1581.7,21357
2025-07-18T10:59:00+05:30,1581.7,1581.8,1580.1,1580.2,13452
2025-07-18T11:00:00+05:30,1580.2,1580.3,1580.1,1580.3,2845
2025-07-18T11:01:00+05:30,1580.3,1580.7,1580.1,1580.3,2882
2025-07-18T11:02:00+05:30,1580.3,1583.4,1580.2,1582.6,26806
2025-07-18T11:03:00+05:30,1582.6,1584.2,1582.4,1584.2,13416
2025-07-18T11:04:00+05:30,1584.2,1585.4,1584.2,1585.3,12802
2025-07-18T11:05:00+05:30,1585.3,1586.7,1585.2,1586.3,16331
2025-07-18T11:06:00+05:30,1586.3,1588.0,1585.4,1587.6,18158
2025-07-18T11:07:00+05:30,1587.3,1587.6,1586.2,1587.2,6303
2025-07-18T11:08:00+05:30,1586.7,1587.1,1586.6,1586.7,4494
2025-07-18T11:09:00+05:30,1586.7,1589.0,1586.7,1588.3,16989
2025-07-18T11:10:00+05:30,1588.3,1588.3,1587.1,1587.9,6939
2025-07-18T11:11:00+05:30,1587.9,1588.0,1586.9,1586.9,5680
2025-07-18T11:12:00+05:30,1587.1,1588.8,1586.6,1588.2,12087
2025-07-18T11:13:00+05:30,1588.2,1589.0,1587.7,1588.4,9436
2025-07-18T11:14:00+05:30,1588.4,1588.4,1587.8,1588.2,2900
2025-07-18T11:15:00+05:30,1588.0,1588.4,1587.8,1588.0,6593
2025-07-18T11:16:00+05:30,1588.2,1588.3,1587.8,1588.2,7016
2025-07-18T11:17:00+05:30,1588.0,1588.3,1587.9,1588.0,3644
2025-07-18T11:18:00+05:30,1588.0,1590.0,1587.8,1589.4,57339
2025-07-18T11:19:00+05:30,1588.9,1590.1,1588.8,1589.5,12607
2025-07-18T11:20:00+05:30,1589.9,1590.2,1588.2,1588.5,27737
2025-07-18T11:21:00+05:30,1588.6,1590.2,1588.5,1589.6,7275
2025-07-18T11:22:00+05:30,1589.7,1590.5,1588.9,1590.3,4197
2025-07-18T11:23:00+05:30,1589.8,1591.3,1589.1,1591.3,17137
2025-07-18T11:24:00+05:30,1591.2,1593.5,1591.2,1592.4,15268
2025-07-18T11:25:00+05:30,1592.8,1593.0,1590.6,1591.1,4790
2025-07-18T11:26:00+05:30,1591.1,1591.8,1590.3,1591.7,13091
2025-07-18T11:27:00+05:30,1591.1,1591.9,1591.0,1591.1,3349
2025-07-18T11:28:00+05:30,1591.2,1591.2,1590.1,1591.1,10190
2025-07-18T11:29:00+05:30,1590.5,1592.1,1590.3,1592.1,10720
2025-07-18T11:30:00+05:30,1592.1,1592.2,1591.6,1591.9,4833
2025-07-18T11:31:00+05:30,1591.9,1592.0,1591.6,1591.8,8847
2025-07-18T11:32:00+05:30,1591.8,1592.0,1591.5,1591.7,6455
2025-07-18T11:33:00+05:30,1591.7,1591.7,1590.0,1590.2,5632
2025-07-18T11:34:00+05:30,1590.2,1590.2,1588.7,1589.1,4495
2025-07-18T11:35:00+05:30,1589.0,1589.6,1588.5,1588.7,3128
2025-07-18T11:36:00+05:30,1588.6,1588.7,1587.6,1587.6,6718
2025-07-18T11:37:00+05:30,1587.6,1589.5,1587.6,1588.5,3353
2025-07-18T11:38:00+05:30,1588.9,1588.9,1587.6,1588.0,2491
2025-07-18T11:39:00+05:30,1587.7,1589.5,1587.7,1588.7,49879
2025-07-18T11:40:00+05:30,1588.5,1588.8,1588.2,1588.2,3305
2025-07-18T11:41:00+05:30,1588.4,1588.4,1588.0,1588.2,1358
2025-07-18T11:42:00+05:30,1588.2,1589.4,1587.4,1588.6,5590
2025-07-18T11:43:00+05:30,1588.6,1588.9,1587.0,1587.1,7525
2025-07-18T11:44:00+05:30,1587.2,1587.4,1584.7,1584.8,36824
2025-07-18T11:45:00+05:30,1585.0,1587.0,1585.0,1586.7,7456
2025-07-18T11:46:00+05:30,1586.5,1587.5,1586.2,1587.2,15762
2025-07-18T11:47:00+05:30,1587.2,1587.4,1586.5,1586.6,1774
2025-07-18T11:48:00+05:30,1586.6,1587.3,1585.5,1585.8,5206
2025-07-18T11:49:00+05:30,1585.6,1587.3,1585.6,1587.1,5028
2025-07-18T11:50:00+05:30,1587.1,1588.6,1587.0,1588.3,13102
2025-07-18T11:51:00+05:30,1588.1,1588.4,1587.7,1588.0,3586
2025-07-18T11:52:00+05:30,1587.8,1589.0,1587.8,1588.9,8946
2025-07-18T11:53:00+05:30,1589.0,1590.7,1588.9,1590.3,12139
2025-07-18T11:54:00+05:30,1590.3,1592.0,1589.7,1590.4,11716
2025-07-18T11:55:00+05:30,1590.2,1590.4,1588.6,1589.9,5195
2025-07-18T11:56:00+05:30,1589.7,1590.9,1589.4,1590.4,8264
2025-07-18T11:57:00+05:30,1590.4,1590.4,1588.9,1589.0,8004
2025-07-18T11:58:00+05:30,1589.1,1589.6,1588.7,1589.0,1765
2025-07-18T11:59:00+05:30,1588.7,1589.9,1588.4,1588.9,3246
2025-07-18T12:00:00+05:30,1588.9,1589.0,1588.1,1588.1,1260
2025-07-18T12:01:00+05:30,1588.0,1588.1,1587.9,1587.9,1924
2025-07-18T12:02:00+05:30,1587.9,1589.3,1587.4,1588.3,13423
2025-07-18T12:03:00+05:30,1588.2,1589.0,1587.7,1587.8,1566
2025-07-18T12:04:00+05:30,1587.8,1588.1,1587.5,1587.7,1204
2025-07-18T12:05:00+05:30,1587.7,1588.3,1587.7,1587.8,3854
2025-07-18T12:06:00+05:30,1587.9,1588.3,1587.9,1588.0,787
2025-07-18T12:07:00+05:30,1588.0,1589.1,1588.0,1588.5,4804
2025-07-18T12:08:00+05:30,1588.6,1588.6,1588.3,1588.3,2328
2025-07-18T12:09:00+05:30,1588.3,1588.5,1587.7,1587.7,1836
2025-07-18T12:10:00+05:30,1587.8,1588.5,1587.5,1587.5,5900
2025-07-18T12:11:00+05:30,1587.5,1588.0,1587.4,1587.5,2896
2025-07-18T12:12:00+05:30,1587.5,1587.9,1587.1,1587.2,4961
2025-07-18T12:13:00+05:30,1587.7,1587.7,1587.0,1587.0,4732
2025-07-18T12:14:00+05:30,1587.0,1587.6,1586.5,1586.8,6727
2025-07-18T12:15:00+05:30,1586.8,1587.2,1586.7,1587.1,2649
2025-07-18T12:16:00+05:30,1587.1,1587.9,1586.7,1586.7,10017
2025-07-18T12:17:00+05:30,1586.8,1587.0,1586.5,1586.8,6187
2025-07-18T12:18:00+05:30,1586.8,1586.8,1586.2,1586.2,9655
2025-07-18T12:19:00+05:30,1586.2,1587.0,1586.2,1586.9,5017
2025-07-18T12:20:00+05:30,1586.9,1587.0,1586.4,1586.6,1504
2025-07-18T12:21:00+05:30,1586.6,1586.9,1586.5,1586.6,5361
2025-07-18T12:22:00+05:30,1586.7,1587.0,1586.1,1586.8,10036
2025-07-18T12:23:00+05:30,1586.5,1587.8,1586.5,1586.9,12214
2025-07-18T12:24:00+05:30,1586.7,1587.0,1586.6,1587.0,3868
2025-07-18T12:25:00+05:30,1586.9,1587.5,1586.6,1587.1,11100
2025-07-18T12:26:00+05:30,1587.2,1587.5,1587.1,1587.2,4493
2025-07-18T12:27:00+05:30,1587.4,1587.5,1587.0,1587.1,4515
2025-07-18T12:28:00+05:30,1587.1,1587.2,1586.8,1587.0,6776
2025-07-18T12:29:00+05:30,1587.1,1587.1,1586.4,1586.7,31499
2025-07-18T12:30:00+05:30,1587.1,1587.1,1586.3,1586.4,6949
2025-07-18T12:31:00+05:30,1586.6,1586.6,1586.2,1586.3,2446
2025-07-18T12:32:00+05:30,1586.2,1588.5,1586.2,1588.4,25626
2025-07-18T12:33:00+05:30,1588.4,1589.2,1588.2,1588.7,7041
2025-07-18T12:34:00+05:30,1588.7,1588.8,1588.4,1588.6,4756
2025-07-18T12:35:00+05:30,1588.4,1588.8,1587.7,1587.7,5829
2025-07-18T12:36:00+05:30,1587.7,1587.7,1586.2,1586.5,5460
2025-07-18T12:37:00+05:30,1586.4,1586.8,1586.0,1586.0,6407
2025-07-18T12:38:00+05:30,1586.1,1586.2,1585.5,1585.5,1142
2025-07-18T12:39:00+05:30,1585.6,1586.9,1585.5,1586.8,3397
2025-07-18T12:40:00+05:30,1586.8,1587.0,1586.4,1586.4,1395
2025-07-18T12:41:00+05:30,1586.6,1587.4,1586.3,1587.4,6914
2025-07-18T12:42:00+05:30,1587.4,1587.6,1586.7,1587.0,3599
2025-07-18T12:43:00+05:30,1587.0,1587.3,1586.7,1586.9,669
2025-07-18T12:44:00+05:30,1587.0,1587.0,1586.5,1586.6,2477
2025-07-18T12:45:00+05:30,1586.5,1587.3,1586.2,1587.0,14908
2025-07-18T12:46:00+05:30,1587.0,1587.1,1586.7,1586.8,1575
2025-07-18T12:47:00+05:30,1587.0,1587.0,1586.0,1586.4,1042
2025-07-18T12:48:00+05:30,1586.0,1586.4,1586.0,1586.3,2656
2025-07-18T12:49:00+05:30,1586.1,1586.7,1586.1,1586.6,2926
2025-07-18T12:50:00+05:30,1586.5,1586.6,1585.7,1585.7,4157
2025-07-18T12:51:00+05:30,1585.9,1585.9,1585.5,1585.7,2500
2025-07-18T12:52:00+05:30,1585.6,1585.7,1585.0,1585.1,6961
2025-07-18T12:53:00+05:30,1585.1,1585.4,1584.7,1585.0,6086
2025-07-18T12:54:00+05:30,1585.0,1585.0,1584.2,1584.9,7820
2025-07-18T12:55:00+05:30,1584.9,1585.0,1584.4,1584.9,3520
2025-07-18T12:56:00+05:30,1584.9,1585.4,1584.6,1584.7,7447
2025-07-18T12:57:00+05:30,1584.7,1585.2,1584.5,1584.5,2203
2025-07-18T12:58:00+05:30,1584.6,1584.7,1584.4,1584.6,4476
2025-07-18T12:59:00+05:30,1584.7,1585.4,1584.5,1585.2,10151
2025-07-18T13:00:00+05:30,1585.1,1586.5,1585.1,1586.5,13178
2025-07-18T13:01:00+05:30,1586.5,1588.1,1586.2,1588.1,35220
2025-07-18T13:02:00+05:30,1588.0,1588.1,1585.8,1586.1,15432
2025-07-18T13:03:00+05:30,1586.1,1586.2,1585.2,1585.4,3238
2025-07-18T13:04:00+05:30,1585.4,1587.3,1585.2,1586.9,16499
2025-07-18T13:05:00+05:30,1586.9,1587.6,1586.5,1586.5,6284
2025-07-18T13:06:00+05:30,1586.7,1586.7,1585.7,1585.8,1339
2025-07-18T13:07:00+05:30,1585.7,1585.8,1585.4,1585.6,1786
2025-07-18T13:08:00+05:30,1585.6,1588.3,1585.2,1586.5,60057
2025-07-18T13:09:00+05:30,1586.5,1586.8,1585.7,1586.2,5085
2025-07-18T13:10:00+05:30,1586.2,1586.6,1585.5,1586.5,4088
2025-07-18T13:11:00+05:30,1586.1,1587.0,1585.5,1586.3,17513
2025-07-18T13:12:00+05:30,1586.3,1587.0,1585.6,1586.9,6095
2025-07-18T13:13:00+05:30,1586.5,1587.0,1586.1,1586.9,4940
2025-07-18T13:14:00+05:30,1586.7,1587.0,1586.3,1586.5,3834
2025-07-18T13:15:00+05:30,1586.5,1587.0,1586.5,1586.9,4473
2025-07-18T13:16:00+05:30,1586.9,1586.9,1586.2,1586.4,4863
2025-07-18T13:17:00+05:30,1586.3,1586.4,1585.8,1585.8,1268
2025-07-18T13:18:00+05:30,1585.9,1585.9,1584.8,1585.0,5162
2025-07-18T13:19:00+05:30,1585.1,1585.3,1584.8,1585.0,5863
2025-07-18T13:20:00+05:30,1585.1,1585.4,1584.6,1585.3,3964
2025-07-18T13:21:00+05:30,1585.3,1585.4,1584.5,1585.0,4414
2025-07-18T13:22:00+05:30,1585.0,1585.1,1584.5,1584.9,2950
2025-07-18T13:23:00+05:30,1584.9,1585.2,1584.6,1585.1,3276
2025-07-18T13:24:00+05:30,1585.0,1585.2,1584.7,1584.8,2173
2025-07-18T13:25:00+05:30,1584.8,1584.9,1584.6,1584.6,915
2025-07-18T13:26:00+05:30,1584.7,1584.7,1584.4,1584.6,2202
2025-07-18T13:27:00+05:30,1584.4,1584.6,1584.3,1584.3,2080
2025-07-18T13:28:00+05:30,1584.2,1584.3,1583.7,1584.0,3189
2025-07-18T13:29:00+05:30,1584.0,1584.0,1583.4,1583.7,11394
2025-07-18T13:30:00+05:30,1583.9,1584.0,1583.3,1584.0,7626
2025-07-18T13:31:00+05:30,1583.8,1585.0,1583.5,1584.7,9816
2025-07-18T13:32:00+05:30,1584.3,1584.7,1583.9,1584.6,3591
2025-07-18T13:33:00+05:30,1584.6,1584.8,1584.2,1584.8,3694
2025-07-18T13:34:00+05:30,1584.8,1585.8,1584.5,1585.0,6036
2025-07-18T13:35:00+05:30,1584.7,1585.0,1584.5,1584.6,1108
2025-07-18T13:36:00+05:30,1584.5,1584.9,1584.5,1584.5,2557
2025-07-18T13:37:00+05:30,1584.7,1584.9,1584.3,1584.8,2260
2025-07-18T13:38:00+05:30,1584.5,1584.7,1584.4,1584.4,1868
2025-07-18T13:39:00+05:30,1584.5,1585.6,1584.3,1585.5,13849
2025-07-18T13:40:00+05:30,1585.6,1585.7,1585.3,1585.4,4729
2025-07-18T13:41:00+05:30,1585.6,1585.9,1585.2,1585.2,3854
2025-07-18T13:42:00+05:30,1585.3,1585.4,1585.2,1585.2,2918
2025-07-18T13:43:00+05:30,1585.4,1585.4,1585.1,1585.1,3020
2025-07-18T13:44:00+05:30,1585.1,1585.2,1585.0,1585.1,2820
2025-07-18T13:45:00+05:30,1585.2,1586.1,1585.0,1585.4,10512
2025-07-18T13:46:00+05:30,1585.3,1585.9,1584.7,1585.9,17744
2025-07-18T13:47:00+05:30,1585.9,1585.9,1585.0,1585.4,5164
2025-07-18T13:48:00+05:30,1585.3,1585.3,1584.4,1585.0,12170
2025-07-18T13:49:00+05:30,1585.0,1585.2,1584.5,1585.0,5130
2025-07-18T13:50:00+05:30,1585.0,1585.1,1584.9,1585.0,4006
2025-07-18T13:51:00+05:30,1585.1,1585.6,1585.0,1585.2,14276
2025-07-18T13:52:00+05:30,1585.4,1585.6,1585.1,1585.3,3561
2025-07-18T13:53:00+05:30,1585.4,1585.4,1584.8,1585.0,34996
2025-07-18T13:54:00+05:30,1585.1,1585.4,1584.6,1585.4,17853
2025-07-18T13:55:00+05:30,1585.3,1585.4,1585.0,1585.0,1752
2025-07-18T13:56:00+05:30,1585.1,1586.4,1585.0,1585.4,13958
2025-07-18T13:57:00+05:30,1585.4,1587.0,1585.3,1586.9,26450
2025-07-18T13:58:00+05:30,1586.9,1588.7,1586.6,1587.9,42168
2025-07-18T13:59:00+05:30,1588.4,1588.5,1586.4,1587.2,32196
2025-07-18T14:00:00+05:30,1587.2,1587.5,1586.6,1587.0,5221
2025-07-18T14:01:00+05:30,1587.3,1587.3,1587.0,1587.0,1126
2025-07-18T14:02:00+05:30,1587.0,1587.6,1587.0,1587.4,4235
2025-07-18T14:03:00+05:30,1587.4,1587.9,1587.4,1587.6,6881
2025-07-18T14:04:00+05:30,1587.7,1587.9,1587.4,1587.4,2030
2025-07-18T14:05:00+05:30,1587.7,1587.7,1587.6,1587.7,1728
2025-07-18T14:06:00+05:30,1587.6,1587.7,1587.4,1587.6,3173
2025-07-18T14:07:00+05:30,1587.6,1587.7,1587.3,1587.3,4384
2025-07-18T14:08:00+05:30,1587.3,1587.4,1587.0,1587.0,1960
2025-07-18T14:09:00+05:30,1587.0,1587.3,1587.0,1587.1,10485
2025-07-18T14:10:00+05:30,1587.0,1587.1,1586.3,1586.3,7274
2025-07-18T14:11:00+05:30,1586.3,1587.0,1586.3,1586.9,5634
2025-07-18T14:12:00+05:30,1586.9,1587.9,1586.7,1587.1,9330
2025-07-18T14:13:00+05:30,1587.1,1588.0,1587.0,1587.6,9898
2025-07-18T14:14:00+05:30,1587.5,1587.6,1587.2,1587.2,1963
2025-07-18T14:15:00+05:30,1587.3,1587.6,1587.2,1587.6,7899
2025-07-18T14:16:00+05:30,1587.6,1588.8,1587.5,1587.8,16137
2025-07-18T14:17:00+05:30,1588.1,1588.1,1587.8,1587.9,2568
2025-07-18T14:18:00+05:30,1588.0,1588.0,1586.8,1587.0,9149
2025-07-18T14:19:00+05:30,1587.0,1588.0,1586.8,1587.9,9362
2025-07-18T14:20:00+05:30,1587.9,1588.2,1587.6,1587.7,7666
2025-07-18T14:21:00+05:30,1587.9,1588.0,1587.4,1587.5,2659
2025-07-18T14:22:00+05:30,1587.6,1587.7,1587.0,1587.1,638
2025-07-18T14:23:00+05:30,1587.1,1587.1,1586.8,1586.8,3111
2025-07-18T14:24:00+05:30,1586.8,1586.9,1586.6,1586.6,1786
2025-07-18T14:25:00+05:30,1586.6,1586.7,1586.4,1586.4,4213
2025-07-18T14:26:00+05:30,1586.4,1586.5,1585.9,1585.9,3615
2025-07-18T14:27:00+05:30,1585.9,1586.2,1585.4,1586.0,12306
2025-07-18T14:28:00+05:30,1586.1,1587.0,1586.1,1586.9,12653
2025-07-18T14:29:00+05:30,1587.0,1587.4,1586.9,1587.1,7787
2025-07-18T14:30:00+05:30,1587.1,1588.5,1587.1,1587.3,21235
2025-07-18T14:31:00+05:30,1587.5,1587.7,1587.0,1587.0,2613
2025-07-18T14:32:00+05:30,1587.0,1588.1,1586.9,1587.9,8952
2025-07-18T14:33:00+05:30,1588.1,1588.1,1587.2,1587.5,6468
2025-07-18T14:34:00+05:30,1587.6,1587.9,1587.5,1587.8,7241
2025-07-18T14:35:00+05:30,1587.9,1587.9,1587.1,1587.1,6017
2025-07-18T14:36:00+05:30,1587.1,1587.1,1585.9,1585.9,7735
2025-07-18T14:37:00+05:30,1585.9,1586.6,1585.9,1586.5,9182
2025-07-18T14:38:00+05:30,1586.5,1586.9,1585.9,1586.3,3100
2025-07-18T14:39:00+05:30,1585.9,1587.0,1585.5,1586.6,10069
2025-07-18T14:40:00+05:30,1586.6,1586.7,1585.8,1586.4,7189
2025-07-18T14:41:00+05:30,1586.4,1586.8,1586.0,1586.2,10450
2025-07-18T14:42:00+05:30,1586.4,1586.7,1585.6,1586.3,8034
2025-07-18T14:43:00+05:30,1586.3,1586.4,1585.6,1586.1,4631
2025-07-18T14:44:00+05:30,1586.1,1586.2,1585.1,1585.1,17546
2025-07-18T14:45:00+05:30,1585.1,1586.0,1584.6,1585.4,37437
2025-07-18T14:46:00+05:30,1585.3,1586.9,1585.3,1586.6,18171
2025-07-18T14:47:00+05:30,1586.6,1586.7,1584.8,1585.4,18448
2025-07-18T14:48:00+05:30,1585.5,1586.5,1585.1,1585.1,7832
2025-07-18T14:49:00+05:30,1585.2,1585.2,1584.8,1584.8,3478
2025-07-18T14:50:00+05:30,1584.9,1585.0,1584.1,1584.3,5646
2025-07-18T14:51:00+05:30,1584.3,1584.5,1583.1,1584.4,20115
2025-07-18T14:52:00+05:30,1584.3,1585.1,1583.8,1585.0,8114
2025-07-18T14:53:00+05:30,1585.1,1585.1,1584.5,1585.0,26621
2025-07-18T14:54:00+05:30,1585.0,1585.6,1584.9,1585.2,15578
2025-07-18T14:55:00+05:30,1585.2,1585.6,1585.0,1585.1,8524
2025-07-18T14:56:00+05:30,1585.1,1585.3,1584.3,1585.0,18365
2025-07-18T14:57:00+05:30,1585.0,1586.0,1585.0,1585.2,10656
2025-07-18T14:58:00+05:30,1585.2,1585.7,1585.1,1585.5,5872
2025-07-18T14:59:00+05:30,1585.6,1585.6,1585.0,1585.1,4646
2025-07-18T15:00:00+05:30,1585.1,1586.4,1585.1,1585.5,35020
2025-07-18T15:01:00+05:30,1585.6,1585.8,1585.5,1585.7,38543
2025-07-18T15:02:00+05:30,1585.7,1586.7,1585.6,1585.8,40104
2025-07-18T15:03:00+05:30,1585.9,1586.1,1585.0,1585.0,41188
2025-07-18T15:04:00+05:30,1585.1,1585.1,1584.0,1585.0,51625
2025-07-18T15:05:00+05:30,1585.1,1585.4,1584.7,1584.9,39774
2025-07-18T15:06:00+05:30,1585.0,1585.7,1584.7,1585.4,63016
2025-07-18T15:07:00+05:30,1585.4,1585.6,1585.1,1585.1,20169
2025-07-18T15:08:00+05:30,1585.2,1585.2,1584.7,1585.0,30926
2025-07-18T15:09:00+05:30,1585.1,1585.8,1584.7,1585.6,59856
2025-07-18T15:10:00+05:30,1585.7,1586.2,1585.5,1585.9,35877
2025-07-18T15:11:00+05:30,1586.0,1586.0,1585.8,1585.8,35858
2025-07-18T15:12:00+05:30,1585.9,1585.9,1585.6,1585.6,37096
2025-07-18T15:13:00+05:30,1585.6,1585.7,1585.4,1585.4,38792
2025-07-18T15:14:00+05:30,1585.4,1585.5,1584.9,1585.1,42310
2025-07-18T15:15:00+05:30,1585.0,1586.1,1584.9,1586.0,87299
2025-07-18T15:16:00+05:30,1586.0,1586.2,1585.4,1585.7,49072
2025-07-18T15:17:00+05:30,1585.8,1585.8,1585.5,1585.7,44257
2025-07-18T15:18:00+05:30,1585.7,1586.3,1585.7,1586.2,63323
2025-07-18T15:19:00+05:30,1586.3,1586.9,1586.1,1586.3,51134
2025-07-18T15:20:00+05:30,1586.3,1587.4,1586.2,1587.3,61103
2025-07-18T15:21:00+05:30,1587.3,1588.5,1587.1,1587.6,54049
2025-07-18T15:22:00+05:30,1587.7,1587.7,1586.6,1587.0,48445
2025-07-18T15:23:00+05:30,1587.1,1587.1,1586.7,1587.0,43557
2025-07-18T15:24:00+05:30,1587.0,1587.1,1586.6,1587.0,86782
2025-07-18T15:25:00+05:30,1586.8,1587.1,1586.7,1587.1,40325
2025-07-18T15:26:00+05:30,1587.1,1588.5,1587.0,1588.0,39881
2025-07-18T15:27:00+05:30,1588.1,1588.4,1588.0,1588.4,41319
2025-07-18T15:28:00+05:30,1588.3,1588.8,1588.0,1588.1,20289
2025-07-18T15:29:00+05:30,1588.1,1588.2,1586.1,1588.2,13848
2025-07-17T09:15:00+05:30,1598.0,1606.7,1598.0,1603.2,127297
2025-07-17T09:16:00+05:30,1603.0,1606.6,1602.2,1605.9,57734
2025-07-17T09:17:00+05:30,1606.2,1606.4,1603.4,1604.2,24538
2025-07-17T09:18:00+05:30,1604.0,1607.9,1604.0,1607.8,27040
2025-07-17T09:19:00+05:30,1607.8,1607.8,1605.0,1605.1,18342
2025-07-17T09:20:00+05:30,1605.0,1610.0,1605.0,1606.2,37550
2025-07-17T09:21:00+05:30,1606.5,1608.5,1605.9,1608.4,11543
2025-07-17T09:22:00+05:30,1608.1,1610.0,1608.0,1610.0,19684
2025-07-17T09:23:00+05:30,1610.0,1610.0,1607.9,1608.5,22814
2025-07-17T09:24:00+05:30,1608.5,1608.7,1605.9,1606.1,8545
2025-07-17T09:25:00+05:30,1606.0,1608.0,1605.1,1607.4,25751
2025-07-17T09:26:00+05:30,1607.0,1608.5,1606.9,1608.0,11960
2025-07-17T09:27:00+05:30,1608.2,1608.5,1605.8,1606.0,10952
2025-07-17T09:28:00+05:30,1605.8,1606.0,1605.0,1605.7,7800
2025-07-17T09:29:00+05:30,1605.7,1606.0,1605.1,1605.9,7411
2025-07-17T09:30:00+05:30,1605.8,1606.0,1604.2,1604.6,17449
2025-07-17T09:31:00+05:30,1604.7,1604.7,1604.1,1604.2,8669
2025-07-17T09:32:00+05:30,1604.1,1604.2,1602.6,1603.1,10615
2025-07-17T09:33:00+05:30,1602.6,1603.7,1602.4,1603.7,17026
2025-07-17T09:34:00+05:30,1603.7,1603.7,1602.0,1602.8,31423
2025-07-17T09:35:00+05:30,1602.8,1603.0,1601.0,1602.8,36588
2025-07-17T09:36:00+05:30,1602.9,1603.4,1602.7,1603.0,12853
2025-07-17T09:37:00+05:30,1603.1,1603.3,1602.5,1602.7,8049
2025-07-17T09:38:00+05:30,1603.0,1603.1,1602.4,1602.5,3520
2025-07-17T09:39:00+05:30,1602.7,1603.0,1602.3,1602.8,8549
2025-07-17T09:40:00+05:30,1602.8,1603.9,1602.8,1603.6,10858
2025-07-17T09:41:00+05:30,1603.6,1603.6,1602.5,1603.2,7004
2025-07-17T09:42:00+05:30,1603.0,1604.8,1602.9,1604.4,12423
2025-07-17T09:43:00+05:30,1604.3,1605.5,1604.2,1605.0,13123
2025-07-17T09:44:00+05:30,1605.0,1605.2,1604.2,1605.1,20500
2025-07-17T09:45:00+05:30,1604.9,1606.0,1603.1,1604.3,17854
2025-07-17T09:46:00+05:30,1604.7,1604.8,1602.9,1603.0,3903
2025-07-17T09:47:00+05:30,1602.8,1603.0,1602.5,1602.9,2710
2025-07-17T09:48:00+05:30,1602.9,1602.9,1602.0,1602.3,5988
2025-07-17T09:49:00+05:30,1602.2,1602.5,1602.1,1602.2,2787
2025-07-17T09:50:00+05:30,1602.2,1602.2,1600.8,1601.1,12307
2025-07-17T09:51:00+05:30,1601.4,1601.4,1600.9,1601.0,22927
2025-07-17T09:52:00+05:30,1601.0,1601.4,1600.9,1601.3,10219
2025-07-17T09:53:00+05:30,1601.3,1602.1,1600.6,1600.9,19148
2025-07-17T09:54:00+05:30,1600.7,1600.8,1600.0,1600.4,11736
2025-07-17T09:55:00+05:30,1600.0,1600.2,1599.0,1599.3,9060
2025-07-17T09:56:00+05:30,1599.2,1599.8,1596.3,1597.4,33981
2025-07-17T09:57:00+05:30,1597.0,1597.9,1596.6,1597.5,13196
2025-07-17T09:58:00+05:30,1597.1,1598.5,1597.1,1598.4,8186
2025-07-17T09:59:00+05:30,1598.4,1598.9,1598.0,1598.8,5740
2025-07-17T10:00:00+05:30,1598.8,1598.8,1597.8,1598.0,5770
2025-07-17T10:01:00+05:30,1598.0,1598.1,1595.9,1596.7,19621
2025-07-17T10:02:00+05:30,1596.6,1597.0,1595.8,1596.0,29831
2025-07-17T10:03:00+05:30,1596.5,1596.6,1595.0,1596.3,36450
2025-07-17T10:04:00+05:30,1596.5,1596.5,1595.7,1595.9,7091
2025-07-17T10:05:00+05:30,1596.0,1597.0,1595.6,1596.5,14290
2025-07-17T10:06:00+05:30,1596.5,1597.3,1596.0,1596.0,8841
2025-07-17T10:07:00+05:30,1596.2,1596.6,1595.8,1596.4,7936
2025-07-17T10:08:00+05:30,1596.4,1596.8,1596.1,1596.2,8060
2025-07-17T10:09:00+05:30,1596.2,1596.4,1596.0,1596.0,5995
2025-07-17T10:10:00+05:30,1596.2,1596.9,1596.0,1596.6,7981
2025-07-17T10:11:00+05:30,1596.8,1596.8,1595.9,1596.0,7416
2025-07-17T10:12:00+05:30,1596.0,1596.5,1595.5,1595.9,5467
2025-07-17T10:13:00+05:30,1596.4,1596.4,1595.9,1596.2,6573
2025-07-17T10:14:00+05:30,1596.3,1596.3,1595.9,1596.0,7267
2025-07-17T10:15:00+05:30,1596.1,1596.9,1595.9,1596.3,7198
2025-07-17T10:16:00+05:30,1596.3,1596.4,1595.9,1596.0,6820
2025-07-17T10:17:00+05:30,1596.0,1596.0,1595.7,1595.8,3448
2025-07-17T10:18:00+05:30,1595.8,1595.8,1595.1,1595.4,5880
2025-07-17T10:19:00+05:30,1595.4,1595.5,1595.1,1595.3,5698
2025-07-17T10:20:00+05:30,1595.3,1596.0,1595.1,1595.8,12328
2025-07-17T10:21:00+05:30,1595.8,1595.9,1595.2,1595.2,7575
2025-07-17T10:22:00+05:30,1595.2,1595.3,1595.1,1595.2,3601
2025-07-17T10:23:00+05:30,1595.3,1595.4,1595.2,1595.2,1869
2025-07-17T10:24:00+05:30,1595.3,1595.4,1594.2,1594.9,17167
2025-07-17T10:25:00+05:30,1594.9,1594.9,1594.2,1594.2,2781
2025-07-17T10:26:00+05:30,1594.4,1594.4,1594.2,1594.3,2639
2025-07-17T10:27:00+05:30,1594.3,1595.2,1594.3,1595.2,9206
2025-07-17T10:28:00+05:30,1595.2,1595.3,1595.0,1595.2,3457
2025-07-17T10:29:00+05:30,1595.2,1595.2,1594.2,1594.5,7007
2025-07-17T10:30:00+05:30,1594.4,1594.5,1593.0,1593.2,10367
2025-07-17T10:31:00+05:30,1593.0,1593.4,1592.1,1592.8,10782
2025-07-17T10:32:00+05:30,1592.7,1594.1,1592.4,1593.8,10076
2025-07-17T10:33:00+05:30,1593.8,1594.2,1593.5,1594.2,3519
2025-07-17T10:34:00+05:30,1594.1,1594.8,1594.0,1594.6,4980
2025-07-17T10:35:00+05:30,1594.6,1596.2,1594.5,1595.6,9857
2025-07-17T10:36:00+05:30,1595.6,1595.6,1594.1,1594.4,6088
2025-07-17T10:37:00+05:30,1594.2,1594.3,1593.2,1593.8,5164
2025-07-17T10:38:00+05:30,1593.4,1594.0,1592.3,1592.8,18620
2025-07-17T10:39:00+05:30,1592.8,1593.5,1592.7,1593.1,5864
2025-07-17T10:40:00+05:30,1593.0,1593.5,1592.5,1592.6,9327
2025-07-17T10:41:00+05:30,1592.9,1592.9,1592.0,1592.1,15324
2025-07-17T10:42:00+05:30,1592.1,1592.5,1592.0,1592.0,2253
2025-07-17T10:43:00+05:30,1592.1,1592.1,1591.6,1591.8,7116
2025-07-17T10:44:00+05:30,1591.6,1592.2,1591.1,1592.0,8958
2025-07-17T10:45:00+05:30,1592.1,1592.1,1591.5,1591.9,3462
2025-07-17T10:46:00+05:30,1591.6,1591.9,1591.5,1591.7,1852
2025-07-17T10:47:00+05:30,1591.6,1592.6,1591.5,1592.0,8358
2025-07-17T10:48:00+05:30,1592.2,1592.2,1591.8,1592.1,3042
2025-07-17T10:49:00+05:30,1592.1,1592.2,1592.0,1592.1,4376
2025-07-17T10:50:00+05:30,1592.0,1592.1,1591.7,1591.9,5337
2025-07-17T10:51:00+05:30,1591.9,1592.1,1591.9,1592.1,4558
2025-07-17T10:52:00+05:30,1592.1,1592.1,1591.9,1592.1,2958
2025-07-17T10:53:00+05:30,1592.1,1592.2,1592.0,1592.2,3155
2025-07-17T10:54:00+05:30,1592.1,1592.7,1592.1,1592.5,5725
2025-07-17T10:55:00+05:30,1592.5,1592.5,1592.2,1592.4,5913
2025-07-17T10:56:00+05:30,1592.5,1592.6,1592.4,1592.5,2206
2025-07-17T10:57:00+05:30,1592.6,1592.7,1592.3,1592.5,5803
2025-07-17T10:58:00+05:30,1592.5,1592.7,1592.3,1592.5,3392
2025-07-17T10:59:00+05:30,1592.7,1593.0,1592.0,1592.7,11137
2025-07-17T11:00:00+05:30,1592.5,1593.0,1592.3,1592.7,6058
2025-07-17T11:01:00+05:30,1592.5,1592.6,1591.4,1591.7,7873
2025-07-17T11:02:00+05:30,1591.6,1591.7,1591.5,1591.7,1742
2025-07-17T11:03:00+05:30,1591.6,1591.7,1591.1,1591.2,6593
2025-07-17T11:04:00+05:30,1591.1,1591.3,1590.1,1590.9,36809
2025-07-17T11:05:00+05:30,1590.8,1591.3,1590.4,1591.1,4746
2025-07-17T11:06:00+05:30,1591.2,1591.7,1591.1,1591.7,3383
2025-07-17T11:07:00+05:30,1591.4,1591.7,1591.3,1591.7,3501
2025-07-17T11:08:00+05:30,1591.6,1592.5,1591.5,1591.8,8750
2025-07-17T11:09:00+05:30,1591.7,1592.7,1591.5,1592.7,11438
2025-07-17T11:10:00+05:30,1592.6,1593.0,1591.6,1592.3,52327
2025-07-17T11:11:00+05:30,1592.1,1593.0,1592.1,1592.9,8193
2025-07-17T11:12:00+05:30,1593.0,1595.3,1592.9,1595.3,93006
2025-07-17T11:13:00+05:30,1595.2,1595.4,1594.4,1594.7,10862
2025-07-17T11:14:00+05:30,1594.8,1595.1,1594.7,1595.0,6944
2025-07-17T11:15:00+05:30,1594.9,1595.0,1593.1,1593.5,10659
2025-07-17T11:16:00+05:30,1593.5,1593.7,1593.0,1593.2,3506
2025-07-17T11:17:00+05:30,1593.0,1594.0,1592.9,1593.9,7060
2025-07-17T11:18:00+05:30,1593.9,1595.1,1593.7,1594.6,19893
2025-07-17T11:19:00+05:30,1594.7,1595.1,1594.1,1594.1,4118
2025-07-17T11:20:00+05:30,1594.1,1594.4,1594.0,1594.1,22267
2025-07-17T11:21:00+05:30,1594.0,1594.1,1593.6,1593.8,11906
2025-07-17T11:22:00+05:30,1593.7,1594.8,1593.6,1594.0,9623
2025-07-17T11:23:00+05:30,1593.9,1594.0,1593.5,1593.9,6963
2025-07-17T11:24:00+05:30,1593.7,1593.9,1593.2,1593.3,9287
2025-07-17T11:25:00+05:30,1593.3,1594.3,1593.0,1593.0,56691
2025-07-17T11:26:00+05:30,1592.9,1593.1,1592.5,1593.0,4064
2025-07-17T11:27:00+05:30,1592.9,1593.0,1592.5,1593.0,6240
2025-07-17T11:28:00+05:30,1593.0,1593.8,1592.9,1593.0,7576
2025-07-17T11:29:00+05:30,1592.9,1593.0,1592.8,1593.0,2147
2025-07-17T11:30:00+05:30,1593.0,1594.1,1592.8,1593.5,15836
2025-07-17T11:31:00+05:30,1593.3,1594.9,1593.2,1594.0,32425
2025-07-17T11:32:00+05:30,1594.4,1595.6,1594.1,1594.9,13008
2025-07-17T11:33:00+05:30,1594.9,1595.3,1594.5,1594.8,3505
2025-07-17T11:34:00+05:30,1594.8,1595.1,1594.6,1595.1,5152
2025-07-17T11:35:00+05:30,1595.0,1595.5,1595.0,1595.5,6334
2025-07-17T11:36:00+05:30,1595.5,1597.8,1595.5,1597.6,25140
2025-07-17T11:37:00+05:30,1597.7,1597.9,1597.2,1597.2,9481
2025-07-17T11:38:00+05:30,1597.2,1597.6,1597.0,1597.3,4865
2025-07-17T11:39:00+05:30,1597.4,1597.5,1596.5,1596.8,4636
2025-07-17T11:40:00+05:30,1596.6,1598.1,1595.7,1597.0,49084
2025-07-17T11:41:00+05:30,1596.9,1598.1,1596.7,1597.5,26178
2025-07-17T11:42:00+05:30,1597.5,1597.5,1595.8,1595.9,34440
2025-07-17T11:43:00+05:30,1595.9,1597.0,1595.6,1597.0,25765
2025-07-17T11:44:00+05:30,1596.9,1597.0,1596.6,1597.0,14248
2025-07-17T11:45:00+05:30,1596.7,1597.3,1596.6,1597.0,21414
2025-07-17T11:46:00+05:30,1596.9,1596.9,1595.7,1596.3,23596
2025-07-17T11:47:00+05:30,1596.4,1596.6,1596.3,1596.3,9036
2025-07-17T11:48:00+05:30,1596.3,1596.5,1595.1,1596.0,20425
2025-07-17T11:49:00+05:30,1596.0,1596.1,1595.6,1595.9,2806
2025-07-17T11:50:00+05:30,1595.8,1595.8,1594.5,1594.5,17625
2025-07-17T11:51:00+05:30,1594.5,1595.4,1594.5,1595.3,9531
2025-07-17T11:52:00+05:30,1595.3,1595.5,1595.2,1595.5,3357
2025-07-17T11:53:00+05:30,1595.5,1596.1,1595.3,1595.9,19036
2025-07-17T11:54:00+05:30,1595.8,1595.9,1595.6,1595.7,1576
2025-07-17T11:55:00+05:30,1595.6,1595.9,1595.6,1595.9,3630
2025-07-17T11:56:00+05:30,1595.8,1596.4,1595.8,1596.0,11356
2025-07-17T11:57:00+05:30,1595.9,1596.4,1595.8,1596.2,7160
2025-07-17T11:58:00+05:30,1596.2,1596.5,1596.1,1596.5,8864
2025-07-17T11:59:00+05:30,1596.4,1596.5,1595.5,1595.7,4996
2025-07-17T12:00:00+05:30,1595.6,1596.1,1595.3,1596.1,3396
2025-07-17T12:01:00+05:30,1596.1,1596.1,1595.8,1596.1,3719
2025-07-17T12:02:00+05:30,1596.0,1596.0,1595.8,1595.9,1302
2025-07-17T12:03:00+05:30,1595.9,1596.0,1595.8,1596.0,2316
2025-07-17T12:04:00+05:30,1595.9,1596.5,1595.9,1596.3,9230
2025-07-17T12:05:00+05:30,1596.3,1596.4,1596.2,1596.3,3950
2025-07-17T12:06:00+05:30,1596.3,1596.4,1596.2,1596.3,3879
2025-07-17T12:07:00+05:30,1596.3,1596.3,1596.0,1596.0,4025
2025-07-17T12:08:00+05:30,1596.0,1596.4,1595.8,1595.9,11373
2025-07-17T12:09:00+05:30,1595.9,1597.1,1595.9,1596.9,25510
2025-07-17T12:10:00+05:30,1596.7,1596.8,1596.3,1596.3,4849
2025-07-17T12:11:00+05:30,1596.4,1597.0,1596.2,1596.9,3331
2025-07-17T12:12:00+05:30,1596.8,1596.9,1596.0,1596.0,4142
2025-07-17T12:13:00+05:30,1596.4,1596.6,1596.1,1596.1,7436
2025-07-17T12:14:00+05:30,1596.4,1596.5,1596.0,1596.2,4456
2025-07-17T12:15:00+05:30,1596.3,1596.5,1596.2,1596.2,4022
2025-07-17T12:16:00+05:30,1596.3,1596.4,1595.8,1596.2,5087
2025-07-17T12:17:00+05:30,1596.0,1596.1,1595.6,1595.9,4887
2025-07-17T12:18:00+05:30,1595.8,1595.9,1595.7,1595.9,1506
2025-07-17T12:19:00+05:30,1595.7,1595.7,1595.0,1595.5,6991
2025-07-17T12:20:00+05:30,1595.4,1595.5,1594.9,1595.0,4847
2025-07-17T12:21:00+05:30,1594.9,1595.1,1594.8,1595.1,5474
2025-07-17T12:22:00+05:30,1595.0,1595.1,1594.3,1594.3,5265
2025-07-17T12:23:00+05:30,1594.2,1594.2,1592.5,1593.8,32256
2025-07-17T12:24:00+05:30,1593.7,1594.1,1593.5,1594.0,2420
2025-07-17T12:25:00+05:30,1594.0,1594.0,1593.7,1593.7,4509
2025-07-17T12:26:00+05:30,1593.9,1594.0,1593.7,1593.9,5413
2025-07-17T12:27:00+05:30,1593.9,1594.0,1593.1,1593.6,8695
2025-07-17T12:28:00+05:30,1593.3,1593.4,1592.7,1592.8,6951
2025-07-17T12:29:00+05:30,1592.8,1592.8,1592.6,1592.6,4318
2025-07-17T12:30:00+05:30,1592.8,1592.9,1592.0,1592.3,9401
2025-07-17T12:31:00+05:30,1592.3,1592.3,1591.6,1591.6,9211
2025-07-17T12:32:00+05:30,1591.6,1591.8,1591.1,1591.4,15609
2025-07-17T12:33:00+05:30,1591.4,1591.5,1591.1,1591.5,17077
2025-07-17T12:34:00+05:30,1591.4,1592.4,1591.2,1591.9,17185
2025-07-17T12:35:00+05:30,1591.8,1591.9,1591.5,1591.7,4015
2025-07-17T12:36:00+05:30,1591.7,1591.7,1591.0,1591.3,18548
2025-07-17T12:37:00+05:30,1591.1,1591.6,1591.0,1591.0,12225
2025-07-17T12:38:00+05:30,1591.0,1591.2,1590.6,1590.8,3837
2025-07-17T12:39:00+05:30,1590.8,1590.8,1590.4,1590.5,3249
2025-07-17T12:40:00+05:30,1590.4,1590.6,1590.2,1590.5,6581
2025-07-17T12:41:00+05:30,1590.4,1590.5,1590.0,1590.4,19295
2025-07-17T12:42:00+05:30,1590.1,1592.2,1590.1,1591.1,19164
2025-07-17T12:43:00+05:30,1591.8,1593.0,1591.0,1592.9,25510
2025-07-17T12:44:00+05:30,1592.7,1592.8,1591.7,1592.2,4068
2025-07-17T12:45:00+05:30,1592.0,1592.7,1592.0,1592.6,5258
2025-07-17T12:46:00+05:30,1592.3,1592.6,1592.2,1592.2,5697
2025-07-17T12:47:00+05:30,1592.2,1592.5,1592.1,1592.4,7340
2025-07-17T12:48:00+05:30,1592.1,1592.4,1591.0,1591.1,26770
2025-07-17T12:49:00+05:30,1591.0,1591.1,1590.5,1590.8,3351
2025-07-17T12:50:00+05:30,1590.5,1591.0,1590.5,1591.0,3209
2025-07-17T12:51:00+05:30,1591.0,1591.8,1590.8,1591.5,9430
2025-07-17T12:52:00+05:30,1591.5,1591.9,1591.3,1591.7,6035
2025-07-17T12:53:00+05:30,1591.6,1591.8,1591.2,1591.4,5402
2025-07-17T12:54:00+05:30,1591.2,1591.6,1591.1,1591.6,5203
2025-07-17T12:55:00+05:30,1591.5,1591.7,1591.3,1591.5,3894
2025-07-17T12:56:00+05:30,1591.3,1591.5,1590.6,1591.1,8522
2025-07-17T12:57:00+05:30,1590.9,1591.5,1590.8,1591.4,6823
2025-07-17T12:58:00+05:30,1591.4,1591.4,1591.0,1591.3,4455
2025-07-17T12:59:00+05:30,1591.3,1591.4,1591.0,1591.4,7541
2025-07-17T13:00:00+05:30,1591.3,1591.5,1591.2,1591.4,6904
2025-07-17T13:01:00+05:30,1591.3,1591.4,1590.9,1591.2,8381
2025-07-17T13:02:00+05:30,1591.0,1591.2,1590.8,1591.2,10871
2025-07-17T13:03:00+05:30,1591.2,1591.2,1590.4,1590.6,8120
2025-07-17T13:04:00+05:30,1590.5,1590.5,1589.3,1589.9,32111
2025-07-17T13:05:00+05:30,1589.8,1589.9,1589.1,1589.2,5429
2025-07-17T13:06:00+05:30,1589.1,1589.2,1588.1,1588.7,12861
2025-07-17T13:07:00+05:30,1588.6,1588.9,1588.4,1588.9,6902
2025-07-17T13:08:00+05:30,1588.8,1589.0,1588.1,1588.3,11294
2025-07-17T13:09:00+05:30,1588.3,1588.8,1588.1,1588.3,7577
2025-07-17T13:10:00+05:30,1588.2,1588.6,1588.2,1588.5,7950
2025-07-17T13:11:00+05:30,1588.5,1588.7,1588.1,1588.3,20625
2025-07-17T13:12:00+05:30,1588.3,1588.5,1587.6,1588.3,21163
2025-07-17T13:13:00+05:30,1588.2,1588.3,1588.0,1588.0,7038
2025-07-17T13:14:00+05:30,1588.1,1588.5,1587.4,1588.2,31578
2025-07-17T13:15:00+05:30,1588.2,1588.9,1588.0,1588.9,9976
2025-07-17T13:16:00+05:30,1588.6,1589.5,1588.6,1589.2,12209
2025-07-17T13:17:00+05:30,1589.0,1589.8,1588.9,1589.7,15135
2025-07-17T13:18:00+05:30,1589.8,1590.0,1588.2,1588.9,23981
2025-07-17T13:19:00+05:30,1588.9,1589.1,1588.3,1588.8,4221
2025-07-17T13:20:00+05:30,1588.8,1588.9,1588.2,1588.9,5851
2025-07-17T13:21:00+05:30,1588.7,1589.1,1588.6,1589.1,10569
2025-07-17T13:22:00+05:30,1589.1,1589.2,1588.0,1588.2,8227
2025-07-17T13:23:00+05:30,1588.2,1588.7,1587.0,1587.4,17516
2025-07-17T13:24:00+05:30,1587.3,1587.5,1586.9,1587.2,19866
2025-07-17T13:25:00+05:30,1587.2,1587.6,1586.5,1587.5,38843
2025-07-17T13:26:00+05:30,1587.5,1588.7,1587.5,1588.7,42543
2025-07-17T13:27:00+05:30,1588.7,1590.0,1588.3,1589.9,92539
2025-07-17T13:28:00+05:30,1589.9,1591.6,1588.4,1589.0,82077
2025-07-17T13:29:00+05:30,1588.9,1590.0,1588.3,1589.5,17161
2025-07-17T13:30:00+05:30,1589.4,1589.5,1588.6,1589.0,6224
2025-07-17T13:31:00+05:30,1589.0,1589.0,1587.9,1587.9,5636
2025-07-17T13:32:00+05:30,1588.2,1588.2,1587.5,1587.8,4848
2025-07-17T13:33:00+05:30,1587.8,1590.1,1587.2,1589.7,30940
2025-07-17T13:34:00+05:30,1589.9,1589.9,1586.8,1588.0,12687
2025-07-17T13:35:00+05:30,1588.0,1588.0,1587.1,1587.3,8605
2025-07-17T13:36:00+05:30,1587.4,1588.3,1587.1,1587.2,6974
2025-07-17T13:37:00+05:30,1587.3,1587.6,1586.9,1587.1,8068
2025-07-17T13:38:00+05:30,1587.1,1587.7,1586.9,1587.1,7899
2025-07-17T13:39:00+05:30,1587.0,1588.0,1586.9,1587.3,11502
2025-07-17T13:40:00+05:30,1587.4,1587.9,1587.1,1587.9,18100
2025-07-17T13:41:00+05:30,1587.9,1587.9,1587.6,1587.8,10136
2025-07-17T13:42:00+05:30,1587.8,1589.0,1587.5,1588.2,18950
2025-07-17T13:43:00+05:30,1588.3,1588.9,1587.8,1588.8,28449
2025-07-17T13:44:00+05:30,1588.9,1589.0,1588.3,1589.0,31632
2025-07-17T13:45:00+05:30,1588.9,1589.2,1587.8,1588.3,28484
2025-07-17T13:46:00+05:30,1588.2,1588.3,1587.8,1588.2,17227
2025-07-17T13:47:00+05:30,1587.9,1588.2,1587.4,1587.7,14174
2025-07-17T13:48:00+05:30,1587.8,1588.2,1587.3,1587.6,32548
2025-07-17T13:49:00+05:30,1588.0,1588.0,1587.5,1587.9,15152
2025-07-17T13:50:00+05:30,1587.7,1588.0,1587.6,1588.0,12144
2025-07-17T13:51:00+05:30,1588.0,1588.0,1586.2,1587.2,33055
2025-07-17T13:52:00+05:30,1587.2,1589.6,1587.2,1589.4,64080
2025-07-17T13:53:00+05:30,1589.4,1590.4,1588.9,1590.1,37767
2025-07-17T13:54:00+05:30,1590.1,1590.1,1589.0,1589.2,7489
2025-07-17T13:55:00+05:30,1589.2,1589.4,1588.3,1589.1,7380
2025-07-17T13:56:00+05:30,1589.1,1589.5,1588.7,1589.5,14181
2025-07-17T13:57:00+05:30,1589.5,1590.1,1588.7,1590.1,15850
2025-07-17T13:58:00+05:30,1590.1,1590.1,1589.1,1589.4,5973
2025-07-17T13:59:00+05:30,1589.4,1589.9,1589.1,1589.4,9420
2025-07-17T14:00:00+05:30,1589.2,1589.8,1589.1,1589.5,11356
2025-07-17T14:01:00+05:30,1589.4,1589.7,1589.0,1589.1,5125
2025-07-17T14:02:00+05:30,1589.1,1589.5,1588.8,1589.5,11891
2025-07-17T14:03:00+05:30,1589.5,1590.0,1589.2,1589.5,13304
2025-07-17T14:04:00+05:30,1589.3,1590.8,1589.1,1590.6,24813
2025-07-17T14:05:00+05:30,1590.6,1590.9,1589.3,1590.9,27780
2025-07-17T14:06:00+05:30,1590.9,1591.5,1590.7,1591.4,16467
2025-07-17T14:07:00+05:30,1591.4,1591.7,1590.2,1591.0,22678
2025-07-17T14:08:00+05:30,1591.0,1591.4,1590.0,1590.4,22227
2025-07-17T14:09:00+05:30,1590.5,1591.4,1590.0,1591.2,13828
2025-07-17T14:10:00+05:30,1590.7,1591.3,1590.7,1591.0,7907
2025-07-17T14:11:00+05:30,1591.0,1591.4,1590.0,1590.5,16136
2025-07-17T14:12:00+05:30,1590.3,1590.3,1589.3,1590.1,12289
2025-07-17T14:13:00+05:30,1590.1,1590.8,1589.6,1590.3,12476
2025-07-17T14:14:00+05:30,1590.3,1590.4,1589.5,1589.9,6761
2025-07-17T14:15:00+05:30,1589.9,1590.0,1589.5,1589.8,7472
2025-07-17T14:16:00+05:30,1589.8,1589.8,1588.7,1588.8,7263
2025-07-17T14:17:00+05:30,1588.9,1589.0,1587.9,1588.4,7848
2025-07-17T14:18:00+05:30,1588.4,1589.0,1588.0,1588.3,15242
2025-07-17T14:19:00+05:30,1588.3,1588.8,1587.5,1588.2,29814
2025-07-17T14:20:00+05:30,1588.6,1588.6,1586.6,1587.3,42722
2025-07-17T14:21:00+05:30,1587.3,1588.7,1586.6,1587.7,52402
2025-07-17T14:22:00+05:30,1587.4,1589.0,1587.0,1588.3,43594
2025-07-17T14:23:00+05:30,1588.3,1589.4,1588.2,1588.8,22351
2025-07-17T14:24:00+05:30,1588.8,1589.0,1588.1,1588.5,10069
2025-07-17T14:25:00+05:30,1588.5,1588.6,1588.2,1588.5,7816
2025-07-17T14:26:00+05:30,1588.5,1590.9,1588.4,1590.9,42893
2025-07-17T14:27:00+05:30,1590.9,1590.9,1590.0,1590.0,11245
2025-07-17T14:28:00+05:30,1590.1,1590.1,1589.1,1589.4,24805
2025-07-17T14:29:00+05:30,1589.4,1590.1,1589.1,1589.2,14401
2025-07-17T14:30:00+05:30,1589.1,1589.2,1588.3,1589.1,14048
2025-07-17T14:31:00+05:30,1589.1,1589.7,1589.1,1589.4,8735
2025-07-17T14:32:00+05:30,1589.3,1590.0,1589.0,1589.8,47821
2025-07-17T14:33:00+05:30,1589.6,1589.6,1588.5,1589.5,71048
2025-07-17T14:34:00+05:30,1589.5,1589.9,1588.9,1589.7,8529
2025-07-17T14:35:00+05:30,1589.7,1590.0,1589.5,1589.7,22173
2025-07-17T14:36:00+05:30,1589.7,1589.8,1589.5,1589.6,8427
2025-07-17T14:37:00+05:30,1589.6,1589.6,1589.1,1589.2,5430
2025-07-17T14:38:00+05:30,1589.2,1589.2,1588.3,1588.5,7179
2025-07-17T14:39:00+05:30,1588.5,1588.9,1588.0,1588.3,16280
2025-07-17T14:40:00+05:30,1588.1,1588.9,1588.0,1588.9,32916
2025-07-17T14:41:00+05:30,1588.9,1588.9,1588.6,1588.9,17053
2025-07-17T14:42:00+05:30,1588.8,1588.9,1587.0,1587.5,157230
2025-07-17T14:43:00+05:30,1587.3,1587.6,1586.8,1587.2,32035
2025-07-17T14:44:00+05:30,1587.0,1587.4,1586.8,1587.2,22097
2025-07-17T14:45:00+05:30,1587.1,1587.3,1586.8,1587.0,15866
2025-07-17T14:46:00+05:30,1587.0,1587.2,1586.7,1587.2,27605
2025-07-17T14:47:00+05:30,1587.0,1587.2,1586.7,1586.9,9834
2025-07-17T14:48:00+05:30,1586.9,1587.3,1586.3,1586.9,66376
2025-07-17T14:49:00+05:30,1586.6,1587.0,1586.5,1587.0,31142
2025-07-17T14:50:00+05:30,1587.0,1587.0,1586.8,1587.0,22715
2025-07-17T14:51:00+05:30,1587.0,1587.0,1585.8,1586.3,47027
2025-07-17T14:52:00+05:30,1586.3,1586.8,1586.2,1586.5,13038
2025-07-17T14:53:00+05:30,1586.5,1586.6,1586.3,1586.5,25923
2025-07-17T14:54:00+05:30,1586.5,1586.5,1585.9,1586.5,36345
2025-07-17T14:55:00+05:30,1586.5,1586.6,1586.0,1586.3,12388
2025-07-17T14:56:00+05:30,1586.0,1586.3,1585.2,1585.4,12059
2025-07-17T14:57:00+05:30,1585.2,1585.4,1583.9,1584.9,128830
2025-07-17T14:58:00+05:30,1584.8,1586.1,1584.8,1585.8,48255
2025-07-17T14:59:00+05:30,1585.8,1585.8,1584.2,1585.3,19535
2025-07-17T15:00:00+05:30,1585.3,1585.3,1584.3,1584.6,47696
2025-07-17T15:01:00+05:30,1584.6,1584.9,1583.7,1584.1,68628
2025-07-17T15:02:00+05:30,1583.9,1584.1,1583.1,1583.3,57300
2025-07-17T15:03:00+05:30,1583.3,1585.1,1583.2,1584.7,120280
2025-07-17T15:04:00+05:30,1584.6,1584.9,1583.9,1584.8,56517
2025-07-17T15:05:00+05:30,1584.8,1585.3,1584.7,1584.7,58022
2025-07-17T15:06:00+05:30,1584.7,1584.8,1583.8,1584.5,82287
2025-07-17T15:07:00+05:30,1584.4,1585.4,1584.1,1584.4,86114
2025-07-17T15:08:00+05:30,1584.4,1585.3,1584.1,1584.8,84076
2025-07-17T15:09:00+05:30,1584.7,1584.8,1583.1,1583.7,68813
2025-07-17T15:10:00+05:30,1583.6,1583.8,1583.4,1583.6,49462
2025-07-17T15:11:00+05:30,1583.6,1584.5,1583.5,1584.0,71236
2025-07-17T15:12:00+05:30,1584.0,1584.0,1583.2,1583.9,75705
2025-07-17T15:13:00+05:30,1583.9,1585.0,1583.9,1584.2,70568
2025-07-17T15:14:00+05:30,1584.2,1584.2,1583.4,1583.7,57300
2025-07-17T15:15:00+05:30,1583.8,1583.8,1582.7,1583.6,91927
2025-07-17T15:16:00+05:30,1583.6,1584.0,1583.5,1583.6,57037
2025-07-17T15:17:00+05:30,1583.7,1583.7,1583.2,1583.5,44505
2025-07-17T15:18:00+05:30,1583.5,1583.5,1582.4,1582.5,45447
2025-07-17T15:19:00+05:30,1582.4,1582.5,1581.6,1581.8,48818
2025-07-17T15:20:00+05:30,1581.8,1582.8,1580.5,1581.6,97138
2025-07-17T15:21:00+05:30,1581.6,1581.7,1581.3,1581.5,46777
2025-07-17T15:22:00+05:30,1581.5,1583.3,1580.7,1582.9,124830
2025-07-17T15:23:00+05:30,1582.9,1583.1,1582.3,1582.5,76206
2025-07-17T15:24:00+05:30,1582.6,1583.5,1582.1,1582.9,55571
2025-07-17T15:25:00+05:30,1582.8,1583.5,1582.7,1583.5,50394
2025-07-17T15:26:00+05:30,1583.4,1583.5,1582.9,1583.1,65497
2025-07-17T15:27:00+05:30,1583.4,1583.4,1582.7,1582.8,51623
2025-07-17T15:28:00+05:30,1582.8,1582.9,1581.0,1581.0,43283
2025-07-17T15:29:00+05:30,1581.5,1582.0,1580.1,1581.0,23431
2025-07-16T09:15:00+05:30,1579.0,1586.5,1578.5,1583.0,36237
2025-07-16T09:16:00+05:30,1583.0,1588.0,1582.8,1585.2,60378
2025-07-16T09:17:00+05:30,1585.4,1590.0,1583.7,1588.6,39983
2025-07-16T09:18:00+05:30,1589.0,1589.2,1585.5,1587.9,28438
2025-07-16T09:19:00+05:30,1587.6,1590.0,1587.4,1589.5,36250
2025-07-16T09:20:00+05:30,1589.5,1592.0,1589.0,1591.3,30142
2025-07-16T09:21:00+05:30,1591.3,1594.1,1590.5,1594.1,29859
2025-07-16T09:22:00+05:30,1593.8,1594.5,1589.1,1591.2,61111
2025-07-16T09:23:00+05:30,1591.2,1591.8,1590.0,1590.2,19096
2025-07-16T09:24:00+05:30,1590.1,1590.9,1588.0,1589.7,20383
2025-07-16T09:25:00+05:30,1589.3,1590.0,1588.2,1589.6,17889
2025-07-16T09:26:00+05:30,1590.0,1590.0,1587.0,1587.6,16491
2025-07-16T09:27:00+05:30,1587.4,1587.6,1586.4,1587.0,9321
2025-07-16T09:28:00+05:30,1587.4,1590.5,1586.6,1589.5,23542
2025-07-16T09:29:00+05:30,1589.5,1589.7,1588.2,1589.4,9137
2025-07-16T09:30:00+05:30,1589.2,1590.4,1588.1,1589.2,16690
2025-07-16T09:31:00+05:30,1589.2,1589.9,1586.5,1588.6,16677
2025-07-16T09:32:00+05:30,1588.6,1591.0,1588.6,1590.0,24215
2025-07-16T09:33:00+05:30,1590.0,1590.5,1589.5,1590.3,9997
2025-07-16T09:34:00+05:30,1590.1,1591.0,1589.8,1590.5,14152
2025-07-16T09:35:00+05:30,1590.3,1592.7,1590.1,1592.0,31963
2025-07-16T09:36:00+05:30,1592.0,1595.0,1591.9,1593.1,28356
2025-07-16T09:37:00+05:30,1593.2,1593.5,1592.0,1592.2,12341
2025-07-16T09:38:00+05:30,1592.2,1593.0,1591.0,1591.3,16056
2025-07-16T09:39:00+05:30,1591.2,1592.2,1590.3,1590.3,8815
2025-07-16T09:40:00+05:30,1590.2,1591.3,1588.2,1588.5,22684
2025-07-16T09:41:00+05:30,1589.1,1589.6,1588.3,1588.9,9111
2025-07-16T09:42:00+05:30,1588.9,1590.8,1588.8,1590.3,8839
2025-07-16T09:43:00+05:30,1590.3,1591.0,1589.4,1590.7,26359
2025-07-16T09:44:00+05:30,1590.7,1592.0,1590.0,1592.0,17175
2025-07-16T09:45:00+05:30,1591.7,1593.1,1591.3,1592.6,16066
2025-07-16T09:46:00+05:30,1592.6,1593.5,1590.8,1590.9,11602
2025-07-16T09:47:00+05:30,1590.9,1591.9,1589.3,1590.9,18041
2025-07-16T09:48:00+05:30,1591.1,1591.5,1590.0,1590.5,7695
2025-07-16T09:49:00+05:30,1590.6,1592.9,1590.6,1592.8,23038
2025-07-16T09:50:00+05:30,1592.7,1593.2,1592.2,1593.0,14483
2025-07-16T09:51:00+05:30,1593.1,1593.3,1590.5,1590.7,14350
2025-07-16T09:52:00+05:30,1590.7,1593.4,1589.8,1592.9,27654
2025-07-16T09:53:00+05:30,1593.1,1595.4,1592.5,1594.3,36652
2025-07-16T09:54:00+05:30,1594.3,1596.0,1594.1,1595.0,25161
2025-07-16T09:55:00+05:30,1595.3,1597.6,1593.5,1597.0,26613
2025-07-16T09:56:00+05:30,1597.0,1598.0,1595.8,1597.2,29912
2025-07-16T09:57:00+05:30,1596.9,1596.9,1595.0,1595.1,10003
2025-07-16T09:58:00+05:30,1595.1,1596.5,1595.0,1596.2,11655
2025-07-16T09:59:00+05:30,1596.0,1601.0,1595.7,1599.7,72427
2025-07-16T10:00:00+05:30,1599.2,1601.0,1598.3,1599.4,14728
2025-07-16T10:01:00+05:30,1598.7,1599.5,1596.6,1596.6,14412
2025-07-16T10:02:00+05:30,1597.0,1597.5,1595.8,1596.9,9727
2025-07-16T10:03:00+05:30,1597.0,1597.0,1595.2,1595.9,9488
2025-07-16T10:04:00+05:30,1596.3,1596.3,1594.6,1594.9,12658
2025-07-16T10:05:00+05:30,1594.9,1595.6,1594.0,1594.0,14643
2025-07-16T10:06:00+05:30,1594.0,1594.4,1592.8,1593.0,10368
2025-07-16T10:07:00+05:30,1592.8,1594.3,1592.3,1592.3,12674
2025-07-16T10:08:00+05:30,1592.3,1593.9,1592.3,1592.3,14880
2025-07-16T10:09:00+05:30,1592.3,1595.1,1592.3,1594.8,22115
2025-07-16T10:10:00+05:30,1594.6,1596.4,1594.3,1595.1,18900
2025-07-16T10:11:00+05:30,1595.1,1595.1,1593.1,1594.1,14930
2025-07-16T10:12:00+05:30,1594.1,1594.9,1593.3,1594.3,19363
2025-07-16T10:13:00+05:30,1594.1,1594.7,1593.3,1593.3,10894
2025-07-16T10:14:00+05:30,1593.3,1593.9,1592.4,1592.9,10897
2025-07-16T10:15:00+05:30,1592.9,1594.4,1592.9,1593.8,8344
2025-07-16T10:16:00+05:30,1594.1,1595.5,1593.5,1594.8,10136
2025-07-16T10:17:00+05:30,1594.8,1594.9,1593.6,1594.4,2977
2025-07-16T10:18:00+05:30,1594.1,1594.4,1593.1,1593.1,4234
2025-07-16T10:19:00+05:30,1593.0,1595.0,1593.0,1594.2,7736
2025-07-16T10:20:00+05:30,1594.1,1594.9,1593.8,1594.3,7123
2025-07-16T10:21:00+05:30,1594.0,1594.2,1593.9,1593.9,4987
2025-07-16T10:22:00+05:30,1593.9,1594.3,1593.9,1593.9,6159
2025-07-16T10:23:00+05:30,1593.9,1594.2,1592.8,1592.8,5427
2025-07-16T10:24:00+05:30,1592.8,1594.0,1592.8,1593.2,5849
2025-07-16T10:25:00+05:30,1593.5,1594.2,1593.1,1593.7,7550
2025-07-16T10:26:00+05:30,1593.7,1594.1,1592.7,1593.1,5140
2025-07-16T10:27:00+05:30,1593.1,1593.5,1592.6,1592.6,2965
2025-07-16T10:28:00+05:30,1592.6,1593.0,1592.3,1592.8,3609
2025-07-16T10:29:00+05:30,1592.8,1595.0,1592.8,1594.0,19385
2025-07-16T10:30:00+05:30,1594.0,1594.7,1594.0,1594.3,5285
2025-07-16T10:31:00+05:30,1594.2,1595.0,1594.2,1594.7,7421
2025-07-16T10:32:00+05:30,1594.6,1595.2,1594.4,1594.5,5237
2025-07-16T10:33:00+05:30,1594.5,1595.8,1591.7,1591.7,14156
2025-07-16T10:34:00+05:30,1591.7,1591.8,1591.0,1591.2,7580
2025-07-16T10:35:00+05:30,1591.3,1591.7,1591.0,1591.1,5069
2025-07-16T10:36:00+05:30,1591.1,1591.4,1590.5,1590.6,4490
2025-07-16T10:37:00+05:30,1590.6,1590.8,1590.1,1590.5,6396
2025-07-16T10:38:00+05:30,1590.5,1591.0,1590.4,1590.9,6946
2025-07-16T10:39:00+05:30,1590.9,1591.5,1590.9,1591.1,5310
2025-07-16T10:40:00+05:30,1591.1,1591.6,1590.4,1590.4,7251
2025-07-16T10:41:00+05:30,1590.4,1591.0,1590.0,1590.5,4844
2025-07-16T10:42:00+05:30,1590.5,1591.2,1590.3,1590.9,6463
2025-07-16T10:43:00+05:30,1591.1,1592.6,1591.1,1592.3,3884
2025-07-16T10:44:00+05:30,1592.4,1592.5,1590.9,1591.9,5754
2025-07-16T10:45:00+05:30,1591.9,1593.5,1591.9,1591.9,16835
2025-07-16T10:46:00+05:30,1591.9,1592.5,1591.5,1592.2,4321
2025-07-16T10:47:00+05:30,1592.3,1592.8,1592.2,1592.4,6982
2025-07-16T10:48:00+05:30,1592.4,1592.6,1591.6,1591.6,4833
2025-07-16T10:49:00+05:30,1591.6,1592.0,1591.5,1591.6,4820
2025-07-16T10:50:00+05:30,1591.6,1593.0,1591.6,1592.9,15271
2025-07-16T10:51:00+05:30,1592.9,1593.0,1592.6,1592.6,6304
2025-07-16T10:52:00+05:30,1592.6,1592.9,1592.0,1592.1,4199
2025-07-16T10:53:00+05:30,1592.1,1592.6,1591.6,1591.6,10434
2025-07-16T10:54:00+05:30,1591.6,1592.4,1591.6,1592.2,8276
2025-07-16T10:55:00+05:30,1592.2,1593.2,1591.9,1592.3,11251
2025-07-16T10:56:00+05:30,1592.5,1593.2,1592.4,1592.8,15972
2025-07-16T10:57:00+05:30,1592.6,1592.7,1591.5,1591.5,6356
2025-07-16T10:58:00+05:30,1591.5,1593.2,1591.5,1593.1,11425
2025-07-16T10:59:00+05:30,1592.8,1594.7,1592.8,1594.0,12759
2025-07-16T11:00:00+05:30,1594.2,1595.0,1594.0,1594.0,11718
2025-07-16T11:01:00+05:30,1594.0,1594.4,1593.1,1594.0,7707
2025-07-16T11:02:00+05:30,1594.1,1594.2,1593.0,1593.0,3978
2025-07-16T11:03:00+05:30,1593.1,1593.4,1592.8,1592.8,4350
2025-07-16T11:04:00+05:30,1592.8,1593.2,1592.0,1592.1,3837
2025-07-16T11:05:00+05:30,1592.1,1592.4,1591.5,1592.0,7128
2025-07-16T11:06:00+05:30,1592.0,1592.4,1591.5,1591.5,3837
2025-07-16T11:07:00+05:30,1591.5,1591.8,1590.4,1590.8,13726
2025-07-16T11:08:00+05:30,1590.8,1591.0,1590.6,1590.7,3496
2025-07-16T11:09:00+05:30,1590.6,1591.0,1590.5,1590.8,3185
2025-07-16T11:10:00+05:30,1590.8,1591.0,1590.5,1590.6,4005
2025-07-16T11:11:00+05:30,1590.7,1590.8,1590.0,1590.0,5427
2025-07-16T11:12:00+05:30,1590.0,1590.4,1590.0,1590.0,3099
2025-07-16T11:13:00+05:30,1590.1,1593.0,1590.0,1591.2,20017
2025-07-16T11:14:00+05:30,1591.2,1591.6,1590.4,1591.3,4491
2025-07-16T11:15:00+05:30,1591.0,1592.1,1591.0,1591.6,3774
2025-07-16T11:16:00+05:30,1591.6,1591.9,1591.1,1591.3,2920
2025-07-16T11:17:00+05:30,1591.4,1591.6,1590.3,1590.5,2688
2025-07-16T11:18:00+05:30,1590.5,1591.6,1590.3,1590.4,9345
2025-07-16T11:19:00+05:30,1590.4,1591.1,1590.4,1591.0,4393
2025-07-16T11:20:00+05:30,1591.0,1591.7,1591.0,1591.3,8198
2025-07-16T11:21:00+05:30,1591.3,1591.9,1591.3,1591.7,9777
2025-07-16T11:22:00+05:30,1591.7,1592.6,1591.7,1592.3,8491
2025-07-16T11:23:00+05:30,1592.3,1592.5,1592.0,1592.0,3440
2025-07-16T11:24:00+05:30,1592.0,1592.3,1591.5,1591.9,4745
2025-07-16T11:25:00+05:30,1591.9,1592.6,1591.9,1592.0,4436
2025-07-16T11:26:00+05:30,1592.0,1592.3,1591.8,1592.0,3297
2025-07-16T11:27:00+05:30,1592.0,1592.4,1591.9,1591.9,6012
2025-07-16T11:28:00+05:30,1592.1,1594.5,1592.0,1593.9,20158
2025-07-16T11:29:00+05:30,1593.6,1593.9,1593.4,1593.8,9802
2025-07-16T11:30:00+05:30,1593.8,1594.4,1592.8,1592.8,19664
2025-07-16T11:31:00+05:30,1592.4,1593.0,1592.1,1592.6,2629
2025-07-16T11:32:00+05:30,1592.6,1593.6,1592.6,1592.9,6228
2025-07-16T11:33:00+05:30,1592.8,1593.0,1592.7,1592.8,4216
2025-07-16T11:34:00+05:30,1592.9,1593.0,1592.6,1592.9,2976
2025-07-16T11:35:00+05:30,1592.8,1594.2,1592.5,1593.0,22155
2025-07-16T11:36:00+05:30,1592.9,1594.1,1592.8,1593.4,11843
2025-07-16T11:37:00+05:30,1593.4,1593.7,1593.0,1593.1,8344
2025-07-16T11:38:00+05:30,1593.1,1594.3,1593.1,1594.1,10318
2025-07-16T11:39:00+05:30,1594.2,1594.3,1593.4,1593.7,8596
2025-07-16T11:40:00+05:30,1593.7,1594.0,1592.9,1593.2,8362
2025-07-16T11:41:00+05:30,1593.2,1593.4,1592.7,1592.7,4567
2025-07-16T11:42:00+05:30,1592.7,1593.0,1592.7,1592.9,4174
2025-07-16T11:43:00+05:30,1592.7,1592.9,1592.7,1592.9,4462
2025-07-16T11:44:00+05:30,1592.9,1593.0,1592.6,1593.0,4417
2025-07-16T11:45:00+05:30,1592.8,1593.0,1592.7,1592.7,5784
2025-07-16T11:46:00+05:30,1593.0,1593.0,1592.8,1592.9,6000
2025-07-16T11:47:00+05:30,1592.8,1595.6,1592.8,1595.2,34818
2025-07-16T11:48:00+05:30,1595.2,1596.8,1595.0,1596.3,15071
2025-07-16T11:49:00+05:30,1596.2,1597.5,1595.7,1597.4,12627
2025-07-16T11:50:00+05:30,1597.3,1597.4,1596.3,1596.9,10962
2025-07-16T11:51:00+05:30,1597.0,1598.0,1596.6,1597.4,10099
2025-07-16T11:52:00+05:30,1597.3,1599.0,1597.3,1598.9,14830
2025-07-16T11:53:00+05:30,1598.6,1599.8,1598.6,1599.8,33641
2025-07-16T11:54:00+05:30,1599.9,1602.0,1599.6,1601.4,35709
2025-07-16T11:55:00+05:30,1601.8,1602.3,1600.1,1600.4,19799
2025-07-16T11:56:00+05:30,1600.1,1601.0,1600.1,1600.3,13123
2025-07-16T11:57:00+05:30,1600.3,1601.8,1600.0,1601.5,18983
2025-07-16T11:58:00+05:30,1601.1,1602.0,1601.0,1601.8,22287
2025-07-16T11:59:00+05:30,1601.8,1602.7,1601.5,1601.8,14859
2025-07-16T12:00:00+05:30,1601.8,1601.8,1599.8,1599.9,13271
2025-07-16T12:01:00+05:30,1599.9,1601.0,1599.5,1600.3,12603
2025-07-16T12:02:00+05:30,1600.4,1600.6,1598.9,1599.2,7671
2025-07-16T12:03:00+05:30,1599.0,1599.4,1598.2,1598.2,17329
2025-07-16T12:04:00+05:30,1598.2,1598.9,1597.7,1597.7,9691
2025-07-16T12:05:00+05:30,1597.9,1598.9,1597.5,1598.5,6774
2025-07-16T12:06:00+05:30,1598.5,1599.9,1598.5,1599.0,11967
2025-07-16T12:07:00+05:30,1599.0,1599.2,1598.6,1598.7,6397
2025-07-16T12:08:00+05:30,1598.7,1599.0,1598.3,1598.3,4560
2025-07-16T12:09:00+05:30,1598.2,1598.5,1597.6,1597.7,7322
2025-07-16T12:10:00+05:30,1597.7,1597.9,1597.5,1597.7,5140
2025-07-16T12:11:00+05:30,1597.5,1598.3,1597.5,1598.3,9493
2025-07-16T12:12:00+05:30,1598.2,1598.5,1598.0,1598.5,7976
2025-07-16T12:13:00+05:30,1598.5,1598.5,1598.0,1598.0,9211
2025-07-16T12:14:00+05:30,1598.0,1598.7,1598.0,1598.3,32000
2025-07-16T12:15:00+05:30,1598.7,1600.2,1598.1,1600.2,18583
2025-07-16T12:16:00+05:30,1600.3,1601.0,1600.1,1600.8,12818
2025-07-16T12:17:00+05:30,1600.6,1600.8,1600.0,1600.2,6146
2025-07-16T12:18:00+05:30,1600.4,1600.9,1600.2,1600.4,9430
2025-07-16T12:19:00+05:30,1600.6,1601.3,1600.3,1600.8,6246
2025-07-16T12:20:00+05:30,1600.6,1601.0,1600.4,1600.7,6408
2025-07-16T12:21:00+05:30,1600.6,1601.5,1600.3,1601.2,6148
2025-07-16T12:22:00+05:30,1601.1,1602.0,1601.0,1601.8,9506
2025-07-16T12:23:00+05:30,1601.9,1602.4,1600.9,1600.9,11737
2025-07-16T12:24:00+05:30,1601.1,1601.1,1599.2,1599.2,7616
2025-07-16T12:25:00+05:30,1599.5,1600.3,1599.2,1599.8,4111
2025-07-16T12:26:00+05:30,1600.0,1600.5,1599.8,1600.0,4680
2025-07-16T12:27:00+05:30,1600.4,1601.0,1600.0,1600.4,6941
2025-07-16T12:28:00+05:30,1600.7,1601.0,1600.3,1600.6,3669
2025-07-16T12:29:00+05:30,1600.6,1601.4,1600.4,1601.1,7854
2025-07-16T12:30:00+05:30,1601.4,1602.3,1601.0,1602.3,8230
2025-07-16T12:31:00+05:30,1602.3,1604.8,1602.1,1603.9,23934
2025-07-16T12:32:00+05:30,1604.0,1604.7,1603.7,1604.6,12196
2025-07-16T12:33:00+05:30,1604.5,1604.8,1604.0,1604.7,9736
2025-07-16T12:34:00+05:30,1604.7,1605.5,1604.0,1605.1,32106
2025-07-16T12:35:00+05:30,1605.3,1606.0,1604.9,1605.7,14798
2025-07-16T12:36:00+05:30,1605.7,1607.5,1605.5,1606.1,23447
2025-07-16T12:37:00+05:30,1606.1,1606.1,1604.8,1604.9,9708
2025-07-16T12:38:00+05:30,1604.9,1605.3,1603.2,1603.8,7343
2025-07-16T12:39:00+05:30,1603.8,1604.6,1602.8,1604.6,9618
2025-07-16T12:40:00+05:30,1604.6,1605.8,1604.0,1605.8,27200
2025-07-16T12:41:00+05:30,1605.5,1606.0,1604.6,1604.6,20183
2025-07-16T12:42:00+05:30,1605.0,1605.3,1604.5,1605.0,4531
2025-07-16T12:43:00+05:30,1604.8,1606.0,1604.8,1605.6,5718
2025-07-16T12:44:00+05:30,1605.8,1605.9,1604.7,1605.7,29956
2025-07-16T12:45:00+05:30,1605.6,1606.8,1605.4,1606.3,29692
2025-07-16T12:46:00+05:30,1606.5,1606.9,1605.9,1606.9,13167
2025-07-16T12:47:00+05:30,1606.9,1607.6,1606.1,1606.7,42655
2025-07-16T12:48:00+05:30,1607.5,1608.2,1606.1,1606.3,35163
2025-07-16T12:49:00+05:30,1606.3,1606.8,1606.0,1606.0,3753
2025-07-16T12:50:00+05:30,1606.1,1607.3,1606.0,1606.4,8328
2025-07-16T12:51:00+05:30,1606.6,1607.4,1606.2,1606.7,4854
2025-07-16T12:52:00+05:30,1606.7,1607.0,1606.4,1606.7,4731
2025-07-16T12:53:00+05:30,1606.7,1606.7,1605.9,1606.1,5681
2025-07-16T12:54:00+05:30,1606.3,1606.4,1605.1,1605.3,10204
2025-07-16T12:55:00+05:30,1605.3,1605.4,1604.7,1605.0,3853
2025-07-16T12:56:00+05:30,1605.0,1605.2,1604.7,1605.0,7402
2025-07-16T12:57:00+05:30,1605.0,1605.3,1604.7,1605.2,4703
2025-07-16T12:58:00+05:30,1605.2,1605.3,1604.5,1604.5,6729
2025-07-16T12:59:00+05:30,1604.6,1606.0,1604.0,1606.0,9844
2025-07-16T13:00:00+05:30,1606.0,1606.5,1605.4,1606.2,3713
2025-07-16T13:01:00+05:30,1606.3,1607.0,1605.9,1606.8,5345
2025-07-16T13:02:00+05:30,1606.6,1607.2,1606.4,1607.2,4876
2025-07-16T13:03:00+05:30,1607.0,1608.4,1607.0,1608.2,20131
2025-07-16T13:04:00+05:30,1608.3,1609.1,1607.9,1608.9,27461
2025-07-16T13:05:00+05:30,1609.1,1609.6,1608.6,1609.5,10754
2025-07-16T13:06:00+05:30,1609.5,1609.5,1608.9,1609.2,8356
2025-07-16T13:07:00+05:30,1609.2,1609.4,1608.8,1608.9,8050
2025-07-16T13:08:00+05:30,1609.0,1609.4,1608.5,1608.8,7075
2025-07-16T13:09:00+05:30,1608.7,1609.1,1608.1,1609.0,7146
2025-07-16T13:10:00+05:30,1608.9,1609.2,1608.0,1609.0,16211
2025-07-16T13:11:00+05:30,1609.1,1609.1,1608.3,1608.9,4321
2025-07-16T13:12:00+05:30,1608.9,1609.0,1608.4,1608.7,4779
2025-07-16T13:13:00+05:30,1608.9,1609.0,1608.4,1608.6,5296
2025-07-16T13:14:00+05:30,1608.6,1608.8,1608.4,1608.5,7981
2025-07-16T13:15:00+05:30,1608.5,1608.5,1607.4,1607.4,9125
2025-07-16T13:16:00+05:30,1607.7,1607.8,1607.1,1607.1,8386
2025-07-16T13:17:00+05:30,1607.1,1607.7,1607.1,1607.5,6149
2025-07-16T13:18:00+05:30,1607.5,1607.7,1607.0,1607.3,16143
2025-07-16T13:19:00+05:30,1607.3,1608.4,1607.2,1608.1,19428
2025-07-16T13:20:00+05:30,1607.7,1608.4,1606.9,1608.4,20200
2025-07-16T13:21:00+05:30,1608.4,1608.5,1607.8,1608.4,10789
2025-07-16T13:22:00+05:30,1608.4,1608.5,1607.8,1608.0,6386
2025-07-16T13:23:00+05:30,1608.2,1608.4,1607.8,1607.9,8024
2025-07-16T13:24:00+05:30,1607.9,1608.1,1606.4,1606.6,8860
2025-07-16T13:25:00+05:30,1606.6,1607.2,1606.1,1606.1,7328
2025-07-16T13:26:00+05:30,1606.3,1606.5,1605.9,1606.5,3628
2025-07-16T13:27:00+05:30,1606.5,1607.0,1606.0,1606.8,5556
2025-07-16T13:28:00+05:30,1606.7,1607.0,1606.1,1606.9,7926
2025-07-16T13:29:00+05:30,1606.9,1607.0,1605.9,1606.9,13242
2025-07-16T13:30:00+05:30,1606.9,1607.4,1606.6,1607.0,9580
2025-07-16T13:31:00+05:30,1606.8,1607.4,1606.8,1606.9,6458
2025-07-16T13:32:00+05:30,1607.1,1607.5,1606.6,1606.8,8310
2025-07-16T13:33:00+05:30,1606.7,1607.2,1606.5,1606.6,6965
2025-07-16T13:34:00+05:30,1606.7,1607.1,1605.4,1605.9,10497
2025-07-16T13:35:00+05:30,1606.0,1606.0,1604.7,1604.9,9179
2025-07-16T13:36:00+05:30,1604.9,1605.8,1604.5,1605.8,8286
2025-07-16T13:37:00+05:30,1605.8,1606.0,1605.2,1605.9,8988
2025-07-16T13:38:00+05:30,1605.9,1605.9,1605.2,1605.2,5107
2025-07-16T13:39:00+05:30,1605.2,1605.6,1605.0,1605.6,6538
2025-07-16T13:40:00+05:30,1605.5,1606.0,1605.1,1605.5,9844
2025-07-16T13:41:00+05:30,1605.2,1606.0,1605.2,1605.8,9115
2025-07-16T13:42:00+05:30,1605.8,1606.1,1605.2,1606.1,10038
2025-07-16T13:43:00+05:30,1606.1,1606.3,1605.3,1605.7,6777
2025-07-16T13:44:00+05:30,1605.8,1605.9,1605.2,1605.3,6382
2025-07-16T13:45:00+05:30,1605.1,1605.4,1604.8,1604.8,10464
2025-07-16T13:46:00+05:30,1604.8,1605.3,1604.7,1605.0,5097
2025-07-16T13:47:00+05:30,1605.0,1605.2,1604.4,1604.4,8605
2025-07-16T13:48:00+05:30,1604.9,1605.0,1604.4,1604.7,4409
2025-07-16T13:49:00+05:30,1604.7,1604.9,1604.4,1604.8,6007
2025-07-16T13:50:00+05:30,1604.5,1606.0,1604.5,1605.9,10463
2025-07-16T13:51:00+05:30,1605.9,1606.2,1605.8,1606.2,6651
2025-07-16T13:52:00+05:30,1606.2,1606.5,1606.1,1606.3,6278
2025-07-16T13:53:00+05:30,1606.4,1606.5,1605.7,1605.8,5502
2025-07-16T13:54:00+05:30,1605.8,1606.3,1605.3,1605.4,5332
2025-07-16T13:55:00+05:30,1605.3,1606.2,1605.3,1605.8,6009
2025-07-16T13:56:00+05:30,1605.8,1606.0,1605.6,1606.0,4423
2025-07-16T13:57:00+05:30,1606.0,1607.0,1605.8,1606.8,13052
2025-07-16T13:58:00+05:30,1606.8,1607.0,1606.4,1606.7,10415
2025-07-16T13:59:00+05:30,1606.7,1606.9,1606.5,1606.8,5548
2025-07-16T14:00:00+05:30,1606.7,1606.9,1606.5,1606.8,4701
2025-07-16T14:01:00+05:30,1606.9,1607.0,1606.5,1606.9,6182
2025-07-16T14:02:00+05:30,1606.9,1607.0,1606.4,1606.6,5016
2025-07-16T14:03:00+05:30,1606.6,1607.0,1606.0,1606.3,7301
2025-07-16T14:04:00+05:30,1606.3,1606.8,1606.0,1606.8,5338
2025-07-16T14:05:00+05:30,1606.8,1606.9,1606.3,1606.5,4923
2025-07-16T14:06:00+05:30,1606.5,1607.0,1606.1,1606.2,5487
2025-07-16T14:07:00+05:30,1606.4,1607.0,1606.2,1606.3,5130
2025-07-16T14:08:00+05:30,1606.4,1607.0,1606.2,1606.7,6936
2025-07-16T14:09:00+05:30,1606.6,1607.0,1606.1,1606.4,12870
2025-07-16T14:10:00+05:30,1606.5,1607.5,1606.3,1607.3,12405
2025-07-16T14:11:00+05:30,1607.3,1607.7,1607.0,1607.7,8412
2025-07-16T14:12:00+05:30,1607.7,1609.0,1607.7,1609.0,28884
2025-07-16T14:13:00+05:30,1609.0,1609.4,1608.0,1608.9,17730
2025-07-16T14:14:00+05:30,1609.0,1609.5,1608.4,1609.5,7807
2025-07-16T14:15:00+05:30,1609.4,1609.9,1609.0,1609.8,11337
2025-07-16T14:16:00+05:30,1609.9,1609.9,1609.5,1609.5,9648
2025-07-16T14:17:00+05:30,1609.6,1610.5,1609.4,1610.0,37691
2025-07-16T14:18:00+05:30,1610.0,1611.2,1609.6,1610.0,33684
2025-07-16T14:19:00+05:30,1610.4,1610.5,1609.1,1609.1,10792
2025-07-16T14:20:00+05:30,1609.1,1610.0,1609.1,1609.3,14063
2025-07-16T14:21:00+05:30,1609.3,1609.7,1608.2,1608.7,11498
2025-07-16T14:22:00+05:30,1608.8,1609.5,1608.4,1609.0,15919
2025-07-16T14:23:00+05:30,1609.0,1609.0,1608.0,1608.3,7651
2025-07-16T14:24:00+05:30,1608.3,1608.8,1607.7,1607.9,8016
2025-07-16T14:25:00+05:30,1607.8,1608.6,1607.7,1608.4,8120
2025-07-16T14:26:00+05:30,1608.4,1608.4,1607.8,1607.9,12895
2025-07-16T14:27:00+05:30,1607.9,1609.0,1607.9,1608.2,14076
2025-07-16T14:28:00+05:30,1608.7,1608.7,1607.6,1607.7,8877
2025-07-16T14:29:00+05:30,1607.7,1608.0,1607.6,1607.7,8945
2025-07-16T14:30:00+05:30,1607.8,1607.8,1607.4,1607.5,12714
2025-07-16T14:31:00+05:30,1607.5,1607.5,1607.2,1607.4,11245
2025-07-16T14:32:00+05:30,1607.2,1607.7,1607.1,1607.5,14719
2025-07-16T14:33:00+05:30,1607.4,1609.7,1607.2,1609.2,20202
2025-07-16T14:34:00+05:30,1609.2,1610.0,1609.0,1609.6,22262
2025-07-16T14:35:00+05:30,1609.6,1611.2,1609.5,1611.1,50788
2025-07-16T14:36:00+05:30,1610.9,1611.2,1609.9,1610.2,9576
2025-07-16T14:37:00+05:30,1610.3,1610.7,1609.9,1610.0,10406
2025-07-16T14:38:00+05:30,1610.4,1610.7,1610.0,1610.1,12584
2025-07-16T14:39:00+05:30,1610.1,1610.5,1609.1,1609.2,21376
2025-07-16T14:40:00+05:30,1609.2,1610.1,1609.0,1609.1,13001
2025-07-16T14:41:00+05:30,1609.2,1610.2,1608.8,1609.8,10752
2025-07-16T14:42:00+05:30,1609.7,1610.2,1608.8,1609.8,14098
2025-07-16T14:43:00+05:30,1609.8,1610.3,1609.4,1609.4,10611
2025-07-16T14:44:00+05:30,1609.7,1609.9,1609.2,1609.6,26704
2025-07-16T14:45:00+05:30,1609.4,1609.8,1608.8,1609.0,21550
2025-07-16T14:46:00+05:30,1609.1,1609.3,1608.8,1609.0,18289
2025-07-16T14:47:00+05:30,1608.9,1609.5,1608.4,1608.5,32956
2025-07-16T14:48:00+05:30,1608.4,1609.9,1607.7,1607.8,33509
2025-07-16T14:49:00+05:30,1607.7,1607.8,1606.7,1606.7,23595
2025-07-16T14:50:00+05:30,1606.9,1608.3,1606.5,1607.7,19031
2025-07-16T14:51:00+05:30,1607.7,1608.1,1607.0,1607.1,13747
2025-07-16T14:52:00+05:30,1607.1,1607.7,1606.8,1607.0,27263
2025-07-16T14:53:00+05:30,1607.0,1607.3,1606.6,1606.7,18467
2025-07-16T14:54:00+05:30,1606.7,1606.9,1606.4,1606.5,25857
2025-07-16T14:55:00+05:30,1606.4,1606.7,1606.2,1606.6,18366
2025-07-16T14:56:00+05:30,1606.6,1608.3,1606.5,1608.3,26554
2025-07-16T14:57:00+05:30,1608.1,1608.8,1607.2,1607.8,26884
2025-07-16T14:58:00+05:30,1607.8,1609.1,1607.7,1608.5,40642
2025-07-16T14:59:00+05:30,1608.8,1609.2,1608.1,1609.0,12431
2025-07-16T15:00:00+05:30,1609.1,1609.8,1608.4,1608.8,54574
2025-07-16T15:01:00+05:30,1608.9,1610.2,1608.0,1610.0,53837
2025-07-16T15:02:00+05:30,1610.0,1612.0,1608.6,1609.0,100258
2025-07-16T15:03:00+05:30,1608.9,1609.1,1608.0,1609.0,50096
2025-07-16T15:04:00+05:30,1609.0,1609.3,1608.7,1609.1,80559
2025-07-16T15:05:00+05:30,1609.1,1610.9,1608.7,1610.5,89281
2025-07-16T15:06:00+05:30,1610.5,1611.1,1610.3,1610.4,73569
2025-07-16T15:07:00+05:30,1610.4,1611.3,1610.1,1611.1,74485
2025-07-16T15:08:00+05:30,1611.2,1611.4,1610.4,1611.0,64820
2025-07-16T15:09:00+05:30,1611.0,1611.1,1609.1,1609.1,53603
2025-07-16T15:10:00+05:30,1609.1,1609.3,1607.6,1607.9,50727
2025-07-16T15:11:00+05:30,1608.2,1608.5,1607.4,1607.4,36622
2025-07-16T15:12:00+05:30,1607.5,1607.8,1606.8,1606.9,48225
2025-07-16T15:13:00+05:30,1606.9,1607.3,1606.2,1606.2,36391
2025-07-16T15:14:00+05:30,1606.2,1607.2,1605.8,1606.0,73900
2025-07-16T15:15:00+05:30,1606.0,1607.1,1605.7,1606.3,63048
2025-07-16T15:16:00+05:30,1606.4,1606.4,1605.4,1605.5,46923
2025-07-16T15:17:00+05:30,1605.5,1607.1,1605.3,1606.7,101418
2025-07-16T15:18:00+05:30,1606.7,1607.3,1606.6,1606.9,37245
2025-07-16T15:19:00+05:30,1607.0,1607.0,1605.7,1606.2,53920
2025-07-16T15:20:00+05:30,1606.2,1606.9,1606.0,1606.1,49501
2025-07-16T15:21:00+05:30,1606.1,1607.0,1605.9,1606.0,41315
2025-07-16T15:22:00+05:30,1606.0,1606.1,1604.8,1604.9,50787
2025-07-16T15:23:00+05:30,1605.1,1605.2,1604.4,1604.5,41674
2025-07-16T15:24:00+05:30,1604.5,1605.3,1603.4,1603.4,54239
2025-07-16T15:25:00+05:30,1603.6,1605.0,1603.5,1604.8,60014
2025-07-16T15:26:00+05:30,1604.7,1608.2,1604.7,1608.1,74931
2025-07-16T15:27:00+05:30,1608.1,1610.1,1606.9,1607.1,131110
2025-07-16T15:28:00+05:30,1607.0,1608.3,1606.3,1608.3,44313
2025-07-16T15:29:00+05:30,1608.6,1609.9,1608.0,1609.0,12445
2025-07-15T09:15:00+05:30,1565.2,1582.9,1564.0,1582.1,122268
2025-07-15T09:16:00+05:30,1582.2,1582.4,1577.4,1579.4,115918
2025-07-15T09:17:00+05:30,1579.3,1579.3,1574.3,1576.9,77280
2025-07-15T09:18:00+05:30,1576.6,1577.5,1574.1,1574.8,49338
2025-07-15T09:19:00+05:30,1574.5,1578.7,1572.5,1577.7,77183
2025-07-15T09:20:00+05:30,1577.7,1580.0,1577.6,1578.8,22720
2025-07-15T09:21:00+05:30,1578.5,1579.5,1577.1,1577.6,14798
2025-07-15T09:22:00+05:30,1577.4,1577.5,1575.0,1576.2,6853
2025-07-15T09:23:00+05:30,1576.2,1578.2,1576.1,1576.6,13348
2025-07-15T09:24:00+05:30,1576.6,1577.0,1575.0,1575.6,15305
2025-07-15T09:25:00+05:30,1575.6,1576.1,1574.0,1574.7,17342
2025-07-15T09:26:00+05:30,1574.7,1575.1,1573.0,1574.4,7138
2025-07-15T09:27:00+05:30,1574.2,1577.3,1573.8,1577.2,23741
2025-07-15T09:28:00+05:30,1577.1,1579.8,1577.1,1579.7,26938
2025-07-15T09:29:00+05:30,1579.7,1582.4,1579.7,1582.0,23452
2025-07-15T09:30:00+05:30,1581.9,1581.9,1578.0,1578.8,13599
2025-07-15T09:31:00+05:30,1578.9,1579.4,1577.9,1578.6,5524
2025-07-15T09:32:00+05:30,1578.6,1578.6,1577.7,1578.2,9348
2025-07-15T09:33:00+05:30,1578.3,1578.4,1575.3,1575.5,37053
2025-07-15T09:34:00+05:30,1575.5,1577.4,1575.4,1575.8,9122
2025-07-15T09:35:00+05:30,1575.8,1577.2,1575.2,1575.9,4763
2025-07-15T09:36:00+05:30,1575.9,1576.2,1575.0,1575.9,4861
2025-07-15T09:37:00+05:30,1575.9,1576.5,1573.8,1574.5,13069
2025-07-15T09:38:00+05:30,1574.5,1577.7,1574.4,1577.6,24285
2025-07-15T09:39:00+05:30,1577.4,1577.7,1576.9,1577.7,8204
2025-07-15T09:40:00+05:30,1577.7,1578.7,1577.5,1578.0,16941
2025-07-15T09:41:00+05:30,1578.3,1578.3,1576.0,1576.0,10454
2025-07-15T09:42:00+05:30,1576.0,1576.7,1575.3,1575.3,6130
2025-07-15T09:43:00+05:30,1575.3,1576.7,1575.3,1575.6,4156
2025-07-15T09:44:00+05:30,1575.6,1575.6,1574.6,1574.6,3558
2025-07-15T09:45:00+05:30,1574.9,1575.0,1574.3,1574.8,7305
2025-07-15T09:46:00+05:30,1574.9,1575.1,1574.6,1575.1,3629
2025-07-15T09:47:00+05:30,1574.8,1575.2,1574.5,1574.6,4287
2025-07-15T09:48:00+05:30,1574.7,1575.0,1570.4,1572.6,39693
2025-07-15T09:49:00+05:30,1572.9,1573.5,1572.3,1572.5,9777
2025-07-15T09:50:00+05:30,1572.5,1572.5,1570.5,1571.2,13555
2025-07-15T09:51:00+05:30,1571.2,1571.7,1570.1,1570.9,9900
2025-07-15T09:52:00+05:30,1571.1,1571.4,1570.4,1571.3,12246
2025-07-15T09:53:00+05:30,1570.8,1571.3,1568.6,1568.6,25340
2025-07-15T09:54:00+05:30,1568.6,1570.2,1566.7,1568.0,59910
2025-07-15T09:55:00+05:30,1568.0,1569.6,1567.2,1569.4,28651
2025-07-15T09:56:00+05:30,1569.3,1569.3,1568.1,1568.7,7375
2025-07-15T09:57:00+05:30,1568.7,1569.4,1567.7,1569.1,17986
2025-07-15T09:58:00+05:30,1569.0,1569.1,1567.0,1567.6,20110
2025-07-15T09:59:00+05:30,1567.2,1568.0,1567.0,1567.5,6210
2025-07-15T10:00:00+05:30,1567.2,1567.8,1566.6,1567.3,7338
2025-07-15T10:01:00+05:30,1567.3,1568.0,1566.3,1567.7,8257
2025-07-15T10:02:00+05:30,1567.7,1568.2,1566.5,1567.7,8681
2025-07-15T10:03:00+05:30,1568.1,1568.2,1566.4,1567.1,34121
2025-07-15T10:04:00+05:30,1567.1,1567.5,1566.7,1567.3,3619
2025-07-15T10:05:00+05:30,1567.3,1568.2,1567.3,1568.0,5487
2025-07-15T10:06:00+05:30,1567.8,1568.3,1567.3,1568.3,8191
2025-07-15T10:07:00+05:30,1568.2,1570.5,1568.2,1569.3,11703
2025-07-15T10:08:00+05:30,1569.3,1571.4,1568.3,1571.3,54892
2025-07-15T10:09:00+05:30,1571.4,1574.1,1571.4,1572.0,67717
2025-07-15T10:10:00+05:30,1572.0,1573.0,1571.5,1572.8,16790
2025-07-15T10:11:00+05:30,1572.8,1572.8,1570.6,1572.2,20726
2025-07-15T10:12:00+05:30,1572.2,1572.6,1572.0,1572.2,5902
2025-07-15T10:13:00+05:30,1572.2,1574.4,1572.0,1574.1,18589
2025-07-15T10:14:00+05:30,1574.4,1575.5,1573.8,1574.6,20053
2025-07-15T10:15:00+05:30,1574.6,1574.7,1573.8,1574.6,7301
2025-07-15T10:16:00+05:30,1574.6,1574.6,1573.7,1574.2,14499
2025-07-15T10:17:00+05:30,1574.2,1574.8,1573.8,1574.6,12670
2025-07-15T10:18:00+05:30,1574.6,1574.7,1572.0,1573.0,78082
2025-07-15T10:19:00+05:30,1573.4,1574.6,1573.0,1574.0,9464
2025-07-15T10:20:00+05:30,1574.3,1574.5,1573.7,1574.5,2500
2025-07-15T10:21:00+05:30,1574.5,1575.9,1574.3,1575.0,31847
2025-07-15T10:22:00+05:30,1575.0,1576.2,1575.0,1575.8,13349
2025-07-15T10:23:00+05:30,1575.7,1577.7,1575.5,1576.6,17309
2025-07-15T10:24:00+05:30,1576.6,1577.7,1575.9,1577.7,23904
2025-07-15T10:25:00+05:30,1577.7,1578.3,1576.6,1578.3,9883
2025-07-15T10:26:00+05:30,1578.2,1581.4,1577.7,1580.7,43904
2025-07-15T10:27:00+05:30,1580.7,1582.5,1580.0,1581.3,42262
2025-07-15T10:28:00+05:30,1581.0,1582.5,1579.9,1580.3,17026
2025-07-15T10:29:00+05:30,1580.2,1581.4,1580.0,1580.5,13643
2025-07-15T10:30:00+05:30,1580.6,1582.4,1580.2,1582.2,9507
2025-07-15T10:31:00+05:30,1582.2,1583.0,1581.4,1583.0,22871
2025-07-15T10:32:00+05:30,1583.0,1584.4,1581.4,1583.0,23881
2025-07-15T10:33:00+05:30,1583.0,1584.8,1582.5,1584.8,20736
2025-07-15T10:34:00+05:30,1584.8,1587.3,1584.4,1585.5,58042
2025-07-15T10:35:00+05:30,1585.5,1585.9,1584.8,1585.5,20793
2025-07-15T10:36:00+05:30,1585.6,1585.6,1584.2,1585.0,8284
2025-07-15T10:37:00+05:30,1585.0,1588.0,1584.6,1587.0,20334
2025-07-15T10:38:00+05:30,1587.5,1588.2,1586.6,1587.5,12996
2025-07-15T10:39:00+05:30,1588.2,1590.5,1587.5,1589.2,45406
2025-07-15T10:40:00+05:30,1589.2,1590.6,1588.3,1590.4,20198
2025-07-15T10:41:00+05:30,1590.4,1591.8,1590.1,1591.5,18248
2025-07-15T10:42:00+05:30,1591.2,1592.3,1590.6,1591.7,11834
2025-07-15T10:43:00+05:30,1591.7,1593.0,1591.2,1591.9,15892
2025-07-15T10:44:00+05:30,1591.3,1592.3,1590.0,1590.6,12595
2025-07-15T10:45:00+05:30,1590.4,1590.6,1590.0,1590.5,14910
2025-07-15T10:46:00+05:30,1590.5,1591.9,1589.6,1590.5,84906
2025-07-15T10:47:00+05:30,1590.9,1591.9,1590.0,1591.5,86385
2025-07-15T10:48:00+05:30,1591.5,1592.4,1591.0,1592.3,65808
2025-07-15T10:49:00+05:30,1592.3,1592.8,1589.9,1592.0,125620
2025-07-15T10:50:00+05:30,1592.0,1592.3,1590.3,1591.0,14859
2025-07-15T10:51:00+05:30,1590.4,1591.4,1590.0,1590.5,7994
2025-07-15T10:52:00+05:30,1590.2,1592.2,1590.0,1591.6,20641
2025-07-15T10:53:00+05:30,1591.5,1591.9,1590.1,1591.5,12456
2025-07-15T10:54:00+05:30,1591.5,1593.5,1591.5,1593.3,23388
2025-07-15T10:55:00+05:30,1593.2,1594.1,1593.0,1593.5,18353
2025-07-15T10:56:00+05:30,1593.5,1594.0,1593.0,1593.1,19400
2025-07-15T10:57:00+05:30,1593.1,1594.5,1593.1,1594.5,16382
2025-07-15T10:58:00+05:30,1594.0,1594.5,1593.0,1594.0,36309
2025-07-15T10:59:00+05:30,1594.4,1594.9,1594.0,1594.7,6550
2025-07-15T11:00:00+05:30,1594.5,1596.3,1593.2,1595.1,26166
2025-07-15T11:01:00+05:30,1595.1,1598.1,1594.6,1596.9,46617
2025-07-15T11:02:00+05:30,1596.9,1598.2,1596.5,1598.1,16836
2025-07-15T11:03:00+05:30,1598.0,1598.9,1596.3,1598.9,63088
2025-07-15T11:04:00+05:30,1598.8,1598.9,1597.0,1598.0,18836
2025-07-15T11:05:00+05:30,1598.0,1600.9,1597.2,1600.5,61560
2025-07-15T11:06:00+05:30,1600.1,1603.3,1600.0,1603.1,53212
2025-07-15T11:07:00+05:30,1603.0,1603.6,1601.9,1602.5,36772
2025-07-15T11:08:00+05:30,1602.6,1603.0,1600.4,1601.9,23365
2025-07-15T11:09:00+05:30,1601.6,1603.2,1600.9,1602.7,22542
2025-07-15T11:10:00+05:30,1602.7,1602.7,1601.1,1601.9,10577
2025-07-15T11:11:00+05:30,1602.0,1602.0,1600.0,1602.0,71265
2025-07-15T11:12:00+05:30,1602.0,1602.3,1601.2,1601.7,17720
2025-07-15T11:13:00+05:30,1601.6,1601.7,1600.3,1600.7,10934
2025-07-15T11:14:00+05:30,1600.7,1601.0,1600.0,1601.0,26110
2025-07-15T11:15:00+05:30,1601.0,1601.2,1599.6,1600.0,40509
2025-07-15T11:16:00+05:30,1600.4,1600.5,1599.2,1600.0,47563
2025-07-15T11:17:00+05:30,1600.0,1600.7,1599.1,1599.3,64479
2025-07-15T11:18:00+05:30,1599.3,1599.7,1597.2,1598.2,41979
2025-07-15T11:19:00+05:30,1598.2,1598.2,1597.0,1597.8,74901
2025-07-15T11:20:00+05:30,1597.2,1599.6,1597.1,1598.9,46449
2025-07-15T11:21:00+05:30,1598.9,1600.3,1598.9,1600.3,14980
2025-07-15T11:22:00+05:30,1600.2,1602.3,1600.2,1601.8,18466
2025-07-15T11:23:00+05:30,1601.8,1601.8,1601.3,1601.8,6666
2025-07-15T11:24:00+05:30,1601.8,1601.8,1601.3,1601.7,4459
2025-07-15T11:25:00+05:30,1601.8,1602.4,1600.0,1600.0,18092
2025-07-15T11:26:00+05:30,1600.0,1600.4,1599.4,1599.8,4061
2025-07-15T11:27:00+05:30,1599.8,1600.0,1598.7,1599.1,8041
2025-07-15T11:28:00+05:30,1599.0,1599.9,1598.8,1599.5,4847
2025-07-15T11:29:00+05:30,1599.5,1599.8,1599.0,1599.1,3526
2025-07-15T11:30:00+05:30,1599.0,1600.0,1599.0,1600.0,5710
2025-07-15T11:31:00+05:30,1600.0,1600.0,1599.1,1599.2,4217
2025-07-15T11:32:00+05:30,1599.2,1599.7,1598.0,1598.3,15331
2025-07-15T11:33:00+05:30,1598.3,1598.4,1598.0,1598.4,19614
2025-07-15T11:34:00+05:30,1598.1,1598.4,1598.0,1598.1,11010
2025-07-15T11:35:00+05:30,1598.1,1598.2,1597.0,1598.0,43087
2025-07-15T11:36:00+05:30,1598.1,1598.1,1597.2,1597.4,9473
2025-07-15T11:37:00+05:30,1597.7,1597.7,1597.1,1597.5,7418
2025-07-15T11:38:00+05:30,1597.4,1597.8,1596.0,1597.2,35025
2025-07-15T11:39:00+05:30,1597.5,1597.8,1596.6,1597.5,10568
2025-07-15T11:40:00+05:30,1597.5,1597.7,1596.2,1596.3,10674
2025-07-15T11:41:00+05:30,1596.3,1596.8,1595.8,1596.2,9586
2025-07-15T11:42:00+05:30,1596.2,1596.6,1595.6,1595.7,5935
2025-07-15T11:43:00+05:30,1595.7,1596.1,1595.3,1595.3,6058
2025-07-15T11:44:00+05:30,1595.3,1596.5,1595.3,1595.9,11209
2025-07-15T11:45:00+05:30,1595.9,1596.0,1593.8,1593.8,17162
2025-07-15T11:46:00+05:30,1594.5,1594.6,1593.6,1594.2,6584
2025-07-15T11:47:00+05:30,1594.2,1594.9,1593.6,1594.7,7243
2025-07-15T11:48:00+05:30,1594.7,1594.8,1593.6,1593.9,9538
2025-07-15T11:49:00+05:30,1593.9,1594.5,1593.8,1594.0,3297
2025-07-15T11:50:00+05:30,1593.9,1594.1,1593.6,1593.7,8365
2025-07-15T11:51:00+05:30,1594.0,1594.0,1592.6,1593.5,7600
2025-07-15T11:52:00+05:30,1593.1,1593.5,1592.7,1593.1,13098
2025-07-15T11:53:00+05:30,1592.9,1593.2,1592.8,1593.0,4579
2025-07-15T11:54:00+05:30,1593.0,1593.1,1591.5,1591.7,7366
2025-07-15T11:55:00+05:30,1591.7,1592.8,1591.6,1592.6,7204
2025-07-15T11:56:00+05:30,1592.6,1592.6,1592.0,1592.3,3816
2025-07-15T11:57:00+05:30,1592.1,1592.3,1592.0,1592.3,7378
2025-07-15T11:58:00+05:30,1592.1,1592.7,1592.1,1592.3,5444
2025-07-15T11:59:00+05:30,1592.5,1593.0,1592.3,1592.7,9772
2025-07-15T12:00:00+05:30,1592.7,1592.7,1592.0,1592.3,7544
2025-07-15T12:01:00+05:30,1592.3,1592.5,1591.4,1592.2,8304
2025-07-15T12:02:00+05:30,1592.1,1592.1,1591.1,1591.3,2387
2025-07-15T12:03:00+05:30,1591.2,1591.3,1590.5,1591.1,7558
2025-07-15T12:04:00+05:30,1591.1,1591.1,1590.5,1591.0,4852
2025-07-15T12:05:00+05:30,1590.7,1591.3,1590.7,1590.8,5955
2025-07-15T12:06:00+05:30,1591.0,1591.0,1590.0,1590.6,6878
2025-07-15T12:07:00+05:30,1590.6,1591.3,1589.7,1591.0,45239
2025-07-15T12:08:00+05:30,1591.0,1591.6,1590.6,1591.6,42976
2025-07-15T12:09:00+05:30,1591.6,1592.7,1591.5,1591.9,22344
2025-07-15T12:10:00+05:30,1591.6,1592.0,1591.6,1592.0,24093
2025-07-15T12:11:00+05:30,1592.0,1592.9,1591.8,1592.7,12833
2025-07-15T12:12:00+05:30,1592.7,1593.1,1592.4,1593.1,6513
2025-07-15T12:13:00+05:30,1593.1,1593.1,1591.8,1592.6,15319
2025-07-15T12:14:00+05:30,1592.6,1592.6,1590.7,1590.7,4895
2025-07-15T12:15:00+05:30,1590.9,1590.9,1589.2,1589.2,9285
2025-07-15T12:16:00+05:30,1589.2,1589.6,1588.5,1589.3,11024
2025-07-15T12:17:00+05:30,1589.3,1589.5,1588.4,1588.9,7553
2025-07-15T12:18:00+05:30,1588.9,1588.9,1588.1,1588.3,4783
2025-07-15T12:19:00+05:30,1588.1,1588.3,1586.9,1587.8,12294
2025-07-15T12:20:00+05:30,1587.8,1588.5,1587.1,1588.4,7146
2025-07-15T12:21:00+05:30,1588.4,1588.4,1587.2,1587.6,30798
2025-07-15T12:22:00+05:30,1588.0,1588.3,1587.8,1588.3,10928
2025-07-15T12:23:00+05:30,1588.3,1588.3,1587.8,1588.2,7754
2025-07-15T12:24:00+05:30,1588.2,1588.9,1587.8,1588.9,13903
2025-07-15T12:25:00+05:30,1588.9,1589.0,1588.4,1588.4,8474
2025-07-15T12:26:00+05:30,1588.4,1588.9,1587.6,1588.2,5692
2025-07-15T12:27:00+05:30,1588.2,1588.2,1587.5,1588.1,7464
2025-07-15T12:28:00+05:30,1588.1,1588.1,1586.8,1587.5,21779
2025-07-15T12:29:00+05:30,1587.5,1587.5,1586.5,1587.0,7457
2025-07-15T12:30:00+05:30,1587.0,1589.4,1587.0,1588.6,30465
2025-07-15T12:31:00+05:30,1588.6,1588.6,1587.5,1587.5,4485
2025-07-15T12:32:00+05:30,1587.6,1588.7,1587.1,1588.1,18946
2025-07-15T12:33:00+05:30,1588.1,1588.1,1587.6,1587.9,4423
2025-07-15T12:34:00+05:30,1587.9,1587.9,1587.5,1587.6,2972
2025-07-15T12:35:00+05:30,1587.5,1587.6,1586.4,1586.6,9337
2025-07-15T12:36:00+05:30,1586.5,1586.6,1586.2,1586.3,10283
2025-07-15T12:37:00+05:30,1586.3,1586.6,1586.2,1586.4,9974
2025-07-15T12:38:00+05:30,1586.3,1586.8,1586.3,1586.7,5578
2025-07-15T12:39:00+05:30,1586.7,1587.5,1586.4,1587.3,7173
2025-07-15T12:40:00+05:30,1587.3,1587.3,1586.8,1586.8,5513
2025-07-15T12:41:00+05:30,1587.1,1587.1,1586.7,1587.1,3871
2025-07-15T12:42:00+05:30,1587.1,1587.1,1586.2,1586.4,5146
2025-07-15T12:43:00+05:30,1586.4,1586.5,1586.2,1586.4,4134
2025-07-15T12:44:00+05:30,1586.4,1586.4,1586.0,1586.2,6048
2025-07-15T12:45:00+05:30,1586.2,1586.4,1586.2,1586.3,5459
2025-07-15T12:46:00+05:30,1586.3,1586.4,1586.2,1586.4,6500
2025-07-15T12:47:00+05:30,1586.3,1586.4,1586.0,1586.2,6238
2025-07-15T12:48:00+05:30,1586.2,1586.3,1586.1,1586.2,6301
2025-07-15T12:49:00+05:30,1586.2,1586.2,1585.0,1585.1,12741
2025-07-15T12:50:00+05:30,1585.1,1586.8,1585.1,1586.4,16367
2025-07-15T12:51:00+05:30,1586.4,1586.5,1586.2,1586.5,4419
2025-07-15T12:52:00+05:30,1586.4,1587.0,1586.3,1586.9,8930
2025-07-15T12:53:00+05:30,1586.9,1587.1,1586.5,1587.0,7440
2025-07-15T12:54:00+05:30,1586.9,1586.9,1586.3,1586.5,10592
2025-07-15T12:55:00+05:30,1586.6,1586.6,1586.2,1586.3,5895
2025-07-15T12:56:00+05:30,1586.3,1586.3,1585.4,1585.4,8224
2025-07-15T12:57:00+05:30,1585.3,1585.9,1585.0,1585.4,7724
2025-07-15T12:58:00+05:30,1585.4,1585.5,1585.0,1585.3,6616
2025-07-15T12:59:00+05:30,1585.3,1586.5,1585.2,1586.2,10447
2025-07-15T13:00:00+05:30,1586.1,1586.3,1585.7,1586.2,6524
2025-07-15T13:01:00+05:30,1586.1,1586.7,1585.7,1586.7,9952
2025-07-15T13:02:00+05:30,1586.7,1587.1,1586.5,1586.9,12723
2025-07-15T13:03:00+05:30,1586.8,1586.9,1586.1,1586.7,5771
2025-07-15T13:04:00+05:30,1586.7,1586.8,1586.4,1586.7,6527
2025-07-15T13:05:00+05:30,1586.7,1586.9,1586.2,1586.5,6855
2025-07-15T13:06:00+05:30,1586.5,1586.7,1586.0,1586.2,7536
2025-07-15T13:07:00+05:30,1586.2,1586.5,1586.0,1586.4,5687
2025-07-15T13:08:00+05:30,1586.3,1586.5,1586.0,1586.4,4160
2025-07-15T13:09:00+05:30,1586.3,1587.9,1586.0,1587.0,14840
2025-07-15T13:10:00+05:30,1587.0,1587.1,1586.1,1586.9,10853
2025-07-15T13:11:00+05:30,1586.9,1587.5,1586.9,1587.2,7358
2025-07-15T13:12:00+05:30,1587.2,1588.0,1586.5,1587.4,8582
2025-07-15T13:13:00+05:30,1587.4,1587.9,1587.2,1587.6,5412
2025-07-15T13:14:00+05:30,1587.6,1587.9,1586.8,1587.1,12816
2025-07-15T13:15:00+05:30,1587.1,1587.7,1587.0,1587.3,6262
2025-07-15T13:16:00+05:30,1587.3,1587.4,1586.9,1587.0,6703
2025-07-15T13:17:00+05:30,1587.0,1587.3,1586.2,1587.1,10144
2025-07-15T13:18:00+05:30,1587.1,1587.3,1586.3,1587.1,16425
2025-07-15T13:19:00+05:30,1587.1,1587.1,1586.2,1586.8,6373
2025-07-15T13:20:00+05:30,1586.8,1586.8,1585.9,1586.4,6759
2025-07-15T13:21:00+05:30,1585.9,1586.5,1585.9,1586.4,4908
2025-07-15T13:22:00+05:30,1586.4,1586.4,1585.9,1586.0,5351
2025-07-15T13:23:00+05:30,1586.3,1586.4,1585.3,1586.2,6455
2025-07-15T13:24:00+05:30,1586.1,1586.2,1585.4,1585.7,5044
2025-07-15T13:25:00+05:30,1585.7,1586.0,1585.1,1585.2,9949
2025-07-15T13:26:00+05:30,1585.2,1586.0,1584.7,1585.0,24282
2025-07-15T13:27:00+05:30,1585.0,1586.2,1584.2,1585.4,35850
2025-07-15T13:28:00+05:30,1585.4,1586.5,1585.0,1585.8,20861
2025-07-15T13:29:00+05:30,1585.9,1587.7,1585.2,1587.2,30017
2025-07-15T13:30:00+05:30,1587.2,1589.8,1587.0,1589.4,31308
2025-07-15T13:31:00+05:30,1589.4,1590.0,1587.8,1588.4,23605
2025-07-15T13:32:00+05:30,1588.2,1589.0,1588.0,1588.1,9269
2025-07-15T13:33:00+05:30,1588.1,1588.9,1588.0,1588.8,6917
2025-07-15T13:34:00+05:30,1588.8,1588.8,1588.3,1588.5,3983
2025-07-15T13:35:00+05:30,1588.6,1588.8,1588.1,1588.1,6894
2025-07-15T13:36:00+05:30,1588.3,1588.7,1588.1,1588.5,6205
2025-07-15T13:37:00+05:30,1588.3,1588.5,1587.2,1587.5,4722
2025-07-15T13:38:00+05:30,1587.5,1587.8,1587.0,1587.3,5422
2025-07-15T13:39:00+05:30,1587.3,1587.7,1587.0,1587.7,6627
2025-07-15T13:40:00+05:30,1587.7,1587.7,1586.6,1586.9,9854
2025-07-15T13:41:00+05:30,1586.9,1587.5,1586.4,1586.5,9651
2025-07-15T13:42:00+05:30,1586.5,1586.9,1585.4,1585.8,6938
2025-07-15T13:43:00+05:30,1585.8,1586.4,1585.6,1586.0,7249
2025-07-15T13:44:00+05:30,1586.3,1586.3,1585.5,1586.0,18264
2025-07-15T13:45:00+05:30,1586.1,1586.1,1585.5,1585.5,8603
2025-07-15T13:46:00+05:30,1585.5,1585.8,1585.1,1585.4,13440
2025-07-15T13:47:00+05:30,1585.5,1585.6,1584.5,1584.5,10916
2025-07-15T13:48:00+05:30,1584.6,1585.2,1584.2,1585.2,11103
2025-07-15T13:49:00+05:30,1585.5,1585.7,1584.2,1584.5,11355
2025-07-15T13:50:00+05:30,1584.5,1584.8,1584.0,1584.1,11254
2025-07-15T13:51:00+05:30,1584.2,1584.6,1583.3,1583.9,11152
2025-07-15T13:52:00+05:30,1584.0,1584.2,1583.2,1583.5,10346
2025-07-15T13:53:00+05:30,1583.6,1583.8,1583.1,1583.5,8881
2025-07-15T13:54:00+05:30,1583.4,1583.8,1583.2,1583.8,10766
2025-07-15T13:55:00+05:30,1583.4,1583.9,1583.4,1583.4,10624
2025-07-15T13:56:00+05:30,1583.5,1583.7,1583.2,1583.5,11616
2025-07-15T13:57:00+05:30,1583.6,1583.8,1583.0,1583.4,16778
2025-07-15T13:58:00+05:30,1583.7,1583.7,1582.9,1583.3,14730
2025-07-15T13:59:00+05:30,1583.5,1584.0,1583.1,1583.8,13497
2025-07-15T14:00:00+05:30,1583.7,1583.8,1583.0,1583.1,9007
2025-07-15T14:01:00+05:30,1583.3,1583.4,1582.7,1583.1,8479
2025-07-15T14:02:00+05:30,1583.0,1583.2,1582.6,1582.6,8643
2025-07-15T14:03:00+05:30,1582.7,1583.3,1582.6,1582.6,14474
2025-07-15T14:04:00+05:30,1582.8,1583.1,1582.2,1582.3,9230
2025-07-15T14:05:00+05:30,1582.4,1583.0,1582.3,1583.0,11664
2025-07-15T14:06:00+05:30,1582.8,1583.3,1582.7,1583.1,13273
2025-07-15T14:07:00+05:30,1583.0,1584.9,1582.8,1583.2,45358
2025-07-15T14:08:00+05:30,1583.4,1584.2,1583.0,1583.5,19383
2025-07-15T14:09:00+05:30,1583.6,1584.0,1583.5,1583.9,10926
2025-07-15T14:10:00+05:30,1584.0,1584.4,1583.4,1583.5,14802
2025-07-15T14:11:00+05:30,1583.6,1584.2,1583.5,1584.0,11585
2025-07-15T14:12:00+05:30,1584.0,1584.8,1583.6,1584.6,13136
2025-07-15T14:13:00+05:30,1584.7,1585.1,1584.3,1584.9,9896
2025-07-15T14:14:00+05:30,1585.0,1585.4,1584.6,1585.0,12822
2025-07-15T14:15:00+05:30,1585.1,1585.5,1584.8,1585.4,10464
2025-07-15T14:16:00+05:30,1585.2,1586.2,1585.1,1586.1,15467
2025-07-15T14:17:00+05:30,1586.2,1587.0,1585.7,1586.7,24072
2025-07-15T14:18:00+05:30,1586.8,1587.2,1586.8,1587.0,12022
2025-07-15T14:19:00+05:30,1587.1,1587.3,1586.9,1587.0,11775
2025-07-15T14:20:00+05:30,1587.1,1587.2,1586.4,1586.7,12656
2025-07-15T14:21:00+05:30,1586.7,1586.9,1586.2,1586.8,11826
2025-07-15T14:22:00+05:30,1586.6,1586.8,1585.8,1585.8,9314
2025-07-15T14:23:00+05:30,1585.8,1586.7,1585.8,1586.2,12278
2025-07-15T14:24:00+05:30,1586.4,1586.8,1586.0,1586.6,12235
2025-07-15T14:25:00+05:30,1586.4,1587.0,1586.1,1586.8,15144
2025-07-15T14:26:00+05:30,1586.5,1587.0,1586.4,1586.8,10969
2025-07-15T14:27:00+05:30,1586.9,1586.9,1586.3,1586.3,8895
2025-07-15T14:28:00+05:30,1586.4,1586.8,1585.8,1586.2,10790
2025-07-15T14:29:00+05:30,1586.1,1586.6,1585.8,1586.3,9584
2025-07-15T14:30:00+05:30,1586.2,1587.9,1586.0,1587.8,22238
2025-07-15T14:31:00+05:30,1587.9,1587.9,1587.1,1587.6,11778
2025-07-15T14:32:00+05:30,1587.5,1587.7,1587.4,1587.7,8322
2025-07-15T14:33:00+05:30,1587.6,1588.6,1587.5,1588.6,14470
2025-07-15T14:34:00+05:30,1588.3,1588.6,1588.0,1588.4,8547
2025-07-15T14:35:00+05:30,1588.3,1588.4,1587.0,1587.0,13247
2025-07-15T14:36:00+05:30,1587.1,1587.9,1586.8,1587.7,19118
2025-07-15T14:37:00+05:30,1587.5,1588.0,1586.3,1587.0,38117
2025-07-15T14:38:00+05:30,1587.1,1588.3,1587.1,1588.3,22175
2025-07-15T14:39:00+05:30,1588.1,1588.8,1588.0,1588.7,14262
2025-07-15T14:40:00+05:30,1588.6,1589.4,1588.4,1589.4,15645
2025-07-15T14:41:00+05:30,1589.3,1590.7,1588.7,1590.6,27149
2025-07-15T14:42:00+05:30,1590.4,1591.5,1590.4,1591.0,14513
2025-07-15T14:43:00+05:30,1590.9,1591.3,1589.7,1589.9,17794
2025-07-15T14:44:00+05:30,1589.9,1590.4,1589.2,1590.3,15122
2025-07-15T14:45:00+05:30,1590.0,1590.3,1589.4,1589.8,16132
2025-07-15T14:46:00+05:30,1589.6,1590.0,1589.0,1589.5,14115
2025-07-15T14:47:00+05:30,1589.3,1589.7,1589.1,1589.7,15035
2025-07-15T14:48:00+05:30,1589.5,1589.8,1588.6,1588.6,11846
2025-07-15T14:49:00+05:30,1588.6,1589.4,1588.5,1588.5,11275
2025-07-15T14:50:00+05:30,1588.4,1589.0,1588.1,1588.7,11544
2025-07-15T14:51:00+05:30,1588.4,1588.8,1587.8,1587.8,10942
2025-07-15T14:52:00+05:30,1587.7,1588.6,1587.2,1588.1,12325
2025-07-15T14:53:00+05:30,1587.8,1589.9,1587.3,1588.9,36335
2025-07-15T14:54:00+05:30,1588.6,1589.3,1588.3,1588.4,12182
2025-07-15T14:55:00+05:30,1588.3,1588.8,1587.6,1587.7,13634
2025-07-15T14:56:00+05:30,1587.6,1588.6,1587.4,1587.9,14075
2025-07-15T14:57:00+05:30,1587.7,1588.6,1587.6,1588.0,17865
2025-07-15T14:58:00+05:30,1588.1,1590.3,1588.0,1590.1,82737
2025-07-15T14:59:00+05:30,1590.1,1591.3,1590.0,1590.9,20283
2025-07-15T15:00:00+05:30,1590.9,1591.0,1589.5,1589.5,84765
2025-07-15T15:01:00+05:30,1589.6,1590.3,1587.9,1588.0,66679
2025-07-15T15:02:00+05:30,1588.0,1589.3,1588.0,1588.5,44774
2025-07-15T15:03:00+05:30,1588.5,1588.7,1585.1,1585.2,32799
2025-07-15T15:04:00+05:30,1585.3,1586.9,1585.0,1585.2,62748
2025-07-15T15:05:00+05:30,1585.2,1585.3,1584.7,1584.9,44166
2025-07-15T15:06:00+05:30,1585.0,1585.3,1584.9,1584.9,42811
2025-07-15T15:07:00+05:30,1584.9,1585.1,1584.9,1584.9,59653
2025-07-15T15:08:00+05:30,1584.9,1585.0,1584.5,1584.9,68835
2025-07-15T15:09:00+05:30,1584.9,1585.0,1584.9,1584.9,42537
2025-07-15T15:10:00+05:30,1585.0,1585.0,1584.9,1584.9,36496
2025-07-15T15:11:00+05:30,1585.0,1585.0,1584.8,1584.8,39644
2025-07-15T15:12:00+05:30,1584.9,1586.1,1584.8,1585.1,75915
2025-07-15T15:13:00+05:30,1585.1,1585.4,1585.1,1585.1,41540
2025-07-15T15:14:00+05:30,1585.2,1585.2,1584.8,1584.9,46680
2025-07-15T15:15:00+05:30,1584.8,1585.0,1584.5,1585.0,63009
2025-07-15T15:16:00+05:30,1584.9,1585.0,1584.5,1584.7,48653
2025-07-15T15:17:00+05:30,1584.7,1584.7,1584.2,1584.2,54026
2025-07-15T15:18:00+05:30,1584.3,1584.3,1583.9,1583.9,49345
2025-07-15T15:19:00+05:30,1583.9,1584.0,1583.9,1584.0,32243
2025-07-15T15:20:00+05:30,1583.9,1584.0,1583.9,1583.9,58502
2025-07-15T15:21:00+05:30,1583.9,1584.0,1583.7,1584.0,68070
2025-07-15T15:22:00+05:30,1584.0,1584.5,1583.8,1584.3,67703
2025-07-15T15:23:00+05:30,1584.4,1585.7,1584.1,1585.3,70595
2025-07-15T15:24:00+05:30,1585.3,1585.4,1584.8,1584.9,41026
2025-07-15T15:25:00+05:30,1584.8,1587.0,1584.7,1586.3,59279
2025-07-15T15:26:00+05:30,1586.2,1586.8,1586.2,1586.7,34424
2025-07-15T15:27:00+05:30,1586.7,1587.7,1586.6,1587.6,44320
2025-07-15T15:28:00+05:30,1587.6,1588.0,1586.3,1586.4,40046
2025-07-15T15:29:00+05:30,1586.3,1589.0,1586.0,1587.2,16764
2025-07-14T09:15:00+05:30,1591.8,1591.8,1577.0,1580.4,66550
2025-07-14T09:16:00+05:30,1579.8,1580.4,1574.4,1577.0,64971
2025-07-14T09:17:00+05:30,1577.4,1577.4,1569.5,1572.3,73777
2025-07-14T09:18:00+05:30,1572.4,1573.7,1566.5,1567.5,162879
2025-07-14T09:19:00+05:30,1567.1,1571.2,1566.6,1570.1,88125
2025-07-14T09:20:00+05:30,1570.8,1573.2,1568.7,1572.0,82182
2025-07-14T09:21:00+05:30,1571.8,1575.8,1571.8,1572.7,58861
2025-07-14T09:22:00+05:30,1572.7,1575.4,1572.5,1573.9,37012
2025-07-14T09:23:00+05:30,1573.9,1575.0,1573.5,1573.5,18450
2025-07-14T09:24:00+05:30,1573.7,1575.4,1571.9,1572.8,57994
2025-07-14T09:25:00+05:30,1572.4,1574.2,1570.6,1572.0,39518
2025-07-14T09:26:00+05:30,1572.0,1574.9,1571.0,1574.0,45197
2025-07-14T09:27:00+05:30,1574.0,1574.9,1572.9,1574.2,41365
2025-07-14T09:28:00+05:30,1574.2,1574.5,1572.0,1573.6,31951
2025-07-14T09:29:00+05:30,1573.5,1573.5,1570.0,1572.0,47449
2025-07-14T09:30:00+05:30,1572.0,1573.1,1571.9,1572.7,31658
2025-07-14T09:31:00+05:30,1572.8,1573.0,1571.6,1572.0,52418
2025-07-14T09:32:00+05:30,1571.6,1572.5,1571.0,1572.0,40550
2025-07-14T09:33:00+05:30,1572.0,1572.6,1571.9,1572.1,15604
2025-07-14T09:34:00+05:30,1572.0,1573.1,1571.1,1572.5,13139
2025-07-14T09:35:00+05:30,1573.0,1573.1,1572.0,1572.7,8912
2025-07-14T09:36:00+05:30,1572.6,1573.0,1572.2,1573.0,5767
2025-07-14T09:37:00+05:30,1573.0,1575.0,1572.4,1574.9,9604
2025-07-14T09:38:00+05:30,1574.9,1576.2,1574.1,1576.2,19112
2025-07-14T09:39:00+05:30,1576.2,1578.0,1576.0,1577.2,28821
2025-07-14T09:40:00+05:30,1577.7,1579.1,1576.5,1578.7,91740
2025-07-14T09:41:00+05:30,1578.7,1578.7,1575.0,1576.7,95411
2025-07-14T09:42:00+05:30,1576.7,1577.1,1575.3,1575.7,23908
2025-07-14T09:43:00+05:30,1575.5,1575.6,1574.1,1574.6,24377
2025-07-14T09:44:00+05:30,1574.6,1574.7,1573.9,1574.3,11999
2025-07-14T09:45:00+05:30,1574.2,1574.5,1572.2,1572.3,12787
2025-07-14T09:46:00+05:30,1572.2,1573.4,1572.0,1572.8,10251
2025-07-14T09:47:00+05:30,1572.1,1573.3,1571.7,1573.0,19799
2025-07-14T09:48:00+05:30,1573.0,1573.4,1572.0,1572.8,34479
2025-07-14T09:49:00+05:30,1573.0,1573.3,1572.4,1573.3,17482
2025-07-14T09:50:00+05:30,1573.3,1574.3,1573.0,1574.3,20517
2025-07-14T09:51:00+05:30,1574.3,1575.7,1573.8,1575.2,35768
2025-07-14T09:52:00+05:30,1575.2,1577.0,1575.1,1577.0,16851
2025-07-14T09:53:00+05:30,1577.0,1578.6,1576.7,1577.3,15224
2025-07-14T09:54:00+05:30,1577.2,1577.9,1575.6,1577.9,11671
2025-07-14T09:55:00+05:30,1577.9,1578.2,1577.1,1578.2,11732
2025-07-14T09:56:00+05:30,1578.1,1578.7,1577.5,1578.0,13263
2025-07-14T09:57:00+05:30,1578.0,1578.7,1577.3,1578.5,18139
2025-07-14T09:58:00+05:30,1578.6,1578.6,1576.5,1577.4,10496
2025-07-14T09:59:00+05:30,1577.4,1578.0,1576.7,1577.4,14831
2025-07-14T10:00:00+05:30,1577.5,1578.2,1576.9,1578.1,13186
2025-07-14T10:01:00+05:30,1578.1,1578.3,1577.6,1577.9,10482
2025-07-14T10:02:00+05:30,1578.0,1578.1,1577.0,1578.0,10481
2025-07-14T10:03:00+05:30,1578.0,1578.7,1577.8,1578.2,13725
2025-07-14T10:04:00+05:30,1578.2,1578.2,1577.0,1577.0,10216
2025-07-14T10:05:00+05:30,1577.0,1577.5,1576.7,1577.2,18639
2025-07-14T10:06:00+05:30,1577.2,1577.2,1574.3,1574.7,22894
2025-07-14T10:07:00+05:30,1574.8,1574.9,1574.1,1574.3,8477
2025-07-14T10:08:00+05:30,1574.3,1575.1,1574.1,1574.7,8403
2025-07-14T10:09:00+05:30,1574.7,1574.7,1573.1,1573.5,8507
2025-07-14T10:10:00+05:30,1573.5,1573.6,1572.1,1572.4,16094
2025-07-14T10:11:00+05:30,1572.3,1572.9,1572.1,1572.8,12228
2025-07-14T10:12:00+05:30,1572.8,1574.4,1572.7,1574.4,8940
2025-07-14T10:13:00+05:30,1574.4,1575.3,1574.3,1575.2,13243
2025-07-14T10:14:00+05:30,1575.2,1576.3,1575.1,1576.2,16004
2025-07-14T10:15:00+05:30,1576.2,1578.0,1575.5,1575.6,54208
2025-07-14T10:16:00+05:30,1575.9,1576.1,1575.0,1575.5,8530
2025-07-14T10:17:00+05:30,1575.4,1575.5,1575.0,1575.0,6440
2025-07-14T10:18:00+05:30,1575.0,1575.1,1574.3,1574.6,9923
2025-07-14T10:19:00+05:30,1574.7,1575.4,1573.8,1575.1,46070
2025-07-14T10:20:00+05:30,1575.1,1575.1,1574.0,1574.4,11295
2025-07-14T10:21:00+05:30,1574.4,1575.2,1573.9,1574.9,17136
2025-07-14T10:22:00+05:30,1574.9,1575.5,1574.7,1575.1,9355
2025-07-14T10:23:00+05:30,1575.1,1575.1,1574.1,1574.4,8789
2025-07-14T10:24:00+05:30,1574.4,1575.5,1574.1,1575.3,18459
2025-07-14T10:25:00+05:30,1575.3,1575.3,1574.0,1574.5,17281
2025-07-14T10:26:00+05:30,1574.5,1574.9,1574.1,1574.9,9041
2025-07-14T10:27:00+05:30,1574.8,1576.4,1574.5,1576.3,10446
2025-07-14T10:28:00+05:30,1576.3,1576.4,1575.8,1575.9,5209
2025-07-14T10:29:00+05:30,1575.9,1576.0,1575.5,1575.9,5977
2025-07-14T10:30:00+05:30,1575.9,1576.0,1574.0,1574.8,9596
2025-07-14T10:31:00+05:30,1574.8,1575.2,1574.2,1575.1,9911
2025-07-14T10:32:00+05:30,1575.1,1575.7,1574.8,1575.2,4287
2025-07-14T10:33:00+05:30,1575.2,1575.2,1574.7,1575.1,2769
2025-07-14T10:34:00+05:30,1575.1,1575.1,1574.1,1575.1,6326
2025-07-14T10:35:00+05:30,1575.1,1575.2,1575.0,1575.2,6535
2025-07-14T10:36:00+05:30,1575.2,1575.3,1574.6,1574.9,7451
2025-07-14T10:37:00+05:30,1575.0,1575.0,1573.9,1574.3,16809
2025-07-14T10:38:00+05:30,1574.3,1574.9,1573.2,1574.8,32535
2025-07-14T10:39:00+05:30,1574.8,1574.8,1574.0,1574.1,98959
2025-07-14T10:40:00+05:30,1574.0,1574.2,1573.1,1574.2,64623
2025-07-14T10:41:00+05:30,1574.2,1575.3,1574.1,1575.3,18596
2025-07-14T10:42:00+05:30,1575.3,1575.9,1575.2,1575.8,9754
2025-07-14T10:43:00+05:30,1575.8,1577.5,1575.2,1577.4,59039
2025-07-14T10:44:00+05:30,1577.5,1577.7,1576.1,1576.5,25467
2025-07-14T10:45:00+05:30,1576.5,1577.3,1576.0,1576.8,23610
2025-07-14T10:46:00+05:30,1576.8,1577.5,1576.2,1577.1,11860
2025-07-14T10:47:00+05:30,1577.2,1577.7,1576.9,1577.3,9696
2025-07-14T10:48:00+05:30,1577.3,1578.0,1577.0,1578.0,14976
2025-07-14T10:49:00+05:30,1578.0,1578.0,1577.4,1577.8,6491
2025-07-14T10:50:00+05:30,1577.8,1578.0,1577.3,1577.9,8233
2025-07-14T10:51:00+05:30,1578.0,1578.0,1577.5,1578.0,5551
2025-07-14T10:52:00+05:30,1577.9,1577.9,1576.3,1576.9,5638
2025-07-14T10:53:00+05:30,1576.8,1577.0,1576.4,1577.0,8843
2025-07-14T10:54:00+05:30,1577.0,1577.2,1576.5,1577.2,29529
2025-07-14T10:55:00+05:30,1577.2,1577.2,1576.2,1576.8,17679
2025-07-14T10:56:00+05:30,1576.8,1577.6,1576.6,1576.9,17252
2025-07-14T10:57:00+05:30,1576.9,1577.1,1575.6,1576.7,22880
2025-07-14T10:58:00+05:30,1576.6,1576.8,1575.3,1575.5,4386
2025-07-14T10:59:00+05:30,1575.5,1575.6,1574.3,1575.1,20971
2025-07-14T11:00:00+05:30,1575.1,1575.1,1574.5,1575.1,3615
2025-07-14T11:01:00+05:30,1575.1,1575.2,1574.2,1574.3,5607
2025-07-14T11:02:00+05:30,1574.2,1575.0,1574.0,1575.0,12439
2025-07-14T11:03:00+05:30,1574.9,1575.3,1574.3,1574.4,23606
2025-07-14T11:04:00+05:30,1574.4,1574.6,1573.5,1573.7,9535
2025-07-14T11:05:00+05:30,1573.7,1573.9,1573.5,1573.8,5539
2025-07-14T11:06:00+05:30,1573.8,1574.3,1573.4,1574.3,9100
2025-07-14T11:07:00+05:30,1574.3,1574.3,1573.4,1573.7,8155
2025-07-14T11:08:00+05:30,1573.7,1574.0,1573.2,1573.3,22197
2025-07-14T11:09:00+05:30,1573.2,1573.5,1572.2,1572.5,21874
2025-07-14T11:10:00+05:30,1572.5,1572.5,1572.0,1572.2,16432
2025-07-14T11:11:00+05:30,1572.3,1572.3,1572.0,1572.3,16389
2025-07-14T11:12:00+05:30,1572.2,1572.4,1572.0,1572.4,10080
2025-07-14T11:13:00+05:30,1572.3,1572.4,1571.5,1572.2,26868
2025-07-14T11:14:00+05:30,1572.2,1572.2,1571.5,1572.1,17580
2025-07-14T11:15:00+05:30,1572.1,1572.3,1571.3,1571.7,30567
2025-07-14T11:16:00+05:30,1572.1,1572.2,1571.3,1572.1,23524
2025-07-14T11:17:00+05:30,1572.1,1572.2,1571.5,1572.1,6747
2025-07-14T11:18:00+05:30,1572.1,1572.3,1571.5,1572.3,25703
2025-07-14T11:19:00+05:30,1572.3,1572.3,1571.4,1572.1,8468
2025-07-14T11:20:00+05:30,1572.1,1572.1,1570.6,1570.8,43684
2025-07-14T11:21:00+05:30,1570.8,1571.1,1570.0,1570.9,32991
2025-07-14T11:22:00+05:30,1570.9,1571.0,1570.2,1570.7,7867
2025-07-14T11:23:00+05:30,1570.6,1571.1,1570.1,1571.1,12213
2025-07-14T11:24:00+05:30,1571.1,1571.1,1570.3,1570.6,5420
2025-07-14T11:25:00+05:30,1570.6,1570.8,1570.2,1570.8,11276
2025-07-14T11:26:00+05:30,1570.8,1570.8,1570.2,1570.6,12384
2025-07-14T11:27:00+05:30,1570.6,1570.8,1570.1,1570.3,13137
2025-07-14T11:28:00+05:30,1570.6,1570.6,1569.0,1569.0,53969
2025-07-14T11:29:00+05:30,1569.1,1569.7,1568.2,1568.5,21606
2025-07-14T11:30:00+05:30,1568.5,1569.5,1568.1,1569.0,16343
2025-07-14T11:31:00+05:30,1569.0,1570.0,1568.7,1569.0,69177
2025-07-14T11:32:00+05:30,1568.9,1569.0,1568.5,1568.7,11333
2025-07-14T11:33:00+05:30,1568.7,1568.9,1568.3,1568.3,9195
2025-07-14T11:34:00+05:30,1568.6,1569.5,1568.0,1569.3,20185
2025-07-14T11:35:00+05:30,1569.3,1569.4,1568.3,1569.4,25382
2025-07-14T11:36:00+05:30,1569.4,1569.5,1569.0,1569.2,6979
2025-07-14T11:37:00+05:30,1569.2,1569.4,1568.9,1569.0,11204
2025-07-14T11:38:00+05:30,1568.9,1569.4,1568.7,1569.4,6541
2025-07-14T11:39:00+05:30,1569.4,1570.0,1569.1,1570.0,11854
2025-07-14T11:40:00+05:30,1570.0,1570.6,1569.7,1570.6,10317
2025-07-14T11:41:00+05:30,1570.6,1570.8,1569.9,1570.0,7803
2025-07-14T11:42:00+05:30,1570.0,1570.0,1569.0,1569.2,11356
2025-07-14T11:43:00+05:30,1569.2,1569.4,1568.4,1569.1,55978
2025-07-14T11:44:00+05:30,1569.0,1569.2,1568.0,1568.3,22179
2025-07-14T11:45:00+05:30,1568.5,1568.5,1567.6,1568.0,23346
2025-07-14T11:46:00+05:30,1568.0,1568.0,1567.0,1567.4,18559
2025-07-14T11:47:00+05:30,1567.4,1568.7,1567.3,1568.2,17081
2025-07-14T11:48:00+05:30,1568.2,1569.2,1567.9,1569.2,22633
2025-07-14T11:49:00+05:30,1569.2,1569.3,1568.2,1569.0,48298
2025-07-14T11:50:00+05:30,1568.9,1569.3,1568.4,1569.1,27469
2025-07-14T11:51:00+05:30,1569.0,1569.2,1568.8,1569.1,13473
2025-07-14T11:52:00+05:30,1569.1,1569.3,1568.1,1569.3,25242
2025-07-14T11:53:00+05:30,1569.0,1569.4,1568.9,1569.0,10859
2025-07-14T11:54:00+05:30,1569.0,1569.1,1568.7,1569.0,18476
2025-07-14T11:55:00+05:30,1569.1,1569.1,1567.1,1567.6,27135
2025-07-14T11:56:00+05:30,1567.6,1567.8,1567.0,1567.8,17823
2025-07-14T11:57:00+05:30,1567.8,1568.0,1567.6,1568.0,7376
2025-07-14T11:58:00+05:30,1568.0,1568.0,1567.3,1567.9,8950
2025-07-14T11:59:00+05:30,1567.9,1567.9,1567.2,1567.8,5106
2025-07-14T12:00:00+05:30,1567.8,1567.8,1566.9,1567.1,11084
2025-07-14T12:01:00+05:30,1567.2,1567.3,1566.6,1567.1,26359
2025-07-14T12:02:00+05:30,1567.1,1567.2,1566.6,1566.8,7648
2025-07-14T12:03:00+05:30,1566.8,1566.8,1565.9,1566.7,21220
2025-07-14T12:04:00+05:30,1566.6,1566.7,1565.9,1566.3,13716
2025-07-14T12:05:00+05:30,1566.3,1566.3,1565.9,1566.2,13033
2025-07-14T12:06:00+05:30,1566.2,1566.2,1565.3,1565.6,16485
2025-07-14T12:07:00+05:30,1565.6,1566.2,1565.0,1565.5,29395
2025-07-14T12:08:00+05:30,1565.5,1566.4,1565.0,1566.4,10859
2025-07-14T12:09:00+05:30,1566.3,1567.9,1565.7,1567.9,9498
2025-07-14T12:10:00+05:30,1567.9,1568.5,1567.8,1568.1,7376
2025-07-14T12:11:00+05:30,1568.3,1568.5,1567.9,1568.0,12685
2025-07-14T12:12:00+05:30,1568.0,1568.0,1567.3,1567.7,7615
2025-07-14T12:13:00+05:30,1567.7,1568.3,1567.5,1568.1,20446
2025-07-14T12:14:00+05:30,1568.1,1568.4,1568.0,1568.4,11834
2025-07-14T12:15:00+05:30,1568.4,1568.4,1568.0,1568.3,9824
2025-07-14T12:16:00+05:30,1568.3,1569.4,1568.0,1569.4,22288
2025-07-14T12:17:00+05:30,1569.3,1569.7,1568.4,1569.0,24863
2025-07-14T12:18:00+05:30,1569.0,1569.0,1567.8,1568.1,13074
2025-07-14T12:19:00+05:30,1568.3,1568.4,1567.7,1568.3,13408
2025-07-14T12:20:00+05:30,1568.3,1568.3,1568.0,1568.1,9445
2025-07-14T12:21:00+05:30,1568.1,1568.2,1567.0,1567.5,22896
2025-07-14T12:22:00+05:30,1567.5,1567.5,1566.9,1567.3,6401
2025-07-14T12:23:00+05:30,1567.3,1567.3,1565.2,1566.0,13164
2025-07-14T12:24:00+05:30,1565.6,1568.0,1565.6,1567.7,23580
2025-07-14T12:25:00+05:30,1567.7,1567.7,1566.2,1566.9,24103
2025-07-14T12:26:00+05:30,1566.9,1566.9,1566.0,1566.6,11753
2025-07-14T12:27:00+05:30,1566.4,1566.7,1565.7,1566.6,10903
2025-07-14T12:28:00+05:30,1566.5,1566.6,1565.1,1566.4,15364
2025-07-14T12:29:00+05:30,1566.4,1566.4,1565.6,1566.4,9110
2025-07-14T12:30:00+05:30,1566.4,1566.8,1565.7,1566.7,10451
2025-07-14T12:31:00+05:30,1566.7,1566.7,1565.5,1565.9,12671
2025-07-14T12:32:00+05:30,1566.0,1566.6,1565.5,1566.6,9885
2025-07-14T12:33:00+05:30,1566.6,1566.8,1565.7,1566.7,9669
2025-07-14T12:34:00+05:30,1566.7,1566.7,1565.4,1565.8,14239
2025-07-14T12:35:00+05:30,1565.8,1565.8,1564.3,1564.7,152131
2025-07-14T12:36:00+05:30,1564.6,1564.6,1562.4,1563.1,31216
2025-07-14T12:37:00+05:30,1563.1,1563.1,1562.5,1563.0,18880
2025-07-14T12:38:00+05:30,1563.0,1563.0,1562.3,1562.6,12659
2025-07-14T12:39:00+05:30,1562.5,1562.8,1562.3,1562.8,8641
2025-07-14T12:40:00+05:30,1562.8,1563.0,1562.4,1562.9,7121
2025-07-14T12:41:00+05:30,1562.9,1563.0,1562.4,1562.5,8985
2025-07-14T12:42:00+05:30,1562.9,1562.9,1561.5,1562.1,20761
2025-07-14T12:43:00+05:30,1562.2,1562.8,1561.8,1562.4,14159
2025-07-14T12:44:00+05:30,1562.4,1563.1,1561.5,1562.1,45613
2025-07-14T12:45:00+05:30,1562.3,1562.4,1561.7,1562.2,25425
2025-07-14T12:46:00+05:30,1562.3,1562.3,1561.5,1561.7,29620
2025-07-14T12:47:00+05:30,1562.0,1562.4,1561.1,1562.1,41420
2025-07-14T12:48:00+05:30,1562.1,1562.4,1561.1,1562.2,70262
2025-07-14T12:49:00+05:30,1562.2,1562.8,1561.9,1562.1,15462
2025-07-14T12:50:00+05:30,1562.1,1562.4,1561.9,1562.2,17867
2025-07-14T12:51:00+05:30,1562.2,1562.4,1560.3,1560.9,29641
2025-07-14T12:52:00+05:30,1560.9,1561.0,1560.5,1561.0,12155
2025-07-14T12:53:00+05:30,1561.0,1561.0,1560.6,1561.0,16911
2025-07-14T12:54:00+05:30,1561.0,1561.0,1560.0,1560.8,18233
2025-07-14T12:55:00+05:30,1560.7,1560.9,1560.1,1560.9,10465
2025-07-14T12:56:00+05:30,1560.9,1562.6,1560.6,1561.5,35414
2025-07-14T12:57:00+05:30,1561.5,1561.7,1560.9,1561.2,24005
2025-07-14T12:58:00+05:30,1561.2,1561.2,1560.1,1560.6,11993
2025-07-14T12:59:00+05:30,1560.6,1560.6,1559.8,1560.3,35447
2025-07-14T13:00:00+05:30,1560.2,1561.0,1560.2,1561.0,12923
2025-07-14T13:01:00+05:30,1560.9,1562.8,1560.5,1562.8,26851
2025-07-14T13:02:00+05:30,1562.7,1564.0,1561.7,1564.0,21647
2025-07-14T13:03:00+05:30,1564.0,1564.1,1563.0,1563.4,12032
2025-07-14T13:04:00+05:30,1563.4,1564.6,1562.9,1564.5,20336
2025-07-14T13:05:00+05:30,1564.5,1564.5,1562.0,1562.4,21469
2025-07-14T13:06:00+05:30,1562.4,1562.4,1561.6,1561.8,7724
2025-07-14T13:07:00+05:30,1561.8,1561.9,1561.0,1561.8,9486
2025-07-14T13:08:00+05:30,1561.8,1561.8,1560.2,1560.4,30861
2025-07-14T13:09:00+05:30,1560.4,1561.3,1560.2,1561.2,8235
2025-07-14T13:10:00+05:30,1561.2,1561.2,1560.1,1560.6,7708
2025-07-14T13:11:00+05:30,1560.6,1561.0,1560.3,1560.7,7408
2025-07-14T13:12:00+05:30,1560.7,1561.8,1560.2,1561.8,12537
2025-07-14T13:13:00+05:30,1561.7,1562.0,1561.5,1561.7,9058
2025-07-14T13:14:00+05:30,1561.7,1562.3,1561.2,1562.3,14576
2025-07-14T13:15:00+05:30,1562.3,1563.0,1561.7,1562.0,14238
2025-07-14T13:16:00+05:30,1562.3,1562.3,1561.8,1562.1,9332
2025-07-14T13:17:00+05:30,1562.1,1562.3,1561.9,1562.1,7002
2025-07-14T13:18:00+05:30,1562.1,1562.2,1561.9,1562.2,9041
2025-07-14T13:19:00+05:30,1562.2,1562.4,1561.8,1562.2,9721
2025-07-14T13:20:00+05:30,1562.2,1562.2,1561.7,1562.1,9698
2025-07-14T13:21:00+05:30,1562.1,1563.5,1562.0,1562.4,12076
2025-07-14T13:22:00+05:30,1562.4,1562.9,1562.0,1562.8,9225
2025-07-14T13:23:00+05:30,1562.8,1563.6,1562.5,1563.1,8314
2025-07-14T13:24:00+05:30,1563.1,1563.6,1562.2,1563.2,10367
2025-07-14T13:25:00+05:30,1563.2,1563.4,1562.7,1563.0,8218
2025-07-14T13:26:00+05:30,1563.1,1563.3,1562.7,1563.1,11974
2025-07-14T13:27:00+05:30,1563.1,1563.5,1563.0,1563.3,11104
2025-07-14T13:28:00+05:30,1563.3,1563.6,1562.9,1563.1,8266
2025-07-14T13:29:00+05:30,1563.1,1563.7,1563.0,1563.7,9186
2025-07-14T13:30:00+05:30,1563.7,1564.1,1563.2,1563.6,9857
2025-07-14T13:31:00+05:30,1563.6,1563.6,1563.0,1563.3,7465
2025-07-14T13:32:00+05:30,1563.3,1564.1,1563.1,1563.3,9024
2025-07-14T13:33:00+05:30,1563.3,1563.4,1563.0,1563.3,9440
2025-07-14T13:34:00+05:30,1563.3,1563.9,1563.0,1563.8,8740
2025-07-14T13:35:00+05:30,1563.8,1563.8,1563.0,1563.3,7741
2025-07-14T13:36:00+05:30,1563.3,1563.4,1562.9,1563.3,9469
2025-07-14T13:37:00+05:30,1563.3,1563.3,1562.9,1563.1,9718
2025-07-14T13:38:00+05:30,1563.2,1563.2,1562.5,1563.1,12748
2025-07-14T13:39:00+05:30,1563.1,1563.2,1562.6,1563.1,10016
2025-07-14T13:40:00+05:30,1563.1,1563.3,1562.9,1563.1,13017
2025-07-14T13:41:00+05:30,1563.1,1563.3,1562.7,1563.3,14869
2025-07-14T13:42:00+05:30,1563.3,1563.3,1562.6,1563.3,16333
2025-07-14T13:43:00+05:30,1563.3,1563.4,1562.9,1563.4,8548
2025-07-14T13:44:00+05:30,1563.4,1563.7,1563.1,1563.4,9963
2025-07-14T13:45:00+05:30,1563.4,1563.4,1563.0,1563.2,10064
2025-07-14T13:46:00+05:30,1563.2,1563.8,1563.0,1563.8,9159
2025-07-14T13:47:00+05:30,1563.8,1563.8,1563.1,1563.4,6808
2025-07-14T13:48:00+05:30,1563.4,1564.8,1563.1,1564.5,15326
2025-07-14T13:49:00+05:30,1564.5,1564.6,1563.7,1563.9,9618
2025-07-14T13:50:00+05:30,1563.9,1563.9,1562.9,1563.1,24540
2025-07-14T13:51:00+05:30,1563.1,1563.4,1562.6,1563.2,21358
2025-07-14T13:52:00+05:30,1563.2,1563.5,1562.7,1563.2,14880
2025-07-14T13:53:00+05:30,1563.2,1563.3,1563.0,1563.2,10242
2025-07-14T13:54:00+05:30,1563.2,1563.2,1562.6,1563.2,9887
2025-07-14T13:55:00+05:30,1563.2,1563.3,1562.5,1563.0,12518
2025-07-14T13:56:00+05:30,1563.1,1563.2,1562.0,1562.7,59064
2025-07-14T13:57:00+05:30,1563.0,1563.1,1562.2,1562.7,59014
2025-07-14T13:58:00+05:30,1562.7,1563.1,1560.0,1560.1,45117
2025-07-14T13:59:00+05:30,1560.1,1562.2,1560.0,1562.2,28743
2025-07-14T14:00:00+05:30,1562.2,1562.7,1561.6,1562.4,9569
2025-07-14T14:01:00+05:30,1562.0,1562.7,1562.0,1562.4,7025
2025-07-14T14:02:00+05:30,1562.6,1562.9,1562.2,1562.6,6857
2025-07-14T14:03:00+05:30,1562.6,1562.6,1562.0,1562.5,8500
2025-07-14T14:04:00+05:30,1562.5,1562.5,1561.7,1562.3,7113
2025-07-14T14:05:00+05:30,1562.2,1562.3,1561.7,1562.0,13217
2025-07-14T14:06:00+05:30,1562.0,1562.4,1561.7,1562.1,29194
2025-07-14T14:07:00+05:30,1562.1,1563.0,1561.8,1562.1,13279
2025-07-14T14:08:00+05:30,1562.2,1562.5,1562.0,1562.3,8643
2025-07-14T14:09:00+05:30,1562.2,1563.2,1562.1,1563.0,18324
2025-07-14T14:10:00+05:30,1562.8,1563.1,1562.0,1562.5,10791
2025-07-14T14:11:00+05:30,1562.4,1562.7,1561.8,1562.0,9831
2025-07-14T14:12:00+05:30,1562.0,1562.1,1561.4,1561.5,12742
2025-07-14T14:13:00+05:30,1561.4,1561.8,1561.4,1561.8,7580
2025-07-14T14:14:00+05:30,1561.7,1562.0,1561.3,1561.5,6856
2025-07-14T14:15:00+05:30,1561.5,1561.6,1561.2,1561.4,8974
2025-07-14T14:16:00+05:30,1561.3,1561.5,1561.0,1561.1,9739
2025-07-14T14:17:00+05:30,1561.0,1561.6,1561.0,1561.6,10344
2025-07-14T14:18:00+05:30,1561.6,1563.9,1561.4,1563.9,55619
2025-07-14T14:19:00+05:30,1563.5,1564.9,1563.5,1564.0,21906
2025-07-14T14:20:00+05:30,1564.0,1564.4,1563.8,1563.9,12027
2025-07-14T14:21:00+05:30,1564.2,1565.4,1563.8,1565.0,30012
2025-07-14T14:22:00+05:30,1565.0,1565.2,1564.1,1564.9,20889
2025-07-14T14:23:00+05:30,1564.9,1565.1,1564.4,1565.0,19052
2025-07-14T14:24:00+05:30,1565.1,1565.2,1564.1,1564.2,19884
2025-07-14T14:25:00+05:30,1564.2,1564.6,1563.4,1564.4,22472
2025-07-14T14:26:00+05:30,1564.4,1565.0,1563.7,1564.9,16148
2025-07-14T14:27:00+05:30,1564.9,1565.5,1563.7,1564.0,40924
2025-07-14T14:28:00+05:30,1564.2,1564.3,1563.7,1564.1,12455
2025-07-14T14:29:00+05:30,1564.1,1565.5,1563.6,1565.4,12577
2025-07-14T14:30:00+05:30,1565.4,1565.5,1564.5,1565.4,12025
2025-07-14T14:31:00+05:30,1565.4,1566.4,1565.0,1565.7,14496
2025-07-14T14:32:00+05:30,1565.5,1565.9,1565.0,1565.2,9961
2025-07-14T14:33:00+05:30,1565.0,1565.4,1565.0,1565.1,10361
2025-07-14T14:34:00+05:30,1565.0,1565.2,1565.0,1565.1,12564
2025-07-14T14:35:00+05:30,1565.1,1565.3,1564.6,1565.2,11829
2025-07-14T14:36:00+05:30,1565.2,1565.2,1564.5,1565.0,9373
2025-07-14T14:37:00+05:30,1564.5,1565.8,1564.2,1565.3,29360
2025-07-14T14:38:00+05:30,1565.1,1566.0,1565.1,1565.6,19689
2025-07-14T14:39:00+05:30,1565.5,1565.5,1565.0,1565.1,6564
2025-07-14T14:40:00+05:30,1565.1,1565.3,1565.0,1565.1,10467
2025-07-14T14:41:00+05:30,1565.1,1565.3,1565.0,1565.1,10918
2025-07-14T14:42:00+05:30,1565.1,1565.2,1565.0,1565.1,18020
2025-07-14T14:43:00+05:30,1565.0,1565.4,1565.0,1565.3,32782
2025-07-14T14:44:00+05:30,1565.3,1566.2,1565.0,1565.1,36863
2025-07-14T14:45:00+05:30,1565.1,1565.4,1565.0,1565.1,13909
2025-07-14T14:46:00+05:30,1565.1,1565.5,1565.0,1565.1,14872
2025-07-14T14:47:00+05:30,1565.1,1565.2,1565.0,1565.1,12355
2025-07-14T14:48:00+05:30,1565.1,1565.4,1565.0,1565.3,14109
2025-07-14T14:49:00+05:30,1565.3,1565.4,1565.0,1565.1,7470
2025-07-14T14:50:00+05:30,1565.0,1565.5,1565.0,1565.4,23653
2025-07-14T14:51:00+05:30,1565.3,1566.0,1565.3,1565.7,14438
2025-07-14T14:52:00+05:30,1565.7,1566.8,1565.5,1566.3,47732
2025-07-14T14:53:00+05:30,1566.3,1566.9,1565.7,1565.8,19557
2025-07-14T14:54:00+05:30,1565.7,1566.1,1565.7,1566.1,26039
2025-07-14T14:55:00+05:30,1566.1,1566.2,1565.8,1566.1,16294
2025-07-14T14:56:00+05:30,1566.1,1566.3,1566.0,1566.1,11675
2025-07-14T14:57:00+05:30,1566.1,1567.1,1566.0,1566.4,41355
2025-07-14T14:58:00+05:30,1566.4,1568.4,1566.2,1567.4,46198
2025-07-14T14:59:00+05:30,1567.4,1568.3,1567.0,1568.0,23922
2025-07-14T15:00:00+05:30,1568.0,1569.4,1568.0,1569.1,68671
2025-07-14T15:01:00+05:30,1569.4,1569.4,1568.3,1568.6,58229
2025-07-14T15:02:00+05:30,1568.6,1570.3,1568.5,1570.2,75866
2025-07-14T15:03:00+05:30,1570.3,1571.8,1570.2,1571.7,73393
2025-07-14T15:04:00+05:30,1571.7,1572.2,1571.6,1572.2,80294
2025-07-14T15:05:00+05:30,1572.2,1572.8,1572.1,1572.8,76343
2025-07-14T15:06:00+05:30,1572.8,1572.8,1571.6,1572.1,76018
2025-07-14T15:07:00+05:30,1572.1,1572.1,1569.3,1570.0,149379
2025-07-14T15:08:00+05:30,1570.2,1570.8,1569.6,1569.8,95508
2025-07-14T15:09:00+05:30,1569.8,1571.0,1569.7,1570.8,84578
2025-07-14T15:10:00+05:30,1570.8,1571.1,1570.0,1570.3,74591
2025-07-14T15:11:00+05:30,1570.4,1570.6,1569.4,1569.9,79127
2025-07-14T15:12:00+05:30,1569.9,1571.7,1569.4,1571.3,132584
2025-07-14T15:13:00+05:30,1571.3,1571.4,1569.9,1570.1,66800
2025-07-14T15:14:00+05:30,1570.1,1570.8,1570.0,1570.4,42943
2025-07-14T15:15:00+05:30,1570.4,1570.4,1569.5,1570.0,70018
2025-07-14T15:16:00+05:30,1570.0,1570.2,1569.9,1570.1,77769
2025-07-14T15:17:00+05:30,1569.9,1570.5,1569.9,1570.3,53424
2025-07-14T15:18:00+05:30,1570.3,1570.3,1569.3,1570.1,85828
2025-07-14T15:19:00+05:30,1570.1,1570.2,1569.9,1570.1,69879
2025-07-14T15:20:00+05:30,1570.1,1570.3,1569.5,1570.1,113817
2025-07-14T15:21:00+05:30,1570.3,1570.5,1570.0,1570.0,63554
2025-07-14T15:22:00+05:30,1570.1,1570.2,1569.8,1569.8,37882
2025-07-14T15:23:00+05:30,1569.9,1570.2,1569.8,1570.1,65706
2025-07-14T15:24:00+05:30,1570.0,1570.3,1570.0,1570.1,70492
2025-07-14T15:25:00+05:30,1570.0,1570.8,1570.0,1570.2,60863
2025-07-14T15:26:00+05:30,1570.1,1570.3,1569.7,1570.1,81993
2025-07-14T15:27:00+05:30,1570.1,1570.6,1570.0,1570.1,88853
2025-07-14T15:28:00+05:30,1570.1,1570.5,1569.0,1570.0,34681
2025-07-14T15:29:00+05:30,1570.1,1571.0,1568.0,1570.5,17777
2025-07-11T09:15:00+05:30,1578.8,1585.1,1565.0,1565.6,797720
2025-07-11T09:16:00+05:30,1565.6,1575.0,1563.0,1572.8,251035
2025-07-11T09:17:00+05:30,1572.9,1577.9,1570.0,1577.3,220539
2025-07-11T09:18:00+05:30,1577.3,1580.0,1576.4,1580.0,195923
2025-07-11T09:19:00+05:30,1580.0,1586.9,1579.7,1586.2,178295
2025-07-11T09:20:00+05:30,1585.8,1591.2,1581.9,1588.0,291348
2025-07-11T09:21:00+05:30,1588.0,1589.9,1585.2,1585.8,109748
2025-07-11T09:22:00+05:30,1585.6,1589.2,1585.1,1587.5,76237
2025-07-11T09:23:00+05:30,1587.5,1589.3,1586.4,1587.9,57740
2025-07-11T09:24:00+05:30,1587.6,1588.5,1586.7,1587.1,48458
2025-07-11T09:25:00+05:30,1587.1,1591.0,1586.7,1590.8,186834
2025-07-11T09:26:00+05:30,1590.9,1591.0,1588.9,1590.0,47475
2025-07-11T09:27:00+05:30,1590.4,1592.5,1589.7,1591.0,60168
2025-07-11T09:28:00+05:30,1591.0,1591.4,1589.0,1589.2,77263
2025-07-11T09:29:00+05:30,1589.7,1590.4,1587.0,1589.9,148145
2025-07-11T09:30:00+05:30,1589.9,1590.1,1587.2,1589.2,151670
2025-07-11T09:31:00+05:30,1589.2,1590.1,1587.3,1589.4,193273
2025-07-11T09:32:00+05:30,1589.9,1592.9,1588.6,1592.1,67004
2025-07-11T09:33:00+05:30,1592.1,1592.1,1589.3,1590.5,23462
2025-07-11T09:34:00+05:30,1590.6,1591.0,1589.8,1590.4,13501
2025-07-11T09:35:00+05:30,1590.4,1590.4,1587.6,1588.1,32271
2025-07-11T09:36:00+05:30,1588.1,1589.2,1586.0,1588.8,41065
2025-07-11T09:37:00+05:30,1589.0,1591.0,1588.5,1589.9,55851
2025-07-11T09:38:00+05:30,1589.9,1590.5,1589.2,1589.7,16772
2025-07-11T09:39:00+05:30,1589.8,1590.4,1589.1,1590.2,26698
2025-07-11T09:40:00+05:30,1590.2,1590.4,1589.1,1589.5,19525
2025-07-11T09:41:00+05:30,1589.5,1590.6,1588.7,1590.2,30605
2025-07-11T09:42:00+05:30,1590.6,1592.8,1590.0,1592.1,34694
2025-07-11T09:43:00+05:30,1592.1,1593.8,1591.6,1592.7,117138
2025-07-11T09:44:00+05:30,1593.0,1593.4,1592.4,1592.6,30089
2025-07-11T09:45:00+05:30,1593.0,1593.3,1591.6,1593.0,85414
2025-07-11T09:46:00+05:30,1593.1,1596.7,1592.6,1595.0,56179
2025-07-11T09:47:00+05:30,1595.3,1596.8,1594.6,1595.6,31756
2025-07-11T09:48:00+05:30,1595.6,1595.7,1594.4,1594.7,37648
2025-07-11T09:49:00+05:30,1595.0,1595.3,1594.0,1594.4,33150
2025-07-11T09:50:00+05:30,1595.0,1595.7,1594.3,1595.0,25092
2025-07-11T09:51:00+05:30,1595.1,1595.2,1593.7,1594.5,75015
2025-07-11T09:52:00+05:30,1595.1,1595.2,1594.0,1594.4,73835
2025-07-11T09:53:00+05:30,1594.4,1595.2,1594.0,1594.6,102360
2025-07-11T09:54:00+05:30,1594.6,1595.1,1594.1,1594.8,45349
2025-07-11T09:55:00+05:30,1595.1,1595.2,1594.0,1594.9,34875
2025-07-11T09:56:00+05:30,1595.1,1595.3,1594.1,1594.8,46479
2025-07-11T09:57:00+05:30,1594.9,1595.1,1594.1,1594.5,96544
2025-07-11T09:58:00+05:30,1594.8,1595.1,1590.6,1591.0,80911
2025-07-11T09:59:00+05:30,1591.1,1593.3,1591.1,1592.6,36858
2025-07-11T10:00:00+05:30,1593.1,1593.1,1590.1,1591.4,29183
2025-07-11T10:01:00+05:30,1591.6,1591.6,1589.3,1590.5,64959
2025-07-11T10:02:00+05:30,1590.7,1591.8,1590.0,1591.3,13356
2025-07-11T10:03:00+05:30,1591.5,1592.6,1591.3,1591.9,8073
2025-07-11T10:04:00+05:30,1591.8,1592.9,1591.5,1591.9,11256
2025-07-11T10:05:00+05:30,1592.0,1593.6,1591.1,1592.6,18450
2025-07-11T10:06:00+05:30,1593.0,1595.3,1592.7,1594.3,31774
2025-07-11T10:07:00+05:30,1594.5,1597.0,1594.0,1595.9,66992
2025-07-11T10:08:00+05:30,1596.1,1600.2,1595.1,1599.2,86390
2025-07-11T10:09:00+05:30,1599.4,1601.0,1599.0,1600.6,22864
2025-07-11T10:10:00+05:30,1600.6,1601.9,1599.9,1599.9,15023
2025-07-11T10:11:00+05:30,1599.9,1603.5,1598.6,1602.6,138511
2025-07-11T10:12:00+05:30,1602.0,1606.3,1601.3,1605.0,117112
2025-07-11T10:13:00+05:30,1605.3,1607.1,1605.0,1605.4,85347
2025-07-11T10:14:00+05:30,1605.3,1606.9,1604.3,1606.2,83707
2025-07-11T10:15:00+05:30,1606.2,1606.8,1603.6,1603.6,20468
2025-07-11T10:16:00+05:30,1603.9,1605.5,1603.2,1605.4,16131
2025-07-11T10:17:00+05:30,1605.4,1606.0,1602.7,1603.0,17988
2025-07-11T10:18:00+05:30,1603.1,1603.2,1601.1,1601.8,9437
2025-07-11T10:19:00+05:30,1601.7,1601.7,1600.0,1600.8,11488
2025-07-11T10:20:00+05:30,1601.2,1603.3,1600.5,1601.8,12742
2025-07-11T10:21:00+05:30,1601.8,1602.0,1599.7,1599.7,85894
2025-07-11T10:22:00+05:30,1599.7,1600.1,1598.5,1598.6,16404
2025-07-11T10:23:00+05:30,1598.6,1600.6,1598.0,1600.0,67183
2025-07-11T10:24:00+05:30,1600.0,1600.8,1598.0,1598.7,21983
2025-07-11T10:25:00+05:30,1598.7,1599.8,1597.5,1597.6,11334
2025-07-11T10:26:00+05:30,1597.5,1598.3,1596.2,1598.1,13315
2025-07-11T10:27:00+05:30,1598.0,1600.0,1597.5,1598.4,76576
2025-07-11T10:28:00+05:30,1598.4,1598.8,1598.2,1598.6,5223
2025-07-11T10:29:00+05:30,1598.6,1600.8,1597.5,1600.2,61027
2025-07-11T10:30:00+05:30,1600.2,1600.4,1597.9,1600.2,38518
2025-07-11T10:31:00+05:30,1600.3,1601.1,1598.7,1599.1,45632
2025-07-11T10:32:00+05:30,1599.0,1599.1,1598.0,1598.0,5837
2025-07-11T10:33:00+05:30,1598.1,1598.3,1597.0,1598.1,10379
2025-07-11T10:34:00+05:30,1598.1,1598.1,1597.0,1597.2,5496
2025-07-11T10:35:00+05:30,1597.2,1597.6,1597.0,1597.1,6633
2025-07-11T10:36:00+05:30,1597.1,1597.1,1596.0,1596.7,6841
2025-07-11T10:37:00+05:30,1596.7,1597.5,1595.9,1596.0,19620
2025-07-11T10:38:00+05:30,1595.9,1596.0,1595.1,1595.6,10693
2025-07-11T10:39:00+05:30,1595.7,1596.9,1595.6,1596.2,7168
2025-07-11T10:40:00+05:30,1596.2,1596.7,1595.6,1595.9,6157
2025-07-11T10:41:00+05:30,1595.9,1596.0,1595.2,1595.6,5971
2025-07-11T10:42:00+05:30,1595.5,1595.7,1593.2,1593.3,17809
2025-07-11T10:43:00+05:30,1593.3,1593.8,1592.5,1592.5,10178
2025-07-11T10:44:00+05:30,1592.5,1592.8,1592.3,1592.5,6869
2025-07-11T10:45:00+05:30,1592.5,1593.5,1592.0,1592.9,17331
2025-07-11T10:46:00+05:30,1593.1,1593.6,1592.5,1593.5,9253
2025-07-11T10:47:00+05:30,1593.5,1593.9,1593.1,1593.3,6252
2025-07-11T10:48:00+05:30,1593.3,1593.3,1592.0,1592.5,7298
2025-07-11T10:49:00+05:30,1592.5,1593.0,1592.0,1592.0,9437
2025-07-11T10:50:00+05:30,1592.2,1592.8,1591.4,1592.0,12993
2025-07-11T10:51:00+05:30,1592.4,1592.4,1590.8,1591.4,27865
2025-07-11T10:52:00+05:30,1591.5,1592.5,1591.2,1592.5,9359
2025-07-11T10:53:00+05:30,1592.5,1592.7,1591.8,1592.7,4292
2025-07-11T10:54:00+05:30,1592.7,1593.4,1592.4,1593.3,8994
2025-07-11T10:55:00+05:30,1593.2,1593.6,1592.7,1593.4,5855
2025-07-11T10:56:00+05:30,1593.6,1593.6,1593.0,1593.1,5414
2025-07-11T10:57:00+05:30,1593.1,1593.4,1592.0,1592.2,8117
2025-07-11T10:58:00+05:30,1592.2,1592.2,1591.0,1591.1,10499
2025-07-11T10:59:00+05:30,1591.2,1591.7,1590.9,1591.6,8016
2025-07-11T11:00:00+05:30,1591.7,1591.8,1590.0,1590.9,39491
2025-07-11T11:01:00+05:30,1590.9,1592.7,1590.9,1591.9,27406
2025-07-11T11:02:00+05:30,1591.9,1592.3,1591.2,1591.6,5264
2025-07-11T11:03:00+05:30,1591.6,1592.2,1591.1,1591.6,10009
2025-07-11T11:04:00+05:30,1591.6,1593.5,1590.6,1593.5,12083
2025-07-11T11:05:00+05:30,1593.5,1594.7,1593.1,1594.6,10391
2025-07-11T11:06:00+05:30,1594.6,1594.7,1593.6,1593.6,5019
2025-07-11T11:07:00+05:30,1593.9,1595.4,1593.3,1594.8,13268
2025-07-11T11:08:00+05:30,1594.8,1594.9,1593.1,1593.7,5595
2025-07-11T11:09:00+05:30,1593.6,1593.8,1591.7,1592.2,6912
2025-07-11T11:10:00+05:30,1592.2,1593.3,1592.0,1593.0,7377
2025-07-11T11:11:00+05:30,1593.0,1593.9,1592.7,1593.7,5788
2025-07-11T11:12:00+05:30,1593.7,1596.3,1593.1,1595.9,26003
2025-07-11T11:13:00+05:30,1595.8,1596.3,1593.7,1594.9,17631
2025-07-11T11:14:00+05:30,1594.9,1594.9,1594.0,1594.3,4319
2025-07-11T11:15:00+05:30,1594.3,1594.5,1593.9,1594.2,3039
2025-07-11T11:16:00+05:30,1594.2,1595.2,1593.9,1594.8,4198
2025-07-11T11:17:00+05:30,1594.8,1594.8,1594.0,1594.2,3525
2025-07-11T11:18:00+05:30,1594.2,1594.4,1593.1,1593.6,6972
2025-07-11T11:19:00+05:30,1593.5,1594.1,1593.0,1593.8,5575
2025-07-11T11:20:00+05:30,1593.8,1593.9,1592.0,1592.3,5835
2025-07-11T11:21:00+05:30,1592.1,1592.5,1592.0,1592.4,7948
2025-07-11T11:22:00+05:30,1592.3,1592.5,1590.7,1591.4,11168
2025-07-11T11:23:00+05:30,1591.4,1592.4,1591.1,1591.8,12407
2025-07-11T11:24:00+05:30,1591.8,1591.9,1590.4,1590.7,5227
2025-07-11T11:25:00+05:30,1590.6,1590.7,1590.0,1590.1,16202
2025-07-11T11:26:00+05:30,1590.1,1590.4,1590.0,1590.3,8404
2025-07-11T11:27:00+05:30,1590.2,1590.4,1590.0,1590.2,16021
2025-07-11T11:28:00+05:30,1590.2,1590.4,1590.0,1590.2,16121
2025-07-11T11:29:00+05:30,1590.2,1590.3,1590.0,1590.3,9066
2025-07-11T11:30:00+05:30,1590.3,1590.4,1589.9,1590.4,13751
2025-07-11T11:31:00+05:30,1590.0,1591.9,1590.0,1591.6,8746
2025-07-11T11:32:00+05:30,1591.6,1591.6,1590.5,1591.5,9763
2025-07-11T11:33:00+05:30,1591.4,1591.5,1590.1,1590.2,7472
2025-07-11T11:34:00+05:30,1590.2,1590.5,1589.6,1590.1,15228
2025-07-11T11:35:00+05:30,1590.1,1590.3,1590.0,1590.1,10407
2025-07-11T11:36:00+05:30,1590.0,1590.3,1589.3,1590.3,14894
2025-07-11T11:37:00+05:30,1590.2,1590.3,1589.9,1590.1,12515
2025-07-11T11:38:00+05:30,1590.1,1590.4,1590.0,1590.1,9548
2025-07-11T11:39:00+05:30,1590.1,1590.5,1590.0,1590.5,5967
2025-07-11T11:40:00+05:30,1590.5,1591.1,1589.9,1590.7,25062
2025-07-11T11:41:00+05:30,1590.6,1590.6,1589.6,1590.4,12230
2025-07-11T11:42:00+05:30,1590.3,1591.4,1589.7,1591.3,24331
2025-07-11T11:43:00+05:30,1591.2,1591.4,1590.7,1591.1,7505
2025-07-11T11:44:00+05:30,1591.0,1591.3,1591.0,1591.1,16159
2025-07-11T11:45:00+05:30,1591.1,1591.3,1590.9,1591.1,22437
2025-07-11T11:46:00+05:30,1591.0,1591.1,1590.3,1590.6,14874
2025-07-11T11:47:00+05:30,1590.6,1591.5,1590.1,1591.5,9472
2025-07-11T11:48:00+05:30,1591.4,1591.5,1591.0,1591.1,12522
2025-07-11T11:49:00+05:30,1591.0,1591.4,1590.5,1591.1,9586
2025-07-11T11:50:00+05:30,1591.1,1591.6,1591.0,1591.5,7643
2025-07-11T11:51:00+05:30,1591.5,1591.5,1591.0,1591.2,5134
2025-07-11T11:52:00+05:30,1591.2,1593.3,1591.1,1591.9,13692
2025-07-11T11:53:00+05:30,1592.1,1592.9,1591.7,1592.9,8377
2025-07-11T11:54:00+05:30,1592.9,1593.0,1591.9,1592.3,6672
2025-07-11T11:55:00+05:30,1592.3,1592.3,1591.0,1591.1,8925
2025-07-11T11:56:00+05:30,1591.2,1591.3,1590.6,1591.2,18063
2025-07-11T11:57:00+05:30,1591.2,1591.2,1590.1,1590.5,20094
2025-07-11T11:58:00+05:30,1590.5,1590.6,1590.0,1590.4,8624
2025-07-11T11:59:00+05:30,1590.5,1590.5,1589.9,1590.2,12808
2025-07-11T12:00:00+05:30,1590.2,1590.2,1589.5,1590.0,14603
2025-07-11T12:01:00+05:30,1590.1,1590.2,1589.4,1590.0,17895
2025-07-11T12:02:00+05:30,1590.0,1590.2,1589.6,1590.1,11177
2025-07-11T12:03:00+05:30,1590.0,1590.3,1589.4,1590.3,31406
2025-07-11T12:04:00+05:30,1590.1,1590.4,1589.5,1590.0,21563
2025-07-11T12:05:00+05:30,1590.4,1590.6,1589.9,1590.2,5648
2025-07-11T12:06:00+05:30,1590.2,1591.5,1589.7,1591.0,9259
2025-07-11T12:07:00+05:30,1591.0,1591.7,1590.9,1591.2,7660
2025-07-11T12:08:00+05:30,1591.4,1591.4,1590.1,1590.5,5180
2025-07-11T12:09:00+05:30,1590.5,1590.8,1590.0,1590.8,8339
2025-07-11T12:10:00+05:30,1590.8,1591.1,1589.8,1590.5,5349
2025-07-11T12:11:00+05:30,1590.5,1590.5,1589.7,1590.0,5674
2025-07-11T12:12:00+05:30,1590.0,1590.4,1589.9,1590.3,6457
2025-07-11T12:13:00+05:30,1590.3,1591.0,1590.0,1590.4,5499
2025-07-11T12:14:00+05:30,1590.4,1591.0,1590.0,1590.8,3954
2025-07-11T12:15:00+05:30,1590.8,1590.8,1590.0,1590.3,2979
2025-07-11T12:16:00+05:30,1590.2,1590.5,1589.9,1590.3,3376
2025-07-11T12:17:00+05:30,1590.4,1590.5,1589.9,1590.5,6994
2025-07-11T12:18:00+05:30,1590.5,1590.7,1590.0,1590.2,4969
2025-07-11T12:19:00+05:30,1590.1,1590.5,1590.0,1590.4,2854
2025-07-11T12:20:00+05:30,1590.3,1590.4,1589.8,1590.1,9593
2025-07-11T12:21:00+05:30,1590.1,1590.2,1589.8,1590.1,11433
2025-07-11T12:22:00+05:30,1590.1,1590.2,1589.9,1590.1,10965
2025-07-11T12:23:00+05:30,1590.1,1590.1,1589.9,1590.0,14760
2025-07-11T12:24:00+05:30,1590.1,1590.3,1589.9,1590.1,14875
2025-07-11T12:25:00+05:30,1590.0,1590.2,1590.0,1590.1,21898
2025-07-11T12:26:00+05:30,1590.1,1590.2,1589.6,1590.0,43535
2025-07-11T12:27:00+05:30,1590.0,1590.2,1590.0,1590.2,35836
2025-07-11T12:28:00+05:30,1590.2,1590.2,1590.0,1590.0,17053
2025-07-11T12:29:00+05:30,1590.1,1590.5,1589.5,1589.5,199251
2025-07-11T12:30:00+05:30,1590.1,1591.5,1590.0,1591.0,10330
2025-07-11T12:31:00+05:30,1591.1,1592.0,1591.0,1591.8,6554
2025-07-11T12:32:00+05:30,1591.9,1592.0,1590.5,1590.8,5232
2025-07-11T12:33:00+05:30,1590.9,1591.0,1589.9,1590.5,40727
2025-07-11T12:34:00+05:30,1590.7,1590.9,1589.2,1590.3,112901
2025-07-11T12:35:00+05:30,1590.2,1590.3,1590.0,1590.1,13552
2025-07-11T12:36:00+05:30,1590.1,1590.4,1589.9,1590.0,8867
2025-07-11T12:37:00+05:30,1590.1,1590.2,1589.2,1590.0,39937
2025-07-11T12:38:00+05:30,1590.0,1590.2,1589.2,1590.2,15465
2025-07-11T12:39:00+05:30,1590.1,1590.2,1589.3,1590.1,31726
2025-07-11T12:40:00+05:30,1590.1,1590.2,1589.4,1590.0,25514
2025-07-11T12:41:00+05:30,1590.1,1590.2,1589.2,1590.1,50967
2025-07-11T12:42:00+05:30,1590.1,1590.1,1589.5,1590.1,11387
2025-07-11T12:43:00+05:30,1590.1,1591.8,1589.8,1591.2,45437
2025-07-11T12:44:00+05:30,1591.2,1591.3,1590.0,1590.0,15362
2025-07-11T12:45:00+05:30,1590.0,1590.6,1589.8,1590.4,7877
2025-07-11T12:46:00+05:30,1590.4,1590.4,1589.2,1590.0,12146
2025-07-11T12:47:00+05:30,1590.1,1590.2,1589.8,1590.2,7267
2025-07-11T12:48:00+05:30,1590.2,1590.3,1589.9,1590.3,8078
2025-07-11T12:49:00+05:30,1590.3,1590.3,1589.8,1590.2,8052
2025-07-11T12:50:00+05:30,1590.1,1590.4,1590.0,1590.3,5873
2025-07-11T12:51:00+05:30,1590.2,1590.3,1589.5,1590.2,11493
2025-07-11T12:52:00+05:30,1590.2,1590.2,1589.5,1590.2,11563
2025-07-11T12:53:00+05:30,1590.2,1590.2,1589.8,1590.2,9201
2025-07-11T12:54:00+05:30,1590.2,1590.3,1589.9,1590.2,7709
2025-07-11T12:55:00+05:30,1590.2,1590.5,1589.9,1590.4,6088
2025-07-11T12:56:00+05:30,1590.4,1590.4,1590.0,1590.2,7248
2025-07-11T12:57:00+05:30,1590.1,1591.0,1590.0,1590.5,11450
2025-07-11T12:58:00+05:30,1590.5,1590.6,1589.8,1590.2,6560
2025-07-11T12:59:00+05:30,1590.2,1590.4,1590.0,1590.2,5288
2025-07-11T13:00:00+05:30,1590.2,1590.5,1590.0,1590.2,4209
2025-07-11T13:01:00+05:30,1590.2,1590.4,1589.9,1590.3,2775
2025-07-11T13:02:00+05:30,1590.3,1591.3,1590.1,1591.3,14220
2025-07-11T13:03:00+05:30,1591.3,1592.1,1591.2,1591.7,12637
2025-07-11T13:04:00+05:30,1591.8,1592.0,1591.3,1591.8,6336
2025-07-11T13:05:00+05:30,1591.8,1592.8,1591.5,1592.8,10516
2025-07-11T13:06:00+05:30,1592.8,1593.7,1592.3,1593.3,22521
2025-07-11T13:07:00+05:30,1593.3,1593.7,1592.8,1593.1,10593
2025-07-11T13:08:00+05:30,1593.3,1593.4,1592.0,1592.3,10029
2025-07-11T13:09:00+05:30,1592.3,1593.4,1591.2,1592.1,30497
2025-07-11T13:10:00+05:30,1592.3,1594.7,1591.5,1593.9,41045
2025-07-11T13:11:00+05:30,1593.9,1594.1,1592.4,1592.8,14414
2025-07-11T13:12:00+05:30,1592.8,1593.4,1592.4,1593.1,5752
2025-07-11T13:13:00+05:30,1593.1,1594.3,1593.1,1594.3,24250
2025-07-11T13:14:00+05:30,1594.3,1594.9,1594.1,1594.5,13688
2025-07-11T13:15:00+05:30,1594.5,1594.5,1593.3,1593.4,6367
2025-07-11T13:16:00+05:30,1593.5,1594.0,1593.0,1593.6,5143
2025-07-11T13:17:00+05:30,1593.6,1594.0,1593.3,1593.9,13638
2025-07-11T13:18:00+05:30,1593.9,1594.0,1593.4,1594.0,3664
2025-07-11T13:19:00+05:30,1594.0,1594.0,1593.4,1593.6,2987
2025-07-11T13:20:00+05:30,1593.6,1594.3,1593.4,1593.8,13421
2025-07-11T13:21:00+05:30,1593.8,1593.8,1593.3,1593.5,5669
2025-07-11T13:22:00+05:30,1593.4,1593.9,1593.3,1593.9,4238
2025-07-11T13:23:00+05:30,1593.8,1594.0,1593.3,1593.6,5531
2025-07-11T13:24:00+05:30,1593.6,1593.8,1593.1,1593.3,7363
2025-07-11T13:25:00+05:30,1593.2,1593.3,1592.0,1592.3,8148
2025-07-11T13:26:00+05:30,1592.3,1592.8,1592.0,1592.7,5327
2025-07-11T13:27:00+05:30,1592.7,1594.0,1592.3,1593.9,19000
2025-07-11T13:28:00+05:30,1593.9,1595.0,1593.2,1593.5,34353
2025-07-11T13:29:00+05:30,1593.4,1594.1,1592.9,1593.5,10311
2025-07-11T13:30:00+05:30,1593.4,1593.8,1593.0,1593.1,5227
2025-07-11T13:31:00+05:30,1593.1,1593.8,1592.8,1593.8,5841
2025-07-11T13:32:00+05:30,1593.2,1594.1,1593.0,1593.6,5693
2025-07-11T13:33:00+05:30,1593.6,1594.4,1593.0,1594.0,26586
2025-07-11T13:34:00+05:30,1594.0,1595.4,1593.5,1595.0,77506
2025-07-11T13:35:00+05:30,1594.9,1595.6,1594.5,1595.2,20698
2025-07-11T13:36:00+05:30,1595.1,1596.0,1594.8,1595.6,19337
2025-07-11T13:37:00+05:30,1595.6,1595.6,1595.0,1595.1,14709
2025-07-11T13:38:00+05:30,1595.2,1597.0,1595.0,1597.0,13141
2025-07-11T13:39:00+05:30,1597.0,1597.7,1596.7,1596.8,9282
2025-07-11T13:40:00+05:30,1597.0,1597.3,1596.7,1597.3,5119
2025-07-11T13:41:00+05:30,1597.3,1597.8,1597.0,1597.5,9282
2025-07-11T13:42:00+05:30,1597.7,1599.0,1597.3,1598.5,12255
2025-07-11T13:43:00+05:30,1599.0,1599.8,1598.3,1599.1,11666
2025-07-11T13:44:00+05:30,1599.1,1599.6,1598.4,1598.6,7073
2025-07-11T13:45:00+05:30,1598.8,1599.0,1596.8,1596.8,13664
2025-07-11T13:46:00+05:30,1596.9,1597.2,1595.8,1595.8,2953
2025-07-11T13:47:00+05:30,1596.1,1596.6,1595.1,1595.1,4875
2025-07-11T13:48:00+05:30,1595.8,1596.6,1595.2,1595.8,2982
2025-07-11T13:49:00+05:30,1595.9,1596.6,1595.5,1595.9,4513
2025-07-11T13:50:00+05:30,1595.5,1595.9,1594.8,1595.2,5485
2025-07-11T13:51:00+05:30,1595.3,1595.7,1594.3,1595.3,11847
2025-07-11T13:52:00+05:30,1595.5,1596.0,1594.8,1595.8,12283
2025-07-11T13:53:00+05:30,1595.8,1595.9,1595.1,1595.5,5415
2025-07-11T13:54:00+05:30,1595.7,1595.8,1593.6,1594.6,10623
2025-07-11T13:55:00+05:30,1594.6,1594.6,1593.7,1594.3,6138
2025-07-11T13:56:00+05:30,1594.4,1595.2,1593.9,1594.6,8858
2025-07-11T13:57:00+05:30,1594.6,1594.6,1593.3,1593.9,9839
2025-07-11T13:58:00+05:30,1593.9,1595.4,1593.6,1595.3,22270
2025-07-11T13:59:00+05:30,1595.3,1595.3,1594.0,1594.5,8780
2025-07-11T14:00:00+05:30,1594.4,1594.6,1593.9,1594.4,5594
2025-07-11T14:01:00+05:30,1594.3,1594.4,1593.8,1594.1,5559
2025-07-11T14:02:00+05:30,1594.1,1594.2,1593.6,1593.6,6065
2025-07-11T14:03:00+05:30,1593.5,1594.1,1593.0,1594.1,14137
2025-07-11T14:04:00+05:30,1593.7,1594.7,1593.6,1594.2,8622
2025-07-11T14:05:00+05:30,1594.0,1594.7,1593.7,1594.7,9121
2025-07-11T14:06:00+05:30,1594.7,1595.4,1594.0,1594.6,10108
2025-07-11T14:07:00+05:30,1594.7,1595.1,1593.7,1595.1,16672
2025-07-11T14:08:00+05:30,1595.1,1595.2,1595.0,1595.1,8212
2025-07-11T14:09:00+05:30,1595.1,1595.3,1595.0,1595.0,7415
2025-07-11T14:10:00+05:30,1595.1,1595.8,1594.5,1595.7,7768
2025-07-11T14:11:00+05:30,1595.7,1596.3,1595.3,1596.0,16034
2025-07-11T14:12:00+05:30,1596.0,1598.0,1596.0,1597.6,30408
2025-07-11T14:13:00+05:30,1597.6,1597.8,1596.0,1596.4,22255
2025-07-11T14:14:00+05:30,1596.3,1596.6,1595.4,1595.7,5860
2025-07-11T14:15:00+05:30,1595.5,1595.7,1595.1,1595.6,10004
2025-07-11T14:16:00+05:30,1595.5,1595.5,1595.0,1595.2,6702
2025-07-11T14:17:00+05:30,1595.1,1595.3,1594.1,1594.6,12219
2025-07-11T14:18:00+05:30,1594.6,1595.1,1594.1,1594.6,7385
2025-07-11T14:19:00+05:30,1594.5,1594.7,1594.1,1594.2,10041
2025-07-11T14:20:00+05:30,1594.2,1594.4,1593.6,1594.2,12619
2025-07-11T14:21:00+05:30,1594.2,1594.4,1593.6,1594.0,7458
2025-07-11T14:22:00+05:30,1594.0,1594.6,1593.6,1594.6,24004
2025-07-11T14:23:00+05:30,1594.6,1594.6,1593.6,1594.2,7617
2025-07-11T14:24:00+05:30,1594.1,1594.3,1593.5,1594.2,11322
2025-07-11T14:25:00+05:30,1594.1,1595.2,1593.6,1594.2,11053
2025-07-11T14:26:00+05:30,1594.2,1595.0,1593.5,1594.9,11606
2025-07-11T14:27:00+05:30,1594.9,1594.9,1593.5,1594.2,7858
2025-07-11T14:28:00+05:30,1594.2,1594.2,1593.5,1594.2,15408
2025-07-11T14:29:00+05:30,1594.1,1594.3,1593.1,1593.6,7536
2025-07-11T14:30:00+05:30,1593.6,1594.2,1593.0,1593.6,11936
2025-07-11T14:31:00+05:30,1593.5,1593.6,1593.0,1593.2,13335
2025-07-11T14:32:00+05:30,1593.3,1593.3,1592.3,1593.1,9088
2025-07-11T14:33:00+05:30,1593.1,1593.1,1592.3,1592.5,10169
2025-07-11T14:34:00+05:30,1592.5,1593.1,1592.2,1592.8,13118
2025-07-11T14:35:00+05:30,1592.8,1594.0,1592.6,1593.4,24264
2025-07-11T14:36:00+05:30,1593.3,1593.6,1592.1,1592.8,20233
2025-07-11T14:37:00+05:30,1592.4,1592.8,1592.2,1592.5,12639
2025-07-11T14:38:00+05:30,1592.5,1593.4,1592.3,1593.3,15375
2025-07-11T14:39:00+05:30,1593.3,1594.4,1593.0,1593.7,12693
2025-07-11T14:40:00+05:30,1593.5,1593.9,1593.0,1593.2,9495
2025-07-11T14:41:00+05:30,1593.2,1595.4,1593.1,1594.5,19501
2025-07-11T14:42:00+05:30,1594.5,1596.3,1593.7,1594.9,44302
2025-07-11T14:43:00+05:30,1595.0,1595.0,1594.0,1594.7,18402
2025-07-11T14:44:00+05:30,1594.6,1594.7,1593.8,1594.5,8596
2025-07-11T14:45:00+05:30,1594.4,1595.5,1594.3,1595.1,14506
2025-07-11T14:46:00+05:30,1595.0,1595.7,1594.2,1595.3,28158
2025-07-11T14:47:00+05:30,1595.2,1595.8,1594.3,1594.5,15482
2025-07-11T14:48:00+05:30,1594.5,1594.5,1593.7,1594.2,12546
2025-07-11T14:49:00+05:30,1594.1,1594.2,1593.7,1594.1,10861
2025-07-11T14:50:00+05:30,1594.1,1594.3,1593.8,1594.1,11950
2025-07-11T14:51:00+05:30,1594.1,1594.4,1593.8,1594.1,9379
2025-07-11T14:52:00+05:30,1594.1,1595.0,1594.0,1594.7,16843
2025-07-11T14:53:00+05:30,1594.6,1595.3,1594.3,1595.1,11971
2025-07-11T14:54:00+05:30,1595.0,1595.6,1594.8,1594.8,13818
2025-07-11T14:55:00+05:30,1594.9,1595.2,1594.7,1594.7,10787
2025-07-11T14:56:00+05:30,1594.7,1594.8,1594.0,1594.5,16829
2025-07-11T14:57:00+05:30,1594.5,1594.8,1593.9,1594.7,13484
2025-07-11T14:58:00+05:30,1594.7,1594.7,1594.0,1594.6,6856
2025-07-11T14:59:00+05:30,1594.6,1595.3,1593.8,1595.0,18481
2025-07-11T15:00:00+05:30,1595.0,1596.1,1594.9,1596.1,43095
2025-07-11T15:01:00+05:30,1596.1,1596.2,1595.2,1596.2,52556
2025-07-11T15:02:00+05:30,1596.2,1596.2,1595.6,1595.8,45874
2025-07-11T15:03:00+05:30,1595.8,1595.8,1595.0,1595.2,44113
2025-07-11T15:04:00+05:30,1595.3,1595.3,1595.0,1595.1,42999
2025-07-11T15:05:00+05:30,1595.1,1596.7,1595.0,1595.8,85134
2025-07-11T15:06:00+05:30,1595.8,1596.0,1595.1,1595.7,48710
2025-07-11T15:07:00+05:30,1595.7,1595.8,1595.0,1595.1,34298
2025-07-11T15:08:00+05:30,1595.1,1595.3,1594.9,1595.1,45047
2025-07-11T15:09:00+05:30,1595.1,1595.6,1594.9,1595.6,75609
2025-07-11T15:10:00+05:30,1595.6,1596.9,1594.9,1595.1,52612
2025-07-11T15:11:00+05:30,1595.1,1595.6,1594.9,1595.3,82107
2025-07-11T15:12:00+05:30,1595.4,1595.4,1594.5,1595.1,53014
2025-07-11T15:13:00+05:30,1595.1,1595.1,1594.9,1595.1,44111
2025-07-11T15:14:00+05:30,1595.0,1595.1,1593.3,1593.8,51196
2025-07-11T15:15:00+05:30,1593.8,1594.6,1593.4,1594.4,71164
2025-07-11T15:16:00+05:30,1594.6,1595.0,1594.0,1594.0,47644
2025-07-11T15:17:00+05:30,1594.1,1594.1,1593.5,1593.6,38373
2025-07-11T15:18:00+05:30,1593.6,1595.0,1592.7,1594.4,88212
2025-07-11T15:19:00+05:30,1594.4,1594.9,1593.3,1594.7,49789
2025-07-11T15:20:00+05:30,1594.7,1595.5,1594.7,1595.2,77220
2025-07-11T15:21:00+05:30,1595.2,1595.3,1594.4,1595.1,69948
2025-07-11T15:22:00+05:30,1595.1,1595.1,1594.9,1595.1,42484
2025-07-11T15:23:00+05:30,1595.1,1595.1,1594.5,1595.0,72313
2025-07-11T15:24:00+05:30,1595.1,1595.1,1594.5,1595.0,51720
2025-07-11T15:25:00+05:30,1595.0,1595.1,1593.6,1595.1,140908
2025-07-11T15:26:00+05:30,1595.0,1595.1,1593.0,1594.2,67614
2025-07-11T15:27:00+05:30,1594.1,1595.0,1593.1,1594.4,58023
2025-07-11T15:28:00+05:30,1594.4,1595.0,1593.5,1594.7,42134
2025-07-11T15:29:00+05:30,1594.7,1595.9,1593.2,1594.5,21517
