timestamp,open,high,low,close,volume
2025-07-18T09:15:00+05:30,1194.9,1194.9,1185.7,1189.6,1098
2025-07-18T09:16:00+05:30,1188.2,1189.2,1183.6,1186.7,4002
2025-07-18T09:17:00+05:30,1187.8,1190.0,1187.8,1188.7,469
2025-07-18T09:18:00+05:30,1189.9,1192.0,1189.5,1191.9,880
2025-07-18T09:19:00+05:30,1192.0,1194.9,1192.0,1193.8,448
2025-07-18T09:20:00+05:30,1193.9,1193.9,1191.1,1192.7,653
2025-07-18T09:21:00+05:30,1193.0,1193.0,1191.0,1191.1,398
2025-07-18T09:22:00+05:30,1191.2,1191.7,1190.8,1190.8,133
2025-07-18T09:23:00+05:30,1190.2,1190.7,1188.1,1188.2,928
2025-07-18T09:24:00+05:30,1188.2,1188.8,1187.1,1188.0,1455
2025-07-18T09:25:00+05:30,1187.7,1187.7,1185.5,1186.8,1099
2025-07-18T09:26:00+05:30,1186.1,1187.0,1185.5,1185.5,207
2025-07-18T09:27:00+05:30,1185.6,1185.9,1184.0,1184.6,2824
2025-07-18T09:28:00+05:30,1184.6,1184.9,1184.1,1184.8,502
2025-07-18T09:29:00+05:30,1184.8,1187.0,1184.8,1185.7,1009
2025-07-18T09:30:00+05:30,1185.0,1185.0,1184.8,1184.9,673
2025-07-18T09:31:00+05:30,1184.9,1187.3,1184.8,1184.8,1995
2025-07-18T09:32:00+05:30,1184.1,1187.5,1184.1,1185.7,711
2025-07-18T09:33:00+05:30,1185.7,1187.2,1185.3,1186.8,353
2025-07-18T09:34:00+05:30,1187.0,1187.0,1184.5,1185.6,276
2025-07-18T09:35:00+05:30,1185.7,1186.5,1185.5,1186.5,490
2025-07-18T09:36:00+05:30,1185.8,1186.1,1185.6,1186.1,20
2025-07-18T09:37:00+05:30,1185.7,1186.1,1185.6,1185.6,242
2025-07-18T09:38:00+05:30,1185.6,1185.6,1184.5,1184.5,965
2025-07-18T09:39:00+05:30,1184.5,1184.9,1184.5,1184.8,205
2025-07-18T09:40:00+05:30,1184.8,1184.8,1182.2,1182.4,1441
2025-07-18T09:41:00+05:30,1182.3,1183.0,1182.3,1183.0,131
2025-07-18T09:42:00+05:30,1183.1,1183.1,1182.3,1182.3,245
2025-07-18T09:43:00+05:30,1182.9,1183.1,1181.6,1181.6,482
2025-07-18T09:44:00+05:30,1181.6,1181.6,1181.3,1181.6,200
2025-07-18T09:45:00+05:30,1181.5,1183.0,1180.0,1183.0,1674
2025-07-18T09:46:00+05:30,1183.8,1191.7,1183.6,1191.1,3187
2025-07-18T09:47:00+05:30,1191.9,1193.5,1191.1,1193.3,1183
2025-07-18T09:48:00+05:30,1194.0,1194.6,1192.2,1193.0,595
2025-07-18T09:49:00+05:30,1192.2,1193.0,1192.1,1192.1,76
2025-07-18T09:50:00+05:30,1192.1,1192.2,1191.9,1191.9,57
2025-07-18T09:51:00+05:30,1192.1,1192.2,1190.1,1191.2,461
2025-07-18T09:52:00+05:30,1191.9,1192.0,1188.0,1188.0,921
2025-07-18T09:53:00+05:30,1187.9,1189.7,1187.4,1187.4,939
2025-07-18T09:54:00+05:30,1186.5,1186.5,1184.9,1185.7,129
2025-07-18T09:55:00+05:30,1184.8,1186.3,1184.6,1185.3,582
2025-07-18T09:56:00+05:30,1185.9,1185.9,1185.3,1185.9,220
2025-07-18T09:57:00+05:30,1185.3,1185.3,1185.0,1185.0,40
2025-07-18T09:58:00+05:30,1185.1,1185.1,1183.7,1183.7,1257
2025-07-18T09:59:00+05:30,1183.7,1184.2,1183.1,1184.2,361
2025-07-18T10:00:00+05:30,1183.7,1183.7,1183.7,1183.7,72
2025-07-18T10:01:00+05:30,1183.1,1185.4,1182.7,1185.0,999
2025-07-18T10:02:00+05:30,1185.0,1185.6,1185.0,1185.0,58
2025-07-18T10:03:00+05:30,1184.8,1185.0,1184.3,1184.3,172
2025-07-18T10:04:00+05:30,1184.4,1185.5,1184.3,1184.6,144
2025-07-18T10:05:00+05:30,1185.0,1185.0,1184.6,1185.0,254
2025-07-18T10:06:00+05:30,1184.3,1184.3,1180.1,1181.9,2009
2025-07-18T10:07:00+05:30,1181.5,1182.5,1181.0,1181.7,368
2025-07-18T10:08:00+05:30,1180.7,1180.8,1180.0,1180.8,707
2025-07-18T10:09:00+05:30,1180.0,1180.0,1180.0,1180.0,182
2025-07-18T10:10:00+05:30,1180.0,1180.0,1178.5,1178.5,980
2025-07-18T10:11:00+05:30,1178.5,1179.7,1178.5,1179.4,146
2025-07-18T10:12:00+05:30,1179.2,1179.4,1178.0,1178.8,220
2025-07-18T10:13:00+05:30,1178.0,1178.8,1176.6,1176.6,664
2025-07-18T10:14:00+05:30,1177.5,1178.4,1177.5,1177.6,248
2025-07-18T10:15:00+05:30,1177.0,1177.0,1176.0,1176.6,654
2025-07-18T10:16:00+05:30,1176.4,1177.4,1175.0,1176.3,1013
2025-07-18T10:17:00+05:30,1176.7,1176.7,1175.2,1176.1,28
2025-07-18T10:18:00+05:30,1175.9,1176.1,1175.0,1175.4,181
2025-07-18T10:19:00+05:30,1175.0,1175.1,1174.3,1174.7,744
2025-07-18T10:20:00+05:30,1175.0,1175.4,1173.0,1173.0,374
2025-07-18T10:21:00+05:30,1173.0,1173.8,1172.1,1173.5,528
2025-07-18T10:22:00+05:30,1173.6,1175.1,1172.0,1173.2,1912
2025-07-18T10:23:00+05:30,1173.2,1173.2,1172.2,1172.2,539
2025-07-18T10:24:00+05:30,1172.2,1172.6,1172.0,1172.0,274
2025-07-18T10:25:00+05:30,1172.4,1172.7,1172.0,1172.0,374
2025-07-18T10:26:00+05:30,1172.1,1173.2,1172.0,1172.4,497
2025-07-18T10:27:00+05:30,1172.3,1173.9,1172.2,1173.9,237
2025-07-18T10:28:00+05:30,1173.5,1173.5,1172.3,1172.3,466
2025-07-18T10:29:00+05:30,1172.8,1173.9,1172.5,1173.0,583
2025-07-18T10:30:00+05:30,1173.0,1173.0,1171.0,1171.4,1721
2025-07-18T10:31:00+05:30,1171.4,1172.6,1170.4,1171.5,1017
2025-07-18T10:32:00+05:30,1170.7,1173.2,1170.1,1171.8,1185
2025-07-18T10:33:00+05:30,1171.6,1175.3,1170.8,1172.4,2065
2025-07-18T10:34:00+05:30,1172.4,1172.4,1171.0,1171.1,252
2025-07-18T10:35:00+05:30,1171.3,1172.9,1171.3,1172.2,222
2025-07-18T10:36:00+05:30,1172.9,1174.8,1172.2,1173.5,531
2025-07-18T10:37:00+05:30,1173.3,1174.3,1173.3,1174.3,118
2025-07-18T10:38:00+05:30,1173.5,1174.3,1172.8,1172.8,335
2025-07-18T10:39:00+05:30,1172.8,1173.0,1171.7,1172.4,78
2025-07-18T10:40:00+05:30,1172.3,1172.4,1171.7,1172.4,549
2025-07-18T10:41:00+05:30,1171.9,1171.9,1171.0,1171.6,82
2025-07-18T10:42:00+05:30,1171.0,1171.5,1170.5,1170.5,36
2025-07-18T10:43:00+05:30,1170.3,1171.6,1170.3,1171.6,176
2025-07-18T10:44:00+05:30,1171.6,1171.6,1171.6,1171.6,8
2025-07-18T10:45:00+05:30,1171.6,1171.7,1171.0,1171.0,223
2025-07-18T10:46:00+05:30,1171.5,1171.7,1171.5,1171.7,89
2025-07-18T10:47:00+05:30,1171.8,1172.0,1171.7,1172.0,95
2025-07-18T10:48:00+05:30,1172.0,1172.4,1172.0,1172.4,68
2025-07-18T10:49:00+05:30,1173.0,1174.2,1172.0,1174.2,1519
2025-07-18T10:50:00+05:30,1173.8,1173.8,1173.5,1173.5,164
2025-07-18T10:51:00+05:30,1173.6,1173.8,1173.2,1173.8,50
2025-07-18T10:52:00+05:30,1173.8,1173.9,1173.2,1173.4,80
2025-07-18T10:53:00+05:30,1173.4,1175.3,1173.4,1175.3,114
2025-07-18T10:54:00+05:30,1173.8,1173.8,1173.7,1173.7,6
2025-07-18T10:55:00+05:30,1173.8,1173.8,1173.8,1173.8,12
2025-07-18T10:56:00+05:30,1174.4,1174.4,1173.0,1174.1,496
2025-07-18T10:57:00+05:30,1174.1,1174.1,1173.9,1174.1,104
2025-07-18T10:58:00+05:30,1174.1,1174.3,1173.4,1174.0,240
2025-07-18T10:59:00+05:30,1173.4,1173.4,1173.0,1173.0,440
2025-07-18T11:00:00+05:30,1172.4,1172.4,1172.0,1172.0,77
2025-07-18T11:01:00+05:30,1171.9,1171.9,1170.2,1170.5,264
2025-07-18T11:02:00+05:30,1171.2,1172.0,1171.1,1172.0,160
2025-07-18T11:03:00+05:30,1172.0,1173.0,1172.0,1172.8,116
2025-07-18T11:04:00+05:30,1172.7,1172.7,1172.7,1172.7,23
2025-07-18T11:05:00+05:30,1173.3,1173.8,1172.5,1173.8,359
2025-07-18T11:06:00+05:30,1173.5,1173.5,1172.4,1173.1,59
2025-07-18T11:07:00+05:30,1173.0,1173.1,1172.0,1172.7,124
2025-07-18T11:08:00+05:30,1172.7,1172.7,1172.0,1172.0,32
2025-07-18T11:09:00+05:30,1172.1,1172.8,1172.0,1172.0,82
2025-07-18T11:10:00+05:30,1172.0,1172.6,1172.0,1172.6,37
2025-07-18T11:11:00+05:30,1172.6,1173.4,1172.6,1173.1,31
2025-07-18T11:12:00+05:30,1173.4,1173.4,1173.4,1173.4,30
2025-07-18T11:13:00+05:30,1173.8,1173.8,1173.4,1173.5,37
2025-07-18T11:15:00+05:30,1173.5,1174.9,1173.5,1174.1,198
2025-07-18T11:16:00+05:30,1175.0,1175.0,1174.3,1174.3,62
2025-07-18T11:17:00+05:30,1174.3,1175.2,1174.3,1174.6,302
2025-07-18T11:18:00+05:30,1174.6,1174.6,1174.6,1174.6,1
2025-07-18T11:19:00+05:30,1175.5,1175.8,1174.6,1175.8,772
2025-07-18T11:20:00+05:30,1174.7,1175.4,1174.7,1175.3,26
2025-07-18T11:21:00+05:30,1175.3,1175.6,1174.6,1174.6,100
2025-07-18T11:23:00+05:30,1174.6,1174.6,1174.6,1174.6,32
2025-07-18T11:24:00+05:30,1174.6,1174.6,1174.6,1174.6,33
2025-07-18T11:25:00+05:30,1175.0,1175.0,1173.1,1173.1,1146
2025-07-18T11:26:00+05:30,1173.0,1173.0,1172.2,1172.9,88
2025-07-18T11:27:00+05:30,1173.0,1173.0,1172.0,1172.0,181
2025-07-18T11:28:00+05:30,1172.6,1173.1,1172.6,1173.1,165
2025-07-18T11:29:00+05:30,1173.1,1174.8,1173.1,1174.8,260
2025-07-18T11:30:00+05:30,1174.2,1174.2,1174.0,1174.0,578
2025-07-18T11:31:00+05:30,1173.3,1175.0,1173.3,1173.9,533
2025-07-18T11:32:00+05:30,1174.7,1174.7,1174.7,1174.7,1
2025-07-18T11:33:00+05:30,1174.0,1174.0,1173.9,1173.9,4
2025-07-18T11:34:00+05:30,1173.9,1174.1,1172.3,1172.4,924
2025-07-18T11:35:00+05:30,1173.4,1174.4,1172.6,1172.9,1170
2025-07-18T11:36:00+05:30,1172.8,1172.8,1172.0,1172.0,88
2025-07-18T11:37:00+05:30,1172.0,1172.0,1172.0,1172.0,365
2025-07-18T11:38:00+05:30,1172.1,1172.7,1172.0,1172.7,247
2025-07-18T11:39:00+05:30,1172.7,1173.1,1172.4,1173.1,137
2025-07-18T11:40:00+05:30,1173.1,1173.5,1172.2,1172.2,190
2025-07-18T11:41:00+05:30,1173.0,1173.0,1172.2,1172.9,95
2025-07-18T11:42:00+05:30,1172.2,1174.5,1172.1,1173.8,147
2025-07-18T11:44:00+05:30,1173.9,1174.8,1173.7,1173.8,328
2025-07-18T11:45:00+05:30,1173.8,1173.8,1172.0,1172.9,430
2025-07-18T11:46:00+05:30,1172.8,1174.7,1172.8,1174.7,240
2025-07-18T11:47:00+05:30,1173.9,1173.9,1173.8,1173.8,16
2025-07-18T11:48:00+05:30,1172.8,1172.8,1172.0,1172.0,198
2025-07-18T11:49:00+05:30,1172.6,1172.6,1172.6,1172.6,87
2025-07-18T11:50:00+05:30,1172.1,1173.0,1172.0,1173.0,220
2025-07-18T11:51:00+05:30,1173.7,1174.1,1173.0,1173.0,228
2025-07-18T11:53:00+05:30,1173.1,1173.5,1172.6,1173.5,208
2025-07-18T11:54:00+05:30,1173.6,1173.7,1173.6,1173.7,20
2025-07-18T11:55:00+05:30,1174.0,1174.1,1173.5,1173.5,50
2025-07-18T11:56:00+05:30,1173.6,1173.6,1172.9,1172.9,9
2025-07-18T11:57:00+05:30,1173.5,1173.8,1173.4,1173.7,113
2025-07-18T11:59:00+05:30,1173.7,1174.7,1173.7,1174.7,557
2025-07-18T12:00:00+05:30,1174.4,1175.0,1174.1,1174.1,534
2025-07-18T12:01:00+05:30,1174.1,1174.1,1173.8,1173.8,16
2025-07-18T12:02:00+05:30,1173.7,1173.7,1173.7,1173.7,3
2025-07-18T12:03:00+05:30,1173.7,1173.7,1173.6,1173.6,3
2025-07-18T12:04:00+05:30,1173.6,1177.7,1173.1,1177.7,1423
2025-07-18T12:05:00+05:30,1177.9,1178.0,1175.6,1176.0,1092
2025-07-18T12:06:00+05:30,1175.4,1175.4,1175.4,1175.4,1
2025-07-18T12:07:00+05:30,1174.4,1174.9,1174.4,1174.5,39
2025-07-18T12:08:00+05:30,1174.5,1174.5,1173.5,1173.5,37
2025-07-18T12:09:00+05:30,1173.1,1173.7,1172.7,1173.7,237
2025-07-18T12:11:00+05:30,1174.2,1174.2,1174.2,1174.2,5
2025-07-18T12:12:00+05:30,1174.2,1175.1,1174.2,1174.8,47
2025-07-18T12:13:00+05:30,1174.8,1176.5,1174.8,1175.9,362
2025-07-18T12:14:00+05:30,1175.8,1175.8,1175.8,1175.8,76
2025-07-18T12:15:00+05:30,1174.6,1175.2,1174.4,1174.4,23
2025-07-18T12:16:00+05:30,1174.4,1174.7,1174.4,1174.7,101
2025-07-18T12:17:00+05:30,1174.7,1174.7,1173.9,1173.9,20
2025-07-18T12:18:00+05:30,1173.0,1173.0,1172.9,1172.9,3
2025-07-18T12:19:00+05:30,1172.6,1172.6,1172.6,1172.6,35
2025-07-18T12:20:00+05:30,1172.6,1173.1,1172.6,1173.1,23
2025-07-18T12:22:00+05:30,1172.7,1172.7,1172.6,1172.6,34
2025-07-18T12:23:00+05:30,1172.7,1173.1,1172.5,1172.5,450
2025-07-18T12:24:00+05:30,1173.0,1173.2,1172.5,1173.2,38
2025-07-18T12:25:00+05:30,1173.3,1174.6,1173.3,1173.7,291
2025-07-18T12:27:00+05:30,1173.5,1174.4,1173.4,1174.4,291
2025-07-18T12:28:00+05:30,1174.2,1174.2,1174.1,1174.1,26
2025-07-18T12:29:00+05:30,1174.0,1174.0,1174.0,1174.0,1
2025-07-18T12:30:00+05:30,1174.0,1175.1,1174.0,1175.1,240
2025-07-18T12:31:00+05:30,1175.3,1175.3,1175.3,1175.3,1
2025-07-18T12:32:00+05:30,1175.1,1175.5,1175.1,1175.5,12
2025-07-18T12:33:00+05:30,1174.7,1175.0,1174.0,1174.9,106
2025-07-18T12:34:00+05:30,1174.3,1176.4,1174.1,1175.7,250
2025-07-18T12:35:00+05:30,1175.1,1175.9,1175.0,1175.9,129
2025-07-18T12:36:00+05:30,1175.8,1175.9,1175.8,1175.9,25
2025-07-18T12:37:00+05:30,1175.6,1175.8,1175.6,1175.8,21
2025-07-18T12:38:00+05:30,1175.0,1175.6,1175.0,1175.0,265
2025-07-18T12:39:00+05:30,1175.0,1175.0,1175.0,1175.0,29
2025-07-18T12:40:00+05:30,1175.6,1176.2,1175.6,1176.2,371
2025-07-18T12:42:00+05:30,1176.3,1176.3,1175.1,1175.1,32
2025-07-18T12:43:00+05:30,1176.0,1176.1,1176.0,1176.1,126
2025-07-18T12:46:00+05:30,1175.8,1175.8,1175.2,1175.2,16
2025-07-18T12:47:00+05:30,1175.1,1175.1,1173.8,1173.8,232
2025-07-18T12:48:00+05:30,1174.5,1174.6,1173.8,1173.8,34
2025-07-18T12:49:00+05:30,1174.6,1174.6,1174.6,1174.6,1
2025-07-18T12:50:00+05:30,1173.8,1173.8,1172.8,1172.8,74
2025-07-18T12:51:00+05:30,1173.6,1173.6,1173.6,1173.6,14
2025-07-18T12:53:00+05:30,1172.8,1173.3,1172.7,1173.3,25
2025-07-18T12:56:00+05:30,1173.3,1173.3,1173.3,1173.3,10
2025-07-18T12:57:00+05:30,1172.8,1172.8,1172.5,1172.5,41
2025-07-18T12:58:00+05:30,1173.3,1173.3,1172.5,1172.5,123
2025-07-18T12:59:00+05:30,1172.5,1172.5,1172.0,1172.0,93
2025-07-18T13:00:00+05:30,1172.5,1173.4,1172.5,1173.4,38
2025-07-18T13:01:00+05:30,1172.8,1172.8,1172.6,1172.6,37
2025-07-18T13:02:00+05:30,1173.8,1174.8,1173.1,1174.8,49
2025-07-18T13:03:00+05:30,1174.0,1174.0,1173.0,1173.0,19
2025-07-18T13:04:00+05:30,1172.8,1172.8,1172.3,1172.3,109
2025-07-18T13:05:00+05:30,1172.9,1172.9,1172.9,1172.9,10
2025-07-18T13:06:00+05:30,1172.1,1172.8,1172.0,1172.8,22
2025-07-18T13:08:00+05:30,1172.0,1172.0,1170.5,1171.8,575
2025-07-18T13:09:00+05:30,1170.8,1171.8,1170.7,1171.2,184
2025-07-18T13:10:00+05:30,1171.5,1171.5,1171.5,1171.5,1
2025-07-18T13:12:00+05:30,1171.6,1171.6,1171.6,1171.6,10
2025-07-18T13:13:00+05:30,1172.3,1172.3,1171.5,1171.5,13
2025-07-18T13:14:00+05:30,1171.5,1171.5,1171.5,1171.5,1
2025-07-18T13:16:00+05:30,1172.3,1172.3,1171.5,1171.5,101
2025-07-18T13:17:00+05:30,1172.2,1172.3,1171.5,1172.3,106
2025-07-18T13:18:00+05:30,1172.2,1172.2,1172.2,1172.2,13
2025-07-18T13:19:00+05:30,1172.2,1173.3,1172.2,1173.3,147
2025-07-18T13:20:00+05:30,1173.3,1173.3,1173.0,1173.1,84
2025-07-18T13:21:00+05:30,1173.0,1173.3,1173.0,1173.3,30
2025-07-18T13:22:00+05:30,1173.3,1173.3,1173.3,1173.3,9
2025-07-18T13:23:00+05:30,1173.3,1173.3,1172.6,1172.6,48
2025-07-18T13:24:00+05:30,1173.3,1173.6,1173.3,1173.3,33
2025-07-18T13:25:00+05:30,1173.3,1173.3,1172.6,1172.7,43
2025-07-18T13:26:00+05:30,1173.3,1173.3,1172.8,1172.8,12
2025-07-18T13:27:00+05:30,1173.3,1173.3,1172.6,1172.6,93
2025-07-18T13:28:00+05:30,1172.6,1172.6,1172.5,1172.5,186
2025-07-18T13:29:00+05:30,1172.6,1172.6,1172.2,1172.2,72
2025-07-18T13:30:00+05:30,1171.9,1172.1,1171.6,1172.1,67
2025-07-18T13:32:00+05:30,1172.1,1172.1,1172.1,1172.1,10
2025-07-18T13:33:00+05:30,1172.1,1172.1,1171.6,1172.1,70
2025-07-18T13:34:00+05:30,1172.1,1173.2,1171.7,1173.2,26
2025-07-18T13:35:00+05:30,1173.3,1173.4,1173.3,1173.4,30
2025-07-18T13:36:00+05:30,1173.4,1173.7,1173.3,1173.7,72
2025-07-18T13:37:00+05:30,1173.7,1173.7,1173.4,1173.6,10
2025-07-18T13:38:00+05:30,1173.6,1174.5,1173.1,1173.8,416
2025-07-18T13:39:00+05:30,1173.8,1173.8,1173.8,1173.8,23
2025-07-18T13:40:00+05:30,1173.8,1173.9,1173.0,1173.9,114
2025-07-18T13:41:00+05:30,1173.8,1174.0,1172.8,1173.1,371
2025-07-18T13:42:00+05:30,1173.8,1173.8,1173.1,1173.2,15
2025-07-18T13:43:00+05:30,1173.8,1173.9,1173.2,1173.9,38
2025-07-18T13:44:00+05:30,1173.9,1173.9,1173.1,1173.2,15
2025-07-18T13:45:00+05:30,1173.9,1173.9,1172.2,1172.3,80
2025-07-18T13:46:00+05:30,1173.2,1173.2,1172.3,1173.2,11
2025-07-18T13:47:00+05:30,1173.2,1173.2,1172.2,1172.3,16
2025-07-18T13:48:00+05:30,1173.1,1173.1,1172.4,1172.4,265
2025-07-18T13:49:00+05:30,1173.1,1173.1,1172.0,1172.0,120
2025-07-18T13:50:00+05:30,1172.0,1172.0,1171.5,1171.5,37
2025-07-18T13:51:00+05:30,1171.5,1171.5,1171.3,1171.3,9
2025-07-18T13:52:00+05:30,1171.3,1171.3,1171.2,1171.2,13
2025-07-18T13:53:00+05:30,1171.0,1171.5,1170.3,1170.3,192
2025-07-18T13:54:00+05:30,1170.2,1170.2,1170.0,1170.1,1127
2025-07-18T13:55:00+05:30,1170.0,1170.4,1166.4,1168.4,1936
2025-07-18T13:56:00+05:30,1168.0,1168.8,1168.0,1168.8,135
2025-07-18T13:57:00+05:30,1168.7,1168.7,1166.7,1168.0,710
2025-07-18T13:58:00+05:30,1168.0,1169.0,1168.0,1168.8,353
2025-07-18T13:59:00+05:30,1169.4,1169.4,1168.6,1168.7,96
2025-07-18T14:00:00+05:30,1168.6,1169.3,1168.6,1168.6,181
2025-07-18T14:01:00+05:30,1168.7,1169.3,1168.7,1169.2,54
2025-07-18T14:02:00+05:30,1168.7,1169.2,1168.7,1169.2,8
2025-07-18T14:03:00+05:30,1168.7,1169.2,1168.7,1168.7,30
2025-07-18T14:04:00+05:30,1168.7,1169.1,1168.7,1169.0,32
2025-07-18T14:05:00+05:30,1169.0,1169.1,1169.0,1169.1,110
2025-07-18T14:06:00+05:30,1169.2,1169.5,1169.2,1169.5,23
2025-07-18T14:07:00+05:30,1170.1,1170.2,1169.2,1169.3,107
2025-07-18T14:08:00+05:30,1169.3,1170.4,1169.3,1170.4,196
2025-07-18T14:10:00+05:30,1169.9,1169.9,1169.9,1169.9,50
2025-07-18T14:11:00+05:30,1169.9,1171.0,1169.3,1171.0,391
2025-07-18T14:12:00+05:30,1170.8,1171.0,1170.8,1171.0,50
2025-07-18T14:13:00+05:30,1170.3,1171.4,1170.2,1170.8,309
2025-07-18T14:14:00+05:30,1170.8,1171.7,1170.8,1171.7,470
2025-07-18T14:15:00+05:30,1171.5,1172.3,1171.4,1172.3,102
2025-07-18T14:16:00+05:30,1171.2,1175.1,1171.1,1174.9,1364
2025-07-18T14:17:00+05:30,1174.8,1175.1,1174.6,1175.1,393
2025-07-18T14:18:00+05:30,1175.1,1175.1,1173.5,1173.6,653
2025-07-18T14:19:00+05:30,1173.4,1173.4,1172.5,1172.5,244
2025-07-18T14:20:00+05:30,1172.6,1172.6,1172.1,1172.1,153
2025-07-18T14:21:00+05:30,1172.0,1172.0,1172.0,1172.0,19
2025-07-18T14:23:00+05:30,1172.1,1172.1,1172.0,1172.0,521
2025-07-18T14:25:00+05:30,1172.3,1172.3,1172.3,1172.3,154
2025-07-18T14:26:00+05:30,1172.3,1172.4,1172.3,1172.4,59
2025-07-18T14:27:00+05:30,1172.3,1172.3,1172.3,1172.3,2
2025-07-18T14:28:00+05:30,1172.4,1172.8,1172.3,1172.8,143
2025-07-18T14:29:00+05:30,1173.3,1173.4,1173.3,1173.4,5
2025-07-18T14:30:00+05:30,1173.4,1174.0,1173.3,1174.0,29
2025-07-18T14:31:00+05:30,1174.0,1174.2,1174.0,1174.2,39
2025-07-18T14:32:00+05:30,1174.3,1174.9,1174.0,1174.9,81
2025-07-18T14:33:00+05:30,1174.1,1174.1,1173.3,1173.6,672
2025-07-18T14:34:00+05:30,1174.1,1174.1,1172.9,1172.9,55
2025-07-18T14:35:00+05:30,1172.9,1173.7,1172.9,1173.7,66
2025-07-18T14:36:00+05:30,1172.9,1173.6,1172.5,1172.6,97
2025-07-18T14:37:00+05:30,1172.6,1175.0,1172.6,1175.0,1416
2025-07-18T14:38:00+05:30,1175.4,1175.5,1175.0,1175.5,251
2025-07-18T14:39:00+05:30,1175.5,1176.1,1175.5,1175.9,413
2025-07-18T14:40:00+05:30,1176.4,1176.9,1176.2,1176.6,351
2025-07-18T14:41:00+05:30,1176.6,1177.4,1176.6,1177.2,545
2025-07-18T14:42:00+05:30,1177.2,1177.7,1177.1,1177.7,79
2025-07-18T14:43:00+05:30,1177.1,1177.1,1174.7,1175.8,2028
2025-07-18T14:44:00+05:30,1175.5,1177.5,1175.5,1177.4,628
2025-07-18T14:45:00+05:30,1176.8,1177.4,1176.2,1176.2,26
2025-07-18T14:46:00+05:30,1177.1,1177.1,1177.1,1177.1,58
2025-07-18T14:47:00+05:30,1177.0,1177.0,1176.5,1177.0,350
2025-07-18T14:48:00+05:30,1176.6,1176.6,1175.3,1175.4,622
2025-07-18T14:49:00+05:30,1175.4,1175.4,1172.1,1173.6,1001
2025-07-18T14:50:00+05:30,1173.3,1175.4,1173.3,1174.0,1483
2025-07-18T14:51:00+05:30,1174.1,1174.8,1174.1,1174.7,72
2025-07-18T14:52:00+05:30,1174.7,1175.2,1174.5,1174.6,64
2025-07-18T14:53:00+05:30,1174.6,1175.2,1173.3,1174.2,586
2025-07-18T14:54:00+05:30,1174.2,1175.5,1174.2,1174.8,461
2025-07-18T14:55:00+05:30,1175.0,1176.0,1175.0,1175.5,543
2025-07-18T14:56:00+05:30,1176.3,1176.3,1175.4,1175.4,132
2025-07-18T14:57:00+05:30,1175.4,1175.9,1175.4,1175.4,61
2025-07-18T14:58:00+05:30,1175.4,1175.9,1175.3,1175.3,362
2025-07-18T14:59:00+05:30,1175.3,1175.9,1175.3,1175.9,123
2025-07-18T15:00:00+05:30,1175.9,1175.9,1173.6,1174.8,1066
2025-07-18T15:01:00+05:30,1174.8,1174.8,1172.1,1173.9,634
2025-07-18T15:02:00+05:30,1173.8,1173.8,1172.1,1173.5,475
2025-07-18T15:03:00+05:30,1172.9,1173.5,1172.9,1172.9,132
2025-07-18T15:04:00+05:30,1172.9,1173.2,1172.0,1172.4,471
2025-07-18T15:05:00+05:30,1173.3,1173.8,1172.0,1172.8,1719
2025-07-18T15:06:00+05:30,1173.5,1175.0,1172.8,1173.8,2522
2025-07-18T15:07:00+05:30,1173.0,1174.4,1172.7,1173.7,224
2025-07-18T15:08:00+05:30,1173.7,1173.7,1172.5,1172.6,70
2025-07-18T15:09:00+05:30,1172.6,1177.1,1172.6,1175.7,1281
2025-07-18T15:10:00+05:30,1176.8,1177.4,1175.1,1176.0,1251
2025-07-18T15:11:00+05:30,1176.4,1176.4,1173.2,1173.2,302
2025-07-18T15:12:00+05:30,1173.2,1173.2,1171.0,1171.9,841
2025-07-18T15:13:00+05:30,1171.1,1172.4,1171.0,1171.3,328
2025-07-18T15:14:00+05:30,1171.3,1172.4,1171.0,1171.1,641
2025-07-18T15:15:00+05:30,1172.3,1174.3,1170.6,1173.1,1060
2025-07-18T15:16:00+05:30,1173.2,1173.6,1170.1,1171.6,1188
2025-07-18T15:17:00+05:30,1171.9,1171.9,1171.1,1171.1,177
2025-07-18T15:18:00+05:30,1171.1,1171.4,1169.3,1171.0,1319
2025-07-18T15:19:00+05:30,1171.0,1173.4,1170.3,1172.0,1058
2025-07-18T15:20:00+05:30,1173.3,1174.0,1171.1,1171.7,2895
2025-07-18T15:21:00+05:30,1171.4,1171.4,1169.4,1169.9,573
2025-07-18T15:22:00+05:30,1170.4,1170.4,1169.0,1169.5,223
2025-07-18T15:23:00+05:30,1169.3,1170.4,1168.3,1168.7,865
2025-07-18T15:24:00+05:30,1169.2,1170.7,1168.1,1170.5,1212
2025-07-18T15:25:00+05:30,1170.4,1170.5,1169.6,1170.4,481
2025-07-18T15:26:00+05:30,1170.4,1170.4,1169.5,1169.5,483
2025-07-18T15:27:00+05:30,1169.5,1169.5,1168.2,1168.3,1507
2025-07-18T15:28:00+05:30,1169.0,1170.3,1167.5,1169.8,1014
2025-07-18T15:29:00+05:30,1168.5,1171.0,1167.0,1171.0,1586
2025-07-17T09:15:00+05:30,1186.2,1188.0,1183.1,1184.6,9190
2025-07-17T09:16:00+05:30,1183.0,1189.9,1182.9,1189.9,277
2025-07-17T09:17:00+05:30,1189.8,1190.1,1186.8,1188.3,1989
2025-07-17T09:18:00+05:30,1188.0,1189.2,1188.0,1189.2,61
2025-07-17T09:19:00+05:30,1189.2,1190.0,1187.5,1189.2,605
2025-07-17T09:20:00+05:30,1189.2,1190.9,1187.5,1187.5,870
2025-07-17T09:21:00+05:30,1187.7,1188.5,1186.2,1187.2,958
2025-07-17T09:22:00+05:30,1187.4,1187.4,1185.2,1187.4,1730
2025-07-17T09:23:00+05:30,1187.4,1187.4,1185.7,1185.8,133
2025-07-17T09:24:00+05:30,1185.1,1186.0,1182.1,1183.1,1036
2025-07-17T09:25:00+05:30,1184.0,1184.2,1183.7,1184.1,244
2025-07-17T09:26:00+05:30,1184.1,1184.6,1181.8,1184.0,1256
2025-07-17T09:27:00+05:30,1184.2,1184.8,1183.2,1184.5,387
2025-07-17T09:28:00+05:30,1184.9,1185.4,1184.0,1184.0,390
2025-07-17T09:29:00+05:30,1184.0,1185.1,1183.8,1183.8,67
2025-07-17T09:30:00+05:30,1184.4,1184.5,1184.0,1184.5,22
2025-07-17T09:31:00+05:30,1184.0,1184.0,1184.0,1184.0,6
2025-07-17T09:32:00+05:30,1184.0,1184.6,1182.1,1182.1,665
2025-07-17T09:33:00+05:30,1182.0,1182.9,1182.0,1182.8,66
2025-07-17T09:34:00+05:30,1182.8,1182.8,1182.0,1182.6,573
2025-07-17T09:35:00+05:30,1182.2,1182.2,1178.5,1180.5,796
2025-07-17T09:36:00+05:30,1180.4,1180.4,1178.2,1179.0,655
2025-07-17T09:37:00+05:30,1179.9,1180.0,1179.9,1180.0,14
2025-07-17T09:38:00+05:30,1179.9,1179.9,1179.0,1179.2,296
2025-07-17T09:39:00+05:30,1179.0,1180.8,1179.0,1179.0,817
2025-07-17T09:40:00+05:30,1179.0,1179.6,1179.0,1179.6,16
2025-07-17T09:41:00+05:30,1179.6,1179.6,1178.6,1178.7,430
2025-07-17T09:42:00+05:30,1178.7,1178.7,1178.6,1178.6,54
2025-07-17T09:43:00+05:30,1178.1,1178.1,1176.9,1178.0,436
2025-07-17T09:44:00+05:30,1178.0,1178.0,1176.0,1176.9,175
2025-07-17T09:45:00+05:30,1177.4,1177.4,1175.0,1175.7,1863
2025-07-17T09:46:00+05:30,1176.8,1177.4,1176.5,1177.4,179
2025-07-17T09:47:00+05:30,1177.2,1177.2,1176.2,1176.4,72
2025-07-17T09:48:00+05:30,1177.1,1179.0,1177.1,1178.9,621
2025-07-17T09:49:00+05:30,1179.6,1179.6,1178.1,1178.1,341
2025-07-17T09:50:00+05:30,1178.8,1178.8,1177.7,1177.7,53
2025-07-17T09:51:00+05:30,1178.7,1178.7,1177.7,1177.7,14
2025-07-17T09:52:00+05:30,1178.7,1178.8,1177.6,1177.6,77
2025-07-17T09:53:00+05:30,1178.4,1178.5,1177.4,1178.0,112
2025-07-17T09:54:00+05:30,1178.0,1178.7,1177.5,1177.5,332
2025-07-17T09:55:00+05:30,1178.0,1178.0,1176.1,1176.1,133
2025-07-17T09:56:00+05:30,1176.8,1176.8,1176.8,1176.8,33
2025-07-17T09:57:00+05:30,1176.8,1177.3,1176.4,1176.4,367
2025-07-17T09:58:00+05:30,1177.3,1177.3,1177.2,1177.2,10
2025-07-17T09:59:00+05:30,1176.4,1177.3,1176.4,1176.4,84
2025-07-17T10:00:00+05:30,1176.4,1177.3,1176.4,1177.3,444
2025-07-17T10:01:00+05:30,1177.3,1177.3,1175.4,1175.4,757
2025-07-17T10:02:00+05:30,1176.3,1176.3,1175.6,1175.6,190
2025-07-17T10:03:00+05:30,1175.7,1176.2,1175.5,1175.5,93
2025-07-17T10:04:00+05:30,1175.9,1176.4,1175.5,1175.5,99
2025-07-17T10:05:00+05:30,1176.3,1176.3,1175.5,1175.5,12
2025-07-17T10:06:00+05:30,1175.5,1176.2,1175.5,1175.5,36
2025-07-17T10:07:00+05:30,1176.1,1176.2,1175.5,1175.5,114
2025-07-17T10:08:00+05:30,1175.5,1176.2,1175.5,1176.2,132
2025-07-17T10:09:00+05:30,1176.2,1176.2,1176.1,1176.1,6
2025-07-17T10:10:00+05:30,1176.1,1176.1,1176.1,1176.1,11
2025-07-17T10:11:00+05:30,1176.1,1176.5,1175.3,1176.5,577
2025-07-17T10:12:00+05:30,1176.1,1178.9,1176.1,1177.1,2566
2025-07-17T10:13:00+05:30,1177.2,1177.2,1176.8,1177.0,84
2025-07-17T10:14:00+05:30,1177.0,1177.6,1177.0,1177.3,229
2025-07-17T10:15:00+05:30,1177.1,1177.3,1177.0,1177.0,28
2025-07-17T10:16:00+05:30,1177.3,1177.3,1176.5,1176.5,64
2025-07-17T10:17:00+05:30,1176.5,1177.0,1176.1,1176.2,79
2025-07-17T10:18:00+05:30,1176.9,1177.0,1175.3,1175.8,300
2025-07-17T10:19:00+05:30,1175.8,1176.6,1175.4,1175.4,11
2025-07-17T10:20:00+05:30,1175.5,1178.9,1175.5,1177.0,2010
2025-07-17T10:21:00+05:30,1177.1,1179.9,1176.8,1178.2,2100
2025-07-17T10:22:00+05:30,1179.4,1179.4,1178.9,1178.9,9
2025-07-17T10:23:00+05:30,1178.9,1181.4,1178.2,1178.8,1159
2025-07-17T10:24:00+05:30,1178.7,1180.4,1178.2,1180.4,248
2025-07-17T10:25:00+05:30,1179.6,1180.4,1179.5,1180.2,55
2025-07-17T10:26:00+05:30,1180.3,1181.9,1178.2,1179.0,1143
2025-07-17T10:27:00+05:30,1179.1,1181.9,1178.7,1180.0,1036
2025-07-17T10:28:00+05:30,1180.3,1180.3,1178.9,1180.0,83
2025-07-17T10:29:00+05:30,1180.0,1180.3,1180.0,1180.0,14
2025-07-17T10:30:00+05:30,1180.0,1180.5,1180.0,1180.0,38
2025-07-17T10:31:00+05:30,1180.1,1180.4,1179.2,1179.2,57
2025-07-17T10:32:00+05:30,1179.0,1179.9,1179.0,1179.0,9
2025-07-17T10:33:00+05:30,1179.0,1179.8,1179.0,1179.1,17
2025-07-17T10:34:00+05:30,1179.1,1181.4,1178.7,1178.7,402
2025-07-17T10:35:00+05:30,1178.7,1179.0,1178.2,1178.2,459
2025-07-17T10:36:00+05:30,1178.2,1178.2,1178.1,1178.1,70
2025-07-17T10:37:00+05:30,1178.1,1178.1,1173.5,1174.3,2911
2025-07-17T10:38:00+05:30,1173.7,1174.1,1173.2,1173.3,67
2025-07-17T10:39:00+05:30,1173.3,1174.5,1173.3,1174.3,129
2025-07-17T10:40:00+05:30,1174.3,1174.8,1174.2,1174.6,103
2025-07-17T10:41:00+05:30,1174.6,1175.0,1174.2,1174.2,42
2025-07-17T10:42:00+05:30,1174.7,1174.7,1174.0,1174.0,1197
2025-07-17T10:43:00+05:30,1174.0,1174.5,1174.0,1174.1,152
2025-07-17T10:44:00+05:30,1174.0,1174.4,1174.0,1174.0,17
2025-07-17T10:45:00+05:30,1174.0,1174.4,1174.0,1174.0,27
2025-07-17T10:46:00+05:30,1174.4,1175.0,1174.0,1174.0,227
2025-07-17T10:47:00+05:30,1174.7,1175.2,1174.4,1174.4,119
2025-07-17T10:48:00+05:30,1175.1,1175.3,1174.4,1174.4,27
2025-07-17T10:49:00+05:30,1174.3,1175.2,1174.3,1174.4,7
2025-07-17T10:50:00+05:30,1174.4,1175.3,1174.4,1174.6,28
2025-07-17T10:51:00+05:30,1174.6,1175.0,1174.5,1174.5,6
2025-07-17T10:52:00+05:30,1174.5,1175.5,1174.5,1175.5,26
2025-07-17T10:53:00+05:30,1175.1,1175.5,1174.9,1175.0,10
2025-07-17T10:54:00+05:30,1175.5,1176.0,1175.0,1176.0,79
2025-07-17T10:55:00+05:30,1176.1,1176.9,1176.0,1176.9,34
2025-07-17T10:56:00+05:30,1176.1,1176.9,1176.1,1176.1,141
2025-07-17T10:57:00+05:30,1176.0,1176.6,1176.0,1176.0,16
2025-07-17T10:58:00+05:30,1176.0,1176.6,1175.1,1175.1,228
2025-07-17T10:59:00+05:30,1175.2,1176.7,1175.0,1175.0,331
2025-07-17T11:00:00+05:30,1175.8,1175.9,1174.0,1174.5,1352
2025-07-17T11:01:00+05:30,1175.3,1175.8,1174.6,1174.8,50
2025-07-17T11:02:00+05:30,1174.8,1175.6,1174.8,1174.8,7
2025-07-17T11:03:00+05:30,1174.8,1175.5,1174.7,1174.7,7
2025-07-17T11:04:00+05:30,1174.7,1175.5,1174.1,1174.1,484
2025-07-17T11:05:00+05:30,1174.7,1175.5,1174.7,1174.7,9
2025-07-17T11:06:00+05:30,1174.7,1175.4,1174.1,1174.1,35
2025-07-17T11:07:00+05:30,1175.0,1175.2,1174.1,1175.2,26
2025-07-17T11:08:00+05:30,1174.2,1175.1,1174.1,1174.2,23
2025-07-17T11:09:00+05:30,1174.2,1175.1,1174.0,1174.3,44
2025-07-17T11:10:00+05:30,1174.0,1175.0,1174.0,1174.8,59
2025-07-17T11:11:00+05:30,1174.2,1174.8,1174.1,1174.1,8
2025-07-17T11:12:00+05:30,1174.1,1174.8,1174.1,1174.8,36
2025-07-17T11:13:00+05:30,1175.0,1175.1,1174.8,1174.8,26
2025-07-17T11:14:00+05:30,1174.8,1175.1,1174.0,1175.1,166
2025-07-17T11:15:00+05:30,1174.6,1180.1,1174.6,1178.3,4537
2025-07-17T11:16:00+05:30,1178.3,1183.8,1178.3,1182.1,1384
2025-07-17T11:17:00+05:30,1182.5,1185.3,1182.5,1185.1,2841
2025-07-17T11:18:00+05:30,1185.0,1185.7,1183.9,1184.2,404
2025-07-17T11:19:00+05:30,1184.2,1185.1,1183.9,1184.1,248
2025-07-17T11:20:00+05:30,1184.8,1184.8,1183.8,1183.8,212
2025-07-17T11:21:00+05:30,1183.8,1183.8,1182.4,1182.4,116
2025-07-17T11:22:00+05:30,1182.4,1184.0,1182.1,1182.6,534
2025-07-17T11:23:00+05:30,1182.2,1183.2,1182.1,1182.5,531
2025-07-17T11:24:00+05:30,1182.1,1182.9,1182.1,1182.1,268
2025-07-17T11:25:00+05:30,1182.1,1182.7,1182.1,1182.1,974
2025-07-17T11:26:00+05:30,1182.4,1183.9,1180.2,1181.1,854
2025-07-17T11:27:00+05:30,1180.8,1181.8,1180.8,1181.1,12
2025-07-17T11:28:00+05:30,1181.1,1181.8,1181.0,1181.0,8
2025-07-17T11:29:00+05:30,1181.0,1181.5,1180.8,1180.9,34
2025-07-17T11:30:00+05:30,1180.8,1181.4,1180.2,1180.2,22
2025-07-17T11:31:00+05:30,1180.1,1181.3,1179.9,1181.0,23
2025-07-17T11:32:00+05:30,1181.3,1181.3,1180.7,1180.7,6
2025-07-17T11:33:00+05:30,1180.3,1180.8,1180.0,1180.0,33
2025-07-17T11:34:00+05:30,1180.3,1181.5,1180.1,1180.4,110
2025-07-17T11:35:00+05:30,1180.4,1180.9,1180.0,1180.0,7
2025-07-17T11:36:00+05:30,1180.0,1180.7,1180.0,1180.2,10
2025-07-17T11:37:00+05:30,1180.2,1182.5,1180.2,1181.2,37
2025-07-17T11:38:00+05:30,1181.8,1183.5,1181.8,1183.0,1041
2025-07-17T11:39:00+05:30,1183.7,1184.3,1183.3,1184.3,145
2025-07-17T11:40:00+05:30,1184.1,1184.3,1184.1,1184.3,92
2025-07-17T11:41:00+05:30,1184.1,1184.7,1184.1,1184.1,47
2025-07-17T11:42:00+05:30,1184.1,1184.6,1184.1,1184.6,59
2025-07-17T11:43:00+05:30,1184.3,1184.5,1184.3,1184.3,19
2025-07-17T11:44:00+05:30,1184.3,1184.5,1184.3,1184.3,40
2025-07-17T11:45:00+05:30,1184.3,1184.4,1184.3,1184.3,16
2025-07-17T11:46:00+05:30,1184.3,1184.4,1184.1,1184.3,253
2025-07-17T11:47:00+05:30,1184.3,1184.5,1184.3,1184.3,8
2025-07-17T11:48:00+05:30,1184.3,1184.4,1184.3,1184.3,10
2025-07-17T11:49:00+05:30,1184.3,1184.3,1184.1,1184.1,171
2025-07-17T11:50:00+05:30,1184.1,1184.3,1182.3,1182.3,683
2025-07-17T11:51:00+05:30,1182.3,1182.4,1182.0,1182.4,101
2025-07-17T11:52:00+05:30,1182.5,1183.1,1182.3,1182.3,118
2025-07-17T11:53:00+05:30,1182.7,1183.0,1181.0,1181.0,91
2025-07-17T11:54:00+05:30,1181.3,1183.6,1181.3,1183.6,2073
2025-07-17T11:55:00+05:30,1183.5,1184.0,1183.2,1183.9,25
2025-07-17T11:56:00+05:30,1183.4,1183.9,1183.2,1183.2,40
2025-07-17T11:57:00+05:30,1183.2,1184.0,1183.2,1183.3,179
2025-07-17T11:58:00+05:30,1183.8,1183.8,1183.2,1183.2,17
2025-07-17T11:59:00+05:30,1183.2,1183.3,1183.2,1183.2,53
2025-07-17T12:00:00+05:30,1183.3,1183.5,1183.1,1183.1,143
2025-07-17T12:01:00+05:30,1183.2,1184.3,1183.0,1183.6,69
2025-07-17T12:02:00+05:30,1183.4,1184.0,1183.3,1183.6,31
2025-07-17T12:03:00+05:30,1183.6,1183.9,1183.6,1183.6,8
2025-07-17T12:04:00+05:30,1183.6,1210.0,1183.4,1195.3,42860
2025-07-17T12:05:00+05:30,1194.5,1195.1,1191.9,1193.4,1046
2025-07-17T12:06:00+05:30,1193.4,1205.5,1193.2,1194.7,12100
2025-07-17T12:07:00+05:30,1194.6,1194.8,1188.5,1189.8,2818
2025-07-17T12:08:00+05:30,1189.4,1190.9,1188.0,1190.6,3399
2025-07-17T12:09:00+05:30,1190.6,1190.6,1189.0,1189.0,168
2025-07-17T12:10:00+05:30,1189.5,1190.4,1188.4,1188.4,147
2025-07-17T12:11:00+05:30,1189.1,1190.4,1189.1,1190.1,22
2025-07-17T12:12:00+05:30,1190.1,1190.5,1190.1,1190.1,18
2025-07-17T12:13:00+05:30,1190.1,1190.1,1188.3,1188.7,683
2025-07-17T12:14:00+05:30,1188.4,1188.7,1188.0,1188.1,132
2025-07-17T12:15:00+05:30,1188.2,1188.6,1188.0,1188.0,116
2025-07-17T12:16:00+05:30,1188.2,1188.7,1187.3,1187.3,224
2025-07-17T12:17:00+05:30,1187.0,1187.9,1186.6,1187.9,911
2025-07-17T12:18:00+05:30,1188.0,1188.8,1187.9,1188.1,270
2025-07-17T12:19:00+05:30,1188.1,1188.7,1188.0,1188.1,8
2025-07-17T12:20:00+05:30,1188.0,1188.5,1188.0,1188.4,44
2025-07-17T12:21:00+05:30,1188.2,1188.7,1188.2,1188.7,116
2025-07-17T12:22:00+05:30,1188.8,1190.0,1188.8,1189.7,1132
2025-07-17T12:23:00+05:30,1189.7,1189.9,1189.3,1189.7,16
2025-07-17T12:24:00+05:30,1189.7,1192.9,1189.6,1189.8,12235
2025-07-17T12:25:00+05:30,1190.3,1190.8,1188.8,1188.8,87
2025-07-17T12:26:00+05:30,1189.4,1190.1,1189.0,1189.2,89
2025-07-17T12:27:00+05:30,1189.9,1190.1,1189.0,1189.0,22
2025-07-17T12:28:00+05:30,1189.1,1190.8,1189.1,1189.3,371
2025-07-17T12:29:00+05:30,1189.9,1189.9,1188.8,1188.8,52
2025-07-17T12:30:00+05:30,1189.0,1189.6,1189.0,1189.3,26
2025-07-17T12:31:00+05:30,1189.4,1190.0,1189.4,1189.4,32
2025-07-17T12:32:00+05:30,1189.4,1189.5,1189.0,1189.0,25
2025-07-17T12:33:00+05:30,1188.7,1188.9,1188.2,1188.4,405
2025-07-17T12:34:00+05:30,1187.5,1188.6,1187.5,1188.6,17
2025-07-17T12:35:00+05:30,1189.0,1189.0,1187.7,1188.4,129
2025-07-17T12:36:00+05:30,1188.9,1188.9,1188.4,1188.5,16
2025-07-17T12:37:00+05:30,1188.6,1189.2,1188.2,1189.2,96
2025-07-17T12:38:00+05:30,1189.2,1189.5,1189.1,1189.1,223
2025-07-17T12:39:00+05:30,1189.2,1189.5,1188.9,1188.9,199
2025-07-17T12:40:00+05:30,1188.6,1189.8,1188.6,1189.7,82
2025-07-17T12:41:00+05:30,1188.7,1189.9,1186.2,1186.2,1280
2025-07-17T12:42:00+05:30,1186.6,1186.7,1186.2,1186.2,55
2025-07-17T12:43:00+05:30,1186.2,1186.5,1185.3,1186.0,278
2025-07-17T12:44:00+05:30,1185.6,1186.3,1185.1,1185.9,102
2025-07-17T12:45:00+05:30,1185.9,1186.8,1184.9,1186.0,356
2025-07-17T12:46:00+05:30,1186.0,1186.5,1186.0,1186.0,9
2025-07-17T12:47:00+05:30,1185.6,1186.3,1185.2,1185.3,60
2025-07-17T12:48:00+05:30,1186.0,1186.0,1185.4,1186.0,59
2025-07-17T12:49:00+05:30,1186.1,1186.1,1185.4,1185.4,10
2025-07-17T12:50:00+05:30,1184.7,1185.4,1184.7,1184.7,9
2025-07-17T12:51:00+05:30,1184.8,1186.7,1184.8,1185.9,95
2025-07-17T12:52:00+05:30,1186.3,1187.0,1185.9,1187.0,44
2025-07-17T12:53:00+05:30,1186.7,1187.0,1186.3,1186.4,8
2025-07-17T12:54:00+05:30,1186.1,1187.9,1184.9,1187.7,1060
2025-07-17T12:55:00+05:30,1187.9,1189.2,1186.5,1186.8,1323
2025-07-17T12:56:00+05:30,1186.8,1186.9,1185.4,1185.5,254
2025-07-17T12:57:00+05:30,1185.7,1187.3,1185.7,1186.4,71
2025-07-17T12:58:00+05:30,1186.1,1186.7,1185.2,1186.1,38
2025-07-17T12:59:00+05:30,1185.2,1186.0,1185.2,1185.3,194
2025-07-17T13:00:00+05:30,1185.3,1186.6,1185.1,1185.4,161
2025-07-17T13:01:00+05:30,1186.1,1186.1,1185.0,1185.3,11
2025-07-17T13:02:00+05:30,1185.2,1185.9,1185.0,1185.0,7
2025-07-17T13:03:00+05:30,1185.0,1187.0,1185.0,1185.8,573
2025-07-17T13:04:00+05:30,1185.7,1186.4,1185.5,1185.5,9
2025-07-17T13:05:00+05:30,1185.7,1186.3,1185.5,1185.6,24
2025-07-17T13:06:00+05:30,1185.6,1186.6,1185.4,1185.5,228
2025-07-17T13:07:00+05:30,1186.1,1186.1,1185.5,1185.5,9
2025-07-17T13:08:00+05:30,1185.5,1185.9,1185.0,1185.4,494
2025-07-17T13:09:00+05:30,1185.0,1186.3,1184.1,1184.1,975
2025-07-17T13:10:00+05:30,1184.8,1185.9,1184.0,1184.8,63
2025-07-17T13:11:00+05:30,1184.6,1185.7,1184.6,1184.8,8
2025-07-17T13:12:00+05:30,1184.8,1185.5,1184.6,1184.6,10
2025-07-17T13:13:00+05:30,1185.4,1185.4,1184.6,1185.2,127
2025-07-17T13:14:00+05:30,1185.2,1185.2,1184.2,1184.9,61
2025-07-17T13:15:00+05:30,1184.0,1184.8,1184.0,1184.1,17
2025-07-17T13:16:00+05:30,1184.1,1184.8,1184.0,1184.7,37
2025-07-17T13:17:00+05:30,1184.1,1186.0,1184.1,1185.5,73
2025-07-17T13:18:00+05:30,1185.5,1186.0,1185.0,1185.0,22
2025-07-17T13:19:00+05:30,1185.0,1185.8,1185.0,1185.1,9
2025-07-17T13:20:00+05:30,1185.3,1187.2,1185.3,1186.0,18
2025-07-17T13:21:00+05:30,1186.8,1186.8,1185.2,1185.2,348
2025-07-17T13:22:00+05:30,1185.2,1187.8,1185.2,1186.0,807
2025-07-17T13:23:00+05:30,1186.5,1187.9,1186.1,1187.9,98
2025-07-17T13:24:00+05:30,1187.2,1188.8,1186.9,1188.8,958
2025-07-17T13:25:00+05:30,1188.5,1189.3,1188.4,1188.9,44
2025-07-17T13:26:00+05:30,1189.1,1189.1,1188.1,1189.0,12
2025-07-17T13:27:00+05:30,1189.0,1189.5,1188.3,1189.5,68
2025-07-17T13:28:00+05:30,1189.5,1189.5,1188.6,1189.1,21
2025-07-17T13:29:00+05:30,1188.6,1189.8,1188.6,1189.6,24
2025-07-17T13:30:00+05:30,1189.2,1189.8,1189.1,1189.8,232
2025-07-17T13:31:00+05:30,1189.1,1189.8,1189.0,1189.0,16
2025-07-17T13:32:00+05:30,1189.5,1189.5,1186.8,1187.8,459
2025-07-17T13:33:00+05:30,1187.8,1188.6,1187.0,1187.1,881
2025-07-17T13:34:00+05:30,1187.4,1187.9,1187.0,1187.8,232
2025-07-17T13:35:00+05:30,1188.6,1189.0,1188.0,1188.6,53
2025-07-17T13:36:00+05:30,1188.1,1188.6,1188.0,1188.5,61
2025-07-17T13:37:00+05:30,1187.9,1189.1,1187.5,1189.0,256
2025-07-17T13:38:00+05:30,1188.6,1189.0,1188.4,1188.4,31
2025-07-17T13:39:00+05:30,1188.9,1189.2,1188.0,1188.4,483
2025-07-17T13:40:00+05:30,1188.7,1189.1,1188.1,1188.3,14
2025-07-17T13:41:00+05:30,1189.0,1189.5,1189.0,1189.5,41
2025-07-17T13:42:00+05:30,1189.6,1189.8,1189.2,1189.8,65
2025-07-17T13:43:00+05:30,1189.4,1191.1,1189.4,1191.1,621
2025-07-17T13:44:00+05:30,1190.3,1191.0,1190.2,1190.3,100
2025-07-17T13:45:00+05:30,1190.6,1190.6,1189.9,1189.9,61
2025-07-17T13:46:00+05:30,1190.5,1190.5,1190.1,1190.1,61
2025-07-17T13:47:00+05:30,1190.3,1190.4,1189.7,1190.2,27
2025-07-17T13:48:00+05:30,1189.7,1190.5,1189.3,1190.2,210
2025-07-17T13:49:00+05:30,1189.6,1190.4,1189.6,1189.7,12
2025-07-17T13:50:00+05:30,1190.4,1190.4,1189.3,1189.5,46
2025-07-17T13:51:00+05:30,1190.1,1190.1,1189.3,1189.4,114
2025-07-17T13:52:00+05:30,1190.1,1190.9,1190.1,1190.8,91
2025-07-17T13:53:00+05:30,1190.9,1191.5,1190.5,1190.8,205
2025-07-17T13:54:00+05:30,1190.9,1190.9,1189.6,1190.3,48
2025-07-17T13:55:00+05:30,1190.3,1190.6,1189.5,1190.4,61
2025-07-17T13:56:00+05:30,1189.6,1190.4,1189.5,1190.0,70
2025-07-17T13:57:00+05:30,1189.5,1190.0,1189.5,1189.9,308
2025-07-17T13:58:00+05:30,1189.9,1189.9,1189.0,1189.0,91
2025-07-17T13:59:00+05:30,1189.5,1191.1,1189.0,1190.5,715
2025-07-17T14:00:00+05:30,1190.5,1191.0,1190.0,1190.1,17
2025-07-17T14:01:00+05:30,1190.2,1190.8,1189.8,1189.8,32
2025-07-17T14:02:00+05:30,1189.6,1190.8,1189.6,1189.8,349
2025-07-17T14:03:00+05:30,1189.9,1189.9,1189.1,1189.2,546
2025-07-17T14:04:00+05:30,1189.1,1190.0,1189.1,1189.1,49
2025-07-17T14:05:00+05:30,1189.1,1190.0,1189.0,1189.0,627
2025-07-17T14:06:00+05:30,1189.5,1189.7,1189.0,1189.0,266
2025-07-17T14:07:00+05:30,1189.0,1190.5,1189.0,1189.0,584
2025-07-17T14:08:00+05:30,1189.0,1189.3,1189.0,1189.2,32
2025-07-17T14:09:00+05:30,1188.6,1189.2,1188.6,1188.8,146
2025-07-17T14:10:00+05:30,1188.7,1189.1,1187.2,1187.7,286
2025-07-17T14:11:00+05:30,1187.7,1188.4,1186.8,1187.0,148
2025-07-17T14:12:00+05:30,1187.5,1188.0,1186.3,1187.0,208
2025-07-17T14:13:00+05:30,1187.4,1188.0,1186.1,1187.6,319
2025-07-17T14:14:00+05:30,1187.6,1188.3,1186.3,1186.3,240
2025-07-17T14:15:00+05:30,1186.1,1187.5,1186.1,1186.3,119
2025-07-17T14:16:00+05:30,1186.6,1187.9,1186.6,1187.5,103
2025-07-17T14:17:00+05:30,1187.8,1188.1,1187.5,1188.1,227
2025-07-17T14:18:00+05:30,1188.1,1188.8,1187.6,1188.8,78
2025-07-17T14:19:00+05:30,1188.2,1189.1,1188.2,1189.1,14
2025-07-17T14:20:00+05:30,1188.5,1189.1,1188.5,1189.1,14
2025-07-17T14:21:00+05:30,1188.5,1189.1,1188.5,1188.9,30
2025-07-17T14:22:00+05:30,1188.9,1190.0,1188.9,1189.3,73
2025-07-17T14:23:00+05:30,1190.0,1190.0,1189.0,1189.1,23
2025-07-17T14:24:00+05:30,1189.5,1189.5,1188.6,1189.4,38
2025-07-17T14:25:00+05:30,1188.6,1189.4,1188.1,1188.8,156
2025-07-17T14:26:00+05:30,1188.1,1189.1,1188.1,1188.8,48
2025-07-17T14:27:00+05:30,1188.2,1188.8,1188.1,1188.8,15
2025-07-17T14:28:00+05:30,1188.4,1188.7,1187.7,1187.7,15
2025-07-17T14:29:00+05:30,1187.9,1188.4,1187.9,1188.4,16
2025-07-17T14:30:00+05:30,1188.3,1189.0,1188.0,1189.0,166
2025-07-17T14:31:00+05:30,1189.0,1189.0,1188.6,1189.0,35
2025-07-17T14:32:00+05:30,1189.0,1190.4,1188.6,1190.4,69
2025-07-17T14:33:00+05:30,1189.8,1190.9,1189.8,1190.8,120
2025-07-17T14:34:00+05:30,1190.1,1191.0,1189.2,1189.2,417
2025-07-17T14:35:00+05:30,1189.8,1190.9,1188.1,1189.4,1963
2025-07-17T14:36:00+05:30,1190.6,1190.8,1190.1,1190.6,12
2025-07-17T14:37:00+05:30,1190.5,1190.6,1190.1,1190.6,40
2025-07-17T14:38:00+05:30,1190.4,1190.6,1190.1,1190.5,48
2025-07-17T14:39:00+05:30,1190.2,1190.5,1190.1,1190.5,10
2025-07-17T14:40:00+05:30,1190.5,1192.9,1190.5,1192.8,261
2025-07-17T14:41:00+05:30,1192.8,1194.5,1192.7,1193.9,650
2025-07-17T14:42:00+05:30,1194.0,1194.4,1193.2,1194.1,175
2025-07-17T14:43:00+05:30,1194.2,1194.2,1193.6,1194.2,158
2025-07-17T14:44:00+05:30,1194.2,1194.2,1193.0,1193.7,156
2025-07-17T14:45:00+05:30,1193.7,1194.2,1193.3,1193.3,74
2025-07-17T14:46:00+05:30,1193.1,1193.5,1192.2,1193.2,766
2025-07-17T14:47:00+05:30,1193.3,1194.3,1192.8,1193.9,159
2025-07-17T14:48:00+05:30,1194.3,1194.3,1193.9,1194.3,61
2025-07-17T14:49:00+05:30,1194.3,1195.0,1192.1,1194.0,1230
2025-07-17T14:50:00+05:30,1193.9,1195.8,1193.9,1195.2,950
2025-07-17T14:51:00+05:30,1195.5,1197.7,1195.2,1196.7,643
2025-07-17T14:52:00+05:30,1196.9,1197.2,1195.5,1196.2,667
2025-07-17T14:53:00+05:30,1195.4,1196.2,1195.1,1195.5,149
2025-07-17T14:54:00+05:30,1195.1,1195.3,1194.0,1194.9,53
2025-07-17T14:55:00+05:30,1194.7,1195.5,1194.7,1195.4,965
2025-07-17T14:56:00+05:30,1195.4,1195.7,1194.9,1195.7,51
2025-07-17T14:57:00+05:30,1195.0,1196.0,1195.0,1195.8,126
2025-07-17T14:58:00+05:30,1195.8,1195.9,1194.9,1194.9,206
2025-07-17T14:59:00+05:30,1194.9,1195.3,1194.9,1195.3,260
2025-07-17T15:00:00+05:30,1195.3,1195.3,1194.4,1194.4,1099
2025-07-17T15:01:00+05:30,1194.3,1195.6,1194.3,1195.2,620
2025-07-17T15:02:00+05:30,1195.3,1195.4,1193.1,1194.4,2063
2025-07-17T15:03:00+05:30,1194.8,1194.8,1191.1,1194.2,3300
2025-07-17T15:04:00+05:30,1194.2,1195.8,1193.4,1195.2,1173
2025-07-17T15:05:00+05:30,1195.5,1197.0,1194.9,1195.7,1059
2025-07-17T15:06:00+05:30,1196.0,1197.0,1195.1,1195.1,1278
2025-07-17T15:07:00+05:30,1195.5,1197.0,1194.7,1196.6,1193
2025-07-17T15:08:00+05:30,1196.6,1196.9,1195.5,1196.8,524
2025-07-17T15:09:00+05:30,1196.6,1199.0,1196.1,1198.4,1954
2025-07-17T15:10:00+05:30,1198.3,1199.0,1197.1,1197.1,1044
2025-07-17T15:11:00+05:30,1197.7,1198.6,1197.3,1197.3,1358
2025-07-17T15:12:00+05:30,1198.0,1198.1,1197.3,1197.5,679
2025-07-17T15:13:00+05:30,1197.7,1198.3,1197.5,1198.3,1027
2025-07-17T15:14:00+05:30,1198.3,1199.0,1197.7,1198.5,1431
2025-07-17T15:15:00+05:30,1198.5,1199.0,1197.7,1198.4,917
2025-07-17T15:16:00+05:30,1198.8,1199.7,1198.4,1198.6,2054
2025-07-17T15:17:00+05:30,1198.9,1200.9,1198.0,1198.8,7305
2025-07-17T15:18:00+05:30,1198.8,1199.9,1197.2,1199.9,1221
2025-07-17T15:19:00+05:30,1199.7,1199.7,1195.8,1196.8,1673
2025-07-17T15:20:00+05:30,1196.4,1197.8,1196.3,1197.2,968
2025-07-17T15:21:00+05:30,1197.4,1198.3,1197.2,1197.8,740
2025-07-17T15:22:00+05:30,1197.9,1198.7,1197.8,1198.5,732
2025-07-17T15:23:00+05:30,1198.5,1198.9,1198.0,1198.4,901
2025-07-17T15:24:00+05:30,1198.4,1199.0,1198.3,1198.8,1159
2025-07-17T15:25:00+05:30,1198.9,1199.0,1198.8,1199.0,2180
2025-07-17T15:26:00+05:30,1198.9,1199.0,1198.9,1198.9,2042
2025-07-17T15:27:00+05:30,1199.0,1199.0,1198.3,1198.3,2593
2025-07-17T15:28:00+05:30,1198.3,1200.0,1195.0,1197.9,4674
2025-07-17T15:29:00+05:30,1197.9,1200.0,1195.2,1197.5,531
2025-07-16T09:15:00+05:30,1173.4,1177.9,1170.0,1176.2,3138
2025-07-16T09:16:00+05:30,1176.0,1180.0,1174.4,1177.9,1487
2025-07-16T09:17:00+05:30,1177.9,1183.8,1176.4,1183.0,5703
2025-07-16T09:18:00+05:30,1183.6,1190.4,1182.4,1189.2,8657
2025-07-16T09:19:00+05:30,1188.4,1191.0,1186.5,1188.6,6183
2025-07-16T09:20:00+05:30,1188.7,1193.5,1187.7,1193.5,5001
2025-07-16T09:21:00+05:30,1193.0,1197.0,1192.5,1196.4,15451
2025-07-16T09:22:00+05:30,1196.5,1198.7,1193.2,1197.0,8481
2025-07-16T09:23:00+05:30,1198.0,1200.3,1192.2,1193.6,23969
2025-07-16T09:24:00+05:30,1193.2,1195.0,1188.4,1188.4,7619
2025-07-16T09:25:00+05:30,1189.6,1192.8,1188.9,1189.5,4935
2025-07-16T09:26:00+05:30,1189.5,1194.9,1189.4,1192.1,9585
2025-07-16T09:27:00+05:30,1192.1,1193.2,1186.0,1186.7,17832
2025-07-16T09:28:00+05:30,1186.8,1188.9,1186.7,1187.2,4437
2025-07-16T09:29:00+05:30,1187.9,1188.5,1186.0,1187.4,3243
2025-07-16T09:30:00+05:30,1187.3,1188.4,1186.0,1186.7,3047
2025-07-16T09:31:00+05:30,1186.3,1187.7,1185.7,1186.7,1355
2025-07-16T09:32:00+05:30,1186.7,1188.0,1185.2,1186.3,1386
2025-07-16T09:33:00+05:30,1186.7,1188.1,1186.4,1187.9,1000
2025-07-16T09:34:00+05:30,1187.8,1188.3,1187.1,1188.3,1813
2025-07-16T09:35:00+05:30,1188.0,1188.8,1187.1,1188.0,1699
2025-07-16T09:36:00+05:30,1188.0,1189.9,1187.5,1188.0,3253
2025-07-16T09:37:00+05:30,1188.0,1189.0,1187.5,1187.5,999
2025-07-16T09:38:00+05:30,1187.5,1188.4,1187.0,1187.9,1187
2025-07-16T09:39:00+05:30,1188.0,1188.0,1187.0,1187.0,395
2025-07-16T09:40:00+05:30,1187.4,1187.9,1184.2,1184.6,3307
2025-07-16T09:41:00+05:30,1185.5,1187.2,1185.0,1186.0,1221
2025-07-16T09:42:00+05:30,1186.0,1187.7,1184.4,1186.0,1531
2025-07-16T09:43:00+05:30,1185.2,1185.9,1184.4,1184.5,512
2025-07-16T09:44:00+05:30,1184.4,1185.7,1182.6,1185.0,1623
2025-07-16T09:45:00+05:30,1185.0,1185.0,1184.5,1184.5,325
2025-07-16T09:46:00+05:30,1184.5,1188.0,1184.5,1188.0,1249
2025-07-16T09:47:00+05:30,1187.9,1188.5,1186.8,1186.8,1750
2025-07-16T09:48:00+05:30,1187.1,1188.0,1186.8,1188.0,149
2025-07-16T09:49:00+05:30,1187.4,1188.8,1187.3,1188.0,735
2025-07-16T09:50:00+05:30,1188.0,1189.3,1187.3,1188.0,1361
2025-07-16T09:51:00+05:30,1188.0,1188.0,1187.3,1188.0,212
2025-07-16T09:52:00+05:30,1188.0,1188.1,1187.5,1188.0,312
2025-07-16T09:53:00+05:30,1188.0,1188.0,1187.4,1188.0,247
2025-07-16T09:54:00+05:30,1187.5,1188.6,1187.4,1188.0,2305
2025-07-16T09:55:00+05:30,1188.0,1188.3,1187.6,1187.6,79
2025-07-16T09:56:00+05:30,1187.6,1188.0,1187.6,1188.0,149
2025-07-16T09:57:00+05:30,1187.7,1192.0,1187.6,1188.0,10469
2025-07-16T09:58:00+05:30,1188.0,1193.9,1188.0,1190.0,16363
2025-07-16T09:59:00+05:30,1190.0,1193.7,1190.0,1192.1,1826
2025-07-16T10:00:00+05:30,1192.1,1193.9,1191.5,1193.2,3556
2025-07-16T10:01:00+05:30,1192.6,1195.0,1192.2,1194.8,7855
2025-07-16T10:02:00+05:30,1193.8,1195.0,1193.5,1194.3,1399
2025-07-16T10:03:00+05:30,1194.3,1194.8,1193.5,1194.8,1275
2025-07-16T10:04:00+05:30,1194.7,1194.9,1193.8,1194.0,891
2025-07-16T10:05:00+05:30,1194.0,1195.0,1194.0,1194.7,2928
2025-07-16T10:06:00+05:30,1194.1,1194.9,1193.0,1193.1,848
2025-07-16T10:07:00+05:30,1193.8,1194.4,1193.2,1193.5,273
2025-07-16T10:08:00+05:30,1193.6,1194.4,1193.1,1193.3,343
2025-07-16T10:09:00+05:30,1193.5,1194.5,1193.2,1194.5,513
2025-07-16T10:10:00+05:30,1193.5,1195.0,1193.3,1195.0,1710
2025-07-16T10:11:00+05:30,1194.4,1195.7,1194.0,1195.3,791
2025-07-16T10:12:00+05:30,1195.6,1196.6,1194.7,1195.3,2168
2025-07-16T10:13:00+05:30,1196.4,1198.0,1195.5,1198.0,2227
2025-07-16T10:14:00+05:30,1197.9,1198.2,1196.7,1196.7,1274
2025-07-16T10:15:00+05:30,1197.0,1199.0,1195.8,1199.0,3000
2025-07-16T10:16:00+05:30,1197.5,1198.9,1196.0,1196.0,1888
2025-07-16T10:17:00+05:30,1195.5,1196.5,1195.0,1195.2,1358
2025-07-16T10:18:00+05:30,1195.0,1195.3,1194.0,1194.2,2210
2025-07-16T10:19:00+05:30,1194.7,1196.8,1194.0,1195.2,1639
2025-07-16T10:20:00+05:30,1195.1,1196.1,1195.1,1195.2,159
2025-07-16T10:21:00+05:30,1196.0,1196.4,1194.9,1195.4,874
2025-07-16T10:22:00+05:30,1195.6,1196.3,1195.5,1195.5,115
2025-07-16T10:23:00+05:30,1195.5,1196.0,1194.9,1196.0,537
2025-07-16T10:24:00+05:30,1195.7,1196.2,1194.9,1196.0,1421
2025-07-16T10:25:00+05:30,1195.3,1195.7,1194.7,1195.3,541
2025-07-16T10:26:00+05:30,1195.3,1196.3,1194.8,1195.9,1441
2025-07-16T10:27:00+05:30,1196.0,1197.6,1195.7,1195.9,1183
2025-07-16T10:28:00+05:30,1195.6,1197.3,1195.6,1196.8,278
2025-07-16T10:29:00+05:30,1197.0,1198.0,1197.0,1197.0,684
2025-07-16T10:30:00+05:30,1197.8,1199.5,1197.0,1198.7,6081
2025-07-16T10:31:00+05:30,1199.5,1200.2,1198.2,1198.7,17996
2025-07-16T10:32:00+05:30,1199.3,1200.2,1197.7,1199.6,4975
2025-07-16T10:33:00+05:30,1199.7,1200.0,1199.0,1199.9,1460
2025-07-16T10:34:00+05:30,1199.3,1200.0,1194.1,1195.4,6153
2025-07-16T10:35:00+05:30,1195.9,1197.4,1195.1,1195.8,995
2025-07-16T10:36:00+05:30,1195.8,1197.2,1195.8,1197.2,60
2025-07-16T10:37:00+05:30,1196.0,1199.0,1195.6,1196.3,2740
2025-07-16T10:38:00+05:30,1196.3,1198.0,1196.3,1197.3,1630
2025-07-16T10:39:00+05:30,1197.3,1199.9,1197.1,1199.5,1589
2025-07-16T10:40:00+05:30,1199.4,1200.0,1198.1,1199.9,1154
2025-07-16T10:41:00+05:30,1199.9,1199.9,1198.5,1198.5,783
2025-07-16T10:42:00+05:30,1198.5,1199.5,1197.7,1198.8,1213
2025-07-16T10:43:00+05:30,1199.4,1199.8,1198.4,1199.1,1592
2025-07-16T10:44:00+05:30,1199.5,1200.0,1199.0,1199.1,4398
2025-07-16T10:45:00+05:30,1199.8,1200.0,1198.7,1198.7,7880
2025-07-16T10:46:00+05:30,1198.7,1199.9,1198.1,1198.2,2132
2025-07-16T10:47:00+05:30,1198.9,1199.1,1198.0,1198.1,318
2025-07-16T10:48:00+05:30,1198.2,1199.1,1198.0,1198.0,341
2025-07-16T10:49:00+05:30,1198.0,1199.9,1198.0,1199.0,1992
2025-07-16T10:50:00+05:30,1199.2,1199.9,1198.1,1198.7,2003
2025-07-16T10:51:00+05:30,1198.7,1199.8,1198.6,1198.6,253
2025-07-16T10:52:00+05:30,1198.6,1199.7,1198.6,1198.8,788
2025-07-16T10:53:00+05:30,1198.8,1200.0,1198.8,1199.3,2564
2025-07-16T10:54:00+05:30,1199.9,1200.0,1199.2,1199.9,2444
2025-07-16T10:55:00+05:30,1199.9,1200.0,1198.5,1198.5,3347
2025-07-16T10:56:00+05:30,1198.5,1199.5,1198.3,1198.7,264
2025-07-16T10:57:00+05:30,1198.7,1199.6,1198.6,1198.7,2482
2025-07-16T10:58:00+05:30,1198.6,1199.0,1198.6,1198.6,416
2025-07-16T10:59:00+05:30,1198.6,1199.0,1198.0,1198.1,1595
2025-07-16T11:00:00+05:30,1198.9,1199.0,1198.0,1198.3,377
2025-07-16T11:01:00+05:30,1199.0,1199.0,1198.0,1198.8,359
2025-07-16T11:02:00+05:30,1198.1,1198.8,1195.7,1196.2,3266
2025-07-16T11:03:00+05:30,1196.5,1199.0,1196.2,1197.7,3326
2025-07-16T11:04:00+05:30,1197.8,1199.5,1197.1,1197.8,2317
2025-07-16T11:05:00+05:30,1197.9,1198.0,1195.9,1196.3,2296
2025-07-16T11:06:00+05:30,1196.1,1197.8,1196.1,1196.7,286
2025-07-16T11:07:00+05:30,1196.7,1197.4,1196.6,1196.6,244
2025-07-16T11:08:00+05:30,1196.6,1197.2,1195.8,1195.9,301
2025-07-16T11:09:00+05:30,1195.9,1196.2,1195.8,1196.2,176
2025-07-16T11:10:00+05:30,1195.9,1196.2,1195.6,1195.6,339
2025-07-16T11:11:00+05:30,1195.7,1196.3,1195.0,1195.2,814
2025-07-16T11:12:00+05:30,1195.0,1195.1,1194.6,1194.6,547
2025-07-16T11:13:00+05:30,1194.6,1195.0,1194.1,1194.3,770
2025-07-16T11:14:00+05:30,1194.5,1198.3,1194.0,1196.4,3576
2025-07-16T11:15:00+05:30,1196.4,1198.1,1196.4,1197.1,617
2025-07-16T11:16:00+05:30,1197.1,1197.1,1196.4,1196.4,251
2025-07-16T11:17:00+05:30,1196.4,1197.8,1196.4,1196.5,214
2025-07-16T11:18:00+05:30,1196.5,1196.8,1196.3,1196.3,534
2025-07-16T11:19:00+05:30,1197.0,1197.8,1195.1,1195.3,1781
2025-07-16T11:20:00+05:30,1195.3,1196.2,1194.7,1195.1,549
2025-07-16T11:21:00+05:30,1195.1,1196.2,1194.9,1195.6,859
2025-07-16T11:22:00+05:30,1195.6,1196.5,1194.4,1195.0,1602
2025-07-16T11:23:00+05:30,1195.0,1197.3,1195.0,1196.4,815
2025-07-16T11:24:00+05:30,1197.3,1197.8,1196.5,1197.8,543
2025-07-16T11:25:00+05:30,1196.8,1197.9,1195.9,1196.5,309
2025-07-16T11:26:00+05:30,1195.9,1197.6,1195.4,1195.5,322
2025-07-16T11:27:00+05:30,1196.7,1196.7,1195.5,1195.5,120
2025-07-16T11:28:00+05:30,1196.7,1196.7,1195.6,1196.6,19
2025-07-16T11:29:00+05:30,1195.6,1196.0,1195.5,1195.5,134
2025-07-16T11:30:00+05:30,1195.5,1196.0,1195.5,1196.0,90
2025-07-16T11:31:00+05:30,1196.0,1196.0,1195.5,1195.5,110
2025-07-16T11:32:00+05:30,1196.0,1197.0,1196.0,1196.3,833
2025-07-16T11:33:00+05:30,1196.1,1196.8,1196.0,1196.3,88
2025-07-16T11:34:00+05:30,1197.3,1199.3,1197.0,1198.0,2101
2025-07-16T11:35:00+05:30,1197.1,1198.9,1197.1,1198.0,459
2025-07-16T11:36:00+05:30,1197.9,1199.4,1197.9,1198.9,3404
2025-07-16T11:37:00+05:30,1198.3,1200.0,1197.7,1198.4,3588
2025-07-16T11:38:00+05:30,1198.4,1199.4,1197.9,1197.9,301
2025-07-16T11:39:00+05:30,1197.9,1198.2,1197.0,1197.3,190
2025-07-16T11:40:00+05:30,1198.1,1198.5,1197.0,1197.0,364
2025-07-16T11:41:00+05:30,1197.8,1197.8,1197.0,1197.0,77
2025-07-16T11:42:00+05:30,1197.5,1197.5,1197.0,1197.0,6
2025-07-16T11:43:00+05:30,1197.5,1197.5,1197.0,1197.2,70
2025-07-16T11:44:00+05:30,1197.5,1197.5,1195.1,1196.2,1072
2025-07-16T11:45:00+05:30,1196.2,1196.3,1195.3,1196.1,56
2025-07-16T11:46:00+05:30,1195.3,1195.9,1191.0,1191.0,4755
2025-07-16T11:47:00+05:30,1191.0,1191.6,1190.2,1191.3,1898
2025-07-16T11:48:00+05:30,1191.3,1192.1,1190.6,1192.1,1824
2025-07-16T11:49:00+05:30,1191.2,1193.2,1191.1,1193.2,607
2025-07-16T11:50:00+05:30,1192.1,1193.2,1192.0,1192.0,299
2025-07-16T11:51:00+05:30,1193.0,1193.1,1191.3,1192.0,790
2025-07-16T11:52:00+05:30,1192.0,1193.1,1191.6,1191.7,150
2025-07-16T11:53:00+05:30,1192.5,1192.5,1191.2,1191.8,256
2025-07-16T11:54:00+05:30,1191.5,1192.3,1191.3,1191.6,157
2025-07-16T11:55:00+05:30,1191.6,1191.6,1189.2,1190.0,1767
2025-07-16T11:56:00+05:30,1190.0,1190.0,1188.0,1190.0,1802
2025-07-16T11:57:00+05:30,1189.9,1189.9,1188.9,1189.0,464
2025-07-16T11:58:00+05:30,1189.8,1190.0,1189.7,1189.9,116
2025-07-16T11:59:00+05:30,1188.9,1188.9,1187.0,1188.6,2179
2025-07-16T12:00:00+05:30,1188.6,1188.6,1187.8,1188.5,176
2025-07-16T12:01:00+05:30,1188.5,1188.5,1187.8,1188.5,307
2025-07-16T12:02:00+05:30,1188.6,1190.0,1188.6,1189.8,671
2025-07-16T12:03:00+05:30,1189.8,1190.0,1189.2,1189.6,890
2025-07-16T12:04:00+05:30,1189.6,1189.8,1189.0,1189.6,243
2025-07-16T12:05:00+05:30,1189.6,1189.6,1188.4,1188.5,147
2025-07-16T12:06:00+05:30,1188.5,1188.5,1188.4,1188.5,75
2025-07-16T12:07:00+05:30,1188.4,1188.4,1187.0,1187.0,902
2025-07-16T12:08:00+05:30,1187.8,1188.4,1186.3,1187.4,2052
2025-07-16T12:09:00+05:30,1187.4,1187.6,1187.3,1187.6,176
2025-07-16T12:10:00+05:30,1187.6,1188.0,1186.5,1187.4,573
2025-07-16T12:11:00+05:30,1186.8,1187.6,1186.3,1187.5,225
2025-07-16T12:12:00+05:30,1187.5,1187.9,1187.0,1187.7,76
2025-07-16T12:13:00+05:30,1187.7,1187.7,1186.8,1187.3,366
2025-07-16T12:14:00+05:30,1187.2,1187.4,1185.6,1185.6,451
2025-07-16T12:15:00+05:30,1185.6,1186.3,1185.6,1186.3,50
2025-07-16T12:16:00+05:30,1186.0,1186.4,1185.6,1186.4,576
2025-07-16T12:17:00+05:30,1186.5,1187.4,1186.2,1186.5,71
2025-07-16T12:18:00+05:30,1186.2,1186.7,1186.2,1186.7,450
2025-07-16T12:19:00+05:30,1186.7,1186.7,1185.9,1186.6,38
2025-07-16T12:20:00+05:30,1185.9,1185.9,1185.6,1185.6,332
2025-07-16T12:21:00+05:30,1186.0,1186.0,1183.0,1183.0,2556
2025-07-16T12:22:00+05:30,1182.9,1183.1,1182.3,1183.1,1039
2025-07-16T12:23:00+05:30,1183.1,1183.5,1182.9,1182.9,260
2025-07-16T12:24:00+05:30,1182.9,1182.9,1181.7,1181.7,589
2025-07-16T12:25:00+05:30,1182.4,1182.8,1181.7,1182.3,152
2025-07-16T12:26:00+05:30,1182.3,1182.3,1180.2,1180.7,2624
2025-07-16T12:27:00+05:30,1180.3,1181.0,1180.3,1181.0,1048
2025-07-16T12:28:00+05:30,1181.4,1182.5,1180.1,1180.1,1553
2025-07-16T12:29:00+05:30,1180.1,1182.0,1180.1,1182.0,1198
2025-07-16T12:30:00+05:30,1181.3,1182.7,1181.3,1181.9,94
2025-07-16T12:31:00+05:30,1182.7,1183.5,1181.9,1182.2,523
2025-07-16T12:32:00+05:30,1182.2,1183.2,1182.2,1182.5,167
2025-07-16T12:33:00+05:30,1182.6,1186.1,1182.6,1183.6,2319
2025-07-16T12:34:00+05:30,1183.6,1183.6,1182.6,1182.9,178
2025-07-16T12:35:00+05:30,1182.9,1185.6,1182.9,1185.0,487
2025-07-16T12:36:00+05:30,1184.0,1184.9,1183.3,1183.3,858
2025-07-16T12:37:00+05:30,1183.9,1183.9,1183.4,1183.7,21
2025-07-16T12:38:00+05:30,1184.4,1186.0,1183.4,1185.3,2266
2025-07-16T12:39:00+05:30,1184.1,1185.0,1184.0,1185.0,134
2025-07-16T12:40:00+05:30,1184.1,1184.9,1183.0,1184.4,1730
2025-07-16T12:41:00+05:30,1183.5,1185.2,1183.5,1184.6,348
2025-07-16T12:42:00+05:30,1185.3,1186.0,1184.6,1184.6,894
2025-07-16T12:43:00+05:30,1184.2,1184.6,1183.8,1184.6,191
2025-07-16T12:44:00+05:30,1185.6,1185.7,1184.4,1184.4,111
2025-07-16T12:45:00+05:30,1184.8,1185.0,1184.1,1184.1,202
2025-07-16T12:46:00+05:30,1184.1,1185.4,1184.1,1184.2,62
2025-07-16T12:47:00+05:30,1184.2,1184.4,1184.2,1184.4,2
2025-07-16T12:48:00+05:30,1185.0,1185.0,1183.9,1184.1,117
2025-07-16T12:49:00+05:30,1184.1,1184.1,1183.0,1183.0,66
2025-07-16T12:50:00+05:30,1183.5,1183.5,1183.0,1183.0,76
2025-07-16T12:51:00+05:30,1183.5,1183.6,1183.0,1183.0,328
2025-07-16T12:52:00+05:30,1183.0,1183.0,1181.8,1182.4,1155
2025-07-16T12:53:00+05:30,1182.3,1182.3,1181.8,1181.8,132
2025-07-16T12:54:00+05:30,1181.8,1182.9,1179.4,1180.2,219
2025-07-16T12:55:00+05:30,1181.0,1182.7,1179.2,1182.6,5148
2025-07-16T12:56:00+05:30,1181.5,1182.4,1181.4,1181.5,279
2025-07-16T12:57:00+05:30,1182.3,1182.4,1181.1,1181.3,102
2025-07-16T12:58:00+05:30,1182.3,1182.4,1180.1,1180.1,536
2025-07-16T12:59:00+05:30,1181.1,1181.7,1180.7,1180.8,1130
2025-07-16T13:00:00+05:30,1181.8,1181.8,1180.9,1180.9,2
2025-07-16T13:01:00+05:30,1180.9,1180.9,1180.8,1180.9,8
2025-07-16T13:02:00+05:30,1181.5,1181.5,1180.9,1180.9,6
2025-07-16T13:03:00+05:30,1180.9,1180.9,1180.9,1180.9,430
2025-07-16T13:04:00+05:30,1181.5,1182.0,1180.9,1180.9,23
2025-07-16T13:05:00+05:30,1181.7,1181.8,1181.0,1181.0,39
2025-07-16T13:06:00+05:30,1181.0,1182.0,1181.0,1181.1,93
2025-07-16T13:07:00+05:30,1181.9,1181.9,1181.2,1181.2,74
2025-07-16T13:08:00+05:30,1181.2,1181.7,1181.2,1181.3,496
2025-07-16T13:09:00+05:30,1181.3,1182.8,1181.3,1181.4,401
2025-07-16T13:10:00+05:30,1182.0,1182.7,1181.3,1181.4,1001
2025-07-16T13:11:00+05:30,1181.4,1181.4,1181.4,1181.4,2
2025-07-16T13:12:00+05:30,1182.0,1182.3,1181.6,1181.6,64
2025-07-16T13:14:00+05:30,1182.3,1183.0,1181.8,1183.0,172
2025-07-16T13:15:00+05:30,1182.1,1183.0,1182.0,1182.0,58
2025-07-16T13:16:00+05:30,1182.1,1182.1,1182.0,1182.0,100
2025-07-16T13:17:00+05:30,1182.0,1182.0,1182.0,1182.0,153
2025-07-16T13:18:00+05:30,1182.0,1182.0,1182.0,1182.0,60
2025-07-16T13:19:00+05:30,1182.7,1182.8,1182.0,1182.0,213
2025-07-16T13:20:00+05:30,1182.0,1182.0,1182.0,1182.0,24
2025-07-16T13:21:00+05:30,1182.0,1183.5,1181.6,1183.5,416
2025-07-16T13:22:00+05:30,1182.2,1184.5,1182.2,1182.7,625
2025-07-16T13:23:00+05:30,1182.8,1183.8,1182.8,1183.3,185
2025-07-16T13:24:00+05:30,1184.5,1184.6,1183.5,1183.5,237
2025-07-16T13:25:00+05:30,1183.5,1184.7,1183.5,1183.7,90
2025-07-16T13:26:00+05:30,1184.3,1184.5,1181.0,1181.1,1353
2025-07-16T13:27:00+05:30,1181.8,1182.0,1179.2,1180.0,1014
2025-07-16T13:28:00+05:30,1179.1,1179.1,1178.9,1179.1,282
2025-07-16T13:29:00+05:30,1179.9,1180.5,1179.0,1180.0,242
2025-07-16T13:30:00+05:30,1180.0,1180.0,1179.1,1179.7,289
2025-07-16T13:31:00+05:30,1179.9,1180.0,1179.9,1180.0,19
2025-07-16T13:32:00+05:30,1179.9,1180.0,1179.1,1180.0,114
2025-07-16T13:33:00+05:30,1179.9,1180.0,1179.9,1179.9,149
2025-07-16T13:34:00+05:30,1179.1,1179.9,1179.0,1179.0,796
2025-07-16T13:35:00+05:30,1179.6,1180.0,1179.0,1179.4,170
2025-07-16T13:36:00+05:30,1179.9,1180.0,1179.9,1180.0,67
2025-07-16T13:37:00+05:30,1180.0,1180.1,1180.0,1180.1,101
2025-07-16T13:39:00+05:30,1180.2,1180.7,1180.1,1180.2,75
2025-07-16T13:40:00+05:30,1180.6,1181.6,1180.4,1180.5,582
2025-07-16T13:41:00+05:30,1180.4,1180.7,1180.2,1180.2,115
2025-07-16T13:42:00+05:30,1180.5,1180.5,1179.4,1180.2,204
2025-07-16T13:43:00+05:30,1179.4,1180.4,1179.3,1179.3,8
2025-07-16T13:44:00+05:30,1180.0,1180.3,1179.3,1180.3,113
2025-07-16T13:45:00+05:30,1180.1,1180.9,1180.1,1180.2,295
2025-07-16T13:46:00+05:30,1179.4,1179.9,1178.3,1179.9,1029
2025-07-16T13:47:00+05:30,1178.7,1180.5,1178.7,1180.2,497
2025-07-16T13:48:00+05:30,1179.5,1180.7,1179.1,1179.4,221
2025-07-16T13:49:00+05:30,1179.4,1180.5,1179.4,1180.5,26
2025-07-16T13:50:00+05:30,1180.2,1180.5,1180.2,1180.5,25
2025-07-16T13:51:00+05:30,1179.5,1179.5,1179.5,1179.5,54
2025-07-16T13:52:00+05:30,1179.5,1180.2,1179.5,1179.6,207
2025-07-16T13:53:00+05:30,1179.5,1180.2,1179.5,1180.2,25
2025-07-16T13:54:00+05:30,1180.2,1180.2,1179.5,1179.5,135
2025-07-16T13:55:00+05:30,1180.1,1180.7,1180.1,1180.2,137
2025-07-16T13:56:00+05:30,1179.5,1180.9,1179.5,1180.5,246
2025-07-16T13:57:00+05:30,1181.4,1181.9,1180.4,1180.4,403
2025-07-16T13:58:00+05:30,1180.4,1181.2,1180.4,1180.4,173
2025-07-16T13:59:00+05:30,1180.4,1180.4,1180.3,1180.4,233
2025-07-16T14:00:00+05:30,1180.5,1181.0,1179.2,1180.0,1113
2025-07-16T14:01:00+05:30,1180.0,1180.9,1180.0,1180.0,65
2025-07-16T14:02:00+05:30,1180.0,1180.8,1179.8,1179.8,69
2025-07-16T14:03:00+05:30,1179.9,1179.9,1179.8,1179.8,26
2025-07-16T14:04:00+05:30,1179.8,1180.1,1179.1,1179.1,136
2025-07-16T14:05:00+05:30,1179.7,1180.6,1179.7,1180.2,160
2025-07-16T14:06:00+05:30,1180.2,1180.2,1179.2,1179.2,87
2025-07-16T14:07:00+05:30,1179.2,1179.8,1179.2,1179.2,233
2025-07-16T14:08:00+05:30,1179.8,1180.5,1179.3,1179.3,115
2025-07-16T14:09:00+05:30,1180.1,1180.2,1180.0,1180.2,48
2025-07-16T14:10:00+05:30,1180.2,1180.6,1180.1,1180.6,90
2025-07-16T14:11:00+05:30,1180.2,1180.7,1180.2,1180.7,64
2025-07-16T14:12:00+05:30,1180.8,1184.5,1180.0,1181.6,4016
2025-07-16T14:13:00+05:30,1181.7,1183.6,1181.7,1182.5,478
2025-07-16T14:14:00+05:30,1182.7,1184.1,1181.4,1181.5,595
2025-07-16T14:15:00+05:30,1181.8,1183.0,1181.8,1182.2,97
2025-07-16T14:16:00+05:30,1182.2,1183.0,1182.2,1183.0,351
2025-07-16T14:17:00+05:30,1182.4,1183.0,1182.3,1183.0,20
2025-07-16T14:18:00+05:30,1183.0,1183.0,1182.3,1182.3,40
2025-07-16T14:19:00+05:30,1183.0,1183.0,1182.4,1183.0,28
2025-07-16T14:20:00+05:30,1182.4,1183.0,1180.7,1181.5,283
2025-07-16T14:21:00+05:30,1181.5,1181.5,1181.5,1181.5,1
2025-07-16T14:22:00+05:30,1182.0,1182.5,1180.9,1180.9,188
2025-07-16T14:23:00+05:30,1180.6,1181.5,1180.6,1181.0,29
2025-07-16T14:24:00+05:30,1181.0,1181.5,1181.0,1181.2,151
2025-07-16T14:25:00+05:30,1181.2,1181.3,1181.1,1181.3,66
2025-07-16T14:26:00+05:30,1181.4,1182.0,1181.3,1181.4,12
2025-07-16T14:27:00+05:30,1181.4,1182.5,1181.4,1182.0,135
2025-07-16T14:28:00+05:30,1182.0,1183.0,1181.4,1182.6,516
2025-07-16T14:29:00+05:30,1182.0,1182.4,1181.8,1181.8,574
2025-07-16T14:30:00+05:30,1181.8,1181.8,1181.8,1181.8,92
2025-07-16T14:31:00+05:30,1182.4,1183.4,1181.8,1182.0,385
2025-07-16T14:32:00+05:30,1183.0,1183.8,1181.9,1182.7,424
2025-07-16T14:33:00+05:30,1182.7,1182.8,1182.7,1182.8,90
2025-07-16T14:34:00+05:30,1182.8,1186.9,1182.8,1186.9,1238
2025-07-16T14:35:00+05:30,1186.6,1190.0,1186.6,1189.5,818
2025-07-16T14:36:00+05:30,1188.9,1189.5,1188.9,1189.0,822
2025-07-16T14:37:00+05:30,1188.9,1188.9,1185.4,1187.4,954
2025-07-16T14:38:00+05:30,1188.0,1189.1,1186.9,1189.1,284
2025-07-16T14:39:00+05:30,1189.0,1189.9,1188.7,1189.1,350
2025-07-16T14:40:00+05:30,1189.1,1189.1,1186.1,1186.4,1151
2025-07-16T14:41:00+05:30,1186.1,1188.2,1186.1,1186.6,165
2025-07-16T14:42:00+05:30,1186.6,1187.6,1186.6,1186.6,5
2025-07-16T14:43:00+05:30,1186.6,1186.6,1186.4,1186.4,75
2025-07-16T14:44:00+05:30,1187.0,1187.6,1187.0,1187.1,192
2025-07-16T14:45:00+05:30,1187.8,1188.8,1187.4,1188.8,380
2025-07-16T14:46:00+05:30,1187.7,1187.8,1187.6,1187.6,42
2025-07-16T14:47:00+05:30,1187.6,1188.0,1187.6,1187.6,194
2025-07-16T14:48:00+05:30,1187.6,1188.8,1187.6,1187.8,381
2025-07-16T14:49:00+05:30,1187.8,1187.8,1186.6,1186.7,456
2025-07-16T14:50:00+05:30,1186.7,1188.0,1185.9,1188.0,974
2025-07-16T14:51:00+05:30,1187.1,1187.8,1186.5,1187.8,176
2025-07-16T14:52:00+05:30,1187.8,1188.5,1187.2,1187.2,1283
2025-07-16T14:53:00+05:30,1187.5,1188.5,1186.0,1186.4,1289
2025-07-16T14:54:00+05:30,1186.2,1186.2,1186.2,1186.2,11
2025-07-16T14:55:00+05:30,1186.0,1187.0,1185.9,1186.9,123
2025-07-16T14:56:00+05:30,1186.0,1187.0,1185.8,1186.2,1030
2025-07-16T14:57:00+05:30,1186.2,1187.0,1185.9,1187.0,1068
2025-07-16T14:58:00+05:30,1186.3,1188.8,1186.3,1187.9,882
2025-07-16T14:59:00+05:30,1188.7,1188.9,1187.8,1187.8,301
2025-07-16T15:00:00+05:30,1188.9,1190.0,1186.3,1186.3,3794
2025-07-16T15:01:00+05:30,1186.9,1186.9,1185.0,1186.5,893
2025-07-16T15:02:00+05:30,1186.5,1186.5,1184.5,1184.9,825
2025-07-16T15:03:00+05:30,1185.3,1186.0,1184.3,1186.0,1350
2025-07-16T15:04:00+05:30,1185.2,1185.8,1183.9,1185.0,1524
2025-07-16T15:05:00+05:30,1185.6,1185.6,1182.3,1182.7,3588
2025-07-16T15:06:00+05:30,1182.6,1182.6,1178.8,1179.5,3869
2025-07-16T15:07:00+05:30,1179.5,1180.0,1178.8,1178.8,1389
2025-07-16T15:08:00+05:30,1179.4,1181.7,1178.0,1181.3,2012
2025-07-16T15:09:00+05:30,1181.8,1183.2,1181.6,1182.4,761
2025-07-16T15:10:00+05:30,1182.6,1182.8,1180.9,1181.6,1713
2025-07-16T15:11:00+05:30,1182.1,1182.4,1180.8,1181.8,927
2025-07-16T15:12:00+05:30,1181.8,1182.8,1181.2,1182.7,2839
2025-07-16T15:13:00+05:30,1182.5,1182.6,1181.0,1182.5,2445
2025-07-16T15:14:00+05:30,1182.5,1184.0,1181.7,1183.8,2269
2025-07-16T15:15:00+05:30,1182.8,1183.7,1182.1,1182.1,1592
2025-07-16T15:16:00+05:30,1182.1,1183.0,1181.0,1182.2,2088
2025-07-16T15:17:00+05:30,1182.4,1182.6,1181.1,1181.1,990
2025-07-16T15:18:00+05:30,1181.8,1182.8,1180.0,1182.6,2426
2025-07-16T15:19:00+05:30,1182.5,1184.5,1181.6,1182.9,3714
2025-07-16T15:20:00+05:30,1183.7,1185.0,1183.0,1184.0,3912
2025-07-16T15:21:00+05:30,1184.0,1184.0,1182.9,1183.9,1977
2025-07-16T15:22:00+05:30,1184.6,1184.9,1184.0,1184.0,431
2025-07-16T15:23:00+05:30,1184.5,1184.5,1184.0,1184.0,1075
2025-07-16T15:24:00+05:30,1184.0,1184.0,1182.7,1184.0,2811
2025-07-16T15:25:00+05:30,1183.0,1184.0,1182.0,1183.1,2815
2025-07-16T15:26:00+05:30,1183.2,1183.9,1182.0,1182.3,1364
2025-07-16T15:27:00+05:30,1182.3,1184.0,1182.3,1183.0,1453
2025-07-16T15:28:00+05:30,1183.0,1186.9,1183.0,1183.8,3017
2025-07-16T15:29:00+05:30,1183.8,1186.9,1183.0,1183.4,1814
2025-07-15T09:15:00+05:30,1170.5,1177.9,1168.5,1172.9,3345
2025-07-15T09:16:00+05:30,1172.7,1177.2,1170.8,1176.6,1427
2025-07-15T09:17:00+05:30,1175.7,1185.5,1174.5,1183.8,6323
2025-07-15T09:18:00+05:30,1183.8,1185.8,1180.8,1183.6,1651
2025-07-15T09:19:00+05:30,1183.4,1185.8,1181.7,1183.0,2003
2025-07-15T09:20:00+05:30,1183.6,1185.9,1177.0,1177.1,2820
2025-07-15T09:21:00+05:30,1177.1,1180.0,1176.4,1179.0,614
2025-07-15T09:22:00+05:30,1180.0,1180.0,1178.0,1178.0,646
2025-07-15T09:23:00+05:30,1177.3,1179.5,1177.3,1179.5,661
2025-07-15T09:24:00+05:30,1179.4,1179.4,1177.3,1177.3,825
2025-07-15T09:25:00+05:30,1177.3,1177.8,1174.5,1174.5,2737
2025-07-15T09:26:00+05:30,1174.0,1174.4,1171.0,1171.0,1533
2025-07-15T09:27:00+05:30,1171.0,1171.0,1170.0,1170.1,781
2025-07-15T09:28:00+05:30,1170.3,1172.2,1170.2,1172.2,734
2025-07-15T09:29:00+05:30,1171.7,1175.0,1171.7,1174.0,880
2025-07-15T09:30:00+05:30,1174.9,1174.9,1173.0,1173.0,394
2025-07-15T09:31:00+05:30,1172.9,1173.5,1172.0,1173.5,1306
2025-07-15T09:32:00+05:30,1173.5,1173.5,1172.0,1173.0,948
2025-07-15T09:33:00+05:30,1173.1,1174.0,1166.0,1166.0,4501
2025-07-15T09:34:00+05:30,1165.4,1168.2,1164.3,1168.1,1304
2025-07-15T09:35:00+05:30,1168.0,1168.7,1168.0,1168.0,554
2025-07-15T09:36:00+05:30,1168.0,1170.0,1168.0,1169.2,353
2025-07-15T09:37:00+05:30,1169.2,1170.1,1169.0,1169.0,218
2025-07-15T09:38:00+05:30,1169.6,1171.2,1169.6,1170.6,96
2025-07-15T09:39:00+05:30,1170.6,1171.5,1170.6,1171.5,291
2025-07-15T09:40:00+05:30,1171.9,1173.2,1171.9,1173.2,372
2025-07-15T09:41:00+05:30,1172.5,1173.0,1170.6,1170.7,1012
2025-07-15T09:42:00+05:30,1171.3,1171.3,1170.7,1170.7,71
2025-07-15T09:43:00+05:30,1171.0,1172.0,1171.0,1171.1,260
2025-07-15T09:44:00+05:30,1171.8,1171.8,1171.1,1171.8,106
2025-07-15T09:45:00+05:30,1171.2,1171.8,1171.1,1171.1,114
2025-07-15T09:46:00+05:30,1171.1,1171.1,1171.0,1171.0,93
2025-07-15T09:47:00+05:30,1171.8,1172.0,1171.2,1171.8,211
2025-07-15T09:48:00+05:30,1172.9,1173.2,1172.3,1173.1,152
2025-07-15T09:49:00+05:30,1173.2,1173.3,1172.3,1172.3,195
2025-07-15T09:50:00+05:30,1172.3,1174.0,1172.3,1174.0,228
2025-07-15T09:51:00+05:30,1174.0,1175.0,1173.8,1174.4,205
2025-07-15T09:52:00+05:30,1175.0,1177.0,1174.8,1177.0,1409
2025-07-15T09:53:00+05:30,1177.0,1179.1,1177.0,1179.0,474
2025-07-15T09:54:00+05:30,1178.8,1178.9,1172.8,1173.7,1310
2025-07-15T09:55:00+05:30,1173.5,1175.4,1172.4,1175.4,2948
2025-07-15T09:56:00+05:30,1175.4,1175.5,1172.0,1172.0,445
2025-07-15T09:57:00+05:30,1171.2,1171.8,1170.3,1170.6,711
2025-07-15T09:58:00+05:30,1170.7,1171.4,1170.6,1170.6,257
2025-07-15T09:59:00+05:30,1170.3,1170.8,1169.9,1170.8,281
2025-07-15T10:00:00+05:30,1170.7,1172.2,1170.7,1171.0,433
2025-07-15T10:01:00+05:30,1170.6,1170.6,1168.5,1169.2,251
2025-07-15T10:02:00+05:30,1169.9,1172.7,1169.8,1172.7,201
2025-07-15T10:03:00+05:30,1172.0,1172.0,1170.1,1170.2,122
2025-07-15T10:04:00+05:30,1170.3,1171.0,1170.3,1170.8,44
2025-07-15T10:05:00+05:30,1171.1,1171.8,1171.0,1171.2,225
2025-07-15T10:06:00+05:30,1171.7,1172.0,1171.2,1172.0,71
2025-07-15T10:07:00+05:30,1171.2,1171.2,1169.1,1169.1,869
2025-07-15T10:08:00+05:30,1169.2,1169.7,1169.2,1169.6,95
2025-07-15T10:09:00+05:30,1169.5,1170.1,1169.5,1169.6,219
2025-07-15T10:10:00+05:30,1169.5,1169.7,1169.5,1169.5,44
2025-07-15T10:11:00+05:30,1170.0,1170.0,1169.6,1170.0,174
2025-07-15T10:12:00+05:30,1169.6,1174.0,1169.5,1173.7,1011
2025-07-15T10:13:00+05:30,1173.6,1173.8,1173.6,1173.6,62
2025-07-15T10:14:00+05:30,1173.6,1173.6,1172.8,1173.2,255
2025-07-15T10:15:00+05:30,1173.1,1174.1,1173.1,1174.1,30
2025-07-15T10:16:00+05:30,1174.1,1174.8,1172.4,1172.4,1382
2025-07-15T10:17:00+05:30,1172.4,1172.4,1172.4,1172.4,27
2025-07-15T10:18:00+05:30,1173.0,1173.0,1171.0,1172.0,750
2025-07-15T10:19:00+05:30,1172.0,1172.0,1171.5,1171.5,98
2025-07-15T10:20:00+05:30,1172.0,1172.0,1171.8,1171.8,9
2025-07-15T10:21:00+05:30,1171.8,1172.6,1171.8,1172.6,81
2025-07-15T10:22:00+05:30,1172.1,1173.0,1172.1,1173.0,159
2025-07-15T10:23:00+05:30,1174.2,1174.2,1173.1,1173.1,16
2025-07-15T10:24:00+05:30,1173.2,1173.9,1173.2,1173.4,85
2025-07-15T10:25:00+05:30,1173.8,1173.9,1173.3,1173.8,108
2025-07-15T10:26:00+05:30,1173.8,1173.8,1173.3,1173.3,82
2025-07-15T10:27:00+05:30,1173.7,1173.7,1173.3,1173.3,62
2025-07-15T10:28:00+05:30,1173.7,1175.0,1173.7,1175.0,121
2025-07-15T10:29:00+05:30,1174.9,1175.0,1173.7,1174.4,115
2025-07-15T10:30:00+05:30,1174.4,1175.6,1174.4,1174.6,221
2025-07-15T10:31:00+05:30,1175.1,1175.7,1174.1,1174.1,78
2025-07-15T10:32:00+05:30,1174.9,1174.9,1174.1,1174.2,110
2025-07-15T10:33:00+05:30,1174.2,1174.9,1174.2,1174.4,54
2025-07-15T10:34:00+05:30,1174.4,1174.9,1174.4,1174.4,60
2025-07-15T10:35:00+05:30,1174.5,1174.5,1173.3,1173.8,275
2025-07-15T10:36:00+05:30,1173.3,1173.8,1173.0,1173.5,111
2025-07-15T10:37:00+05:30,1173.5,1173.5,1171.9,1171.9,217
2025-07-15T10:38:00+05:30,1171.9,1171.9,1171.4,1171.6,142
2025-07-15T10:39:00+05:30,1172.4,1173.7,1172.4,1172.7,355
2025-07-15T10:40:00+05:30,1172.8,1173.9,1172.8,1173.8,303
2025-07-15T10:41:00+05:30,1173.5,1173.9,1173.0,1173.0,55
2025-07-15T10:42:00+05:30,1173.0,1173.7,1173.0,1173.0,33
2025-07-15T10:43:00+05:30,1173.0,1176.0,1172.8,1176.0,288
2025-07-15T10:44:00+05:30,1176.0,1176.1,1174.2,1174.2,169
2025-07-15T10:45:00+05:30,1174.5,1174.5,1173.6,1174.3,16
2025-07-15T10:46:00+05:30,1173.8,1173.8,1173.7,1173.7,104
2025-07-15T10:47:00+05:30,1173.5,1173.6,1172.8,1172.8,110
2025-07-15T10:48:00+05:30,1173.5,1173.6,1172.6,1172.6,44
2025-07-15T10:49:00+05:30,1172.7,1173.6,1172.7,1173.6,185
2025-07-15T10:50:00+05:30,1173.6,1175.0,1173.6,1175.0,151
2025-07-15T10:51:00+05:30,1174.1,1174.2,1173.6,1173.6,255
2025-07-15T10:52:00+05:30,1174.6,1174.6,1173.6,1173.6,8
2025-07-15T10:53:00+05:30,1173.3,1173.9,1173.1,1173.7,68
2025-07-15T10:54:00+05:30,1172.6,1173.5,1172.4,1172.5,224
2025-07-15T10:55:00+05:30,1172.6,1172.6,1172.5,1172.6,48
2025-07-15T10:56:00+05:30,1173.1,1173.1,1172.6,1173.1,10
2025-07-15T10:57:00+05:30,1172.6,1173.1,1172.6,1172.6,7
2025-07-15T10:58:00+05:30,1173.3,1174.1,1173.3,1174.1,347
2025-07-15T10:59:00+05:30,1174.7,1174.9,1174.2,1174.2,84
2025-07-15T11:00:00+05:30,1174.9,1175.0,1174.3,1175.0,113
2025-07-15T11:01:00+05:30,1175.0,1176.0,1175.0,1176.0,208
2025-07-15T11:02:00+05:30,1176.8,1180.6,1176.8,1178.2,4256
2025-07-15T11:03:00+05:30,1178.2,1178.8,1177.7,1177.8,64
2025-07-15T11:04:00+05:30,1177.8,1181.9,1177.8,1179.0,1385
2025-07-15T11:05:00+05:30,1179.8,1181.7,1178.2,1179.3,1319
2025-07-15T11:06:00+05:30,1179.0,1179.0,1178.2,1179.0,112
2025-07-15T11:07:00+05:30,1178.9,1179.3,1177.9,1177.9,298
2025-07-15T11:08:00+05:30,1178.7,1180.0,1177.9,1178.8,126
2025-07-15T11:09:00+05:30,1177.9,1178.7,1177.5,1177.5,372
2025-07-15T11:10:00+05:30,1178.9,1179.0,1177.4,1177.4,332
2025-07-15T11:11:00+05:30,1177.5,1177.9,1177.5,1177.9,55
2025-07-15T11:12:00+05:30,1177.9,1178.0,1175.6,1175.6,615
2025-07-15T11:13:00+05:30,1176.2,1176.2,1175.6,1175.8,99
2025-07-15T11:14:00+05:30,1176.0,1177.5,1176.0,1177.5,75
2025-07-15T11:15:00+05:30,1177.9,1178.0,1176.7,1176.7,84
2025-07-15T11:16:00+05:30,1176.7,1177.1,1176.3,1177.0,157
2025-07-15T11:17:00+05:30,1175.8,1177.0,1175.8,1177.0,228
2025-07-15T11:19:00+05:30,1176.5,1176.5,1176.5,1176.5,10
2025-07-15T11:20:00+05:30,1176.8,1176.8,1175.1,1175.1,133
2025-07-15T11:21:00+05:30,1176.0,1176.0,1175.3,1175.3,78
2025-07-15T11:22:00+05:30,1175.9,1176.9,1175.4,1175.5,621
2025-07-15T11:23:00+05:30,1176.4,1176.7,1175.5,1176.7,120
2025-07-15T11:24:00+05:30,1175.7,1176.3,1175.7,1176.3,82
2025-07-15T11:25:00+05:30,1177.0,1177.8,1176.6,1177.8,310
2025-07-15T11:26:00+05:30,1177.3,1178.5,1177.3,1178.5,311
2025-07-15T11:27:00+05:30,1178.4,1179.0,1177.8,1179.0,444
2025-07-15T11:28:00+05:30,1178.5,1180.0,1178.5,1180.0,246
2025-07-15T11:29:00+05:30,1179.5,1179.5,1178.5,1179.4,922
2025-07-15T11:30:00+05:30,1179.8,1179.8,1179.2,1179.8,92
2025-07-15T11:31:00+05:30,1179.8,1179.8,1179.8,1179.8,81
2025-07-15T11:32:00+05:30,1179.7,1180.0,1178.5,1179.0,724
2025-07-15T11:33:00+05:30,1179.0,1179.8,1178.3,1179.0,102
2025-07-15T11:34:00+05:30,1179.0,1179.0,1178.9,1178.9,120
2025-07-15T11:35:00+05:30,1178.1,1178.1,1177.8,1177.8,229
2025-07-15T11:36:00+05:30,1177.3,1177.3,1177.3,1177.3,15
2025-07-15T11:37:00+05:30,1177.3,1177.3,1177.2,1177.2,65
2025-07-15T11:38:00+05:30,1176.4,1177.2,1176.4,1176.9,196
2025-07-15T11:39:00+05:30,1177.1,1177.1,1176.9,1177.1,70
2025-07-15T11:40:00+05:30,1177.1,1177.1,1176.8,1176.8,51
2025-07-15T11:41:00+05:30,1176.8,1177.0,1175.7,1175.7,145
2025-07-15T11:42:00+05:30,1175.3,1175.9,1175.3,1175.3,17
2025-07-15T11:43:00+05:30,1175.7,1176.0,1175.1,1176.0,132
2025-07-15T11:44:00+05:30,1175.6,1176.2,1174.5,1174.9,82
2025-07-15T11:45:00+05:30,1174.8,1177.8,1174.8,1177.8,855
2025-07-15T11:46:00+05:30,1176.4,1177.0,1176.1,1177.0,7
2025-07-15T11:47:00+05:30,1176.1,1176.8,1176.1,1176.8,32
2025-07-15T11:48:00+05:30,1176.8,1176.8,1176.5,1176.5,144
2025-07-15T11:49:00+05:30,1176.7,1177.0,1176.7,1177.0,55
2025-07-15T11:50:00+05:30,1176.7,1178.0,1176.7,1177.7,159
2025-07-15T11:51:00+05:30,1177.1,1177.8,1177.0,1177.0,154
2025-07-15T11:52:00+05:30,1177.0,1177.0,1176.2,1176.2,16
2025-07-15T11:53:00+05:30,1176.2,1177.0,1175.0,1175.8,877
2025-07-15T11:54:00+05:30,1176.7,1177.1,1176.3,1176.3,112
2025-07-15T11:55:00+05:30,1176.8,1176.8,1174.8,1174.9,571
2025-07-15T11:56:00+05:30,1174.2,1174.2,1172.8,1173.7,638
2025-07-15T11:57:00+05:30,1173.7,1174.2,1173.7,1174.2,139
2025-07-15T11:58:00+05:30,1173.7,1174.8,1173.7,1174.8,43
2025-07-15T11:59:00+05:30,1174.0,1174.7,1174.0,1174.0,47
2025-07-15T12:00:00+05:30,1174.0,1174.7,1174.0,1174.2,60
2025-07-15T12:01:00+05:30,1173.7,1173.9,1173.7,1173.9,10
2025-07-15T12:02:00+05:30,1173.9,1173.9,1173.2,1173.2,113
2025-07-15T12:03:00+05:30,1173.2,1174.1,1173.1,1174.1,123
2025-07-15T12:05:00+05:30,1173.7,1174.1,1173.7,1174.1,7
2025-07-15T12:06:00+05:30,1174.1,1174.1,1173.7,1173.7,72
2025-07-15T12:07:00+05:30,1174.1,1174.1,1173.5,1174.1,18
2025-07-15T12:08:00+05:30,1174.1,1174.1,1173.3,1173.4,247
2025-07-15T12:10:00+05:30,1173.8,1174.1,1173.7,1174.1,59
2025-07-15T12:11:00+05:30,1174.2,1175.0,1174.2,1175.0,451
2025-07-15T12:12:00+05:30,1174.0,1174.9,1173.9,1174.9,26
2025-07-15T12:13:00+05:30,1173.9,1175.0,1173.8,1174.3,148
2025-07-15T12:14:00+05:30,1174.9,1174.9,1174.1,1174.1,31
2025-07-15T12:15:00+05:30,1174.1,1174.1,1174.1,1174.1,2
2025-07-15T12:16:00+05:30,1174.5,1174.8,1174.2,1174.8,182
2025-07-15T12:17:00+05:30,1174.8,1174.8,1174.1,1174.5,7
2025-07-15T12:18:00+05:30,1174.1,1174.1,1174.1,1174.1,41
2025-07-15T12:19:00+05:30,1174.5,1174.5,1174.1,1174.1,95
2025-07-15T12:20:00+05:30,1174.5,1174.8,1174.3,1174.8,153
2025-07-15T12:21:00+05:30,1174.2,1174.2,1173.5,1173.5,585
2025-07-15T12:22:00+05:30,1173.0,1173.6,1172.1,1173.5,571
2025-07-15T12:23:00+05:30,1173.2,1173.8,1173.0,1173.1,44
2025-07-15T12:24:00+05:30,1173.8,1174.0,1173.5,1174.0,74
2025-07-15T12:25:00+05:30,1173.4,1173.8,1172.7,1173.8,119
2025-07-15T12:26:00+05:30,1173.1,1173.3,1173.1,1173.3,5
2025-07-15T12:27:00+05:30,1173.5,1173.5,1173.0,1173.0,163
2025-07-15T12:28:00+05:30,1173.0,1175.0,1173.0,1174.4,298
2025-07-15T12:29:00+05:30,1174.4,1174.4,1171.4,1171.4,423
2025-07-15T12:30:00+05:30,1172.0,1172.0,1170.1,1171.0,851
2025-07-15T12:31:00+05:30,1171.0,1171.6,1170.0,1171.6,1364
2025-07-15T12:32:00+05:30,1172.5,1174.1,1171.9,1174.1,391
2025-07-15T12:33:00+05:30,1173.4,1176.3,1173.0,1176.3,332
2025-07-15T12:34:00+05:30,1176.2,1177.6,1176.2,1177.0,197
2025-07-15T12:35:00+05:30,1177.1,1178.8,1177.1,1178.8,303
2025-07-15T12:36:00+05:30,1179.0,1179.0,1177.7,1178.5,718
2025-07-15T12:37:00+05:30,1178.5,1178.9,1176.0,1177.0,399
2025-07-15T12:38:00+05:30,1178.2,1179.0,1177.3,1178.3,222
2025-07-15T12:39:00+05:30,1178.3,1179.5,1178.1,1179.2,663
2025-07-15T12:40:00+05:30,1179.9,1180.0,1178.1,1179.1,1288
2025-07-15T12:41:00+05:30,1179.1,1179.7,1178.6,1179.7,546
2025-07-15T12:42:00+05:30,1178.8,1179.2,1178.8,1178.8,153
2025-07-15T12:43:00+05:30,1178.8,1179.6,1178.8,1179.6,274
2025-07-15T12:44:00+05:30,1178.9,1179.8,1178.7,1179.8,202
2025-07-15T12:45:00+05:30,1179.3,1179.8,1179.3,1179.8,132
2025-07-15T12:46:00+05:30,1179.4,1179.8,1179.3,1179.8,353
2025-07-15T12:47:00+05:30,1179.3,1179.8,1179.2,1179.3,195
2025-07-15T12:48:00+05:30,1179.3,1179.8,1179.3,1179.3,43
2025-07-15T12:49:00+05:30,1179.8,1179.8,1179.2,1179.2,162
2025-07-15T12:50:00+05:30,1179.2,1179.8,1179.0,1179.0,321
2025-07-15T12:51:00+05:30,1179.6,1179.8,1179.0,1179.6,577
2025-07-15T12:52:00+05:30,1179.5,1180.0,1179.3,1179.3,1078
2025-07-15T12:53:00+05:30,1179.3,1180.0,1179.3,1179.9,364
2025-07-15T12:54:00+05:30,1179.3,1179.9,1178.7,1179.9,1277
2025-07-15T12:55:00+05:30,1180.0,1180.0,1179.1,1179.4,1157
2025-07-15T12:56:00+05:30,1179.4,1180.0,1179.2,1179.2,236
2025-07-15T12:57:00+05:30,1179.1,1180.0,1178.8,1179.1,205
2025-07-15T12:58:00+05:30,1179.7,1180.0,1178.7,1178.9,346
2025-07-15T12:59:00+05:30,1179.6,1179.6,1179.5,1179.6,140
2025-07-15T13:00:00+05:30,1179.7,1179.8,1179.6,1179.8,33
2025-07-15T13:01:00+05:30,1179.9,1180.6,1178.8,1179.0,567
2025-07-15T13:02:00+05:30,1179.7,1180.6,1179.3,1179.4,418
2025-07-15T13:03:00+05:30,1180.0,1180.9,1179.4,1180.0,89
2025-07-15T13:04:00+05:30,1180.0,1180.9,1179.3,1180.1,563
2025-07-15T13:05:00+05:30,1180.0,1180.9,1179.3,1180.0,253
2025-07-15T13:06:00+05:30,1180.0,1181.1,1179.9,1180.0,355
2025-07-15T13:07:00+05:30,1181.0,1181.2,1179.9,1180.2,533
2025-07-15T13:08:00+05:30,1180.2,1180.2,1179.9,1179.9,835
2025-07-15T13:09:00+05:30,1179.9,1181.9,1179.9,1180.1,1969
2025-07-15T13:10:00+05:30,1180.1,1180.3,1180.0,1180.3,133
2025-07-15T13:11:00+05:30,1180.4,1181.3,1179.4,1180.3,125
2025-07-15T13:12:00+05:30,1180.3,1181.4,1180.0,1180.1,215
2025-07-15T13:13:00+05:30,1180.1,1180.2,1180.1,1180.1,80
2025-07-15T13:14:00+05:30,1180.9,1180.9,1179.5,1179.5,405
2025-07-15T13:15:00+05:30,1178.7,1182.0,1178.3,1179.3,2888
2025-07-15T13:16:00+05:30,1179.3,1180.0,1179.0,1180.0,173
2025-07-15T13:17:00+05:30,1179.0,1180.0,1179.0,1179.7,534
2025-07-15T13:18:00+05:30,1179.7,1180.0,1178.5,1180.0,626
2025-07-15T13:19:00+05:30,1179.8,1179.8,1178.8,1179.6,259
2025-07-15T13:20:00+05:30,1178.8,1180.0,1178.8,1180.0,184
2025-07-15T13:21:00+05:30,1179.8,1180.0,1179.2,1179.5,249
2025-07-15T13:22:00+05:30,1180.0,1180.0,1179.5,1179.6,578
2025-07-15T13:23:00+05:30,1179.6,1180.0,1179.6,1179.7,269
2025-07-15T13:24:00+05:30,1179.6,1179.8,1179.5,1179.5,340
2025-07-15T13:25:00+05:30,1179.5,1179.9,1179.3,1179.9,224
2025-07-15T13:26:00+05:30,1179.6,1180.5,1179.6,1180.1,23
2025-07-15T13:27:00+05:30,1180.5,1180.5,1180.0,1180.0,258
2025-07-15T13:28:00+05:30,1180.0,1180.5,1179.5,1180.0,772
2025-07-15T13:29:00+05:30,1179.5,1179.5,1178.9,1179.2,167
2025-07-15T13:30:00+05:30,1179.5,1180.0,1178.0,1178.8,1528
2025-07-15T13:31:00+05:30,1179.1,1180.0,1179.1,1179.8,143
2025-07-15T13:32:00+05:30,1179.9,1180.3,1179.9,1180.0,228
2025-07-15T13:33:00+05:30,1180.1,1180.3,1180.0,1180.2,320
2025-07-15T13:34:00+05:30,1180.3,1180.4,1179.9,1179.9,301
2025-07-15T13:35:00+05:30,1179.9,1180.0,1178.4,1178.8,443
2025-07-15T13:36:00+05:30,1179.3,1180.0,1179.1,1179.6,289
2025-07-15T13:37:00+05:30,1179.6,1180.0,1179.4,1179.6,57
2025-07-15T13:38:00+05:30,1180.0,1180.0,1179.6,1180.0,367
2025-07-15T13:39:00+05:30,1179.8,1180.8,1179.7,1179.8,410
2025-07-15T13:40:00+05:30,1179.9,1180.0,1178.6,1179.0,1007
2025-07-15T13:41:00+05:30,1178.9,1178.9,1178.1,1178.3,248
2025-07-15T13:42:00+05:30,1178.9,1178.9,1178.0,1178.0,307
2025-07-15T13:43:00+05:30,1177.7,1178.0,1177.7,1177.8,140
2025-07-15T13:44:00+05:30,1178.0,1178.0,1177.8,1178.0,201
2025-07-15T13:45:00+05:30,1177.9,1178.0,1177.7,1177.7,375
2025-07-15T13:46:00+05:30,1177.7,1178.0,1177.7,1178.0,79
2025-07-15T13:47:00+05:30,1177.9,1178.1,1177.9,1178.1,223
2025-07-15T13:48:00+05:30,1178.0,1178.7,1177.9,1178.1,14
2025-07-15T13:49:00+05:30,1178.8,1178.8,1176.4,1176.6,586
2025-07-15T13:50:00+05:30,1176.6,1176.9,1176.5,1176.9,79
2025-07-15T13:51:00+05:30,1177.5,1178.2,1176.9,1177.1,231
2025-07-15T13:52:00+05:30,1177.0,1177.6,1177.0,1177.3,95
2025-07-15T13:53:00+05:30,1177.6,1177.8,1177.0,1177.7,129
2025-07-15T13:54:00+05:30,1177.7,1178.1,1177.7,1178.1,71
2025-07-15T13:55:00+05:30,1178.1,1178.1,1178.0,1178.0,84
2025-07-15T13:56:00+05:30,1178.0,1178.4,1178.0,1178.4,81
2025-07-15T13:57:00+05:30,1178.0,1178.5,1177.9,1177.9,85
2025-07-15T13:58:00+05:30,1178.1,1178.1,1176.6,1177.3,446
2025-07-15T13:59:00+05:30,1177.1,1178.0,1177.1,1177.4,96
2025-07-15T14:00:00+05:30,1177.4,1178.5,1177.4,1177.7,68
2025-07-15T14:01:00+05:30,1177.8,1178.8,1177.8,1178.3,66
2025-07-15T14:02:00+05:30,1178.4,1178.5,1177.2,1177.2,341
2025-07-15T14:03:00+05:30,1177.2,1177.9,1177.2,1177.3,201
2025-07-15T14:04:00+05:30,1177.3,1178.2,1177.3,1178.1,221
2025-07-15T14:05:00+05:30,1177.7,1177.8,1176.4,1177.1,424
2025-07-15T14:06:00+05:30,1177.3,1177.5,1176.5,1176.9,59
2025-07-15T14:07:00+05:30,1177.0,1177.1,1176.9,1177.0,142
2025-07-15T14:08:00+05:30,1177.0,1177.4,1177.0,1177.4,256
2025-07-15T14:09:00+05:30,1177.4,1177.8,1177.4,1177.6,20
2025-07-15T14:10:00+05:30,1177.8,1177.8,1177.7,1177.8,129
2025-07-15T14:11:00+05:30,1177.9,1178.2,1177.9,1178.1,27
2025-07-15T14:12:00+05:30,1178.2,1178.3,1178.1,1178.3,151
2025-07-15T14:13:00+05:30,1178.6,1179.0,1178.3,1178.4,133
2025-07-15T14:14:00+05:30,1178.5,1178.9,1178.4,1178.9,60
2025-07-15T14:15:00+05:30,1178.9,1178.9,1178.6,1178.6,203
2025-07-15T14:16:00+05:30,1178.7,1180.0,1178.7,1179.5,536
2025-07-15T14:17:00+05:30,1179.5,1180.0,1179.4,1180.0,253
2025-07-15T14:18:00+05:30,1179.8,1180.0,1179.5,1179.9,256
2025-07-15T14:19:00+05:30,1179.7,1180.0,1179.6,1179.9,419
2025-07-15T14:20:00+05:30,1180.0,1180.0,1179.3,1179.7,168
2025-07-15T14:21:00+05:30,1179.4,1180.0,1179.4,1179.7,49
2025-07-15T14:22:00+05:30,1180.0,1180.0,1179.3,1179.6,510
2025-07-15T14:23:00+05:30,1179.6,1179.9,1179.3,1179.4,152
2025-07-15T14:24:00+05:30,1179.4,1179.9,1179.3,1179.9,237
2025-07-15T14:25:00+05:30,1179.9,1179.9,1179.4,1179.5,38
2025-07-15T14:26:00+05:30,1179.6,1179.8,1179.5,1179.5,283
2025-07-15T14:27:00+05:30,1179.5,1179.5,1179.1,1179.3,520
2025-07-15T14:28:00+05:30,1179.1,1179.4,1179.1,1179.1,198
2025-07-15T14:29:00+05:30,1179.0,1179.6,1179.0,1179.3,84
2025-07-15T14:30:00+05:30,1179.2,1179.9,1179.2,1179.6,629
2025-07-15T14:31:00+05:30,1179.7,1179.9,1179.7,1179.7,142
2025-07-15T14:32:00+05:30,1179.8,1179.9,1179.7,1179.9,188
2025-07-15T14:33:00+05:30,1179.8,1179.9,1179.8,1179.8,209
2025-07-15T14:34:00+05:30,1179.8,1179.9,1179.7,1179.8,303
2025-07-15T14:35:00+05:30,1179.6,1179.9,1179.6,1179.8,131
2025-07-15T14:36:00+05:30,1179.8,1179.9,1178.9,1178.9,545
2025-07-15T14:37:00+05:30,1179.2,1179.2,1178.5,1178.8,354
2025-07-15T14:38:00+05:30,1178.8,1179.8,1178.7,1179.5,182
2025-07-15T14:39:00+05:30,1179.5,1179.9,1179.2,1179.3,420
2025-07-15T14:40:00+05:30,1179.2,1179.9,1178.3,1178.8,1090
2025-07-15T14:41:00+05:30,1178.8,1179.8,1178.5,1179.7,532
2025-07-15T14:42:00+05:30,1178.9,1179.7,1178.9,1179.5,83
2025-07-15T14:43:00+05:30,1179.1,1179.1,1176.9,1176.9,1254
2025-07-15T14:44:00+05:30,1176.9,1178.0,1176.7,1178.0,271
2025-07-15T14:45:00+05:30,1177.2,1178.0,1177.0,1177.4,285
2025-07-15T14:46:00+05:30,1177.5,1178.0,1177.5,1177.7,76
2025-07-15T14:47:00+05:30,1177.8,1177.9,1176.5,1176.7,456
2025-07-15T14:48:00+05:30,1176.8,1177.5,1176.8,1176.9,584
2025-07-15T14:49:00+05:30,1176.8,1177.1,1172.3,1173.9,2492
2025-07-15T14:50:00+05:30,1173.9,1176.8,1172.1,1172.1,5253
2025-07-15T14:51:00+05:30,1172.0,1173.1,1171.1,1172.6,357
2025-07-15T14:52:00+05:30,1171.8,1172.7,1171.0,1171.0,587
2025-07-15T14:53:00+05:30,1170.9,1171.9,1170.5,1171.9,532
2025-07-15T14:54:00+05:30,1171.9,1171.9,1165.7,1165.7,7582
2025-07-15T14:55:00+05:30,1165.7,1167.3,1165.0,1167.3,1326
2025-07-15T14:56:00+05:30,1167.1,1167.1,1164.4,1166.0,3702
2025-07-15T14:57:00+05:30,1166.0,1168.3,1166.0,1167.0,346
2025-07-15T14:58:00+05:30,1167.6,1168.1,1167.1,1167.9,597
2025-07-15T14:59:00+05:30,1168.0,1169.0,1168.0,1168.6,109
2025-07-15T15:00:00+05:30,1168.6,1170.0,1166.6,1169.5,4776
2025-07-15T15:01:00+05:30,1169.7,1169.9,1168.6,1169.9,1926
2025-07-15T15:02:00+05:30,1169.9,1169.9,1169.5,1169.9,468
2025-07-15T15:03:00+05:30,1169.9,1169.9,1169.8,1169.9,640
2025-07-15T15:04:00+05:30,1169.9,1170.0,1169.8,1170.0,4070
2025-07-15T15:05:00+05:30,1170.0,1170.0,1169.5,1170.0,12097
2025-07-15T15:06:00+05:30,1170.0,1170.0,1166.7,1168.5,6054
2025-07-15T15:07:00+05:30,1168.7,1169.6,1168.6,1169.6,782
2025-07-15T15:08:00+05:30,1169.6,1170.5,1169.2,1170.5,7410
2025-07-15T15:09:00+05:30,1170.5,1170.5,1170.4,1170.5,862
2025-07-15T15:10:00+05:30,1170.5,1171.3,1166.0,1168.5,4507
2025-07-15T15:11:00+05:30,1168.5,1168.8,1168.4,1168.8,634
2025-07-15T15:12:00+05:30,1168.8,1169.3,1168.5,1169.1,2377
2025-07-15T15:13:00+05:30,1169.3,1169.3,1169.1,1169.3,925
2025-07-15T15:14:00+05:30,1169.3,1169.9,1169.2,1169.9,1011
2025-07-15T15:15:00+05:30,1169.9,1169.9,1168.0,1169.5,3711
2025-07-15T15:16:00+05:30,1169.5,1169.9,1168.9,1169.6,1483
2025-07-15T15:17:00+05:30,1169.6,1169.9,1169.3,1169.9,1245
2025-07-15T15:18:00+05:30,1169.9,1170.0,1169.2,1169.8,2124
2025-07-15T15:19:00+05:30,1169.9,1170.0,1169.7,1169.7,5224
2025-07-15T15:20:00+05:30,1169.9,1169.9,1169.0,1169.1,2104
2025-07-15T15:21:00+05:30,1169.1,1169.1,1168.5,1169.1,1789
2025-07-15T15:22:00+05:30,1169.6,1170.0,1169.3,1169.9,749
2025-07-15T15:23:00+05:30,1169.9,1169.9,1169.7,1169.9,883
2025-07-15T15:24:00+05:30,1169.9,1169.9,1168.3,1168.8,2166
2025-07-15T15:25:00+05:30,1168.8,1168.8,1168.6,1168.8,1256
2025-07-15T15:26:00+05:30,1168.7,1169.0,1168.6,1169.0,977
2025-07-15T15:27:00+05:30,1169.0,1169.0,1168.2,1168.7,1711
2025-07-15T15:28:00+05:30,1168.7,1170.0,1167.9,1170.0,1218
2025-07-15T15:29:00+05:30,1168.7,1170.0,1168.7,1170.0,962
2025-07-14T09:15:00+05:30,1147.7,1148.0,1140.5,1141.5,680
2025-07-14T09:16:00+05:30,1141.7,1146.2,1141.6,1145.1,448
2025-07-14T09:17:00+05:30,1145.1,1147.8,1144.5,1144.5,546
2025-07-14T09:18:00+05:30,1145.2,1148.6,1144.7,1145.1,1314
2025-07-14T09:19:00+05:30,1145.2,1148.1,1145.2,1146.9,1085
2025-07-14T09:20:00+05:30,1147.4,1147.5,1146.0,1147.4,190
2025-07-14T09:21:00+05:30,1146.6,1146.6,1137.7,1137.7,3789
2025-07-14T09:22:00+05:30,1138.7,1140.9,1137.7,1140.1,2626
2025-07-14T09:23:00+05:30,1139.8,1141.0,1136.2,1139.7,1511
2025-07-14T09:24:00+05:30,1138.6,1138.6,1135.0,1135.6,1016
2025-07-14T09:25:00+05:30,1136.0,1136.0,1131.4,1132.5,1882
2025-07-14T09:26:00+05:30,1132.7,1133.9,1130.1,1131.8,2122
2025-07-14T09:27:00+05:30,1133.0,1135.3,1132.3,1134.5,377
2025-07-14T09:28:00+05:30,1135.2,1136.7,1133.3,1136.7,1162
2025-07-14T09:29:00+05:30,1135.6,1139.7,1134.7,1139.7,485
2025-07-14T09:30:00+05:30,1140.2,1140.8,1138.5,1139.7,730
2025-07-14T09:31:00+05:30,1139.4,1146.9,1139.0,1146.9,2271
2025-07-14T09:32:00+05:30,1146.9,1149.1,1146.9,1149.1,3440
2025-07-14T09:33:00+05:30,1149.5,1150.0,1149.1,1150.0,935
2025-07-14T09:34:00+05:30,1150.0,1150.8,1146.4,1150.2,3216
2025-07-14T09:35:00+05:30,1149.2,1150.8,1148.9,1150.8,352
2025-07-14T09:36:00+05:30,1151.0,1155.3,1150.6,1155.3,2411
2025-07-14T09:37:00+05:30,1156.0,1157.0,1155.1,1155.5,2009
2025-07-14T09:38:00+05:30,1155.5,1156.3,1155.5,1155.6,242
2025-07-14T09:39:00+05:30,1156.3,1156.7,1152.3,1155.6,2963
2025-07-14T09:40:00+05:30,1155.1,1155.2,1153.2,1153.6,825
2025-07-14T09:41:00+05:30,1153.6,1154.9,1153.6,1154.2,69
2025-07-14T09:42:00+05:30,1154.1,1154.5,1152.7,1152.7,403
2025-07-14T09:43:00+05:30,1153.4,1153.6,1152.6,1152.6,36
2025-07-14T09:44:00+05:30,1153.4,1157.0,1153.4,1156.5,790
2025-07-14T09:45:00+05:30,1156.7,1158.0,1156.5,1158.0,1560
2025-07-14T09:46:00+05:30,1158.7,1159.7,1158.0,1159.0,1164
2025-07-14T09:47:00+05:30,1159.7,1161.7,1159.5,1161.7,3980
2025-07-14T09:48:00+05:30,1161.7,1162.0,1157.0,1158.9,2085
2025-07-14T09:49:00+05:30,1158.4,1160.7,1158.4,1159.8,690
2025-07-14T09:50:00+05:30,1160.7,1161.5,1158.5,1159.9,1509
2025-07-14T09:51:00+05:30,1159.9,1162.2,1159.3,1161.3,737
2025-07-14T09:52:00+05:30,1161.3,1164.0,1160.9,1163.3,1604
2025-07-14T09:53:00+05:30,1162.7,1163.8,1162.6,1162.7,123
2025-07-14T09:54:00+05:30,1163.6,1164.5,1162.2,1163.6,764
2025-07-14T09:55:00+05:30,1163.6,1164.8,1163.6,1164.4,1040
2025-07-14T09:56:00+05:30,1164.9,1165.9,1164.4,1165.8,2806
2025-07-14T09:57:00+05:30,1165.8,1165.8,1164.4,1164.9,1423
2025-07-14T09:58:00+05:30,1164.4,1167.0,1164.4,1165.9,1735
2025-07-14T09:59:00+05:30,1166.5,1167.3,1166.5,1167.3,157
2025-07-14T10:00:00+05:30,1167.0,1167.3,1163.6,1163.6,2262
2025-07-14T10:01:00+05:30,1163.3,1165.4,1163.3,1164.5,365
2025-07-14T10:02:00+05:30,1164.4,1165.5,1163.4,1164.0,792
2025-07-14T10:03:00+05:30,1164.4,1164.4,1162.0,1162.0,229
2025-07-14T10:04:00+05:30,1162.0,1165.5,1162.0,1165.0,1445
2025-07-14T10:05:00+05:30,1165.0,1165.5,1164.3,1164.3,467
2025-07-14T10:06:00+05:30,1163.9,1163.9,1161.1,1161.2,230
2025-07-14T10:07:00+05:30,1162.2,1163.2,1161.2,1162.0,358
2025-07-14T10:08:00+05:30,1162.0,1163.2,1161.2,1162.4,198
2025-07-14T10:09:00+05:30,1161.2,1163.1,1161.2,1161.2,517
2025-07-14T10:10:00+05:30,1161.7,1162.5,1159.0,1159.0,730
2025-07-14T10:11:00+05:30,1158.5,1159.4,1158.5,1159.4,81
2025-07-14T10:12:00+05:30,1158.6,1161.1,1158.6,1161.1,282
2025-07-14T10:13:00+05:30,1160.4,1161.0,1160.4,1161.0,33
2025-07-14T10:14:00+05:30,1160.4,1161.2,1160.4,1161.2,165
2025-07-14T10:15:00+05:30,1160.4,1161.3,1160.4,1161.3,16
2025-07-14T10:16:00+05:30,1160.5,1161.0,1160.4,1161.0,119
2025-07-14T10:17:00+05:30,1161.0,1161.2,1160.4,1160.9,78
2025-07-14T10:18:00+05:30,1160.5,1160.9,1160.5,1160.6,86
2025-07-14T10:19:00+05:30,1160.6,1161.3,1160.6,1161.3,220
2025-07-14T10:20:00+05:30,1161.4,1162.0,1161.3,1162.0,66
2025-07-14T10:21:00+05:30,1162.0,1163.0,1161.6,1162.7,712
2025-07-14T10:22:00+05:30,1162.0,1162.9,1162.0,1162.9,60
2025-07-14T10:23:00+05:30,1162.7,1162.7,1162.1,1162.1,50
2025-07-14T10:24:00+05:30,1162.1,1162.6,1162.1,1162.6,420
2025-07-14T10:25:00+05:30,1162.1,1162.5,1162.1,1162.1,48
2025-07-14T10:26:00+05:30,1162.5,1162.5,1161.0,1161.6,401
2025-07-14T10:27:00+05:30,1161.0,1161.8,1161.0,1161.8,189
2025-07-14T10:28:00+05:30,1161.3,1162.1,1161.3,1162.1,41
2025-07-14T10:29:00+05:30,1162.1,1162.1,1161.3,1162.1,22
2025-07-14T10:30:00+05:30,1161.3,1161.9,1160.5,1160.5,492
2025-07-14T10:31:00+05:30,1160.5,1160.5,1160.4,1160.4,90
2025-07-14T10:32:00+05:30,1160.1,1160.4,1159.2,1159.2,53
2025-07-14T10:33:00+05:30,1159.2,1159.7,1158.9,1159.6,581
2025-07-14T10:34:00+05:30,1159.6,1160.8,1159.0,1160.8,687
2025-07-14T10:35:00+05:30,1160.1,1161.3,1160.1,1160.5,174
2025-07-14T10:36:00+05:30,1160.4,1161.3,1160.4,1161.3,26
2025-07-14T10:37:00+05:30,1161.2,1161.2,1160.4,1160.5,31
2025-07-14T10:38:00+05:30,1160.5,1160.5,1159.9,1160.0,474
2025-07-14T10:39:00+05:30,1159.7,1160.0,1159.7,1160.0,19
2025-07-14T10:40:00+05:30,1159.7,1160.0,1159.7,1160.0,11
2025-07-14T10:41:00+05:30,1159.7,1160.9,1159.7,1160.9,67
2025-07-14T10:42:00+05:30,1160.8,1161.4,1160.3,1161.2,86
2025-07-14T10:43:00+05:30,1160.5,1161.2,1160.5,1161.2,2
2025-07-14T10:44:00+05:30,1160.7,1162.3,1160.7,1162.3,155
2025-07-14T10:45:00+05:30,1162.2,1162.2,1161.6,1162.2,54
2025-07-14T10:46:00+05:30,1162.2,1162.2,1161.6,1162.2,9
2025-07-14T10:47:00+05:30,1162.2,1162.5,1162.2,1162.5,51
2025-07-14T10:48:00+05:30,1162.5,1162.5,1162.0,1162.4,569
2025-07-14T10:49:00+05:30,1162.0,1162.4,1160.1,1161.8,890
2025-07-14T10:50:00+05:30,1161.4,1162.3,1161.4,1162.3,38
2025-07-14T10:51:00+05:30,1162.1,1162.5,1161.1,1161.8,236
2025-07-14T10:52:00+05:30,1161.7,1161.7,1161.0,1161.0,57
2025-07-14T10:53:00+05:30,1161.1,1161.6,1161.0,1161.0,95
2025-07-14T10:54:00+05:30,1161.6,1161.6,1161.0,1161.0,6
2025-07-14T10:55:00+05:30,1161.6,1162.5,1161.0,1161.6,468
2025-07-14T10:56:00+05:30,1162.3,1162.5,1161.6,1162.0,199
2025-07-14T10:57:00+05:30,1161.8,1161.8,1160.9,1160.9,397
2025-07-14T10:58:00+05:30,1160.9,1160.9,1160.3,1160.8,16
2025-07-14T10:59:00+05:30,1160.3,1162.8,1160.0,1162.8,998
2025-07-14T11:00:00+05:30,1162.8,1163.1,1162.4,1162.5,318
2025-07-14T11:01:00+05:30,1162.6,1163.7,1162.6,1163.4,110
2025-07-14T11:02:00+05:30,1162.9,1163.6,1162.8,1162.8,6
2025-07-14T11:03:00+05:30,1163.6,1163.6,1162.1,1162.1,542
2025-07-14T11:04:00+05:30,1162.8,1162.9,1162.1,1162.9,32
2025-07-14T11:05:00+05:30,1162.0,1162.2,1162.0,1162.0,231
2025-07-14T11:06:00+05:30,1162.2,1162.2,1161.1,1161.1,603
2025-07-14T11:07:00+05:30,1161.1,1161.1,1160.5,1161.1,6
2025-07-14T11:08:00+05:30,1160.5,1160.5,1160.4,1160.4,18
2025-07-14T11:09:00+05:30,1160.4,1160.5,1159.3,1159.9,156
2025-07-14T11:10:00+05:30,1159.4,1160.4,1159.2,1159.9,207
2025-07-14T11:11:00+05:30,1159.3,1159.3,1159.2,1159.2,12
2025-07-14T11:12:00+05:30,1159.3,1160.1,1159.3,1159.5,37
2025-07-14T11:13:00+05:30,1159.5,1159.9,1159.5,1159.6,6
2025-07-14T11:14:00+05:30,1159.6,1159.9,1159.6,1159.6,6
2025-07-14T11:15:00+05:30,1159.6,1160.3,1159.6,1160.3,37
2025-07-14T11:16:00+05:30,1159.6,1160.0,1159.5,1160.0,397
2025-07-14T11:17:00+05:30,1159.6,1159.9,1159.6,1159.9,21
2025-07-14T11:18:00+05:30,1159.6,1159.9,1159.6,1159.9,26
2025-07-14T11:19:00+05:30,1159.6,1159.9,1159.6,1159.9,6
2025-07-14T11:20:00+05:30,1159.6,1159.9,1159.6,1159.9,14
2025-07-14T11:21:00+05:30,1159.9,1160.0,1159.6,1159.8,432
2025-07-14T11:22:00+05:30,1159.7,1160.4,1159.5,1160.0,80
2025-07-14T11:23:00+05:30,1160.4,1162.0,1160.4,1161.9,1128
2025-07-14T11:24:00+05:30,1162.0,1162.0,1160.7,1161.0,455
2025-07-14T11:25:00+05:30,1161.8,1161.8,1160.8,1161.7,38
2025-07-14T11:26:00+05:30,1161.8,1161.8,1160.7,1161.8,9
2025-07-14T11:27:00+05:30,1161.2,1163.0,1160.7,1163.0,1268
2025-07-14T11:28:00+05:30,1163.0,1163.0,1161.0,1161.0,220
2025-07-14T11:29:00+05:30,1160.9,1161.0,1160.0,1160.5,310
2025-07-14T11:30:00+05:30,1160.5,1161.0,1160.5,1160.5,870
2025-07-14T11:31:00+05:30,1160.5,1160.5,1159.8,1159.8,55
2025-07-14T11:32:00+05:30,1160.5,1160.5,1159.6,1160.4,9
2025-07-14T11:33:00+05:30,1160.4,1160.5,1159.7,1160.1,18
2025-07-14T11:34:00+05:30,1159.9,1160.1,1159.2,1160.1,156
2025-07-14T11:35:00+05:30,1160.1,1160.4,1159.2,1160.4,404
2025-07-14T11:36:00+05:30,1160.4,1160.4,1160.0,1160.4,32
2025-07-14T11:37:00+05:30,1160.4,1162.3,1160.0,1160.5,160
2025-07-14T11:38:00+05:30,1161.0,1161.6,1160.2,1161.3,7
2025-07-14T11:39:00+05:30,1161.3,1161.3,1161.0,1161.3,33
2025-07-14T11:40:00+05:30,1161.2,1161.7,1161.2,1161.7,25
2025-07-14T11:41:00+05:30,1161.9,1162.4,1161.8,1162.4,112
2025-07-14T11:42:00+05:30,1162.4,1162.6,1161.1,1161.1,324
2025-07-14T11:43:00+05:30,1160.8,1161.0,1159.0,1160.1,407
2025-07-14T11:44:00+05:30,1160.3,1160.4,1159.5,1160.4,12
2025-07-14T11:45:00+05:30,1159.5,1160.4,1159.4,1160.0,30
2025-07-14T11:46:00+05:30,1159.7,1160.0,1159.1,1160.0,135
2025-07-14T11:47:00+05:30,1160.0,1160.0,1157.0,1158.4,1492
2025-07-14T11:48:00+05:30,1158.6,1158.9,1157.6,1158.9,112
2025-07-14T11:49:00+05:30,1158.9,1159.3,1158.1,1159.3,58
2025-07-14T11:50:00+05:30,1159.4,1159.5,1158.5,1159.4,11
2025-07-14T11:51:00+05:30,1159.6,1159.6,1159.1,1159.6,43
2025-07-14T11:52:00+05:30,1159.6,1162.0,1159.6,1161.8,1437
2025-07-14T11:53:00+05:30,1161.9,1162.0,1159.2,1159.5,765
2025-07-14T11:54:00+05:30,1160.4,1160.4,1158.5,1159.6,244
2025-07-14T11:55:00+05:30,1159.6,1160.0,1158.3,1159.5,273
2025-07-14T11:56:00+05:30,1159.5,1159.8,1158.1,1159.7,294
2025-07-14T11:57:00+05:30,1159.6,1159.8,1158.1,1158.9,255
2025-07-14T11:58:00+05:30,1159.1,1159.3,1157.8,1159.0,386
2025-07-14T11:59:00+05:30,1158.1,1159.0,1157.7,1158.6,292
2025-07-14T12:00:00+05:30,1158.7,1159.2,1153.3,1153.5,3119
2025-07-14T12:01:00+05:30,1153.8,1154.9,1153.2,1153.2,105
2025-07-14T12:02:00+05:30,1153.9,1155.1,1152.2,1155.0,1087
2025-07-14T12:03:00+05:30,1154.3,1155.0,1153.5,1153.8,623
2025-07-14T12:04:00+05:30,1154.7,1154.7,1153.8,1153.8,91
2025-07-14T12:05:00+05:30,1154.0,1154.0,1149.9,1150.0,2033
2025-07-14T12:06:00+05:30,1150.1,1154.5,1150.1,1154.5,327
2025-07-14T12:07:00+05:30,1154.9,1155.0,1153.4,1153.5,253
2025-07-14T12:08:00+05:30,1154.2,1154.4,1153.2,1153.7,83
2025-07-14T12:09:00+05:30,1154.4,1155.0,1153.3,1154.5,215
2025-07-14T12:10:00+05:30,1155.0,1155.4,1154.6,1154.8,378
2025-07-14T12:11:00+05:30,1155.1,1155.1,1153.0,1154.4,1136
2025-07-14T12:12:00+05:30,1154.0,1155.3,1153.8,1154.5,242
2025-07-14T12:13:00+05:30,1155.0,1155.4,1154.0,1154.5,109
2025-07-14T12:14:00+05:30,1155.2,1155.4,1153.7,1154.2,483
2025-07-14T12:15:00+05:30,1153.8,1154.9,1153.4,1154.6,100
2025-07-14T12:16:00+05:30,1155.0,1155.2,1154.1,1154.5,222
2025-07-14T12:17:00+05:30,1155.0,1155.6,1154.8,1155.3,122
2025-07-14T12:18:00+05:30,1155.1,1155.5,1154.8,1154.8,98
2025-07-14T12:19:00+05:30,1155.2,1155.5,1154.1,1155.1,239
2025-07-14T12:20:00+05:30,1155.3,1155.8,1154.1,1155.4,197
2025-07-14T12:21:00+05:30,1155.0,1155.9,1154.6,1155.2,328
2025-07-14T12:22:00+05:30,1155.0,1155.5,1154.6,1155.4,594
2025-07-14T12:23:00+05:30,1155.0,1155.6,1154.5,1154.8,96
2025-07-14T12:24:00+05:30,1154.8,1155.5,1154.8,1155.4,77
2025-07-14T12:25:00+05:30,1155.1,1155.6,1154.8,1155.5,79
2025-07-14T12:26:00+05:30,1155.2,1155.8,1154.8,1155.8,232
2025-07-14T12:27:00+05:30,1155.4,1155.7,1154.9,1155.4,95
2025-07-14T12:28:00+05:30,1155.2,1155.7,1154.8,1155.5,156
2025-07-14T12:29:00+05:30,1155.2,1155.7,1154.8,1155.7,229
2025-07-14T12:30:00+05:30,1155.3,1155.7,1154.7,1155.5,284
2025-07-14T12:31:00+05:30,1155.1,1155.5,1154.8,1155.5,82
2025-07-14T12:32:00+05:30,1155.2,1155.5,1154.8,1155.3,84
2025-07-14T12:33:00+05:30,1155.2,1155.4,1154.8,1154.8,297
2025-07-14T12:34:00+05:30,1155.0,1155.5,1153.8,1153.8,435
2025-07-14T12:35:00+05:30,1155.0,1155.2,1154.1,1155.2,82
2025-07-14T12:36:00+05:30,1155.1,1155.4,1154.2,1155.3,79
2025-07-14T12:37:00+05:30,1155.1,1155.4,1154.8,1155.4,338
2025-07-14T12:38:00+05:30,1155.2,1155.4,1154.7,1155.4,107
2025-07-14T12:39:00+05:30,1155.0,1155.5,1154.6,1155.5,77
2025-07-14T12:40:00+05:30,1155.2,1155.7,1154.9,1155.0,147
2025-07-14T12:41:00+05:30,1155.2,1155.8,1154.9,1155.8,84
2025-07-14T12:42:00+05:30,1155.4,1155.8,1154.9,1155.0,92
2025-07-14T12:43:00+05:30,1155.3,1155.6,1154.9,1155.4,273
2025-07-14T12:44:00+05:30,1155.2,1155.6,1154.8,1155.5,184
2025-07-14T12:45:00+05:30,1155.2,1155.5,1154.7,1155.5,391
2025-07-14T12:46:00+05:30,1155.2,1155.5,1154.7,1155.3,135
2025-07-14T12:47:00+05:30,1155.0,1155.4,1154.5,1155.1,110
2025-07-14T12:48:00+05:30,1155.2,1155.6,1154.5,1155.4,98
2025-07-14T12:49:00+05:30,1155.0,1155.5,1154.5,1154.5,90
2025-07-14T12:50:00+05:30,1155.0,1155.7,1154.5,1155.7,182
2025-07-14T12:51:00+05:30,1155.3,1155.5,1154.5,1155.3,106
2025-07-14T12:52:00+05:30,1154.8,1155.5,1154.5,1155.4,83
2025-07-14T12:53:00+05:30,1155.0,1155.2,1154.4,1154.5,134
2025-07-14T12:54:00+05:30,1154.5,1155.6,1154.5,1154.5,151
2025-07-14T12:55:00+05:30,1154.8,1155.6,1154.8,1155.6,101
2025-07-14T12:56:00+05:30,1155.3,1155.7,1154.9,1155.2,192
2025-07-14T12:57:00+05:30,1155.2,1155.8,1154.9,1155.5,321
2025-07-14T12:58:00+05:30,1155.4,1155.8,1154.9,1155.3,268
2025-07-14T12:59:00+05:30,1155.1,1155.4,1154.8,1155.0,499
2025-07-14T13:00:00+05:30,1155.0,1155.7,1154.8,1155.6,262
2025-07-14T13:01:00+05:30,1155.3,1155.7,1154.9,1155.6,296
2025-07-14T13:02:00+05:30,1155.3,1155.7,1154.8,1154.8,234
2025-07-14T13:03:00+05:30,1155.2,1155.6,1154.9,1155.6,79
2025-07-14T13:04:00+05:30,1155.3,1155.6,1154.7,1154.7,151
2025-07-14T13:05:00+05:30,1155.1,1155.6,1154.8,1155.1,143
2025-07-14T13:06:00+05:30,1155.0,1155.4,1154.8,1155.4,246
2025-07-14T13:07:00+05:30,1155.2,1155.5,1154.9,1155.0,155
2025-07-14T13:08:00+05:30,1154.9,1155.1,1154.7,1155.1,686
2025-07-14T13:09:00+05:30,1154.7,1155.0,1154.1,1155.0,94
2025-07-14T13:10:00+05:30,1154.7,1155.0,1154.7,1154.9,128
2025-07-14T13:11:00+05:30,1155.0,1155.5,1154.9,1155.5,464
2025-07-14T13:12:00+05:30,1155.2,1155.5,1154.9,1155.5,205
2025-07-14T13:13:00+05:30,1155.2,1155.5,1154.9,1155.0,83
2025-07-14T13:14:00+05:30,1155.2,1155.6,1154.9,1155.6,246
2025-07-14T13:15:00+05:30,1155.3,1155.6,1154.9,1155.0,122
2025-07-14T13:16:00+05:30,1155.3,1155.5,1154.9,1155.5,210
2025-07-14T13:17:00+05:30,1155.5,1155.5,1154.9,1155.0,474
2025-07-14T13:18:00+05:30,1155.1,1155.6,1154.9,1155.6,137
2025-07-14T13:19:00+05:30,1155.2,1155.5,1154.9,1155.5,246
2025-07-14T13:20:00+05:30,1155.2,1155.5,1154.9,1155.1,202
2025-07-14T13:21:00+05:30,1155.2,1155.4,1154.9,1155.4,96
2025-07-14T13:22:00+05:30,1155.2,1155.4,1154.9,1154.9,541
2025-07-14T13:23:00+05:30,1155.2,1155.6,1154.9,1154.9,237
2025-07-14T13:24:00+05:30,1155.2,1155.5,1154.9,1155.5,274
2025-07-14T13:25:00+05:30,1155.6,1155.6,1154.9,1154.9,293
2025-07-14T13:26:00+05:30,1155.2,1155.6,1154.9,1155.4,403
2025-07-14T13:27:00+05:30,1155.2,1155.6,1154.9,1155.5,279
2025-07-14T13:28:00+05:30,1155.2,1155.7,1154.9,1155.0,330
2025-07-14T13:29:00+05:30,1155.3,1155.6,1154.9,1155.0,340
2025-07-14T13:30:00+05:30,1155.6,1155.6,1154.9,1155.0,353
2025-07-14T13:31:00+05:30,1155.2,1155.6,1154.9,1155.6,283
2025-07-14T13:32:00+05:30,1155.3,1155.7,1154.9,1155.4,465
2025-07-14T13:33:00+05:30,1155.4,1155.6,1154.8,1155.5,139
2025-07-14T13:34:00+05:30,1155.2,1155.7,1154.8,1154.9,226
2025-07-14T13:35:00+05:30,1155.2,1155.6,1154.8,1155.6,252
2025-07-14T13:36:00+05:30,1155.2,1155.9,1154.8,1155.5,852
2025-07-14T13:37:00+05:30,1155.2,1155.8,1154.7,1155.5,411
2025-07-14T13:38:00+05:30,1155.1,1155.7,1154.7,1155.3,278
2025-07-14T13:39:00+05:30,1155.3,1156.0,1154.9,1155.7,363
2025-07-14T13:40:00+05:30,1155.3,1155.9,1154.9,1155.0,391
2025-07-14T13:41:00+05:30,1155.3,1155.8,1154.9,1155.3,361
2025-07-14T13:42:00+05:30,1155.4,1155.9,1154.9,1155.7,241
2025-07-14T13:43:00+05:30,1155.3,1155.9,1154.8,1155.4,481
2025-07-14T13:44:00+05:30,1155.2,1155.7,1154.6,1155.7,237
2025-07-14T13:45:00+05:30,1155.4,1155.7,1154.9,1155.7,135
2025-07-14T13:46:00+05:30,1155.4,1155.8,1154.8,1155.7,536
2025-07-14T13:47:00+05:30,1155.4,1155.9,1154.9,1155.5,163
2025-07-14T13:48:00+05:30,1155.2,1155.8,1154.8,1155.8,483
2025-07-14T13:49:00+05:30,1155.4,1155.7,1154.6,1154.6,208
2025-07-14T13:50:00+05:30,1155.1,1155.6,1154.8,1154.9,78
2025-07-14T13:51:00+05:30,1155.2,1155.6,1154.9,1155.6,113
2025-07-14T13:52:00+05:30,1155.4,1155.8,1154.9,1155.3,234
2025-07-14T13:53:00+05:30,1155.1,1155.8,1154.8,1155.6,151
2025-07-14T13:54:00+05:30,1155.6,1155.6,1154.8,1154.8,98
2025-07-14T13:55:00+05:30,1155.2,1155.3,1154.8,1154.9,296
2025-07-14T13:56:00+05:30,1155.0,1155.4,1154.8,1155.3,232
2025-07-14T13:57:00+05:30,1155.1,1155.3,1154.8,1155.3,88
2025-07-14T13:58:00+05:30,1155.1,1155.3,1154.8,1155.3,89
2025-07-14T13:59:00+05:30,1155.1,1155.3,1154.5,1154.8,571
2025-07-14T14:00:00+05:30,1155.1,1155.5,1154.9,1155.5,240
2025-07-14T14:01:00+05:30,1155.6,1155.6,1154.9,1155.1,522
2025-07-14T14:02:00+05:30,1155.3,1155.7,1154.9,1155.5,360
2025-07-14T14:03:00+05:30,1155.2,1155.7,1154.9,1155.0,326
2025-07-14T14:04:00+05:30,1155.3,1155.7,1154.9,1155.4,1090
2025-07-14T14:05:00+05:30,1154.9,1155.8,1154.9,1155.8,439
2025-07-14T14:06:00+05:30,1155.3,1155.9,1154.9,1155.7,205
2025-07-14T14:07:00+05:30,1155.4,1155.9,1154.9,1155.4,883
2025-07-14T14:08:00+05:30,1155.3,1155.8,1154.9,1155.8,503
2025-07-14T14:09:00+05:30,1155.4,1155.9,1154.9,1155.7,538
2025-07-14T14:10:00+05:30,1155.8,1155.8,1154.9,1155.8,655
2025-07-14T14:11:00+05:30,1155.4,1155.9,1154.9,1155.0,376
2025-07-14T14:12:00+05:30,1155.6,1155.8,1154.9,1155.7,705
2025-07-14T14:13:00+05:30,1155.4,1155.9,1154.9,1155.7,303
2025-07-14T14:14:00+05:30,1155.8,1155.9,1154.9,1155.7,520
2025-07-14T14:15:00+05:30,1155.7,1155.9,1154.9,1155.7,857
2025-07-14T14:16:00+05:30,1155.4,1155.7,1154.9,1155.6,192
2025-07-14T14:17:00+05:30,1155.3,1155.9,1154.9,1155.7,476
2025-07-14T14:18:00+05:30,1155.3,1155.9,1154.9,1155.7,1129
2025-07-14T14:19:00+05:30,1155.8,1156.7,1154.9,1155.8,1427
2025-07-14T14:20:00+05:30,1155.8,1156.0,1155.0,1155.0,764
2025-07-14T14:21:00+05:30,1155.3,1155.9,1154.9,1155.7,710
2025-07-14T14:22:00+05:30,1155.7,1155.9,1154.9,1155.9,511
2025-07-14T14:23:00+05:30,1155.4,1155.9,1154.8,1155.8,1255
2025-07-14T14:24:00+05:30,1155.8,1155.9,1154.9,1155.9,484
2025-07-14T14:25:00+05:30,1155.9,1156.3,1154.8,1154.8,1292
2025-07-14T14:26:00+05:30,1155.4,1155.9,1154.8,1155.1,2157
2025-07-14T14:27:00+05:30,1155.0,1155.9,1154.8,1155.8,481
2025-07-14T14:28:00+05:30,1155.4,1155.9,1154.8,1155.6,571
2025-07-14T14:29:00+05:30,1155.9,1155.9,1154.8,1155.9,345
2025-07-14T14:30:00+05:30,1155.1,1156.0,1154.9,1156.0,1026
2025-07-14T14:31:00+05:30,1155.0,1156.0,1155.0,1155.5,317
2025-07-14T14:32:00+05:30,1155.5,1155.9,1154.7,1155.9,300
2025-07-14T14:33:00+05:30,1155.4,1155.9,1154.7,1155.3,552
2025-07-14T14:34:00+05:30,1155.5,1156.0,1154.9,1155.4,1381
2025-07-14T14:35:00+05:30,1155.4,1155.9,1154.8,1155.5,2633
2025-07-14T14:36:00+05:30,1155.2,1155.9,1154.7,1154.7,674
2025-07-14T14:37:00+05:30,1155.8,1157.7,1154.7,1155.2,1654
2025-07-14T14:38:00+05:30,1155.2,1157.2,1154.7,1155.8,936
2025-07-14T14:39:00+05:30,1155.8,1155.9,1154.5,1155.8,424
2025-07-14T14:40:00+05:30,1155.4,1155.9,1154.8,1155.5,448
2025-07-14T14:41:00+05:30,1155.2,1164.7,1154.8,1164.5,345
2025-07-14T14:42:00+05:30,1164.7,1167.1,1163.0,1167.0,6740
2025-07-14T14:43:00+05:30,1167.2,1174.4,1166.1,1171.9,5685
2025-07-14T14:44:00+05:30,1171.5,1174.3,1171.5,1173.0,1518
2025-07-14T14:45:00+05:30,1172.9,1173.7,1171.5,1171.7,1434
2025-07-14T14:46:00+05:30,1172.4,1172.5,1171.1,1172.5,406
2025-07-14T14:47:00+05:30,1172.5,1172.5,1171.4,1171.4,470
2025-07-14T14:48:00+05:30,1171.5,1171.9,1170.3,1171.6,872
2025-07-14T14:49:00+05:30,1171.7,1172.0,1169.6,1171.7,1425
2025-07-14T14:50:00+05:30,1171.7,1172.9,1171.5,1172.5,932
2025-07-14T14:51:00+05:30,1172.1,1172.7,1171.2,1171.7,402
2025-07-14T14:52:00+05:30,1171.2,1173.1,1171.1,1172.1,2225
2025-07-14T14:53:00+05:30,1171.3,1172.7,1171.3,1172.5,187
2025-07-14T14:54:00+05:30,1172.5,1172.8,1171.4,1172.6,310
2025-07-14T14:55:00+05:30,1172.6,1173.3,1172.2,1173.0,768
2025-07-14T14:56:00+05:30,1173.0,1173.2,1172.8,1173.2,139
2025-07-14T14:57:00+05:30,1173.2,1173.2,1172.8,1173.0,149
2025-07-14T14:58:00+05:30,1173.0,1173.3,1172.9,1173.0,401
2025-07-14T14:59:00+05:30,1172.8,1172.8,1171.0,1172.7,963
2025-07-14T15:00:00+05:30,1172.0,1172.7,1169.0,1170.1,2019
2025-07-14T15:01:00+05:30,1169.3,1170.0,1167.1,1169.3,926
2025-07-14T15:02:00+05:30,1168.9,1171.1,1168.9,1170.3,749
2025-07-14T15:03:00+05:30,1170.3,1171.5,1170.2,1171.0,494
2025-07-14T15:04:00+05:30,1170.7,1172.5,1170.7,1172.4,727
2025-07-14T15:05:00+05:30,1171.9,1174.0,1171.9,1173.6,1933
2025-07-14T15:06:00+05:30,1173.0,1173.8,1173.0,1173.1,1224
2025-07-14T15:07:00+05:30,1173.6,1173.8,1172.8,1173.0,867
2025-07-14T15:08:00+05:30,1172.9,1174.9,1172.9,1174.9,1701
2025-07-14T15:09:00+05:30,1174.7,1175.8,1174.6,1175.5,3993
2025-07-14T15:10:00+05:30,1174.7,1175.5,1173.8,1174.2,1522
2025-07-14T15:11:00+05:30,1173.6,1175.0,1173.5,1173.7,1170
2025-07-14T15:12:00+05:30,1173.2,1175.0,1173.0,1173.7,616
2025-07-14T15:13:00+05:30,1174.0,1175.0,1173.7,1173.7,1311
2025-07-14T15:14:00+05:30,1173.7,1173.9,1173.3,1173.3,1127
2025-07-14T15:15:00+05:30,1173.4,1174.1,1172.5,1172.7,1428
2025-07-14T15:16:00+05:30,1173.2,1173.3,1171.4,1172.6,908
2025-07-14T15:17:00+05:30,1172.6,1174.0,1172.3,1173.4,769
2025-07-14T15:18:00+05:30,1173.4,1175.0,1173.4,1173.8,1828
2025-07-14T15:19:00+05:30,1173.8,1174.4,1171.7,1171.7,1955
2025-07-14T15:20:00+05:30,1171.8,1172.3,1168.9,1169.8,5468
2025-07-14T15:21:00+05:30,1169.6,1170.6,1169.2,1169.4,844
2025-07-14T15:22:00+05:30,1169.4,1170.0,1169.3,1169.6,616
2025-07-14T15:23:00+05:30,1169.7,1170.5,1169.5,1170.3,1526
2025-07-14T15:24:00+05:30,1170.2,1172.9,1170.2,1170.5,3619
2025-07-14T15:25:00+05:30,1170.5,1170.5,1169.6,1169.6,674
2025-07-14T15:26:00+05:30,1169.6,1170.9,1169.6,1169.9,853
2025-07-14T15:27:00+05:30,1170.0,1172.0,1169.8,1170.8,2458
2025-07-14T15:28:00+05:30,1170.8,1173.3,1170.5,1171.4,1773
2025-07-14T15:29:00+05:30,1170.7,1172.9,1170.1,1170.5,937
2025-07-11T09:15:00+05:30,1147.3,1148.9,1137.7,1140.0,1965
2025-07-11T09:16:00+05:30,1141.2,1144.0,1138.5,1144.0,1797
2025-07-11T09:17:00+05:30,1143.5,1143.5,1139.2,1142.4,1621
2025-07-11T09:18:00+05:30,1142.4,1148.3,1141.0,1148.3,2858
2025-07-11T09:19:00+05:30,1146.9,1149.6,1146.0,1149.6,1615
2025-07-11T09:20:00+05:30,1150.6,1153.8,1148.8,1153.8,721
2025-07-11T09:21:00+05:30,1153.7,1157.6,1151.1,1155.6,2727
2025-07-11T09:22:00+05:30,1156.8,1159.0,1155.9,1158.0,1228
2025-07-11T09:23:00+05:30,1158.0,1158.0,1156.2,1157.6,1412
2025-07-11T09:24:00+05:30,1157.0,1158.4,1156.9,1156.9,540
2025-07-11T09:25:00+05:30,1157.5,1158.3,1157.5,1158.0,128
2025-07-11T09:26:00+05:30,1158.0,1158.0,1157.5,1157.6,167
2025-07-11T09:27:00+05:30,1157.5,1161.2,1157.5,1160.9,2818
2025-07-11T09:28:00+05:30,1160.1,1162.6,1160.1,1161.0,1199
2025-07-11T09:29:00+05:30,1160.2,1163.8,1160.0,1163.2,1352
2025-07-11T09:30:00+05:30,1163.0,1163.0,1156.6,1156.6,1968
2025-07-11T09:31:00+05:30,1156.6,1157.1,1151.2,1151.2,1569
2025-07-11T09:32:00+05:30,1152.0,1153.6,1149.3,1153.6,321
2025-07-11T09:33:00+05:30,1153.6,1154.8,1152.3,1153.9,670
2025-07-11T09:34:00+05:30,1153.9,1154.3,1153.0,1153.0,396
2025-07-11T09:35:00+05:30,1153.0,1154.5,1152.6,1154.5,941
2025-07-11T09:36:00+05:30,1154.2,1157.8,1153.3,1157.8,2022
2025-07-11T09:37:00+05:30,1157.8,1164.0,1157.8,1162.9,8672
2025-07-11T09:38:00+05:30,1162.0,1162.0,1156.0,1158.1,3427
2025-07-11T09:39:00+05:30,1158.0,1159.4,1156.4,1157.0,2872
2025-07-11T09:40:00+05:30,1156.9,1159.0,1155.7,1157.8,1225
2025-07-11T09:41:00+05:30,1157.8,1160.3,1157.0,1159.3,1426
2025-07-11T09:42:00+05:30,1159.3,1159.5,1156.9,1159.3,1240
2025-07-11T09:43:00+05:30,1158.9,1158.9,1157.8,1158.9,792
2025-07-11T09:44:00+05:30,1158.7,1159.0,1157.1,1158.9,943
2025-07-11T09:45:00+05:30,1158.7,1158.7,1157.7,1157.8,244
2025-07-11T09:46:00+05:30,1157.5,1157.5,1156.4,1156.4,384
2025-07-11T09:47:00+05:30,1156.9,1157.2,1153.6,1153.6,2063
2025-07-11T09:48:00+05:30,1154.8,1157.3,1153.9,1157.0,1005
2025-07-11T09:49:00+05:30,1157.0,1157.0,1155.7,1156.9,360
2025-07-11T09:50:00+05:30,1156.6,1157.0,1153.5,1153.7,1791
2025-07-11T09:51:00+05:30,1153.6,1154.3,1152.0,1153.8,550
2025-07-11T09:52:00+05:30,1153.8,1153.8,1153.0,1153.0,225
2025-07-11T09:53:00+05:30,1153.4,1154.6,1153.0,1154.0,233
2025-07-11T09:54:00+05:30,1154.2,1154.9,1151.2,1153.2,1383
2025-07-11T09:55:00+05:30,1153.3,1153.8,1152.0,1153.7,311
2025-07-11T09:56:00+05:30,1153.7,1154.2,1153.2,1153.6,388
2025-07-11T09:57:00+05:30,1153.8,1153.9,1152.0,1152.0,500
2025-07-11T09:58:00+05:30,1152.6,1153.5,1151.0,1152.1,679
2025-07-11T09:59:00+05:30,1151.7,1153.0,1151.7,1152.8,84
2025-07-11T10:00:00+05:30,1152.8,1152.8,1150.4,1151.7,873
2025-07-11T10:01:00+05:30,1151.4,1151.7,1150.6,1150.6,203
2025-07-11T10:02:00+05:30,1150.7,1151.2,1150.6,1151.0,107
2025-07-11T10:03:00+05:30,1150.6,1151.8,1150.2,1150.8,1515
2025-07-11T10:04:00+05:30,1150.9,1151.9,1150.9,1151.8,46
2025-07-11T10:05:00+05:30,1151.8,1152.0,1151.6,1151.7,364
2025-07-11T10:06:00+05:30,1151.7,1152.4,1151.7,1152.1,219
2025-07-11T10:07:00+05:30,1152.3,1152.7,1149.9,1151.2,4253
2025-07-11T10:08:00+05:30,1150.9,1152.6,1150.6,1151.4,447
2025-07-11T10:09:00+05:30,1152.1,1152.4,1151.4,1151.4,367
2025-07-11T10:10:00+05:30,1151.2,1151.4,1150.0,1150.0,443
2025-07-11T10:11:00+05:30,1150.0,1152.1,1150.0,1152.1,342
2025-07-11T10:12:00+05:30,1152.3,1153.9,1152.1,1152.4,1085
2025-07-11T10:13:00+05:30,1152.4,1153.1,1152.4,1153.1,28
2025-07-11T10:14:00+05:30,1153.0,1153.5,1152.8,1153.5,371
2025-07-11T10:15:00+05:30,1153.2,1153.5,1151.0,1151.9,571
2025-07-11T10:16:00+05:30,1151.0,1151.6,1150.0,1150.6,805
2025-07-11T10:17:00+05:30,1150.4,1151.3,1150.3,1150.8,731
2025-07-11T10:18:00+05:30,1150.3,1150.6,1148.2,1150.1,857
2025-07-11T10:19:00+05:30,1149.8,1149.9,1149.2,1149.8,201
2025-07-11T10:20:00+05:30,1149.3,1149.5,1148.2,1149.2,459
2025-07-11T10:21:00+05:30,1148.9,1150.5,1148.9,1149.4,200
2025-07-11T10:22:00+05:30,1149.4,1150.5,1149.4,1150.5,72
2025-07-11T10:23:00+05:30,1149.8,1150.3,1149.8,1150.1,45
2025-07-11T10:24:00+05:30,1149.8,1150.3,1149.8,1150.1,82
2025-07-11T10:25:00+05:30,1149.8,1150.4,1149.8,1150.1,114
2025-07-11T10:26:00+05:30,1150.1,1150.2,1149.3,1149.3,195
2025-07-11T10:27:00+05:30,1149.2,1150.1,1149.1,1149.8,165
2025-07-11T10:28:00+05:30,1149.6,1150.1,1148.6,1148.8,517
2025-07-11T10:29:00+05:30,1149.1,1151.3,1148.7,1151.3,398
2025-07-11T10:30:00+05:30,1151.7,1152.0,1151.7,1152.0,41
2025-07-11T10:31:00+05:30,1151.7,1151.9,1151.7,1151.9,31
2025-07-11T10:32:00+05:30,1151.9,1152.3,1151.9,1152.3,265
2025-07-11T10:33:00+05:30,1151.7,1151.9,1150.1,1150.1,732
2025-07-11T10:34:00+05:30,1150.3,1151.1,1150.1,1151.0,142
2025-07-11T10:35:00+05:30,1151.1,1151.1,1149.5,1149.5,246
2025-07-11T10:36:00+05:30,1150.0,1151.8,1150.0,1151.6,201
2025-07-11T10:37:00+05:30,1151.8,1152.5,1151.6,1152.0,75
2025-07-11T10:38:00+05:30,1152.0,1152.5,1152.0,1152.5,134
2025-07-11T10:39:00+05:30,1152.1,1152.5,1151.5,1151.9,454
2025-07-11T10:40:00+05:30,1151.9,1153.5,1151.9,1152.9,801
2025-07-11T10:41:00+05:30,1153.2,1153.5,1152.6,1152.6,275
2025-07-11T10:42:00+05:30,1153.0,1153.0,1152.7,1153.0,18
2025-07-11T10:43:00+05:30,1153.0,1153.0,1151.6,1151.6,251
2025-07-11T10:44:00+05:30,1151.6,1152.0,1151.6,1152.0,42
2025-07-11T10:45:00+05:30,1151.6,1152.0,1151.6,1152.0,50
2025-07-11T10:46:00+05:30,1152.0,1152.3,1151.2,1151.4,269
2025-07-11T10:47:00+05:30,1152.0,1152.1,1151.3,1151.3,89
2025-07-11T10:48:00+05:30,1151.1,1151.4,1150.0,1150.2,277
2025-07-11T10:49:00+05:30,1150.2,1150.3,1149.9,1150.2,121
2025-07-11T10:50:00+05:30,1150.3,1151.5,1150.2,1151.5,261
2025-07-11T10:51:00+05:30,1150.9,1151.7,1150.6,1151.7,81
2025-07-11T10:52:00+05:30,1152.0,1152.3,1152.0,1152.3,18
2025-07-11T10:53:00+05:30,1152.3,1153.0,1152.0,1152.5,510
2025-07-11T10:54:00+05:30,1152.5,1152.8,1152.0,1152.0,814
2025-07-11T10:55:00+05:30,1152.2,1152.8,1151.9,1152.6,86
2025-07-11T10:56:00+05:30,1152.4,1152.7,1151.6,1152.3,164
2025-07-11T10:57:00+05:30,1152.3,1152.3,1150.9,1152.0,70
2025-07-11T10:58:00+05:30,1151.3,1151.6,1151.0,1151.6,92
2025-07-11T10:59:00+05:30,1151.5,1151.7,1151.3,1151.7,236
2025-07-11T11:00:00+05:30,1151.8,1151.8,1150.1,1150.1,296
2025-07-11T11:01:00+05:30,1150.3,1150.3,1149.0,1149.8,157
2025-07-11T11:02:00+05:30,1149.8,1151.1,1149.8,1151.0,197
2025-07-11T11:03:00+05:30,1150.9,1150.9,1148.2,1148.2,720
2025-07-11T11:04:00+05:30,1148.8,1149.6,1148.4,1149.6,313
2025-07-11T11:05:00+05:30,1149.9,1150.0,1149.1,1149.1,91
2025-07-11T11:06:00+05:30,1149.8,1151.7,1149.8,1150.5,565
2025-07-11T11:07:00+05:30,1150.2,1151.5,1149.8,1149.8,789
2025-07-11T11:08:00+05:30,1149.5,1149.8,1148.9,1148.9,176
2025-07-11T11:09:00+05:30,1149.5,1149.5,1148.6,1148.6,60
2025-07-11T11:10:00+05:30,1148.2,1149.8,1148.2,1149.1,1122
2025-07-11T11:11:00+05:30,1150.0,1150.0,1149.1,1149.2,125
2025-07-11T11:12:00+05:30,1149.6,1151.5,1149.6,1151.5,155
2025-07-11T11:13:00+05:30,1151.6,1152.5,1151.4,1151.4,200
2025-07-11T11:14:00+05:30,1152.0,1152.3,1152.0,1152.3,29
2025-07-11T11:15:00+05:30,1152.3,1152.5,1151.9,1151.9,154
2025-07-11T11:16:00+05:30,1152.1,1152.1,1151.2,1151.8,77
2025-07-11T11:17:00+05:30,1152.0,1152.1,1152.0,1152.1,18
2025-07-11T11:18:00+05:30,1152.2,1152.5,1151.9,1151.9,48
2025-07-11T11:19:00+05:30,1151.9,1152.2,1150.0,1150.0,547
2025-07-11T11:20:00+05:30,1150.3,1150.9,1149.9,1150.7,146
2025-07-11T11:21:00+05:30,1150.9,1151.1,1150.0,1150.0,144
2025-07-11T11:22:00+05:30,1150.4,1150.8,1149.9,1150.0,199
2025-07-11T11:23:00+05:30,1150.0,1150.0,1149.4,1149.4,55
2025-07-11T11:24:00+05:30,1149.9,1149.9,1149.5,1149.5,17
2025-07-11T11:25:00+05:30,1149.9,1150.2,1149.4,1149.5,206
2025-07-11T11:26:00+05:30,1149.9,1149.9,1149.2,1149.5,118
2025-07-11T11:27:00+05:30,1149.2,1149.9,1149.2,1149.7,149
2025-07-11T11:28:00+05:30,1149.7,1149.8,1149.7,1149.8,118
2025-07-11T11:29:00+05:30,1149.7,1149.8,1149.7,1149.7,23
2025-07-11T11:30:00+05:30,1149.7,1150.7,1149.7,1150.7,70
2025-07-11T11:31:00+05:30,1150.8,1151.8,1150.8,1151.5,24
2025-07-11T11:32:00+05:30,1151.5,1151.5,1151.4,1151.5,86
2025-07-11T11:33:00+05:30,1151.5,1151.5,1151.3,1151.5,138
2025-07-11T11:34:00+05:30,1151.3,1151.5,1151.3,1151.5,27
2025-07-11T11:35:00+05:30,1151.5,1151.5,1151.3,1151.3,33
2025-07-11T11:36:00+05:30,1151.4,1151.4,1149.1,1151.0,2855
2025-07-11T11:37:00+05:30,1151.1,1151.5,1150.5,1150.7,190
2025-07-11T11:38:00+05:30,1150.8,1151.3,1150.8,1151.2,32
2025-07-11T11:39:00+05:30,1151.0,1151.0,1150.0,1150.0,167
2025-07-11T11:40:00+05:30,1150.7,1152.8,1150.0,1150.0,1131
2025-07-11T11:41:00+05:30,1150.4,1151.2,1150.4,1150.5,17
2025-07-11T11:42:00+05:30,1150.9,1151.0,1150.4,1150.9,70
2025-07-11T11:43:00+05:30,1150.9,1151.8,1150.9,1151.8,110
2025-07-11T11:44:00+05:30,1151.8,1152.3,1151.5,1152.0,28
2025-07-11T11:45:00+05:30,1152.1,1152.1,1151.3,1151.3,102
2025-07-11T11:46:00+05:30,1151.1,1152.0,1151.1,1152.0,231
2025-07-11T11:47:00+05:30,1152.0,1152.1,1152.0,1152.1,29
2025-07-11T11:48:00+05:30,1152.1,1152.2,1151.8,1152.2,92
2025-07-11T11:49:00+05:30,1152.2,1152.5,1152.2,1152.5,23
2025-07-11T11:50:00+05:30,1152.5,1153.0,1152.5,1153.0,94
2025-07-11T11:51:00+05:30,1153.0,1154.6,1152.7,1152.7,849
2025-07-11T11:52:00+05:30,1153.3,1153.3,1153.2,1153.2,34
2025-07-11T11:53:00+05:30,1153.2,1153.2,1153.1,1153.2,42
2025-07-11T11:54:00+05:30,1153.2,1153.5,1153.0,1153.0,57
2025-07-11T11:55:00+05:30,1153.0,1153.2,1152.7,1152.7,111
2025-07-11T11:56:00+05:30,1152.5,1152.8,1152.5,1152.7,118
2025-07-11T11:57:00+05:30,1152.6,1152.6,1152.1,1152.2,146
2025-07-11T11:58:00+05:30,1151.6,1151.7,1151.4,1151.5,50
2025-07-11T11:59:00+05:30,1151.5,1151.7,1150.9,1150.9,192
2025-07-11T12:00:00+05:30,1150.8,1150.9,1150.5,1150.9,36
2025-07-11T12:01:00+05:30,1150.8,1150.8,1149.8,1149.8,128
2025-07-11T12:02:00+05:30,1150.3,1150.5,1149.9,1150.0,51
2025-07-11T12:03:00+05:30,1150.5,1150.9,1150.5,1150.7,137
2025-07-11T12:04:00+05:30,1150.7,1150.7,1149.0,1149.0,378
2025-07-11T12:05:00+05:30,1149.3,1149.7,1149.3,1149.7,36
2025-07-11T12:06:00+05:30,1149.5,1152.3,1149.5,1152.3,401
2025-07-11T12:07:00+05:30,1152.3,1152.5,1152.3,1152.5,20
2025-07-11T12:08:00+05:30,1152.4,1152.5,1152.1,1152.5,34
2025-07-11T12:09:00+05:30,1152.4,1152.4,1151.9,1152.2,192
2025-07-11T12:10:00+05:30,1152.3,1152.3,1151.9,1152.3,31
2025-07-11T12:11:00+05:30,1152.3,1153.0,1152.2,1153.0,102
2025-07-11T12:12:00+05:30,1153.1,1153.2,1153.0,1153.2,131
2025-07-11T12:13:00+05:30,1153.3,1153.3,1152.3,1152.6,177
2025-07-11T12:14:00+05:30,1152.6,1152.6,1151.0,1151.6,288
2025-07-11T12:15:00+05:30,1151.6,1151.7,1151.0,1151.7,161
2025-07-11T12:16:00+05:30,1151.7,1151.7,1151.7,1151.7,52
2025-07-11T12:17:00+05:30,1151.7,1151.8,1151.0,1151.0,236
2025-07-11T12:18:00+05:30,1150.8,1151.5,1150.8,1151.3,138
2025-07-11T12:19:00+05:30,1151.3,1151.4,1151.1,1151.2,36
2025-07-11T12:20:00+05:30,1151.3,1151.6,1151.3,1151.6,34
2025-07-11T12:21:00+05:30,1151.6,1151.6,1150.8,1150.8,182
2025-07-11T12:22:00+05:30,1150.1,1150.6,1149.6,1150.5,44
2025-07-11T12:23:00+05:30,1150.5,1150.9,1150.5,1150.9,46
2025-07-11T12:24:00+05:30,1150.4,1150.7,1150.1,1150.7,25
2025-07-11T12:25:00+05:30,1150.7,1150.7,1150.6,1150.7,163
2025-07-11T12:26:00+05:30,1150.6,1150.7,1150.1,1150.3,77
2025-07-11T12:27:00+05:30,1150.5,1150.5,1150.3,1150.4,34
2025-07-11T12:28:00+05:30,1150.5,1150.5,1150.1,1150.4,50
2025-07-11T12:29:00+05:30,1150.5,1150.5,1150.3,1150.4,23
2025-07-11T12:30:00+05:30,1150.1,1151.6,1149.9,1151.6,369
2025-07-11T12:31:00+05:30,1151.6,1153.0,1151.6,1153.0,490
2025-07-11T12:32:00+05:30,1153.0,1153.6,1153.0,1153.6,390
2025-07-11T12:33:00+05:30,1153.6,1155.3,1153.2,1154.8,936
2025-07-11T12:34:00+05:30,1154.9,1156.7,1154.9,1156.7,1039
2025-07-11T12:35:00+05:30,1156.6,1158.2,1156.0,1156.4,1314
2025-07-11T12:36:00+05:30,1156.7,1156.9,1154.9,1156.3,544
2025-07-11T12:37:00+05:30,1156.2,1157.0,1156.1,1157.0,210
2025-07-11T12:38:00+05:30,1157.2,1158.4,1157.0,1157.4,384
2025-07-11T12:39:00+05:30,1157.5,1157.8,1156.9,1157.1,309
2025-07-11T12:40:00+05:30,1157.2,1157.5,1156.9,1157.3,273
2025-07-11T12:41:00+05:30,1157.4,1157.5,1156.9,1157.3,520
2025-07-11T12:42:00+05:30,1157.3,1157.3,1154.9,1156.1,511
2025-07-11T12:43:00+05:30,1154.7,1155.7,1154.7,1154.9,226
2025-07-11T12:44:00+05:30,1155.2,1155.4,1154.7,1155.1,191
2025-07-11T12:45:00+05:30,1155.1,1155.3,1155.1,1155.3,196
2025-07-11T12:46:00+05:30,1155.3,1157.5,1155.2,1157.0,1554
2025-07-11T12:47:00+05:30,1156.9,1156.9,1156.1,1156.9,256
2025-07-11T12:48:00+05:30,1156.7,1157.0,1156.5,1157.0,198
2025-07-11T12:49:00+05:30,1156.9,1157.5,1155.3,1155.8,763
2025-07-11T12:50:00+05:30,1156.1,1156.9,1155.8,1156.8,134
2025-07-11T12:51:00+05:30,1157.0,1157.3,1156.4,1156.4,520
2025-07-11T12:52:00+05:30,1156.7,1157.5,1156.7,1157.4,184
2025-07-11T12:53:00+05:30,1157.4,1157.5,1156.5,1156.5,350
2025-07-11T12:54:00+05:30,1156.5,1157.6,1154.6,1155.0,2896
2025-07-11T12:55:00+05:30,1155.6,1156.4,1155.6,1155.7,95
2025-07-11T12:56:00+05:30,1156.2,1156.7,1156.2,1156.7,77
2025-07-11T12:57:00+05:30,1156.7,1156.9,1156.1,1156.1,94
2025-07-11T12:58:00+05:30,1156.3,1156.8,1156.0,1156.0,176
2025-07-11T12:59:00+05:30,1156.0,1156.7,1156.0,1156.5,264
2025-07-11T13:00:00+05:30,1156.1,1156.5,1156.0,1156.4,160
2025-07-11T13:01:00+05:30,1156.3,1156.6,1155.7,1155.7,49
2025-07-11T13:02:00+05:30,1156.4,1156.4,1155.4,1155.8,147
2025-07-11T13:03:00+05:30,1155.9,1155.9,1155.2,1155.8,314
2025-07-11T13:04:00+05:30,1155.8,1155.8,1152.6,1153.2,1461
2025-07-11T13:05:00+05:30,1153.4,1153.4,1151.4,1152.1,326
2025-07-11T13:06:00+05:30,1151.0,1152.5,1150.4,1151.8,384
2025-07-11T13:07:00+05:30,1151.5,1152.0,1151.5,1151.9,48
2025-07-11T13:08:00+05:30,1151.9,1151.9,1151.2,1151.7,53
2025-07-11T13:09:00+05:30,1151.8,1151.8,1151.0,1151.0,156
2025-07-11T13:10:00+05:30,1151.2,1151.2,1150.9,1150.9,54
2025-07-11T13:11:00+05:30,1150.9,1151.3,1150.7,1151.3,53
2025-07-11T13:12:00+05:30,1150.6,1151.4,1150.6,1151.4,70
2025-07-11T13:13:00+05:30,1151.2,1152.4,1151.2,1152.0,121
2025-07-11T13:14:00+05:30,1152.0,1152.2,1151.5,1151.5,29
2025-07-11T13:15:00+05:30,1151.9,1152.0,1151.7,1152.0,37
2025-07-11T13:16:00+05:30,1152.0,1152.1,1151.4,1151.4,212
2025-07-11T13:17:00+05:30,1152.0,1152.5,1152.0,1152.5,99
2025-07-11T13:18:00+05:30,1152.2,1152.4,1151.9,1151.9,126
2025-07-11T13:19:00+05:30,1151.9,1151.9,1151.4,1151.9,93
2025-07-11T13:20:00+05:30,1151.7,1152.0,1151.4,1151.4,323
2025-07-11T13:21:00+05:30,1151.4,1152.0,1151.1,1151.1,143
2025-07-11T13:22:00+05:30,1151.6,1151.8,1151.5,1151.5,43
2025-07-11T13:23:00+05:30,1151.8,1151.9,1151.5,1151.5,28
2025-07-11T13:24:00+05:30,1151.9,1152.0,1151.5,1151.8,273
2025-07-11T13:25:00+05:30,1151.8,1153.4,1145.1,1146.0,8734
2025-07-11T13:26:00+05:30,1145.9,1147.9,1145.6,1147.1,227
2025-07-11T13:27:00+05:30,1147.0,1147.5,1146.4,1146.7,176
2025-07-11T13:28:00+05:30,1147.4,1147.9,1145.1,1147.7,1750
2025-07-11T13:29:00+05:30,1147.9,1147.9,1147.0,1147.6,77
2025-07-11T13:30:00+05:30,1147.8,1147.8,1147.3,1147.6,136
2025-07-11T13:31:00+05:30,1147.8,1148.0,1147.4,1147.5,57
2025-07-11T13:32:00+05:30,1147.2,1147.8,1146.2,1147.6,210
2025-07-11T13:33:00+05:30,1147.5,1147.6,1146.1,1146.1,104
2025-07-11T13:34:00+05:30,1146.7,1146.7,1144.5,1145.8,1505
2025-07-11T13:35:00+05:30,1146.2,1146.9,1146.0,1146.0,96
2025-07-11T13:36:00+05:30,1146.4,1146.4,1144.5,1144.9,4242
2025-07-11T13:37:00+05:30,1145.2,1145.2,1144.3,1144.3,302
2025-07-11T13:38:00+05:30,1144.4,1144.9,1143.5,1143.9,793
2025-07-11T13:39:00+05:30,1143.5,1146.4,1143.5,1145.9,606
2025-07-11T13:40:00+05:30,1145.8,1145.9,1145.0,1145.0,193
2025-07-11T13:41:00+05:30,1144.9,1145.0,1144.3,1144.3,134
2025-07-11T13:42:00+05:30,1144.3,1144.7,1144.3,1144.3,68
2025-07-11T13:43:00+05:30,1144.8,1144.8,1144.3,1144.3,102
2025-07-11T13:44:00+05:30,1144.7,1145.0,1144.0,1144.7,89
2025-07-11T13:45:00+05:30,1144.6,1144.7,1144.0,1144.0,58
2025-07-11T13:46:00+05:30,1144.5,1144.6,1144.0,1144.5,46
2025-07-11T13:47:00+05:30,1144.7,1144.7,1143.8,1144.0,630
2025-07-11T13:48:00+05:30,1143.6,1145.3,1142.9,1145.1,3592
2025-07-11T13:49:00+05:30,1145.8,1147.4,1145.5,1147.0,468
2025-07-11T13:50:00+05:30,1146.7,1147.4,1146.2,1147.3,290
2025-07-11T13:51:00+05:30,1146.9,1147.3,1146.6,1147.3,291
2025-07-11T13:52:00+05:30,1147.0,1148.3,1147.0,1148.3,103
2025-07-11T13:53:00+05:30,1148.8,1148.8,1148.1,1148.8,139
2025-07-11T13:54:00+05:30,1148.8,1149.3,1148.3,1149.1,156
2025-07-11T13:55:00+05:30,1149.0,1156.4,1146.7,1153.9,8922
2025-07-11T13:56:00+05:30,1153.7,1156.1,1153.3,1155.5,2039
2025-07-11T13:57:00+05:30,1155.3,1155.5,1154.1,1154.1,392
2025-07-11T13:58:00+05:30,1155.1,1155.6,1154.5,1154.5,155
2025-07-11T13:59:00+05:30,1154.9,1154.9,1153.8,1153.8,114
2025-07-11T14:00:00+05:30,1153.8,1154.7,1153.8,1154.4,609
2025-07-11T14:01:00+05:30,1154.8,1155.0,1154.4,1155.0,132
2025-07-11T14:02:00+05:30,1155.0,1155.7,1154.6,1155.5,454
2025-07-11T14:03:00+05:30,1156.0,1158.9,1152.8,1155.2,8979
2025-07-11T14:04:00+05:30,1155.0,1159.8,1152.6,1155.0,12614
2025-07-11T14:05:00+05:30,1154.7,1157.0,1154.1,1156.0,595
2025-07-11T14:06:00+05:30,1155.8,1155.9,1154.5,1155.9,359
2025-07-11T14:07:00+05:30,1156.0,1156.0,1154.4,1154.4,124
2025-07-11T14:08:00+05:30,1154.8,1155.0,1153.8,1153.8,134
2025-07-11T14:09:00+05:30,1153.8,1154.1,1153.4,1153.4,75
2025-07-11T14:10:00+05:30,1154.1,1154.5,1153.0,1153.2,109
2025-07-11T14:11:00+05:30,1153.5,1153.7,1152.6,1153.6,92
2025-07-11T14:12:00+05:30,1153.7,1153.9,1153.6,1153.9,108
2025-07-11T14:13:00+05:30,1153.9,1154.6,1153.4,1154.3,194
2025-07-11T14:14:00+05:30,1154.4,1154.6,1154.3,1154.5,62
2025-07-11T14:15:00+05:30,1154.9,1155.0,1154.8,1155.0,83
2025-07-11T14:16:00+05:30,1154.8,1156.1,1153.7,1155.6,763
2025-07-11T14:17:00+05:30,1155.3,1155.4,1154.4,1155.0,116
2025-07-11T14:18:00+05:30,1155.1,1155.1,1155.0,1155.1,85
2025-07-11T14:19:00+05:30,1155.1,1155.1,1155.0,1155.0,148
2025-07-11T14:20:00+05:30,1155.1,1155.1,1155.0,1155.1,195
2025-07-11T14:21:00+05:30,1155.2,1155.7,1155.0,1155.5,328
2025-07-11T14:22:00+05:30,1155.5,1156.3,1155.0,1155.0,375
2025-07-11T14:23:00+05:30,1154.9,1155.4,1154.5,1154.5,101
2025-07-11T14:24:00+05:30,1154.9,1155.0,1154.6,1154.6,45
2025-07-11T14:25:00+05:30,1154.5,1154.9,1153.9,1153.9,176
2025-07-11T14:26:00+05:30,1154.0,1154.7,1153.8,1154.1,240
2025-07-11T14:27:00+05:30,1154.3,1154.6,1154.3,1154.3,83
2025-07-11T14:28:00+05:30,1154.5,1154.5,1154.3,1154.3,66
2025-07-11T14:29:00+05:30,1154.3,1154.5,1153.8,1154.2,83
2025-07-11T14:30:00+05:30,1153.6,1154.1,1153.5,1154.0,83
2025-07-11T14:31:00+05:30,1153.6,1154.3,1153.6,1154.2,250
2025-07-11T14:32:00+05:30,1154.1,1154.9,1153.8,1153.8,893
2025-07-11T14:33:00+05:30,1153.7,1154.4,1153.6,1153.8,106
2025-07-11T14:34:00+05:30,1154.3,1154.4,1153.5,1153.8,153
2025-07-11T14:35:00+05:30,1153.8,1154.9,1153.8,1154.7,323
2025-07-11T14:36:00+05:30,1155.0,1155.3,1154.7,1155.3,268
2025-07-11T14:37:00+05:30,1155.1,1156.2,1154.6,1155.8,1374
2025-07-11T14:38:00+05:30,1155.3,1155.3,1154.6,1155.0,136
2025-07-11T14:39:00+05:30,1155.0,1155.0,1154.6,1155.0,95
2025-07-11T14:40:00+05:30,1154.7,1155.2,1154.7,1154.7,147
2025-07-11T14:41:00+05:30,1155.3,1155.7,1154.7,1155.2,583
2025-07-11T14:42:00+05:30,1155.2,1155.8,1155.2,1155.6,171
2025-07-11T14:43:00+05:30,1155.6,1155.6,1155.3,1155.3,135
2025-07-11T14:44:00+05:30,1155.6,1155.6,1155.1,1155.1,104
2025-07-11T14:45:00+05:30,1155.5,1155.6,1155.1,1155.5,241
2025-07-11T14:46:00+05:30,1155.5,1155.5,1155.4,1155.5,343
2025-07-11T14:47:00+05:30,1155.5,1156.3,1155.5,1156.1,417
2025-07-11T14:48:00+05:30,1156.2,1156.3,1155.7,1155.7,133
2025-07-11T14:49:00+05:30,1156.1,1156.1,1154.9,1155.1,202
2025-07-11T14:50:00+05:30,1155.3,1155.3,1154.4,1154.4,292
2025-07-11T14:51:00+05:30,1154.9,1155.0,1154.3,1155.0,89
2025-07-11T14:52:00+05:30,1154.9,1155.5,1154.4,1155.4,477
2025-07-11T14:53:00+05:30,1155.5,1155.7,1154.9,1155.6,138
2025-07-11T14:54:00+05:30,1155.6,1155.6,1154.9,1155.1,152
2025-07-11T14:55:00+05:30,1155.2,1155.3,1154.7,1155.0,274
2025-07-11T14:56:00+05:30,1155.0,1156.3,1155.0,1155.6,647
2025-07-11T14:57:00+05:30,1156.1,1157.0,1156.1,1156.4,857
2025-07-11T14:58:00+05:30,1156.5,1156.9,1156.3,1156.3,139
2025-07-11T14:59:00+05:30,1156.4,1156.5,1155.9,1156.3,265
2025-07-11T15:00:00+05:30,1156.3,1156.8,1156.2,1156.8,373
2025-07-11T15:01:00+05:30,1156.7,1156.8,1155.9,1156.5,1575
2025-07-11T15:02:00+05:30,1156.5,1156.5,1155.1,1156.1,804
2025-07-11T15:03:00+05:30,1156.0,1156.1,1155.3,1155.8,589
2025-07-11T15:04:00+05:30,1155.9,1155.9,1154.9,1155.2,811
2025-07-11T15:05:00+05:30,1155.2,1160.0,1155.0,1157.1,6600
2025-07-11T15:06:00+05:30,1156.6,1156.6,1153.3,1153.3,1662
2025-07-11T15:07:00+05:30,1153.6,1154.1,1152.0,1153.2,1859
2025-07-11T15:08:00+05:30,1153.2,1155.3,1152.6,1155.2,845
2025-07-11T15:09:00+05:30,1155.2,1155.2,1153.7,1155.0,1033
2025-07-11T15:10:00+05:30,1155.0,1155.2,1154.1,1154.8,1518
2025-07-11T15:11:00+05:30,1154.8,1154.8,1154.7,1154.7,885
2025-07-11T15:12:00+05:30,1154.4,1154.7,1153.5,1154.0,1318
2025-07-11T15:13:00+05:30,1153.9,1154.1,1152.7,1154.0,1027
2025-07-11T15:14:00+05:30,1154.0,1154.8,1152.9,1153.2,1865
2025-07-11T15:15:00+05:30,1153.5,1154.5,1151.6,1152.1,1644
2025-07-11T15:16:00+05:30,1152.8,1152.8,1150.1,1152.2,1190
2025-07-11T15:17:00+05:30,1152.2,1152.3,1150.0,1151.6,2159
2025-07-11T15:18:00+05:30,1151.6,1151.8,1149.4,1150.1,1611
2025-07-11T15:19:00+05:30,1149.9,1152.8,1148.4,1150.3,2717
2025-07-11T15:20:00+05:30,1150.3,1152.8,1148.5,1149.0,3617
2025-07-11T15:21:00+05:30,1148.7,1150.2,1148.2,1150.2,1604
2025-07-11T15:22:00+05:30,1150.0,1152.4,1149.9,1152.0,1485
2025-07-11T15:23:00+05:30,1152.1,1153.1,1152.0,1153.1,1238
2025-07-11T15:24:00+05:30,1153.0,1154.9,1152.8,1153.4,2134
2025-07-11T15:25:00+05:30,1153.4,1154.8,1153.3,1153.4,1987
2025-07-11T15:26:00+05:30,1153.3,1154.7,1148.0,1149.3,3799
2025-07-11T15:27:00+05:30,1149.3,1149.9,1145.0,1149.3,10359
2025-07-11T15:28:00+05:30,1146.8,1150.9,1146.0,1148.0,1460
2025-07-11T15:29:00+05:30,1148.5,1148.5,1145.1,1145.6,1045
