timestamp,open,high,low,close,volume
2025-07-18T09:15:00+05:30,2655.1,2674.0,2640.0,2652.4,1718
2025-07-18T09:16:00+05:30,2650.2,2653.0,2648.6,2649.4,812
2025-07-18T09:17:00+05:30,2649.8,2657.2,2649.8,2657.2,104
2025-07-18T09:18:00+05:30,2654.5,2662.6,2653.4,2661.4,839
2025-07-18T09:19:00+05:30,2662.1,2662.4,2658.6,2659.1,615
2025-07-18T09:20:00+05:30,2659.6,2660.2,2657.6,2660.0,271
2025-07-18T09:21:00+05:30,2660.1,2660.1,2658.6,2658.6,68
2025-07-18T09:22:00+05:30,2658.6,2662.7,2657.8,2662.7,472
2025-07-18T09:23:00+05:30,2662.8,2664.9,2662.0,2664.9,635
2025-07-18T09:24:00+05:30,2662.7,2665.0,2662.7,2664.0,373
2025-07-18T09:25:00+05:30,2664.0,2664.2,2659.5,2659.5,232
2025-07-18T09:26:00+05:30,2660.8,2660.8,2659.5,2659.5,77
2025-07-18T09:27:00+05:30,2658.8,2661.4,2658.8,2661.1,135
2025-07-18T09:28:00+05:30,2661.0,2662.1,2661.0,2662.1,108
2025-07-18T09:29:00+05:30,2661.6,2661.6,2660.1,2661.2,566
2025-07-18T09:30:00+05:30,2662.1,2663.0,2659.0,2659.0,2135
2025-07-18T09:31:00+05:30,2658.0,2658.4,2655.5,2656.9,812
2025-07-18T09:32:00+05:30,2657.1,2658.7,2657.0,2658.6,21
2025-07-18T09:33:00+05:30,2656.9,2657.7,2656.5,2656.5,150
2025-07-18T09:34:00+05:30,2657.5,2657.5,2656.0,2657.3,34
2025-07-18T09:35:00+05:30,2657.3,2658.5,2656.7,2658.5,67
2025-07-18T09:36:00+05:30,2660.0,2661.8,2660.0,2661.2,54
2025-07-18T09:37:00+05:30,2661.2,2669.9,2661.2,2669.9,3056
2025-07-18T09:38:00+05:30,2669.4,2669.4,2667.1,2669.0,766
2025-07-18T09:39:00+05:30,2667.7,2669.0,2665.0,2666.3,1105
2025-07-18T09:40:00+05:30,2666.3,2666.3,2656.5,2656.8,1098
2025-07-18T09:41:00+05:30,2656.8,2658.4,2656.0,2658.4,105
2025-07-18T09:42:00+05:30,2658.4,2659.9,2658.4,2659.6,92
2025-07-18T09:43:00+05:30,2659.8,2660.5,2659.0,2660.5,151
2025-07-18T09:44:00+05:30,2660.4,2660.4,2657.3,2657.3,386
2025-07-18T09:45:00+05:30,2657.3,2658.0,2655.2,2657.0,1148
2025-07-18T09:46:00+05:30,2657.0,2658.0,2656.2,2658.0,106
2025-07-18T09:47:00+05:30,2657.4,2658.7,2657.0,2658.7,74
2025-07-18T09:48:00+05:30,2657.2,2657.8,2655.0,2657.8,455
2025-07-18T09:49:00+05:30,2656.7,2657.2,2656.6,2657.2,27
2025-07-18T09:50:00+05:30,2658.4,2659.8,2658.4,2658.9,137
2025-07-18T09:51:00+05:30,2659.7,2659.9,2658.3,2659.9,201
2025-07-18T09:52:00+05:30,2658.3,2660.0,2657.8,2659.7,153
2025-07-18T09:53:00+05:30,2660.0,2660.0,2657.9,2659.4,303
2025-07-18T09:54:00+05:30,2658.3,2658.3,2656.0,2656.0,33
2025-07-18T09:55:00+05:30,2655.8,2658.0,2655.1,2657.5,91
2025-07-18T09:56:00+05:30,2657.5,2657.6,2656.2,2656.5,213
2025-07-18T09:57:00+05:30,2657.5,2657.5,2657.5,2657.5,1
2025-07-18T09:58:00+05:30,2655.8,2658.0,2655.3,2658.0,308
2025-07-18T09:59:00+05:30,2659.0,2659.9,2658.2,2659.9,49
2025-07-18T10:00:00+05:30,2659.9,2660.3,2658.4,2659.1,330
2025-07-18T10:01:00+05:30,2658.0,2658.0,2655.6,2656.8,274
2025-07-18T10:02:00+05:30,2655.6,2656.5,2655.2,2656.5,104
2025-07-18T10:03:00+05:30,2656.5,2656.8,2656.5,2656.6,19
2025-07-18T10:04:00+05:30,2656.6,2659.3,2656.6,2659.3,621
2025-07-18T10:05:00+05:30,2656.5,2657.7,2656.5,2657.7,318
2025-07-18T10:06:00+05:30,2659.0,2659.0,2655.2,2656.7,545
2025-07-18T10:07:00+05:30,2656.7,2657.5,2656.0,2656.0,26
2025-07-18T10:08:00+05:30,2656.1,2656.1,2654.9,2655.0,408
2025-07-18T10:09:00+05:30,2655.0,2655.9,2654.4,2655.9,61
2025-07-18T10:10:00+05:30,2655.0,2655.9,2654.5,2655.0,119
2025-07-18T10:11:00+05:30,2654.3,2655.0,2653.4,2654.9,86
2025-07-18T10:12:00+05:30,2654.1,2654.1,2651.9,2651.9,364
2025-07-18T10:13:00+05:30,2651.8,2651.8,2650.0,2650.0,409
2025-07-18T10:14:00+05:30,2651.0,2653.0,2651.0,2653.0,126
2025-07-18T10:15:00+05:30,2651.1,2652.8,2650.0,2652.8,196
2025-07-18T10:16:00+05:30,2652.6,2652.6,2650.1,2650.2,249
2025-07-18T10:17:00+05:30,2651.5,2651.5,2651.4,2651.4,11
2025-07-18T10:18:00+05:30,2651.4,2651.4,2650.0,2650.0,226
2025-07-18T10:19:00+05:30,2650.0,2652.6,2649.2,2649.5,1477
2025-07-18T10:20:00+05:30,2649.3,2649.6,2646.1,2648.3,481
2025-07-18T10:21:00+05:30,2647.0,2652.7,2645.3,2652.7,808
2025-07-18T10:22:00+05:30,2653.0,2656.9,2652.0,2653.4,392
2025-07-18T10:23:00+05:30,2653.3,2653.3,2652.0,2652.0,106
2025-07-18T10:24:00+05:30,2652.0,2652.9,2650.8,2652.2,173
2025-07-18T10:25:00+05:30,2653.8,2655.0,2652.2,2653.6,154
2025-07-18T10:26:00+05:30,2653.5,2653.5,2652.2,2652.2,32
2025-07-18T10:27:00+05:30,2652.2,2652.2,2649.8,2651.0,1286
2025-07-18T10:28:00+05:30,2651.0,2651.0,2648.2,2648.2,252
2025-07-18T10:29:00+05:30,2649.5,2650.9,2648.2,2650.6,268
2025-07-18T10:30:00+05:30,2649.3,2649.3,2647.5,2647.5,66
2025-07-18T10:31:00+05:30,2648.9,2650.1,2647.9,2649.5,74
2025-07-18T10:32:00+05:30,2649.3,2649.8,2647.7,2647.7,126
2025-07-18T10:33:00+05:30,2648.7,2649.0,2648.0,2649.0,68
2025-07-18T10:34:00+05:30,2648.2,2649.0,2647.7,2648.0,234
2025-07-18T10:35:00+05:30,2648.1,2649.0,2648.0,2648.0,203
2025-07-18T10:36:00+05:30,2649.0,2649.0,2648.0,2649.0,48
2025-07-18T10:37:00+05:30,2649.4,2652.0,2649.4,2652.0,25
2025-07-18T10:38:00+05:30,2651.5,2651.5,2650.2,2650.2,57
2025-07-18T10:39:00+05:30,2650.6,2651.5,2650.6,2651.5,56
2025-07-18T10:40:00+05:30,2651.2,2651.2,2651.0,2651.0,4
2025-07-18T10:41:00+05:30,2651.1,2651.6,2649.0,2649.0,359
2025-07-18T10:42:00+05:30,2648.9,2648.9,2647.0,2647.0,58
2025-07-18T10:43:00+05:30,2647.0,2649.0,2646.5,2647.8,709
2025-07-18T10:44:00+05:30,2647.4,2647.4,2645.1,2645.1,884
2025-07-18T10:45:00+05:30,2646.6,2646.9,2646.6,2646.9,13
2025-07-18T10:46:00+05:30,2645.8,2646.2,2645.0,2645.1,108
2025-07-18T10:47:00+05:30,2646.2,2647.0,2645.6,2647.0,1935
2025-07-18T10:48:00+05:30,2648.8,2651.5,2648.8,2651.5,220
2025-07-18T10:49:00+05:30,2652.1,2654.1,2650.6,2653.1,666
2025-07-18T10:50:00+05:30,2651.8,2661.6,2651.8,2652.6,2313
2025-07-18T10:51:00+05:30,2651.1,2654.7,2651.1,2652.8,109
2025-07-18T10:52:00+05:30,2652.7,2652.8,2651.8,2652.0,10
2025-07-18T10:53:00+05:30,2652.7,2654.3,2652.7,2653.9,91
2025-07-18T10:54:00+05:30,2653.9,2657.8,2653.9,2655.6,421
2025-07-18T10:55:00+05:30,2655.2,2661.0,2655.2,2659.4,1071
2025-07-18T10:56:00+05:30,2659.7,2660.0,2655.7,2657.0,671
2025-07-18T10:57:00+05:30,2655.7,2658.1,2654.2,2654.4,235
2025-07-18T10:58:00+05:30,2652.9,2655.9,2649.8,2655.9,372
2025-07-18T10:59:00+05:30,2654.3,2658.0,2648.6,2653.0,1232
2025-07-18T11:00:00+05:30,2653.0,2654.4,2647.0,2648.9,297
2025-07-18T11:01:00+05:30,2647.2,2647.5,2644.6,2646.3,647
2025-07-18T11:02:00+05:30,2645.0,2648.7,2645.0,2648.7,568
2025-07-18T11:03:00+05:30,2649.1,2650.6,2649.1,2650.0,205
2025-07-18T11:04:00+05:30,2651.0,2652.2,2651.0,2651.4,282
2025-07-18T11:05:00+05:30,2652.1,2654.6,2652.1,2653.7,147
2025-07-18T11:06:00+05:30,2653.2,2658.9,2652.5,2657.4,715
2025-07-18T11:07:00+05:30,2657.0,2658.5,2655.9,2655.9,33
2025-07-18T11:08:00+05:30,2655.9,2655.9,2652.8,2653.8,146
2025-07-18T11:09:00+05:30,2653.6,2653.8,2652.4,2653.8,121
2025-07-18T11:10:00+05:30,2653.8,2653.9,2652.6,2653.7,101
2025-07-18T11:11:00+05:30,2652.7,2653.4,2652.7,2653.2,13
2025-07-18T11:12:00+05:30,2653.6,2654.9,2653.6,2654.9,4
2025-07-18T11:13:00+05:30,2654.9,2655.3,2652.3,2652.3,94
2025-07-18T11:14:00+05:30,2652.3,2654.9,2652.3,2654.9,41
2025-07-18T11:15:00+05:30,2654.9,2658.2,2654.9,2656.5,675
2025-07-18T11:16:00+05:30,2656.0,2656.0,2655.3,2656.0,14
2025-07-18T11:17:00+05:30,2656.0,2656.0,2656.0,2656.0,3
2025-07-18T11:18:00+05:30,2655.9,2655.9,2655.3,2655.3,18
2025-07-18T11:19:00+05:30,2655.4,2657.1,2655.1,2657.1,124
2025-07-18T11:20:00+05:30,2657.2,2657.2,2655.9,2656.2,84
2025-07-18T11:21:00+05:30,2656.6,2656.7,2654.2,2654.2,26
2025-07-18T11:22:00+05:30,2655.5,2655.9,2654.1,2655.1,302
2025-07-18T11:23:00+05:30,2655.1,2656.0,2655.1,2655.1,15
2025-07-18T11:24:00+05:30,2655.1,2656.8,2655.1,2656.6,73
2025-07-18T11:25:00+05:30,2656.7,2657.7,2655.9,2657.0,353
2025-07-18T11:26:00+05:30,2655.9,2655.9,2655.0,2655.0,209
2025-07-18T11:27:00+05:30,2656.7,2657.2,2655.8,2657.0,24
2025-07-18T11:28:00+05:30,2655.8,2655.8,2655.2,2655.6,15
2025-07-18T11:29:00+05:30,2655.2,2656.8,2655.0,2656.8,31
2025-07-18T11:30:00+05:30,2656.6,2656.9,2655.5,2656.8,159
2025-07-18T11:31:00+05:30,2655.5,2655.5,2655.4,2655.5,105
2025-07-18T11:32:00+05:30,2656.7,2656.7,2655.0,2655.0,3
2025-07-18T11:33:00+05:30,2655.3,2655.3,2655.3,2655.3,1
2025-07-18T11:34:00+05:30,2654.1,2654.1,2653.6,2653.6,21
2025-07-18T11:35:00+05:30,2654.0,2654.0,2654.0,2654.0,4
2025-07-18T11:36:00+05:30,2654.9,2654.9,2654.9,2654.9,5
2025-07-18T11:37:00+05:30,2654.9,2654.9,2654.1,2654.1,40
2025-07-18T11:38:00+05:30,2654.1,2654.5,2653.7,2654.5,29
2025-07-18T11:39:00+05:30,2654.6,2656.3,2654.6,2656.1,53
2025-07-18T11:40:00+05:30,2654.8,2655.0,2654.8,2654.8,33
2025-07-18T11:41:00+05:30,2656.1,2656.1,2654.8,2656.1,461
2025-07-18T11:42:00+05:30,2656.8,2656.8,2656.1,2656.1,27
2025-07-18T11:43:00+05:30,2656.8,2664.0,2656.1,2656.6,3446
2025-07-18T11:44:00+05:30,2656.1,2656.1,2653.0,2653.9,100
2025-07-18T11:45:00+05:30,2653.9,2654.8,2653.9,2654.8,5
2025-07-18T11:46:00+05:30,2654.8,2655.2,2654.8,2654.9,17
2025-07-18T11:47:00+05:30,2654.2,2655.0,2654.0,2655.0,6
2025-07-18T11:48:00+05:30,2654.0,2654.3,2653.3,2653.3,45
2025-07-18T11:49:00+05:30,2654.0,2654.0,2654.0,2654.0,5
2025-07-18T11:50:00+05:30,2654.0,2654.0,2653.3,2653.3,101
2025-07-18T11:51:00+05:30,2654.0,2654.0,2653.3,2653.6,133
2025-07-18T11:52:00+05:30,2653.6,2659.5,2653.6,2659.0,245
2025-07-18T11:53:00+05:30,2657.5,2659.5,2657.0,2659.5,234
2025-07-18T11:54:00+05:30,2659.0,2659.0,2659.0,2659.0,3
2025-07-18T11:55:00+05:30,2658.7,2658.7,2657.6,2657.6,46
2025-07-18T11:56:00+05:30,2658.6,2659.0,2657.5,2657.5,26
2025-07-18T11:57:00+05:30,2658.5,2658.5,2657.1,2657.2,14
2025-07-18T11:58:00+05:30,2656.3,2657.2,2656.3,2657.2,7
2025-07-18T11:59:00+05:30,2657.2,2658.6,2657.2,2658.6,19
2025-07-18T12:00:00+05:30,2658.4,2658.4,2657.6,2658.4,6
2025-07-18T12:01:00+05:30,2658.4,2658.4,2658.4,2658.4,31
2025-07-18T12:02:00+05:30,2658.2,2658.2,2658.2,2658.2,44
2025-07-18T12:03:00+05:30,2658.2,2658.2,2657.6,2657.6,7
2025-07-18T12:04:00+05:30,2657.6,2657.9,2657.6,2657.9,203
2025-07-18T12:05:00+05:30,2657.9,2657.9,2656.9,2657.6,65
2025-07-18T12:06:00+05:30,2656.8,2657.4,2656.5,2656.6,19
2025-07-18T12:07:00+05:30,2657.2,2657.2,2657.2,2657.2,4
2025-07-18T12:08:00+05:30,2657.2,2659.9,2656.6,2659.7,211
2025-07-18T12:09:00+05:30,2658.4,2658.9,2657.6,2657.6,65
2025-07-18T12:10:00+05:30,2658.5,2658.5,2657.6,2657.6,3
2025-07-18T12:11:00+05:30,2657.6,2657.6,2657.0,2657.0,92
2025-07-18T12:12:00+05:30,2656.5,2657.0,2655.5,2656.7,171
2025-07-18T12:13:00+05:30,2656.7,2656.7,2656.6,2656.6,20
2025-07-18T12:14:00+05:30,2656.6,2656.9,2655.8,2656.9,56
2025-07-18T12:15:00+05:30,2657.0,2657.0,2655.9,2657.0,32
2025-07-18T12:16:00+05:30,2657.0,2665.0,2656.2,2659.5,3699
2025-07-18T12:17:00+05:30,2659.6,2660.7,2659.3,2660.5,55
2025-07-18T12:18:00+05:30,2659.3,2662.7,2659.3,2661.5,2135
2025-07-18T12:19:00+05:30,2661.5,2662.7,2661.5,2661.7,65
2025-07-18T12:20:00+05:30,2661.6,2661.6,2657.1,2660.4,2773
2025-07-18T12:21:00+05:30,2660.4,2660.4,2659.3,2659.3,90
2025-07-18T12:22:00+05:30,2658.6,2659.5,2658.5,2659.5,41
2025-07-18T12:23:00+05:30,2659.5,2659.5,2658.4,2659.3,42
2025-07-18T12:24:00+05:30,2659.3,2662.7,2658.2,2662.5,647
2025-07-18T12:25:00+05:30,2662.4,2664.0,2661.9,2663.6,1410
2025-07-18T12:26:00+05:30,2663.6,2666.0,2662.1,2666.0,510
2025-07-18T12:27:00+05:30,2666.0,2666.2,2659.3,2662.9,1546
2025-07-18T12:28:00+05:30,2663.2,2665.0,2660.9,2663.4,1052
2025-07-18T12:29:00+05:30,2664.3,2665.0,2661.0,2663.3,289
2025-07-18T12:30:00+05:30,2662.3,2665.0,2662.1,2664.1,626
2025-07-18T12:31:00+05:30,2664.6,2664.6,2662.5,2662.5,106
2025-07-18T12:32:00+05:30,2663.4,2663.4,2661.6,2663.4,129
2025-07-18T12:33:00+05:30,2661.6,2661.6,2660.0,2660.7,333
2025-07-18T12:34:00+05:30,2660.0,2660.7,2660.0,2660.7,28
2025-07-18T12:35:00+05:30,2660.7,2662.4,2660.0,2661.6,119
2025-07-18T12:36:00+05:30,2661.1,2661.3,2659.2,2661.3,442
2025-07-18T12:37:00+05:30,2660.5,2660.5,2658.8,2658.9,384
2025-07-18T12:38:00+05:30,2658.5,2659.0,2656.8,2657.6,172
2025-07-18T12:39:00+05:30,2656.8,2656.8,2655.4,2655.5,193
2025-07-18T12:40:00+05:30,2655.4,2656.5,2655.4,2655.4,248
2025-07-18T12:41:00+05:30,2656.2,2656.2,2655.0,2655.4,3
2025-07-18T12:42:00+05:30,2655.5,2657.8,2655.4,2656.3,185
2025-07-18T12:43:00+05:30,2656.5,2656.5,2655.5,2655.6,68
2025-07-18T12:44:00+05:30,2655.6,2656.2,2654.0,2654.0,698
2025-07-18T12:45:00+05:30,2653.9,2654.0,2653.3,2653.3,63
2025-07-18T12:46:00+05:30,2654.0,2655.7,2654.0,2655.7,83
2025-07-18T12:47:00+05:30,2655.7,2655.7,2655.0,2655.0,66
2025-07-18T12:48:00+05:30,2654.5,2655.0,2653.5,2655.0,270
2025-07-18T12:49:00+05:30,2654.9,2657.3,2654.9,2655.8,201
2025-07-18T12:50:00+05:30,2657.3,2657.3,2656.8,2657.1,89
2025-07-18T12:51:00+05:30,2656.0,2657.0,2655.9,2656.9,11
2025-07-18T12:52:00+05:30,2656.9,2656.9,2655.5,2656.9,89
2025-07-18T12:53:00+05:30,2656.4,2656.4,2655.0,2655.0,18
2025-07-18T12:54:00+05:30,2654.5,2655.0,2654.5,2654.9,7
2025-07-18T12:55:00+05:30,2653.9,2654.7,2653.8,2654.7,12
2025-07-18T12:56:00+05:30,2654.4,2654.4,2653.3,2653.4,64
2025-07-18T12:57:00+05:30,2654.4,2654.4,2654.4,2654.4,4
2025-07-18T12:58:00+05:30,2654.4,2656.6,2654.4,2656.3,97
2025-07-18T12:59:00+05:30,2655.4,2656.3,2655.4,2656.3,6
2025-07-18T13:00:00+05:30,2656.3,2656.9,2656.2,2656.9,60
2025-07-18T13:01:00+05:30,2658.3,2658.3,2658.3,2658.3,1
2025-07-18T13:02:00+05:30,2657.1,2657.9,2655.4,2656.7,68
2025-07-18T13:03:00+05:30,2656.0,2656.1,2655.4,2655.4,16
2025-07-18T13:04:00+05:30,2655.0,2655.0,2655.0,2655.0,5
2025-07-18T13:05:00+05:30,2655.3,2655.3,2653.4,2653.4,505
2025-07-18T13:06:00+05:30,2653.3,2653.3,2652.0,2652.0,489
2025-07-18T13:07:00+05:30,2652.5,2653.7,2652.3,2652.3,48
2025-07-18T13:08:00+05:30,2653.0,2653.0,2653.0,2653.0,17
2025-07-18T13:09:00+05:30,2652.3,2652.3,2652.0,2652.0,16
2025-07-18T13:10:00+05:30,2652.3,2652.3,2650.9,2652.3,215
2025-07-18T13:11:00+05:30,2652.3,2653.0,2651.3,2651.3,84
2025-07-18T13:12:00+05:30,2650.7,2651.6,2650.7,2651.3,39
2025-07-18T13:13:00+05:30,2651.3,2651.3,2651.1,2651.1,9
2025-07-18T13:14:00+05:30,2652.4,2652.4,2651.4,2651.4,19
2025-07-18T13:15:00+05:30,2652.4,2652.9,2652.4,2652.9,37
2025-07-18T13:16:00+05:30,2652.9,2653.8,2651.3,2652.8,967
2025-07-18T13:17:00+05:30,2652.8,2653.0,2651.0,2651.3,1291
2025-07-18T13:18:00+05:30,2651.4,2652.7,2651.4,2652.0,328
2025-07-18T13:19:00+05:30,2652.1,2652.1,2650.8,2652.0,36
2025-07-18T13:20:00+05:30,2650.7,2650.7,2650.7,2650.7,1
2025-07-18T13:21:00+05:30,2652.0,2653.0,2650.8,2650.9,2613
2025-07-18T13:22:00+05:30,2651.8,2651.8,2651.8,2651.8,6
2025-07-18T13:23:00+05:30,2650.9,2650.9,2650.9,2650.9,1
2025-07-18T13:24:00+05:30,2651.7,2652.5,2650.9,2650.9,50
2025-07-18T13:25:00+05:30,2652.0,2652.3,2649.5,2649.6,1153
2025-07-18T13:26:00+05:30,2651.0,2651.7,2650.0,2651.7,36
2025-07-18T13:27:00+05:30,2651.8,2652.0,2651.7,2652.0,59
2025-07-18T13:28:00+05:30,2652.0,2652.1,2650.9,2652.1,4
2025-07-18T13:29:00+05:30,2652.1,2652.4,2650.9,2651.3,122
2025-07-18T13:30:00+05:30,2652.2,2652.2,2651.2,2651.2,5
2025-07-18T13:31:00+05:30,2651.9,2652.6,2651.2,2652.6,242
2025-07-18T13:32:00+05:30,2652.6,2652.6,2652.5,2652.5,19
2025-07-18T13:33:00+05:30,2652.6,2653.5,2651.1,2651.9,285
2025-07-18T13:34:00+05:30,2653.0,2654.0,2651.9,2654.0,205
2025-07-18T13:35:00+05:30,2655.0,2655.0,2654.0,2655.0,10
2025-07-18T13:36:00+05:30,2654.1,2655.0,2654.1,2655.0,32
2025-07-18T13:37:00+05:30,2655.0,2655.0,2654.1,2654.1,10
2025-07-18T13:38:00+05:30,2655.0,2655.0,2653.9,2654.0,10
2025-07-18T13:39:00+05:30,2654.8,2654.8,2654.8,2654.8,1
2025-07-18T13:40:00+05:30,2654.8,2656.9,2654.8,2656.9,138
2025-07-18T13:41:00+05:30,2656.8,2656.9,2656.8,2656.9,39
2025-07-18T13:42:00+05:30,2656.6,2656.9,2655.0,2656.6,529
2025-07-18T13:43:00+05:30,2656.5,2657.7,2656.4,2656.9,98
2025-07-18T13:44:00+05:30,2657.8,2658.6,2656.5,2658.6,764
2025-07-18T13:45:00+05:30,2658.6,2660.0,2654.5,2654.5,784
2025-07-18T13:46:00+05:30,2656.3,2657.5,2655.8,2655.8,14
2025-07-18T13:47:00+05:30,2656.8,2656.9,2656.8,2656.9,4
2025-07-18T13:48:00+05:30,2655.8,2655.8,2655.0,2655.0,70
2025-07-18T13:49:00+05:30,2655.9,2655.9,2655.0,2655.0,2
2025-07-18T13:50:00+05:30,2654.9,2655.8,2654.8,2654.8,45
2025-07-18T13:51:00+05:30,2654.8,2656.0,2654.8,2656.0,9
2025-07-18T13:52:00+05:30,2656.0,2656.0,2654.8,2655.6,51
2025-07-18T13:53:00+05:30,2656.0,2656.0,2656.0,2656.0,249
2025-07-18T13:54:00+05:30,2657.9,2657.9,2655.1,2655.1,378
2025-07-18T13:55:00+05:30,2656.7,2656.7,2655.4,2655.4,38
2025-07-18T13:56:00+05:30,2656.0,2656.0,2656.0,2656.0,2
2025-07-18T13:57:00+05:30,2655.3,2657.0,2655.3,2657.0,29
2025-07-18T13:58:00+05:30,2657.0,2658.5,2657.0,2658.5,28
2025-07-18T13:59:00+05:30,2657.6,2657.6,2656.5,2657.4,233
2025-07-18T14:00:00+05:30,2657.1,2657.1,2655.8,2655.8,41
2025-07-18T14:01:00+05:30,2656.8,2656.9,2656.8,2656.9,4
2025-07-18T14:02:00+05:30,2656.8,2656.8,2656.8,2656.8,1
2025-07-18T14:03:00+05:30,2656.8,2659.5,2656.8,2659.5,109
2025-07-18T14:04:00+05:30,2659.0,2659.0,2658.0,2658.0,71
2025-07-18T14:05:00+05:30,2658.0,2658.9,2658.0,2658.9,4
2025-07-18T14:06:00+05:30,2658.9,2658.9,2655.2,2655.2,321
2025-07-18T14:07:00+05:30,2655.6,2656.3,2655.6,2655.6,12
2025-07-18T14:08:00+05:30,2656.1,2656.4,2655.6,2656.4,14
2025-07-18T14:09:00+05:30,2656.4,2656.4,2655.6,2655.6,23
2025-07-18T14:10:00+05:30,2656.7,2656.7,2656.4,2656.4,18
2025-07-18T14:11:00+05:30,2656.3,2656.3,2656.3,2656.3,10
2025-07-18T14:12:00+05:30,2655.6,2655.9,2655.0,2655.0,68
2025-07-18T14:13:00+05:30,2656.1,2657.5,2656.1,2657.5,58
2025-07-18T14:14:00+05:30,2656.9,2657.5,2655.9,2657.5,133
2025-07-18T14:15:00+05:30,2657.0,2657.9,2657.0,2657.0,34
2025-07-18T14:16:00+05:30,2657.1,2657.1,2657.0,2657.0,73
2025-07-18T14:17:00+05:30,2657.6,2660.0,2656.6,2658.1,1175
2025-07-18T14:18:00+05:30,2656.7,2658.8,2653.6,2655.4,591
2025-07-18T14:19:00+05:30,2655.7,2657.4,2655.1,2655.1,243
2025-07-18T14:20:00+05:30,2654.8,2656.8,2654.8,2656.8,444
2025-07-18T14:21:00+05:30,2656.8,2657.5,2656.0,2656.1,160
2025-07-18T14:22:00+05:30,2656.2,2657.1,2656.0,2657.1,115
2025-07-18T14:23:00+05:30,2657.0,2658.0,2656.6,2658.0,70
2025-07-18T14:24:00+05:30,2658.0,2658.0,2657.0,2657.0,276
2025-07-18T14:25:00+05:30,2656.6,2656.6,2655.6,2655.6,57
2025-07-18T14:26:00+05:30,2655.8,2656.1,2655.6,2656.0,70
2025-07-18T14:27:00+05:30,2656.0,2656.6,2655.7,2656.3,34
2025-07-18T14:28:00+05:30,2656.5,2658.9,2656.5,2656.9,102
2025-07-18T14:29:00+05:30,2657.9,2657.9,2656.7,2657.9,39
2025-07-18T14:30:00+05:30,2657.2,2657.3,2657.2,2657.3,68
2025-07-18T14:31:00+05:30,2657.3,2657.3,2656.6,2657.3,32
2025-07-18T14:32:00+05:30,2657.3,2659.4,2657.3,2659.4,144
2025-07-18T14:33:00+05:30,2658.2,2659.0,2657.7,2659.0,33
2025-07-18T14:34:00+05:30,2659.0,2661.7,2659.0,2661.7,737
2025-07-18T14:35:00+05:30,2660.5,2661.2,2659.9,2661.2,60
2025-07-18T14:36:00+05:30,2661.5,2661.5,2660.5,2660.5,48
2025-07-18T14:37:00+05:30,2660.5,2660.5,2660.2,2660.2,243
2025-07-18T14:38:00+05:30,2660.9,2661.0,2660.1,2661.0,207
2025-07-18T14:39:00+05:30,2661.0,2661.2,2657.0,2657.0,781
2025-07-18T14:40:00+05:30,2658.1,2661.2,2658.1,2661.2,683
2025-07-18T14:41:00+05:30,2660.3,2663.0,2660.3,2663.0,754
2025-07-18T14:42:00+05:30,2662.9,2665.0,2662.8,2665.0,1352
2025-07-18T14:43:00+05:30,2665.0,2665.0,2663.7,2665.0,1179
2025-07-18T14:44:00+05:30,2663.7,2665.0,2663.7,2665.0,1063
2025-07-18T14:45:00+05:30,2665.0,2670.0,2664.5,2667.8,5547
2025-07-18T14:46:00+05:30,2668.3,2671.0,2667.5,2667.8,2411
2025-07-18T14:47:00+05:30,2669.1,2671.3,2665.4,2671.3,2336
2025-07-18T14:48:00+05:30,2671.5,2673.8,2669.5,2671.9,2985
2025-07-18T14:49:00+05:30,2671.9,2673.9,2669.5,2672.5,2291
2025-07-18T14:50:00+05:30,2672.5,2673.7,2670.5,2673.0,2212
2025-07-18T14:51:00+05:30,2671.9,2673.9,2671.1,2673.2,1652
2025-07-18T14:52:00+05:30,2673.1,2673.1,2670.5,2671.7,1468
2025-07-18T14:53:00+05:30,2670.7,2672.0,2669.6,2670.7,1196
2025-07-18T14:54:00+05:30,2671.9,2672.0,2670.1,2671.0,1185
2025-07-18T14:55:00+05:30,2670.5,2671.9,2667.5,2667.5,1914
2025-07-18T14:56:00+05:30,2667.1,2669.2,2664.9,2666.7,3121
2025-07-18T14:57:00+05:30,2666.3,2667.1,2665.0,2667.0,2273
2025-07-18T14:58:00+05:30,2667.0,2668.9,2666.4,2668.3,2628
2025-07-18T14:59:00+05:30,2667.7,2667.8,2664.3,2666.5,2098
2025-07-18T15:00:00+05:30,2665.5,2667.2,2662.3,2664.9,3043
2025-07-18T15:01:00+05:30,2665.2,2666.5,2663.8,2666.1,1625
2025-07-18T15:02:00+05:30,2666.0,2666.4,2664.6,2666.3,1541
2025-07-18T15:03:00+05:30,2666.3,2666.5,2662.7,2665.4,2133
2025-07-18T15:04:00+05:30,2665.5,2666.6,2663.7,2666.0,2110
2025-07-18T15:05:00+05:30,2666.0,2666.2,2662.2,2663.4,2675
2025-07-18T15:06:00+05:30,2664.4,2665.5,2661.3,2664.5,3128
2025-07-18T15:07:00+05:30,2664.5,2665.2,2661.2,2664.2,2315
2025-07-18T15:08:00+05:30,2664.2,2664.2,2660.2,2661.8,2261
2025-07-18T15:09:00+05:30,2662.9,2663.8,2660.5,2661.7,2474
2025-07-18T15:10:00+05:30,2663.0,2664.0,2658.9,2658.9,2904
2025-07-18T15:11:00+05:30,2659.8,2663.0,2659.2,2663.0,2095
2025-07-18T15:12:00+05:30,2663.0,2663.1,2660.8,2663.0,2127
2025-07-18T15:13:00+05:30,2663.0,2663.5,2659.5,2659.5,3397
2025-07-18T15:14:00+05:30,2661.2,2663.0,2657.9,2660.4,4681
2025-07-18T15:15:00+05:30,2660.4,2660.8,2657.3,2659.8,2063
2025-07-18T15:16:00+05:30,2659.6,2659.6,2656.9,2656.9,1763
2025-07-18T15:17:00+05:30,2656.9,2659.5,2655.3,2657.9,2347
2025-07-18T15:18:00+05:30,2658.7,2660.3,2656.1,2657.3,3761
2025-07-18T15:19:00+05:30,2658.6,2659.4,2654.9,2656.0,1951
2025-07-18T15:20:00+05:30,2655.9,2656.0,2652.9,2656.0,5051
2025-07-18T15:21:00+05:30,2656.0,2656.0,2655.4,2655.8,1849
2025-07-18T15:22:00+05:30,2656.0,2659.9,2655.0,2655.0,4800
2025-07-18T15:23:00+05:30,2656.3,2656.9,2652.5,2656.9,2055
2025-07-18T15:24:00+05:30,2656.9,2659.1,2655.5,2657.2,2646
2025-07-18T15:25:00+05:30,2657.0,2657.3,2654.6,2655.5,1585
2025-07-18T15:26:00+05:30,2656.9,2657.5,2654.2,2655.0,1182
2025-07-18T15:27:00+05:30,2656.2,2656.2,2655.0,2655.5,905
2025-07-18T15:28:00+05:30,2655.6,2656.0,2652.6,2653.5,2607
2025-07-18T15:29:00+05:30,2653.5,2655.1,2653.0,2653.2,509
2025-07-17T09:15:00+05:30,2653.0,2659.9,2650.0,2652.1,5634
2025-07-17T09:16:00+05:30,2647.7,2648.8,2646.1,2646.1,641
2025-07-17T09:17:00+05:30,2646.2,2651.8,2646.1,2649.9,457
2025-07-17T09:18:00+05:30,2651.4,2654.5,2649.9,2652.7,493
2025-07-17T09:19:00+05:30,2653.8,2653.8,2650.0,2650.0,477
2025-07-17T09:20:00+05:30,2650.0,2650.2,2644.3,2644.3,1148
2025-07-17T09:21:00+05:30,2644.3,2648.6,2642.8,2642.8,556
2025-07-17T09:22:00+05:30,2642.0,2644.0,2641.0,2643.5,1141
2025-07-17T09:23:00+05:30,2641.8,2644.1,2641.8,2644.1,227
2025-07-17T09:24:00+05:30,2643.5,2643.5,2640.0,2640.0,1409
2025-07-17T09:25:00+05:30,2640.0,2640.7,2638.5,2639.2,1389
2025-07-17T09:26:00+05:30,2639.0,2640.0,2637.1,2638.5,1441
2025-07-17T09:27:00+05:30,2637.2,2641.0,2636.0,2641.0,713
2025-07-17T09:28:00+05:30,2640.0,2641.0,2638.0,2640.6,453
2025-07-17T09:29:00+05:30,2640.9,2641.0,2640.0,2640.4,307
2025-07-17T09:30:00+05:30,2640.4,2640.6,2639.1,2639.3,225
2025-07-17T09:31:00+05:30,2639.3,2639.4,2639.3,2639.4,62
2025-07-17T09:32:00+05:30,2640.0,2640.8,2639.0,2639.0,468
2025-07-17T09:33:00+05:30,2638.0,2639.5,2637.4,2638.9,169
2025-07-17T09:34:00+05:30,2638.9,2640.3,2637.5,2639.7,249
2025-07-17T09:35:00+05:30,2638.8,2638.8,2637.0,2637.3,234
2025-07-17T09:36:00+05:30,2637.1,2637.3,2636.0,2637.1,239
2025-07-17T09:37:00+05:30,2637.0,2637.7,2636.0,2636.9,281
2025-07-17T09:38:00+05:30,2637.1,2638.2,2636.8,2638.0,225
2025-07-17T09:39:00+05:30,2637.2,2639.2,2637.2,2639.0,194
2025-07-17T09:40:00+05:30,2637.7,2637.7,2636.1,2636.1,764
2025-07-17T09:41:00+05:30,2636.1,2637.2,2635.1,2635.5,477
2025-07-17T09:42:00+05:30,2635.5,2636.0,2632.1,2633.5,1657
2025-07-17T09:43:00+05:30,2634.0,2635.4,2634.0,2634.0,246
2025-07-17T09:44:00+05:30,2634.0,2634.0,2633.0,2633.0,91
2025-07-17T09:45:00+05:30,2633.0,2633.0,2631.2,2631.4,948
2025-07-17T09:46:00+05:30,2631.2,2633.5,2631.2,2633.0,224
2025-07-17T09:47:00+05:30,2633.5,2633.9,2633.0,2633.9,76
2025-07-17T09:48:00+05:30,2633.5,2633.9,2633.5,2633.6,231
2025-07-17T09:49:00+05:30,2633.9,2633.9,2633.6,2633.6,205
2025-07-17T09:50:00+05:30,2633.6,2634.0,2633.6,2633.6,289
2025-07-17T09:51:00+05:30,2634.5,2635.2,2633.6,2634.0,624
2025-07-17T09:52:00+05:30,2634.1,2635.4,2631.6,2633.0,1143
2025-07-17T09:53:00+05:30,2631.7,2632.0,2627.2,2628.7,1070
2025-07-17T09:54:00+05:30,2628.7,2629.9,2628.4,2629.0,259
2025-07-17T09:55:00+05:30,2629.0,2629.5,2629.0,2629.0,245
2025-07-17T09:56:00+05:30,2629.6,2631.5,2629.6,2631.5,271
2025-07-17T09:57:00+05:30,2630.2,2632.8,2630.2,2632.8,147
2025-07-17T09:58:00+05:30,2631.7,2633.6,2631.7,2631.7,430
2025-07-17T09:59:00+05:30,2631.8,2632.2,2630.2,2630.2,122
2025-07-17T10:00:00+05:30,2630.2,2631.0,2630.0,2630.0,82
2025-07-17T10:01:00+05:30,2630.7,2631.6,2629.8,2630.2,414
2025-07-17T10:02:00+05:30,2630.2,2631.8,2630.0,2630.5,96
2025-07-17T10:03:00+05:30,2631.0,2631.9,2631.0,2631.0,83
2025-07-17T10:04:00+05:30,2631.0,2631.0,2631.0,2631.0,52
2025-07-17T10:05:00+05:30,2631.1,2633.8,2631.1,2632.8,163
2025-07-17T10:06:00+05:30,2632.8,2632.8,2630.2,2630.8,621
2025-07-17T10:07:00+05:30,2630.9,2632.1,2630.7,2632.0,148
2025-07-17T10:08:00+05:30,2631.2,2632.0,2631.2,2631.8,119
2025-07-17T10:09:00+05:30,2631.2,2631.8,2630.1,2631.8,559
2025-07-17T10:10:00+05:30,2631.8,2631.8,2631.2,2631.2,56
2025-07-17T10:11:00+05:30,2631.5,2633.9,2631.5,2633.7,342
2025-07-17T10:12:00+05:30,2632.6,2633.5,2632.5,2632.8,694
2025-07-17T10:13:00+05:30,2632.7,2633.3,2631.5,2632.0,291
2025-07-17T10:14:00+05:30,2631.3,2632.7,2631.0,2631.3,179
2025-07-17T10:15:00+05:30,2632.6,2632.7,2631.5,2632.0,133
2025-07-17T10:16:00+05:30,2632.0,2632.7,2631.9,2632.5,1294
2025-07-17T10:17:00+05:30,2631.5,2631.5,2630.0,2630.9,131
2025-07-17T10:18:00+05:30,2630.0,2630.2,2630.0,2630.2,253
2025-07-17T10:19:00+05:30,2630.2,2633.4,2630.2,2633.4,1226
2025-07-17T10:20:00+05:30,2632.1,2633.9,2632.1,2633.9,268
2025-07-17T10:21:00+05:30,2633.9,2635.8,2633.9,2635.4,493
2025-07-17T10:22:00+05:30,2635.3,2635.4,2635.3,2635.3,490
2025-07-17T10:23:00+05:30,2635.1,2635.1,2633.2,2633.5,305
2025-07-17T10:24:00+05:30,2634.5,2634.5,2633.4,2633.5,70
2025-07-17T10:25:00+05:30,2633.6,2635.1,2633.6,2633.8,177
2025-07-17T10:26:00+05:30,2635.0,2635.2,2634.1,2635.2,118
2025-07-17T10:27:00+05:30,2635.2,2637.8,2635.0,2637.7,992
2025-07-17T10:28:00+05:30,2637.5,2639.0,2637.5,2638.3,443
2025-07-17T10:29:00+05:30,2638.3,2638.9,2638.3,2638.9,71
2025-07-17T10:30:00+05:30,2638.3,2639.7,2636.1,2637.6,1707
2025-07-17T10:31:00+05:30,2636.5,2638.2,2636.4,2636.9,134
2025-07-17T10:32:00+05:30,2638.0,2638.5,2636.9,2637.4,210
2025-07-17T10:33:00+05:30,2637.5,2637.5,2636.1,2636.3,145
2025-07-17T10:34:00+05:30,2637.5,2637.5,2636.3,2636.3,64
2025-07-17T10:35:00+05:30,2636.3,2636.8,2636.0,2636.3,145
2025-07-17T10:36:00+05:30,2636.0,2636.8,2636.0,2636.8,91
2025-07-17T10:37:00+05:30,2636.8,2637.3,2636.7,2636.7,145
2025-07-17T10:38:00+05:30,2636.7,2637.4,2636.7,2637.4,146
2025-07-17T10:39:00+05:30,2637.4,2637.4,2636.2,2636.2,280
2025-07-17T10:40:00+05:30,2636.1,2636.2,2635.5,2635.7,127
2025-07-17T10:41:00+05:30,2635.7,2637.1,2634.7,2636.9,212
2025-07-17T10:42:00+05:30,2635.5,2636.7,2635.3,2635.5,58
2025-07-17T10:43:00+05:30,2635.3,2636.6,2635.3,2635.9,103
2025-07-17T10:44:00+05:30,2635.9,2637.0,2635.9,2637.0,107
2025-07-17T10:45:00+05:30,2636.0,2637.0,2636.0,2636.0,70
2025-07-17T10:46:00+05:30,2636.0,2636.9,2635.8,2635.8,150
2025-07-17T10:47:00+05:30,2636.8,2636.8,2634.4,2635.1,317
2025-07-17T10:48:00+05:30,2634.4,2648.3,2634.4,2645.8,3147
2025-07-17T10:49:00+05:30,2643.9,2644.1,2641.9,2644.1,182
2025-07-17T10:50:00+05:30,2643.9,2644.6,2642.5,2643.3,218
2025-07-17T10:51:00+05:30,2642.7,2643.3,2642.0,2642.4,536
2025-07-17T10:52:00+05:30,2643.3,2645.0,2643.3,2644.9,425
2025-07-17T10:53:00+05:30,2644.4,2644.7,2642.1,2643.8,684
2025-07-17T10:54:00+05:30,2642.8,2647.0,2642.8,2643.8,568
2025-07-17T10:55:00+05:30,2645.0,2645.2,2642.5,2643.2,184
2025-07-17T10:56:00+05:30,2642.7,2644.3,2642.7,2643.0,79
2025-07-17T10:57:00+05:30,2645.1,2646.0,2644.0,2645.0,280
2025-07-17T10:58:00+05:30,2644.1,2645.8,2644.1,2645.4,121
2025-07-17T10:59:00+05:30,2645.4,2645.4,2643.1,2643.1,155
2025-07-17T11:00:00+05:30,2644.2,2644.3,2643.0,2643.0,266
2025-07-17T11:01:00+05:30,2643.8,2650.9,2643.8,2650.4,2001
2025-07-17T11:02:00+05:30,2649.5,2650.0,2642.8,2644.1,1470
2025-07-17T11:03:00+05:30,2644.3,2645.8,2643.4,2644.2,117
2025-07-17T11:04:00+05:30,2644.2,2646.3,2644.2,2646.3,135
2025-07-17T11:05:00+05:30,2645.1,2646.7,2645.0,2645.0,267
2025-07-17T11:06:00+05:30,2645.0,2646.0,2643.4,2645.0,311
2025-07-17T11:07:00+05:30,2645.0,2645.8,2643.4,2645.0,214
2025-07-17T11:08:00+05:30,2645.8,2645.8,2643.1,2643.9,220
2025-07-17T11:09:00+05:30,2643.9,2643.9,2642.3,2643.6,112
2025-07-17T11:10:00+05:30,2643.1,2643.1,2642.0,2642.0,151
2025-07-17T11:11:00+05:30,2642.0,2643.0,2642.0,2642.6,115
2025-07-17T11:12:00+05:30,2642.7,2643.0,2642.0,2642.0,319
2025-07-17T11:13:00+05:30,2642.0,2642.0,2639.2,2639.2,486
2025-07-17T11:14:00+05:30,2639.2,2640.5,2639.2,2640.5,105
2025-07-17T11:15:00+05:30,2639.3,2640.5,2638.5,2638.5,353
2025-07-17T11:16:00+05:30,2638.5,2639.9,2637.5,2638.0,163
2025-07-17T11:17:00+05:30,2638.0,2639.0,2637.7,2638.6,409
2025-07-17T11:18:00+05:30,2637.7,2638.8,2636.7,2638.2,460
2025-07-17T11:19:00+05:30,2637.0,2638.0,2636.9,2636.9,231
2025-07-17T11:20:00+05:30,2636.9,2637.9,2636.7,2636.7,173
2025-07-17T11:21:00+05:30,2636.7,2638.1,2635.1,2636.3,947
2025-07-17T11:22:00+05:30,2636.3,2639.0,2636.3,2638.9,131
2025-07-17T11:23:00+05:30,2637.8,2641.9,2637.5,2640.1,409
2025-07-17T11:24:00+05:30,2640.1,2641.3,2640.1,2640.2,202
2025-07-17T11:25:00+05:30,2640.2,2641.2,2640.0,2640.1,111
2025-07-17T11:26:00+05:30,2641.2,2641.7,2640.2,2641.7,224
2025-07-17T11:27:00+05:30,2640.5,2642.6,2640.5,2640.8,128
2025-07-17T11:28:00+05:30,2640.8,2642.0,2640.8,2640.8,158
2025-07-17T11:29:00+05:30,2641.8,2642.1,2640.9,2641.8,191
2025-07-17T11:30:00+05:30,2641.8,2641.8,2640.8,2640.8,132
2025-07-17T11:31:00+05:30,2640.8,2641.7,2640.5,2641.1,176
2025-07-17T11:32:00+05:30,2640.3,2642.9,2639.0,2641.1,2034
2025-07-17T11:33:00+05:30,2639.3,2648.6,2639.3,2646.7,1798
2025-07-17T11:34:00+05:30,2647.3,2648.3,2645.7,2647.4,307
2025-07-17T11:35:00+05:30,2646.8,2649.0,2645.8,2645.8,638
2025-07-17T11:36:00+05:30,2647.4,2650.1,2645.9,2649.5,1360
2025-07-17T11:37:00+05:30,2648.7,2650.5,2648.7,2650.5,879
2025-07-17T11:38:00+05:30,2650.0,2652.0,2650.0,2650.1,3746
2025-07-17T11:39:00+05:30,2650.2,2651.4,2648.6,2648.6,256
2025-07-17T11:40:00+05:30,2648.7,2650.2,2648.4,2649.9,308
2025-07-17T11:41:00+05:30,2650.0,2650.0,2648.2,2648.2,122
2025-07-17T11:42:00+05:30,2649.4,2649.4,2648.1,2648.1,136
2025-07-17T11:43:00+05:30,2648.2,2648.2,2647.0,2647.2,154
2025-07-17T11:44:00+05:30,2647.2,2648.0,2646.5,2648.0,272
2025-07-17T11:45:00+05:30,2648.0,2652.5,2647.6,2651.5,1204
2025-07-17T11:46:00+05:30,2650.7,2651.8,2650.5,2651.8,206
2025-07-17T11:47:00+05:30,2651.8,2651.8,2648.3,2648.3,118
2025-07-17T11:48:00+05:30,2649.8,2652.9,2648.5,2651.4,1756
2025-07-17T11:49:00+05:30,2651.4,2656.0,2651.3,2656.0,730
2025-07-17T11:50:00+05:30,2655.6,2656.0,2653.5,2655.3,1498
2025-07-17T11:51:00+05:30,2653.7,2654.8,2652.2,2652.3,331
2025-07-17T11:52:00+05:30,2652.2,2654.3,2652.0,2652.8,439
2025-07-17T11:53:00+05:30,2653.0,2654.7,2652.8,2653.2,344
2025-07-17T11:54:00+05:30,2653.3,2654.8,2653.2,2653.2,363
2025-07-17T11:55:00+05:30,2653.2,2654.9,2653.0,2653.1,358
2025-07-17T11:56:00+05:30,2653.1,2654.9,2653.1,2654.5,499
2025-07-17T11:57:00+05:30,2653.2,2654.9,2653.2,2653.4,315
2025-07-17T11:58:00+05:30,2653.4,2655.0,2653.3,2653.6,338
2025-07-17T11:59:00+05:30,2653.6,2655.0,2653.6,2654.8,357
2025-07-17T12:00:00+05:30,2653.6,2655.3,2653.6,2654.1,973
2025-07-17T12:01:00+05:30,2654.1,2656.0,2654.1,2656.0,327
2025-07-17T12:02:00+05:30,2654.7,2656.8,2654.5,2654.8,773
2025-07-17T12:03:00+05:30,2654.8,2656.9,2654.8,2655.6,278
2025-07-17T12:04:00+05:30,2655.6,2657.3,2655.6,2656.0,404
2025-07-17T12:05:00+05:30,2656.0,2657.7,2656.0,2656.5,603
2025-07-17T12:06:00+05:30,2656.5,2657.7,2655.7,2656.2,539
2025-07-17T12:07:00+05:30,2657.6,2657.7,2656.2,2656.3,295
2025-07-17T12:08:00+05:30,2656.3,2657.7,2652.5,2652.5,2691
2025-07-17T12:09:00+05:30,2652.5,2653.0,2652.5,2653.0,246
2025-07-17T12:10:00+05:30,2653.0,2653.8,2650.4,2650.4,560
2025-07-17T12:11:00+05:30,2650.4,2652.0,2647.1,2649.5,2833
2025-07-17T12:12:00+05:30,2648.5,2649.5,2648.4,2648.5,260
2025-07-17T12:13:00+05:30,2648.5,2652.5,2648.5,2651.3,893
2025-07-17T12:14:00+05:30,2651.3,2652.2,2650.5,2650.5,380
2025-07-17T12:15:00+05:30,2650.5,2652.7,2650.5,2652.7,319
2025-07-17T12:16:00+05:30,2652.6,2652.7,2647.9,2649.0,650
2025-07-17T12:17:00+05:30,2650.0,2650.0,2646.9,2646.9,368
2025-07-17T12:18:00+05:30,2647.2,2648.8,2646.6,2646.6,443
2025-07-17T12:19:00+05:30,2647.5,2648.3,2646.9,2647.0,288
2025-07-17T12:20:00+05:30,2647.0,2649.1,2647.0,2647.7,249
2025-07-17T12:21:00+05:30,2647.7,2649.9,2647.7,2648.8,600
2025-07-17T12:22:00+05:30,2648.8,2650.5,2643.1,2645.8,2161
2025-07-17T12:23:00+05:30,2647.0,2647.8,2645.8,2645.9,439
2025-07-17T12:24:00+05:30,2646.0,2647.9,2645.9,2645.9,227
2025-07-17T12:25:00+05:30,2645.9,2647.5,2645.9,2647.4,239
2025-07-17T12:26:00+05:30,2647.3,2647.5,2646.5,2646.5,350
2025-07-17T12:27:00+05:30,2646.5,2648.1,2645.9,2645.9,689
2025-07-17T12:28:00+05:30,2645.1,2646.7,2643.5,2643.5,628
2025-07-17T12:29:00+05:30,2644.2,2645.9,2644.2,2645.1,1029
2025-07-17T12:30:00+05:30,2645.1,2645.7,2644.0,2644.1,433
2025-07-17T12:31:00+05:30,2644.1,2646.0,2644.1,2645.5,411
2025-07-17T12:32:00+05:30,2645.5,2645.9,2644.9,2645.9,1222
2025-07-17T12:33:00+05:30,2645.9,2647.3,2645.9,2646.2,227
2025-07-17T12:34:00+05:30,2646.2,2647.3,2644.6,2645.9,593
2025-07-17T12:35:00+05:30,2644.6,2647.0,2644.6,2646.7,548
2025-07-17T12:36:00+05:30,2646.7,2646.7,2644.6,2644.9,288
2025-07-17T12:37:00+05:30,2645.4,2646.2,2644.7,2645.5,1014
2025-07-17T12:38:00+05:30,2646.6,2647.4,2645.5,2645.7,717
2025-07-17T12:39:00+05:30,2645.7,2646.6,2644.6,2644.6,229
2025-07-17T12:40:00+05:30,2644.6,2647.1,2644.5,2646.1,639
2025-07-17T12:41:00+05:30,2646.2,2647.8,2646.2,2646.5,225
2025-07-17T12:42:00+05:30,2646.5,2649.1,2646.5,2647.7,504
2025-07-17T12:43:00+05:30,2647.7,2649.9,2647.7,2648.4,171
2025-07-17T12:44:00+05:30,2648.5,2650.0,2648.3,2649.2,369
2025-07-17T12:45:00+05:30,2649.2,2649.3,2647.6,2648.1,473
2025-07-17T12:46:00+05:30,2648.1,2649.1,2648.1,2648.2,248
2025-07-17T12:47:00+05:30,2648.2,2649.1,2648.2,2648.5,350
2025-07-17T12:48:00+05:30,2649.1,2650.0,2648.6,2649.1,378
2025-07-17T12:49:00+05:30,2649.2,2649.2,2647.3,2647.5,572
2025-07-17T12:50:00+05:30,2647.5,2649.0,2647.5,2647.7,238
2025-07-17T12:51:00+05:30,2647.7,2647.8,2647.3,2647.4,302
2025-07-17T12:52:00+05:30,2647.4,2649.8,2647.4,2648.3,232
2025-07-17T12:53:00+05:30,2648.5,2650.0,2648.5,2648.9,228
2025-07-17T12:54:00+05:30,2648.9,2650.0,2648.6,2649.4,543
2025-07-17T12:55:00+05:30,2649.4,2650.0,2648.5,2648.5,305
2025-07-17T12:56:00+05:30,2648.5,2650.0,2647.6,2648.9,362
2025-07-17T12:57:00+05:30,2647.8,2649.8,2647.8,2648.5,220
2025-07-17T12:58:00+05:30,2648.6,2649.5,2647.3,2647.6,399
2025-07-17T12:59:00+05:30,2647.6,2649.4,2647.4,2647.7,223
2025-07-17T13:00:00+05:30,2647.7,2649.2,2646.0,2646.0,563
2025-07-17T13:01:00+05:30,2646.0,2648.1,2646.0,2646.4,227
2025-07-17T13:02:00+05:30,2646.5,2647.9,2646.5,2646.6,245
2025-07-17T13:03:00+05:30,2646.6,2648.4,2646.6,2647.4,227
2025-07-17T13:04:00+05:30,2647.4,2648.7,2647.3,2647.3,382
2025-07-17T13:05:00+05:30,2647.3,2647.3,2644.6,2644.6,751
2025-07-17T13:06:00+05:30,2644.6,2646.0,2644.4,2644.4,249
2025-07-17T13:07:00+05:30,2644.4,2646.7,2644.4,2645.0,225
2025-07-17T13:08:00+05:30,2645.0,2646.7,2644.1,2645.0,670
2025-07-17T13:09:00+05:30,2645.1,2648.1,2645.1,2646.6,280
2025-07-17T13:10:00+05:30,2646.7,2648.3,2646.5,2646.5,616
2025-07-17T13:11:00+05:30,2646.3,2647.5,2646.3,2646.3,200
2025-07-17T13:12:00+05:30,2646.3,2647.5,2645.1,2645.4,625
2025-07-17T13:13:00+05:30,2645.5,2646.8,2645.4,2645.4,268
2025-07-17T13:14:00+05:30,2645.4,2647.3,2645.4,2647.3,228
2025-07-17T13:15:00+05:30,2646.0,2647.5,2646.0,2646.2,316
2025-07-17T13:16:00+05:30,2646.2,2648.2,2646.2,2646.7,272
2025-07-17T13:17:00+05:30,2646.7,2647.5,2646.7,2646.7,241
2025-07-17T13:18:00+05:30,2646.7,2647.4,2646.7,2646.8,350
2025-07-17T13:19:00+05:30,2646.8,2647.4,2645.0,2645.3,795
2025-07-17T13:20:00+05:30,2645.3,2645.8,2644.8,2644.8,219
2025-07-17T13:21:00+05:30,2644.8,2645.8,2644.5,2645.8,280
2025-07-17T13:22:00+05:30,2644.6,2646.7,2644.6,2644.9,235
2025-07-17T13:23:00+05:30,2644.9,2647.0,2644.9,2645.6,284
2025-07-17T13:24:00+05:30,2645.6,2647.0,2645.6,2645.7,253
2025-07-17T13:25:00+05:30,2645.7,2646.9,2645.7,2646.0,231
2025-07-17T13:26:00+05:30,2646.0,2647.0,2646.0,2646.4,522
2025-07-17T13:27:00+05:30,2646.4,2647.5,2646.3,2646.3,242
2025-07-17T13:28:00+05:30,2646.3,2647.0,2646.0,2646.3,228
2025-07-17T13:29:00+05:30,2647.0,2649.6,2646.3,2647.4,396
2025-07-17T13:30:00+05:30,2648.2,2648.9,2647.4,2647.4,273
2025-07-17T13:31:00+05:30,2647.4,2647.9,2647.4,2647.5,311
2025-07-17T13:32:00+05:30,2647.5,2647.9,2645.0,2645.2,858
2025-07-17T13:33:00+05:30,2645.3,2647.2,2645.3,2645.6,151
2025-07-17T13:34:00+05:30,2645.6,2647.5,2645.6,2645.8,514
2025-07-17T13:35:00+05:30,2645.8,2647.0,2645.8,2646.0,264
2025-07-17T13:36:00+05:30,2646.0,2647.8,2645.0,2645.1,1389
2025-07-17T13:37:00+05:30,2645.3,2647.1,2645.3,2646.9,228
2025-07-17T13:38:00+05:30,2645.6,2647.4,2645.6,2645.6,269
2025-07-17T13:39:00+05:30,2645.6,2647.5,2645.0,2645.4,626
2025-07-17T13:40:00+05:30,2645.5,2647.5,2645.3,2645.7,230
2025-07-17T13:41:00+05:30,2646.7,2647.9,2645.0,2646.2,545
2025-07-17T13:42:00+05:30,2646.2,2647.7,2645.0,2645.6,438
2025-07-17T13:43:00+05:30,2645.7,2647.9,2645.7,2647.7,247
2025-07-17T13:44:00+05:30,2646.5,2647.9,2646.0,2646.0,398
2025-07-17T13:45:00+05:30,2646.0,2647.9,2646.0,2646.2,229
2025-07-17T13:46:00+05:30,2646.2,2646.4,2642.6,2644.3,1044
2025-07-17T13:47:00+05:30,2644.3,2646.6,2644.3,2644.9,260
2025-07-17T13:48:00+05:30,2644.9,2646.0,2644.8,2644.8,234
2025-07-17T13:49:00+05:30,2644.8,2646.0,2644.8,2645.4,331
2025-07-17T13:50:00+05:30,2645.4,2646.7,2645.4,2646.7,280
2025-07-17T13:51:00+05:30,2645.5,2647.0,2645.5,2645.8,282
2025-07-17T13:52:00+05:30,2645.8,2647.0,2645.8,2646.2,222
2025-07-17T13:53:00+05:30,2646.2,2647.9,2646.2,2646.8,225
2025-07-17T13:54:00+05:30,2646.8,2648.0,2646.7,2646.7,275
2025-07-17T13:55:00+05:30,2646.7,2647.9,2646.7,2647.5,292
2025-07-17T13:56:00+05:30,2647.6,2648.8,2647.6,2648.3,221
2025-07-17T13:57:00+05:30,2648.3,2649.0,2648.3,2648.6,313
2025-07-17T13:58:00+05:30,2648.7,2649.0,2648.7,2649.0,281
2025-07-17T13:59:00+05:30,2649.0,2650.0,2649.0,2649.4,279
2025-07-17T14:00:00+05:30,2649.4,2650.0,2649.4,2649.6,685
2025-07-17T14:01:00+05:30,2650.0,2655.0,2650.0,2655.0,1908
2025-07-17T14:02:00+05:30,2654.0,2657.0,2653.9,2655.9,724
2025-07-17T14:03:00+05:30,2655.9,2659.0,2655.9,2657.3,1636
2025-07-17T14:04:00+05:30,2656.1,2659.0,2655.2,2657.7,304
2025-07-17T14:05:00+05:30,2657.7,2658.3,2652.2,2653.0,406
2025-07-17T14:06:00+05:30,2653.0,2654.2,2651.3,2652.0,727
2025-07-17T14:07:00+05:30,2652.0,2653.0,2651.6,2651.6,297
2025-07-17T14:08:00+05:30,2651.6,2653.3,2651.5,2651.6,265
2025-07-17T14:09:00+05:30,2651.6,2654.1,2651.6,2652.3,469
2025-07-17T14:10:00+05:30,2652.2,2652.3,2650.5,2650.5,149
2025-07-17T14:11:00+05:30,2650.7,2652.2,2649.4,2649.4,306
2025-07-17T14:12:00+05:30,2649.4,2650.6,2649.3,2649.4,240
2025-07-17T14:13:00+05:30,2649.4,2651.3,2649.4,2649.8,227
2025-07-17T14:14:00+05:30,2649.8,2651.8,2649.7,2651.8,359
2025-07-17T14:15:00+05:30,2651.1,2652.0,2649.9,2651.2,1088
2025-07-17T14:16:00+05:30,2651.9,2654.2,2651.1,2652.3,265
2025-07-17T14:17:00+05:30,2652.0,2653.0,2651.4,2651.9,233
2025-07-17T14:18:00+05:30,2653.0,2653.9,2652.1,2652.4,335
2025-07-17T14:19:00+05:30,2652.5,2654.2,2652.5,2653.0,295
2025-07-17T14:20:00+05:30,2652.8,2654.6,2652.8,2653.5,399
2025-07-17T14:21:00+05:30,2653.5,2654.9,2653.0,2654.4,547
2025-07-17T14:22:00+05:30,2653.5,2654.4,2653.4,2653.5,290
2025-07-17T14:23:00+05:30,2653.5,2655.0,2653.0,2654.0,449
2025-07-17T14:24:00+05:30,2653.3,2655.0,2652.4,2652.4,1279
2025-07-17T14:25:00+05:30,2652.4,2653.1,2651.7,2653.0,221
2025-07-17T14:26:00+05:30,2652.6,2654.5,2652.6,2653.2,256
2025-07-17T14:27:00+05:30,2653.2,2654.0,2652.7,2652.7,257
2025-07-17T14:28:00+05:30,2652.7,2654.0,2652.5,2652.5,235
2025-07-17T14:29:00+05:30,2653.0,2654.3,2652.5,2653.1,263
2025-07-17T14:30:00+05:30,2653.0,2654.9,2652.5,2653.1,473
2025-07-17T14:31:00+05:30,2654.1,2654.1,2652.5,2653.1,336
2025-07-17T14:32:00+05:30,2653.2,2655.0,2653.2,2654.2,286
2025-07-17T14:33:00+05:30,2654.2,2655.0,2654.2,2655.0,463
2025-07-17T14:34:00+05:30,2654.4,2655.0,2654.3,2654.3,535
2025-07-17T14:35:00+05:30,2655.0,2656.9,2654.3,2655.5,569
2025-07-17T14:36:00+05:30,2655.5,2657.0,2655.5,2656.8,389
2025-07-17T14:37:00+05:30,2655.6,2658.6,2655.6,2657.6,2503
2025-07-17T14:38:00+05:30,2657.6,2661.9,2656.9,2661.4,2084
2025-07-17T14:39:00+05:30,2659.8,2661.5,2659.7,2660.0,1402
2025-07-17T14:40:00+05:30,2660.0,2661.0,2657.2,2659.4,2091
2025-07-17T14:41:00+05:30,2659.4,2660.6,2656.5,2657.1,933
2025-07-17T14:42:00+05:30,2657.3,2658.6,2656.9,2658.6,409
2025-07-17T14:43:00+05:30,2657.1,2658.9,2657.1,2657.4,344
2025-07-17T14:44:00+05:30,2657.4,2657.7,2654.3,2654.3,625
2025-07-17T14:45:00+05:30,2654.3,2655.5,2653.0,2654.0,860
2025-07-17T14:46:00+05:30,2654.0,2656.0,2654.0,2654.2,514
2025-07-17T14:47:00+05:30,2654.2,2655.7,2652.7,2653.1,584
2025-07-17T14:48:00+05:30,2653.2,2654.9,2653.2,2654.2,300
2025-07-17T14:49:00+05:30,2654.2,2655.9,2654.2,2654.9,379
2025-07-17T14:50:00+05:30,2654.9,2656.7,2654.9,2656.7,419
2025-07-17T14:51:00+05:30,2656.0,2657.3,2654.2,2655.3,776
2025-07-17T14:52:00+05:30,2655.4,2656.9,2655.4,2655.7,336
2025-07-17T14:53:00+05:30,2655.7,2656.6,2655.7,2656.0,432
2025-07-17T14:54:00+05:30,2655.8,2656.0,2654.5,2655.1,612
2025-07-17T14:55:00+05:30,2655.1,2655.9,2655.1,2655.9,337
2025-07-17T14:56:00+05:30,2655.1,2658.7,2655.1,2657.5,424
2025-07-17T14:57:00+05:30,2657.7,2658.5,2656.6,2656.9,976
2025-07-17T14:58:00+05:30,2657.2,2659.5,2657.1,2659.1,592
2025-07-17T14:59:00+05:30,2658.1,2659.2,2657.1,2658.0,684
2025-07-17T15:00:00+05:30,2658.5,2659.5,2658.0,2659.4,1447
2025-07-17T15:01:00+05:30,2659.3,2661.3,2659.3,2661.3,3693
2025-07-17T15:02:00+05:30,2661.7,2663.8,2660.5,2662.7,2525
2025-07-17T15:03:00+05:30,2662.7,2663.3,2660.8,2661.8,1428
2025-07-17T15:04:00+05:30,2662.0,2662.8,2661.8,2662.5,1428
2025-07-17T15:05:00+05:30,2662.3,2663.9,2662.1,2662.3,1968
2025-07-17T15:06:00+05:30,2662.9,2662.9,2661.0,2662.3,1099
2025-07-17T15:07:00+05:30,2662.3,2664.0,2661.2,2664.0,1467
2025-07-17T15:08:00+05:30,2664.0,2664.0,2660.0,2661.7,1561
2025-07-17T15:09:00+05:30,2661.7,2663.0,2660.7,2662.0,1678
2025-07-17T15:10:00+05:30,2662.0,2662.0,2660.1,2661.4,1269
2025-07-17T15:11:00+05:30,2661.7,2661.7,2660.3,2660.5,799
2025-07-17T15:12:00+05:30,2661.0,2661.0,2658.3,2658.4,2676
2025-07-17T15:13:00+05:30,2659.0,2659.6,2658.4,2659.0,1336
2025-07-17T15:14:00+05:30,2659.0,2660.0,2658.8,2659.0,1367
2025-07-17T15:15:00+05:30,2659.0,2659.7,2656.5,2657.0,1697
2025-07-17T15:16:00+05:30,2657.0,2658.6,2657.0,2658.6,1279
2025-07-17T15:17:00+05:30,2657.5,2658.9,2657.5,2657.7,1720
2025-07-17T15:18:00+05:30,2657.9,2658.0,2657.7,2658.0,982
2025-07-17T15:19:00+05:30,2658.0,2660.0,2657.8,2659.0,858
2025-07-17T15:20:00+05:30,2659.8,2660.0,2656.9,2658.8,3175
2025-07-17T15:21:00+05:30,2659.2,2659.6,2657.3,2658.0,1281
2025-07-17T15:22:00+05:30,2657.5,2658.0,2657.1,2657.2,1657
2025-07-17T15:23:00+05:30,2657.1,2658.0,2656.8,2658.0,660
2025-07-17T15:24:00+05:30,2658.0,2660.7,2657.7,2660.5,1481
2025-07-17T15:25:00+05:30,2660.3,2660.3,2658.0,2659.4,1753
2025-07-17T15:26:00+05:30,2659.4,2660.5,2658.2,2660.3,1288
2025-07-17T15:27:00+05:30,2660.2,2662.7,2656.6,2659.6,1333
2025-07-17T15:28:00+05:30,2660.0,2660.0,2659.6,2660.0,720
2025-07-17T15:29:00+05:30,2659.9,2662.0,2656.3,2659.5,572
2025-07-16T09:15:00+05:30,2654.9,2654.9,2636.3,2641.8,1545
2025-07-16T09:16:00+05:30,2640.5,2647.5,2639.0,2640.9,2071
2025-07-16T09:17:00+05:30,2638.9,2638.9,2632.7,2637.8,2894
2025-07-16T09:18:00+05:30,2637.9,2640.4,2636.8,2639.5,813
2025-07-16T09:19:00+05:30,2639.5,2645.0,2638.3,2642.8,976
2025-07-16T09:20:00+05:30,2642.8,2644.5,2641.3,2644.5,381
2025-07-16T09:21:00+05:30,2643.2,2643.2,2641.1,2641.1,503
2025-07-16T09:22:00+05:30,2641.0,2641.6,2639.1,2641.0,602
2025-07-16T09:23:00+05:30,2641.0,2645.6,2641.0,2644.6,2154
2025-07-16T09:24:00+05:30,2645.3,2645.4,2642.8,2643.9,170
2025-07-16T09:25:00+05:30,2643.9,2645.0,2643.0,2645.0,388
2025-07-16T09:26:00+05:30,2645.0,2646.5,2645.0,2645.1,226
2025-07-16T09:27:00+05:30,2646.0,2650.0,2645.0,2648.1,703
2025-07-16T09:28:00+05:30,2648.4,2649.3,2647.3,2647.3,82
2025-07-16T09:29:00+05:30,2647.8,2647.8,2645.3,2645.3,220
2025-07-16T09:30:00+05:30,2645.1,2648.3,2645.1,2647.5,364
2025-07-16T09:31:00+05:30,2647.5,2650.0,2647.0,2649.9,409
2025-07-16T09:32:00+05:30,2648.8,2652.4,2648.1,2650.4,609
2025-07-16T09:33:00+05:30,2650.4,2650.4,2648.2,2649.4,109
2025-07-16T09:34:00+05:30,2649.4,2650.4,2647.6,2649.9,128
2025-07-16T09:35:00+05:30,2650.0,2650.4,2648.1,2648.1,111
2025-07-16T09:36:00+05:30,2649.3,2649.6,2647.6,2648.4,56
2025-07-16T09:37:00+05:30,2648.0,2649.9,2648.0,2649.2,78
2025-07-16T09:38:00+05:30,2649.9,2650.4,2649.9,2650.2,146
2025-07-16T09:39:00+05:30,2650.0,2652.9,2650.0,2652.8,145
2025-07-16T09:40:00+05:30,2652.8,2653.0,2650.8,2652.1,509
2025-07-16T09:41:00+05:30,2651.4,2652.1,2649.5,2649.5,46
2025-07-16T09:42:00+05:30,2649.0,2649.5,2648.0,2649.5,185
2025-07-16T09:43:00+05:30,2648.3,2650.0,2648.0,2649.1,296
2025-07-16T09:44:00+05:30,2648.3,2648.9,2646.0,2646.3,144
2025-07-16T09:45:00+05:30,2646.0,2646.7,2645.0,2645.9,86
2025-07-16T09:46:00+05:30,2645.0,2645.7,2642.5,2643.6,546
2025-07-16T09:47:00+05:30,2643.0,2646.7,2643.0,2646.3,666
2025-07-16T09:48:00+05:30,2645.3,2647.6,2645.0,2647.1,486
2025-07-16T09:49:00+05:30,2647.2,2647.3,2646.0,2647.0,26
2025-07-16T09:50:00+05:30,2646.3,2648.7,2646.0,2648.3,128
2025-07-16T09:51:00+05:30,2647.3,2648.0,2645.0,2646.7,839
2025-07-16T09:52:00+05:30,2646.7,2649.1,2646.0,2649.1,88
2025-07-16T09:53:00+05:30,2647.9,2652.7,2647.6,2652.5,1021
2025-07-16T09:54:00+05:30,2652.5,2653.3,2651.3,2652.3,226
2025-07-16T09:55:00+05:30,2651.3,2653.0,2650.2,2652.6,278
2025-07-16T09:56:00+05:30,2653.4,2653.7,2649.8,2651.0,1229
2025-07-16T09:57:00+05:30,2651.0,2651.8,2651.0,2651.5,75
2025-07-16T09:58:00+05:30,2651.0,2651.3,2649.0,2651.3,127
2025-07-16T09:59:00+05:30,2650.7,2653.0,2649.6,2650.6,523
2025-07-16T10:00:00+05:30,2649.9,2652.1,2649.5,2650.7,282
2025-07-16T10:01:00+05:30,2652.1,2652.3,2651.0,2652.1,149
2025-07-16T10:02:00+05:30,2651.2,2652.6,2651.0,2652.0,96
2025-07-16T10:03:00+05:30,2651.0,2652.6,2650.7,2651.1,212
2025-07-16T10:04:00+05:30,2651.1,2653.0,2650.3,2652.4,272
2025-07-16T10:05:00+05:30,2652.4,2653.5,2650.9,2652.7,122
2025-07-16T10:06:00+05:30,2652.2,2652.2,2651.0,2651.0,76
2025-07-16T10:07:00+05:30,2650.3,2652.6,2650.0,2652.6,411
2025-07-16T10:08:00+05:30,2651.6,2652.4,2649.5,2649.5,492
2025-07-16T10:09:00+05:30,2650.7,2650.7,2649.1,2650.4,103
2025-07-16T10:10:00+05:30,2650.0,2650.3,2649.0,2650.2,53
2025-07-16T10:11:00+05:30,2649.0,2650.2,2642.0,2643.7,6675
2025-07-16T10:12:00+05:30,2644.6,2646.0,2643.5,2645.9,6090
2025-07-16T10:13:00+05:30,2644.2,2645.7,2644.2,2645.4,92
2025-07-16T10:14:00+05:30,2645.2,2645.4,2644.0,2645.4,69
2025-07-16T10:15:00+05:30,2645.0,2645.3,2644.0,2645.1,154
2025-07-16T10:16:00+05:30,2644.9,2645.2,2643.6,2645.2,235
2025-07-16T10:17:00+05:30,2645.3,2645.5,2643.7,2644.4,202
2025-07-16T10:18:00+05:30,2645.6,2652.6,2645.6,2649.0,2394
2025-07-16T10:19:00+05:30,2650.5,2650.9,2649.2,2649.2,117
2025-07-16T10:20:00+05:30,2649.1,2649.6,2647.6,2647.6,197
2025-07-16T10:21:00+05:30,2648.8,2648.9,2646.0,2646.1,185
2025-07-16T10:22:00+05:30,2646.1,2647.4,2645.5,2645.9,164
2025-07-16T10:23:00+05:30,2645.8,2646.9,2645.0,2645.0,156
2025-07-16T10:24:00+05:30,2645.7,2645.7,2645.0,2645.0,124
2025-07-16T10:25:00+05:30,2645.0,2646.6,2645.0,2646.6,192
2025-07-16T10:26:00+05:30,2646.6,2646.7,2645.0,2646.1,157
2025-07-16T10:27:00+05:30,2646.2,2646.2,2643.5,2643.5,256
2025-07-16T10:28:00+05:30,2643.5,2644.8,2643.1,2643.1,227
2025-07-16T10:29:00+05:30,2644.4,2644.4,2642.4,2643.5,303
2025-07-16T10:30:00+05:30,2642.4,2643.8,2642.4,2642.4,177
2025-07-16T10:31:00+05:30,2642.4,2643.8,2640.2,2640.2,602
2025-07-16T10:32:00+05:30,2640.1,2642.4,2640.1,2640.9,275
2025-07-16T10:33:00+05:30,2642.1,2642.2,2640.3,2640.3,223
2025-07-16T10:34:00+05:30,2641.2,2642.4,2640.6,2641.5,272
2025-07-16T10:35:00+05:30,2641.5,2642.0,2640.4,2640.9,190
2025-07-16T10:36:00+05:30,2640.9,2641.7,2638.2,2639.1,1555
2025-07-16T10:37:00+05:30,2639.4,2640.0,2638.3,2639.9,175
2025-07-16T10:38:00+05:30,2638.6,2644.9,2638.6,2642.3,1281
2025-07-16T10:39:00+05:30,2642.0,2643.7,2639.0,2640.0,3160
2025-07-16T10:40:00+05:30,2640.0,2644.8,2640.0,2642.5,2971
2025-07-16T10:41:00+05:30,2642.5,2644.9,2642.5,2643.4,439
2025-07-16T10:42:00+05:30,2644.3,2645.6,2643.1,2644.1,192
2025-07-16T10:43:00+05:30,2644.0,2645.8,2643.8,2643.8,118
2025-07-16T10:44:00+05:30,2643.4,2644.4,2643.0,2643.0,101
2025-07-16T10:45:00+05:30,2643.8,2644.6,2643.1,2643.1,115
2025-07-16T10:46:00+05:30,2643.9,2644.2,2643.9,2644.0,203
2025-07-16T10:47:00+05:30,2643.8,2644.0,2642.3,2642.3,157
2025-07-16T10:48:00+05:30,2643.3,2649.6,2642.2,2648.2,1229
2025-07-16T10:49:00+05:30,2649.0,2649.0,2647.0,2648.9,377
2025-07-16T10:50:00+05:30,2648.8,2649.1,2646.9,2647.3,582
2025-07-16T10:51:00+05:30,2647.4,2647.5,2646.3,2646.3,115
2025-07-16T10:52:00+05:30,2647.4,2647.4,2646.3,2647.4,146
2025-07-16T10:53:00+05:30,2648.2,2649.4,2647.6,2648.9,253
2025-07-16T10:54:00+05:30,2648.7,2648.8,2646.5,2648.0,724
2025-07-16T10:55:00+05:30,2647.0,2647.8,2646.2,2647.4,286
2025-07-16T10:56:00+05:30,2647.4,2648.0,2646.7,2647.9,187
2025-07-16T10:57:00+05:30,2647.0,2647.5,2646.8,2647.5,63
2025-07-16T10:58:00+05:30,2647.0,2647.8,2646.5,2646.7,114
2025-07-16T10:59:00+05:30,2646.6,2647.9,2646.5,2647.8,91
2025-07-16T11:00:00+05:30,2647.9,2649.0,2646.7,2649.0,229
2025-07-16T11:01:00+05:30,2649.0,2649.0,2648.0,2648.0,82
2025-07-16T11:02:00+05:30,2647.8,2648.7,2647.0,2648.7,68
2025-07-16T11:03:00+05:30,2648.2,2648.3,2647.1,2647.3,118
2025-07-16T11:04:00+05:30,2648.3,2648.7,2648.3,2648.7,133
2025-07-16T11:05:00+05:30,2648.6,2648.7,2647.0,2648.0,81
2025-07-16T11:06:00+05:30,2648.0,2648.4,2647.1,2647.1,65
2025-07-16T11:07:00+05:30,2648.2,2648.4,2646.8,2646.9,268
2025-07-16T11:08:00+05:30,2648.2,2651.8,2647.5,2650.0,542
2025-07-16T11:09:00+05:30,2648.8,2650.5,2648.8,2650.2,57
2025-07-16T11:10:00+05:30,2649.5,2649.5,2648.2,2648.2,23
2025-07-16T11:11:00+05:30,2648.8,2649.0,2648.0,2649.0,51
2025-07-16T11:12:00+05:30,2648.5,2649.2,2648.0,2649.2,50
2025-07-16T11:13:00+05:30,2648.0,2649.9,2648.0,2649.8,25
2025-07-16T11:14:00+05:30,2649.8,2650.0,2648.9,2648.9,65
2025-07-16T11:15:00+05:30,2648.9,2649.3,2647.6,2649.3,85
2025-07-16T11:16:00+05:30,2649.0,2649.0,2648.1,2648.1,12
2025-07-16T11:17:00+05:30,2649.0,2649.0,2648.1,2648.2,51
2025-07-16T11:18:00+05:30,2648.2,2649.0,2648.1,2648.1,10
2025-07-16T11:19:00+05:30,2648.1,2649.0,2647.6,2647.6,31
2025-07-16T11:20:00+05:30,2648.0,2648.0,2647.2,2647.2,22
2025-07-16T11:21:00+05:30,2648.0,2648.0,2648.0,2648.0,52
2025-07-16T11:22:00+05:30,2647.3,2648.0,2647.3,2648.0,27
2025-07-16T11:23:00+05:30,2647.3,2647.4,2646.0,2646.0,224
2025-07-16T11:24:00+05:30,2647.0,2647.5,2646.3,2646.3,50
2025-07-16T11:25:00+05:30,2646.1,2647.0,2646.0,2646.0,106
2025-07-16T11:26:00+05:30,2646.0,2646.0,2645.1,2646.0,24
2025-07-16T11:27:00+05:30,2646.0,2646.4,2645.3,2646.4,106
2025-07-16T11:28:00+05:30,2645.4,2646.4,2645.4,2646.4,4
2025-07-16T11:29:00+05:30,2645.0,2646.1,2645.0,2646.1,49
2025-07-16T11:30:00+05:30,2646.1,2646.1,2644.0,2644.9,91
2025-07-16T11:31:00+05:30,2644.9,2644.9,2643.3,2644.5,71
2025-07-16T11:32:00+05:30,2644.5,2644.5,2643.6,2644.5,27
2025-07-16T11:33:00+05:30,2643.6,2645.3,2643.6,2645.3,60
2025-07-16T11:34:00+05:30,2645.3,2645.8,2645.2,2645.2,13
2025-07-16T11:35:00+05:30,2645.2,2645.7,2644.5,2644.5,276
2025-07-16T11:36:00+05:30,2645.2,2645.2,2643.0,2643.0,261
2025-07-16T11:37:00+05:30,2643.0,2643.0,2641.5,2642.7,156
2025-07-16T11:38:00+05:30,2641.6,2642.9,2640.5,2641.4,142
2025-07-16T11:39:00+05:30,2640.1,2640.1,2639.0,2639.0,175
2025-07-16T11:40:00+05:30,2639.7,2639.7,2637.5,2638.1,348
2025-07-16T11:41:00+05:30,2638.1,2639.9,2638.1,2639.9,82
2025-07-16T11:42:00+05:30,2639.4,2639.5,2638.1,2638.1,94
2025-07-16T11:43:00+05:30,2638.4,2640.0,2638.1,2638.1,226
2025-07-16T11:44:00+05:30,2639.3,2643.8,2639.3,2642.5,3528
2025-07-16T11:45:00+05:30,2643.7,2646.4,2641.9,2645.9,249
2025-07-16T11:46:00+05:30,2645.9,2645.9,2644.6,2644.6,87
2025-07-16T11:47:00+05:30,2645.1,2645.1,2644.6,2645.1,28
2025-07-16T11:48:00+05:30,2644.6,2646.3,2644.2,2644.2,332
2025-07-16T11:49:00+05:30,2645.1,2645.1,2645.1,2645.1,12
2025-07-16T11:50:00+05:30,2644.3,2644.3,2643.6,2643.7,25
2025-07-16T11:51:00+05:30,2643.0,2643.7,2642.6,2643.2,28
2025-07-16T11:52:00+05:30,2643.1,2645.0,2642.6,2645.0,85
2025-07-16T11:53:00+05:30,2643.9,2645.0,2643.9,2645.0,35
2025-07-16T11:54:00+05:30,2645.0,2646.0,2645.0,2645.4,175
2025-07-16T11:55:00+05:30,2646.0,2646.0,2644.4,2644.4,13
2025-07-16T11:56:00+05:30,2644.9,2645.7,2644.3,2644.3,91
2025-07-16T11:57:00+05:30,2645.2,2645.4,2643.8,2643.8,54
2025-07-16T11:58:00+05:30,2643.8,2645.9,2643.8,2645.8,45
2025-07-16T11:59:00+05:30,2645.1,2645.6,2644.1,2644.5,64
2025-07-16T12:00:00+05:30,2644.5,2644.5,2641.0,2642.1,1146
2025-07-16T12:01:00+05:30,2642.5,2642.6,2641.0,2642.2,100
2025-07-16T12:02:00+05:30,2642.4,2643.0,2641.0,2641.8,109
2025-07-16T12:03:00+05:30,2643.0,2645.0,2641.0,2641.0,2704
2025-07-16T12:04:00+05:30,2642.4,2642.9,2641.4,2642.8,48
2025-07-16T12:05:00+05:30,2642.9,2643.0,2642.0,2643.0,53
2025-07-16T12:06:00+05:30,2643.0,2643.0,2642.0,2643.0,76
2025-07-16T12:07:00+05:30,2642.4,2643.0,2642.0,2643.0,165
2025-07-16T12:08:00+05:30,2643.0,2643.0,2642.0,2643.0,68
2025-07-16T12:09:00+05:30,2643.0,2643.0,2641.9,2642.0,82
2025-07-16T12:10:00+05:30,2643.0,2643.0,2641.8,2643.0,72
2025-07-16T12:11:00+05:30,2643.0,2643.0,2642.0,2643.0,72
2025-07-16T12:12:00+05:30,2643.0,2643.0,2642.0,2642.1,80
2025-07-16T12:13:00+05:30,2642.9,2643.0,2641.4,2642.5,203
2025-07-16T12:14:00+05:30,2642.6,2642.6,2641.0,2641.1,252
2025-07-16T12:15:00+05:30,2642.2,2642.4,2641.1,2641.4,66
2025-07-16T12:16:00+05:30,2641.1,2642.5,2641.1,2642.5,63
2025-07-16T12:17:00+05:30,2642.3,2642.3,2638.3,2640.1,1393
2025-07-16T12:18:00+05:30,2642.2,2642.2,2641.0,2642.1,40
2025-07-16T12:19:00+05:30,2642.3,2642.3,2641.2,2641.9,44
2025-07-16T12:20:00+05:30,2641.0,2642.2,2641.0,2642.2,82
2025-07-16T12:21:00+05:30,2641.7,2641.7,2640.0,2640.0,42
2025-07-16T12:22:00+05:30,2640.0,2640.0,2639.1,2639.2,30
2025-07-16T12:23:00+05:30,2640.1,2640.2,2638.5,2638.5,166
2025-07-16T12:24:00+05:30,2638.6,2640.1,2638.3,2638.8,115
2025-07-16T12:25:00+05:30,2640.2,2640.3,2638.0,2638.4,1290
2025-07-16T12:26:00+05:30,2639.6,2640.0,2638.3,2640.0,41
2025-07-16T12:27:00+05:30,2639.3,2639.6,2638.1,2639.0,249
2025-07-16T12:28:00+05:30,2638.2,2641.0,2638.1,2640.9,519
2025-07-16T12:29:00+05:30,2640.9,2641.1,2640.0,2640.4,140
2025-07-16T12:30:00+05:30,2640.7,2642.3,2640.1,2640.1,168
2025-07-16T12:31:00+05:30,2640.2,2642.7,2640.1,2642.7,366
2025-07-16T12:32:00+05:30,2641.4,2642.7,2641.1,2642.4,85
2025-07-16T12:33:00+05:30,2641.5,2642.9,2641.5,2641.5,19
2025-07-16T12:34:00+05:30,2642.9,2643.0,2642.9,2643.0,13
2025-07-16T12:35:00+05:30,2643.0,2643.0,2641.6,2641.6,75
2025-07-16T12:36:00+05:30,2642.0,2642.0,2642.0,2642.0,1
2025-07-16T12:37:00+05:30,2642.0,2642.0,2641.2,2642.0,37
2025-07-16T12:38:00+05:30,2641.1,2642.0,2641.0,2641.9,26
2025-07-16T12:39:00+05:30,2641.2,2641.5,2641.0,2641.0,21
2025-07-16T12:40:00+05:30,2641.0,2641.5,2641.0,2641.0,25
2025-07-16T12:41:00+05:30,2641.5,2641.7,2640.6,2640.8,7
2025-07-16T12:42:00+05:30,2642.0,2643.0,2642.0,2643.0,337
2025-07-16T12:43:00+05:30,2642.1,2642.9,2642.1,2642.7,55
2025-07-16T12:44:00+05:30,2642.1,2642.3,2642.1,2642.2,22
2025-07-16T12:45:00+05:30,2642.2,2642.2,2641.3,2642.2,117
2025-07-16T12:46:00+05:30,2642.2,2642.2,2641.3,2641.3,17
2025-07-16T12:47:00+05:30,2641.3,2642.2,2641.3,2642.2,24
2025-07-16T12:48:00+05:30,2641.3,2642.4,2641.3,2641.3,53
2025-07-16T12:49:00+05:30,2642.4,2642.4,2641.3,2641.3,17
2025-07-16T12:50:00+05:30,2641.4,2642.9,2641.3,2641.7,411
2025-07-16T12:51:00+05:30,2641.8,2643.0,2641.8,2642.9,435
2025-07-16T12:52:00+05:30,2642.0,2642.7,2641.5,2642.6,27
2025-07-16T12:53:00+05:30,2642.6,2642.8,2641.4,2641.4,11
2025-07-16T12:54:00+05:30,2641.6,2642.5,2641.6,2641.6,27
2025-07-16T12:55:00+05:30,2641.6,2642.6,2641.6,2641.6,25
2025-07-16T12:56:00+05:30,2641.6,2642.5,2641.6,2641.6,31
2025-07-16T12:57:00+05:30,2641.6,2642.7,2641.6,2641.6,14
2025-07-16T12:58:00+05:30,2642.0,2642.6,2641.6,2641.6,34
2025-07-16T12:59:00+05:30,2641.6,2642.3,2641.2,2642.3,136
2025-07-16T13:00:00+05:30,2641.2,2641.2,2641.1,2641.1,61
2025-07-16T13:01:00+05:30,2641.0,2642.3,2641.0,2642.3,18
2025-07-16T13:02:00+05:30,2641.2,2642.3,2641.0,2641.0,18
2025-07-16T13:03:00+05:30,2641.5,2642.2,2641.5,2642.2,31
2025-07-16T13:04:00+05:30,2642.2,2642.7,2641.6,2642.7,199
2025-07-16T13:05:00+05:30,2641.7,2643.0,2641.7,2642.0,24
2025-07-16T13:06:00+05:30,2642.0,2643.0,2642.0,2642.9,109
2025-07-16T13:07:00+05:30,2643.0,2643.0,2642.0,2642.0,77
2025-07-16T13:08:00+05:30,2642.0,2642.8,2642.0,2642.8,31
2025-07-16T13:09:00+05:30,2642.0,2642.0,2642.0,2642.0,6
2025-07-16T13:10:00+05:30,2642.9,2642.9,2642.0,2642.9,8
2025-07-16T13:11:00+05:30,2642.0,2642.9,2642.0,2642.9,4
2025-07-16T13:12:00+05:30,2642.0,2642.0,2642.0,2642.0,3
2025-07-16T13:13:00+05:30,2642.0,2642.8,2642.0,2642.8,123
2025-07-16T13:14:00+05:30,2642.8,2643.0,2642.0,2643.0,282
2025-07-16T13:15:00+05:30,2643.0,2643.0,2642.0,2642.0,77
2025-07-16T13:16:00+05:30,2642.9,2643.0,2642.0,2643.0,31
2025-07-16T13:17:00+05:30,2642.0,2643.0,2642.0,2643.0,6
2025-07-16T13:18:00+05:30,2642.0,2642.0,2642.0,2642.0,6
2025-07-16T13:19:00+05:30,2642.0,2642.0,2642.0,2642.0,4
2025-07-16T13:20:00+05:30,2642.9,2643.0,2642.0,2642.8,120
2025-07-16T13:21:00+05:30,2642.9,2646.0,2642.9,2644.8,1172
2025-07-16T13:22:00+05:30,2644.9,2644.9,2643.3,2643.8,162
2025-07-16T13:23:00+05:30,2643.6,2645.0,2643.5,2643.5,46
2025-07-16T13:24:00+05:30,2643.5,2644.2,2642.8,2644.2,45
2025-07-16T13:25:00+05:30,2643.6,2644.5,2642.8,2643.0,46
2025-07-16T13:26:00+05:30,2642.8,2642.8,2640.2,2640.2,268
2025-07-16T13:27:00+05:30,2641.5,2641.6,2640.0,2641.5,106
2025-07-16T13:28:00+05:30,2641.6,2641.9,2640.3,2641.6,49
2025-07-16T13:29:00+05:30,2640.4,2640.5,2640.4,2640.5,4
2025-07-16T13:30:00+05:30,2641.8,2641.8,2641.8,2641.8,1
2025-07-16T13:31:00+05:30,2640.4,2640.4,2638.1,2638.1,288
2025-07-16T13:32:00+05:30,2638.0,2638.0,2638.0,2638.0,14
2025-07-16T13:33:00+05:30,2638.2,2639.6,2638.2,2639.6,19
2025-07-16T13:34:00+05:30,2638.2,2639.4,2638.0,2639.4,44
2025-07-16T13:35:00+05:30,2639.4,2639.6,2638.0,2638.2,179
2025-07-16T13:36:00+05:30,2638.2,2639.7,2638.0,2638.6,48
2025-07-16T13:37:00+05:30,2639.7,2639.7,2638.6,2638.6,9
2025-07-16T13:38:00+05:30,2638.7,2640.0,2638.6,2638.6,761
2025-07-16T13:39:00+05:30,2639.7,2640.0,2638.6,2640.0,70
2025-07-16T13:40:00+05:30,2638.9,2640.0,2638.9,2640.0,5
2025-07-16T13:41:00+05:30,2640.0,2640.0,2638.6,2639.6,352
2025-07-16T13:42:00+05:30,2638.6,2639.3,2638.0,2638.1,294
2025-07-16T13:43:00+05:30,2638.1,2639.3,2638.1,2639.2,181
2025-07-16T13:44:00+05:30,2638.2,2639.2,2635.4,2635.4,1104
2025-07-16T13:45:00+05:30,2635.2,2636.3,2635.0,2635.0,434
2025-07-16T13:46:00+05:30,2636.2,2636.2,2635.0,2636.2,148
2025-07-16T13:47:00+05:30,2635.0,2635.9,2635.0,2635.9,165
2025-07-16T13:48:00+05:30,2635.0,2637.1,2635.0,2637.1,828
2025-07-16T13:49:00+05:30,2637.0,2637.1,2637.0,2637.0,164
2025-07-16T13:50:00+05:30,2637.1,2638.1,2637.1,2638.1,977
2025-07-16T13:51:00+05:30,2639.1,2639.9,2638.5,2638.6,355
2025-07-16T13:52:00+05:30,2639.9,2639.9,2638.6,2638.7,238
2025-07-16T13:53:00+05:30,2638.7,2639.4,2638.2,2639.1,116
2025-07-16T13:54:00+05:30,2638.2,2639.0,2637.3,2637.3,180
2025-07-16T13:55:00+05:30,2637.2,2638.9,2637.1,2638.9,191
2025-07-16T13:56:00+05:30,2637.5,2637.7,2636.1,2636.8,403
2025-07-16T13:57:00+05:30,2638.3,2638.7,2637.2,2637.2,180
2025-07-16T13:58:00+05:30,2638.3,2638.4,2636.5,2637.3,135
2025-07-16T13:59:00+05:30,2636.4,2636.4,2636.4,2636.4,18
2025-07-16T14:00:00+05:30,2636.4,2638.9,2636.4,2637.0,852
2025-07-16T14:01:00+05:30,2636.8,2637.3,2636.8,2637.0,72
2025-07-16T14:02:00+05:30,2637.0,2638.3,2637.0,2637.7,45
2025-07-16T14:03:00+05:30,2638.3,2638.3,2636.8,2636.8,519
2025-07-16T14:04:00+05:30,2636.8,2637.7,2636.8,2636.8,13
2025-07-16T14:05:00+05:30,2637.6,2637.6,2636.8,2636.8,7
2025-07-16T14:06:00+05:30,2636.8,2637.6,2636.8,2637.6,31
2025-07-16T14:07:00+05:30,2636.8,2637.6,2636.8,2637.0,41
2025-07-16T14:08:00+05:30,2636.9,2637.6,2636.8,2636.8,33
2025-07-16T14:09:00+05:30,2636.8,2637.6,2636.8,2636.8,27
2025-07-16T14:10:00+05:30,2636.8,2636.8,2636.5,2636.5,63
2025-07-16T14:11:00+05:30,2636.7,2637.2,2636.5,2636.7,70
2025-07-16T14:12:00+05:30,2637.4,2638.0,2636.5,2636.5,1398
2025-07-16T14:13:00+05:30,2636.6,2637.7,2636.5,2636.8,88
2025-07-16T14:14:00+05:30,2636.6,2637.7,2636.6,2637.7,48
2025-07-16T14:15:00+05:30,2637.6,2637.6,2637.5,2637.5,49
2025-07-16T14:16:00+05:30,2637.1,2638.3,2637.1,2638.3,54
2025-07-16T14:17:00+05:30,2638.3,2638.8,2637.4,2638.8,141
2025-07-16T14:18:00+05:30,2638.8,2639.9,2638.2,2639.9,99
2025-07-16T14:19:00+05:30,2639.5,2640.0,2638.5,2640.0,194
2025-07-16T14:20:00+05:30,2640.0,2640.0,2638.6,2639.0,102
2025-07-16T14:21:00+05:30,2638.7,2640.0,2636.9,2636.9,583
2025-07-16T14:22:00+05:30,2637.4,2637.4,2635.8,2635.8,1013
2025-07-16T14:23:00+05:30,2636.8,2637.2,2636.0,2636.6,78
2025-07-16T14:24:00+05:30,2636.6,2636.6,2636.4,2636.5,31
2025-07-16T14:25:00+05:30,2636.6,2637.6,2636.6,2636.6,109
2025-07-16T14:26:00+05:30,2636.6,2637.5,2636.5,2636.5,79
2025-07-16T14:27:00+05:30,2636.5,2637.5,2636.2,2636.2,123
2025-07-16T14:28:00+05:30,2637.0,2637.9,2636.4,2636.4,25
2025-07-16T14:29:00+05:30,2637.7,2637.7,2636.2,2636.2,26
2025-07-16T14:30:00+05:30,2636.2,2636.9,2635.5,2636.7,319
2025-07-16T14:31:00+05:30,2635.6,2636.4,2635.6,2636.0,69
2025-07-16T14:32:00+05:30,2636.0,2636.5,2636.0,2636.5,99
2025-07-16T14:33:00+05:30,2636.7,2638.2,2636.5,2636.5,179
2025-07-16T14:34:00+05:30,2637.7,2637.9,2636.5,2637.9,125
2025-07-16T14:35:00+05:30,2637.9,2637.9,2636.2,2636.5,179
2025-07-16T14:36:00+05:30,2637.3,2638.3,2636.5,2636.6,255
2025-07-16T14:37:00+05:30,2636.6,2638.3,2636.6,2637.6,285
2025-07-16T14:38:00+05:30,2637.0,2637.4,2636.3,2637.0,209
2025-07-16T14:39:00+05:30,2636.7,2637.0,2636.7,2636.7,38
2025-07-16T14:40:00+05:30,2637.4,2637.4,2637.4,2637.4,63
2025-07-16T14:41:00+05:30,2637.6,2639.9,2637.2,2637.9,1999
2025-07-16T14:42:00+05:30,2637.7,2640.5,2637.5,2639.2,3169
2025-07-16T14:43:00+05:30,2638.9,2640.5,2638.2,2640.5,2316
2025-07-16T14:44:00+05:30,2640.3,2646.6,2639.0,2646.6,4842
2025-07-16T14:45:00+05:30,2645.0,2646.7,2643.6,2645.2,2050
2025-07-16T14:46:00+05:30,2645.2,2646.7,2641.1,2644.2,8605
2025-07-16T14:47:00+05:30,2642.7,2646.0,2640.0,2644.2,7245
2025-07-16T14:48:00+05:30,2643.3,2647.9,2643.3,2647.7,2224
2025-07-16T14:49:00+05:30,2646.6,2650.0,2645.6,2650.0,1951
2025-07-16T14:50:00+05:30,2647.3,2650.0,2646.3,2649.4,1750
2025-07-16T14:51:00+05:30,2648.0,2650.3,2645.6,2648.5,3279
2025-07-16T14:52:00+05:30,2647.5,2650.5,2645.6,2647.8,1712
2025-07-16T14:53:00+05:30,2649.6,2650.7,2647.2,2649.9,1933
2025-07-16T14:54:00+05:30,2649.2,2651.0,2647.3,2650.7,1750
2025-07-16T14:55:00+05:30,2648.5,2652.0,2648.5,2652.0,1830
2025-07-16T14:56:00+05:30,2651.5,2652.7,2649.7,2652.0,1941
2025-07-16T14:57:00+05:30,2651.0,2653.1,2650.3,2650.8,1850
2025-07-16T14:58:00+05:30,2650.9,2653.3,2649.7,2650.5,2342
2025-07-16T14:59:00+05:30,2650.1,2653.1,2650.1,2651.2,2077
2025-07-16T15:00:00+05:30,2652.4,2654.4,2649.2,2650.3,2297
2025-07-16T15:01:00+05:30,2651.2,2654.1,2650.1,2652.3,2403
2025-07-16T15:02:00+05:30,2652.3,2653.2,2649.0,2650.9,4727
2025-07-16T15:03:00+05:30,2649.7,2651.9,2648.8,2650.2,2076
2025-07-16T15:04:00+05:30,2651.0,2652.6,2648.6,2650.1,2569
2025-07-16T15:05:00+05:30,2650.9,2652.9,2649.2,2652.8,2179
2025-07-16T15:06:00+05:30,2651.1,2652.4,2648.9,2650.4,2316
2025-07-16T15:07:00+05:30,2650.7,2652.8,2649.2,2650.4,2630
2025-07-16T15:08:00+05:30,2651.0,2653.0,2649.6,2650.6,2328
2025-07-16T15:09:00+05:30,2650.7,2651.9,2647.6,2648.8,3182
2025-07-16T15:10:00+05:30,2648.8,2651.9,2647.4,2649.0,2632
2025-07-16T15:11:00+05:30,2649.2,2651.8,2647.1,2650.4,2693
2025-07-16T15:12:00+05:30,2648.0,2651.9,2647.0,2648.8,3015
2025-07-16T15:13:00+05:30,2648.8,2652.3,2646.7,2648.8,3038
2025-07-16T15:14:00+05:30,2648.1,2650.9,2645.3,2646.0,3967
2025-07-16T15:15:00+05:30,2647.7,2649.9,2645.8,2649.8,2968
2025-07-16T15:16:00+05:30,2649.0,2650.0,2646.8,2648.8,3522
2025-07-16T15:17:00+05:30,2648.8,2649.8,2646.3,2649.8,3032
2025-07-16T15:18:00+05:30,2648.4,2649.3,2644.8,2647.2,2942
2025-07-16T15:19:00+05:30,2648.0,2649.9,2646.4,2648.6,2787
2025-07-16T15:20:00+05:30,2649.2,2649.9,2646.5,2647.3,3255
2025-07-16T15:21:00+05:30,2647.3,2651.4,2647.3,2651.2,1948
2025-07-16T15:22:00+05:30,2650.1,2653.0,2648.1,2649.2,3115
2025-07-16T15:23:00+05:30,2650.8,2654.9,2649.6,2652.1,3043
2025-07-16T15:24:00+05:30,2653.7,2655.0,2651.5,2651.6,3375
2025-07-16T15:25:00+05:30,2651.6,2653.0,2648.0,2651.8,6899
2025-07-16T15:26:00+05:30,2653.0,2653.0,2651.0,2653.0,3088
2025-07-16T15:27:00+05:30,2651.9,2653.0,2651.2,2652.0,3909
2025-07-16T15:28:00+05:30,2652.1,2653.0,2645.5,2645.5,1927
2025-07-16T15:29:00+05:30,2649.9,2653.0,2645.5,2653.0,544
2025-07-15T09:15:00+05:30,2660.0,2677.1,2653.6,2667.9,2831
2025-07-15T09:16:00+05:30,2668.0,2670.5,2665.1,2667.5,484
2025-07-15T09:17:00+05:30,2669.7,2671.9,2668.0,2670.5,841
2025-07-15T09:18:00+05:30,2670.4,2673.4,2669.8,2670.5,932
2025-07-15T09:19:00+05:30,2670.8,2672.7,2670.0,2670.0,1201
2025-07-15T09:20:00+05:30,2670.0,2672.5,2670.0,2670.0,190
2025-07-15T09:21:00+05:30,2670.1,2675.5,2670.1,2675.5,463
2025-07-15T09:22:00+05:30,2674.4,2675.1,2671.2,2671.2,434
2025-07-15T09:23:00+05:30,2671.2,2671.9,2667.2,2667.4,1707
2025-07-15T09:24:00+05:30,2667.4,2668.6,2662.1,2664.3,314
2025-07-15T09:25:00+05:30,2664.4,2666.0,2663.6,2663.6,216
2025-07-15T09:26:00+05:30,2662.8,2665.1,2660.3,2665.1,782
2025-07-15T09:27:00+05:30,2663.9,2665.8,2661.7,2663.1,547
2025-07-15T09:28:00+05:30,2663.1,2665.5,2663.1,2663.4,559
2025-07-15T09:29:00+05:30,2663.4,2664.4,2660.6,2660.8,455
2025-07-15T09:30:00+05:30,2660.8,2664.7,2660.8,2663.3,57
2025-07-15T09:31:00+05:30,2661.9,2664.3,2661.9,2664.3,72
2025-07-15T09:32:00+05:30,2663.6,2665.0,2663.4,2663.6,235
2025-07-15T09:33:00+05:30,2663.6,2664.8,2655.9,2656.4,2165
2025-07-15T09:34:00+05:30,2656.7,2658.8,2654.2,2654.5,1455
2025-07-15T09:35:00+05:30,2654.5,2658.7,2654.1,2657.3,988
2025-07-15T09:36:00+05:30,2656.9,2657.0,2655.2,2657.0,121
2025-07-15T09:37:00+05:30,2656.2,2659.3,2656.2,2657.7,581
2025-07-15T09:38:00+05:30,2656.4,2658.2,2655.0,2656.4,723
2025-07-15T09:39:00+05:30,2656.4,2657.4,2655.4,2655.4,259
2025-07-15T09:40:00+05:30,2655.4,2656.2,2652.7,2653.2,894
2025-07-15T09:41:00+05:30,2653.5,2654.1,2652.2,2652.2,236
2025-07-15T09:42:00+05:30,2652.2,2656.7,2651.3,2654.9,2680
2025-07-15T09:43:00+05:30,2653.6,2654.1,2651.0,2651.7,716
2025-07-15T09:44:00+05:30,2652.9,2652.9,2651.0,2651.0,97
2025-07-15T09:45:00+05:30,2651.7,2652.5,2651.3,2652.4,102
2025-07-15T09:46:00+05:30,2651.1,2652.8,2651.1,2652.8,244
2025-07-15T09:47:00+05:30,2652.8,2652.9,2652.1,2652.9,434
2025-07-15T09:48:00+05:30,2652.2,2653.0,2650.6,2651.4,903
2025-07-15T09:49:00+05:30,2651.4,2653.0,2650.0,2651.9,204
2025-07-15T09:50:00+05:30,2651.9,2652.9,2651.1,2652.8,110
2025-07-15T09:51:00+05:30,2652.8,2652.9,2650.4,2652.9,297
2025-07-15T09:52:00+05:30,2653.0,2653.0,2651.3,2652.4,208
2025-07-15T09:53:00+05:30,2652.9,2654.0,2652.4,2653.0,440
2025-07-15T09:54:00+05:30,2653.0,2654.1,2651.0,2651.0,2752
2025-07-15T09:55:00+05:30,2651.5,2653.0,2650.3,2652.7,746
2025-07-15T09:56:00+05:30,2651.1,2651.5,2650.9,2650.9,52
2025-07-15T09:57:00+05:30,2650.9,2651.5,2650.6,2650.6,52
2025-07-15T09:58:00+05:30,2650.6,2652.7,2650.6,2652.4,124
2025-07-15T09:59:00+05:30,2651.6,2653.0,2651.6,2652.0,45
2025-07-15T10:00:00+05:30,2653.0,2654.1,2652.9,2653.0,167
2025-07-15T10:01:00+05:30,2653.0,2654.8,2653.0,2653.3,214
2025-07-15T10:02:00+05:30,2653.3,2657.4,2653.3,2655.0,499
2025-07-15T10:03:00+05:30,2654.8,2656.3,2653.1,2654.7,173
2025-07-15T10:04:00+05:30,2653.9,2655.4,2653.1,2653.9,124
2025-07-15T10:05:00+05:30,2653.1,2653.8,2653.1,2653.1,103
2025-07-15T10:06:00+05:30,2653.0,2653.7,2652.0,2652.7,86
2025-07-15T10:07:00+05:30,2652.7,2656.0,2652.7,2654.7,2126
2025-07-15T10:08:00+05:30,2654.7,2659.9,2654.0,2654.3,2548
2025-07-15T10:09:00+05:30,2654.5,2656.1,2654.0,2654.9,861
2025-07-15T10:10:00+05:30,2654.0,2656.4,2654.0,2655.1,569
2025-07-15T10:11:00+05:30,2654.7,2656.8,2654.4,2656.6,481
2025-07-15T10:12:00+05:30,2655.3,2656.8,2655.3,2656.8,167
2025-07-15T10:13:00+05:30,2655.7,2656.8,2655.4,2656.7,392
2025-07-15T10:14:00+05:30,2656.0,2659.0,2656.0,2658.8,603
2025-07-15T10:15:00+05:30,2657.6,2659.5,2657.1,2659.4,271
2025-07-15T10:16:00+05:30,2658.1,2659.7,2657.9,2658.8,95
2025-07-15T10:17:00+05:30,2658.0,2659.7,2656.7,2658.4,506
2025-07-15T10:18:00+05:30,2657.0,2657.0,2653.0,2654.5,1809
2025-07-15T10:19:00+05:30,2654.0,2655.1,2654.0,2654.0,98
2025-07-15T10:20:00+05:30,2654.0,2656.2,2654.0,2655.7,107
2025-07-15T10:21:00+05:30,2655.7,2657.2,2655.7,2656.8,347
2025-07-15T10:22:00+05:30,2656.0,2656.7,2655.3,2655.3,142
2025-07-15T10:23:00+05:30,2655.3,2657.3,2655.0,2656.9,66
2025-07-15T10:24:00+05:30,2655.7,2657.8,2655.3,2656.8,189
2025-07-15T10:25:00+05:30,2656.1,2657.1,2654.6,2655.8,90
2025-07-15T10:26:00+05:30,2655.6,2658.2,2654.3,2658.2,45
2025-07-15T10:27:00+05:30,2656.3,2657.6,2655.5,2657.3,275
2025-07-15T10:28:00+05:30,2656.5,2658.2,2655.7,2657.7,482
2025-07-15T10:29:00+05:30,2657.0,2657.7,2657.0,2657.5,50
2025-07-15T10:30:00+05:30,2657.0,2658.0,2657.0,2657.9,69
2025-07-15T10:31:00+05:30,2657.7,2658.2,2657.7,2658.2,109
2025-07-15T10:32:00+05:30,2658.0,2660.2,2658.0,2660.2,477
2025-07-15T10:33:00+05:30,2658.9,2660.0,2658.5,2659.3,83
2025-07-15T10:34:00+05:30,2658.8,2660.8,2658.4,2660.8,66
2025-07-15T10:35:00+05:30,2660.8,2663.2,2660.8,2662.1,543
2025-07-15T10:36:00+05:30,2660.9,2662.6,2660.4,2662.3,490
2025-07-15T10:37:00+05:30,2661.1,2662.5,2660.1,2660.8,161
2025-07-15T10:38:00+05:30,2660.8,2662.6,2660.4,2661.8,144
2025-07-15T10:39:00+05:30,2660.9,2661.8,2660.2,2660.6,42
2025-07-15T10:40:00+05:30,2660.5,2664.0,2660.5,2662.9,685
2025-07-15T10:41:00+05:30,2661.8,2662.1,2659.0,2661.2,692
2025-07-15T10:42:00+05:30,2659.9,2661.8,2659.9,2660.8,183
2025-07-15T10:43:00+05:30,2660.1,2661.9,2660.1,2661.7,72
2025-07-15T10:44:00+05:30,2661.4,2662.0,2660.5,2661.9,47
2025-07-15T10:45:00+05:30,2660.7,2664.8,2660.2,2662.8,674
2025-07-15T10:46:00+05:30,2662.8,2664.6,2662.3,2664.2,495
2025-07-15T10:47:00+05:30,2663.0,2664.3,2662.6,2664.3,141
2025-07-15T10:48:00+05:30,2663.9,2664.3,2662.9,2663.0,272
2025-07-15T10:49:00+05:30,2663.1,2664.1,2662.1,2664.1,341
2025-07-15T10:50:00+05:30,2662.8,2665.7,2662.8,2664.3,786
2025-07-15T10:51:00+05:30,2664.3,2666.8,2664.0,2665.2,560
2025-07-15T10:52:00+05:30,2665.2,2665.2,2664.1,2665.0,94
2025-07-15T10:53:00+05:30,2664.3,2666.0,2664.0,2665.0,787
2025-07-15T10:54:00+05:30,2664.4,2665.9,2663.6,2665.0,484
2025-07-15T10:55:00+05:30,2664.4,2665.9,2664.0,2664.5,302
2025-07-15T10:56:00+05:30,2664.4,2665.3,2663.9,2664.0,68
2025-07-15T10:57:00+05:30,2664.0,2665.0,2663.4,2664.7,144
2025-07-15T10:58:00+05:30,2664.8,2667.9,2664.0,2666.8,1340
2025-07-15T10:59:00+05:30,2666.7,2668.0,2666.3,2667.4,426
2025-07-15T11:00:00+05:30,2666.4,2668.0,2665.8,2668.0,411
2025-07-15T11:01:00+05:30,2667.1,2671.3,2667.0,2668.7,1090
2025-07-15T11:02:00+05:30,2668.9,2670.8,2668.9,2669.5,50
2025-07-15T11:03:00+05:30,2669.4,2670.7,2655.2,2655.2,11930
2025-07-15T11:04:00+05:30,2655.2,2657.4,2653.5,2656.1,1307
2025-07-15T11:05:00+05:30,2654.9,2657.8,2654.9,2657.8,156
2025-07-15T11:06:00+05:30,2657.2,2657.9,2656.2,2657.3,395
2025-07-15T11:07:00+05:30,2656.1,2657.5,2656.1,2656.4,343
2025-07-15T11:08:00+05:30,2656.9,2657.5,2656.3,2657.1,129
2025-07-15T11:09:00+05:30,2656.3,2657.4,2654.1,2655.5,1495
2025-07-15T11:10:00+05:30,2654.2,2656.6,2654.0,2656.0,313
2025-07-15T11:11:00+05:30,2655.4,2657.4,2654.4,2657.4,291
2025-07-15T11:12:00+05:30,2657.4,2657.6,2654.1,2655.0,359
2025-07-15T11:13:00+05:30,2655.0,2656.2,2654.5,2655.9,191
2025-07-15T11:14:00+05:30,2655.9,2656.3,2655.0,2655.9,824
2025-07-15T11:15:00+05:30,2655.0,2655.9,2653.6,2654.3,1793
2025-07-15T11:16:00+05:30,2653.6,2654.8,2652.8,2653.4,664
2025-07-15T11:17:00+05:30,2653.4,2656.1,2653.0,2655.0,431
2025-07-15T11:18:00+05:30,2655.0,2656.1,2655.0,2656.0,92
2025-07-15T11:19:00+05:30,2655.0,2656.4,2653.6,2654.8,432
2025-07-15T11:20:00+05:30,2654.6,2654.6,2653.6,2653.6,59
2025-07-15T11:21:00+05:30,2653.6,2658.4,2653.6,2656.3,1114
2025-07-15T11:22:00+05:30,2656.3,2657.0,2656.0,2656.6,68
2025-07-15T11:23:00+05:30,2656.4,2656.9,2656.4,2656.5,33
2025-07-15T11:24:00+05:30,2656.5,2656.9,2655.3,2656.0,111
2025-07-15T11:25:00+05:30,2656.0,2656.0,2655.0,2656.0,101
2025-07-15T11:26:00+05:30,2655.1,2656.0,2655.0,2656.0,185
2025-07-15T11:27:00+05:30,2655.0,2656.0,2655.0,2656.0,178
2025-07-15T11:28:00+05:30,2655.1,2656.9,2655.0,2656.1,560
2025-07-15T11:29:00+05:30,2656.9,2657.8,2655.4,2657.1,363
2025-07-15T11:30:00+05:30,2657.1,2658.0,2656.3,2658.0,46
2025-07-15T11:31:00+05:30,2656.9,2658.0,2656.3,2656.3,213
2025-07-15T11:32:00+05:30,2656.3,2658.0,2656.3,2658.0,14
2025-07-15T11:33:00+05:30,2657.5,2658.0,2656.8,2658.0,167
2025-07-15T11:34:00+05:30,2658.0,2658.5,2656.1,2657.8,283
2025-07-15T11:35:00+05:30,2657.8,2657.8,2656.4,2656.4,102
2025-07-15T11:36:00+05:30,2657.7,2658.0,2656.2,2656.2,152
2025-07-15T11:37:00+05:30,2656.2,2657.1,2653.6,2655.1,894
2025-07-15T11:38:00+05:30,2655.0,2656.4,2653.4,2655.6,720
2025-07-15T11:39:00+05:30,2655.0,2656.4,2655.0,2656.0,75
2025-07-15T11:40:00+05:30,2656.0,2656.5,2655.0,2655.1,484
2025-07-15T11:41:00+05:30,2655.0,2657.0,2655.0,2656.0,60
2025-07-15T11:42:00+05:30,2656.9,2656.9,2655.5,2655.5,37
2025-07-15T11:43:00+05:30,2656.5,2657.1,2655.5,2656.4,43
2025-07-15T11:44:00+05:30,2656.4,2656.4,2655.5,2656.2,36
2025-07-15T11:45:00+05:30,2656.2,2656.6,2655.5,2656.5,60
2025-07-15T11:46:00+05:30,2655.5,2658.0,2655.0,2655.0,936
2025-07-15T11:47:00+05:30,2655.1,2655.4,2655.0,2655.0,69
2025-07-15T11:48:00+05:30,2655.3,2655.8,2655.0,2655.0,75
2025-07-15T11:49:00+05:30,2655.7,2655.7,2655.0,2655.0,127
2025-07-15T11:50:00+05:30,2655.0,2655.6,2655.0,2655.0,925
2025-07-15T11:51:00+05:30,2655.0,2657.5,2654.0,2655.8,1038
2025-07-15T11:52:00+05:30,2655.4,2655.9,2655.0,2655.9,61
2025-07-15T11:53:00+05:30,2655.9,2655.9,2655.0,2655.7,62
2025-07-15T11:54:00+05:30,2655.3,2655.7,2655.0,2655.0,124
2025-07-15T11:55:00+05:30,2655.0,2656.6,2655.0,2655.0,349
2025-07-15T11:56:00+05:30,2655.4,2656.0,2655.0,2655.9,206
2025-07-15T11:57:00+05:30,2655.5,2657.0,2655.0,2656.7,121
2025-07-15T11:58:00+05:30,2656.9,2657.2,2655.0,2656.9,165
2025-07-15T11:59:00+05:30,2655.5,2656.4,2655.0,2655.0,230
2025-07-15T12:00:00+05:30,2655.0,2655.9,2655.0,2655.0,39
2025-07-15T12:01:00+05:30,2655.4,2657.2,2655.0,2655.0,347
2025-07-15T12:02:00+05:30,2655.0,2657.0,2655.0,2655.0,283
2025-07-15T12:03:00+05:30,2655.9,2656.8,2655.0,2655.1,214
2025-07-15T12:04:00+05:30,2655.1,2656.3,2655.0,2655.8,247
2025-07-15T12:05:00+05:30,2655.0,2657.8,2655.0,2656.5,539
2025-07-15T12:06:00+05:30,2656.5,2657.0,2655.1,2656.2,571
2025-07-15T12:07:00+05:30,2655.2,2656.2,2655.0,2656.2,48
2025-07-15T12:08:00+05:30,2655.7,2656.9,2655.0,2655.0,186
2025-07-15T12:09:00+05:30,2656.0,2656.6,2655.0,2655.3,192
2025-07-15T12:10:00+05:30,2656.4,2657.0,2655.2,2656.4,68
2025-07-15T12:11:00+05:30,2656.3,2657.0,2656.3,2656.5,280
2025-07-15T12:12:00+05:30,2656.3,2657.1,2656.0,2656.0,635
2025-07-15T12:13:00+05:30,2656.0,2656.9,2655.7,2656.9,71
2025-07-15T12:14:00+05:30,2655.9,2656.9,2655.4,2655.4,72
2025-07-15T12:15:00+05:30,2655.6,2657.0,2655.2,2657.0,175
2025-07-15T12:16:00+05:30,2656.4,2657.2,2655.6,2657.1,79
2025-07-15T12:17:00+05:30,2656.2,2657.2,2655.7,2656.7,31
2025-07-15T12:18:00+05:30,2656.9,2657.2,2655.9,2657.0,62
2025-07-15T12:19:00+05:30,2656.1,2657.2,2656.1,2657.0,36
2025-07-15T12:20:00+05:30,2657.0,2657.0,2653.0,2653.0,1094
2025-07-15T12:21:00+05:30,2652.5,2655.0,2652.0,2652.0,37593
2025-07-15T12:22:00+05:30,2651.8,2653.9,2650.5,2651.7,434
2025-07-15T12:23:00+05:30,2653.0,2653.8,2652.6,2653.8,130
2025-07-15T12:24:00+05:30,2653.8,2653.8,2652.0,2652.8,69
2025-07-15T12:25:00+05:30,2652.0,2653.0,2651.8,2652.5,423
2025-07-15T12:26:00+05:30,2652.7,2654.0,2652.1,2652.2,124
2025-07-15T12:27:00+05:30,2653.5,2653.7,2652.2,2652.9,14
2025-07-15T12:28:00+05:30,2652.3,2654.3,2652.2,2654.3,61
2025-07-15T12:29:00+05:30,2653.0,2655.6,2652.9,2653.4,278
2025-07-15T12:30:00+05:30,2653.4,2655.7,2653.2,2654.6,93
2025-07-15T12:31:00+05:30,2655.4,2657.0,2655.0,2655.0,251
2025-07-15T12:32:00+05:30,2656.0,2656.0,2654.1,2655.0,151
2025-07-15T12:33:00+05:30,2655.0,2655.0,2653.2,2653.8,159
2025-07-15T12:34:00+05:30,2654.6,2654.7,2653.4,2654.6,171
2025-07-15T12:35:00+05:30,2654.5,2654.7,2653.6,2654.5,38
2025-07-15T12:36:00+05:30,2654.2,2654.7,2653.1,2654.6,156
2025-07-15T12:37:00+05:30,2654.0,2654.9,2653.2,2654.0,198
2025-07-15T12:38:00+05:30,2654.3,2655.0,2653.9,2655.0,41
2025-07-15T12:39:00+05:30,2655.0,2655.0,2653.9,2654.0,39
2025-07-15T12:40:00+05:30,2654.4,2654.4,2652.5,2652.9,133
2025-07-15T12:41:00+05:30,2652.9,2653.0,2652.3,2653.0,229
2025-07-15T12:42:00+05:30,2653.0,2653.4,2652.0,2652.1,280
2025-07-15T12:43:00+05:30,2652.1,2653.3,2651.7,2653.3,118
2025-07-15T12:44:00+05:30,2653.4,2653.9,2652.6,2653.9,59
2025-07-15T12:45:00+05:30,2653.4,2654.5,2652.9,2653.0,82
2025-07-15T12:46:00+05:30,2654.0,2654.9,2653.0,2654.3,265
2025-07-15T12:47:00+05:30,2654.2,2655.8,2653.1,2653.8,564
2025-07-15T12:48:00+05:30,2654.6,2656.0,2654.1,2655.2,64
2025-07-15T12:49:00+05:30,2654.0,2655.5,2654.0,2654.0,48
2025-07-15T12:50:00+05:30,2654.0,2655.0,2654.0,2654.1,44
2025-07-15T12:51:00+05:30,2655.0,2655.2,2654.0,2654.1,125
2025-07-15T12:52:00+05:30,2654.7,2654.9,2654.1,2654.1,34
2025-07-15T12:53:00+05:30,2654.5,2654.9,2651.6,2653.3,362
2025-07-15T12:54:00+05:30,2653.7,2653.8,2651.6,2653.0,193
2025-07-15T12:55:00+05:30,2652.3,2654.0,2652.3,2653.0,124
2025-07-15T12:56:00+05:30,2653.0,2653.9,2652.2,2652.5,53
2025-07-15T12:57:00+05:30,2652.5,2652.5,2652.5,2652.5,28
2025-07-15T12:58:00+05:30,2652.5,2653.0,2651.6,2653.0,131
2025-07-15T12:59:00+05:30,2653.0,2653.3,2652.0,2653.0,38
2025-07-15T13:00:00+05:30,2653.5,2653.5,2652.2,2653.5,59
2025-07-15T13:01:00+05:30,2652.5,2653.7,2651.6,2653.0,549
2025-07-15T13:02:00+05:30,2652.0,2654.0,2652.0,2654.0,80
2025-07-15T13:03:00+05:30,2654.0,2654.0,2652.8,2654.0,23
2025-07-15T13:04:00+05:30,2654.0,2654.0,2652.1,2653.0,478
2025-07-15T13:05:00+05:30,2652.3,2652.9,2652.0,2652.0,86
2025-07-15T13:06:00+05:30,2652.0,2652.3,2651.0,2652.2,1137
2025-07-15T13:07:00+05:30,2652.2,2652.2,2651.0,2651.6,41
2025-07-15T13:08:00+05:30,2651.6,2652.6,2651.6,2652.3,88
2025-07-15T13:09:00+05:30,2652.4,2652.7,2650.1,2651.6,387
2025-07-15T13:10:00+05:30,2651.7,2651.9,2650.1,2651.4,292
2025-07-15T13:11:00+05:30,2651.4,2652.2,2650.0,2650.2,611
2025-07-15T13:12:00+05:30,2651.0,2651.9,2650.3,2651.5,50
2025-07-15T13:13:00+05:30,2651.5,2651.7,2650.1,2651.6,95
2025-07-15T13:14:00+05:30,2650.1,2651.6,2650.0,2650.3,366
2025-07-15T13:15:00+05:30,2650.8,2650.8,2650.0,2650.8,58
2025-07-15T13:16:00+05:30,2650.8,2650.8,2650.0,2650.7,150
2025-07-15T13:17:00+05:30,2650.7,2650.8,2648.0,2649.0,1209
2025-07-15T13:18:00+05:30,2648.9,2649.4,2646.8,2648.0,1339
2025-07-15T13:19:00+05:30,2648.0,2648.5,2647.1,2648.2,56
2025-07-15T13:20:00+05:30,2647.2,2648.3,2647.0,2647.8,274
2025-07-15T13:21:00+05:30,2647.8,2647.8,2645.8,2647.3,413
2025-07-15T13:22:00+05:30,2647.3,2647.4,2646.1,2647.3,48
2025-07-15T13:23:00+05:30,2647.3,2647.3,2645.0,2645.9,1124
2025-07-15T13:24:00+05:30,2646.0,2647.1,2644.6,2647.1,853
2025-07-15T13:25:00+05:30,2645.8,2647.5,2645.7,2647.1,137
2025-07-15T13:26:00+05:30,2645.9,2648.5,2645.9,2648.2,58
2025-07-15T13:27:00+05:30,2648.6,2649.4,2647.4,2647.4,565
2025-07-15T13:28:00+05:30,2647.4,2647.4,2646.4,2647.3,69
2025-07-15T13:29:00+05:30,2646.9,2648.4,2646.0,2648.3,143
2025-07-15T13:30:00+05:30,2648.3,2648.8,2647.5,2648.7,113
2025-07-15T13:31:00+05:30,2648.6,2648.6,2647.1,2648.3,45
2025-07-15T13:32:00+05:30,2648.2,2648.5,2648.2,2648.3,18
2025-07-15T13:33:00+05:30,2648.1,2648.9,2646.5,2646.5,73
2025-07-15T13:34:00+05:30,2648.2,2648.2,2645.5,2647.1,761
2025-07-15T13:35:00+05:30,2647.2,2647.4,2645.1,2646.6,291
2025-07-15T13:36:00+05:30,2646.6,2646.9,2646.5,2646.9,21
2025-07-15T13:37:00+05:30,2646.9,2647.0,2645.8,2647.0,110
2025-07-15T13:38:00+05:30,2647.0,2647.0,2646.4,2647.0,53
2025-07-15T13:39:00+05:30,2647.0,2647.2,2646.7,2647.0,16
2025-07-15T13:40:00+05:30,2647.0,2647.8,2646.1,2647.5,257
2025-07-15T13:41:00+05:30,2647.4,2648.0,2647.4,2647.7,15
2025-07-15T13:42:00+05:30,2647.6,2648.0,2647.1,2648.0,35
2025-07-15T13:43:00+05:30,2648.0,2648.8,2646.3,2647.7,591
2025-07-15T13:44:00+05:30,2647.2,2648.7,2646.2,2648.3,81
2025-07-15T13:45:00+05:30,2647.7,2648.0,2646.7,2647.7,142
2025-07-15T13:46:00+05:30,2646.4,2647.7,2646.2,2646.4,51
2025-07-15T13:47:00+05:30,2647.5,2649.5,2646.5,2649.3,104
2025-07-15T13:48:00+05:30,2649.9,2654.5,2648.1,2654.5,1327
2025-07-15T13:49:00+05:30,2654.5,2654.6,2653.1,2653.1,70
2025-07-15T13:50:00+05:30,2654.1,2654.1,2652.2,2652.2,1465
2025-07-15T13:51:00+05:30,2652.1,2653.0,2652.0,2653.0,26
2025-07-15T13:52:00+05:30,2652.5,2653.0,2652.2,2652.2,102
2025-07-15T13:53:00+05:30,2652.3,2654.0,2647.1,2648.4,2929
2025-07-15T13:54:00+05:30,2648.0,2649.3,2647.7,2647.7,35
2025-07-15T13:55:00+05:30,2648.2,2649.4,2648.2,2649.4,44
2025-07-15T13:56:00+05:30,2648.0,2649.2,2648.0,2649.0,21
2025-07-15T13:57:00+05:30,2648.2,2649.1,2647.4,2647.4,109
2025-07-15T13:58:00+05:30,2648.2,2649.0,2646.4,2647.9,450
2025-07-15T13:59:00+05:30,2646.5,2648.3,2646.4,2647.7,195
2025-07-15T14:00:00+05:30,2647.3,2647.7,2646.2,2646.2,20
2025-07-15T14:01:00+05:30,2646.2,2647.2,2645.9,2646.1,57
2025-07-15T14:02:00+05:30,2647.0,2647.0,2645.7,2646.2,68
2025-07-15T14:03:00+05:30,2646.3,2646.3,2645.6,2646.3,14
2025-07-15T14:04:00+05:30,2646.3,2646.6,2645.0,2646.1,383
2025-07-15T14:05:00+05:30,2645.2,2646.4,2644.3,2646.0,662
2025-07-15T14:06:00+05:30,2646.1,2646.1,2644.8,2646.1,63
2025-07-15T14:07:00+05:30,2646.1,2646.1,2643.4,2643.4,160
2025-07-15T14:08:00+05:30,2644.5,2644.6,2643.2,2644.4,39
2025-07-15T14:09:00+05:30,2644.5,2644.5,2643.3,2644.5,15
2025-07-15T14:10:00+05:30,2644.0,2644.5,2644.0,2644.5,34
2025-07-15T14:11:00+05:30,2645.1,2645.1,2644.1,2645.1,22
2025-07-15T14:12:00+05:30,2645.0,2645.1,2645.0,2645.0,69
2025-07-15T14:13:00+05:30,2645.1,2645.1,2645.0,2645.1,23
2025-07-15T14:14:00+05:30,2645.0,2646.7,2645.0,2646.7,335
2025-07-15T14:15:00+05:30,2646.7,2646.8,2645.1,2646.1,121
2025-07-15T14:16:00+05:30,2646.2,2647.0,2644.2,2644.2,1601
2025-07-15T14:17:00+05:30,2644.2,2645.3,2644.2,2645.3,48
2025-07-15T14:18:00+05:30,2645.0,2645.0,2644.0,2644.9,1460
2025-07-15T14:19:00+05:30,2645.0,2645.0,2644.0,2644.9,26
2025-07-15T14:20:00+05:30,2645.0,2645.0,2644.0,2644.0,136
2025-07-15T14:21:00+05:30,2643.3,2644.0,2643.1,2644.0,61
2025-07-15T14:22:00+05:30,2644.0,2644.7,2643.2,2644.2,314
2025-07-15T14:23:00+05:30,2644.2,2644.4,2643.2,2644.2,19
2025-07-15T14:24:00+05:30,2644.1,2644.2,2643.2,2644.0,54
2025-07-15T14:25:00+05:30,2644.0,2644.0,2642.7,2644.0,181
2025-07-15T14:26:00+05:30,2644.0,2644.0,2642.4,2643.7,35
2025-07-15T14:27:00+05:30,2643.7,2644.1,2642.8,2644.1,63
2025-07-15T14:28:00+05:30,2644.2,2644.2,2643.5,2644.2,34
2025-07-15T14:29:00+05:30,2644.0,2645.0,2643.0,2645.0,213
2025-07-15T14:30:00+05:30,2645.0,2645.8,2645.0,2645.8,573
2025-07-15T14:31:00+05:30,2645.8,2647.2,2644.2,2645.0,7323
2025-07-15T14:32:00+05:30,2646.2,2650.0,2644.7,2647.9,17470
2025-07-15T14:33:00+05:30,2646.5,2646.5,2643.6,2645.4,1493
2025-07-15T14:34:00+05:30,2645.3,2645.4,2644.2,2644.6,175
2025-07-15T14:35:00+05:30,2644.6,2645.7,2643.6,2644.9,172
2025-07-15T14:36:00+05:30,2644.6,2645.0,2643.7,2645.0,497
2025-07-15T14:37:00+05:30,2645.0,2645.0,2643.7,2644.3,594
2025-07-15T14:38:00+05:30,2644.0,2644.4,2643.0,2644.0,186
2025-07-15T14:39:00+05:30,2643.9,2644.6,2643.3,2644.6,296
2025-07-15T14:40:00+05:30,2643.4,2644.9,2643.4,2643.4,565
2025-07-15T14:41:00+05:30,2644.2,2645.0,2643.5,2644.8,251
2025-07-15T14:42:00+05:30,2644.8,2644.8,2643.9,2644.8,66
2025-07-15T14:43:00+05:30,2644.8,2644.8,2644.3,2644.8,15
2025-07-15T14:44:00+05:30,2644.0,2645.0,2644.0,2644.5,25
2025-07-15T14:45:00+05:30,2645.0,2645.0,2642.4,2643.9,407
2025-07-15T14:46:00+05:30,2644.0,2644.0,2642.4,2642.4,179
2025-07-15T14:47:00+05:30,2643.5,2643.5,2642.3,2643.0,34
2025-07-15T14:48:00+05:30,2643.6,2643.7,2640.5,2641.5,1591
2025-07-15T14:49:00+05:30,2641.7,2641.9,2640.3,2641.7,160
2025-07-15T14:50:00+05:30,2641.7,2643.5,2641.6,2642.0,1815
2025-07-15T14:51:00+05:30,2642.0,2642.5,2641.6,2641.9,340
2025-07-15T14:52:00+05:30,2641.9,2641.9,2641.0,2641.2,164
2025-07-15T14:53:00+05:30,2641.2,2642.0,2640.4,2640.4,199
2025-07-15T14:54:00+05:30,2640.7,2641.1,2640.0,2640.3,416
2025-07-15T14:55:00+05:30,2640.1,2641.2,2638.6,2640.6,2198
2025-07-15T14:56:00+05:30,2640.1,2640.6,2639.1,2640.4,90
2025-07-15T14:57:00+05:30,2640.0,2640.7,2638.9,2640.7,1030
2025-07-15T14:58:00+05:30,2640.5,2641.5,2640.5,2640.5,316
2025-07-15T14:59:00+05:30,2640.6,2641.7,2640.5,2641.7,43
2025-07-15T15:00:00+05:30,2641.7,2656.0,2641.4,2654.9,8283
2025-07-15T15:01:00+05:30,2655.7,2657.8,2653.1,2657.8,2192
2025-07-15T15:02:00+05:30,2657.0,2658.0,2654.8,2656.3,2854
2025-07-15T15:03:00+05:30,2656.4,2658.0,2655.3,2656.7,2533
2025-07-15T15:04:00+05:30,2656.2,2658.9,2655.1,2656.8,6429
2025-07-15T15:05:00+05:30,2657.4,2661.0,2657.2,2660.3,2358
2025-07-15T15:06:00+05:30,2660.7,2662.8,2656.1,2657.1,3833
2025-07-15T15:07:00+05:30,2658.3,2659.0,2656.8,2657.6,1899
2025-07-15T15:08:00+05:30,2658.2,2658.7,2657.7,2658.6,2213
2025-07-15T15:09:00+05:30,2658.6,2659.5,2657.1,2658.8,2810
2025-07-15T15:10:00+05:30,2658.9,2658.9,2656.2,2658.4,2439
2025-07-15T15:11:00+05:30,2658.5,2658.6,2656.5,2657.6,1889
2025-07-15T15:12:00+05:30,2657.7,2659.0,2657.3,2658.9,2192
2025-07-15T15:13:00+05:30,2658.8,2660.5,2655.8,2656.9,3554
2025-07-15T15:14:00+05:30,2656.9,2659.0,2655.5,2657.8,2532
2025-07-15T15:15:00+05:30,2657.8,2659.6,2657.5,2658.9,2667
2025-07-15T15:16:00+05:30,2658.3,2659.0,2656.9,2657.0,2057
2025-07-15T15:17:00+05:30,2658.0,2658.8,2657.0,2657.0,2091
2025-07-15T15:18:00+05:30,2657.0,2659.0,2654.7,2656.6,6710
2025-07-15T15:19:00+05:30,2657.1,2657.7,2653.9,2654.9,6227
2025-07-15T15:20:00+05:30,2655.0,2656.0,2651.4,2654.5,7286
2025-07-15T15:21:00+05:30,2654.5,2656.3,2652.9,2655.0,3876
2025-07-15T15:22:00+05:30,2654.9,2655.0,2652.0,2654.3,3967
2025-07-15T15:23:00+05:30,2654.5,2656.7,2653.0,2655.0,5884
2025-07-15T15:24:00+05:30,2655.0,2655.8,2654.0,2655.0,3248
2025-07-15T15:25:00+05:30,2655.0,2656.2,2654.0,2656.2,2102
2025-07-15T15:26:00+05:30,2656.2,2656.2,2654.0,2655.0,2441
2025-07-15T15:27:00+05:30,2655.0,2655.0,2654.0,2654.8,1326
2025-07-15T15:28:00+05:30,2655.0,2655.0,2647.8,2648.0,3688
2025-07-15T15:29:00+05:30,2647.9,2648.0,2642.1,2645.0,5330
2025-07-14T09:15:00+05:30,2660.0,2663.8,2629.2,2638.6,6197
2025-07-14T09:16:00+05:30,2639.2,2642.5,2621.5,2624.3,5270
2025-07-14T09:17:00+05:30,2622.5,2632.8,2622.2,2631.1,2757
2025-07-14T09:18:00+05:30,2631.4,2632.1,2628.2,2628.2,728
2025-07-14T09:19:00+05:30,2629.3,2629.3,2627.0,2627.3,345
2025-07-14T09:20:00+05:30,2628.3,2635.2,2628.3,2633.6,954
2025-07-14T09:21:00+05:30,2633.6,2633.6,2624.7,2625.9,1009
2025-07-14T09:22:00+05:30,2625.9,2626.3,2623.6,2624.7,185
2025-07-14T09:23:00+05:30,2623.5,2624.7,2621.5,2621.9,158
2025-07-14T09:24:00+05:30,2621.8,2622.8,2618.1,2619.6,1017
2025-07-14T09:25:00+05:30,2620.0,2622.0,2618.0,2619.9,710
2025-07-14T09:26:00+05:30,2618.0,2619.8,2614.2,2616.9,1882
2025-07-14T09:27:00+05:30,2616.8,2625.3,2616.8,2624.7,872
2025-07-14T09:28:00+05:30,2624.7,2630.0,2624.7,2629.1,1180
2025-07-14T09:29:00+05:30,2628.7,2629.6,2626.9,2627.6,424
2025-07-14T09:30:00+05:30,2627.6,2631.2,2627.1,2629.7,708
2025-07-14T09:31:00+05:30,2629.7,2632.1,2629.7,2631.8,230
2025-07-14T09:32:00+05:30,2631.5,2631.5,2630.6,2631.0,95
2025-07-14T09:33:00+05:30,2631.1,2631.2,2628.6,2629.9,175
2025-07-14T09:34:00+05:30,2629.3,2634.6,2628.6,2634.6,819
2025-07-14T09:35:00+05:30,2634.2,2638.5,2634.2,2636.3,1997
2025-07-14T09:36:00+05:30,2635.9,2637.6,2634.6,2635.2,239
2025-07-14T09:37:00+05:30,2635.7,2635.9,2634.0,2635.5,209
2025-07-14T09:38:00+05:30,2634.9,2638.0,2634.9,2637.6,207
2025-07-14T09:39:00+05:30,2636.9,2639.0,2636.9,2638.3,848
2025-07-14T09:40:00+05:30,2638.6,2639.6,2637.5,2638.3,538
2025-07-14T09:41:00+05:30,2638.5,2638.6,2637.8,2638.2,374
2025-07-14T09:42:00+05:30,2637.8,2638.8,2637.7,2638.3,389
2025-07-14T09:43:00+05:30,2638.9,2640.6,2638.0,2639.4,492
2025-07-14T09:44:00+05:30,2639.4,2640.0,2637.5,2639.4,366
2025-07-14T09:45:00+05:30,2639.5,2640.0,2639.3,2640.0,94
2025-07-14T09:46:00+05:30,2639.6,2641.3,2638.4,2640.9,1247
2025-07-14T09:47:00+05:30,2639.9,2641.2,2638.5,2639.9,363
2025-07-14T09:48:00+05:30,2639.3,2639.3,2637.0,2638.0,169
2025-07-14T09:49:00+05:30,2637.8,2640.0,2637.7,2638.6,58
2025-07-14T09:50:00+05:30,2638.6,2640.1,2636.4,2640.1,296
2025-07-14T09:51:00+05:30,2639.3,2640.1,2639.1,2639.1,21
2025-07-14T09:52:00+05:30,2639.1,2639.1,2637.0,2637.3,249
2025-07-14T09:53:00+05:30,2637.3,2638.1,2636.9,2637.5,66
2025-07-14T09:54:00+05:30,2636.9,2637.5,2636.0,2637.1,111
2025-07-14T09:55:00+05:30,2637.1,2638.0,2637.0,2637.0,123
2025-07-14T09:56:00+05:30,2637.0,2638.0,2636.7,2636.9,263
2025-07-14T09:57:00+05:30,2637.0,2638.2,2637.0,2638.2,199
2025-07-14T09:58:00+05:30,2638.9,2643.5,2638.3,2640.8,1279
2025-07-14T09:59:00+05:30,2641.7,2645.9,2640.8,2645.7,1903
2025-07-14T10:00:00+05:30,2645.7,2646.7,2644.6,2646.7,529
2025-07-14T10:01:00+05:30,2646.2,2647.0,2645.0,2645.3,509
2025-07-14T10:02:00+05:30,2645.3,2645.4,2644.3,2645.3,187
2025-07-14T10:03:00+05:30,2645.0,2649.4,2643.8,2645.0,1782
2025-07-14T10:04:00+05:30,2646.5,2650.7,2645.8,2648.5,1204
2025-07-14T10:05:00+05:30,2648.7,2649.9,2648.4,2648.5,375
2025-07-14T10:06:00+05:30,2649.0,2651.7,2649.0,2651.7,871
2025-07-14T10:07:00+05:30,2651.5,2652.1,2650.4,2651.8,508
2025-07-14T10:08:00+05:30,2651.8,2652.0,2650.9,2650.9,145
2025-07-14T10:09:00+05:30,2651.3,2655.0,2651.1,2653.6,1910
2025-07-14T10:10:00+05:30,2653.6,2654.3,2653.5,2653.5,353
2025-07-14T10:11:00+05:30,2654.1,2657.0,2653.6,2656.7,2099
2025-07-14T10:12:00+05:30,2656.7,2660.4,2656.7,2658.7,2114
2025-07-14T10:13:00+05:30,2658.7,2658.7,2656.5,2657.9,1990
2025-07-14T10:14:00+05:30,2657.1,2662.9,2656.8,2661.8,1958
2025-07-14T10:15:00+05:30,2661.8,2666.3,2661.7,2665.6,2546
2025-07-14T10:16:00+05:30,2666.4,2668.8,2665.4,2668.7,3356
2025-07-14T10:17:00+05:30,2667.9,2669.9,2667.7,2668.1,1480
2025-07-14T10:18:00+05:30,2668.9,2670.0,2668.0,2669.0,1052
2025-07-14T10:19:00+05:30,2669.9,2673.8,2669.0,2673.8,1550
2025-07-14T10:20:00+05:30,2673.5,2676.0,2673.5,2673.9,2626
2025-07-14T10:21:00+05:30,2674.5,2678.0,2672.8,2676.9,6773
2025-07-14T10:22:00+05:30,2676.8,2676.8,2672.3,2674.9,2177
2025-07-14T10:23:00+05:30,2675.8,2676.4,2673.7,2675.0,495
2025-07-14T10:24:00+05:30,2675.0,2677.5,2674.5,2677.5,1255
2025-07-14T10:25:00+05:30,2677.1,2679.0,2676.0,2677.4,2150
2025-07-14T10:26:00+05:30,2676.5,2679.7,2676.5,2679.5,973
2025-07-14T10:27:00+05:30,2679.3,2679.5,2676.0,2676.0,1560
2025-07-14T10:28:00+05:30,2675.3,2675.3,2671.1,2672.0,1467
2025-07-14T10:29:00+05:30,2671.2,2675.0,2671.0,2673.5,1111
2025-07-14T10:30:00+05:30,2673.8,2673.9,2671.0,2671.4,463
2025-07-14T10:31:00+05:30,2671.0,2673.5,2670.3,2671.9,226
2025-07-14T10:32:00+05:30,2671.9,2672.2,2668.7,2668.8,505
2025-07-14T10:33:00+05:30,2668.8,2670.0,2668.5,2670.0,464
2025-07-14T10:34:00+05:30,2669.3,2672.0,2669.2,2671.4,324
2025-07-14T10:35:00+05:30,2672.0,2672.0,2670.5,2671.3,531
2025-07-14T10:36:00+05:30,2671.3,2671.3,2671.0,2671.2,110
2025-07-14T10:37:00+05:30,2671.2,2671.2,2670.0,2671.2,686
2025-07-14T10:38:00+05:30,2670.3,2671.2,2669.2,2669.2,385
2025-07-14T10:39:00+05:30,2670.0,2670.4,2668.7,2668.7,317
2025-07-14T10:40:00+05:30,2669.0,2672.0,2669.0,2672.0,698
2025-07-14T10:41:00+05:30,2672.0,2672.0,2671.1,2671.1,20
2025-07-14T10:42:00+05:30,2671.2,2671.3,2665.8,2665.8,760
2025-07-14T10:43:00+05:30,2666.0,2667.9,2665.8,2667.9,252
2025-07-14T10:44:00+05:30,2666.8,2667.3,2666.1,2667.3,50
2025-07-14T10:45:00+05:30,2667.3,2668.4,2666.0,2666.7,499
2025-07-14T10:46:00+05:30,2666.9,2672.0,2666.7,2672.0,333
2025-07-14T10:47:00+05:30,2672.7,2674.6,2672.7,2674.4,208
2025-07-14T10:48:00+05:30,2674.3,2674.5,2673.0,2673.0,164
2025-07-14T10:49:00+05:30,2673.2,2674.5,2673.2,2673.5,106
2025-07-14T10:50:00+05:30,2674.4,2674.5,2673.1,2673.1,132
2025-07-14T10:51:00+05:30,2673.1,2674.4,2671.9,2674.4,1018
2025-07-14T10:52:00+05:30,2674.4,2677.3,2672.1,2672.1,4410
2025-07-14T10:53:00+05:30,2671.3,2671.3,2665.1,2665.1,3241
2025-07-14T10:54:00+05:30,2666.3,2667.5,2660.0,2660.0,1291
2025-07-14T10:55:00+05:30,2661.0,2661.0,2658.1,2659.5,225
2025-07-14T10:56:00+05:30,2660.3,2662.9,2660.1,2662.9,274
2025-07-14T10:57:00+05:30,2662.0,2663.2,2662.0,2662.8,1044
2025-07-14T10:58:00+05:30,2662.2,2662.8,2660.4,2661.0,274
2025-07-14T10:59:00+05:30,2661.4,2672.2,2661.4,2671.5,2249
2025-07-14T11:00:00+05:30,2670.0,2674.0,2670.0,2674.0,474
2025-07-14T11:01:00+05:30,2672.9,2672.9,2670.3,2670.3,210
2025-07-14T11:02:00+05:30,2671.0,2672.3,2670.8,2670.8,73
2025-07-14T11:03:00+05:30,2670.8,2672.0,2670.8,2672.0,154
2025-07-14T11:04:00+05:30,2672.0,2672.9,2670.7,2670.7,303
2025-07-14T11:05:00+05:30,2670.5,2670.7,2670.0,2670.0,113
2025-07-14T11:06:00+05:30,2670.0,2670.6,2669.7,2670.6,187
2025-07-14T11:07:00+05:30,2670.6,2672.1,2670.6,2670.7,178
2025-07-14T11:08:00+05:30,2670.6,2671.8,2670.0,2671.8,118
2025-07-14T11:09:00+05:30,2670.6,2671.8,2670.4,2670.6,77
2025-07-14T11:10:00+05:30,2670.6,2671.8,2670.1,2670.1,99
2025-07-14T11:11:00+05:30,2670.8,2670.8,2670.0,2670.0,30
2025-07-14T11:12:00+05:30,2670.0,2671.1,2670.0,2670.0,50
2025-07-14T11:13:00+05:30,2670.0,2671.3,2669.7,2671.3,281
2025-07-14T11:14:00+05:30,2670.0,2670.5,2669.7,2670.5,819
2025-07-14T11:15:00+05:30,2670.5,2671.7,2670.0,2671.5,389
2025-07-14T11:16:00+05:30,2671.1,2671.8,2670.0,2670.0,94
2025-07-14T11:17:00+05:30,2670.0,2671.1,2670.0,2670.0,220
2025-07-14T11:18:00+05:30,2670.9,2670.9,2670.0,2670.7,29
2025-07-14T11:19:00+05:30,2670.7,2670.9,2670.0,2670.0,228
2025-07-14T11:20:00+05:30,2670.6,2670.9,2668.6,2670.4,1361
2025-07-14T11:21:00+05:30,2670.4,2670.6,2668.2,2670.0,9589
2025-07-14T11:22:00+05:30,2670.0,2670.1,2670.0,2670.1,218
2025-07-14T11:23:00+05:30,2670.1,2670.1,2666.1,2670.0,7100
2025-07-14T11:24:00+05:30,2670.0,2670.1,2667.1,2670.1,5636
2025-07-14T11:25:00+05:30,2670.0,2670.1,2670.0,2670.0,86
2025-07-14T11:26:00+05:30,2670.0,2672.6,2669.2,2672.2,1366
2025-07-14T11:27:00+05:30,2672.3,2674.3,2671.9,2674.3,475
2025-07-14T11:28:00+05:30,2673.6,2674.3,2671.4,2671.4,85
2025-07-14T11:29:00+05:30,2672.1,2674.4,2672.1,2672.9,160
2025-07-14T11:30:00+05:30,2674.4,2674.5,2673.6,2673.9,157
2025-07-14T11:31:00+05:30,2673.9,2674.1,2671.5,2673.8,421
2025-07-14T11:32:00+05:30,2672.9,2673.5,2672.0,2673.3,191
2025-07-14T11:33:00+05:30,2671.9,2673.4,2671.7,2673.4,221
2025-07-14T11:34:00+05:30,2673.2,2673.2,2670.6,2672.5,1130
2025-07-14T11:35:00+05:30,2672.5,2674.0,2672.1,2672.1,93
2025-07-14T11:36:00+05:30,2672.1,2673.3,2672.0,2673.2,115
2025-07-14T11:37:00+05:30,2673.1,2674.4,2672.9,2673.6,193
2025-07-14T11:38:00+05:30,2673.6,2673.6,2671.2,2671.7,297
2025-07-14T11:39:00+05:30,2671.7,2673.1,2671.7,2672.1,88
2025-07-14T11:40:00+05:30,2673.0,2674.0,2672.6,2672.7,126
2025-07-14T11:41:00+05:30,2672.7,2672.7,2672.7,2672.7,4
2025-07-14T11:42:00+05:30,2672.7,2672.7,2671.2,2671.2,194
2025-07-14T11:43:00+05:30,2671.2,2671.5,2670.0,2670.5,254
2025-07-14T11:44:00+05:30,2671.4,2674.0,2671.4,2674.0,129
2025-07-14T11:45:00+05:30,2673.2,2673.3,2673.2,2673.2,41
2025-07-14T11:46:00+05:30,2673.2,2673.7,2672.6,2673.7,101
2025-07-14T11:47:00+05:30,2673.3,2674.0,2672.5,2672.7,169
2025-07-14T11:48:00+05:30,2673.7,2673.7,2672.4,2673.3,145
2025-07-14T11:49:00+05:30,2673.2,2673.5,2673.1,2673.5,317
2025-07-14T11:50:00+05:30,2672.4,2673.2,2672.2,2672.4,95
2025-07-14T11:51:00+05:30,2673.0,2673.2,2671.6,2673.2,392
2025-07-14T11:52:00+05:30,2672.1,2673.1,2671.6,2671.9,97
2025-07-14T11:53:00+05:30,2671.6,2672.8,2671.1,2671.1,39
2025-07-14T11:54:00+05:30,2671.0,2672.3,2671.0,2672.3,116
2025-07-14T11:55:00+05:30,2672.0,2673.0,2671.6,2672.6,194
2025-07-14T11:56:00+05:30,2672.1,2672.5,2672.1,2672.5,85
2025-07-14T11:57:00+05:30,2672.1,2672.5,2672.1,2672.1,40
2025-07-14T11:58:00+05:30,2672.3,2672.3,2670.4,2671.1,325
2025-07-14T11:59:00+05:30,2671.7,2672.0,2671.2,2671.2,191
2025-07-14T12:00:00+05:30,2670.4,2673.1,2670.1,2673.1,847
2025-07-14T12:01:00+05:30,2672.8,2674.9,2669.3,2674.9,24119
2025-07-14T12:02:00+05:30,2674.9,2674.9,2673.8,2674.0,147
2025-07-14T12:03:00+05:30,2674.5,2675.0,2672.9,2675.0,8018
2025-07-14T12:04:00+05:30,2675.0,2675.0,2673.0,2675.0,291
2025-07-14T12:05:00+05:30,2675.0,2675.0,2670.7,2671.9,3928
2025-07-14T12:06:00+05:30,2671.9,2673.2,2669.9,2669.9,172
2025-07-14T12:07:00+05:30,2670.9,2673.3,2670.7,2672.9,543
2025-07-14T12:08:00+05:30,2672.0,2674.2,2671.7,2673.6,489
2025-07-14T12:09:00+05:30,2672.9,2673.9,2672.9,2673.9,318
2025-07-14T12:10:00+05:30,2672.8,2675.0,2672.7,2675.0,19272
2025-07-14T12:11:00+05:30,2675.0,2678.8,2674.9,2676.0,4309
2025-07-14T12:12:00+05:30,2675.2,2675.2,2671.4,2672.8,1752
2025-07-14T12:13:00+05:30,2673.9,2675.0,2673.9,2675.0,98
2025-07-14T12:14:00+05:30,2674.7,2677.1,2674.7,2675.2,553
2025-07-14T12:15:00+05:30,2676.4,2676.4,2675.1,2675.2,221
2025-07-14T12:16:00+05:30,2675.9,2676.7,2673.7,2675.2,1105
2025-07-14T12:17:00+05:30,2676.4,2678.9,2675.2,2678.3,4500
2025-07-14T12:18:00+05:30,2677.0,2680.0,2677.0,2678.3,9567
2025-07-14T12:19:00+05:30,2678.2,2682.4,2677.8,2678.1,10120
2025-07-14T12:20:00+05:30,2678.9,2679.8,2677.3,2677.7,428
2025-07-14T12:21:00+05:30,2677.7,2678.7,2675.8,2677.0,972
2025-07-14T12:22:00+05:30,2677.0,2677.8,2673.8,2674.0,881
2025-07-14T12:23:00+05:30,2674.1,2674.1,2671.2,2671.8,79
2025-07-14T12:24:00+05:30,2671.8,2674.1,2671.0,2674.1,822
2025-07-14T12:25:00+05:30,2674.5,2674.8,2674.1,2674.8,228
2025-07-14T12:26:00+05:30,2674.1,2675.3,2674.1,2674.2,364
2025-07-14T12:27:00+05:30,2674.2,2674.2,2673.1,2673.1,320
2025-07-14T12:28:00+05:30,2673.1,2675.0,2673.1,2674.6,1151
2025-07-14T12:29:00+05:30,2674.6,2674.8,2674.6,2674.8,17
2025-07-14T12:30:00+05:30,2674.8,2675.0,2673.0,2673.0,540
2025-07-14T12:31:00+05:30,2673.1,2673.7,2671.3,2671.3,57
2025-07-14T12:32:00+05:30,2671.3,2672.9,2671.0,2672.5,522
2025-07-14T12:33:00+05:30,2672.9,2674.0,2672.9,2674.0,184
2025-07-14T12:34:00+05:30,2674.0,2676.0,2674.0,2675.0,504
2025-07-14T12:35:00+05:30,2675.0,2676.0,2675.0,2675.0,222
2025-07-14T12:36:00+05:30,2675.0,2676.8,2673.6,2673.9,992
2025-07-14T12:37:00+05:30,2674.0,2676.1,2674.0,2674.0,267
2025-07-14T12:38:00+05:30,2674.0,2675.3,2674.0,2674.2,147
2025-07-14T12:39:00+05:30,2674.2,2674.8,2674.2,2674.2,16
2025-07-14T12:40:00+05:30,2674.5,2674.6,2674.2,2674.6,207
2025-07-14T12:41:00+05:30,2674.6,2675.9,2672.3,2672.3,604
2025-07-14T12:42:00+05:30,2672.3,2673.5,2670.5,2671.2,579
2025-07-14T12:43:00+05:30,2670.6,2674.2,2670.1,2672.0,511
2025-07-14T12:44:00+05:30,2672.0,2672.0,2670.1,2670.1,598
2025-07-14T12:45:00+05:30,2670.2,2671.0,2670.2,2670.5,63
2025-07-14T12:46:00+05:30,2670.5,2671.6,2670.4,2671.0,482
2025-07-14T12:47:00+05:30,2671.0,2672.0,2671.0,2671.9,265
2025-07-14T12:48:00+05:30,2671.0,2671.9,2671.0,2671.0,17
2025-07-14T12:49:00+05:30,2671.0,2672.2,2669.5,2670.9,2905
2025-07-14T12:50:00+05:30,2670.7,2672.3,2670.5,2672.3,140
2025-07-14T12:51:00+05:30,2671.3,2672.1,2671.1,2672.0,22
2025-07-14T12:52:00+05:30,2672.1,2672.4,2672.0,2672.0,786
2025-07-14T12:53:00+05:30,2672.5,2672.7,2672.0,2672.0,52
2025-07-14T12:54:00+05:30,2672.0,2672.7,2671.0,2671.0,304
2025-07-14T12:55:00+05:30,2671.0,2671.3,2671.0,2671.3,32
2025-07-14T12:56:00+05:30,2671.0,2671.3,2671.0,2671.0,596
2025-07-14T12:57:00+05:30,2671.0,2672.3,2670.0,2670.0,643
2025-07-14T12:58:00+05:30,2670.0,2670.0,2665.9,2670.0,2270
2025-07-14T12:59:00+05:30,2669.9,2669.9,2667.9,2669.3,223
2025-07-14T13:00:00+05:30,2668.2,2669.9,2668.1,2668.4,179
2025-07-14T13:01:00+05:30,2669.8,2671.8,2668.6,2670.4,454
2025-07-14T13:02:00+05:30,2670.4,2671.9,2670.4,2671.0,184
2025-07-14T13:03:00+05:30,2671.1,2671.1,2669.0,2670.6,2285
2025-07-14T13:04:00+05:30,2669.5,2670.8,2669.5,2669.8,14
2025-07-14T13:05:00+05:30,2670.8,2671.3,2669.8,2670.5,207
2025-07-14T13:06:00+05:30,2670.5,2670.5,2669.8,2670.5,182
2025-07-14T13:07:00+05:30,2670.0,2670.5,2669.0,2670.0,162
2025-07-14T13:08:00+05:30,2670.0,2670.0,2666.7,2669.0,2665
2025-07-14T13:09:00+05:30,2669.0,2669.3,2667.9,2668.0,710
2025-07-14T13:10:00+05:30,2668.0,2669.0,2666.9,2666.9,286
2025-07-14T13:11:00+05:30,2668.7,2671.7,2668.7,2670.5,413
2025-07-14T13:12:00+05:30,2671.9,2671.9,2670.5,2670.5,74
2025-07-14T13:13:00+05:30,2671.0,2671.5,2670.1,2670.1,96
2025-07-14T13:14:00+05:30,2670.1,2671.4,2670.1,2670.9,53
2025-07-14T13:15:00+05:30,2670.9,2671.4,2670.9,2671.4,59
2025-07-14T13:16:00+05:30,2671.0,2671.0,2670.0,2670.1,335
2025-07-14T13:17:00+05:30,2670.1,2672.2,2670.1,2670.7,459
2025-07-14T13:18:00+05:30,2671.9,2671.9,2670.8,2671.0,53
2025-07-14T13:19:00+05:30,2671.8,2672.2,2669.5,2670.0,409
2025-07-14T13:20:00+05:30,2670.0,2671.6,2670.0,2670.8,50
2025-07-14T13:21:00+05:30,2671.4,2671.8,2670.5,2670.5,69
2025-07-14T13:22:00+05:30,2670.8,2672.6,2670.5,2671.8,370
2025-07-14T13:23:00+05:30,2671.9,2677.0,2671.8,2674.6,1336
2025-07-14T13:24:00+05:30,2675.0,2676.7,2675.0,2675.6,121
2025-07-14T13:25:00+05:30,2675.6,2675.8,2673.6,2673.6,435
2025-07-14T13:26:00+05:30,2674.6,2674.7,2673.6,2673.6,61
2025-07-14T13:27:00+05:30,2674.0,2674.3,2672.5,2674.3,1042
2025-07-14T13:28:00+05:30,2674.0,2678.7,2672.6,2675.7,8808
2025-07-14T13:29:00+05:30,2677.2,2679.8,2675.5,2677.6,3473
2025-07-14T13:30:00+05:30,2677.6,2679.2,2677.6,2677.6,621
2025-07-14T13:31:00+05:30,2678.0,2678.6,2676.1,2677.0,848
2025-07-14T13:32:00+05:30,2677.0,2677.6,2674.8,2677.0,1198
2025-07-14T13:33:00+05:30,2676.9,2680.0,2674.7,2678.5,1189
2025-07-14T13:34:00+05:30,2679.8,2680.0,2677.9,2677.9,1570
2025-07-14T13:35:00+05:30,2678.5,2679.0,2678.1,2679.0,96
2025-07-14T13:36:00+05:30,2679.0,2679.0,2677.4,2677.9,629
2025-07-14T13:37:00+05:30,2678.5,2678.5,2677.9,2677.9,165
2025-07-14T13:38:00+05:30,2677.9,2678.1,2677.3,2678.0,171
2025-07-14T13:39:00+05:30,2677.9,2678.7,2677.9,2678.7,42
2025-07-14T13:40:00+05:30,2678.7,2678.8,2677.6,2677.6,248
2025-07-14T13:41:00+05:30,2678.8,2679.0,2677.9,2678.9,596
2025-07-14T13:42:00+05:30,2678.9,2679.0,2677.4,2678.6,298
2025-07-14T13:43:00+05:30,2677.5,2678.6,2677.3,2677.3,128
2025-07-14T13:44:00+05:30,2677.2,2677.6,2676.9,2677.1,943
2025-07-14T13:45:00+05:30,2677.1,2678.0,2677.1,2678.0,33
2025-07-14T13:46:00+05:30,2677.9,2678.6,2677.6,2677.7,204
2025-07-14T13:47:00+05:30,2677.9,2678.6,2677.7,2677.7,51
2025-07-14T13:48:00+05:30,2677.7,2678.4,2677.0,2677.0,783
2025-07-14T13:49:00+05:30,2678.0,2678.4,2675.3,2675.8,322
2025-07-14T13:50:00+05:30,2675.8,2676.6,2675.4,2675.5,141
2025-07-14T13:51:00+05:30,2675.4,2675.8,2671.6,2671.6,1093
2025-07-14T13:52:00+05:30,2671.1,2672.3,2671.1,2671.8,98
2025-07-14T13:53:00+05:30,2672.0,2672.4,2671.7,2672.0,256
2025-07-14T13:54:00+05:30,2672.4,2672.5,2668.0,2668.7,661
2025-07-14T13:55:00+05:30,2668.9,2670.5,2668.0,2669.2,753
2025-07-14T13:56:00+05:30,2668.6,2669.0,2665.4,2666.4,439
2025-07-14T13:57:00+05:30,2666.4,2667.3,2663.0,2664.2,1066
2025-07-14T13:58:00+05:30,2664.2,2664.4,2661.2,2662.4,1012
2025-07-14T13:59:00+05:30,2662.0,2663.3,2661.0,2661.4,499
2025-07-14T14:00:00+05:30,2661.4,2663.6,2661.4,2661.6,645
2025-07-14T14:01:00+05:30,2661.6,2662.6,2661.0,2661.0,423
2025-07-14T14:02:00+05:30,2661.8,2661.8,2659.1,2659.1,601
2025-07-14T14:03:00+05:30,2659.9,2662.5,2659.9,2660.0,924
2025-07-14T14:04:00+05:30,2660.0,2660.4,2659.0,2660.3,110
2025-07-14T14:05:00+05:30,2660.0,2660.8,2659.3,2659.5,298
2025-07-14T14:06:00+05:30,2659.3,2659.5,2659.3,2659.5,36
2025-07-14T14:07:00+05:30,2659.5,2660.0,2657.3,2657.3,797
2025-07-14T14:08:00+05:30,2658.2,2658.2,2656.3,2656.3,398
2025-07-14T14:09:00+05:30,2657.4,2659.3,2656.2,2657.7,1059
2025-07-14T14:10:00+05:30,2656.9,2658.1,2656.2,2658.0,533
2025-07-14T14:11:00+05:30,2658.0,2660.1,2658.0,2659.8,598
2025-07-14T14:12:00+05:30,2658.5,2664.1,2658.5,2664.1,1543
2025-07-14T14:13:00+05:30,2662.6,2664.4,2661.0,2661.0,1870
2025-07-14T14:14:00+05:30,2662.1,2664.5,2661.0,2664.1,318
2025-07-14T14:15:00+05:30,2663.9,2664.3,2662.2,2663.0,447
2025-07-14T14:16:00+05:30,2663.3,2664.0,2660.7,2662.1,336
2025-07-14T14:17:00+05:30,2662.1,2663.1,2661.2,2662.7,235
2025-07-14T14:18:00+05:30,2662.6,2664.1,2661.5,2663.5,273
2025-07-14T14:19:00+05:30,2663.5,2663.7,2662.1,2663.7,169
2025-07-14T14:20:00+05:30,2663.6,2663.6,2660.5,2661.1,442
2025-07-14T14:21:00+05:30,2661.1,2661.5,2660.0,2661.4,238
2025-07-14T14:22:00+05:30,2661.5,2661.5,2660.1,2660.2,404
2025-07-14T14:23:00+05:30,2660.3,2661.3,2659.3,2660.8,831
2025-07-14T14:24:00+05:30,2660.7,2660.8,2657.0,2658.0,1008
2025-07-14T14:25:00+05:30,2658.1,2658.5,2657.0,2658.2,230
2025-07-14T14:26:00+05:30,2658.3,2659.9,2657.3,2658.3,682
2025-07-14T14:27:00+05:30,2658.5,2661.1,2658.0,2659.9,406
2025-07-14T14:28:00+05:30,2659.1,2661.6,2659.1,2661.2,304
2025-07-14T14:29:00+05:30,2661.2,2661.5,2658.9,2660.3,643
2025-07-14T14:30:00+05:30,2660.3,2662.4,2659.8,2660.9,337
2025-07-14T14:31:00+05:30,2660.8,2663.0,2660.5,2660.8,328
2025-07-14T14:32:00+05:30,2661.9,2662.1,2660.0,2661.3,164
2025-07-14T14:33:00+05:30,2660.3,2662.4,2660.0,2661.0,288
2025-07-14T14:34:00+05:30,2661.0,2661.1,2660.2,2661.0,173
2025-07-14T14:35:00+05:30,2660.9,2661.1,2660.2,2660.2,469
2025-07-14T14:36:00+05:30,2660.2,2661.4,2659.8,2661.1,204
2025-07-14T14:37:00+05:30,2661.1,2662.1,2659.7,2661.8,299
2025-07-14T14:38:00+05:30,2662.3,2662.7,2660.6,2661.9,191
2025-07-14T14:39:00+05:30,2662.0,2662.0,2659.6,2660.8,419
2025-07-14T14:40:00+05:30,2660.8,2661.2,2659.1,2659.8,613
2025-07-14T14:41:00+05:30,2661.1,2662.2,2659.7,2662.2,256
2025-07-14T14:42:00+05:30,2662.2,2662.4,2661.0,2662.4,257
2025-07-14T14:43:00+05:30,2662.3,2662.4,2661.0,2661.1,181
2025-07-14T14:44:00+05:30,2662.2,2662.4,2661.0,2661.3,242
2025-07-14T14:45:00+05:30,2662.4,2662.4,2661.0,2661.0,589
2025-07-14T14:46:00+05:30,2661.8,2662.4,2660.9,2662.4,424
2025-07-14T14:47:00+05:30,2662.4,2662.4,2660.8,2661.9,380
2025-07-14T14:48:00+05:30,2662.1,2662.3,2660.6,2661.4,243
2025-07-14T14:49:00+05:30,2661.9,2662.4,2660.5,2662.4,260
2025-07-14T14:50:00+05:30,2662.4,2662.4,2661.2,2662.4,261
2025-07-14T14:51:00+05:30,2662.4,2662.4,2661.2,2662.4,370
2025-07-14T14:52:00+05:30,2662.4,2665.0,2661.4,2664.0,2121
2025-07-14T14:53:00+05:30,2663.9,2665.0,2663.1,2665.0,503
2025-07-14T14:54:00+05:30,2665.0,2665.0,2663.8,2665.0,375
2025-07-14T14:55:00+05:30,2665.0,2665.4,2664.0,2664.0,376
2025-07-14T14:56:00+05:30,2664.7,2666.0,2663.8,2665.3,487
2025-07-14T14:57:00+05:30,2666.0,2669.0,2664.7,2667.2,1785
2025-07-14T14:58:00+05:30,2667.2,2669.9,2666.7,2668.1,857
2025-07-14T14:59:00+05:30,2668.3,2668.5,2664.9,2667.3,922
2025-07-14T15:00:00+05:30,2667.3,2668.5,2666.2,2667.8,964
2025-07-14T15:01:00+05:30,2667.8,2668.5,2666.5,2667.9,1173
2025-07-14T15:02:00+05:30,2667.9,2667.9,2667.7,2667.9,696
2025-07-14T15:03:00+05:30,2667.9,2667.9,2666.2,2667.4,954
2025-07-14T15:04:00+05:30,2667.4,2667.6,2666.0,2666.1,822
2025-07-14T15:05:00+05:30,2666.3,2669.3,2666.2,2668.1,2729
2025-07-14T15:06:00+05:30,2668.1,2668.4,2666.6,2667.0,897
2025-07-14T15:07:00+05:30,2667.0,2667.7,2663.8,2664.3,971
2025-07-14T15:08:00+05:30,2664.8,2665.0,2663.1,2664.8,1538
2025-07-14T15:09:00+05:30,2664.9,2664.9,2663.8,2664.4,1077
2025-07-14T15:10:00+05:30,2664.9,2664.9,2663.2,2664.1,1276
2025-07-14T15:11:00+05:30,2664.1,2664.7,2663.4,2664.5,871
2025-07-14T15:12:00+05:30,2664.4,2664.7,2663.3,2663.5,1663
2025-07-14T15:13:00+05:30,2663.7,2663.9,2662.0,2662.0,1312
2025-07-14T15:14:00+05:30,2662.0,2663.9,2660.5,2663.0,2922
2025-07-14T15:15:00+05:30,2662.2,2665.9,2660.1,2661.3,4556
2025-07-14T15:16:00+05:30,2661.3,2662.7,2660.2,2662.7,1929
2025-07-14T15:17:00+05:30,2662.7,2663.0,2661.8,2662.8,1547
2025-07-14T15:18:00+05:30,2662.8,2662.9,2661.0,2662.5,1972
2025-07-14T15:19:00+05:30,2662.5,2663.8,2661.7,2663.2,1562
2025-07-14T15:20:00+05:30,2663.6,2664.4,2662.2,2663.8,4098
2025-07-14T15:21:00+05:30,2663.8,2664.8,2662.8,2664.2,1944
2025-07-14T15:22:00+05:30,2664.2,2667.6,2663.7,2666.9,2331
2025-07-14T15:23:00+05:30,2666.9,2667.3,2664.3,2665.3,3547
2025-07-14T15:24:00+05:30,2665.4,2666.4,2663.0,2666.1,3154
2025-07-14T15:25:00+05:30,2666.1,2669.7,2664.1,2669.1,4182
2025-07-14T15:26:00+05:30,2669.0,2670.0,2666.6,2669.7,2359
2025-07-14T15:27:00+05:30,2669.8,2671.0,2666.4,2668.1,3390
2025-07-14T15:28:00+05:30,2670.4,2673.9,2666.2,2666.2,1695
2025-07-14T15:29:00+05:30,2665.0,2674.9,2663.0,2665.1,3178
2025-07-11T09:15:00+05:30,2648.8,2656.5,2622.4,2646.4,2444
2025-07-11T09:16:00+05:30,2644.8,2648.0,2644.8,2646.1,805
2025-07-11T09:17:00+05:30,2646.1,2646.4,2639.6,2642.0,1548
2025-07-11T09:18:00+05:30,2643.0,2648.0,2642.5,2645.3,1575
2025-07-11T09:19:00+05:30,2647.2,2647.7,2643.9,2645.9,358
2025-07-11T09:20:00+05:30,2647.0,2647.8,2643.0,2644.7,1055
2025-07-11T09:21:00+05:30,2644.7,2645.3,2641.7,2641.7,506
2025-07-11T09:22:00+05:30,2642.1,2646.9,2642.1,2646.1,327
2025-07-11T09:23:00+05:30,2647.5,2648.0,2643.6,2645.1,2411
2025-07-11T09:24:00+05:30,2645.6,2645.6,2642.5,2644.4,1222
2025-07-11T09:25:00+05:30,2643.8,2647.8,2643.8,2647.8,165
2025-07-11T09:26:00+05:30,2644.9,2647.6,2635.0,2635.0,3416
2025-07-11T09:27:00+05:30,2635.5,2635.5,2628.6,2631.0,2587
2025-07-11T09:28:00+05:30,2629.6,2630.3,2627.6,2627.9,348
2025-07-11T09:29:00+05:30,2629.2,2629.5,2624.4,2626.8,2559
2025-07-11T09:30:00+05:30,2625.5,2627.2,2625.1,2625.6,310
2025-07-11T09:31:00+05:30,2625.7,2626.3,2623.4,2623.4,121
2025-07-11T09:32:00+05:30,2623.2,2624.4,2622.0,2624.0,760
2025-07-11T09:33:00+05:30,2622.2,2623.1,2620.2,2621.0,1015
2025-07-11T09:34:00+05:30,2620.4,2620.5,2615.3,2616.3,932
2025-07-11T09:35:00+05:30,2617.0,2617.0,2610.7,2613.8,1965
2025-07-11T09:36:00+05:30,2613.5,2614.8,2612.5,2614.3,648
2025-07-11T09:37:00+05:30,2613.1,2618.2,2613.0,2616.3,1009
2025-07-11T09:38:00+05:30,2616.7,2617.0,2614.0,2616.0,8009
2025-07-11T09:39:00+05:30,2615.9,2615.9,2614.6,2615.6,118
2025-07-11T09:40:00+05:30,2615.6,2615.6,2604.5,2607.7,6301
2025-07-11T09:41:00+05:30,2606.9,2607.7,2604.1,2604.8,491
2025-07-11T09:42:00+05:30,2603.9,2606.9,2602.4,2604.8,1128
2025-07-11T09:43:00+05:30,2604.8,2604.8,2603.0,2603.1,233
2025-07-11T09:44:00+05:30,2603.1,2603.9,2600.5,2601.9,2360
2025-07-11T09:45:00+05:30,2603.2,2603.7,2593.9,2596.4,2697
2025-07-11T09:46:00+05:30,2597.0,2601.1,2595.0,2600.5,1765
2025-07-11T09:47:00+05:30,2600.6,2602.1,2597.9,2599.7,2550
2025-07-11T09:48:00+05:30,2599.7,2601.7,2598.0,2599.4,1417
2025-07-11T09:49:00+05:30,2599.4,2601.2,2598.1,2601.0,4350
2025-07-11T09:50:00+05:30,2600.0,2605.5,2600.0,2603.6,1764
2025-07-11T09:51:00+05:30,2604.8,2617.9,2604.8,2613.6,9818
2025-07-11T09:52:00+05:30,2613.6,2615.0,2611.7,2614.1,2765
2025-07-11T09:53:00+05:30,2615.0,2615.0,2611.6,2611.7,1291
2025-07-11T09:54:00+05:30,2610.0,2610.0,2605.6,2605.9,891
2025-07-11T09:55:00+05:30,2606.8,2606.8,2601.0,2605.9,5171
2025-07-11T09:56:00+05:30,2605.8,2607.4,2603.5,2606.2,2659
2025-07-11T09:57:00+05:30,2606.9,2607.4,2605.1,2606.0,819
2025-07-11T09:58:00+05:30,2606.0,2607.4,2606.0,2607.3,202
2025-07-11T09:59:00+05:30,2607.0,2609.4,2606.4,2609.4,1165
2025-07-11T10:00:00+05:30,2608.6,2609.2,2603.1,2605.2,2286
2025-07-11T10:01:00+05:30,2605.5,2605.5,2603.1,2603.2,80
2025-07-11T10:02:00+05:30,2603.0,2603.4,2602.5,2602.5,57
2025-07-11T10:03:00+05:30,2603.1,2603.2,2600.0,2602.4,1243
2025-07-11T10:04:00+05:30,2601.7,2603.5,2601.5,2601.5,1184
2025-07-11T10:05:00+05:30,2602.7,2604.2,2602.0,2602.7,534
2025-07-11T10:06:00+05:30,2602.0,2603.0,2601.5,2602.8,383
2025-07-11T10:07:00+05:30,2601.5,2603.0,2601.1,2603.0,230
2025-07-11T10:08:00+05:30,2604.0,2604.2,2603.0,2604.2,148
2025-07-11T10:09:00+05:30,2603.0,2604.2,2602.6,2604.2,90
2025-07-11T10:10:00+05:30,2602.5,2603.0,2600.1,2601.6,209
2025-07-11T10:11:00+05:30,2600.6,2601.5,2600.1,2600.4,82
2025-07-11T10:12:00+05:30,2600.4,2601.0,2600.0,2601.0,27
2025-07-11T10:13:00+05:30,2600.0,2600.9,2598.0,2598.2,810
2025-07-11T10:14:00+05:30,2599.2,2600.4,2598.2,2600.3,448
2025-07-11T10:15:00+05:30,2600.2,2600.2,2598.0,2600.0,404
2025-07-11T10:16:00+05:30,2599.9,2602.1,2599.4,2601.4,324
2025-07-11T10:17:00+05:30,2600.8,2602.0,2600.6,2601.4,108
2025-07-11T10:18:00+05:30,2601.4,2606.8,2601.4,2606.8,1679
2025-07-11T10:19:00+05:30,2605.7,2605.7,2602.0,2602.0,90
2025-07-11T10:20:00+05:30,2602.9,2602.9,2601.4,2602.9,427
2025-07-11T10:21:00+05:30,2601.9,2603.3,2601.4,2601.5,65
2025-07-11T10:22:00+05:30,2601.5,2604.8,2601.0,2603.7,331
2025-07-11T10:23:00+05:30,2602.8,2602.8,2598.0,2599.5,1895
2025-07-11T10:24:00+05:30,2599.5,2599.9,2598.5,2598.7,135
2025-07-11T10:25:00+05:30,2598.7,2600.1,2598.5,2599.4,88
2025-07-11T10:26:00+05:30,2598.7,2599.4,2598.5,2598.6,194
2025-07-11T10:27:00+05:30,2598.6,2598.6,2595.6,2596.2,3601
2025-07-11T10:28:00+05:30,2595.8,2597.1,2593.2,2595.0,2718
2025-07-11T10:29:00+05:30,2595.0,2595.1,2592.2,2593.0,1949
2025-07-11T10:30:00+05:30,2594.0,2594.0,2592.2,2593.5,552
2025-07-11T10:31:00+05:30,2592.5,2593.5,2592.0,2592.0,1461
2025-07-11T10:32:00+05:30,2592.0,2593.2,2588.2,2590.2,1384
2025-07-11T10:33:00+05:30,2590.1,2596.5,2590.0,2595.5,5769
2025-07-11T10:34:00+05:30,2595.6,2596.8,2593.0,2594.8,786
2025-07-11T10:35:00+05:30,2594.8,2595.0,2594.2,2594.2,126
2025-07-11T10:36:00+05:30,2594.8,2594.9,2594.0,2594.0,121
2025-07-11T10:37:00+05:30,2595.0,2597.9,2595.0,2597.0,2463
2025-07-11T10:38:00+05:30,2598.0,2599.2,2597.0,2598.1,369
2025-07-11T10:39:00+05:30,2598.2,2599.2,2597.4,2599.0,339
2025-07-11T10:40:00+05:30,2598.9,2599.7,2596.5,2596.5,242
2025-07-11T10:41:00+05:30,2596.5,2599.7,2596.5,2597.0,87
2025-07-11T10:42:00+05:30,2597.0,2598.2,2597.0,2597.0,47
2025-07-11T10:43:00+05:30,2597.1,2598.3,2596.1,2596.1,116
2025-07-11T10:44:00+05:30,2595.0,2595.1,2593.0,2593.9,160
2025-07-11T10:45:00+05:30,2594.1,2594.3,2591.7,2593.0,280
2025-07-11T10:46:00+05:30,2593.0,2595.0,2593.0,2595.0,68
2025-07-11T10:47:00+05:30,2595.1,2596.4,2594.8,2596.4,23
2025-07-11T10:48:00+05:30,2595.0,2595.9,2595.0,2595.0,20
2025-07-11T10:49:00+05:30,2595.8,2596.3,2594.0,2594.0,128
2025-07-11T10:50:00+05:30,2595.1,2595.1,2594.0,2594.0,64
2025-07-11T10:51:00+05:30,2594.0,2596.6,2594.0,2596.1,732
2025-07-11T10:52:00+05:30,2594.1,2596.9,2594.1,2596.9,266
2025-07-11T10:53:00+05:30,2595.1,2595.2,2593.7,2595.1,79
2025-07-11T10:54:00+05:30,2595.7,2600.0,2595.6,2600.0,524
2025-07-11T10:55:00+05:30,2598.7,2600.4,2598.3,2600.4,491
2025-07-11T10:56:00+05:30,2599.0,2601.3,2598.7,2600.9,804
2025-07-11T10:57:00+05:30,2600.8,2603.2,2599.0,2600.1,173
2025-07-11T10:58:00+05:30,2600.1,2600.8,2596.0,2598.6,114
2025-07-11T10:59:00+05:30,2598.6,2598.6,2597.7,2598.0,51
2025-07-11T11:00:00+05:30,2598.7,2599.2,2595.4,2596.0,145
2025-07-11T11:01:00+05:30,2594.3,2595.4,2592.1,2593.9,323
2025-07-11T11:02:00+05:30,2593.0,2595.1,2593.0,2593.0,218
2025-07-11T11:03:00+05:30,2593.0,2593.6,2592.5,2593.0,289
2025-07-11T11:04:00+05:30,2593.5,2594.9,2593.0,2594.2,743
2025-07-11T11:05:00+05:30,2593.0,2594.3,2593.0,2593.9,98
2025-07-11T11:06:00+05:30,2593.6,2593.8,2593.1,2593.8,158
2025-07-11T11:07:00+05:30,2593.8,2594.8,2593.1,2594.8,91
2025-07-11T11:08:00+05:30,2594.0,2595.2,2593.1,2594.0,195
2025-07-11T11:09:00+05:30,2594.1,2594.1,2592.9,2594.0,975
2025-07-11T11:10:00+05:30,2593.3,2594.8,2593.1,2594.8,61
2025-07-11T11:11:00+05:30,2594.8,2597.9,2594.8,2597.9,34
2025-07-11T11:12:00+05:30,2596.0,2600.0,2596.0,2600.0,456
2025-07-11T11:13:00+05:30,2599.2,2600.9,2598.2,2599.2,312
2025-07-11T11:14:00+05:30,2601.2,2602.2,2600.3,2601.1,184
2025-07-11T11:15:00+05:30,2600.3,2602.6,2600.3,2602.6,212
2025-07-11T11:16:00+05:30,2602.7,2606.5,2602.7,2604.7,952
2025-07-11T11:17:00+05:30,2605.4,2607.7,2605.4,2605.8,515
2025-07-11T11:18:00+05:30,2606.5,2608.0,2606.5,2607.8,90
2025-07-11T11:19:00+05:30,2606.3,2606.3,2603.4,2603.4,398
2025-07-11T11:20:00+05:30,2604.0,2606.0,2604.0,2606.0,67
2025-07-11T11:21:00+05:30,2605.6,2606.1,2604.0,2604.0,149
2025-07-11T11:22:00+05:30,2603.7,2604.7,2603.3,2604.7,8
2025-07-11T11:23:00+05:30,2605.0,2606.7,2604.2,2604.2,113
2025-07-11T11:24:00+05:30,2604.2,2604.4,2604.0,2604.4,28
2025-07-11T11:25:00+05:30,2604.1,2605.6,2602.9,2603.8,131
2025-07-11T11:26:00+05:30,2604.0,2605.2,2603.9,2605.2,106
2025-07-11T11:27:00+05:30,2605.6,2605.6,2604.0,2605.2,49
2025-07-11T11:28:00+05:30,2605.1,2605.4,2603.9,2605.4,56
2025-07-11T11:29:00+05:30,2605.0,2606.5,2603.9,2605.9,164
2025-07-11T11:30:00+05:30,2606.0,2607.0,2605.6,2605.6,127
2025-07-11T11:31:00+05:30,2605.6,2608.0,2605.6,2606.5,860
2025-07-11T11:32:00+05:30,2606.5,2608.0,2606.5,2608.0,1414
2025-07-11T11:33:00+05:30,2609.0,2609.0,2608.4,2608.4,48
2025-07-11T11:34:00+05:30,2609.0,2609.9,2608.0,2609.4,133
2025-07-11T11:35:00+05:30,2608.2,2609.4,2608.2,2609.4,47
2025-07-11T11:36:00+05:30,2609.6,2609.6,2608.0,2609.5,76
2025-07-11T11:37:00+05:30,2609.3,2609.3,2608.0,2609.3,216
2025-07-11T11:38:00+05:30,2609.3,2609.5,2608.0,2608.1,108
2025-07-11T11:39:00+05:30,2609.7,2609.7,2608.1,2608.1,90
2025-07-11T11:40:00+05:30,2609.8,2609.8,2608.5,2609.7,37
2025-07-11T11:41:00+05:30,2609.7,2609.8,2608.3,2608.3,121
2025-07-11T11:42:00+05:30,2608.6,2609.8,2608.6,2609.8,12
2025-07-11T11:43:00+05:30,2609.7,2609.8,2608.0,2608.3,135
2025-07-11T11:44:00+05:30,2609.5,2609.5,2608.0,2608.0,8
2025-07-11T11:45:00+05:30,2607.9,2607.9,2605.4,2605.4,164
2025-07-11T11:46:00+05:30,2607.0,2609.1,2605.6,2607.6,217
2025-07-11T11:47:00+05:30,2609.0,2609.0,2607.5,2608.9,62
2025-07-11T11:48:00+05:30,2608.8,2608.8,2607.5,2608.0,86
2025-07-11T11:49:00+05:30,2607.2,2609.5,2607.0,2609.0,1131
2025-07-11T11:50:00+05:30,2609.0,2609.5,2608.4,2609.5,82
2025-07-11T11:51:00+05:30,2609.5,2609.5,2608.4,2608.4,121
2025-07-11T11:52:00+05:30,2609.5,2609.5,2608.2,2609.5,123
2025-07-11T11:53:00+05:30,2608.3,2609.5,2608.2,2609.5,116
2025-07-11T11:54:00+05:30,2609.5,2613.3,2609.5,2610.7,2089
2025-07-11T11:55:00+05:30,2610.0,2610.7,2609.2,2609.4,140
2025-07-11T11:56:00+05:30,2609.5,2609.5,2607.8,2608.4,63
2025-07-11T11:57:00+05:30,2608.7,2608.7,2607.0,2607.5,26
2025-07-11T11:58:00+05:30,2607.5,2610.3,2607.5,2608.9,162
2025-07-11T11:59:00+05:30,2608.9,2610.4,2608.9,2608.9,96
2025-07-11T12:00:00+05:30,2608.8,2610.2,2608.8,2609.7,36
2025-07-11T12:01:00+05:30,2608.7,2609.8,2608.2,2609.0,79
2025-07-11T12:02:00+05:30,2609.0,2609.0,2607.0,2607.8,25
2025-07-11T12:03:00+05:30,2607.0,2607.5,2606.7,2606.8,35
2025-07-11T12:04:00+05:30,2606.9,2607.8,2605.7,2606.5,1079
2025-07-11T12:05:00+05:30,2606.6,2608.0,2606.2,2607.0,89
2025-07-11T12:06:00+05:30,2608.4,2608.9,2607.0,2608.7,118
2025-07-11T12:07:00+05:30,2608.7,2608.9,2607.2,2607.3,179
2025-07-11T12:08:00+05:30,2608.2,2608.2,2607.0,2608.2,41
2025-07-11T12:09:00+05:30,2607.0,2608.1,2605.7,2608.1,105
2025-07-11T12:10:00+05:30,2607.1,2608.8,2607.1,2608.8,49
2025-07-11T12:11:00+05:30,2608.7,2609.0,2607.8,2608.8,61
2025-07-11T12:12:00+05:30,2607.7,2611.5,2607.5,2611.5,580
2025-07-11T12:13:00+05:30,2611.7,2612.3,2609.9,2609.9,207
2025-07-11T12:14:00+05:30,2611.2,2611.3,2610.1,2611.3,51
2025-07-11T12:15:00+05:30,2610.9,2611.0,2609.5,2609.5,158
2025-07-11T12:16:00+05:30,2610.9,2611.0,2609.5,2611.0,190
2025-07-11T12:17:00+05:30,2611.0,2611.0,2609.3,2609.3,79
2025-07-11T12:18:00+05:30,2609.5,2611.0,2609.5,2610.7,311
2025-07-11T12:19:00+05:30,2610.7,2610.9,2609.9,2610.9,48
2025-07-11T12:20:00+05:30,2610.9,2610.9,2610.0,2610.9,82
2025-07-11T12:21:00+05:30,2610.0,2610.0,2608.8,2608.8,90
2025-07-11T12:22:00+05:30,2609.1,2610.0,2608.7,2610.0,184
2025-07-11T12:23:00+05:30,2609.9,2610.0,2608.5,2609.0,83
2025-07-11T12:24:00+05:30,2609.0,2609.0,2607.8,2608.1,91
2025-07-11T12:25:00+05:30,2608.1,2610.0,2607.8,2609.7,396
2025-07-11T12:26:00+05:30,2609.1,2609.7,2609.1,2609.4,53
2025-07-11T12:27:00+05:30,2609.1,2610.0,2608.6,2610.0,140
2025-07-11T12:28:00+05:30,2608.8,2609.9,2608.0,2608.9,150
2025-07-11T12:29:00+05:30,2608.0,2610.9,2607.9,2610.9,556
2025-07-11T12:30:00+05:30,2609.7,2610.0,2608.2,2608.4,132
2025-07-11T12:31:00+05:30,2608.4,2610.9,2608.4,2610.9,315
2025-07-11T12:32:00+05:30,2609.6,2612.6,2609.6,2612.5,628
2025-07-11T12:33:00+05:30,2612.5,2612.6,2611.0,2612.0,325
2025-07-11T12:34:00+05:30,2611.9,2615.0,2611.3,2612.8,1134
2025-07-11T12:35:00+05:30,2611.8,2613.1,2611.0,2612.5,692
2025-07-11T12:36:00+05:30,2612.7,2613.1,2612.0,2613.0,435
2025-07-11T12:37:00+05:30,2613.0,2615.9,2611.7,2613.5,1725
2025-07-11T12:38:00+05:30,2614.0,2616.8,2612.3,2615.6,2836
2025-07-11T12:39:00+05:30,2614.7,2616.4,2614.6,2615.6,573
2025-07-11T12:40:00+05:30,2616.5,2618.7,2616.5,2616.9,1024
2025-07-11T12:41:00+05:30,2616.8,2618.2,2616.8,2617.3,88
2025-07-11T12:42:00+05:30,2617.5,2618.8,2617.0,2617.1,296
2025-07-11T12:43:00+05:30,2617.9,2618.8,2617.8,2618.8,79
2025-07-11T12:44:00+05:30,2618.0,2620.5,2617.5,2619.8,630
2025-07-11T12:45:00+05:30,2620.0,2621.5,2617.5,2621.4,2532
2025-07-11T12:46:00+05:30,2621.4,2621.8,2620.1,2621.8,166
2025-07-11T12:47:00+05:30,2621.8,2623.7,2621.8,2623.4,354
2025-07-11T12:48:00+05:30,2623.4,2623.4,2621.5,2621.5,77
2025-07-11T12:49:00+05:30,2621.9,2623.0,2621.5,2623.0,340
2025-07-11T12:50:00+05:30,2623.0,2623.0,2621.9,2622.1,88
2025-07-11T12:51:00+05:30,2623.0,2623.0,2623.0,2623.0,42
2025-07-11T12:52:00+05:30,2622.2,2624.6,2622.1,2624.0,606
2025-07-11T12:53:00+05:30,2624.6,2624.8,2623.7,2623.7,337
2025-07-11T12:54:00+05:30,2623.1,2625.0,2623.1,2623.8,331
2025-07-11T12:55:00+05:30,2623.0,2624.0,2623.0,2623.0,31
2025-07-11T12:56:00+05:30,2623.8,2624.6,2623.0,2624.1,88
2025-07-11T12:57:00+05:30,2624.0,2624.9,2623.4,2624.9,225
2025-07-11T12:58:00+05:30,2624.9,2624.9,2623.6,2624.8,271
2025-07-11T12:59:00+05:30,2624.6,2624.9,2624.6,2624.9,14
2025-07-11T13:00:00+05:30,2624.1,2624.8,2623.2,2624.2,175
2025-07-11T13:01:00+05:30,2624.2,2624.8,2623.5,2624.2,183
2025-07-11T13:02:00+05:30,2624.0,2626.0,2624.0,2625.0,1632
2025-07-11T13:03:00+05:30,2624.2,2625.0,2624.2,2625.0,20
2025-07-11T13:04:00+05:30,2625.0,2625.0,2623.9,2624.9,203
2025-07-11T13:05:00+05:30,2625.0,2625.0,2623.2,2624.3,333
2025-07-11T13:06:00+05:30,2624.4,2624.4,2621.3,2621.3,282
2025-07-11T13:07:00+05:30,2621.5,2622.5,2621.0,2622.5,386
2025-07-11T13:08:00+05:30,2622.5,2622.5,2621.5,2622.3,51
2025-07-11T13:09:00+05:30,2622.0,2623.0,2621.6,2621.6,139
2025-07-11T13:10:00+05:30,2621.7,2626.1,2621.7,2625.0,1589
2025-07-11T13:11:00+05:30,2626.1,2628.6,2626.1,2628.6,271
2025-07-11T13:12:00+05:30,2627.7,2628.6,2627.0,2628.3,575
2025-07-11T13:13:00+05:30,2628.3,2628.5,2626.8,2627.6,152
2025-07-11T13:14:00+05:30,2626.1,2626.2,2626.1,2626.2,10
2025-07-11T13:15:00+05:30,2626.4,2628.6,2626.4,2627.1,132
2025-07-11T13:16:00+05:30,2627.8,2628.1,2627.8,2628.1,31
2025-07-11T13:17:00+05:30,2627.9,2628.1,2626.7,2627.9,71
2025-07-11T13:18:00+05:30,2628.0,2628.0,2626.6,2626.7,54
2025-07-11T13:19:00+05:30,2626.5,2628.4,2626.5,2628.4,318
2025-07-11T13:20:00+05:30,2628.0,2628.0,2627.8,2627.8,53
2025-07-11T13:21:00+05:30,2627.8,2628.0,2626.6,2627.1,348
2025-07-11T13:22:00+05:30,2627.7,2628.4,2627.1,2628.0,478
2025-07-11T13:23:00+05:30,2628.4,2628.4,2627.1,2627.1,89
2025-07-11T13:24:00+05:30,2628.1,2628.2,2626.4,2626.4,356
2025-07-11T13:25:00+05:30,2628.1,2628.1,2626.9,2628.1,40
2025-07-11T13:26:00+05:30,2626.9,2629.0,2626.8,2628.0,119
2025-07-11T13:27:00+05:30,2627.8,2629.0,2625.0,2626.1,895
2025-07-11T13:28:00+05:30,2627.5,2627.5,2626.2,2626.2,8
2025-07-11T13:29:00+05:30,2626.2,2627.4,2625.9,2625.9,83
2025-07-11T13:30:00+05:30,2625.9,2627.1,2625.4,2625.5,141
2025-07-11T13:31:00+05:30,2626.5,2626.9,2625.4,2626.9,317
2025-07-11T13:32:00+05:30,2625.7,2625.7,2624.8,2624.8,173
2025-07-11T13:33:00+05:30,2625.7,2626.1,2624.7,2626.1,99
2025-07-11T13:34:00+05:30,2626.2,2630.5,2625.8,2630.0,1506
2025-07-11T13:35:00+05:30,2628.1,2628.1,2622.0,2622.0,665
2025-07-11T13:36:00+05:30,2621.1,2623.4,2617.6,2622.2,4246
2025-07-11T13:37:00+05:30,2622.5,2622.8,2621.7,2622.8,22
2025-07-11T13:38:00+05:30,2621.5,2624.8,2621.5,2624.8,122
2025-07-11T13:39:00+05:30,2624.8,2624.8,2621.7,2621.8,166
2025-07-11T13:40:00+05:30,2621.8,2622.3,2621.0,2621.5,119
2025-07-11T13:41:00+05:30,2620.9,2621.0,2619.5,2619.7,138
2025-07-11T13:42:00+05:30,2620.0,2620.6,2618.0,2618.0,537
2025-07-11T13:43:00+05:30,2618.0,2619.0,2617.1,2618.6,251
2025-07-11T13:44:00+05:30,2619.4,2619.7,2617.1,2618.0,704
2025-07-11T13:45:00+05:30,2618.5,2619.3,2617.2,2619.1,943
2025-07-11T13:46:00+05:30,2618.3,2619.4,2618.0,2619.4,210
2025-07-11T13:47:00+05:30,2617.1,2617.9,2616.6,2617.9,171
2025-07-11T13:48:00+05:30,2616.8,2618.7,2616.8,2618.0,163
2025-07-11T13:49:00+05:30,2618.9,2620.0,2618.6,2619.1,68
2025-07-11T13:50:00+05:30,2619.8,2620.3,2618.2,2620.2,84
2025-07-11T13:51:00+05:30,2619.7,2620.4,2618.5,2619.3,450
2025-07-11T13:52:00+05:30,2620.4,2620.5,2619.4,2619.8,77
2025-07-11T13:53:00+05:30,2619.8,2622.1,2619.8,2622.1,824
2025-07-11T13:54:00+05:30,2622.0,2623.0,2621.6,2621.9,463
2025-07-11T13:55:00+05:30,2621.5,2623.7,2621.5,2623.7,54
2025-07-11T13:56:00+05:30,2623.0,2623.6,2622.3,2622.3,127
2025-07-11T13:57:00+05:30,2622.4,2622.4,2622.0,2622.0,238
2025-07-11T13:58:00+05:30,2622.1,2622.6,2622.0,2622.0,55
2025-07-11T13:59:00+05:30,2622.6,2622.6,2622.0,2622.0,127
2025-07-11T14:00:00+05:30,2622.5,2623.6,2620.0,2620.0,1328
2025-07-11T14:01:00+05:30,2619.6,2620.3,2619.5,2620.0,100
2025-07-11T14:02:00+05:30,2620.0,2620.5,2620.0,2620.5,74
2025-07-11T14:03:00+05:30,2620.8,2620.8,2618.4,2619.5,27
2025-07-11T14:04:00+05:30,2618.6,2619.5,2618.2,2618.2,5
2025-07-11T14:05:00+05:30,2618.2,2619.3,2618.2,2619.3,104
2025-07-11T14:06:00+05:30,2618.3,2619.3,2618.2,2618.2,26
2025-07-11T14:07:00+05:30,2618.3,2619.3,2616.6,2616.6,422
2025-07-11T14:08:00+05:30,2616.7,2619.0,2616.6,2616.6,462
2025-07-11T14:09:00+05:30,2617.0,2617.0,2616.7,2616.8,26
2025-07-11T14:10:00+05:30,2616.8,2616.9,2616.6,2616.6,263
2025-07-11T14:11:00+05:30,2615.1,2617.2,2614.8,2617.2,693
2025-07-11T14:12:00+05:30,2617.2,2620.0,2617.2,2620.0,285
2025-07-11T14:13:00+05:30,2618.0,2618.7,2617.2,2618.7,119
2025-07-11T14:14:00+05:30,2617.6,2618.3,2617.0,2617.0,136
2025-07-11T14:15:00+05:30,2618.5,2618.6,2618.0,2618.6,145
2025-07-11T14:16:00+05:30,2618.3,2618.3,2618.2,2618.2,24
2025-07-11T14:17:00+05:30,2618.6,2627.7,2618.3,2626.8,2688
2025-07-11T14:18:00+05:30,2626.8,2631.8,2626.8,2630.2,1505
2025-07-11T14:19:00+05:30,2630.2,2633.5,2630.2,2633.0,1345
2025-07-11T14:20:00+05:30,2633.6,2636.0,2633.0,2633.0,2135
2025-07-11T14:21:00+05:30,2633.1,2635.5,2632.2,2632.2,3297
2025-07-11T14:22:00+05:30,2632.3,2633.2,2632.3,2632.9,135
2025-07-11T14:23:00+05:30,2633.0,2634.4,2631.3,2633.0,1927
2025-07-11T14:24:00+05:30,2634.0,2636.3,2634.0,2635.8,1000
2025-07-11T14:25:00+05:30,2636.4,2637.5,2635.0,2635.2,2351
2025-07-11T14:26:00+05:30,2635.2,2636.0,2635.2,2635.8,166
2025-07-11T14:27:00+05:30,2635.5,2637.9,2634.7,2635.7,2700
2025-07-11T14:28:00+05:30,2635.1,2637.8,2635.1,2636.8,357
2025-07-11T14:29:00+05:30,2637.4,2637.9,2636.3,2636.3,3164
2025-07-11T14:30:00+05:30,2635.5,2636.8,2635.5,2636.8,98
2025-07-11T14:31:00+05:30,2636.6,2637.8,2636.6,2637.4,1776
2025-07-11T14:32:00+05:30,2638.0,2640.8,2637.4,2640.1,3579
2025-07-11T14:33:00+05:30,2640.1,2640.9,2637.2,2638.9,1931
2025-07-11T14:34:00+05:30,2639.0,2640.4,2638.7,2639.2,651
2025-07-11T14:35:00+05:30,2640.0,2640.9,2639.3,2640.9,959
2025-07-11T14:36:00+05:30,2640.6,2642.8,2640.6,2641.6,5543
2025-07-11T14:37:00+05:30,2642.5,2642.5,2641.6,2641.6,626
2025-07-11T14:38:00+05:30,2641.6,2641.7,2638.8,2640.0,2056
2025-07-11T14:39:00+05:30,2640.0,2642.5,2640.0,2642.5,633
2025-07-11T14:40:00+05:30,2641.7,2643.9,2641.7,2643.9,1533
2025-07-11T14:41:00+05:30,2643.0,2644.9,2641.6,2642.0,5109
2025-07-11T14:42:00+05:30,2642.0,2642.8,2641.1,2642.3,434
2025-07-11T14:43:00+05:30,2642.3,2642.3,2639.8,2640.2,1384
2025-07-11T14:44:00+05:30,2639.2,2641.9,2639.2,2639.4,1562
2025-07-11T14:45:00+05:30,2639.3,2641.1,2638.5,2639.8,1950
2025-07-11T14:46:00+05:30,2639.8,2639.8,2638.6,2639.0,271
2025-07-11T14:47:00+05:30,2639.0,2639.8,2639.0,2639.3,2681
2025-07-11T14:48:00+05:30,2638.0,2638.9,2636.8,2636.8,1444
2025-07-11T14:49:00+05:30,2637.9,2637.9,2636.7,2637.0,761
2025-07-11T14:50:00+05:30,2636.7,2637.0,2634.0,2634.3,2728
2025-07-11T14:51:00+05:30,2634.8,2634.8,2634.1,2634.3,637
2025-07-11T14:52:00+05:30,2634.3,2635.2,2632.4,2635.1,2817
2025-07-11T14:53:00+05:30,2634.0,2635.7,2634.0,2634.7,1396
2025-07-11T14:54:00+05:30,2634.7,2635.4,2634.6,2635.4,690
2025-07-11T14:55:00+05:30,2635.4,2636.8,2635.2,2636.3,1570
2025-07-11T14:56:00+05:30,2636.2,2636.5,2636.2,2636.5,907
2025-07-11T14:57:00+05:30,2636.2,2639.0,2636.2,2639.0,1870
2025-07-11T14:58:00+05:30,2638.9,2638.9,2636.2,2636.2,3013
2025-07-11T14:59:00+05:30,2636.5,2637.8,2636.5,2636.7,1301
2025-07-11T15:00:00+05:30,2635.6,2639.1,2635.6,2637.1,2597
2025-07-11T15:01:00+05:30,2637.1,2642.5,2637.0,2641.1,5354
2025-07-11T15:02:00+05:30,2641.1,2641.1,2637.6,2638.0,4912
2025-07-11T15:03:00+05:30,2638.0,2640.3,2638.0,2639.1,8755
2025-07-11T15:04:00+05:30,2639.0,2640.8,2639.0,2640.8,4924
2025-07-11T15:05:00+05:30,2639.8,2641.6,2639.8,2640.2,4892
2025-07-11T15:06:00+05:30,2640.2,2642.0,2640.2,2641.8,4105
2025-07-11T15:07:00+05:30,2641.8,2642.0,2641.1,2641.8,3490
2025-07-11T15:08:00+05:30,2641.8,2641.9,2640.0,2641.7,4270
2025-07-11T15:09:00+05:30,2640.7,2644.1,2640.6,2642.5,4249
2025-07-11T15:10:00+05:30,2642.5,2645.0,2641.7,2645.0,2328
2025-07-11T15:11:00+05:30,2644.8,2646.4,2644.8,2646.1,3953
2025-07-11T15:12:00+05:30,2646.1,2646.5,2640.8,2642.2,8049
2025-07-11T15:13:00+05:30,2641.5,2643.3,2641.5,2641.9,3567
2025-07-11T15:14:00+05:30,2641.9,2643.7,2641.9,2643.7,3251
2025-07-11T15:15:00+05:30,2643.0,2644.1,2641.2,2641.9,4187
2025-07-11T15:16:00+05:30,2641.9,2641.9,2639.3,2639.5,3991
2025-07-11T15:17:00+05:30,2639.3,2640.5,2637.2,2638.3,3861
2025-07-11T15:18:00+05:30,2638.3,2641.9,2638.2,2638.9,9417
2025-07-11T15:19:00+05:30,2638.9,2640.3,2637.8,2639.6,3273
2025-07-11T15:20:00+05:30,2639.6,2642.7,2638.4,2640.5,5983
2025-07-11T15:21:00+05:30,2639.6,2641.0,2638.7,2640.1,4034
2025-07-11T15:22:00+05:30,2639.6,2641.2,2638.3,2640.0,4353
2025-07-11T15:23:00+05:30,2639.0,2640.9,2638.3,2640.9,3613
2025-07-11T15:24:00+05:30,2640.7,2642.6,2639.9,2640.9,3706
2025-07-11T15:25:00+05:30,2639.9,2642.5,2639.9,2641.6,2472
2025-07-11T15:26:00+05:30,2641.6,2641.8,2639.0,2639.1,1628
2025-07-11T15:27:00+05:30,2639.1,2639.3,2635.7,2636.1,1849
2025-07-11T15:28:00+05:30,2636.0,2636.1,2624.6,2625.0,1945
2025-07-11T15:29:00+05:30,2624.9,2640.7,2624.9,2640.7,1912
