timestamp,open,high,low,close,volume
2025-07-18T09:15:00+05:30,2992.0,2992.0,2983.2,2988.3,1443
2025-07-18T09:16:00+05:30,2989.4,2995.5,2988.2,2990.0,1385
2025-07-18T09:17:00+05:30,2990.0,2990.0,2984.0,2984.1,470
2025-07-18T09:18:00+05:30,2985.4,2987.1,2985.4,2985.7,152
2025-07-18T09:19:00+05:30,2986.6,2986.8,2985.5,2986.5,62
2025-07-18T09:20:00+05:30,2986.0,2987.8,2985.0,2985.8,141
2025-07-18T09:21:00+05:30,2987.7,2987.7,2985.6,2986.0,60
2025-07-18T09:22:00+05:30,2986.0,2987.8,2985.7,2987.8,185
2025-07-18T09:23:00+05:30,2987.1,2987.8,2985.8,2987.6,74
2025-07-18T09:24:00+05:30,2987.0,2987.6,2986.2,2986.2,80
2025-07-18T09:25:00+05:30,2986.9,2986.9,2986.1,2986.9,125
2025-07-18T09:26:00+05:30,2986.9,2986.9,2986.0,2986.0,317
2025-07-18T09:27:00+05:30,2986.5,2986.5,2986.1,2986.1,78
2025-07-18T09:28:00+05:30,2986.2,2986.2,2984.0,2984.1,292
2025-07-18T09:29:00+05:30,2984.1,2984.1,2984.0,2984.0,84
2025-07-18T09:30:00+05:30,2984.1,2984.6,2984.0,2984.6,93
2025-07-18T09:31:00+05:30,2984.6,2986.0,2984.0,2984.0,671
2025-07-18T09:32:00+05:30,2983.8,2985.0,2983.0,2985.0,138
2025-07-18T09:33:00+05:30,2986.7,2986.7,2984.8,2984.8,73
2025-07-18T09:34:00+05:30,2985.3,2986.7,2985.0,2986.7,77
2025-07-18T09:35:00+05:30,2986.6,2987.4,2984.8,2984.8,592
2025-07-18T09:36:00+05:30,2984.5,2985.1,2983.6,2984.1,211
2025-07-18T09:37:00+05:30,2985.0,2985.1,2983.3,2984.8,52
2025-07-18T09:38:00+05:30,2983.8,2985.5,2983.7,2985.1,82
2025-07-18T09:39:00+05:30,2984.9,2985.2,2984.9,2985.2,17
2025-07-18T09:40:00+05:30,2985.2,2985.5,2985.1,2985.1,54
2025-07-18T09:41:00+05:30,2985.2,2987.4,2984.1,2984.1,295
2025-07-18T09:42:00+05:30,2984.1,2984.7,2980.2,2980.2,621
2025-07-18T09:43:00+05:30,2980.2,2980.2,2978.0,2978.0,1416
2025-07-18T09:44:00+05:30,2978.0,2978.2,2977.1,2978.0,106
2025-07-18T09:45:00+05:30,2977.9,2977.9,2977.0,2977.2,60
2025-07-18T09:46:00+05:30,2977.0,2978.1,2977.0,2977.8,101
2025-07-18T09:47:00+05:30,2979.7,2980.3,2978.7,2979.0,163
2025-07-18T09:48:00+05:30,2979.3,2979.3,2978.4,2979.2,47
2025-07-18T09:49:00+05:30,2979.2,2979.2,2978.3,2978.3,27
2025-07-18T09:50:00+05:30,2978.4,2978.4,2978.4,2978.4,63
2025-07-18T09:51:00+05:30,2978.4,2978.4,2978.3,2978.3,51
2025-07-18T09:52:00+05:30,2978.3,2978.3,2977.1,2977.8,357
2025-07-18T09:53:00+05:30,2977.1,2978.0,2976.1,2976.3,420
2025-07-18T09:54:00+05:30,2976.1,2977.2,2976.1,2976.3,63
2025-07-18T09:55:00+05:30,2976.7,2977.8,2976.3,2977.7,91
2025-07-18T09:56:00+05:30,2976.6,2977.0,2975.0,2975.8,252
2025-07-18T09:57:00+05:30,2975.0,2975.0,2974.8,2975.0,65
2025-07-18T09:58:00+05:30,2975.0,2975.0,2974.0,2974.0,98
2025-07-18T09:59:00+05:30,2973.7,2973.9,2973.7,2973.9,118
2025-07-18T10:00:00+05:30,2973.9,2975.4,2973.9,2975.4,201
2025-07-18T10:01:00+05:30,2974.0,2974.2,2973.9,2974.2,32
2025-07-18T10:02:00+05:30,2974.2,2975.0,2973.2,2973.2,262
2025-07-18T10:03:00+05:30,2973.1,2974.1,2972.2,2972.2,139
2025-07-18T10:04:00+05:30,2972.3,2972.3,2972.0,2972.1,51
2025-07-18T10:05:00+05:30,2972.0,2972.1,2970.1,2971.2,1312
2025-07-18T10:06:00+05:30,2971.0,2972.0,2970.0,2971.1,51304
2025-07-18T10:07:00+05:30,2970.6,2971.1,2970.0,2971.0,325
2025-07-18T10:08:00+05:30,2970.6,2970.6,2970.0,2970.0,97
2025-07-18T10:09:00+05:30,2970.0,2970.0,2968.7,2969.1,334
2025-07-18T10:10:00+05:30,2969.0,2970.6,2969.0,2969.5,178
2025-07-18T10:11:00+05:30,2970.5,2970.6,2969.5,2969.7,36
2025-07-18T10:12:00+05:30,2969.7,2971.0,2968.7,2968.7,306
2025-07-18T10:13:00+05:30,2970.0,2970.0,2967.3,2967.3,71
2025-07-18T10:14:00+05:30,2968.3,2968.3,2967.0,2968.2,119
2025-07-18T10:15:00+05:30,2968.1,2968.2,2966.0,2968.1,1631
2025-07-18T10:16:00+05:30,2967.1,2970.4,2966.0,2969.5,529
2025-07-18T10:17:00+05:30,2969.5,2969.5,2966.0,2966.8,166
2025-07-18T10:18:00+05:30,2966.9,2967.7,2965.0,2965.0,296
2025-07-18T10:19:00+05:30,2966.3,2967.0,2965.1,2965.5,84
2025-07-18T10:20:00+05:30,2965.6,2965.6,2960.0,2960.0,480
2025-07-18T10:21:00+05:30,2960.0,2965.1,2956.9,2963.7,469
2025-07-18T10:22:00+05:30,2963.3,2966.4,2963.2,2964.5,88
2025-07-18T10:23:00+05:30,2963.4,2964.6,2963.4,2963.7,20
2025-07-18T10:24:00+05:30,2964.5,2964.5,2963.7,2964.1,10
2025-07-18T10:25:00+05:30,2964.0,2967.4,2964.0,2965.1,101
2025-07-18T10:26:00+05:30,2964.5,2966.7,2964.1,2964.5,314
2025-07-18T10:27:00+05:30,2964.6,2964.7,2964.0,2964.0,78
2025-07-18T10:28:00+05:30,2964.0,2964.0,2960.2,2960.3,195
2025-07-18T10:29:00+05:30,2960.2,2962.7,2960.2,2961.8,62
2025-07-18T10:30:00+05:30,2961.1,2961.4,2959.0,2959.0,354
2025-07-18T10:31:00+05:30,2959.2,2962.6,2959.2,2959.2,345
2025-07-18T10:32:00+05:30,2959.8,2961.2,2959.4,2959.7,84
2025-07-18T10:33:00+05:30,2959.8,2960.5,2959.7,2960.5,50
2025-07-18T10:34:00+05:30,2959.7,2962.7,2959.7,2961.7,132
2025-07-18T10:35:00+05:30,2962.2,2963.4,2961.7,2961.7,98
2025-07-18T10:36:00+05:30,2961.7,2961.8,2960.0,2960.8,1086
2025-07-18T10:37:00+05:30,2961.3,2962.3,2960.9,2961.0,101
2025-07-18T10:38:00+05:30,2961.9,2962.0,2960.5,2960.5,141
2025-07-18T10:39:00+05:30,2960.5,2960.5,2960.0,2960.5,64
2025-07-18T10:40:00+05:30,2960.3,2960.5,2960.1,2960.3,29
2025-07-18T10:41:00+05:30,2960.2,2960.3,2959.1,2959.7,183
2025-07-18T10:42:00+05:30,2959.7,2960.5,2959.7,2960.5,29
2025-07-18T10:43:00+05:30,2960.5,2961.6,2960.0,2960.1,90
2025-07-18T10:44:00+05:30,2960.1,2960.4,2958.9,2960.4,259
2025-07-18T10:45:00+05:30,2960.4,2960.4,2960.3,2960.3,10
2025-07-18T10:46:00+05:30,2960.4,2961.4,2960.3,2960.3,157
2025-07-18T10:47:00+05:30,2960.7,2961.9,2958.0,2961.8,366
2025-07-18T10:48:00+05:30,2961.9,2962.0,2960.7,2960.9,23
2025-07-18T10:49:00+05:30,2961.3,2961.5,2960.0,2960.8,18
2025-07-18T10:50:00+05:30,2960.8,2961.9,2960.8,2961.9,113
2025-07-18T10:51:00+05:30,2961.9,2972.0,2960.0,2964.6,2226
2025-07-18T10:52:00+05:30,2965.8,2965.8,2963.5,2964.4,70
2025-07-18T10:53:00+05:30,2964.4,2965.2,2964.4,2964.4,32
2025-07-18T10:54:00+05:30,2964.5,2965.6,2963.9,2964.0,240
2025-07-18T10:55:00+05:30,2964.0,2965.3,2964.0,2964.6,12
2025-07-18T10:56:00+05:30,2964.6,2965.4,2962.6,2962.7,97
2025-07-18T10:57:00+05:30,2963.5,2964.1,2962.6,2962.9,32
2025-07-18T10:58:00+05:30,2963.0,2964.3,2960.0,2960.0,319
2025-07-18T10:59:00+05:30,2960.0,2961.9,2960.0,2960.1,170
2025-07-18T11:00:00+05:30,2961.5,2961.8,2959.5,2959.5,241
2025-07-18T11:01:00+05:30,2959.4,2960.9,2957.2,2957.2,85
2025-07-18T11:02:00+05:30,2958.4,2958.5,2957.1,2958.3,60
2025-07-18T11:03:00+05:30,2959.3,2959.3,2958.0,2958.1,33
2025-07-18T11:04:00+05:30,2959.1,2961.5,2958.2,2961.4,204
2025-07-18T11:05:00+05:30,2960.7,2961.4,2959.6,2959.8,107
2025-07-18T11:06:00+05:30,2960.4,2961.3,2959.8,2959.8,81
2025-07-18T11:07:00+05:30,2959.9,2962.3,2959.5,2960.1,150
2025-07-18T11:08:00+05:30,2960.1,2960.7,2960.0,2960.7,84
2025-07-18T11:09:00+05:30,2960.7,2960.7,2958.4,2958.9,275
2025-07-18T11:10:00+05:30,2958.9,2961.0,2958.2,2958.5,288
2025-07-18T11:11:00+05:30,2959.6,2959.6,2958.2,2958.2,37
2025-07-18T11:12:00+05:30,2959.4,2959.4,2958.3,2958.3,29
2025-07-18T11:13:00+05:30,2958.6,2960.1,2958.5,2959.8,31
2025-07-18T11:14:00+05:30,2959.8,2959.8,2958.7,2959.5,29
2025-07-18T11:15:00+05:30,2959.5,2959.5,2958.2,2959.3,77
2025-07-18T11:16:00+05:30,2959.3,2959.3,2958.4,2959.3,12
2025-07-18T11:17:00+05:30,2959.3,2959.3,2958.5,2958.7,55
2025-07-18T11:18:00+05:30,2958.5,2960.0,2958.5,2958.5,77
2025-07-18T11:19:00+05:30,2959.0,2959.7,2958.5,2959.4,70
2025-07-18T11:20:00+05:30,2959.7,2960.2,2959.4,2959.4,25
2025-07-18T11:21:00+05:30,2959.5,2962.7,2959.4,2959.4,162
2025-07-18T11:22:00+05:30,2959.4,2962.4,2958.9,2958.9,403
2025-07-18T11:23:00+05:30,2958.9,2960.7,2958.9,2960.0,153
2025-07-18T11:24:00+05:30,2959.8,2960.2,2959.0,2959.0,101
2025-07-18T11:25:00+05:30,2959.1,2959.6,2959.0,2959.6,13
2025-07-18T11:26:00+05:30,2959.6,2960.7,2959.1,2959.3,86
2025-07-18T11:27:00+05:30,2959.4,2960.4,2959.4,2960.4,3
2025-07-18T11:28:00+05:30,2960.1,2960.1,2959.1,2959.1,32
2025-07-18T11:29:00+05:30,2959.4,2959.6,2959.1,2959.6,84
2025-07-18T11:30:00+05:30,2959.6,2961.4,2959.1,2960.7,272
2025-07-18T11:31:00+05:30,2960.4,2960.7,2960.4,2960.4,24
2025-07-18T11:32:00+05:30,2960.4,2960.6,2960.0,2960.6,81
2025-07-18T11:33:00+05:30,2960.6,2961.7,2960.2,2960.3,102
2025-07-18T11:34:00+05:30,2961.5,2961.6,2959.0,2959.0,437
2025-07-18T11:35:00+05:30,2959.6,2959.6,2958.8,2958.8,35
2025-07-18T11:36:00+05:30,2958.8,2960.5,2958.5,2960.5,98
2025-07-18T11:37:00+05:30,2959.0,2960.5,2959.0,2959.0,34
2025-07-18T11:38:00+05:30,2958.9,2959.3,2958.5,2959.3,46
2025-07-18T11:39:00+05:30,2959.2,2962.0,2958.6,2959.9,150
2025-07-18T11:40:00+05:30,2959.9,2961.8,2959.9,2960.7,46
2025-07-18T11:41:00+05:30,2960.8,2962.1,2960.8,2962.1,56
2025-07-18T11:42:00+05:30,2960.8,2961.4,2960.5,2960.5,42
2025-07-18T11:43:00+05:30,2960.6,2963.1,2959.1,2959.4,905
2025-07-18T11:44:00+05:30,2960.5,2960.5,2958.9,2958.9,52
2025-07-18T11:45:00+05:30,2958.8,2959.9,2958.6,2959.3,13
2025-07-18T11:46:00+05:30,2958.9,2959.6,2958.5,2958.5,46
2025-07-18T11:47:00+05:30,2958.6,2960.7,2958.5,2959.6,208
2025-07-18T11:48:00+05:30,2959.3,2960.7,2958.5,2958.7,122
2025-07-18T11:49:00+05:30,2958.7,2960.2,2958.5,2959.0,32
2025-07-18T11:50:00+05:30,2959.1,2960.0,2958.9,2959.9,109
2025-07-18T11:51:00+05:30,2959.9,2961.4,2959.0,2960.2,206
2025-07-18T11:52:00+05:30,2960.2,2961.2,2959.0,2959.1,228
2025-07-18T11:53:00+05:30,2959.0,2961.1,2959.0,2960.2,344
2025-07-18T11:54:00+05:30,2960.7,2960.7,2955.0,2955.0,2782
2025-07-18T11:55:00+05:30,2955.0,2956.3,2950.1,2950.8,1995
2025-07-18T11:56:00+05:30,2950.6,2952.3,2950.0,2950.1,294
2025-07-18T11:57:00+05:30,2950.1,2954.6,2949.5,2953.3,1695
2025-07-18T11:58:00+05:30,2953.0,2954.4,2953.0,2954.3,44
2025-07-18T11:59:00+05:30,2954.3,2956.9,2954.3,2956.3,207
2025-07-18T12:00:00+05:30,2956.0,2957.5,2954.8,2955.4,452
2025-07-18T12:01:00+05:30,2956.2,2958.2,2955.1,2958.2,182
2025-07-18T12:02:00+05:30,2957.3,2959.6,2957.1,2959.6,163
2025-07-18T12:03:00+05:30,2959.4,2960.0,2958.2,2958.5,323
2025-07-18T12:04:00+05:30,2958.5,2958.5,2958.0,2958.5,43
2025-07-18T12:05:00+05:30,2958.5,2959.5,2958.5,2959.5,59
2025-07-18T12:06:00+05:30,2959.7,2959.8,2958.9,2958.9,24
2025-07-18T12:07:00+05:30,2958.9,2959.5,2958.6,2958.9,89
2025-07-18T12:08:00+05:30,2959.2,2959.2,2958.9,2958.9,21
2025-07-18T12:09:00+05:30,2959.0,2959.0,2958.9,2958.9,19
2025-07-18T12:10:00+05:30,2959.0,2963.1,2958.0,2960.1,872
2025-07-18T12:11:00+05:30,2960.4,2960.4,2960.1,2960.1,15
2025-07-18T12:12:00+05:30,2960.1,2962.3,2958.9,2958.9,311
2025-07-18T12:13:00+05:30,2959.5,2961.5,2959.5,2961.5,48
2025-07-18T12:14:00+05:30,2961.5,2961.5,2961.0,2961.0,19
2025-07-18T12:15:00+05:30,2961.0,2962.4,2961.0,2961.0,133
2025-07-18T12:16:00+05:30,2962.0,2962.5,2961.2,2962.5,52
2025-07-18T12:17:00+05:30,2963.5,2964.5,2962.0,2963.4,218
2025-07-18T12:18:00+05:30,2962.3,2962.3,2961.1,2962.0,443
2025-07-18T12:19:00+05:30,2962.0,2962.1,2961.4,2962.0,39
2025-07-18T12:20:00+05:30,2962.0,2962.1,2962.0,2962.1,28
2025-07-18T12:21:00+05:30,2962.0,2962.1,2960.9,2962.0,142
2025-07-18T12:22:00+05:30,2962.0,2962.1,2962.0,2962.0,23
2025-07-18T12:23:00+05:30,2962.0,2962.9,2962.0,2962.0,212
2025-07-18T12:24:00+05:30,2962.0,2964.2,2962.0,2963.0,198
2025-07-18T12:25:00+05:30,2964.2,2970.6,2963.0,2965.3,10499
2025-07-18T12:26:00+05:30,2965.3,2965.8,2964.4,2965.8,78
2025-07-18T12:27:00+05:30,2965.1,2965.4,2965.0,2965.0,65
2025-07-18T12:28:00+05:30,2965.0,2969.2,2965.0,2965.0,486
2025-07-18T12:29:00+05:30,2965.8,2965.9,2963.0,2963.4,518
2025-07-18T12:30:00+05:30,2963.0,2965.4,2962.4,2964.9,161
2025-07-18T12:31:00+05:30,2964.3,2965.5,2964.0,2964.4,88
2025-07-18T12:32:00+05:30,2965.0,2965.8,2965.0,2965.0,59
2025-07-18T12:33:00+05:30,2965.0,2965.1,2964.0,2964.0,171
2025-07-18T12:34:00+05:30,2964.0,2965.4,2964.0,2965.0,121
2025-07-18T12:35:00+05:30,2965.3,2965.3,2965.0,2965.1,58
2025-07-18T12:36:00+05:30,2965.0,2965.1,2965.0,2965.0,46
2025-07-18T12:37:00+05:30,2965.0,2965.1,2964.0,2964.0,200
2025-07-18T12:38:00+05:30,2964.8,2965.0,2964.0,2964.0,168
2025-07-18T12:39:00+05:30,2964.7,2965.0,2964.0,2964.0,119
2025-07-18T12:40:00+05:30,2964.9,2965.0,2964.0,2964.1,109
2025-07-18T12:41:00+05:30,2964.0,2966.0,2964.0,2965.8,131
2025-07-18T12:42:00+05:30,2965.8,2965.8,2964.6,2965.0,569
2025-07-18T12:43:00+05:30,2965.0,2965.7,2964.2,2964.6,115
2025-07-18T12:44:00+05:30,2964.2,2965.0,2964.0,2965.0,102
2025-07-18T12:45:00+05:30,2965.0,2965.8,2965.0,2965.6,75
2025-07-18T12:46:00+05:30,2965.0,2965.9,2964.6,2964.6,164
2025-07-18T12:47:00+05:30,2964.5,2965.4,2964.2,2965.0,53
2025-07-18T12:48:00+05:30,2965.0,2965.1,2965.0,2965.1,36
2025-07-18T12:49:00+05:30,2965.0,2965.1,2965.0,2965.0,55
2025-07-18T12:50:00+05:30,2965.0,2965.1,2965.0,2965.0,41
2025-07-18T12:51:00+05:30,2965.0,2965.4,2965.0,2965.4,53
2025-07-18T12:52:00+05:30,2965.0,2965.0,2965.0,2965.0,5
2025-07-18T12:53:00+05:30,2965.4,2965.4,2965.0,2965.0,57
2025-07-18T12:54:00+05:30,2965.0,2965.3,2965.0,2965.1,47
2025-07-18T12:55:00+05:30,2965.0,2965.1,2965.0,2965.1,18
2025-07-18T12:56:00+05:30,2965.0,2965.0,2965.0,2965.0,1
2025-07-18T12:57:00+05:30,2965.0,2965.1,2965.0,2965.1,24
2025-07-18T12:58:00+05:30,2965.1,2965.1,2965.0,2965.0,45
2025-07-18T12:59:00+05:30,2965.1,2966.0,2965.0,2965.0,218
2025-07-18T13:00:00+05:30,2965.5,2965.5,2965.0,2965.2,13
2025-07-18T13:01:00+05:30,2965.0,2965.6,2965.0,2965.1,31
2025-07-18T13:02:00+05:30,2965.1,2965.2,2965.1,2965.1,48
2025-07-18T13:03:00+05:30,2965.2,2965.2,2965.1,2965.1,33
2025-07-18T13:04:00+05:30,2965.1,2965.9,2965.0,2965.0,46
2025-07-18T13:05:00+05:30,2966.0,2966.0,2965.0,2965.0,11
2025-07-18T13:06:00+05:30,2965.1,2965.5,2965.0,2965.0,78
2025-07-18T13:07:00+05:30,2965.0,2965.2,2965.0,2965.1,124
2025-07-18T13:08:00+05:30,2965.2,2966.0,2965.1,2965.2,31
2025-07-18T13:09:00+05:30,2965.1,2965.9,2964.5,2965.1,1827
2025-07-18T13:10:00+05:30,2965.1,2965.8,2965.1,2965.1,49
2025-07-18T13:11:00+05:30,2965.1,2970.0,2965.1,2969.3,653
2025-07-18T13:12:00+05:30,2970.2,2972.2,2970.0,2971.3,139
2025-07-18T13:13:00+05:30,2971.3,2971.6,2970.0,2970.4,220
2025-07-18T13:14:00+05:30,2970.4,2970.4,2970.0,2970.0,43
2025-07-18T13:15:00+05:30,2970.0,2971.2,2970.0,2970.0,114
2025-07-18T13:16:00+05:30,2971.2,2971.2,2970.2,2971.1,19
2025-07-18T13:17:00+05:30,2970.2,2971.0,2970.0,2970.0,15
2025-07-18T13:18:00+05:30,2970.0,2970.1,2970.0,2970.0,35
2025-07-18T13:19:00+05:30,2970.1,2970.1,2970.0,2970.0,32
2025-07-18T13:20:00+05:30,2970.0,2970.1,2969.9,2970.0,232
2025-07-18T13:21:00+05:30,2970.0,2970.0,2968.6,2970.0,212
2025-07-18T13:22:00+05:30,2970.0,2971.0,2970.0,2970.5,46
2025-07-18T13:23:00+05:30,2970.5,2971.7,2970.0,2970.0,141
2025-07-18T13:24:00+05:30,2970.0,2970.1,2970.0,2970.1,12
2025-07-18T13:25:00+05:30,2970.0,2970.1,2970.0,2970.0,82
2025-07-18T13:26:00+05:30,2970.0,2970.1,2970.0,2970.0,35
2025-07-18T13:27:00+05:30,2970.1,2970.1,2970.0,2970.0,76
2025-07-18T13:28:00+05:30,2970.1,2970.1,2967.1,2967.1,405
2025-07-18T13:29:00+05:30,2968.0,2970.5,2963.7,2970.0,1522
2025-07-18T13:30:00+05:30,2970.1,2970.1,2970.0,2970.0,66
2025-07-18T13:31:00+05:30,2970.0,2970.1,2970.0,2970.0,44
2025-07-18T13:32:00+05:30,2970.0,2970.1,2970.0,2970.0,71
2025-07-18T13:33:00+05:30,2970.0,2970.1,2970.0,2970.1,47
2025-07-18T13:34:00+05:30,2970.1,2970.1,2970.0,2970.0,15
2025-07-18T13:35:00+05:30,2970.0,2970.5,2970.0,2970.5,101
2025-07-18T13:36:00+05:30,2970.7,2971.3,2970.1,2970.1,76
2025-07-18T13:37:00+05:30,2971.1,2971.1,2970.2,2970.2,3
2025-07-18T13:38:00+05:30,2970.2,2971.7,2970.0,2971.6,538
2025-07-18T13:39:00+05:30,2970.4,2971.0,2970.1,2970.1,66
2025-07-18T13:40:00+05:30,2970.1,2971.9,2970.0,2971.9,150
2025-07-18T13:41:00+05:30,2971.9,2971.9,2971.3,2971.8,4
2025-07-18T13:42:00+05:30,2971.1,2971.7,2970.1,2970.9,231
2025-07-18T13:43:00+05:30,2971.3,2971.3,2970.1,2970.6,65
2025-07-18T13:44:00+05:30,2970.2,2973.6,2970.2,2973.0,149
2025-07-18T13:45:00+05:30,2973.6,2973.6,2972.2,2972.5,86
2025-07-18T13:46:00+05:30,2972.5,2972.5,2970.2,2970.2,299
2025-07-18T13:47:00+05:30,2970.5,2970.5,2970.0,2970.3,243
2025-07-18T13:48:00+05:30,2970.3,2970.3,2964.5,2965.3,4780
2025-07-18T13:49:00+05:30,2965.5,2969.7,2965.5,2967.3,198
2025-07-18T13:50:00+05:30,2968.5,2968.9,2966.8,2968.8,130
2025-07-18T13:51:00+05:30,2968.8,2970.0,2967.1,2967.2,513
2025-07-18T13:52:00+05:30,2968.6,2968.7,2967.1,2968.1,86
2025-07-18T13:53:00+05:30,2968.3,2968.4,2966.5,2967.5,206
2025-07-18T13:54:00+05:30,2968.3,2968.4,2967.2,2967.2,132
2025-07-18T13:55:00+05:30,2967.2,2967.3,2965.9,2967.2,191
2025-07-18T13:56:00+05:30,2967.2,2967.4,2966.1,2966.3,83
2025-07-18T13:57:00+05:30,2966.3,2967.4,2965.1,2967.4,181
2025-07-18T13:58:00+05:30,2966.1,2969.0,2966.1,2968.7,429
2025-07-18T13:59:00+05:30,2969.2,2969.5,2967.9,2968.6,122
2025-07-18T14:00:00+05:30,2968.2,2969.9,2967.8,2969.1,94
2025-07-18T14:01:00+05:30,2969.7,2970.0,2968.0,2969.0,251
2025-07-18T14:02:00+05:30,2969.0,2969.0,2967.9,2968.2,83
2025-07-18T14:03:00+05:30,2968.2,2968.9,2967.8,2968.9,94
2025-07-18T14:04:00+05:30,2967.9,2968.7,2966.3,2968.2,197
2025-07-18T14:05:00+05:30,2968.2,2971.3,2965.0,2965.4,2446
2025-07-18T14:06:00+05:30,2965.5,2969.0,2965.5,2968.2,132
2025-07-18T14:07:00+05:30,2969.0,2969.5,2967.7,2967.8,112
2025-07-18T14:08:00+05:30,2968.0,2969.5,2968.0,2969.5,97
2025-07-18T14:09:00+05:30,2968.4,2969.4,2967.5,2968.3,100
2025-07-18T14:10:00+05:30,2968.7,2969.3,2968.2,2968.2,82
2025-07-18T14:11:00+05:30,2968.1,2969.7,2967.4,2968.2,153
2025-07-18T14:12:00+05:30,2968.2,2969.4,2967.9,2968.2,138
2025-07-18T14:13:00+05:30,2968.2,2969.6,2966.7,2966.7,111
2025-07-18T14:14:00+05:30,2966.8,2968.0,2966.5,2967.3,83
2025-07-18T14:15:00+05:30,2967.5,2968.7,2967.1,2967.3,224
2025-07-18T14:16:00+05:30,2967.4,2968.8,2964.0,2964.7,616
2025-07-18T14:17:00+05:30,2965.0,2966.1,2964.3,2965.5,147
2025-07-18T14:18:00+05:30,2965.6,2966.6,2964.3,2965.8,145
2025-07-18T14:19:00+05:30,2965.1,2966.3,2964.5,2964.5,89
2025-07-18T14:20:00+05:30,2964.7,2965.0,2964.4,2964.4,143
2025-07-18T14:21:00+05:30,2964.7,2964.7,2963.9,2963.9,81
2025-07-18T14:22:00+05:30,2964.6,2965.0,2963.1,2963.1,176
2025-07-18T14:23:00+05:30,2964.7,2966.9,2963.5,2966.1,210
2025-07-18T14:24:00+05:30,2966.9,2967.1,2965.1,2966.5,163
2025-07-18T14:25:00+05:30,2966.5,2967.9,2965.0,2965.3,397
2025-07-18T14:26:00+05:30,2966.5,2966.9,2964.7,2965.2,128
2025-07-18T14:27:00+05:30,2965.3,2965.5,2963.8,2964.3,142
2025-07-18T14:28:00+05:30,2966.2,2967.0,2965.0,2965.3,130
2025-07-18T14:29:00+05:30,2967.0,2967.3,2964.6,2964.9,324
2025-07-18T14:30:00+05:30,2966.3,2966.7,2964.8,2965.9,85
2025-07-18T14:31:00+05:30,2965.6,2965.8,2964.0,2964.0,135
2025-07-18T14:32:00+05:30,2964.8,2968.0,2964.0,2967.7,623
2025-07-18T14:33:00+05:30,2966.7,2967.9,2966.5,2966.9,162
2025-07-18T14:34:00+05:30,2967.9,2968.5,2966.5,2966.6,173
2025-07-18T14:35:00+05:30,2967.8,2968.1,2966.6,2966.7,91
2025-07-18T14:36:00+05:30,2968.1,2968.4,2966.7,2966.8,77
2025-07-18T14:37:00+05:30,2966.8,2970.0,2964.0,2964.2,123305
2025-07-18T14:38:00+05:30,2964.0,2965.8,2963.0,2964.3,9820
2025-07-18T14:39:00+05:30,2965.5,2965.7,2964.0,2964.0,104
2025-07-18T14:40:00+05:30,2965.4,2965.7,2964.0,2964.2,387
2025-07-18T14:41:00+05:30,2966.4,2967.6,2965.3,2967.6,74
2025-07-18T14:42:00+05:30,2967.9,2969.2,2967.0,2967.6,134
2025-07-18T14:43:00+05:30,2968.6,2969.1,2967.2,2967.7,127
2025-07-18T14:44:00+05:30,2967.7,2969.1,2965.9,2968.5,242
2025-07-18T14:45:00+05:30,2968.5,2968.7,2966.7,2966.7,119
2025-07-18T14:46:00+05:30,2968.3,2970.4,2967.4,2969.6,1065
2025-07-18T14:47:00+05:30,2970.8,2970.8,2969.7,2969.8,9
2025-07-18T14:48:00+05:30,2970.1,2970.1,2969.7,2969.7,7
2025-07-18T14:49:00+05:30,2969.6,2969.6,2968.6,2968.6,49
2025-07-18T14:50:00+05:30,2968.6,2968.6,2967.1,2967.2,165
2025-07-18T14:51:00+05:30,2967.3,2967.6,2967.3,2967.6,8
2025-07-18T14:52:00+05:30,2967.0,2967.1,2966.6,2966.6,33
2025-07-18T14:53:00+05:30,2966.9,2967.4,2966.1,2966.2,97
2025-07-18T14:54:00+05:30,2966.3,2966.3,2966.0,2966.0,13
2025-07-18T14:55:00+05:30,2966.8,2966.8,2963.0,2964.5,1277
2025-07-18T14:56:00+05:30,2963.1,2963.1,2958.5,2958.5,1410
2025-07-18T14:57:00+05:30,2958.9,2958.9,2957.5,2957.5,922
2025-07-18T14:58:00+05:30,2957.5,2958.8,2955.5,2955.5,452
2025-07-18T14:59:00+05:30,2955.5,2957.3,2955.1,2957.1,124
2025-07-18T15:00:00+05:30,2956.4,2960.9,2956.4,2958.2,1582
2025-07-18T15:01:00+05:30,2958.7,2961.0,2958.0,2960.3,1209
2025-07-18T15:02:00+05:30,2959.9,2960.0,2956.5,2957.0,1674
2025-07-18T15:03:00+05:30,2957.0,2957.0,2956.4,2956.6,567
2025-07-18T15:04:00+05:30,2956.6,2957.6,2954.4,2955.0,1444
2025-07-18T15:05:00+05:30,2955.0,2956.3,2954.7,2954.8,1607
2025-07-18T15:06:00+05:30,2955.9,2957.3,2954.7,2955.1,2536
2025-07-18T15:07:00+05:30,2956.1,2957.2,2955.3,2957.0,541
2025-07-18T15:08:00+05:30,2957.0,2957.0,2956.1,2956.6,816
2025-07-18T15:09:00+05:30,2956.6,2957.8,2956.3,2957.6,587
2025-07-18T15:10:00+05:30,2957.3,2958.4,2956.7,2956.8,1197
2025-07-18T15:11:00+05:30,2957.6,2957.6,2956.7,2957.3,537
2025-07-18T15:12:00+05:30,2957.3,2961.6,2957.1,2960.5,824
2025-07-18T15:13:00+05:30,2961.3,2961.4,2959.5,2959.7,1277
2025-07-18T15:14:00+05:30,2960.0,2961.2,2958.5,2959.0,1074
2025-07-18T15:15:00+05:30,2959.0,2959.6,2956.8,2958.0,1882
2025-07-18T15:16:00+05:30,2958.0,2958.0,2955.6,2955.9,883
2025-07-18T15:17:00+05:30,2956.1,2958.3,2955.9,2957.1,786
2025-07-18T15:18:00+05:30,2958.2,2960.4,2956.8,2959.7,1123
2025-07-18T15:19:00+05:30,2959.7,2961.0,2958.9,2959.0,1209
2025-07-18T15:20:00+05:30,2959.8,2961.2,2959.1,2960.0,1929
2025-07-18T15:21:00+05:30,2960.2,2960.2,2956.2,2958.5,2948
2025-07-18T15:22:00+05:30,2958.4,2958.7,2957.0,2958.6,1006
2025-07-18T15:23:00+05:30,2958.6,2959.0,2957.6,2958.8,1785
2025-07-18T15:24:00+05:30,2958.8,2959.8,2956.8,2958.9,3298
2025-07-18T15:25:00+05:30,2959.2,2960.3,2958.1,2958.6,1318
2025-07-18T15:26:00+05:30,2958.7,2961.0,2957.1,2958.7,2164
2025-07-18T15:27:00+05:30,2958.7,2961.9,2957.7,2961.9,1394
2025-07-18T15:28:00+05:30,2961.9,2962.7,2959.2,2962.6,926
2025-07-18T15:29:00+05:30,2962.6,2964.0,2959.6,2961.0,454
2025-07-17T09:15:00+05:30,2988.0,2998.0,2985.0,2993.5,832
2025-07-17T09:16:00+05:30,2992.2,2992.2,2984.0,2989.0,903
2025-07-17T09:17:00+05:30,2989.0,2992.1,2987.8,2988.4,349
2025-07-17T09:18:00+05:30,2988.3,2995.3,2988.3,2991.3,925
2025-07-17T09:19:00+05:30,2990.9,2995.4,2990.9,2993.8,334
2025-07-17T09:20:00+05:30,2993.8,2994.1,2991.8,2993.8,582
2025-07-17T09:21:00+05:30,2992.7,2995.0,2992.7,2995.0,437
2025-07-17T09:22:00+05:30,2995.0,2995.0,2993.8,2993.9,102
2025-07-17T09:23:00+05:30,2993.9,2994.2,2992.9,2993.2,189
2025-07-17T09:24:00+05:30,2993.1,2993.6,2992.9,2992.9,676
2025-07-17T09:25:00+05:30,2992.0,2993.0,2991.2,2992.8,269
2025-07-17T09:26:00+05:30,2992.7,2992.7,2991.4,2991.4,77
2025-07-17T09:27:00+05:30,2991.3,2991.8,2991.1,2991.8,349
2025-07-17T09:28:00+05:30,2991.2,2994.0,2991.1,2994.0,130
2025-07-17T09:29:00+05:30,2995.1,2997.5,2994.5,2995.0,246
2025-07-17T09:30:00+05:30,2994.5,2995.0,2994.2,2994.4,97
2025-07-17T09:31:00+05:30,2994.4,2995.0,2994.0,2994.0,85
2025-07-17T09:32:00+05:30,2994.5,2994.7,2992.2,2992.2,38
2025-07-17T09:33:00+05:30,2992.1,2992.1,2991.4,2991.4,258
2025-07-17T09:34:00+05:30,2991.2,2995.0,2991.0,2995.0,1158
2025-07-17T09:35:00+05:30,2994.6,2994.6,2993.0,2993.7,232
2025-07-17T09:36:00+05:30,2993.1,2995.7,2992.9,2995.7,110
2025-07-17T09:37:00+05:30,2995.7,2995.8,2994.6,2995.8,54
2025-07-17T09:38:00+05:30,2995.8,2996.1,2995.1,2995.1,93
2025-07-17T09:39:00+05:30,2996.1,2996.1,2994.6,2994.6,75
2025-07-17T09:40:00+05:30,2995.0,2995.0,2994.5,2994.5,109
2025-07-17T09:41:00+05:30,2994.6,2994.6,2994.2,2994.2,578
2025-07-17T09:42:00+05:30,2994.2,2999.0,2994.2,2998.3,865
2025-07-17T09:43:00+05:30,2998.9,2999.0,2997.2,2997.2,352
2025-07-17T09:44:00+05:30,2997.8,2997.8,2995.9,2995.9,137
2025-07-17T09:45:00+05:30,2996.8,2996.9,2996.1,2996.1,34
2025-07-17T09:46:00+05:30,2996.3,2996.3,2996.2,2996.3,181
2025-07-17T09:47:00+05:30,2996.3,2996.3,2995.3,2995.3,38
2025-07-17T09:48:00+05:30,2995.9,2996.4,2995.8,2996.4,917
2025-07-17T09:49:00+05:30,2996.9,2998.2,2996.9,2998.2,110
2025-07-17T09:50:00+05:30,2998.1,2998.5,2997.8,2998.0,219
2025-07-17T09:51:00+05:30,2998.6,2998.7,2997.4,2997.6,58
2025-07-17T09:52:00+05:30,2997.5,2998.6,2997.5,2997.6,16
2025-07-17T09:53:00+05:30,2997.6,2997.6,2995.7,2995.7,444
2025-07-17T09:54:00+05:30,2996.0,3000.0,2996.0,2998.9,732
2025-07-17T09:55:00+05:30,2997.9,2998.9,2997.9,2998.9,20
2025-07-17T09:56:00+05:30,2998.9,2998.9,2998.2,2998.2,118
2025-07-17T09:57:00+05:30,2998.2,2998.2,2995.3,2996.2,351
2025-07-17T09:58:00+05:30,2996.2,2997.7,2996.2,2997.7,127
2025-07-17T09:59:00+05:30,2996.6,2996.6,2996.4,2996.6,195
2025-07-17T10:00:00+05:30,2996.6,2996.6,2996.2,2996.6,24
2025-07-17T10:01:00+05:30,2996.6,2996.6,2996.2,2996.3,207
2025-07-17T10:02:00+05:30,2996.3,3000.0,2996.3,2999.8,961
2025-07-17T10:03:00+05:30,2999.9,2999.9,2999.8,2999.9,82
2025-07-17T10:04:00+05:30,2999.8,3000.0,2999.8,3000.0,484
2025-07-17T10:05:00+05:30,3000.0,3000.0,2999.2,2999.2,62
2025-07-17T10:06:00+05:30,2999.2,2999.4,2997.7,2998.1,103
2025-07-17T10:07:00+05:30,2998.1,3000.0,2997.7,2999.9,482
2025-07-17T10:08:00+05:30,2999.8,2999.8,2999.6,2999.6,60
2025-07-17T10:09:00+05:30,2999.6,2999.8,2998.6,2999.0,172
2025-07-17T10:10:00+05:30,2998.5,2999.0,2998.3,2999.0,53
2025-07-17T10:11:00+05:30,2998.6,2999.7,2998.6,2999.7,424
2025-07-17T10:12:00+05:30,2999.7,3003.1,2999.7,3003.1,3539
2025-07-17T10:13:00+05:30,3002.0,3003.9,3002.0,3003.7,388
2025-07-17T10:14:00+05:30,3002.5,3004.0,3002.1,3004.0,579
2025-07-17T10:15:00+05:30,3003.6,3004.0,3001.9,3002.4,389
2025-07-17T10:16:00+05:30,3003.0,3003.0,3001.9,3001.9,41
2025-07-17T10:17:00+05:30,3001.9,3002.5,3000.8,3002.5,348
2025-07-17T10:18:00+05:30,3002.1,3002.1,3001.4,3001.9,84
2025-07-17T10:19:00+05:30,3001.4,3002.5,3000.1,3002.0,806
2025-07-17T10:20:00+05:30,3002.5,3003.0,3002.0,3003.0,216
2025-07-17T10:21:00+05:30,3003.1,3003.1,3002.0,3002.8,31
2025-07-17T10:22:00+05:30,3002.8,3002.8,3002.1,3002.6,49
2025-07-17T10:23:00+05:30,3002.5,3002.6,3002.3,3002.6,171
2025-07-17T10:24:00+05:30,3002.6,3002.7,3001.6,3001.8,263
2025-07-17T10:25:00+05:30,3002.7,3002.7,3001.7,3001.7,28
2025-07-17T10:26:00+05:30,3001.6,3001.6,3001.1,3001.5,109
2025-07-17T10:27:00+05:30,3001.3,3002.9,3000.7,3001.7,842
2025-07-17T10:28:00+05:30,3002.9,3003.7,3002.0,3003.3,310
2025-07-17T10:29:00+05:30,3003.4,3003.4,3002.3,3002.8,50
2025-07-17T10:30:00+05:30,3002.5,3002.8,3001.0,3001.0,93
2025-07-17T10:31:00+05:30,3000.7,3001.0,2999.2,2999.2,356
2025-07-17T10:32:00+05:30,2999.6,3000.7,2999.6,2999.6,26
2025-07-17T10:33:00+05:30,2999.6,3008.0,2999.6,3008.0,2371
2025-07-17T10:34:00+05:30,3008.7,3010.0,3008.1,3008.6,802
2025-07-17T10:35:00+05:30,3008.1,3009.2,3008.0,3008.0,341
2025-07-17T10:36:00+05:30,3007.2,3007.2,3004.7,3005.7,145
2025-07-17T10:37:00+05:30,3005.7,3005.7,3004.5,3004.5,207
2025-07-17T10:38:00+05:30,3004.9,3004.9,3004.4,3004.4,89
2025-07-17T10:39:00+05:30,3004.4,3004.6,3004.1,3004.1,145
2025-07-17T10:40:00+05:30,3004.1,3004.4,3004.1,3004.2,459
2025-07-17T10:41:00+05:30,3004.2,3004.6,3004.1,3004.6,1375
2025-07-17T10:42:00+05:30,3004.6,3005.0,3004.4,3005.0,178
2025-07-17T10:43:00+05:30,3005.5,3005.5,3001.5,3001.5,1389
2025-07-17T10:44:00+05:30,3002.4,3002.4,3000.7,3002.1,72
2025-07-17T10:45:00+05:30,3002.0,3002.0,3000.0,3000.0,262
2025-07-17T10:46:00+05:30,3000.5,3000.5,2999.1,3000.2,623
2025-07-17T10:47:00+05:30,2999.1,2999.1,2997.6,2997.9,2796
2025-07-17T10:48:00+05:30,2997.9,2997.9,2996.9,2996.9,367
2025-07-17T10:49:00+05:30,2997.7,3000.4,2997.7,3000.4,356
2025-07-17T10:50:00+05:30,3000.4,3002.5,3000.2,3001.9,333
2025-07-17T10:51:00+05:30,3002.0,3002.0,3002.0,3002.0,42
2025-07-17T10:52:00+05:30,3002.0,3002.0,3000.5,3000.5,779
2025-07-17T10:53:00+05:30,3000.9,3001.4,3000.5,3000.6,823
2025-07-17T10:54:00+05:30,3000.9,3000.9,3000.6,3000.8,89
2025-07-17T10:55:00+05:30,3000.6,3000.8,2998.4,2999.3,260
2025-07-17T10:56:00+05:30,2998.7,2998.7,2997.2,2998.1,235
2025-07-17T10:57:00+05:30,2998.1,2998.6,2997.9,2998.6,347
2025-07-17T10:58:00+05:30,2998.6,2998.6,2998.6,2998.6,31
2025-07-17T10:59:00+05:30,2998.6,2998.6,2997.7,2997.7,187
2025-07-17T11:00:00+05:30,2997.8,2998.1,2997.3,2998.0,128
2025-07-17T11:01:00+05:30,2999.5,2999.5,2999.2,2999.2,2
2025-07-17T11:02:00+05:30,2998.7,3004.0,2998.7,3003.8,1507
2025-07-17T11:03:00+05:30,3003.3,3003.3,3003.3,3003.3,13
2025-07-17T11:04:00+05:30,3003.3,3003.3,3003.2,3003.3,31
2025-07-17T11:05:00+05:30,3003.3,3004.0,3002.4,3004.0,281
2025-07-17T11:06:00+05:30,3003.6,3003.6,3002.0,3003.2,71
2025-07-17T11:07:00+05:30,3003.2,3003.2,3003.2,3003.2,22
2025-07-17T11:08:00+05:30,3002.9,3002.9,3002.1,3002.1,157
2025-07-17T11:09:00+05:30,3002.7,3002.7,3001.7,3002.2,62
2025-07-17T11:10:00+05:30,3001.2,3001.2,2996.2,2996.3,1230
2025-07-17T11:11:00+05:30,2996.3,2999.4,2996.2,2996.5,599
2025-07-17T11:12:00+05:30,2996.9,2999.7,2996.9,2999.7,93
2025-07-17T11:13:00+05:30,2998.4,2998.4,2997.1,2997.6,65
2025-07-17T11:14:00+05:30,2997.6,2997.6,2996.2,2996.3,171
2025-07-17T11:15:00+05:30,2997.0,2997.0,2996.2,2996.2,46
2025-07-17T11:16:00+05:30,2996.2,2998.9,2995.0,2997.9,1158
2025-07-17T11:17:00+05:30,2998.8,3000.5,2998.8,3000.0,70
2025-07-17T11:18:00+05:30,3000.2,3001.5,3000.2,3001.1,100
2025-07-17T11:19:00+05:30,3000.2,3001.1,3000.2,3000.3,54
2025-07-17T11:20:00+05:30,3000.2,3000.2,2999.6,2999.6,42
2025-07-17T11:21:00+05:30,2999.7,2999.7,2999.5,2999.6,17
2025-07-17T11:22:00+05:30,2999.6,2999.6,2999.1,2999.6,596
2025-07-17T11:23:00+05:30,2999.6,2999.9,2999.6,2999.9,201
2025-07-17T11:24:00+05:30,3002.1,3002.2,3001.2,3001.3,257
2025-07-17T11:25:00+05:30,3002.5,3003.3,3001.2,3001.2,256
2025-07-17T11:26:00+05:30,3002.0,3002.0,2999.6,3001.7,293
2025-07-17T11:27:00+05:30,3001.7,3002.9,3001.0,3002.5,233
2025-07-17T11:28:00+05:30,3002.5,3003.2,3001.4,3001.4,154
2025-07-17T11:29:00+05:30,3002.4,3002.4,3000.4,3001.8,225
2025-07-17T11:30:00+05:30,3001.0,3001.0,2999.7,3000.9,437
2025-07-17T11:31:00+05:30,3000.9,3002.3,2997.0,2997.0,1055
2025-07-17T11:32:00+05:30,2997.3,2997.3,2997.3,2997.3,5
2025-07-17T11:33:00+05:30,2997.2,2997.2,2996.4,2996.4,342
2025-07-17T11:34:00+05:30,2996.9,2996.9,2995.1,2995.1,50
2025-07-17T11:35:00+05:30,2995.1,2995.1,2993.5,2993.7,312
2025-07-17T11:36:00+05:30,2994.7,2998.2,2993.5,2995.7,686
2025-07-17T11:37:00+05:30,2996.3,2997.2,2995.8,2995.8,64
2025-07-17T11:38:00+05:30,2996.8,2999.5,2995.6,2995.6,1176
2025-07-17T11:39:00+05:30,2995.1,2995.1,2994.9,2995.0,110
2025-07-17T11:40:00+05:30,2995.0,2995.6,2994.0,2995.6,98
2025-07-17T11:41:00+05:30,2995.6,2995.7,2994.4,2994.4,35
2025-07-17T11:42:00+05:30,2994.6,2995.6,2993.0,2994.6,1326
2025-07-17T11:43:00+05:30,2994.6,2996.5,2994.6,2994.8,228
2025-07-17T11:44:00+05:30,2995.0,2995.9,2995.0,2995.8,138
2025-07-17T11:45:00+05:30,2995.8,2997.0,2993.9,2994.5,386
2025-07-17T11:46:00+05:30,2993.8,2994.5,2990.0,2990.3,2367
2025-07-17T11:47:00+05:30,2990.1,2991.6,2990.1,2991.5,533
2025-07-17T11:48:00+05:30,2991.5,2991.5,2991.2,2991.2,20
2025-07-17T11:49:00+05:30,2992.0,2992.0,2991.2,2991.2,95
2025-07-17T11:50:00+05:30,2991.2,2991.5,2991.2,2991.3,268
2025-07-17T11:51:00+05:30,2991.3,2991.3,2991.2,2991.2,331
2025-07-17T11:52:00+05:30,2991.0,2995.9,2991.0,2993.2,1332
2025-07-17T11:53:00+05:30,2994.2,2994.2,2992.7,2992.7,250
2025-07-17T11:54:00+05:30,2993.1,2993.1,2992.3,2992.3,158
2025-07-17T11:55:00+05:30,2992.3,2993.0,2992.1,2992.3,64
2025-07-17T11:56:00+05:30,2992.7,2992.7,2992.3,2992.6,16
2025-07-17T11:57:00+05:30,2992.3,2992.3,2991.0,2991.0,598
2025-07-17T11:58:00+05:30,2991.0,2991.1,2991.0,2991.0,48
2025-07-17T11:59:00+05:30,2991.1,2991.1,2990.3,2990.3,338
2025-07-17T12:00:00+05:30,2991.0,2991.0,2990.0,2990.1,37
2025-07-17T12:01:00+05:30,2990.0,2990.1,2990.0,2990.0,295
2025-07-17T12:02:00+05:30,2990.0,2990.1,2990.0,2990.0,49
2025-07-17T12:03:00+05:30,2990.0,2990.1,2990.0,2990.1,50
2025-07-17T12:04:00+05:30,2990.0,2991.1,2989.6,2989.6,776
2025-07-17T12:05:00+05:30,2989.6,2991.6,2989.6,2990.6,251
2025-07-17T12:06:00+05:30,2991.4,2991.4,2987.2,2987.7,1546
2025-07-17T12:07:00+05:30,2987.2,2987.4,2987.1,2987.1,224
2025-07-17T12:08:00+05:30,2987.1,2987.9,2986.0,2987.9,824
2025-07-17T12:09:00+05:30,2987.9,2990.3,2987.9,2988.5,534
2025-07-17T12:10:00+05:30,2988.7,2988.7,2988.7,2988.7,20
2025-07-17T12:11:00+05:30,2988.7,2989.1,2988.7,2988.7,8
2025-07-17T12:12:00+05:30,2988.7,2988.7,2986.0,2986.0,400
2025-07-17T12:13:00+05:30,2986.0,2992.5,2986.0,2989.1,1254
2025-07-17T12:14:00+05:30,2990.1,2990.1,2985.1,2985.9,702
2025-07-17T12:15:00+05:30,2986.7,2988.2,2986.6,2986.6,54
2025-07-17T12:16:00+05:30,2987.5,2988.3,2986.4,2987.0,193
2025-07-17T12:17:00+05:30,2987.0,2991.9,2985.1,2988.1,1124
2025-07-17T12:18:00+05:30,2988.1,2988.1,2987.3,2988.0,313
2025-07-17T12:19:00+05:30,2987.9,2988.7,2987.9,2988.2,164
2025-07-17T12:20:00+05:30,2989.3,2990.0,2988.4,2989.1,225
2025-07-17T12:21:00+05:30,2989.1,2989.1,2987.0,2988.2,446
2025-07-17T12:22:00+05:30,2988.2,2988.2,2986.5,2986.5,60
2025-07-17T12:23:00+05:30,2986.5,2987.0,2986.0,2986.0,269
2025-07-17T12:24:00+05:30,2986.4,2986.9,2985.0,2985.0,443
2025-07-17T12:25:00+05:30,2985.0,2985.2,2985.0,2985.2,155
2025-07-17T12:26:00+05:30,2985.8,2985.8,2985.8,2985.8,2
2025-07-17T12:27:00+05:30,2985.8,2987.6,2985.8,2985.8,401
2025-07-17T12:28:00+05:30,2985.7,2986.1,2985.5,2986.1,353
2025-07-17T12:29:00+05:30,2987.4,2988.2,2986.2,2987.2,381
2025-07-17T12:30:00+05:30,2987.3,2988.9,2987.3,2988.9,43
2025-07-17T12:31:00+05:30,2988.8,2988.8,2988.3,2988.4,84
2025-07-17T12:32:00+05:30,2988.5,2988.5,2986.6,2988.1,109
2025-07-17T12:33:00+05:30,2986.6,2986.6,2986.1,2986.1,228
2025-07-17T12:34:00+05:30,2986.1,2986.1,2986.1,2986.1,38
2025-07-17T12:35:00+05:30,2986.0,2986.1,2986.0,2986.0,33
2025-07-17T12:36:00+05:30,2986.1,2986.1,2985.5,2985.5,316
2025-07-17T12:37:00+05:30,2985.5,2986.1,2985.0,2985.0,63
2025-07-17T12:38:00+05:30,2985.0,2988.1,2985.0,2986.5,916
2025-07-17T12:39:00+05:30,2987.7,2987.7,2986.8,2987.5,43
2025-07-17T12:40:00+05:30,2987.5,2987.5,2985.6,2985.6,466
2025-07-17T12:41:00+05:30,2986.6,2987.0,2985.4,2986.7,289
2025-07-17T12:42:00+05:30,2986.7,2990.9,2986.7,2989.3,606
2025-07-17T12:43:00+05:30,2990.1,2990.1,2989.3,2989.4,291
2025-07-17T12:44:00+05:30,2990.1,2990.1,2989.5,2990.1,21
2025-07-17T12:45:00+05:30,2989.5,2989.5,2989.1,2989.3,90
2025-07-17T12:46:00+05:30,2989.3,2989.3,2989.1,2989.2,37
2025-07-17T12:47:00+05:30,2989.1,2991.2,2987.9,2990.0,1183
2025-07-17T12:48:00+05:30,2990.8,2991.0,2990.0,2990.1,187
2025-07-17T12:49:00+05:30,2990.3,2991.2,2990.3,2991.0,401
2025-07-17T12:50:00+05:30,2990.6,2990.6,2990.6,2990.6,18
2025-07-17T12:51:00+05:30,2990.9,2991.3,2990.6,2991.3,801
2025-07-17T12:52:00+05:30,2992.2,2993.7,2991.7,2991.7,657
2025-07-17T12:53:00+05:30,2991.8,2993.1,2991.8,2991.9,118
2025-07-17T12:54:00+05:30,2992.7,2994.9,2992.7,2994.9,300
2025-07-17T12:55:00+05:30,2994.8,2994.8,2993.3,2993.4,140
2025-07-17T12:56:00+05:30,2993.5,2994.3,2993.3,2994.3,118
2025-07-17T12:57:00+05:30,2994.2,2994.3,2993.5,2993.5,73
2025-07-17T12:58:00+05:30,2993.3,2993.3,2991.4,2991.4,692
2025-07-17T12:59:00+05:30,2991.4,2991.4,2990.5,2990.5,231
2025-07-17T13:00:00+05:30,2991.5,2991.5,2990.3,2991.4,23
2025-07-17T13:01:00+05:30,2990.3,2990.3,2990.0,2990.0,368
2025-07-17T13:02:00+05:30,2990.0,2990.1,2990.0,2990.0,135
2025-07-17T13:03:00+05:30,2990.0,2991.6,2989.0,2991.6,1030
2025-07-17T13:04:00+05:30,2991.6,2991.8,2991.0,2991.0,214
2025-07-17T13:05:00+05:30,2991.0,2991.7,2990.0,2990.0,116
2025-07-17T13:06:00+05:30,2990.0,2990.0,2989.9,2989.9,19
2025-07-17T13:07:00+05:30,2989.7,2990.0,2989.4,2989.4,61
2025-07-17T13:08:00+05:30,2989.4,2989.4,2988.0,2988.0,122
2025-07-17T13:09:00+05:30,2986.3,2987.4,2986.3,2986.6,600
2025-07-17T13:10:00+05:30,2987.4,2987.4,2987.4,2987.4,36
2025-07-17T13:11:00+05:30,2987.4,2990.8,2987.4,2990.1,450
2025-07-17T13:12:00+05:30,2989.1,2989.1,2989.1,2989.1,20
2025-07-17T13:13:00+05:30,2989.2,2989.9,2987.1,2987.1,213
2025-07-17T13:14:00+05:30,2987.2,2990.1,2987.2,2989.9,157
2025-07-17T13:15:00+05:30,2988.7,2988.9,2988.3,2988.9,148
2025-07-17T13:16:00+05:30,2988.5,2988.5,2987.0,2987.0,405
2025-07-17T13:17:00+05:30,2986.7,2986.8,2985.7,2985.7,260
2025-07-17T13:18:00+05:30,2985.2,2988.8,2985.2,2987.0,890
2025-07-17T13:19:00+05:30,2988.3,2990.4,2987.0,2988.0,1165
2025-07-17T13:20:00+05:30,2988.5,2988.5,2988.3,2988.3,229
2025-07-17T13:21:00+05:30,2988.5,2988.5,2988.4,2988.4,26
2025-07-17T13:22:00+05:30,2988.4,2989.4,2988.4,2989.4,293
2025-07-17T13:23:00+05:30,2990.5,2990.5,2989.4,2990.0,69
2025-07-17T13:24:00+05:30,2989.9,2989.9,2989.7,2989.7,18
2025-07-17T13:25:00+05:30,2989.8,2990.0,2989.5,2990.0,386
2025-07-17T13:26:00+05:30,2989.5,2989.5,2989.5,2989.5,86
2025-07-17T13:27:00+05:30,2989.3,2991.2,2989.3,2990.2,208
2025-07-17T13:28:00+05:30,2991.2,2991.3,2990.3,2991.3,67
2025-07-17T13:29:00+05:30,2991.3,2991.3,2990.7,2990.7,107
2025-07-17T13:30:00+05:30,2991.3,2991.3,2990.7,2991.3,57
2025-07-17T13:31:00+05:30,2990.7,2990.8,2990.7,2990.8,17
2025-07-17T13:32:00+05:30,2990.7,2990.7,2989.9,2989.9,322
2025-07-17T13:33:00+05:30,2989.8,2989.8,2988.8,2988.8,580
2025-07-17T13:34:00+05:30,2988.8,2989.0,2988.8,2989.0,70
2025-07-17T13:35:00+05:30,2989.0,2989.0,2988.4,2988.4,41
2025-07-17T13:36:00+05:30,2988.4,2988.4,2986.1,2986.1,380
2025-07-17T13:37:00+05:30,2986.1,2986.1,2984.9,2985.6,447
2025-07-17T13:38:00+05:30,2986.0,2987.5,2986.0,2986.1,552
2025-07-17T13:39:00+05:30,2987.0,2987.0,2986.2,2986.9,5
2025-07-17T13:40:00+05:30,2986.5,2986.9,2986.5,2986.5,99
2025-07-17T13:41:00+05:30,2986.5,2987.0,2986.5,2987.0,354
2025-07-17T13:42:00+05:30,2987.0,2987.0,2986.5,2986.6,184
2025-07-17T13:43:00+05:30,2986.8,2988.8,2986.7,2987.2,338
2025-07-17T13:44:00+05:30,2987.1,2988.2,2987.1,2988.2,12
2025-07-17T13:45:00+05:30,2988.2,2988.8,2987.0,2987.0,782
2025-07-17T13:46:00+05:30,2986.9,2986.9,2986.8,2986.9,94
2025-07-17T13:47:00+05:30,2987.9,2987.9,2986.5,2987.1,257
2025-07-17T13:48:00+05:30,2986.5,2987.8,2986.5,2986.6,428
2025-07-17T13:49:00+05:30,2986.8,2986.8,2986.8,2986.8,37
2025-07-17T13:50:00+05:30,2987.8,2987.8,2986.8,2986.8,69
2025-07-17T13:51:00+05:30,2986.8,2986.9,2986.8,2986.9,93
2025-07-17T13:52:00+05:30,2986.9,2988.1,2986.8,2988.1,546
2025-07-17T13:53:00+05:30,2988.7,2991.5,2988.7,2990.5,706
2025-07-17T13:54:00+05:30,2990.5,2990.5,2990.5,2990.5,1
2025-07-17T13:55:00+05:30,2990.2,2990.2,2988.0,2989.2,597
2025-07-17T13:56:00+05:30,2989.2,2990.5,2989.2,2989.3,283
2025-07-17T13:57:00+05:30,2990.4,2990.5,2989.7,2989.7,156
2025-07-17T13:58:00+05:30,2989.7,2990.5,2989.4,2989.4,186
2025-07-17T13:59:00+05:30,2989.3,2989.8,2989.3,2989.7,8
2025-07-17T14:00:00+05:30,2989.5,2989.5,2989.3,2989.3,27
2025-07-17T14:01:00+05:30,2989.2,2992.0,2988.2,2990.4,1063
2025-07-17T14:02:00+05:30,2990.6,2991.5,2990.0,2991.5,149
2025-07-17T14:03:00+05:30,2991.5,2991.5,2990.5,2990.5,37
2025-07-17T14:04:00+05:30,2990.5,2990.5,2990.1,2990.1,28
2025-07-17T14:05:00+05:30,2990.1,2990.2,2990.1,2990.1,19
2025-07-17T14:06:00+05:30,2990.2,2990.5,2990.2,2990.5,270
2025-07-17T14:07:00+05:30,2990.5,2990.5,2990.2,2990.3,50
2025-07-17T14:08:00+05:30,2990.2,2990.3,2990.2,2990.3,51
2025-07-17T14:09:00+05:30,2990.3,2990.3,2988.2,2988.2,146
2025-07-17T14:10:00+05:30,2988.4,2989.8,2988.4,2989.8,463
2025-07-17T14:11:00+05:30,2989.0,2989.0,2988.5,2988.8,107
2025-07-17T14:12:00+05:30,2988.7,2988.7,2988.1,2988.1,29
2025-07-17T14:13:00+05:30,2988.1,2988.1,2987.7,2987.7,131
2025-07-17T14:14:00+05:30,2987.7,2989.0,2987.0,2987.0,777
2025-07-17T14:15:00+05:30,2987.1,2987.9,2987.0,2987.0,20
2025-07-17T14:16:00+05:30,2987.9,2987.9,2986.8,2986.8,345
2025-07-17T14:17:00+05:30,2986.5,2986.5,2986.1,2986.1,92
2025-07-17T14:18:00+05:30,2986.5,2986.5,2985.3,2985.5,121
2025-07-17T14:19:00+05:30,2985.3,2985.3,2985.0,2985.0,105
2025-07-17T14:20:00+05:30,2985.0,2985.0,2984.7,2984.7,489
2025-07-17T14:21:00+05:30,2984.8,2989.0,2984.6,2985.6,1155
2025-07-17T14:22:00+05:30,2986.7,2986.7,2986.7,2986.7,1
2025-07-17T14:23:00+05:30,2986.6,2986.6,2985.1,2985.1,54
2025-07-17T14:24:00+05:30,2985.1,2985.7,2985.1,2985.7,162
2025-07-17T14:25:00+05:30,2987.3,2988.2,2986.2,2986.2,296
2025-07-17T14:26:00+05:30,2987.1,2987.4,2986.4,2986.4,152
2025-07-17T14:27:00+05:30,2986.4,2989.4,2985.8,2987.8,911
2025-07-17T14:28:00+05:30,2986.9,2987.3,2986.8,2986.8,285
2025-07-17T14:29:00+05:30,2987.6,2987.6,2985.0,2985.0,432
2025-07-17T14:30:00+05:30,2985.0,2985.0,2984.6,2984.6,201
2025-07-17T14:31:00+05:30,2984.6,2986.1,2984.6,2984.9,393
2025-07-17T14:32:00+05:30,2984.9,2984.9,2982.6,2982.7,1572
2025-07-17T14:33:00+05:30,2983.7,2986.9,2983.7,2985.0,327
2025-07-17T14:34:00+05:30,2985.0,2985.4,2984.8,2985.0,31
2025-07-17T14:35:00+05:30,2985.0,2985.0,2984.2,2984.3,301
2025-07-17T14:36:00+05:30,2984.1,2985.1,2983.8,2985.0,542
2025-07-17T14:37:00+05:30,2985.2,2986.3,2984.8,2984.8,236
2025-07-17T14:38:00+05:30,2985.9,2986.0,2984.7,2984.9,112
2025-07-17T14:39:00+05:30,2984.8,2986.1,2984.8,2985.8,6
2025-07-17T14:40:00+05:30,2985.6,2985.8,2985.5,2985.8,228
2025-07-17T14:41:00+05:30,2985.8,2985.8,2985.4,2985.8,13
2025-07-17T14:42:00+05:30,2985.5,2985.8,2985.4,2985.4,134
2025-07-17T14:43:00+05:30,2985.5,2985.5,2985.4,2985.5,14
2025-07-17T14:44:00+05:30,2985.5,2985.5,2985.0,2985.2,127
2025-07-17T14:45:00+05:30,2985.0,2985.0,2982.7,2983.1,964
2025-07-17T14:46:00+05:30,2982.5,2982.7,2980.9,2981.8,895
2025-07-17T14:47:00+05:30,2981.8,2983.1,2980.9,2983.1,607
2025-07-17T14:48:00+05:30,2981.8,2983.4,2981.7,2983.4,64
2025-07-17T14:49:00+05:30,2983.5,2983.5,2982.2,2982.2,408
2025-07-17T14:50:00+05:30,2982.2,2982.2,2980.7,2980.9,331
2025-07-17T14:51:00+05:30,2980.8,2980.8,2979.3,2979.3,1869
2025-07-17T14:52:00+05:30,2979.3,2980.4,2978.5,2979.1,1158
2025-07-17T14:53:00+05:30,2980.5,2980.5,2979.4,2979.4,84
2025-07-17T14:54:00+05:30,2979.4,2979.9,2979.1,2979.9,79
2025-07-17T14:55:00+05:30,2979.8,2980.4,2979.6,2980.4,437
2025-07-17T14:56:00+05:30,2981.0,2983.5,2981.0,2982.3,510
2025-07-17T14:57:00+05:30,2982.2,2982.5,2982.2,2982.5,360
2025-07-17T14:58:00+05:30,2982.5,2982.5,2982.2,2982.4,80
2025-07-17T14:59:00+05:30,2982.2,2988.0,2981.0,2983.9,5302
2025-07-17T15:00:00+05:30,2985.0,2988.4,2984.1,2985.2,1083
2025-07-17T15:01:00+05:30,2985.4,2990.6,2985.0,2989.8,627
2025-07-17T15:02:00+05:30,2990.6,2992.5,2990.0,2991.4,744
2025-07-17T15:03:00+05:30,2991.7,2992.3,2991.4,2992.3,455
2025-07-17T15:04:00+05:30,2992.0,2993.8,2991.6,2993.0,659
2025-07-17T15:05:00+05:30,2992.8,2993.9,2992.8,2993.4,1181
2025-07-17T15:06:00+05:30,2993.4,2993.4,2991.7,2992.0,741
2025-07-17T15:07:00+05:30,2991.6,2991.9,2991.0,2991.5,615
2025-07-17T15:08:00+05:30,2991.5,2991.5,2991.3,2991.3,534
2025-07-17T15:09:00+05:30,2991.3,2991.4,2991.1,2991.1,612
2025-07-17T15:10:00+05:30,2991.1,2992.0,2991.0,2991.6,860
2025-07-17T15:11:00+05:30,2992.0,2993.3,2991.4,2992.6,842
2025-07-17T15:12:00+05:30,2992.6,2992.6,2991.1,2991.7,1058
2025-07-17T15:13:00+05:30,2992.2,2992.4,2991.8,2992.4,453
2025-07-17T15:14:00+05:30,2992.4,2992.7,2992.3,2992.5,536
2025-07-17T15:15:00+05:30,2992.7,2993.0,2991.2,2991.5,1741
2025-07-17T15:16:00+05:30,2991.2,2992.0,2989.1,2989.5,1016
2025-07-17T15:17:00+05:30,2989.6,2990.4,2989.6,2990.0,828
2025-07-17T15:18:00+05:30,2990.1,2994.0,2990.0,2993.0,2636
2025-07-17T15:19:00+05:30,2993.1,2993.2,2992.0,2992.6,868
2025-07-17T15:20:00+05:30,2993.2,2993.2,2992.4,2993.0,1051
2025-07-17T15:21:00+05:30,2992.8,2994.0,2992.2,2992.7,772
2025-07-17T15:22:00+05:30,2993.2,2994.8,2993.1,2994.5,689
2025-07-17T15:23:00+05:30,2994.8,2994.8,2994.6,2994.8,883
2025-07-17T15:24:00+05:30,2994.8,2994.8,2992.6,2992.9,2840
2025-07-17T15:25:00+05:30,2992.8,2996.4,2992.8,2994.3,1940
2025-07-17T15:26:00+05:30,2994.5,2996.0,2993.8,2993.8,1366
2025-07-17T15:27:00+05:30,2993.7,2994.1,2992.0,2993.9,973
2025-07-17T15:28:00+05:30,2993.8,2995.7,2988.5,2989.9,1634
2025-07-17T15:29:00+05:30,2989.9,2993.4,2987.0,2990.0,308
2025-07-16T09:15:00+05:30,2998.0,3001.1,2985.0,2985.0,1423
2025-07-16T09:16:00+05:30,2986.7,2995.4,2986.7,2989.7,1979
2025-07-16T09:17:00+05:30,2986.8,2988.8,2982.0,2986.7,1056
2025-07-16T09:18:00+05:30,2986.9,2986.9,2983.0,2985.0,344
2025-07-16T09:19:00+05:30,2984.0,2984.1,2978.4,2979.2,2758
2025-07-16T09:20:00+05:30,2979.1,2980.0,2978.0,2980.0,881
2025-07-16T09:21:00+05:30,2979.5,2984.2,2979.5,2982.0,1258
2025-07-16T09:22:00+05:30,2983.6,2986.4,2982.5,2985.8,287
2025-07-16T09:23:00+05:30,2984.3,2985.0,2983.8,2984.9,112
2025-07-16T09:24:00+05:30,2984.8,2985.0,2983.0,2983.2,204
2025-07-16T09:25:00+05:30,2983.2,2983.2,2981.2,2981.8,578
2025-07-16T09:26:00+05:30,2981.8,2982.7,2981.6,2982.0,344
2025-07-16T09:27:00+05:30,2981.2,2981.2,2980.0,2980.6,344
2025-07-16T09:28:00+05:30,2980.6,2980.6,2980.0,2980.4,629
2025-07-16T09:29:00+05:30,2980.1,2980.3,2978.6,2979.3,670
2025-07-16T09:30:00+05:30,2979.3,2981.0,2979.3,2980.0,858
2025-07-16T09:31:00+05:30,2980.9,2980.9,2980.1,2980.1,40
2025-07-16T09:32:00+05:30,2980.1,2984.4,2980.1,2983.1,589
2025-07-16T09:33:00+05:30,2984.2,2984.2,2981.0,2981.0,135
2025-07-16T09:34:00+05:30,2981.4,2982.8,2981.0,2982.3,578
2025-07-16T09:35:00+05:30,2981.1,2982.2,2981.0,2981.0,56
2025-07-16T09:36:00+05:30,2981.0,2982.2,2980.0,2981.0,463
2025-07-16T09:37:00+05:30,2980.8,2980.8,2980.8,2980.8,10
2025-07-16T09:38:00+05:30,2979.5,2980.8,2977.7,2977.9,180
2025-07-16T09:39:00+05:30,2977.0,2980.6,2976.6,2978.4,984
2025-07-16T09:40:00+05:30,2980.0,2980.1,2978.6,2979.8,65
2025-07-16T09:41:00+05:30,2979.7,2979.7,2976.6,2976.6,506
2025-07-16T09:42:00+05:30,2976.6,2977.5,2976.6,2977.5,601
2025-07-16T09:43:00+05:30,2976.7,2977.7,2976.4,2977.0,289
2025-07-16T09:44:00+05:30,2977.7,2977.7,2976.8,2977.0,90
2025-07-16T09:45:00+05:30,2977.3,2977.3,2975.1,2975.1,314
2025-07-16T09:46:00+05:30,2975.9,2977.2,2975.9,2976.7,221
2025-07-16T09:47:00+05:30,2976.0,2976.7,2975.9,2976.0,55
2025-07-16T09:48:00+05:30,2976.0,2976.0,2975.4,2975.4,127
2025-07-16T09:49:00+05:30,2975.2,2975.9,2975.1,2975.1,516
2025-07-16T09:50:00+05:30,2975.9,2975.9,2975.0,2975.1,111
2025-07-16T09:51:00+05:30,2975.1,2975.9,2975.1,2975.7,134
2025-07-16T09:52:00+05:30,2975.2,2975.5,2974.0,2974.0,611
2025-07-16T09:53:00+05:30,2974.4,2975.1,2974.0,2974.8,729
2025-07-16T09:54:00+05:30,2976.0,2976.7,2975.2,2976.5,205
2025-07-16T09:55:00+05:30,2975.5,2976.4,2974.7,2976.3,322
2025-07-16T09:56:00+05:30,2976.0,2976.1,2975.0,2975.0,83
2025-07-16T09:57:00+05:30,2975.0,2975.0,2974.4,2974.4,23
2025-07-16T09:58:00+05:30,2974.1,2974.1,2973.0,2973.0,652
2025-07-16T09:59:00+05:30,2973.0,2973.6,2972.4,2973.6,1454
2025-07-16T10:00:00+05:30,2973.6,2973.9,2971.5,2973.7,1363
2025-07-16T10:01:00+05:30,2972.8,2973.7,2972.8,2973.7,136
2025-07-16T10:02:00+05:30,2973.7,2974.8,2972.9,2974.8,51
2025-07-16T10:03:00+05:30,2973.6,2979.3,2973.6,2974.9,2873
2025-07-16T10:04:00+05:30,2974.9,2977.7,2974.4,2975.7,246
2025-07-16T10:05:00+05:30,2975.2,2977.7,2975.2,2976.6,404
2025-07-16T10:06:00+05:30,2975.3,2977.7,2975.1,2977.7,656
2025-07-16T10:07:00+05:30,2977.7,2977.7,2976.7,2976.8,127
2025-07-16T10:08:00+05:30,2977.0,2977.0,2975.0,2975.0,152
2025-07-16T10:09:00+05:30,2975.0,2977.0,2975.0,2976.7,501
2025-07-16T10:10:00+05:30,2976.0,2977.0,2976.0,2976.0,153
2025-07-16T10:11:00+05:30,2975.3,2975.3,2975.1,2975.2,18
2025-07-16T10:12:00+05:30,2975.2,2975.2,2974.2,2974.5,42
2025-07-16T10:13:00+05:30,2974.0,2974.0,2973.1,2974.0,502
2025-07-16T10:14:00+05:30,2975.1,2975.5,2973.7,2973.7,37
2025-07-16T10:15:00+05:30,2974.9,2974.9,2974.0,2974.0,128
2025-07-16T10:16:00+05:30,2974.9,2974.9,2973.7,2974.3,113
2025-07-16T10:17:00+05:30,2973.3,2974.8,2973.3,2974.8,574
2025-07-16T10:18:00+05:30,2974.1,2974.8,2973.6,2973.7,99
2025-07-16T10:19:00+05:30,2974.8,2976.8,2973.7,2976.3,340
2025-07-16T10:20:00+05:30,2976.2,2976.2,2974.0,2975.2,27
2025-07-16T10:21:00+05:30,2974.0,2975.0,2973.6,2974.9,76
2025-07-16T10:22:00+05:30,2974.9,2974.9,2973.9,2974.3,601
2025-07-16T10:23:00+05:30,2974.3,2975.8,2973.8,2975.7,165
2025-07-16T10:24:00+05:30,2975.8,2975.8,2975.8,2975.8,73
2025-07-16T10:25:00+05:30,2976.0,2977.7,2976.0,2977.5,78
2025-07-16T10:26:00+05:30,2976.5,2977.3,2976.0,2977.2,79
2025-07-16T10:27:00+05:30,2977.1,2977.1,2976.0,2976.0,26
2025-07-16T10:28:00+05:30,2976.0,2976.1,2976.0,2976.0,16
2025-07-16T10:29:00+05:30,2976.1,2976.1,2976.1,2976.1,365
2025-07-16T10:30:00+05:30,2976.1,2976.5,2975.5,2976.5,250
2025-07-16T10:31:00+05:30,2976.3,2976.5,2976.1,2976.5,562
2025-07-16T10:32:00+05:30,2976.1,2976.4,2975.9,2975.9,136
2025-07-16T10:33:00+05:30,2975.9,2976.0,2975.9,2976.0,16
2025-07-16T10:34:00+05:30,2976.0,2976.0,2975.9,2975.9,63
2025-07-16T10:35:00+05:30,2975.9,2977.1,2975.9,2977.1,469
2025-07-16T10:36:00+05:30,2977.1,2978.7,2977.1,2978.3,65
2025-07-16T10:37:00+05:30,2978.3,2979.8,2978.3,2979.8,644
2025-07-16T10:38:00+05:30,2978.8,2979.1,2978.8,2979.0,13
2025-07-16T10:39:00+05:30,2979.0,2979.0,2978.6,2978.8,489
2025-07-16T10:40:00+05:30,2979.0,2979.1,2977.1,2977.7,630
2025-07-16T10:41:00+05:30,2977.5,2977.6,2976.5,2977.4,26
2025-07-16T10:42:00+05:30,2976.5,2976.9,2976.5,2976.7,111
2025-07-16T10:43:00+05:30,2976.5,2978.0,2976.3,2977.0,683
2025-07-16T10:44:00+05:30,2977.9,2977.9,2977.0,2977.8,27
2025-07-16T10:45:00+05:30,2977.0,2977.1,2976.9,2976.9,73
2025-07-16T10:46:00+05:30,2977.1,2977.1,2975.9,2976.4,50
2025-07-16T10:47:00+05:30,2976.4,2976.4,2975.0,2975.0,47
2025-07-16T10:48:00+05:30,2975.0,2975.0,2974.0,2974.0,526
2025-07-16T10:49:00+05:30,2974.0,2974.0,2973.3,2973.5,366
2025-07-16T10:50:00+05:30,2973.3,2973.5,2973.1,2973.4,86
2025-07-16T10:51:00+05:30,2973.1,2973.2,2972.0,2972.2,709
2025-07-16T10:52:00+05:30,2973.1,2977.9,2971.1,2977.5,1792
2025-07-16T10:53:00+05:30,2977.5,2977.7,2977.5,2977.7,32
2025-07-16T10:54:00+05:30,2977.6,2977.6,2976.3,2977.5,83
2025-07-16T10:55:00+05:30,2977.5,2978.2,2977.5,2978.1,14
2025-07-16T10:56:00+05:30,2977.5,2978.0,2976.6,2976.6,112
2025-07-16T10:57:00+05:30,2977.7,2977.8,2976.2,2976.2,580
2025-07-16T10:58:00+05:30,2977.0,2977.1,2977.0,2977.0,527
2025-07-16T10:59:00+05:30,2977.0,2981.9,2976.3,2979.0,1831
2025-07-16T11:00:00+05:30,2980.0,2985.0,2980.0,2980.0,3550
2025-07-16T11:01:00+05:30,2980.1,2980.9,2980.1,2980.1,27
2025-07-16T11:02:00+05:30,2980.0,2980.6,2978.4,2978.4,1219
2025-07-16T11:03:00+05:30,2979.1,2983.0,2979.1,2981.2,581
2025-07-16T11:04:00+05:30,2982.6,2982.6,2981.0,2981.0,36
2025-07-16T11:05:00+05:30,2979.7,2979.7,2979.1,2979.1,95
2025-07-16T11:06:00+05:30,2979.1,2979.1,2978.5,2978.5,8
2025-07-16T11:07:00+05:30,2979.0,2979.0,2977.9,2978.0,19
2025-07-16T11:08:00+05:30,2978.0,2982.9,2978.0,2981.4,1011
2025-07-16T11:09:00+05:30,2980.5,2980.7,2978.7,2980.5,2222
2025-07-16T11:10:00+05:30,2980.3,2980.3,2979.2,2979.6,451
2025-07-16T11:11:00+05:30,2979.6,2979.6,2978.9,2978.9,1000
2025-07-16T11:12:00+05:30,2978.9,2978.9,2977.5,2978.4,163
2025-07-16T11:13:00+05:30,2978.4,2981.4,2977.5,2981.4,1061
2025-07-16T11:14:00+05:30,2980.0,2981.5,2979.9,2981.2,23
2025-07-16T11:15:00+05:30,2980.9,2982.5,2980.9,2982.5,319
2025-07-16T11:16:00+05:30,2982.5,2982.5,2980.6,2980.6,56
2025-07-16T11:17:00+05:30,2980.7,2981.8,2980.6,2980.7,29
2025-07-16T11:18:00+05:30,2981.3,2985.0,2981.3,2983.5,901
2025-07-16T11:19:00+05:30,2983.5,2983.5,2982.1,2982.9,95
2025-07-16T11:20:00+05:30,2982.0,2982.9,2982.0,2982.4,332
2025-07-16T11:21:00+05:30,2981.7,2983.6,2981.7,2982.1,95
2025-07-16T11:22:00+05:30,2982.9,2982.9,2982.0,2982.0,143
2025-07-16T11:23:00+05:30,2982.1,2982.1,2982.0,2982.1,5
2025-07-16T11:24:00+05:30,2982.1,2983.6,2982.0,2982.7,639
2025-07-16T11:25:00+05:30,2982.0,2982.7,2982.0,2982.7,12
2025-07-16T11:26:00+05:30,2982.7,2982.7,2982.0,2982.0,26
2025-07-16T11:27:00+05:30,2982.0,2984.7,2982.0,2983.8,494
2025-07-16T11:28:00+05:30,2984.4,2984.4,2983.4,2983.4,97
2025-07-16T11:29:00+05:30,2982.2,2983.4,2982.2,2982.4,52
2025-07-16T11:30:00+05:30,2982.4,2983.2,2982.3,2982.8,65
2025-07-16T11:31:00+05:30,2982.0,2982.8,2982.0,2982.8,558
2025-07-16T11:32:00+05:30,2983.5,2983.5,2982.1,2983.3,54
2025-07-16T11:33:00+05:30,2982.0,2984.9,2982.0,2983.7,716
2025-07-16T11:34:00+05:30,2984.8,2984.8,2983.7,2983.7,17
2025-07-16T11:35:00+05:30,2984.8,2986.3,2984.0,2984.1,577
2025-07-16T11:36:00+05:30,2984.0,2984.7,2983.6,2984.7,137
2025-07-16T11:37:00+05:30,2983.7,2984.2,2980.2,2980.2,810
2025-07-16T11:38:00+05:30,2980.4,2981.8,2980.4,2981.2,53
2025-07-16T11:39:00+05:30,2980.9,2981.2,2978.4,2978.4,1084
2025-07-16T11:40:00+05:30,2978.4,2979.5,2976.0,2979.3,1228
2025-07-16T11:41:00+05:30,2978.6,2978.8,2976.0,2977.4,654
2025-07-16T11:42:00+05:30,2977.4,2977.4,2976.0,2976.0,168
2025-07-16T11:43:00+05:30,2976.0,2981.0,2976.0,2979.2,1397
2025-07-16T11:44:00+05:30,2979.5,2981.1,2979.5,2979.8,284
2025-07-16T11:45:00+05:30,2980.9,2982.5,2979.7,2979.7,368
2025-07-16T11:46:00+05:30,2980.1,2980.2,2979.5,2979.5,60
2025-07-16T11:47:00+05:30,2979.9,2979.9,2977.7,2977.8,68
2025-07-16T11:48:00+05:30,2977.6,2978.3,2977.0,2977.2,312
2025-07-16T11:49:00+05:30,2977.4,2981.2,2976.9,2979.2,938
2025-07-16T11:50:00+05:30,2980.5,2980.5,2978.6,2978.6,405
2025-07-16T11:51:00+05:30,2979.4,2980.9,2979.4,2980.9,167
2025-07-16T11:52:00+05:30,2980.9,2981.0,2978.6,2979.9,247
2025-07-16T11:53:00+05:30,2979.6,2979.6,2978.6,2978.6,69
2025-07-16T11:54:00+05:30,2978.6,2979.8,2978.6,2979.8,858
2025-07-16T11:55:00+05:30,2980.5,2981.5,2979.1,2979.1,1062
2025-07-16T11:56:00+05:30,2980.9,2981.0,2979.2,2980.3,141
2025-07-16T11:57:00+05:30,2979.2,2980.1,2979.1,2979.2,55
2025-07-16T11:58:00+05:30,2979.9,2979.9,2979.1,2979.2,52
2025-07-16T11:59:00+05:30,2979.2,2979.7,2977.7,2978.1,496
2025-07-16T12:00:00+05:30,2978.7,2978.7,2977.7,2977.7,60
2025-07-16T12:01:00+05:30,2977.7,2977.7,2977.7,2977.7,11
2025-07-16T12:02:00+05:30,2978.2,2978.2,2977.8,2977.8,179
2025-07-16T12:03:00+05:30,2977.8,2981.2,2977.7,2977.8,1769
2025-07-16T12:04:00+05:30,2979.5,2979.8,2977.8,2977.9,335
2025-07-16T12:05:00+05:30,2979.0,2979.0,2977.0,2977.3,1117
2025-07-16T12:06:00+05:30,2977.5,2977.5,2977.3,2977.3,5
2025-07-16T12:07:00+05:30,2977.0,2979.5,2977.0,2978.2,626
2025-07-16T12:08:00+05:30,2977.9,2980.2,2977.9,2978.3,290
2025-07-16T12:09:00+05:30,2978.1,2980.9,2978.1,2978.7,264
2025-07-16T12:10:00+05:30,2980.2,2980.7,2978.0,2978.4,383
2025-07-16T12:11:00+05:30,2978.4,2979.5,2978.4,2978.7,283
2025-07-16T12:12:00+05:30,2979.0,2979.6,2978.8,2979.6,44
2025-07-16T12:13:00+05:30,2979.6,2979.7,2979.6,2979.6,16
2025-07-16T12:14:00+05:30,2979.6,2984.4,2979.6,2981.0,1744
2025-07-16T12:15:00+05:30,2981.0,2985.0,2981.0,2983.0,979
2025-07-16T12:16:00+05:30,2984.3,2984.8,2981.2,2981.3,104
2025-07-16T12:17:00+05:30,2982.0,2982.0,2980.0,2980.0,15
2025-07-16T12:18:00+05:30,2979.7,2981.7,2979.5,2980.4,855
2025-07-16T12:19:00+05:30,2981.2,2981.2,2980.0,2980.0,13
2025-07-16T12:20:00+05:30,2979.9,2980.0,2979.7,2979.7,16
2025-07-16T12:21:00+05:30,2980.2,2980.2,2979.0,2979.5,149
2025-07-16T12:22:00+05:30,2979.0,2979.0,2977.1,2977.2,307
2025-07-16T12:23:00+05:30,2977.4,2980.8,2977.2,2977.6,853
2025-07-16T12:24:00+05:30,2977.7,2978.1,2977.7,2978.1,25
2025-07-16T12:25:00+05:30,2977.8,2982.1,2977.7,2980.3,1983
2025-07-16T12:26:00+05:30,2981.6,2981.6,2980.5,2980.7,36
2025-07-16T12:27:00+05:30,2981.5,2982.0,2979.3,2979.4,478
2025-07-16T12:28:00+05:30,2979.4,2980.8,2979.1,2979.1,56
2025-07-16T12:29:00+05:30,2978.5,2979.6,2978.1,2978.1,32
2025-07-16T12:30:00+05:30,2979.4,2979.7,2978.2,2978.7,226
2025-07-16T12:31:00+05:30,2978.5,2979.7,2978.3,2978.7,29
2025-07-16T12:32:00+05:30,2978.7,2983.5,2978.7,2981.4,951
2025-07-16T12:33:00+05:30,2981.4,2981.4,2981.3,2981.4,16
2025-07-16T12:34:00+05:30,2981.4,2982.3,2981.1,2981.1,82
2025-07-16T12:35:00+05:30,2981.1,2981.6,2978.4,2980.3,1000
2025-07-16T12:36:00+05:30,2979.7,2981.7,2979.4,2979.5,340
2025-07-16T12:37:00+05:30,2979.4,2979.4,2978.4,2978.4,19
2025-07-16T12:38:00+05:30,2978.9,2982.1,2978.4,2979.9,677
2025-07-16T12:39:00+05:30,2980.0,2982.5,2978.7,2978.9,407
2025-07-16T12:40:00+05:30,2978.9,2978.9,2978.8,2978.8,7
2025-07-16T12:41:00+05:30,2978.8,2979.7,2978.7,2978.8,375
2025-07-16T12:42:00+05:30,2979.2,2979.3,2979.0,2979.0,73
2025-07-16T12:43:00+05:30,2979.0,2979.3,2978.9,2978.9,102
2025-07-16T12:44:00+05:30,2978.9,2979.3,2978.9,2978.9,156
2025-07-16T12:45:00+05:30,2978.9,2981.2,2978.0,2980.0,1310
2025-07-16T12:46:00+05:30,2980.0,2981.9,2980.0,2980.5,287
2025-07-16T12:47:00+05:30,2980.5,2981.5,2980.2,2980.2,18
2025-07-16T12:48:00+05:30,2980.7,2980.8,2980.0,2980.2,437
2025-07-16T12:49:00+05:30,2980.2,2980.3,2980.0,2980.3,123
2025-07-16T12:50:00+05:30,2980.3,2980.3,2980.3,2980.3,16
2025-07-16T12:51:00+05:30,2980.3,2980.3,2980.3,2980.3,17
2025-07-16T12:52:00+05:30,2980.3,2980.4,2980.3,2980.3,38
2025-07-16T12:53:00+05:30,2980.3,2980.4,2979.8,2979.8,167
2025-07-16T12:54:00+05:30,2980.0,2980.1,2980.0,2980.0,45
2025-07-16T12:55:00+05:30,2980.1,2980.1,2978.9,2980.0,917
2025-07-16T12:56:00+05:30,2980.0,2980.0,2978.4,2978.4,10
2025-07-16T12:57:00+05:30,2978.4,2984.9,2978.3,2984.4,1359
2025-07-16T12:58:00+05:30,2984.6,2984.6,2983.4,2983.6,153
2025-07-16T12:59:00+05:30,2983.8,2984.2,2983.7,2983.7,68
2025-07-16T13:00:00+05:30,2983.7,2984.6,2983.7,2983.9,335
2025-07-16T13:01:00+05:30,2984.0,2984.0,2980.8,2980.8,600
2025-07-16T13:02:00+05:30,2981.5,2981.6,2980.2,2980.9,205
2025-07-16T13:03:00+05:30,2980.9,2981.5,2979.4,2980.4,412
2025-07-16T13:04:00+05:30,2980.0,2980.4,2980.0,2980.4,19
2025-07-16T13:05:00+05:30,2980.4,2983.9,2979.3,2981.7,748
2025-07-16T13:06:00+05:30,2982.3,2984.6,2982.0,2982.0,348
2025-07-16T13:07:00+05:30,2983.6,2983.6,2981.5,2981.9,163
2025-07-16T13:08:00+05:30,2982.9,2983.0,2981.9,2982.0,60
2025-07-16T13:09:00+05:30,2982.3,2982.3,2980.2,2980.2,495
2025-07-16T13:10:00+05:30,2981.3,2981.3,2980.0,2980.0,267
2025-07-16T13:11:00+05:30,2980.0,2984.3,2979.8,2982.4,789
2025-07-16T13:12:00+05:30,2983.9,2983.9,2982.2,2983.6,50
2025-07-16T13:13:00+05:30,2983.6,2983.6,2980.2,2980.2,107
2025-07-16T13:14:00+05:30,2980.2,2981.3,2980.2,2981.0,305
2025-07-16T13:15:00+05:30,2980.2,2980.2,2980.0,2980.0,92
2025-07-16T13:16:00+05:30,2980.0,2982.2,2978.0,2980.6,1319
2025-07-16T13:17:00+05:30,2980.6,2981.6,2980.6,2980.6,15
2025-07-16T13:18:00+05:30,2981.1,2981.3,2980.0,2980.0,35
2025-07-16T13:19:00+05:30,2980.1,2983.3,2979.2,2980.1,1273
2025-07-16T13:20:00+05:30,2981.0,2982.5,2981.0,2981.3,50
2025-07-16T13:21:00+05:30,2981.3,2982.4,2979.4,2979.4,400
2025-07-16T13:22:00+05:30,2980.0,2980.0,2979.0,2979.0,8
2025-07-16T13:23:00+05:30,2979.0,2981.7,2978.1,2980.1,624
2025-07-16T13:24:00+05:30,2979.7,2980.3,2979.6,2980.3,286
2025-07-16T13:25:00+05:30,2980.3,2981.3,2980.1,2980.4,44
2025-07-16T13:26:00+05:30,2980.1,2980.1,2979.7,2980.0,453
2025-07-16T13:27:00+05:30,2980.1,2980.1,2980.0,2980.0,71
2025-07-16T13:28:00+05:30,2980.0,2980.1,2980.0,2980.0,25
2025-07-16T13:29:00+05:30,2980.0,2980.0,2980.0,2980.0,16
2025-07-16T13:30:00+05:30,2980.1,2983.1,2980.0,2980.7,828
2025-07-16T13:31:00+05:30,2981.9,2981.9,2980.9,2981.0,64
2025-07-16T13:32:00+05:30,2980.9,2980.9,2980.0,2980.0,101
2025-07-16T13:33:00+05:30,2980.0,2980.0,2980.0,2980.0,66
2025-07-16T13:34:00+05:30,2980.0,2980.1,2979.3,2980.0,570
2025-07-16T13:35:00+05:30,2980.0,2981.5,2980.0,2981.4,579
2025-07-16T13:36:00+05:30,2980.7,2982.0,2980.7,2981.4,140
2025-07-16T13:37:00+05:30,2981.6,2982.7,2981.5,2981.8,21
2025-07-16T13:38:00+05:30,2981.8,2982.9,2981.7,2981.7,25
2025-07-16T13:39:00+05:30,2982.3,2984.7,2981.0,2981.0,1053
2025-07-16T13:40:00+05:30,2981.0,2981.5,2981.0,2981.5,13
2025-07-16T13:41:00+05:30,2981.3,2981.3,2981.0,2981.0,231
2025-07-16T13:42:00+05:30,2981.0,2981.1,2981.0,2981.0,26
2025-07-16T13:43:00+05:30,2981.0,2981.1,2981.0,2981.0,133
2025-07-16T13:44:00+05:30,2981.1,2981.1,2981.0,2981.0,372
2025-07-16T13:45:00+05:30,2981.1,2984.9,2981.0,2983.3,1148
2025-07-16T13:46:00+05:30,2984.5,2985.0,2982.8,2982.8,830
2025-07-16T13:47:00+05:30,2983.7,2983.7,2982.5,2982.5,47
2025-07-16T13:48:00+05:30,2982.5,2983.3,2982.4,2982.8,210
2025-07-16T13:49:00+05:30,2983.1,2983.1,2982.8,2982.8,18
2025-07-16T13:50:00+05:30,2982.8,2982.9,2982.0,2982.4,356
2025-07-16T13:51:00+05:30,2982.4,2982.8,2982.4,2982.6,95
2025-07-16T13:52:00+05:30,2982.6,2982.6,2982.6,2982.6,153
2025-07-16T13:53:00+05:30,2982.7,2982.7,2982.6,2982.6,44
2025-07-16T13:54:00+05:30,2982.6,2982.7,2980.8,2980.8,415
2025-07-16T13:55:00+05:30,2980.8,2981.4,2980.6,2980.6,574
2025-07-16T13:56:00+05:30,2981.2,2981.2,2980.6,2980.6,46
2025-07-16T13:57:00+05:30,2980.9,2980.9,2980.6,2980.6,34
2025-07-16T13:58:00+05:30,2980.6,2980.6,2980.1,2980.1,170
2025-07-16T13:59:00+05:30,2980.3,2980.3,2980.1,2980.1,38
2025-07-16T14:00:00+05:30,2980.2,2986.1,2980.0,2981.7,1539
2025-07-16T14:01:00+05:30,2981.7,2982.8,2981.5,2982.8,22
2025-07-16T14:02:00+05:30,2982.3,2982.3,2982.1,2982.1,143
2025-07-16T14:03:00+05:30,2981.8,2981.9,2981.0,2981.0,493
2025-07-16T14:04:00+05:30,2981.2,2982.0,2981.0,2981.4,425
2025-07-16T14:05:00+05:30,2981.6,2982.3,2981.5,2982.3,112
2025-07-16T14:06:00+05:30,2982.3,2986.0,2982.3,2982.4,1113
2025-07-16T14:07:00+05:30,2982.3,2983.1,2982.3,2982.4,24
2025-07-16T14:08:00+05:30,2982.3,2982.3,2981.0,2981.0,297
2025-07-16T14:09:00+05:30,2981.0,2981.0,2980.2,2981.0,615
2025-07-16T14:10:00+05:30,2981.0,2982.1,2980.6,2981.2,373
2025-07-16T14:11:00+05:30,2981.2,2982.1,2981.2,2981.7,16
2025-07-16T14:12:00+05:30,2981.7,2982.6,2981.5,2982.5,170
2025-07-16T14:13:00+05:30,2982.5,2982.5,2982.5,2982.5,16
2025-07-16T14:14:00+05:30,2982.6,2982.6,2982.5,2982.5,306
2025-07-16T14:15:00+05:30,2982.5,2987.4,2982.0,2984.6,2609
2025-07-16T14:16:00+05:30,2983.4,2984.9,2982.6,2982.6,159
2025-07-16T14:17:00+05:30,2983.7,2983.7,2982.6,2983.1,89
2025-07-16T14:18:00+05:30,2982.3,2982.4,2982.2,2982.2,141
2025-07-16T14:19:00+05:30,2982.3,2984.5,2982.3,2983.1,486
2025-07-16T14:20:00+05:30,2983.3,2984.5,2983.3,2983.3,305
2025-07-16T14:21:00+05:30,2983.0,2983.0,2982.2,2982.2,97
2025-07-16T14:22:00+05:30,2982.4,2984.0,2980.3,2982.4,2127
2025-07-16T14:23:00+05:30,2982.3,2983.6,2982.3,2982.3,14
2025-07-16T14:24:00+05:30,2982.2,2986.7,2981.4,2981.9,2526
2025-07-16T14:25:00+05:30,2982.1,2982.3,2981.6,2981.6,880
2025-07-16T14:26:00+05:30,2981.6,2981.6,2980.1,2980.5,657
2025-07-16T14:27:00+05:30,2981.2,2982.4,2980.6,2981.2,332
2025-07-16T14:28:00+05:30,2981.2,2981.2,2980.0,2980.5,405
2025-07-16T14:29:00+05:30,2981.0,2981.1,2980.5,2980.5,283
2025-07-16T14:30:00+05:30,2981.1,2983.0,2980.4,2982.7,868
2025-07-16T14:31:00+05:30,2982.7,2986.9,2981.6,2983.5,3297
2025-07-16T14:32:00+05:30,2985.0,2990.0,2983.5,2988.1,6103
2025-07-16T14:33:00+05:30,2989.9,2991.0,2987.7,2989.8,519
2025-07-16T14:34:00+05:30,2989.8,2990.1,2989.2,2990.0,968
2025-07-16T14:35:00+05:30,2990.0,2990.3,2990.0,2990.2,857
2025-07-16T14:36:00+05:30,2990.0,2990.1,2989.6,2990.0,895
2025-07-16T14:37:00+05:30,2990.1,2990.1,2989.6,2990.0,475
2025-07-16T14:38:00+05:30,2989.6,2992.5,2989.6,2990.8,1252
2025-07-16T14:39:00+05:30,2992.8,2993.8,2990.6,2990.8,1256
2025-07-16T14:40:00+05:30,2990.8,2991.0,2990.0,2990.0,245
2025-07-16T14:41:00+05:30,2990.0,2990.3,2990.0,2990.0,275
2025-07-16T14:42:00+05:30,2990.0,2990.1,2989.8,2990.0,1564
2025-07-16T14:43:00+05:30,2990.0,2990.1,2990.0,2990.0,385
2025-07-16T14:44:00+05:30,2990.0,2990.1,2990.0,2990.0,186
2025-07-16T14:45:00+05:30,2990.0,2990.1,2987.5,2990.0,1707
2025-07-16T14:46:00+05:30,2990.0,2990.2,2990.0,2990.0,823
2025-07-16T14:47:00+05:30,2990.0,2990.1,2990.0,2990.0,376
2025-07-16T14:48:00+05:30,2990.0,2990.1,2990.0,2990.0,284
2025-07-16T14:49:00+05:30,2990.0,2990.0,2989.3,2990.0,7912
2025-07-16T14:50:00+05:30,2990.0,2990.3,2989.3,2990.1,4266
2025-07-16T14:51:00+05:30,2990.0,2990.1,2989.5,2990.1,68
2025-07-16T14:52:00+05:30,2990.1,2990.1,2989.7,2990.0,703
2025-07-16T14:53:00+05:30,2990.1,2990.1,2990.0,2990.0,141
2025-07-16T14:54:00+05:30,2990.0,2990.0,2990.0,2990.0,200
2025-07-16T14:55:00+05:30,2990.0,2990.1,2989.8,2989.8,383
2025-07-16T14:56:00+05:30,2990.0,2990.3,2989.8,2989.9,1048
2025-07-16T14:57:00+05:30,2990.2,2991.5,2989.9,2991.1,574
2025-07-16T14:58:00+05:30,2991.1,2991.1,2990.1,2990.8,577
2025-07-16T14:59:00+05:30,2990.5,2990.5,2990.0,2990.1,163
2025-07-16T15:00:00+05:30,2990.1,2991.4,2989.0,2990.0,4599
2025-07-16T15:01:00+05:30,2990.1,2990.1,2990.0,2990.0,1175
2025-07-16T15:02:00+05:30,2990.1,2990.1,2989.8,2990.0,1862
2025-07-16T15:03:00+05:30,2990.1,2990.1,2989.9,2989.9,2037
2025-07-16T15:04:00+05:30,2990.1,2990.1,2989.9,2990.1,1634
2025-07-16T15:05:00+05:30,2990.1,2990.1,2990.0,2990.0,960
2025-07-16T15:06:00+05:30,2990.1,2990.1,2990.0,2990.0,1304
2025-07-16T15:07:00+05:30,2990.1,2990.1,2989.9,2990.0,5623
2025-07-16T15:08:00+05:30,2990.1,2990.1,2989.8,2989.8,2225
2025-07-16T15:09:00+05:30,2990.1,2990.1,2989.8,2990.0,3725
2025-07-16T15:10:00+05:30,2990.0,2990.1,2989.8,2990.1,1122
2025-07-16T15:11:00+05:30,2990.1,2990.1,2989.9,2990.1,2245
2025-07-16T15:12:00+05:30,2990.0,2990.1,2989.9,2990.0,1084
2025-07-16T15:13:00+05:30,2990.1,2990.1,2990.0,2990.0,6337
2025-07-16T15:14:00+05:30,2990.1,2990.1,2990.0,2990.1,2804
2025-07-16T15:15:00+05:30,2990.0,2990.1,2989.8,2989.8,3571
2025-07-16T15:16:00+05:30,2990.0,2990.0,2989.9,2989.9,1292
2025-07-16T15:17:00+05:30,2990.0,2990.0,2989.8,2989.8,1154
2025-07-16T15:18:00+05:30,2989.8,2991.9,2989.8,2990.0,3782
2025-07-16T15:19:00+05:30,2990.4,2990.4,2990.0,2990.0,923
2025-07-16T15:20:00+05:30,2990.1,2990.1,2989.9,2990.0,3265
2025-07-16T15:21:00+05:30,2990.1,2990.1,2983.1,2983.1,2661
2025-07-16T15:22:00+05:30,2983.7,2983.7,2980.2,2980.7,1872
2025-07-16T15:23:00+05:30,2981.8,2985.5,2980.7,2982.8,3812
2025-07-16T15:24:00+05:30,2983.3,2983.3,2981.6,2982.4,1613
2025-07-16T15:25:00+05:30,2982.5,2982.7,2981.7,2982.6,2105
2025-07-16T15:26:00+05:30,2982.7,2985.6,2981.4,2983.8,2398
2025-07-16T15:27:00+05:30,2984.7,2986.4,2981.0,2981.0,2146
2025-07-16T15:28:00+05:30,2981.0,2988.0,2978.1,2981.0,3837
2025-07-16T15:29:00+05:30,2982.2,2987.8,2979.1,2987.8,466
2025-07-15T09:15:00+05:30,2967.0,2981.9,2966.0,2980.3,1049
2025-07-15T09:16:00+05:30,2978.0,2979.7,2974.0,2974.0,432
2025-07-15T09:17:00+05:30,2974.0,2977.9,2974.0,2974.5,386
2025-07-15T09:18:00+05:30,2975.0,2978.7,2972.5,2975.7,960
2025-07-15T09:19:00+05:30,2975.7,2979.9,2975.4,2979.9,284
2025-07-15T09:20:00+05:30,2979.9,2979.9,2976.6,2976.6,146
2025-07-15T09:21:00+05:30,2977.0,2979.2,2976.5,2978.4,165
2025-07-15T09:22:00+05:30,2978.3,2978.8,2975.6,2978.8,213
2025-07-15T09:23:00+05:30,2978.8,2981.1,2978.8,2981.1,239
2025-07-15T09:24:00+05:30,2980.7,2982.8,2980.7,2982.5,158
2025-07-15T09:25:00+05:30,2982.0,2982.5,2981.3,2982.0,331
2025-07-15T09:26:00+05:30,2981.1,2981.2,2980.0,2980.3,299
2025-07-15T09:27:00+05:30,2980.3,2980.3,2978.0,2978.0,381
2025-07-15T09:28:00+05:30,2977.8,2977.8,2976.8,2977.5,86
2025-07-15T09:29:00+05:30,2977.5,2977.6,2976.5,2977.5,179
2025-07-15T09:30:00+05:30,2977.5,2978.0,2977.5,2978.0,153
2025-07-15T09:31:00+05:30,2978.0,2978.0,2978.0,2978.0,92
2025-07-15T09:32:00+05:30,2978.0,2979.8,2978.0,2979.3,193
2025-07-15T09:33:00+05:30,2979.3,2979.3,2978.2,2979.3,25
2025-07-15T09:34:00+05:30,2978.7,2978.9,2978.0,2978.0,192
2025-07-15T09:35:00+05:30,2978.0,2978.0,2976.1,2977.0,165
2025-07-15T09:36:00+05:30,2976.7,2976.9,2974.8,2975.0,185
2025-07-15T09:37:00+05:30,2975.0,2975.0,2972.7,2972.7,295
2025-07-15T09:38:00+05:30,2973.9,2974.0,2972.0,2974.0,2757
2025-07-15T09:39:00+05:30,2974.0,2974.1,2974.0,2974.0,351
2025-07-15T09:40:00+05:30,2973.4,2974.7,2973.0,2974.0,46
2025-07-15T09:41:00+05:30,2972.7,2972.8,2971.0,2972.0,77
2025-07-15T09:42:00+05:30,2972.0,2973.5,2970.6,2972.0,135
2025-07-15T09:43:00+05:30,2972.0,2972.0,2970.1,2971.8,104
2025-07-15T09:44:00+05:30,2971.9,2971.9,2970.4,2970.4,26
2025-07-15T09:45:00+05:30,2970.4,2970.4,2967.0,2967.0,337
2025-07-15T09:46:00+05:30,2967.0,2969.7,2966.1,2969.6,208
2025-07-15T09:47:00+05:30,2968.6,2970.4,2968.6,2970.4,84
2025-07-15T09:48:00+05:30,2970.4,2970.4,2970.4,2970.4,48
2025-07-15T09:49:00+05:30,2970.0,2972.0,2969.7,2972.0,97
2025-07-15T09:50:00+05:30,2970.6,2970.8,2968.9,2970.8,76
2025-07-15T09:51:00+05:30,2970.7,2970.7,2970.7,2970.7,10
2025-07-15T09:52:00+05:30,2969.6,2970.7,2969.6,2970.0,40
2025-07-15T09:53:00+05:30,2970.7,2971.8,2970.1,2970.8,81
2025-07-15T09:54:00+05:30,2972.0,2972.2,2966.0,2968.9,1301
2025-07-15T09:55:00+05:30,2968.7,2975.0,2968.7,2970.1,2407
2025-07-15T09:56:00+05:30,2970.1,2970.1,2970.0,2970.1,51
2025-07-15T09:57:00+05:30,2970.1,2970.1,2969.1,2969.8,138
2025-07-15T09:58:00+05:30,2969.8,2971.4,2968.5,2968.9,294
2025-07-15T09:59:00+05:30,2968.6,2971.1,2968.6,2971.1,412
2025-07-15T10:00:00+05:30,2971.1,2971.1,2970.3,2970.6,84
2025-07-15T10:01:00+05:30,2970.3,2970.4,2969.8,2970.0,43
2025-07-15T10:02:00+05:30,2970.4,2970.7,2970.4,2970.7,76
2025-07-15T10:03:00+05:30,2970.6,2970.7,2969.5,2970.6,63
2025-07-15T10:04:00+05:30,2970.0,2972.8,2970.0,2970.1,678
2025-07-15T10:05:00+05:30,2971.6,2973.6,2971.6,2973.3,286
2025-07-15T10:06:00+05:30,2972.5,2973.4,2971.7,2971.8,334
2025-07-15T10:07:00+05:30,2973.2,2973.3,2973.0,2973.2,26
2025-07-15T10:08:00+05:30,2973.2,2973.2,2972.9,2973.0,129
2025-07-15T10:09:00+05:30,2973.0,2973.2,2970.5,2970.8,173
2025-07-15T10:10:00+05:30,2970.9,2972.0,2970.4,2972.0,91
2025-07-15T10:11:00+05:30,2972.0,2973.0,2971.7,2972.9,106
2025-07-15T10:12:00+05:30,2972.0,2973.8,2972.0,2973.8,28
2025-07-15T10:13:00+05:30,2973.9,2973.9,2973.8,2973.8,8
2025-07-15T10:14:00+05:30,2973.8,2974.4,2972.8,2974.3,88
2025-07-15T10:15:00+05:30,2974.3,2975.7,2974.1,2975.7,142
2025-07-15T10:16:00+05:30,2974.1,2976.4,2974.1,2976.4,107
2025-07-15T10:17:00+05:30,2977.0,2977.0,2974.3,2974.3,240
2025-07-15T10:18:00+05:30,2974.6,2974.8,2969.7,2973.2,1166
2025-07-15T10:19:00+05:30,2972.9,2976.8,2972.9,2974.8,1375
2025-07-15T10:20:00+05:30,2975.5,2975.8,2974.7,2975.7,74
2025-07-15T10:21:00+05:30,2974.0,2976.2,2974.0,2975.1,471
2025-07-15T10:22:00+05:30,2975.2,2978.7,2975.1,2977.4,1005
2025-07-15T10:23:00+05:30,2976.4,2977.3,2974.7,2976.2,195
2025-07-15T10:24:00+05:30,2976.2,2978.0,2976.1,2977.6,50
2025-07-15T10:25:00+05:30,2976.5,2978.0,2976.5,2977.4,183
2025-07-15T10:26:00+05:30,2977.4,2977.4,2976.0,2976.0,91
2025-07-15T10:27:00+05:30,2975.8,2975.9,2975.0,2975.0,236
2025-07-15T10:28:00+05:30,2975.3,2978.0,2975.3,2978.0,219
2025-07-15T10:29:00+05:30,2979.0,2979.1,2978.9,2978.9,30
2025-07-15T10:30:00+05:30,2979.2,2979.5,2979.2,2979.5,63
2025-07-15T10:31:00+05:30,2979.9,2981.9,2979.9,2981.1,384
2025-07-15T10:32:00+05:30,2981.1,2981.1,2980.3,2980.3,41
2025-07-15T10:33:00+05:30,2980.3,2981.3,2980.3,2981.3,87
2025-07-15T10:34:00+05:30,2981.9,2985.6,2981.9,2982.6,1124
2025-07-15T10:35:00+05:30,2982.9,2984.1,2982.6,2984.0,66
2025-07-15T10:36:00+05:30,2982.9,2984.1,2982.2,2982.2,423
2025-07-15T10:37:00+05:30,2983.7,2984.1,2983.1,2984.1,172
2025-07-15T10:38:00+05:30,2983.8,2983.8,2982.4,2983.2,118
2025-07-15T10:39:00+05:30,2983.1,2984.1,2983.1,2984.1,268
2025-07-15T10:40:00+05:30,2984.0,2984.1,2983.9,2984.1,73
2025-07-15T10:41:00+05:30,2984.1,2985.4,2984.1,2985.0,201
2025-07-15T10:42:00+05:30,2985.0,2985.3,2984.2,2984.9,201
2025-07-15T10:43:00+05:30,2984.2,2984.9,2984.0,2984.8,52
2025-07-15T10:44:00+05:30,2984.6,2984.6,2984.0,2984.6,49
2025-07-15T10:45:00+05:30,2984.0,2984.0,2982.8,2983.3,252
2025-07-15T10:46:00+05:30,2983.3,2983.8,2983.3,2983.5,91
2025-07-15T10:47:00+05:30,2982.7,2983.6,2981.6,2983.3,191
2025-07-15T10:48:00+05:30,2983.3,2984.0,2983.2,2984.0,192
2025-07-15T10:49:00+05:30,2984.6,2984.6,2984.6,2984.6,80
2025-07-15T10:50:00+05:30,2984.6,2987.0,2984.0,2986.0,601
2025-07-15T10:51:00+05:30,2986.0,2986.0,2984.6,2985.0,57
2025-07-15T10:52:00+05:30,2984.6,2984.9,2984.1,2984.9,49
2025-07-15T10:53:00+05:30,2984.1,2984.1,2979.7,2982.5,1422
2025-07-15T10:54:00+05:30,2984.3,2984.3,2984.3,2984.3,3
2025-07-15T10:55:00+05:30,2982.9,2982.9,2980.0,2981.6,82
2025-07-15T10:56:00+05:30,2981.5,2981.5,2981.5,2981.5,1
2025-07-15T10:57:00+05:30,2981.5,2983.4,2981.5,2983.4,188
2025-07-15T10:58:00+05:30,2983.4,2983.4,2983.2,2983.4,53
2025-07-15T10:59:00+05:30,2984.0,2984.2,2983.3,2983.3,51
2025-07-15T11:00:00+05:30,2983.3,2985.0,2983.3,2984.1,324
2025-07-15T11:01:00+05:30,2985.0,2985.0,2982.9,2983.0,1586
2025-07-15T11:02:00+05:30,2982.9,2983.0,2981.2,2981.2,309
2025-07-15T11:03:00+05:30,2982.7,2982.9,2981.5,2981.5,12
2025-07-15T11:04:00+05:30,2982.8,2982.9,2981.5,2982.6,42
2025-07-15T11:05:00+05:30,2982.6,2984.6,2982.5,2984.2,551
2025-07-15T11:06:00+05:30,2985.3,2987.0,2985.3,2986.0,160
2025-07-15T11:07:00+05:30,2985.1,2986.4,2985.1,2986.1,28
2025-07-15T11:08:00+05:30,2986.7,2986.8,2983.2,2984.9,187
2025-07-15T11:09:00+05:30,2984.4,2984.9,2983.8,2984.9,36
2025-07-15T11:10:00+05:30,2984.9,2985.1,2984.9,2985.1,23
2025-07-15T11:11:00+05:30,2984.8,2985.6,2984.1,2985.5,192
2025-07-15T11:12:00+05:30,2985.5,2985.5,2983.4,2983.8,339
2025-07-15T11:13:00+05:30,2983.8,2983.8,2982.4,2982.8,265
2025-07-15T11:14:00+05:30,2982.6,2983.6,2981.5,2982.7,419
2025-07-15T11:15:00+05:30,2982.7,2983.4,2982.7,2982.7,136
2025-07-15T11:16:00+05:30,2982.7,2982.7,2982.7,2982.7,16
2025-07-15T11:17:00+05:30,2982.8,2983.8,2982.8,2983.8,36
2025-07-15T11:18:00+05:30,2982.7,2982.7,2979.2,2980.6,854
2025-07-15T11:19:00+05:30,2980.0,2980.5,2980.0,2980.5,47
2025-07-15T11:20:00+05:30,2980.0,2980.3,2980.0,2980.0,265
2025-07-15T11:21:00+05:30,2979.0,2980.2,2977.9,2978.5,253
2025-07-15T11:22:00+05:30,2977.7,2977.8,2977.7,2977.8,3
2025-07-15T11:23:00+05:30,2977.6,2977.7,2977.6,2977.7,71
2025-07-15T11:24:00+05:30,2977.0,2978.0,2976.6,2978.0,101
2025-07-15T11:25:00+05:30,2978.0,2978.0,2976.6,2976.6,38
2025-07-15T11:26:00+05:30,2976.7,2977.8,2976.7,2977.8,85
2025-07-15T11:27:00+05:30,2977.9,2977.9,2977.7,2977.7,5
2025-07-15T11:28:00+05:30,2977.7,2977.8,2977.7,2977.8,147
2025-07-15T11:29:00+05:30,2979.5,2979.9,2979.5,2979.8,36
2025-07-15T11:30:00+05:30,2979.8,2982.5,2979.8,2982.5,84
2025-07-15T11:31:00+05:30,2982.4,2982.4,2980.0,2980.9,61
2025-07-15T11:32:00+05:30,2980.9,2980.9,2980.1,2980.9,55
2025-07-15T11:33:00+05:30,2980.9,2981.7,2980.1,2981.7,36
2025-07-15T11:34:00+05:30,2981.7,2981.9,2980.3,2981.9,45
2025-07-15T11:35:00+05:30,2980.2,2980.2,2980.2,2980.2,1
2025-07-15T11:36:00+05:30,2981.3,2981.3,2980.1,2980.1,5
2025-07-15T11:37:00+05:30,2980.0,2980.0,2979.0,2979.3,20
2025-07-15T11:39:00+05:30,2980.1,2980.9,2980.1,2980.8,36
2025-07-15T11:40:00+05:30,2980.6,2983.4,2976.1,2982.2,1695
2025-07-15T11:41:00+05:30,2983.5,2983.5,2982.3,2982.3,18
2025-07-15T11:42:00+05:30,2983.0,2983.0,2982.7,2982.7,28
2025-07-15T11:43:00+05:30,2982.0,2982.0,2981.8,2981.9,29
2025-07-15T11:44:00+05:30,2981.8,2981.8,2980.9,2981.8,65
2025-07-15T11:45:00+05:30,2980.5,2980.5,2979.4,2979.4,81
2025-07-15T11:46:00+05:30,2979.2,2979.8,2979.2,2979.8,9
2025-07-15T11:47:00+05:30,2979.6,2979.6,2979.2,2979.3,14
2025-07-15T11:48:00+05:30,2979.3,2979.3,2979.0,2979.0,6
2025-07-15T11:49:00+05:30,2979.0,2979.2,2979.0,2979.2,2
2025-07-15T11:50:00+05:30,2979.2,2979.2,2977.0,2977.0,43
2025-07-15T11:51:00+05:30,2977.8,2977.8,2976.0,2976.0,111
2025-07-15T11:52:00+05:30,2977.2,2977.4,2975.9,2975.9,352
2025-07-15T11:53:00+05:30,2976.4,2976.5,2976.4,2976.5,10
2025-07-15T11:54:00+05:30,2976.5,2977.8,2976.5,2977.8,21
2025-07-15T11:55:00+05:30,2977.4,2977.6,2977.4,2977.6,7
2025-07-15T11:56:00+05:30,2976.7,2976.8,2975.5,2976.8,396
2025-07-15T11:57:00+05:30,2976.8,2976.8,2976.5,2976.5,8
2025-07-15T11:58:00+05:30,2976.5,2976.5,2975.6,2975.7,431
2025-07-15T11:59:00+05:30,2975.0,2975.8,2975.0,2975.8,179
2025-07-15T12:00:00+05:30,2975.7,2976.0,2975.7,2976.0,104
2025-07-15T12:01:00+05:30,2977.5,2977.5,2976.2,2976.2,18
2025-07-15T12:02:00+05:30,2976.2,2977.5,2976.2,2977.5,353
2025-07-15T12:03:00+05:30,2977.5,2977.5,2976.4,2977.2,19
2025-07-15T12:04:00+05:30,2976.4,2976.4,2975.0,2975.7,144
2025-07-15T12:05:00+05:30,2975.7,2976.3,2975.5,2976.3,37
2025-07-15T12:06:00+05:30,2976.3,2976.3,2976.3,2976.3,12
2025-07-15T12:07:00+05:30,2976.2,2976.9,2975.7,2976.3,171
2025-07-15T12:08:00+05:30,2975.1,2975.9,2975.1,2975.2,8
2025-07-15T12:09:00+05:30,2975.1,2976.3,2975.1,2976.2,31
2025-07-15T12:10:00+05:30,2976.2,2976.6,2976.1,2976.6,25
2025-07-15T12:11:00+05:30,2975.6,2976.9,2975.6,2975.7,168
2025-07-15T12:12:00+05:30,2975.7,2975.7,2975.7,2975.7,16
2025-07-15T12:13:00+05:30,2975.6,2976.0,2975.6,2976.0,12
2025-07-15T12:14:00+05:30,2975.6,2976.0,2975.6,2976.0,33
2025-07-15T12:15:00+05:30,2976.7,2976.9,2976.7,2976.9,8
2025-07-15T12:16:00+05:30,2977.0,2977.0,2977.0,2977.0,3
2025-07-15T12:17:00+05:30,2976.7,2976.8,2975.5,2975.5,148
2025-07-15T12:18:00+05:30,2975.2,2976.2,2974.0,2974.0,1466
2025-07-15T12:19:00+05:30,2974.0,2974.4,2973.4,2973.4,62
2025-07-15T12:20:00+05:30,2973.2,2973.2,2972.5,2972.5,206
2025-07-15T12:21:00+05:30,2972.5,2972.9,2972.5,2972.5,11
2025-07-15T12:22:00+05:30,2972.5,2972.5,2972.5,2972.5,66
2025-07-15T12:23:00+05:30,2972.5,2972.6,2971.7,2972.2,180
2025-07-15T12:24:00+05:30,2971.7,2972.2,2971.7,2972.0,13
2025-07-15T12:25:00+05:30,2972.0,2973.7,2971.9,2973.7,38
2025-07-15T12:26:00+05:30,2973.5,2973.6,2972.7,2973.2,110
2025-07-15T12:27:00+05:30,2973.2,2973.4,2973.2,2973.4,17
2025-07-15T12:28:00+05:30,2973.7,2973.7,2973.0,2973.4,29
2025-07-15T12:29:00+05:30,2973.3,2979.4,2973.3,2979.4,3188
2025-07-15T12:30:00+05:30,2979.0,2982.5,2978.8,2981.8,392
2025-07-15T12:31:00+05:30,2980.9,2981.5,2980.0,2981.5,346
2025-07-15T12:32:00+05:30,2983.1,2983.5,2981.8,2982.1,137
2025-07-15T12:33:00+05:30,2982.1,2983.4,2982.1,2983.4,52
2025-07-15T12:34:00+05:30,2982.5,2983.3,2982.4,2983.3,15
2025-07-15T12:35:00+05:30,2983.4,2983.4,2981.1,2983.0,121
2025-07-15T12:36:00+05:30,2982.4,2984.9,2981.4,2983.6,545
2025-07-15T12:37:00+05:30,2983.6,2984.0,2983.6,2983.9,10
2025-07-15T12:38:00+05:30,2984.0,2984.0,2983.9,2983.9,15
2025-07-15T12:39:00+05:30,2983.6,2984.0,2983.2,2983.8,54
2025-07-15T12:40:00+05:30,2983.3,2983.5,2983.2,2983.2,70
2025-07-15T12:41:00+05:30,2980.5,2981.4,2980.0,2980.2,376
2025-07-15T12:42:00+05:30,2980.2,2982.2,2980.2,2982.2,51
2025-07-15T12:43:00+05:30,2981.1,2981.9,2981.0,2981.5,40
2025-07-15T12:44:00+05:30,2980.5,2982.5,2980.1,2982.5,65
2025-07-15T12:46:00+05:30,2981.7,2982.5,2981.7,2982.3,38
2025-07-15T12:47:00+05:30,2982.6,2983.0,2982.6,2983.0,21
2025-07-15T12:48:00+05:30,2983.0,2983.0,2982.5,2983.0,13
2025-07-15T12:49:00+05:30,2982.7,2983.0,2982.5,2982.5,23
2025-07-15T12:51:00+05:30,2982.5,2983.6,2982.5,2983.6,19
2025-07-15T12:52:00+05:30,2983.1,2984.0,2982.5,2984.0,31
2025-07-15T12:53:00+05:30,2982.9,2983.2,2982.8,2983.2,36
2025-07-15T12:54:00+05:30,2982.3,2984.0,2982.3,2984.0,20
2025-07-15T12:55:00+05:30,2983.2,2984.0,2983.2,2983.3,8
2025-07-15T12:56:00+05:30,2983.3,2987.0,2983.3,2987.0,495
2025-07-15T12:57:00+05:30,2986.0,2986.1,2985.1,2985.1,180
2025-07-15T12:58:00+05:30,2986.5,2988.6,2985.8,2986.6,791
2025-07-15T12:59:00+05:30,2987.4,2987.4,2985.4,2986.5,125
2025-07-15T13:00:00+05:30,2986.5,2987.5,2985.3,2986.4,237
2025-07-15T13:01:00+05:30,2985.2,2986.4,2985.0,2985.0,199
2025-07-15T13:02:00+05:30,2985.8,2986.1,2985.0,2985.0,36
2025-07-15T13:03:00+05:30,2985.9,2986.2,2985.1,2986.2,73
2025-07-15T13:04:00+05:30,2986.2,2987.2,2986.2,2987.2,7
2025-07-15T13:05:00+05:30,2987.4,2987.8,2985.3,2985.3,235
2025-07-15T13:06:00+05:30,2985.5,2986.8,2985.2,2986.8,142
2025-07-15T13:07:00+05:30,2985.6,2987.8,2985.0,2987.8,763
2025-07-15T13:08:00+05:30,2987.7,2988.0,2986.7,2988.0,191
2025-07-15T13:09:00+05:30,2988.0,2988.0,2987.5,2988.0,19
2025-07-15T13:10:00+05:30,2988.0,2988.0,2985.0,2987.8,554
2025-07-15T13:11:00+05:30,2986.7,2987.8,2984.5,2986.9,1074
2025-07-15T13:12:00+05:30,2987.7,2988.0,2987.1,2988.0,44
2025-07-15T13:13:00+05:30,2988.0,2993.7,2988.0,2990.6,774
2025-07-15T13:14:00+05:30,2992.5,2992.5,2991.1,2992.0,212
2025-07-15T13:15:00+05:30,2992.0,2995.7,2991.4,2995.0,2883
2025-07-15T13:16:00+05:30,2995.0,2995.2,2991.2,2991.2,1123
2025-07-15T13:17:00+05:30,2991.2,2991.2,2990.4,2990.4,22
2025-07-15T13:18:00+05:30,2990.4,2990.9,2990.1,2990.2,92
2025-07-15T13:19:00+05:30,2989.9,2990.0,2989.0,2990.0,38
2025-07-15T13:20:00+05:30,2989.1,2989.5,2988.5,2989.4,66
2025-07-15T13:21:00+05:30,2989.0,2989.0,2988.8,2988.8,30
2025-07-15T13:22:00+05:30,2988.8,2988.8,2988.7,2988.7,42
2025-07-15T13:23:00+05:30,2989.0,2989.9,2989.0,2989.9,56
2025-07-15T13:24:00+05:30,2989.0,2990.0,2989.0,2990.0,67
2025-07-15T13:25:00+05:30,2990.0,2990.0,2989.3,2989.3,108
2025-07-15T13:26:00+05:30,2989.3,2990.5,2989.3,2989.9,83
2025-07-15T13:27:00+05:30,2989.9,2990.0,2989.9,2990.0,48
2025-07-15T13:28:00+05:30,2990.0,2990.0,2989.4,2989.4,60
2025-07-15T13:29:00+05:30,2989.7,2990.0,2989.0,2989.1,75
2025-07-15T13:30:00+05:30,2990.0,2990.0,2989.4,2990.0,15
2025-07-15T13:31:00+05:30,2989.9,2990.0,2989.6,2989.6,106
2025-07-15T13:32:00+05:30,2989.5,2989.7,2988.4,2989.7,161
2025-07-15T13:33:00+05:30,2989.7,2989.7,2988.3,2988.3,119
2025-07-15T13:34:00+05:30,2989.0,2989.2,2988.9,2988.9,12
2025-07-15T13:35:00+05:30,2988.9,2988.9,2986.7,2987.9,237
2025-07-15T13:36:00+05:30,2987.4,2989.0,2987.4,2989.0,36
2025-07-15T13:38:00+05:30,2988.0,2988.9,2988.0,2988.9,45
2025-07-15T13:39:00+05:30,2988.9,2989.0,2988.9,2989.0,91
2025-07-15T13:40:00+05:30,2988.5,2989.0,2987.6,2989.0,103
2025-07-15T13:41:00+05:30,2988.9,2988.9,2988.2,2988.2,16
2025-07-15T13:42:00+05:30,2988.6,2992.5,2987.0,2988.0,1750
2025-07-15T13:43:00+05:30,2988.0,2989.3,2987.9,2989.3,145
2025-07-15T13:44:00+05:30,2989.6,2989.8,2989.4,2989.8,86
2025-07-15T13:45:00+05:30,2989.5,2990.9,2989.4,2989.9,99
2025-07-15T13:46:00+05:30,2989.6,2990.0,2989.5,2989.8,78
2025-07-15T13:47:00+05:30,2989.6,2989.9,2988.0,2989.9,186
2025-07-15T13:48:00+05:30,2988.9,2989.9,2988.4,2989.6,43
2025-07-15T13:49:00+05:30,2989.6,2989.9,2989.6,2989.8,61
2025-07-15T13:50:00+05:30,2989.8,2989.9,2989.4,2989.9,101
2025-07-15T13:51:00+05:30,2989.5,2990.0,2989.4,2989.4,29
2025-07-15T13:52:00+05:30,2989.6,2990.0,2988.0,2988.5,112
2025-07-15T13:53:00+05:30,2988.9,2989.6,2987.7,2987.9,90
2025-07-15T13:54:00+05:30,2988.4,2989.0,2987.0,2987.4,121
2025-07-15T13:55:00+05:30,2987.7,2989.9,2987.7,2987.8,259
2025-07-15T13:56:00+05:30,2988.5,2989.3,2986.9,2987.8,233
2025-07-15T13:57:00+05:30,2987.8,2988.7,2987.3,2987.9,200
2025-07-15T13:58:00+05:30,2988.0,2988.9,2987.9,2987.9,101
2025-07-15T13:59:00+05:30,2988.4,2989.0,2987.9,2987.9,190
2025-07-15T14:00:00+05:30,2988.0,2989.5,2987.9,2988.9,51
2025-07-15T14:01:00+05:30,2988.5,2989.0,2987.9,2987.9,56
2025-07-15T14:02:00+05:30,2988.4,2989.2,2987.9,2987.9,70
2025-07-15T14:03:00+05:30,2987.9,2989.0,2987.9,2987.9,29
2025-07-15T14:04:00+05:30,2988.1,2988.4,2987.9,2987.9,101
2025-07-15T14:05:00+05:30,2987.9,2988.3,2987.9,2988.1,33
2025-07-15T14:06:00+05:30,2987.9,2988.9,2987.9,2987.9,93
2025-07-15T14:07:00+05:30,2987.9,2988.0,2985.0,2985.0,236
2025-07-15T14:08:00+05:30,2985.2,2987.3,2985.2,2987.3,43
2025-07-15T14:09:00+05:30,2986.8,2987.3,2985.2,2985.6,162
2025-07-15T14:10:00+05:30,2986.3,2986.5,2984.1,2984.7,205
2025-07-15T14:11:00+05:30,2985.4,2985.4,2982.3,2982.4,92
2025-07-15T14:12:00+05:30,2982.3,2983.2,2980.8,2980.9,1281
2025-07-15T14:13:00+05:30,2981.4,2983.4,2980.7,2980.8,706
2025-07-15T14:14:00+05:30,2981.5,2982.1,2980.9,2982.0,163
2025-07-15T14:15:00+05:30,2981.6,2982.1,2980.9,2980.9,34
2025-07-15T14:16:00+05:30,2980.9,2981.1,2980.9,2981.1,14
2025-07-15T14:17:00+05:30,2981.1,2982.6,2980.9,2981.0,143
2025-07-15T14:18:00+05:30,2980.7,2985.5,2980.7,2985.5,446
2025-07-15T14:19:00+05:30,2984.6,2986.2,2983.1,2986.2,231
2025-07-15T14:20:00+05:30,2985.7,2986.9,2985.7,2986.0,78
2025-07-15T14:21:00+05:30,2985.7,2991.8,2985.7,2989.0,1101
2025-07-15T14:22:00+05:30,2988.7,2991.2,2987.1,2989.3,1065
2025-07-15T14:23:00+05:30,2989.3,2989.4,2989.3,2989.3,110
2025-07-15T14:24:00+05:30,2989.4,2990.7,2989.4,2989.9,378
2025-07-15T14:25:00+05:30,2989.7,2990.6,2989.5,2990.0,179
2025-07-15T14:26:00+05:30,2990.0,2990.1,2990.0,2990.0,171
2025-07-15T14:27:00+05:30,2990.0,2991.3,2990.0,2991.3,102
2025-07-15T14:28:00+05:30,2990.1,2991.0,2990.0,2990.0,140
2025-07-15T14:29:00+05:30,2990.0,2990.1,2990.0,2990.1,167
2025-07-15T14:30:00+05:30,2990.3,2992.0,2990.1,2992.0,53
2025-07-15T14:31:00+05:30,2991.3,2993.0,2990.6,2992.7,137
2025-07-15T14:32:00+05:30,2992.2,2992.8,2991.7,2992.3,58
2025-07-15T14:33:00+05:30,2992.0,2993.0,2991.8,2991.9,195
2025-07-15T14:34:00+05:30,2991.8,2993.0,2991.8,2992.0,64
2025-07-15T14:35:00+05:30,2991.8,2991.9,2991.8,2991.8,37
2025-07-15T14:36:00+05:30,2991.8,2993.0,2991.8,2992.0,67
2025-07-15T14:37:00+05:30,2992.0,2992.9,2991.8,2992.3,138
2025-07-15T14:38:00+05:30,2991.8,2992.0,2991.8,2991.8,27
2025-07-15T14:39:00+05:30,2991.8,2991.8,2991.8,2991.8,137
2025-07-15T14:40:00+05:30,2991.8,2992.0,2991.8,2992.0,100
2025-07-15T14:41:00+05:30,2991.8,2991.8,2991.8,2991.8,10
2025-07-15T14:42:00+05:30,2991.8,2993.7,2991.7,2992.1,321
2025-07-15T14:43:00+05:30,2991.9,2992.0,2991.9,2992.0,50
2025-07-15T14:44:00+05:30,2991.9,2993.2,2991.9,2991.9,97
2025-07-15T14:45:00+05:30,2992.1,2993.0,2991.3,2991.3,170
2025-07-15T14:46:00+05:30,2991.3,2991.3,2990.0,2990.1,57
2025-07-15T14:47:00+05:30,2990.1,2993.0,2990.0,2992.5,763
2025-07-15T14:48:00+05:30,2992.0,2993.5,2991.9,2992.7,72
2025-07-15T14:49:00+05:30,2992.5,2996.7,2992.5,2996.7,467
2025-07-15T14:50:00+05:30,2996.1,2996.1,2993.3,2993.3,158
2025-07-15T14:51:00+05:30,2993.6,2993.9,2992.9,2993.7,61
2025-07-15T14:52:00+05:30,2993.2,2993.3,2992.0,2993.3,51
2025-07-15T14:53:00+05:30,2992.0,2993.4,2992.0,2992.3,47
2025-07-15T14:54:00+05:30,2992.3,2993.4,2992.3,2993.4,37
2025-07-15T14:55:00+05:30,2992.4,2992.9,2992.0,2992.3,197
2025-07-15T14:56:00+05:30,2992.3,2992.8,2992.2,2992.3,37
2025-07-15T14:57:00+05:30,2992.2,2993.0,2992.2,2992.3,251
2025-07-15T14:58:00+05:30,2992.2,2993.3,2992.2,2993.0,151
2025-07-15T14:59:00+05:30,2992.2,2995.5,2992.2,2992.5,1970
2025-07-15T15:00:00+05:30,2993.8,2998.9,2993.8,2997.1,1516
2025-07-15T15:01:00+05:30,2997.2,2997.5,2994.5,2996.5,869
2025-07-15T15:02:00+05:30,2995.7,2997.8,2991.9,2994.6,1479
2025-07-15T15:03:00+05:30,2994.7,2996.4,2994.6,2995.3,646
2025-07-15T15:04:00+05:30,2995.2,2997.2,2995.2,2995.5,763
2025-07-15T15:05:00+05:30,2995.3,2997.0,2993.7,2993.8,1659
2025-07-15T15:06:00+05:30,2993.7,2996.0,2993.6,2996.0,821
2025-07-15T15:07:00+05:30,2995.8,2997.9,2991.9,2996.1,6736
2025-07-15T15:08:00+05:30,2995.6,2996.8,2995.2,2996.7,638
2025-07-15T15:09:00+05:30,2996.6,2998.7,2996.6,2998.0,589
2025-07-15T15:10:00+05:30,2998.0,2998.0,2995.5,2998.0,1664
2025-07-15T15:11:00+05:30,2998.0,2998.0,2997.9,2998.0,491
2025-07-15T15:12:00+05:30,2997.9,2998.5,2997.9,2998.5,714
2025-07-15T15:13:00+05:30,2998.5,3000.0,2997.3,2999.0,2103
2025-07-15T15:14:00+05:30,2999.0,2999.0,2997.3,2997.9,1429
2025-07-15T15:15:00+05:30,2997.5,2998.0,2997.5,2997.9,746
2025-07-15T15:16:00+05:30,2997.9,3000.0,2997.7,2998.7,783
2025-07-15T15:17:00+05:30,2998.7,3000.9,2998.5,3000.9,2146
2025-07-15T15:18:00+05:30,3000.5,3002.0,2999.4,3001.8,2048
2025-07-15T15:19:00+05:30,3001.8,3003.1,2998.9,3000.3,1987
2025-07-15T15:20:00+05:30,3000.2,3002.9,2999.6,3002.9,914
2025-07-15T15:21:00+05:30,3001.7,3002.9,2999.7,3001.6,2151
2025-07-15T15:22:00+05:30,3001.6,3001.9,2999.0,3000.6,1946
2025-07-15T15:23:00+05:30,3000.2,3002.6,2994.1,3000.3,2526
2025-07-15T15:24:00+05:30,3000.3,3000.3,2997.5,2999.0,1329
2025-07-15T15:25:00+05:30,2998.6,3001.0,2998.2,2999.9,1036
2025-07-15T15:26:00+05:30,2998.3,3001.0,2998.3,3001.0,1485
2025-07-15T15:27:00+05:30,3001.0,3001.2,2998.2,3000.5,1555
2025-07-15T15:28:00+05:30,3000.5,3001.0,2995.3,2995.8,1636
2025-07-15T15:29:00+05:30,2998.2,3001.0,2994.1,2995.3,780
2025-07-14T09:15:00+05:30,3000.0,3000.7,2987.0,2992.1,1065
2025-07-14T09:16:00+05:30,2992.8,2996.8,2990.8,2992.9,2033
2025-07-14T09:17:00+05:30,2993.5,2997.0,2990.8,2992.4,1573
2025-07-14T09:18:00+05:30,2992.5,2993.3,2985.5,2986.9,1068
2025-07-14T09:19:00+05:30,2985.0,2985.3,2981.7,2981.7,742
2025-07-14T09:20:00+05:30,2983.0,2983.0,2979.0,2979.7,931
2025-07-14T09:21:00+05:30,2979.7,2979.7,2972.5,2974.1,2196
2025-07-14T09:22:00+05:30,2974.2,2976.6,2973.5,2976.3,258
2025-07-14T09:23:00+05:30,2976.3,2977.3,2975.6,2977.1,572
2025-07-14T09:24:00+05:30,2976.4,2977.1,2972.1,2972.2,391
2025-07-14T09:25:00+05:30,2972.3,2973.2,2969.0,2969.0,2157
2025-07-14T09:26:00+05:30,2970.0,2971.6,2969.2,2970.6,1058
2025-07-14T09:27:00+05:30,2971.7,2972.4,2970.0,2970.5,650
2025-07-14T09:28:00+05:30,2971.5,2971.7,2965.6,2968.5,1534
2025-07-14T09:29:00+05:30,2969.3,2970.5,2965.3,2969.2,1492
2025-07-14T09:30:00+05:30,2968.8,2968.8,2967.4,2967.6,492
2025-07-14T09:31:00+05:30,2967.4,2973.7,2967.4,2973.1,1430
2025-07-14T09:32:00+05:30,2973.6,2975.0,2971.7,2974.1,976
2025-07-14T09:33:00+05:30,2974.0,2974.1,2971.0,2974.1,505
2025-07-14T09:34:00+05:30,2974.1,2976.5,2972.4,2976.4,1131
2025-07-14T09:35:00+05:30,2975.5,2976.2,2973.1,2974.5,965
2025-07-14T09:36:00+05:30,2974.4,2974.4,2973.2,2974.2,83
2025-07-14T09:37:00+05:30,2973.5,2976.9,2973.5,2975.0,861
2025-07-14T09:38:00+05:30,2975.0,2976.5,2974.1,2975.6,514
2025-07-14T09:39:00+05:30,2975.7,2975.7,2975.0,2975.7,26
2025-07-14T09:40:00+05:30,2975.7,2982.0,2975.6,2982.0,1318
2025-07-14T09:41:00+05:30,2983.5,2990.4,2981.0,2988.5,4031
2025-07-14T09:42:00+05:30,2986.4,2989.9,2986.4,2989.9,548
2025-07-14T09:43:00+05:30,2988.6,2989.3,2988.6,2988.6,53
2025-07-14T09:44:00+05:30,2989.3,2989.9,2987.1,2987.3,2504
2025-07-14T09:45:00+05:30,2987.3,2987.4,2986.9,2986.9,396
2025-07-14T09:46:00+05:30,2986.9,2987.1,2986.9,2986.9,225
2025-07-14T09:47:00+05:30,2987.1,2988.5,2986.7,2987.6,652
2025-07-14T09:48:00+05:30,2988.3,2988.6,2985.2,2986.5,294
2025-07-14T09:49:00+05:30,2986.5,2991.6,2986.5,2991.6,596
2025-07-14T09:50:00+05:30,2991.9,2993.0,2991.6,2993.0,283
2025-07-14T09:51:00+05:30,2993.4,2993.4,2987.6,2989.7,688
2025-07-14T09:52:00+05:30,2989.3,2989.6,2985.8,2986.2,390
2025-07-14T09:53:00+05:30,2986.0,2986.0,2984.2,2985.0,102
2025-07-14T09:54:00+05:30,2984.0,2984.8,2982.0,2982.0,304
2025-07-14T09:55:00+05:30,2983.0,2984.4,2981.2,2984.4,3808
2025-07-14T09:56:00+05:30,2984.4,2984.4,2983.5,2984.4,131
2025-07-14T09:57:00+05:30,2984.4,2984.4,2982.6,2982.6,175
2025-07-14T09:58:00+05:30,2981.6,2983.8,2981.6,2983.8,279
2025-07-14T09:59:00+05:30,2983.6,2983.8,2982.7,2983.6,253
2025-07-14T10:00:00+05:30,2983.7,2986.4,2983.7,2986.1,86
2025-07-14T10:01:00+05:30,2986.1,2986.1,2985.7,2985.7,144
2025-07-14T10:02:00+05:30,2985.7,2985.7,2983.1,2984.0,127
2025-07-14T10:03:00+05:30,2983.8,2983.8,2980.0,2980.1,233
2025-07-14T10:04:00+05:30,2980.6,2981.0,2979.0,2980.0,831
2025-07-14T10:05:00+05:30,2979.3,2979.9,2979.3,2979.9,34
2025-07-14T10:06:00+05:30,2979.8,2979.9,2979.3,2979.3,129
2025-07-14T10:07:00+05:30,2979.2,2979.2,2977.5,2978.6,413
2025-07-14T10:08:00+05:30,2978.4,2981.0,2978.4,2979.3,391
2025-07-14T10:09:00+05:30,2979.5,2982.0,2979.3,2982.0,438
2025-07-14T10:10:00+05:30,2981.6,2982.0,2979.0,2979.2,503
2025-07-14T10:11:00+05:30,2979.2,2981.7,2979.2,2981.6,489
2025-07-14T10:12:00+05:30,2981.6,2990.0,2981.6,2984.9,5448
2025-07-14T10:13:00+05:30,2986.4,2989.1,2979.7,2981.3,809
2025-07-14T10:14:00+05:30,2980.7,2980.8,2980.0,2980.0,80
2025-07-14T10:15:00+05:30,2980.5,2981.2,2979.8,2981.2,219
2025-07-14T10:16:00+05:30,2982.1,2982.1,2977.9,2978.9,361
2025-07-14T10:17:00+05:30,2978.8,2979.9,2978.5,2979.4,438
2025-07-14T10:18:00+05:30,2979.4,2979.4,2973.5,2975.5,3432
2025-07-14T10:19:00+05:30,2975.5,2975.5,2973.6,2975.1,430
2025-07-14T10:20:00+05:30,2975.1,2978.3,2975.1,2976.2,483
2025-07-14T10:21:00+05:30,2976.1,2977.2,2976.1,2977.0,152
2025-07-14T10:22:00+05:30,2976.9,2977.1,2975.0,2977.1,1219
2025-07-14T10:23:00+05:30,2976.5,2976.6,2975.0,2975.0,583
2025-07-14T10:24:00+05:30,2975.0,2975.1,2974.8,2974.8,256
2025-07-14T10:25:00+05:30,2974.9,2974.9,2973.5,2973.9,372
2025-07-14T10:26:00+05:30,2973.9,2976.0,2973.5,2974.7,553
2025-07-14T10:27:00+05:30,2975.7,2977.0,2975.5,2975.8,461
2025-07-14T10:28:00+05:30,2975.7,2976.7,2973.5,2973.5,924
2025-07-14T10:29:00+05:30,2973.6,2974.0,2973.5,2973.8,336
2025-07-14T10:30:00+05:30,2974.0,2974.6,2973.9,2974.5,215
2025-07-14T10:31:00+05:30,2975.2,2975.2,2970.1,2971.3,1778
2025-07-14T10:32:00+05:30,2971.3,2972.4,2971.2,2971.6,198
2025-07-14T10:33:00+05:30,2971.5,2971.5,2969.0,2969.2,2215
2025-07-14T10:34:00+05:30,2969.3,2971.9,2966.0,2966.0,1605
2025-07-14T10:35:00+05:30,2966.1,2966.3,2965.9,2966.2,512
2025-07-14T10:36:00+05:30,2966.1,2967.6,2965.0,2966.0,772
2025-07-14T10:37:00+05:30,2966.7,2967.9,2966.7,2967.8,114
2025-07-14T10:38:00+05:30,2967.8,2968.1,2967.8,2968.0,192
2025-07-14T10:39:00+05:30,2968.0,2969.5,2967.9,2968.1,118
2025-07-14T10:40:00+05:30,2968.2,2968.2,2967.8,2967.8,449
2025-07-14T10:41:00+05:30,2967.9,2969.8,2967.8,2968.8,489
2025-07-14T10:42:00+05:30,2971.1,2972.5,2969.1,2969.3,757
2025-07-14T10:43:00+05:30,2969.1,2971.7,2968.5,2970.0,727
2025-07-14T10:44:00+05:30,2972.0,2972.0,2971.5,2971.5,9
2025-07-14T10:45:00+05:30,2971.5,2971.5,2968.0,2968.0,412
2025-07-14T10:46:00+05:30,2968.1,2969.7,2967.8,2969.7,91
2025-07-14T10:47:00+05:30,2969.4,2969.4,2968.0,2968.6,83
2025-07-14T10:48:00+05:30,2968.6,2968.6,2968.1,2968.1,146
2025-07-14T10:49:00+05:30,2968.2,2968.2,2965.1,2965.5,1188
2025-07-14T10:50:00+05:30,2965.3,2965.3,2961.6,2962.6,1602
2025-07-14T10:51:00+05:30,2962.6,2962.9,2961.9,2962.4,759
2025-07-14T10:52:00+05:30,2962.6,2964.0,2962.4,2963.0,665
2025-07-14T10:53:00+05:30,2962.5,2963.6,2962.4,2962.9,177
2025-07-14T10:54:00+05:30,2963.6,2964.1,2962.0,2962.5,570
2025-07-14T10:55:00+05:30,2962.5,2962.5,2962.0,2962.1,177
2025-07-14T10:56:00+05:30,2962.1,2965.5,2961.3,2963.0,4387
2025-07-14T10:57:00+05:30,2962.1,2965.8,2962.0,2962.0,1018
2025-07-14T10:58:00+05:30,2962.6,2962.6,2961.3,2961.3,492
2025-07-14T10:59:00+05:30,2961.5,2966.2,2960.3,2961.1,2158
2025-07-14T11:00:00+05:30,2960.7,2963.8,2960.3,2962.0,220
2025-07-14T11:01:00+05:30,2962.9,2962.9,2961.8,2962.9,137
2025-07-14T11:02:00+05:30,2962.9,2965.2,2962.9,2963.4,335
2025-07-14T11:03:00+05:30,2963.4,2964.4,2962.9,2963.4,129
2025-07-14T11:04:00+05:30,2962.9,2963.2,2962.0,2962.0,205
2025-07-14T11:05:00+05:30,2962.2,2962.2,2960.8,2961.1,549
2025-07-14T11:06:00+05:30,2961.4,2963.0,2960.4,2961.5,1304
2025-07-14T11:07:00+05:30,2962.5,2963.7,2960.8,2961.2,196
2025-07-14T11:08:00+05:30,2961.2,2961.2,2960.9,2961.0,100
2025-07-14T11:09:00+05:30,2961.1,2963.7,2960.9,2962.8,374
2025-07-14T11:10:00+05:30,2963.0,2963.7,2962.9,2963.0,52
2025-07-14T11:11:00+05:30,2963.7,2963.7,2961.8,2962.1,784
2025-07-14T11:12:00+05:30,2962.5,2962.5,2960.4,2961.3,313
2025-07-14T11:13:00+05:30,2960.5,2961.3,2960.4,2960.9,594
2025-07-14T11:14:00+05:30,2961.0,2961.9,2960.6,2960.6,117
2025-07-14T11:15:00+05:30,2961.8,2961.8,2956.5,2957.5,3832
2025-07-14T11:16:00+05:30,2958.6,2959.4,2957.7,2957.7,53
2025-07-14T11:17:00+05:30,2957.7,2960.3,2957.7,2960.0,301
2025-07-14T11:18:00+05:30,2958.4,2960.0,2958.4,2958.8,254
2025-07-14T11:19:00+05:30,2960.0,2960.0,2959.4,2960.0,129
2025-07-14T11:20:00+05:30,2960.0,2960.0,2958.8,2959.7,133
2025-07-14T11:21:00+05:30,2959.7,2959.7,2957.7,2958.0,502
2025-07-14T11:22:00+05:30,2958.6,2960.0,2958.0,2959.5,393
2025-07-14T11:23:00+05:30,2959.4,2961.0,2959.4,2959.4,368
2025-07-14T11:24:00+05:30,2959.9,2960.0,2959.4,2960.0,182
2025-07-14T11:25:00+05:30,2959.4,2959.9,2959.4,2959.9,46
2025-07-14T11:26:00+05:30,2959.9,2959.9,2958.9,2959.4,381
2025-07-14T11:27:00+05:30,2959.9,2960.7,2959.4,2960.7,188
2025-07-14T11:28:00+05:30,2960.7,2961.0,2956.5,2956.5,505
2025-07-14T11:29:00+05:30,2957.3,2957.3,2956.0,2956.0,677
2025-07-14T11:30:00+05:30,2956.7,2956.7,2956.0,2956.0,269
2025-07-14T11:31:00+05:30,2956.1,2956.2,2955.0,2955.0,979
2025-07-14T11:32:00+05:30,2955.4,2955.4,2955.0,2955.2,1895
2025-07-14T11:33:00+05:30,2955.0,2955.1,2951.4,2953.1,2459
2025-07-14T11:34:00+05:30,2953.1,2954.6,2950.5,2953.7,3631
2025-07-14T11:35:00+05:30,2953.8,2955.1,2952.8,2953.2,354
2025-07-14T11:36:00+05:30,2953.1,2954.4,2953.0,2953.0,154
2025-07-14T11:37:00+05:30,2953.2,2954.4,2953.0,2953.0,422
2025-07-14T11:38:00+05:30,2954.7,2954.7,2953.0,2953.1,249
2025-07-14T11:39:00+05:30,2953.9,2958.0,2953.1,2956.2,396
2025-07-14T11:40:00+05:30,2957.2,2957.5,2956.2,2956.2,84
2025-07-14T11:41:00+05:30,2957.0,2957.0,2955.5,2955.5,211
2025-07-14T11:42:00+05:30,2955.0,2956.5,2954.0,2955.3,419
2025-07-14T11:43:00+05:30,2955.3,2955.3,2954.0,2954.5,40
2025-07-14T11:44:00+05:30,2954.5,2954.5,2954.0,2954.1,301
2025-07-14T11:45:00+05:30,2954.4,2954.4,2953.0,2953.0,289
2025-07-14T11:46:00+05:30,2953.5,2953.7,2952.8,2953.7,457
2025-07-14T11:47:00+05:30,2953.7,2955.0,2953.7,2954.4,334
2025-07-14T11:48:00+05:30,2954.4,2954.8,2954.0,2954.8,390
2025-07-14T11:49:00+05:30,2954.8,2955.1,2954.3,2955.1,124
2025-07-14T11:50:00+05:30,2955.0,2955.1,2954.9,2954.9,98
2025-07-14T11:51:00+05:30,2955.0,2955.0,2954.5,2954.5,167
2025-07-14T11:52:00+05:30,2954.1,2956.1,2953.5,2954.3,421
2025-07-14T11:53:00+05:30,2954.3,2954.3,2952.1,2952.1,501
2025-07-14T11:54:00+05:30,2952.4,2952.4,2952.1,2952.2,212
2025-07-14T11:55:00+05:30,2952.2,2954.7,2951.3,2952.0,802
2025-07-14T11:56:00+05:30,2952.7,2952.7,2952.0,2952.7,44
2025-07-14T11:57:00+05:30,2952.5,2952.5,2952.0,2952.0,207
2025-07-14T11:58:00+05:30,2951.9,2953.4,2951.1,2952.0,608
2025-07-14T11:59:00+05:30,2952.2,2953.8,2952.0,2953.8,93
2025-07-14T12:00:00+05:30,2953.7,2953.8,2952.8,2952.8,137
2025-07-14T12:01:00+05:30,2952.8,2953.3,2952.8,2952.9,126
2025-07-14T12:02:00+05:30,2952.8,2952.9,2952.2,2952.8,93
2025-07-14T12:03:00+05:30,2952.7,2952.8,2952.2,2952.3,373
2025-07-14T12:04:00+05:30,2952.2,2952.2,2951.6,2952.1,123
2025-07-14T12:05:00+05:30,2952.0,2954.8,2951.6,2953.9,600
2025-07-14T12:06:00+05:30,2952.8,2953.9,2952.6,2952.7,204
2025-07-14T12:07:00+05:30,2952.7,2952.7,2950.3,2950.4,562
2025-07-14T12:08:00+05:30,2950.3,2950.9,2950.3,2950.3,750
2025-07-14T12:09:00+05:30,2950.9,2953.7,2950.3,2952.0,518
2025-07-14T12:10:00+05:30,2952.1,2953.4,2951.7,2952.4,346
2025-07-14T12:11:00+05:30,2952.7,2952.7,2952.0,2952.1,283
2025-07-14T12:12:00+05:30,2952.4,2952.4,2951.1,2951.5,1346
2025-07-14T12:13:00+05:30,2952.0,2952.0,2951.5,2952.0,66
2025-07-14T12:14:00+05:30,2952.0,2952.0,2951.5,2951.6,324
2025-07-14T12:15:00+05:30,2951.6,2955.9,2951.6,2951.8,1420
2025-07-14T12:16:00+05:30,2953.0,2953.0,2952.0,2952.8,404
2025-07-14T12:17:00+05:30,2953.0,2954.6,2952.8,2954.6,217
2025-07-14T12:18:00+05:30,2953.8,2954.3,2952.8,2954.2,530
2025-07-14T12:19:00+05:30,2954.2,2954.2,2954.0,2954.2,74
2025-07-14T12:20:00+05:30,2954.2,2954.2,2951.5,2951.5,1231
2025-07-14T12:21:00+05:30,2951.1,2951.4,2950.3,2950.3,735
2025-07-14T12:22:00+05:30,2950.6,2950.6,2950.3,2950.4,320
2025-07-14T12:23:00+05:30,2950.4,2950.4,2950.3,2950.3,277
2025-07-14T12:24:00+05:30,2950.3,2950.5,2950.3,2950.4,340
2025-07-14T12:25:00+05:30,2950.4,2950.4,2950.3,2950.3,178
2025-07-14T12:26:00+05:30,2950.4,2950.4,2950.3,2950.3,242
2025-07-14T12:27:00+05:30,2950.3,2950.5,2950.3,2950.4,308
2025-07-14T12:28:00+05:30,2950.4,2950.4,2950.3,2950.4,136
2025-07-14T12:29:00+05:30,2950.4,2950.4,2950.3,2950.3,214
2025-07-14T12:30:00+05:30,2950.4,2950.4,2948.3,2948.6,4082
2025-07-14T12:31:00+05:30,2948.6,2948.6,2948.3,2948.4,80
2025-07-14T12:32:00+05:30,2948.6,2950.0,2948.1,2950.0,514
2025-07-14T12:33:00+05:30,2949.0,2950.0,2949.0,2950.0,125
2025-07-14T12:34:00+05:30,2949.3,2949.7,2949.0,2949.0,250
2025-07-14T12:35:00+05:30,2949.0,2949.0,2948.5,2948.6,2326
2025-07-14T12:36:00+05:30,2948.5,2948.6,2945.0,2945.0,3651
2025-07-14T12:37:00+05:30,2945.1,2947.8,2945.0,2947.8,1368
2025-07-14T12:38:00+05:30,2947.7,2947.7,2946.6,2947.1,214
2025-07-14T12:39:00+05:30,2947.1,2955.9,2947.0,2953.5,1277
2025-07-14T12:40:00+05:30,2952.8,2954.3,2951.2,2954.1,1081
2025-07-14T12:41:00+05:30,2955.2,2955.3,2951.2,2952.2,3284
2025-07-14T12:42:00+05:30,2952.1,2954.6,2951.0,2953.6,3030
2025-07-14T12:43:00+05:30,2954.6,2954.6,2953.4,2953.6,82
2025-07-14T12:44:00+05:30,2954.3,2954.3,2953.3,2953.6,294
2025-07-14T12:45:00+05:30,2953.5,2958.6,2953.3,2955.9,912
2025-07-14T12:46:00+05:30,2957.1,2957.1,2955.9,2956.2,141
2025-07-14T12:47:00+05:30,2956.4,2956.4,2955.2,2955.2,253
2025-07-14T12:48:00+05:30,2955.2,2956.6,2954.9,2956.6,217
2025-07-14T12:49:00+05:30,2956.6,2957.5,2953.9,2954.6,620
2025-07-14T12:50:00+05:30,2954.9,2955.1,2954.5,2954.5,212
2025-07-14T12:51:00+05:30,2954.3,2956.0,2954.3,2954.7,110
2025-07-14T12:52:00+05:30,2955.3,2955.3,2954.6,2954.9,128
2025-07-14T12:53:00+05:30,2954.8,2954.8,2953.9,2953.9,182
2025-07-14T12:54:00+05:30,2954.6,2956.0,2953.8,2954.9,193
2025-07-14T12:55:00+05:30,2954.9,2955.9,2954.1,2954.1,208
2025-07-14T12:56:00+05:30,2955.0,2955.0,2953.2,2953.8,227
2025-07-14T12:57:00+05:30,2953.8,2953.8,2953.2,2953.3,263
2025-07-14T12:58:00+05:30,2953.4,2954.5,2953.4,2954.2,58
2025-07-14T12:59:00+05:30,2954.5,2954.5,2954.2,2954.2,131
2025-07-14T13:00:00+05:30,2954.5,2954.5,2954.1,2954.1,164
2025-07-14T13:01:00+05:30,2954.3,2954.3,2953.5,2953.5,145
2025-07-14T13:02:00+05:30,2953.9,2954.0,2953.0,2953.0,175
2025-07-14T13:03:00+05:30,2953.0,2953.2,2952.4,2952.4,142
2025-07-14T13:04:00+05:30,2952.5,2952.6,2952.0,2952.2,295
2025-07-14T13:05:00+05:30,2952.1,2957.6,2951.2,2956.1,51319
2025-07-14T13:06:00+05:30,2956.3,2956.3,2954.9,2954.9,56
2025-07-14T13:07:00+05:30,2954.9,2957.1,2954.2,2956.2,1361
2025-07-14T13:08:00+05:30,2956.2,2956.2,2954.1,2955.0,288
2025-07-14T13:09:00+05:30,2954.1,2957.1,2954.1,2957.0,453
2025-07-14T13:10:00+05:30,2957.8,2957.8,2956.2,2956.3,145
2025-07-14T13:11:00+05:30,2956.9,2958.8,2956.6,2958.0,387
2025-07-14T13:12:00+05:30,2958.0,2961.0,2958.0,2958.5,689
2025-07-14T13:13:00+05:30,2958.5,2958.5,2958.0,2958.3,118
2025-07-14T13:14:00+05:30,2958.0,2958.3,2958.0,2958.0,256
2025-07-14T13:15:00+05:30,2958.0,2958.7,2958.0,2958.1,290
2025-07-14T13:16:00+05:30,2958.5,2959.9,2958.3,2958.5,131
2025-07-14T13:17:00+05:30,2958.9,2959.0,2958.5,2959.0,214
2025-07-14T13:18:00+05:30,2959.0,2959.0,2956.9,2957.3,541
2025-07-14T13:19:00+05:30,2957.1,2957.1,2956.0,2956.0,445
2025-07-14T13:20:00+05:30,2956.7,2956.7,2954.0,2955.0,228
2025-07-14T13:21:00+05:30,2955.2,2956.0,2954.7,2955.1,956
2025-07-14T13:22:00+05:30,2955.0,2955.1,2953.9,2955.0,384
2025-07-14T13:23:00+05:30,2955.1,2959.0,2955.1,2958.1,2553
2025-07-14T13:24:00+05:30,2957.9,2958.1,2956.0,2956.4,1223
2025-07-14T13:25:00+05:30,2957.6,2957.6,2955.1,2955.5,575
2025-07-14T13:26:00+05:30,2955.6,2955.6,2955.1,2955.2,635
2025-07-14T13:27:00+05:30,2955.2,2955.2,2950.0,2950.0,1842
2025-07-14T13:28:00+05:30,2950.3,2954.9,2950.0,2950.6,2707
2025-07-14T13:29:00+05:30,2950.0,2950.5,2950.0,2950.0,627
2025-07-14T13:30:00+05:30,2950.1,2950.1,2949.0,2949.2,1179
2025-07-14T13:31:00+05:30,2949.3,2949.3,2946.3,2946.4,1134
2025-07-14T13:32:00+05:30,2947.5,2950.5,2946.1,2950.2,1931
2025-07-14T13:33:00+05:30,2949.7,2949.7,2948.1,2949.1,703
2025-07-14T13:34:00+05:30,2949.2,2949.4,2949.1,2949.1,827
2025-07-14T13:35:00+05:30,2949.1,2956.9,2948.1,2953.0,3257
2025-07-14T13:36:00+05:30,2952.1,2953.0,2952.0,2952.0,199
2025-07-14T13:37:00+05:30,2952.3,2952.3,2952.0,2952.2,974
2025-07-14T13:38:00+05:30,2952.3,2952.3,2950.1,2950.1,508
2025-07-14T13:39:00+05:30,2950.2,2951.0,2948.1,2948.3,940
2025-07-14T13:40:00+05:30,2948.3,2949.9,2948.0,2948.4,1383
2025-07-14T13:41:00+05:30,2948.3,2948.3,2948.0,2948.3,739
2025-07-14T13:42:00+05:30,2948.3,2948.3,2947.6,2947.6,615
2025-07-14T13:43:00+05:30,2947.9,2947.9,2947.0,2947.0,1161
2025-07-14T13:44:00+05:30,2947.0,2947.6,2947.0,2947.0,340
2025-07-14T13:45:00+05:30,2947.2,2947.2,2947.0,2947.1,103
2025-07-14T13:46:00+05:30,2947.1,2947.4,2947.0,2947.0,1916
2025-07-14T13:47:00+05:30,2947.1,2947.1,2947.0,2947.1,364
2025-07-14T13:48:00+05:30,2947.1,2947.1,2947.0,2947.0,176
2025-07-14T13:49:00+05:30,2947.1,2947.1,2945.1,2945.1,1422
2025-07-14T13:50:00+05:30,2945.2,2945.2,2945.1,2945.1,213
2025-07-14T13:51:00+05:30,2945.1,2945.1,2943.0,2943.2,3158
2025-07-14T13:52:00+05:30,2943.2,2945.1,2942.9,2943.5,2514
2025-07-14T13:53:00+05:30,2944.2,2945.1,2943.8,2944.6,832
2025-07-14T13:54:00+05:30,2944.0,2944.5,2944.0,2944.3,75
2025-07-14T13:55:00+05:30,2944.2,2944.3,2942.8,2942.8,546
2025-07-14T13:56:00+05:30,2942.9,2943.0,2942.0,2942.2,1069
2025-07-14T13:57:00+05:30,2942.2,2942.2,2942.0,2942.0,240
2025-07-14T13:58:00+05:30,2942.0,2942.0,2941.0,2941.1,1827
2025-07-14T13:59:00+05:30,2941.1,2941.4,2940.0,2941.4,2391
2025-07-14T14:00:00+05:30,2941.4,2944.9,2941.1,2943.5,243
2025-07-14T14:01:00+05:30,2944.0,2945.5,2943.1,2944.0,189
2025-07-14T14:02:00+05:30,2945.3,2946.1,2944.0,2945.4,245
2025-07-14T14:03:00+05:30,2946.1,2946.4,2945.4,2946.4,229
2025-07-14T14:04:00+05:30,2947.0,2952.7,2946.6,2947.9,5439
2025-07-14T14:05:00+05:30,2949.0,2950.0,2947.8,2949.9,354
2025-07-14T14:06:00+05:30,2948.7,2949.9,2948.4,2949.0,288
2025-07-14T14:07:00+05:30,2948.9,2953.6,2948.4,2952.3,1664
2025-07-14T14:08:00+05:30,2953.0,2953.0,2951.6,2952.3,153
2025-07-14T14:09:00+05:30,2952.3,2952.3,2951.1,2951.6,139
2025-07-14T14:10:00+05:30,2951.6,2952.3,2951.0,2951.9,197
2025-07-14T14:11:00+05:30,2952.3,2958.2,2951.9,2956.9,1145
2025-07-14T14:12:00+05:30,2956.8,2956.8,2954.7,2955.4,270
2025-07-14T14:13:00+05:30,2956.1,2957.9,2955.0,2956.8,408
2025-07-14T14:14:00+05:30,2957.7,2958.8,2956.8,2958.3,322
2025-07-14T14:15:00+05:30,2958.3,2958.3,2956.9,2957.7,111
2025-07-14T14:16:00+05:30,2957.9,2958.0,2957.4,2958.0,160
2025-07-14T14:17:00+05:30,2958.0,2958.0,2957.2,2957.2,234
2025-07-14T14:18:00+05:30,2958.0,2958.0,2957.2,2957.3,128
2025-07-14T14:19:00+05:30,2957.6,2958.9,2956.7,2958.0,365
2025-07-14T14:20:00+05:30,2958.6,2958.6,2957.7,2957.8,204
2025-07-14T14:21:00+05:30,2957.9,2957.9,2957.7,2957.7,263
2025-07-14T14:22:00+05:30,2957.7,2958.0,2957.7,2957.7,232
2025-07-14T14:23:00+05:30,2957.9,2958.5,2957.7,2958.4,284
2025-07-14T14:24:00+05:30,2958.4,2958.8,2957.9,2958.8,172
2025-07-14T14:25:00+05:30,2958.8,2959.0,2958.5,2958.8,238
2025-07-14T14:26:00+05:30,2959.0,2959.0,2957.4,2958.4,251
2025-07-14T14:27:00+05:30,2958.4,2958.4,2957.3,2958.1,197
2025-07-14T14:28:00+05:30,2958.2,2958.2,2957.1,2957.2,206
2025-07-14T14:29:00+05:30,2957.2,2958.2,2957.2,2957.7,379
2025-07-14T14:30:00+05:30,2958.1,2958.6,2957.7,2958.3,205
2025-07-14T14:31:00+05:30,2958.6,2959.0,2958.1,2958.1,664
2025-07-14T14:32:00+05:30,2958.1,2959.5,2958.0,2958.4,302
2025-07-14T14:33:00+05:30,2959.5,2959.5,2958.1,2958.1,270
2025-07-14T14:34:00+05:30,2958.7,2958.7,2957.5,2958.2,200
2025-07-14T14:35:00+05:30,2958.2,2958.2,2956.4,2957.5,413
2025-07-14T14:36:00+05:30,2957.7,2959.1,2956.8,2957.9,229
2025-07-14T14:37:00+05:30,2957.2,2958.7,2957.2,2957.9,268
2025-07-14T14:38:00+05:30,2958.3,2959.7,2957.9,2959.7,327
2025-07-14T14:39:00+05:30,2959.7,2959.9,2958.8,2959.4,496
2025-07-14T14:40:00+05:30,2959.9,2960.4,2958.4,2960.0,339
2025-07-14T14:41:00+05:30,2960.3,2962.0,2960.0,2961.0,306
2025-07-14T14:42:00+05:30,2961.5,2962.0,2960.4,2960.9,255
2025-07-14T14:43:00+05:30,2961.8,2962.9,2960.6,2961.5,663
2025-07-14T14:44:00+05:30,2961.2,2963.0,2960.7,2962.1,225
2025-07-14T14:45:00+05:30,2962.1,2962.1,2961.2,2962.0,181
2025-07-14T14:46:00+05:30,2962.0,2963.0,2961.0,2963.0,204
2025-07-14T14:47:00+05:30,2961.8,2963.0,2961.2,2961.2,182
2025-07-14T14:48:00+05:30,2961.8,2961.8,2961.0,2961.8,376
2025-07-14T14:49:00+05:30,2961.8,2962.9,2960.9,2962.4,326
2025-07-14T14:50:00+05:30,2962.4,2962.4,2961.2,2961.2,209
2025-07-14T14:51:00+05:30,2961.9,2961.9,2960.4,2960.4,283
2025-07-14T14:52:00+05:30,2961.0,2962.5,2960.3,2961.7,384
2025-07-14T14:53:00+05:30,2961.7,2963.0,2961.3,2962.7,459
2025-07-14T14:54:00+05:30,2963.8,2963.8,2962.5,2962.5,584
2025-07-14T14:55:00+05:30,2963.8,2963.8,2962.6,2963.1,194
2025-07-14T14:56:00+05:30,2962.6,2963.9,2962.6,2963.2,553
2025-07-14T14:57:00+05:30,2962.9,2963.2,2962.9,2962.9,201
2025-07-14T14:58:00+05:30,2963.1,2963.1,2962.5,2963.0,389
2025-07-14T14:59:00+05:30,2963.0,2969.2,2962.7,2967.7,3129
2025-07-14T15:00:00+05:30,2967.5,2967.9,2963.5,2963.7,1031
2025-07-14T15:01:00+05:30,2964.2,2965.4,2963.1,2964.7,2204
2025-07-14T15:02:00+05:30,2964.7,2964.8,2964.4,2964.4,2339
2025-07-14T15:03:00+05:30,2964.5,2964.8,2964.2,2964.3,601
2025-07-14T15:04:00+05:30,2964.2,2964.3,2963.9,2964.0,1349
2025-07-14T15:05:00+05:30,2964.1,2964.1,2963.1,2963.6,1851
2025-07-14T15:06:00+05:30,2963.7,2963.9,2963.2,2963.6,4345
2025-07-14T15:07:00+05:30,2963.7,2963.7,2963.5,2963.5,916
2025-07-14T15:08:00+05:30,2963.6,2963.9,2963.4,2963.6,2014
2025-07-14T15:09:00+05:30,2963.9,2963.9,2963.5,2963.5,1054
2025-07-14T15:10:00+05:30,2963.6,2963.6,2962.7,2962.8,1528
2025-07-14T15:11:00+05:30,2962.8,2962.8,2961.4,2961.4,1780
2025-07-14T15:12:00+05:30,2961.6,2967.0,2960.9,2965.4,6281
2025-07-14T15:13:00+05:30,2966.6,2967.3,2965.1,2965.1,1525
2025-07-14T15:14:00+05:30,2965.4,2965.6,2964.7,2964.7,1498
2025-07-14T15:15:00+05:30,2964.7,2964.7,2961.1,2962.9,4088
2025-07-14T15:16:00+05:30,2962.9,2963.4,2960.8,2962.3,5837
2025-07-14T15:17:00+05:30,2962.5,2962.5,2961.9,2962.0,1326
2025-07-14T15:18:00+05:30,2962.0,2962.0,2960.9,2961.3,3492
2025-07-14T15:19:00+05:30,2961.3,2961.3,2960.8,2960.8,2432
2025-07-14T15:20:00+05:30,2960.9,2964.8,2960.7,2963.2,7516
2025-07-14T15:21:00+05:30,2963.6,2964.8,2963.1,2964.7,1288
2025-07-14T15:22:00+05:30,2964.8,2970.6,2964.7,2969.0,3065
2025-07-14T15:23:00+05:30,2969.4,2970.2,2969.0,2969.6,3223
2025-07-14T15:24:00+05:30,2969.6,2971.0,2969.5,2970.8,2786
2025-07-14T15:25:00+05:30,2970.9,2971.9,2967.2,2967.2,4052
2025-07-14T15:26:00+05:30,2967.2,2968.7,2961.5,2965.2,7109
2025-07-14T15:27:00+05:30,2965.2,2965.2,2964.8,2965.0,1669
2025-07-14T15:28:00+05:30,2965.0,2967.9,2960.6,2963.3,4947
2025-07-14T15:29:00+05:30,2964.5,2972.0,2964.5,2966.0,1277
2025-07-11T09:15:00+05:30,3065.0,3067.8,3060.3,3064.0,640
2025-07-11T09:16:00+05:30,3062.0,3069.9,3061.9,3067.6,455
2025-07-11T09:17:00+05:30,3068.7,3068.8,3062.5,3063.6,433
2025-07-11T09:18:00+05:30,3063.6,3065.0,3060.7,3065.0,812
2025-07-11T09:19:00+05:30,3063.5,3065.5,3061.3,3061.4,526
2025-07-11T09:20:00+05:30,3061.4,3063.6,3061.2,3061.2,1022
2025-07-11T09:21:00+05:30,3061.2,3061.2,3057.0,3057.0,1335
2025-07-11T09:22:00+05:30,3057.0,3058.5,3051.8,3054.6,1585
2025-07-11T09:23:00+05:30,3056.7,3060.0,3053.3,3060.0,781
2025-07-11T09:24:00+05:30,3058.6,3060.1,3058.5,3058.9,215
2025-07-11T09:25:00+05:30,3058.9,3060.6,3058.0,3060.4,603
2025-07-11T09:26:00+05:30,3059.6,3059.6,3058.0,3058.0,205
2025-07-11T09:27:00+05:30,3058.0,3058.4,3056.2,3056.2,113
2025-07-11T09:28:00+05:30,3056.8,3056.8,3054.8,3056.5,137
2025-07-11T09:29:00+05:30,3056.2,3060.9,3056.0,3057.8,1689
2025-07-11T09:30:00+05:30,3059.1,3062.0,3058.5,3061.9,395
2025-07-11T09:31:00+05:30,3061.3,3061.5,3059.7,3059.7,575
2025-07-11T09:32:00+05:30,3059.7,3064.0,3057.7,3064.0,584
2025-07-11T09:33:00+05:30,3061.9,3061.9,3060.0,3060.1,138
2025-07-11T09:34:00+05:30,3060.0,3060.0,3058.8,3059.4,35
2025-07-11T09:35:00+05:30,3059.4,3059.4,3058.6,3058.6,77
2025-07-11T09:36:00+05:30,3058.4,3058.4,3057.7,3057.9,60
2025-07-11T09:37:00+05:30,3057.6,3058.4,3055.8,3057.6,266
2025-07-11T09:38:00+05:30,3057.2,3059.8,3056.9,3057.5,392
2025-07-11T09:39:00+05:30,3057.4,3058.0,3056.5,3057.5,86
2025-07-11T09:40:00+05:30,3056.7,3057.8,3056.6,3056.9,181
2025-07-11T09:41:00+05:30,3057.7,3059.3,3057.1,3059.3,200
2025-07-11T09:42:00+05:30,3059.0,3059.9,3057.5,3057.5,808
2025-07-11T09:43:00+05:30,3057.7,3058.7,3054.2,3055.4,308
2025-07-11T09:44:00+05:30,3055.4,3057.0,3054.4,3057.0,143
2025-07-11T09:45:00+05:30,3055.5,3055.5,3054.4,3054.7,9
2025-07-11T09:46:00+05:30,3054.4,3057.7,3054.1,3057.7,148
2025-07-11T09:47:00+05:30,3057.4,3057.4,3057.0,3057.1,17
2025-07-11T09:48:00+05:30,3057.0,3057.0,3056.0,3056.0,50
2025-07-11T09:49:00+05:30,3055.8,3057.6,3055.5,3056.0,375
2025-07-11T09:50:00+05:30,3057.0,3057.8,3056.3,3056.9,181
2025-07-11T09:51:00+05:30,3056.9,3058.3,3056.3,3057.9,203
2025-07-11T09:52:00+05:30,3058.3,3059.5,3058.3,3059.0,20
2025-07-11T09:53:00+05:30,3058.7,3059.9,3058.6,3059.9,65
2025-07-11T09:54:00+05:30,3059.0,3060.0,3058.8,3059.5,110
2025-07-11T09:55:00+05:30,3059.0,3063.6,3059.0,3063.6,526
2025-07-11T09:56:00+05:30,3062.5,3062.5,3061.9,3062.0,229
2025-07-11T09:57:00+05:30,3061.9,3062.0,3061.8,3061.8,336
2025-07-11T09:58:00+05:30,3061.8,3061.8,3058.8,3058.8,1064
2025-07-11T09:59:00+05:30,3058.8,3058.9,3058.0,3058.0,464
2025-07-11T10:00:00+05:30,3058.1,3058.1,3058.0,3058.1,288
2025-07-11T10:01:00+05:30,3058.0,3058.0,3053.5,3053.6,864
2025-07-11T10:02:00+05:30,3053.6,3054.9,3053.6,3054.9,217
2025-07-11T10:03:00+05:30,3054.4,3054.4,3053.8,3053.8,85
2025-07-11T10:04:00+05:30,3053.9,3054.9,3053.7,3054.2,493
2025-07-11T10:05:00+05:30,3054.2,3055.6,3054.2,3055.2,256
2025-07-11T10:06:00+05:30,3055.3,3055.3,3055.2,3055.2,378
2025-07-11T10:07:00+05:30,3055.2,3055.3,3055.2,3055.2,193
2025-07-11T10:08:00+05:30,3055.3,3055.3,3055.2,3055.2,78
2025-07-11T10:09:00+05:30,3055.3,3055.3,3055.2,3055.2,144
2025-07-11T10:10:00+05:30,3055.2,3055.3,3055.2,3055.2,97
2025-07-11T10:11:00+05:30,3055.2,3055.3,3055.2,3055.3,18
2025-07-11T10:12:00+05:30,3055.2,3055.2,3054.1,3054.1,516
2025-07-11T10:13:00+05:30,3054.1,3054.1,3054.0,3054.0,161
2025-07-11T10:14:00+05:30,3054.0,3054.1,3054.0,3054.0,62
2025-07-11T10:15:00+05:30,3054.0,3054.8,3054.0,3054.8,425
2025-07-11T10:16:00+05:30,3054.0,3056.6,3054.0,3055.9,270
2025-07-11T10:17:00+05:30,3055.9,3056.8,3055.1,3056.8,95
2025-07-11T10:18:00+05:30,3055.9,3056.2,3055.6,3055.7,112
2025-07-11T10:19:00+05:30,3055.8,3055.8,3053.6,3053.6,1099
2025-07-11T10:20:00+05:30,3053.8,3053.8,3053.5,3053.5,372
2025-07-11T10:21:00+05:30,3053.5,3053.6,3051.0,3051.0,466
2025-07-11T10:22:00+05:30,3051.7,3051.8,3050.1,3051.8,363
2025-07-11T10:23:00+05:30,3050.1,3051.0,3049.6,3050.6,371
2025-07-11T10:24:00+05:30,3050.6,3050.9,3049.8,3050.9,297
2025-07-11T10:25:00+05:30,3050.9,3054.6,3050.9,3053.9,171
2025-07-11T10:26:00+05:30,3053.7,3053.8,3052.5,3052.5,47
2025-07-11T10:27:00+05:30,3052.4,3052.5,3052.4,3052.5,39
2025-07-11T10:28:00+05:30,3052.4,3052.4,3051.9,3051.9,31
2025-07-11T10:29:00+05:30,3052.0,3053.8,3051.9,3053.3,132
2025-07-11T10:30:00+05:30,3053.3,3053.3,3051.9,3052.0,78
2025-07-11T10:31:00+05:30,3051.9,3052.1,3051.9,3051.9,79
2025-07-11T10:32:00+05:30,3051.9,3051.9,3051.1,3051.1,435
2025-07-11T10:33:00+05:30,3051.2,3051.2,3048.0,3048.0,192
2025-07-11T10:34:00+05:30,3048.0,3049.3,3048.0,3048.3,115
2025-07-11T10:35:00+05:30,3048.7,3049.8,3048.0,3048.6,164
2025-07-11T10:36:00+05:30,3048.8,3048.8,3048.6,3048.6,5
2025-07-11T10:37:00+05:30,3048.7,3048.8,3048.6,3048.7,104
2025-07-11T10:38:00+05:30,3048.7,3049.3,3048.0,3048.0,485
2025-07-11T10:39:00+05:30,3048.2,3048.2,3046.1,3046.1,1023
2025-07-11T10:40:00+05:30,3046.9,3046.9,3045.1,3045.1,125
2025-07-11T10:41:00+05:30,3045.1,3048.7,3043.5,3045.8,1213
2025-07-11T10:42:00+05:30,3046.3,3047.9,3045.8,3045.8,356
2025-07-11T10:43:00+05:30,3044.7,3044.7,3044.0,3044.0,48
2025-07-11T10:44:00+05:30,3044.1,3044.1,3042.7,3042.7,217
2025-07-11T10:45:00+05:30,3042.5,3042.9,3040.8,3042.4,477
2025-07-11T10:46:00+05:30,3042.3,3042.5,3040.3,3040.3,918
2025-07-11T10:47:00+05:30,3040.0,3040.5,3037.5,3037.8,629
2025-07-11T10:48:00+05:30,3037.8,3039.0,3035.1,3036.1,1802
2025-07-11T10:49:00+05:30,3036.6,3037.7,3036.6,3036.9,182
2025-07-11T10:50:00+05:30,3036.5,3036.7,3036.1,3036.2,204
2025-07-11T10:51:00+05:30,3036.5,3037.7,3036.2,3036.2,114
2025-07-11T10:52:00+05:30,3036.4,3037.7,3036.2,3037.7,154
2025-07-11T10:53:00+05:30,3037.3,3037.6,3036.2,3037.6,316
2025-07-11T10:54:00+05:30,3036.8,3037.6,3036.2,3036.2,250
2025-07-11T10:55:00+05:30,3036.2,3036.6,3034.4,3035.6,1407
2025-07-11T10:56:00+05:30,3035.0,3035.3,3035.0,3035.1,201
2025-07-11T10:57:00+05:30,3035.0,3035.0,3034.5,3034.5,201
2025-07-11T10:58:00+05:30,3034.5,3034.5,3032.8,3032.8,296
2025-07-11T10:59:00+05:30,3033.2,3033.5,3032.1,3032.1,245
2025-07-11T11:00:00+05:30,3032.9,3033.6,3031.9,3032.0,219
2025-07-11T11:01:00+05:30,3031.9,3032.0,3031.3,3031.5,63
2025-07-11T11:02:00+05:30,3031.5,3032.0,3031.0,3031.3,229
2025-07-11T11:03:00+05:30,3031.3,3031.3,3030.8,3030.8,325
2025-07-11T11:04:00+05:30,3030.7,3031.3,3026.7,3029.6,1257
2025-07-11T11:05:00+05:30,3029.4,3030.5,3028.7,3028.8,172
2025-07-11T11:06:00+05:30,3029.9,3031.7,3028.7,3031.7,170
2025-07-11T11:07:00+05:30,3031.7,3034.4,3031.3,3032.3,683
2025-07-11T11:08:00+05:30,3031.8,3032.9,3030.8,3030.8,274
2025-07-11T11:09:00+05:30,3030.5,3030.5,3029.1,3029.1,348
2025-07-11T11:10:00+05:30,3029.1,3029.4,3023.1,3024.1,2874
2025-07-11T11:11:00+05:30,3026.0,3026.4,3024.3,3025.9,96
2025-07-11T11:12:00+05:30,3025.7,3027.2,3025.5,3027.1,103
2025-07-11T11:13:00+05:30,3027.3,3027.3,3024.7,3025.1,106
2025-07-11T11:14:00+05:30,3025.0,3026.6,3024.6,3026.0,198
2025-07-11T11:15:00+05:30,3025.0,3026.5,3024.0,3025.2,290
2025-07-11T11:16:00+05:30,3025.1,3025.1,3023.4,3023.4,47
2025-07-11T11:17:00+05:30,3023.0,3023.7,3023.0,3023.7,54
2025-07-11T11:18:00+05:30,3024.2,3024.8,3024.2,3024.8,33
2025-07-11T11:19:00+05:30,3024.8,3024.9,3021.3,3021.7,1558
2025-07-11T11:20:00+05:30,3021.7,3023.1,3021.6,3023.1,138
2025-07-11T11:21:00+05:30,3023.1,3023.1,3022.4,3022.4,50
2025-07-11T11:22:00+05:30,3022.8,3022.9,3021.0,3021.0,140
2025-07-11T11:23:00+05:30,3020.5,3020.5,3018.0,3019.2,468
2025-07-11T11:24:00+05:30,3018.7,3020.5,3018.1,3020.5,266
2025-07-11T11:25:00+05:30,3019.1,3019.8,3018.0,3018.0,183
2025-07-11T11:26:00+05:30,3019.0,3019.8,3018.2,3018.2,130
2025-07-11T11:27:00+05:30,3018.2,3019.2,3018.0,3018.0,53
2025-07-11T11:28:00+05:30,3018.9,3019.0,3018.1,3018.1,22
2025-07-11T11:29:00+05:30,3018.7,3019.5,3017.0,3019.0,578
2025-07-11T11:30:00+05:30,3018.4,3018.4,3014.0,3015.5,815
2025-07-11T11:31:00+05:30,3017.3,3019.5,3016.1,3019.5,236
2025-07-11T11:32:00+05:30,3019.0,3019.6,3018.1,3019.0,343
2025-07-11T11:33:00+05:30,3018.9,3019.2,3018.1,3019.2,43
2025-07-11T11:34:00+05:30,3019.8,3020.0,3018.8,3020.0,126
2025-07-11T11:35:00+05:30,3019.5,3019.9,3018.1,3018.1,82
2025-07-11T11:36:00+05:30,3019.4,3019.4,3017.8,3019.0,43
2025-07-11T11:37:00+05:30,3018.7,3019.0,3017.8,3019.0,33
2025-07-11T11:38:00+05:30,3018.0,3018.7,3017.8,3018.7,16
2025-07-11T11:39:00+05:30,3018.5,3018.8,3017.8,3018.8,48
2025-07-11T11:40:00+05:30,3018.6,3018.8,3017.8,3017.8,12
2025-07-11T11:41:00+05:30,3018.4,3026.4,3017.8,3026.4,514
2025-07-11T11:42:00+05:30,3026.4,3026.4,3025.6,3025.6,34
2025-07-11T11:43:00+05:30,3026.4,3027.4,3026.3,3027.0,107
2025-07-11T11:44:00+05:30,3026.9,3027.4,3025.5,3025.5,296
2025-07-11T11:45:00+05:30,3025.6,3025.6,3024.0,3024.1,88
2025-07-11T11:46:00+05:30,3023.6,3025.8,3023.4,3024.0,883
2025-07-11T11:47:00+05:30,3023.2,3024.9,3023.2,3024.9,442
2025-07-11T11:48:00+05:30,3024.0,3024.0,3024.0,3024.0,2
2025-07-11T11:49:00+05:30,3023.4,3023.9,3023.2,3023.8,28
2025-07-11T11:50:00+05:30,3023.8,3026.6,3023.2,3026.1,148
2025-07-11T11:51:00+05:30,3025.6,3025.6,3025.6,3025.6,5
2025-07-11T11:52:00+05:30,3025.5,3026.6,3025.5,3026.6,470
2025-07-11T11:53:00+05:30,3026.5,3028.2,3026.5,3027.9,311
2025-07-11T11:54:00+05:30,3027.9,3027.9,3026.0,3026.0,540
2025-07-11T11:55:00+05:30,3025.6,3025.7,3023.4,3023.4,323
2025-07-11T11:56:00+05:30,3023.4,3023.5,3023.2,3023.2,39
2025-07-11T11:57:00+05:30,3023.2,3023.6,3020.0,3021.0,499
2025-07-11T11:58:00+05:30,3022.0,3022.0,3021.0,3021.0,88
2025-07-11T11:59:00+05:30,3021.0,3021.2,3020.8,3020.8,44
2025-07-11T12:00:00+05:30,3020.6,3020.9,3020.0,3020.6,23
2025-07-11T12:01:00+05:30,3020.0,3021.0,3020.0,3020.4,138
2025-07-11T12:02:00+05:30,3020.3,3022.1,3020.0,3020.4,407
2025-07-11T12:03:00+05:30,3022.2,3022.2,3020.3,3020.3,70
2025-07-11T12:04:00+05:30,3020.2,3021.7,3020.0,3020.0,25
2025-07-11T12:05:00+05:30,3020.8,3021.5,3020.0,3020.0,63
2025-07-11T12:06:00+05:30,3021.0,3023.8,3020.3,3020.9,105
2025-07-11T12:07:00+05:30,3020.5,3021.2,3020.0,3020.0,83
2025-07-11T12:08:00+05:30,3020.0,3020.0,3016.2,3016.2,991
2025-07-11T12:09:00+05:30,3016.2,3016.2,3015.2,3015.2,183
2025-07-11T12:10:00+05:30,3015.2,3015.3,3015.0,3015.0,191
2025-07-11T12:11:00+05:30,3015.0,3015.4,3015.0,3015.0,277
2025-07-11T12:12:00+05:30,3015.1,3015.9,3015.0,3015.0,81
2025-07-11T12:13:00+05:30,3015.0,3015.9,3015.0,3015.9,44
2025-07-11T12:14:00+05:30,3017.0,3017.0,3016.9,3017.0,4
2025-07-11T12:15:00+05:30,3017.3,3017.3,3013.0,3014.5,808
2025-07-11T12:16:00+05:30,3014.5,3014.5,3012.6,3012.6,222
2025-07-11T12:17:00+05:30,3012.9,3013.6,3011.5,3011.5,169
2025-07-11T12:18:00+05:30,3011.6,3012.5,3011.3,3011.3,67
2025-07-11T12:19:00+05:30,3011.9,3012.0,3011.3,3011.9,48
2025-07-11T12:20:00+05:30,3011.3,3012.0,3011.3,3011.3,118
2025-07-11T12:21:00+05:30,3011.8,3012.6,3011.4,3012.0,74
2025-07-11T12:22:00+05:30,3012.0,3013.0,3012.0,3012.5,56
2025-07-11T12:23:00+05:30,3013.0,3014.0,3011.2,3012.6,544
2025-07-11T12:24:00+05:30,3011.2,3011.9,3008.0,3009.0,827
2025-07-11T12:25:00+05:30,3008.2,3009.0,3007.1,3008.4,319
2025-07-11T12:26:00+05:30,3009.7,3010.1,3008.4,3009.0,381
2025-07-11T12:27:00+05:30,3009.7,3009.8,3009.0,3009.4,59
2025-07-11T12:28:00+05:30,3009.4,3010.0,3009.3,3009.3,17
2025-07-11T12:29:00+05:30,3009.3,3009.9,3009.0,3009.0,148
2025-07-11T12:30:00+05:30,3009.0,3011.1,3008.0,3009.0,310
2025-07-11T12:31:00+05:30,3009.0,3009.2,3009.0,3009.2,34
2025-07-11T12:32:00+05:30,3009.2,3014.3,3008.1,3008.1,732
2025-07-11T12:33:00+05:30,3008.3,3008.4,3006.2,3007.1,219
2025-07-11T12:34:00+05:30,3007.4,3008.1,3006.1,3006.4,240
2025-07-11T12:35:00+05:30,3007.3,3010.0,3007.3,3010.0,150
2025-07-11T12:36:00+05:30,3010.0,3011.7,3010.0,3010.2,77
2025-07-11T12:37:00+05:30,3010.3,3012.6,3010.3,3011.9,75
2025-07-11T12:38:00+05:30,3011.0,3012.1,3007.6,3007.6,1055
2025-07-11T12:39:00+05:30,3008.2,3009.0,3007.6,3009.0,111
2025-07-11T12:40:00+05:30,3008.7,3010.7,3008.2,3008.2,225
2025-07-11T12:41:00+05:30,3008.8,3009.7,3008.7,3009.7,26
2025-07-11T12:42:00+05:30,3010.0,3010.0,3009.7,3010.0,42
2025-07-11T12:43:00+05:30,3009.7,3011.5,3009.7,3010.8,43
2025-07-11T12:44:00+05:30,3011.5,3012.8,3010.8,3012.0,344
2025-07-11T12:45:00+05:30,3012.0,3012.4,3008.9,3008.9,656
2025-07-11T12:46:00+05:30,3008.9,3009.3,3008.8,3009.1,30
2025-07-11T12:47:00+05:30,3008.8,3009.1,3008.2,3008.2,182
2025-07-11T12:48:00+05:30,3008.2,3008.3,3007.6,3007.6,310
2025-07-11T12:49:00+05:30,3007.7,3007.7,3007.3,3007.3,42
2025-07-11T12:50:00+05:30,3007.3,3008.3,3007.1,3008.3,58
2025-07-11T12:51:00+05:30,3008.3,3011.0,3008.3,3009.9,405
2025-07-11T12:52:00+05:30,3009.0,3009.9,3008.8,3008.8,28
2025-07-11T12:53:00+05:30,3008.9,3008.9,3008.3,3008.3,20
2025-07-11T12:54:00+05:30,3008.3,3008.7,3006.1,3006.1,253
2025-07-11T12:55:00+05:30,3006.1,3006.9,3006.1,3006.9,37
2025-07-11T12:56:00+05:30,3006.7,3009.9,3006.7,3008.8,464
2025-07-11T12:57:00+05:30,3008.8,3009.6,3008.2,3009.4,51
2025-07-11T12:58:00+05:30,3009.1,3010.9,3009.0,3010.9,70
2025-07-11T12:59:00+05:30,3010.5,3011.5,3009.6,3010.0,1104
2025-07-11T13:00:00+05:30,3009.5,3010.1,3009.0,3009.0,148
2025-07-11T13:01:00+05:30,3009.0,3009.8,3009.0,3009.1,232
2025-07-11T13:02:00+05:30,3009.1,3009.1,3009.0,3009.0,504
2025-07-11T13:03:00+05:30,3009.0,3009.0,3006.7,3007.7,1569
2025-07-11T13:04:00+05:30,3006.6,3009.0,3006.6,3007.9,231
2025-07-11T13:05:00+05:30,3008.9,3009.0,3008.0,3008.4,76
2025-07-11T13:06:00+05:30,3008.4,3010.9,3008.4,3009.1,82
2025-07-11T13:07:00+05:30,3008.7,3009.5,3008.6,3008.6,26
2025-07-11T13:08:00+05:30,3009.0,3009.8,3008.6,3009.0,123
2025-07-11T13:09:00+05:30,3009.0,3010.2,3008.6,3008.7,245
2025-07-11T13:10:00+05:30,3009.7,3009.7,3009.0,3009.0,49
2025-07-11T13:11:00+05:30,3009.2,3010.3,3008.9,3009.3,592
2025-07-11T13:12:00+05:30,3010.0,3011.6,3009.5,3010.0,288
2025-07-11T13:13:00+05:30,3010.0,3010.1,3009.6,3010.0,37
2025-07-11T13:14:00+05:30,3009.8,3010.3,3009.6,3009.7,225
2025-07-11T13:15:00+05:30,3010.7,3011.3,3009.7,3009.7,263
2025-07-11T13:16:00+05:30,3009.7,3010.0,3009.7,3010.0,238
2025-07-11T13:17:00+05:30,3010.0,3010.0,3009.8,3009.9,106
2025-07-11T13:18:00+05:30,3009.9,3012.0,3009.8,3010.3,69
2025-07-11T13:19:00+05:30,3010.0,3010.0,3009.7,3009.9,117
2025-07-11T13:20:00+05:30,3009.7,3010.9,3009.7,3009.7,98
2025-07-11T13:21:00+05:30,3010.5,3010.5,3009.7,3009.7,15
2025-07-11T13:22:00+05:30,3010.4,3010.4,3009.7,3009.7,27
2025-07-11T13:23:00+05:30,3009.7,3010.0,3009.3,3010.0,255
2025-07-11T13:24:00+05:30,3010.0,3012.4,3009.4,3009.6,469
2025-07-11T13:25:00+05:30,3009.9,3011.5,3009.2,3011.2,338
2025-07-11T13:26:00+05:30,3010.9,3010.9,3009.5,3010.0,23
2025-07-11T13:27:00+05:30,3010.0,3010.1,3009.2,3010.0,79
2025-07-11T13:28:00+05:30,3010.0,3010.0,3007.3,3007.3,1608
2025-07-11T13:29:00+05:30,3007.3,3009.3,3007.0,3008.0,436
2025-07-11T13:30:00+05:30,3008.0,3008.0,3006.5,3006.5,570
2025-07-11T13:31:00+05:30,3006.5,3006.6,3006.5,3006.5,49
2025-07-11T13:32:00+05:30,3006.5,3006.6,3006.2,3006.3,151
2025-07-11T13:33:00+05:30,3006.1,3007.2,3006.1,3007.1,24
2025-07-11T13:34:00+05:30,3007.1,3009.0,3006.9,3007.1,1574
2025-07-11T13:35:00+05:30,3007.1,3007.5,3006.0,3007.0,859
2025-07-11T13:36:00+05:30,3007.0,3007.4,3007.0,3007.3,33
2025-07-11T13:37:00+05:30,3007.0,3007.1,3007.0,3007.0,33
2025-07-11T13:38:00+05:30,3007.1,3007.7,3007.0,3007.0,266
2025-07-11T13:39:00+05:30,3007.4,3007.5,3006.0,3006.0,278
2025-07-11T13:40:00+05:30,3006.7,3006.7,3005.1,3005.2,1151
2025-07-11T13:41:00+05:30,3005.1,3005.2,3003.0,3004.0,1540
2025-07-11T13:42:00+05:30,3004.6,3005.6,3003.0,3004.0,191
2025-07-11T13:43:00+05:30,3004.0,3004.0,3003.1,3003.4,87
2025-07-11T13:44:00+05:30,3003.4,3005.0,3003.2,3004.7,254
2025-07-11T13:45:00+05:30,3004.7,3006.3,3003.4,3005.7,161
2025-07-11T13:46:00+05:30,3004.4,3005.2,3003.9,3005.0,45
2025-07-11T13:47:00+05:30,3005.0,3005.0,3003.8,3004.0,97
2025-07-11T13:48:00+05:30,3004.7,3004.7,3004.1,3004.1,12
2025-07-11T13:49:00+05:30,3004.3,3005.0,3004.2,3004.5,355
2025-07-11T13:50:00+05:30,3004.2,3004.4,3004.1,3004.1,31
2025-07-11T13:51:00+05:30,3004.2,3005.1,3004.2,3005.1,200
2025-07-11T13:52:00+05:30,3005.1,3005.1,3005.0,3005.1,42
2025-07-11T13:53:00+05:30,3005.1,3005.1,3005.0,3005.0,98
2025-07-11T13:54:00+05:30,3005.0,3005.3,3004.2,3005.0,1368
2025-07-11T13:55:00+05:30,3004.5,3005.6,3004.5,3005.3,23
2025-07-11T13:56:00+05:30,3005.2,3005.4,3004.2,3004.4,487
2025-07-11T13:57:00+05:30,3004.3,3004.4,3004.0,3004.1,243
2025-07-11T13:58:00+05:30,3004.1,3004.5,3004.1,3004.3,103
2025-07-11T13:59:00+05:30,3004.3,3004.4,3004.3,3004.3,17
2025-07-11T14:00:00+05:30,3004.4,3004.4,3004.3,3004.4,180
2025-07-11T14:01:00+05:30,3004.4,3005.0,3001.0,3002.0,2127
2025-07-11T14:02:00+05:30,3003.0,3003.8,3002.0,3002.9,87
2025-07-11T14:03:00+05:30,3002.0,3002.8,3002.0,3002.5,37
2025-07-11T14:04:00+05:30,3002.5,3002.5,3002.0,3002.4,137
2025-07-11T14:05:00+05:30,3002.0,3002.4,3002.0,3002.3,52
2025-07-11T14:06:00+05:30,3002.0,3002.3,3002.0,3002.1,26
2025-07-11T14:07:00+05:30,3002.0,3004.8,3002.0,3003.4,476
2025-07-11T14:08:00+05:30,3003.4,3003.4,3002.5,3002.5,239
2025-07-11T14:09:00+05:30,3002.5,3002.5,3002.0,3002.0,192
2025-07-11T14:10:00+05:30,3002.2,3005.4,3002.2,3005.0,966
2025-07-11T14:11:00+05:30,3005.0,3005.3,3003.7,3004.3,970
2025-07-11T14:12:00+05:30,3004.4,3005.7,3004.4,3005.7,258
2025-07-11T14:13:00+05:30,3005.7,3005.7,3004.7,3004.7,29
2025-07-11T14:14:00+05:30,3005.2,3005.2,3004.6,3005.1,90
2025-07-11T14:15:00+05:30,3005.0,3005.0,3004.3,3004.3,44
2025-07-11T14:16:00+05:30,3004.7,3004.7,3003.6,3003.9,277
2025-07-11T14:17:00+05:30,3003.9,3004.8,3003.2,3003.7,427
2025-07-11T14:18:00+05:30,3003.6,3004.9,3003.6,3004.8,9
2025-07-11T14:19:00+05:30,3004.7,3004.7,3004.0,3004.0,27
2025-07-11T14:20:00+05:30,3004.3,3004.4,3004.0,3004.3,163
2025-07-11T14:21:00+05:30,3004.0,3004.2,3004.0,3004.1,225
2025-07-11T14:22:00+05:30,3004.0,3004.1,3004.0,3004.1,368
2025-07-11T14:23:00+05:30,3004.0,3004.1,3004.0,3004.0,74
2025-07-11T14:24:00+05:30,3004.1,3004.1,3004.0,3004.1,195
2025-07-11T14:25:00+05:30,3004.0,3004.1,3004.0,3004.0,134
2025-07-11T14:26:00+05:30,3004.1,3004.1,3004.0,3004.1,54
2025-07-11T14:27:00+05:30,3004.0,3005.7,3004.0,3004.1,1054
2025-07-11T14:28:00+05:30,3004.1,3004.1,3001.7,3001.8,1519
2025-07-11T14:29:00+05:30,3001.8,3001.8,3001.0,3001.0,108
2025-07-11T14:30:00+05:30,3001.0,3001.1,3001.0,3001.1,147
2025-07-11T14:31:00+05:30,3001.0,3001.1,3001.0,3001.1,153
2025-07-11T14:32:00+05:30,3001.0,3003.2,3001.0,3003.2,716
2025-07-11T14:33:00+05:30,3001.9,3003.2,3001.2,3001.2,200
2025-07-11T14:34:00+05:30,3001.6,3001.6,3001.2,3001.4,190
2025-07-11T14:35:00+05:30,3001.4,3001.4,3001.2,3001.3,317
2025-07-11T14:36:00+05:30,3001.3,3001.3,3001.2,3001.2,78
2025-07-11T14:37:00+05:30,3001.2,3001.3,3001.2,3001.2,111
2025-07-11T14:38:00+05:30,3001.2,3001.2,3000.0,3000.4,413
2025-07-11T14:39:00+05:30,3000.1,3002.2,3000.1,3002.2,720
2025-07-11T14:40:00+05:30,3001.3,3002.9,3001.3,3002.9,202
2025-07-11T14:41:00+05:30,3001.8,3002.8,3001.8,3002.6,35
2025-07-11T14:42:00+05:30,3002.0,3003.5,3002.0,3003.5,379
2025-07-11T14:43:00+05:30,3004.0,3004.0,3002.4,3003.7,102
2025-07-11T14:44:00+05:30,3003.7,3003.7,3002.8,3003.0,142
2025-07-11T14:45:00+05:30,3003.6,3004.0,3003.0,3003.0,242
2025-07-11T14:46:00+05:30,3002.9,3003.5,3002.7,3002.7,61
2025-07-11T14:47:00+05:30,3002.8,3004.8,3002.8,3004.1,494
2025-07-11T14:48:00+05:30,3004.1,3005.8,3004.1,3005.7,368
2025-07-11T14:49:00+05:30,3005.7,3006.0,3005.2,3005.8,267
2025-07-11T14:50:00+05:30,3005.2,3006.0,3005.0,3005.0,241
2025-07-11T14:51:00+05:30,3005.4,3005.4,3004.3,3005.0,621
2025-07-11T14:52:00+05:30,3005.0,3005.3,3005.0,3005.1,203
2025-07-11T14:53:00+05:30,3005.2,3005.2,3005.0,3005.1,205
2025-07-11T14:54:00+05:30,3005.0,3005.1,3005.0,3005.0,129
2025-07-11T14:55:00+05:30,3004.8,3006.0,3004.8,3005.8,900
2025-07-11T14:56:00+05:30,3004.8,3008.0,3004.8,3006.5,886
2025-07-11T14:57:00+05:30,3006.5,3006.8,3006.2,3006.2,169
2025-07-11T14:58:00+05:30,3006.2,3006.2,3004.7,3004.7,488
2025-07-11T14:59:00+05:30,3004.7,3004.9,3004.7,3004.7,118
2025-07-11T15:00:00+05:30,3004.7,3004.8,3004.6,3004.6,400
2025-07-11T15:01:00+05:30,3004.6,3004.7,3003.7,3003.7,1377
2025-07-11T15:02:00+05:30,3003.7,3003.9,3003.4,3003.5,419
2025-07-11T15:03:00+05:30,3003.4,3003.5,3003.0,3003.1,1098
2025-07-11T15:04:00+05:30,3003.1,3003.2,3002.9,3003.2,785
2025-07-11T15:05:00+05:30,3003.0,3007.9,3003.0,3004.4,3390
2025-07-11T15:06:00+05:30,3004.3,3013.1,3004.2,3006.6,5892
2025-07-11T15:07:00+05:30,3006.2,3006.6,3005.1,3005.1,673
2025-07-11T15:08:00+05:30,3005.1,3005.6,3005.0,3005.1,265
2025-07-11T15:09:00+05:30,3005.1,3005.2,3003.3,3004.2,1919
2025-07-11T15:10:00+05:30,3004.6,3007.1,3003.2,3004.2,611
2025-07-11T15:11:00+05:30,3004.0,3004.6,3003.2,3003.3,1119
2025-07-11T15:12:00+05:30,3003.3,3004.1,3003.0,3003.0,750
2025-07-11T15:13:00+05:30,3003.0,3003.1,3003.0,3003.0,842
2025-07-11T15:14:00+05:30,3003.0,3003.1,3002.3,3002.4,1631
2025-07-11T15:15:00+05:30,3002.3,3002.4,3001.8,3001.9,1224
2025-07-11T15:16:00+05:30,3001.8,3001.9,3001.1,3001.2,1793
2025-07-11T15:17:00+05:30,3001.1,3001.2,3000.5,3000.5,1175
2025-07-11T15:18:00+05:30,3000.5,3000.8,3000.0,3000.0,2087
2025-07-11T15:19:00+05:30,3000.0,3000.1,2996.6,2997.2,4938
2025-07-11T15:20:00+05:30,2997.2,2999.7,2994.0,2996.9,5915
2025-07-11T15:21:00+05:30,2996.9,2999.3,2995.9,2999.0,1482
2025-07-11T15:22:00+05:30,2998.4,3001.4,2997.6,3000.2,2574
2025-07-11T15:23:00+05:30,3000.0,3000.2,2999.8,2999.8,3613
2025-07-11T15:24:00+05:30,2999.8,3000.0,2995.2,2997.8,3209
2025-07-11T15:25:00+05:30,2997.0,2999.7,2995.8,2999.6,1979
2025-07-11T15:26:00+05:30,2999.3,2999.4,2994.6,2995.0,1634
2025-07-11T15:27:00+05:30,2994.6,2998.6,2990.5,2998.6,3193
2025-07-11T15:28:00+05:30,2998.0,3002.6,2996.3,2998.0,1680
2025-07-11T15:29:00+05:30,3000.0,3002.0,2995.0,2998.2,783
