time,open,high,low,close,volume
2025-06-09T09:15:00+05:30,261.99,262.69,260.01,261.01,753683
2025-06-09T09:16:00+05:30,261.03,262.26,261.03,262.09,169709
2025-06-09T09:17:00+05:30,262.09,262.13,260.5,260.62,437481
2025-06-09T09:18:00+05:30,260.62,260.93,260.4,260.52,238368
2025-06-09T09:19:00+05:30,260.52,261.42,260.42,260.6,220594
2025-06-09T09:20:00+05:30,260.6,260.8,259.74,259.76,278515
2025-06-09T09:21:00+05:30,259.91,261.3,259.61,260.99,88623
2025-06-09T09:22:00+05:30,260.99,261.14,260.51,260.63,285989
2025-06-09T09:23:00+05:30,260.72,260.89,260.11,260.3,118378
2025-06-09T09:24:00+05:30,260.3,260.49,260.02,260.24,136372
2025-06-09T09:25:00+05:30,260.19,260.96,260.1,260.78,114647
2025-06-09T09:26:00+05:30,260.83,260.96,260.58,260.69,95074
2025-06-09T09:27:00+05:30,260.63,261.16,260.63,260.89,185327
2025-06-09T09:28:00+05:30,260.89,261.7,260.81,261.69,133867
2025-06-09T09:29:00+05:30,261.69,261.69,261.31,261.4,93002
2025-06-09T09:30:00+05:30,261.32,261.34,261.0,261.15,88650
2025-06-09T09:31:00+05:30,261.2,261.45,261.05,261.1,69900
2025-06-09T09:32:00+05:30,261.19,262.56,261.16,262.39,287842
2025-06-09T09:33:00+05:30,262.39,262.85,261.66,261.71,265602
2025-06-09T09:34:00+05:30,261.71,261.97,261.5,261.65,132978
2025-06-09T09:35:00+05:30,261.73,262.0,261.35,261.36,144353
2025-06-09T09:36:00+05:30,261.36,261.57,261.05,261.25,130750
2025-06-09T09:37:00+05:30,261.22,261.54,261.12,261.15,68437
2025-06-09T09:38:00+05:30,261.21,261.49,261.17,261.46,39686
2025-06-09T09:39:00+05:30,261.43,261.43,261.0,261.33,121578
2025-06-09T09:40:00+05:30,261.27,261.99,261.21,261.9,88474
2025-06-09T09:41:00+05:30,261.92,262.38,261.91,262.19,146515
2025-06-09T09:42:00+05:30,262.18,262.2,261.7,261.9,95742
2025-06-09T09:43:00+05:30,261.9,262.4,261.86,262.34,148126
2025-06-09T09:44:00+05:30,262.36,262.95,262.29,262.6,280651
2025-06-09T09:45:00+05:30,262.64,262.98,262.6,262.74,160262
2025-06-09T09:46:00+05:30,262.74,262.76,262.0,262.07,167719
2025-06-09T09:47:00+05:30,262.1,262.24,262.0,262.0,79294
2025-06-09T09:48:00+05:30,262.09,262.5,262.0,262.44,58084
2025-06-09T09:49:00+05:30,262.48,262.7,262.3,262.5,89681
2025-06-09T09:50:00+05:30,262.5,262.59,262.32,262.4,33775
2025-06-09T09:51:00+05:30,262.4,262.41,261.8,261.87,101027
2025-06-09T09:52:00+05:30,261.84,262.47,261.84,262.15,89508
2025-06-09T09:53:00+05:30,262.2,262.23,261.93,261.93,30910
2025-06-09T09:54:00+05:30,261.95,262.45,261.92,262.34,87406
2025-06-09T09:55:00+05:30,262.33,262.33,262.0,262.08,56806
2025-06-09T09:56:00+05:30,262.03,262.24,261.7,261.85,120079
2025-06-09T09:57:00+05:30,261.85,262.2,261.85,262.04,49404
2025-06-09T09:58:00+05:30,262.01,262.2,261.8,261.9,64923
2025-06-09T09:59:00+05:30,261.83,261.9,261.6,261.77,67374
2025-06-09T10:00:00+05:30,261.7,261.81,261.6,261.6,59453
2025-06-09T10:01:00+05:30,261.62,262.0,261.62,261.95,54620
2025-06-09T10:02:00+05:30,261.94,261.95,261.82,261.84,23782
2025-06-09T10:03:00+05:30,261.84,261.94,261.82,261.88,20017
2025-06-09T10:04:00+05:30,261.88,262.0,261.84,262.0,35450
2025-06-09T10:05:00+05:30,261.95,262.2,261.95,262.1,64049
2025-06-09T10:06:00+05:30,262.12,262.17,261.74,261.9,62117
2025-06-09T10:07:00+05:30,261.9,262.0,261.88,261.93,17224
2025-06-09T10:08:00+05:30,261.93,261.93,261.7,261.77,51730
2025-06-09T10:09:00+05:30,261.77,261.8,261.68,261.77,30207
2025-06-09T10:10:00+05:30,261.68,261.98,261.68,261.88,32983
2025-06-09T10:11:00+05:30,261.87,262.1,261.81,262.1,55953
2025-06-09T10:12:00+05:30,262.05,262.1,261.91,261.93,41845
2025-06-09T10:13:00+05:30,261.92,262.3,261.92,262.14,63203
2025-06-09T10:14:00+05:30,262.19,262.23,262.05,262.1,126763
2025-06-09T10:15:00+05:30,262.1,262.25,262.08,262.2,111041
2025-06-09T10:16:00+05:30,262.17,262.2,262.12,262.13,32606
2025-06-09T10:17:00+05:30,262.13,262.2,262.1,262.15,43616
2025-06-09T10:18:00+05:30,262.1,262.14,261.88,261.88,56709
2025-06-09T10:19:00+05:30,261.86,262.0,261.83,261.94,16713
2025-06-09T10:20:00+05:30,261.97,262.0,261.85,261.95,22963
2025-06-09T10:21:00+05:30,261.98,262.12,261.95,262.05,35464
2025-06-09T10:22:00+05:30,262.07,262.29,262.05,262.13,84540
2025-06-09T10:23:00+05:30,262.14,262.2,261.91,262.01,30075
2025-06-09T10:24:00+05:30,262.03,262.07,261.92,262.0,16863
2025-06-09T10:25:00+05:30,261.95,262.15,261.94,262.03,15248
2025-06-09T10:26:00+05:30,262.04,262.06,261.99,262.03,17936
2025-06-09T10:27:00+05:30,262.04,262.1,262.0,262.02,16991
2025-06-09T10:28:00+05:30,262.02,262.1,261.93,261.99,46218
2025-06-09T10:29:00+05:30,262.05,262.15,261.99,262.13,25466
2025-06-09T10:30:00+05:30,262.13,262.2,262.13,262.17,13033
2025-06-09T10:31:00+05:30,262.17,262.26,262.17,262.2,67885
2025-06-09T10:32:00+05:30,262.2,262.3,262.13,262.15,107409
2025-06-09T10:33:00+05:30,262.19,262.2,262.15,262.16,11173
2025-06-09T10:34:00+05:30,262.15,262.2,262.1,262.16,14165
2025-06-09T10:35:00+05:30,262.16,262.16,262.0,262.01,40927
2025-06-09T10:36:00+05:30,262.02,262.05,261.82,261.9,41852
2025-06-09T10:37:00+05:30,261.87,261.87,261.6,261.6,105770
2025-06-09T10:38:00+05:30,261.64,261.75,261.62,261.65,18824
2025-06-09T10:39:00+05:30,261.65,261.7,261.4,261.44,69116
2025-06-09T10:40:00+05:30,261.44,261.8,261.44,261.77,32963
2025-06-09T10:41:00+05:30,261.74,261.79,261.63,261.66,22249
2025-06-09T10:42:00+05:30,261.73,261.87,261.66,261.87,29062
2025-06-09T10:43:00+05:30,261.81,262.0,261.79,261.92,21036
2025-06-09T10:44:00+05:30,261.97,262.48,261.97,262.2,389503
2025-06-09T10:45:00+05:30,262.19,262.3,261.89,261.89,53560
2025-06-09T10:46:00+05:30,261.87,261.99,261.87,261.91,14787
2025-06-09T10:47:00+05:30,261.9,261.92,261.7,261.76,56004
2025-06-09T10:48:00+05:30,261.76,261.84,261.76,261.8,14995
2025-06-09T10:49:00+05:30,261.8,261.83,261.2,261.29,150739
2025-06-09T10:50:00+05:30,261.31,261.5,261.29,261.37,58921
2025-06-09T10:51:00+05:30,261.32,261.54,261.32,261.45,53021
2025-06-09T10:52:00+05:30,261.45,261.5,261.45,261.46,15720
2025-06-09T10:53:00+05:30,261.46,261.5,261.32,261.37,71807
2025-06-09T10:54:00+05:30,261.37,261.42,261.3,261.32,33967
2025-06-09T10:55:00+05:30,261.32,261.4,261.32,261.33,15606
2025-06-09T10:56:00+05:30,261.34,261.36,261.3,261.35,37716
2025-06-09T10:57:00+05:30,261.32,261.37,261.23,261.34,30612
2025-06-09T10:58:00+05:30,261.34,261.81,261.34,261.61,38096
2025-06-09T10:59:00+05:30,261.61,261.63,261.5,261.5,41132
2025-06-09T11:00:00+05:30,261.5,261.59,261.48,261.56,14247
2025-06-09T11:01:00+05:30,261.55,261.85,261.55,261.72,27315
2025-06-09T11:02:00+05:30,261.72,261.8,261.54,261.72,40322
2025-06-09T11:03:00+05:30,261.72,261.79,261.43,261.5,36932
2025-06-09T11:04:00+05:30,261.5,261.75,261.5,261.74,18579
2025-06-09T11:05:00+05:30,261.7,261.8,261.7,261.7,14612
2025-06-09T11:06:00+05:30,261.73,261.9,261.73,261.85,24805
2025-06-09T11:07:00+05:30,261.86,261.88,261.72,261.81,24981
2025-06-09T11:08:00+05:30,261.77,261.85,261.75,261.83,13739
2025-06-09T11:09:00+05:30,261.76,261.83,261.52,261.59,35071
2025-06-09T11:10:00+05:30,261.52,261.63,261.38,261.58,35225
2025-06-09T11:11:00+05:30,261.58,261.74,261.58,261.65,11781
2025-06-09T11:12:00+05:30,261.65,261.8,261.65,261.66,12611
2025-06-09T11:13:00+05:30,261.69,261.8,261.51,261.57,22270
2025-06-09T11:14:00+05:30,261.51,261.7,261.51,261.56,13133
2025-06-09T11:15:00+05:30,261.55,261.56,261.4,261.51,38549
2025-06-09T11:16:00+05:30,261.51,261.69,261.4,261.4,24831
2025-06-09T11:17:00+05:30,261.39,261.55,261.15,261.15,47469
2025-06-09T11:18:00+05:30,261.12,261.35,260.92,261.29,150529
2025-06-09T11:19:00+05:30,261.29,261.42,261.21,261.31,27299
2025-06-09T11:20:00+05:30,261.35,261.36,261.25,261.3,26426
2025-06-09T11:21:00+05:30,261.3,261.32,261.06,261.14,37480
2025-06-09T11:22:00+05:30,261.14,261.29,261.14,261.19,37857
2025-06-09T11:23:00+05:30,261.19,261.44,261.18,261.33,29542
2025-06-09T11:24:00+05:30,261.32,261.48,261.2,261.44,38513
2025-06-09T11:25:00+05:30,261.45,261.7,261.41,261.51,55761
2025-06-09T11:26:00+05:30,261.53,261.7,261.5,261.62,35930
2025-06-09T11:27:00+05:30,261.65,261.69,261.26,261.43,34604
2025-06-09T11:28:00+05:30,261.43,261.49,261.2,261.2,19781
2025-06-09T11:29:00+05:30,261.2,261.4,260.85,260.89,270893
2025-06-09T11:30:00+05:30,260.89,261.16,260.89,261.07,51551
2025-06-09T11:31:00+05:30,261.1,261.2,261.08,261.14,12040
2025-06-09T11:32:00+05:30,261.14,261.19,261.11,261.15,16151
2025-06-09T11:33:00+05:30,261.15,261.43,261.15,261.38,17555
2025-06-09T11:34:00+05:30,261.34,261.4,261.15,261.15,20848
2025-06-09T11:35:00+05:30,261.15,261.31,261.15,261.3,17359
2025-06-09T11:36:00+05:30,261.31,261.35,261.19,261.19,20318
2025-06-09T11:37:00+05:30,261.23,261.35,261.19,261.2,38994
2025-06-09T11:38:00+05:30,261.2,261.35,261.18,261.28,28726
2025-06-09T11:39:00+05:30,261.26,261.5,261.26,261.34,25779
2025-06-09T11:40:00+05:30,261.34,261.39,261.3,261.3,18891
2025-06-09T11:41:00+05:30,261.3,261.43,261.23,261.3,23046
2025-06-09T11:42:00+05:30,261.27,261.39,261.21,261.3,17440
2025-06-09T11:43:00+05:30,261.31,261.55,261.31,261.44,48932
2025-06-09T11:44:00+05:30,261.4,261.56,261.33,261.36,30158
2025-06-09T11:45:00+05:30,261.36,261.41,261.2,261.21,129123
2025-06-09T11:46:00+05:30,261.24,261.32,261.18,261.18,24001
2025-06-09T11:47:00+05:30,261.18,261.25,260.93,261.0,33767
2025-06-09T11:48:00+05:30,260.99,261.1,260.9,260.9,25059
2025-06-09T11:49:00+05:30,260.91,261.09,260.8,260.89,62254
2025-06-09T11:50:00+05:30,260.81,260.95,260.58,260.77,79768
2025-06-09T11:51:00+05:30,260.77,261.1,260.75,261.0,25329
2025-06-09T11:52:00+05:30,261.0,261.08,260.7,260.7,22353
2025-06-09T11:53:00+05:30,260.7,260.75,260.5,260.5,50962
2025-06-09T11:54:00+05:30,260.51,260.56,260.28,260.41,72417
2025-06-09T11:55:00+05:30,260.41,260.56,260.36,260.44,32062
2025-06-09T11:56:00+05:30,260.44,260.55,260.32,260.5,47317
2025-06-09T11:57:00+05:30,260.47,261.0,260.4,260.72,560421
2025-06-09T11:58:00+05:30,260.7,260.94,260.7,260.79,23917
2025-06-09T11:59:00+05:30,260.78,260.9,260.71,260.79,19506
2025-06-09T12:00:00+05:30,260.78,260.89,260.62,260.76,28760
2025-06-09T12:01:00+05:30,260.74,260.84,260.4,260.41,40979
2025-06-09T12:02:00+05:30,260.41,260.6,260.41,260.46,51506
2025-06-09T12:03:00+05:30,260.46,260.5,260.1,260.1,121543
2025-06-09T12:04:00+05:30,260.1,260.17,260.01,260.02,75060
2025-06-09T12:05:00+05:30,260.1,260.15,259.11,259.26,541291
2025-06-09T12:06:00+05:30,259.26,259.49,259.2,259.48,69365
2025-06-09T12:07:00+05:30,259.47,260.0,259.4,259.72,296063
2025-06-09T12:08:00+05:30,259.71,259.85,259.65,259.7,61361
2025-06-09T12:09:00+05:30,259.7,260.06,259.7,259.93,119964
2025-06-09T12:10:00+05:30,259.93,260.07,259.93,259.95,33752
2025-06-09T12:11:00+05:30,259.99,260.04,259.87,259.92,28758
2025-06-09T12:12:00+05:30,259.91,259.93,259.8,259.85,32523
2025-06-09T12:13:00+05:30,259.85,259.9,259.74,259.77,25137
2025-06-09T12:14:00+05:30,259.75,259.8,259.5,259.78,89879
2025-06-09T12:15:00+05:30,259.69,259.93,259.51,259.74,70631
2025-06-09T12:16:00+05:30,259.73,259.92,258.83,258.91,298933
2025-06-09T12:17:00+05:30,258.84,258.99,258.37,258.48,312098
2025-06-09T12:18:00+05:30,258.44,258.9,258.44,258.73,86653
2025-06-09T12:19:00+05:30,258.72,258.86,257.95,258.17,495020
2025-06-09T12:20:00+05:30,258.2,258.66,258.16,258.45,64950
2025-06-09T12:21:00+05:30,258.45,258.64,258.4,258.42,79865
2025-06-09T12:22:00+05:30,258.43,258.69,258.4,258.66,58619
2025-06-09T12:23:00+05:30,258.65,258.8,258.52,258.74,58076
2025-06-09T12:24:00+05:30,258.66,258.73,257.96,258.31,461016
2025-06-09T12:25:00+05:30,258.3,258.85,258.27,258.74,73236
2025-06-09T12:26:00+05:30,258.75,258.96,258.72,258.78,47922
2025-06-09T12:27:00+05:30,258.77,259.27,258.74,259.11,83240
2025-06-09T12:28:00+05:30,259.1,259.27,259.02,259.26,51560
2025-06-09T12:29:00+05:30,259.26,259.37,259.16,259.37,39650
2025-06-09T12:30:00+05:30,259.31,259.39,259.0,259.08,53924
2025-06-09T12:31:00+05:30,259.08,259.08,258.8,258.85,26126
2025-06-09T12:32:00+05:30,258.8,258.86,258.68,258.75,32726
2025-06-09T12:33:00+05:30,258.75,258.9,258.7,258.8,28218
2025-06-09T12:34:00+05:30,258.83,259.0,258.8,258.95,24240
2025-06-09T12:35:00+05:30,258.94,259.0,258.8,258.84,38580
2025-06-09T12:36:00+05:30,258.84,259.25,258.83,259.03,52216
2025-06-09T12:37:00+05:30,259.02,259.18,259.02,259.09,30309
2025-06-09T12:38:00+05:30,259.09,259.16,259.03,259.06,23206
2025-06-09T12:39:00+05:30,259.07,259.15,259.03,259.13,43548
2025-06-09T12:40:00+05:30,259.12,259.2,258.8,258.8,58572
2025-06-09T12:41:00+05:30,258.82,258.92,258.74,258.74,36921
2025-06-09T12:42:00+05:30,258.75,259.0,258.7,258.89,55667
2025-06-09T12:43:00+05:30,258.87,259.0,258.8,258.81,32429
2025-06-09T12:44:00+05:30,258.82,258.9,258.6,258.75,92454
2025-06-09T12:45:00+05:30,258.75,258.76,258.3,258.35,109766
2025-06-09T12:46:00+05:30,258.34,258.44,258.19,258.43,50268
2025-06-09T12:47:00+05:30,258.4,258.55,258.36,258.51,40979
2025-06-09T12:48:00+05:30,258.49,258.73,258.45,258.69,141673
2025-06-09T12:49:00+05:30,258.67,258.71,258.61,258.7,52616
2025-06-09T12:50:00+05:30,258.7,258.7,258.61,258.63,38675
2025-06-09T12:51:00+05:30,258.63,258.7,258.49,258.5,49889
2025-06-09T12:52:00+05:30,258.52,258.69,258.43,258.55,68641
2025-06-09T12:53:00+05:30,258.54,258.65,258.35,258.42,63788
2025-06-09T12:54:00+05:30,258.43,258.5,258.35,258.43,31258
2025-06-09T12:55:00+05:30,258.44,258.5,258.36,258.37,45973
2025-06-09T12:56:00+05:30,258.37,258.46,258.33,258.35,56225
2025-06-09T12:57:00+05:30,258.35,258.35,258.15,258.2,46913
2025-06-09T12:58:00+05:30,258.2,258.45,258.13,258.37,40788
2025-06-09T12:59:00+05:30,258.37,258.59,258.33,258.35,99115
2025-06-09T13:00:00+05:30,258.35,258.4,258.33,258.35,44507
2025-06-09T13:01:00+05:30,258.35,258.35,258.0,258.02,147185
2025-06-09T13:02:00+05:30,258.06,258.18,257.98,258.0,80841
2025-06-09T13:03:00+05:30,257.98,257.98,257.55,257.71,195761
2025-06-09T13:04:00+05:30,257.71,257.99,257.71,257.94,67263
2025-06-09T13:05:00+05:30,257.94,258.2,257.91,258.07,83361
2025-06-09T13:06:00+05:30,258.06,258.46,258.05,258.32,69869
2025-06-09T13:07:00+05:30,258.31,258.37,258.12,258.2,45198
2025-06-09T13:08:00+05:30,258.21,258.24,258.16,258.16,29989
2025-06-09T13:09:00+05:30,258.17,258.21,258.06,258.1,45030
2025-06-09T13:10:00+05:30,258.09,258.1,257.9,258.0,58065
2025-06-09T13:11:00+05:30,257.99,258.33,257.91,258.3,74030
2025-06-09T13:12:00+05:30,258.28,258.4,258.07,258.16,46169
2025-06-09T13:13:00+05:30,258.14,258.18,258.01,258.17,44357
2025-06-09T13:14:00+05:30,258.15,258.4,258.09,258.2,76610
2025-06-09T13:15:00+05:30,258.2,258.25,258.04,258.16,83204
2025-06-09T13:16:00+05:30,258.16,258.21,258.02,258.08,41578
2025-06-09T13:17:00+05:30,258.08,258.4,258.02,258.37,150764
2025-06-09T13:18:00+05:30,258.34,258.55,258.27,258.35,62063
2025-06-09T13:19:00+05:30,258.3,258.48,258.23,258.28,40306
2025-06-09T13:20:00+05:30,258.25,258.28,258.0,258.01,98901
2025-06-09T13:21:00+05:30,258.0,258.2,258.0,258.04,44870
2025-06-09T13:22:00+05:30,258.05,258.14,258.01,258.06,26188
2025-06-09T13:23:00+05:30,258.06,258.3,256.37,256.88,504183
2025-06-09T13:24:00+05:30,256.88,257.99,256.88,257.53,167280
2025-06-09T13:25:00+05:30,257.54,258.0,257.36,257.8,118164
2025-06-09T13:26:00+05:30,257.8,258.15,257.67,258.1,89035
2025-06-09T13:27:00+05:30,258.1,258.26,258.05,258.12,87711
2025-06-09T13:28:00+05:30,258.11,258.16,257.9,258.01,54728
2025-06-09T13:29:00+05:30,258.01,258.34,258.0,258.05,82889
2025-06-09T13:30:00+05:30,258.05,258.12,257.9,258.0,96348
2025-06-09T13:31:00+05:30,258.0,258.32,257.99,258.2,55080
2025-06-09T13:32:00+05:30,258.24,258.35,258.2,258.2,47337
2025-06-09T13:33:00+05:30,258.25,258.31,257.82,257.94,98855
2025-06-09T13:34:00+05:30,257.94,258.0,257.75,257.86,74899
2025-06-09T13:35:00+05:30,257.83,257.89,257.5,257.58,87379
2025-06-09T13:36:00+05:30,257.54,257.7,257.31,257.61,141698
2025-06-09T13:37:00+05:30,257.61,257.76,257.51,257.68,46720
2025-06-09T13:38:00+05:30,257.64,257.85,257.5,257.64,70427
2025-06-09T13:39:00+05:30,257.64,257.72,257.5,257.6,41266
2025-06-09T13:40:00+05:30,257.58,257.64,257.43,257.51,41358
2025-06-09T13:41:00+05:30,257.5,257.66,257.41,257.49,39378
2025-06-09T13:42:00+05:30,257.5,257.92,257.42,257.79,65495
2025-06-09T13:43:00+05:30,257.8,257.88,257.59,257.73,54692
2025-06-09T13:44:00+05:30,257.71,257.95,257.64,257.85,114664
2025-06-09T13:45:00+05:30,257.83,258.17,257.75,257.95,108781
2025-06-09T13:46:00+05:30,257.95,258.0,257.8,257.86,27327
2025-06-09T13:47:00+05:30,257.83,257.88,257.61,257.78,36389
2025-06-09T13:48:00+05:30,257.75,257.75,257.45,257.45,58361
2025-06-09T13:49:00+05:30,257.45,257.5,257.35,257.48,66600
2025-06-09T13:50:00+05:30,257.48,257.5,257.15,257.41,52649
2025-06-09T13:51:00+05:30,257.38,257.7,257.31,257.5,36824
2025-06-09T13:52:00+05:30,257.5,257.65,257.46,257.58,32049
2025-06-09T13:53:00+05:30,257.58,257.65,257.54,257.63,22066
2025-06-09T13:54:00+05:30,257.6,257.8,257.55,257.74,47526
2025-06-09T13:55:00+05:30,257.73,257.9,257.7,257.87,23487
2025-06-09T13:56:00+05:30,257.84,257.9,257.8,257.83,22213
2025-06-09T13:57:00+05:30,257.84,257.89,257.79,257.89,25270
2025-06-09T13:58:00+05:30,257.88,258.0,257.67,257.92,113206
2025-06-09T13:59:00+05:30,257.91,257.92,257.52,257.61,32587
2025-06-09T14:00:00+05:30,257.55,257.7,257.55,257.66,20655
2025-06-09T14:01:00+05:30,257.62,257.7,257.59,257.6,25359
2025-06-09T14:02:00+05:30,257.59,257.65,257.4,257.47,45641
2025-06-09T14:03:00+05:30,257.44,257.51,257.0,257.21,123757
2025-06-09T14:04:00+05:30,257.13,257.3,257.03,257.27,63635
2025-06-09T14:05:00+05:30,257.2,257.37,257.13,257.28,36783
2025-06-09T14:06:00+05:30,257.27,257.34,257.05,257.22,49990
2025-06-09T14:07:00+05:30,257.21,257.35,257.02,257.25,50441
2025-06-09T14:08:00+05:30,257.24,257.35,257.1,257.12,35184
2025-06-09T14:09:00+05:30,257.12,257.33,257.1,257.22,23433
2025-06-09T14:10:00+05:30,257.21,257.27,257.0,257.01,97181
2025-06-09T14:11:00+05:30,257.04,257.24,256.85,256.89,113222
2025-06-09T14:12:00+05:30,256.89,257.05,256.82,256.84,296491
2025-06-09T14:13:00+05:30,256.84,256.92,256.5,256.6,97993
2025-06-09T14:14:00+05:30,256.55,256.6,256.2,256.27,152824
2025-06-09T14:15:00+05:30,256.27,256.3,256.1,256.17,78934
2025-06-09T14:16:00+05:30,256.23,256.43,256.1,256.32,114805
2025-06-09T14:17:00+05:30,256.3,256.4,256.09,256.19,190138
2025-06-09T14:18:00+05:30,256.15,256.34,256.1,256.17,161076
2025-06-09T14:19:00+05:30,256.19,256.2,256.05,256.05,68699
2025-06-09T14:20:00+05:30,256.05,256.4,255.82,256.19,212825
2025-06-09T14:21:00+05:30,256.23,256.3,256.1,256.15,55523
2025-06-09T14:22:00+05:30,256.12,256.16,255.57,255.8,162317
2025-06-09T14:23:00+05:30,255.8,255.8,255.41,255.51,139100
2025-06-09T14:24:00+05:30,255.51,255.67,255.51,255.59,74321
2025-06-09T14:25:00+05:30,255.56,255.67,255.51,255.67,72639
2025-06-09T14:26:00+05:30,255.63,255.9,255.63,255.85,92374
2025-06-09T14:27:00+05:30,255.8,255.85,255.66,255.75,111114
2025-06-09T14:28:00+05:30,255.7,255.8,255.56,255.75,78862
2025-06-09T14:29:00+05:30,255.73,255.99,255.7,255.95,63037
2025-06-09T14:30:00+05:30,255.9,256.36,255.9,256.27,128339
2025-06-09T14:31:00+05:30,256.26,256.34,256.05,256.05,72768
2025-06-09T14:32:00+05:30,256.05,256.16,255.9,255.91,86835
2025-06-09T14:33:00+05:30,255.9,256.0,255.64,255.72,153009
2025-06-09T14:34:00+05:30,255.7,255.77,255.61,255.67,67978
2025-06-09T14:35:00+05:30,255.67,255.76,255.6,255.63,99721
2025-06-09T14:36:00+05:30,255.61,255.61,255.44,255.47,94586
2025-06-09T14:37:00+05:30,255.47,255.8,255.35,255.77,299599
2025-06-09T14:38:00+05:30,255.77,256.0,255.73,255.96,91410
2025-06-09T14:39:00+05:30,255.92,255.98,255.59,255.69,95882
2025-06-09T14:40:00+05:30,255.65,255.69,255.5,255.52,82729
2025-06-09T14:41:00+05:30,255.52,255.64,255.41,255.61,87255
2025-06-09T14:42:00+05:30,255.58,255.97,255.58,255.93,61820
2025-06-09T14:43:00+05:30,255.93,255.98,255.85,255.85,44652
2025-06-09T14:44:00+05:30,255.84,255.85,255.54,255.68,59069
2025-06-09T14:45:00+05:30,255.68,255.68,255.44,255.66,91624
2025-06-09T14:46:00+05:30,255.61,255.83,255.5,255.64,98165
2025-06-09T14:47:00+05:30,255.6,255.8,255.45,255.79,116442
2025-06-09T14:48:00+05:30,255.77,255.88,255.75,255.75,57206
2025-06-09T14:49:00+05:30,255.75,256.0,255.75,256.0,108033
2025-06-09T14:50:00+05:30,255.99,256.0,255.8,255.93,65778
2025-06-09T14:51:00+05:30,255.93,255.94,255.61,255.73,53626
2025-06-09T14:52:00+05:30,255.7,255.75,255.61,255.69,36495
2025-06-09T14:53:00+05:30,255.65,255.71,255.5,255.54,62398
2025-06-09T14:54:00+05:30,255.54,255.83,255.53,255.8,64263
2025-06-09T14:55:00+05:30,255.77,255.8,255.5,255.67,63392
2025-06-09T14:56:00+05:30,255.68,255.95,255.67,255.95,84083
2025-06-09T14:57:00+05:30,255.95,256.15,255.8,256.0,111762
2025-06-09T14:58:00+05:30,256.04,256.09,255.9,256.07,64228
2025-06-09T14:59:00+05:30,256.04,256.5,256.02,256.3,236212
2025-06-09T15:00:00+05:30,256.3,256.73,256.18,256.51,208286
2025-06-09T15:01:00+05:30,256.62,256.62,256.3,256.55,134704
2025-06-09T15:02:00+05:30,256.55,256.56,256.3,256.5,145532
2025-06-09T15:03:00+05:30,256.47,256.6,256.37,256.57,96167
2025-06-09T15:04:00+05:30,256.55,256.93,256.52,256.85,168833
2025-06-09T15:05:00+05:30,256.85,256.9,256.58,256.77,98581
2025-06-09T15:06:00+05:30,256.7,256.78,256.41,256.59,201640
2025-06-09T15:07:00+05:30,256.57,256.59,256.35,256.48,80448
2025-06-09T15:08:00+05:30,256.44,256.6,256.25,256.39,253126
2025-06-09T15:09:00+05:30,256.39,256.9,256.39,256.9,177616
2025-06-09T15:10:00+05:30,256.8,257.16,256.72,257.15,165740
2025-06-09T15:11:00+05:30,257.16,257.25,256.9,256.9,217489
2025-06-09T15:12:00+05:30,256.9,257.19,256.9,256.92,145764
2025-06-09T15:13:00+05:30,257.05,257.12,256.88,256.99,144395
2025-06-09T15:14:00+05:30,256.97,256.99,256.8,256.9,115625
2025-06-09T15:15:00+05:30,256.9,256.95,256.78,256.94,210156
2025-06-09T15:16:00+05:30,256.9,256.94,256.7,256.9,220199
2025-06-09T15:17:00+05:30,256.9,257.0,256.82,256.92,205484
2025-06-09T15:18:00+05:30,256.88,257.2,256.8,257.2,212379
2025-06-09T15:19:00+05:30,257.2,257.3,256.9,257.01,214854
2025-06-09T15:20:00+05:30,257.06,257.11,256.67,256.92,314682
2025-06-09T15:21:00+05:30,256.84,257.17,256.8,257.17,165741
2025-06-09T15:22:00+05:30,257.12,257.47,257.09,257.37,154084
2025-06-09T15:23:00+05:30,257.36,257.4,257.01,257.06,106643
2025-06-09T15:24:00+05:30,257.06,257.2,256.85,257.01,260507
2025-06-09T15:25:00+05:30,257.01,257.28,256.97,257.17,102119
2025-06-09T15:26:00+05:30,257.17,257.17,256.96,257.0,103419
2025-06-09T15:27:00+05:30,256.99,257.35,256.9,257.26,250534
2025-06-09T15:28:00+05:30,257.26,257.35,256.9,256.9,98597
2025-06-09T15:29:00+05:30,256.9,257.15,256.9,256.99,98324
2025-06-10T09:15:00+05:30,256.75,256.8,255.72,255.72,801446
2025-06-10T09:16:00+05:30,255.89,256.5,255.3,255.3,459650
2025-06-10T09:17:00+05:30,255.3,255.57,255.0,255.2,530829
2025-06-10T09:18:00+05:30,255.15,255.5,254.57,255.25,389371
2025-06-10T09:19:00+05:30,255.15,255.25,254.28,254.54,102460
2025-06-10T09:20:00+05:30,254.62,254.87,254.21,254.27,384920
2025-06-10T09:21:00+05:30,254.39,255.33,254.27,255.29,288419
2025-06-10T09:22:00+05:30,255.26,255.38,254.36,254.36,290754
2025-06-10T09:23:00+05:30,254.36,255.0,254.35,254.77,300257
2025-06-10T09:24:00+05:30,254.84,255.12,254.55,254.85,134308
2025-06-10T09:25:00+05:30,254.83,255.5,254.76,255.39,156932
2025-06-10T09:26:00+05:30,255.35,255.62,255.06,255.16,195565
2025-06-10T09:27:00+05:30,255.22,255.44,254.8,254.94,125576
2025-06-10T09:28:00+05:30,254.94,255.4,254.9,255.25,150987
2025-06-10T09:29:00+05:30,255.25,255.61,255.03,255.15,137826
2025-06-10T09:30:00+05:30,255.0,255.12,254.5,254.9,200450
2025-06-10T09:31:00+05:30,254.9,255.39,254.73,255.25,119838
2025-06-10T09:32:00+05:30,255.26,255.5,255.12,255.35,102653
2025-06-10T09:33:00+05:30,255.27,255.4,255.26,255.33,39973
2025-06-10T09:34:00+05:30,255.33,255.5,255.3,255.3,54724
2025-06-10T09:35:00+05:30,255.3,255.38,255.17,255.24,66575
2025-06-10T09:36:00+05:30,255.24,255.4,254.94,254.96,97007
2025-06-10T09:37:00+05:30,254.96,255.15,254.86,255.08,71606
2025-06-10T09:38:00+05:30,255.08,255.4,255.02,255.15,73672
2025-06-10T09:39:00+05:30,255.24,255.35,255.15,255.2,69974
2025-06-10T09:40:00+05:30,255.16,255.25,254.96,254.97,54927
2025-06-10T09:41:00+05:30,254.99,255.25,254.97,255.18,71487
2025-06-10T09:42:00+05:30,255.09,255.19,255.0,255.0,43902
2025-06-10T09:43:00+05:30,255.01,255.09,254.72,254.92,99966
2025-06-10T09:44:00+05:30,254.81,254.92,254.55,254.62,75629
2025-06-10T09:45:00+05:30,254.62,254.85,254.59,254.83,48950
2025-06-10T09:46:00+05:30,254.78,255.0,254.68,254.8,167224
2025-06-10T09:47:00+05:30,254.74,255.19,254.69,255.09,97797
2025-06-10T09:48:00+05:30,255.1,255.16,255.0,255.02,32543
2025-06-10T09:49:00+05:30,255.02,255.39,255.0,255.27,91294
2025-06-10T09:50:00+05:30,255.3,255.4,255.24,255.34,32304
2025-06-10T09:51:00+05:30,255.34,255.47,255.2,255.34,73470
2025-06-10T09:52:00+05:30,255.33,255.33,254.9,255.0,66097
2025-06-10T09:53:00+05:30,255.01,255.2,254.91,255.17,33108
2025-06-10T09:54:00+05:30,255.19,255.3,254.9,255.02,58548
2025-06-10T09:55:00+05:30,255.03,255.16,254.92,254.95,56440
2025-06-10T09:56:00+05:30,254.95,254.99,254.8,254.93,36599
2025-06-10T09:57:00+05:30,254.93,254.97,254.86,254.95,21337
2025-06-10T09:58:00+05:30,254.95,255.0,254.76,254.76,22854
2025-06-10T09:59:00+05:30,254.81,254.85,254.6,254.62,82812
2025-06-10T10:00:00+05:30,254.6,254.6,254.27,254.3,138578
2025-06-10T10:01:00+05:30,254.35,254.5,254.18,254.5,151073
2025-06-10T10:02:00+05:30,254.43,254.52,254.41,254.45,34197
2025-06-10T10:03:00+05:30,254.45,254.65,254.44,254.63,44346
2025-06-10T10:04:00+05:30,254.63,254.97,254.56,254.9,55029
2025-06-10T10:05:00+05:30,254.9,255.22,254.85,255.1,80910
2025-06-10T10:06:00+05:30,255.1,255.35,255.06,255.29,62155
2025-06-10T10:07:00+05:30,255.29,255.31,255.15,255.16,25136
2025-06-10T10:08:00+05:30,255.16,255.5,255.15,255.27,107725
2025-06-10T10:09:00+05:30,255.21,255.29,255.15,255.2,26307
2025-06-10T10:10:00+05:30,255.11,255.2,255.01,255.18,25049
2025-06-10T10:11:00+05:30,255.09,255.18,254.91,255.0,34851
2025-06-10T10:12:00+05:30,255.0,255.0,254.85,254.91,45983
2025-06-10T10:13:00+05:30,254.94,255.0,254.89,254.91,24290
2025-06-10T10:14:00+05:30,254.9,255.24,254.9,255.2,37163
2025-06-10T10:15:00+05:30,255.2,255.5,255.2,255.4,69472
2025-06-10T10:16:00+05:30,255.4,255.54,255.3,255.3,51212
2025-06-10T10:17:00+05:30,255.3,255.4,255.22,255.27,16550
2025-06-10T10:18:00+05:30,255.24,255.27,255.0,255.05,39019
2025-06-10T10:19:00+05:30,255.0,255.11,255.0,255.01,22710
2025-06-10T10:20:00+05:30,255.0,255.21,255.0,255.15,21913
2025-06-10T10:21:00+05:30,255.14,255.15,254.85,254.87,44177
2025-06-10T10:22:00+05:30,254.95,255.12,254.76,254.93,67431
2025-06-10T10:23:00+05:30,255.0,255.08,254.93,255.05,16054
2025-06-10T10:24:00+05:30,255.05,255.05,254.79,254.8,17316
2025-06-10T10:25:00+05:30,254.8,254.91,254.7,254.81,34361
2025-06-10T10:26:00+05:30,254.81,254.91,254.7,254.71,20269
2025-06-10T10:27:00+05:30,254.8,254.83,254.7,254.73,19584
2025-06-10T10:28:00+05:30,254.73,254.79,254.55,254.72,59295
2025-06-10T10:29:00+05:30,254.66,254.75,254.55,254.74,29074
2025-06-10T10:30:00+05:30,254.71,255.19,254.7,255.19,37308
2025-06-10T10:31:00+05:30,255.14,255.19,255.06,255.12,22572
2025-06-10T10:32:00+05:30,255.11,255.14,254.77,254.77,11485
2025-06-10T10:33:00+05:30,254.82,255.1,254.8,255.1,32768
2025-06-10T10:34:00+05:30,255.1,255.25,255.0,255.25,34763
2025-06-10T10:35:00+05:30,255.2,255.25,255.0,255.13,26681
2025-06-10T10:36:00+05:30,255.05,255.26,255.05,255.25,28426
2025-06-10T10:37:00+05:30,255.24,255.26,255.08,255.2,26807
2025-06-10T10:38:00+05:30,255.18,255.22,255.09,255.19,16853
2025-06-10T10:39:00+05:30,255.1,255.18,255.0,255.06,24563
2025-06-10T10:40:00+05:30,255.02,255.2,255.02,255.13,20425
2025-06-10T10:41:00+05:30,255.18,255.22,255.0,255.08,16211
2025-06-10T10:42:00+05:30,255.04,255.08,254.84,254.86,24794
2025-06-10T10:43:00+05:30,254.85,254.91,254.71,254.85,28506
2025-06-10T10:44:00+05:30,254.77,254.85,254.71,254.75,22057
2025-06-10T10:45:00+05:30,254.72,254.8,254.6,254.63,50839
2025-06-10T10:46:00+05:30,254.61,254.87,254.6,254.8,69635
2025-06-10T10:47:00+05:30,254.76,254.85,254.75,254.84,17963
2025-06-10T10:48:00+05:30,254.76,254.76,254.5,254.54,46653
2025-06-10T10:49:00+05:30,254.65,254.65,254.5,254.57,27804
2025-06-10T10:50:00+05:30,254.57,254.65,254.5,254.55,30652
2025-06-10T10:51:00+05:30,254.53,254.58,254.35,254.4,102916
2025-06-10T10:52:00+05:30,254.35,254.5,254.29,254.4,41595
2025-06-10T10:53:00+05:30,254.4,254.46,254.3,254.38,33006
2025-06-10T10:54:00+05:30,254.37,254.39,254.3,254.33,16769
2025-06-10T10:55:00+05:30,254.39,254.5,254.35,254.45,27880
2025-06-10T10:56:00+05:30,254.4,254.48,254.21,254.33,43278
2025-06-10T10:57:00+05:30,254.24,254.35,254.21,254.24,46320
2025-06-10T10:58:00+05:30,254.21,254.5,254.21,254.5,45916
2025-06-10T10:59:00+05:30,254.5,254.74,254.45,254.59,38259
2025-06-10T11:00:00+05:30,254.53,254.65,254.5,254.59,21796
2025-06-10T11:01:00+05:30,254.59,254.59,254.25,254.34,85861
2025-06-10T11:02:00+05:30,254.38,254.57,254.25,254.57,74780
2025-06-10T11:03:00+05:30,254.45,254.59,254.3,254.43,35902
2025-06-10T11:04:00+05:30,254.43,254.6,254.34,254.44,32249
2025-06-10T11:05:00+05:30,254.44,254.5,254.4,254.42,15507
2025-06-10T11:06:00+05:30,254.42,254.46,254.3,254.34,16648
2025-06-10T11:07:00+05:30,254.34,254.47,254.3,254.4,23019
2025-06-10T11:08:00+05:30,254.4,254.46,254.3,254.35,16722
2025-06-10T11:09:00+05:30,254.34,254.45,254.34,254.4,23136
2025-06-10T11:10:00+05:30,254.4,254.45,254.34,254.4,32179
2025-06-10T11:11:00+05:30,254.4,254.44,253.92,254.06,341545
2025-06-10T11:12:00+05:30,254.01,254.12,253.82,254.0,106015
2025-06-10T11:13:00+05:30,253.95,254.09,253.89,254.02,69751
2025-06-10T11:14:00+05:30,254.0,254.14,254.0,254.01,42349
2025-06-10T11:15:00+05:30,254.06,254.07,253.85,254.0,84477
2025-06-10T11:16:00+05:30,254.0,254.0,253.83,253.83,42207
2025-06-10T11:17:00+05:30,253.89,253.91,253.8,253.91,51711
2025-06-10T11:18:00+05:30,253.91,253.99,253.8,253.97,40651
2025-06-10T11:19:00+05:30,253.92,253.92,253.72,253.75,76577
2025-06-10T11:20:00+05:30,253.72,253.8,253.58,253.7,78426
2025-06-10T11:21:00+05:30,253.65,253.7,253.55,253.63,40353
2025-06-10T11:22:00+05:30,253.6,253.7,253.52,253.6,57452
2025-06-10T11:23:00+05:30,253.51,253.67,253.5,253.65,51123
2025-06-10T11:24:00+05:30,253.62,253.86,253.61,253.73,89110
2025-06-10T11:25:00+05:30,253.75,253.95,253.7,253.87,39821
2025-06-10T11:26:00+05:30,253.91,254.03,253.85,253.93,124207
2025-06-10T11:27:00+05:30,253.93,253.98,253.83,253.96,30582
2025-06-10T11:28:00+05:30,253.96,254.01,253.9,253.93,46025
2025-06-10T11:29:00+05:30,253.9,253.9,253.8,253.85,25929
2025-06-10T11:30:00+05:30,253.85,253.93,253.8,253.89,24033
2025-06-10T11:31:00+05:30,253.89,253.9,253.8,253.84,41043
2025-06-10T11:32:00+05:30,253.83,253.9,253.81,253.85,24462
2025-06-10T11:33:00+05:30,253.85,253.89,253.71,253.75,64111
2025-06-10T11:34:00+05:30,253.71,253.75,253.62,253.71,19373
2025-06-10T11:35:00+05:30,253.71,253.81,253.7,253.77,29997
2025-06-10T11:36:00+05:30,253.75,253.81,253.6,253.68,36121
2025-06-10T11:37:00+05:30,253.66,253.75,253.66,253.7,34785
2025-06-10T11:38:00+05:30,253.73,253.75,253.7,253.75,22777
2025-06-10T11:39:00+05:30,253.72,253.78,253.7,253.72,19870
2025-06-10T11:40:00+05:30,253.73,253.84,253.72,253.74,75140
2025-06-10T11:41:00+05:30,253.74,253.85,253.72,253.8,62023
2025-06-10T11:42:00+05:30,253.85,253.97,253.8,253.85,73608
2025-06-10T11:43:00+05:30,253.85,253.89,253.75,253.85,23804
2025-06-10T11:44:00+05:30,253.82,253.89,253.8,253.86,30602
2025-06-10T11:45:00+05:30,253.82,253.9,253.8,253.86,27551
2025-06-10T11:46:00+05:30,253.82,253.92,253.8,253.88,25104
2025-06-10T11:47:00+05:30,253.87,253.9,253.78,253.9,23663
2025-06-10T11:48:00+05:30,253.85,254.4,253.82,254.31,96078
2025-06-10T11:49:00+05:30,254.31,254.31,254.08,254.13,26206
2025-06-10T11:50:00+05:30,254.13,254.13,253.85,253.98,28498
2025-06-10T11:51:00+05:30,253.93,254.15,253.93,254.01,25942
2025-06-10T11:52:00+05:30,254.01,254.07,253.83,253.98,23161
2025-06-10T11:53:00+05:30,253.98,254.06,253.9,254.0,31284
2025-06-10T11:54:00+05:30,254.0,254.06,253.96,253.97,19909
2025-06-10T11:55:00+05:30,253.97,254.0,253.88,253.9,19905
2025-06-10T11:56:00+05:30,253.9,253.94,253.82,253.85,23295
2025-06-10T11:57:00+05:30,253.85,253.94,253.82,253.93,26888
2025-06-10T11:58:00+05:30,253.93,253.99,253.93,253.99,15310
2025-06-10T11:59:00+05:30,253.98,253.99,253.91,253.95,26862
2025-06-10T12:00:00+05:30,253.93,253.95,253.77,253.82,38789
2025-06-10T12:01:00+05:30,253.85,253.91,253.75,253.85,50043
2025-06-10T12:02:00+05:30,253.85,253.9,253.73,253.83,40546
2025-06-10T12:03:00+05:30,253.83,253.83,253.7,253.75,26160
2025-06-10T12:04:00+05:30,253.75,253.85,253.7,253.8,63015
2025-06-10T12:05:00+05:30,253.76,253.84,253.7,253.82,30123
2025-06-10T12:06:00+05:30,253.74,253.82,253.7,253.76,20577
2025-06-10T12:07:00+05:30,253.71,253.77,253.7,253.77,25171
2025-06-10T12:08:00+05:30,253.77,253.81,253.75,253.78,37923
2025-06-10T12:09:00+05:30,253.78,253.91,253.65,253.85,99674
2025-06-10T12:10:00+05:30,253.85,253.95,253.79,253.87,28647
2025-06-10T12:11:00+05:30,253.87,253.9,253.8,253.9,36493
2025-06-10T12:12:00+05:30,253.86,253.9,253.8,253.83,22653
2025-06-10T12:13:00+05:30,253.8,253.9,253.8,253.82,25771
2025-06-10T12:14:00+05:30,253.83,254.0,253.82,253.93,53332
2025-06-10T12:15:00+05:30,253.96,254.28,253.9,254.13,175475
2025-06-10T12:16:00+05:30,254.13,254.19,254.0,254.06,40994
2025-06-10T12:17:00+05:30,254.01,254.1,253.91,253.96,53510
2025-06-10T12:18:00+05:30,253.99,254.0,253.8,253.82,20913
2025-06-10T12:19:00+05:30,253.87,253.88,253.71,253.86,65214
2025-06-10T12:20:00+05:30,253.86,253.98,253.78,253.85,58499
2025-06-10T12:21:00+05:30,253.76,253.85,253.65,253.69,21980
2025-06-10T12:22:00+05:30,253.7,253.73,253.65,253.65,31876
2025-06-10T12:23:00+05:30,253.69,253.81,253.65,253.81,39106
2025-06-10T12:24:00+05:30,253.77,253.95,253.73,253.89,30471
2025-06-10T12:25:00+05:30,253.88,253.89,253.79,253.83,28203
2025-06-10T12:26:00+05:30,253.83,253.83,253.7,253.7,19486
2025-06-10T12:27:00+05:30,253.75,253.78,253.65,253.72,43918
2025-06-10T12:28:00+05:30,253.72,253.73,253.23,253.25,125091
2025-06-10T12:29:00+05:30,253.25,253.52,252.52,252.58,360433
2025-06-10T12:30:00+05:30,252.59,252.89,252.44,252.84,208301
2025-06-10T12:31:00+05:30,252.79,252.85,252.5,252.64,75626
2025-06-10T12:32:00+05:30,252.61,252.72,252.56,252.72,40375
2025-06-10T12:33:00+05:30,252.72,252.78,252.64,252.7,44115
2025-06-10T12:34:00+05:30,252.72,252.99,252.6,252.9,55920
2025-06-10T12:35:00+05:30,252.9,253.2,252.77,253.2,99872
2025-06-10T12:36:00+05:30,253.2,253.2,252.92,252.96,39268
2025-06-10T12:37:00+05:30,253.0,253.04,252.86,252.95,41603
2025-06-10T12:38:00+05:30,252.95,253.28,252.93,253.1,79614
2025-06-10T12:39:00+05:30,253.1,253.25,253.03,253.25,23536
2025-06-10T12:40:00+05:30,253.25,253.25,253.1,253.16,38547
2025-06-10T12:41:00+05:30,253.16,253.16,253.01,253.12,22915
2025-06-10T12:42:00+05:30,253.15,253.25,253.08,253.19,26751
2025-06-10T12:43:00+05:30,253.19,253.19,253.02,253.05,18606
2025-06-10T12:44:00+05:30,253.05,253.06,253.0,253.04,19817
2025-06-10T12:45:00+05:30,253.04,253.23,253.0,253.11,32462
2025-06-10T12:46:00+05:30,253.1,253.17,253.02,253.08,21524
2025-06-10T12:47:00+05:30,253.08,253.2,253.03,253.16,21853
2025-06-10T12:48:00+05:30,253.2,253.48,253.16,253.32,98173
2025-06-10T12:49:00+05:30,253.27,253.37,253.15,253.26,40766
2025-06-10T12:50:00+05:30,253.27,253.41,253.26,253.35,31781
2025-06-10T12:51:00+05:30,253.34,253.71,253.32,253.6,112344
2025-06-10T12:52:00+05:30,253.6,253.75,253.5,253.52,41277
2025-06-10T12:53:00+05:30,253.52,253.69,253.35,253.69,87414
2025-06-10T12:54:00+05:30,253.59,253.75,253.5,253.59,39975
2025-06-10T12:55:00+05:30,253.59,253.78,253.51,253.58,38719
2025-06-10T12:56:00+05:30,253.57,253.6,253.5,253.56,27124
2025-06-10T12:57:00+05:30,253.59,253.6,253.5,253.54,26029
2025-06-10T12:58:00+05:30,253.5,253.65,253.47,253.65,44363
2025-06-10T12:59:00+05:30,253.65,253.67,253.5,253.5,27108
2025-06-10T13:00:00+05:30,253.5,253.63,253.43,253.55,48312
2025-06-10T13:01:00+05:30,253.55,253.6,253.35,253.36,48109
2025-06-10T13:02:00+05:30,253.35,253.4,253.35,253.38,27743
2025-06-10T13:03:00+05:30,253.36,253.4,253.35,253.36,20986
2025-06-10T13:04:00+05:30,253.36,253.54,253.35,253.46,38059
2025-06-10T13:05:00+05:30,253.45,253.5,253.26,253.32,32640
2025-06-10T13:06:00+05:30,253.32,253.35,253.06,253.12,48071
2025-06-10T13:07:00+05:30,253.12,253.23,253.03,253.14,29539
2025-06-10T13:08:00+05:30,253.14,253.14,253.0,253.05,26235
2025-06-10T13:09:00+05:30,253.01,253.05,252.77,252.77,52021
2025-06-10T13:10:00+05:30,252.81,252.84,252.51,252.55,62457
2025-06-10T13:11:00+05:30,252.53,252.58,252.51,252.51,48443
2025-06-10T13:12:00+05:30,252.52,252.71,252.35,252.65,103367
2025-06-10T13:13:00+05:30,252.65,252.72,252.5,252.55,56679
2025-06-10T13:14:00+05:30,252.52,252.81,252.5,252.67,72155
2025-06-10T13:15:00+05:30,252.67,252.68,252.55,252.66,32535
2025-06-10T13:16:00+05:30,252.63,252.8,252.63,252.7,50941
2025-06-10T13:17:00+05:30,252.73,252.8,252.7,252.8,27572
2025-06-10T13:18:00+05:30,252.78,252.86,252.78,252.86,25331
2025-06-10T13:19:00+05:30,252.86,252.88,252.63,252.73,61017
2025-06-10T13:20:00+05:30,252.7,252.77,252.6,252.71,59503
2025-06-10T13:21:00+05:30,252.7,252.72,252.55,252.58,24897
2025-06-10T13:22:00+05:30,252.58,252.63,252.51,252.63,57548
2025-06-10T13:23:00+05:30,252.58,252.7,252.57,252.6,24121
2025-06-10T13:24:00+05:30,252.6,252.86,252.57,252.8,41298
2025-06-10T13:25:00+05:30,252.8,252.9,252.66,252.79,23662
2025-06-10T13:26:00+05:30,252.76,252.83,252.72,252.8,25829
2025-06-10T13:27:00+05:30,252.8,252.8,252.65,252.7,20729
2025-06-10T13:28:00+05:30,252.74,253.0,252.65,253.0,92223
2025-06-10T13:29:00+05:30,252.95,253.0,252.95,253.0,26962
2025-06-10T13:30:00+05:30,252.99,253.25,252.91,252.93,108017
2025-06-10T13:31:00+05:30,252.93,252.93,252.79,252.9,41223
2025-06-10T13:32:00+05:30,252.9,252.98,252.85,252.97,15170
2025-06-10T13:33:00+05:30,252.94,252.98,252.85,252.93,15558
2025-06-10T13:34:00+05:30,252.93,253.0,252.8,252.94,40262
2025-06-10T13:35:00+05:30,252.94,253.25,252.88,253.21,38385
2025-06-10T13:36:00+05:30,253.21,253.36,253.2,253.28,31124
2025-06-10T13:37:00+05:30,253.3,253.3,253.08,253.24,26311
2025-06-10T13:38:00+05:30,253.24,253.4,253.2,253.28,34084
2025-06-10T13:39:00+05:30,253.28,253.3,253.16,253.22,19433
2025-06-10T13:40:00+05:30,253.22,253.27,253.13,253.15,25416
2025-06-10T13:41:00+05:30,253.15,253.18,253.0,253.05,21169
2025-06-10T13:42:00+05:30,253.05,253.15,253.0,253.1,41640
2025-06-10T13:43:00+05:30,253.1,253.21,253.07,253.16,32713
2025-06-10T13:44:00+05:30,253.16,253.21,253.1,253.1,17650
2025-06-10T13:45:00+05:30,253.1,253.19,253.1,253.19,17130
2025-06-10T13:46:00+05:30,253.19,253.5,253.16,253.46,55801
2025-06-10T13:47:00+05:30,253.44,253.5,253.32,253.32,43899
2025-06-10T13:48:00+05:30,253.33,253.67,253.32,253.65,68581
2025-06-10T13:49:00+05:30,253.65,253.66,253.52,253.65,25008
2025-06-10T13:50:00+05:30,253.65,253.73,253.6,253.71,45927
2025-06-10T13:51:00+05:30,253.68,253.95,253.63,253.92,146190
2025-06-10T13:52:00+05:30,253.92,253.97,253.88,253.94,40246
2025-06-10T13:53:00+05:30,253.94,254.29,253.91,254.25,198531
2025-06-10T13:54:00+05:30,254.21,254.3,254.01,254.1,52295
2025-06-10T13:55:00+05:30,254.07,254.1,253.91,254.07,94899
2025-06-10T13:56:00+05:30,254.07,254.29,254.05,254.21,62309
2025-06-10T13:57:00+05:30,254.21,254.35,254.21,254.35,63406
2025-06-10T13:58:00+05:30,254.32,254.51,254.31,254.5,77536
2025-06-10T13:59:00+05:30,254.5,254.5,254.3,254.42,49732
2025-06-10T14:00:00+05:30,254.42,254.9,254.4,254.62,202018
2025-06-10T14:01:00+05:30,254.56,254.61,254.25,254.35,36735
2025-06-10T14:02:00+05:30,254.32,254.9,254.25,254.66,175228
2025-06-10T14:03:00+05:30,254.66,255.34,254.56,255.22,427531
2025-06-10T14:04:00+05:30,255.34,256.49,255.14,256.08,595582
2025-06-10T14:05:00+05:30,256.13,256.14,255.39,255.65,232425
2025-06-10T14:06:00+05:30,255.65,255.95,255.51,255.8,137788
2025-06-10T14:07:00+05:30,255.8,256.48,255.63,256.11,309316
2025-06-10T14:08:00+05:30,256.03,256.3,255.81,256.1,210173
2025-06-10T14:09:00+05:30,256.1,256.17,255.7,255.74,130117
2025-06-10T14:10:00+05:30,255.7,255.99,255.53,255.59,83148
2025-06-10T14:11:00+05:30,255.59,256.0,255.53,255.91,86516
2025-06-10T14:12:00+05:30,255.91,256.0,255.79,255.8,86586
2025-06-10T14:13:00+05:30,255.9,255.92,255.65,255.74,60801
2025-06-10T14:14:00+05:30,255.65,255.73,255.38,255.57,120805
2025-06-10T14:15:00+05:30,255.47,255.6,255.45,255.58,84497
2025-06-10T14:16:00+05:30,255.54,255.6,255.45,255.55,54604
2025-06-10T14:17:00+05:30,255.55,255.6,255.2,255.3,88225
2025-06-10T14:18:00+05:30,255.26,255.55,255.14,255.5,86555
2025-06-10T14:19:00+05:30,255.52,255.66,255.4,255.62,73099
2025-06-10T14:20:00+05:30,255.61,255.65,255.16,255.3,90599
2025-06-10T14:21:00+05:30,255.35,255.49,255.24,255.35,52904
2025-06-10T14:22:00+05:30,255.46,255.49,255.25,255.49,37745
2025-06-10T14:23:00+05:30,255.49,255.55,255.43,255.47,46577
2025-06-10T14:24:00+05:30,255.52,255.72,255.47,255.67,52787
2025-06-10T14:25:00+05:30,255.67,255.88,255.59,255.77,81368
2025-06-10T14:26:00+05:30,255.77,255.87,255.64,255.85,49640
2025-06-10T14:27:00+05:30,255.76,256.12,255.7,255.98,159760
2025-06-10T14:28:00+05:30,255.97,255.98,255.66,255.95,73814
2025-06-10T14:29:00+05:30,255.95,256.1,255.61,255.89,201064
2025-06-10T14:30:00+05:30,255.81,256.2,255.8,255.9,110672
2025-06-10T14:31:00+05:30,255.9,256.02,255.8,255.98,54299
2025-06-10T14:32:00+05:30,255.98,256.03,255.8,255.91,62114
2025-06-10T14:33:00+05:30,255.88,256.0,255.8,255.91,57442
2025-06-10T14:34:00+05:30,255.91,256.06,255.87,256.05,58363
2025-06-10T14:35:00+05:30,256.05,256.08,256.0,256.08,61803
2025-06-10T14:36:00+05:30,256.06,256.14,256.0,256.14,72024
2025-06-10T14:37:00+05:30,256.14,256.16,255.38,255.4,137514
2025-06-10T14:38:00+05:30,255.4,255.8,255.26,255.74,78743
2025-06-10T14:39:00+05:30,255.69,255.88,255.65,255.88,60397
2025-06-10T14:40:00+05:30,255.88,255.92,255.55,255.69,89111
2025-06-10T14:41:00+05:30,255.69,255.89,255.62,255.82,51068
2025-06-10T14:42:00+05:30,255.85,255.89,255.67,255.79,67108
2025-06-10T14:43:00+05:30,255.79,255.79,255.4,255.7,73766
2025-06-10T14:44:00+05:30,255.75,255.75,255.44,255.73,61848
2025-06-10T14:45:00+05:30,255.7,255.73,255.51,255.63,60094
2025-06-10T14:46:00+05:30,255.65,255.73,255.5,255.63,75965
2025-06-10T14:47:00+05:30,255.63,255.67,255.5,255.65,61048
2025-06-10T14:48:00+05:30,255.65,255.65,255.41,255.59,80436
2025-06-10T14:49:00+05:30,255.52,255.6,255.45,255.49,74066
2025-06-10T14:50:00+05:30,255.49,255.59,255.41,255.55,72175
2025-06-10T14:51:00+05:30,255.55,255.55,254.89,255.05,216308
2025-06-10T14:52:00+05:30,255.03,255.38,254.99,255.35,74932
2025-06-10T14:53:00+05:30,255.35,255.36,255.2,255.25,46889
2025-06-10T14:54:00+05:30,255.25,255.25,255.1,255.18,76915
2025-06-10T14:55:00+05:30,255.18,255.49,255.09,255.2,121023
2025-06-10T14:56:00+05:30,255.2,255.72,255.15,255.63,93214
2025-06-10T14:57:00+05:30,255.63,255.95,255.59,255.94,100471
2025-06-10T14:58:00+05:30,255.94,255.98,255.7,255.73,129637
2025-06-10T14:59:00+05:30,255.73,255.97,255.71,255.74,66762
2025-06-10T15:00:00+05:30,255.75,255.75,255.08,255.54,707736
2025-06-10T15:01:00+05:30,255.54,255.6,255.21,255.53,451973
2025-06-10T15:02:00+05:30,255.53,255.69,255.25,255.49,423937
2025-06-10T15:03:00+05:30,255.5,255.85,255.49,255.82,291759
2025-06-10T15:04:00+05:30,255.82,255.83,255.56,255.68,581869
2025-06-10T15:05:00+05:30,255.68,255.69,255.5,255.52,263678
2025-06-10T15:06:00+05:30,255.52,255.71,255.5,255.67,726963
2025-06-10T15:07:00+05:30,255.69,255.9,255.68,255.76,382298
2025-06-10T15:08:00+05:30,255.76,255.89,255.7,255.72,419087
2025-06-10T15:09:00+05:30,255.72,255.89,255.67,255.79,544454
2025-06-10T15:10:00+05:30,255.78,255.84,255.78,255.84,183275
2025-06-10T15:11:00+05:30,255.84,255.98,255.79,255.85,482000
2025-06-10T15:12:00+05:30,255.85,255.85,255.53,255.66,388619
2025-06-10T15:13:00+05:30,255.66,255.66,255.64,255.65,266884
2025-06-10T15:14:00+05:30,255.65,255.65,255.63,255.64,314263
2025-06-10T15:15:00+05:30,255.63,255.64,255.44,255.54,370676
2025-06-10T15:16:00+05:30,255.54,255.55,255.25,255.34,408657
2025-06-10T15:17:00+05:30,255.35,255.6,255.34,255.49,625610
2025-06-10T15:18:00+05:30,255.49,255.94,255.44,255.9,458156
2025-06-10T15:19:00+05:30,255.9,256.09,255.89,256.05,339727
2025-06-10T15:20:00+05:30,256.03,256.12,256.02,256.12,518040
2025-06-10T15:21:00+05:30,256.12,256.12,255.88,255.96,521039
2025-06-10T15:22:00+05:30,255.96,255.96,255.95,255.96,281074
2025-06-10T15:23:00+05:30,255.95,255.96,255.95,255.96,281443
2025-06-10T15:24:00+05:30,255.95,255.96,255.95,255.95,390507
2025-06-10T15:25:00+05:30,255.96,255.96,255.87,255.89,323073
2025-06-10T15:26:00+05:30,255.87,255.89,255.5,255.5,244500
2025-06-10T15:27:00+05:30,255.49,255.5,255.0,255.47,458641
2025-06-10T15:28:00+05:30,255.49,255.75,255.41,255.45,219049
2025-06-10T15:29:00+05:30,255.45,255.45,255.1,255.3,55032
2025-06-11T09:15:00+05:30,255.6,257.4,255.3,257.35,739290
2025-06-11T09:16:00+05:30,257.35,258.92,257.28,258.85,650335
2025-06-11T09:17:00+05:30,258.8,258.9,257.6,258.0,855990
2025-06-11T09:18:00+05:30,257.99,258.3,257.8,258.12,251784
2025-06-11T09:19:00+05:30,258.12,258.2,257.83,258.0,161637
2025-06-11T09:20:00+05:30,257.92,258.69,257.91,258.28,243038
2025-06-11T09:21:00+05:30,258.28,258.32,257.85,258.15,235751
2025-06-11T09:22:00+05:30,258.16,258.8,258.09,258.65,238171
2025-06-11T09:23:00+05:30,258.65,258.7,258.42,258.69,134064
2025-06-11T09:24:00+05:30,258.69,259.5,258.6,259.31,636836
2025-06-11T09:25:00+05:30,259.31,259.39,258.7,258.88,318792
2025-06-11T09:26:00+05:30,258.88,259.43,258.74,259.2,250636
2025-06-11T09:27:00+05:30,259.28,260.0,259.2,259.85,466954
2025-06-11T09:28:00+05:30,259.85,260.19,259.5,259.7,610011
2025-06-11T09:29:00+05:30,259.75,259.79,259.0,259.11,284405
2025-06-11T09:30:00+05:30,259.11,259.15,258.1,258.12,385964
2025-06-11T09:31:00+05:30,258.1,258.29,257.72,257.82,394369
2025-06-11T09:32:00+05:30,257.87,258.3,257.84,258.12,162608
2025-06-11T09:33:00+05:30,258.05,258.47,258.05,258.29,71251
2025-06-11T09:34:00+05:30,258.29,258.29,257.83,257.95,202892
2025-06-11T09:35:00+05:30,258.0,258.07,257.73,257.78,89287
2025-06-11T09:36:00+05:30,257.75,257.92,257.34,257.34,305087
2025-06-11T09:37:00+05:30,257.49,257.89,257.35,257.59,208615
2025-06-11T09:38:00+05:30,257.59,257.59,257.4,257.49,79953
2025-06-11T09:39:00+05:30,257.49,257.5,257.2,257.2,92294
2025-06-11T09:40:00+05:30,257.3,257.3,257.15,257.3,69954
2025-06-11T09:41:00+05:30,257.3,257.41,257.12,257.12,68375
2025-06-11T09:42:00+05:30,257.12,257.2,257.0,257.0,209980
2025-06-11T09:43:00+05:30,257.07,257.37,256.9,257.01,158686
2025-06-11T09:44:00+05:30,257.01,257.15,256.9,256.9,72794
2025-06-11T09:45:00+05:30,256.91,256.98,256.9,256.97,34998
2025-06-11T09:46:00+05:30,256.97,257.78,256.88,257.7,369182
2025-06-11T09:47:00+05:30,257.7,258.27,257.64,257.76,118400
2025-06-11T09:48:00+05:30,257.71,257.9,257.54,257.78,45794
2025-06-11T09:49:00+05:30,257.76,257.89,257.47,257.56,88301
2025-06-11T09:50:00+05:30,257.55,257.8,257.5,257.67,39242
2025-06-11T09:51:00+05:30,257.74,257.79,257.51,257.65,47030
2025-06-11T09:52:00+05:30,257.61,257.65,257.5,257.5,32946
2025-06-11T09:53:00+05:30,257.57,257.59,257.0,257.43,276656
2025-06-11T09:54:00+05:30,257.44,257.57,257.24,257.45,59554
2025-06-11T09:55:00+05:30,257.37,257.41,257.34,257.37,23762
2025-06-11T09:56:00+05:30,257.38,257.38,257.08,257.18,46338
2025-06-11T09:57:00+05:30,257.19,257.6,257.09,257.6,37266
2025-06-11T09:58:00+05:30,257.55,257.73,257.49,257.6,65082
2025-06-11T09:59:00+05:30,257.6,257.69,257.51,257.69,22296
2025-06-11T10:00:00+05:30,257.69,257.95,257.58,257.88,122743
2025-06-11T10:01:00+05:30,257.88,258.4,257.82,258.28,145745
2025-06-11T10:02:00+05:30,258.37,258.4,258.19,258.35,79376
2025-06-11T10:03:00+05:30,258.28,258.35,258.05,258.14,50687
2025-06-11T10:04:00+05:30,258.14,258.14,257.91,257.97,49836
2025-06-11T10:05:00+05:30,257.97,257.97,257.64,257.64,37734
2025-06-11T10:06:00+05:30,257.65,257.68,257.4,257.41,117782
2025-06-11T10:07:00+05:30,257.4,257.73,257.4,257.47,47475
2025-06-11T10:08:00+05:30,257.46,257.63,257.35,257.42,43241
2025-06-11T10:09:00+05:30,257.39,257.69,257.2,257.59,95792
2025-06-11T10:10:00+05:30,257.65,257.74,257.34,257.37,25427
2025-06-11T10:11:00+05:30,257.35,257.55,257.2,257.39,47109
2025-06-11T10:12:00+05:30,257.33,257.44,257.12,257.3,70081
2025-06-11T10:13:00+05:30,257.3,257.3,257.1,257.1,34456
2025-06-11T10:14:00+05:30,257.1,257.36,257.05,257.36,60977
2025-06-11T10:15:00+05:30,257.28,257.36,257.2,257.3,32305
2025-06-11T10:16:00+05:30,257.23,257.3,257.22,257.27,19392
2025-06-11T10:17:00+05:30,257.28,257.44,257.25,257.31,36554
2025-06-11T10:18:00+05:30,257.31,257.31,257.11,257.11,25527
2025-06-11T10:19:00+05:30,257.15,257.33,257.1,257.22,40830
2025-06-11T10:20:00+05:30,257.13,257.25,256.91,257.13,190216
2025-06-11T10:21:00+05:30,257.14,257.25,257.0,257.16,44886
2025-06-11T10:22:00+05:30,257.16,257.16,256.9,256.9,70345
2025-06-11T10:23:00+05:30,257.0,257.0,256.62,256.74,87729
2025-06-11T10:24:00+05:30,256.74,257.0,256.7,257.0,77312
2025-06-11T10:25:00+05:30,257.0,257.0,256.9,256.95,34997
2025-06-11T10:26:00+05:30,256.95,257.0,256.9,256.9,30773
2025-06-11T10:27:00+05:30,256.99,256.99,256.8,256.8,17921
2025-06-11T10:28:00+05:30,256.85,257.23,256.75,257.08,107722
2025-06-11T10:29:00+05:30,257.08,257.15,257.0,257.09,27321
2025-06-11T10:30:00+05:30,257.01,257.11,256.97,257.04,53034
2025-06-11T10:31:00+05:30,257.02,257.05,256.85,256.89,24053
2025-06-11T10:32:00+05:30,256.89,257.0,256.86,256.87,34721
2025-06-11T10:33:00+05:30,256.87,256.9,256.87,256.88,17543
2025-06-11T10:34:00+05:30,256.9,256.9,256.6,256.74,61234
2025-06-11T10:35:00+05:30,256.81,256.89,256.66,256.74,27688
2025-06-11T10:36:00+05:30,256.76,256.9,256.74,256.83,35734
2025-06-11T10:37:00+05:30,256.83,256.88,256.79,256.79,30949
2025-06-11T10:38:00+05:30,256.81,256.83,256.76,256.76,33572
2025-06-11T10:39:00+05:30,256.79,256.82,256.65,256.7,34685
2025-06-11T10:40:00+05:30,256.7,256.83,256.65,256.68,66571
2025-06-11T10:41:00+05:30,256.68,256.75,256.51,256.53,58789
2025-06-11T10:42:00+05:30,256.62,256.67,256.28,256.34,124628
2025-06-11T10:43:00+05:30,256.39,256.9,256.33,256.9,75274
2025-06-11T10:44:00+05:30,256.85,257.1,256.83,257.02,53893
2025-06-11T10:45:00+05:30,257.03,257.5,257.02,257.45,74181
2025-06-11T10:46:00+05:30,257.48,257.62,257.25,257.28,75655
2025-06-11T10:47:00+05:30,257.26,257.28,257.0,257.1,39698
2025-06-11T10:48:00+05:30,257.1,257.1,256.85,256.85,76031
2025-06-11T10:49:00+05:30,256.85,256.9,256.83,256.85,18744
2025-06-11T10:50:00+05:30,256.84,257.1,256.8,257.1,26251
2025-06-11T10:51:00+05:30,257.06,257.12,256.85,257.09,1247845
2025-06-11T10:52:00+05:30,257.02,257.21,256.97,257.2,25239
2025-06-11T10:53:00+05:30,257.19,257.3,257.12,257.29,22394
2025-06-11T10:54:00+05:30,257.29,257.45,257.06,257.37,57573
2025-06-11T10:55:00+05:30,257.31,257.5,257.31,257.45,65230
2025-06-11T10:56:00+05:30,257.45,257.55,257.4,257.55,41537
2025-06-11T10:57:00+05:30,257.53,257.63,257.5,257.58,30754
2025-06-11T10:58:00+05:30,257.55,257.58,257.45,257.55,56907
2025-06-11T10:59:00+05:30,257.55,257.9,257.35,257.35,188975
2025-06-11T11:00:00+05:30,257.41,257.65,257.39,257.49,56077
2025-06-11T11:01:00+05:30,257.49,257.5,257.26,257.26,22148
2025-06-11T11:02:00+05:30,257.26,257.29,257.14,257.22,19998
2025-06-11T11:03:00+05:30,257.2,257.2,256.9,256.92,62108
2025-06-11T11:04:00+05:30,256.92,257.0,256.9,256.91,23802
2025-06-11T11:05:00+05:30,256.9,257.1,256.9,257.1,19186
2025-06-11T11:06:00+05:30,257.07,257.16,257.0,257.16,22675
2025-06-11T11:07:00+05:30,257.16,257.22,257.05,257.06,15086
2025-06-11T11:08:00+05:30,257.05,257.05,257.0,257.0,18596
2025-06-11T11:09:00+05:30,257.04,257.04,256.98,256.99,15183
2025-06-11T11:10:00+05:30,256.99,257.27,256.96,257.11,32032
2025-06-11T11:11:00+05:30,257.11,257.39,257.02,257.33,24815
2025-06-11T11:12:00+05:30,257.38,257.41,257.3,257.4,20943
2025-06-11T11:13:00+05:30,257.34,257.5,257.31,257.42,21637
2025-06-11T11:14:00+05:30,257.42,257.52,257.4,257.5,18774
2025-06-11T11:15:00+05:30,257.47,257.5,257.45,257.45,20512
2025-06-11T11:16:00+05:30,257.47,257.9,257.45,257.88,79640
2025-06-11T11:17:00+05:30,257.88,257.9,257.57,257.75,34758
2025-06-11T11:18:00+05:30,257.7,257.75,257.52,257.55,24988
2025-06-11T11:19:00+05:30,257.53,257.55,257.43,257.45,19109
2025-06-11T11:20:00+05:30,257.44,257.5,257.39,257.45,14674
2025-06-11T11:21:00+05:30,257.47,257.47,257.4,257.4,16449
2025-06-11T11:22:00+05:30,257.41,257.59,257.39,257.55,29767
2025-06-11T11:23:00+05:30,257.56,257.66,257.56,257.65,17119
2025-06-11T11:24:00+05:30,257.63,257.65,257.62,257.63,13170
2025-06-11T11:25:00+05:30,257.61,257.73,257.39,257.49,61893
2025-06-11T11:26:00+05:30,257.45,257.62,257.4,257.53,34445
2025-06-11T11:27:00+05:30,257.54,257.55,257.38,257.41,25909
2025-06-11T11:28:00+05:30,257.41,257.69,257.41,257.68,30348
2025-06-11T11:29:00+05:30,257.68,257.8,257.67,257.74,38291
2025-06-11T11:30:00+05:30,257.74,257.89,257.74,257.83,37512
2025-06-11T11:31:00+05:30,257.83,257.86,257.64,257.67,26675
2025-06-11T11:32:00+05:30,257.67,257.72,257.61,257.65,16387
2025-06-11T11:33:00+05:30,257.65,257.65,257.44,257.44,30156
2025-06-11T11:34:00+05:30,257.44,257.48,257.4,257.4,18696
2025-06-11T11:35:00+05:30,257.41,257.65,257.4,257.6,35898
2025-06-11T11:36:00+05:30,257.59,257.65,257.53,257.53,20093
2025-06-11T11:37:00+05:30,257.55,257.57,257.48,257.5,11682
2025-06-11T11:38:00+05:30,257.48,257.5,257.35,257.35,15813
2025-06-11T11:39:00+05:30,257.36,257.37,257.2,257.35,36941
2025-06-11T11:40:00+05:30,257.3,257.53,257.28,257.53,22748
2025-06-11T11:41:00+05:30,257.46,257.51,257.41,257.42,20629
2025-06-11T11:42:00+05:30,257.42,257.6,257.42,257.6,21312
2025-06-11T11:43:00+05:30,257.54,257.8,257.54,257.73,50403
2025-06-11T11:44:00+05:30,257.72,258.15,257.71,258.1,194546
2025-06-11T11:45:00+05:30,258.09,258.2,257.81,258.08,124969
2025-06-11T11:46:00+05:30,258.08,258.3,258.07,258.2,53325
2025-06-11T11:47:00+05:30,258.2,258.68,258.13,258.5,122679
2025-06-11T11:48:00+05:30,258.45,258.68,258.44,258.65,63440
2025-06-11T11:49:00+05:30,258.65,258.72,258.57,258.72,84833
2025-06-11T11:50:00+05:30,258.69,259.2,258.68,259.03,214633
2025-06-11T11:51:00+05:30,259.03,259.1,258.65,258.65,101945
2025-06-11T11:52:00+05:30,258.71,258.88,258.52,258.88,88730
2025-06-11T11:53:00+05:30,258.84,259.0,258.71,258.84,81883
2025-06-11T11:54:00+05:30,258.83,259.25,258.73,259.25,129752
2025-06-11T11:55:00+05:30,259.23,259.45,259.21,259.27,107038
2025-06-11T11:56:00+05:30,259.3,259.4,259.25,259.4,101827
2025-06-11T11:57:00+05:30,259.36,259.48,259.28,259.39,82352
2025-06-11T11:58:00+05:30,259.38,259.62,259.2,259.2,172464
2025-06-11T11:59:00+05:30,259.2,259.35,259.2,259.27,47571
2025-06-11T12:00:00+05:30,259.27,259.43,259.27,259.42,74274
2025-06-11T12:01:00+05:30,259.33,259.6,259.33,259.41,102804
2025-06-11T12:02:00+05:30,259.51,259.51,259.12,259.2,80695
2025-06-11T12:03:00+05:30,259.28,259.34,259.05,259.12,60335
2025-06-11T12:04:00+05:30,259.14,259.57,259.14,259.57,209779
2025-06-11T12:05:00+05:30,259.53,260.0,259.24,259.53,905246
2025-06-11T12:06:00+05:30,259.58,259.7,259.29,259.7,1148881
2025-06-11T12:07:00+05:30,259.7,259.72,259.63,259.66,62204
2025-06-11T12:08:00+05:30,259.66,259.67,259.0,259.16,177154
2025-06-11T12:09:00+05:30,259.19,259.58,259.16,259.53,140525
2025-06-11T12:10:00+05:30,259.51,259.53,259.18,259.2,58665
2025-06-11T12:11:00+05:30,259.18,259.42,259.15,259.17,55513
2025-06-11T12:12:00+05:30,259.17,259.21,258.64,258.76,261010
2025-06-11T12:13:00+05:30,258.76,258.92,258.6,258.8,45136
2025-06-11T12:14:00+05:30,258.83,258.88,258.6,258.68,54045
2025-06-11T12:15:00+05:30,258.66,258.67,258.48,258.49,75178
2025-06-11T12:16:00+05:30,258.49,258.89,258.28,258.31,80011
2025-06-11T12:17:00+05:30,258.4,258.76,258.34,258.76,42489
2025-06-11T12:18:00+05:30,258.76,258.84,258.69,258.73,45069
2025-06-11T12:19:00+05:30,258.73,258.82,258.66,258.66,47801
2025-06-11T12:20:00+05:30,258.66,258.73,258.6,258.69,36061
2025-06-11T12:21:00+05:30,258.69,258.8,258.6,258.71,46613
2025-06-11T12:22:00+05:30,258.73,258.73,258.6,258.6,36454
2025-06-11T12:23:00+05:30,258.6,258.82,258.57,258.74,64124
2025-06-11T12:24:00+05:30,258.74,258.75,258.58,258.59,42094
2025-06-11T12:25:00+05:30,258.59,258.75,258.59,258.67,49234
2025-06-11T12:26:00+05:30,258.68,258.68,258.25,258.53,326729
2025-06-11T12:27:00+05:30,258.42,258.7,258.29,258.67,194241
2025-06-11T12:28:00+05:30,258.67,258.7,258.41,258.51,61245
2025-06-11T12:29:00+05:30,258.51,258.7,258.51,258.54,30532
2025-06-11T12:30:00+05:30,258.54,258.59,258.41,258.48,74091
2025-06-11T12:31:00+05:30,258.41,258.5,258.2,258.24,71555
2025-06-11T12:32:00+05:30,258.25,258.25,258.1,258.1,81128
2025-06-11T12:33:00+05:30,258.11,258.17,258.03,258.04,78094
2025-06-11T12:34:00+05:30,258.07,258.07,257.67,257.8,133176
2025-06-11T12:35:00+05:30,257.8,257.98,257.7,257.85,71078
2025-06-11T12:36:00+05:30,257.85,258.12,257.84,257.95,87546
2025-06-11T12:37:00+05:30,258.0,258.0,257.86,257.88,49435
2025-06-11T12:38:00+05:30,257.86,257.88,257.71,257.73,65062
2025-06-11T12:39:00+05:30,257.72,257.9,257.6,257.6,89283
2025-06-11T12:40:00+05:30,257.6,257.72,257.59,257.65,53413
2025-06-11T12:41:00+05:30,257.65,257.76,257.65,257.73,55576
2025-06-11T12:42:00+05:30,257.73,257.76,257.5,257.5,78340
2025-06-11T12:43:00+05:30,257.5,257.74,257.5,257.56,65336
2025-06-11T12:44:00+05:30,257.56,257.7,257.56,257.6,55781
2025-06-11T12:45:00+05:30,257.62,257.7,257.58,257.7,44356
2025-06-11T12:46:00+05:30,257.69,257.82,257.63,257.78,64212
2025-06-11T12:47:00+05:30,257.78,257.8,257.71,257.72,62859
2025-06-11T12:48:00+05:30,257.72,257.85,257.7,257.76,45280
2025-06-11T12:49:00+05:30,257.78,257.9,257.78,257.84,59857
2025-06-11T12:50:00+05:30,257.84,258.15,257.84,258.0,59217
2025-06-11T12:51:00+05:30,258.0,258.13,257.94,257.96,99634
2025-06-11T12:52:00+05:30,257.96,258.36,257.92,258.21,110264
2025-06-11T12:53:00+05:30,258.19,258.24,258.11,258.11,49089
2025-06-11T12:54:00+05:30,258.11,258.11,258.0,258.1,63848
2025-06-11T12:55:00+05:30,258.1,258.26,258.08,258.2,53579
2025-06-11T12:56:00+05:30,258.2,258.31,258.2,258.23,37850
2025-06-11T12:57:00+05:30,258.23,258.53,258.22,258.36,120186
2025-06-11T12:58:00+05:30,258.36,258.4,258.22,258.22,43084
2025-06-11T12:59:00+05:30,258.22,258.52,258.2,258.3,90632
2025-06-11T13:00:00+05:30,258.29,258.51,258.2,258.2,71690
2025-06-11T13:01:00+05:30,258.19,258.2,258.0,258.0,78050
2025-06-11T13:02:00+05:30,258.01,258.01,257.94,257.95,28509
2025-06-11T13:03:00+05:30,257.95,258.01,257.95,257.98,31069
2025-06-11T13:04:00+05:30,257.98,258.15,257.97,258.15,40796
2025-06-11T13:05:00+05:30,258.1,258.19,257.97,258.06,69370
2025-06-11T13:06:00+05:30,258.06,258.08,257.73,257.96,126025
2025-06-11T13:07:00+05:30,257.84,258.15,257.84,258.1,69466
2025-06-11T13:08:00+05:30,258.14,258.16,258.0,258.01,39071
2025-06-11T13:09:00+05:30,258.0,258.01,257.97,257.97,38982
2025-06-11T13:10:00+05:30,257.99,257.99,257.6,257.82,134860
2025-06-11T13:11:00+05:30,257.8,257.82,257.5,257.55,100184
2025-06-11T13:12:00+05:30,257.61,257.61,257.26,257.28,84449
2025-06-11T13:13:00+05:30,257.25,257.4,257.25,257.33,84737
2025-06-11T13:14:00+05:30,257.35,257.35,256.9,257.25,229058
2025-06-11T13:15:00+05:30,257.21,257.25,256.9,256.98,155027
2025-06-11T13:16:00+05:30,256.98,257.18,256.95,257.16,132847
2025-06-11T13:17:00+05:30,257.17,257.18,256.9,256.9,82216
2025-06-11T13:18:00+05:30,256.9,257.17,256.9,257.15,93465
2025-06-11T13:19:00+05:30,257.15,257.15,257.0,257.02,46805
2025-06-11T13:20:00+05:30,257.01,257.1,257.01,257.06,56256
2025-06-11T13:21:00+05:30,257.1,257.1,256.86,256.87,91739
2025-06-11T13:22:00+05:30,256.87,256.91,256.85,256.88,114930
2025-06-11T13:23:00+05:30,256.88,256.91,256.84,256.85,54069
2025-06-11T13:24:00+05:30,256.85,257.03,256.85,256.98,112226
2025-06-11T13:25:00+05:30,256.97,256.97,256.85,256.86,66394
2025-06-11T13:26:00+05:30,256.85,256.86,256.56,256.57,132107
2025-06-11T13:27:00+05:30,256.58,256.65,256.28,256.54,229544
2025-06-11T13:28:00+05:30,256.52,256.76,256.52,256.69,126588
2025-06-11T13:29:00+05:30,256.68,256.69,256.56,256.59,51698
2025-06-11T13:30:00+05:30,256.56,256.61,256.52,256.52,79026
2025-06-11T13:31:00+05:30,256.52,256.89,256.52,256.82,88418
2025-06-11T13:32:00+05:30,256.88,256.9,256.66,256.9,98085
2025-06-11T13:33:00+05:30,256.86,256.97,256.66,256.83,90729
2025-06-11T13:34:00+05:30,256.82,257.09,256.82,256.96,144111
2025-06-11T13:35:00+05:30,256.96,257.1,256.81,256.84,159522
2025-06-11T13:36:00+05:30,256.8,257.1,256.7,257.1,142483
2025-06-11T13:37:00+05:30,257.03,257.3,257.03,257.1,87531
2025-06-11T13:38:00+05:30,257.11,257.11,256.82,256.82,74070
2025-06-11T13:39:00+05:30,256.82,257.11,256.7,257.06,172958
2025-06-11T13:40:00+05:30,257.04,257.12,257.04,257.05,48416
2025-06-11T13:41:00+05:30,257.05,257.06,256.95,256.96,36437
2025-06-11T13:42:00+05:30,256.95,257.0,256.65,256.7,90872
2025-06-11T13:43:00+05:30,256.7,256.71,256.25,256.33,122055
2025-06-11T13:44:00+05:30,256.34,256.45,256.22,256.45,67035
2025-06-11T13:45:00+05:30,256.45,256.45,256.24,256.28,104237
2025-06-11T13:46:00+05:30,256.28,256.44,256.26,256.28,95542
2025-06-11T13:47:00+05:30,256.28,256.4,256.28,256.35,62074
2025-06-11T13:48:00+05:30,256.35,256.4,256.35,256.36,56251
2025-06-11T13:49:00+05:30,256.36,256.39,256.1,256.1,91185
2025-06-11T13:50:00+05:30,256.1,256.2,255.75,256.12,269546
2025-06-11T13:51:00+05:30,256.12,256.21,256.05,256.09,91007
2025-06-11T13:52:00+05:30,256.09,256.2,255.8,256.2,144842
2025-06-11T13:53:00+05:30,256.2,256.36,256.1,256.3,100587
2025-06-11T13:54:00+05:30,256.3,256.38,255.95,255.95,95932
2025-06-11T13:55:00+05:30,255.96,256.32,255.96,256.23,99522
2025-06-11T13:56:00+05:30,256.23,256.43,256.11,256.36,111308
2025-06-11T13:57:00+05:30,256.36,256.7,256.36,256.61,105421
2025-06-11T13:58:00+05:30,256.61,256.89,256.61,256.61,85121
2025-06-11T13:59:00+05:30,256.61,256.64,256.56,256.57,85722
2025-06-11T14:00:00+05:30,256.56,256.57,256.3,256.33,64641
2025-06-11T14:01:00+05:30,256.3,256.44,256.28,256.37,73836
2025-06-11T14:02:00+05:30,256.37,256.69,256.37,256.65,71739
2025-06-11T14:03:00+05:30,256.65,256.65,256.31,256.34,82343
2025-06-11T14:04:00+05:30,256.37,256.54,256.3,256.32,98748
2025-06-11T14:05:00+05:30,256.32,256.39,256.32,256.37,43015
2025-06-11T14:06:00+05:30,256.37,256.45,256.13,256.19,102493
2025-06-11T14:07:00+05:30,256.17,256.36,256.16,256.28,61433
2025-06-11T14:08:00+05:30,256.28,256.39,256.28,256.37,48615
2025-06-11T14:09:00+05:30,256.39,256.4,256.17,256.26,96350
2025-06-11T14:10:00+05:30,256.26,256.63,256.26,256.55,38101
2025-06-11T14:11:00+05:30,256.55,256.55,256.53,256.53,42583
2025-06-11T14:12:00+05:30,256.54,256.54,256.33,256.5,108269
2025-06-11T14:13:00+05:30,256.5,256.71,256.44,256.64,72376
2025-06-11T14:14:00+05:30,256.58,256.95,256.58,256.84,40627
2025-06-11T14:15:00+05:30,256.89,256.99,256.84,256.95,51037
2025-06-11T14:16:00+05:30,256.95,256.97,256.86,256.95,71712
2025-06-11T14:17:00+05:30,256.95,257.05,256.86,256.98,111876
2025-06-11T14:18:00+05:30,257.0,257.05,256.98,257.03,41063
2025-06-11T14:19:00+05:30,257.04,257.18,257.04,257.1,50602
2025-06-11T14:20:00+05:30,257.11,257.34,257.07,257.29,141870
2025-06-11T14:21:00+05:30,257.23,257.39,257.23,257.29,64308
2025-06-11T14:22:00+05:30,257.29,257.49,257.28,257.4,77710
2025-06-11T14:23:00+05:30,257.35,257.4,257.18,257.19,83029
2025-06-11T14:24:00+05:30,257.18,257.25,256.78,257.04,127794
2025-06-11T14:25:00+05:30,257.01,257.15,256.73,256.75,60818
2025-06-11T14:26:00+05:30,256.73,256.73,256.39,256.5,122605
2025-06-11T14:27:00+05:30,256.44,256.5,256.35,256.45,63879
2025-06-11T14:28:00+05:30,256.45,256.5,256.38,256.39,54681
2025-06-11T14:29:00+05:30,256.38,256.4,256.3,256.32,53439
2025-06-11T14:30:00+05:30,256.31,256.4,256.31,256.39,50536
2025-06-11T14:31:00+05:30,256.39,256.47,256.39,256.4,52649
2025-06-11T14:32:00+05:30,256.39,256.62,256.39,256.43,74395
2025-06-11T14:33:00+05:30,256.42,256.57,256.4,256.54,46443
2025-06-11T14:34:00+05:30,256.52,256.69,256.51,256.62,43722
2025-06-11T14:35:00+05:30,256.62,256.87,256.55,256.77,81612
2025-06-11T14:36:00+05:30,256.83,256.83,256.77,256.8,52210
2025-06-11T14:37:00+05:30,256.8,256.85,256.61,256.74,66688
2025-06-11T14:38:00+05:30,256.74,256.8,256.74,256.79,42945
2025-06-11T14:39:00+05:30,256.78,257.0,256.78,256.98,37773
2025-06-11T14:40:00+05:30,257.0,257.06,256.81,256.94,129873
2025-06-11T14:41:00+05:30,257.02,257.1,256.9,257.05,65198
2025-06-11T14:42:00+05:30,257.1,257.29,257.02,257.11,70537
2025-06-11T14:43:00+05:30,257.11,257.29,256.97,256.97,117299
2025-06-11T14:44:00+05:30,256.97,256.99,256.95,256.97,33089
2025-06-11T14:45:00+05:30,256.97,257.15,256.97,257.08,82856
2025-06-11T14:46:00+05:30,257.1,257.1,257.0,257.02,72402
2025-06-11T14:47:00+05:30,257.0,257.25,257.0,257.19,68471
2025-06-11T14:48:00+05:30,257.2,257.2,257.01,257.01,89850
2025-06-11T14:49:00+05:30,257.01,257.04,256.93,256.93,63900
2025-06-11T14:50:00+05:30,256.96,257.26,256.86,257.24,136461
2025-06-11T14:51:00+05:30,257.21,257.26,257.17,257.19,85533
2025-06-11T14:52:00+05:30,257.17,257.21,257.13,257.21,39442
2025-06-11T14:53:00+05:30,257.21,257.3,257.19,257.3,58243
2025-06-11T14:54:00+05:30,257.29,257.4,257.27,257.3,102982
2025-06-11T14:55:00+05:30,257.3,257.39,257.15,257.17,114447
2025-06-11T14:56:00+05:30,257.11,257.34,257.04,257.08,97442
2025-06-11T14:57:00+05:30,257.06,257.2,257.06,257.11,84027
2025-06-11T14:58:00+05:30,257.1,257.2,257.1,257.17,82230
2025-06-11T14:59:00+05:30,257.17,257.2,257.15,257.2,79489
2025-06-11T15:00:00+05:30,257.2,257.2,257.0,257.01,179984
2025-06-11T15:01:00+05:30,257.0,257.16,257.0,257.1,133044
2025-06-11T15:02:00+05:30,257.11,257.27,257.09,257.25,209558
2025-06-11T15:03:00+05:30,257.22,257.29,257.22,257.27,126232
2025-06-11T15:04:00+05:30,257.28,257.29,257.2,257.21,189763
2025-06-11T15:05:00+05:30,257.21,257.28,257.1,257.16,164694
2025-06-11T15:06:00+05:30,257.16,257.19,257.16,257.16,119198
2025-06-11T15:07:00+05:30,257.17,257.19,257.16,257.17,117229
2025-06-11T15:08:00+05:30,257.17,257.35,257.17,257.24,305380
2025-06-11T15:09:00+05:30,257.27,257.35,257.16,257.31,187329
2025-06-11T15:10:00+05:30,257.31,257.31,257.21,257.22,146307
2025-06-11T15:11:00+05:30,257.21,257.22,257.18,257.18,103660
2025-06-11T15:12:00+05:30,257.18,257.41,257.18,257.36,281868
2025-06-11T15:13:00+05:30,257.36,257.38,257.25,257.26,219187
2025-06-11T15:14:00+05:30,257.26,257.5,257.25,257.25,306395
2025-06-11T15:15:00+05:30,257.26,257.26,256.61,256.81,338578
2025-06-11T15:16:00+05:30,256.81,256.9,256.72,256.72,223540
2025-06-11T15:17:00+05:30,256.7,257.06,256.65,257.05,184729
2025-06-11T15:18:00+05:30,257.04,257.1,257.04,257.06,174282
2025-06-11T15:19:00+05:30,257.06,257.08,256.81,256.81,245213
2025-06-11T15:20:00+05:30,256.85,256.85,256.58,256.83,314950
2025-06-11T15:21:00+05:30,256.82,256.88,256.79,256.87,100089
2025-06-11T15:22:00+05:30,256.88,256.89,256.87,256.89,150114
2025-06-11T15:23:00+05:30,256.89,256.9,256.88,256.9,118855
2025-06-11T15:24:00+05:30,256.89,256.91,256.88,256.9,176844
2025-06-11T15:25:00+05:30,256.91,256.94,256.9,256.94,140675
2025-06-11T15:26:00+05:30,256.94,256.97,256.91,256.94,135326
2025-06-11T15:27:00+05:30,256.94,256.98,256.94,256.97,138168
2025-06-11T15:28:00+05:30,256.98,257.13,256.97,257.13,177157
2025-06-11T15:29:00+05:30,257.1,257.12,256.91,257.1,81884
2025-06-12T09:15:00+05:30,257.1,257.1,254.52,255.82,539186
2025-06-12T09:16:00+05:30,255.84,255.89,254.75,254.96,198655
2025-06-12T09:17:00+05:30,254.9,255.35,254.85,254.99,100894
2025-06-12T09:18:00+05:30,254.88,255.23,254.8,254.83,150703
2025-06-12T09:19:00+05:30,254.83,255.62,254.5,254.5,209462
2025-06-12T09:20:00+05:30,254.5,254.69,254.08,254.4,160338
2025-06-12T09:21:00+05:30,254.41,254.72,254.4,254.58,81521
2025-06-12T09:22:00+05:30,254.53,255.0,254.42,254.83,80798
2025-06-12T09:23:00+05:30,254.73,255.41,254.66,255.09,127911
2025-06-12T09:24:00+05:30,255.14,255.25,254.63,254.84,131014
2025-06-12T09:25:00+05:30,254.84,254.87,254.5,254.55,52372
2025-06-12T09:26:00+05:30,254.55,254.79,254.5,254.51,65956
2025-06-12T09:27:00+05:30,254.51,255.49,254.5,254.97,89884
2025-06-12T09:28:00+05:30,255.0,255.0,254.45,254.45,88871
2025-06-12T09:29:00+05:30,254.45,254.5,254.1,254.25,89136
2025-06-12T09:30:00+05:30,254.25,254.39,253.75,253.75,177946
2025-06-12T09:31:00+05:30,253.8,254.26,253.64,254.16,86048
2025-06-12T09:32:00+05:30,254.16,254.64,254.08,254.55,85065
2025-06-12T09:33:00+05:30,254.55,255.0,254.5,254.97,54863
2025-06-12T09:34:00+05:30,254.96,255.28,254.92,255.14,151956
2025-06-12T09:35:00+05:30,255.14,255.16,254.88,255.01,68702
2025-06-12T09:36:00+05:30,255.01,255.23,255.0,255.23,39842
2025-06-12T09:37:00+05:30,255.18,255.47,255.06,255.14,37974
2025-06-12T09:38:00+05:30,255.06,255.14,254.72,255.01,42172
2025-06-12T09:39:00+05:30,254.9,254.98,254.7,254.83,34589
2025-06-12T09:40:00+05:30,254.85,254.85,254.7,254.76,39033
2025-06-12T09:41:00+05:30,254.81,254.85,254.75,254.79,12602
2025-06-12T09:42:00+05:30,254.82,254.85,254.51,254.54,26439
2025-06-12T09:43:00+05:30,254.54,254.56,254.2,254.37,52305
2025-06-12T09:44:00+05:30,254.45,254.45,254.25,254.37,32525
2025-06-12T09:45:00+05:30,254.35,254.72,254.35,254.43,46522
2025-06-12T09:46:00+05:30,254.48,254.73,254.4,254.53,21933
2025-06-12T09:47:00+05:30,254.41,254.8,254.41,254.65,31671
2025-06-12T09:48:00+05:30,254.67,254.96,254.55,254.84,25582
2025-06-12T09:49:00+05:30,254.83,255.12,254.8,255.05,55663
2025-06-12T09:50:00+05:30,255.07,255.3,255.01,255.12,38175
2025-06-12T09:51:00+05:30,255.18,255.3,255.02,255.05,14656
2025-06-12T09:52:00+05:30,255.02,255.2,254.81,255.01,52324
2025-06-12T09:53:00+05:30,254.91,255.0,254.67,254.95,30592
2025-06-12T09:54:00+05:30,254.95,254.95,254.56,254.82,28241
2025-06-12T09:55:00+05:30,254.79,254.82,254.53,254.62,26323
2025-06-12T09:56:00+05:30,254.66,254.77,254.6,254.6,17554
2025-06-12T09:57:00+05:30,254.52,254.6,254.5,254.55,21954
2025-06-12T09:58:00+05:30,254.55,254.6,254.4,254.48,27416
2025-06-12T09:59:00+05:30,254.43,254.81,254.43,254.45,33995
2025-06-12T10:00:00+05:30,254.53,254.77,254.32,254.36,64622
2025-06-12T10:01:00+05:30,254.44,254.49,254.27,254.3,23839
2025-06-12T10:02:00+05:30,254.3,254.71,254.3,254.6,65345
2025-06-12T10:03:00+05:30,254.52,254.75,254.52,254.67,16175
2025-06-12T10:04:00+05:30,254.7,254.95,254.67,254.86,26365
2025-06-12T10:05:00+05:30,254.85,254.96,254.65,254.79,35030
2025-06-12T10:06:00+05:30,254.71,254.88,254.71,254.82,12467
2025-06-12T10:07:00+05:30,254.82,254.86,254.69,254.76,20625
2025-06-12T10:08:00+05:30,254.76,254.89,254.76,254.78,17833
2025-06-12T10:09:00+05:30,254.78,254.98,254.78,254.97,21618
2025-06-12T10:10:00+05:30,254.85,255.0,254.82,254.99,14855
2025-06-12T10:11:00+05:30,254.94,254.99,254.7,254.79,18628
2025-06-12T10:12:00+05:30,254.78,254.82,254.74,254.8,21859
2025-06-12T10:13:00+05:30,254.74,254.96,254.7,254.77,24630
2025-06-12T10:14:00+05:30,254.82,254.96,254.75,254.77,15038
2025-06-12T10:15:00+05:30,254.77,254.86,254.74,254.74,11001
2025-06-12T10:16:00+05:30,254.74,254.88,254.7,254.77,8827
2025-06-12T10:17:00+05:30,254.77,254.83,254.47,254.55,216952
2025-06-12T10:18:00+05:30,254.55,254.76,254.49,254.69,11425
2025-06-12T10:19:00+05:30,254.71,254.71,254.35,254.35,17438
2025-06-12T10:20:00+05:30,254.35,254.54,254.0,254.42,261183
2025-06-12T10:21:00+05:30,254.37,254.63,254.3,254.37,17886
2025-06-12T10:22:00+05:30,254.46,254.51,253.96,254.05,567648
2025-06-12T10:23:00+05:30,254.05,254.06,253.9,254.0,112805
2025-06-12T10:24:00+05:30,253.96,254.26,253.96,254.22,45597
2025-06-12T10:25:00+05:30,254.22,254.27,254.11,254.18,25949
2025-06-12T10:26:00+05:30,254.14,254.26,254.11,254.19,19081
2025-06-12T10:27:00+05:30,254.22,254.39,254.19,254.3,12753
2025-06-12T10:28:00+05:30,254.3,254.37,254.26,254.26,9913
2025-06-12T10:29:00+05:30,254.26,254.3,254.22,254.28,10947
2025-06-12T10:30:00+05:30,254.28,254.37,254.2,254.3,11099
2025-06-12T10:31:00+05:30,254.3,254.43,253.89,253.92,230285
2025-06-12T10:32:00+05:30,253.92,254.0,253.9,253.99,21285
2025-06-12T10:33:00+05:30,253.96,254.0,253.9,253.92,21531
2025-06-12T10:34:00+05:30,253.91,253.96,253.81,253.83,33335
2025-06-12T10:35:00+05:30,253.83,253.95,253.75,253.81,38922
2025-06-12T10:36:00+05:30,253.87,253.9,253.65,253.7,150697
2025-06-12T10:37:00+05:30,253.69,253.7,253.64,253.69,32802
2025-06-12T10:38:00+05:30,253.65,253.7,253.61,253.7,28104
2025-06-12T10:39:00+05:30,253.7,253.7,253.62,253.7,15097
2025-06-12T10:40:00+05:30,253.65,253.7,253.65,253.69,27433
2025-06-12T10:41:00+05:30,253.69,253.7,253.65,253.65,16370
2025-06-12T10:42:00+05:30,253.7,253.7,253.65,253.69,14383
2025-06-12T10:43:00+05:30,253.69,253.7,253.25,253.27,98461
2025-06-12T10:44:00+05:30,253.27,253.27,252.98,253.18,220873
2025-06-12T10:45:00+05:30,253.13,253.45,253.1,253.4,53224
2025-06-12T10:46:00+05:30,253.4,253.4,253.25,253.28,30850
2025-06-12T10:47:00+05:30,253.28,253.57,253.18,253.48,40558
2025-06-12T10:48:00+05:30,253.49,253.7,253.45,253.59,16343
2025-06-12T10:49:00+05:30,253.64,253.75,253.6,253.67,24157
2025-06-12T10:50:00+05:30,253.7,253.8,253.7,253.7,15770
2025-06-12T10:51:00+05:30,253.7,253.88,253.7,253.81,28602
2025-06-12T10:52:00+05:30,253.81,253.94,253.6,253.84,42918
2025-06-12T10:53:00+05:30,253.84,253.99,253.84,253.9,29810
2025-06-12T10:54:00+05:30,253.9,253.93,253.78,253.85,20139
2025-06-12T10:55:00+05:30,253.8,253.98,253.8,253.98,10529
2025-06-12T10:56:00+05:30,253.98,254.22,253.95,254.1,70145
2025-06-12T10:57:00+05:30,254.1,254.22,254.1,254.19,15637
2025-06-12T10:58:00+05:30,254.19,254.25,254.12,254.13,24962
2025-06-12T10:59:00+05:30,254.13,254.2,254.0,254.14,17947
2025-06-12T11:00:00+05:30,254.14,254.39,254.14,254.23,79106
2025-06-12T11:01:00+05:30,254.2,254.34,254.2,254.2,15628
2025-06-12T11:02:00+05:30,254.2,254.27,254.0,254.2,63685
2025-06-12T11:03:00+05:30,254.22,254.32,254.2,254.21,16105
2025-06-12T11:04:00+05:30,254.21,254.23,254.0,254.05,36419
2025-06-12T11:05:00+05:30,254.1,254.11,254.0,254.02,19660
2025-06-12T11:06:00+05:30,254.06,254.1,254.0,254.1,18001
2025-06-12T11:07:00+05:30,254.08,254.2,254.04,254.17,12339
2025-06-12T11:08:00+05:30,254.18,254.24,254.13,254.23,14427
2025-06-12T11:09:00+05:30,254.23,254.3,253.96,254.04,117600
2025-06-12T11:10:00+05:30,254.05,254.28,253.8,253.8,231107
2025-06-12T11:11:00+05:30,253.8,253.83,253.53,253.67,35955
2025-06-12T11:12:00+05:30,253.7,253.7,253.38,253.7,280544
2025-06-12T11:13:00+05:30,253.68,254.0,253.59,253.99,41270
2025-06-12T11:14:00+05:30,253.99,254.18,253.97,254.05,39036
2025-06-12T11:15:00+05:30,254.05,254.05,253.9,253.9,20350
2025-06-12T11:16:00+05:30,253.9,254.01,253.89,253.9,13957
2025-06-12T11:17:00+05:30,253.9,254.16,253.9,254.15,31598
2025-06-12T11:18:00+05:30,254.1,254.2,254.08,254.11,13678
2025-06-12T11:19:00+05:30,254.11,254.15,253.99,254.06,14936
2025-06-12T11:20:00+05:30,254.06,254.19,254.06,254.09,28158
2025-06-12T11:21:00+05:30,254.09,254.19,254.0,254.15,21818
2025-06-12T11:22:00+05:30,254.15,254.52,254.15,254.35,74991
2025-06-12T11:23:00+05:30,254.35,254.49,254.33,254.39,20246
2025-06-12T11:24:00+05:30,254.39,254.43,254.12,254.33,32713
2025-06-12T11:25:00+05:30,254.33,254.5,254.3,254.45,19073
2025-06-12T11:26:00+05:30,254.45,254.64,254.44,254.54,53869
2025-06-12T11:27:00+05:30,254.56,254.7,254.54,254.64,32350
2025-06-12T11:28:00+05:30,254.61,254.7,254.5,254.69,38227
2025-06-12T11:29:00+05:30,254.69,254.69,254.28,254.28,43245
2025-06-12T11:30:00+05:30,254.28,254.38,254.2,254.25,36450
2025-06-12T11:31:00+05:30,254.25,254.32,254.21,254.25,14236
2025-06-12T11:32:00+05:30,254.25,254.31,254.23,254.23,8424
2025-06-12T11:33:00+05:30,254.23,254.25,254.12,254.12,19350
2025-06-12T11:34:00+05:30,254.12,254.15,254.0,254.0,20768
2025-06-12T11:35:00+05:30,254.0,254.1,253.4,253.57,99010
2025-06-12T11:36:00+05:30,253.47,253.78,253.45,253.65,35603
2025-06-12T11:37:00+05:30,253.65,253.81,253.45,253.45,41438
2025-06-12T11:38:00+05:30,253.45,253.63,253.4,253.4,54151
2025-06-12T11:39:00+05:30,253.39,253.52,253.3,253.36,22804
2025-06-12T11:40:00+05:30,253.36,253.5,253.3,253.34,51894
2025-06-12T11:41:00+05:30,253.34,253.45,253.2,253.22,40192
2025-06-12T11:42:00+05:30,253.21,253.39,253.2,253.31,23747
2025-06-12T11:43:00+05:30,253.35,253.47,253.21,253.39,24929
2025-06-12T11:44:00+05:30,253.39,253.63,253.0,253.11,193691
2025-06-12T11:45:00+05:30,253.16,253.24,253.01,253.1,38813
2025-06-12T11:46:00+05:30,253.1,253.37,253.09,253.12,30620
2025-06-12T11:47:00+05:30,253.12,253.26,253.1,253.11,23578
2025-06-12T11:48:00+05:30,253.12,253.37,253.04,253.27,31360
2025-06-12T11:49:00+05:30,253.25,253.4,253.25,253.34,11825
2025-06-12T11:50:00+05:30,253.34,253.44,253.3,253.32,22321
2025-06-12T11:51:00+05:30,253.32,253.38,253.11,253.33,32852
2025-06-12T11:52:00+05:30,253.33,253.4,253.02,253.02,55536
2025-06-12T11:53:00+05:30,253.02,253.1,253.01,253.02,23741
2025-06-12T11:54:00+05:30,253.03,253.08,252.9,253.01,145319
2025-06-12T11:55:00+05:30,253.01,253.09,252.96,252.96,23572
2025-06-12T11:56:00+05:30,252.97,253.22,252.95,253.13,59968
2025-06-12T11:57:00+05:30,253.15,253.29,252.9,252.97,57465
2025-06-12T11:58:00+05:30,252.92,253.0,252.9,252.93,19782
2025-06-12T11:59:00+05:30,252.93,252.98,252.85,252.9,42863
2025-06-12T12:00:00+05:30,252.89,253.04,252.85,253.02,112766
2025-06-12T12:01:00+05:30,253.01,253.41,253.01,253.4,24619
2025-06-12T12:02:00+05:30,253.34,253.41,253.22,253.22,32857
2025-06-12T12:03:00+05:30,253.2,253.28,253.08,253.08,10128
2025-06-12T12:04:00+05:30,253.1,253.24,252.9,253.13,48139
2025-06-12T12:05:00+05:30,253.13,253.27,253.12,253.21,22249
2025-06-12T12:06:00+05:30,253.2,253.4,253.2,253.3,20004
2025-06-12T12:07:00+05:30,253.34,253.4,253.26,253.32,16234
2025-06-12T12:08:00+05:30,253.32,253.5,253.29,253.49,20846
2025-06-12T12:09:00+05:30,253.48,253.5,253.28,253.48,35444
2025-06-12T12:10:00+05:30,253.41,253.46,253.3,253.35,12949
2025-06-12T12:11:00+05:30,253.32,253.5,253.3,253.44,15930
2025-06-12T12:12:00+05:30,253.45,253.49,253.4,253.41,14479
2025-06-12T12:13:00+05:30,253.41,253.5,253.41,253.43,10378
2025-06-12T12:14:00+05:30,253.43,253.6,253.43,253.5,39914
2025-06-12T12:15:00+05:30,253.48,253.58,253.41,253.48,28807
2025-06-12T12:16:00+05:30,253.41,253.59,253.41,253.5,23227
2025-06-12T12:17:00+05:30,253.51,253.51,253.25,253.25,25514
2025-06-12T12:18:00+05:30,253.25,253.42,253.25,253.41,16299
2025-06-12T12:19:00+05:30,253.41,253.5,253.38,253.38,17985
2025-06-12T12:20:00+05:30,253.38,253.47,253.31,253.39,14640
2025-06-12T12:21:00+05:30,253.4,253.5,253.3,253.5,19275
2025-06-12T12:22:00+05:30,253.45,254.0,253.4,253.81,129841
2025-06-12T12:23:00+05:30,253.8,254.59,253.8,254.16,221199
2025-06-12T12:24:00+05:30,254.16,254.39,254.16,254.25,31891
2025-06-12T12:25:00+05:30,254.25,254.35,254.01,254.01,42422
2025-06-12T12:26:00+05:30,254.08,254.16,254.0,254.03,26869
2025-06-12T12:27:00+05:30,254.03,254.23,254.0,254.03,31147
2025-06-12T12:28:00+05:30,254.0,254.1,253.9,253.97,16122
2025-06-12T12:29:00+05:30,253.97,253.97,253.66,253.88,27520
2025-06-12T12:30:00+05:30,253.88,254.07,253.85,253.92,20324
2025-06-12T12:31:00+05:30,253.88,254.1,253.85,254.0,12781
2025-06-12T12:32:00+05:30,254.01,254.15,254.0,254.11,12334
2025-06-12T12:33:00+05:30,254.11,254.24,254.01,254.01,21296
2025-06-12T12:34:00+05:30,254.02,254.37,254.02,254.25,28390
2025-06-12T12:35:00+05:30,254.26,254.45,254.22,254.34,39125
2025-06-12T12:36:00+05:30,254.34,254.39,254.22,254.37,20511
2025-06-12T12:37:00+05:30,254.38,254.39,254.2,254.21,18556
2025-06-12T12:38:00+05:30,254.21,254.35,254.2,254.25,20057
2025-06-12T12:39:00+05:30,254.25,254.34,254.21,254.21,11562
2025-06-12T12:40:00+05:30,254.25,254.35,254.21,254.29,28601
2025-06-12T12:41:00+05:30,254.29,254.39,254.25,254.3,20549
2025-06-12T12:42:00+05:30,254.32,254.49,254.3,254.34,32006
2025-06-12T12:43:00+05:30,254.34,254.35,254.25,254.25,10169
2025-06-12T12:44:00+05:30,254.29,254.38,254.25,254.27,11841
2025-06-12T12:45:00+05:30,254.27,254.34,254.09,254.1,24215
2025-06-12T12:46:00+05:30,254.09,254.18,254.02,254.1,43822
2025-06-12T12:47:00+05:30,254.1,254.15,254.1,254.11,10552
2025-06-12T12:48:00+05:30,254.14,254.42,254.14,254.31,36259
2025-06-12T12:49:00+05:30,254.31,254.39,254.27,254.29,11848
2025-06-12T12:50:00+05:30,254.27,254.37,254.27,254.29,12120
2025-06-12T12:51:00+05:30,254.29,254.35,254.29,254.31,8778
2025-06-12T12:52:00+05:30,254.31,254.5,254.31,254.45,41774
2025-06-12T12:53:00+05:30,254.49,254.5,254.35,254.49,46478
2025-06-12T12:54:00+05:30,254.49,254.5,254.43,254.43,48948
2025-06-12T12:55:00+05:30,254.43,255.41,254.43,255.23,320275
2025-06-12T12:56:00+05:30,255.31,255.75,255.21,255.5,215168
2025-06-12T12:57:00+05:30,255.52,255.75,255.49,255.5,78879
2025-06-12T12:58:00+05:30,255.55,255.98,255.54,255.92,106498
2025-06-12T12:59:00+05:30,255.92,256.2,255.12,255.26,221148
2025-06-12T13:00:00+05:30,255.28,255.41,255.18,255.24,35340
2025-06-12T13:01:00+05:30,255.24,255.3,254.8,254.81,50164
2025-06-12T13:02:00+05:30,254.81,254.81,254.5,254.5,17029
2025-06-12T13:03:00+05:30,254.5,254.75,254.36,254.67,34065
2025-06-12T13:04:00+05:30,254.65,254.67,254.5,254.5,35070
2025-06-12T13:05:00+05:30,254.5,254.8,254.5,254.63,38966
2025-06-12T13:06:00+05:30,254.65,255.2,254.65,255.02,62649
2025-06-12T13:07:00+05:30,255.09,255.27,255.0,255.16,60089
2025-06-12T13:08:00+05:30,255.16,255.5,254.96,255.34,114394
2025-06-12T13:09:00+05:30,255.37,255.63,255.2,255.2,57003
2025-06-12T13:10:00+05:30,255.22,255.25,255.13,255.15,39280
2025-06-12T13:11:00+05:30,255.17,255.19,255.0,255.06,15814
2025-06-12T13:12:00+05:30,255.05,255.13,254.84,255.11,24341
2025-06-12T13:13:00+05:30,255.06,255.2,254.97,255.01,7003
2025-06-12T13:14:00+05:30,255.05,255.35,255.01,255.11,40430
2025-06-12T13:15:00+05:30,255.1,255.21,255.1,255.13,7127
2025-06-12T13:16:00+05:30,255.13,255.25,255.11,255.24,10175
2025-06-12T13:17:00+05:30,255.25,255.29,255.19,255.2,8748
2025-06-12T13:18:00+05:30,255.22,255.22,255.04,255.05,17403
2025-06-12T13:19:00+05:30,255.07,255.17,254.74,254.82,27742
2025-06-12T13:20:00+05:30,254.82,254.92,254.7,254.71,27355
2025-06-12T13:21:00+05:30,254.71,254.91,254.7,254.88,13850
2025-06-12T13:22:00+05:30,254.88,254.89,254.74,254.8,14965
2025-06-12T13:23:00+05:30,254.83,254.95,254.82,254.84,19212
2025-06-12T13:24:00+05:30,254.84,254.9,254.76,254.8,16004
2025-06-12T13:25:00+05:30,254.79,255.0,254.78,255.0,23427
2025-06-12T13:26:00+05:30,254.94,255.1,254.8,254.8,12786
2025-06-12T13:27:00+05:30,254.8,254.83,254.5,254.5,72819
2025-06-12T13:28:00+05:30,254.5,254.66,254.3,254.32,70004
2025-06-12T13:29:00+05:30,254.32,254.66,254.23,254.4,55758
2025-06-12T13:30:00+05:30,254.35,254.35,254.0,254.09,76605
2025-06-12T13:31:00+05:30,254.1,254.2,254.02,254.02,23601
2025-06-12T13:32:00+05:30,254.03,254.09,253.85,254.0,87598
2025-06-12T13:33:00+05:30,254.02,254.03,253.51,253.61,89901
2025-06-12T13:34:00+05:30,253.69,253.82,253.38,253.51,83390
2025-06-12T13:35:00+05:30,253.59,253.75,253.41,253.65,54868
2025-06-12T13:36:00+05:30,253.65,253.73,253.57,253.68,48932
2025-06-12T13:37:00+05:30,253.61,253.71,253.25,253.37,63592
2025-06-12T13:38:00+05:30,253.33,253.44,253.2,253.37,49857
2025-06-12T13:39:00+05:30,253.37,253.41,253.1,253.1,47867
2025-06-12T13:40:00+05:30,253.13,253.24,253.1,253.22,26920
2025-06-12T13:41:00+05:30,253.22,253.3,252.88,253.02,196755
2025-06-12T13:42:00+05:30,253.07,253.24,253.03,253.19,21378
2025-06-12T13:43:00+05:30,253.17,253.22,253.02,253.05,37994
2025-06-12T13:44:00+05:30,253.02,253.1,252.88,252.94,55710
2025-06-12T13:45:00+05:30,252.94,253.25,252.87,253.03,108422
2025-06-12T13:46:00+05:30,253.01,253.14,252.9,253.05,31828
2025-06-12T13:47:00+05:30,253.12,253.19,252.89,252.92,82996
2025-06-12T13:48:00+05:30,252.92,253.02,252.92,253.0,25347
2025-06-12T13:49:00+05:30,252.99,253.44,252.9,252.9,137534
2025-06-12T13:50:00+05:30,252.96,253.1,252.9,252.91,73005
2025-06-12T13:51:00+05:30,252.94,253.08,252.9,252.91,31447
2025-06-12T13:52:00+05:30,252.95,253.01,252.85,252.96,91939
2025-06-12T13:53:00+05:30,252.91,253.13,252.9,252.99,22076
2025-06-12T13:54:00+05:30,253.0,253.33,252.99,253.13,55752
2025-06-12T13:55:00+05:30,253.13,253.18,253.0,253.04,26138
2025-06-12T13:56:00+05:30,253.0,253.2,252.95,253.12,46878
2025-06-12T13:57:00+05:30,253.12,253.28,253.04,253.04,28325
2025-06-12T13:58:00+05:30,253.01,253.01,252.88,252.93,76832
2025-06-12T13:59:00+05:30,252.91,252.98,252.3,252.52,242004
2025-06-12T14:00:00+05:30,252.52,252.56,252.31,252.48,42372
2025-06-12T14:01:00+05:30,252.48,252.48,252.05,252.07,129236
2025-06-12T14:02:00+05:30,252.05,252.27,252.0,252.2,78788
2025-06-12T14:03:00+05:30,252.2,252.3,252.15,252.18,32595
2025-06-12T14:04:00+05:30,252.18,252.24,252.0,252.01,52465
2025-06-12T14:05:00+05:30,252.01,252.1,251.8,251.89,101718
2025-06-12T14:06:00+05:30,251.9,252.07,251.79,252.06,99150
2025-06-12T14:07:00+05:30,252.08,252.24,252.01,252.05,35589
2025-06-12T14:08:00+05:30,252.05,252.1,252.0,252.05,49171
2025-06-12T14:09:00+05:30,252.04,252.1,252.02,252.05,32300
2025-06-12T14:10:00+05:30,252.05,252.35,252.03,252.26,54779
2025-06-12T14:11:00+05:30,252.25,252.54,252.2,252.35,92146
2025-06-12T14:12:00+05:30,252.35,252.35,252.1,252.16,36173
2025-06-12T14:13:00+05:30,252.15,252.27,251.81,252.04,109986
2025-06-12T14:14:00+05:30,252.04,252.1,251.8,252.05,76396
2025-06-12T14:15:00+05:30,252.02,252.17,251.9,252.0,43184
2025-06-12T14:16:00+05:30,252.09,252.7,251.98,252.62,109286
2025-06-12T14:17:00+05:30,252.6,252.88,252.54,252.69,79030
2025-06-12T14:18:00+05:30,252.71,252.71,252.4,252.48,74695
2025-06-12T14:19:00+05:30,252.52,252.66,252.3,252.6,51745
2025-06-12T14:20:00+05:30,252.56,252.6,252.39,252.46,116097
2025-06-12T14:21:00+05:30,252.46,252.83,252.43,252.63,104587
2025-06-12T14:22:00+05:30,252.62,252.95,252.55,252.63,72040
2025-06-12T14:23:00+05:30,252.61,252.67,252.5,252.5,84875
2025-06-12T14:24:00+05:30,252.52,252.61,252.3,252.56,66115
2025-06-12T14:25:00+05:30,252.5,252.56,252.14,252.21,39658
2025-06-12T14:26:00+05:30,252.13,252.29,252.01,252.02,57398
2025-06-12T14:27:00+05:30,252.05,252.24,252.03,252.05,36374
2025-06-12T14:28:00+05:30,252.08,252.08,251.88,251.9,57718
2025-06-12T14:29:00+05:30,251.9,252.15,251.9,252.02,26467
2025-06-12T14:30:00+05:30,252.05,252.5,252.04,252.45,45211
2025-06-12T14:31:00+05:30,252.45,252.78,252.42,252.73,65751
2025-06-12T14:32:00+05:30,252.73,252.79,252.54,252.65,61384
2025-06-12T14:33:00+05:30,252.65,252.86,252.52,252.79,61310
2025-06-12T14:34:00+05:30,252.78,252.79,252.47,252.59,32360
2025-06-12T14:35:00+05:30,252.49,252.6,252.25,252.32,65078
2025-06-12T14:36:00+05:30,252.26,252.26,251.61,251.79,131948
2025-06-12T14:37:00+05:30,251.79,252.0,251.65,251.94,90262
2025-06-12T14:38:00+05:30,251.86,251.87,251.65,251.77,50521
2025-06-12T14:39:00+05:30,251.77,251.78,251.6,251.63,38514
2025-06-12T14:40:00+05:30,251.63,252.2,251.6,252.0,68461
2025-06-12T14:41:00+05:30,251.99,252.0,251.74,251.83,36869
2025-06-12T14:42:00+05:30,251.85,251.99,251.82,251.94,12650
2025-06-12T14:43:00+05:30,251.88,251.97,251.8,251.82,33435
2025-06-12T14:44:00+05:30,251.82,251.99,251.8,251.9,29068
2025-06-12T14:45:00+05:30,251.9,252.0,251.88,251.93,23442
2025-06-12T14:46:00+05:30,251.94,252.26,251.85,252.09,89815
2025-06-12T14:47:00+05:30,252.16,252.16,251.87,252.03,48887
2025-06-12T14:48:00+05:30,251.96,252.15,251.95,252.13,20396
2025-06-12T14:49:00+05:30,252.13,252.15,252.0,252.1,32936
2025-06-12T14:50:00+05:30,252.06,252.13,252.05,252.1,26594
2025-06-12T14:51:00+05:30,252.1,252.1,251.74,251.86,76356
2025-06-12T14:52:00+05:30,251.83,252.0,251.83,251.93,18592
2025-06-12T14:53:00+05:30,251.99,252.0,251.93,252.0,23428
2025-06-12T14:54:00+05:30,251.99,252.0,251.75,251.85,39563
2025-06-12T14:55:00+05:30,251.81,251.87,251.76,251.85,32825
2025-06-12T14:56:00+05:30,251.85,251.92,251.78,251.92,33290
2025-06-12T14:57:00+05:30,251.92,252.09,251.9,252.04,89920
2025-06-12T14:58:00+05:30,252.06,252.2,252.0,252.2,93906
2025-06-12T14:59:00+05:30,252.13,252.38,252.1,252.29,87950
2025-06-12T15:00:00+05:30,252.29,252.8,252.26,252.5,258849
2025-06-12T15:01:00+05:30,252.51,252.73,252.31,252.62,129750
2025-06-12T15:02:00+05:30,252.61,252.68,252.16,252.39,230974
2025-06-12T15:03:00+05:30,252.4,252.45,252.13,252.2,113596
2025-06-12T15:04:00+05:30,252.2,252.2,252.02,252.2,122386
2025-06-12T15:05:00+05:30,252.2,252.35,252.15,252.2,138521
2025-06-12T15:06:00+05:30,252.2,252.21,251.96,252.0,144576
2025-06-12T15:07:00+05:30,252.06,252.14,251.82,251.85,190295
2025-06-12T15:08:00+05:30,251.85,252.02,251.79,252.0,113722
2025-06-12T15:09:00+05:30,252.0,252.05,251.83,251.87,77307
2025-06-12T15:10:00+05:30,251.87,251.89,251.74,251.77,120893
2025-06-12T15:11:00+05:30,251.77,251.82,251.75,251.77,114277
2025-06-12T15:12:00+05:30,251.76,251.77,251.72,251.75,50245
2025-06-12T15:13:00+05:30,251.75,251.75,251.31,251.38,345892
2025-06-12T15:14:00+05:30,251.37,251.49,251.0,251.44,498584
2025-06-12T15:15:00+05:30,251.45,251.49,251.04,251.21,171613
2025-06-12T15:16:00+05:30,251.21,251.22,251.0,251.16,216911
2025-06-12T15:17:00+05:30,251.15,251.5,251.1,251.23,220655
2025-06-12T15:18:00+05:30,251.26,251.62,251.23,251.43,170801
2025-06-12T15:19:00+05:30,251.44,251.48,251.25,251.26,121920
2025-06-12T15:20:00+05:30,251.26,251.69,251.22,251.54,223282
2025-06-12T15:21:00+05:30,251.49,251.87,251.49,251.73,144101
2025-06-12T15:22:00+05:30,251.66,251.74,251.36,251.56,119893
2025-06-12T15:23:00+05:30,251.56,251.59,251.31,251.47,102792
2025-06-12T15:24:00+05:30,251.47,251.48,251.22,251.34,177487
2025-06-12T15:25:00+05:30,251.34,251.34,251.25,251.27,176455
2025-06-12T15:26:00+05:30,251.27,251.28,250.98,251.0,247991
2025-06-12T15:27:00+05:30,251.0,251.01,250.63,250.95,245664
2025-06-12T15:28:00+05:30,250.99,251.28,250.35,251.06,254826
2025-06-12T15:29:00+05:30,251.07,251.21,250.92,251.0,69148
2025-06-13T09:15:00+05:30,243.5,248.37,243.5,247.73,853374
2025-06-13T09:16:00+05:30,247.8,248.9,247.33,248.9,340046
2025-06-13T09:17:00+05:30,248.76,249.65,248.55,248.68,479772
2025-06-13T09:18:00+05:30,248.67,249.34,248.55,248.67,188079
2025-06-13T09:19:00+05:30,248.56,248.74,248.24,248.3,115281
2025-06-13T09:20:00+05:30,248.34,249.2,248.09,249.2,160076
2025-06-13T09:21:00+05:30,249.16,250.0,248.81,249.32,382045
2025-06-13T09:22:00+05:30,249.42,249.75,248.97,249.69,132511
2025-06-13T09:23:00+05:30,249.61,250.12,249.3,249.3,191229
2025-06-13T09:24:00+05:30,249.31,249.36,248.75,249.11,171237
2025-06-13T09:25:00+05:30,249.13,249.22,248.5,248.62,176459
2025-06-13T09:26:00+05:30,248.63,249.26,248.5,248.8,79000
2025-06-13T09:27:00+05:30,248.8,249.6,248.76,249.4,108145
2025-06-13T09:28:00+05:30,249.4,249.5,248.82,248.99,145912
2025-06-13T09:29:00+05:30,249.02,249.02,248.32,248.68,100286
2025-06-13T09:30:00+05:30,248.68,248.98,248.45,248.87,79750
2025-06-13T09:31:00+05:30,248.81,249.59,248.7,249.58,65320
2025-06-13T09:32:00+05:30,249.58,249.59,248.91,249.07,62618
2025-06-13T09:33:00+05:30,249.07,249.09,248.56,248.78,57303
2025-06-13T09:34:00+05:30,248.79,249.1,248.55,249.05,75383
2025-06-13T09:35:00+05:30,249.05,249.45,248.94,249.25,115173
2025-06-13T09:36:00+05:30,249.31,249.31,248.9,249.05,57290
2025-06-13T09:37:00+05:30,249.05,249.58,249.0,249.48,109033
2025-06-13T09:38:00+05:30,249.44,249.5,249.07,249.21,57310
2025-06-13T09:39:00+05:30,249.25,249.42,249.13,249.37,29391
2025-06-13T09:40:00+05:30,249.3,249.4,249.16,249.16,30567
2025-06-13T09:41:00+05:30,249.17,249.19,248.75,248.78,72387
2025-06-13T09:42:00+05:30,248.75,249.0,248.52,248.78,71882
2025-06-13T09:43:00+05:30,248.83,248.95,248.64,248.64,52804
2025-06-13T09:44:00+05:30,248.64,248.92,248.54,248.76,30476
2025-06-13T09:45:00+05:30,248.76,248.95,248.41,248.71,111772
2025-06-13T09:46:00+05:30,248.71,248.8,248.2,248.2,84761
2025-06-13T09:47:00+05:30,248.2,248.27,248.0,248.14,137143
2025-06-13T09:48:00+05:30,248.15,248.34,247.8,247.86,99905
2025-06-13T09:49:00+05:30,247.85,248.1,247.8,248.0,51803
2025-06-13T09:50:00+05:30,248.07,248.3,248.0,248.12,44059
2025-06-13T09:51:00+05:30,248.16,248.42,248.1,248.24,38589
2025-06-13T09:52:00+05:30,248.27,248.69,248.24,248.66,35746
2025-06-13T09:53:00+05:30,248.59,248.86,248.5,248.53,33009
2025-06-13T09:54:00+05:30,248.5,248.75,248.44,248.63,45015
2025-06-13T09:55:00+05:30,248.73,248.85,248.21,248.67,206467
2025-06-13T09:56:00+05:30,248.67,248.69,248.18,248.32,46356
2025-06-13T09:57:00+05:30,248.32,248.65,248.23,248.65,93131
2025-06-13T09:58:00+05:30,248.65,248.73,248.5,248.65,62403
2025-06-13T09:59:00+05:30,248.74,248.97,248.63,248.92,36352
2025-06-13T10:00:00+05:30,248.9,248.95,248.07,248.36,204828
2025-06-13T10:01:00+05:30,248.36,248.5,248.1,248.24,51842
2025-06-13T10:02:00+05:30,248.32,248.5,248.27,248.5,56109
2025-06-13T10:03:00+05:30,248.42,248.55,248.38,248.46,17083
2025-06-13T10:04:00+05:30,248.46,249.64,248.42,249.43,90589
2025-06-13T10:05:00+05:30,249.4,250.13,249.31,249.73,557427
2025-06-13T10:06:00+05:30,249.8,249.98,249.51,249.89,37619
2025-06-13T10:07:00+05:30,249.89,249.96,249.08,249.23,76796
2025-06-13T10:08:00+05:30,249.32,249.6,249.15,249.6,38663
2025-06-13T10:09:00+05:30,249.6,249.78,249.4,249.46,50335
2025-06-13T10:10:00+05:30,249.48,249.63,249.3,249.33,22271
2025-06-13T10:11:00+05:30,249.33,249.5,249.3,249.35,18167
2025-06-13T10:12:00+05:30,249.35,249.45,249.2,249.29,49575
2025-06-13T10:13:00+05:30,249.29,249.35,249.0,249.2,29783
2025-06-13T10:14:00+05:30,249.26,249.45,249.15,249.15,23188
2025-06-13T10:15:00+05:30,249.18,249.22,249.0,249.05,45798
2025-06-13T10:16:00+05:30,249.05,249.05,248.8,249.0,35646
2025-06-13T10:17:00+05:30,249.0,249.08,248.93,248.97,24084
2025-06-13T10:18:00+05:30,248.97,249.0,248.72,248.72,25924
2025-06-13T10:19:00+05:30,248.75,248.75,248.59,248.73,26132
2025-06-13T10:20:00+05:30,248.73,248.78,248.66,248.76,15290
2025-06-13T10:21:00+05:30,248.77,248.95,248.6,248.95,31526
2025-06-13T10:22:00+05:30,248.95,249.17,248.95,249.03,21895
2025-06-13T10:23:00+05:30,249.06,249.38,249.01,249.2,32706
2025-06-13T10:24:00+05:30,249.2,249.7,249.13,249.51,77404
2025-06-13T10:25:00+05:30,249.51,249.55,249.27,249.47,39455
2025-06-13T10:26:00+05:30,249.53,249.6,249.34,249.52,36779
2025-06-13T10:27:00+05:30,249.52,249.76,249.47,249.51,36455
2025-06-13T10:28:00+05:30,249.51,249.57,248.78,248.78,122672
2025-06-13T10:29:00+05:30,248.88,248.88,248.5,248.65,83999
2025-06-13T10:30:00+05:30,248.65,248.65,248.31,248.48,94261
2025-06-13T10:31:00+05:30,248.51,248.9,248.47,248.78,87149
2025-06-13T10:32:00+05:30,248.7,248.83,248.54,248.54,52629
2025-06-13T10:33:00+05:30,248.61,248.83,248.5,248.7,75159
2025-06-13T10:34:00+05:30,248.7,248.7,248.5,248.63,70309
2025-06-13T10:35:00+05:30,248.67,248.89,248.58,248.85,69803
2025-06-13T10:36:00+05:30,248.89,248.95,248.64,248.78,63375
2025-06-13T10:37:00+05:30,248.78,248.78,248.5,248.52,63255
2025-06-13T10:38:00+05:30,248.54,248.6,248.3,248.51,117993
2025-06-13T10:39:00+05:30,248.51,248.76,248.44,248.73,63427
2025-06-13T10:40:00+05:30,248.73,248.73,248.37,248.4,64400
2025-06-13T10:41:00+05:30,248.44,248.69,248.38,248.4,78512
2025-06-13T10:42:00+05:30,248.4,248.56,248.27,248.47,79603
2025-06-13T10:43:00+05:30,248.47,248.58,248.4,248.5,80513
2025-06-13T10:44:00+05:30,248.5,248.66,248.44,248.44,82154
2025-06-13T10:45:00+05:30,248.51,248.68,248.38,248.43,66589
2025-06-13T10:46:00+05:30,248.49,248.99,248.42,248.95,96239
2025-06-13T10:47:00+05:30,248.89,249.0,248.68,248.83,83050
2025-06-13T10:48:00+05:30,248.84,248.94,248.7,248.84,59475
2025-06-13T10:49:00+05:30,248.89,249.08,248.7,248.82,103633
2025-06-13T10:50:00+05:30,248.8,249.1,248.8,249.08,73327
2025-06-13T10:51:00+05:30,249.03,249.03,248.66,248.66,74761
2025-06-13T10:52:00+05:30,248.71,248.94,248.65,248.87,75579
2025-06-13T10:53:00+05:30,248.83,249.21,248.78,249.13,65853
2025-06-13T10:54:00+05:30,249.14,249.38,249.13,249.23,41561
2025-06-13T10:55:00+05:30,249.21,249.36,249.01,249.01,69431
2025-06-13T10:56:00+05:30,249.01,249.07,248.87,248.87,34253
2025-06-13T10:57:00+05:30,248.95,249.17,248.8,248.93,34826
2025-06-13T10:58:00+05:30,248.99,248.99,248.82,248.94,24874
2025-06-13T10:59:00+05:30,248.98,248.99,248.75,248.8,17780
2025-06-13T11:00:00+05:30,248.81,248.82,248.5,248.7,71541
2025-06-13T11:01:00+05:30,248.69,248.75,248.6,248.67,17062
2025-06-13T11:02:00+05:30,248.67,248.8,248.6,248.76,24943
2025-06-13T11:03:00+05:30,248.76,248.87,248.62,248.79,20949
2025-06-13T11:04:00+05:30,248.89,248.93,248.72,248.72,17490
2025-06-13T11:05:00+05:30,248.79,248.98,248.75,248.91,19428
2025-06-13T11:06:00+05:30,248.91,248.91,248.6,248.65,20893
2025-06-13T11:07:00+05:30,248.65,248.65,248.3,248.3,35443
2025-06-13T11:08:00+05:30,248.3,248.36,248.09,248.1,65070
2025-06-13T11:09:00+05:30,248.1,248.1,247.5,247.61,207047
2025-06-13T11:10:00+05:30,247.61,247.8,247.5,247.77,140564
2025-06-13T11:11:00+05:30,247.75,247.75,247.32,247.34,96390
2025-06-13T11:12:00+05:30,247.39,247.44,247.1,247.24,124519
2025-06-13T11:13:00+05:30,247.17,247.37,247.1,247.22,88810
2025-06-13T11:14:00+05:30,247.29,247.34,247.1,247.22,64769
2025-06-13T11:15:00+05:30,247.22,247.29,247.05,247.18,86938
2025-06-13T11:16:00+05:30,247.18,247.25,247.1,247.14,40304
2025-06-13T11:17:00+05:30,247.23,247.23,247.14,247.15,64708
2025-06-13T11:18:00+05:30,247.17,247.43,247.16,247.32,78526
2025-06-13T11:19:00+05:30,247.44,247.44,247.3,247.32,51036
2025-06-13T11:20:00+05:30,247.32,247.5,247.32,247.4,52444
2025-06-13T11:21:00+05:30,247.37,247.6,247.31,247.42,44478
2025-06-13T11:22:00+05:30,247.45,247.49,247.3,247.43,54305
2025-06-13T11:23:00+05:30,247.43,247.88,247.39,247.85,69544
2025-06-13T11:24:00+05:30,247.85,248.09,247.57,247.75,55810
2025-06-13T11:25:00+05:30,247.82,247.92,247.79,247.89,34508
2025-06-13T11:26:00+05:30,247.89,247.89,247.55,247.74,48213
2025-06-13T11:27:00+05:30,247.76,247.88,247.73,247.79,36163
2025-06-13T11:28:00+05:30,247.85,247.85,247.5,247.61,39945
2025-06-13T11:29:00+05:30,247.61,247.7,247.5,247.7,37877
2025-06-13T11:30:00+05:30,247.7,247.74,247.4,247.43,53858
2025-06-13T11:31:00+05:30,247.51,247.66,247.4,247.53,42311
2025-06-13T11:32:00+05:30,247.53,247.65,247.44,247.57,22093
2025-06-13T11:33:00+05:30,247.57,247.8,247.57,247.62,45776
2025-06-13T11:34:00+05:30,247.62,247.8,247.61,247.8,26498
2025-06-13T11:35:00+05:30,247.8,247.8,247.74,247.75,22511
2025-06-13T11:36:00+05:30,247.78,247.79,247.7,247.7,18975
2025-06-13T11:37:00+05:30,247.73,247.9,247.7,247.84,31703
2025-06-13T11:38:00+05:30,247.84,247.84,247.58,247.6,45221
2025-06-13T11:39:00+05:30,247.6,247.79,247.58,247.75,30371
2025-06-13T11:40:00+05:30,247.78,247.79,247.58,247.58,40114
2025-06-13T11:41:00+05:30,247.61,247.7,247.52,247.64,59455
2025-06-13T11:42:00+05:30,247.64,247.7,247.6,247.61,25394
2025-06-13T11:43:00+05:30,247.65,247.69,247.6,247.69,19764
2025-06-13T11:44:00+05:30,247.69,247.7,247.5,247.53,47168
2025-06-13T11:45:00+05:30,247.54,247.79,247.53,247.69,49529
2025-06-13T11:46:00+05:30,247.7,247.78,247.51,247.56,49117
2025-06-13T11:47:00+05:30,247.64,247.68,247.5,247.55,25558
2025-06-13T11:48:00+05:30,247.55,247.55,247.3,247.4,48705
2025-06-13T11:49:00+05:30,247.4,247.48,247.2,247.22,51470
2025-06-13T11:50:00+05:30,247.3,247.4,247.21,247.4,31854
2025-06-13T11:51:00+05:30,247.36,247.5,247.32,247.47,14917
2025-06-13T11:52:00+05:30,247.47,247.72,247.35,247.37,70851
2025-06-13T11:53:00+05:30,247.37,247.37,247.15,247.21,35538
2025-06-13T11:54:00+05:30,247.21,247.46,247.17,247.31,42386
2025-06-13T11:55:00+05:30,247.43,247.45,247.26,247.43,39239
2025-06-13T11:56:00+05:30,247.42,247.44,247.22,247.38,64556
2025-06-13T11:57:00+05:30,247.34,247.38,247.3,247.34,31182
2025-06-13T11:58:00+05:30,247.36,247.59,247.36,247.44,29996
2025-06-13T11:59:00+05:30,247.47,247.68,247.36,247.65,47234
2025-06-13T12:00:00+05:30,247.68,247.84,247.52,247.79,82621
2025-06-13T12:01:00+05:30,247.79,247.8,247.74,247.74,31473
2025-06-13T12:02:00+05:30,247.75,247.91,247.68,247.85,68353
2025-06-13T12:03:00+05:30,247.89,247.89,247.81,247.82,39046
2025-06-13T12:04:00+05:30,247.82,247.92,247.68,247.71,103462
2025-06-13T12:05:00+05:30,247.75,247.75,247.72,247.73,33196
2025-06-13T12:06:00+05:30,247.75,247.82,247.63,247.68,35514
2025-06-13T12:07:00+05:30,247.74,247.92,247.67,247.79,57120
2025-06-13T12:08:00+05:30,247.85,247.92,247.79,247.89,39296
2025-06-13T12:09:00+05:30,247.89,247.9,247.85,247.86,24101
2025-06-13T12:10:00+05:30,247.88,248.43,247.88,248.35,112156
2025-06-13T12:11:00+05:30,248.33,248.42,248.15,248.16,61942
2025-06-13T12:12:00+05:30,248.17,248.26,247.99,248.15,77266
2025-06-13T12:13:00+05:30,248.1,248.15,247.93,247.98,32269
2025-06-13T12:14:00+05:30,247.93,248.06,247.78,248.0,61245
2025-06-13T12:15:00+05:30,247.97,248.0,247.56,247.65,129364
2025-06-13T12:16:00+05:30,247.65,248.25,247.6,248.03,200367
2025-06-13T12:17:00+05:30,248.03,248.26,247.97,248.17,68431
2025-06-13T12:18:00+05:30,248.17,248.24,248.04,248.13,64446
2025-06-13T12:19:00+05:30,248.13,248.21,248.05,248.19,82539
2025-06-13T12:20:00+05:30,248.19,248.35,248.0,248.0,155226
2025-06-13T12:21:00+05:30,248.05,248.05,247.8,247.81,93377
2025-06-13T12:22:00+05:30,247.81,247.9,247.69,247.82,59319
2025-06-13T12:23:00+05:30,247.82,247.88,247.81,247.84,53355
2025-06-13T12:24:00+05:30,247.84,247.9,247.8,247.81,51046
2025-06-13T12:25:00+05:30,247.81,247.81,247.68,247.71,41884
2025-06-13T12:26:00+05:30,247.71,248.17,247.71,248.03,66121
2025-06-13T12:27:00+05:30,248.03,248.22,247.84,248.12,76886
2025-06-13T12:28:00+05:30,248.12,248.3,248.04,248.2,33352
2025-06-13T12:29:00+05:30,248.26,248.6,248.23,248.41,91810
2025-06-13T12:30:00+05:30,248.41,248.42,248.26,248.4,57257
2025-06-13T12:31:00+05:30,248.4,248.45,248.29,248.4,46859
2025-06-13T12:32:00+05:30,248.4,248.6,248.35,248.53,89577
2025-06-13T12:33:00+05:30,248.53,248.8,248.25,248.7,417886
2025-06-13T12:34:00+05:30,248.69,248.69,248.5,248.5,46326
2025-06-13T12:35:00+05:30,248.52,248.55,248.22,248.24,296927
2025-06-13T12:36:00+05:30,248.25,248.25,247.85,247.94,71671
2025-06-13T12:37:00+05:30,247.94,248.12,247.8,248.04,99191
2025-06-13T12:38:00+05:30,247.95,248.62,247.93,248.25,114075
2025-06-13T12:39:00+05:30,248.25,248.25,248.04,248.04,57318
2025-06-13T12:40:00+05:30,248.12,248.47,247.9,248.35,37500
2025-06-13T12:41:00+05:30,248.35,248.78,248.29,248.54,61109
2025-06-13T12:42:00+05:30,248.54,248.66,248.41,248.52,42889
2025-06-13T12:43:00+05:30,248.5,248.6,248.28,248.44,74966
2025-06-13T12:44:00+05:30,248.44,248.44,248.26,248.43,34532
2025-06-13T12:45:00+05:30,248.42,248.5,248.19,248.31,39384
2025-06-13T12:46:00+05:30,248.31,248.39,248.24,248.32,24662
2025-06-13T12:47:00+05:30,248.29,248.44,248.22,248.4,43342
2025-06-13T12:48:00+05:30,248.4,248.45,248.27,248.3,56202
2025-06-13T12:49:00+05:30,248.3,248.75,248.22,248.48,141123
2025-06-13T12:50:00+05:30,248.48,249.15,248.48,248.99,200360
2025-06-13T12:51:00+05:30,249.04,249.05,248.5,248.64,64362
2025-06-13T12:52:00+05:30,248.51,248.63,248.0,248.02,99062
2025-06-13T12:53:00+05:30,248.04,248.32,247.91,248.0,74562
2025-06-13T12:54:00+05:30,248.0,248.1,247.84,248.0,58051
2025-06-13T12:55:00+05:30,248.0,248.16,247.9,247.97,53061
2025-06-13T12:56:00+05:30,247.97,248.39,247.81,247.98,115404
2025-06-13T12:57:00+05:30,247.93,248.2,247.86,248.02,76207
2025-06-13T12:58:00+05:30,248.05,248.21,248.02,248.15,33646
2025-06-13T12:59:00+05:30,248.15,248.15,247.96,248.03,34468
2025-06-13T13:00:00+05:30,248.04,248.04,247.86,247.9,34724
2025-06-13T13:01:00+05:30,247.9,247.95,247.81,247.88,24976
2025-06-13T13:02:00+05:30,247.88,247.88,247.5,247.55,76982
2025-06-13T13:03:00+05:30,247.55,247.61,247.47,247.55,51825
2025-06-13T13:04:00+05:30,247.6,247.6,247.42,247.52,44769
2025-06-13T13:05:00+05:30,247.52,247.55,247.42,247.5,29269
2025-06-13T13:06:00+05:30,247.5,247.62,247.35,247.6,55153
2025-06-13T13:07:00+05:30,247.6,247.76,247.5,247.59,32017
2025-06-13T13:08:00+05:30,247.59,247.8,247.49,247.6,55952
2025-06-13T13:09:00+05:30,247.6,247.71,247.52,247.67,27269
2025-06-13T13:10:00+05:30,247.68,247.7,247.5,247.52,31390
2025-06-13T13:11:00+05:30,247.62,247.63,247.48,247.54,29121
2025-06-13T13:12:00+05:30,247.54,247.59,247.47,247.5,15415
2025-06-13T13:13:00+05:30,247.47,247.6,247.42,247.6,26250
2025-06-13T13:14:00+05:30,247.6,247.77,247.56,247.68,36169
2025-06-13T13:15:00+05:30,247.68,247.69,247.5,247.58,38439
2025-06-13T13:16:00+05:30,247.5,247.61,247.49,247.58,21145
2025-06-13T13:17:00+05:30,247.58,247.77,247.52,247.72,37329
2025-06-13T13:18:00+05:30,247.72,247.98,247.57,247.64,57601
2025-06-13T13:19:00+05:30,247.64,247.7,247.44,247.5,39610
2025-06-13T13:20:00+05:30,247.5,247.76,247.5,247.62,62285
2025-06-13T13:21:00+05:30,247.63,248.0,247.6,247.87,76486
2025-06-13T13:22:00+05:30,247.8,247.99,247.71,247.85,60677
2025-06-13T13:23:00+05:30,247.85,247.95,247.66,247.95,45120
2025-06-13T13:24:00+05:30,247.91,247.95,247.8,247.88,19596
2025-06-13T13:25:00+05:30,247.81,247.95,247.81,247.95,30664
2025-06-13T13:26:00+05:30,247.93,248.0,247.93,247.98,27131
2025-06-13T13:27:00+05:30,247.98,247.99,247.85,247.9,25874
2025-06-13T13:28:00+05:30,247.9,247.93,247.85,247.89,18400
2025-06-13T13:29:00+05:30,247.89,248.16,247.86,248.12,35828
2025-06-13T13:30:00+05:30,248.12,248.35,248.04,248.16,68586
2025-06-13T13:31:00+05:30,248.16,248.3,248.09,248.18,29840
2025-06-13T13:32:00+05:30,248.18,248.42,248.18,248.39,28788
2025-06-13T13:33:00+05:30,248.4,248.5,248.39,248.4,71459
2025-06-13T13:34:00+05:30,248.42,248.49,248.36,248.46,37366
2025-06-13T13:35:00+05:30,248.32,248.7,248.32,248.43,95013
2025-06-13T13:36:00+05:30,248.46,248.46,248.3,248.32,30040
2025-06-13T13:37:00+05:30,248.34,248.5,248.32,248.33,24054
2025-06-13T13:38:00+05:30,248.33,248.48,248.32,248.47,30988
2025-06-13T13:39:00+05:30,248.48,248.7,248.45,248.63,70663
2025-06-13T13:40:00+05:30,248.65,248.66,248.5,248.54,32455
2025-06-13T13:41:00+05:30,248.54,248.66,248.46,248.66,21596
2025-06-13T13:42:00+05:30,248.66,248.66,248.54,248.65,25893
2025-06-13T13:43:00+05:30,248.65,248.7,248.45,248.65,43925
2025-06-13T13:44:00+05:30,248.59,248.67,248.5,248.61,27585
2025-06-13T13:45:00+05:30,248.57,248.67,248.5,248.55,24371
2025-06-13T13:46:00+05:30,248.55,248.75,248.55,248.69,43728
2025-06-13T13:47:00+05:30,248.61,248.73,248.52,248.57,39464
2025-06-13T13:48:00+05:30,248.57,248.7,248.5,248.51,36007
2025-06-13T13:49:00+05:30,248.51,248.53,248.36,248.38,45131
2025-06-13T13:50:00+05:30,248.46,248.62,248.3,248.53,37154
2025-06-13T13:51:00+05:30,248.53,248.61,248.36,248.49,40610
2025-06-13T13:52:00+05:30,248.49,248.64,248.44,248.6,27455
2025-06-13T13:53:00+05:30,248.61,248.64,248.4,248.43,35499
2025-06-13T13:54:00+05:30,248.52,248.52,248.29,248.31,21547
2025-06-13T13:55:00+05:30,248.4,248.44,248.28,248.34,38964
2025-06-13T13:56:00+05:30,248.39,248.39,248.29,248.33,30682
2025-06-13T13:57:00+05:30,248.31,248.42,248.28,248.42,52330
2025-06-13T13:58:00+05:30,248.4,248.5,248.32,248.43,27082
2025-06-13T13:59:00+05:30,248.46,248.58,248.4,248.45,35944
2025-06-13T14:00:00+05:30,248.45,248.7,248.38,248.5,49605
2025-06-13T14:01:00+05:30,248.46,248.67,248.44,248.51,48895
2025-06-13T14:02:00+05:30,248.51,248.72,248.38,248.56,56021
2025-06-13T14:03:00+05:30,248.56,248.56,248.35,248.53,30106
2025-06-13T14:04:00+05:30,248.53,248.53,248.26,248.34,43739
2025-06-13T14:05:00+05:30,248.34,248.54,248.25,248.5,36922
2025-06-13T14:06:00+05:30,248.52,248.61,248.37,248.43,37436
2025-06-13T14:07:00+05:30,248.51,248.59,248.37,248.51,27499
2025-06-13T14:08:00+05:30,248.51,248.55,248.36,248.55,38945
2025-06-13T14:09:00+05:30,248.55,248.6,248.25,248.36,48903
2025-06-13T14:10:00+05:30,248.45,248.46,248.25,248.46,39485
2025-06-13T14:11:00+05:30,248.46,248.47,248.22,248.33,32115
2025-06-13T14:12:00+05:30,248.33,248.44,248.21,248.44,42239
2025-06-13T14:13:00+05:30,248.4,248.44,248.27,248.31,37408
2025-06-13T14:14:00+05:30,248.31,248.39,248.21,248.37,34052
2025-06-13T14:15:00+05:30,248.37,248.51,248.32,248.38,38857
2025-06-13T14:16:00+05:30,248.38,248.43,248.25,248.29,58481
2025-06-13T14:17:00+05:30,248.29,248.33,248.24,248.28,40235
2025-06-13T14:18:00+05:30,248.28,248.32,248.2,248.25,31669
2025-06-13T14:19:00+05:30,248.21,248.27,248.17,248.21,31081
2025-06-13T14:20:00+05:30,248.23,248.31,248.15,248.25,57250
2025-06-13T14:21:00+05:30,248.25,248.3,248.16,248.25,49995
2025-06-13T14:22:00+05:30,248.2,248.29,248.08,248.29,46398
2025-06-13T14:23:00+05:30,248.29,248.3,248.15,248.23,30290
2025-06-13T14:24:00+05:30,248.23,248.26,247.9,247.96,65728
2025-06-13T14:25:00+05:30,247.96,248.16,247.84,248.01,63907
2025-06-13T14:26:00+05:30,248.01,248.09,247.93,248.02,42040
2025-06-13T14:27:00+05:30,248.02,248.18,247.95,248.15,53029
2025-06-13T14:28:00+05:30,248.15,248.18,247.98,248.18,58685
2025-06-13T14:29:00+05:30,248.18,248.18,248.0,248.15,31002
2025-06-13T14:30:00+05:30,248.15,248.5,248.13,248.39,129859
2025-06-13T14:31:00+05:30,248.39,248.4,248.21,248.31,43194
2025-06-13T14:32:00+05:30,248.38,248.38,248.31,248.35,27770
2025-06-13T14:33:00+05:30,248.35,248.35,248.31,248.31,21186
2025-06-13T14:34:00+05:30,248.34,248.38,248.3,248.34,20882
2025-06-13T14:35:00+05:30,248.34,248.35,248.19,248.25,55815
2025-06-13T14:36:00+05:30,248.25,248.27,248.07,248.1,39990
2025-06-13T14:37:00+05:30,248.13,248.13,248.01,248.07,28945
2025-06-13T14:38:00+05:30,248.07,248.24,248.01,248.14,57165
2025-06-13T14:39:00+05:30,248.2,248.2,248.11,248.15,32208
2025-06-13T14:40:00+05:30,248.15,248.35,248.13,248.24,45083
2025-06-13T14:41:00+05:30,248.24,248.38,248.11,248.24,65955
2025-06-13T14:42:00+05:30,248.31,248.31,248.12,248.15,36003
2025-06-13T14:43:00+05:30,248.18,248.29,248.12,248.18,35506
2025-06-13T14:44:00+05:30,248.12,248.21,248.02,248.02,56643
2025-06-13T14:45:00+05:30,248.06,248.4,248.02,248.32,92100
2025-06-13T14:46:00+05:30,248.39,248.39,248.26,248.29,53852
2025-06-13T14:47:00+05:30,248.29,248.32,248.16,248.2,47584
2025-06-13T14:48:00+05:30,248.2,248.2,248.07,248.14,40203
2025-06-13T14:49:00+05:30,248.15,248.17,248.05,248.09,32970
2025-06-13T14:50:00+05:30,248.09,248.16,247.98,248.03,55117
2025-06-13T14:51:00+05:30,248.03,248.16,247.95,248.13,73246
2025-06-13T14:52:00+05:30,248.14,248.14,247.86,247.88,59596
2025-06-13T14:53:00+05:30,247.97,248.12,247.87,247.93,109395
2025-06-13T14:54:00+05:30,247.97,248.2,247.86,247.86,90891
2025-06-13T14:55:00+05:30,247.92,247.92,247.7,247.79,94711
2025-06-13T14:56:00+05:30,247.79,247.79,247.52,247.52,74701
2025-06-13T14:57:00+05:30,247.53,247.54,247.2,247.25,172498
2025-06-13T14:58:00+05:30,247.26,247.49,247.24,247.34,71518
2025-06-13T14:59:00+05:30,247.34,247.65,247.3,247.48,62983
2025-06-13T15:00:00+05:30,247.48,247.8,247.4,247.59,167275
2025-06-13T15:01:00+05:30,247.59,247.8,247.47,247.63,147724
2025-06-13T15:02:00+05:30,247.61,247.99,247.58,247.84,130337
2025-06-13T15:03:00+05:30,247.85,248.19,247.73,248.11,231972
2025-06-13T15:04:00+05:30,248.12,248.66,247.98,248.54,195806
2025-06-13T15:05:00+05:30,248.54,248.6,248.22,248.39,139605
2025-06-13T15:06:00+05:30,248.4,249.4,248.39,249.36,372513
2025-06-13T15:07:00+05:30,249.26,249.95,249.26,249.58,438318
2025-06-13T15:08:00+05:30,249.59,249.95,249.51,249.57,245352
2025-06-13T15:09:00+05:30,249.57,249.75,249.13,249.5,314670
2025-06-13T15:10:00+05:30,249.48,249.7,249.01,249.19,796794
2025-06-13T15:11:00+05:30,249.19,249.41,248.79,248.9,361855
2025-06-13T15:12:00+05:30,248.97,249.25,248.8,249.01,215601
2025-06-13T15:13:00+05:30,249.05,249.51,249.0,249.43,269901
2025-06-13T15:14:00+05:30,249.4,249.51,249.15,249.22,315131
2025-06-13T15:15:00+05:30,249.26,249.26,248.8,248.94,247469
2025-06-13T15:16:00+05:30,248.92,249.01,248.78,248.8,218395
2025-06-13T15:17:00+05:30,248.85,249.0,248.6,248.99,242213
2025-06-13T15:18:00+05:30,248.97,249.0,248.7,249.0,237063
2025-06-13T15:19:00+05:30,249.0,249.0,248.71,248.77,223953
2025-06-13T15:20:00+05:30,248.83,249.08,248.72,248.88,332549
2025-06-13T15:21:00+05:30,248.9,249.03,248.82,248.95,171745
2025-06-13T15:22:00+05:30,248.96,249.02,248.85,248.99,267799
2025-06-13T15:23:00+05:30,248.99,249.8,248.99,249.55,172320
2025-06-13T15:24:00+05:30,249.65,249.98,249.49,249.76,192054
2025-06-13T15:25:00+05:30,249.76,249.99,249.65,249.9,117864
2025-06-13T15:26:00+05:30,249.9,250.1,249.89,250.09,170247
2025-06-13T15:27:00+05:30,250.06,250.24,249.59,249.85,143207
2025-06-13T15:28:00+05:30,249.78,249.98,249.36,249.8,88217
2025-06-13T15:29:00+05:30,249.99,250.0,249.45,249.5,40096
2025-06-16T09:15:00+05:30,249.07,250.04,249.0,249.53,223374
2025-06-16T09:16:00+05:30,249.52,249.95,248.8,249.19,213582
2025-06-16T09:17:00+05:30,249.23,249.57,249.04,249.2,100099
2025-06-16T09:18:00+05:30,249.09,249.34,248.71,249.18,151807
2025-06-16T09:19:00+05:30,249.09,250.74,248.96,250.61,239995
2025-06-16T09:20:00+05:30,250.6,251.06,250.47,251.04,180799
2025-06-16T09:21:00+05:30,251.0,251.03,250.72,250.78,77282
2025-06-16T09:22:00+05:30,250.7,250.77,250.01,250.06,139568
2025-06-16T09:23:00+05:30,250.19,250.5,250.04,250.5,77834
2025-06-16T09:24:00+05:30,250.5,250.5,250.08,250.19,73502
2025-06-16T09:25:00+05:30,250.11,250.25,249.72,249.96,115036
2025-06-16T09:26:00+05:30,249.96,250.2,249.86,249.98,92039
2025-06-16T09:27:00+05:30,249.98,249.99,249.61,249.77,131421
2025-06-16T09:28:00+05:30,249.76,249.9,249.51,249.54,95116
2025-06-16T09:29:00+05:30,249.6,249.78,249.5,249.66,67057
2025-06-16T09:30:00+05:30,249.62,249.67,249.0,249.13,107173
2025-06-16T09:31:00+05:30,249.13,249.67,248.96,249.42,87985
2025-06-16T09:32:00+05:30,249.5,249.9,249.25,249.25,92118
2025-06-16T09:33:00+05:30,249.25,249.43,248.96,249.11,55334
2025-06-16T09:34:00+05:30,249.11,249.24,248.74,248.83,86964
2025-06-16T09:35:00+05:30,248.85,249.24,248.85,248.95,68736
2025-06-16T09:36:00+05:30,248.9,249.22,248.9,249.03,71514
2025-06-16T09:37:00+05:30,249.02,249.46,249.0,249.38,47794
2025-06-16T09:38:00+05:30,249.32,249.4,248.87,249.26,163619
2025-06-16T09:39:00+05:30,249.22,249.44,249.0,249.1,52673
2025-06-16T09:40:00+05:30,249.11,250.2,249.0,250.08,528082
2025-06-16T09:41:00+05:30,250.08,250.66,250.05,250.08,131116
2025-06-16T09:42:00+05:30,250.13,250.8,250.08,250.49,115883
2025-06-16T09:43:00+05:30,250.56,250.9,250.41,250.8,81782
2025-06-16T09:44:00+05:30,250.82,250.89,250.64,250.8,63579
2025-06-16T09:45:00+05:30,250.8,250.8,250.15,250.38,143629
2025-06-16T09:46:00+05:30,250.46,250.46,250.03,250.16,93258
2025-06-16T09:47:00+05:30,250.18,250.18,249.84,250.0,229772
2025-06-16T09:48:00+05:30,250.02,250.02,249.21,249.32,124797
2025-06-16T09:49:00+05:30,249.31,249.33,248.88,249.03,112793
2025-06-16T09:50:00+05:30,249.03,249.38,248.8,249.15,83551
2025-06-16T09:51:00+05:30,249.13,249.36,249.03,249.36,56102
2025-06-16T09:52:00+05:30,249.28,249.65,249.28,249.5,55106
2025-06-16T09:53:00+05:30,249.55,249.57,249.08,249.17,27687
2025-06-16T09:54:00+05:30,249.08,249.79,249.08,249.6,89846
2025-06-16T09:55:00+05:30,249.6,249.89,249.44,249.88,51885
2025-06-16T09:56:00+05:30,249.88,250.27,249.87,250.25,70424
2025-06-16T09:57:00+05:30,250.23,250.43,250.07,250.43,89885
2025-06-16T09:58:00+05:30,250.43,250.79,250.21,250.21,117971
2025-06-16T09:59:00+05:30,250.22,250.6,250.16,250.53,92585
2025-06-16T10:00:00+05:30,250.53,250.64,250.34,250.47,60764
2025-06-16T10:01:00+05:30,250.5,250.65,250.35,250.59,94890
2025-06-16T10:02:00+05:30,250.63,250.85,250.34,250.57,145336
2025-06-16T10:03:00+05:30,250.57,250.57,250.1,250.2,60432
2025-06-16T10:04:00+05:30,250.16,250.32,250.0,250.15,61255
2025-06-16T10:05:00+05:30,250.2,250.25,250.03,250.25,39639
2025-06-16T10:06:00+05:30,250.26,250.49,250.17,250.17,30234
2025-06-16T10:07:00+05:30,250.27,250.43,249.71,249.8,168661
2025-06-16T10:08:00+05:30,249.8,250.0,249.71,249.8,59688
2025-06-16T10:09:00+05:30,249.81,250.0,249.81,249.98,101114
2025-06-16T10:10:00+05:30,249.98,250.22,249.92,249.94,89128
2025-06-16T10:11:00+05:30,249.94,250.0,249.63,249.7,75537
2025-06-16T10:12:00+05:30,249.7,249.77,249.37,249.52,89713
2025-06-16T10:13:00+05:30,249.53,249.53,249.15,249.15,89928
2025-06-16T10:14:00+05:30,249.15,249.21,248.83,249.08,321800
2025-06-16T10:15:00+05:30,249.08,249.48,249.08,249.43,103078
2025-06-16T10:16:00+05:30,249.48,249.7,249.14,249.31,106854
2025-06-16T10:17:00+05:30,249.31,249.87,249.31,249.7,74074
2025-06-16T10:18:00+05:30,249.7,250.25,249.63,249.9,163043
2025-06-16T10:19:00+05:30,249.85,250.27,249.81,250.26,119269
2025-06-16T10:20:00+05:30,250.27,250.48,249.89,250.48,156833
2025-06-16T10:21:00+05:30,250.48,250.54,250.26,250.28,60506
2025-06-16T10:22:00+05:30,250.32,250.35,250.06,250.2,38961
2025-06-16T10:23:00+05:30,250.25,250.5,250.2,250.22,83098
2025-06-16T10:24:00+05:30,250.22,250.46,250.22,250.45,46211
2025-06-16T10:25:00+05:30,250.45,250.45,250.27,250.35,37017
2025-06-16T10:26:00+05:30,250.35,250.63,250.34,250.39,76823
2025-06-16T10:27:00+05:30,250.39,250.66,250.39,250.55,60947
2025-06-16T10:28:00+05:30,250.55,251.22,250.55,251.22,147594
2025-06-16T10:29:00+05:30,251.19,251.2,250.83,250.98,116115
2025-06-16T10:30:00+05:30,250.92,251.12,250.8,251.04,83784
2025-06-16T10:31:00+05:30,251.04,251.04,250.8,250.9,46664
2025-06-16T10:32:00+05:30,250.9,251.1,250.55,250.56,462002
2025-06-16T10:33:00+05:30,250.51,250.78,249.97,250.07,167024
2025-06-16T10:34:00+05:30,250.19,250.24,249.82,249.93,93191
2025-06-16T10:35:00+05:30,249.93,249.93,249.4,249.47,109253
2025-06-16T10:36:00+05:30,249.47,249.49,249.27,249.31,96632
2025-06-16T10:37:00+05:30,249.31,249.72,249.31,249.64,138904
2025-06-16T10:38:00+05:30,249.64,249.93,249.2,249.9,248772
2025-06-16T10:39:00+05:30,249.88,249.95,249.6,249.75,133031
2025-06-16T10:40:00+05:30,249.75,249.78,249.3,249.35,64946
2025-06-16T10:41:00+05:30,249.32,249.62,249.3,249.43,69300
2025-06-16T10:42:00+05:30,249.43,249.84,249.38,249.72,46331
2025-06-16T10:43:00+05:30,249.72,249.76,249.49,249.5,41403
2025-06-16T10:44:00+05:30,249.5,249.64,249.4,249.63,56570
2025-06-16T10:45:00+05:30,249.69,249.74,249.5,249.51,52134
2025-06-16T10:46:00+05:30,249.5,249.79,249.41,249.67,49561
2025-06-16T10:47:00+05:30,249.63,249.79,249.6,249.72,35867
2025-06-16T10:48:00+05:30,249.73,249.85,249.68,249.69,38671
2025-06-16T10:49:00+05:30,249.69,249.79,249.6,249.75,34725
2025-06-16T10:50:00+05:30,249.75,249.9,249.67,249.77,31506
2025-06-16T10:51:00+05:30,249.77,249.8,249.69,249.7,30299
2025-06-16T10:52:00+05:30,249.7,249.99,249.64,249.82,43336
2025-06-16T10:53:00+05:30,249.8,249.9,249.72,249.82,45722
2025-06-16T10:54:00+05:30,249.82,249.82,249.64,249.72,25997
2025-06-16T10:55:00+05:30,249.64,249.91,249.64,249.82,27562
2025-06-16T10:56:00+05:30,249.82,250.0,249.81,250.0,53812
2025-06-16T10:57:00+05:30,249.93,250.26,249.93,250.1,50763
2025-06-16T10:58:00+05:30,250.04,250.15,250.02,250.1,37492
2025-06-16T10:59:00+05:30,250.1,250.15,250.01,250.01,40077
2025-06-16T11:00:00+05:30,250.01,250.29,250.01,250.07,53159
2025-06-16T11:01:00+05:30,250.05,250.35,250.05,250.28,36477
2025-06-16T11:02:00+05:30,250.29,250.52,250.14,250.38,69814
2025-06-16T11:03:00+05:30,250.38,250.57,250.33,250.4,45284
2025-06-16T11:04:00+05:30,250.4,250.47,250.3,250.4,38893
2025-06-16T11:05:00+05:30,250.37,250.44,250.1,250.14,96361
2025-06-16T11:06:00+05:30,250.19,250.43,250.14,250.43,47926
2025-06-16T11:07:00+05:30,250.4,250.47,250.2,250.38,44092
2025-06-16T11:08:00+05:30,250.38,250.45,250.26,250.45,38262
2025-06-16T11:09:00+05:30,250.43,250.58,250.31,250.4,50722
2025-06-16T11:10:00+05:30,250.4,250.48,250.18,250.27,43308
2025-06-16T11:11:00+05:30,250.26,250.43,250.12,250.24,41977
2025-06-16T11:12:00+05:30,250.25,250.4,250.24,250.29,32638
2025-06-16T11:13:00+05:30,250.25,250.29,250.25,250.28,25965
2025-06-16T11:14:00+05:30,250.28,250.4,250.23,250.36,33276
2025-06-16T11:15:00+05:30,250.36,250.5,250.22,250.48,33959
2025-06-16T11:16:00+05:30,250.48,250.48,250.34,250.36,25519
2025-06-16T11:17:00+05:30,250.36,250.48,250.34,250.36,35419
2025-06-16T11:18:00+05:30,250.32,250.47,250.3,250.4,25396
2025-06-16T11:19:00+05:30,250.43,250.45,250.34,250.42,24895
2025-06-16T11:20:00+05:30,250.35,250.42,250.3,250.35,29516
2025-06-16T11:21:00+05:30,250.35,250.62,250.19,250.32,68314
2025-06-16T11:22:00+05:30,250.29,250.32,250.16,250.19,39583
2025-06-16T11:23:00+05:30,250.16,250.2,249.85,249.86,76180
2025-06-16T11:24:00+05:30,249.86,249.92,249.84,249.9,31944
2025-06-16T11:25:00+05:30,249.91,249.95,249.88,249.95,21907
2025-06-16T11:26:00+05:30,249.92,250.12,249.9,249.98,25368
2025-06-16T11:27:00+05:30,249.91,249.98,249.88,249.92,24820
2025-06-16T11:28:00+05:30,249.89,249.92,249.57,249.57,35769
2025-06-16T11:29:00+05:30,249.62,249.8,249.57,249.69,31774
2025-06-16T11:30:00+05:30,249.65,249.8,249.57,249.63,31700
2025-06-16T11:31:00+05:30,249.6,250.09,249.6,250.0,53311
2025-06-16T11:32:00+05:30,249.96,250.22,249.96,250.02,33865
2025-06-16T11:33:00+05:30,250.04,250.13,249.95,250.01,25444
2025-06-16T11:34:00+05:30,249.95,250.2,249.88,250.18,40794
2025-06-16T11:35:00+05:30,250.15,250.35,250.1,250.3,43920
2025-06-16T11:36:00+05:30,250.26,250.37,250.15,250.35,47531
2025-06-16T11:37:00+05:30,250.35,250.45,250.27,250.35,39936
2025-06-16T11:38:00+05:30,250.27,250.45,250.27,250.42,36563
2025-06-16T11:39:00+05:30,250.42,250.49,250.4,250.4,39768
2025-06-16T11:40:00+05:30,250.39,250.4,250.32,250.35,30475
2025-06-16T11:41:00+05:30,250.35,250.37,250.24,250.24,30748
2025-06-16T11:42:00+05:30,250.29,250.34,250.13,250.2,26625
2025-06-16T11:43:00+05:30,250.2,250.35,250.2,250.3,39474
2025-06-16T11:44:00+05:30,250.25,250.5,250.25,250.5,82467
2025-06-16T11:45:00+05:30,250.48,250.5,250.35,250.44,40007
2025-06-16T11:46:00+05:30,250.37,250.5,250.3,250.42,66376
2025-06-16T11:47:00+05:30,250.44,250.6,250.36,250.47,50821
2025-06-16T11:48:00+05:30,250.46,250.64,250.46,250.57,44959
2025-06-16T11:49:00+05:30,250.57,250.61,250.42,250.5,36483
2025-06-16T11:50:00+05:30,250.5,250.59,250.43,250.52,35154
2025-06-16T11:51:00+05:30,250.52,250.7,250.5,250.55,43044
2025-06-16T11:52:00+05:30,250.55,250.59,250.41,250.48,34135
2025-06-16T11:53:00+05:30,250.43,250.75,250.42,250.56,59404
2025-06-16T11:54:00+05:30,250.48,250.56,250.43,250.46,28723
2025-06-16T11:55:00+05:30,250.46,250.49,250.38,250.44,23066
2025-06-16T11:56:00+05:30,250.44,250.44,250.23,250.32,71533
2025-06-16T11:57:00+05:30,250.34,250.4,250.29,250.36,25501
2025-06-16T11:58:00+05:30,250.36,250.48,250.3,250.39,35524
2025-06-16T11:59:00+05:30,250.32,250.39,250.23,250.32,25266
2025-06-16T12:00:00+05:30,250.34,250.46,250.32,250.46,29444
2025-06-16T12:01:00+05:30,250.45,250.49,250.39,250.44,24084
2025-06-16T12:02:00+05:30,250.41,250.7,250.41,250.67,73342
2025-06-16T12:03:00+05:30,250.67,250.86,250.64,250.77,36183
2025-06-16T12:04:00+05:30,250.77,250.85,250.69,250.82,42930
2025-06-16T12:05:00+05:30,250.81,251.07,250.81,251.04,86445
2025-06-16T12:06:00+05:30,251.04,251.49,251.04,251.23,167249
2025-06-16T12:07:00+05:30,251.23,251.5,251.23,251.39,106178
2025-06-16T12:08:00+05:30,251.34,251.43,251.28,251.33,47376
2025-06-16T12:09:00+05:30,251.28,251.3,251.25,251.25,55089
2025-06-16T12:10:00+05:30,251.25,251.43,251.25,251.43,73063
2025-06-16T12:11:00+05:30,251.43,251.43,251.19,251.3,34845
2025-06-16T12:12:00+05:30,251.36,251.45,251.18,251.2,46409
2025-06-16T12:13:00+05:30,251.2,251.45,251.2,251.45,42595
2025-06-16T12:14:00+05:30,251.44,251.6,251.4,251.55,55678
2025-06-16T12:15:00+05:30,251.55,251.6,251.47,251.55,41216
2025-06-16T12:16:00+05:30,251.54,251.7,251.51,251.56,73196
2025-06-16T12:17:00+05:30,251.52,251.58,251.51,251.57,38579
2025-06-16T12:18:00+05:30,251.52,251.56,251.31,251.34,42448
2025-06-16T12:19:00+05:30,251.34,251.34,251.21,251.3,63151
2025-06-16T12:20:00+05:30,251.28,251.3,251.17,251.2,29855
2025-06-16T12:21:00+05:30,251.18,251.35,251.16,251.34,37008
2025-06-16T12:22:00+05:30,251.32,251.5,251.21,251.27,34935
2025-06-16T12:23:00+05:30,251.25,251.27,251.2,251.25,24906
2025-06-16T12:24:00+05:30,251.22,251.26,251.18,251.24,24050
2025-06-16T12:25:00+05:30,251.18,251.24,251.0,251.0,67531
2025-06-16T12:26:00+05:30,251.0,251.01,250.89,250.91,56076
2025-06-16T12:27:00+05:30,250.97,250.98,250.9,250.98,21085
2025-06-16T12:28:00+05:30,250.96,251.19,250.96,251.11,41170
2025-06-16T12:29:00+05:30,251.05,251.11,250.9,250.93,29517
2025-06-16T12:30:00+05:30,250.92,250.95,250.85,250.85,33793
2025-06-16T12:31:00+05:30,250.9,251.0,250.85,251.0,45390
2025-06-16T12:32:00+05:30,250.98,251.0,250.92,250.93,41308
2025-06-16T12:33:00+05:30,250.93,250.94,250.85,250.94,24835
2025-06-16T12:34:00+05:30,250.89,251.38,250.86,251.33,56331
2025-06-16T12:35:00+05:30,251.27,251.28,251.07,251.14,33236
2025-06-16T12:36:00+05:30,251.07,251.22,251.07,251.2,24033
2025-06-16T12:37:00+05:30,251.2,251.24,251.15,251.17,23944
2025-06-16T12:38:00+05:30,251.15,251.19,251.06,251.13,20751
2025-06-16T12:39:00+05:30,251.07,251.45,251.07,251.45,43160
2025-06-16T12:40:00+05:30,251.4,251.49,251.14,251.14,33400
2025-06-16T12:41:00+05:30,251.14,251.41,251.14,251.28,28185
2025-06-16T12:42:00+05:30,251.3,251.4,251.25,251.4,23142
2025-06-16T12:43:00+05:30,251.32,251.5,251.32,251.49,40162
2025-06-16T12:44:00+05:30,251.46,251.5,251.28,251.31,45096
2025-06-16T12:45:00+05:30,251.33,251.4,251.27,251.27,22753
2025-06-16T12:46:00+05:30,251.28,251.39,251.22,251.38,42616
2025-06-16T12:47:00+05:30,251.36,251.38,251.2,251.27,26839
2025-06-16T12:48:00+05:30,251.24,251.27,251.13,251.2,48760
2025-06-16T12:49:00+05:30,251.2,251.23,251.11,251.18,25545
2025-06-16T12:50:00+05:30,251.15,251.18,251.09,251.17,31059
2025-06-16T12:51:00+05:30,251.16,251.17,250.99,251.0,44558
2025-06-16T12:52:00+05:30,250.99,251.0,250.87,251.0,45775
2025-06-16T12:53:00+05:30,250.96,251.0,250.96,251.0,26912
2025-06-16T12:54:00+05:30,250.99,251.26,250.99,251.21,54800
2025-06-16T12:55:00+05:30,251.15,251.21,251.0,251.12,25104
2025-06-16T12:56:00+05:30,251.07,251.18,251.07,251.16,20837
2025-06-16T12:57:00+05:30,251.16,251.2,251.11,251.17,26782
2025-06-16T12:58:00+05:30,251.16,251.2,251.13,251.2,23685
2025-06-16T12:59:00+05:30,251.17,251.4,251.17,251.25,45506
2025-06-16T13:00:00+05:30,251.28,251.3,251.25,251.3,25044
2025-06-16T13:01:00+05:30,251.29,251.3,251.15,251.21,42929
2025-06-16T13:02:00+05:30,251.19,251.25,251.11,251.13,34611
2025-06-16T13:03:00+05:30,251.16,251.2,251.06,251.15,30113
2025-06-16T13:04:00+05:30,251.15,251.24,251.02,251.06,28567
2025-06-16T13:05:00+05:30,251.14,251.15,250.76,250.76,81894
2025-06-16T13:06:00+05:30,250.77,250.8,250.7,250.74,38695
2025-06-16T13:07:00+05:30,250.74,250.8,250.71,250.78,26859
2025-06-16T13:08:00+05:30,250.72,250.8,250.7,250.71,39891
2025-06-16T13:09:00+05:30,250.71,250.78,250.7,250.71,34317
2025-06-16T13:10:00+05:30,250.71,250.76,250.7,250.71,37317
2025-06-16T13:11:00+05:30,250.7,250.71,250.51,250.59,49227
2025-06-16T13:12:00+05:30,250.6,250.63,250.59,250.6,22821
2025-06-16T13:13:00+05:30,250.6,250.9,250.5,250.78,69785
2025-06-16T13:14:00+05:30,250.78,250.87,250.7,250.7,28839
2025-06-16T13:15:00+05:30,250.71,250.99,250.7,250.95,40358
2025-06-16T13:16:00+05:30,250.95,250.98,250.78,250.89,29389
2025-06-16T13:17:00+05:30,250.82,250.89,250.68,250.71,28266
2025-06-16T13:18:00+05:30,250.76,250.96,250.7,250.9,41803
2025-06-16T13:19:00+05:30,250.88,250.9,250.75,250.77,22961
2025-06-16T13:20:00+05:30,250.86,251.2,250.77,251.06,48725
2025-06-16T13:21:00+05:30,251.06,251.06,250.93,250.98,24854
2025-06-16T13:22:00+05:30,251.0,251.0,250.77,250.91,29174
2025-06-16T13:23:00+05:30,250.95,251.04,250.88,250.88,37563
2025-06-16T13:24:00+05:30,250.95,251.0,250.8,250.85,34692
2025-06-16T13:25:00+05:30,250.85,250.97,250.8,250.9,42073
2025-06-16T13:26:00+05:30,250.89,251.12,250.84,251.12,41864
2025-06-16T13:27:00+05:30,251.12,251.12,250.91,250.98,28782
2025-06-16T13:28:00+05:30,250.98,251.48,250.97,251.19,67984
2025-06-16T13:29:00+05:30,251.27,251.3,251.1,251.23,37381
2025-06-16T13:30:00+05:30,251.3,251.4,251.03,251.21,140100
2025-06-16T13:31:00+05:30,251.22,251.29,251.12,251.2,28938
2025-06-16T13:32:00+05:30,251.22,251.22,251.12,251.21,21667
2025-06-16T13:33:00+05:30,251.13,251.25,251.13,251.18,29808
2025-06-16T13:34:00+05:30,251.25,251.25,251.01,251.02,26549
2025-06-16T13:35:00+05:30,251.08,251.15,251.01,251.04,36932
2025-06-16T13:36:00+05:30,251.15,251.35,251.06,251.27,33100
2025-06-16T13:37:00+05:30,251.34,251.39,251.23,251.39,29835
2025-06-16T13:38:00+05:30,251.39,251.4,251.18,251.2,21622
2025-06-16T13:39:00+05:30,251.29,251.48,251.2,251.42,43175
2025-06-16T13:40:00+05:30,251.43,251.5,251.31,251.33,45384
2025-06-16T13:41:00+05:30,251.33,251.55,251.26,251.55,65206
2025-06-16T13:42:00+05:30,251.55,251.68,251.42,251.46,43478
2025-06-16T13:43:00+05:30,251.5,251.5,251.3,251.33,34102
2025-06-16T13:44:00+05:30,251.38,251.38,251.2,251.23,38900
2025-06-16T13:45:00+05:30,251.23,251.24,251.2,251.21,42436
2025-06-16T13:46:00+05:30,251.24,251.3,251.12,251.2,28330
2025-06-16T13:47:00+05:30,251.2,251.21,251.12,251.18,24212
2025-06-16T13:48:00+05:30,251.18,251.2,251.11,251.14,26732
2025-06-16T13:49:00+05:30,251.14,251.14,251.11,251.14,21440
2025-06-16T13:50:00+05:30,251.14,251.14,251.02,251.03,29223
2025-06-16T13:51:00+05:30,251.05,251.21,250.96,251.11,42978
2025-06-16T13:52:00+05:30,251.14,251.3,251.11,251.18,28204
2025-06-16T13:53:00+05:30,251.26,251.3,251.15,251.15,29831
2025-06-16T13:54:00+05:30,251.19,251.3,251.13,251.3,66899
2025-06-16T13:55:00+05:30,251.3,251.45,251.24,251.24,43127
2025-06-16T13:56:00+05:30,251.32,251.32,251.24,251.28,23352
2025-06-16T13:57:00+05:30,251.27,251.48,251.27,251.35,42597
2025-06-16T13:58:00+05:30,251.42,251.42,251.3,251.34,27626
2025-06-16T13:59:00+05:30,251.35,251.45,251.34,251.41,29427
2025-06-16T14:00:00+05:30,251.44,251.55,251.36,251.4,113634
2025-06-16T14:01:00+05:30,251.42,251.42,251.2,251.24,30967
2025-06-16T14:02:00+05:30,251.24,251.44,251.23,251.36,34041
2025-06-16T14:03:00+05:30,251.36,251.37,251.28,251.35,21076
2025-06-16T14:04:00+05:30,251.35,251.48,251.26,251.46,32798
2025-06-16T14:05:00+05:30,251.46,251.53,251.39,251.46,32809
2025-06-16T14:06:00+05:30,251.4,251.6,251.39,251.52,40636
2025-06-16T14:07:00+05:30,251.52,251.75,251.48,251.67,99402
2025-06-16T14:08:00+05:30,251.73,251.75,251.59,251.7,32968
2025-06-16T14:09:00+05:30,251.74,251.89,251.67,251.88,89496
2025-06-16T14:10:00+05:30,251.89,252.13,251.82,251.88,108156
2025-06-16T14:11:00+05:30,251.88,252.01,251.8,251.91,115908
2025-06-16T14:12:00+05:30,251.98,252.1,251.89,251.89,50646
2025-06-16T14:13:00+05:30,251.97,252.03,251.9,252.02,39566
2025-06-16T14:14:00+05:30,252.02,252.04,251.85,251.88,45068
2025-06-16T14:15:00+05:30,251.88,251.96,251.67,251.69,58923
2025-06-16T14:16:00+05:30,251.74,251.77,251.69,251.75,29549
2025-06-16T14:17:00+05:30,251.75,251.99,251.75,251.89,46697
2025-06-16T14:18:00+05:30,251.89,251.99,251.86,251.87,33753
2025-06-16T14:19:00+05:30,251.87,252.0,251.87,251.9,33388
2025-06-16T14:20:00+05:30,251.98,251.99,251.87,251.94,35217
2025-06-16T14:21:00+05:30,251.94,252.07,251.87,252.06,39414
2025-06-16T14:22:00+05:30,252.08,252.28,252.01,252.28,65113
2025-06-16T14:23:00+05:30,252.28,252.5,252.25,252.45,108293
2025-06-16T14:24:00+05:30,252.45,252.51,252.25,252.26,81216
2025-06-16T14:25:00+05:30,252.26,252.74,252.12,252.69,83948
2025-06-16T14:26:00+05:30,252.69,252.7,252.45,252.48,40962
2025-06-16T14:27:00+05:30,252.49,253.0,252.47,252.84,139948
2025-06-16T14:28:00+05:30,252.84,253.1,252.63,252.7,166802
2025-06-16T14:29:00+05:30,252.69,253.02,252.6,253.0,90492
2025-06-16T14:30:00+05:30,253.02,253.4,253.0,253.3,125743
2025-06-16T14:31:00+05:30,253.3,253.38,253.03,253.33,73728
2025-06-16T14:32:00+05:30,253.35,253.39,253.15,253.3,103493
2025-06-16T14:33:00+05:30,253.34,253.52,253.2,253.48,143380
2025-06-16T14:34:00+05:30,253.47,253.47,253.12,253.3,112461
2025-06-16T14:35:00+05:30,253.3,253.45,253.21,253.42,44607
2025-06-16T14:36:00+05:30,253.42,253.47,253.1,253.16,59592
2025-06-16T14:37:00+05:30,253.17,253.25,253.0,253.1,68998
2025-06-16T14:38:00+05:30,253.1,253.12,252.41,252.65,182381
2025-06-16T14:39:00+05:30,252.7,252.76,252.32,252.57,96613
2025-06-16T14:40:00+05:30,252.59,252.83,252.46,252.7,47076
2025-06-16T14:41:00+05:30,252.75,252.84,252.62,252.66,69860
2025-06-16T14:42:00+05:30,252.67,252.84,252.65,252.68,48545
2025-06-16T14:43:00+05:30,252.69,252.84,252.68,252.83,30540
2025-06-16T14:44:00+05:30,252.84,253.07,252.78,252.98,56647
2025-06-16T14:45:00+05:30,252.98,253.15,252.91,253.08,35879
2025-06-16T14:46:00+05:30,253.09,253.15,252.84,252.87,47444
2025-06-16T14:47:00+05:30,252.91,252.97,252.77,252.83,48840
2025-06-16T14:48:00+05:30,252.84,252.84,252.43,252.43,118071
2025-06-16T14:49:00+05:30,252.43,252.8,252.41,252.67,34827
2025-06-16T14:50:00+05:30,252.71,252.74,252.45,252.49,56850
2025-06-16T14:51:00+05:30,252.51,252.51,252.44,252.45,43813
2025-06-16T14:52:00+05:30,252.45,252.49,252.45,252.45,30345
2025-06-16T14:53:00+05:30,252.47,252.47,252.19,252.23,103964
2025-06-16T14:54:00+05:30,252.32,252.7,252.29,252.69,92534
2025-06-16T14:55:00+05:30,252.7,252.76,252.6,252.76,84389
2025-06-16T14:56:00+05:30,252.74,252.84,252.6,252.69,39772
2025-06-16T14:57:00+05:30,252.64,252.74,252.6,252.66,44082
2025-06-16T14:58:00+05:30,252.68,252.73,252.6,252.6,37944
2025-06-16T14:59:00+05:30,252.61,252.75,252.6,252.7,42264
2025-06-16T15:00:00+05:30,252.69,252.7,251.73,252.08,340662
2025-06-16T15:01:00+05:30,252.11,252.28,251.96,251.99,101639
2025-06-16T15:02:00+05:30,251.99,252.2,251.9,252.2,122769
2025-06-16T15:03:00+05:30,252.2,252.4,252.0,252.24,128859
2025-06-16T15:04:00+05:30,252.24,252.31,252.06,252.12,71275
2025-06-16T15:05:00+05:30,252.12,252.32,252.0,252.11,143506
2025-06-16T15:06:00+05:30,252.13,252.37,252.07,252.25,125891
2025-06-16T15:07:00+05:30,252.25,252.27,252.0,252.0,105227
2025-06-16T15:08:00+05:30,252.06,252.09,251.94,251.99,105922
2025-06-16T15:09:00+05:30,251.99,252.0,251.8,251.96,135911
2025-06-16T15:10:00+05:30,251.96,251.97,251.8,251.95,112703
2025-06-16T15:11:00+05:30,251.95,251.98,251.84,251.85,96299
2025-06-16T15:12:00+05:30,251.85,252.2,251.67,251.99,258241
2025-06-16T15:13:00+05:30,252.06,252.25,251.85,252.12,176212
2025-06-16T15:14:00+05:30,252.12,252.2,251.93,252.05,155376
2025-06-16T15:15:00+05:30,252.13,252.24,251.93,251.96,246191
2025-06-16T15:16:00+05:30,252.04,252.4,251.98,252.25,151020
2025-06-16T15:17:00+05:30,252.25,252.42,252.07,252.21,105232
2025-06-16T15:18:00+05:30,252.21,252.22,252.01,252.16,181935
2025-06-16T15:19:00+05:30,252.18,252.42,252.17,252.29,183478
2025-06-16T15:20:00+05:30,252.28,252.3,251.84,251.94,211735
2025-06-16T15:21:00+05:30,251.94,252.14,251.8,252.1,171654
2025-06-16T15:22:00+05:30,252.1,252.27,252.09,252.27,117773
2025-06-16T15:23:00+05:30,252.27,252.55,252.26,252.48,165274
2025-06-16T15:24:00+05:30,252.46,252.48,252.19,252.29,130309
2025-06-16T15:25:00+05:30,252.29,252.3,252.23,252.3,111892
2025-06-16T15:26:00+05:30,252.3,252.66,252.29,252.65,132506
2025-06-16T15:27:00+05:30,252.65,252.75,252.37,252.62,164726
2025-06-16T15:28:00+05:30,252.53,252.62,252.06,252.3,194401
2025-06-16T15:29:00+05:30,252.49,252.6,252.21,252.5,56326
2025-06-17T09:15:00+05:30,251.35,251.92,250.62,251.3,468220
2025-06-17T09:16:00+05:30,251.17,251.66,250.68,251.65,160373
2025-06-17T09:17:00+05:30,251.5,252.0,251.5,251.81,120821
2025-06-17T09:18:00+05:30,251.8,251.8,250.92,250.97,251196
2025-06-17T09:19:00+05:30,250.98,251.0,250.62,250.85,113684
2025-06-17T09:20:00+05:30,250.84,251.53,250.8,251.23,155221
2025-06-17T09:21:00+05:30,251.31,251.52,251.12,251.42,91573
2025-06-17T09:22:00+05:30,251.42,251.48,251.16,251.21,68023
2025-06-17T09:23:00+05:30,251.21,251.3,250.9,251.21,77623
2025-06-17T09:24:00+05:30,251.21,251.67,251.06,251.49,72534
2025-06-17T09:25:00+05:30,251.51,251.85,251.3,251.36,96899
2025-06-17T09:26:00+05:30,251.35,251.48,251.07,251.28,61645
2025-06-17T09:27:00+05:30,251.27,251.28,250.91,251.02,58931
2025-06-17T09:28:00+05:30,250.96,251.35,250.95,251.28,26281
2025-06-17T09:29:00+05:30,251.26,251.28,251.14,251.14,27630
2025-06-17T09:30:00+05:30,251.15,251.23,250.87,250.9,54483
2025-06-17T09:31:00+05:30,250.9,251.15,250.86,251.03,42216
2025-06-17T09:32:00+05:30,251.0,251.28,250.91,251.21,37737
2025-06-17T09:33:00+05:30,251.27,251.54,251.19,251.49,62598
2025-06-17T09:34:00+05:30,251.49,251.61,250.88,251.0,105284
2025-06-17T09:35:00+05:30,250.95,251.23,250.95,251.13,42450
2025-06-17T09:36:00+05:30,251.13,251.13,250.95,250.96,20256
2025-06-17T09:37:00+05:30,250.96,251.1,250.91,251.02,34184
2025-06-17T09:38:00+05:30,251.02,251.26,250.96,251.23,23107
2025-06-17T09:39:00+05:30,251.23,251.3,251.05,251.05,43494
2025-06-17T09:40:00+05:30,251.05,251.1,250.5,250.61,137720
2025-06-17T09:41:00+05:30,250.5,250.66,250.26,250.26,232079
2025-06-17T09:42:00+05:30,250.3,250.69,250.26,250.36,51997
2025-06-17T09:43:00+05:30,250.36,250.7,250.29,250.7,46711
2025-06-17T09:44:00+05:30,250.7,250.73,250.5,250.55,33006
2025-06-17T09:45:00+05:30,250.55,250.61,250.13,250.19,88824
2025-06-17T09:46:00+05:30,250.15,250.21,250.0,250.2,87708
2025-06-17T09:47:00+05:30,250.2,250.2,250.01,250.04,24001
2025-06-17T09:48:00+05:30,250.01,250.04,249.8,249.8,97493
2025-06-17T09:49:00+05:30,249.86,250.0,249.76,249.93,54312
2025-06-17T09:50:00+05:30,249.96,250.13,249.91,250.04,31261
2025-06-17T09:51:00+05:30,250.02,250.36,250.01,250.32,108780
2025-06-17T09:52:00+05:30,250.32,250.35,250.1,250.19,42705
2025-06-17T09:53:00+05:30,250.19,250.4,250.18,250.27,18555
2025-06-17T09:54:00+05:30,250.27,250.4,250.16,250.21,32971
2025-06-17T09:55:00+05:30,250.21,250.35,250.2,250.24,21519
2025-06-17T09:56:00+05:30,250.29,250.33,250.1,250.28,51644
2025-06-17T09:57:00+05:30,250.3,250.33,250.03,250.07,28957
2025-06-17T09:58:00+05:30,250.02,250.07,250.0,250.01,19455
2025-06-17T09:59:00+05:30,250.01,250.02,249.8,250.0,70800
2025-06-17T10:00:00+05:30,249.99,250.0,249.8,249.96,89152
2025-06-17T10:01:00+05:30,250.0,250.02,249.85,249.89,20190
2025-06-17T10:02:00+05:30,249.89,249.9,249.8,249.82,33510
2025-06-17T10:03:00+05:30,249.82,249.89,249.65,249.75,102763
2025-06-17T10:04:00+05:30,249.75,249.78,249.5,249.57,34394
2025-06-17T10:05:00+05:30,249.57,249.63,249.5,249.63,30018
2025-06-17T10:06:00+05:30,249.61,249.63,249.3,249.3,129222
2025-06-17T10:07:00+05:30,249.3,249.46,249.25,249.31,80355
2025-06-17T10:08:00+05:30,249.3,249.46,249.26,249.4,43970
2025-06-17T10:09:00+05:30,249.36,249.47,249.13,249.13,70075
2025-06-17T10:10:00+05:30,249.12,249.21,249.0,249.08,86769
2025-06-17T10:11:00+05:30,249.0,249.07,248.8,249.01,78139
2025-06-17T10:12:00+05:30,249.0,249.02,248.87,248.92,40113
2025-06-17T10:13:00+05:30,248.95,249.13,248.9,248.93,40485
2025-06-17T10:14:00+05:30,249.0,249.12,248.85,248.88,64044
2025-06-17T10:15:00+05:30,248.86,248.93,248.8,248.87,55627
2025-06-17T10:16:00+05:30,248.9,249.19,248.87,248.96,43606
2025-06-17T10:17:00+05:30,249.02,249.18,248.95,249.08,22015
2025-06-17T10:18:00+05:30,249.11,249.36,249.1,249.36,34851
2025-06-17T10:19:00+05:30,249.35,249.41,249.23,249.27,77599
2025-06-17T10:20:00+05:30,249.27,249.35,249.23,249.29,36545
2025-06-17T10:21:00+05:30,249.29,249.29,249.08,249.23,58395
2025-06-17T10:22:00+05:30,249.22,249.3,249.18,249.18,17213
2025-06-17T10:23:00+05:30,249.19,249.22,249.05,249.1,19005
2025-06-17T10:24:00+05:30,249.1,249.1,248.97,249.0,62456
2025-06-17T10:25:00+05:30,248.97,249.25,248.9,249.24,118014
2025-06-17T10:26:00+05:30,249.21,249.35,249.12,249.25,27507
2025-06-17T10:27:00+05:30,249.29,249.3,249.05,249.08,21830
2025-06-17T10:28:00+05:30,249.05,249.08,249.0,249.0,14911
2025-06-17T10:29:00+05:30,249.02,249.02,248.93,248.96,17869
2025-06-17T10:30:00+05:30,248.95,249.1,248.93,249.08,89936
2025-06-17T10:31:00+05:30,249.01,249.84,249.01,249.84,44008
2025-06-17T10:32:00+05:30,249.82,249.99,249.71,249.85,65754
2025-06-17T10:33:00+05:30,249.85,250.15,249.82,250.11,133228
2025-06-17T10:34:00+05:30,250.1,250.35,250.0,250.3,144919
2025-06-17T10:35:00+05:30,250.3,250.35,249.93,250.0,52812
2025-06-17T10:36:00+05:30,250.0,250.04,249.7,249.96,86639
2025-06-17T10:37:00+05:30,249.96,249.97,249.78,249.84,14512
2025-06-17T10:38:00+05:30,249.82,250.0,249.75,249.8,36711
2025-06-17T10:39:00+05:30,249.85,249.89,249.79,249.89,16920
2025-06-17T10:40:00+05:30,249.9,249.97,249.85,249.92,4911
2025-06-17T10:41:00+05:30,249.92,250.07,249.92,250.0,38462
2025-06-17T10:42:00+05:30,250.0,250.04,249.8,249.8,19548
2025-06-17T10:43:00+05:30,249.8,249.87,249.67,249.67,23586
2025-06-17T10:44:00+05:30,249.7,249.78,249.67,249.75,22153
2025-06-17T10:45:00+05:30,249.78,249.79,249.7,249.76,78959
2025-06-17T10:46:00+05:30,249.75,249.76,249.1,249.1,59639
2025-06-17T10:47:00+05:30,249.1,249.15,248.9,248.99,97621
2025-06-17T10:48:00+05:30,248.99,249.09,248.91,249.09,40153
2025-06-17T10:49:00+05:30,249.08,249.11,249.01,249.11,12656
2025-06-17T10:50:00+05:30,249.07,249.27,249.07,249.27,11798
2025-06-17T10:51:00+05:30,249.27,249.8,249.23,249.69,33259
2025-06-17T10:52:00+05:30,249.65,249.65,249.34,249.34,61303
2025-06-17T10:53:00+05:30,249.35,249.35,249.14,249.25,31007
2025-06-17T10:54:00+05:30,249.25,249.29,249.2,249.26,63400
2025-06-17T10:55:00+05:30,249.26,249.26,249.05,249.1,17721
2025-06-17T10:56:00+05:30,249.06,249.1,249.0,249.01,18736
2025-06-17T10:57:00+05:30,249.02,249.2,249.0,249.2,24625
2025-06-17T10:58:00+05:30,249.12,249.16,249.02,249.06,13253
2025-06-17T10:59:00+05:30,249.03,249.08,249.01,249.03,10798
2025-06-17T11:00:00+05:30,249.03,249.03,248.96,248.98,69900
2025-06-17T11:01:00+05:30,248.97,248.97,248.84,248.84,19447
2025-06-17T11:02:00+05:30,248.85,248.9,248.8,248.81,21487
2025-06-17T11:03:00+05:30,248.81,248.98,248.8,248.85,46964
2025-06-17T11:04:00+05:30,248.84,248.84,248.7,248.8,66878
2025-06-17T11:05:00+05:30,248.79,248.98,248.7,248.78,41715
2025-06-17T11:06:00+05:30,248.8,249.03,248.78,248.89,127583
2025-06-17T11:07:00+05:30,248.85,248.87,248.8,248.86,14751
2025-06-17T11:08:00+05:30,248.85,248.99,248.84,248.96,11136
2025-06-17T11:09:00+05:30,248.96,248.96,248.88,248.88,9345
2025-06-17T11:10:00+05:30,248.9,248.9,248.8,248.82,17582
2025-06-17T11:11:00+05:30,248.82,249.46,248.8,249.4,63475
2025-06-17T11:12:00+05:30,249.37,249.37,249.15,249.15,12375
2025-06-17T11:13:00+05:30,249.15,249.44,249.08,249.4,43858
2025-06-17T11:14:00+05:30,249.4,249.4,249.35,249.38,6959
2025-06-17T11:15:00+05:30,249.37,249.48,249.35,249.47,20173
2025-06-17T11:16:00+05:30,249.47,249.47,248.99,249.0,55611
2025-06-17T11:17:00+05:30,248.99,249.16,248.9,248.98,35340
2025-06-17T11:18:00+05:30,249.0,249.0,248.92,248.99,14969
2025-06-17T11:19:00+05:30,249.0,249.0,248.9,248.94,22447
2025-06-17T11:20:00+05:30,248.93,249.1,248.9,249.04,29361
2025-06-17T11:21:00+05:30,249.0,249.15,249.0,249.15,12054
2025-06-17T11:22:00+05:30,249.12,249.15,249.09,249.09,3889
2025-06-17T11:23:00+05:30,249.13,249.16,248.9,248.93,37428
2025-06-17T11:24:00+05:30,248.93,249.09,248.83,249.03,26233
2025-06-17T11:25:00+05:30,249.03,249.03,248.9,248.96,66796
2025-06-17T11:26:00+05:30,248.91,249.11,248.91,248.98,21531
2025-06-17T11:27:00+05:30,248.97,249.0,248.92,248.94,10119
2025-06-17T11:28:00+05:30,248.97,249.0,248.8,248.84,56600
2025-06-17T11:29:00+05:30,248.84,248.9,248.73,248.73,53275
2025-06-17T11:30:00+05:30,248.73,248.8,248.7,248.72,17117
2025-06-17T11:31:00+05:30,248.7,248.78,248.7,248.72,42668
2025-06-17T11:32:00+05:30,248.72,248.79,248.7,248.72,24904
2025-06-17T11:33:00+05:30,248.72,248.75,248.51,248.58,75679
2025-06-17T11:34:00+05:30,248.58,248.7,248.55,248.63,68891
2025-06-17T11:35:00+05:30,248.63,248.65,248.55,248.6,18671
2025-06-17T11:36:00+05:30,248.56,248.6,248.5,248.55,81822
2025-06-17T11:37:00+05:30,248.51,248.59,248.5,248.58,44007
2025-06-17T11:38:00+05:30,248.58,248.59,248.52,248.58,14229
2025-06-17T11:39:00+05:30,248.58,248.58,248.56,248.57,15994
2025-06-17T11:40:00+05:30,248.57,248.59,248.5,248.58,26920
2025-06-17T11:41:00+05:30,248.58,248.59,248.51,248.57,21522
2025-06-17T11:42:00+05:30,248.56,248.59,248.55,248.57,11738
2025-06-17T11:43:00+05:30,248.57,248.58,248.55,248.56,13324
2025-06-17T11:44:00+05:30,248.56,248.59,248.3,248.3,72771
2025-06-17T11:45:00+05:30,248.33,248.36,248.14,248.24,52939
2025-06-17T11:46:00+05:30,248.24,248.54,248.22,248.29,91256
2025-06-17T11:47:00+05:30,248.29,248.29,248.21,248.22,24683
2025-06-17T11:48:00+05:30,248.22,248.25,248.21,248.22,26001
2025-06-17T11:49:00+05:30,248.22,248.27,248.15,248.16,53304
2025-06-17T11:50:00+05:30,248.16,248.16,247.9,248.05,153205
2025-06-17T11:51:00+05:30,248.05,248.2,247.95,248.02,70318
2025-06-17T11:52:00+05:30,248.02,248.04,248.0,248.01,26079
2025-06-17T11:53:00+05:30,248.01,248.25,248.01,248.23,36175
2025-06-17T11:54:00+05:30,248.23,248.43,248.23,248.34,31424
2025-06-17T11:55:00+05:30,248.34,248.58,248.31,248.5,32795
2025-06-17T11:56:00+05:30,248.54,248.55,248.42,248.42,21696
2025-06-17T11:57:00+05:30,248.44,248.54,248.31,248.45,302874
2025-06-17T11:58:00+05:30,248.45,248.5,248.4,248.46,18130
2025-06-17T11:59:00+05:30,248.46,248.5,248.42,248.49,67420
2025-06-17T12:00:00+05:30,248.49,248.54,248.32,248.38,19294
2025-06-17T12:01:00+05:30,248.38,248.48,248.33,248.42,16526
2025-06-17T12:02:00+05:30,248.41,248.47,248.27,248.27,16602
2025-06-17T12:03:00+05:30,248.34,248.4,248.25,248.27,22503
2025-06-17T12:04:00+05:30,248.27,248.28,248.14,248.21,15382
2025-06-17T12:05:00+05:30,248.21,248.38,248.09,248.31,44717
2025-06-17T12:06:00+05:30,248.31,248.36,248.26,248.29,12176
2025-06-17T12:07:00+05:30,248.26,248.36,248.21,248.31,17653
2025-06-17T12:08:00+05:30,248.33,248.49,248.3,248.44,82558
2025-06-17T12:09:00+05:30,248.44,248.49,248.28,248.46,18113
2025-06-17T12:10:00+05:30,248.46,248.49,248.33,248.42,12270
2025-06-17T12:11:00+05:30,248.39,248.45,248.35,248.39,13742
2025-06-17T12:12:00+05:30,248.39,248.45,248.36,248.36,12202
2025-06-17T12:13:00+05:30,248.37,248.37,248.16,248.23,21248
2025-06-17T12:14:00+05:30,248.23,248.33,248.19,248.33,14636
2025-06-17T12:15:00+05:30,248.3,248.4,248.21,248.4,96337
2025-06-17T12:16:00+05:30,248.39,248.4,248.3,248.3,15343
2025-06-17T12:17:00+05:30,248.32,248.35,248.2,248.29,26319
2025-06-17T12:18:00+05:30,248.29,248.35,248.22,248.33,12893
2025-06-17T12:19:00+05:30,248.27,248.33,248.26,248.27,11877
2025-06-17T12:20:00+05:30,248.26,248.27,248.21,248.22,10771
2025-06-17T12:21:00+05:30,248.22,248.22,248.17,248.17,30027
2025-06-17T12:22:00+05:30,248.17,248.82,248.12,248.64,87020
2025-06-17T12:23:00+05:30,248.64,248.7,248.61,248.69,17611
2025-06-17T12:24:00+05:30,248.69,248.74,248.42,248.43,54074
2025-06-17T12:25:00+05:30,248.41,248.49,248.33,248.42,16284
2025-06-17T12:26:00+05:30,248.42,248.46,248.35,248.38,16372
2025-06-17T12:27:00+05:30,248.39,248.4,248.3,248.38,15889
2025-06-17T12:28:00+05:30,248.38,248.55,248.3,248.49,82771
2025-06-17T12:29:00+05:30,248.5,248.5,248.35,248.37,17296
2025-06-17T12:30:00+05:30,248.37,248.59,248.36,248.48,27705
2025-06-17T12:31:00+05:30,248.48,248.5,248.37,248.42,14457
2025-06-17T12:32:00+05:30,248.47,248.47,248.34,248.35,12704
2025-06-17T12:33:00+05:30,248.35,248.38,248.22,248.26,13161
2025-06-17T12:34:00+05:30,248.26,248.33,248.19,248.19,14867
2025-06-17T12:35:00+05:30,248.28,248.5,248.2,248.43,24025
2025-06-17T12:36:00+05:30,248.43,248.43,248.26,248.29,27911
2025-06-17T12:37:00+05:30,248.35,248.49,248.28,248.43,71824
2025-06-17T12:38:00+05:30,248.46,248.49,248.3,248.45,12270
2025-06-17T12:39:00+05:30,248.45,248.45,248.32,248.34,10054
2025-06-17T12:40:00+05:30,248.33,248.4,248.33,248.38,10681
2025-06-17T12:41:00+05:30,248.38,248.38,248.28,248.37,25608
2025-06-17T12:42:00+05:30,248.37,248.38,248.33,248.37,15210
2025-06-17T12:43:00+05:30,248.36,248.37,248.31,248.32,14277
2025-06-17T12:44:00+05:30,248.32,248.34,248.17,248.31,17786
2025-06-17T12:45:00+05:30,248.31,248.36,248.1,248.3,35257
2025-06-17T12:46:00+05:30,248.3,248.37,248.2,248.26,17787
2025-06-17T12:47:00+05:30,248.26,248.29,248.2,248.28,11343
2025-06-17T12:48:00+05:30,248.28,248.38,248.03,248.22,100573
2025-06-17T12:49:00+05:30,248.22,248.29,248.13,248.28,23123
2025-06-17T12:50:00+05:30,248.27,248.28,248.2,248.22,21176
2025-06-17T12:51:00+05:30,248.22,248.4,248.22,248.34,27617
2025-06-17T12:52:00+05:30,248.34,248.35,248.2,248.27,31537
2025-06-17T12:53:00+05:30,248.29,248.33,248.27,248.28,16939
2025-06-17T12:54:00+05:30,248.27,248.34,248.25,248.31,22245
2025-06-17T12:55:00+05:30,248.31,248.31,248.07,248.17,83295
2025-06-17T12:56:00+05:30,248.22,248.31,248.09,248.3,32162
2025-06-17T12:57:00+05:30,248.3,248.35,248.26,248.32,17346
2025-06-17T12:58:00+05:30,248.32,248.35,248.24,248.26,14179
2025-06-17T12:59:00+05:30,248.26,248.35,248.21,248.26,18508
2025-06-17T13:00:00+05:30,248.27,248.3,248.21,248.24,20462
2025-06-17T13:01:00+05:30,248.24,248.3,248.18,248.27,22383
2025-06-17T13:02:00+05:30,248.29,248.29,248.16,248.18,17692
2025-06-17T13:03:00+05:30,248.18,248.35,248.18,248.24,16605
2025-06-17T13:04:00+05:30,248.23,248.24,248.17,248.22,15526
2025-06-17T13:05:00+05:30,248.22,248.34,248.15,248.33,25354
2025-06-17T13:06:00+05:30,248.34,248.41,248.32,248.38,18380
2025-06-17T13:07:00+05:30,248.38,248.44,248.37,248.37,8554
2025-06-17T13:08:00+05:30,248.38,248.4,248.28,248.31,23346
2025-06-17T13:09:00+05:30,248.31,248.4,248.23,248.39,14102
2025-06-17T13:10:00+05:30,248.39,248.49,248.32,248.42,19400
2025-06-17T13:11:00+05:30,248.42,248.42,248.3,248.31,13732
2025-06-17T13:12:00+05:30,248.31,248.31,248.21,248.25,11529
2025-06-17T13:13:00+05:30,248.25,248.26,248.21,248.23,15996
2025-06-17T13:14:00+05:30,248.23,248.24,248.22,248.23,11359
2025-06-17T13:15:00+05:30,248.23,248.44,248.16,248.32,28468
2025-06-17T13:16:00+05:30,248.32,248.41,248.28,248.39,13033
2025-06-17T13:17:00+05:30,248.38,248.42,248.25,248.27,14647
2025-06-17T13:18:00+05:30,248.27,248.35,248.18,248.22,10919
2025-06-17T13:19:00+05:30,248.22,248.32,248.17,248.25,19191
2025-06-17T13:20:00+05:30,248.25,248.28,248.17,248.21,13070
2025-06-17T13:21:00+05:30,248.21,248.21,248.0,248.12,68777
2025-06-17T13:22:00+05:30,248.12,248.14,248.0,248.14,84455
2025-06-17T13:23:00+05:30,248.1,248.14,248.02,248.05,14082
2025-06-17T13:24:00+05:30,248.05,248.14,248.03,248.07,19040
2025-06-17T13:25:00+05:30,248.1,248.14,248.04,248.13,24285
2025-06-17T13:26:00+05:30,248.13,248.14,248.09,248.12,26799
2025-06-17T13:27:00+05:30,248.12,248.12,248.0,248.04,14359
2025-06-17T13:28:00+05:30,248.04,248.14,248.01,248.11,22737
2025-06-17T13:29:00+05:30,248.11,248.18,248.06,248.16,19434
2025-06-17T13:30:00+05:30,248.16,248.21,248.06,248.13,17834
2025-06-17T13:31:00+05:30,248.13,248.17,248.04,248.07,20981
2025-06-17T13:32:00+05:30,248.04,248.25,248.0,248.18,25142
2025-06-17T13:33:00+05:30,248.16,248.29,248.16,248.21,18949
2025-06-17T13:34:00+05:30,248.21,248.3,248.07,248.11,39226
2025-06-17T13:35:00+05:30,248.11,248.16,248.05,248.14,68930
2025-06-17T13:36:00+05:30,248.14,248.14,248.1,248.11,10298
2025-06-17T13:37:00+05:30,248.11,248.11,248.05,248.09,26305
2025-06-17T13:38:00+05:30,248.09,248.31,248.08,248.21,21467
2025-06-17T13:39:00+05:30,248.21,248.28,248.21,248.25,13102
2025-06-17T13:40:00+05:30,248.25,248.25,248.16,248.2,10287
2025-06-17T13:41:00+05:30,248.2,248.23,248.16,248.2,10510
2025-06-17T13:42:00+05:30,248.21,248.21,248.07,248.07,72013
2025-06-17T13:43:00+05:30,248.08,248.2,248.07,248.16,10656
2025-06-17T13:44:00+05:30,248.16,248.25,248.15,248.21,13810
2025-06-17T13:45:00+05:30,248.21,248.21,248.09,248.11,15040
2025-06-17T13:46:00+05:30,248.11,248.12,248.04,248.11,25685
2025-06-17T13:47:00+05:30,248.1,248.12,248.07,248.11,12507
2025-06-17T13:48:00+05:30,248.09,248.11,247.91,247.99,76430
2025-06-17T13:49:00+05:30,247.99,248.0,247.58,247.79,107353
2025-06-17T13:50:00+05:30,247.79,247.79,247.6,247.6,29536
2025-06-17T13:51:00+05:30,247.63,247.75,247.62,247.7,18373
2025-06-17T13:52:00+05:30,247.75,247.89,247.55,247.6,63968
2025-06-17T13:53:00+05:30,247.61,247.7,247.51,247.7,28187
2025-06-17T13:54:00+05:30,247.66,247.7,247.51,247.59,21041
2025-06-17T13:55:00+05:30,247.56,247.7,247.45,247.56,129666
2025-06-17T13:56:00+05:30,247.56,247.64,247.5,247.55,17794
2025-06-17T13:57:00+05:30,247.55,247.72,247.5,247.55,35677
2025-06-17T13:58:00+05:30,247.52,247.66,247.5,247.5,16800
2025-06-17T13:59:00+05:30,247.5,247.52,247.45,247.51,48456
2025-06-17T14:00:00+05:30,247.51,247.51,247.48,247.49,20735
2025-06-17T14:01:00+05:30,247.48,247.67,247.38,247.59,52244
2025-06-17T14:02:00+05:30,247.56,247.7,247.56,247.68,19422
2025-06-17T14:03:00+05:30,247.67,247.77,247.54,247.6,27948
2025-06-17T14:04:00+05:30,247.6,247.78,247.6,247.72,17978
2025-06-17T14:05:00+05:30,247.7,247.95,247.7,247.86,30269
2025-06-17T14:06:00+05:30,247.86,247.86,247.8,247.81,19536
2025-06-17T14:07:00+05:30,247.8,247.83,247.67,247.67,17701
2025-06-17T14:08:00+05:30,247.67,247.7,247.66,247.67,12968
2025-06-17T14:09:00+05:30,247.66,247.87,247.6,247.84,25272
2025-06-17T14:10:00+05:30,247.84,247.9,247.81,247.87,28042
2025-06-17T14:11:00+05:30,247.87,247.89,247.76,247.84,21622
2025-06-17T14:12:00+05:30,247.84,247.95,247.82,247.93,22907
2025-06-17T14:13:00+05:30,247.92,247.92,247.71,247.84,26705
2025-06-17T14:14:00+05:30,247.84,248.45,247.81,248.45,145254
2025-06-17T14:15:00+05:30,248.45,248.93,248.45,248.55,123862
2025-06-17T14:16:00+05:30,248.51,248.55,248.2,248.22,18097
2025-06-17T14:17:00+05:30,248.22,248.27,248.06,248.27,96182
2025-06-17T14:18:00+05:30,248.27,248.29,248.12,248.15,24360
2025-06-17T14:19:00+05:30,248.15,248.28,248.02,248.26,56303
2025-06-17T14:20:00+05:30,248.28,248.4,248.25,248.36,40157
2025-06-17T14:21:00+05:30,248.36,248.36,248.11,248.22,30894
2025-06-17T14:22:00+05:30,248.22,248.27,248.04,248.16,39164
2025-06-17T14:23:00+05:30,248.16,248.33,248.11,248.28,26657
2025-06-17T14:24:00+05:30,248.28,248.38,248.17,248.32,25988
2025-06-17T14:25:00+05:30,248.32,248.4,248.21,248.32,27247
2025-06-17T14:26:00+05:30,248.32,248.36,248.23,248.25,73279
2025-06-17T14:27:00+05:30,248.26,248.5,248.23,248.5,134396
2025-06-17T14:28:00+05:30,248.47,248.75,248.37,248.65,81783
2025-06-17T14:29:00+05:30,248.64,248.87,248.63,248.75,102953
2025-06-17T14:30:00+05:30,248.75,248.76,248.53,248.62,62784
2025-06-17T14:31:00+05:30,248.65,248.75,248.6,248.73,40010
2025-06-17T14:32:00+05:30,248.73,248.73,248.59,248.67,30616
2025-06-17T14:33:00+05:30,248.67,248.74,248.38,248.38,43195
2025-06-17T14:34:00+05:30,248.4,248.64,248.36,248.55,224387
2025-06-17T14:35:00+05:30,248.55,248.58,248.36,248.45,33578
2025-06-17T14:36:00+05:30,248.45,248.48,248.06,248.06,38006
2025-06-17T14:37:00+05:30,248.09,248.25,248.06,248.2,57972
2025-06-17T14:38:00+05:30,248.2,248.21,247.95,247.98,99642
2025-06-17T14:39:00+05:30,248.0,248.2,247.96,248.07,94351
2025-06-17T14:40:00+05:30,248.03,248.15,247.96,248.09,40299
2025-06-17T14:41:00+05:30,248.09,248.12,247.99,248.02,36765
2025-06-17T14:42:00+05:30,248.0,248.37,247.86,248.2,86309
2025-06-17T14:43:00+05:30,248.28,248.4,248.2,248.35,33313
2025-06-17T14:44:00+05:30,248.34,248.38,248.3,248.38,30017
2025-06-17T14:45:00+05:30,248.37,248.38,248.3,248.34,28285
2025-06-17T14:46:00+05:30,248.34,248.38,248.18,248.27,35347
2025-06-17T14:47:00+05:30,248.25,248.37,248.17,248.26,38637
2025-06-17T14:48:00+05:30,248.23,248.31,248.23,248.25,17474
2025-06-17T14:49:00+05:30,248.25,248.32,248.19,248.3,133989
2025-06-17T14:50:00+05:30,248.27,248.39,248.25,248.3,38337
2025-06-17T14:51:00+05:30,248.3,248.34,248.01,248.06,35883
2025-06-17T14:52:00+05:30,248.05,248.23,247.97,248.2,54008
2025-06-17T14:53:00+05:30,248.2,248.23,248.1,248.15,24644
2025-06-17T14:54:00+05:30,248.15,248.3,248.01,248.05,54893
2025-06-17T14:55:00+05:30,248.05,248.11,247.98,248.03,139651
2025-06-17T14:56:00+05:30,248.0,248.03,247.62,247.66,52419
2025-06-17T14:57:00+05:30,247.66,247.69,247.45,247.55,110337
2025-06-17T14:58:00+05:30,247.49,247.84,247.39,247.84,100844
2025-06-17T14:59:00+05:30,247.82,247.88,247.7,247.73,46120
2025-06-17T15:00:00+05:30,247.76,247.95,247.64,247.79,141002
2025-06-17T15:01:00+05:30,247.78,248.04,247.43,247.5,120898
2025-06-17T15:02:00+05:30,247.54,247.66,247.5,247.66,52262
2025-06-17T15:03:00+05:30,247.66,247.8,247.52,247.53,87320
2025-06-17T15:04:00+05:30,247.52,247.61,247.51,247.53,197036
2025-06-17T15:05:00+05:30,247.53,247.54,247.45,247.49,255435
2025-06-17T15:06:00+05:30,247.52,247.67,247.48,247.53,77269
2025-06-17T15:07:00+05:30,247.53,247.78,247.48,247.59,103147
2025-06-17T15:08:00+05:30,247.59,247.63,247.26,247.59,192721
2025-06-17T15:09:00+05:30,247.59,247.67,247.18,247.41,267923
2025-06-17T15:10:00+05:30,247.46,247.46,247.21,247.32,161213
2025-06-17T15:11:00+05:30,247.32,247.59,247.29,247.55,112771
2025-06-17T15:12:00+05:30,247.52,247.55,247.26,247.32,106901
2025-06-17T15:13:00+05:30,247.32,247.34,247.3,247.34,60728
2025-06-17T15:14:00+05:30,247.33,247.34,247.2,247.26,102023
2025-06-17T15:15:00+05:30,247.26,247.26,246.89,247.01,324050
2025-06-17T15:16:00+05:30,246.99,247.2,246.98,247.16,325726
2025-06-17T15:17:00+05:30,247.16,247.16,246.96,247.04,112456
2025-06-17T15:18:00+05:30,247.04,247.12,247.0,247.04,140061
2025-06-17T15:19:00+05:30,247.04,247.26,246.91,247.2,228066
2025-06-17T15:20:00+05:30,247.15,247.19,246.93,247.13,217975
2025-06-17T15:21:00+05:30,247.13,247.17,247.0,247.16,154575
2025-06-17T15:22:00+05:30,247.16,247.16,247.02,247.15,90645
2025-06-17T15:23:00+05:30,247.15,247.16,247.0,247.05,196048
2025-06-17T15:24:00+05:30,247.05,247.21,246.85,247.16,188970
2025-06-17T15:25:00+05:30,247.13,247.17,246.94,247.1,209532
2025-06-17T15:26:00+05:30,247.09,247.1,247.01,247.06,100962
2025-06-17T15:27:00+05:30,247.06,247.12,247.04,247.12,109715
2025-06-17T15:28:00+05:30,247.12,247.25,247.0,247.2,333422
2025-06-17T15:29:00+05:30,247.25,247.25,246.95,246.96,114512
2025-06-18T09:15:00+05:30,247.45,247.99,247.32,247.6,209090
2025-06-18T09:16:00+05:30,247.69,248.16,247.5,248.02,96116
2025-06-18T09:17:00+05:30,248.13,248.2,247.46,247.52,68638
2025-06-18T09:18:00+05:30,247.56,247.8,247.16,247.79,174217
2025-06-18T09:19:00+05:30,247.8,248.45,247.79,248.11,121037
2025-06-18T09:20:00+05:30,248.14,248.26,247.72,247.92,100689
2025-06-18T09:21:00+05:30,247.91,247.95,247.7,247.78,128176
2025-06-18T09:22:00+05:30,247.78,247.9,247.53,247.75,121811
2025-06-18T09:23:00+05:30,247.75,247.9,247.34,247.86,73008
2025-06-18T09:24:00+05:30,247.86,247.91,247.66,247.72,92062
2025-06-18T09:25:00+05:30,247.72,247.81,247.65,247.78,23914
2025-06-18T09:26:00+05:30,247.79,247.83,247.5,247.6,95133
2025-06-18T09:27:00+05:30,247.6,247.89,247.6,247.83,39549
2025-06-18T09:28:00+05:30,247.83,248.58,247.83,248.58,131259
2025-06-18T09:29:00+05:30,248.58,248.61,248.36,248.55,59710
2025-06-18T09:30:00+05:30,248.55,248.59,248.21,248.21,45421
2025-06-18T09:31:00+05:30,248.27,248.37,248.0,248.18,42030
2025-06-18T09:32:00+05:30,248.14,248.5,248.08,248.46,48944
2025-06-18T09:33:00+05:30,248.46,248.49,248.02,248.06,110063
2025-06-18T09:34:00+05:30,248.03,248.14,247.77,247.91,88540
2025-06-18T09:35:00+05:30,247.91,248.0,247.62,247.74,83933
2025-06-18T09:36:00+05:30,247.72,248.18,247.72,248.0,51319
2025-06-18T09:37:00+05:30,248.0,248.18,247.84,248.05,40759
2025-06-18T09:38:00+05:30,248.04,248.05,247.91,247.93,62802
2025-06-18T09:39:00+05:30,247.93,248.61,247.91,248.25,143268
2025-06-18T09:40:00+05:30,248.21,248.54,248.21,248.44,39703
2025-06-18T09:41:00+05:30,248.44,248.45,248.02,248.14,134158
2025-06-18T09:42:00+05:30,248.14,248.4,248.14,248.16,21322
2025-06-18T09:43:00+05:30,248.16,248.55,248.16,248.4,528002
2025-06-18T09:44:00+05:30,248.35,248.44,248.2,248.35,14418
2025-06-18T09:45:00+05:30,248.35,248.48,248.29,248.44,27254
2025-06-18T09:46:00+05:30,248.45,248.55,248.36,248.49,82787
2025-06-18T09:47:00+05:30,248.49,248.85,248.49,248.82,168354
2025-06-18T09:48:00+05:30,248.78,248.85,248.51,248.71,76772
2025-06-18T09:49:00+05:30,248.64,248.76,248.5,248.71,40572
2025-06-18T09:50:00+05:30,248.71,249.0,248.71,249.0,106110
2025-06-18T09:51:00+05:30,248.98,249.15,248.86,249.06,296704
2025-06-18T09:52:00+05:30,249.09,249.5,249.06,249.47,72546
2025-06-18T09:53:00+05:30,249.47,249.5,248.99,249.09,162427
2025-06-18T09:54:00+05:30,249.13,249.19,248.53,248.71,188529
2025-06-18T09:55:00+05:30,248.75,249.0,248.6,248.95,35319
2025-06-18T09:56:00+05:30,248.97,249.0,248.63,248.7,50151
2025-06-18T09:57:00+05:30,248.74,248.8,248.41,248.48,114292
2025-06-18T09:58:00+05:30,248.46,248.66,248.25,248.54,46015
2025-06-18T09:59:00+05:30,248.54,248.67,248.45,248.49,24501
2025-06-18T10:00:00+05:30,248.49,249.13,248.45,249.09,48060
2025-06-18T10:01:00+05:30,249.09,249.2,248.66,248.71,21721
2025-06-18T10:02:00+05:30,248.71,248.91,248.55,248.75,18545
2025-06-18T10:03:00+05:30,248.7,248.85,248.65,248.68,9643
2025-06-18T10:04:00+05:30,248.65,249.09,248.55,248.99,165477
2025-06-18T10:05:00+05:30,248.9,249.0,248.9,249.0,17722
2025-06-18T10:06:00+05:30,249.01,249.54,249.01,249.5,149887
2025-06-18T10:07:00+05:30,249.5,249.73,249.33,249.33,106068
2025-06-18T10:08:00+05:30,249.33,249.33,249.03,249.09,82642
2025-06-18T10:09:00+05:30,249.12,249.21,248.97,248.97,65204
2025-06-18T10:10:00+05:30,248.97,249.0,248.84,249.0,65498
2025-06-18T10:11:00+05:30,248.97,249.03,248.75,248.96,326270
2025-06-18T10:12:00+05:30,248.96,249.29,248.93,249.05,23088
2025-06-18T10:13:00+05:30,249.0,249.3,249.0,249.3,18687
2025-06-18T10:14:00+05:30,249.3,249.6,249.27,249.32,56683
2025-06-18T10:15:00+05:30,249.32,249.6,249.32,249.51,87090
2025-06-18T10:16:00+05:30,249.51,249.7,249.51,249.67,60338
2025-06-18T10:17:00+05:30,249.65,249.67,249.51,249.59,19049
2025-06-18T10:18:00+05:30,249.58,249.62,249.17,249.35,65342
2025-06-18T10:19:00+05:30,249.35,249.35,248.97,249.1,115520
2025-06-18T10:20:00+05:30,249.08,249.19,248.89,249.16,104859
2025-06-18T10:21:00+05:30,249.12,249.49,249.1,249.42,164047
2025-06-18T10:22:00+05:30,249.47,249.47,249.1,249.18,20528
2025-06-18T10:23:00+05:30,249.15,249.15,248.83,248.85,37314
2025-06-18T10:24:00+05:30,248.83,249.0,248.65,248.72,32775
2025-06-18T10:25:00+05:30,248.7,249.67,248.51,249.67,192523
2025-06-18T10:26:00+05:30,249.6,249.7,249.41,249.45,37430
2025-06-18T10:27:00+05:30,249.45,249.65,249.15,249.23,77425
2025-06-18T10:28:00+05:30,249.23,249.47,249.18,249.34,21424
2025-06-18T10:29:00+05:30,249.4,249.48,249.28,249.41,17169
2025-06-18T10:30:00+05:30,249.45,249.5,249.2,249.21,150025
2025-06-18T10:31:00+05:30,249.23,249.26,249.0,249.05,24159
2025-06-18T10:32:00+05:30,249.0,249.01,248.7,248.79,41424
2025-06-18T10:33:00+05:30,248.76,248.89,248.65,248.66,50739
2025-06-18T10:34:00+05:30,248.66,248.72,248.25,248.37,73752
2025-06-18T10:35:00+05:30,248.3,248.46,248.11,248.24,52360
2025-06-18T10:36:00+05:30,248.24,248.35,248.11,248.35,47955
2025-06-18T10:37:00+05:30,248.35,248.53,248.29,248.49,28052
2025-06-18T10:38:00+05:30,248.4,248.52,248.27,248.5,30707
2025-06-18T10:39:00+05:30,248.44,248.73,248.44,248.68,18184
2025-06-18T10:40:00+05:30,248.61,248.8,248.61,248.73,23822
2025-06-18T10:41:00+05:30,248.76,248.98,248.73,248.96,27818
2025-06-18T10:42:00+05:30,248.88,248.93,248.65,248.67,114315
2025-06-18T10:43:00+05:30,248.67,248.96,248.67,248.75,16688
2025-06-18T10:44:00+05:30,248.75,248.75,248.69,248.69,10567
2025-06-18T10:45:00+05:30,248.69,248.7,248.51,248.63,14335
2025-06-18T10:46:00+05:30,248.69,248.8,248.62,248.8,16085
2025-06-18T10:47:00+05:30,248.77,248.94,248.77,248.94,14053
2025-06-18T10:48:00+05:30,248.93,248.97,248.62,248.76,52461
2025-06-18T10:49:00+05:30,248.79,248.8,248.62,248.63,15814
2025-06-18T10:50:00+05:30,248.63,248.68,248.63,248.63,8353
2025-06-18T10:51:00+05:30,248.63,248.68,248.29,248.39,35294
2025-06-18T10:52:00+05:30,248.39,248.45,248.11,248.38,51010
2025-06-18T10:53:00+05:30,248.35,248.38,248.01,248.01,29135
2025-06-18T10:54:00+05:30,248.01,248.1,247.73,247.81,105918
2025-06-18T10:55:00+05:30,247.8,248.12,247.75,248.06,28511
2025-06-18T10:56:00+05:30,248.06,248.56,248.06,248.25,81816
2025-06-18T10:57:00+05:30,248.34,248.36,248.17,248.3,33060
2025-06-18T10:58:00+05:30,248.27,248.45,248.24,248.41,21103
2025-06-18T10:59:00+05:30,248.41,248.5,248.41,248.48,21401
2025-06-18T11:00:00+05:30,248.47,248.48,248.26,248.4,26307
2025-06-18T11:01:00+05:30,248.36,248.49,248.35,248.45,9981
2025-06-18T11:02:00+05:30,248.45,248.51,248.45,248.5,11307
2025-06-18T11:03:00+05:30,248.5,248.51,248.36,248.47,19014
2025-06-18T11:04:00+05:30,248.41,248.47,248.41,248.47,5630
2025-06-18T11:05:00+05:30,248.45,248.47,248.3,248.32,15177
2025-06-18T11:06:00+05:30,248.32,248.35,248.3,248.33,11593
2025-06-18T11:07:00+05:30,248.33,248.35,248.2,248.29,18707
2025-06-18T11:08:00+05:30,248.26,248.37,248.11,248.29,40686
2025-06-18T11:09:00+05:30,248.29,248.8,248.24,248.8,48066
2025-06-18T11:10:00+05:30,248.8,249.23,248.77,249.12,117552
2025-06-18T11:11:00+05:30,249.05,249.25,248.85,249.24,241520
2025-06-18T11:12:00+05:30,249.19,249.56,249.17,249.37,78180
2025-06-18T11:13:00+05:30,249.37,249.57,249.26,249.55,43887
2025-06-18T11:14:00+05:30,249.48,249.9,249.47,249.66,117185
2025-06-18T11:15:00+05:30,249.6,249.9,249.52,249.9,49763
2025-06-18T11:16:00+05:30,249.86,249.9,249.51,249.54,28101
2025-06-18T11:17:00+05:30,249.51,249.71,249.36,249.65,132279
2025-06-18T11:18:00+05:30,249.65,249.65,249.38,249.54,33107
2025-06-18T11:19:00+05:30,249.51,249.8,249.51,249.74,50288
2025-06-18T11:20:00+05:30,249.69,249.75,249.45,249.56,22535
2025-06-18T11:21:00+05:30,249.53,249.67,249.45,249.59,123664
2025-06-18T11:22:00+05:30,249.61,249.7,249.47,249.68,15164
2025-06-18T11:23:00+05:30,249.59,249.68,249.45,249.45,17706
2025-06-18T11:24:00+05:30,249.5,249.53,249.39,249.4,19310
2025-06-18T11:25:00+05:30,249.37,249.52,249.11,249.39,39230
2025-06-18T11:26:00+05:30,249.41,249.55,249.34,249.34,15069
2025-06-18T11:27:00+05:30,249.35,249.59,249.32,249.59,25628
2025-06-18T11:28:00+05:30,249.56,249.6,249.35,249.4,16795
2025-06-18T11:29:00+05:30,249.4,249.44,249.02,249.02,44736
2025-06-18T11:30:00+05:30,249.08,249.6,248.9,249.49,69644
2025-06-18T11:31:00+05:30,249.46,249.49,249.19,249.29,18304
2025-06-18T11:32:00+05:30,249.25,249.36,249.03,249.3,21439
2025-06-18T11:33:00+05:30,249.3,249.33,248.61,248.74,74612
2025-06-18T11:34:00+05:30,248.83,248.83,248.71,248.77,12090
2025-06-18T11:35:00+05:30,248.77,248.9,248.61,248.84,31747
2025-06-18T11:36:00+05:30,248.76,248.97,248.71,248.97,19215
2025-06-18T11:37:00+05:30,248.97,249.46,248.91,249.46,37009
2025-06-18T11:38:00+05:30,249.43,249.59,249.4,249.54,22837
2025-06-18T11:39:00+05:30,249.49,249.9,249.4,249.9,92060
2025-06-18T11:40:00+05:30,249.9,250.21,249.7,250.04,153244
2025-06-18T11:41:00+05:30,250.05,250.08,249.88,249.95,22769
2025-06-18T11:42:00+05:30,249.93,249.95,249.73,249.95,30278
2025-06-18T11:43:00+05:30,249.95,249.95,249.55,249.61,139066
2025-06-18T11:44:00+05:30,249.63,249.8,249.61,249.79,23444
2025-06-18T11:45:00+05:30,249.77,249.89,249.57,249.67,19140
2025-06-18T11:46:00+05:30,249.64,249.71,249.63,249.67,7565
2025-06-18T11:47:00+05:30,249.69,249.8,249.63,249.8,16305
2025-06-18T11:48:00+05:30,249.8,249.8,249.61,249.7,16649
2025-06-18T11:49:00+05:30,249.7,249.77,249.53,249.66,12985
2025-06-18T11:50:00+05:30,249.64,249.64,249.5,249.55,24800
2025-06-18T11:51:00+05:30,249.55,249.55,249.11,249.23,91600
2025-06-18T11:52:00+05:30,249.22,249.25,249.09,249.25,12955
2025-06-18T11:53:00+05:30,249.25,249.29,249.24,249.28,88463
2025-06-18T11:54:00+05:30,249.28,249.29,249.21,249.21,31230
2025-06-18T11:55:00+05:30,249.21,249.28,249.16,249.16,13148
2025-06-18T11:56:00+05:30,249.16,249.25,249.16,249.25,13738
2025-06-18T11:57:00+05:30,249.25,249.25,249.02,249.12,27402
2025-06-18T11:58:00+05:30,249.12,249.12,249.05,249.09,15951
2025-06-18T11:59:00+05:30,249.09,249.12,249.01,249.04,15645
2025-06-18T12:00:00+05:30,249.04,249.08,248.62,248.75,77373
2025-06-18T12:01:00+05:30,248.75,248.88,248.74,248.8,17317
2025-06-18T12:02:00+05:30,248.84,248.88,248.5,248.55,41440
2025-06-18T12:03:00+05:30,248.55,249.1,248.55,249.05,41955
2025-06-18T12:04:00+05:30,249.05,249.15,248.99,249.1,12831
2025-06-18T12:05:00+05:30,249.15,249.17,248.89,248.97,23779
2025-06-18T12:06:00+05:30,248.92,249.0,248.82,248.98,16309
2025-06-18T12:07:00+05:30,248.98,249.16,248.95,248.99,136534
2025-06-18T12:08:00+05:30,248.99,249.0,248.88,248.91,19277
2025-06-18T12:09:00+05:30,248.91,249.0,248.83,248.94,29228
2025-06-18T12:10:00+05:30,248.86,248.94,248.81,248.92,7430
2025-06-18T12:11:00+05:30,248.92,249.0,248.91,248.95,21022
2025-06-18T12:12:00+05:30,248.93,249.0,248.91,249.0,20756
2025-06-18T12:13:00+05:30,249.0,249.0,248.98,248.99,8595
2025-06-18T12:14:00+05:30,249.0,249.0,248.9,248.98,16247
2025-06-18T12:15:00+05:30,248.97,249.0,248.88,249.0,9097
2025-06-18T12:16:00+05:30,248.99,248.99,248.8,248.9,25888
2025-06-18T12:17:00+05:30,248.9,248.94,248.88,248.94,6030
2025-06-18T12:18:00+05:30,248.91,248.98,248.91,248.98,13976
2025-06-18T12:19:00+05:30,249.0,249.0,248.92,248.97,8946
2025-06-18T12:20:00+05:30,249.0,249.0,248.68,248.82,24160
2025-06-18T12:21:00+05:30,248.84,248.88,248.63,248.72,12777
2025-06-18T12:22:00+05:30,248.7,248.72,248.62,248.65,10533
2025-06-18T12:23:00+05:30,248.65,248.67,248.6,248.64,29071
2025-06-18T12:24:00+05:30,248.64,248.65,248.5,248.64,18086
2025-06-18T12:25:00+05:30,248.65,248.69,248.57,248.69,13917
2025-06-18T12:26:00+05:30,248.69,248.76,248.65,248.7,10736
2025-06-18T12:27:00+05:30,248.7,248.75,248.54,248.75,16449
2025-06-18T12:28:00+05:30,248.72,249.1,248.63,248.94,20300
2025-06-18T12:29:00+05:30,248.99,249.0,248.8,248.8,15285
2025-06-18T12:30:00+05:30,248.86,249.02,248.8,248.99,19574
2025-06-18T12:31:00+05:30,248.99,249.01,248.8,248.96,33900
2025-06-18T12:32:00+05:30,249.0,249.03,248.81,249.0,13732
2025-06-18T12:33:00+05:30,249.0,249.0,248.79,248.84,18417
2025-06-18T12:34:00+05:30,248.84,248.87,248.71,248.79,17723
2025-06-18T12:35:00+05:30,248.86,248.88,248.68,248.77,18364
2025-06-18T12:36:00+05:30,248.77,248.81,248.66,248.76,9202
2025-06-18T12:37:00+05:30,248.75,248.98,248.75,248.96,10349
2025-06-18T12:38:00+05:30,248.98,249.0,248.97,249.0,9674
2025-06-18T12:39:00+05:30,249.0,249.0,248.98,248.99,8943
2025-06-18T12:40:00+05:30,249.0,249.1,248.99,249.0,15562
2025-06-18T12:41:00+05:30,249.08,249.1,248.84,248.84,8846
2025-06-18T12:42:00+05:30,248.94,248.94,248.75,248.76,17614
2025-06-18T12:43:00+05:30,248.77,248.77,248.66,248.73,10155
2025-06-18T12:44:00+05:30,248.73,248.82,248.63,248.71,13736
2025-06-18T12:45:00+05:30,248.71,248.71,248.61,248.62,11378
2025-06-18T12:46:00+05:30,248.62,248.84,248.6,248.71,24623
2025-06-18T12:47:00+05:30,248.71,248.78,248.65,248.71,13473
2025-06-18T12:48:00+05:30,248.7,248.71,248.6,248.6,111123
2025-06-18T12:49:00+05:30,248.67,248.67,248.0,248.09,115983
2025-06-18T12:50:00+05:30,248.09,248.35,248.09,248.21,33368
2025-06-18T12:51:00+05:30,248.21,248.33,248.1,248.27,22999
2025-06-18T12:52:00+05:30,248.28,248.3,248.15,248.3,10138
2025-06-18T12:53:00+05:30,248.3,248.4,248.23,248.33,10285
2025-06-18T12:54:00+05:30,248.32,248.35,248.23,248.26,12593
2025-06-18T12:55:00+05:30,248.33,248.33,248.1,248.19,25996
2025-06-18T12:56:00+05:30,248.19,248.19,248.0,248.15,19689
2025-06-18T12:57:00+05:30,248.15,248.25,248.1,248.12,19215
2025-06-18T12:58:00+05:30,248.14,248.14,248.0,248.08,11629
2025-06-18T12:59:00+05:30,248.1,248.11,248.08,248.1,7925
2025-06-18T13:00:00+05:30,248.1,248.2,247.75,248.2,83521
2025-06-18T13:01:00+05:30,248.2,248.34,248.16,248.33,25608
2025-06-18T13:02:00+05:30,248.31,248.33,248.2,248.32,18190
2025-06-18T13:03:00+05:30,248.32,248.38,248.13,248.14,17676
2025-06-18T13:04:00+05:30,248.14,248.3,248.04,248.27,12302
2025-06-18T13:05:00+05:30,248.27,248.4,248.23,248.26,21345
2025-06-18T13:06:00+05:30,248.29,248.4,248.26,248.29,14749
2025-06-18T13:07:00+05:30,248.37,248.44,248.29,248.37,13147
2025-06-18T13:08:00+05:30,248.4,248.68,248.36,248.58,70786
2025-06-18T13:09:00+05:30,248.5,248.59,248.5,248.55,12446
2025-06-18T13:10:00+05:30,248.52,248.58,248.52,248.58,12424
2025-06-18T13:11:00+05:30,248.58,248.58,248.5,248.52,77692
2025-06-18T13:12:00+05:30,248.52,248.52,248.33,248.49,13516
2025-06-18T13:13:00+05:30,248.49,248.5,248.47,248.48,9682
2025-06-18T13:14:00+05:30,248.48,248.5,248.37,248.5,18514
2025-06-18T13:15:00+05:30,248.45,248.46,248.24,248.39,16465
2025-06-18T13:16:00+05:30,248.35,248.4,248.3,248.37,12228
2025-06-18T13:17:00+05:30,248.45,248.48,248.3,248.43,13967
2025-06-18T13:18:00+05:30,248.38,248.44,248.38,248.4,7561
2025-06-18T13:19:00+05:30,248.44,248.44,248.4,248.42,6764
2025-06-18T13:20:00+05:30,248.43,248.49,248.31,248.4,22711
2025-06-18T13:21:00+05:30,248.4,248.41,248.38,248.4,9551
2025-06-18T13:22:00+05:30,248.39,248.4,248.38,248.38,11417
2025-06-18T13:23:00+05:30,248.38,248.39,248.1,248.27,12481
2025-06-18T13:24:00+05:30,248.25,248.29,248.13,248.27,9906
2025-06-18T13:25:00+05:30,248.26,248.27,248.16,248.16,59632
2025-06-18T13:26:00+05:30,248.16,248.2,248.16,248.19,14677
2025-06-18T13:27:00+05:30,248.18,248.2,248.11,248.11,26262
2025-06-18T13:28:00+05:30,248.11,248.16,248.0,248.05,17348
2025-06-18T13:29:00+05:30,248.05,248.19,248.0,248.19,14323
2025-06-18T13:30:00+05:30,248.19,248.25,248.17,248.25,7239
2025-06-18T13:31:00+05:30,248.25,248.3,248.16,248.3,6035
2025-06-18T13:32:00+05:30,248.4,248.49,248.32,248.49,10027
2025-06-18T13:33:00+05:30,248.49,248.5,248.3,248.33,15333
2025-06-18T13:34:00+05:30,248.33,248.38,248.26,248.36,6173
2025-06-18T13:35:00+05:30,248.38,248.39,248.27,248.32,7961
2025-06-18T13:36:00+05:30,248.35,248.39,248.3,248.35,10529
2025-06-18T13:37:00+05:30,248.39,248.59,248.39,248.59,15910
2025-06-18T13:38:00+05:30,248.59,248.66,248.45,248.45,14472
2025-06-18T13:39:00+05:30,248.48,248.59,248.45,248.51,11407
2025-06-18T13:40:00+05:30,248.57,248.65,248.57,248.6,16062
2025-06-18T13:41:00+05:30,248.6,248.66,248.55,248.58,16252
2025-06-18T13:42:00+05:30,248.62,248.65,248.52,248.52,14130
2025-06-18T13:43:00+05:30,248.52,248.57,248.41,248.44,11001
2025-06-18T13:44:00+05:30,248.52,248.52,248.17,248.2,17560
2025-06-18T13:45:00+05:30,248.23,248.41,248.22,248.36,10914
2025-06-18T13:46:00+05:30,248.37,248.41,248.21,248.23,10138
2025-06-18T13:47:00+05:30,248.21,248.34,248.2,248.2,9961
2025-06-18T13:48:00+05:30,248.26,248.26,248.2,248.21,6284
2025-06-18T13:49:00+05:30,248.21,248.27,248.21,248.25,10542
2025-06-18T13:50:00+05:30,248.27,248.35,248.11,248.11,15848
2025-06-18T13:51:00+05:30,248.16,248.24,248.1,248.15,14057
2025-06-18T13:52:00+05:30,248.15,248.2,248.1,248.2,8961
2025-06-18T13:53:00+05:30,248.2,248.2,248.06,248.06,10531
2025-06-18T13:54:00+05:30,248.07,248.3,248.06,248.2,14038
2025-06-18T13:55:00+05:30,248.23,248.36,248.2,248.24,8344
2025-06-18T13:56:00+05:30,248.24,248.27,248.07,248.13,11912
2025-06-18T13:57:00+05:30,248.14,248.29,248.13,248.13,6470
2025-06-18T13:58:00+05:30,248.19,248.3,248.13,248.26,13760
2025-06-18T13:59:00+05:30,248.3,248.38,248.21,248.3,16670
2025-06-18T14:00:00+05:30,248.33,248.4,248.15,248.15,20483
2025-06-18T14:01:00+05:30,248.19,248.25,248.06,248.12,9745
2025-06-18T14:02:00+05:30,248.08,248.21,248.0,248.18,53163
2025-06-18T14:03:00+05:30,248.18,248.28,248.15,248.18,12150
2025-06-18T14:04:00+05:30,248.19,248.27,248.15,248.24,7809
2025-06-18T14:05:00+05:30,248.27,248.27,248.15,248.18,9944
2025-06-18T14:06:00+05:30,248.2,248.29,248.16,248.16,8735
2025-06-18T14:07:00+05:30,248.21,248.29,248.07,248.2,14787
2025-06-18T14:08:00+05:30,248.29,248.4,248.21,248.35,14907
2025-06-18T14:09:00+05:30,248.35,248.4,248.16,248.25,109728
2025-06-18T14:10:00+05:30,248.27,248.3,248.21,248.22,7232
2025-06-18T14:11:00+05:30,248.22,248.3,248.22,248.25,8589
2025-06-18T14:12:00+05:30,248.3,248.33,248.15,248.23,13395
2025-06-18T14:13:00+05:30,248.25,248.33,248.24,248.26,12444
2025-06-18T14:14:00+05:30,248.3,248.33,248.22,248.23,12546
2025-06-18T14:15:00+05:30,248.3,248.31,248.1,248.13,17101
2025-06-18T14:16:00+05:30,248.13,248.3,248.1,248.19,12700
2025-06-18T14:17:00+05:30,248.2,248.21,248.12,248.15,9257
2025-06-18T14:18:00+05:30,248.15,248.2,248.06,248.07,21591
2025-06-18T14:19:00+05:30,248.07,248.29,248.07,248.24,35025
2025-06-18T14:20:00+05:30,248.24,248.32,248.16,248.27,13796
2025-06-18T14:21:00+05:30,248.27,248.32,248.21,248.22,15022
2025-06-18T14:22:00+05:30,248.27,248.29,248.22,248.23,9513
2025-06-18T14:23:00+05:30,248.23,248.31,248.22,248.22,13259
2025-06-18T14:24:00+05:30,248.27,248.3,248.02,248.06,37159
2025-06-18T14:25:00+05:30,248.03,248.29,248.02,248.15,26697
2025-06-18T14:26:00+05:30,248.15,248.17,247.8,247.8,52279
2025-06-18T14:27:00+05:30,247.84,248.0,247.8,247.92,21430
2025-06-18T14:28:00+05:30,247.92,248.0,247.91,247.92,17519
2025-06-18T14:29:00+05:30,247.92,248.2,247.92,248.2,30227
2025-06-18T14:30:00+05:30,248.19,248.25,248.13,248.25,17437
2025-06-18T14:31:00+05:30,248.25,248.4,248.19,248.4,24235
2025-06-18T14:32:00+05:30,248.4,248.6,248.37,248.4,34405
2025-06-18T14:33:00+05:30,248.45,248.56,248.4,248.52,16485
2025-06-18T14:34:00+05:30,248.52,248.65,248.52,248.64,25323
2025-06-18T14:35:00+05:30,248.65,248.94,248.64,248.88,40381
2025-06-18T14:36:00+05:30,248.83,248.88,248.65,248.77,46421
2025-06-18T14:37:00+05:30,248.8,248.8,248.66,248.77,28518
2025-06-18T14:38:00+05:30,248.77,249.14,248.76,249.0,131199
2025-06-18T14:39:00+05:30,249.02,249.15,249.02,249.11,31901
2025-06-18T14:40:00+05:30,249.14,249.15,248.84,248.94,35972
2025-06-18T14:41:00+05:30,248.94,249.07,248.9,248.96,27256
2025-06-18T14:42:00+05:30,249.0,249.01,248.9,248.9,28024
2025-06-18T14:43:00+05:30,248.9,249.0,248.75,248.81,26248
2025-06-18T14:44:00+05:30,248.85,248.88,248.51,248.62,57053
2025-06-18T14:45:00+05:30,248.62,248.87,248.62,248.78,15450
2025-06-18T14:46:00+05:30,248.8,248.9,248.75,248.85,15125
2025-06-18T14:47:00+05:30,248.84,248.99,248.78,248.94,230771
2025-06-18T14:48:00+05:30,248.94,249.38,248.94,249.26,34632
2025-06-18T14:49:00+05:30,249.27,249.35,248.94,249.35,68248
2025-06-18T14:50:00+05:30,249.35,249.35,249.15,249.2,41962
2025-06-18T14:51:00+05:30,249.2,249.35,249.16,249.28,20822
2025-06-18T14:52:00+05:30,249.3,249.35,249.2,249.29,39177
2025-06-18T14:53:00+05:30,249.3,249.34,249.15,249.15,28513
2025-06-18T14:54:00+05:30,249.12,249.3,249.05,249.11,34721
2025-06-18T14:55:00+05:30,249.16,249.23,249.1,249.1,26353
2025-06-18T14:56:00+05:30,249.12,249.12,248.81,248.91,27438
2025-06-18T14:57:00+05:30,248.93,249.0,248.9,248.94,19724
2025-06-18T14:58:00+05:30,248.94,249.0,248.91,248.99,12479
2025-06-18T14:59:00+05:30,248.99,249.0,248.94,248.94,31156
2025-06-18T15:00:00+05:30,248.95,249.25,248.83,249.25,141051
2025-06-18T15:01:00+05:30,249.25,249.34,249.16,249.23,76319
2025-06-18T15:02:00+05:30,249.27,249.29,249.11,249.14,36927
2025-06-18T15:03:00+05:30,249.16,249.19,249.04,249.05,66873
2025-06-18T15:04:00+05:30,249.1,249.14,248.93,248.93,49802
2025-06-18T15:05:00+05:30,249.05,249.05,248.91,248.98,37800
2025-06-18T15:06:00+05:30,249.0,249.02,248.66,248.74,92620
2025-06-18T15:07:00+05:30,248.69,248.79,248.52,248.52,197998
2025-06-18T15:08:00+05:30,248.52,248.59,248.22,248.35,76147
2025-06-18T15:09:00+05:30,248.36,248.49,248.32,248.49,94042
2025-06-18T15:10:00+05:30,248.49,248.49,248.2,248.35,65301
2025-06-18T15:11:00+05:30,248.38,248.48,248.23,248.3,58795
2025-06-18T15:12:00+05:30,248.33,248.4,248.25,248.34,33506
2025-06-18T15:13:00+05:30,248.3,248.39,248.2,248.2,57636
2025-06-18T15:14:00+05:30,248.25,248.38,248.18,248.31,58630
2025-06-18T15:15:00+05:30,248.31,248.38,248.16,248.29,95810
2025-06-18T15:16:00+05:30,248.32,248.37,248.12,248.28,62583
2025-06-18T15:17:00+05:30,248.28,248.28,248.14,248.2,58546
2025-06-18T15:18:00+05:30,248.2,248.25,248.05,248.08,71105
2025-06-18T15:19:00+05:30,248.19,248.19,248.05,248.07,166969
2025-06-18T15:20:00+05:30,248.07,248.35,247.82,248.3,160455
2025-06-18T15:21:00+05:30,248.19,248.34,248.18,248.23,52119
2025-06-18T15:22:00+05:30,248.25,248.25,247.86,248.01,63831
2025-06-18T15:23:00+05:30,248.01,248.13,247.88,248.09,52409
2025-06-18T15:24:00+05:30,248.09,248.19,247.94,248.11,67509
2025-06-18T15:25:00+05:30,248.1,248.13,248.0,248.1,56625
2025-06-18T15:26:00+05:30,248.08,248.33,247.87,248.22,210318
2025-06-18T15:27:00+05:30,248.21,248.22,248.01,248.13,63249
2025-06-18T15:28:00+05:30,248.14,248.4,248.06,248.09,43322
2025-06-18T15:29:00+05:30,248.08,248.3,247.77,247.87,35405
2025-06-19T09:15:00+05:30,247.87,248.7,247.21,247.87,323826
2025-06-19T09:16:00+05:30,247.95,248.21,247.7,248.0,100568
2025-06-19T09:17:00+05:30,247.99,248.49,247.52,248.38,142863
2025-06-19T09:18:00+05:30,248.34,248.52,247.8,248.17,109094
2025-06-19T09:19:00+05:30,248.18,248.27,247.87,247.99,44577
2025-06-19T09:20:00+05:30,247.9,248.09,247.7,247.95,45104
2025-06-19T09:21:00+05:30,247.95,248.1,247.81,247.9,47503
2025-06-19T09:22:00+05:30,247.91,248.15,247.88,248.06,48473
2025-06-19T09:23:00+05:30,248.06,248.1,247.9,247.9,35240
2025-06-19T09:24:00+05:30,247.96,248.9,247.9,248.87,151835
2025-06-19T09:25:00+05:30,248.89,249.68,248.87,249.55,184007
2025-06-19T09:26:00+05:30,249.55,249.86,249.0,249.0,125970
2025-06-19T09:27:00+05:30,249.09,249.1,248.53,248.79,101465
2025-06-19T09:28:00+05:30,248.74,248.79,248.27,248.53,174930
2025-06-19T09:29:00+05:30,248.53,248.88,248.32,248.75,68500
2025-06-19T09:30:00+05:30,248.75,248.86,248.6,248.84,46667
2025-06-19T09:31:00+05:30,248.83,248.93,248.53,248.53,65649
2025-06-19T09:32:00+05:30,248.56,248.73,248.42,248.53,24295
2025-06-19T09:33:00+05:30,248.52,248.72,248.5,248.62,22111
2025-06-19T09:34:00+05:30,248.62,249.0,248.62,248.85,40668
2025-06-19T09:35:00+05:30,248.81,248.87,248.6,248.66,27604
2025-06-19T09:36:00+05:30,248.66,248.7,248.66,248.67,6653
2025-06-19T09:37:00+05:30,248.67,248.67,248.11,248.48,170854
2025-06-19T09:38:00+05:30,248.48,248.6,248.35,248.55,18613
2025-06-19T09:39:00+05:30,248.55,248.56,248.4,248.4,20413
2025-06-19T09:40:00+05:30,248.4,248.5,248.3,248.32,20935
2025-06-19T09:41:00+05:30,248.31,248.5,248.22,248.4,13987
2025-06-19T09:42:00+05:30,248.4,248.44,248.28,248.36,15412
2025-06-19T09:43:00+05:30,248.35,248.81,248.3,248.81,96921
2025-06-19T09:44:00+05:30,248.81,249.0,248.7,248.79,40543
2025-06-19T09:45:00+05:30,248.78,249.2,248.38,249.06,164489
2025-06-19T09:46:00+05:30,249.11,249.45,249.0,249.01,67175
2025-06-19T09:47:00+05:30,249.01,249.29,248.76,249.13,30928
2025-06-19T09:48:00+05:30,249.16,249.2,248.86,248.86,42305
2025-06-19T09:49:00+05:30,248.8,249.1,248.75,249.08,11660
2025-06-19T09:50:00+05:30,249.08,249.08,248.7,248.74,18405
2025-06-19T09:51:00+05:30,248.77,248.86,248.59,248.7,147070
2025-06-19T09:52:00+05:30,248.7,248.7,248.5,248.51,22311
2025-06-19T09:53:00+05:30,248.51,248.76,248.49,248.49,20734
2025-06-19T09:54:00+05:30,248.49,248.78,248.49,248.77,36373
2025-06-19T09:55:00+05:30,248.73,248.78,248.58,248.62,18921
2025-06-19T09:56:00+05:30,248.61,249.15,248.54,249.15,61134
2025-06-19T09:57:00+05:30,249.06,249.59,249.01,249.27,212602
2025-06-19T09:58:00+05:30,249.26,249.27,248.97,249.2,50744
2025-06-19T09:59:00+05:30,249.19,249.36,249.02,249.16,22806
2025-06-19T10:00:00+05:30,249.18,249.25,249.05,249.06,16512
2025-06-19T10:01:00+05:30,249.05,249.34,249.01,249.15,32891
2025-06-19T10:02:00+05:30,249.15,249.4,249.11,249.39,15694
2025-06-19T10:03:00+05:30,249.39,249.5,249.35,249.4,36459
2025-06-19T10:04:00+05:30,249.4,249.6,249.17,249.52,130225
2025-06-19T10:05:00+05:30,249.52,250.1,249.48,250.04,191993
2025-06-19T10:06:00+05:30,250.04,250.06,249.56,249.71,126927
2025-06-19T10:07:00+05:30,249.71,250.1,249.65,250.1,60275
2025-06-19T10:08:00+05:30,250.1,250.55,250.1,250.5,144505
2025-06-19T10:09:00+05:30,250.5,250.75,250.4,250.7,85313
2025-06-19T10:10:00+05:30,250.7,250.9,250.15,250.33,210927
2025-06-19T10:11:00+05:30,250.33,250.87,250.1,250.79,91299
2025-06-19T10:12:00+05:30,250.8,251.56,250.77,251.4,314605
2025-06-19T10:13:00+05:30,251.4,251.75,251.36,251.55,288488
2025-06-19T10:14:00+05:30,251.55,251.89,251.23,251.74,238286
2025-06-19T10:15:00+05:30,251.75,251.89,251.39,251.47,131815
2025-06-19T10:16:00+05:30,251.47,251.99,251.46,251.99,209827
2025-06-19T10:17:00+05:30,251.98,252.36,251.87,252.33,381760
2025-06-19T10:18:00+05:30,252.34,252.4,252.09,252.28,118657
2025-06-19T10:19:00+05:30,252.28,252.89,252.28,252.68,196596
2025-06-19T10:20:00+05:30,252.68,252.76,252.35,252.59,245822
2025-06-19T10:21:00+05:30,252.5,252.8,252.15,252.15,110764
2025-06-19T10:22:00+05:30,252.24,254.8,252.09,253.81,970185
2025-06-19T10:23:00+05:30,253.8,254.0,253.46,253.81,147426
2025-06-19T10:24:00+05:30,253.88,254.4,253.81,254.0,203635
2025-06-19T10:25:00+05:30,253.98,254.37,253.56,253.72,161373
2025-06-19T10:26:00+05:30,253.72,253.88,253.17,253.43,168972
2025-06-19T10:27:00+05:30,253.43,253.47,252.44,252.59,294673
2025-06-19T10:28:00+05:30,252.51,253.09,252.47,252.8,316397
2025-06-19T10:29:00+05:30,252.7,252.8,252.0,252.11,140327
2025-06-19T10:30:00+05:30,252.11,252.48,251.61,251.75,181132
2025-06-19T10:31:00+05:30,251.75,251.96,251.68,251.88,247300
2025-06-19T10:32:00+05:30,251.81,251.89,251.62,251.8,83041
2025-06-19T10:33:00+05:30,251.73,251.81,251.31,251.51,126548
2025-06-19T10:34:00+05:30,251.52,251.69,251.2,251.24,72334
2025-06-19T10:35:00+05:30,251.3,251.3,250.85,250.96,122032
2025-06-19T10:36:00+05:30,250.96,251.14,250.66,250.8,98585
2025-06-19T10:37:00+05:30,250.79,250.9,250.61,250.88,63591
2025-06-19T10:38:00+05:30,250.88,251.36,250.85,251.2,138637
2025-06-19T10:39:00+05:30,251.21,251.35,250.91,251.32,93095
2025-06-19T10:40:00+05:30,251.32,251.5,251.05,251.21,85751
2025-06-19T10:41:00+05:30,251.3,251.3,251.0,251.03,35453
2025-06-19T10:42:00+05:30,251.08,251.45,251.01,251.27,147319
2025-06-19T10:43:00+05:30,251.27,251.27,250.85,250.95,86219
2025-06-19T10:44:00+05:30,250.97,251.3,250.85,251.29,56458
2025-06-19T10:45:00+05:30,251.28,251.61,251.21,251.5,66450
2025-06-19T10:46:00+05:30,251.5,251.94,251.46,251.75,106499
2025-06-19T10:47:00+05:30,251.76,251.87,251.6,251.66,182930
2025-06-19T10:48:00+05:30,251.66,251.76,251.37,251.72,41744
2025-06-19T10:49:00+05:30,251.69,252.3,251.48,251.87,160740
2025-06-19T10:50:00+05:30,251.87,252.3,251.81,252.23,209034
2025-06-19T10:51:00+05:30,252.23,252.5,251.88,251.88,134672
2025-06-19T10:52:00+05:30,252.0,252.0,251.72,251.8,53409
2025-06-19T10:53:00+05:30,251.76,251.87,251.4,251.49,55266
2025-06-19T10:54:00+05:30,251.44,252.2,251.4,252.15,127155
2025-06-19T10:55:00+05:30,252.11,252.23,251.9,251.93,57395
2025-06-19T10:56:00+05:30,252.01,252.3,252.01,252.28,42000
2025-06-19T10:57:00+05:30,252.28,252.34,251.77,252.12,108134
2025-06-19T10:58:00+05:30,252.12,252.23,251.9,251.95,47454
2025-06-19T10:59:00+05:30,251.9,251.98,251.76,251.8,127681
2025-06-19T11:00:00+05:30,251.75,252.08,251.72,251.84,33367
2025-06-19T11:01:00+05:30,251.85,252.0,251.81,251.95,15601
2025-06-19T11:02:00+05:30,251.95,252.3,251.88,252.16,43552
2025-06-19T11:03:00+05:30,252.23,252.3,252.01,252.24,48262
2025-06-19T11:04:00+05:30,252.24,252.3,252.04,252.1,39227
2025-06-19T11:05:00+05:30,252.16,252.19,251.9,251.99,43790
2025-06-19T11:06:00+05:30,252.0,252.14,251.8,251.9,35190
2025-06-19T11:07:00+05:30,251.9,252.0,251.51,252.0,97127
2025-06-19T11:08:00+05:30,251.95,252.11,251.79,252.01,57679
2025-06-19T11:09:00+05:30,252.0,252.3,252.0,252.23,70620
2025-06-19T11:10:00+05:30,252.29,252.45,252.15,252.36,68699
2025-06-19T11:11:00+05:30,252.36,252.9,252.24,252.77,123183
2025-06-19T11:12:00+05:30,252.87,252.9,252.37,252.45,75239
2025-06-19T11:13:00+05:30,252.5,252.56,252.3,252.51,31832
2025-06-19T11:14:00+05:30,252.51,252.69,252.35,252.35,68318
2025-06-19T11:15:00+05:30,252.34,252.34,252.15,252.28,81004
2025-06-19T11:16:00+05:30,252.29,252.69,252.21,252.5,40083
2025-06-19T11:17:00+05:30,252.52,252.8,252.5,252.8,39126
2025-06-19T11:18:00+05:30,252.74,252.8,252.47,252.58,62497
2025-06-19T11:19:00+05:30,252.58,252.6,252.3,252.37,33578
2025-06-19T11:20:00+05:30,252.37,252.49,252.26,252.47,30521
2025-06-19T11:21:00+05:30,252.47,252.5,252.31,252.4,38958
2025-06-19T11:22:00+05:30,252.4,252.4,252.25,252.25,20404
2025-06-19T11:23:00+05:30,252.31,252.31,252.0,252.1,69180
2025-06-19T11:24:00+05:30,252.1,252.1,251.71,251.85,60625
2025-06-19T11:25:00+05:30,251.85,252.15,251.7,252.0,45355
2025-06-19T11:26:00+05:30,252.0,252.0,251.73,251.76,34632
2025-06-19T11:27:00+05:30,251.76,252.0,251.76,251.97,23396
2025-06-19T11:28:00+05:30,251.98,252.26,251.93,252.18,185979
2025-06-19T11:29:00+05:30,252.18,252.19,251.85,251.9,37307
2025-06-19T11:30:00+05:30,251.88,252.1,251.88,252.1,25676
2025-06-19T11:31:00+05:30,252.05,252.4,252.05,252.21,43698
2025-06-19T11:32:00+05:30,252.2,252.5,252.15,252.42,34685
2025-06-19T11:33:00+05:30,252.42,252.5,252.34,252.45,38439
2025-06-19T11:34:00+05:30,252.5,252.5,252.19,252.3,42215
2025-06-19T11:35:00+05:30,252.3,252.3,251.7,251.91,91843
2025-06-19T11:36:00+05:30,251.91,251.95,251.82,251.82,118103
2025-06-19T11:37:00+05:30,251.82,251.9,251.35,251.4,86055
2025-06-19T11:38:00+05:30,251.46,251.52,251.22,251.4,70331
2025-06-19T11:39:00+05:30,251.4,251.42,251.32,251.42,38005
2025-06-19T11:40:00+05:30,251.38,251.84,251.38,251.62,44543
2025-06-19T11:41:00+05:30,251.62,251.72,251.51,251.55,25599
2025-06-19T11:42:00+05:30,251.57,251.68,251.4,251.41,39945
2025-06-19T11:43:00+05:30,251.41,251.42,251.01,251.11,98376
2025-06-19T11:44:00+05:30,251.1,251.11,250.78,250.94,129770
2025-06-19T11:45:00+05:30,250.94,251.01,250.91,251.0,30917
2025-06-19T11:46:00+05:30,251.0,251.15,250.81,250.82,47486
2025-06-19T11:47:00+05:30,250.92,250.99,250.62,250.87,97629
2025-06-19T11:48:00+05:30,250.96,250.97,250.7,250.82,136143
2025-06-19T11:49:00+05:30,250.8,250.82,250.68,250.8,33712
2025-06-19T11:50:00+05:30,250.75,250.85,250.73,250.83,21045
2025-06-19T11:51:00+05:30,250.8,251.0,250.74,250.82,30383
2025-06-19T11:52:00+05:30,250.81,250.96,250.76,250.88,26373
2025-06-19T11:53:00+05:30,250.87,250.97,250.8,250.88,15399
2025-06-19T11:54:00+05:30,250.88,251.2,250.81,251.04,45122
2025-06-19T11:55:00+05:30,251.04,251.04,250.76,250.78,61239
2025-06-19T11:56:00+05:30,250.8,250.8,250.25,250.36,88294
2025-06-19T11:57:00+05:30,250.39,250.64,250.39,250.6,37484
2025-06-19T11:58:00+05:30,250.58,250.68,250.42,250.64,35143
2025-06-19T11:59:00+05:30,250.64,250.85,250.53,250.65,41703
2025-06-19T12:00:00+05:30,250.65,250.65,250.32,250.44,31599
2025-06-19T12:01:00+05:30,250.49,251.1,250.44,250.97,69480
2025-06-19T12:02:00+05:30,250.97,251.1,250.7,250.7,49225
2025-06-19T12:03:00+05:30,250.7,250.94,250.56,250.88,30988
2025-06-19T12:04:00+05:30,250.9,250.97,250.73,250.82,17105
2025-06-19T12:05:00+05:30,250.82,251.0,250.75,251.0,15126
2025-06-19T12:06:00+05:30,251.0,251.2,250.86,251.2,40954
2025-06-19T12:07:00+05:30,251.2,251.4,251.1,251.14,106856
2025-06-19T12:08:00+05:30,251.13,251.35,251.01,251.01,39593
2025-06-19T12:09:00+05:30,251.04,251.14,251.04,251.14,11107
2025-06-19T12:10:00+05:30,251.14,251.2,250.9,250.9,33647
2025-06-19T12:11:00+05:30,250.9,250.98,250.85,250.89,10078
2025-06-19T12:12:00+05:30,250.89,251.0,250.89,250.93,16036
2025-06-19T12:13:00+05:30,250.98,251.2,250.84,251.1,53870
2025-06-19T12:14:00+05:30,251.1,251.2,251.05,251.1,24844
2025-06-19T12:15:00+05:30,251.05,251.2,251.0,251.17,142212
2025-06-19T12:16:00+05:30,251.17,251.19,251.05,251.18,26267
2025-06-19T12:17:00+05:30,251.18,251.18,250.73,250.8,35285
2025-06-19T12:18:00+05:30,250.8,250.8,250.6,250.68,31405
2025-06-19T12:19:00+05:30,250.69,250.85,250.55,250.57,26652
2025-06-19T12:20:00+05:30,250.55,250.57,250.26,250.32,81330
2025-06-19T12:21:00+05:30,250.38,250.39,250.05,250.05,37211
2025-06-19T12:22:00+05:30,250.05,250.11,249.73,249.93,173707
2025-06-19T12:23:00+05:30,249.93,249.94,249.8,249.92,39341
2025-06-19T12:24:00+05:30,249.92,250.18,249.85,250.0,63750
2025-06-19T12:25:00+05:30,250.04,250.26,249.8,249.94,53628
2025-06-19T12:26:00+05:30,249.84,250.03,249.75,249.85,34447
2025-06-19T12:27:00+05:30,249.87,250.12,249.81,249.99,27735
2025-06-19T12:28:00+05:30,249.99,250.07,249.85,249.9,137340
2025-06-19T12:29:00+05:30,249.85,249.9,249.8,249.87,23718
2025-06-19T12:30:00+05:30,249.89,249.99,249.87,249.98,16826
2025-06-19T12:31:00+05:30,249.98,249.98,249.65,249.65,87951
2025-06-19T12:32:00+05:30,249.65,249.76,249.5,249.65,135641
2025-06-19T12:33:00+05:30,249.69,249.88,249.31,249.35,122021
2025-06-19T12:34:00+05:30,249.36,249.5,249.28,249.3,53030
2025-06-19T12:35:00+05:30,249.25,249.38,249.16,249.25,72515
2025-06-19T12:36:00+05:30,249.25,249.3,249.1,249.17,56169
2025-06-19T12:37:00+05:30,249.2,249.25,249.1,249.2,39372
2025-06-19T12:38:00+05:30,249.2,249.28,248.85,249.28,107369
2025-06-19T12:39:00+05:30,249.28,249.42,249.09,249.26,71998
2025-06-19T12:40:00+05:30,249.26,249.27,249.05,249.05,31934
2025-06-19T12:41:00+05:30,249.11,249.22,248.87,249.0,66809
2025-06-19T12:42:00+05:30,249.0,249.02,248.85,248.85,32579
2025-06-19T12:43:00+05:30,248.89,248.99,248.81,248.94,54984
2025-06-19T12:44:00+05:30,248.94,248.98,248.85,248.91,28113
2025-06-19T12:45:00+05:30,248.95,248.95,248.47,248.62,119372
2025-06-19T12:46:00+05:30,248.61,248.62,248.3,248.31,34741
2025-06-19T12:47:00+05:30,248.43,248.9,248.37,248.64,87566
2025-06-19T12:48:00+05:30,248.64,248.82,248.61,248.73,32029
2025-06-19T12:49:00+05:30,248.73,248.76,248.41,248.46,60875
2025-06-19T12:50:00+05:30,248.44,248.6,248.32,248.5,28895
2025-06-19T12:51:00+05:30,248.51,248.6,248.42,248.53,30265
2025-06-19T12:52:00+05:30,248.53,248.53,248.41,248.46,28148
2025-06-19T12:53:00+05:30,248.47,248.65,248.39,248.56,186698
2025-06-19T12:54:00+05:30,248.47,248.6,248.47,248.56,22971
2025-06-19T12:55:00+05:30,248.56,248.63,248.46,248.54,29390
2025-06-19T12:56:00+05:30,248.54,248.57,248.4,248.53,28259
2025-06-19T12:57:00+05:30,248.55,248.65,248.45,248.54,42535
2025-06-19T12:58:00+05:30,248.54,248.65,248.5,248.5,36781
2025-06-19T12:59:00+05:30,248.5,248.5,248.35,248.5,39400
2025-06-19T13:00:00+05:30,248.45,248.53,248.35,248.5,169419
2025-06-19T13:01:00+05:30,248.5,248.66,248.45,248.57,73388
2025-06-19T13:02:00+05:30,248.62,248.99,248.61,248.72,101409
2025-06-19T13:03:00+05:30,248.67,248.75,248.6,248.62,26289
2025-06-19T13:04:00+05:30,248.62,248.69,248.6,248.63,25403
2025-06-19T13:05:00+05:30,248.6,248.84,248.6,248.77,46655
2025-06-19T13:06:00+05:30,248.8,249.25,248.8,249.23,69233
2025-06-19T13:07:00+05:30,249.24,249.58,249.23,249.31,83505
2025-06-19T13:08:00+05:30,249.31,249.45,249.25,249.36,26974
2025-06-19T13:09:00+05:30,249.36,249.45,249.13,249.31,58520
2025-06-19T13:10:00+05:30,249.22,249.31,249.03,249.15,32178
2025-06-19T13:11:00+05:30,249.18,249.18,248.94,249.12,37330
2025-06-19T13:12:00+05:30,249.12,249.29,248.8,248.88,51516
2025-06-19T13:13:00+05:30,248.88,248.99,248.8,248.85,37832
2025-06-19T13:14:00+05:30,248.9,248.97,248.85,248.91,18530
2025-06-19T13:15:00+05:30,248.92,249.1,248.91,249.07,24056
2025-06-19T13:16:00+05:30,249.1,249.3,249.07,249.18,42150
2025-06-19T13:17:00+05:30,249.14,249.26,249.0,249.04,57611
2025-06-19T13:18:00+05:30,249.09,249.2,249.06,249.1,20852
2025-06-19T13:19:00+05:30,249.1,249.48,249.05,249.21,118586
2025-06-19T13:20:00+05:30,249.29,249.29,249.08,249.12,24784
2025-06-19T13:21:00+05:30,249.13,249.48,249.11,249.34,32224
2025-06-19T13:22:00+05:30,249.34,249.48,249.21,249.35,26335
2025-06-19T13:23:00+05:30,249.35,249.48,249.29,249.36,43518
2025-06-19T13:24:00+05:30,249.4,249.65,249.3,249.53,220565
2025-06-19T13:25:00+05:30,249.53,249.57,249.3,249.34,39257
2025-06-19T13:26:00+05:30,249.34,249.42,249.1,249.17,32078
2025-06-19T13:27:00+05:30,249.12,249.22,249.01,249.1,32610
2025-06-19T13:28:00+05:30,249.1,249.15,248.91,248.91,18361
2025-06-19T13:29:00+05:30,248.91,249.16,248.91,249.12,36978
2025-06-19T13:30:00+05:30,249.12,249.24,248.96,249.02,38462
2025-06-19T13:31:00+05:30,249.02,249.25,248.94,249.14,33333
2025-06-19T13:32:00+05:30,249.19,249.34,249.1,249.15,23125
2025-06-19T13:33:00+05:30,249.13,249.25,249.0,249.12,28633
2025-06-19T13:34:00+05:30,249.13,249.23,249.11,249.14,23938
2025-06-19T13:35:00+05:30,249.18,249.35,249.14,249.25,21887
2025-06-19T13:36:00+05:30,249.25,249.33,249.2,249.3,22203
2025-06-19T13:37:00+05:30,249.3,249.38,249.15,249.38,28568
2025-06-19T13:38:00+05:30,249.38,249.45,249.32,249.4,23243
2025-06-19T13:39:00+05:30,249.4,249.55,249.34,249.54,34632
2025-06-19T13:40:00+05:30,249.54,249.75,249.5,249.62,57168
2025-06-19T13:41:00+05:30,249.67,249.67,249.5,249.56,41695
2025-06-19T13:42:00+05:30,249.56,249.6,249.33,249.35,21418
2025-06-19T13:43:00+05:30,249.43,249.43,249.2,249.2,29468
2025-06-19T13:44:00+05:30,249.22,249.22,249.0,249.05,56257
2025-06-19T13:45:00+05:30,249.05,249.1,249.0,249.09,20309
2025-06-19T13:46:00+05:30,249.09,249.1,249.01,249.09,19527
2025-06-19T13:47:00+05:30,249.1,249.1,248.82,248.83,52061
2025-06-19T13:48:00+05:30,248.83,248.99,248.76,248.92,21508
2025-06-19T13:49:00+05:30,248.92,248.99,248.88,248.88,18527
2025-06-19T13:50:00+05:30,248.89,249.09,248.89,249.01,42642
2025-06-19T13:51:00+05:30,249.01,249.15,248.96,249.15,35762
2025-06-19T13:52:00+05:30,249.15,249.37,249.15,249.21,127395
2025-06-19T13:53:00+05:30,249.21,249.24,249.06,249.24,25421
2025-06-19T13:54:00+05:30,249.25,249.55,249.24,249.33,74644
2025-06-19T13:55:00+05:30,249.41,249.45,249.25,249.26,21200
2025-06-19T13:56:00+05:30,249.3,249.34,249.01,249.02,42578
2025-06-19T13:57:00+05:30,249.08,249.16,249.01,249.05,19717
2025-06-19T13:58:00+05:30,249.09,249.42,249.04,249.38,40843
2025-06-19T13:59:00+05:30,249.38,249.48,249.3,249.47,38834
2025-06-19T14:00:00+05:30,249.47,249.84,249.36,249.76,87915
2025-06-19T14:01:00+05:30,249.84,249.97,249.57,249.69,66068
2025-06-19T14:02:00+05:30,249.69,249.7,249.55,249.67,61902
2025-06-19T14:03:00+05:30,249.67,249.9,249.49,249.89,76223
2025-06-19T14:04:00+05:30,249.89,250.3,249.79,250.12,143863
2025-06-19T14:05:00+05:30,250.12,250.29,250.0,250.21,98360
2025-06-19T14:06:00+05:30,250.17,250.3,249.87,250.01,68192
2025-06-19T14:07:00+05:30,250.08,250.1,249.9,250.0,60943
2025-06-19T14:08:00+05:30,250.0,250.09,249.93,250.02,49644
2025-06-19T14:09:00+05:30,250.05,250.11,249.97,250.0,37385
2025-06-19T14:10:00+05:30,250.0,250.02,249.9,249.98,27799
2025-06-19T14:11:00+05:30,249.95,249.98,249.61,249.81,102055
2025-06-19T14:12:00+05:30,249.81,249.86,249.55,249.7,56725
2025-06-19T14:13:00+05:30,249.7,249.7,249.5,249.68,33195
2025-06-19T14:14:00+05:30,249.68,249.7,249.57,249.64,40060
2025-06-19T14:15:00+05:30,249.64,250.04,249.64,249.92,152413
2025-06-19T14:16:00+05:30,249.98,250.0,249.8,249.95,41274
2025-06-19T14:17:00+05:30,249.95,250.14,249.9,250.05,44241
2025-06-19T14:18:00+05:30,250.05,250.25,250.01,250.17,52766
2025-06-19T14:19:00+05:30,250.17,250.19,250.0,250.02,37091
2025-06-19T14:20:00+05:30,250.02,250.08,249.97,250.04,29619
2025-06-19T14:21:00+05:30,250.05,250.66,250.02,250.6,195043
2025-06-19T14:22:00+05:30,250.6,250.65,250.26,250.32,123964
2025-06-19T14:23:00+05:30,250.32,250.42,250.15,250.29,66988
2025-06-19T14:24:00+05:30,250.34,250.45,250.15,250.24,139305
2025-06-19T14:25:00+05:30,250.24,250.33,250.0,250.0,84912
2025-06-19T14:26:00+05:30,250.0,250.09,249.26,249.3,145472
2025-06-19T14:27:00+05:30,249.34,249.34,249.16,249.33,63285
2025-06-19T14:28:00+05:30,249.34,249.49,249.12,249.44,76398
2025-06-19T14:29:00+05:30,249.44,249.44,249.2,249.25,30940
2025-06-19T14:30:00+05:30,249.23,249.25,249.05,249.11,55101
2025-06-19T14:31:00+05:30,249.13,249.36,249.08,249.28,120053
2025-06-19T14:32:00+05:30,249.28,249.42,249.14,249.31,61660
2025-06-19T14:33:00+05:30,249.31,249.35,249.21,249.22,34636
2025-06-19T14:34:00+05:30,249.22,249.23,249.14,249.15,22747
2025-06-19T14:35:00+05:30,249.15,249.25,249.12,249.14,55310
2025-06-19T14:36:00+05:30,249.14,249.16,249.05,249.05,72714
2025-06-19T14:37:00+05:30,249.1,249.1,248.88,248.92,76552
2025-06-19T14:38:00+05:30,248.93,249.15,248.79,249.04,153996
2025-06-19T14:39:00+05:30,249.04,249.19,248.98,249.14,95542
2025-06-19T14:40:00+05:30,249.14,249.14,248.71,248.71,57913
2025-06-19T14:41:00+05:30,248.71,248.76,248.25,248.34,268975
2025-06-19T14:42:00+05:30,248.34,248.59,248.31,248.34,206508
2025-06-19T14:43:00+05:30,248.35,248.49,248.23,248.3,125761
2025-06-19T14:44:00+05:30,248.32,248.64,248.3,248.5,77388
2025-06-19T14:45:00+05:30,248.54,248.77,248.5,248.65,96102
2025-06-19T14:46:00+05:30,248.66,248.68,248.57,248.57,29341
2025-06-19T14:47:00+05:30,248.57,248.63,248.5,248.54,53395
2025-06-19T14:48:00+05:30,248.54,248.67,248.5,248.54,64364
2025-06-19T14:49:00+05:30,248.6,248.6,248.5,248.52,40567
2025-06-19T14:50:00+05:30,248.52,248.56,248.5,248.52,42903
2025-06-19T14:51:00+05:30,248.52,248.68,248.5,248.52,79684
2025-06-19T14:52:00+05:30,248.52,249.14,248.51,249.14,441859
2025-06-19T14:53:00+05:30,249.08,249.14,248.79,248.92,257307
2025-06-19T14:54:00+05:30,248.93,248.98,248.78,248.92,118983
2025-06-19T14:55:00+05:30,248.91,248.92,248.59,248.76,136371
2025-06-19T14:56:00+05:30,248.76,249.41,248.71,249.38,178638
2025-06-19T14:57:00+05:30,249.41,249.5,249.37,249.46,104818
2025-06-19T14:58:00+05:30,249.47,249.75,249.47,249.7,262185
2025-06-19T14:59:00+05:30,249.75,249.75,249.5,249.5,85819
2025-06-19T15:00:00+05:30,249.53,249.72,249.36,249.61,215369
2025-06-19T15:01:00+05:30,249.61,249.63,249.29,249.5,170603
2025-06-19T15:02:00+05:30,249.51,249.53,249.38,249.39,115915
2025-06-19T15:03:00+05:30,249.39,249.54,249.34,249.41,169921
2025-06-19T15:04:00+05:30,249.41,249.58,249.38,249.56,173532
2025-06-19T15:05:00+05:30,249.56,249.56,249.27,249.3,169888
2025-06-19T15:06:00+05:30,249.3,249.65,249.23,249.57,155986
2025-06-19T15:07:00+05:30,249.57,249.65,249.46,249.53,127940
2025-06-19T15:08:00+05:30,249.54,249.65,249.38,249.44,161277
2025-06-19T15:09:00+05:30,249.45,249.65,249.41,249.61,116150
2025-06-19T15:10:00+05:30,249.59,249.63,249.46,249.53,131018
2025-06-19T15:11:00+05:30,249.54,249.54,249.33,249.4,117503
2025-06-19T15:12:00+05:30,249.41,249.55,249.34,249.34,174988
2025-06-19T15:13:00+05:30,249.34,249.51,249.34,249.4,165664
2025-06-19T15:14:00+05:30,249.39,249.78,249.39,249.6,433015
2025-06-19T15:15:00+05:30,249.6,249.88,249.6,249.81,251818
2025-06-19T15:16:00+05:30,249.81,249.91,249.8,249.8,160744
2025-06-19T15:17:00+05:30,249.81,250.0,249.8,249.81,230212
2025-06-19T15:18:00+05:30,249.81,249.94,249.59,249.59,244290
2025-06-19T15:19:00+05:30,249.61,249.61,249.32,249.32,219613
2025-06-19T15:20:00+05:30,249.32,249.47,249.25,249.31,311226
2025-06-19T15:21:00+05:30,249.31,249.32,249.1,249.24,133753
2025-06-19T15:22:00+05:30,249.24,249.47,249.12,249.25,168791
2025-06-19T15:23:00+05:30,249.27,249.27,249.19,249.19,92135
2025-06-19T15:24:00+05:30,249.2,249.22,249.07,249.14,149442
2025-06-19T15:25:00+05:30,249.13,249.15,248.87,248.91,72657
2025-06-19T15:26:00+05:30,248.9,248.92,248.5,248.5,114519
2025-06-19T15:27:00+05:30,248.54,248.66,248.44,248.5,91489
2025-06-19T15:28:00+05:30,248.5,248.59,248.26,248.39,90311
2025-06-19T15:29:00+05:30,248.39,248.59,248.2,248.25,84362
2025-06-20T09:15:00+05:30,249.2,251.15,249.02,250.8,329454
2025-06-20T09:16:00+05:30,250.7,250.88,249.92,250.88,179462
2025-06-20T09:17:00+05:30,250.76,251.67,250.33,251.5,149043
2025-06-20T09:18:00+05:30,251.5,251.65,250.54,250.76,135357
2025-06-20T09:19:00+05:30,250.77,251.43,250.51,251.12,2672688
2025-06-20T09:20:00+05:30,251.15,251.75,250.82,250.97,249284
2025-06-20T09:21:00+05:30,251.06,251.84,250.8,251.32,129668
2025-06-20T09:22:00+05:30,251.32,251.75,251.12,251.43,192505
2025-06-20T09:23:00+05:30,251.43,251.44,250.87,250.9,163183
2025-06-20T09:24:00+05:30,251.03,251.45,250.92,251.45,1265961
2025-06-20T09:25:00+05:30,251.41,251.6,251.08,251.14,77716
2025-06-20T09:26:00+05:30,251.14,251.25,250.87,251.04,90624
2025-06-20T09:27:00+05:30,251.09,251.2,250.94,251.2,28498
2025-06-20T09:28:00+05:30,251.2,251.6,251.11,251.43,81928
2025-06-20T09:29:00+05:30,251.43,252.2,251.32,251.84,296843
2025-06-20T09:30:00+05:30,251.84,252.5,251.82,252.24,221013
2025-06-20T09:31:00+05:30,252.24,252.35,252.05,252.07,86315
2025-06-20T09:32:00+05:30,252.07,252.16,251.21,251.4,223860
2025-06-20T09:33:00+05:30,251.34,251.49,251.03,251.06,103639
2025-06-20T09:34:00+05:30,251.06,251.5,251.01,251.45,54181
2025-06-20T09:35:00+05:30,251.36,251.5,251.26,251.46,31338
2025-06-20T09:36:00+05:30,251.47,251.5,251.3,251.33,28505
2025-06-20T09:37:00+05:30,251.33,251.73,251.3,251.73,53584
2025-06-20T09:38:00+05:30,251.71,252.23,251.69,252.14,90163
2025-06-20T09:39:00+05:30,252.19,252.25,251.66,251.81,76584
2025-06-20T09:40:00+05:30,251.84,251.85,251.55,251.56,39994
2025-06-20T09:41:00+05:30,251.64,252.61,251.32,252.16,2519253
2025-06-20T09:42:00+05:30,252.16,252.75,252.16,252.63,266295
2025-06-20T09:43:00+05:30,252.73,252.75,252.32,252.34,114295
2025-06-20T09:44:00+05:30,252.34,252.9,252.17,252.77,2188463
2025-06-20T09:45:00+05:30,252.72,253.25,252.56,252.79,535337
2025-06-20T09:46:00+05:30,252.71,253.13,252.6,252.88,76538
2025-06-20T09:47:00+05:30,252.88,253.23,252.8,253.23,86753
2025-06-20T09:48:00+05:30,253.23,253.39,252.8,253.05,208287
2025-06-20T09:49:00+05:30,253.05,253.39,252.93,253.3,120909
2025-06-20T09:50:00+05:30,253.22,253.25,252.8,252.9,55466
2025-06-20T09:51:00+05:30,252.9,253.0,252.76,252.95,100571
2025-06-20T09:52:00+05:30,252.9,252.95,252.6,252.64,61978
2025-06-20T09:53:00+05:30,252.6,252.64,252.3,252.38,81161
2025-06-20T09:54:00+05:30,252.3,252.6,252.1,252.54,1108985
2025-06-20T09:55:00+05:30,252.6,252.6,251.8,251.81,193556
2025-06-20T09:56:00+05:30,251.9,252.07,251.6,252.0,156701
2025-06-20T09:57:00+05:30,252.09,252.16,251.81,251.93,71448
2025-06-20T09:58:00+05:30,252.0,252.15,251.92,252.1,41117
2025-06-20T09:59:00+05:30,252.03,252.1,251.69,251.91,85365
2025-06-20T10:00:00+05:30,251.92,252.29,251.8,251.97,56326
2025-06-20T10:01:00+05:30,251.97,252.01,251.87,251.97,15455
2025-06-20T10:02:00+05:30,251.95,251.97,251.82,251.94,41357
2025-06-20T10:03:00+05:30,251.94,252.1,251.91,252.08,37378
2025-06-20T10:04:00+05:30,252.03,252.18,251.97,252.05,22808
2025-06-20T10:05:00+05:30,252.05,252.33,252.0,252.22,32122
2025-06-20T10:06:00+05:30,252.25,252.44,252.1,252.29,40446
2025-06-20T10:07:00+05:30,252.29,252.3,251.65,251.87,82330
2025-06-20T10:08:00+05:30,251.81,252.08,251.81,251.95,194708
2025-06-20T10:09:00+05:30,251.9,252.07,251.83,252.0,133845
2025-06-20T10:10:00+05:30,251.99,252.06,251.88,252.0,24715
2025-06-20T10:11:00+05:30,251.95,251.97,251.7,251.93,110937
2025-06-20T10:12:00+05:30,251.93,252.14,251.86,251.92,68877
2025-06-20T10:13:00+05:30,251.87,251.98,251.5,251.85,177917
2025-06-20T10:14:00+05:30,251.85,252.05,251.85,251.96,1115296
2025-06-20T10:15:00+05:30,251.95,252.29,251.95,252.2,95809
2025-06-20T10:16:00+05:30,252.2,252.4,252.01,252.08,78224
2025-06-20T10:17:00+05:30,252.14,252.32,252.09,252.27,83345
2025-06-20T10:18:00+05:30,252.26,252.35,252.16,252.28,43921
2025-06-20T10:19:00+05:30,252.28,252.5,252.22,252.3,74061
2025-06-20T10:20:00+05:30,252.25,252.35,252.23,252.3,24109
2025-06-20T10:21:00+05:30,252.3,252.3,252.02,252.1,39914
2025-06-20T10:22:00+05:30,252.02,252.02,251.55,251.7,116645
2025-06-20T10:23:00+05:30,251.62,251.93,251.62,251.88,64426
2025-06-20T10:24:00+05:30,251.86,252.1,251.77,251.86,56608
2025-06-20T10:25:00+05:30,251.9,251.95,251.74,251.95,42592
2025-06-20T10:26:00+05:30,251.87,251.93,251.7,251.75,54945
2025-06-20T10:27:00+05:30,251.79,252.0,251.74,251.94,46347
2025-06-20T10:28:00+05:30,251.94,251.96,251.85,251.95,18963
2025-06-20T10:29:00+05:30,251.95,251.95,251.8,251.81,27796
2025-06-20T10:30:00+05:30,251.81,251.96,251.8,251.85,43145
2025-06-20T10:31:00+05:30,251.92,252.15,251.85,251.92,79977
2025-06-20T10:32:00+05:30,251.91,252.05,251.86,252.0,20563
2025-06-20T10:33:00+05:30,251.95,252.09,251.95,251.98,24839
2025-06-20T10:34:00+05:30,251.98,252.0,251.86,251.87,43586
2025-06-20T10:35:00+05:30,251.86,251.86,251.62,251.62,116528
2025-06-20T10:36:00+05:30,251.61,251.61,251.33,251.5,130442
2025-06-20T10:37:00+05:30,251.49,251.59,251.4,251.55,73750
2025-06-20T10:38:00+05:30,251.55,251.76,251.55,251.68,34198
2025-06-20T10:39:00+05:30,251.68,251.79,251.6,251.79,34560
2025-06-20T10:40:00+05:30,251.79,251.93,251.7,251.93,32626
2025-06-20T10:41:00+05:30,251.9,251.99,251.84,251.9,30568
2025-06-20T10:42:00+05:30,251.9,251.9,251.7,251.75,26892
2025-06-20T10:43:00+05:30,251.75,251.75,251.55,251.62,38120
2025-06-20T10:44:00+05:30,251.56,251.62,251.3,251.38,72905
2025-06-20T10:45:00+05:30,251.36,251.59,251.3,251.54,51628
2025-06-20T10:46:00+05:30,251.5,251.6,251.4,251.53,59623
2025-06-20T10:47:00+05:30,251.53,251.53,251.4,251.47,23711
2025-06-20T10:48:00+05:30,251.47,251.55,251.46,251.47,10847
2025-06-20T10:49:00+05:30,251.46,251.46,251.14,251.26,93200
2025-06-20T10:50:00+05:30,251.24,251.27,251.16,251.21,28950
2025-06-20T10:51:00+05:30,251.16,251.24,251.0,251.05,105397
2025-06-20T10:52:00+05:30,251.05,251.29,251.0,251.25,68792
2025-06-20T10:53:00+05:30,251.19,251.35,251.15,251.3,44756
2025-06-20T10:54:00+05:30,251.23,251.41,251.22,251.41,25645
2025-06-20T10:55:00+05:30,251.34,251.41,251.2,251.21,25285
2025-06-20T10:56:00+05:30,251.21,251.24,251.1,251.13,22969
2025-06-20T10:57:00+05:30,251.1,251.15,250.55,250.75,188291
2025-06-20T10:58:00+05:30,250.74,250.96,250.7,250.89,33549
2025-06-20T10:59:00+05:30,250.89,250.9,250.82,250.88,20852
2025-06-20T11:00:00+05:30,250.85,250.96,250.85,250.9,29398
2025-06-20T11:01:00+05:30,250.9,250.94,250.8,250.81,33085
2025-06-20T11:02:00+05:30,250.83,250.86,250.75,250.8,68479
2025-06-20T11:03:00+05:30,250.85,250.87,250.7,250.78,52737
2025-06-20T11:04:00+05:30,250.78,250.78,250.7,250.72,20963
2025-06-20T11:05:00+05:30,250.76,250.77,250.72,250.75,18539
2025-06-20T11:06:00+05:30,250.72,250.75,250.51,250.57,118408
2025-06-20T11:07:00+05:30,250.57,250.79,250.56,250.76,54638
2025-06-20T11:08:00+05:30,250.75,250.95,250.73,250.86,23468
2025-06-20T11:09:00+05:30,250.83,250.93,250.81,250.82,32889
2025-06-20T11:10:00+05:30,250.82,250.85,250.75,250.76,27737
2025-06-20T11:11:00+05:30,250.76,250.81,250.76,250.8,12300
2025-06-20T11:12:00+05:30,250.81,251.02,250.72,250.95,103461
2025-06-20T11:13:00+05:30,250.92,251.04,250.9,250.97,58289
2025-06-20T11:14:00+05:30,250.9,251.12,250.9,251.0,36412
2025-06-20T11:15:00+05:30,251.04,251.18,251.0,251.17,46886
2025-06-20T11:16:00+05:30,251.12,251.2,251.02,251.05,33864
2025-06-20T11:17:00+05:30,251.1,251.11,250.82,250.83,47876
2025-06-20T11:18:00+05:30,250.93,250.94,250.7,250.72,16022
2025-06-20T11:19:00+05:30,250.71,250.73,250.7,250.72,19105
2025-06-20T11:20:00+05:30,250.72,250.73,250.7,250.73,13110
2025-06-20T11:21:00+05:30,250.73,250.73,250.7,250.72,16343
2025-06-20T11:22:00+05:30,250.71,250.75,250.71,250.75,18090
2025-06-20T11:23:00+05:30,250.75,250.75,250.71,250.73,16030
2025-06-20T11:24:00+05:30,250.73,250.74,250.6,250.62,25436
2025-06-20T11:25:00+05:30,250.61,250.66,250.53,250.61,21962
2025-06-20T11:26:00+05:30,250.6,250.6,250.5,250.56,60896
2025-06-20T11:27:00+05:30,250.56,250.9,250.56,250.82,47631
2025-06-20T11:28:00+05:30,250.8,250.91,250.78,250.83,44088
2025-06-20T11:29:00+05:30,250.91,251.04,250.87,251.02,29505
2025-06-20T11:30:00+05:30,251.03,251.5,251.0,251.48,36622
2025-06-20T11:31:00+05:30,251.44,251.67,251.34,251.58,72669
2025-06-20T11:32:00+05:30,251.58,251.64,251.38,251.52,32628
2025-06-20T11:33:00+05:30,251.45,251.5,251.44,251.47,27352
2025-06-20T11:34:00+05:30,251.48,251.7,251.46,251.56,56377
2025-06-20T11:35:00+05:30,251.56,251.74,251.55,251.68,64140
2025-06-20T11:36:00+05:30,251.69,251.84,251.68,251.76,87231
2025-06-20T11:37:00+05:30,251.75,251.81,251.49,251.5,36964
2025-06-20T11:38:00+05:30,251.5,251.5,251.13,251.14,35584
2025-06-20T11:39:00+05:30,251.16,251.44,251.16,251.4,55402
2025-06-20T11:40:00+05:30,251.38,251.52,251.33,251.46,34186
2025-06-20T11:41:00+05:30,251.47,251.56,251.32,251.35,32019
2025-06-20T11:42:00+05:30,251.36,251.44,251.25,251.29,45651
2025-06-20T11:43:00+05:30,251.27,251.28,251.05,251.06,33976
2025-06-20T11:44:00+05:30,251.05,251.2,250.95,251.17,73065
2025-06-20T11:45:00+05:30,251.17,251.36,251.16,251.25,30669
2025-06-20T11:46:00+05:30,251.25,251.26,251.2,251.2,16482
2025-06-20T11:47:00+05:30,251.21,251.24,251.0,251.02,49168
2025-06-20T11:48:00+05:30,251.02,251.04,250.92,250.92,25443
2025-06-20T11:49:00+05:30,250.99,250.99,250.73,250.73,39392
2025-06-20T11:50:00+05:30,250.8,251.37,250.8,251.36,98347
2025-06-20T11:51:00+05:30,251.36,251.49,251.28,251.44,48957
2025-06-20T11:52:00+05:30,251.43,251.49,251.42,251.48,19662
2025-06-20T11:53:00+05:30,251.48,251.55,251.23,251.23,83181
2025-06-20T11:54:00+05:30,251.26,251.45,251.23,251.35,19319
2025-06-20T11:55:00+05:30,251.35,251.36,251.07,251.16,25659
2025-06-20T11:56:00+05:30,251.15,251.29,251.14,251.24,19319
2025-06-20T11:57:00+05:30,251.23,251.3,251.2,251.2,92249
2025-06-20T11:58:00+05:30,251.21,251.23,251.0,251.02,34836
2025-06-20T11:59:00+05:30,251.02,251.13,251.02,251.08,21378
2025-06-20T12:00:00+05:30,251.08,251.12,250.85,250.88,39634
2025-06-20T12:01:00+05:30,250.95,251.0,250.9,250.94,13913
2025-06-20T12:02:00+05:30,250.94,250.95,250.91,250.94,19858
2025-06-20T12:03:00+05:30,250.92,251.11,250.92,251.07,43018
2025-06-20T12:04:00+05:30,251.06,251.06,250.92,250.97,28209
2025-06-20T12:05:00+05:30,250.97,251.15,250.97,251.06,20146
2025-06-20T12:06:00+05:30,251.06,251.3,251.05,251.3,37094
2025-06-20T12:07:00+05:30,251.29,251.42,251.18,251.42,66658
2025-06-20T12:08:00+05:30,251.42,251.77,251.41,251.6,120433
2025-06-20T12:09:00+05:30,251.6,251.72,251.52,251.65,39844
2025-06-20T12:10:00+05:30,251.66,251.67,251.46,251.6,45595
2025-06-20T12:11:00+05:30,251.59,251.7,251.5,251.52,51478
2025-06-20T12:12:00+05:30,251.55,251.6,251.5,251.52,16045
2025-06-20T12:13:00+05:30,251.52,251.57,251.3,251.49,88279
2025-06-20T12:14:00+05:30,251.5,251.62,251.5,251.62,35570
2025-06-20T12:15:00+05:30,251.61,251.79,251.57,251.76,104639
2025-06-20T12:16:00+05:30,251.76,251.8,251.26,251.31,108773
2025-06-20T12:17:00+05:30,251.31,251.31,251.19,251.19,64693
2025-06-20T12:18:00+05:30,251.18,251.27,251.15,251.25,47357
2025-06-20T12:19:00+05:30,251.26,251.5,251.25,251.5,68349
2025-06-20T12:20:00+05:30,251.44,251.79,251.44,251.75,106061
2025-06-20T12:21:00+05:30,251.68,251.74,251.41,251.5,48050
2025-06-20T12:22:00+05:30,251.54,251.69,251.4,251.4,68637
2025-06-20T12:23:00+05:30,251.4,251.46,251.0,251.05,63268
2025-06-20T12:24:00+05:30,251.01,251.05,251.0,251.01,14216
2025-06-20T12:25:00+05:30,251.01,251.01,250.7,250.7,141873
2025-06-20T12:26:00+05:30,250.74,250.99,250.69,250.88,44720
2025-06-20T12:27:00+05:30,250.88,251.11,250.79,250.8,63843
2025-06-20T12:28:00+05:30,250.83,251.01,250.81,250.93,45381
2025-06-20T12:29:00+05:30,250.92,250.97,250.77,250.84,23967
2025-06-20T12:30:00+05:30,250.84,251.05,250.8,251.0,20169
2025-06-20T12:31:00+05:30,251.01,251.09,250.87,250.94,35872
2025-06-20T12:32:00+05:30,250.9,251.3,250.9,251.23,27906
2025-06-20T12:33:00+05:30,251.26,251.45,251.0,251.37,91008
2025-06-20T12:34:00+05:30,251.39,251.39,251.09,251.29,21430
2025-06-20T12:35:00+05:30,251.3,251.3,251.11,251.14,37616
2025-06-20T12:36:00+05:30,251.14,251.15,250.96,250.96,126550
2025-06-20T12:37:00+05:30,251.0,251.15,250.96,251.11,30405
2025-06-20T12:38:00+05:30,251.13,251.31,251.09,251.15,55925
2025-06-20T12:39:00+05:30,251.25,251.31,250.97,250.97,76063
2025-06-20T12:40:00+05:30,251.0,251.01,250.85,250.85,13261
2025-06-20T12:41:00+05:30,250.85,250.9,250.72,250.87,47921
2025-06-20T12:42:00+05:30,250.87,251.04,250.85,250.99,29170
2025-06-20T12:43:00+05:30,250.99,251.11,250.9,251.05,12586
2025-06-20T12:44:00+05:30,251.06,251.2,251.03,251.08,31556
2025-06-20T12:45:00+05:30,251.08,251.16,251.05,251.11,18314
2025-06-20T12:46:00+05:30,251.1,251.28,251.07,251.18,35801
2025-06-20T12:47:00+05:30,251.18,251.23,251.02,251.09,33747
2025-06-20T12:48:00+05:30,251.13,251.17,251.06,251.15,19040
2025-06-20T12:49:00+05:30,251.15,251.3,251.12,251.27,30559
2025-06-20T12:50:00+05:30,251.27,251.48,251.15,251.39,85740
2025-06-20T12:51:00+05:30,251.39,252.0,251.39,251.83,519794
2025-06-20T12:52:00+05:30,251.83,251.83,251.6,251.8,104738
2025-06-20T12:53:00+05:30,251.75,251.87,251.68,251.77,65917
2025-06-20T12:54:00+05:30,251.8,251.84,251.68,251.77,54097
2025-06-20T12:55:00+05:30,251.79,251.84,251.65,251.78,37741
2025-06-20T12:56:00+05:30,251.78,251.84,251.65,251.82,88692
2025-06-20T12:57:00+05:30,251.75,251.85,251.7,251.74,34421
2025-06-20T12:58:00+05:30,251.74,251.84,251.62,251.72,24963
2025-06-20T12:59:00+05:30,251.72,251.96,251.63,251.78,74629
2025-06-20T13:00:00+05:30,251.81,252.39,251.72,252.23,1242509
2025-06-20T13:01:00+05:30,252.33,252.53,252.22,252.53,101146
2025-06-20T13:02:00+05:30,252.53,252.8,252.5,252.8,151604
2025-06-20T13:03:00+05:30,252.8,252.8,252.42,252.62,64508
2025-06-20T13:04:00+05:30,252.62,252.69,252.35,252.53,41945
2025-06-20T13:05:00+05:30,252.53,252.68,252.42,252.54,38424
2025-06-20T13:06:00+05:30,252.54,252.88,252.4,252.84,82789
2025-06-20T13:07:00+05:30,252.88,252.99,252.8,252.89,61906
2025-06-20T13:08:00+05:30,252.9,253.3,252.73,252.96,317307
2025-06-20T13:09:00+05:30,252.93,253.0,252.75,252.75,57010
2025-06-20T13:10:00+05:30,252.75,252.86,252.35,252.49,55117
2025-06-20T13:11:00+05:30,252.46,252.5,252.31,252.38,54759
2025-06-20T13:12:00+05:30,252.41,252.41,252.12,252.14,50709
2025-06-20T13:13:00+05:30,252.23,252.41,252.11,252.39,43954
2025-06-20T13:14:00+05:30,252.36,252.4,252.21,252.24,28360
2025-06-20T13:15:00+05:30,252.3,252.5,252.23,252.45,57907
2025-06-20T13:16:00+05:30,252.45,252.46,252.01,252.1,50941
2025-06-20T13:17:00+05:30,252.14,252.14,251.76,251.84,47547
2025-06-20T13:18:00+05:30,251.77,252.11,251.77,252.06,31790
2025-06-20T13:19:00+05:30,252.06,252.22,251.93,252.08,51573
2025-06-20T13:20:00+05:30,252.08,252.17,251.94,251.95,23400
2025-06-20T13:21:00+05:30,252.0,252.12,251.93,252.05,22268
2025-06-20T13:22:00+05:30,252.11,252.13,252.0,252.07,18931
2025-06-20T13:23:00+05:30,252.07,252.38,251.89,251.97,70348
2025-06-20T13:24:00+05:30,251.9,252.0,251.88,251.92,30960
2025-06-20T13:25:00+05:30,251.92,252.1,251.91,251.96,24962
2025-06-20T13:26:00+05:30,251.95,252.09,251.94,252.0,20089
2025-06-20T13:27:00+05:30,252.0,252.0,251.8,251.85,40193
2025-06-20T13:28:00+05:30,251.86,252.03,251.85,252.02,24461
2025-06-20T13:29:00+05:30,251.92,252.09,251.75,251.75,30374
2025-06-20T13:30:00+05:30,251.75,251.91,251.75,251.82,19614
2025-06-20T13:31:00+05:30,251.82,251.85,251.71,251.71,12841
2025-06-20T13:32:00+05:30,251.72,251.82,251.7,251.78,22445
2025-06-20T13:33:00+05:30,251.72,251.74,251.39,251.5,81279
2025-06-20T13:34:00+05:30,251.51,251.75,251.38,251.7,28411
2025-06-20T13:35:00+05:30,251.7,251.85,251.61,251.82,26297
2025-06-20T13:36:00+05:30,251.82,251.82,251.55,251.65,20652
2025-06-20T13:37:00+05:30,251.65,251.68,251.56,251.62,14775
2025-06-20T13:38:00+05:30,251.62,251.62,251.51,251.54,25240
2025-06-20T13:39:00+05:30,251.54,251.6,251.4,251.42,24525
2025-06-20T13:40:00+05:30,251.4,251.6,251.31,251.54,31959
2025-06-20T13:41:00+05:30,251.47,251.6,251.45,251.5,18999
2025-06-20T13:42:00+05:30,251.5,251.54,251.31,251.41,27405
2025-06-20T13:43:00+05:30,251.41,251.47,251.39,251.43,17986
2025-06-20T13:44:00+05:30,251.47,251.57,251.42,251.56,25275
2025-06-20T13:45:00+05:30,251.52,251.59,251.45,251.54,14143
2025-06-20T13:46:00+05:30,251.54,251.61,251.41,251.51,33116
2025-06-20T13:47:00+05:30,251.49,251.67,251.44,251.51,33543
2025-06-20T13:48:00+05:30,251.51,251.57,251.49,251.57,15882
2025-06-20T13:49:00+05:30,251.57,252.12,251.47,252.03,510401
2025-06-20T13:50:00+05:30,252.06,252.1,251.81,251.9,20941
2025-06-20T13:51:00+05:30,251.91,251.94,251.9,251.9,23210
2025-06-20T13:52:00+05:30,251.92,251.94,251.81,251.93,45078
2025-06-20T13:53:00+05:30,251.93,251.94,251.8,251.93,17557
2025-06-20T13:54:00+05:30,251.93,251.93,251.8,251.92,16125
2025-06-20T13:55:00+05:30,251.92,251.92,251.69,251.69,22405
2025-06-20T13:56:00+05:30,251.74,251.74,251.59,251.63,24267
2025-06-20T13:57:00+05:30,251.63,251.7,251.55,251.6,27730
2025-06-20T13:58:00+05:30,251.64,251.64,251.41,251.51,21484
2025-06-20T13:59:00+05:30,251.51,251.57,251.43,251.43,16289
2025-06-20T14:00:00+05:30,251.51,251.61,251.44,251.51,26382
2025-06-20T14:01:00+05:30,251.59,251.59,251.5,251.5,14542
2025-06-20T14:02:00+05:30,251.5,251.56,251.39,251.39,27274
2025-06-20T14:03:00+05:30,251.4,251.44,251.3,251.4,42060
2025-06-20T14:04:00+05:30,251.4,251.46,251.31,251.39,28757
2025-06-20T14:05:00+05:30,251.31,251.49,251.28,251.49,45117
2025-06-20T14:06:00+05:30,251.47,251.59,251.29,251.48,39583
2025-06-20T14:07:00+05:30,251.52,251.52,251.37,251.46,29278
2025-06-20T14:08:00+05:30,251.46,251.5,251.38,251.45,17799
2025-06-20T14:09:00+05:30,251.45,251.53,251.4,251.46,13348
2025-06-20T14:10:00+05:30,251.46,251.49,251.39,251.44,16006
2025-06-20T14:11:00+05:30,251.44,251.57,251.4,251.57,25950
2025-06-20T14:12:00+05:30,251.57,251.62,251.51,251.6,17034
2025-06-20T14:13:00+05:30,251.6,251.62,251.57,251.57,14407
2025-06-20T14:14:00+05:30,251.57,251.65,251.55,251.63,19836
2025-06-20T14:15:00+05:30,251.63,251.65,251.41,251.47,21361
2025-06-20T14:16:00+05:30,251.46,251.9,251.46,251.84,66238
2025-06-20T14:17:00+05:30,251.9,252.25,251.8,252.25,139778
2025-06-20T14:18:00+05:30,252.25,252.25,252.06,252.13,54884
2025-06-20T14:19:00+05:30,252.15,252.23,252.0,252.04,46089
2025-06-20T14:20:00+05:30,252.01,252.04,251.81,251.81,26173
2025-06-20T14:21:00+05:30,251.82,251.85,251.77,251.84,35250
2025-06-20T14:22:00+05:30,251.84,251.86,251.8,251.85,29910
2025-06-20T14:23:00+05:30,251.85,251.89,251.83,251.85,50514
2025-06-20T14:24:00+05:30,251.85,252.0,251.84,251.98,24478
2025-06-20T14:25:00+05:30,251.99,252.04,251.9,252.04,45984
2025-06-20T14:26:00+05:30,252.02,252.09,252.0,252.01,18329
2025-06-20T14:27:00+05:30,252.01,252.04,251.75,251.75,50417
2025-06-20T14:28:00+05:30,251.77,251.8,251.75,251.76,25865
2025-06-20T14:29:00+05:30,251.76,252.0,251.55,251.92,66960
2025-06-20T14:30:00+05:30,251.92,251.98,251.84,251.84,16477
2025-06-20T14:31:00+05:30,251.87,251.87,251.83,251.85,17738
2025-06-20T14:32:00+05:30,251.85,251.87,251.84,251.85,26060
2025-06-20T14:33:00+05:30,251.87,251.88,251.82,251.87,35521
2025-06-20T14:34:00+05:30,251.87,251.87,251.81,251.81,20682
2025-06-20T14:35:00+05:30,251.85,252.11,251.81,252.11,105506
2025-06-20T14:36:00+05:30,252.1,252.18,252.06,252.15,39596
2025-06-20T14:37:00+05:30,252.15,252.2,252.14,252.19,44479
2025-06-20T14:38:00+05:30,252.18,252.45,252.16,252.42,54675
2025-06-20T14:39:00+05:30,252.4,252.62,252.34,252.5,164973
2025-06-20T14:40:00+05:30,252.5,252.7,252.49,252.61,173918
2025-06-20T14:41:00+05:30,252.61,252.7,252.58,252.66,88920
2025-06-20T14:42:00+05:30,252.67,252.75,252.58,252.61,61679
2025-06-20T14:43:00+05:30,252.62,253.0,252.61,252.98,148411
2025-06-20T14:44:00+05:30,252.98,253.25,252.85,253.11,365065
2025-06-20T14:45:00+05:30,253.1,253.25,252.99,253.23,395422
2025-06-20T14:46:00+05:30,253.25,253.25,252.35,252.44,226496
2025-06-20T14:47:00+05:30,252.44,252.5,252.23,252.44,108934
2025-06-20T14:48:00+05:30,252.33,252.5,252.33,252.5,64741
2025-06-20T14:49:00+05:30,252.49,252.55,252.42,252.5,189700
2025-06-20T14:50:00+05:30,252.5,252.69,252.45,252.6,144775
2025-06-20T14:51:00+05:30,252.6,252.69,252.35,252.5,162856
2025-06-20T14:52:00+05:30,252.5,252.5,252.45,252.47,47191
2025-06-20T14:53:00+05:30,252.47,252.47,252.31,252.44,90136
2025-06-20T14:54:00+05:30,252.44,252.5,252.41,252.45,58545
2025-06-20T14:55:00+05:30,252.47,252.47,252.25,252.3,58072
2025-06-20T14:56:00+05:30,252.3,252.51,252.24,252.45,112158
2025-06-20T14:57:00+05:30,252.44,252.5,252.32,252.4,53326
2025-06-20T14:58:00+05:30,252.4,252.4,252.32,252.33,15530
2025-06-20T14:59:00+05:30,252.33,252.41,252.32,252.41,80901
2025-06-20T15:00:00+05:30,252.4,253.15,252.39,253.11,565693
2025-06-20T15:01:00+05:30,253.12,253.69,253.03,253.3,917400
2025-06-20T15:02:00+05:30,253.32,253.38,252.83,253.18,520383
2025-06-20T15:03:00+05:30,253.18,253.35,253.12,253.31,439490
2025-06-20T15:04:00+05:30,253.31,253.42,253.0,253.16,505287
2025-06-20T15:05:00+05:30,253.19,253.29,253.01,253.25,392585
2025-06-20T15:06:00+05:30,253.25,253.26,253.0,253.17,492856
2025-06-20T15:07:00+05:30,253.17,253.18,252.77,252.93,502956
2025-06-20T15:08:00+05:30,252.93,253.22,252.86,253.09,594199
2025-06-20T15:09:00+05:30,253.09,253.46,253.07,253.33,601295
2025-06-20T15:10:00+05:30,253.34,253.38,253.24,253.34,467980
2025-06-20T15:11:00+05:30,253.34,253.4,253.0,253.12,623159
2025-06-20T15:12:00+05:30,253.12,253.34,253.05,253.06,520825
2025-06-20T15:13:00+05:30,253.06,253.1,252.89,252.99,597233
2025-06-20T15:14:00+05:30,252.94,253.3,252.88,253.16,637636
2025-06-20T15:15:00+05:30,253.15,253.33,253.04,253.21,461952
2025-06-20T15:16:00+05:30,253.26,253.35,253.09,253.17,572831
2025-06-20T15:17:00+05:30,253.17,253.23,253.13,253.22,374540
2025-06-20T15:18:00+05:30,253.23,253.41,253.22,253.38,653404
2025-06-20T15:19:00+05:30,253.38,253.4,253.21,253.31,799711
2025-06-20T15:20:00+05:30,253.34,253.4,253.25,253.38,798047
2025-06-20T15:21:00+05:30,253.39,253.49,253.37,253.48,456363
2025-06-20T15:22:00+05:30,253.48,254.0,253.47,253.99,703983
2025-06-20T15:23:00+05:30,254.0,254.15,253.86,254.05,659370
2025-06-20T15:24:00+05:30,254.05,254.1,253.95,254.0,509137
2025-06-20T15:25:00+05:30,254.03,254.03,253.73,253.96,425003
2025-06-20T15:26:00+05:30,253.95,253.97,253.56,253.57,344491
2025-06-20T15:27:00+05:30,253.57,254.0,253.56,253.8,445756
2025-06-20T15:28:00+05:30,253.8,253.91,252.99,252.99,169899
2025-06-20T15:29:00+05:30,252.93,253.25,252.43,253.0,118910
2025-06-23T09:15:00+05:30,250.2,252.53,250.17,251.66,405239
2025-06-23T09:16:00+05:30,251.53,251.97,251.28,251.33,113495
2025-06-23T09:17:00+05:30,251.47,251.49,250.49,250.6,125481
2025-06-23T09:18:00+05:30,250.69,250.97,250.1,250.97,214337
2025-06-23T09:19:00+05:30,250.86,251.0,250.56,250.95,94898
2025-06-23T09:20:00+05:30,250.9,250.95,250.33,250.5,81176
2025-06-23T09:21:00+05:30,250.42,250.95,250.42,250.84,63924
2025-06-23T09:22:00+05:30,250.87,251.0,250.55,250.86,67580
2025-06-23T09:23:00+05:30,250.86,250.88,250.05,250.32,178344
2025-06-23T09:24:00+05:30,250.38,250.66,250.15,250.4,76516
2025-06-23T09:25:00+05:30,250.47,250.98,250.33,250.95,76190
2025-06-23T09:26:00+05:30,250.95,251.43,250.6,250.65,215156
2025-06-23T09:27:00+05:30,250.65,250.65,250.35,250.51,89778
2025-06-23T09:28:00+05:30,250.51,251.17,250.31,250.88,134750
2025-06-23T09:29:00+05:30,250.79,251.78,250.79,251.6,100508
2025-06-23T09:30:00+05:30,251.63,252.44,251.61,251.88,154240
2025-06-23T09:31:00+05:30,251.94,252.2,251.5,251.74,97511
2025-06-23T09:32:00+05:30,251.7,251.8,251.56,251.56,34008
2025-06-23T09:33:00+05:30,251.55,251.61,250.89,250.89,96922
2025-06-23T09:34:00+05:30,250.97,251.24,250.85,251.09,95836
2025-06-23T09:35:00+05:30,251.0,251.38,251.0,251.1,50284
2025-06-23T09:36:00+05:30,251.11,251.2,251.05,251.07,34232
2025-06-23T09:37:00+05:30,251.07,251.13,250.73,250.73,74339
2025-06-23T09:38:00+05:30,250.74,250.89,250.59,250.75,107337
2025-06-23T09:39:00+05:30,250.85,251.1,250.75,250.96,30398
2025-06-23T09:40:00+05:30,251.0,251.01,250.9,250.91,26987
2025-06-23T09:41:00+05:30,250.89,251.0,250.75,251.0,23862
2025-06-23T09:42:00+05:30,250.9,250.92,250.6,250.71,60657
2025-06-23T09:43:00+05:30,250.65,250.96,250.62,250.8,33774
2025-06-23T09:44:00+05:30,250.8,250.85,250.65,250.78,34065
2025-06-23T09:45:00+05:30,250.78,250.85,250.5,250.62,82833
2025-06-23T09:46:00+05:30,250.64,250.69,250.5,250.56,44548
2025-06-23T09:47:00+05:30,250.55,250.62,250.51,250.55,48395
2025-06-23T09:48:00+05:30,250.56,250.85,250.53,250.85,53465
2025-06-23T09:49:00+05:30,250.77,251.26,250.77,251.11,54809
2025-06-23T09:50:00+05:30,251.05,251.5,251.0,251.45,59220
2025-06-23T09:51:00+05:30,251.44,251.77,251.39,251.64,64207
2025-06-23T09:52:00+05:30,251.66,251.77,251.45,251.59,40222
2025-06-23T09:53:00+05:30,251.56,251.87,251.56,251.68,62161
2025-06-23T09:54:00+05:30,251.68,251.75,251.6,251.63,33725
2025-06-23T09:55:00+05:30,251.65,251.65,251.22,251.46,64326
2025-06-23T09:56:00+05:30,251.5,251.78,251.1,251.22,53810
2025-06-23T09:57:00+05:30,251.36,251.85,251.24,251.56,38756
2025-06-23T09:58:00+05:30,251.57,253.13,251.56,252.61,358762
2025-06-23T09:59:00+05:30,252.56,253.3,252.55,253.08,171083
2025-06-23T10:00:00+05:30,253.08,253.11,252.57,252.73,51514
2025-06-23T10:01:00+05:30,252.76,253.08,252.6,253.08,52367
2025-06-23T10:02:00+05:30,253.07,253.08,252.47,252.53,66146
2025-06-23T10:03:00+05:30,252.6,252.92,252.52,252.8,37934
2025-06-23T10:04:00+05:30,252.75,252.81,252.42,252.52,50542
2025-06-23T10:05:00+05:30,252.54,252.98,252.54,252.77,46194
2025-06-23T10:06:00+05:30,252.78,253.22,252.56,253.18,76108
2025-06-23T10:07:00+05:30,253.16,253.18,252.9,252.99,52251
2025-06-23T10:08:00+05:30,252.99,253.1,252.77,253.0,36871
2025-06-23T10:09:00+05:30,252.91,252.99,252.6,252.67,28895
2025-06-23T10:10:00+05:30,252.7,252.99,252.59,252.86,57893
2025-06-23T10:11:00+05:30,252.9,253.5,252.86,253.4,86079
2025-06-23T10:12:00+05:30,253.5,253.67,253.2,253.3,126610
2025-06-23T10:13:00+05:30,253.31,253.65,253.15,253.51,55014
2025-06-23T10:14:00+05:30,253.51,254.25,253.5,254.02,148595
2025-06-23T10:15:00+05:30,254.1,254.17,253.58,253.65,211865
2025-06-23T10:16:00+05:30,253.61,253.88,253.45,253.5,143760
2025-06-23T10:17:00+05:30,253.44,253.61,253.0,253.0,79194
2025-06-23T10:18:00+05:30,253.06,253.1,252.7,252.7,51508
2025-06-23T10:19:00+05:30,252.74,252.77,252.47,252.67,67597
2025-06-23T10:20:00+05:30,252.62,252.76,252.51,252.56,48229
2025-06-23T10:21:00+05:30,252.62,252.98,252.6,252.88,35148
2025-06-23T10:22:00+05:30,252.82,253.29,252.79,253.2,33746
2025-06-23T10:23:00+05:30,253.25,253.36,253.02,253.05,43094
2025-06-23T10:24:00+05:30,253.07,253.1,252.89,252.94,25821
2025-06-23T10:25:00+05:30,252.89,253.29,252.84,253.14,30593
2025-06-23T10:26:00+05:30,253.2,253.2,252.9,253.01,23319
2025-06-23T10:27:00+05:30,253.07,253.34,253.02,253.25,24703
2025-06-23T10:28:00+05:30,253.29,253.29,253.08,253.15,22937
2025-06-23T10:29:00+05:30,253.15,253.3,253.11,253.24,18293
2025-06-23T10:30:00+05:30,253.24,253.3,253.09,253.22,20653
2025-06-23T10:31:00+05:30,253.19,253.69,253.0,253.69,63406
2025-06-23T10:32:00+05:30,253.64,253.64,253.35,253.57,16110
2025-06-23T10:33:00+05:30,253.5,253.6,253.42,253.47,21966
2025-06-23T10:34:00+05:30,253.47,253.5,253.37,253.45,16228
2025-06-23T10:35:00+05:30,253.38,253.69,253.37,253.56,29217
2025-06-23T10:36:00+05:30,253.55,253.8,253.54,253.63,37487
2025-06-23T10:37:00+05:30,253.62,253.75,253.51,253.51,31148
2025-06-23T10:38:00+05:30,253.55,253.55,253.33,253.45,41174
2025-06-23T10:39:00+05:30,253.39,253.7,253.36,253.64,21226
2025-06-23T10:40:00+05:30,253.63,253.7,253.45,253.5,15197
2025-06-23T10:41:00+05:30,253.54,253.63,253.45,253.51,13160
2025-06-23T10:42:00+05:30,253.52,254.22,253.51,254.15,92434
2025-06-23T10:43:00+05:30,254.11,254.25,253.92,254.08,71839
2025-06-23T10:44:00+05:30,254.13,254.99,254.08,254.99,174362
2025-06-23T10:45:00+05:30,254.99,255.25,254.64,254.83,383657
2025-06-23T10:46:00+05:30,254.83,255.25,254.82,255.05,113203
2025-06-23T10:47:00+05:30,255.0,255.48,254.83,255.4,157109
2025-06-23T10:48:00+05:30,255.32,255.4,255.0,255.2,132746
2025-06-23T10:49:00+05:30,255.16,255.16,254.92,255.08,51503
2025-06-23T10:50:00+05:30,255.08,255.15,254.9,255.06,62073
2025-06-23T10:51:00+05:30,255.0,255.06,254.71,254.88,73562
2025-06-23T10:52:00+05:30,254.97,255.0,254.79,254.91,57008
2025-06-23T10:53:00+05:30,254.91,254.95,254.69,254.69,35656
2025-06-23T10:54:00+05:30,254.69,254.97,254.6,254.76,86006
2025-06-23T10:55:00+05:30,254.75,254.85,254.64,254.8,19423
2025-06-23T10:56:00+05:30,254.81,255.15,254.76,255.0,74736
2025-06-23T10:57:00+05:30,255.0,255.03,254.8,254.82,34927
2025-06-23T10:58:00+05:30,254.8,254.9,254.8,254.85,15131
2025-06-23T10:59:00+05:30,254.85,255.14,254.85,255.03,39887
2025-06-23T11:00:00+05:30,254.97,255.0,254.87,254.97,23999
2025-06-23T11:01:00+05:30,255.0,255.0,254.84,254.94,37865
2025-06-23T11:02:00+05:30,254.94,254.99,254.82,254.92,24256
2025-06-23T11:03:00+05:30,254.92,254.95,254.66,254.76,47278
2025-06-23T11:04:00+05:30,254.86,254.95,254.77,254.91,26217
2025-06-23T11:05:00+05:30,254.95,255.14,254.9,254.95,43240
2025-06-23T11:06:00+05:30,254.9,255.11,254.71,254.71,30999
2025-06-23T11:07:00+05:30,254.71,254.88,254.71,254.88,21285
2025-06-23T11:08:00+05:30,254.9,255.14,254.84,255.06,30364
2025-06-23T11:09:00+05:30,255.11,255.38,255.06,255.23,77373
2025-06-23T11:10:00+05:30,255.23,255.23,255.1,255.18,18408
2025-06-23T11:11:00+05:30,255.13,255.27,254.8,254.87,66302
2025-06-23T11:12:00+05:30,254.8,254.9,254.71,254.75,29871
2025-06-23T11:13:00+05:30,254.76,254.88,254.58,254.76,80572
2025-06-23T11:14:00+05:30,254.74,254.98,254.67,254.93,20302
2025-06-23T11:15:00+05:30,254.96,255.12,254.7,254.76,43085
2025-06-23T11:16:00+05:30,254.76,254.92,254.71,254.74,24995
2025-06-23T11:17:00+05:30,254.74,254.76,254.61,254.62,26946
2025-06-23T11:18:00+05:30,254.65,254.76,254.62,254.64,24111
2025-06-23T11:19:00+05:30,254.67,254.72,254.43,254.48,98219
2025-06-23T11:20:00+05:30,254.6,254.6,254.5,254.59,16603
2025-06-23T11:21:00+05:30,254.59,254.77,254.5,254.62,24625
2025-06-23T11:22:00+05:30,254.6,254.76,254.53,254.76,12795
2025-06-23T11:23:00+05:30,254.75,254.75,254.66,254.75,11971
2025-06-23T11:24:00+05:30,254.73,254.89,254.69,254.77,15029
2025-06-23T11:25:00+05:30,254.8,254.87,254.75,254.77,20321
2025-06-23T11:26:00+05:30,254.75,254.89,254.73,254.75,16184
2025-06-23T11:27:00+05:30,254.75,254.8,254.65,254.67,31761
2025-06-23T11:28:00+05:30,254.69,254.77,254.41,254.62,37314
2025-06-23T11:29:00+05:30,254.69,254.9,254.64,254.82,19514
2025-06-23T11:30:00+05:30,254.89,254.97,254.7,254.75,31206
2025-06-23T11:31:00+05:30,254.69,254.9,254.56,254.75,26036
2025-06-23T11:32:00+05:30,254.8,254.95,254.72,254.95,18933
2025-06-23T11:33:00+05:30,254.95,254.99,254.72,254.79,13104
2025-06-23T11:34:00+05:30,254.79,254.79,254.52,254.55,27363
2025-06-23T11:35:00+05:30,254.55,254.59,254.35,254.38,34447
2025-06-23T11:36:00+05:30,254.46,254.63,254.36,254.62,22993
2025-06-23T11:37:00+05:30,254.58,254.58,254.18,254.26,69871
2025-06-23T11:38:00+05:30,254.21,254.44,254.2,254.27,28527
2025-06-23T11:39:00+05:30,254.27,254.27,253.82,254.11,97201
2025-06-23T11:40:00+05:30,254.11,254.18,253.88,254.12,61937
2025-06-23T11:41:00+05:30,254.12,254.26,254.0,254.05,29206
2025-06-23T11:42:00+05:30,254.1,254.24,253.91,254.16,35083
2025-06-23T11:43:00+05:30,254.19,254.2,253.92,254.0,13019
2025-06-23T11:44:00+05:30,253.95,254.0,253.95,253.99,23618
2025-06-23T11:45:00+05:30,253.98,254.0,253.94,253.98,13834
2025-06-23T11:46:00+05:30,253.94,254.34,253.94,254.13,82599
2025-06-23T11:47:00+05:30,254.09,254.28,254.06,254.21,20975
2025-06-23T11:48:00+05:30,254.21,254.34,253.97,254.06,70299
2025-06-23T11:49:00+05:30,254.06,254.06,253.95,253.96,19739
2025-06-23T11:50:00+05:30,253.96,253.97,253.87,253.87,29704
2025-06-23T11:51:00+05:30,253.9,254.11,253.87,253.95,26023
2025-06-23T11:52:00+05:30,253.95,254.14,253.89,254.11,22994
2025-06-23T11:53:00+05:30,254.11,254.13,254.0,254.08,9532
2025-06-23T11:54:00+05:30,254.08,254.09,253.86,253.89,41261
2025-06-23T11:55:00+05:30,253.89,254.04,253.85,254.03,13529
2025-06-23T11:56:00+05:30,253.95,254.1,253.86,253.97,27980
2025-06-23T11:57:00+05:30,253.96,253.97,253.8,253.86,24458
2025-06-23T11:58:00+05:30,253.83,254.1,253.8,254.0,31108
2025-06-23T11:59:00+05:30,254.0,254.1,253.9,253.91,12353
2025-06-23T12:00:00+05:30,253.91,254.1,253.8,253.96,19861
2025-06-23T12:01:00+05:30,254.01,254.03,253.93,253.99,20637
2025-06-23T12:02:00+05:30,253.97,254.1,253.97,254.09,28562
2025-06-23T12:03:00+05:30,254.09,254.34,254.06,254.13,39156
2025-06-23T12:04:00+05:30,254.13,254.28,253.91,254.2,35646
2025-06-23T12:05:00+05:30,254.2,254.68,254.17,254.65,41614
2025-06-23T12:06:00+05:30,254.65,254.92,254.6,254.75,65866
2025-06-23T12:07:00+05:30,254.75,254.88,254.6,254.65,27098
2025-06-23T12:08:00+05:30,254.65,254.74,254.56,254.62,24636
2025-06-23T12:09:00+05:30,254.62,254.69,254.5,254.62,18115
2025-06-23T12:10:00+05:30,254.62,254.95,254.56,254.87,52864
2025-06-23T12:11:00+05:30,254.87,254.87,254.7,254.86,27188
2025-06-23T12:12:00+05:30,254.85,254.92,254.81,254.85,23415
2025-06-23T12:13:00+05:30,254.82,254.85,254.69,254.8,26409
2025-06-23T12:14:00+05:30,254.8,254.95,254.7,254.85,57024
2025-06-23T12:15:00+05:30,254.85,254.93,254.8,254.9,16622
2025-06-23T12:16:00+05:30,254.9,254.92,254.64,254.74,32970
2025-06-23T12:17:00+05:30,254.74,254.87,254.62,254.87,20686
2025-06-23T12:18:00+05:30,254.85,254.88,254.66,254.8,25835
2025-06-23T12:19:00+05:30,254.77,254.79,254.65,254.69,14101
2025-06-23T12:20:00+05:30,254.69,254.84,254.65,254.79,15561
2025-06-23T12:21:00+05:30,254.75,254.78,254.65,254.74,12022
2025-06-23T12:22:00+05:30,254.74,254.74,254.65,254.65,10647
2025-06-23T12:23:00+05:30,254.62,254.85,254.52,254.68,20888
2025-06-23T12:24:00+05:30,254.68,254.7,254.41,254.49,41879
2025-06-23T12:25:00+05:30,254.42,254.5,254.2,254.25,25304
2025-06-23T12:26:00+05:30,254.25,254.27,254.1,254.18,33759
2025-06-23T12:27:00+05:30,254.18,254.21,254.05,254.1,31462
2025-06-23T12:28:00+05:30,254.1,254.12,253.9,253.99,44360
2025-06-23T12:29:00+05:30,253.99,254.2,253.96,254.16,18085
2025-06-23T12:30:00+05:30,254.18,254.32,254.1,254.14,31346
2025-06-23T12:31:00+05:30,254.14,254.26,254.07,254.26,34484
2025-06-23T12:32:00+05:30,254.25,254.45,254.2,254.36,26856
2025-06-23T12:33:00+05:30,254.36,254.59,254.33,254.42,19918
2025-06-23T12:34:00+05:30,254.42,254.59,254.4,254.58,12566
2025-06-23T12:35:00+05:30,254.58,254.63,254.52,254.63,9784
2025-06-23T12:36:00+05:30,254.62,254.79,254.59,254.78,23572
2025-06-23T12:37:00+05:30,254.77,254.84,254.75,254.83,13015
2025-06-23T12:38:00+05:30,254.81,254.84,254.62,254.65,23870
2025-06-23T12:39:00+05:30,254.65,254.82,254.57,254.8,33313
2025-06-23T12:40:00+05:30,254.8,254.85,254.8,254.85,14603
2025-06-23T12:41:00+05:30,254.85,254.95,254.7,254.79,49792
2025-06-23T12:42:00+05:30,254.79,254.79,254.5,254.56,25608
2025-06-23T12:43:00+05:30,254.52,254.74,254.5,254.64,14539
2025-06-23T12:44:00+05:30,254.65,254.84,254.55,254.67,31906
2025-06-23T12:45:00+05:30,254.67,254.67,254.56,254.63,13591
2025-06-23T12:46:00+05:30,254.6,254.74,254.56,254.66,16187
2025-06-23T12:47:00+05:30,254.68,255.12,254.66,254.85,171237
2025-06-23T12:48:00+05:30,254.84,254.93,254.8,254.81,32562
2025-06-23T12:49:00+05:30,254.8,254.88,254.7,254.85,28370
2025-06-23T12:50:00+05:30,254.82,254.85,254.66,254.85,30468
2025-06-23T12:51:00+05:30,254.84,255.0,254.75,254.79,44889
2025-06-23T12:52:00+05:30,254.79,254.99,254.74,254.91,18654
2025-06-23T12:53:00+05:30,254.98,255.0,254.78,254.86,65099
2025-06-23T12:54:00+05:30,254.85,255.14,254.85,255.06,60109
2025-06-23T12:55:00+05:30,255.06,255.1,254.8,254.88,45806
2025-06-23T12:56:00+05:30,254.88,255.22,254.84,255.2,25657
2025-06-23T12:57:00+05:30,255.2,255.32,255.12,255.25,57454
2025-06-23T12:58:00+05:30,255.24,255.24,255.12,255.15,21468
2025-06-23T12:59:00+05:30,255.15,255.18,255.12,255.18,13769
2025-06-23T13:00:00+05:30,255.17,255.18,254.86,254.94,74805
2025-06-23T13:01:00+05:30,254.99,255.1,254.95,255.07,22429
2025-06-23T13:02:00+05:30,255.06,255.18,255.06,255.17,26037
2025-06-23T13:03:00+05:30,255.16,255.18,255.05,255.13,18868
2025-06-23T13:04:00+05:30,255.08,255.16,255.05,255.08,19340
2025-06-23T13:05:00+05:30,255.09,255.09,254.9,254.95,41053
2025-06-23T13:06:00+05:30,254.94,255.07,254.91,255.05,28484
2025-06-23T13:07:00+05:30,255.05,255.05,254.94,254.99,23605
2025-06-23T13:08:00+05:30,254.98,255.06,254.9,255.06,30747
2025-06-23T13:09:00+05:30,255.01,255.48,255.01,255.48,103084
2025-06-23T13:10:00+05:30,255.48,255.48,255.09,255.09,63973
2025-06-23T13:11:00+05:30,255.08,255.24,255.05,255.2,15212
2025-06-23T13:12:00+05:30,255.2,255.2,254.91,255.01,33740
2025-06-23T13:13:00+05:30,255.01,255.01,254.86,254.95,19694
2025-06-23T13:14:00+05:30,254.95,255.0,254.85,254.95,20425
2025-06-23T13:15:00+05:30,254.95,255.0,254.88,254.97,28761
2025-06-23T13:16:00+05:30,254.96,255.16,254.94,255.02,21917
2025-06-23T13:17:00+05:30,255.02,255.19,255.0,255.19,10002
2025-06-23T13:18:00+05:30,255.19,255.19,255.02,255.15,29060
2025-06-23T13:19:00+05:30,255.15,255.16,254.8,254.9,43091
2025-06-23T13:20:00+05:30,254.9,255.0,254.8,254.96,57088
2025-06-23T13:21:00+05:30,254.95,255.17,254.8,255.1,40533
2025-06-23T13:22:00+05:30,255.17,255.19,254.91,254.97,50482
2025-06-23T13:23:00+05:30,254.96,255.09,254.95,255.03,25273
2025-06-23T13:24:00+05:30,255.03,255.25,255.01,255.25,43070
2025-06-23T13:25:00+05:30,255.25,255.43,255.18,255.2,54060
2025-06-23T13:26:00+05:30,255.2,255.3,255.11,255.24,22978
2025-06-23T13:27:00+05:30,255.2,255.44,255.18,255.2,34448
2025-06-23T13:28:00+05:30,255.2,255.48,255.04,255.44,58895
2025-06-23T13:29:00+05:30,255.44,255.44,255.23,255.33,27167
2025-06-23T13:30:00+05:30,255.33,255.43,255.29,255.43,17044
2025-06-23T13:31:00+05:30,255.41,255.44,255.22,255.36,41951
2025-06-23T13:32:00+05:30,255.36,255.8,255.3,255.68,131761
2025-06-23T13:33:00+05:30,255.66,255.72,255.55,255.6,48996
2025-06-23T13:34:00+05:30,255.59,255.69,255.5,255.55,37637
2025-06-23T13:35:00+05:30,255.54,255.6,255.5,255.59,27334
2025-06-23T13:36:00+05:30,255.59,255.6,255.36,255.59,87421
2025-06-23T13:37:00+05:30,255.55,255.79,255.55,255.7,39512
2025-06-23T13:38:00+05:30,255.73,255.8,255.62,255.65,46601
2025-06-23T13:39:00+05:30,255.65,255.76,255.62,255.72,18751
2025-06-23T13:40:00+05:30,255.71,255.71,255.52,255.6,20491
2025-06-23T13:41:00+05:30,255.57,255.6,255.32,255.5,27249
2025-06-23T13:42:00+05:30,255.5,255.54,255.3,255.33,23019
2025-06-23T13:43:00+05:30,255.31,255.48,255.29,255.36,23056
2025-06-23T13:44:00+05:30,255.3,255.41,255.3,255.36,27511
2025-06-23T13:45:00+05:30,255.36,255.36,255.14,255.36,28164
2025-06-23T13:46:00+05:30,255.35,255.36,255.1,255.2,25054
2025-06-23T13:47:00+05:30,255.23,255.23,254.84,254.89,77477
2025-06-23T13:48:00+05:30,254.91,255.0,254.84,254.93,29362
2025-06-23T13:49:00+05:30,254.93,254.96,254.75,254.95,33138
2025-06-23T13:50:00+05:30,254.95,254.95,254.58,254.79,58690
2025-06-23T13:51:00+05:30,254.78,254.9,254.68,254.68,27686
2025-06-23T13:52:00+05:30,254.68,254.73,254.56,254.62,39187
2025-06-23T13:53:00+05:30,254.63,254.7,254.6,254.66,30131
2025-06-23T13:54:00+05:30,254.61,254.69,254.51,254.52,56132
2025-06-23T13:55:00+05:30,254.51,254.7,254.37,254.46,49648
2025-06-23T13:56:00+05:30,254.46,254.52,254.32,254.35,43068
2025-06-23T13:57:00+05:30,254.34,254.7,254.31,254.56,57644
2025-06-23T13:58:00+05:30,254.56,254.9,254.45,254.77,37688
2025-06-23T13:59:00+05:30,254.77,254.9,254.72,254.89,33778
2025-06-23T14:00:00+05:30,254.82,254.89,254.64,254.75,27421
2025-06-23T14:01:00+05:30,254.75,255.05,254.75,255.03,124415
2025-06-23T14:02:00+05:30,255.03,255.26,255.03,255.07,68267
2025-06-23T14:03:00+05:30,255.07,255.12,254.81,254.95,59248
2025-06-23T14:04:00+05:30,254.93,255.08,254.84,255.0,44473
2025-06-23T14:05:00+05:30,255.01,255.3,255.0,255.0,50236
2025-06-23T14:06:00+05:30,255.02,255.16,254.95,255.0,24602
2025-06-23T14:07:00+05:30,254.98,255.3,254.98,255.13,33044
2025-06-23T14:08:00+05:30,255.1,255.29,255.06,255.17,38507
2025-06-23T14:09:00+05:30,255.17,255.19,255.0,255.01,34275
2025-06-23T14:10:00+05:30,255.0,255.1,254.8,254.86,64171
2025-06-23T14:11:00+05:30,254.85,255.05,254.82,255.0,26412
2025-06-23T14:12:00+05:30,254.97,255.04,254.92,255.01,20786
2025-06-23T14:13:00+05:30,255.01,255.04,254.75,254.87,45423
2025-06-23T14:14:00+05:30,254.87,255.0,254.81,254.92,28098
2025-06-23T14:15:00+05:30,254.9,255.12,254.9,255.03,22316
2025-06-23T14:16:00+05:30,255.03,255.15,255.0,255.15,17909
2025-06-23T14:17:00+05:30,255.12,255.14,255.06,255.09,32424
2025-06-23T14:18:00+05:30,255.07,255.2,255.07,255.19,37002
2025-06-23T14:19:00+05:30,255.15,255.2,255.02,255.09,30251
2025-06-23T14:20:00+05:30,255.05,255.12,255.0,255.12,17565
2025-06-23T14:21:00+05:30,255.12,255.15,254.92,254.92,31838
2025-06-23T14:22:00+05:30,254.96,255.09,254.92,254.98,29790
2025-06-23T14:23:00+05:30,254.95,254.98,254.8,254.82,36499
2025-06-23T14:24:00+05:30,254.82,255.0,254.7,254.9,39797
2025-06-23T14:25:00+05:30,254.86,255.0,254.8,254.9,27151
2025-06-23T14:26:00+05:30,254.89,255.0,254.77,254.79,63718
2025-06-23T14:27:00+05:30,254.78,254.98,254.7,254.94,63935
2025-06-23T14:28:00+05:30,255.0,255.3,254.85,255.26,65853
2025-06-23T14:29:00+05:30,255.25,255.26,255.02,255.12,24490
2025-06-23T14:30:00+05:30,255.1,255.12,254.8,254.83,23292
2025-06-23T14:31:00+05:30,254.83,255.0,254.79,254.99,29507
2025-06-23T14:32:00+05:30,254.96,255.17,254.82,254.85,55542
2025-06-23T14:33:00+05:30,254.82,254.99,254.74,254.79,22869
2025-06-23T14:34:00+05:30,254.79,254.91,254.7,254.75,45970
2025-06-23T14:35:00+05:30,254.71,254.85,254.71,254.79,17671
2025-06-23T14:36:00+05:30,254.78,254.87,254.7,254.81,43337
2025-06-23T14:37:00+05:30,254.8,254.86,254.66,254.66,37177
2025-06-23T14:38:00+05:30,254.66,254.69,254.44,254.49,52633
2025-06-23T14:39:00+05:30,254.47,254.53,254.18,254.26,68178
2025-06-23T14:40:00+05:30,254.25,254.33,254.15,254.25,65511
2025-06-23T14:41:00+05:30,254.25,254.39,254.15,254.25,116055
2025-06-23T14:42:00+05:30,254.25,254.59,254.23,254.53,62637
2025-06-23T14:43:00+05:30,254.53,254.66,254.35,254.44,30489
2025-06-23T14:44:00+05:30,254.43,254.5,254.34,254.4,48382
2025-06-23T14:45:00+05:30,254.39,254.5,254.39,254.41,24762
2025-06-23T14:46:00+05:30,254.42,254.53,254.41,254.47,47514
2025-06-23T14:47:00+05:30,254.45,254.7,254.34,254.7,54753
2025-06-23T14:48:00+05:30,254.67,254.7,254.51,254.54,54365
2025-06-23T14:49:00+05:30,254.51,254.67,254.5,254.67,36194
2025-06-23T14:50:00+05:30,254.67,254.95,254.6,254.92,66730
2025-06-23T14:51:00+05:30,254.94,254.99,254.76,254.8,33530
2025-06-23T14:52:00+05:30,254.8,254.9,254.53,254.58,43361
2025-06-23T14:53:00+05:30,254.54,254.85,254.51,254.69,54896
2025-06-23T14:54:00+05:30,254.65,255.0,254.65,254.99,68352
2025-06-23T14:55:00+05:30,254.93,255.0,254.82,254.89,51410
2025-06-23T14:56:00+05:30,254.89,254.92,254.78,254.9,29479
2025-06-23T14:57:00+05:30,254.9,254.98,254.83,254.9,47017
2025-06-23T14:58:00+05:30,254.9,255.14,254.86,255.12,106533
2025-06-23T14:59:00+05:30,255.12,255.12,254.9,255.06,97093
2025-06-23T15:00:00+05:30,255.06,255.09,254.87,255.02,85077
2025-06-23T15:01:00+05:30,255.02,255.2,254.91,254.95,116158
2025-06-23T15:02:00+05:30,254.98,255.09,254.91,255.08,85311
2025-06-23T15:03:00+05:30,255.08,255.1,254.95,254.99,86452
2025-06-23T15:04:00+05:30,254.99,255.0,254.9,254.92,56399
2025-06-23T15:05:00+05:30,254.91,254.98,254.65,254.94,136642
2025-06-23T15:06:00+05:30,254.91,254.96,254.6,254.8,150731
2025-06-23T15:07:00+05:30,254.77,254.8,254.5,254.62,147881
2025-06-23T15:08:00+05:30,254.62,254.74,254.5,254.59,182581
2025-06-23T15:09:00+05:30,254.59,254.62,254.14,254.35,374650
2025-06-23T15:10:00+05:30,254.37,254.58,254.29,254.48,114319
2025-06-23T15:11:00+05:30,254.47,254.84,254.46,254.71,107719
2025-06-23T15:12:00+05:30,254.76,254.77,254.5,254.67,158292
2025-06-23T15:13:00+05:30,254.67,254.78,254.4,254.41,116709
2025-06-23T15:14:00+05:30,254.42,254.61,254.32,254.38,146043
2025-06-23T15:15:00+05:30,254.38,254.58,254.22,254.38,198210
2025-06-23T15:16:00+05:30,254.38,254.78,254.37,254.69,163700
2025-06-23T15:17:00+05:30,254.75,254.75,254.56,254.67,157311
2025-06-23T15:18:00+05:30,254.67,254.7,254.35,254.37,179649
2025-06-23T15:19:00+05:30,254.37,254.68,254.34,254.64,116750
2025-06-23T15:20:00+05:30,254.65,254.87,254.62,254.73,257503
2025-06-23T15:21:00+05:30,254.72,254.73,254.33,254.42,97557
2025-06-23T15:22:00+05:30,254.44,254.46,254.25,254.28,65230
2025-06-23T15:23:00+05:30,254.28,254.33,254.22,254.25,80930
2025-06-23T15:24:00+05:30,254.25,254.69,254.17,254.65,176783
2025-06-23T15:25:00+05:30,254.66,254.88,254.61,254.79,187341
2025-06-23T15:26:00+05:30,254.8,254.91,254.72,254.88,129588
2025-06-23T15:27:00+05:30,254.87,254.89,254.56,254.75,184393
2025-06-23T15:28:00+05:30,254.75,254.9,254.55,254.85,155761
2025-06-23T15:29:00+05:30,254.85,254.85,254.2,254.5,36826
2025-06-24T09:15:00+05:30,257.0,258.5,256.64,257.8,449555
2025-06-24T09:16:00+05:30,257.87,258.29,257.59,258.09,283786
2025-06-24T09:17:00+05:30,258.12,258.5,257.94,258.26,226110
2025-06-24T09:18:00+05:30,258.19,258.27,257.8,258.11,196770
2025-06-24T09:19:00+05:30,258.15,258.82,258.02,258.66,277984
2025-06-24T09:20:00+05:30,258.7,258.73,258.3,258.38,216098
2025-06-24T09:21:00+05:30,258.35,258.41,257.61,257.71,246313
2025-06-24T09:22:00+05:30,257.64,257.81,257.53,257.53,102604
2025-06-24T09:23:00+05:30,257.53,257.82,257.5,257.57,96905
2025-06-24T09:24:00+05:30,257.62,257.69,257.3,257.5,122978
2025-06-24T09:25:00+05:30,257.43,257.5,257.0,257.05,105996
2025-06-24T09:26:00+05:30,257.1,257.1,256.56,256.71,107048
2025-06-24T09:27:00+05:30,256.72,256.72,256.23,256.4,216055
2025-06-24T09:28:00+05:30,256.52,256.79,256.31,256.62,147719
2025-06-24T09:29:00+05:30,256.61,256.9,256.52,256.69,85686
2025-06-24T09:30:00+05:30,256.77,257.2,256.64,256.85,131338
2025-06-24T09:31:00+05:30,256.82,257.2,256.65,257.12,97674
2025-06-24T09:32:00+05:30,257.12,257.5,257.04,257.4,95973
2025-06-24T09:33:00+05:30,257.4,257.5,257.06,257.37,128240
2025-06-24T09:34:00+05:30,257.3,257.57,257.3,257.52,53053
2025-06-24T09:35:00+05:30,257.54,257.58,257.42,257.42,66329
2025-06-24T09:36:00+05:30,257.45,257.48,257.31,257.31,77698
2025-06-24T09:37:00+05:30,257.31,257.37,257.01,257.12,291917
2025-06-24T09:38:00+05:30,257.12,257.22,257.05,257.08,122872
2025-06-24T09:39:00+05:30,257.12,257.49,257.07,257.21,101349
2025-06-24T09:40:00+05:30,257.24,257.4,257.0,257.01,79707
2025-06-24T09:41:00+05:30,257.09,257.1,256.52,257.01,132207
2025-06-24T09:42:00+05:30,257.01,257.01,256.85,256.94,40158
2025-06-24T09:43:00+05:30,256.94,257.05,256.8,256.81,62035
2025-06-24T09:44:00+05:30,256.89,256.91,256.61,256.73,40342
2025-06-24T09:45:00+05:30,256.73,256.74,256.55,256.62,40908
2025-06-24T09:46:00+05:30,256.62,256.68,256.0,256.0,208605
2025-06-24T09:47:00+05:30,256.0,256.17,255.78,255.87,162744
2025-06-24T09:48:00+05:30,255.87,255.93,255.56,255.65,116790
2025-06-24T09:49:00+05:30,255.7,256.33,255.67,256.24,73213
2025-06-24T09:50:00+05:30,256.27,256.66,256.25,256.58,71939
2025-06-24T09:51:00+05:30,256.69,256.9,256.54,256.7,68136
2025-06-24T09:52:00+05:30,256.64,256.85,256.64,256.83,19283
2025-06-24T09:53:00+05:30,256.83,256.85,256.59,256.63,38299
2025-06-24T09:54:00+05:30,256.68,257.05,256.53,256.97,72471
2025-06-24T09:55:00+05:30,256.94,257.2,256.83,257.0,38152
2025-06-24T09:56:00+05:30,257.05,257.25,257.0,257.25,26642
2025-06-24T09:57:00+05:30,257.14,257.45,257.02,257.42,49892
2025-06-24T09:58:00+05:30,257.45,257.5,256.82,256.94,71058
2025-06-24T09:59:00+05:30,256.97,257.07,256.7,256.99,27710
2025-06-24T10:00:00+05:30,256.88,257.08,256.73,256.9,39445
2025-06-24T10:01:00+05:30,256.94,257.08,256.89,256.97,13252
2025-06-24T10:02:00+05:30,256.93,257.24,256.82,257.14,36439
2025-06-24T10:03:00+05:30,257.08,257.15,256.84,256.95,40272
2025-06-24T10:04:00+05:30,256.95,257.1,256.94,256.96,21251
2025-06-24T10:05:00+05:30,256.97,257.11,256.79,256.84,61871
2025-06-24T10:06:00+05:30,256.81,256.89,256.75,256.88,36890
2025-06-24T10:07:00+05:30,256.82,256.89,256.75,256.8,21314
2025-06-24T10:08:00+05:30,256.75,256.84,256.62,256.68,37161
2025-06-24T10:09:00+05:30,256.7,257.07,256.68,256.95,81110
2025-06-24T10:10:00+05:30,256.9,257.36,256.81,257.29,66491
2025-06-24T10:11:00+05:30,257.29,257.6,257.24,257.53,108302
2025-06-24T10:12:00+05:30,257.53,257.53,257.37,257.5,38310
2025-06-24T10:13:00+05:30,257.49,257.5,257.11,257.24,53756
2025-06-24T10:14:00+05:30,257.2,257.22,257.0,257.1,32569
2025-06-24T10:15:00+05:30,257.15,257.46,257.01,257.01,60368
2025-06-24T10:16:00+05:30,257.1,257.26,257.0,257.16,55301
2025-06-24T10:17:00+05:30,257.16,257.75,257.07,257.68,78062
2025-06-24T10:18:00+05:30,257.68,257.84,257.45,257.47,59495
2025-06-24T10:19:00+05:30,257.48,257.53,257.2,257.22,43408
2025-06-24T10:20:00+05:30,257.22,257.28,257.03,257.24,44294
2025-06-24T10:21:00+05:30,257.19,257.28,257.11,257.23,28843
2025-06-24T10:22:00+05:30,257.22,257.5,257.16,257.36,28903
2025-06-24T10:23:00+05:30,257.37,257.8,257.37,257.8,69685
2025-06-24T10:24:00+05:30,257.8,257.95,257.6,257.65,70576
2025-06-24T10:25:00+05:30,257.65,257.8,257.6,257.68,23318
2025-06-24T10:26:00+05:30,257.74,257.74,257.5,257.59,45225
2025-06-24T10:27:00+05:30,257.54,257.87,257.54,257.73,34439
2025-06-24T10:28:00+05:30,257.73,257.75,257.57,257.62,41892
2025-06-24T10:29:00+05:30,257.63,257.68,257.5,257.57,44960
2025-06-24T10:30:00+05:30,257.59,257.68,257.56,257.58,22603
2025-06-24T10:31:00+05:30,257.6,257.8,257.56,257.77,34843
2025-06-24T10:32:00+05:30,257.77,257.8,257.64,257.7,26078
2025-06-24T10:33:00+05:30,257.69,257.75,257.6,257.63,36319
2025-06-24T10:34:00+05:30,257.63,257.69,257.51,257.56,34083
2025-06-24T10:35:00+05:30,257.51,257.67,257.31,257.5,68285
2025-06-24T10:36:00+05:30,257.57,257.59,257.31,257.37,26983
2025-06-24T10:37:00+05:30,257.46,257.5,257.36,257.41,21305
2025-06-24T10:38:00+05:30,257.38,257.5,257.38,257.46,19393
2025-06-24T10:39:00+05:30,257.46,257.53,257.41,257.45,16704
2025-06-24T10:40:00+05:30,257.49,257.6,257.3,257.47,52936
2025-06-24T10:41:00+05:30,257.46,257.53,257.04,257.16,55693
2025-06-24T10:42:00+05:30,257.12,257.37,256.98,257.0,49888
2025-06-24T10:43:00+05:30,257.0,257.24,256.8,257.17,51720
2025-06-24T10:44:00+05:30,257.11,257.19,256.95,256.97,45296
2025-06-24T10:45:00+05:30,256.99,257.15,256.95,257.08,29774
2025-06-24T10:46:00+05:30,257.03,257.05,256.72,256.88,49502
2025-06-24T10:47:00+05:30,256.88,257.2,256.82,257.16,52958
2025-06-24T10:48:00+05:30,257.1,257.12,256.65,256.73,65998
2025-06-24T10:49:00+05:30,256.73,256.8,256.6,256.74,57738
2025-06-24T10:50:00+05:30,256.74,257.6,256.74,257.29,69538
2025-06-24T10:51:00+05:30,257.19,257.37,257.09,257.27,25399
2025-06-24T10:52:00+05:30,257.18,257.5,257.15,257.47,35491
2025-06-24T10:53:00+05:30,257.38,257.55,257.31,257.5,34649
2025-06-24T10:54:00+05:30,257.45,257.7,257.26,257.65,48356
2025-06-24T10:55:00+05:30,257.56,257.82,257.55,257.78,42362
2025-06-24T10:56:00+05:30,257.75,257.85,257.69,257.82,23975
2025-06-24T10:57:00+05:30,257.8,257.99,257.74,257.89,42205
2025-06-24T10:58:00+05:30,257.89,257.94,257.74,257.83,35990
2025-06-24T10:59:00+05:30,257.83,257.97,257.75,257.89,17485
2025-06-24T11:00:00+05:30,257.89,258.25,257.77,258.08,209121
2025-06-24T11:01:00+05:30,258.05,258.09,257.64,257.81,78448
2025-06-24T11:02:00+05:30,257.75,257.89,257.64,257.7,34650
2025-06-24T11:03:00+05:30,257.7,257.75,257.29,257.5,49587
2025-06-24T11:04:00+05:30,257.5,257.68,257.35,257.63,46190
2025-06-24T11:05:00+05:30,257.56,257.85,257.56,257.72,35557
2025-06-24T11:06:00+05:30,257.71,257.98,257.5,257.94,29960
2025-06-24T11:07:00+05:30,257.91,258.19,257.83,257.88,45219
2025-06-24T11:08:00+05:30,257.85,257.92,257.53,257.54,57875
2025-06-24T11:09:00+05:30,257.54,257.99,257.52,257.94,87741
2025-06-24T11:10:00+05:30,257.93,258.2,257.77,257.77,49735
2025-06-24T11:11:00+05:30,257.75,257.95,257.5,257.8,84208
2025-06-24T11:12:00+05:30,257.82,257.88,257.67,257.73,40722
2025-06-24T11:13:00+05:30,257.72,257.92,257.63,257.88,45152
2025-06-24T11:14:00+05:30,257.84,258.0,257.77,257.92,24035
2025-06-24T11:15:00+05:30,257.92,258.3,257.91,258.05,81036
2025-06-24T11:16:00+05:30,258.05,258.2,258.05,258.11,35439
2025-06-24T11:17:00+05:30,258.08,258.12,257.75,258.0,80877
2025-06-24T11:18:00+05:30,257.95,258.0,257.75,257.98,37855
2025-06-24T11:19:00+05:30,257.9,257.99,257.79,257.83,19360
2025-06-24T11:20:00+05:30,257.81,257.99,257.7,257.89,38510
2025-06-24T11:21:00+05:30,257.87,257.97,257.77,257.89,22267
2025-06-24T11:22:00+05:30,257.82,258.0,257.82,257.91,139034
2025-06-24T11:23:00+05:30,257.9,258.2,257.9,258.1,41026
2025-06-24T11:24:00+05:30,258.11,258.21,258.05,258.16,79780
2025-06-24T11:25:00+05:30,258.16,258.21,258.11,258.13,31465
2025-06-24T11:26:00+05:30,258.18,258.25,258.02,258.18,64720
2025-06-24T11:27:00+05:30,258.13,258.25,258.07,258.11,44709
2025-06-24T11:28:00+05:30,258.11,258.18,258.0,258.0,27459
2025-06-24T11:29:00+05:30,258.0,258.07,257.75,257.9,46493
2025-06-24T11:30:00+05:30,257.91,257.91,257.37,257.43,121987
2025-06-24T11:31:00+05:30,257.43,257.53,257.05,257.14,99018
2025-06-24T11:32:00+05:30,257.14,257.17,257.0,257.05,87845
2025-06-24T11:33:00+05:30,257.0,257.37,257.0,257.36,62973
2025-06-24T11:34:00+05:30,257.36,257.48,257.16,257.25,60447
2025-06-24T11:35:00+05:30,257.25,257.5,257.2,257.45,42413
2025-06-24T11:36:00+05:30,257.4,257.7,257.37,257.68,51995
2025-06-24T11:37:00+05:30,257.61,257.65,257.34,257.34,35293
2025-06-24T11:38:00+05:30,257.34,257.65,257.33,257.58,74002
2025-06-24T11:39:00+05:30,257.55,257.65,257.46,257.6,36929
2025-06-24T11:40:00+05:30,257.55,257.6,257.41,257.49,21290
2025-06-24T11:41:00+05:30,257.5,257.7,257.4,257.7,38637
2025-06-24T11:42:00+05:30,257.66,257.7,257.49,257.6,32616
2025-06-24T11:43:00+05:30,257.6,257.69,257.52,257.65,42377
2025-06-24T11:44:00+05:30,257.64,257.67,257.5,257.64,41651
2025-06-24T11:45:00+05:30,257.62,257.84,257.62,257.8,34910
2025-06-24T11:46:00+05:30,257.78,257.88,257.5,257.72,52113
2025-06-24T11:47:00+05:30,257.63,257.9,257.56,257.81,49027
2025-06-24T11:48:00+05:30,257.81,257.99,257.55,257.84,173249
2025-06-24T11:49:00+05:30,257.77,257.85,257.65,257.78,33763
2025-06-24T11:50:00+05:30,257.78,258.0,257.78,257.99,39406
2025-06-24T11:51:00+05:30,257.91,258.65,257.91,258.61,385652
2025-06-24T11:52:00+05:30,258.58,259.21,258.34,259.03,723376
2025-06-24T11:53:00+05:30,259.03,259.14,258.66,258.99,765818
2025-06-24T11:54:00+05:30,258.93,259.07,258.92,259.0,245498
2025-06-24T11:55:00+05:30,258.96,259.29,258.69,259.02,271938
2025-06-24T11:56:00+05:30,259.02,259.06,258.57,258.65,69285
2025-06-24T11:57:00+05:30,258.6,258.93,258.5,258.9,69741
2025-06-24T11:58:00+05:30,258.88,258.9,258.51,258.52,56178
2025-06-24T11:59:00+05:30,258.54,258.78,258.52,258.67,59529
2025-06-24T12:00:00+05:30,258.65,258.67,258.5,258.6,100094
2025-06-24T12:01:00+05:30,258.6,258.93,258.5,258.85,161231
2025-06-24T12:02:00+05:30,258.84,259.01,258.75,258.91,98380
2025-06-24T12:03:00+05:30,258.9,258.99,258.81,258.89,40226
2025-06-24T12:04:00+05:30,258.89,259.09,258.79,258.8,77577
2025-06-24T12:05:00+05:30,258.81,259.0,258.8,258.96,40880
2025-06-24T12:06:00+05:30,258.92,259.05,258.86,259.0,79597
2025-06-24T12:07:00+05:30,258.95,259.1,258.83,259.04,101680
2025-06-24T12:08:00+05:30,259.0,259.15,258.92,259.13,44264
2025-06-24T12:09:00+05:30,259.13,259.2,259.0,259.19,45533
2025-06-24T12:10:00+05:30,259.2,259.32,259.03,259.28,87649
2025-06-24T12:11:00+05:30,259.28,259.4,259.07,259.36,101644
2025-06-24T12:12:00+05:30,259.32,259.89,259.3,259.8,402170
2025-06-24T12:13:00+05:30,259.8,259.9,259.53,259.82,142309
2025-06-24T12:14:00+05:30,259.82,259.82,259.29,259.39,82308
2025-06-24T12:15:00+05:30,259.39,259.5,259.21,259.41,52568
2025-06-24T12:16:00+05:30,259.4,259.7,259.35,259.68,41417
2025-06-24T12:17:00+05:30,259.64,259.83,259.55,259.77,59127
2025-06-24T12:18:00+05:30,259.77,259.9,259.66,259.8,80268
2025-06-24T12:19:00+05:30,259.77,259.89,259.7,259.81,41221
2025-06-24T12:20:00+05:30,259.77,259.94,259.72,259.82,79999
2025-06-24T12:21:00+05:30,259.75,259.99,259.75,259.93,88573
2025-06-24T12:22:00+05:30,259.93,259.95,259.7,259.81,124858
2025-06-24T12:23:00+05:30,259.83,260.0,259.65,259.72,100575
2025-06-24T12:24:00+05:30,259.72,259.78,259.51,259.59,64329
2025-06-24T12:25:00+05:30,259.59,259.8,259.58,259.77,29432
2025-06-24T12:26:00+05:30,259.71,259.93,259.65,259.85,115489
2025-06-24T12:27:00+05:30,259.85,259.93,259.72,259.8,51530
2025-06-24T12:28:00+05:30,259.87,259.9,259.68,259.73,36640
2025-06-24T12:29:00+05:30,259.73,259.88,259.65,259.88,66190
2025-06-24T12:30:00+05:30,259.88,259.88,259.5,259.66,82769
2025-06-24T12:31:00+05:30,259.56,259.65,258.93,259.01,166480
2025-06-24T12:32:00+05:30,259.01,259.31,259.01,259.18,85858
2025-06-24T12:33:00+05:30,259.18,259.2,258.83,259.08,97469
2025-06-24T12:34:00+05:30,259.08,259.42,259.08,259.26,85036
2025-06-24T12:35:00+05:30,259.21,259.47,259.21,259.37,41778
2025-06-24T12:36:00+05:30,259.38,259.49,259.26,259.37,85453
2025-06-24T12:37:00+05:30,259.37,259.4,259.03,259.32,155703
2025-06-24T12:38:00+05:30,259.32,259.35,259.1,259.26,87122
2025-06-24T12:39:00+05:30,259.26,259.3,258.98,259.24,112324
2025-06-24T12:40:00+05:30,259.24,259.26,258.31,258.59,174046
2025-06-24T12:41:00+05:30,258.52,258.92,258.48,258.64,106759
2025-06-24T12:42:00+05:30,258.7,258.71,258.0,258.18,206821
2025-06-24T12:43:00+05:30,258.23,258.27,257.02,257.09,378269
2025-06-24T12:44:00+05:30,257.08,257.43,256.83,257.35,161606
2025-06-24T12:45:00+05:30,257.35,257.46,257.01,257.22,99889
2025-06-24T12:46:00+05:30,257.22,258.19,257.17,258.05,343932
2025-06-24T12:47:00+05:30,258.13,258.2,257.77,258.14,90772
2025-06-24T12:48:00+05:30,258.14,258.49,258.03,258.45,154902
2025-06-24T12:49:00+05:30,258.45,258.71,258.35,258.61,79634
2025-06-24T12:50:00+05:30,258.61,258.8,258.42,258.65,92475
2025-06-24T12:51:00+05:30,258.66,258.98,258.6,258.92,108924
2025-06-24T12:52:00+05:30,258.92,259.29,258.9,259.04,106006
2025-06-24T12:53:00+05:30,259.03,259.18,258.77,258.92,93411
2025-06-24T12:54:00+05:30,258.92,258.96,258.7,258.95,62236
2025-06-24T12:55:00+05:30,258.93,259.0,258.74,258.84,104804
2025-06-24T12:56:00+05:30,258.82,258.98,258.64,258.96,59063
2025-06-24T12:57:00+05:30,258.96,259.2,258.8,259.16,119711
2025-06-24T12:58:00+05:30,259.16,259.2,258.99,259.18,69875
2025-06-24T12:59:00+05:30,259.17,259.29,258.9,258.97,95633
2025-06-24T13:00:00+05:30,258.94,259.0,258.5,258.56,93273
2025-06-24T13:01:00+05:30,258.56,258.85,258.56,258.75,98283
2025-06-24T13:02:00+05:30,258.75,258.87,258.51,258.56,92391
2025-06-24T13:03:00+05:30,258.58,258.74,258.49,258.74,70098
2025-06-24T13:04:00+05:30,258.74,258.9,258.65,258.77,96121
2025-06-24T13:05:00+05:30,258.77,258.9,258.73,258.86,43059
2025-06-24T13:06:00+05:30,258.87,259.25,258.86,259.08,83750
2025-06-24T13:07:00+05:30,259.08,259.25,259.08,259.24,46169
2025-06-24T13:08:00+05:30,259.25,259.3,258.99,259.19,59854
2025-06-24T13:09:00+05:30,259.19,259.24,259.03,259.09,50963
2025-06-24T13:10:00+05:30,259.13,259.2,258.91,259.17,75606
2025-06-24T13:11:00+05:30,259.2,259.35,258.99,259.08,107589
2025-06-24T13:12:00+05:30,259.03,259.32,258.92,258.93,60922
2025-06-24T13:13:00+05:30,259.0,259.14,258.75,258.75,78372
2025-06-24T13:14:00+05:30,258.78,258.78,258.1,258.13,161548
2025-06-24T13:15:00+05:30,258.12,258.4,258.1,258.2,69870
2025-06-24T13:16:00+05:30,258.21,258.43,258.15,258.23,79285
2025-06-24T13:17:00+05:30,258.23,258.45,258.02,258.18,86777
2025-06-24T13:18:00+05:30,258.1,258.57,258.05,258.55,33255
2025-06-24T13:19:00+05:30,258.51,258.59,258.34,258.54,28772
2025-06-24T13:20:00+05:30,258.51,258.69,258.38,258.5,69396
2025-06-24T13:21:00+05:30,258.52,258.65,258.32,258.58,80907
2025-06-24T13:22:00+05:30,258.54,258.65,258.25,258.54,86856
2025-06-24T13:23:00+05:30,258.58,258.59,258.0,258.05,88286
2025-06-24T13:24:00+05:30,258.06,258.1,257.67,257.67,135427
2025-06-24T13:25:00+05:30,257.65,258.16,257.65,258.11,48478
2025-06-24T13:26:00+05:30,258.11,258.29,257.95,257.98,48366
2025-06-24T13:27:00+05:30,257.99,258.01,257.8,258.0,54572
2025-06-24T13:28:00+05:30,257.98,258.1,257.81,257.84,47770
2025-06-24T13:29:00+05:30,257.89,258.0,257.81,257.91,49143
2025-06-24T13:30:00+05:30,257.91,258.02,257.55,257.76,104118
2025-06-24T13:31:00+05:30,257.75,257.76,257.4,257.41,85540
2025-06-24T13:32:00+05:30,257.46,257.47,257.02,257.06,156704
2025-06-24T13:33:00+05:30,257.06,257.52,257.0,257.04,160763
2025-06-24T13:34:00+05:30,257.0,257.19,256.81,257.0,119798
2025-06-24T13:35:00+05:30,256.98,257.07,256.8,256.8,119799
2025-06-24T13:36:00+05:30,256.81,256.92,255.87,256.42,225068
2025-06-24T13:37:00+05:30,256.4,256.59,255.82,255.85,106291
2025-06-24T13:38:00+05:30,255.86,256.6,255.77,256.51,192909
2025-06-24T13:39:00+05:30,256.56,256.6,256.01,256.23,170146
2025-06-24T13:40:00+05:30,256.25,256.32,256.0,256.06,101529
2025-06-24T13:41:00+05:30,256.07,256.77,256.03,256.68,145994
2025-06-24T13:42:00+05:30,256.67,256.9,256.53,256.6,107068
2025-06-24T13:43:00+05:30,256.57,256.6,256.05,256.05,54748
2025-06-24T13:44:00+05:30,256.08,256.14,255.87,255.98,86324
2025-06-24T13:45:00+05:30,256.0,256.02,255.6,255.61,93178
2025-06-24T13:46:00+05:30,255.63,255.77,255.25,255.3,131922
2025-06-24T13:47:00+05:30,255.3,255.83,255.27,255.78,97455
2025-06-24T13:48:00+05:30,255.81,256.21,255.74,255.94,76055
2025-06-24T13:49:00+05:30,255.96,256.1,255.69,256.04,61425
2025-06-24T13:50:00+05:30,256.04,256.15,255.89,256.06,48747
2025-06-24T13:51:00+05:30,256.04,256.45,256.0,256.35,76932
2025-06-24T13:52:00+05:30,256.37,256.57,255.99,256.5,70012
2025-06-24T13:53:00+05:30,256.5,256.7,256.28,256.58,53779
2025-06-24T13:54:00+05:30,256.58,256.73,256.37,256.7,51642
2025-06-24T13:55:00+05:30,256.75,256.75,256.3,256.57,65839
2025-06-24T13:56:00+05:30,256.59,256.75,256.44,256.68,52156
2025-06-24T13:57:00+05:30,256.69,256.7,256.41,256.44,24625
2025-06-24T13:58:00+05:30,256.44,256.59,256.41,256.5,40823
2025-06-24T13:59:00+05:30,256.5,257.1,256.5,256.92,120506
2025-06-24T14:00:00+05:30,256.99,257.1,256.73,257.0,67620
2025-06-24T14:01:00+05:30,257.0,257.0,256.51,256.51,69385
2025-06-24T14:02:00+05:30,256.53,256.64,256.4,256.57,31748
2025-06-24T14:03:00+05:30,256.57,256.59,256.25,256.46,84671
2025-06-24T14:04:00+05:30,256.48,256.48,256.09,256.09,44338
2025-06-24T14:05:00+05:30,256.1,256.29,255.77,256.02,86873
2025-06-24T14:06:00+05:30,256.06,256.06,255.55,255.62,193797
2025-06-24T14:07:00+05:30,255.73,255.95,255.69,255.75,46278
2025-06-24T14:08:00+05:30,255.76,256.29,255.75,256.2,27893
2025-06-24T14:09:00+05:30,256.18,256.58,256.11,256.3,21593
2025-06-24T14:10:00+05:30,256.34,256.35,255.82,255.92,41806
2025-06-24T14:11:00+05:30,255.93,255.98,255.7,255.73,67774
2025-06-24T14:12:00+05:30,255.73,255.99,255.55,255.6,48054
2025-06-24T14:13:00+05:30,255.6,255.95,255.47,255.87,109958
2025-06-24T14:14:00+05:30,255.87,256.3,255.87,256.02,48336
2025-06-24T14:15:00+05:30,256.02,256.49,256.0,256.2,52790
2025-06-24T14:16:00+05:30,256.25,256.3,255.95,256.0,80636
2025-06-24T14:17:00+05:30,255.95,256.25,255.9,256.21,34960
2025-06-24T14:18:00+05:30,256.21,256.38,256.11,256.36,40633
2025-06-24T14:19:00+05:30,256.38,256.38,256.0,256.1,31071
2025-06-24T14:20:00+05:30,256.16,256.4,256.1,256.2,50900
2025-06-24T14:21:00+05:30,256.24,256.39,256.05,256.08,108867
2025-06-24T14:22:00+05:30,256.14,256.35,256.05,256.33,48657
2025-06-24T14:23:00+05:30,256.33,256.55,255.75,255.85,125910
2025-06-24T14:24:00+05:30,255.85,256.18,255.8,256.16,39889
2025-06-24T14:25:00+05:30,256.16,256.37,256.09,256.1,34247
2025-06-24T14:26:00+05:30,256.12,256.14,255.7,255.75,46875
2025-06-24T14:27:00+05:30,255.75,256.08,255.63,256.0,75664
2025-06-24T14:28:00+05:30,256.0,256.11,255.65,255.66,48717
2025-06-24T14:29:00+05:30,255.66,255.96,255.47,255.95,83565
2025-06-24T14:30:00+05:30,255.95,256.0,255.7,256.0,61097
2025-06-24T14:31:00+05:30,255.91,256.44,255.91,256.12,74297
2025-06-24T14:32:00+05:30,256.12,256.44,255.9,255.98,89279
2025-06-24T14:33:00+05:30,255.98,256.03,255.5,255.6,112974
2025-06-24T14:34:00+05:30,255.65,255.91,255.5,255.85,52983
2025-06-24T14:35:00+05:30,255.85,256.29,255.81,256.24,169803
2025-06-24T14:36:00+05:30,256.28,256.29,255.96,255.98,97608
2025-06-24T14:37:00+05:30,255.99,256.13,255.73,256.13,85397
2025-06-24T14:38:00+05:30,256.16,256.25,255.92,256.02,57447
2025-06-24T14:39:00+05:30,256.17,256.28,255.89,256.17,65319
2025-06-24T14:40:00+05:30,256.22,256.29,256.1,256.1,49742
2025-06-24T14:41:00+05:30,256.11,256.19,255.88,256.0,59220
2025-06-24T14:42:00+05:30,256.0,256.2,255.84,256.11,40489
2025-06-24T14:43:00+05:30,256.11,256.12,255.8,255.8,67765
2025-06-24T14:44:00+05:30,255.8,255.9,255.15,255.2,126089
2025-06-24T14:45:00+05:30,255.19,255.3,255.0,255.17,136610
2025-06-24T14:46:00+05:30,255.1,255.38,255.0,255.31,140290
2025-06-24T14:47:00+05:30,255.4,255.55,254.77,255.06,307413
2025-06-24T14:48:00+05:30,255.16,255.27,255.0,255.04,47775
2025-06-24T14:49:00+05:30,255.1,255.35,255.05,255.23,31827
2025-06-24T14:50:00+05:30,255.28,255.4,255.21,255.37,38429
2025-06-24T14:51:00+05:30,255.38,255.38,255.12,255.2,31482
2025-06-24T14:52:00+05:30,255.2,255.29,255.16,255.28,33014
2025-06-24T14:53:00+05:30,255.28,255.3,255.1,255.3,35268
2025-06-24T14:54:00+05:30,255.3,255.38,255.02,255.02,190867
2025-06-24T14:55:00+05:30,255.04,255.13,254.84,255.03,133351
2025-06-24T14:56:00+05:30,255.02,255.05,254.86,255.0,47648
2025-06-24T14:57:00+05:30,255.0,255.0,254.6,254.87,108166
2025-06-24T14:58:00+05:30,254.83,254.99,254.75,254.76,55858
2025-06-24T14:59:00+05:30,254.76,254.89,254.55,254.89,147326
2025-06-24T15:00:00+05:30,254.89,255.09,254.74,254.88,239487
2025-06-24T15:01:00+05:30,254.92,255.0,254.54,254.6,139517
2025-06-24T15:02:00+05:30,254.6,254.63,254.22,254.58,471936
2025-06-24T15:03:00+05:30,254.59,254.85,254.54,254.7,121978
2025-06-24T15:04:00+05:30,254.7,255.1,254.68,255.02,146026
2025-06-24T15:05:00+05:30,255.02,255.19,255.0,255.05,178989
2025-06-24T15:06:00+05:30,255.05,255.35,254.94,255.22,283027
2025-06-24T15:07:00+05:30,255.22,255.26,255.11,255.17,224262
2025-06-24T15:08:00+05:30,255.17,255.28,255.03,255.06,130210
2025-06-24T15:09:00+05:30,255.06,255.18,254.9,255.18,204337
2025-06-24T15:10:00+05:30,255.17,255.29,255.03,255.29,131892
2025-06-24T15:11:00+05:30,255.29,255.35,255.05,255.12,217092
2025-06-24T15:12:00+05:30,255.12,255.25,255.04,255.15,140482
2025-06-24T15:13:00+05:30,255.15,255.3,255.0,255.0,146497
2025-06-24T15:14:00+05:30,255.04,255.18,254.96,255.16,341384
2025-06-24T15:15:00+05:30,255.13,255.18,255.05,255.14,153547
2025-06-24T15:16:00+05:30,255.14,255.35,254.99,255.23,239766
2025-06-24T15:17:00+05:30,255.26,255.29,255.03,255.05,139412
2025-06-24T15:18:00+05:30,255.06,255.3,254.98,255.28,187255
2025-06-24T15:19:00+05:30,255.28,255.35,255.12,255.21,226433
2025-06-24T15:20:00+05:30,255.2,255.2,255.0,255.18,424357
2025-06-24T15:21:00+05:30,255.18,255.49,255.13,255.47,115911
2025-06-24T15:22:00+05:30,255.45,255.48,255.21,255.29,154889
2025-06-24T15:23:00+05:30,255.29,255.33,255.17,255.32,154960
2025-06-24T15:24:00+05:30,255.32,255.35,255.02,255.26,150932
2025-06-24T15:25:00+05:30,255.26,255.3,255.14,255.24,161633
2025-06-24T15:26:00+05:30,255.24,255.35,255.03,255.27,143356
2025-06-24T15:27:00+05:30,255.27,255.28,255.13,255.25,121090
2025-06-24T15:28:00+05:30,255.28,255.8,255.24,255.36,119873
2025-06-24T15:29:00+05:30,255.5,255.56,255.02,255.07,55095
2025-06-25T09:15:00+05:30,256.35,256.85,255.1,255.71,412986
2025-06-25T09:16:00+05:30,255.71,255.71,255.21,255.39,173044
2025-06-25T09:17:00+05:30,255.39,256.03,255.37,255.95,163774
2025-06-25T09:18:00+05:30,255.9,256.17,255.72,255.8,150104
2025-06-25T09:19:00+05:30,255.74,255.97,255.7,255.74,112493
2025-06-25T09:20:00+05:30,255.7,256.28,255.7,256.28,128465
2025-06-25T09:21:00+05:30,256.25,256.51,256.15,256.51,106061
2025-06-25T09:22:00+05:30,256.5,256.61,255.7,255.85,146120
2025-06-25T09:23:00+05:30,255.85,256.35,255.82,256.09,83662
2025-06-25T09:24:00+05:30,256.16,256.2,255.88,255.99,69038
2025-06-25T09:25:00+05:30,255.99,256.46,255.85,256.35,103572
2025-06-25T09:26:00+05:30,256.36,256.48,256.05,256.33,60616
2025-06-25T09:27:00+05:30,256.32,256.45,256.19,256.33,83364
2025-06-25T09:28:00+05:30,256.32,256.5,256.11,256.38,91569
2025-06-25T09:29:00+05:30,256.38,257.52,256.32,257.4,377061
2025-06-25T09:30:00+05:30,257.35,257.5,256.85,257.15,163198
2025-06-25T09:31:00+05:30,257.15,257.29,257.0,257.22,98777
2025-06-25T09:32:00+05:30,257.23,257.45,257.15,257.3,92739
2025-06-25T09:33:00+05:30,257.34,257.41,257.02,257.25,102426
2025-06-25T09:34:00+05:30,257.22,257.71,256.86,257.56,204071
2025-06-25T09:35:00+05:30,257.51,257.58,256.82,256.89,128622
2025-06-25T09:36:00+05:30,256.89,257.17,256.79,256.95,89560
2025-06-25T09:37:00+05:30,256.85,257.27,256.81,257.01,77607
2025-06-25T09:38:00+05:30,256.94,257.2,256.84,257.12,64292
2025-06-25T09:39:00+05:30,257.15,257.46,256.96,257.17,69476
2025-06-25T09:40:00+05:30,257.17,257.25,257.14,257.16,45513
2025-06-25T09:41:00+05:30,257.16,257.23,256.92,256.96,68851
2025-06-25T09:42:00+05:30,256.96,257.0,256.55,256.66,123060
2025-06-25T09:43:00+05:30,256.7,257.0,256.68,257.0,57664
2025-06-25T09:44:00+05:30,257.0,257.3,256.87,257.25,79541
2025-06-25T09:45:00+05:30,257.2,257.34,257.14,257.18,87140
2025-06-25T09:46:00+05:30,257.18,257.55,257.11,257.51,91070
2025-06-25T09:47:00+05:30,257.51,257.66,257.12,257.31,81148
2025-06-25T09:48:00+05:30,257.33,257.57,257.31,257.57,45871
2025-06-25T09:49:00+05:30,257.54,257.8,257.45,257.75,108096
2025-06-25T09:50:00+05:30,257.71,258.0,257.67,257.93,159196
2025-06-25T09:51:00+05:30,257.92,257.98,257.82,257.85,105114
2025-06-25T09:52:00+05:30,257.92,257.92,257.56,257.74,64642
2025-06-25T09:53:00+05:30,257.68,258.08,257.66,257.97,179861
2025-06-25T09:54:00+05:30,257.96,257.97,257.65,257.72,60124
2025-06-25T09:55:00+05:30,257.76,257.8,257.61,257.62,31485
2025-06-25T09:56:00+05:30,257.66,258.1,257.61,258.0,118175
2025-06-25T09:57:00+05:30,257.91,258.0,257.84,257.95,38150
2025-06-25T09:58:00+05:30,257.96,258.09,257.88,257.99,47141
2025-06-25T09:59:00+05:30,257.95,257.99,257.65,257.7,69542
2025-06-25T10:00:00+05:30,257.65,257.65,257.17,257.25,77569
2025-06-25T10:01:00+05:30,257.3,257.4,257.2,257.33,30376
2025-06-25T10:02:00+05:30,257.33,257.48,257.22,257.37,36526
2025-06-25T10:03:00+05:30,257.36,257.36,257.25,257.31,30951
2025-06-25T10:04:00+05:30,257.32,257.56,257.31,257.38,36772
2025-06-25T10:05:00+05:30,257.38,257.5,257.35,257.48,47433
2025-06-25T10:06:00+05:30,257.45,257.48,256.9,256.94,118808
2025-06-25T10:07:00+05:30,256.99,257.48,256.99,257.1,74571
2025-06-25T10:08:00+05:30,257.02,257.12,256.9,257.09,72802
2025-06-25T10:09:00+05:30,257.09,257.29,257.04,257.16,43879
2025-06-25T10:10:00+05:30,257.16,257.17,257.0,257.0,27204
2025-06-25T10:11:00+05:30,257.02,257.16,257.0,257.11,38227
2025-06-25T10:12:00+05:30,257.11,257.28,257.05,257.17,61294
2025-06-25T10:13:00+05:30,257.17,257.26,257.02,257.18,27553
2025-06-25T10:14:00+05:30,257.16,257.24,257.04,257.19,48138
2025-06-25T10:15:00+05:30,257.19,257.57,257.1,257.55,53347
2025-06-25T10:16:00+05:30,257.55,257.58,257.29,257.47,45084
2025-06-25T10:17:00+05:30,257.58,257.58,257.5,257.5,50954
2025-06-25T10:18:00+05:30,257.54,257.74,257.5,257.59,63595
2025-06-25T10:19:00+05:30,257.57,258.0,257.4,257.94,267519
2025-06-25T10:20:00+05:30,257.95,259.06,257.77,259.0,944660
2025-06-25T10:21:00+05:30,259.0,259.2,258.49,258.5,328175
2025-06-25T10:22:00+05:30,258.5,258.5,258.15,258.5,54665
2025-06-25T10:23:00+05:30,258.44,258.5,258.15,258.29,43503
2025-06-25T10:24:00+05:30,258.28,258.62,258.14,258.55,71426
2025-06-25T10:25:00+05:30,258.37,258.57,258.37,258.57,66105
2025-06-25T10:26:00+05:30,258.51,258.61,258.37,258.39,43118
2025-06-25T10:27:00+05:30,258.48,258.5,258.27,258.42,54007
2025-06-25T10:28:00+05:30,258.43,258.67,258.36,258.67,58320
2025-06-25T10:29:00+05:30,258.6,258.67,258.58,258.67,49587
2025-06-25T10:30:00+05:30,258.61,258.79,258.54,258.7,49957
2025-06-25T10:31:00+05:30,258.67,258.81,258.6,258.7,38934
2025-06-25T10:32:00+05:30,258.65,258.72,258.5,258.61,39821
2025-06-25T10:33:00+05:30,258.7,258.95,258.55,258.93,97851
2025-06-25T10:34:00+05:30,258.89,258.99,258.87,258.87,81739
2025-06-25T10:35:00+05:30,258.93,258.93,258.61,258.63,47710
2025-06-25T10:36:00+05:30,258.63,258.71,258.5,258.52,38667
2025-06-25T10:37:00+05:30,258.54,258.59,258.3,258.3,44243
2025-06-25T10:38:00+05:30,258.31,258.38,258.02,258.11,57000
2025-06-25T10:39:00+05:30,258.11,258.24,258.01,258.1,24401
2025-06-25T10:40:00+05:30,258.1,258.57,258.1,258.46,34911
2025-06-25T10:41:00+05:30,258.48,258.56,258.32,258.46,29923
2025-06-25T10:42:00+05:30,258.45,258.5,258.31,258.31,36057
2025-06-25T10:43:00+05:30,258.31,258.44,258.1,258.29,33912
2025-06-25T10:44:00+05:30,258.29,258.42,258.13,258.37,47908
2025-06-25T10:45:00+05:30,258.37,258.57,258.37,258.5,51559
2025-06-25T10:46:00+05:30,258.41,258.49,258.31,258.35,24542
2025-06-25T10:47:00+05:30,258.3,258.49,258.16,258.43,44570
2025-06-25T10:48:00+05:30,258.33,258.45,258.2,258.34,20438
2025-06-25T10:49:00+05:30,258.32,258.54,258.32,258.54,48162
2025-06-25T10:50:00+05:30,258.54,258.8,258.51,258.6,58985
2025-06-25T10:51:00+05:30,258.61,258.62,258.32,258.51,27450
2025-06-25T10:52:00+05:30,258.5,258.65,258.3,258.36,31578
2025-06-25T10:53:00+05:30,258.3,258.47,258.12,258.32,34838
2025-06-25T10:54:00+05:30,258.41,258.44,258.16,258.16,31837
2025-06-25T10:55:00+05:30,258.15,258.32,258.13,258.18,25991
2025-06-25T10:56:00+05:30,258.23,258.23,258.13,258.17,26494
2025-06-25T10:57:00+05:30,258.17,258.29,257.97,258.08,80378
2025-06-25T10:58:00+05:30,258.08,258.16,257.5,257.74,82135
2025-06-25T10:59:00+05:30,257.74,257.75,257.5,257.56,63890
2025-06-25T11:00:00+05:30,257.5,257.78,257.5,257.78,38729
2025-06-25T11:01:00+05:30,257.78,257.98,257.7,257.75,35501
2025-06-25T11:02:00+05:30,257.75,258.2,257.75,257.98,57644
2025-06-25T11:03:00+05:30,257.98,258.06,257.82,257.94,34571
2025-06-25T11:04:00+05:30,258.0,258.05,257.9,258.04,32305
2025-06-25T11:05:00+05:30,258.04,258.33,258.0,258.24,75179
2025-06-25T11:06:00+05:30,258.24,258.3,258.04,258.16,33302
2025-06-25T11:07:00+05:30,258.19,258.29,257.96,258.07,36072
2025-06-25T11:08:00+05:30,257.97,258.28,257.82,258.11,45840
2025-06-25T11:09:00+05:30,258.11,258.16,257.61,257.83,39640
2025-06-25T11:10:00+05:30,257.76,257.79,257.51,257.54,32597
2025-06-25T11:11:00+05:30,257.61,257.61,257.3,257.37,79449
2025-06-25T11:12:00+05:30,257.37,257.47,257.01,257.04,94404
2025-06-25T11:13:00+05:30,257.12,257.22,257.03,257.06,39788
2025-06-25T11:14:00+05:30,257.06,257.12,256.96,257.08,94858
2025-06-25T11:15:00+05:30,257.08,257.21,257.0,257.12,103918
2025-06-25T11:16:00+05:30,257.12,257.33,257.0,257.29,37098
2025-06-25T11:17:00+05:30,257.29,257.48,257.21,257.21,27329
2025-06-25T11:18:00+05:30,257.27,257.45,257.22,257.43,24275
2025-06-25T11:19:00+05:30,257.43,257.45,257.37,257.45,19311
2025-06-25T11:20:00+05:30,257.45,257.45,257.23,257.3,43325
2025-06-25T11:21:00+05:30,257.25,257.28,257.02,257.27,38234
2025-06-25T11:22:00+05:30,257.18,257.4,257.16,257.3,22425
2025-06-25T11:23:00+05:30,257.35,257.44,257.23,257.43,25147
2025-06-25T11:24:00+05:30,257.33,257.43,257.08,257.13,43482
2025-06-25T11:25:00+05:30,257.12,257.16,257.01,257.02,30012
2025-06-25T11:26:00+05:30,257.05,257.05,256.8,257.0,113877
2025-06-25T11:27:00+05:30,257.01,257.24,256.8,256.96,50603
2025-06-25T11:28:00+05:30,256.86,257.39,256.82,257.29,44085
2025-06-25T11:29:00+05:30,257.28,257.29,257.08,257.16,39975
2025-06-25T11:30:00+05:30,257.15,257.15,257.07,257.07,32007
2025-06-25T11:31:00+05:30,257.07,257.08,256.8,256.82,53878
2025-06-25T11:32:00+05:30,256.82,256.89,256.6,256.65,56112
2025-06-25T11:33:00+05:30,256.65,256.9,256.63,256.78,51798
2025-06-25T11:34:00+05:30,256.79,256.89,256.68,256.71,37869
2025-06-25T11:35:00+05:30,256.71,256.9,256.6,256.7,39094
2025-06-25T11:36:00+05:30,256.7,256.9,256.62,256.77,26306
2025-06-25T11:37:00+05:30,256.7,256.94,256.63,256.92,28937
2025-06-25T11:38:00+05:30,256.85,256.97,256.7,256.7,35346
2025-06-25T11:39:00+05:30,256.75,256.79,256.6,256.62,47315
2025-06-25T11:40:00+05:30,256.62,256.65,256.6,256.63,24564
2025-06-25T11:41:00+05:30,256.62,256.65,256.36,256.63,114252
2025-06-25T11:42:00+05:30,256.62,256.77,256.62,256.64,26020
2025-06-25T11:43:00+05:30,256.64,256.77,256.57,256.76,20434
2025-06-25T11:44:00+05:30,256.77,256.8,256.64,256.65,27733
2025-06-25T11:45:00+05:30,256.65,256.91,256.56,256.84,28779
2025-06-25T11:46:00+05:30,256.86,256.99,256.84,256.87,22841
2025-06-25T11:47:00+05:30,256.87,257.21,256.81,256.88,36741
2025-06-25T11:48:00+05:30,256.82,257.05,256.81,256.95,24183
2025-06-25T11:49:00+05:30,256.93,257.45,256.88,257.29,76093
2025-06-25T11:50:00+05:30,257.29,257.41,257.22,257.4,40858
2025-06-25T11:51:00+05:30,257.4,257.41,257.22,257.28,29266
2025-06-25T11:52:00+05:30,257.25,257.66,257.09,257.55,70007
2025-06-25T11:53:00+05:30,257.56,257.65,257.4,257.43,20147
2025-06-25T11:54:00+05:30,257.48,257.51,257.21,257.29,19345
2025-06-25T11:55:00+05:30,257.29,257.45,257.22,257.3,23946
2025-06-25T11:56:00+05:30,257.3,257.34,257.13,257.21,25487
2025-06-25T11:57:00+05:30,257.21,257.43,257.13,257.16,30038
2025-06-25T11:58:00+05:30,257.24,257.61,257.1,257.55,61825
2025-06-25T11:59:00+05:30,257.6,257.65,257.23,257.41,21015
2025-06-25T12:00:00+05:30,257.41,257.45,257.2,257.2,37850
2025-06-25T12:01:00+05:30,257.18,257.31,257.0,257.21,70841
2025-06-25T12:02:00+05:30,257.29,257.4,257.06,257.29,37918
2025-06-25T12:03:00+05:30,257.3,257.87,257.29,257.74,134139
2025-06-25T12:04:00+05:30,257.74,257.99,257.74,257.89,69535
2025-06-25T12:05:00+05:30,257.99,258.3,257.8,258.3,151306
2025-06-25T12:06:00+05:30,258.24,258.28,257.95,258.15,57274
2025-06-25T12:07:00+05:30,258.05,258.25,257.95,258.17,56685
2025-06-25T12:08:00+05:30,258.11,258.2,258.02,258.19,60572
2025-06-25T12:09:00+05:30,258.19,258.4,258.12,258.3,51716
2025-06-25T12:10:00+05:30,258.38,258.45,258.29,258.41,54450
2025-06-25T12:11:00+05:30,258.41,258.7,258.4,258.67,95080
2025-06-25T12:12:00+05:30,258.67,258.85,258.48,258.84,109873
2025-06-25T12:13:00+05:30,258.83,258.86,258.6,258.79,69754
2025-06-25T12:14:00+05:30,258.79,258.8,258.52,258.59,56454
2025-06-25T12:15:00+05:30,258.6,258.7,258.53,258.62,55243
2025-06-25T12:16:00+05:30,258.69,258.89,258.63,258.74,63530
2025-06-25T12:17:00+05:30,258.74,258.74,258.55,258.6,32159
2025-06-25T12:18:00+05:30,258.61,258.77,258.51,258.73,44977
2025-06-25T12:19:00+05:30,258.73,258.74,258.12,258.17,77738
2025-06-25T12:20:00+05:30,258.18,258.36,258.0,258.3,49589
2025-06-25T12:21:00+05:30,258.25,258.5,258.2,258.43,36880
2025-06-25T12:22:00+05:30,258.4,258.43,258.22,258.22,28927
2025-06-25T12:23:00+05:30,258.22,258.39,258.19,258.21,42050
2025-06-25T12:24:00+05:30,258.21,258.36,258.18,258.32,39938
2025-06-25T12:25:00+05:30,258.35,258.4,258.12,258.22,32428
2025-06-25T12:26:00+05:30,258.22,258.39,258.1,258.33,37517
2025-06-25T12:27:00+05:30,258.26,258.58,258.24,258.45,58108
2025-06-25T12:28:00+05:30,258.45,258.95,258.4,258.81,77155
2025-06-25T12:29:00+05:30,258.81,258.99,258.76,258.97,45762
2025-06-25T12:30:00+05:30,258.88,259.1,258.76,259.09,299680
2025-06-25T12:31:00+05:30,259.09,259.2,258.9,259.13,82721
2025-06-25T12:32:00+05:30,259.13,259.15,258.32,258.75,149664
2025-06-25T12:33:00+05:30,258.72,258.72,258.26,258.51,49254
2025-06-25T12:34:00+05:30,258.46,258.64,258.2,258.2,42500
2025-06-25T12:35:00+05:30,258.2,258.44,258.13,258.35,38783
2025-06-25T12:36:00+05:30,258.41,258.55,258.32,258.55,26725
2025-06-25T12:37:00+05:30,258.55,258.66,258.46,258.6,24129
2025-06-25T12:38:00+05:30,258.6,258.67,258.43,258.52,28027
2025-06-25T12:39:00+05:30,258.58,258.85,258.52,258.8,49601
2025-06-25T12:40:00+05:30,258.81,258.86,258.7,258.72,31321
2025-06-25T12:41:00+05:30,258.74,258.86,258.64,258.85,55131
2025-06-25T12:42:00+05:30,258.85,258.85,258.4,258.46,35522
2025-06-25T12:43:00+05:30,258.54,258.58,258.46,258.49,33626
2025-06-25T12:44:00+05:30,258.49,258.55,258.3,258.4,46257
2025-06-25T12:45:00+05:30,258.5,258.64,258.42,258.58,25043
2025-06-25T12:46:00+05:30,258.59,258.64,258.37,258.52,29765
2025-06-25T12:47:00+05:30,258.52,258.65,258.45,258.55,26768
2025-06-25T12:48:00+05:30,258.6,258.6,258.35,258.35,29544
2025-06-25T12:49:00+05:30,258.39,258.69,258.32,258.65,44282
2025-06-25T12:50:00+05:30,258.64,258.75,258.61,258.75,31508
2025-06-25T12:51:00+05:30,258.75,258.75,258.56,258.69,39449
2025-06-25T12:52:00+05:30,258.69,259.0,258.6,258.89,79914
2025-06-25T12:53:00+05:30,258.89,259.1,258.84,259.1,76256
2025-06-25T12:54:00+05:30,259.09,259.17,259.0,259.05,50270
2025-06-25T12:55:00+05:30,259.06,259.09,258.89,259.01,47854
2025-06-25T12:56:00+05:30,259.05,259.05,259.0,259.0,39792
2025-06-25T12:57:00+05:30,259.03,259.15,258.95,259.15,81636
2025-06-25T12:58:00+05:30,259.15,259.2,259.0,259.0,48438
2025-06-25T12:59:00+05:30,259.05,259.15,258.93,258.93,32495
2025-06-25T13:00:00+05:30,258.93,259.0,258.73,258.86,59085
2025-06-25T13:01:00+05:30,258.86,258.97,258.72,258.9,30257
2025-06-25T13:02:00+05:30,258.9,258.9,258.75,258.83,32204
2025-06-25T13:03:00+05:30,258.83,258.84,258.57,258.83,33807
2025-06-25T13:04:00+05:30,258.83,258.95,258.61,258.68,29984
2025-06-25T13:05:00+05:30,258.68,258.74,258.64,258.71,25605
2025-06-25T13:06:00+05:30,258.71,258.95,258.71,258.88,53999
2025-06-25T13:07:00+05:30,258.87,258.97,258.72,258.93,30655
2025-06-25T13:08:00+05:30,258.91,258.99,258.72,258.97,34948
2025-06-25T13:09:00+05:30,258.95,259.1,258.91,259.04,41895
2025-06-25T13:10:00+05:30,259.04,259.14,259.04,259.11,32164
2025-06-25T13:11:00+05:30,259.11,259.15,258.99,258.99,37539
2025-06-25T13:12:00+05:30,258.97,259.1,258.91,259.1,42760
2025-06-25T13:13:00+05:30,259.06,259.1,258.9,259.04,61827
2025-06-25T13:14:00+05:30,259.04,259.08,258.9,258.9,25444
2025-06-25T13:15:00+05:30,258.97,259.08,258.84,259.03,63552
2025-06-25T13:16:00+05:30,259.03,259.05,258.85,258.96,32193
2025-06-25T13:17:00+05:30,259.0,259.05,258.85,258.98,37913
2025-06-25T13:18:00+05:30,258.98,259.0,258.83,258.94,26139
2025-06-25T13:19:00+05:30,258.93,258.98,258.84,258.98,27415
2025-06-25T13:20:00+05:30,258.98,259.08,258.86,259.04,38856
2025-06-25T13:21:00+05:30,259.05,259.13,259.0,259.05,27651
2025-06-25T13:22:00+05:30,259.02,259.19,259.0,259.17,43385
2025-06-25T13:23:00+05:30,259.19,259.19,259.1,259.19,26796
2025-06-25T13:24:00+05:30,259.15,259.29,259.02,259.24,90695
2025-06-25T13:25:00+05:30,259.26,259.34,259.16,259.17,50146
2025-06-25T13:26:00+05:30,259.25,259.3,259.16,259.25,47065
2025-06-25T13:27:00+05:30,259.29,259.35,259.1,259.1,93191
2025-06-25T13:28:00+05:30,259.16,259.34,259.1,259.33,42137
2025-06-25T13:29:00+05:30,259.32,259.4,259.16,259.2,87755
2025-06-25T13:30:00+05:30,259.25,259.35,258.93,258.93,33034
2025-06-25T13:31:00+05:30,258.97,259.13,258.7,258.78,63289
2025-06-25T13:32:00+05:30,258.78,258.88,258.5,258.6,83662
2025-06-25T13:33:00+05:30,258.65,258.73,258.5,258.5,60129
2025-06-25T13:34:00+05:30,258.55,258.77,258.51,258.68,59560
2025-06-25T13:35:00+05:30,258.68,258.73,258.5,258.58,36215
2025-06-25T13:36:00+05:30,258.58,258.58,258.26,258.3,50944
2025-06-25T13:37:00+05:30,258.31,258.42,258.2,258.28,54407
2025-06-25T13:38:00+05:30,258.28,258.3,258.2,258.2,35747
2025-06-25T13:39:00+05:30,258.25,258.3,258.01,258.02,43285
2025-06-25T13:40:00+05:30,258.03,258.2,257.9,258.1,255249
2025-06-25T13:41:00+05:30,258.17,258.22,258.1,258.18,35515
2025-06-25T13:42:00+05:30,258.18,258.25,258.11,258.25,26601
2025-06-25T13:43:00+05:30,258.25,258.29,258.2,258.22,25528
2025-06-25T13:44:00+05:30,258.23,258.89,258.23,258.72,151015
2025-06-25T13:45:00+05:30,258.74,258.79,258.57,258.69,26910
2025-06-25T13:46:00+05:30,258.7,258.97,258.67,258.9,34303
2025-06-25T13:47:00+05:30,258.95,258.95,258.39,258.45,202612
2025-06-25T13:48:00+05:30,258.5,258.68,258.14,258.68,181794
2025-06-25T13:49:00+05:30,258.68,259.0,258.6,258.99,45154
2025-06-25T13:50:00+05:30,259.0,259.15,258.68,258.93,109599
2025-06-25T13:51:00+05:30,258.96,259.15,258.91,259.11,67930
2025-06-25T13:52:00+05:30,259.15,259.15,258.88,259.01,40026
2025-06-25T13:53:00+05:30,259.03,259.11,258.78,259.0,45087
2025-06-25T13:54:00+05:30,259.04,259.07,258.85,258.97,45728
2025-06-25T13:55:00+05:30,258.97,259.07,258.86,258.97,47331
2025-06-25T13:56:00+05:30,258.88,259.0,258.7,258.76,66620
2025-06-25T13:57:00+05:30,258.76,258.9,258.7,258.89,27758
2025-06-25T13:58:00+05:30,258.89,258.9,258.78,258.8,22019
2025-06-25T13:59:00+05:30,258.86,258.98,258.73,258.79,70386
2025-06-25T14:00:00+05:30,258.79,258.85,258.68,258.77,27754
2025-06-25T14:01:00+05:30,258.79,258.84,258.66,258.69,28615
2025-06-25T14:02:00+05:30,258.77,258.81,258.66,258.76,29706
2025-06-25T14:03:00+05:30,258.76,258.78,258.5,258.59,40692
2025-06-25T14:04:00+05:30,258.59,258.75,258.58,258.6,23519
2025-06-25T14:05:00+05:30,258.69,258.75,258.61,258.72,30214
2025-06-25T14:06:00+05:30,258.72,258.72,258.44,258.5,40434
2025-06-25T14:07:00+05:30,258.52,258.62,258.25,258.48,54285
2025-06-25T14:08:00+05:30,258.47,258.65,258.42,258.65,46692
2025-06-25T14:09:00+05:30,258.65,258.65,258.32,258.43,49422
2025-06-25T14:10:00+05:30,258.45,258.53,258.26,258.42,31870
2025-06-25T14:11:00+05:30,258.42,258.48,258.32,258.4,29407
2025-06-25T14:12:00+05:30,258.47,258.7,258.39,258.65,41181
2025-06-25T14:13:00+05:30,258.64,258.7,258.5,258.7,30087
2025-06-25T14:14:00+05:30,258.7,258.96,258.65,258.8,28445
2025-06-25T14:15:00+05:30,258.9,259.15,258.76,259.15,107944
2025-06-25T14:16:00+05:30,259.15,259.15,258.85,258.85,36504
2025-06-25T14:17:00+05:30,258.96,259.0,258.67,258.81,39978
2025-06-25T14:18:00+05:30,258.81,258.84,258.61,258.82,29726
2025-06-25T14:19:00+05:30,258.83,258.92,258.63,258.78,25451
2025-06-25T14:20:00+05:30,258.89,258.91,258.61,258.73,28308
2025-06-25T14:21:00+05:30,258.73,258.82,258.44,258.7,45479
2025-06-25T14:22:00+05:30,258.69,258.88,258.64,258.71,37757
2025-06-25T14:23:00+05:30,258.72,258.81,258.67,258.8,31373
2025-06-25T14:24:00+05:30,258.77,258.98,258.76,258.85,43398
2025-06-25T14:25:00+05:30,258.86,258.89,258.71,258.8,27540
2025-06-25T14:26:00+05:30,258.8,258.85,258.7,258.85,27281
2025-06-25T14:27:00+05:30,258.83,258.95,258.77,258.88,27426
2025-06-25T14:28:00+05:30,258.88,259.0,258.8,258.99,44355
2025-06-25T14:29:00+05:30,259.0,259.12,258.95,258.96,63146
2025-06-25T14:30:00+05:30,259.04,259.09,258.77,258.77,32893
2025-06-25T14:31:00+05:30,258.89,259.03,258.73,258.95,55326
2025-06-25T14:32:00+05:30,258.99,259.1,258.95,259.03,49396
2025-06-25T14:33:00+05:30,259.04,259.09,258.73,258.95,99878
2025-06-25T14:34:00+05:30,258.96,259.1,258.82,258.93,72635
2025-06-25T14:35:00+05:30,258.92,258.94,258.75,258.82,35648
2025-06-25T14:36:00+05:30,258.85,258.86,258.7,258.81,34459
2025-06-25T14:37:00+05:30,258.81,258.84,258.7,258.72,34671
2025-06-25T14:38:00+05:30,258.82,258.92,258.7,258.92,34395
2025-06-25T14:39:00+05:30,258.92,259.17,258.85,259.17,123304
2025-06-25T14:40:00+05:30,259.17,259.2,258.94,259.19,98466
2025-06-25T14:41:00+05:30,259.17,259.2,258.92,259.0,44156
2025-06-25T14:42:00+05:30,259.02,259.03,258.76,258.8,43230
2025-06-25T14:43:00+05:30,258.84,258.93,258.77,258.85,39075
2025-06-25T14:44:00+05:30,258.85,259.07,258.84,258.9,55996
2025-06-25T14:45:00+05:30,258.92,258.95,258.57,258.78,81230
2025-06-25T14:46:00+05:30,258.78,258.82,258.51,258.62,80373
2025-06-25T14:47:00+05:30,258.63,258.72,258.5,258.63,79847
2025-06-25T14:48:00+05:30,258.63,258.7,258.5,258.6,39811
2025-06-25T14:49:00+05:30,258.6,258.7,258.57,258.6,34074
2025-06-25T14:50:00+05:30,258.6,258.74,258.6,258.7,36018
2025-06-25T14:51:00+05:30,258.74,258.9,258.73,258.9,47653
2025-06-25T14:52:00+05:30,258.9,259.0,258.83,258.95,54741
2025-06-25T14:53:00+05:30,259.0,259.4,258.97,259.39,250071
2025-06-25T14:54:00+05:30,259.39,259.4,259.01,259.17,66917
2025-06-25T14:55:00+05:30,259.17,259.29,259.05,259.18,62718
2025-06-25T14:56:00+05:30,259.19,259.3,259.0,259.0,45640
2025-06-25T14:57:00+05:30,259.04,259.25,259.0,259.1,42893
2025-06-25T14:58:00+05:30,259.06,259.3,259.06,259.29,59665
2025-06-25T14:59:00+05:30,259.3,259.36,259.15,259.25,90045
2025-06-25T15:00:00+05:30,259.27,259.42,259.21,259.34,224307
2025-06-25T15:01:00+05:30,259.3,259.35,259.06,259.25,132914
2025-06-25T15:02:00+05:30,259.23,259.25,259.06,259.18,86664
2025-06-25T15:03:00+05:30,259.18,259.2,259.05,259.18,137173
2025-06-25T15:04:00+05:30,259.18,259.25,259.1,259.1,137247
2025-06-25T15:05:00+05:30,259.1,259.17,258.74,258.74,232011
2025-06-25T15:06:00+05:30,258.75,258.79,258.5,258.69,187461
2025-06-25T15:07:00+05:30,258.67,258.73,258.36,258.41,177669
2025-06-25T15:08:00+05:30,258.36,258.73,258.36,258.68,103968
2025-06-25T15:09:00+05:30,258.69,258.78,258.6,258.69,167262
2025-06-25T15:10:00+05:30,258.7,258.74,258.6,258.68,111562
2025-06-25T15:11:00+05:30,258.7,259.0,258.68,258.91,213662
2025-06-25T15:12:00+05:30,258.96,259.2,258.88,259.13,122874
2025-06-25T15:13:00+05:30,259.13,259.2,259.01,259.04,115779
2025-06-25T15:14:00+05:30,259.09,259.1,259.0,259.05,150613
2025-06-25T15:15:00+05:30,259.05,259.09,258.81,258.89,190057
2025-06-25T15:16:00+05:30,258.85,258.89,258.7,258.8,148435
2025-06-25T15:17:00+05:30,258.79,258.89,258.7,258.88,123871
2025-06-25T15:18:00+05:30,258.88,258.93,258.64,258.78,155623
2025-06-25T15:19:00+05:30,258.78,258.82,258.65,258.76,185620
2025-06-25T15:20:00+05:30,258.78,258.84,258.64,258.71,186715
2025-06-25T15:21:00+05:30,258.69,258.71,258.5,258.54,153871
2025-06-25T15:22:00+05:30,258.57,258.64,258.5,258.61,108148
2025-06-25T15:23:00+05:30,258.6,258.98,258.59,258.91,161899
2025-06-25T15:24:00+05:30,258.91,259.0,258.78,258.87,143998
2025-06-25T15:25:00+05:30,258.9,258.9,258.73,258.81,99463
2025-06-25T15:26:00+05:30,258.82,258.84,258.74,258.81,105731
2025-06-25T15:27:00+05:30,258.8,258.81,258.63,258.69,133099
2025-06-25T15:28:00+05:30,258.69,258.8,258.55,258.55,135413
2025-06-25T15:29:00+05:30,258.55,258.95,258.31,258.6,85876
2025-06-26T09:15:00+05:30,259.49,261.5,258.95,261.46,860987
2025-06-26T09:16:00+05:30,261.49,261.52,260.33,260.94,261367
2025-06-26T09:17:00+05:30,260.94,261.15,260.7,260.8,263081
2025-06-26T09:18:00+05:30,260.83,260.83,260.12,260.44,214304
2025-06-26T09:19:00+05:30,260.44,261.2,260.44,261.2,210298
2025-06-26T09:20:00+05:30,261.2,261.49,261.12,261.45,193875
2025-06-26T09:21:00+05:30,261.49,261.77,261.45,261.68,191711
2025-06-26T09:22:00+05:30,261.69,261.99,261.57,261.75,163411
2025-06-26T09:23:00+05:30,261.66,261.8,261.36,261.42,94362
2025-06-26T09:24:00+05:30,261.47,261.49,261.0,261.01,98892
2025-06-26T09:25:00+05:30,261.01,261.07,260.75,260.94,123164
2025-06-26T09:26:00+05:30,260.93,261.11,260.79,260.98,176149
2025-06-26T09:27:00+05:30,261.07,261.07,260.75,260.8,158429
2025-06-26T09:28:00+05:30,260.84,260.88,260.52,260.88,158623
2025-06-26T09:29:00+05:30,260.87,260.93,260.71,260.89,40728
2025-06-26T09:30:00+05:30,260.89,261.1,260.75,260.96,93678
2025-06-26T09:31:00+05:30,260.96,261.05,260.7,260.95,38824
2025-06-26T09:32:00+05:30,260.84,260.95,260.74,260.81,39179
2025-06-26T09:33:00+05:30,260.81,261.16,260.65,261.01,131564
2025-06-26T09:34:00+05:30,261.04,261.15,260.9,260.9,70405
2025-06-26T09:35:00+05:30,260.91,261.03,260.66,260.8,41150
2025-06-26T09:36:00+05:30,260.8,260.8,260.3,260.35,124136
2025-06-26T09:37:00+05:30,260.34,260.36,260.1,260.25,119062
2025-06-26T09:38:00+05:30,260.34,260.35,259.83,259.92,103900
2025-06-26T09:39:00+05:30,259.92,260.57,259.84,260.55,161431
2025-06-26T09:40:00+05:30,260.45,260.55,260.2,260.48,50592
2025-06-26T09:41:00+05:30,260.49,260.87,260.4,260.78,77420
2025-06-26T09:42:00+05:30,260.73,260.89,260.53,260.63,51732
2025-06-26T09:43:00+05:30,260.6,260.7,260.47,260.47,25870
2025-06-26T09:44:00+05:30,260.54,260.95,260.4,260.93,105419
2025-06-26T09:45:00+05:30,260.94,261.45,260.93,261.23,97351
2025-06-26T09:46:00+05:30,261.25,261.37,261.2,261.22,78512
2025-06-26T09:47:00+05:30,261.3,261.6,261.2,261.54,155269
2025-06-26T09:48:00+05:30,261.57,261.9,261.54,261.66,132689
2025-06-26T09:49:00+05:30,261.71,261.73,261.3,261.3,45014
2025-06-26T09:50:00+05:30,261.37,261.37,261.2,261.2,26703
2025-06-26T09:51:00+05:30,261.2,261.44,261.2,261.3,57073
2025-06-26T09:52:00+05:30,261.3,261.39,261.0,261.29,91411
2025-06-26T09:53:00+05:30,261.29,261.8,261.22,261.7,112967
2025-06-26T09:54:00+05:30,261.7,261.85,261.64,261.8,104534
2025-06-26T09:55:00+05:30,261.76,261.95,261.7,261.95,114374
2025-06-26T09:56:00+05:30,261.95,261.95,261.59,261.62,83305
2025-06-26T09:57:00+05:30,261.65,261.67,261.41,261.6,57410
2025-06-26T09:58:00+05:30,261.6,261.98,261.53,261.76,101780
2025-06-26T09:59:00+05:30,261.83,261.89,261.65,261.76,42105
2025-06-26T10:00:00+05:30,261.76,263.0,261.74,262.99,791573
2025-06-26T10:01:00+05:30,262.93,263.15,262.46,262.7,963345
2025-06-26T10:02:00+05:30,262.7,262.79,262.62,262.75,61453
2025-06-26T10:03:00+05:30,262.75,262.75,262.36,262.4,80230
2025-06-26T10:04:00+05:30,262.47,262.7,262.32,262.57,96551
2025-06-26T10:05:00+05:30,262.6,262.7,262.36,262.47,71532
2025-06-26T10:06:00+05:30,262.42,262.64,262.37,262.57,77899
2025-06-26T10:07:00+05:30,262.45,262.64,262.21,262.25,104834
2025-06-26T10:08:00+05:30,262.22,262.37,262.02,262.37,98019
2025-06-26T10:09:00+05:30,262.37,262.65,262.35,262.51,68196
2025-06-26T10:10:00+05:30,262.51,262.53,262.3,262.5,32230
2025-06-26T10:11:00+05:30,262.5,262.75,262.49,262.72,57118
2025-06-26T10:12:00+05:30,262.75,262.75,262.54,262.6,24589
2025-06-26T10:13:00+05:30,262.6,262.6,262.39,262.4,35379
2025-06-26T10:14:00+05:30,262.4,262.55,262.3,262.55,69419
2025-06-26T10:15:00+05:30,262.5,262.58,262.34,262.55,52479
2025-06-26T10:16:00+05:30,262.55,262.59,262.48,262.57,28878
2025-06-26T10:17:00+05:30,262.55,262.59,262.4,262.45,32294
2025-06-26T10:18:00+05:30,262.46,262.47,262.12,262.35,60581
2025-06-26T10:19:00+05:30,262.35,262.4,262.17,262.28,29109
2025-06-26T10:20:00+05:30,262.28,262.4,262.15,262.17,60925
2025-06-26T10:21:00+05:30,262.17,262.17,261.85,262.1,96739
2025-06-26T10:22:00+05:30,262.1,262.38,262.09,262.15,44455
2025-06-26T10:23:00+05:30,262.12,262.35,262.0,262.35,42478
2025-06-26T10:24:00+05:30,262.34,262.4,262.28,262.39,39584
2025-06-26T10:25:00+05:30,262.4,262.88,262.39,262.69,115789
2025-06-26T10:26:00+05:30,262.73,262.79,262.54,262.71,38855
2025-06-26T10:27:00+05:30,262.74,262.79,262.3,262.41,71229
2025-06-26T10:28:00+05:30,262.49,262.53,262.29,262.31,23430
2025-06-26T10:29:00+05:30,262.31,262.44,262.29,262.35,33364
2025-06-26T10:30:00+05:30,262.39,262.65,262.26,262.56,40283
2025-06-26T10:31:00+05:30,262.6,262.64,262.45,262.5,32330
2025-06-26T10:32:00+05:30,262.52,262.63,262.47,262.63,24316
2025-06-26T10:33:00+05:30,262.61,262.65,262.28,262.31,51305
2025-06-26T10:34:00+05:30,262.3,262.35,262.05,262.05,62583
2025-06-26T10:35:00+05:30,262.05,262.25,261.9,262.18,84393
2025-06-26T10:36:00+05:30,262.15,262.19,261.95,262.03,39079
2025-06-26T10:37:00+05:30,262.03,262.15,261.85,262.01,102498
2025-06-26T10:38:00+05:30,262.11,262.49,261.97,262.49,29010
2025-06-26T10:39:00+05:30,262.4,263.2,262.4,263.0,333575
2025-06-26T10:40:00+05:30,263.01,263.25,262.91,263.01,141204
2025-06-26T10:41:00+05:30,263.0,263.09,262.81,263.0,612867
2025-06-26T10:42:00+05:30,263.02,263.05,263.0,263.0,93355
2025-06-26T10:43:00+05:30,263.01,263.25,262.92,263.16,212471
2025-06-26T10:44:00+05:30,263.2,263.2,262.8,263.01,418517
2025-06-26T10:45:00+05:30,263.0,263.15,263.0,263.0,133760
2025-06-26T10:46:00+05:30,263.0,263.03,262.82,263.01,374425
2025-06-26T10:47:00+05:30,263.01,263.15,263.0,263.0,105162
2025-06-26T10:48:00+05:30,263.0,263.15,262.83,263.01,220057
2025-06-26T10:49:00+05:30,263.0,263.05,263.0,263.0,135268
2025-06-26T10:50:00+05:30,263.01,263.06,262.64,262.76,333892
2025-06-26T10:51:00+05:30,262.75,262.95,262.58,262.82,74843
2025-06-26T10:52:00+05:30,262.92,263.05,262.75,263.0,307437
2025-06-26T10:53:00+05:30,263.0,263.01,262.82,263.0,258002
2025-06-26T10:54:00+05:30,263.0,263.01,262.82,263.01,284324
2025-06-26T10:55:00+05:30,263.0,263.01,262.92,263.0,503571
2025-06-26T10:56:00+05:30,263.0,263.05,262.96,263.0,363849
2025-06-26T10:57:00+05:30,263.0,263.05,262.61,262.73,563449
2025-06-26T10:58:00+05:30,262.78,262.8,262.37,262.47,108484
2025-06-26T10:59:00+05:30,262.47,262.49,262.17,262.25,86815
2025-06-26T11:00:00+05:30,262.25,262.47,262.1,262.4,75439
2025-06-26T11:01:00+05:30,262.45,262.98,262.4,262.82,53656
2025-06-26T11:02:00+05:30,262.82,262.82,262.33,262.33,28788
2025-06-26T11:03:00+05:30,262.33,262.45,262.18,262.18,47546
2025-06-26T11:04:00+05:30,262.2,262.3,262.0,262.03,110590
2025-06-26T11:05:00+05:30,262.0,262.08,261.89,261.89,72574
2025-06-26T11:06:00+05:30,261.89,261.98,261.75,261.76,100765
2025-06-26T11:07:00+05:30,261.76,261.84,261.5,261.83,143122
2025-06-26T11:08:00+05:30,261.8,261.83,261.54,261.63,47586
2025-06-26T11:09:00+05:30,261.57,261.8,261.57,261.75,36025
2025-06-26T11:10:00+05:30,261.75,261.92,261.66,261.85,45627
2025-06-26T11:11:00+05:30,261.84,261.85,261.6,261.7,79483
2025-06-26T11:12:00+05:30,261.7,261.7,261.25,261.5,131856
2025-06-26T11:13:00+05:30,261.5,261.74,261.35,261.56,55423
2025-06-26T11:14:00+05:30,261.53,261.8,261.47,261.65,72086
2025-06-26T11:15:00+05:30,261.65,261.67,261.45,261.5,36622
2025-06-26T11:16:00+05:30,261.45,261.74,261.4,261.72,65766
2025-06-26T11:17:00+05:30,261.74,262.0,261.7,261.88,49721
2025-06-26T11:18:00+05:30,261.89,261.96,261.75,261.83,68052
2025-06-26T11:19:00+05:30,261.77,261.95,261.75,261.95,24340
2025-06-26T11:20:00+05:30,261.95,261.95,261.77,261.84,28817
2025-06-26T11:21:00+05:30,261.85,262.18,261.85,262.03,81037
2025-06-26T11:22:00+05:30,262.08,262.2,262.0,262.08,61709
2025-06-26T11:23:00+05:30,262.08,262.1,261.83,261.83,53833
2025-06-26T11:24:00+05:30,261.91,262.5,261.88,262.39,75861
2025-06-26T11:25:00+05:30,262.35,262.41,262.11,262.11,35302
2025-06-26T11:26:00+05:30,262.11,262.2,261.94,261.98,26037
2025-06-26T11:27:00+05:30,261.99,262.06,261.88,262.03,59799
2025-06-26T11:28:00+05:30,262.06,262.3,262.03,262.25,28753
2025-06-26T11:29:00+05:30,262.23,262.23,262.06,262.1,14318
2025-06-26T11:30:00+05:30,262.08,262.8,262.0,262.58,100080
2025-06-26T11:31:00+05:30,262.59,262.6,262.3,262.43,23990
2025-06-26T11:32:00+05:30,262.48,262.48,262.34,262.4,10702
2025-06-26T11:33:00+05:30,262.4,262.77,262.39,262.62,54046
2025-06-26T11:34:00+05:30,262.66,262.81,262.62,262.78,67817
2025-06-26T11:35:00+05:30,262.82,262.82,262.37,262.44,35678
2025-06-26T11:36:00+05:30,262.43,262.85,262.42,262.75,49499
2025-06-26T11:37:00+05:30,262.75,263.1,262.54,263.05,191829
2025-06-26T11:38:00+05:30,263.06,263.2,262.86,263.03,93851
2025-06-26T11:39:00+05:30,263.03,263.13,262.89,262.99,117790
2025-06-26T11:40:00+05:30,262.94,263.09,262.84,263.0,87229
2025-06-26T11:41:00+05:30,263.0,263.04,262.7,262.72,82620
2025-06-26T11:42:00+05:30,262.72,262.86,262.58,262.63,34441
2025-06-26T11:43:00+05:30,262.65,262.71,262.25,262.25,35942
2025-06-26T11:44:00+05:30,262.27,262.36,262.12,262.25,38492
2025-06-26T11:45:00+05:30,262.24,262.31,262.0,262.0,58048
2025-06-26T11:46:00+05:30,262.02,262.39,261.91,262.26,48516
2025-06-26T11:47:00+05:30,262.26,262.4,262.25,262.34,31895
2025-06-26T11:48:00+05:30,262.32,262.36,262.02,262.09,28667
2025-06-26T11:49:00+05:30,262.07,262.34,262.07,262.23,34566
2025-06-26T11:50:00+05:30,262.28,262.36,262.21,262.23,22820
2025-06-26T11:51:00+05:30,262.24,262.4,262.17,262.25,21911
2025-06-26T11:52:00+05:30,262.25,262.36,262.17,262.27,14889
2025-06-26T11:53:00+05:30,262.32,262.39,262.1,262.24,38256
2025-06-26T11:54:00+05:30,262.22,262.36,262.17,262.17,26289
2025-06-26T11:55:00+05:30,262.18,262.3,262.13,262.16,15788
2025-06-26T11:56:00+05:30,262.16,262.24,261.9,261.94,85931
2025-06-26T11:57:00+05:30,261.91,261.95,261.85,261.88,17195
2025-06-26T11:58:00+05:30,261.88,261.9,261.7,261.75,46204
2025-06-26T11:59:00+05:30,261.8,261.84,261.69,261.71,23823
2025-06-26T12:00:00+05:30,261.71,261.82,261.65,261.8,51619
2025-06-26T12:01:00+05:30,261.85,262.02,261.75,261.85,44406
2025-06-26T12:02:00+05:30,261.84,261.84,261.65,261.79,42496
2025-06-26T12:03:00+05:30,261.73,261.96,261.7,261.9,12840
2025-06-26T12:04:00+05:30,261.96,262.29,261.9,262.14,53828
2025-06-26T12:05:00+05:30,262.14,262.54,262.14,262.3,79813
2025-06-26T12:06:00+05:30,262.29,262.31,262.1,262.1,31532
2025-06-26T12:07:00+05:30,262.14,262.2,261.98,262.2,24824
2025-06-26T12:08:00+05:30,262.2,262.34,262.15,262.18,24875
2025-06-26T12:09:00+05:30,262.19,262.23,262.04,262.13,22352
2025-06-26T12:10:00+05:30,262.13,262.13,261.97,262.07,12979
2025-06-26T12:11:00+05:30,262.01,262.07,261.81,261.89,21221
2025-06-26T12:12:00+05:30,261.89,262.0,261.83,261.92,23781
2025-06-26T12:13:00+05:30,261.91,261.98,261.82,261.83,21572
2025-06-26T12:14:00+05:30,261.83,261.94,261.78,261.93,34628
2025-06-26T12:15:00+05:30,261.91,262.0,261.9,262.0,16908
2025-06-26T12:16:00+05:30,262.0,262.45,261.96,262.38,32703
2025-06-26T12:17:00+05:30,262.33,262.4,262.18,262.4,25749
2025-06-26T12:18:00+05:30,262.35,262.4,262.22,262.36,28793
2025-06-26T12:19:00+05:30,262.32,262.37,262.01,262.08,12648
2025-06-26T12:20:00+05:30,262.08,262.2,262.04,262.08,17788
2025-06-26T12:21:00+05:30,262.05,262.21,262.05,262.14,28790
2025-06-26T12:22:00+05:30,262.14,262.68,262.09,262.62,53454
2025-06-26T12:23:00+05:30,262.58,262.75,262.5,262.75,56035
2025-06-26T12:24:00+05:30,262.7,262.75,262.58,262.64,38988
2025-06-26T12:25:00+05:30,262.62,262.71,262.41,262.47,64856
2025-06-26T12:26:00+05:30,262.41,262.72,262.41,262.7,17688
2025-06-26T12:27:00+05:30,262.7,262.95,262.68,262.95,67953
2025-06-26T12:28:00+05:30,262.94,262.95,262.69,262.76,65261
2025-06-26T12:29:00+05:30,262.76,262.9,262.74,262.89,28711
2025-06-26T12:30:00+05:30,262.88,262.89,262.71,262.77,26828
2025-06-26T12:31:00+05:30,262.72,262.95,262.72,262.84,42940
2025-06-26T12:32:00+05:30,262.84,262.85,262.6,262.64,30349
2025-06-26T12:33:00+05:30,262.63,262.64,262.51,262.55,38448
2025-06-26T12:34:00+05:30,262.51,262.55,262.1,262.18,66807
2025-06-26T12:35:00+05:30,262.1,262.39,262.05,262.13,33494
2025-06-26T12:36:00+05:30,262.13,262.16,262.0,262.07,43057
2025-06-26T12:37:00+05:30,262.06,262.1,261.9,261.96,47037
2025-06-26T12:38:00+05:30,261.91,261.96,261.85,261.9,44957
2025-06-26T12:39:00+05:30,261.87,261.97,261.87,261.9,32714
2025-06-26T12:40:00+05:30,261.89,261.9,261.84,261.88,80307
2025-06-26T12:41:00+05:30,261.85,262.15,261.83,262.03,46586
2025-06-26T12:42:00+05:30,262.03,262.15,262.01,262.1,18375
2025-06-26T12:43:00+05:30,262.08,262.1,262.0,262.06,14502
2025-06-26T12:44:00+05:30,262.06,262.15,262.0,262.14,19028
2025-06-26T12:45:00+05:30,262.09,262.09,261.32,261.5,215648
2025-06-26T12:46:00+05:30,261.5,261.5,261.02,261.15,144291
2025-06-26T12:47:00+05:30,261.15,261.36,260.52,260.85,238648
2025-06-26T12:48:00+05:30,260.85,261.16,260.5,261.16,158176
2025-06-26T12:49:00+05:30,261.05,261.15,260.62,260.72,176832
2025-06-26T12:50:00+05:30,260.72,260.73,260.4,260.45,136643
2025-06-26T12:51:00+05:30,260.45,260.51,260.2,260.4,141580
2025-06-26T12:52:00+05:30,260.32,260.32,260.0,260.13,170600
2025-06-26T12:53:00+05:30,260.14,260.4,259.93,260.07,193287
2025-06-26T12:54:00+05:30,260.07,260.23,259.85,260.0,177532
2025-06-26T12:55:00+05:30,260.0,260.3,259.75,260.2,137500
2025-06-26T12:56:00+05:30,260.2,260.25,259.95,260.2,142562
2025-06-26T12:57:00+05:30,260.19,260.2,259.95,260.14,138776
2025-06-26T12:58:00+05:30,260.14,260.32,260.04,260.25,127510
2025-06-26T12:59:00+05:30,260.18,260.36,260.01,260.19,137258
2025-06-26T13:00:00+05:30,260.12,261.0,260.12,260.87,102705
2025-06-26T13:01:00+05:30,260.87,260.93,260.75,260.87,43168
2025-06-26T13:02:00+05:30,260.87,261.41,260.87,261.29,130200
2025-06-26T13:03:00+05:30,261.26,261.5,261.21,261.33,64774
2025-06-26T13:04:00+05:30,261.33,261.48,261.3,261.37,79611
2025-06-26T13:05:00+05:30,261.32,261.73,261.32,261.5,72766
2025-06-26T13:06:00+05:30,261.45,261.65,261.44,261.6,35003
2025-06-26T13:07:00+05:30,261.6,261.64,261.53,261.55,13286
2025-06-26T13:08:00+05:30,261.55,261.59,261.5,261.54,22362
2025-06-26T13:09:00+05:30,261.54,261.59,261.54,261.58,19664
2025-06-26T13:10:00+05:30,261.57,261.64,261.54,261.63,26785
2025-06-26T13:11:00+05:30,261.62,261.63,261.33,261.4,34959
2025-06-26T13:12:00+05:30,261.38,261.83,261.35,261.71,53381
2025-06-26T13:13:00+05:30,261.71,261.8,261.7,261.76,35604
2025-06-26T13:14:00+05:30,261.76,261.83,261.74,261.83,27709
2025-06-26T13:15:00+05:30,261.8,262.0,261.8,261.96,71508
2025-06-26T13:16:00+05:30,261.96,262.46,261.9,262.46,104251
2025-06-26T13:17:00+05:30,262.46,262.5,262.3,262.33,45200
2025-06-26T13:18:00+05:30,262.32,262.33,261.94,261.99,72183
2025-06-26T13:19:00+05:30,261.99,262.34,261.96,262.3,50184
2025-06-26T13:20:00+05:30,262.3,262.44,262.21,262.32,52441
2025-06-26T13:21:00+05:30,262.32,262.4,262.27,262.29,36732
2025-06-26T13:22:00+05:30,262.27,262.33,262.21,262.24,25926
2025-06-26T13:23:00+05:30,262.21,262.28,262.01,262.08,51270
2025-06-26T13:24:00+05:30,262.05,262.14,262.01,262.14,38101
2025-06-26T13:25:00+05:30,262.08,262.24,262.06,262.2,46517
2025-06-26T13:26:00+05:30,262.12,262.25,262.12,262.17,39644
2025-06-26T13:27:00+05:30,262.14,262.35,262.03,262.35,45160
2025-06-26T13:28:00+05:30,262.34,262.49,262.29,262.43,85403
2025-06-26T13:29:00+05:30,262.39,262.44,262.02,262.17,51006
2025-06-26T13:30:00+05:30,262.15,262.3,262.05,262.28,53420
2025-06-26T13:31:00+05:30,262.25,262.39,262.14,262.19,42367
2025-06-26T13:32:00+05:30,262.18,262.36,262.11,262.27,39317
2025-06-26T13:33:00+05:30,262.27,262.35,262.1,262.35,43719
2025-06-26T13:34:00+05:30,262.34,262.36,262.16,262.33,39285
2025-06-26T13:35:00+05:30,262.33,262.5,262.32,262.5,79224
2025-06-26T13:36:00+05:30,262.5,262.75,262.49,262.72,154144
2025-06-26T13:37:00+05:30,262.7,262.72,262.34,262.7,67806
2025-06-26T13:38:00+05:30,262.69,262.78,262.69,262.75,44886
2025-06-26T13:39:00+05:30,262.73,262.75,262.43,262.64,54754
2025-06-26T13:40:00+05:30,262.64,262.72,262.59,262.69,40923
2025-06-26T13:41:00+05:30,262.69,262.73,262.65,262.73,37487
2025-06-26T13:42:00+05:30,262.7,262.77,262.7,262.77,48568
2025-06-26T13:43:00+05:30,262.75,262.79,262.55,262.67,55620
2025-06-26T13:44:00+05:30,262.65,262.72,262.57,262.71,40836
2025-06-26T13:45:00+05:30,262.71,262.81,262.7,262.8,74817
2025-06-26T13:46:00+05:30,262.79,263.15,262.79,262.98,374933
2025-06-26T13:47:00+05:30,262.93,263.15,262.92,263.15,90003
2025-06-26T13:48:00+05:30,263.15,263.2,263.12,263.2,71547
2025-06-26T13:49:00+05:30,263.18,263.18,263.03,263.11,58157
2025-06-26T13:50:00+05:30,263.1,263.4,263.09,263.4,229249
2025-06-26T13:51:00+05:30,263.35,263.4,263.22,263.34,61158
2025-06-26T13:52:00+05:30,263.33,263.34,263.23,263.3,45293
2025-06-26T13:53:00+05:30,263.29,263.35,263.18,263.35,52634
2025-06-26T13:54:00+05:30,263.35,263.4,263.29,263.4,83844
2025-06-26T13:55:00+05:30,263.4,263.4,263.37,263.39,70240
2025-06-26T13:56:00+05:30,263.38,263.8,263.35,263.78,251435
2025-06-26T13:57:00+05:30,263.78,263.85,263.75,263.8,60739
2025-06-26T13:58:00+05:30,263.8,264.0,263.79,263.9,148323
2025-06-26T13:59:00+05:30,263.9,263.99,263.85,263.95,87068
2025-06-26T14:00:00+05:30,263.95,263.95,263.79,263.86,73721
2025-06-26T14:01:00+05:30,263.86,264.39,263.8,264.34,373796
2025-06-26T14:02:00+05:30,264.34,264.36,264.23,264.35,99461
2025-06-26T14:03:00+05:30,264.29,264.4,264.14,264.18,93076
2025-06-26T14:04:00+05:30,264.18,264.2,263.95,264.17,97869
2025-06-26T14:05:00+05:30,264.11,264.2,264.0,264.03,84062
2025-06-26T14:06:00+05:30,264.01,264.03,263.84,263.95,92160
2025-06-26T14:07:00+05:30,263.92,263.98,263.82,263.9,69513
2025-06-26T14:08:00+05:30,263.86,263.9,263.81,263.89,71178
2025-06-26T14:09:00+05:30,263.88,263.99,263.8,263.9,54691
2025-06-26T14:10:00+05:30,263.89,264.0,263.89,264.0,73903
2025-06-26T14:11:00+05:30,263.97,264.72,263.94,264.53,727728
2025-06-26T14:12:00+05:30,264.62,264.9,264.53,264.86,219304
2025-06-26T14:13:00+05:30,264.8,264.93,264.69,264.76,134026
2025-06-26T14:14:00+05:30,264.74,264.95,264.74,264.91,101932
2025-06-26T14:15:00+05:30,264.91,264.95,264.77,264.8,122318
2025-06-26T14:16:00+05:30,264.77,264.84,264.65,264.75,102431
2025-06-26T14:17:00+05:30,264.7,264.8,264.57,264.65,122685
2025-06-26T14:18:00+05:30,264.62,264.83,264.6,264.8,110249
2025-06-26T14:19:00+05:30,264.8,264.83,264.75,264.81,49237
2025-06-26T14:20:00+05:30,264.8,264.84,264.79,264.84,76712
2025-06-26T14:21:00+05:30,264.81,264.9,264.44,264.63,149685
2025-06-26T14:22:00+05:30,264.62,264.85,264.62,264.85,81805
2025-06-26T14:23:00+05:30,264.85,264.98,264.82,264.9,125471
2025-06-26T14:24:00+05:30,264.87,264.98,264.87,264.95,90495
2025-06-26T14:25:00+05:30,264.95,264.99,264.86,264.99,84966
2025-06-26T14:26:00+05:30,264.99,265.43,264.95,265.05,674808
2025-06-26T14:27:00+05:30,265.02,265.3,265.02,265.27,104788
2025-06-26T14:28:00+05:30,265.25,265.43,265.23,265.39,116798
2025-06-26T14:29:00+05:30,265.39,265.45,265.2,265.24,116893
2025-06-26T14:30:00+05:30,265.24,265.64,265.23,265.57,170849
2025-06-26T14:31:00+05:30,265.57,265.64,265.31,265.46,166156
2025-06-26T14:32:00+05:30,265.45,265.45,265.05,265.25,193110
2025-06-26T14:33:00+05:30,265.25,265.3,265.08,265.21,100646
2025-06-26T14:34:00+05:30,265.21,265.45,265.17,265.43,205690
2025-06-26T14:35:00+05:30,265.43,265.7,265.19,265.27,196568
2025-06-26T14:36:00+05:30,265.27,265.68,265.18,265.6,116102
2025-06-26T14:37:00+05:30,265.59,265.8,265.56,265.75,117885
2025-06-26T14:38:00+05:30,265.75,265.99,265.69,265.89,203190
2025-06-26T14:39:00+05:30,265.83,266.0,265.82,265.99,171677
2025-06-26T14:40:00+05:30,265.97,266.25,265.89,266.24,288353
2025-06-26T14:41:00+05:30,266.24,266.25,265.88,265.99,171772
2025-06-26T14:42:00+05:30,265.93,266.06,265.35,265.4,189638
2025-06-26T14:43:00+05:30,265.4,265.75,265.38,265.56,119893
2025-06-26T14:44:00+05:30,265.52,266.0,265.47,265.54,412553
2025-06-26T14:45:00+05:30,265.54,265.57,265.32,265.53,132296
2025-06-26T14:46:00+05:30,265.48,265.7,265.47,265.64,90926
2025-06-26T14:47:00+05:30,265.64,265.69,265.48,265.6,98213
2025-06-26T14:48:00+05:30,265.58,265.76,265.49,265.62,91971
2025-06-26T14:49:00+05:30,265.59,265.79,265.56,265.73,136163
2025-06-26T14:50:00+05:30,265.7,265.92,265.52,265.57,122335
2025-06-26T14:51:00+05:30,265.57,265.8,265.56,265.74,92670
2025-06-26T14:52:00+05:30,265.73,265.74,265.53,265.61,110734
2025-06-26T14:53:00+05:30,265.57,265.85,265.57,265.85,157403
2025-06-26T14:54:00+05:30,265.84,266.0,265.81,266.0,188259
2025-06-26T14:55:00+05:30,265.97,266.2,265.81,266.0,217665
2025-06-26T14:56:00+05:30,265.99,266.12,265.92,266.05,123161
2025-06-26T14:57:00+05:30,266.04,266.15,265.79,265.86,229366
2025-06-26T14:58:00+05:30,265.8,265.95,265.71,265.86,142794
2025-06-26T14:59:00+05:30,265.86,265.94,265.72,265.74,174091
2025-06-26T15:00:00+05:30,265.74,265.81,265.12,265.72,318409
2025-06-26T15:01:00+05:30,265.72,265.9,265.64,265.8,214286
2025-06-26T15:02:00+05:30,265.8,265.93,265.68,265.81,274914
2025-06-26T15:03:00+05:30,265.81,265.88,265.76,265.78,142938
2025-06-26T15:04:00+05:30,265.78,265.8,265.38,265.59,391911
2025-06-26T15:05:00+05:30,265.58,265.6,265.21,265.35,492960
2025-06-26T15:06:00+05:30,265.35,265.35,265.15,265.25,347675
2025-06-26T15:07:00+05:30,265.25,265.43,265.24,265.41,369813
2025-06-26T15:08:00+05:30,265.42,265.45,265.2,265.28,527644
2025-06-26T15:09:00+05:30,265.28,265.3,265.24,265.25,197987
2025-06-26T15:10:00+05:30,265.25,265.48,265.24,265.25,448268
2025-06-26T15:11:00+05:30,265.25,265.4,265.24,265.25,405294
2025-06-26T15:12:00+05:30,265.25,265.25,265.24,265.25,282625
2025-06-26T15:13:00+05:30,265.25,265.39,265.24,265.24,372545
2025-06-26T15:14:00+05:30,265.25,265.33,265.24,265.24,354570
2025-06-26T15:15:00+05:30,265.25,265.29,264.82,265.1,563326
2025-06-26T15:16:00+05:30,265.1,265.25,264.92,265.03,616621
2025-06-26T15:17:00+05:30,265.1,265.16,264.96,265.0,320573
2025-06-26T15:18:00+05:30,265.0,265.07,264.94,265.0,466921
2025-06-26T15:19:00+05:30,265.0,265.0,264.85,264.9,503010
2025-06-26T15:20:00+05:30,264.92,265.04,264.89,264.92,519379
2025-06-26T15:21:00+05:30,264.93,265.0,264.8,264.98,231798
2025-06-26T15:22:00+05:30,264.98,265.0,264.77,264.8,454794
2025-06-26T15:23:00+05:30,264.8,265.0,264.74,264.9,311485
2025-06-26T15:24:00+05:30,264.9,265.0,264.8,264.86,442242
2025-06-26T15:25:00+05:30,264.85,265.0,264.85,264.94,281447
2025-06-26T15:26:00+05:30,264.94,265.0,264.61,264.75,367452
2025-06-26T15:27:00+05:30,264.77,265.2,264.74,265.2,237902
2025-06-26T15:28:00+05:30,265.18,265.42,264.84,265.0,162582
2025-06-26T15:29:00+05:30,265.0,265.2,264.8,265.2,85406
2025-06-27T09:15:00+05:30,266.4,266.4,264.75,265.18,1048443
2025-06-27T09:16:00+05:30,265.1,265.1,264.14,264.63,543563
2025-06-27T09:17:00+05:30,264.58,265.0,264.14,264.24,233346
2025-06-27T09:18:00+05:30,264.3,265.0,264.24,264.73,247133
2025-06-27T09:19:00+05:30,264.73,265.27,264.72,264.88,287623
2025-06-27T09:20:00+05:30,264.93,264.94,263.53,263.86,311579
2025-06-27T09:21:00+05:30,263.85,264.2,263.7,263.76,286098
2025-06-27T09:22:00+05:30,263.75,263.85,263.52,263.68,127603
2025-06-27T09:23:00+05:30,263.68,263.79,263.3,263.46,227878
2025-06-27T09:24:00+05:30,263.46,263.55,263.25,263.46,142381
2025-06-27T09:25:00+05:30,263.54,263.54,263.06,263.13,110096
2025-06-27T09:26:00+05:30,263.13,263.76,263.1,263.54,142270
2025-06-27T09:27:00+05:30,263.5,263.59,263.1,263.11,127366
2025-06-27T09:28:00+05:30,263.11,263.95,263.02,263.7,202111
2025-06-27T09:29:00+05:30,263.8,263.8,263.04,263.09,146428
2025-06-27T09:30:00+05:30,263.08,263.09,262.5,262.7,255450
2025-06-27T09:31:00+05:30,262.72,262.91,262.7,262.79,164175
2025-06-27T09:32:00+05:30,262.79,263.25,262.73,263.25,82277
2025-06-27T09:33:00+05:30,263.25,263.46,263.19,263.35,75857
2025-06-27T09:34:00+05:30,263.4,263.5,263.2,263.36,51215
2025-06-27T09:35:00+05:30,263.3,263.42,263.06,263.09,106403
2025-06-27T09:36:00+05:30,263.09,263.3,263.0,263.01,71746
2025-06-27T09:37:00+05:30,263.0,263.15,262.9,262.95,92231
2025-06-27T09:38:00+05:30,262.95,263.3,262.9,263.21,46114
2025-06-27T09:39:00+05:30,263.21,263.32,262.8,262.91,117163
2025-06-27T09:40:00+05:30,262.93,263.0,262.75,262.98,48581
2025-06-27T09:41:00+05:30,262.94,263.13,262.93,262.95,53909
2025-06-27T09:42:00+05:30,263.0,263.06,262.7,262.83,137822
2025-06-27T09:43:00+05:30,262.83,262.94,262.71,262.84,33231
2025-06-27T09:44:00+05:30,262.83,262.87,262.7,262.71,39615
2025-06-27T09:45:00+05:30,262.7,262.7,262.51,262.52,96492
2025-06-27T09:46:00+05:30,262.52,262.86,262.51,262.79,35475
2025-06-27T09:47:00+05:30,262.8,263.0,262.6,262.6,53961
2025-06-27T09:48:00+05:30,262.66,262.66,262.11,262.34,181048
2025-06-27T09:49:00+05:30,262.32,262.34,261.85,262.05,208663
2025-06-27T09:50:00+05:30,262.1,262.41,262.06,262.2,90635
2025-06-27T09:51:00+05:30,262.22,262.3,262.16,262.3,59227
2025-06-27T09:52:00+05:30,262.24,262.6,262.2,262.33,113485
2025-06-27T09:53:00+05:30,262.33,262.46,262.2,262.3,58933
2025-06-27T09:54:00+05:30,262.3,262.4,262.3,262.31,18274
2025-06-27T09:55:00+05:30,262.37,262.37,262.01,262.01,65972
2025-06-27T09:56:00+05:30,262.03,262.05,261.75,262.0,188413
2025-06-27T09:57:00+05:30,261.9,262.02,261.85,262.0,59300
2025-06-27T09:58:00+05:30,261.95,262.02,261.94,261.94,36836
2025-06-27T09:59:00+05:30,261.94,262.03,261.92,262.03,24469
2025-06-27T10:00:00+05:30,262.0,262.16,261.96,262.05,43596
2025-06-27T10:01:00+05:30,262.12,262.12,261.74,261.85,59155
2025-06-27T10:02:00+05:30,261.86,262.05,261.82,261.88,33280
2025-06-27T10:03:00+05:30,261.92,262.29,261.88,262.26,22392
2025-06-27T10:04:00+05:30,262.2,262.22,261.83,261.95,60717
2025-06-27T10:05:00+05:30,261.97,262.0,261.9,262.0,14436
2025-06-27T10:06:00+05:30,262.0,262.0,261.91,261.92,42892
2025-06-27T10:07:00+05:30,261.92,261.94,261.74,261.77,96771
2025-06-27T10:08:00+05:30,261.77,261.92,261.68,261.71,57784
2025-06-27T10:09:00+05:30,261.82,261.9,261.65,261.75,49402
2025-06-27T10:10:00+05:30,261.73,261.75,261.6,261.6,38535
2025-06-27T10:11:00+05:30,261.61,261.69,261.56,261.65,42172
2025-06-27T10:12:00+05:30,261.65,262.09,261.61,261.98,92135
2025-06-27T10:13:00+05:30,262.0,262.49,261.94,262.45,175791
2025-06-27T10:14:00+05:30,262.49,262.5,261.81,262.0,147951
2025-06-27T10:15:00+05:30,262.05,262.24,261.94,262.09,80165
2025-06-27T10:16:00+05:30,262.07,262.24,262.0,262.0,48733
2025-06-27T10:17:00+05:30,262.01,262.24,261.98,262.14,95521
2025-06-27T10:18:00+05:30,262.15,262.43,262.11,262.34,59779
2025-06-27T10:19:00+05:30,262.35,262.73,262.29,262.73,128718
2025-06-27T10:20:00+05:30,262.61,262.7,262.35,262.55,76842
2025-06-27T10:21:00+05:30,262.54,262.57,262.22,262.23,91895
2025-06-27T10:22:00+05:30,262.22,262.32,262.0,262.0,78591
2025-06-27T10:23:00+05:30,262.0,262.62,261.98,262.38,85957
2025-06-27T10:24:00+05:30,262.38,262.49,262.22,262.41,32066
2025-06-27T10:25:00+05:30,262.44,262.7,262.41,262.7,84570
2025-06-27T10:26:00+05:30,262.71,262.95,262.71,262.87,70495
2025-06-27T10:27:00+05:30,262.87,262.87,262.5,262.68,48832
2025-06-27T10:28:00+05:30,262.59,262.74,262.56,262.7,43591
2025-06-27T10:29:00+05:30,262.7,262.8,262.61,262.63,45162
2025-06-27T10:30:00+05:30,262.67,262.85,262.67,262.71,22757
2025-06-27T10:31:00+05:30,262.7,262.89,262.61,262.71,65485
2025-06-27T10:32:00+05:30,262.71,262.85,262.71,262.72,35075
2025-06-27T10:33:00+05:30,262.72,262.85,262.71,262.84,38514
2025-06-27T10:34:00+05:30,262.83,262.86,262.51,262.53,43953
2025-06-27T10:35:00+05:30,262.53,262.55,262.34,262.49,51437
2025-06-27T10:36:00+05:30,262.47,262.47,262.1,262.26,81315
2025-06-27T10:37:00+05:30,262.21,262.26,262.02,262.06,63826
2025-06-27T10:38:00+05:30,262.1,262.27,262.04,262.22,38294
2025-06-27T10:39:00+05:30,262.17,262.47,262.17,262.31,41867
2025-06-27T10:40:00+05:30,262.31,262.42,262.25,262.33,29093
2025-06-27T10:41:00+05:30,262.26,262.39,262.13,262.39,34501
2025-06-27T10:42:00+05:30,262.3,262.38,262.21,262.34,26193
2025-06-27T10:43:00+05:30,262.25,262.5,262.2,262.36,31023
2025-06-27T10:44:00+05:30,262.35,262.47,262.32,262.41,28022
2025-06-27T10:45:00+05:30,262.39,262.48,262.25,262.25,28030
2025-06-27T10:46:00+05:30,262.25,262.25,262.0,262.01,167333
2025-06-27T10:47:00+05:30,262.0,262.05,261.9,262.0,108676
2025-06-27T10:48:00+05:30,262.0,262.08,261.9,261.99,53247
2025-06-27T10:49:00+05:30,261.98,261.98,261.73,261.8,72722
2025-06-27T10:50:00+05:30,261.8,261.88,261.7,261.82,53930
2025-06-27T10:51:00+05:30,261.82,261.88,261.73,261.86,47419
2025-06-27T10:52:00+05:30,261.84,261.98,261.73,261.92,40913
2025-06-27T10:53:00+05:30,261.92,261.92,261.72,261.72,49176
2025-06-27T10:54:00+05:30,261.72,261.75,261.5,261.57,177560
2025-06-27T10:55:00+05:30,261.55,261.65,261.5,261.61,48401
2025-06-27T10:56:00+05:30,261.61,261.83,261.51,261.8,79337
2025-06-27T10:57:00+05:30,261.8,261.99,261.7,261.9,66772
2025-06-27T10:58:00+05:30,261.91,262.0,261.9,261.99,30502
2025-06-27T10:59:00+05:30,261.99,262.0,261.81,261.9,34630
2025-06-27T11:00:00+05:30,261.92,261.98,261.79,261.97,72951
2025-06-27T11:01:00+05:30,261.93,261.97,261.86,261.97,30268
2025-06-27T11:02:00+05:30,261.9,262.16,261.9,262.16,63961
2025-06-27T11:03:00+05:30,262.08,262.14,262.03,262.11,36723
2025-06-27T11:04:00+05:30,262.12,262.24,262.1,262.1,47275
2025-06-27T11:05:00+05:30,262.1,262.21,262.0,262.11,44591
2025-06-27T11:06:00+05:30,262.03,262.2,262.0,262.1,40875
2025-06-27T11:07:00+05:30,262.1,262.19,262.0,262.15,75079
2025-06-27T11:08:00+05:30,262.07,262.18,262.05,262.05,26608
2025-06-27T11:09:00+05:30,262.05,262.13,262.05,262.1,30430
2025-06-27T11:10:00+05:30,262.11,262.13,262.06,262.1,37085
2025-06-27T11:11:00+05:30,262.11,262.13,262.07,262.09,26409
2025-06-27T11:12:00+05:30,262.08,262.08,261.51,261.52,114559
2025-06-27T11:13:00+05:30,261.52,261.66,261.5,261.57,47639
2025-06-27T11:14:00+05:30,261.56,261.65,261.53,261.65,39451
2025-06-27T11:15:00+05:30,261.61,261.81,261.6,261.78,35597
2025-06-27T11:16:00+05:30,261.72,261.85,261.68,261.79,28111
2025-06-27T11:17:00+05:30,261.75,261.87,261.7,261.77,31240
2025-06-27T11:18:00+05:30,261.77,261.88,261.71,261.82,29936
2025-06-27T11:19:00+05:30,261.82,262.2,261.8,262.16,37216
2025-06-27T11:20:00+05:30,262.13,262.28,262.0,262.06,50457
2025-06-27T11:21:00+05:30,262.0,262.25,262.0,262.23,35506
2025-06-27T11:22:00+05:30,262.23,262.23,262.1,262.19,33609
2025-06-27T11:23:00+05:30,262.13,262.22,262.11,262.11,44181
2025-06-27T11:24:00+05:30,262.1,262.15,262.0,262.15,52945
2025-06-27T11:25:00+05:30,262.11,262.15,261.93,261.96,30055
2025-06-27T11:26:00+05:30,261.96,262.02,261.75,261.77,45017
2025-06-27T11:27:00+05:30,261.78,261.92,261.75,261.87,48934
2025-06-27T11:28:00+05:30,261.91,262.02,261.76,261.91,42863
2025-06-27T11:29:00+05:30,261.91,261.99,261.85,261.94,29127
2025-06-27T11:30:00+05:30,261.91,262.04,261.91,261.95,36574
2025-06-27T11:31:00+05:30,261.93,262.34,261.88,262.32,72360
2025-06-27T11:32:00+05:30,262.34,262.37,262.1,262.33,54844
2025-06-27T11:33:00+05:30,262.33,262.47,262.31,262.44,47315
2025-06-27T11:34:00+05:30,262.36,262.45,262.27,262.36,37994
2025-06-27T11:35:00+05:30,262.27,262.36,262.15,262.27,40953
2025-06-27T11:36:00+05:30,262.23,262.34,262.15,262.25,30449
2025-06-27T11:37:00+05:30,262.26,262.5,262.25,262.37,68246
2025-06-27T11:38:00+05:30,262.31,262.45,262.23,262.44,40738
2025-06-27T11:39:00+05:30,262.36,262.63,262.36,262.5,91504
2025-06-27T11:40:00+05:30,262.48,262.5,262.29,262.47,63142
2025-06-27T11:41:00+05:30,262.47,262.5,262.38,262.5,33153
2025-06-27T11:42:00+05:30,262.49,262.69,262.49,262.61,48875
2025-06-27T11:43:00+05:30,262.66,263.09,262.61,262.92,221207
2025-06-27T11:44:00+05:30,262.91,263.1,262.9,263.03,71630
2025-06-27T11:45:00+05:30,263.08,263.3,263.0,263.25,119252
2025-06-27T11:46:00+05:30,263.25,263.3,263.02,263.1,48637
2025-06-27T11:47:00+05:30,263.08,263.18,262.74,262.74,66946
2025-06-27T11:48:00+05:30,262.74,263.0,262.7,262.86,59081
2025-06-27T11:49:00+05:30,262.77,262.84,262.61,262.74,61327
2025-06-27T11:50:00+05:30,262.65,262.75,262.3,262.34,81549
2025-06-27T11:51:00+05:30,262.34,262.43,262.16,262.22,69335
2025-06-27T11:52:00+05:30,262.22,262.35,262.18,262.2,43363
2025-06-27T11:53:00+05:30,262.21,262.35,262.17,262.21,42991
2025-06-27T11:54:00+05:30,262.23,262.31,262.1,262.3,51999
2025-06-27T11:55:00+05:30,262.23,262.48,262.22,262.36,38860
2025-06-27T11:56:00+05:30,262.36,262.7,262.35,262.66,69527
2025-06-27T11:57:00+05:30,262.66,262.67,262.4,262.4,45819
2025-06-27T11:58:00+05:30,262.4,262.6,262.35,262.5,38160
2025-06-27T11:59:00+05:30,262.49,262.8,262.48,262.67,56241
2025-06-27T12:00:00+05:30,262.68,262.79,262.59,262.68,49716
2025-06-27T12:01:00+05:30,262.64,262.69,262.5,262.56,38674
2025-06-27T12:02:00+05:30,262.5,262.67,262.37,262.37,41397
2025-06-27T12:03:00+05:30,262.38,262.44,262.12,262.16,70792
2025-06-27T12:04:00+05:30,262.16,262.51,262.15,262.5,78432
2025-06-27T12:05:00+05:30,262.51,262.79,262.45,262.45,87993
2025-06-27T12:06:00+05:30,262.45,262.6,262.34,262.56,78468
2025-06-27T12:07:00+05:30,262.56,262.62,262.5,262.51,41125
2025-06-27T12:08:00+05:30,262.51,262.61,262.41,262.5,37055
2025-06-27T12:09:00+05:30,262.5,262.7,262.45,262.6,67077
2025-06-27T12:10:00+05:30,262.61,262.7,262.5,262.54,45354
2025-06-27T12:11:00+05:30,262.54,262.7,262.53,262.65,57808
2025-06-27T12:12:00+05:30,262.7,262.74,262.59,262.6,64480
2025-06-27T12:13:00+05:30,262.6,262.7,262.55,262.67,56174
2025-06-27T12:14:00+05:30,262.66,262.69,262.42,262.42,60465
2025-06-27T12:15:00+05:30,262.42,262.69,262.36,262.63,123777
2025-06-27T12:16:00+05:30,262.56,262.7,262.43,262.62,130278
2025-06-27T12:17:00+05:30,262.57,262.74,262.5,262.74,109564
2025-06-27T12:18:00+05:30,262.66,262.74,262.57,262.6,67625
2025-06-27T12:19:00+05:30,262.61,262.65,262.54,262.59,46589
2025-06-27T12:20:00+05:30,262.59,262.67,262.5,262.51,44493
2025-06-27T12:21:00+05:30,262.51,262.62,262.44,262.55,49060
2025-06-27T12:22:00+05:30,262.56,262.7,262.5,262.55,45975
2025-06-27T12:23:00+05:30,262.55,262.7,262.53,262.55,44683
2025-06-27T12:24:00+05:30,262.55,262.6,262.46,262.52,40774
2025-06-27T12:25:00+05:30,262.46,262.89,262.46,262.76,66875
2025-06-27T12:26:00+05:30,262.78,262.88,262.55,262.6,56991
2025-06-27T12:27:00+05:30,262.61,262.81,262.53,262.73,56548
2025-06-27T12:28:00+05:30,262.73,262.82,262.66,262.79,50436
2025-06-27T12:29:00+05:30,262.78,262.85,262.72,262.85,47588
2025-06-27T12:30:00+05:30,262.85,262.95,262.76,262.83,51442
2025-06-27T12:31:00+05:30,262.83,262.83,262.62,262.74,64344
2025-06-27T12:32:00+05:30,262.74,262.75,262.56,262.61,42622
2025-06-27T12:33:00+05:30,262.61,262.7,262.51,262.6,39299
2025-06-27T12:34:00+05:30,262.6,262.7,262.5,262.52,47551
2025-06-27T12:35:00+05:30,262.52,262.52,262.33,262.33,74335
2025-06-27T12:36:00+05:30,262.33,262.4,262.26,262.39,50047
2025-06-27T12:37:00+05:30,262.39,262.41,262.22,262.22,125788
2025-06-27T12:38:00+05:30,262.26,262.37,262.2,262.33,40635
2025-06-27T12:39:00+05:30,262.34,262.41,262.24,262.3,34559
2025-06-27T12:40:00+05:30,262.24,262.77,262.22,262.77,97096
2025-06-27T12:41:00+05:30,262.75,263.2,262.68,263.18,123261
2025-06-27T12:42:00+05:30,263.15,263.15,262.75,262.75,62527
2025-06-27T12:43:00+05:30,262.76,262.8,262.56,262.6,33983
2025-06-27T12:44:00+05:30,262.61,262.74,262.51,262.65,40103
2025-06-27T12:45:00+05:30,262.65,262.75,262.55,262.67,37880
2025-06-27T12:46:00+05:30,262.6,262.67,262.5,262.5,30495
2025-06-27T12:47:00+05:30,262.5,262.84,262.5,262.74,56231
2025-06-27T12:48:00+05:30,262.72,262.85,262.63,262.77,39370
2025-06-27T12:49:00+05:30,262.77,262.83,262.66,262.68,54758
2025-06-27T12:50:00+05:30,262.66,262.67,262.51,262.57,36370
2025-06-27T12:51:00+05:30,262.54,262.73,262.51,262.69,37635
2025-06-27T12:52:00+05:30,262.69,262.95,262.6,262.95,68781
2025-06-27T12:53:00+05:30,262.95,263.0,262.79,262.88,64373
2025-06-27T12:54:00+05:30,262.87,262.9,262.79,262.8,34560
2025-06-27T12:55:00+05:30,262.79,262.94,262.78,262.8,44297
2025-06-27T12:56:00+05:30,262.79,262.95,262.79,262.81,42045
2025-06-27T12:57:00+05:30,262.8,262.9,262.7,262.9,37549
2025-06-27T12:58:00+05:30,262.88,262.9,262.7,262.78,43224
2025-06-27T12:59:00+05:30,262.78,262.8,262.65,262.74,36473
2025-06-27T13:00:00+05:30,262.72,262.75,262.39,262.42,148434
2025-06-27T13:01:00+05:30,262.4,262.49,262.0,262.24,144299
2025-06-27T13:02:00+05:30,262.19,262.35,262.11,262.16,66441
2025-06-27T13:03:00+05:30,262.15,262.24,262.07,262.08,74949
2025-06-27T13:04:00+05:30,262.07,262.26,262.02,262.14,59070
2025-06-27T13:05:00+05:30,262.13,262.21,262.05,262.11,49042
2025-06-27T13:06:00+05:30,262.05,262.2,262.01,262.15,55977
2025-06-27T13:07:00+05:30,262.14,262.2,262.01,262.19,64342
2025-06-27T13:08:00+05:30,262.15,262.31,262.08,262.29,61969
2025-06-27T13:09:00+05:30,262.3,262.46,262.22,262.39,53165
2025-06-27T13:10:00+05:30,262.39,262.73,262.39,262.6,95827
2025-06-27T13:11:00+05:30,262.5,262.54,262.19,262.33,76048
2025-06-27T13:12:00+05:30,262.33,262.38,262.05,262.11,83478
2025-06-27T13:13:00+05:30,262.1,262.14,261.95,262.06,146333
2025-06-27T13:14:00+05:30,262.02,262.22,261.97,262.19,72896
2025-06-27T13:15:00+05:30,262.19,262.19,261.91,262.0,56085
2025-06-27T13:16:00+05:30,261.99,262.14,261.94,262.14,66313
2025-06-27T13:17:00+05:30,262.09,262.14,261.96,262.09,52248
2025-06-27T13:18:00+05:30,262.08,262.15,261.95,262.03,46295
2025-06-27T13:19:00+05:30,262.03,262.15,261.95,261.99,58129
2025-06-27T13:20:00+05:30,261.99,262.09,261.93,262.05,49492
2025-06-27T13:21:00+05:30,262.0,262.05,261.95,261.99,50523
2025-06-27T13:22:00+05:30,261.95,262.13,261.95,262.0,54265
2025-06-27T13:23:00+05:30,261.97,262.1,261.95,261.99,43048
2025-06-27T13:24:00+05:30,261.99,262.07,261.9,261.96,50617
2025-06-27T13:25:00+05:30,261.9,262.0,261.86,261.88,43878
2025-06-27T13:26:00+05:30,261.92,262.11,261.88,261.99,49065
2025-06-27T13:27:00+05:30,261.96,262.08,261.94,261.97,41627
2025-06-27T13:28:00+05:30,261.95,262.05,261.89,262.0,38797
2025-06-27T13:29:00+05:30,262.0,262.17,261.95,262.01,49300
2025-06-27T13:30:00+05:30,262.0,262.12,261.96,262.01,52139
2025-06-27T13:31:00+05:30,262.0,262.14,261.95,261.97,84605
2025-06-27T13:32:00+05:30,261.95,262.09,261.89,262.02,67744
2025-06-27T13:33:00+05:30,262.02,262.15,261.9,262.01,58431
2025-06-27T13:34:00+05:30,262.0,262.0,261.93,261.96,48082
2025-06-27T13:35:00+05:30,261.95,262.07,261.93,262.01,39389
2025-06-27T13:36:00+05:30,262.01,262.14,261.99,262.02,57785
2025-06-27T13:37:00+05:30,262.02,262.14,261.95,262.1,56116
2025-06-27T13:38:00+05:30,262.03,262.12,261.95,262.0,53349
2025-06-27T13:39:00+05:30,261.98,262.38,261.97,262.33,74036
2025-06-27T13:40:00+05:30,262.26,262.4,262.18,262.29,36590
2025-06-27T13:41:00+05:30,262.28,262.39,262.16,262.3,57145
2025-06-27T13:42:00+05:30,262.28,262.44,262.26,262.36,54940
2025-06-27T13:43:00+05:30,262.36,262.45,262.3,262.42,51457
2025-06-27T13:44:00+05:30,262.42,262.57,262.34,262.37,78193
2025-06-27T13:45:00+05:30,262.42,262.7,262.37,262.64,61613
2025-06-27T13:46:00+05:30,262.56,262.65,262.5,262.52,44330
2025-06-27T13:47:00+05:30,262.52,262.57,262.12,262.15,82858
2025-06-27T13:48:00+05:30,262.14,262.28,262.09,262.12,58561
2025-06-27T13:49:00+05:30,262.11,262.41,262.09,262.13,68511
2025-06-27T13:50:00+05:30,262.1,262.25,262.04,262.07,73551
2025-06-27T13:51:00+05:30,262.06,262.21,262.01,262.09,85562
2025-06-27T13:52:00+05:30,262.05,262.18,262.0,262.0,56125
2025-06-27T13:53:00+05:30,262.05,262.07,261.91,261.99,59082
2025-06-27T13:54:00+05:30,261.97,262.13,261.93,262.13,44446
2025-06-27T13:55:00+05:30,262.07,262.22,261.95,262.03,63908
2025-06-27T13:56:00+05:30,262.03,262.15,261.95,262.08,53756
2025-06-27T13:57:00+05:30,262.06,262.09,261.96,262.07,67023
2025-06-27T13:58:00+05:30,262.02,262.1,261.98,262.09,47962
2025-06-27T13:59:00+05:30,262.0,262.26,261.99,262.14,64266
2025-06-27T14:00:00+05:30,262.14,262.19,262.0,262.07,54838
2025-06-27T14:01:00+05:30,262.06,262.18,262.03,262.1,57997
2025-06-27T14:02:00+05:30,262.09,262.29,262.07,262.22,66927
2025-06-27T14:03:00+05:30,262.22,262.23,262.0,262.05,61741
2025-06-27T14:04:00+05:30,262.05,262.25,262.0,262.07,68876
2025-06-27T14:05:00+05:30,262.07,262.18,262.01,262.07,60209
2025-06-27T14:06:00+05:30,262.01,262.19,262.01,262.07,73139
2025-06-27T14:07:00+05:30,262.07,262.43,262.01,262.14,164954
2025-06-27T14:08:00+05:30,262.13,262.29,262.09,262.29,97956
2025-06-27T14:09:00+05:30,262.29,262.36,262.18,262.29,74108
2025-06-27T14:10:00+05:30,262.29,262.5,262.22,262.39,89024
2025-06-27T14:11:00+05:30,262.34,262.5,262.32,262.34,85080
2025-06-27T14:12:00+05:30,262.32,262.38,262.15,262.15,65915
2025-06-27T14:13:00+05:30,262.15,262.26,262.08,262.21,78248
2025-06-27T14:14:00+05:30,262.14,262.27,262.1,262.17,69039
2025-06-27T14:15:00+05:30,262.14,262.23,262.03,262.03,76905
2025-06-27T14:16:00+05:30,262.03,262.16,262.0,262.06,75504
2025-06-27T14:17:00+05:30,262.06,262.18,262.01,262.11,77698
2025-06-27T14:18:00+05:30,262.01,262.21,262.0,262.11,81547
2025-06-27T14:19:00+05:30,262.08,262.16,262.01,262.14,82792
2025-06-27T14:20:00+05:30,262.1,262.16,262.0,262.08,70517
2025-06-27T14:21:00+05:30,262.01,262.15,262.0,262.13,77900
2025-06-27T14:22:00+05:30,262.1,262.46,262.06,262.31,106909
2025-06-27T14:23:00+05:30,262.31,262.39,262.14,262.35,94706
2025-06-27T14:24:00+05:30,262.28,262.4,262.2,262.21,117074
2025-06-27T14:25:00+05:30,262.28,262.29,262.0,262.06,140656
2025-06-27T14:26:00+05:30,262.02,262.39,262.02,262.34,164524
2025-06-27T14:27:00+05:30,262.34,262.8,262.21,262.7,238972
2025-06-27T14:28:00+05:30,262.7,262.75,262.45,262.53,103028
2025-06-27T14:29:00+05:30,262.61,262.66,262.42,262.55,94341
2025-06-27T14:30:00+05:30,262.6,262.73,262.53,262.53,119384
2025-06-27T14:31:00+05:30,262.62,262.63,262.02,262.09,156540
2025-06-27T14:32:00+05:30,262.09,262.21,261.95,262.0,199824
2025-06-27T14:33:00+05:30,262.08,262.13,261.84,261.85,185029
2025-06-27T14:34:00+05:30,261.89,262.0,261.67,261.78,213187
2025-06-27T14:35:00+05:30,261.79,261.85,261.6,261.6,155536
2025-06-27T14:36:00+05:30,261.65,261.83,261.55,261.67,175089
2025-06-27T14:37:00+05:30,261.67,261.78,261.6,261.6,155633
2025-06-27T14:38:00+05:30,261.61,261.68,261.39,261.49,267238
2025-06-27T14:39:00+05:30,261.5,261.74,261.4,261.52,208494
2025-06-27T14:40:00+05:30,261.52,261.72,261.38,261.6,188572
2025-06-27T14:41:00+05:30,261.59,261.65,261.44,261.6,170830
2025-06-27T14:42:00+05:30,261.55,261.6,261.42,261.48,161830
2025-06-27T14:43:00+05:30,261.59,261.77,261.49,261.63,219351
2025-06-27T14:44:00+05:30,261.76,262.1,261.61,262.07,365551
2025-06-27T14:45:00+05:30,262.01,262.2,261.93,261.98,145855
2025-06-27T14:46:00+05:30,262.08,262.12,261.92,262.03,150876
2025-06-27T14:47:00+05:30,262.02,262.05,261.8,262.0,221629
2025-06-27T14:48:00+05:30,262.04,262.05,261.88,261.95,196728
2025-06-27T14:49:00+05:30,261.95,262.04,261.4,261.42,150691
2025-06-27T14:50:00+05:30,261.42,261.87,261.3,261.69,275542
2025-06-27T14:51:00+05:30,261.79,261.9,261.66,261.84,153946
2025-06-27T14:52:00+05:30,261.79,262.07,261.73,261.97,253389
2025-06-27T14:53:00+05:30,262.05,262.08,261.88,261.95,177703
2025-06-27T14:54:00+05:30,261.95,262.05,261.87,261.97,179691
2025-06-27T14:55:00+05:30,261.97,262.12,261.9,262.12,200425
2025-06-27T14:56:00+05:30,262.07,262.07,261.52,261.68,234262
2025-06-27T14:57:00+05:30,261.63,261.91,261.54,261.74,160158
2025-06-27T14:58:00+05:30,261.79,262.0,261.69,261.72,175210
2025-06-27T14:59:00+05:30,261.84,261.92,261.61,261.76,252867
2025-06-27T15:00:00+05:30,261.73,262.47,261.5,261.64,1250510
2025-06-27T15:01:00+05:30,261.64,261.72,261.03,261.21,1130051
2025-06-27T15:02:00+05:30,261.2,261.74,261.0,261.55,1131778
2025-06-27T15:03:00+05:30,261.61,261.88,261.23,261.76,1028852
2025-06-27T15:04:00+05:30,261.76,261.9,261.3,261.78,1082985
2025-06-27T15:05:00+05:30,261.77,262.55,261.53,262.42,1023383
2025-06-27T15:06:00+05:30,262.37,262.9,262.17,262.19,1373195
2025-06-27T15:07:00+05:30,262.2,262.37,261.73,261.91,1114153
2025-06-27T15:08:00+05:30,261.91,261.97,261.21,261.45,1014634
2025-06-27T15:09:00+05:30,261.44,261.76,261.1,261.6,998385
2025-06-27T15:10:00+05:30,261.63,261.64,261.01,261.32,1067141
2025-06-27T15:11:00+05:30,261.33,261.5,261.05,261.42,1031699
2025-06-27T15:12:00+05:30,261.42,261.49,261.02,261.4,1027772
2025-06-27T15:13:00+05:30,261.37,261.46,261.02,261.15,1011758
2025-06-27T15:14:00+05:30,261.17,261.4,261.02,261.39,957282
2025-06-27T15:15:00+05:30,261.39,261.87,261.02,261.79,1065978
2025-06-27T15:16:00+05:30,261.77,261.8,261.39,261.76,1019772
2025-06-27T15:17:00+05:30,261.76,262.23,261.56,262.19,1196974
2025-06-27T15:18:00+05:30,262.12,262.18,261.6,261.99,1220227
2025-06-27T15:19:00+05:30,261.83,262.28,261.61,262.19,1313244
2025-06-27T15:20:00+05:30,262.19,262.29,261.5,261.92,1304535
2025-06-27T15:21:00+05:30,261.83,262.25,261.58,262.11,1057332
2025-06-27T15:22:00+05:30,262.11,262.29,261.72,262.1,1088804
2025-06-27T15:23:00+05:30,262.1,262.45,261.83,262.4,1111607
2025-06-27T15:24:00+05:30,262.4,262.6,262.0,262.42,1186778
2025-06-27T15:25:00+05:30,262.5,262.98,261.91,262.95,1115105
2025-06-27T15:26:00+05:30,262.94,263.11,262.52,263.11,1182413
2025-06-27T15:27:00+05:30,263.01,263.11,262.61,262.92,899788
2025-06-27T15:28:00+05:30,263.0,263.19,262.63,263.08,450091
2025-06-27T15:29:00+05:30,263.01,263.19,262.9,263.01,195245
2025-06-30T09:15:00+05:30,262.4,263.97,262.02,263.41,304538
2025-06-30T09:16:00+05:30,263.41,263.49,262.9,263.11,140141
2025-06-30T09:17:00+05:30,263.11,263.75,262.82,263.55,181031
2025-06-30T09:18:00+05:30,263.62,263.7,263.07,263.47,143324
2025-06-30T09:19:00+05:30,263.38,263.75,263.38,263.7,77515
2025-06-30T09:20:00+05:30,263.69,264.0,263.5,263.98,156416
2025-06-30T09:21:00+05:30,263.9,264.25,263.86,264.25,155977
2025-06-30T09:22:00+05:30,264.26,264.34,264.07,264.16,101693
2025-06-30T09:23:00+05:30,264.16,264.23,263.75,264.0,137644
2025-06-30T09:24:00+05:30,263.95,264.4,263.91,264.34,82600
2025-06-30T09:25:00+05:30,264.25,264.46,264.13,264.35,57480
2025-06-30T09:26:00+05:30,264.31,264.4,264.25,264.36,70965
2025-06-30T09:27:00+05:30,264.36,264.41,264.22,264.35,46527
2025-06-30T09:28:00+05:30,264.35,264.67,264.35,264.63,95077
2025-06-30T09:29:00+05:30,264.63,264.88,264.42,264.69,124536
2025-06-30T09:30:00+05:30,264.76,264.76,264.36,264.52,92511
2025-06-30T09:31:00+05:30,264.42,264.52,264.12,264.48,73122
2025-06-30T09:32:00+05:30,264.48,264.77,264.4,264.45,89636
2025-06-30T09:33:00+05:30,264.45,264.74,264.4,264.62,46855
2025-06-30T09:34:00+05:30,264.62,264.79,264.56,264.78,50019
2025-06-30T09:35:00+05:30,264.78,265.19,264.6,265.19,308465
2025-06-30T09:36:00+05:30,265.19,265.19,264.6,264.75,109747
2025-06-30T09:37:00+05:30,264.74,264.9,264.1,264.19,104822
2025-06-30T09:38:00+05:30,264.18,264.31,264.05,264.15,66783
2025-06-30T09:39:00+05:30,264.11,264.17,263.63,263.63,111376
2025-06-30T09:40:00+05:30,263.76,263.87,263.66,263.85,49136
2025-06-30T09:41:00+05:30,263.85,263.86,263.25,263.25,86281
2025-06-30T09:42:00+05:30,263.25,263.26,263.01,263.1,87128
2025-06-30T09:43:00+05:30,263.1,263.43,263.08,263.31,56823
2025-06-30T09:44:00+05:30,263.3,263.44,263.04,263.04,72820
2025-06-30T09:45:00+05:30,263.18,263.36,263.01,263.36,52027
2025-06-30T09:46:00+05:30,263.36,264.05,263.27,263.81,95740
2025-06-30T09:47:00+05:30,263.94,264.0,263.8,263.9,64143
2025-06-30T09:48:00+05:30,263.9,264.1,263.81,264.04,51446
2025-06-30T09:49:00+05:30,264.04,264.13,263.9,263.93,50650
2025-06-30T09:50:00+05:30,264.0,264.13,263.6,263.81,49552
2025-06-30T09:51:00+05:30,263.81,263.9,263.62,263.8,21178
2025-06-30T09:52:00+05:30,263.83,263.98,263.73,263.9,56730
2025-06-30T09:53:00+05:30,263.95,264.11,263.9,264.01,60167
2025-06-30T09:54:00+05:30,264.01,264.07,263.9,263.96,42160
2025-06-30T09:55:00+05:30,263.9,264.08,263.85,264.04,52017
2025-06-30T09:56:00+05:30,264.08,264.35,263.93,264.29,79896
2025-06-30T09:57:00+05:30,264.35,264.49,264.22,264.3,41520
2025-06-30T09:58:00+05:30,264.4,264.41,263.3,263.31,73956
2025-06-30T09:59:00+05:30,263.31,263.51,263.11,263.11,107736
2025-06-30T10:00:00+05:30,263.12,263.42,263.06,263.35,48590
2025-06-30T10:01:00+05:30,263.4,263.43,263.13,263.18,69661
2025-06-30T10:02:00+05:30,263.24,263.3,262.6,262.73,253957
2025-06-30T10:03:00+05:30,262.73,263.0,262.63,262.85,87748
2025-06-30T10:04:00+05:30,262.92,263.0,262.77,262.87,71392
2025-06-30T10:05:00+05:30,262.88,263.2,262.82,263.02,57563
2025-06-30T10:06:00+05:30,263.1,263.21,263.0,263.11,46850
2025-06-30T10:07:00+05:30,263.11,263.22,262.8,262.87,72511
2025-06-30T10:08:00+05:30,262.93,263.01,262.7,262.7,45926
2025-06-30T10:09:00+05:30,262.7,262.85,262.43,262.72,116367
2025-06-30T10:10:00+05:30,262.72,262.95,262.53,262.74,30007
2025-06-30T10:11:00+05:30,262.81,263.0,262.71,262.9,44170
2025-06-30T10:12:00+05:30,262.82,263.0,262.82,262.9,55527
2025-06-30T10:13:00+05:30,262.93,263.2,262.9,263.15,46536
2025-06-30T10:14:00+05:30,263.15,263.19,263.04,263.15,33101
2025-06-30T10:15:00+05:30,263.16,263.28,263.05,263.11,40079
2025-06-30T10:16:00+05:30,263.11,263.23,263.05,263.1,29276
2025-06-30T10:17:00+05:30,263.1,263.39,263.1,263.35,27974
2025-06-30T10:18:00+05:30,263.35,263.41,263.21,263.34,32549
2025-06-30T10:19:00+05:30,263.35,263.5,263.28,263.39,23694
2025-06-30T10:20:00+05:30,263.39,263.5,263.3,263.3,36731
2025-06-30T10:21:00+05:30,263.37,263.38,262.98,262.98,24100
2025-06-30T10:22:00+05:30,263.0,263.0,262.63,262.63,56966
2025-06-30T10:23:00+05:30,262.65,262.7,262.12,262.3,148644
2025-06-30T10:24:00+05:30,262.3,262.44,262.1,262.1,133898
2025-06-30T10:25:00+05:30,262.12,262.25,262.0,262.14,170882
2025-06-30T10:26:00+05:30,262.2,262.51,262.11,262.45,81613
2025-06-30T10:27:00+05:30,262.5,262.59,262.41,262.5,20600
2025-06-30T10:28:00+05:30,262.5,262.6,262.4,262.5,32765
2025-06-30T10:29:00+05:30,262.51,262.71,262.4,262.52,32017
2025-06-30T10:30:00+05:30,262.6,262.8,262.5,262.7,29279
2025-06-30T10:31:00+05:30,262.79,262.88,262.68,262.7,32528
2025-06-30T10:32:00+05:30,262.81,262.85,262.49,262.64,28385
2025-06-30T10:33:00+05:30,262.64,262.69,262.5,262.6,36328
2025-06-30T10:34:00+05:30,262.6,262.73,262.52,262.6,14459
2025-06-30T10:35:00+05:30,262.6,262.69,262.4,262.4,26907
2025-06-30T10:36:00+05:30,262.46,262.55,262.3,262.3,93311
2025-06-30T10:37:00+05:30,262.37,262.43,262.3,262.33,22658
2025-06-30T10:38:00+05:30,262.41,262.43,262.16,262.24,30218
2025-06-30T10:39:00+05:30,262.32,262.41,262.26,262.27,18344
2025-06-30T10:40:00+05:30,262.35,262.43,262.25,262.31,18127
2025-06-30T10:41:00+05:30,262.38,262.43,262.27,262.32,19464
2025-06-30T10:42:00+05:30,262.35,262.5,262.25,262.28,50054
2025-06-30T10:43:00+05:30,262.28,262.5,262.28,262.4,15878
2025-06-30T10:44:00+05:30,262.45,262.79,262.4,262.61,31314
2025-06-30T10:45:00+05:30,262.62,262.77,262.44,262.58,17837
2025-06-30T10:46:00+05:30,262.69,262.7,262.42,262.5,31764
2025-06-30T10:47:00+05:30,262.5,262.55,262.4,262.41,23907
2025-06-30T10:48:00+05:30,262.5,262.5,262.3,262.33,30822
2025-06-30T10:49:00+05:30,262.33,262.56,262.3,262.3,33979
2025-06-30T10:50:00+05:30,262.33,262.4,262.28,262.3,22250
2025-06-30T10:51:00+05:30,262.32,262.68,262.28,262.58,18540
2025-06-30T10:52:00+05:30,262.64,262.85,262.53,262.73,43802
2025-06-30T10:53:00+05:30,262.73,262.96,262.56,262.56,44135
2025-06-30T10:54:00+05:30,262.65,262.73,262.56,262.62,13012
2025-06-30T10:55:00+05:30,262.71,262.91,262.61,262.75,29651
2025-06-30T10:56:00+05:30,262.84,262.95,262.67,262.8,28330
2025-06-30T10:57:00+05:30,262.8,262.98,262.74,262.86,28236
2025-06-30T10:58:00+05:30,262.86,262.99,262.79,262.85,25212
2025-06-30T10:59:00+05:30,262.86,263.24,262.85,263.18,73318
2025-06-30T11:00:00+05:30,263.19,263.77,263.07,263.57,135954
2025-06-30T11:01:00+05:30,263.56,263.7,263.53,263.55,48499
2025-06-30T11:02:00+05:30,263.57,263.65,263.26,263.27,92699
2025-06-30T11:03:00+05:30,263.29,263.36,263.1,263.16,39776
2025-06-30T11:04:00+05:30,263.26,263.36,263.11,263.28,26478
2025-06-30T11:05:00+05:30,263.35,263.46,263.25,263.34,42416
2025-06-30T11:06:00+05:30,263.4,263.4,263.21,263.21,19174
2025-06-30T11:07:00+05:30,263.27,263.33,263.17,263.3,18360
2025-06-30T11:08:00+05:30,263.33,263.33,263.0,263.08,22176
2025-06-30T11:09:00+05:30,263.18,263.29,263.0,263.23,18634
2025-06-30T11:10:00+05:30,263.29,263.37,263.12,263.12,31057
2025-06-30T11:11:00+05:30,263.12,263.29,263.09,263.25,22186
2025-06-30T11:12:00+05:30,263.28,263.39,263.18,263.28,18488
2025-06-30T11:13:00+05:30,263.3,263.67,263.0,263.58,96875
2025-06-30T11:14:00+05:30,263.63,263.65,263.5,263.51,16211
2025-06-30T11:15:00+05:30,263.55,263.55,263.3,263.45,22068
2025-06-30T11:16:00+05:30,263.45,263.53,263.32,263.36,23687
2025-06-30T11:17:00+05:30,263.42,263.51,263.32,263.41,11362
2025-06-30T11:18:00+05:30,263.5,263.5,263.32,263.32,23759
2025-06-30T11:19:00+05:30,263.38,263.49,263.3,263.42,18366
2025-06-30T11:20:00+05:30,263.48,263.5,263.32,263.42,13571
2025-06-30T11:21:00+05:30,263.5,263.7,263.42,263.65,36345
2025-06-30T11:22:00+05:30,263.7,263.8,263.66,263.8,23974
2025-06-30T11:23:00+05:30,263.8,263.84,263.68,263.74,22625
2025-06-30T11:24:00+05:30,263.79,263.9,263.75,263.81,21610
2025-06-30T11:25:00+05:30,263.85,264.55,263.81,264.32,173638
2025-06-30T11:26:00+05:30,264.42,264.7,264.28,264.54,90593
2025-06-30T11:27:00+05:30,264.6,264.65,264.19,264.3,45448
2025-06-30T11:28:00+05:30,264.37,264.44,264.22,264.22,29673
2025-06-30T11:29:00+05:30,264.25,264.25,264.0,264.1,25979
2025-06-30T11:30:00+05:30,264.2,264.39,264.11,264.3,56093
2025-06-30T11:31:00+05:30,264.31,264.69,264.26,264.51,45154
2025-06-30T11:32:00+05:30,264.6,264.6,264.5,264.5,48171
2025-06-30T11:33:00+05:30,264.51,264.55,264.4,264.47,17869
2025-06-30T11:34:00+05:30,264.47,264.48,264.3,264.36,19221
2025-06-30T11:35:00+05:30,264.45,264.48,264.3,264.3,20929
2025-06-30T11:36:00+05:30,264.4,264.4,264.24,264.3,21133
2025-06-30T11:37:00+05:30,264.33,264.4,264.3,264.3,20579
2025-06-30T11:38:00+05:30,264.32,264.4,264.3,264.4,17324
2025-06-30T11:39:00+05:30,264.4,264.48,264.32,264.4,16144
2025-06-30T11:40:00+05:30,264.45,264.49,264.38,264.4,12748
2025-06-30T11:41:00+05:30,264.45,265.0,264.35,264.8,118754
2025-06-30T11:42:00+05:30,264.85,264.89,264.56,264.61,28293
2025-06-30T11:43:00+05:30,264.7,264.81,264.51,264.77,26719
2025-06-30T11:44:00+05:30,264.85,264.88,264.69,264.84,22980
2025-06-30T11:45:00+05:30,264.88,264.89,264.57,264.7,28694
2025-06-30T11:46:00+05:30,264.77,264.77,264.6,264.62,21248
2025-06-30T11:47:00+05:30,264.7,264.7,264.46,264.46,20639
2025-06-30T11:48:00+05:30,264.43,264.54,264.4,264.44,20052
2025-06-30T11:49:00+05:30,264.45,264.61,264.4,264.58,36295
2025-06-30T11:50:00+05:30,264.61,264.85,264.6,264.75,61429
2025-06-30T11:51:00+05:30,264.82,264.83,264.56,264.67,22565
2025-06-30T11:52:00+05:30,264.68,264.75,264.51,264.51,17776
2025-06-30T11:53:00+05:30,264.56,264.61,264.4,264.44,34602
2025-06-30T11:54:00+05:30,264.5,264.7,264.4,264.62,32892
2025-06-30T11:55:00+05:30,264.7,264.7,264.51,264.58,35483
2025-06-30T11:56:00+05:30,264.56,264.67,264.31,264.53,62224
2025-06-30T11:57:00+05:30,264.62,264.62,264.45,264.5,29446
2025-06-30T11:58:00+05:30,264.52,264.78,264.52,264.61,44723
2025-06-30T11:59:00+05:30,264.72,264.75,264.56,264.63,30606
2025-06-30T12:00:00+05:30,264.65,264.76,264.52,264.61,29047
2025-06-30T12:01:00+05:30,264.64,264.68,264.45,264.5,26377
2025-06-30T12:02:00+05:30,264.55,264.65,264.5,264.56,28498
2025-06-30T12:03:00+05:30,264.65,264.7,264.54,264.55,18326
2025-06-30T12:04:00+05:30,264.64,264.7,264.5,264.5,20064
2025-06-30T12:05:00+05:30,264.57,264.62,264.5,264.53,14339
2025-06-30T12:06:00+05:30,264.54,264.65,264.5,264.51,13376
2025-06-30T12:07:00+05:30,264.56,264.6,264.5,264.51,16208
2025-06-30T12:08:00+05:30,264.55,264.6,264.5,264.51,19102
2025-06-30T12:09:00+05:30,264.55,264.69,264.5,264.55,31279
2025-06-30T12:10:00+05:30,264.56,264.75,264.52,264.68,21286
2025-06-30T12:11:00+05:30,264.74,264.74,264.52,264.57,16573
2025-06-30T12:12:00+05:30,264.65,264.68,264.42,264.52,46005
2025-06-30T12:13:00+05:30,264.52,264.56,264.49,264.51,23321
2025-06-30T12:14:00+05:30,264.51,264.67,264.49,264.54,13612
2025-06-30T12:15:00+05:30,264.58,264.65,264.5,264.53,15880
2025-06-30T12:16:00+05:30,264.54,264.75,264.53,264.65,24727
2025-06-30T12:17:00+05:30,264.65,264.8,264.65,264.7,38014
2025-06-30T12:18:00+05:30,264.7,264.83,264.67,264.74,34808
2025-06-30T12:19:00+05:30,264.74,264.92,264.73,264.87,44270
2025-06-30T12:20:00+05:30,264.87,264.95,264.73,264.81,21590
2025-06-30T12:21:00+05:30,264.91,264.95,264.74,264.81,38570
2025-06-30T12:22:00+05:30,264.81,264.95,264.81,264.91,19836
2025-06-30T12:23:00+05:30,264.94,264.95,264.77,264.94,43584
2025-06-30T12:24:00+05:30,264.94,264.95,264.76,264.88,34759
2025-06-30T12:25:00+05:30,264.88,264.94,264.77,264.89,22047
2025-06-30T12:26:00+05:30,264.94,264.95,264.79,264.87,24576
2025-06-30T12:27:00+05:30,264.95,264.95,264.67,264.72,36753
2025-06-30T12:28:00+05:30,264.71,264.8,264.6,264.61,22898
2025-06-30T12:29:00+05:30,264.71,264.74,264.6,264.6,16686
2025-06-30T12:30:00+05:30,264.6,264.68,264.28,264.29,63871
2025-06-30T12:31:00+05:30,264.29,264.43,264.2,264.35,40659
2025-06-30T12:32:00+05:30,264.43,264.58,264.31,264.52,14722
2025-06-30T12:33:00+05:30,264.58,264.7,264.49,264.66,39793
2025-06-30T12:34:00+05:30,264.66,264.8,264.58,264.76,21984
2025-06-30T12:35:00+05:30,264.78,264.81,264.65,264.73,25543
2025-06-30T12:36:00+05:30,264.73,264.93,264.73,264.83,25779
2025-06-30T12:37:00+05:30,264.93,264.94,264.71,264.73,15775
2025-06-30T12:38:00+05:30,264.83,264.87,264.62,264.77,29530
2025-06-30T12:39:00+05:30,264.77,264.8,264.55,264.71,47592
2025-06-30T12:40:00+05:30,264.71,264.8,264.58,264.73,31357
2025-06-30T12:41:00+05:30,264.76,264.85,264.64,264.74,23732
2025-06-30T12:42:00+05:30,264.74,264.75,264.56,264.62,24730
2025-06-30T12:43:00+05:30,264.69,264.74,264.53,264.69,29245
2025-06-30T12:44:00+05:30,264.7,264.72,264.52,264.63,25154
2025-06-30T12:45:00+05:30,264.65,264.73,264.57,264.62,28497
2025-06-30T12:46:00+05:30,264.62,264.69,264.52,264.61,29699
2025-06-30T12:47:00+05:30,264.65,264.85,264.58,264.8,27452
2025-06-30T12:48:00+05:30,264.8,264.9,264.76,264.89,25857
2025-06-30T12:49:00+05:30,264.89,264.9,264.85,264.85,31164
2025-06-30T12:50:00+05:30,264.89,264.89,264.78,264.89,20841
2025-06-30T12:51:00+05:30,264.81,264.89,264.81,264.88,19956
2025-06-30T12:52:00+05:30,264.88,264.89,264.8,264.87,17416
2025-06-30T12:53:00+05:30,264.88,264.89,264.69,264.83,21450
2025-06-30T12:54:00+05:30,264.83,264.98,264.73,264.89,120446
2025-06-30T12:55:00+05:30,264.93,265.11,264.75,264.92,260001
2025-06-30T12:56:00+05:30,264.93,264.98,264.76,264.8,22384
2025-06-30T12:57:00+05:30,264.8,264.87,264.63,264.77,50450
2025-06-30T12:58:00+05:30,264.77,264.79,264.62,264.75,22575
2025-06-30T12:59:00+05:30,264.78,264.79,264.57,264.64,17732
2025-06-30T13:00:00+05:30,264.65,264.65,264.2,264.2,67221
2025-06-30T13:01:00+05:30,264.2,264.4,264.12,264.25,53497
2025-06-30T13:02:00+05:30,264.29,264.4,264.2,264.25,30606
2025-06-30T13:03:00+05:30,264.25,264.35,264.22,264.27,16968
2025-06-30T13:04:00+05:30,264.27,264.3,264.12,264.19,28396
2025-06-30T13:05:00+05:30,264.19,264.25,264.1,264.22,44530
2025-06-30T13:06:00+05:30,264.22,264.23,264.0,264.05,57707
2025-06-30T13:07:00+05:30,264.09,264.15,264.03,264.04,30677
2025-06-30T13:08:00+05:30,264.05,264.05,263.8,263.8,38768
2025-06-30T13:09:00+05:30,263.88,263.89,263.8,263.87,34025
2025-06-30T13:10:00+05:30,263.87,264.2,263.87,264.1,42871
2025-06-30T13:11:00+05:30,264.19,264.19,264.0,264.03,27551
2025-06-30T13:12:00+05:30,264.1,264.1,263.92,263.95,17803
2025-06-30T13:13:00+05:30,263.95,263.98,263.95,263.96,17918
2025-06-30T13:14:00+05:30,263.98,264.15,263.95,264.0,16463
2025-06-30T13:15:00+05:30,263.95,264.1,263.95,264.07,66880
2025-06-30T13:16:00+05:30,264.07,264.3,264.07,264.25,38680
2025-06-30T13:17:00+05:30,264.29,264.45,264.25,264.37,38895
2025-06-30T13:18:00+05:30,264.37,264.43,264.18,264.24,25457
2025-06-30T13:19:00+05:30,264.25,264.35,264.2,264.3,14049
2025-06-30T13:20:00+05:30,264.3,264.3,264.03,264.05,19239
2025-06-30T13:21:00+05:30,264.05,264.1,264.0,264.05,26695
2025-06-30T13:22:00+05:30,264.05,264.2,264.04,264.1,15367
2025-06-30T13:23:00+05:30,264.14,264.27,264.1,264.14,27270
2025-06-30T13:24:00+05:30,264.14,264.29,264.13,264.15,13402
2025-06-30T13:25:00+05:30,264.15,264.34,264.15,264.29,24475
2025-06-30T13:26:00+05:30,264.3,264.56,264.26,264.5,47875
2025-06-30T13:27:00+05:30,264.5,264.8,264.5,264.75,50731
2025-06-30T13:28:00+05:30,264.75,264.84,264.17,264.55,261798
2025-06-30T13:29:00+05:30,264.61,264.8,264.57,264.63,43040
2025-06-30T13:30:00+05:30,264.63,264.8,264.61,264.69,34991
2025-06-30T13:31:00+05:30,264.69,264.95,264.66,264.77,116622
2025-06-30T13:32:00+05:30,264.83,264.9,264.69,264.79,34571
2025-06-30T13:33:00+05:30,264.73,264.85,264.69,264.78,36105
2025-06-30T13:34:00+05:30,264.84,264.85,264.7,264.7,26432
2025-06-30T13:35:00+05:30,264.78,264.85,264.69,264.82,36621
2025-06-30T13:36:00+05:30,264.85,264.85,264.72,264.8,27441
2025-06-30T13:37:00+05:30,264.8,264.85,264.7,264.75,29522
2025-06-30T13:38:00+05:30,264.79,264.79,264.52,264.61,25256
2025-06-30T13:39:00+05:30,264.61,264.75,264.57,264.66,36982
2025-06-30T13:40:00+05:30,264.74,264.82,264.65,264.73,25838
2025-06-30T13:41:00+05:30,264.82,264.85,264.73,264.75,36219
2025-06-30T13:42:00+05:30,264.75,264.85,264.75,264.79,28529
2025-06-30T13:43:00+05:30,264.77,264.85,264.63,264.8,26730
2025-06-30T13:44:00+05:30,264.85,264.85,264.73,264.8,27255
2025-06-30T13:45:00+05:30,264.8,264.85,264.7,264.7,29649
2025-06-30T13:46:00+05:30,264.78,264.79,264.6,264.63,40849
2025-06-30T13:47:00+05:30,264.7,264.77,264.58,264.72,22225
2025-06-30T13:48:00+05:30,264.73,264.75,264.55,264.55,34257
2025-06-30T13:49:00+05:30,264.55,264.71,264.46,264.5,43590
2025-06-30T13:50:00+05:30,264.5,264.68,264.5,264.61,30655
2025-06-30T13:51:00+05:30,264.61,264.7,264.45,264.57,63955
2025-06-30T13:52:00+05:30,264.63,264.69,264.52,264.58,30178
2025-06-30T13:53:00+05:30,264.68,264.74,264.5,264.65,29631
2025-06-30T13:54:00+05:30,264.65,264.75,264.58,264.68,27785
2025-06-30T13:55:00+05:30,264.7,264.76,264.64,264.68,27899
2025-06-30T13:56:00+05:30,264.69,264.75,264.59,264.64,31487
2025-06-30T13:57:00+05:30,264.64,264.64,264.41,264.45,46638
2025-06-30T13:58:00+05:30,264.45,264.65,264.45,264.64,34378
2025-06-30T13:59:00+05:30,264.65,264.7,264.24,264.3,68135
2025-06-30T14:00:00+05:30,264.3,264.53,264.23,264.42,68688
2025-06-30T14:01:00+05:30,264.42,264.51,264.27,264.36,58229
2025-06-30T14:02:00+05:30,264.37,264.44,264.06,264.2,87868
2025-06-30T14:03:00+05:30,264.2,264.3,264.14,264.22,47246
2025-06-30T14:04:00+05:30,264.22,264.3,264.15,264.16,42520
2025-06-30T14:05:00+05:30,264.18,264.2,264.07,264.12,47318
2025-06-30T14:06:00+05:30,264.12,264.2,264.11,264.15,45722
2025-06-30T14:07:00+05:30,264.15,264.2,264.13,264.16,26253
2025-06-30T14:08:00+05:30,264.18,264.5,264.16,264.5,96231
2025-06-30T14:09:00+05:30,264.5,264.6,264.32,264.52,56041
2025-06-30T14:10:00+05:30,264.59,264.72,264.52,264.68,53469
2025-06-30T14:11:00+05:30,264.68,264.69,264.4,264.5,50359
2025-06-30T14:12:00+05:30,264.5,264.6,264.41,264.42,37780
2025-06-30T14:13:00+05:30,264.42,264.53,264.38,264.41,30004
2025-06-30T14:14:00+05:30,264.45,264.55,264.41,264.55,28623
2025-06-30T14:15:00+05:30,264.5,264.58,264.44,264.45,42398
2025-06-30T14:16:00+05:30,264.45,264.6,264.44,264.54,37162
2025-06-30T14:17:00+05:30,264.55,264.67,264.47,264.54,31489
2025-06-30T14:18:00+05:30,264.54,264.67,264.43,264.48,35417
2025-06-30T14:19:00+05:30,264.48,264.63,264.44,264.55,31930
2025-06-30T14:20:00+05:30,264.59,264.63,264.48,264.53,33028
2025-06-30T14:21:00+05:30,264.53,264.61,264.5,264.55,30752
2025-06-30T14:22:00+05:30,264.55,264.65,264.5,264.57,34760
2025-06-30T14:23:00+05:30,264.6,264.8,264.57,264.7,37098
2025-06-30T14:24:00+05:30,264.7,264.85,264.62,264.62,38964
2025-06-30T14:25:00+05:30,264.62,264.77,264.54,264.63,29154
2025-06-30T14:26:00+05:30,264.64,264.66,264.47,264.48,37718
2025-06-30T14:27:00+05:30,264.48,264.61,264.43,264.5,29201
2025-06-30T14:28:00+05:30,264.51,264.59,264.35,264.4,39784
2025-06-30T14:29:00+05:30,264.46,264.67,264.4,264.56,29827
2025-06-30T14:30:00+05:30,264.56,264.67,264.33,264.39,45025
2025-06-30T14:31:00+05:30,264.39,264.51,264.32,264.44,40185
2025-06-30T14:32:00+05:30,264.44,264.53,264.35,264.5,39725
2025-06-30T14:33:00+05:30,264.51,264.51,264.34,264.44,44353
2025-06-30T14:34:00+05:30,264.45,264.55,264.33,264.37,48143
2025-06-30T14:35:00+05:30,264.4,264.46,264.27,264.39,46937
2025-06-30T14:36:00+05:30,264.39,264.45,264.24,264.36,41483
2025-06-30T14:37:00+05:30,264.36,264.4,264.23,264.33,45338
2025-06-30T14:38:00+05:30,264.34,264.52,264.28,264.44,55955
2025-06-30T14:39:00+05:30,264.5,264.65,264.44,264.62,46719
2025-06-30T14:40:00+05:30,264.62,264.68,264.47,264.5,53183
2025-06-30T14:41:00+05:30,264.52,264.62,264.37,264.5,45737
2025-06-30T14:42:00+05:30,264.57,264.64,264.43,264.5,46199
2025-06-30T14:43:00+05:30,264.5,264.75,264.5,264.63,45739
2025-06-30T14:44:00+05:30,264.68,264.75,264.55,264.75,75723
2025-06-30T14:45:00+05:30,264.67,264.75,264.55,264.6,62801
2025-06-30T14:46:00+05:30,264.6,264.72,264.51,264.52,49671
2025-06-30T14:47:00+05:30,264.58,264.64,264.49,264.49,56068
2025-06-30T14:48:00+05:30,264.5,264.54,264.3,264.4,85708
2025-06-30T14:49:00+05:30,264.4,264.59,264.33,264.5,87598
2025-06-30T14:50:00+05:30,264.51,264.6,264.36,264.42,66141
2025-06-30T14:51:00+05:30,264.51,264.69,264.41,264.59,89961
2025-06-30T14:52:00+05:30,264.59,264.6,264.4,264.45,68259
2025-06-30T14:53:00+05:30,264.48,264.62,264.35,264.62,121948
2025-06-30T14:54:00+05:30,264.54,264.65,264.5,264.5,57716
2025-06-30T14:55:00+05:30,264.5,264.64,264.37,264.46,61148
2025-06-30T14:56:00+05:30,264.47,264.6,264.39,264.57,58224
2025-06-30T14:57:00+05:30,264.57,264.62,264.38,264.49,96812
2025-06-30T14:58:00+05:30,264.49,264.65,264.48,264.56,60450
2025-06-30T14:59:00+05:30,264.62,264.68,264.47,264.61,87102
2025-06-30T15:00:00+05:30,264.61,264.66,264.32,264.48,140577
2025-06-30T15:01:00+05:30,264.48,264.63,264.42,264.49,111366
2025-06-30T15:02:00+05:30,264.49,264.5,264.36,264.38,112647
2025-06-30T15:03:00+05:30,264.39,264.4,264.13,264.22,301565
2025-06-30T15:04:00+05:30,264.21,264.23,264.19,264.22,117576
2025-06-30T15:05:00+05:30,264.23,264.24,264.1,264.12,124023
2025-06-30T15:06:00+05:30,264.11,264.38,264.11,264.38,132187
2025-06-30T15:07:00+05:30,264.35,264.38,264.1,264.25,201532
2025-06-30T15:08:00+05:30,264.25,264.43,264.23,264.41,343920
2025-06-30T15:09:00+05:30,264.4,264.48,264.18,264.39,348609
2025-06-30T15:10:00+05:30,264.4,264.4,263.9,264.08,366017
2025-06-30T15:11:00+05:30,264.08,264.35,264.07,264.32,103603
2025-06-30T15:12:00+05:30,264.34,264.5,264.25,264.27,124262
2025-06-30T15:13:00+05:30,264.38,264.41,264.2,264.35,194186
2025-06-30T15:14:00+05:30,264.36,264.48,264.25,264.26,160044
2025-06-30T15:15:00+05:30,264.27,264.32,264.2,264.25,124805
2025-06-30T15:16:00+05:30,264.25,264.26,264.05,264.11,126421
2025-06-30T15:17:00+05:30,264.11,264.15,264.08,264.11,114499
2025-06-30T15:18:00+05:30,264.12,264.14,264.06,264.13,142021
2025-06-30T15:19:00+05:30,264.13,264.23,263.91,264.0,178964
2025-06-30T15:20:00+05:30,264.01,264.01,263.68,263.73,198347
2025-06-30T15:21:00+05:30,263.74,263.81,263.54,263.71,98755
2025-06-30T15:22:00+05:30,263.72,263.83,263.7,263.77,88889
2025-06-30T15:23:00+05:30,263.77,263.85,263.75,263.84,102720
2025-06-30T15:24:00+05:30,263.84,263.85,263.66,263.79,131018
2025-06-30T15:25:00+05:30,263.79,264.08,263.72,263.96,133443
2025-06-30T15:26:00+05:30,264.06,264.1,263.75,264.09,105674
2025-06-30T15:27:00+05:30,264.09,264.2,264.09,264.18,129016
2025-06-30T15:28:00+05:30,264.19,264.2,263.75,263.9,98904
2025-06-30T15:29:00+05:30,263.91,264.0,263.55,263.95,79944
2025-07-01T09:15:00+05:30,264.85,264.85,264.0,264.4,169504
2025-07-01T09:16:00+05:30,264.45,264.6,264.2,264.4,195193
2025-07-01T09:17:00+05:30,264.45,264.45,264.0,264.0,86604
2025-07-01T09:18:00+05:30,264.05,264.15,263.6,263.7,81794
2025-07-01T09:19:00+05:30,263.7,263.7,263.2,263.35,73370
2025-07-01T09:20:00+05:30,263.4,263.55,263.05,263.35,189486
2025-07-01T09:21:00+05:30,263.4,263.55,262.5,263.2,498764
2025-07-01T09:22:00+05:30,263.05,263.5,263.0,263.25,89192
2025-07-01T09:23:00+05:30,263.15,263.25,262.65,262.85,108660
2025-07-01T09:24:00+05:30,262.85,263.0,262.8,262.85,33956
2025-07-01T09:25:00+05:30,262.8,263.0,262.7,262.75,61126
2025-07-01T09:26:00+05:30,262.7,262.75,262.55,262.55,25214
2025-07-01T09:27:00+05:30,262.65,262.65,262.05,262.2,97340
2025-07-01T09:28:00+05:30,262.2,262.35,262.0,262.35,119155
2025-07-01T09:29:00+05:30,262.15,262.5,262.1,262.3,43393
2025-07-01T09:30:00+05:30,262.3,262.4,262.05,262.1,92887
2025-07-01T09:31:00+05:30,262.1,262.5,261.95,262.2,377631
2025-07-01T09:32:00+05:30,262.15,262.45,262.1,262.4,34475
2025-07-01T09:33:00+05:30,262.5,262.8,262.45,262.7,73906
2025-07-01T09:34:00+05:30,262.7,262.8,262.55,262.7,33587
2025-07-01T09:35:00+05:30,262.6,262.75,262.6,262.7,25346
2025-07-01T09:36:00+05:30,262.65,262.7,262.35,262.4,30417
2025-07-01T09:37:00+05:30,262.4,262.6,262.4,262.5,22467
2025-07-01T09:38:00+05:30,262.5,262.6,262.2,262.3,39855
2025-07-01T09:39:00+05:30,262.3,262.4,262.2,262.4,26022
2025-07-01T09:40:00+05:30,262.35,262.45,262.25,262.3,31911
2025-07-01T09:41:00+05:30,262.25,262.35,262.2,262.3,25493
2025-07-01T09:42:00+05:30,262.25,262.45,262.25,262.45,49507
2025-07-01T09:43:00+05:30,262.45,262.75,262.35,262.7,22435
2025-07-01T09:44:00+05:30,262.75,262.85,262.45,262.7,90871
2025-07-01T09:45:00+05:30,262.65,262.8,262.55,262.6,29835
2025-07-01T09:46:00+05:30,262.6,262.65,262.3,262.3,112174
2025-07-01T09:47:00+05:30,262.3,262.5,262.2,262.5,41401
2025-07-01T09:48:00+05:30,262.45,262.85,262.45,262.75,26796
2025-07-01T09:49:00+05:30,262.8,263.0,262.65,262.9,65542
2025-07-01T09:50:00+05:30,262.8,262.9,262.3,262.4,65123
2025-07-01T09:51:00+05:30,262.3,262.5,262.25,262.4,34048
2025-07-01T09:52:00+05:30,262.4,262.4,262.0,262.05,68230
2025-07-01T09:53:00+05:30,262.1,262.35,262.05,262.2,108083
2025-07-01T09:54:00+05:30,262.2,262.2,262.1,262.15,33485
2025-07-01T09:55:00+05:30,262.15,262.3,262.05,262.25,40018
2025-07-01T09:56:00+05:30,262.2,262.3,262.05,262.1,38367
2025-07-01T09:57:00+05:30,262.1,262.2,262.0,262.1,13476
2025-07-01T09:58:00+05:30,262.2,262.45,262.1,262.45,56988
2025-07-01T09:59:00+05:30,262.45,262.8,262.45,262.6,78370
2025-07-01T10:00:00+05:30,262.55,262.65,262.4,262.55,20736
2025-07-01T10:01:00+05:30,262.55,262.55,262.15,262.3,20138
2025-07-01T10:02:00+05:30,262.3,262.45,261.95,261.95,431888
2025-07-01T10:03:00+05:30,262.05,262.05,261.55,261.95,101753
2025-07-01T10:04:00+05:30,261.85,262.1,261.8,261.9,31817
2025-07-01T10:05:00+05:30,261.9,262.0,261.8,261.95,26772
2025-07-01T10:06:00+05:30,261.9,262.0,261.8,262.0,26088
2025-07-01T10:07:00+05:30,261.95,262.25,261.9,262.0,47939
2025-07-01T10:08:00+05:30,262.0,262.1,261.75,261.75,129977
2025-07-01T10:09:00+05:30,261.75,261.85,261.6,261.6,27129
2025-07-01T10:10:00+05:30,261.7,261.9,261.65,261.8,41408
2025-07-01T10:11:00+05:30,261.8,261.85,261.75,261.8,18759
2025-07-01T10:12:00+05:30,261.85,261.9,261.65,261.7,32398
2025-07-01T10:13:00+05:30,261.7,261.8,261.6,261.65,24261
2025-07-01T10:14:00+05:30,261.65,261.75,261.6,261.6,36636
2025-07-01T10:15:00+05:30,261.65,261.75,261.6,261.6,20225
2025-07-01T10:16:00+05:30,261.65,261.8,261.6,261.7,31987
2025-07-01T10:17:00+05:30,261.7,261.75,261.55,261.65,35580
2025-07-01T10:18:00+05:30,261.75,261.8,261.65,261.8,17316
2025-07-01T10:19:00+05:30,261.7,261.85,261.65,261.7,35455
2025-07-01T10:20:00+05:30,261.75,261.85,261.65,261.65,19686
2025-07-01T10:21:00+05:30,261.7,261.7,261.55,261.55,23315
2025-07-01T10:22:00+05:30,261.55,261.7,261.5,261.5,18068
2025-07-01T10:23:00+05:30,261.55,261.65,261.5,261.55,39487
2025-07-01T10:24:00+05:30,261.55,261.65,261.5,261.65,34848
2025-07-01T10:25:00+05:30,261.55,261.7,261.55,261.65,37116
2025-07-01T10:26:00+05:30,261.55,261.75,261.55,261.65,16853
2025-07-01T10:27:00+05:30,261.7,261.85,261.65,261.75,24312
2025-07-01T10:28:00+05:30,261.8,261.9,261.6,261.6,16179
2025-07-01T10:29:00+05:30,261.6,261.8,261.6,261.6,15993
2025-07-01T10:30:00+05:30,261.6,261.95,261.6,261.75,16171
2025-07-01T10:31:00+05:30,261.75,261.85,261.6,261.6,18732
2025-07-01T10:32:00+05:30,261.65,262.0,261.6,261.9,24247
2025-07-01T10:33:00+05:30,261.95,262.0,261.8,261.9,10695
2025-07-01T10:34:00+05:30,261.9,262.0,261.85,262.0,17451
2025-07-01T10:35:00+05:30,262.0,262.1,261.75,261.8,61123
2025-07-01T10:36:00+05:30,261.75,262.35,261.7,262.3,47494
2025-07-01T10:37:00+05:30,262.25,262.3,262.0,262.25,30282
2025-07-01T10:38:00+05:30,262.25,262.35,262.05,262.2,91380
2025-07-01T10:39:00+05:30,262.2,262.75,262.2,262.75,100395
2025-07-01T10:40:00+05:30,262.75,262.75,262.5,262.6,30945
2025-07-01T10:41:00+05:30,262.65,262.65,262.35,262.55,15160
2025-07-01T10:42:00+05:30,262.55,262.6,262.5,262.55,14539
2025-07-01T10:43:00+05:30,262.55,262.65,262.5,262.5,22339
2025-07-01T10:44:00+05:30,262.5,262.6,262.2,262.3,25949
2025-07-01T10:45:00+05:30,262.25,262.3,262.05,262.05,34320
2025-07-01T10:46:00+05:30,262.05,262.15,262.0,262.15,8556
2025-07-01T10:47:00+05:30,262.1,262.15,262.0,262.15,9457
2025-07-01T10:48:00+05:30,262.1,262.25,262.0,262.05,10634
2025-07-01T10:49:00+05:30,262.15,262.15,262.0,262.0,9542
2025-07-01T10:50:00+05:30,262.05,262.15,262.0,262.15,12243
2025-07-01T10:51:00+05:30,262.2,262.3,262.05,262.1,38374
2025-07-01T10:52:00+05:30,262.15,262.2,262.0,262.05,9798
2025-07-01T10:53:00+05:30,262.1,262.3,262.0,262.2,114545
2025-07-01T10:54:00+05:30,262.1,262.25,262.05,262.25,9244
2025-07-01T10:55:00+05:30,262.15,262.3,262.1,262.15,16485
2025-07-01T10:56:00+05:30,262.15,262.25,262.15,262.15,12471
2025-07-01T10:57:00+05:30,262.25,262.25,262.1,262.1,11075
2025-07-01T10:58:00+05:30,262.15,262.25,262.05,262.1,10266
2025-07-01T10:59:00+05:30,262.1,262.15,261.85,261.95,23361
2025-07-01T11:00:00+05:30,261.95,262.0,261.85,261.95,25177
2025-07-01T11:01:00+05:30,261.95,262.3,261.9,262.3,31878
2025-07-01T11:02:00+05:30,262.3,262.3,262.1,262.2,5982
2025-07-01T11:03:00+05:30,262.1,262.15,262.1,262.15,6156
2025-07-01T11:04:00+05:30,262.1,262.15,262.05,262.05,5861
2025-07-01T11:05:00+05:30,262.05,262.25,262.05,262.2,16597
2025-07-01T11:06:00+05:30,262.25,262.3,262.15,262.2,11942
2025-07-01T11:07:00+05:30,262.2,262.3,262.15,262.15,9031
2025-07-01T11:08:00+05:30,262.1,262.2,262.1,262.1,7632
2025-07-01T11:09:00+05:30,262.1,262.3,262.05,262.2,11620
2025-07-01T11:10:00+05:30,262.15,262.25,262.1,262.25,10118
2025-07-01T11:11:00+05:30,262.15,262.25,262.1,262.15,9059
2025-07-01T11:12:00+05:30,262.1,262.25,262.05,262.2,11121
2025-07-01T11:13:00+05:30,262.2,262.25,262.0,262.1,10748
2025-07-01T11:14:00+05:30,262.05,262.2,262.0,262.15,14231
2025-07-01T11:15:00+05:30,262.15,262.35,262.15,262.25,14356
2025-07-01T11:16:00+05:30,262.35,262.35,262.15,262.15,10963
2025-07-01T11:17:00+05:30,262.15,262.5,262.15,262.45,12596
2025-07-01T11:18:00+05:30,262.45,262.5,262.35,262.4,17041
2025-07-01T11:19:00+05:30,262.5,262.55,262.4,262.5,30548
2025-07-01T11:20:00+05:30,262.55,262.55,262.4,262.45,11034
2025-07-01T11:21:00+05:30,262.5,262.55,262.3,262.35,7059
2025-07-01T11:22:00+05:30,262.35,262.45,262.2,262.2,6411
2025-07-01T11:23:00+05:30,262.3,262.3,262.1,262.15,7247
2025-07-01T11:24:00+05:30,262.1,262.15,262.05,262.05,7398
2025-07-01T11:25:00+05:30,262.05,262.3,262.05,262.25,18369
2025-07-01T11:26:00+05:30,262.25,262.3,262.1,262.2,5324
2025-07-01T11:27:00+05:30,262.2,262.2,262.05,262.15,6983
2025-07-01T11:28:00+05:30,262.1,262.15,262.05,262.1,8038
2025-07-01T11:29:00+05:30,262.1,262.2,262.05,262.1,14203
2025-07-01T11:30:00+05:30,262.15,262.25,262.1,262.1,9235
2025-07-01T11:31:00+05:30,262.2,262.2,262.1,262.15,6279
2025-07-01T11:32:00+05:30,262.1,262.2,262.1,262.1,15306
2025-07-01T11:33:00+05:30,262.1,262.2,262.0,262.0,32364
2025-07-01T11:34:00+05:30,262.0,262.15,262.0,262.1,14757
2025-07-01T11:35:00+05:30,262.05,262.15,262.05,262.1,12896
2025-07-01T11:36:00+05:30,262.05,262.1,262.05,262.1,11015
2025-07-01T11:37:00+05:30,262.05,262.15,262.05,262.15,10952
2025-07-01T11:38:00+05:30,262.1,262.15,262.05,262.1,9048
2025-07-01T11:39:00+05:30,262.1,262.2,262.1,262.2,10000
2025-07-01T11:40:00+05:30,262.2,263.1,262.15,262.7,260791
2025-07-01T11:41:00+05:30,262.6,262.9,262.6,262.8,51174
2025-07-01T11:42:00+05:30,262.75,262.8,262.55,262.55,10871
2025-07-01T11:43:00+05:30,262.55,262.6,262.45,262.55,12330
2025-07-01T11:44:00+05:30,262.5,262.55,262.2,262.25,47830
2025-07-01T11:45:00+05:30,262.25,262.35,262.2,262.25,11385
2025-07-01T11:46:00+05:30,262.25,262.3,262.05,262.1,27901
2025-07-01T11:47:00+05:30,262.1,262.1,262.05,262.05,5366
2025-07-01T11:48:00+05:30,262.05,262.1,262.05,262.05,17181
2025-07-01T11:49:00+05:30,262.05,262.2,262.05,262.15,11449
2025-07-01T11:50:00+05:30,262.15,262.2,262.05,262.1,19246
2025-07-01T11:51:00+05:30,262.05,262.15,262.05,262.15,11430
2025-07-01T11:52:00+05:30,262.1,262.15,262.05,262.1,16845
2025-07-01T11:53:00+05:30,262.05,262.1,261.85,261.95,64627
2025-07-01T11:54:00+05:30,261.9,261.9,261.65,261.8,52667
2025-07-01T11:55:00+05:30,261.8,261.9,261.7,261.9,27071
2025-07-01T11:56:00+05:30,261.85,261.85,261.6,261.65,27480
2025-07-01T11:57:00+05:30,261.7,261.7,261.35,261.35,108338
2025-07-01T11:58:00+05:30,261.45,261.45,261.0,261.15,124380
2025-07-01T11:59:00+05:30,261.1,261.35,261.0,261.2,45328
2025-07-01T12:00:00+05:30,261.25,261.25,261.15,261.2,20714
2025-07-01T12:01:00+05:30,261.2,261.25,261.15,261.2,19314
2025-07-01T12:02:00+05:30,261.15,261.2,260.85,261.0,157842
2025-07-01T12:03:00+05:30,260.9,261.0,260.7,260.75,35673
2025-07-01T12:04:00+05:30,260.75,261.0,260.7,260.85,127764
2025-07-01T12:05:00+05:30,260.8,260.9,260.6,260.65,37060
2025-07-01T12:06:00+05:30,260.7,260.7,260.3,260.45,75290
2025-07-01T12:07:00+05:30,260.4,260.5,260.25,260.4,51213
2025-07-01T12:08:00+05:30,260.4,260.6,260.25,260.45,25038
2025-07-01T12:09:00+05:30,260.45,260.55,260.4,260.5,23713
2025-07-01T12:10:00+05:30,260.45,260.5,260.35,260.35,51080
2025-07-01T12:11:00+05:30,260.4,260.45,260.3,260.35,36514
2025-07-01T12:12:00+05:30,260.4,260.7,260.3,260.6,37500
2025-07-01T12:13:00+05:30,260.55,260.7,260.5,260.6,21610
2025-07-01T12:14:00+05:30,260.6,260.75,260.6,260.75,11721
2025-07-01T12:15:00+05:30,260.75,260.95,260.75,260.8,41318
2025-07-01T12:16:00+05:30,260.75,260.85,260.6,260.6,53361
2025-07-01T12:17:00+05:30,260.65,260.8,260.55,260.65,34183
2025-07-01T12:18:00+05:30,260.6,260.7,260.5,260.7,22231
2025-07-01T12:19:00+05:30,260.7,260.8,260.6,260.75,18576
2025-07-01T12:20:00+05:30,260.75,261.05,260.7,260.9,39836
2025-07-01T12:21:00+05:30,260.85,261.0,260.7,260.95,20881
2025-07-01T12:22:00+05:30,260.9,260.95,260.8,260.9,17498
2025-07-01T12:23:00+05:30,260.95,260.95,260.8,260.95,9169
2025-07-01T12:24:00+05:30,260.9,260.95,260.85,260.9,15594
2025-07-01T12:25:00+05:30,260.85,261.1,260.85,261.0,37391
2025-07-01T12:26:00+05:30,261.0,261.2,260.95,261.05,32401
2025-07-01T12:27:00+05:30,261.05,261.15,261.0,261.0,17432
2025-07-01T12:28:00+05:30,261.0,261.1,260.8,260.8,33264
2025-07-01T12:29:00+05:30,260.8,260.95,260.8,260.9,16124
2025-07-01T12:30:00+05:30,260.8,260.95,260.8,260.95,5835
2025-07-01T12:31:00+05:30,260.9,260.95,260.5,260.55,84856
2025-07-01T12:32:00+05:30,260.5,260.7,260.5,260.6,8463
2025-07-01T12:33:00+05:30,260.6,260.7,260.55,260.65,7857
2025-07-01T12:34:00+05:30,260.65,260.8,260.6,260.65,25917
2025-07-01T12:35:00+05:30,260.7,260.8,260.65,260.7,23162
2025-07-01T12:36:00+05:30,260.8,260.8,260.6,260.7,15033
2025-07-01T12:37:00+05:30,260.7,260.75,260.6,260.65,12374
2025-07-01T12:38:00+05:30,260.6,260.7,260.55,260.7,7690
2025-07-01T12:39:00+05:30,260.65,260.7,260.55,260.7,17534
2025-07-01T12:40:00+05:30,260.6,260.6,260.55,260.6,14840
2025-07-01T12:41:00+05:30,260.55,260.6,260.5,260.55,14321
2025-07-01T12:42:00+05:30,260.5,260.7,260.5,260.65,20918
2025-07-01T12:43:00+05:30,260.65,260.75,260.6,260.7,10761
2025-07-01T12:44:00+05:30,260.75,260.9,260.65,260.8,11919
2025-07-01T12:45:00+05:30,260.8,260.9,260.75,260.85,8678
2025-07-01T12:46:00+05:30,260.8,260.9,260.6,260.65,16526
2025-07-01T12:47:00+05:30,260.6,260.65,260.4,260.45,43549
2025-07-01T12:48:00+05:30,260.4,260.45,260.25,260.35,55769
2025-07-01T12:49:00+05:30,260.3,260.35,260.25,260.25,31075
2025-07-01T12:50:00+05:30,260.3,260.65,260.25,260.6,120251
2025-07-01T12:51:00+05:30,260.55,260.6,260.35,260.5,164088
2025-07-01T12:52:00+05:30,260.45,260.5,260.35,260.4,19200
2025-07-01T12:53:00+05:30,260.45,260.6,260.3,260.6,21018
2025-07-01T12:54:00+05:30,260.6,260.6,260.3,260.4,17169
2025-07-01T12:55:00+05:30,260.4,260.4,260.25,260.4,12292
2025-07-01T12:56:00+05:30,260.35,260.45,260.3,260.35,23068
2025-07-01T12:57:00+05:30,260.35,260.5,260.3,260.4,24986
2025-07-01T12:58:00+05:30,260.4,260.4,260.25,260.3,10861
2025-07-01T12:59:00+05:30,260.25,260.3,260.25,260.25,16589
2025-07-01T13:00:00+05:30,260.25,260.3,260.25,260.3,14330
2025-07-01T13:01:00+05:30,260.25,260.35,260.25,260.3,12349
2025-07-01T13:02:00+05:30,260.25,260.3,260.2,260.3,25455
2025-07-01T13:03:00+05:30,260.25,260.3,259.6,260.0,315867
2025-07-01T13:04:00+05:30,260.05,260.05,259.8,259.95,26247
2025-07-01T13:05:00+05:30,259.9,260.1,259.85,260.0,45907
2025-07-01T13:06:00+05:30,260.0,260.1,259.8,259.85,15002
2025-07-01T13:07:00+05:30,259.85,259.9,259.75,259.9,17656
2025-07-01T13:08:00+05:30,259.8,259.9,259.75,259.9,21644
2025-07-01T13:09:00+05:30,259.9,259.95,259.75,259.9,39180
2025-07-01T13:10:00+05:30,259.9,260.3,259.85,260.2,90163
2025-07-01T13:11:00+05:30,260.3,260.3,259.9,260.0,17333
2025-07-01T13:12:00+05:30,259.95,260.05,259.85,260.0,13820
2025-07-01T13:13:00+05:30,260.0,260.1,259.9,260.1,13498
2025-07-01T13:14:00+05:30,260.05,260.35,260.05,260.35,15801
2025-07-01T13:15:00+05:30,260.35,260.7,260.25,260.4,56755
2025-07-01T13:16:00+05:30,260.35,260.5,260.35,260.4,12008
2025-07-01T13:17:00+05:30,260.35,260.45,260.2,260.25,26265
2025-07-01T13:18:00+05:30,260.25,260.25,260.1,260.25,11942
2025-07-01T13:19:00+05:30,260.2,260.25,260.15,260.25,8188
2025-07-01T13:20:00+05:30,260.2,260.25,260.0,260.1,12712
2025-07-01T13:21:00+05:30,260.1,260.1,260.0,260.0,12266
2025-07-01T13:22:00+05:30,260.0,260.1,260.0,260.1,9591
2025-07-01T13:23:00+05:30,260.05,260.25,260.05,260.2,18303
2025-07-01T13:24:00+05:30,260.25,260.25,260.15,260.25,5613
2025-07-01T13:25:00+05:30,260.25,260.25,260.05,260.2,9968
2025-07-01T13:26:00+05:30,260.1,260.2,260.05,260.1,5459
2025-07-01T13:27:00+05:30,260.1,260.15,260.05,260.05,14709
2025-07-01T13:28:00+05:30,260.15,260.2,260.05,260.1,16577
2025-07-01T13:29:00+05:30,260.0,260.15,260.0,260.1,9543
2025-07-01T13:30:00+05:30,260.05,260.2,260.05,260.2,7516
2025-07-01T13:31:00+05:30,260.15,260.35,260.1,260.35,9722
2025-07-01T13:32:00+05:30,260.35,260.45,260.2,260.4,21470
2025-07-01T13:33:00+05:30,260.3,260.45,260.15,260.35,20829
2025-07-01T13:34:00+05:30,260.3,260.3,260.15,260.2,6744
2025-07-01T13:35:00+05:30,260.15,260.3,260.15,260.15,15212
2025-07-01T13:36:00+05:30,260.15,260.3,260.15,260.3,6562
2025-07-01T13:37:00+05:30,260.25,260.6,260.15,260.6,39463
2025-07-01T13:38:00+05:30,260.5,260.7,260.35,260.5,58438
2025-07-01T13:39:00+05:30,260.5,260.65,260.4,260.6,17883
2025-07-01T13:40:00+05:30,260.65,260.8,260.5,260.65,44100
2025-07-01T13:41:00+05:30,260.55,260.75,260.5,260.75,20856
2025-07-01T13:42:00+05:30,260.75,260.85,260.45,260.45,296630
2025-07-01T13:43:00+05:30,260.4,260.45,260.3,260.45,18635
2025-07-01T13:44:00+05:30,260.35,260.5,260.35,260.5,47800
2025-07-01T13:45:00+05:30,260.45,260.5,260.35,260.35,18462
2025-07-01T13:46:00+05:30,260.45,260.6,260.35,260.6,23621
2025-07-01T13:47:00+05:30,260.55,260.7,260.5,260.7,20898
2025-07-01T13:48:00+05:30,260.6,260.9,260.55,260.7,57173
2025-07-01T13:49:00+05:30,260.6,260.8,260.6,260.8,21788
2025-07-01T13:50:00+05:30,260.75,260.95,260.7,260.95,22851
2025-07-01T13:51:00+05:30,260.9,260.95,260.8,260.85,20725
2025-07-01T13:52:00+05:30,260.8,260.9,260.8,260.9,17237
2025-07-01T13:53:00+05:30,260.9,260.9,260.75,260.9,19854
2025-07-01T13:54:00+05:30,260.85,260.9,260.7,260.8,19108
2025-07-01T13:55:00+05:30,260.8,260.85,260.7,260.85,18080
2025-07-01T13:56:00+05:30,260.85,260.85,260.45,260.75,177370
2025-07-01T13:57:00+05:30,260.75,260.85,260.6,260.85,30528
2025-07-01T13:58:00+05:30,260.75,260.85,260.7,260.8,30374
2025-07-01T13:59:00+05:30,260.75,260.85,260.65,260.7,19191
2025-07-01T14:00:00+05:30,260.7,260.85,260.7,260.8,20130
2025-07-01T14:01:00+05:30,260.7,260.85,260.7,260.8,18191
2025-07-01T14:02:00+05:30,260.75,260.8,260.7,260.8,15106
2025-07-01T14:03:00+05:30,260.75,260.8,260.65,260.8,18397
2025-07-01T14:04:00+05:30,260.75,260.85,260.7,260.85,17696
2025-07-01T14:05:00+05:30,260.8,260.85,260.65,260.8,30075
2025-07-01T14:06:00+05:30,260.8,261.35,260.65,261.25,243035
2025-07-01T14:07:00+05:30,261.3,261.3,261.1,261.15,18627
2025-07-01T14:08:00+05:30,261.1,261.15,260.95,261.05,20256
2025-07-01T14:09:00+05:30,261.0,261.95,260.9,261.5,352790
2025-07-01T14:10:00+05:30,261.4,261.55,261.25,261.35,58627
2025-07-01T14:11:00+05:30,261.3,261.5,261.2,261.25,60476
2025-07-01T14:12:00+05:30,261.2,261.35,261.2,261.25,18490
2025-07-01T14:13:00+05:30,261.2,261.3,261.15,261.2,19295
2025-07-01T14:14:00+05:30,261.2,261.2,260.95,261.05,46353
2025-07-01T14:15:00+05:30,261.0,261.1,260.95,261.05,19788
2025-07-01T14:16:00+05:30,261.0,261.15,260.95,261.0,22535
2025-07-01T14:17:00+05:30,261.0,261.05,260.9,261.0,19684
2025-07-01T14:18:00+05:30,261.0,261.05,260.85,261.05,15787
2025-07-01T14:19:00+05:30,261.0,261.05,260.9,260.95,19744
2025-07-01T14:20:00+05:30,260.95,261.05,260.9,261.0,18186
2025-07-01T14:21:00+05:30,261.0,261.2,260.9,261.2,16253
2025-07-01T14:22:00+05:30,261.1,261.2,261.1,261.2,13387
2025-07-01T14:23:00+05:30,261.1,261.35,261.05,261.25,41580
2025-07-01T14:24:00+05:30,261.35,261.35,261.1,261.2,24528
2025-07-01T14:25:00+05:30,261.2,261.3,261.15,261.2,11938
2025-07-01T14:26:00+05:30,261.2,261.3,261.1,261.1,18275
2025-07-01T14:27:00+05:30,261.1,261.25,261.05,261.1,9497
2025-07-01T14:28:00+05:30,261.15,261.25,261.0,261.25,13713
2025-07-01T14:29:00+05:30,261.1,261.2,261.05,261.1,17756
2025-07-01T14:30:00+05:30,261.05,261.1,261.0,261.1,11612
2025-07-01T14:31:00+05:30,261.05,261.1,260.8,261.0,41683
2025-07-01T14:32:00+05:30,261.0,261.0,260.85,261.0,22072
2025-07-01T14:33:00+05:30,261.0,261.05,260.9,261.0,32182
2025-07-01T14:34:00+05:30,260.95,261.0,260.85,260.9,16238
2025-07-01T14:35:00+05:30,260.85,260.95,260.7,260.8,29117
2025-07-01T14:36:00+05:30,260.95,260.95,260.6,260.8,70069
2025-07-01T14:37:00+05:30,260.8,260.95,260.65,260.9,79340
2025-07-01T14:38:00+05:30,260.9,260.95,260.75,260.9,16835
2025-07-01T14:39:00+05:30,260.85,260.9,260.8,260.9,17249
2025-07-01T14:40:00+05:30,260.85,261.0,260.8,261.0,18799
2025-07-01T14:41:00+05:30,260.9,261.0,260.8,260.9,14340
2025-07-01T14:42:00+05:30,260.9,260.9,260.7,260.8,10145
2025-07-01T14:43:00+05:30,260.75,260.95,260.7,260.8,19634
2025-07-01T14:44:00+05:30,260.75,260.85,260.75,260.8,8683
2025-07-01T14:45:00+05:30,260.85,260.9,260.75,260.9,8459
2025-07-01T14:46:00+05:30,260.85,261.15,260.8,261.15,38028
2025-07-01T14:47:00+05:30,261.15,261.15,261.0,261.0,24594
2025-07-01T14:48:00+05:30,261.05,261.15,260.9,260.95,45636
2025-07-01T14:49:00+05:30,260.95,261.0,260.8,260.9,15586
2025-07-01T14:50:00+05:30,260.9,261.0,260.8,260.95,21883
2025-07-01T14:51:00+05:30,260.95,261.0,260.85,261.0,16434
2025-07-01T14:52:00+05:30,260.95,261.0,260.85,260.95,47222
2025-07-01T14:53:00+05:30,261.0,261.0,260.85,260.95,58155
2025-07-01T14:54:00+05:30,260.9,261.15,260.9,261.15,92024
2025-07-01T14:55:00+05:30,261.1,261.25,261.05,261.25,52546
2025-07-01T14:56:00+05:30,261.25,261.3,261.05,261.25,100757
2025-07-01T14:57:00+05:30,261.15,261.35,261.05,261.15,36866
2025-07-01T14:58:00+05:30,261.05,261.2,261.0,261.1,43525
2025-07-01T14:59:00+05:30,261.1,261.1,260.95,261.05,13153
2025-07-01T15:00:00+05:30,261.05,261.25,261.0,261.2,92573
2025-07-01T15:01:00+05:30,261.2,261.4,261.15,261.35,117971
2025-07-01T15:02:00+05:30,261.35,261.4,261.1,261.2,69317
2025-07-01T15:03:00+05:30,261.15,261.4,261.15,261.4,134667
2025-07-01T15:04:00+05:30,261.4,261.4,261.2,261.3,125179
2025-07-01T15:05:00+05:30,261.3,261.55,261.3,261.4,161376
2025-07-01T15:06:00+05:30,261.4,261.45,261.3,261.4,59387
2025-07-01T15:07:00+05:30,261.35,261.4,261.1,261.1,80849
2025-07-01T15:08:00+05:30,261.1,261.2,260.85,260.95,125502
2025-07-01T15:09:00+05:30,260.95,261.4,260.9,261.1,168921
2025-07-01T15:10:00+05:30,261.1,261.2,261.0,261.0,47843
2025-07-01T15:11:00+05:30,261.0,261.05,260.95,260.95,44396
2025-07-01T15:12:00+05:30,261.0,261.2,260.85,261.0,154814
2025-07-01T15:13:00+05:30,261.0,261.15,261.0,261.1,83113
2025-07-01T15:14:00+05:30,261.1,261.4,261.05,261.05,102765
2025-07-01T15:15:00+05:30,261.1,261.1,261.0,261.05,74562
2025-07-01T15:16:00+05:30,261.05,261.1,260.85,260.95,111588
2025-07-01T15:17:00+05:30,260.95,261.1,260.9,261.0,139108
2025-07-01T15:18:00+05:30,260.95,261.0,260.75,260.8,113666
2025-07-01T15:19:00+05:30,260.85,260.85,260.7,260.75,121807
2025-07-01T15:20:00+05:30,260.8,260.9,260.5,260.75,279882
2025-07-01T15:21:00+05:30,260.75,261.0,260.55,260.9,105216
2025-07-01T15:22:00+05:30,260.95,260.95,260.8,260.85,74924
2025-07-01T15:23:00+05:30,260.85,260.95,260.75,260.8,126738
2025-07-01T15:24:00+05:30,260.85,260.9,260.65,260.85,193352
2025-07-01T15:25:00+05:30,260.85,260.95,260.65,260.85,123122
2025-07-01T15:26:00+05:30,260.95,261.0,260.8,260.85,103015
2025-07-01T15:27:00+05:30,260.95,261.0,260.85,261.0,97284
2025-07-01T15:28:00+05:30,261.0,261.0,260.85,260.95,94873
2025-07-01T15:29:00+05:30,261.0,261.0,260.55,260.85,68940
2025-07-02T09:15:00+05:30,260.6,261.85,260.3,261.4,531899
2025-07-02T09:16:00+05:30,261.25,261.4,260.6,260.9,180239
2025-07-02T09:17:00+05:30,260.85,261.4,260.85,261.0,160872
2025-07-02T09:18:00+05:30,261.0,261.0,259.85,260.1,183231
2025-07-02T09:19:00+05:30,260.1,260.55,259.9,260.1,149387
2025-07-02T09:20:00+05:30,260.05,260.4,260.05,260.2,55401
2025-07-02T09:21:00+05:30,260.25,260.3,260.15,260.3,37091
2025-07-02T09:22:00+05:30,260.25,260.8,260.2,260.5,94804
2025-07-02T09:23:00+05:30,260.4,260.75,260.3,260.75,71089
2025-07-02T09:24:00+05:30,260.6,260.75,260.3,260.4,19939
2025-07-02T09:25:00+05:30,260.3,260.45,260.25,260.35,24441
2025-07-02T09:26:00+05:30,260.35,260.6,260.3,260.3,24552
2025-07-02T09:27:00+05:30,260.3,260.6,260.3,260.5,39647
2025-07-02T09:28:00+05:30,260.6,260.7,260.5,260.6,13906
2025-07-02T09:29:00+05:30,260.5,260.6,260.35,260.4,18539
2025-07-02T09:30:00+05:30,260.35,260.45,260.25,260.25,50448
2025-07-02T09:31:00+05:30,260.25,260.25,260.0,260.05,50129
2025-07-02T09:32:00+05:30,260.1,260.1,259.7,259.9,114424
2025-07-02T09:33:00+05:30,259.9,259.95,259.5,259.5,90012
2025-07-02T09:34:00+05:30,259.6,259.95,259.5,259.7,78525
2025-07-02T09:35:00+05:30,259.8,259.8,259.5,259.55,44639
2025-07-02T09:36:00+05:30,259.65,259.65,259.45,259.55,48509
2025-07-02T09:37:00+05:30,259.5,259.55,259.15,259.25,34674
2025-07-02T09:38:00+05:30,259.2,259.35,259.05,259.3,62386
2025-07-02T09:39:00+05:30,259.3,259.3,259.2,259.2,28290
2025-07-02T09:40:00+05:30,259.25,259.25,259.1,259.15,24642
2025-07-02T09:41:00+05:30,259.1,259.15,258.85,258.85,60938
2025-07-02T09:42:00+05:30,259.0,259.3,258.8,259.15,79423
2025-07-02T09:43:00+05:30,259.1,259.15,258.9,259.0,17104
2025-07-02T09:44:00+05:30,259.05,259.3,258.85,259.2,44858
2025-07-02T09:45:00+05:30,259.2,259.3,258.95,259.15,44620
2025-07-02T09:46:00+05:30,259.25,259.25,259.15,259.2,30114
2025-07-02T09:47:00+05:30,259.15,259.2,259.05,259.1,21028
2025-07-02T09:48:00+05:30,259.0,259.15,258.9,258.9,62405
2025-07-02T09:49:00+05:30,258.9,259.05,258.8,259.05,65088
2025-07-02T09:50:00+05:30,259.05,259.25,258.95,259.2,51522
2025-07-02T09:51:00+05:30,259.2,259.3,259.1,259.3,16085
2025-07-02T09:52:00+05:30,259.3,259.45,259.05,259.05,46860
2025-07-02T09:53:00+05:30,259.1,259.15,258.9,259.0,43764
2025-07-02T09:54:00+05:30,258.95,259.0,258.85,259.0,13301
2025-07-02T09:55:00+05:30,259.0,259.0,258.95,258.95,15972
2025-07-02T09:56:00+05:30,258.95,259.05,258.85,258.95,37044
2025-07-02T09:57:00+05:30,258.9,259.0,258.85,258.9,16386
2025-07-02T09:58:00+05:30,258.9,259.0,258.75,258.75,34439
2025-07-02T09:59:00+05:30,258.75,258.75,258.5,258.5,45622
2025-07-02T10:00:00+05:30,258.5,258.6,258.4,258.55,46599
2025-07-02T10:01:00+05:30,258.6,258.75,258.55,258.7,17011
2025-07-02T10:02:00+05:30,258.7,259.25,258.65,259.05,81987
2025-07-02T10:03:00+05:30,259.05,259.7,259.05,259.4,105077
2025-07-02T10:04:00+05:30,259.4,259.5,258.95,259.25,50808
2025-07-02T10:05:00+05:30,259.15,259.25,259.0,259.05,5390
2025-07-02T10:06:00+05:30,259.05,259.1,259.0,259.1,18391
2025-07-02T10:07:00+05:30,259.05,259.15,258.9,259.15,48315
2025-07-02T10:08:00+05:30,259.15,259.2,258.95,259.15,21472
2025-07-02T10:09:00+05:30,259.1,259.15,259.0,259.1,23919
2025-07-02T10:10:00+05:30,259.0,259.1,258.9,259.0,10252
2025-07-02T10:11:00+05:30,259.0,259.1,258.9,259.0,24658
2025-07-02T10:12:00+05:30,259.0,259.1,258.9,258.95,11355
2025-07-02T10:13:00+05:30,258.9,258.95,258.6,258.8,33646
2025-07-02T10:14:00+05:30,258.75,258.75,258.65,258.65,5638
2025-07-02T10:15:00+05:30,258.65,258.7,258.5,258.5,19513
2025-07-02T10:16:00+05:30,258.5,258.55,258.45,258.5,20139
2025-07-02T10:17:00+05:30,258.5,258.7,258.2,258.7,82927
2025-07-02T10:18:00+05:30,258.6,258.7,258.2,258.45,69638
2025-07-02T10:19:00+05:30,258.45,258.75,258.3,258.6,84401
2025-07-02T10:20:00+05:30,258.7,258.9,258.55,258.85,49755
2025-07-02T10:21:00+05:30,258.7,259.0,258.7,258.75,56148
2025-07-02T10:22:00+05:30,258.75,258.8,258.55,258.75,18283
2025-07-02T10:23:00+05:30,258.75,258.75,258.6,258.65,10620
2025-07-02T10:24:00+05:30,258.6,258.75,258.55,258.55,12702
2025-07-02T10:25:00+05:30,258.6,258.65,258.55,258.55,13891
2025-07-02T10:26:00+05:30,258.6,258.6,258.55,258.55,7741
2025-07-02T10:27:00+05:30,258.55,258.65,258.5,258.6,18786
2025-07-02T10:28:00+05:30,258.6,258.65,258.6,258.65,10321
2025-07-02T10:29:00+05:30,258.6,258.65,258.6,258.6,3790
2025-07-02T10:30:00+05:30,258.6,258.65,258.55,258.6,46985
2025-07-02T10:31:00+05:30,258.55,258.6,258.5,258.5,9647
2025-07-02T10:32:00+05:30,258.55,258.55,258.5,258.55,17219
2025-07-02T10:33:00+05:30,258.45,258.5,258.4,258.4,9057
2025-07-02T10:34:00+05:30,258.45,258.6,258.35,258.5,117243
2025-07-02T10:35:00+05:30,258.6,258.6,258.35,258.45,13512
2025-07-02T10:36:00+05:30,258.4,258.5,258.3,258.35,9612
2025-07-02T10:37:00+05:30,258.35,258.4,258.3,258.3,12199
2025-07-02T10:38:00+05:30,258.3,258.8,258.25,258.75,50360
2025-07-02T10:39:00+05:30,258.7,258.8,258.55,258.55,11353
2025-07-02T10:40:00+05:30,258.65,258.65,258.5,258.5,5046
2025-07-02T10:41:00+05:30,258.55,258.75,258.5,258.75,20515
2025-07-02T10:42:00+05:30,258.7,258.8,258.6,258.6,17015
2025-07-02T10:43:00+05:30,258.7,258.8,258.65,258.75,16994
2025-07-02T10:44:00+05:30,258.75,258.85,258.7,258.8,11613
2025-07-02T10:45:00+05:30,258.8,258.8,258.6,258.65,12517
2025-07-02T10:46:00+05:30,258.6,258.65,258.5,258.65,8230
2025-07-02T10:47:00+05:30,258.65,258.7,258.55,258.7,12058
2025-07-02T10:48:00+05:30,258.65,258.7,258.6,258.6,14979
2025-07-02T10:49:00+05:30,258.6,258.7,258.6,258.7,8032
2025-07-02T10:50:00+05:30,258.7,258.7,258.6,258.65,7582
2025-07-02T10:51:00+05:30,258.7,258.7,258.55,258.6,9490
2025-07-02T10:52:00+05:30,258.6,259.0,258.5,259.0,78223
2025-07-02T10:53:00+05:30,258.95,259.05,258.9,259.05,33504
2025-07-02T10:54:00+05:30,259.0,259.45,258.95,259.15,83443
2025-07-02T10:55:00+05:30,259.2,259.2,259.0,259.15,24988
2025-07-02T10:56:00+05:30,259.15,259.2,259.05,259.1,7352
2025-07-02T10:57:00+05:30,259.05,259.15,259.05,259.15,12370
2025-07-02T10:58:00+05:30,259.15,259.2,258.9,259.0,11719
2025-07-02T10:59:00+05:30,259.05,259.1,258.65,258.8,46463
2025-07-02T11:00:00+05:30,258.8,258.85,258.7,258.75,2993
2025-07-02T11:01:00+05:30,258.75,258.8,258.6,258.7,11127
2025-07-02T11:02:00+05:30,258.6,258.7,258.5,258.6,12799
2025-07-02T11:03:00+05:30,258.55,258.6,258.35,258.5,19465
2025-07-02T11:04:00+05:30,258.5,258.5,258.35,258.4,5907
2025-07-02T11:05:00+05:30,258.4,258.45,258.35,258.45,15925
2025-07-02T11:06:00+05:30,258.4,258.45,258.4,258.45,6750
2025-07-02T11:07:00+05:30,258.45,258.45,258.35,258.35,25998
2025-07-02T11:08:00+05:30,258.4,258.45,258.35,258.45,11228
2025-07-02T11:09:00+05:30,258.4,258.45,258.3,258.4,7572
2025-07-02T11:10:00+05:30,258.3,258.4,258.1,258.1,36285
2025-07-02T11:11:00+05:30,258.2,258.3,258.15,258.2,14917
2025-07-02T11:12:00+05:30,258.25,258.3,258.1,258.15,9898
2025-07-02T11:13:00+05:30,258.15,258.25,258.15,258.2,11917
2025-07-02T11:14:00+05:30,258.15,258.25,258.15,258.25,15014
2025-07-02T11:15:00+05:30,258.2,258.3,258.2,258.3,9021
2025-07-02T11:16:00+05:30,258.2,258.4,258.2,258.2,23304
2025-07-02T11:17:00+05:30,258.3,258.3,258.1,258.2,23154
2025-07-02T11:18:00+05:30,258.15,258.2,258.1,258.1,6514
2025-07-02T11:19:00+05:30,258.2,258.2,258.1,258.2,9604
2025-07-02T11:20:00+05:30,258.15,258.35,258.15,258.35,22294
2025-07-02T11:21:00+05:30,258.3,258.35,258.2,258.3,16467
2025-07-02T11:22:00+05:30,258.2,258.3,257.8,257.9,191913
2025-07-02T11:23:00+05:30,257.9,258.0,257.85,257.9,47087
2025-07-02T11:24:00+05:30,257.95,258.0,257.85,257.95,16046
2025-07-02T11:25:00+05:30,257.95,258.0,257.9,258.0,12388
2025-07-02T11:26:00+05:30,257.95,258.0,257.95,258.0,15636
2025-07-02T11:27:00+05:30,257.95,258.0,257.9,258.0,31233
2025-07-02T11:28:00+05:30,258.0,258.0,257.8,257.9,24403
2025-07-02T11:29:00+05:30,257.9,257.95,257.8,257.85,12486
2025-07-02T11:30:00+05:30,257.85,257.95,257.65,257.8,46477
2025-07-02T11:31:00+05:30,257.85,257.85,257.6,257.8,97213
2025-07-02T11:32:00+05:30,257.65,257.85,257.6,257.85,24718
2025-07-02T11:33:00+05:30,257.75,257.9,257.65,257.9,34389
2025-07-02T11:34:00+05:30,257.9,258.0,257.75,258.0,57643
2025-07-02T11:35:00+05:30,258.0,258.0,257.85,258.0,108548
2025-07-02T11:36:00+05:30,257.95,258.05,257.9,258.0,202624
2025-07-02T11:37:00+05:30,258.0,258.0,257.9,257.95,47740
2025-07-02T11:38:00+05:30,257.9,258.0,257.6,258.0,46431
2025-07-02T11:39:00+05:30,257.85,258.0,257.85,258.0,41486
2025-07-02T11:40:00+05:30,257.9,258.0,257.85,257.9,23942
2025-07-02T11:41:00+05:30,258.0,258.0,257.85,258.0,23541
2025-07-02T11:42:00+05:30,257.95,258.75,257.9,258.6,124426
2025-07-02T11:43:00+05:30,258.6,258.95,258.5,258.8,40828
2025-07-02T11:44:00+05:30,258.75,258.9,258.75,258.85,11418
2025-07-02T11:45:00+05:30,258.75,258.85,258.55,258.6,23016
2025-07-02T11:46:00+05:30,258.6,258.95,258.6,258.95,45290
2025-07-02T11:47:00+05:30,258.85,259.15,258.8,258.95,51757
2025-07-02T11:48:00+05:30,258.95,258.95,258.75,258.75,13177
2025-07-02T11:49:00+05:30,258.85,258.9,258.55,258.9,17758
2025-07-02T11:50:00+05:30,258.9,258.95,258.65,258.7,24220
2025-07-02T11:51:00+05:30,258.6,258.7,258.6,258.65,6973
2025-07-02T11:52:00+05:30,258.7,258.85,258.45,258.8,54127
2025-07-02T11:53:00+05:30,258.85,258.85,258.7,258.8,13483
2025-07-02T11:54:00+05:30,258.7,258.85,258.7,258.85,4973
2025-07-02T11:55:00+05:30,258.85,258.95,258.6,258.95,47621
2025-07-02T11:56:00+05:30,258.85,259.0,258.7,258.95,44018
2025-07-02T11:57:00+05:30,258.85,259.4,258.85,259.4,101270
2025-07-02T11:58:00+05:30,259.4,259.6,259.3,259.5,50520
2025-07-02T11:59:00+05:30,259.55,259.6,259.5,259.6,19825
2025-07-02T12:00:00+05:30,259.6,259.85,259.55,259.7,47023
2025-07-02T12:01:00+05:30,259.75,259.95,259.6,259.6,46807
2025-07-02T12:02:00+05:30,259.5,259.65,259.1,259.4,44266
2025-07-02T12:03:00+05:30,259.25,259.4,259.2,259.4,6696
2025-07-02T12:04:00+05:30,259.35,259.4,259.15,259.35,14755
2025-07-02T12:05:00+05:30,259.35,259.4,259.1,259.3,18285
2025-07-02T12:06:00+05:30,259.3,259.4,258.75,258.9,29473
2025-07-02T12:07:00+05:30,258.85,259.2,258.65,259.0,110987
2025-07-02T12:08:00+05:30,259.0,259.5,258.9,259.45,46037
2025-07-02T12:09:00+05:30,259.35,259.45,259.35,259.35,11215
2025-07-02T12:10:00+05:30,259.4,259.45,259.05,259.2,21021
2025-07-02T12:11:00+05:30,259.15,259.3,259.15,259.15,5546
2025-07-02T12:12:00+05:30,259.25,259.25,259.15,259.25,4964
2025-07-02T12:13:00+05:30,259.2,259.25,259.1,259.15,3841
2025-07-02T12:14:00+05:30,259.2,259.2,259.1,259.1,7034
2025-07-02T12:15:00+05:30,259.1,259.2,259.1,259.1,6200
2025-07-02T12:16:00+05:30,259.1,259.15,259.05,259.15,16445
2025-07-02T12:17:00+05:30,259.1,259.25,259.05,259.2,17663
2025-07-02T12:18:00+05:30,259.2,259.4,259.2,259.3,25607
2025-07-02T12:19:00+05:30,259.4,259.6,259.3,259.6,40604
2025-07-02T12:20:00+05:30,259.55,259.6,259.5,259.6,9422
2025-07-02T12:21:00+05:30,259.5,259.6,259.4,259.5,16455
2025-07-02T12:22:00+05:30,259.4,259.45,259.2,259.3,9946
2025-07-02T12:23:00+05:30,259.3,259.45,259.25,259.35,11272
2025-07-02T12:24:00+05:30,259.35,259.45,259.3,259.4,14372
2025-07-02T12:25:00+05:30,259.4,259.45,259.3,259.35,17839
2025-07-02T12:26:00+05:30,259.3,259.35,259.1,259.15,4502
2025-07-02T12:27:00+05:30,259.15,259.25,259.1,259.1,8307
2025-07-02T12:28:00+05:30,259.1,259.2,259.1,259.15,7958
2025-07-02T12:29:00+05:30,259.15,259.15,259.05,259.05,16951
2025-07-02T12:30:00+05:30,259.05,259.6,259.05,259.25,78569
2025-07-02T12:31:00+05:30,259.25,259.5,259.25,259.5,7923
2025-07-02T12:32:00+05:30,259.45,259.7,259.35,259.55,41229
2025-07-02T12:33:00+05:30,259.55,260.2,259.55,259.95,148545
2025-07-02T12:34:00+05:30,259.9,260.2,259.9,260.1,34110
2025-07-02T12:35:00+05:30,260.15,260.15,259.9,259.9,28318
2025-07-02T12:36:00+05:30,259.9,259.95,259.75,259.8,6827
2025-07-02T12:37:00+05:30,259.8,259.85,259.75,259.85,5912
2025-07-02T12:38:00+05:30,259.8,259.85,259.7,259.7,9638
2025-07-02T12:39:00+05:30,259.7,259.8,259.7,259.8,8407
2025-07-02T12:40:00+05:30,259.8,259.8,259.6,259.75,22507
2025-07-02T12:41:00+05:30,259.7,259.8,259.65,259.75,8528
2025-07-02T12:42:00+05:30,259.75,259.75,259.65,259.65,8331
2025-07-02T12:43:00+05:30,259.7,260.0,259.65,259.9,46639
2025-07-02T12:44:00+05:30,260.0,260.0,259.9,259.9,13565
2025-07-02T12:45:00+05:30,259.9,260.0,259.8,259.8,12123
2025-07-02T12:46:00+05:30,259.8,259.9,259.7,259.7,8442
2025-07-02T12:47:00+05:30,259.7,259.75,259.65,259.65,16475
2025-07-02T12:48:00+05:30,259.65,259.7,259.55,259.65,13194
2025-07-02T12:49:00+05:30,259.7,259.75,259.6,259.75,14605
2025-07-02T12:50:00+05:30,259.7,259.8,259.55,259.7,17073
2025-07-02T12:51:00+05:30,259.6,259.7,259.35,259.45,15243
2025-07-02T12:52:00+05:30,259.35,259.45,259.3,259.3,7899
2025-07-02T12:53:00+05:30,259.35,259.8,259.2,259.65,118773
2025-07-02T12:54:00+05:30,259.6,259.75,259.6,259.65,10658
2025-07-02T12:55:00+05:30,259.6,259.65,259.55,259.6,10871
2025-07-02T12:56:00+05:30,259.55,259.65,259.55,259.55,6771
2025-07-02T12:57:00+05:30,259.55,259.6,259.5,259.55,6558
2025-07-02T12:58:00+05:30,259.5,259.55,259.45,259.45,11486
2025-07-02T12:59:00+05:30,259.55,259.55,259.45,259.45,9024
2025-07-02T13:00:00+05:30,259.45,259.5,259.4,259.45,8149
2025-07-02T13:01:00+05:30,259.45,259.5,259.4,259.45,15257
2025-07-02T13:02:00+05:30,259.45,259.5,259.4,259.45,8364
2025-07-02T13:03:00+05:30,259.4,259.45,259.35,259.35,10324
2025-07-02T13:04:00+05:30,259.45,259.45,259.35,259.35,11292
2025-07-02T13:05:00+05:30,259.35,259.4,259.25,259.25,7904
2025-07-02T13:06:00+05:30,259.25,259.35,259.2,259.2,15716
2025-07-02T13:07:00+05:30,259.2,259.4,259.2,259.35,11679
2025-07-02T13:08:00+05:30,259.4,259.4,259.3,259.35,4836
2025-07-02T13:09:00+05:30,259.3,259.4,259.2,259.2,12358
2025-07-02T13:10:00+05:30,259.3,259.35,259.2,259.3,12985
2025-07-02T13:11:00+05:30,259.3,259.3,259.2,259.2,6117
2025-07-02T13:12:00+05:30,259.2,259.3,259.2,259.3,10697
2025-07-02T13:13:00+05:30,259.3,259.3,259.15,259.15,12419
2025-07-02T13:14:00+05:30,259.25,259.25,259.1,259.1,6062
2025-07-02T13:15:00+05:30,259.1,259.15,259.0,259.0,19113
2025-07-02T13:16:00+05:30,259.05,259.1,259.0,259.05,9123
2025-07-02T13:17:00+05:30,259.0,259.1,259.0,259.0,9526
2025-07-02T13:18:00+05:30,259.0,259.1,259.0,259.05,9528
2025-07-02T13:19:00+05:30,259.05,259.1,259.0,259.0,9938
2025-07-02T13:20:00+05:30,259.1,259.1,258.95,259.05,38534
2025-07-02T13:21:00+05:30,259.0,259.2,259.0,259.2,19346
2025-07-02T13:22:00+05:30,259.2,259.25,259.1,259.2,16407
2025-07-02T13:23:00+05:30,259.25,259.25,259.0,259.0,18347
2025-07-02T13:24:00+05:30,259.1,259.2,259.0,259.2,18800
2025-07-02T13:25:00+05:30,259.2,259.25,259.1,259.2,5763
2025-07-02T13:26:00+05:30,259.25,259.25,259.15,259.2,7557
2025-07-02T13:27:00+05:30,259.2,259.25,259.1,259.2,19565
2025-07-02T13:28:00+05:30,259.2,259.25,259.1,259.15,6979
2025-07-02T13:29:00+05:30,259.1,259.2,259.1,259.2,7904
2025-07-02T13:30:00+05:30,259.15,259.2,258.85,259.05,72067
2025-07-02T13:31:00+05:30,259.1,259.15,259.0,259.1,14732
2025-07-02T13:32:00+05:30,259.1,259.3,259.0,259.25,33340
2025-07-02T13:33:00+05:30,259.25,259.3,259.2,259.3,15952
2025-07-02T13:34:00+05:30,259.25,259.35,259.2,259.35,19800
2025-07-02T13:35:00+05:30,259.35,259.6,259.3,259.5,23627
2025-07-02T13:36:00+05:30,259.5,259.55,259.4,259.45,15816
2025-07-02T13:37:00+05:30,259.5,259.55,259.4,259.5,7361
2025-07-02T13:38:00+05:30,259.45,259.5,259.4,259.45,7284
2025-07-02T13:39:00+05:30,259.45,259.5,259.35,259.4,10183
2025-07-02T13:40:00+05:30,259.4,259.45,259.4,259.45,9593
2025-07-02T13:41:00+05:30,259.45,259.55,259.35,259.55,16194
2025-07-02T13:42:00+05:30,259.5,259.55,259.4,259.5,20796
2025-07-02T13:43:00+05:30,259.55,259.6,259.5,259.55,9684
2025-07-02T13:44:00+05:30,259.6,259.6,259.5,259.5,10864
2025-07-02T13:45:00+05:30,259.5,259.6,259.45,259.45,8631
2025-07-02T13:46:00+05:30,259.45,259.5,259.4,259.5,14619
2025-07-02T13:47:00+05:30,259.5,259.5,259.25,259.4,17774
2025-07-02T13:48:00+05:30,259.35,259.55,259.25,259.5,31648
2025-07-02T13:49:00+05:30,259.5,259.5,259.4,259.5,10215
2025-07-02T13:50:00+05:30,259.45,259.7,259.45,259.6,37977
2025-07-02T13:51:00+05:30,259.6,259.65,259.6,259.6,6956
2025-07-02T13:52:00+05:30,259.65,259.7,259.6,259.7,21870
2025-07-02T13:53:00+05:30,259.7,259.7,259.6,259.65,13572
2025-07-02T13:54:00+05:30,259.65,259.7,259.6,259.65,14308
2025-07-02T13:55:00+05:30,259.6,259.7,259.55,259.7,7908
2025-07-02T13:56:00+05:30,259.65,260.4,259.5,260.3,161356
2025-07-02T13:57:00+05:30,260.4,260.7,260.3,260.7,99589
2025-07-02T13:58:00+05:30,260.7,260.85,260.6,260.7,28641
2025-07-02T13:59:00+05:30,260.75,261.25,260.7,261.1,157695
2025-07-02T14:00:00+05:30,261.0,261.1,260.6,260.65,36141
2025-07-02T14:01:00+05:30,260.65,260.75,260.6,260.65,13008
2025-07-02T14:02:00+05:30,260.65,260.7,260.55,260.65,11966
2025-07-02T14:03:00+05:30,260.55,260.65,260.5,260.55,27280
2025-07-02T14:04:00+05:30,260.6,260.65,260.5,260.5,24162
2025-07-02T14:05:00+05:30,260.6,260.6,260.4,260.5,27328
2025-07-02T14:06:00+05:30,260.45,260.5,260.35,260.4,14436
2025-07-02T14:07:00+05:30,260.45,260.45,260.3,260.3,24027
2025-07-02T14:08:00+05:30,260.35,260.4,260.3,260.35,19020
2025-07-02T14:09:00+05:30,260.35,260.4,260.35,260.35,12683
2025-07-02T14:10:00+05:30,260.4,260.5,260.3,260.3,80250
2025-07-02T14:11:00+05:30,260.35,260.45,260.3,260.4,22780
2025-07-02T14:12:00+05:30,260.35,260.45,260.35,260.4,17343
2025-07-02T14:13:00+05:30,260.45,260.45,260.35,260.35,13339
2025-07-02T14:14:00+05:30,260.4,260.45,260.1,260.2,38564
2025-07-02T14:15:00+05:30,260.15,260.3,260.1,260.25,22402
2025-07-02T14:16:00+05:30,260.25,260.3,260.05,260.15,14076
2025-07-02T14:17:00+05:30,260.25,260.35,260.15,260.3,21216
2025-07-02T14:18:00+05:30,260.35,260.4,260.25,260.35,11289
2025-07-02T14:19:00+05:30,260.4,260.4,260.3,260.35,9544
2025-07-02T14:20:00+05:30,260.4,260.4,260.35,260.4,10236
2025-07-02T14:21:00+05:30,260.35,260.4,260.25,260.25,30195
2025-07-02T14:22:00+05:30,260.35,260.5,260.3,260.45,24387
2025-07-02T14:23:00+05:30,260.45,260.5,260.3,260.35,47929
2025-07-02T14:24:00+05:30,260.35,260.5,260.3,260.4,36451
2025-07-02T14:25:00+05:30,260.4,260.4,260.15,260.15,9993
2025-07-02T14:26:00+05:30,260.25,260.3,260.15,260.2,11837
2025-07-02T14:27:00+05:30,260.15,260.2,260.0,260.15,32222
2025-07-02T14:28:00+05:30,260.2,260.2,260.1,260.1,6470
2025-07-02T14:29:00+05:30,260.2,260.2,260.05,260.1,10157
2025-07-02T14:30:00+05:30,260.1,260.35,260.1,260.3,39693
2025-07-02T14:31:00+05:30,260.3,260.3,260.25,260.25,9240
2025-07-02T14:32:00+05:30,260.3,260.3,260.25,260.25,9559
2025-07-02T14:33:00+05:30,260.25,260.3,260.25,260.3,7839
2025-07-02T14:34:00+05:30,260.25,260.3,260.05,260.15,25726
2025-07-02T14:35:00+05:30,260.15,260.15,260.05,260.15,8024
2025-07-02T14:36:00+05:30,260.1,260.15,260.05,260.1,9308
2025-07-02T14:37:00+05:30,260.1,260.1,260.0,260.05,13275
2025-07-02T14:38:00+05:30,260.05,260.1,260.0,260.0,13709
2025-07-02T14:39:00+05:30,260.0,260.05,260.0,260.05,14764
2025-07-02T14:40:00+05:30,260.05,260.05,259.85,259.95,25710
2025-07-02T14:41:00+05:30,259.9,260.2,259.75,260.0,126824
2025-07-02T14:42:00+05:30,260.0,260.2,259.85,260.1,77204
2025-07-02T14:43:00+05:30,260.1,260.15,260.0,260.15,23531
2025-07-02T14:44:00+05:30,260.15,260.35,260.15,260.35,46626
2025-07-02T14:45:00+05:30,260.25,260.35,260.1,260.15,23584
2025-07-02T14:46:00+05:30,260.15,260.25,260.05,260.15,20271
2025-07-02T14:47:00+05:30,260.15,260.25,260.05,260.25,25031
2025-07-02T14:48:00+05:30,260.25,260.25,260.1,260.2,12182
2025-07-02T14:49:00+05:30,260.2,260.2,260.0,260.1,19762
2025-07-02T14:50:00+05:30,260.15,260.15,260.0,260.05,12856
2025-07-02T14:51:00+05:30,260.0,260.1,259.9,260.05,21246
2025-07-02T14:52:00+05:30,260.05,260.15,259.9,260.15,29194
2025-07-02T14:53:00+05:30,260.15,260.15,260.05,260.15,10056
2025-07-02T14:54:00+05:30,260.1,260.15,259.95,260.0,34119
2025-07-02T14:55:00+05:30,260.0,260.1,259.8,259.8,87091
2025-07-02T14:56:00+05:30,259.85,259.9,259.45,259.8,243185
2025-07-02T14:57:00+05:30,259.75,259.95,259.4,259.5,521512
2025-07-02T14:58:00+05:30,259.5,259.9,259.45,259.9,179569
2025-07-02T14:59:00+05:30,259.85,259.95,259.8,259.85,46146
2025-07-02T15:00:00+05:30,259.85,259.85,259.55,259.6,150768
2025-07-02T15:01:00+05:30,259.65,259.95,259.5,259.65,247931
2025-07-02T15:02:00+05:30,259.7,259.75,259.65,259.75,59200
2025-07-02T15:03:00+05:30,259.7,259.75,259.7,259.75,50064
2025-07-02T15:04:00+05:30,259.75,259.75,259.65,259.75,111891
2025-07-02T15:05:00+05:30,259.75,259.75,259.7,259.75,60436
2025-07-02T15:06:00+05:30,259.75,259.75,259.7,259.75,55428
2025-07-02T15:07:00+05:30,259.75,259.75,259.7,259.75,56825
2025-07-02T15:08:00+05:30,259.75,260.0,259.7,259.85,200906
2025-07-02T15:09:00+05:30,259.85,259.85,259.8,259.85,53459
2025-07-02T15:10:00+05:30,259.85,259.85,259.75,259.8,86618
2025-07-02T15:11:00+05:30,259.8,259.8,259.6,259.65,97577
2025-07-02T15:12:00+05:30,259.65,259.65,259.6,259.6,52217
2025-07-02T15:13:00+05:30,259.65,259.65,259.6,259.6,61835
2025-07-02T15:14:00+05:30,259.65,259.65,259.5,259.55,113834
2025-07-02T15:15:00+05:30,259.6,259.65,259.55,259.65,101484
2025-07-02T15:16:00+05:30,259.65,259.65,259.45,259.55,91385
2025-07-02T15:17:00+05:30,259.55,259.8,259.5,259.8,123689
2025-07-02T15:18:00+05:30,259.8,259.85,259.6,259.85,117091
2025-07-02T15:19:00+05:30,259.85,259.85,259.7,259.75,68017
2025-07-02T15:20:00+05:30,259.75,260.05,259.7,260.05,194796
2025-07-02T15:21:00+05:30,260.05,260.05,259.5,259.7,128565
2025-07-02T15:22:00+05:30,259.7,259.75,259.65,259.75,40465
2025-07-02T15:23:00+05:30,259.75,259.75,259.7,259.75,49915
2025-07-02T15:24:00+05:30,259.75,259.95,259.7,259.9,115342
2025-07-02T15:25:00+05:30,259.9,260.05,259.85,260.05,88323
2025-07-02T15:26:00+05:30,260.05,260.3,260.0,260.25,76760
2025-07-02T15:27:00+05:30,260.3,260.5,260.0,260.15,114476
2025-07-02T15:28:00+05:30,260.05,260.45,260.0,260.2,67240
2025-07-02T15:29:00+05:30,260.2,260.3,260.0,260.0,30761
2025-07-03T09:15:00+05:30,260.2,263.4,260.1,262.75,543670
2025-07-03T09:16:00+05:30,262.75,263.8,262.5,263.65,323500
2025-07-03T09:17:00+05:30,263.8,264.25,263.5,263.9,329380
2025-07-03T09:18:00+05:30,263.8,264.0,263.15,263.25,120142
2025-07-03T09:19:00+05:30,263.25,263.8,263.2,263.7,94108
2025-07-03T09:20:00+05:30,263.75,264.3,263.6,264.2,256640
2025-07-03T09:21:00+05:30,264.2,264.2,263.25,263.55,181761
2025-07-03T09:22:00+05:30,263.5,263.6,262.55,262.85,221848
2025-07-03T09:23:00+05:30,262.85,263.0,262.2,262.25,88215
2025-07-03T09:24:00+05:30,262.15,262.3,261.7,262.1,174177
2025-07-03T09:25:00+05:30,262.1,262.45,262.0,262.05,120930
2025-07-03T09:26:00+05:30,262.15,262.15,261.5,261.5,152310
2025-07-03T09:27:00+05:30,261.6,261.7,261.05,261.15,107109
2025-07-03T09:28:00+05:30,261.15,261.3,260.75,260.75,107654
2025-07-03T09:29:00+05:30,260.85,260.9,260.55,260.8,92275
2025-07-03T09:30:00+05:30,260.8,260.9,260.6,260.85,101333
2025-07-03T09:31:00+05:30,260.75,261.15,260.7,261.15,60294
2025-07-03T09:32:00+05:30,261.15,261.3,261.0,261.3,55683
2025-07-03T09:33:00+05:30,261.3,261.45,260.9,261.15,160523
2025-07-03T09:34:00+05:30,261.15,261.3,260.9,261.05,59318
2025-07-03T09:35:00+05:30,261.2,261.4,260.9,261.25,51659
2025-07-03T09:36:00+05:30,261.25,261.5,260.9,261.0,62267
2025-07-03T09:37:00+05:30,261.0,261.3,261.0,261.05,36454
2025-07-03T09:38:00+05:30,261.05,261.2,260.8,261.0,28330
2025-07-03T09:39:00+05:30,260.9,260.9,260.7,260.7,31469
2025-07-03T09:40:00+05:30,260.8,260.8,260.5,260.5,58827
2025-07-03T09:41:00+05:30,260.55,260.7,260.5,260.6,21557
2025-07-03T09:42:00+05:30,260.7,260.7,260.5,260.65,38212
2025-07-03T09:43:00+05:30,260.6,260.65,260.3,260.65,120852
2025-07-03T09:44:00+05:30,260.65,260.65,260.5,260.55,6652
2025-07-03T09:45:00+05:30,260.55,260.65,260.15,260.5,57816
2025-07-03T09:46:00+05:30,260.45,260.55,260.25,260.25,19186
2025-07-03T09:47:00+05:30,260.3,260.4,260.2,260.25,33930
2025-07-03T09:48:00+05:30,260.3,260.4,260.05,260.3,134975
2025-07-03T09:49:00+05:30,260.4,260.5,260.2,260.3,41389
2025-07-03T09:50:00+05:30,260.45,260.7,260.3,260.55,52508
2025-07-03T09:51:00+05:30,260.7,260.7,260.0,260.3,285032
2025-07-03T09:52:00+05:30,260.3,260.5,260.3,260.35,21839
2025-07-03T09:53:00+05:30,260.45,260.45,260.3,260.4,13447
2025-07-03T09:54:00+05:30,260.35,260.95,260.35,260.9,48949
2025-07-03T09:55:00+05:30,260.85,261.15,260.65,261.05,61358
2025-07-03T09:56:00+05:30,261.05,261.1,260.8,261.0,44396
2025-07-03T09:57:00+05:30,261.05,261.35,261.05,261.1,27357
2025-07-03T09:58:00+05:30,261.1,261.35,261.05,261.25,27585
2025-07-03T09:59:00+05:30,261.25,261.4,261.0,261.15,69811
2025-07-03T10:00:00+05:30,261.15,261.35,261.1,261.1,16762
2025-07-03T10:01:00+05:30,261.3,261.3,261.1,261.1,35271
2025-07-03T10:02:00+05:30,261.1,261.2,260.8,260.85,56899
2025-07-03T10:03:00+05:30,260.85,261.15,260.8,261.05,40981
2025-07-03T10:04:00+05:30,261.05,261.15,260.85,261.0,11867
2025-07-03T10:05:00+05:30,261.0,261.15,260.85,260.95,20158
2025-07-03T10:06:00+05:30,260.85,261.2,260.7,261.1,54586
2025-07-03T10:07:00+05:30,261.1,261.25,261.1,261.25,16972
2025-07-03T10:08:00+05:30,261.1,261.25,261.05,261.1,10196
2025-07-03T10:09:00+05:30,261.1,261.25,261.1,261.15,4993
2025-07-03T10:10:00+05:30,261.2,261.25,261.0,261.1,44073
2025-07-03T10:11:00+05:30,261.1,261.35,261.1,261.15,43625
2025-07-03T10:12:00+05:30,261.15,261.5,261.15,261.4,49536
2025-07-03T10:13:00+05:30,261.4,261.5,261.2,261.35,25888
2025-07-03T10:14:00+05:30,261.35,261.45,261.15,261.35,27809
2025-07-03T10:15:00+05:30,261.25,261.45,261.15,261.2,24900
2025-07-03T10:16:00+05:30,261.2,261.35,261.15,261.2,28807
2025-07-03T10:17:00+05:30,261.2,261.35,261.2,261.2,6815
2025-07-03T10:18:00+05:30,261.3,261.35,261.2,261.3,11476
2025-07-03T10:19:00+05:30,261.3,261.3,261.0,261.0,14393
2025-07-03T10:20:00+05:30,261.0,261.1,261.0,261.0,18931
2025-07-03T10:21:00+05:30,261.0,261.1,260.85,260.85,41879
2025-07-03T10:22:00+05:30,260.85,261.25,260.85,261.1,27495
2025-07-03T10:23:00+05:30,261.1,261.35,261.05,261.2,25383
2025-07-03T10:24:00+05:30,261.2,261.4,261.2,261.3,7694
2025-07-03T10:25:00+05:30,261.3,261.4,261.2,261.4,41098
2025-07-03T10:26:00+05:30,261.4,261.4,261.2,261.2,13969
2025-07-03T10:27:00+05:30,261.4,261.4,261.2,261.35,18494
2025-07-03T10:28:00+05:30,261.35,261.4,261.35,261.35,4683
2025-07-03T10:29:00+05:30,261.35,261.35,261.2,261.3,5761
2025-07-03T10:30:00+05:30,261.3,261.5,261.25,261.35,20191
2025-07-03T10:31:00+05:30,261.35,261.5,261.35,261.4,8171
2025-07-03T10:32:00+05:30,261.5,261.65,261.4,261.45,25626
2025-07-03T10:33:00+05:30,261.45,261.5,261.3,261.35,25496
2025-07-03T10:34:00+05:30,261.4,261.5,261.35,261.4,16264
2025-07-03T10:35:00+05:30,261.4,261.4,261.25,261.3,12625
2025-07-03T10:36:00+05:30,261.3,261.45,261.25,261.3,7531
2025-07-03T10:37:00+05:30,261.3,261.45,261.3,261.3,17572
2025-07-03T10:38:00+05:30,261.3,261.4,261.1,261.2,26050
2025-07-03T10:39:00+05:30,261.2,261.25,261.1,261.1,9116
2025-07-03T10:40:00+05:30,261.1,261.25,261.0,261.15,39311
2025-07-03T10:41:00+05:30,261.0,261.15,261.0,261.05,8899
2025-07-03T10:42:00+05:30,261.05,261.2,261.05,261.1,8617
2025-07-03T10:43:00+05:30,261.1,261.1,261.0,261.0,52399
2025-07-03T10:44:00+05:30,261.0,261.8,261.0,261.6,323249
2025-07-03T10:45:00+05:30,261.6,261.7,261.5,261.5,24567
2025-07-03T10:46:00+05:30,261.5,261.7,261.2,261.55,193480
2025-07-03T10:47:00+05:30,261.55,261.8,261.5,261.6,139497
2025-07-03T10:48:00+05:30,261.75,261.8,261.5,261.8,134599
2025-07-03T10:49:00+05:30,261.75,261.85,261.75,261.8,31579
2025-07-03T10:50:00+05:30,261.75,261.8,261.35,261.4,95698
2025-07-03T10:51:00+05:30,261.4,261.75,261.3,261.35,360881
2025-07-03T10:52:00+05:30,261.35,261.5,261.35,261.35,11006
2025-07-03T10:53:00+05:30,261.35,261.5,261.3,261.4,19043
2025-07-03T10:54:00+05:30,261.4,261.45,261.3,261.35,19099
2025-07-03T10:55:00+05:30,261.35,261.45,261.3,261.3,8607
2025-07-03T10:56:00+05:30,261.3,261.4,261.3,261.35,16840
2025-07-03T10:57:00+05:30,261.35,261.35,261.1,261.1,20171
2025-07-03T10:58:00+05:30,261.1,261.15,261.0,261.05,30247
2025-07-03T10:59:00+05:30,261.05,261.15,261.0,261.05,12981
2025-07-03T11:00:00+05:30,261.15,261.45,261.05,261.3,22069
2025-07-03T11:01:00+05:30,261.3,261.4,261.3,261.3,6920
2025-07-03T11:02:00+05:30,261.3,261.35,261.1,261.15,15166
2025-07-03T11:03:00+05:30,261.15,261.35,261.15,261.3,8284
2025-07-03T11:04:00+05:30,261.25,261.35,261.2,261.3,4008
2025-07-03T11:05:00+05:30,261.35,261.35,261.15,261.15,8826
2025-07-03T11:06:00+05:30,261.15,261.3,261.1,261.15,8873
2025-07-03T11:07:00+05:30,261.15,261.3,261.15,261.3,5883
2025-07-03T11:08:00+05:30,261.25,261.35,261.25,261.25,12423
2025-07-03T11:09:00+05:30,261.3,261.4,261.25,261.25,4983
2025-07-03T11:10:00+05:30,261.25,261.4,261.25,261.3,12785
2025-07-03T11:11:00+05:30,261.3,261.45,261.3,261.3,6360
2025-07-03T11:12:00+05:30,261.3,261.4,261.3,261.4,9633
2025-07-03T11:13:00+05:30,261.3,261.35,261.25,261.25,12743
2025-07-03T11:14:00+05:30,261.3,261.35,261.2,261.3,14779
2025-07-03T11:15:00+05:30,261.35,261.45,261.3,261.35,17164
2025-07-03T11:16:00+05:30,261.35,261.5,261.35,261.4,23632
2025-07-03T11:17:00+05:30,261.45,261.7,261.2,261.2,82568
2025-07-03T11:18:00+05:30,261.2,261.45,261.2,261.4,14054
2025-07-03T11:19:00+05:30,261.4,261.45,261.15,261.2,8432
2025-07-03T11:20:00+05:30,261.2,261.3,261.1,261.15,9466
2025-07-03T11:21:00+05:30,261.1,261.7,261.0,261.7,42269
2025-07-03T11:22:00+05:30,261.55,262.45,261.45,262.25,513480
2025-07-03T11:23:00+05:30,262.25,262.8,262.2,262.25,126893
2025-07-03T11:24:00+05:30,262.25,262.3,262.2,262.25,27093
2025-07-03T11:25:00+05:30,262.3,262.5,262.25,262.4,27477
2025-07-03T11:26:00+05:30,262.4,262.5,262.3,262.4,33225
2025-07-03T11:27:00+05:30,262.4,262.7,262.35,262.5,57393
2025-07-03T11:28:00+05:30,262.5,263.1,262.3,262.9,699546
2025-07-03T11:29:00+05:30,263.05,263.1,262.85,263.0,183208
2025-07-03T11:30:00+05:30,262.9,263.15,262.8,263.1,163114
2025-07-03T11:31:00+05:30,263.05,263.1,262.9,263.0,60747
2025-07-03T11:32:00+05:30,263.0,263.15,262.9,263.0,82650
2025-07-03T11:33:00+05:30,263.0,263.05,262.95,263.0,40859
2025-07-03T11:34:00+05:30,263.0,263.1,262.55,262.55,36677
2025-07-03T11:35:00+05:30,262.55,262.75,262.55,262.65,20845
2025-07-03T11:36:00+05:30,262.65,262.75,262.6,262.6,18950
2025-07-03T11:37:00+05:30,262.6,262.8,262.3,262.8,79114
2025-07-03T11:38:00+05:30,262.75,262.8,262.4,262.5,76192
2025-07-03T11:39:00+05:30,262.5,262.8,262.25,262.7,72979
2025-07-03T11:40:00+05:30,262.7,262.85,262.5,262.5,104143
2025-07-03T11:41:00+05:30,262.5,262.7,262.25,262.25,75973
2025-07-03T11:42:00+05:30,262.25,262.3,262.0,262.15,81112
2025-07-03T11:43:00+05:30,262.2,262.4,262.0,262.35,61050
2025-07-03T11:44:00+05:30,262.2,262.65,262.05,262.1,115378
2025-07-03T11:45:00+05:30,262.2,262.45,262.05,262.2,102670
2025-07-03T11:46:00+05:30,262.25,262.25,262.1,262.1,12829
2025-07-03T11:47:00+05:30,262.1,262.15,262.0,262.1,78282
2025-07-03T11:48:00+05:30,262.1,262.15,262.0,262.05,41711
2025-07-03T11:49:00+05:30,262.05,262.15,262.0,262.1,23110
2025-07-03T11:50:00+05:30,262.1,262.1,262.05,262.05,6438
2025-07-03T11:51:00+05:30,262.1,262.2,262.05,262.15,25446
2025-07-03T11:52:00+05:30,262.15,262.35,262.15,262.25,7909
2025-07-03T11:53:00+05:30,262.35,262.35,262.2,262.25,11204
2025-07-03T11:54:00+05:30,262.35,262.4,262.25,262.25,3791
2025-07-03T11:55:00+05:30,262.3,262.45,262.25,262.35,16095
2025-07-03T11:56:00+05:30,262.4,262.45,262.3,262.4,11563
2025-07-03T11:57:00+05:30,262.4,262.45,262.35,262.4,4225
2025-07-03T11:58:00+05:30,262.4,262.45,262.35,262.35,11594
2025-07-03T11:59:00+05:30,262.4,262.4,262.2,262.3,23683
2025-07-03T12:00:00+05:30,262.3,262.35,262.2,262.25,13031
2025-07-03T12:01:00+05:30,262.25,262.35,262.2,262.2,19839
2025-07-03T12:02:00+05:30,262.2,262.25,262.0,262.15,58099
2025-07-03T12:03:00+05:30,262.2,262.25,262.15,262.2,5139
2025-07-03T12:04:00+05:30,262.25,262.25,262.15,262.15,7574
2025-07-03T12:05:00+05:30,262.2,262.3,262.15,262.25,4295
2025-07-03T12:06:00+05:30,262.25,262.35,262.1,262.15,15778
2025-07-03T12:07:00+05:30,262.25,262.4,261.8,262.35,208251
2025-07-03T12:08:00+05:30,262.4,262.6,262.0,262.25,194526
2025-07-03T12:09:00+05:30,262.3,262.3,262.05,262.05,18389
2025-07-03T12:10:00+05:30,262.05,262.2,262.0,262.1,9785
2025-07-03T12:11:00+05:30,262.1,262.2,262.0,262.0,12036
2025-07-03T12:12:00+05:30,262.15,262.15,262.0,262.0,46835
2025-07-03T12:13:00+05:30,262.05,262.1,262.0,262.0,46760
2025-07-03T12:14:00+05:30,262.0,262.1,262.0,262.0,18348
2025-07-03T12:15:00+05:30,262.05,262.2,261.75,262.0,132617
2025-07-03T12:16:00+05:30,262.0,262.15,262.0,262.1,12231
2025-07-03T12:17:00+05:30,262.15,262.2,262.0,262.05,16945
2025-07-03T12:18:00+05:30,262.1,262.1,262.0,262.0,21903
2025-07-03T12:19:00+05:30,262.0,262.05,261.85,261.95,23591
2025-07-03T12:20:00+05:30,261.95,262.0,261.9,261.95,214778
2025-07-03T12:21:00+05:30,261.95,262.0,261.4,261.5,91427
2025-07-03T12:22:00+05:30,261.4,261.7,261.4,261.6,40312
2025-07-03T12:23:00+05:30,261.6,261.7,261.55,261.65,9048
2025-07-03T12:24:00+05:30,261.65,261.8,261.65,261.75,5967
2025-07-03T12:25:00+05:30,261.75,261.8,261.65,261.65,14123
2025-07-03T12:26:00+05:30,261.75,261.75,261.65,261.65,12296
2025-07-03T12:27:00+05:30,261.65,261.75,261.65,261.65,13017
2025-07-03T12:28:00+05:30,261.7,261.9,261.65,261.75,15271
2025-07-03T12:29:00+05:30,261.9,262.0,261.75,261.8,59218
2025-07-03T12:30:00+05:30,261.85,261.95,261.8,261.8,14047
2025-07-03T12:31:00+05:30,261.8,261.95,261.8,261.9,13437
2025-07-03T12:32:00+05:30,261.9,262.0,261.8,261.9,20023
2025-07-03T12:33:00+05:30,261.9,261.95,261.8,261.95,19574
2025-07-03T12:34:00+05:30,261.9,262.0,261.85,261.95,7597
2025-07-03T12:35:00+05:30,261.95,262.15,261.9,262.1,13998
2025-07-03T12:36:00+05:30,262.15,262.2,262.0,262.0,8212
2025-07-03T12:37:00+05:30,262.1,262.1,261.9,261.9,14876
2025-07-03T12:38:00+05:30,261.9,262.1,261.9,262.0,3546
2025-07-03T12:39:00+05:30,262.0,262.05,262.0,262.0,6056
2025-07-03T12:40:00+05:30,262.05,262.15,262.0,262.1,9036
2025-07-03T12:41:00+05:30,262.1,262.35,262.0,262.15,69027
2025-07-03T12:42:00+05:30,262.1,262.2,262.0,262.0,16965
2025-07-03T12:43:00+05:30,262.05,262.15,262.0,262.05,7306
2025-07-03T12:44:00+05:30,262.0,262.25,262.0,262.15,25355
2025-07-03T12:45:00+05:30,262.05,262.25,262.0,262.15,22014
2025-07-03T12:46:00+05:30,262.15,262.25,262.1,262.2,6344
2025-07-03T12:47:00+05:30,262.2,262.35,262.15,262.3,16512
2025-07-03T12:48:00+05:30,262.3,262.35,262.25,262.25,7793
2025-07-03T12:49:00+05:30,262.25,262.35,262.2,262.25,14935
2025-07-03T12:50:00+05:30,262.25,262.25,262.15,262.15,9469
2025-07-03T12:51:00+05:30,262.2,262.45,262.15,262.35,52624
2025-07-03T12:52:00+05:30,262.4,262.5,262.25,262.3,20203
2025-07-03T12:53:00+05:30,262.25,262.4,262.25,262.3,15708
2025-07-03T12:54:00+05:30,262.35,262.5,262.3,262.45,25731
2025-07-03T12:55:00+05:30,262.45,262.5,262.35,262.35,35301
2025-07-03T12:56:00+05:30,262.45,262.45,262.35,262.45,12737
2025-07-03T12:57:00+05:30,262.45,262.45,262.35,262.35,8184
2025-07-03T12:58:00+05:30,262.35,262.4,262.25,262.25,8014
2025-07-03T12:59:00+05:30,262.25,262.3,262.15,262.15,34394
2025-07-03T13:00:00+05:30,262.25,262.25,262.15,262.15,4637
2025-07-03T13:01:00+05:30,262.2,262.2,261.95,262.05,40154
2025-07-03T13:02:00+05:30,262.05,262.15,262.0,262.05,11438
2025-07-03T13:03:00+05:30,262.05,262.2,262.0,262.15,6715
2025-07-03T13:04:00+05:30,262.2,262.2,262.1,262.15,7824
2025-07-03T13:05:00+05:30,262.2,262.25,262.05,262.2,18773
2025-07-03T13:06:00+05:30,262.25,262.3,262.1,262.15,22612
2025-07-03T13:07:00+05:30,262.15,262.4,262.1,262.2,132428
2025-07-03T13:08:00+05:30,262.3,262.4,262.2,262.35,61029
2025-07-03T13:09:00+05:30,262.35,262.4,262.2,262.3,15342
2025-07-03T13:10:00+05:30,262.4,262.4,262.25,262.35,7220
2025-07-03T13:11:00+05:30,262.35,262.35,262.2,262.2,17018
2025-07-03T13:12:00+05:30,262.2,262.4,262.2,262.35,4641
2025-07-03T13:13:00+05:30,262.35,262.4,262.2,262.35,12510
2025-07-03T13:14:00+05:30,262.4,262.4,262.25,262.35,6973
2025-07-03T13:15:00+05:30,262.35,262.4,262.3,262.3,7839
2025-07-03T13:16:00+05:30,262.4,262.4,262.0,262.0,28822
2025-07-03T13:17:00+05:30,262.0,262.1,261.9,262.1,16779
2025-07-03T13:18:00+05:30,262.05,262.35,262.0,262.25,8653
2025-07-03T13:19:00+05:30,262.3,262.3,262.2,262.2,13823
2025-07-03T13:20:00+05:30,262.2,262.3,262.15,262.15,9352
2025-07-03T13:21:00+05:30,262.25,262.25,262.15,262.15,5583
2025-07-03T13:22:00+05:30,262.15,262.25,262.15,262.2,5005
2025-07-03T13:23:00+05:30,262.2,262.25,262.15,262.2,12985
2025-07-03T13:24:00+05:30,262.25,262.25,262.1,262.2,11498
2025-07-03T13:25:00+05:30,262.2,262.4,262.2,262.3,5612
2025-07-03T13:26:00+05:30,262.35,262.4,262.25,262.3,14286
2025-07-03T13:27:00+05:30,262.3,262.4,262.2,262.35,20128
2025-07-03T13:28:00+05:30,262.4,262.4,262.35,262.35,5997
2025-07-03T13:29:00+05:30,262.35,262.4,262.35,262.4,11859
2025-07-03T13:30:00+05:30,262.35,262.45,262.35,262.4,9629
2025-07-03T13:31:00+05:30,262.4,262.45,262.3,262.35,13713
2025-07-03T13:32:00+05:30,262.35,262.4,262.3,262.35,10525
2025-07-03T13:33:00+05:30,262.35,262.7,262.35,262.5,74133
2025-07-03T13:34:00+05:30,262.5,262.8,262.45,262.7,24308
2025-07-03T13:35:00+05:30,262.75,263.25,262.6,263.2,194120
2025-07-03T13:36:00+05:30,263.2,263.25,263.1,263.15,26364
2025-07-03T13:37:00+05:30,263.15,263.25,262.9,263.0,25765
2025-07-03T13:38:00+05:30,263.0,263.15,262.9,263.1,41027
2025-07-03T13:39:00+05:30,263.1,263.25,263.05,263.2,55390
2025-07-03T13:40:00+05:30,263.1,263.4,263.05,263.4,66910
2025-07-03T13:41:00+05:30,263.4,263.4,263.25,263.35,29570
2025-07-03T13:42:00+05:30,263.35,263.4,263.2,263.2,19179
2025-07-03T13:43:00+05:30,263.3,263.35,263.2,263.25,29139
2025-07-03T13:44:00+05:30,263.25,263.4,263.25,263.35,13745
2025-07-03T13:45:00+05:30,263.35,263.45,263.3,263.35,21787
2025-07-03T13:46:00+05:30,263.4,263.45,263.2,263.3,12339
2025-07-03T13:47:00+05:30,263.2,263.3,263.0,263.05,33022
2025-07-03T13:48:00+05:30,263.05,263.15,262.9,262.9,28332
2025-07-03T13:49:00+05:30,262.9,263.0,262.7,262.85,51714
2025-07-03T13:50:00+05:30,262.85,262.9,262.55,262.7,32305
2025-07-03T13:51:00+05:30,262.7,262.85,262.6,262.7,9919
2025-07-03T13:52:00+05:30,262.75,262.8,262.6,262.65,20523
2025-07-03T13:53:00+05:30,262.65,262.9,262.65,262.85,10613
2025-07-03T13:54:00+05:30,262.85,263.0,262.85,263.0,18420
2025-07-03T13:55:00+05:30,263.0,263.0,262.9,262.95,16303
2025-07-03T13:56:00+05:30,262.95,263.0,262.85,262.9,7564
2025-07-03T13:57:00+05:30,262.9,262.9,262.45,262.5,70622
2025-07-03T13:58:00+05:30,262.55,262.8,262.5,262.75,15978
2025-07-03T13:59:00+05:30,262.8,262.8,262.6,262.6,10889
2025-07-03T14:00:00+05:30,262.6,262.8,262.6,262.75,18874
2025-07-03T14:01:00+05:30,262.75,262.9,262.7,262.85,18400
2025-07-03T14:02:00+05:30,262.85,262.85,262.7,262.75,8315
2025-07-03T14:03:00+05:30,262.75,262.8,262.7,262.75,19358
2025-07-03T14:04:00+05:30,262.75,262.8,262.7,262.75,9399
2025-07-03T14:05:00+05:30,262.8,262.85,262.75,262.8,17132
2025-07-03T14:06:00+05:30,262.8,262.85,262.65,262.7,10589
2025-07-03T14:07:00+05:30,262.7,262.7,262.65,262.65,6514
2025-07-03T14:08:00+05:30,262.65,262.7,262.65,262.65,8091
2025-07-03T14:09:00+05:30,262.65,262.75,262.65,262.7,14778
2025-07-03T14:10:00+05:30,262.75,262.75,262.7,262.7,11894
2025-07-03T14:11:00+05:30,262.7,262.8,262.5,262.55,18240
2025-07-03T14:12:00+05:30,262.55,262.6,262.4,262.45,19001
2025-07-03T14:13:00+05:30,262.4,262.55,262.3,262.45,36386
2025-07-03T14:14:00+05:30,262.45,262.5,262.35,262.4,17194
2025-07-03T14:15:00+05:30,262.4,262.5,262.4,262.4,29086
2025-07-03T14:16:00+05:30,262.4,262.65,262.4,262.6,13473
2025-07-03T14:17:00+05:30,262.65,262.65,262.55,262.6,8755
2025-07-03T14:18:00+05:30,262.6,262.65,262.5,262.55,14773
2025-07-03T14:19:00+05:30,262.55,262.65,262.55,262.55,11313
2025-07-03T14:20:00+05:30,262.55,262.65,262.5,262.5,18114
2025-07-03T14:21:00+05:30,262.55,262.55,262.3,262.3,16425
2025-07-03T14:22:00+05:30,262.35,262.4,262.25,262.4,13665
2025-07-03T14:23:00+05:30,262.35,262.4,262.25,262.35,20542
2025-07-03T14:24:00+05:30,262.35,262.5,262.35,262.4,21451
2025-07-03T14:25:00+05:30,262.5,262.5,262.15,262.15,22161
2025-07-03T14:26:00+05:30,262.2,262.25,262.1,262.25,15139
2025-07-03T14:27:00+05:30,262.2,262.25,262.1,262.15,24894
2025-07-03T14:28:00+05:30,262.15,262.25,262.05,262.05,32912
2025-07-03T14:29:00+05:30,262.1,262.15,261.8,261.8,130341
2025-07-03T14:30:00+05:30,261.8,261.85,261.5,261.55,48037
2025-07-03T14:31:00+05:30,261.55,261.6,261.05,261.3,98888
2025-07-03T14:32:00+05:30,261.3,261.4,261.25,261.3,27850
2025-07-03T14:33:00+05:30,261.3,261.35,261.2,261.25,23728
2025-07-03T14:34:00+05:30,261.2,261.5,261.2,261.45,19820
2025-07-03T14:35:00+05:30,261.5,261.5,261.35,261.45,25970
2025-07-03T14:36:00+05:30,261.4,261.6,261.3,261.4,21177
2025-07-03T14:37:00+05:30,261.4,261.4,261.1,261.2,53947
2025-07-03T14:38:00+05:30,261.2,261.2,261.0,261.1,61931
2025-07-03T14:39:00+05:30,261.05,261.25,261.05,261.2,24091
2025-07-03T14:40:00+05:30,261.2,261.35,261.1,261.35,58305
2025-07-03T14:41:00+05:30,261.3,261.55,261.3,261.45,31096
2025-07-03T14:42:00+05:30,261.45,261.45,261.25,261.3,23860
2025-07-03T14:43:00+05:30,261.3,261.45,261.25,261.25,19961
2025-07-03T14:44:00+05:30,261.3,261.55,261.3,261.45,7849
2025-07-03T14:45:00+05:30,261.5,261.6,261.45,261.6,33244
2025-07-03T14:46:00+05:30,261.6,261.85,261.55,261.8,69283
2025-07-03T14:47:00+05:30,261.8,261.8,261.45,261.5,44016
2025-07-03T14:48:00+05:30,261.5,261.5,261.0,261.3,112039
2025-07-03T14:49:00+05:30,261.15,261.15,260.9,261.05,118019
2025-07-03T14:50:00+05:30,261.1,261.15,261.0,261.15,30374
2025-07-03T14:51:00+05:30,261.05,261.2,261.0,261.15,29821
2025-07-03T14:52:00+05:30,261.15,261.2,261.0,261.05,44475
2025-07-03T14:53:00+05:30,261.05,261.35,261.0,261.15,36293
2025-07-03T14:54:00+05:30,261.15,261.2,261.0,261.05,31844
2025-07-03T14:55:00+05:30,261.05,261.35,261.0,261.3,151610
2025-07-03T14:56:00+05:30,261.3,261.5,261.2,261.4,45665
2025-07-03T14:57:00+05:30,261.45,261.45,261.1,261.15,53612
2025-07-03T14:58:00+05:30,261.15,261.2,261.05,261.15,21798
2025-07-03T14:59:00+05:30,261.15,261.2,261.0,261.2,62692
2025-07-03T15:00:00+05:30,261.15,261.3,261.1,261.1,41506
2025-07-03T15:01:00+05:30,261.2,261.25,260.85,261.2,160773
2025-07-03T15:02:00+05:30,261.25,261.3,261.1,261.2,84169
2025-07-03T15:03:00+05:30,261.3,261.3,261.0,261.15,87725
2025-07-03T15:04:00+05:30,261.15,261.25,261.1,261.2,70912
2025-07-03T15:05:00+05:30,261.2,261.25,261.0,261.05,99661
2025-07-03T15:06:00+05:30,261.05,261.1,260.95,260.95,80275
2025-07-03T15:07:00+05:30,261.05,261.2,260.95,261.2,87109
2025-07-03T15:08:00+05:30,261.2,261.2,260.9,261.0,135780
2025-07-03T15:09:00+05:30,261.1,261.35,261.0,261.35,151885
2025-07-03T15:10:00+05:30,261.3,261.45,260.9,261.0,233236
2025-07-03T15:11:00+05:30,261.05,261.15,261.0,261.1,52162
2025-07-03T15:12:00+05:30,261.1,261.1,260.95,260.95,56078
2025-07-03T15:13:00+05:30,261.05,261.1,260.95,261.1,62338
2025-07-03T15:14:00+05:30,261.1,261.1,260.65,260.75,115308
2025-07-03T15:15:00+05:30,260.65,260.95,260.55,260.9,170199
2025-07-03T15:16:00+05:30,260.85,261.0,260.6,260.8,170387
2025-07-03T15:17:00+05:30,260.85,260.95,260.55,260.9,222946
2025-07-03T15:18:00+05:30,260.95,261.0,260.5,260.85,150474
2025-07-03T15:19:00+05:30,260.85,261.05,260.65,260.8,121019
2025-07-03T15:20:00+05:30,260.8,260.8,260.25,260.45,155970
2025-07-03T15:21:00+05:30,260.45,260.75,260.4,260.7,67865
2025-07-03T15:22:00+05:30,260.7,260.7,260.5,260.6,52687
2025-07-03T15:23:00+05:30,260.6,260.6,260.4,260.45,55563
2025-07-03T15:24:00+05:30,260.45,260.5,260.25,260.4,89667
2025-07-03T15:25:00+05:30,260.35,260.6,260.35,260.6,59307
2025-07-03T15:26:00+05:30,260.6,260.6,260.25,260.55,90194
2025-07-03T15:27:00+05:30,260.55,260.6,260.4,260.45,58403
2025-07-03T15:28:00+05:30,260.45,260.65,260.35,260.45,67847
2025-07-03T15:29:00+05:30,260.5,260.9,260.25,260.6,68842
2025-07-04T09:15:00+05:30,262.1,262.15,259.65,260.45,283071
2025-07-04T09:16:00+05:30,260.15,260.9,260.15,260.65,49820
2025-07-04T09:17:00+05:30,260.7,261.1,260.6,260.85,64190
2025-07-04T09:18:00+05:30,260.95,261.0,260.8,261.0,35649
2025-07-04T09:19:00+05:30,260.95,261.0,260.45,260.45,54885
2025-07-04T09:20:00+05:30,260.5,260.8,260.3,260.75,87474
2025-07-04T09:21:00+05:30,260.75,261.4,260.5,261.4,67769
2025-07-04T09:22:00+05:30,261.4,261.55,261.15,261.4,61882
2025-07-04T09:23:00+05:30,261.3,261.5,261.0,261.2,60841
2025-07-04T09:24:00+05:30,261.2,261.6,261.15,261.6,33397
2025-07-04T09:25:00+05:30,261.6,261.65,261.15,261.6,61546
2025-07-04T09:26:00+05:30,261.5,261.7,261.3,261.5,31538
2025-07-04T09:27:00+05:30,261.5,261.8,261.45,261.7,30096
2025-07-04T09:28:00+05:30,261.7,261.75,261.6,261.6,28178
2025-07-04T09:29:00+05:30,261.75,261.75,261.4,261.6,37133
2025-07-04T09:30:00+05:30,261.55,261.85,261.4,261.85,28257
2025-07-04T09:31:00+05:30,261.8,261.95,261.6,261.75,51494
2025-07-04T09:32:00+05:30,261.75,262.35,261.7,262.15,222184
2025-07-04T09:33:00+05:30,262.0,262.05,261.5,261.9,100853
2025-07-04T09:34:00+05:30,261.95,262.25,261.8,262.0,44924
2025-07-04T09:35:00+05:30,262.0,262.15,261.85,262.1,20318
2025-07-04T09:36:00+05:30,262.1,262.9,262.05,262.5,79620
2025-07-04T09:37:00+05:30,262.6,262.8,262.3,262.8,50801
2025-07-04T09:38:00+05:30,262.7,263.2,262.65,263.05,223580
2025-07-04T09:39:00+05:30,262.95,262.95,262.55,262.6,60801
2025-07-04T09:40:00+05:30,262.55,262.75,262.45,262.65,38984
2025-07-04T09:41:00+05:30,262.65,262.8,262.55,262.6,21481
2025-07-04T09:42:00+05:30,262.7,262.8,262.5,262.7,42303
2025-07-04T09:43:00+05:30,262.75,262.8,262.55,262.65,23872
2025-07-04T09:44:00+05:30,262.8,262.9,262.65,262.9,21131
2025-07-04T09:45:00+05:30,262.75,263.25,262.7,263.2,142121
2025-07-04T09:46:00+05:30,263.2,263.7,263.1,263.35,149313
2025-07-04T09:47:00+05:30,263.3,263.35,263.1,263.25,33251
2025-07-04T09:48:00+05:30,263.1,263.35,263.1,263.25,49613
2025-07-04T09:49:00+05:30,263.15,263.25,263.0,263.05,32249
2025-07-04T09:50:00+05:30,263.15,263.15,262.7,262.75,85064
2025-07-04T09:51:00+05:30,262.8,262.85,262.55,262.7,48446
2025-07-04T09:52:00+05:30,262.75,262.8,262.65,262.75,10374
2025-07-04T09:53:00+05:30,262.75,263.0,262.7,262.9,25652
2025-07-04T09:54:00+05:30,262.9,263.0,262.75,262.95,20361
2025-07-04T09:55:00+05:30,262.85,262.95,262.65,262.85,36645
2025-07-04T09:56:00+05:30,262.85,262.95,262.7,262.7,34022
2025-07-04T09:57:00+05:30,262.8,262.8,262.6,262.75,14297
2025-07-04T09:58:00+05:30,262.75,262.75,262.5,262.55,18689
2025-07-04T09:59:00+05:30,262.6,262.7,262.5,262.7,31254
2025-07-04T10:00:00+05:30,262.6,262.7,262.55,262.7,11844
2025-07-04T10:01:00+05:30,262.7,262.7,262.5,262.55,10454
2025-07-04T10:02:00+05:30,262.55,262.7,262.5,262.65,18643
2025-07-04T10:03:00+05:30,262.6,262.8,262.6,262.8,22052
2025-07-04T10:04:00+05:30,262.75,262.95,262.65,262.9,18274
2025-07-04T10:05:00+05:30,262.9,262.95,262.75,262.75,10518
2025-07-04T10:06:00+05:30,262.8,262.9,262.6,262.65,34216
2025-07-04T10:07:00+05:30,262.75,262.75,262.6,262.65,6179
2025-07-04T10:08:00+05:30,262.65,262.75,262.55,262.65,8524
2025-07-04T10:09:00+05:30,262.6,262.65,262.45,262.5,21278
2025-07-04T10:10:00+05:30,262.5,262.6,262.4,262.5,34591
2025-07-04T10:11:00+05:30,262.45,262.85,262.4,262.7,83568
2025-07-04T10:12:00+05:30,262.8,262.85,262.6,262.65,10532
2025-07-04T10:13:00+05:30,262.65,262.7,262.45,262.7,13260
2025-07-04T10:14:00+05:30,262.6,262.7,262.5,262.55,7549
2025-07-04T10:15:00+05:30,262.6,262.6,262.5,262.55,6995
2025-07-04T10:16:00+05:30,262.55,262.6,262.55,262.55,12628
2025-07-04T10:17:00+05:30,262.6,262.65,262.25,262.35,62417
2025-07-04T10:18:00+05:30,262.35,262.5,262.3,262.45,29139
2025-07-04T10:19:00+05:30,262.3,262.5,262.3,262.45,11596
2025-07-04T10:20:00+05:30,262.35,262.45,262.2,262.25,19757
2025-07-04T10:21:00+05:30,262.25,262.8,262.25,262.65,60586
2025-07-04T10:22:00+05:30,262.7,262.8,262.6,262.7,16977
2025-07-04T10:23:00+05:30,262.75,262.8,262.7,262.8,8318
2025-07-04T10:24:00+05:30,262.8,263.25,262.7,263.05,99825
2025-07-04T10:25:00+05:30,263.1,263.1,262.8,262.85,22898
2025-07-04T10:26:00+05:30,262.85,262.9,262.75,262.85,8377
2025-07-04T10:27:00+05:30,262.8,262.9,262.7,262.8,16490
2025-07-04T10:28:00+05:30,262.7,262.85,262.65,262.85,18957
2025-07-04T10:29:00+05:30,262.8,262.9,262.65,262.7,8286
2025-07-04T10:30:00+05:30,262.7,262.75,262.6,262.75,8311
2025-07-04T10:31:00+05:30,262.65,262.7,262.5,262.55,20347
2025-07-04T10:32:00+05:30,262.65,262.7,262.5,262.55,22603
2025-07-04T10:33:00+05:30,262.55,262.55,262.3,262.3,20730
2025-07-04T10:34:00+05:30,262.3,262.45,262.25,262.3,21547
2025-07-04T10:35:00+05:30,262.25,262.3,262.05,262.25,32545
2025-07-04T10:36:00+05:30,262.25,262.25,262.15,262.2,13780
2025-07-04T10:37:00+05:30,262.2,262.3,262.15,262.2,13176
2025-07-04T10:38:00+05:30,262.2,262.4,262.2,262.3,13463
2025-07-04T10:39:00+05:30,262.35,262.45,262.3,262.4,7642
2025-07-04T10:40:00+05:30,262.4,262.45,262.3,262.45,6349
2025-07-04T10:41:00+05:30,262.35,262.5,262.35,262.5,13053
2025-07-04T10:42:00+05:30,262.4,262.5,262.3,262.3,11068
2025-07-04T10:43:00+05:30,262.3,262.45,262.3,262.3,5836
2025-07-04T10:44:00+05:30,262.35,262.5,262.35,262.4,11095
2025-07-04T10:45:00+05:30,262.4,262.5,262.4,262.45,11430
2025-07-04T10:46:00+05:30,262.45,262.5,261.8,261.95,33121
2025-07-04T10:47:00+05:30,261.95,262.0,261.75,262.0,101880
2025-07-04T10:48:00+05:30,261.95,262.0,261.85,262.0,14541
2025-07-04T10:49:00+05:30,262.0,262.2,261.9,262.05,24235
2025-07-04T10:50:00+05:30,262.0,262.2,261.95,262.1,9419
2025-07-04T10:51:00+05:30,262.0,262.1,261.8,262.0,32935
2025-07-04T10:52:00+05:30,261.95,262.0,261.85,261.9,14471
2025-07-04T10:53:00+05:30,261.85,262.0,261.8,262.0,9963
2025-07-04T10:54:00+05:30,261.95,262.25,261.9,262.1,53464
2025-07-04T10:55:00+05:30,262.1,262.1,262.0,262.0,10007
2025-07-04T10:56:00+05:30,262.05,262.05,261.85,261.85,10318
2025-07-04T10:57:00+05:30,261.85,262.1,261.85,262.0,16515
2025-07-04T10:58:00+05:30,262.0,262.1,261.85,262.0,9772
2025-07-04T10:59:00+05:30,261.95,262.1,261.9,262.1,5213
2025-07-04T11:00:00+05:30,262.05,262.2,262.0,262.2,13616
2025-07-04T11:01:00+05:30,262.15,262.45,262.1,262.1,29899
2025-07-04T11:02:00+05:30,262.05,262.2,262.0,262.05,23021
2025-07-04T11:03:00+05:30,262.05,262.15,262.0,262.1,13726
2025-07-04T11:04:00+05:30,262.0,262.3,262.0,262.1,15335
2025-07-04T11:05:00+05:30,262.25,262.4,262.1,262.2,25348
2025-07-04T11:06:00+05:30,262.25,262.5,262.2,262.45,16275
2025-07-04T11:07:00+05:30,262.45,262.5,262.35,262.5,17362
2025-07-04T11:08:00+05:30,262.5,262.6,262.4,262.6,42481
2025-07-04T11:09:00+05:30,262.55,262.6,262.45,262.45,21628
2025-07-04T11:10:00+05:30,262.5,262.6,262.4,262.55,15130
2025-07-04T11:11:00+05:30,262.55,262.55,262.35,262.55,17431
2025-07-04T11:12:00+05:30,262.5,262.6,262.35,262.6,23235
2025-07-04T11:13:00+05:30,262.6,262.6,262.45,262.5,12013
2025-07-04T11:14:00+05:30,262.5,262.75,262.5,262.7,27308
2025-07-04T11:15:00+05:30,262.7,262.75,262.55,262.6,23772
2025-07-04T11:16:00+05:30,262.6,262.7,262.45,262.5,14816
2025-07-04T11:17:00+05:30,262.45,262.6,262.4,262.45,17431
2025-07-04T11:18:00+05:30,262.55,262.65,262.45,262.65,22650
2025-07-04T11:19:00+05:30,262.6,262.75,262.55,262.7,20833
2025-07-04T11:20:00+05:30,262.7,262.8,262.45,262.45,14610
2025-07-04T11:21:00+05:30,262.5,262.6,262.35,262.5,19957
2025-07-04T11:22:00+05:30,262.45,262.6,262.2,262.55,61337
2025-07-04T11:23:00+05:30,262.5,262.6,262.4,262.55,12329
2025-07-04T11:24:00+05:30,262.45,262.6,262.35,262.6,27192
2025-07-04T11:25:00+05:30,262.55,263.4,262.5,263.05,364477
2025-07-04T11:26:00+05:30,263.05,263.2,263.0,263.1,46086
2025-07-04T11:27:00+05:30,263.1,263.15,263.0,263.15,23399
2025-07-04T11:28:00+05:30,263.15,263.15,263.0,263.1,25372
2025-07-04T11:29:00+05:30,263.1,263.1,263.0,263.05,26051
2025-07-04T11:30:00+05:30,263.1,263.15,262.75,262.85,31715
2025-07-04T11:31:00+05:30,262.75,263.0,262.6,263.0,459488
2025-07-04T11:32:00+05:30,263.0,263.05,262.8,262.8,21301
2025-07-04T11:33:00+05:30,262.85,262.95,262.7,262.85,40379
2025-07-04T11:34:00+05:30,262.8,262.85,262.7,262.75,11037
2025-07-04T11:35:00+05:30,262.7,262.8,262.5,262.55,15769
2025-07-04T11:36:00+05:30,262.6,262.6,262.45,262.5,22715
2025-07-04T11:37:00+05:30,262.5,262.6,262.45,262.5,13591
2025-07-04T11:38:00+05:30,262.5,262.6,262.45,262.55,10982
2025-07-04T11:39:00+05:30,262.55,262.6,262.4,262.55,20809
2025-07-04T11:40:00+05:30,262.55,262.8,262.5,262.75,18075
2025-07-04T11:41:00+05:30,262.65,262.8,262.5,262.65,41340
2025-07-04T11:42:00+05:30,262.7,262.7,262.3,262.35,48780
2025-07-04T11:43:00+05:30,262.35,262.7,262.25,262.7,39377
2025-07-04T11:44:00+05:30,262.7,262.7,262.45,262.5,10904
2025-07-04T11:45:00+05:30,262.6,262.6,262.25,262.3,45623
2025-07-04T11:46:00+05:30,262.4,262.55,262.2,262.4,34735
2025-07-04T11:47:00+05:30,262.5,262.5,262.2,262.3,40304
2025-07-04T11:48:00+05:30,262.3,262.45,262.15,262.15,56830
2025-07-04T11:49:00+05:30,262.15,262.35,262.05,262.15,26540
2025-07-04T11:50:00+05:30,262.1,262.3,262.05,262.1,35671
2025-07-04T11:51:00+05:30,262.1,262.3,262.1,262.2,15240
2025-07-04T11:52:00+05:30,262.2,262.35,262.2,262.3,18982
2025-07-04T11:53:00+05:30,262.35,262.4,262.15,262.3,33006
2025-07-04T11:54:00+05:30,262.3,262.4,262.05,262.05,29002
2025-07-04T11:55:00+05:30,262.2,262.2,261.8,261.85,59114
2025-07-04T11:56:00+05:30,261.85,261.95,261.75,261.8,36750
2025-07-04T11:57:00+05:30,261.9,262.05,261.8,262.05,38464
2025-07-04T11:58:00+05:30,262.05,262.15,261.9,262.05,23989
2025-07-04T11:59:00+05:30,262.05,262.15,262.0,262.05,15764
2025-07-04T12:00:00+05:30,262.1,262.2,262.05,262.1,15771
2025-07-04T12:01:00+05:30,262.1,262.2,261.95,261.95,21253
2025-07-04T12:02:00+05:30,262.05,262.2,261.95,262.15,20102
2025-07-04T12:03:00+05:30,262.1,262.2,262.0,262.0,35942
2025-07-04T12:04:00+05:30,262.1,262.1,261.9,262.0,34827
2025-07-04T12:05:00+05:30,261.95,262.1,261.85,261.95,38006
2025-07-04T12:06:00+05:30,261.95,262.05,261.8,262.0,34023
2025-07-04T12:07:00+05:30,261.85,262.0,261.8,261.95,17130
2025-07-04T12:08:00+05:30,261.9,262.05,261.9,262.0,28737
2025-07-04T12:09:00+05:30,262.0,262.2,261.95,262.2,34700
2025-07-04T12:10:00+05:30,262.2,262.2,262.0,262.05,22797
2025-07-04T12:11:00+05:30,262.05,262.15,261.95,262.15,24482
2025-07-04T12:12:00+05:30,262.15,262.25,262.0,262.2,20778
2025-07-04T12:13:00+05:30,262.15,262.25,262.1,262.2,12771
2025-07-04T12:14:00+05:30,262.2,262.5,262.15,262.35,74280
2025-07-04T12:15:00+05:30,262.35,262.5,262.35,262.4,18789
2025-07-04T12:16:00+05:30,262.45,262.5,262.2,262.2,32857
2025-07-04T12:17:00+05:30,262.25,262.6,262.2,262.45,19053
2025-07-04T12:18:00+05:30,262.55,262.95,262.55,262.9,42887
2025-07-04T12:19:00+05:30,262.9,262.9,262.75,262.85,18379
2025-07-04T12:20:00+05:30,262.85,262.9,262.7,262.8,24479
2025-07-04T12:21:00+05:30,262.85,262.9,262.6,262.6,29297
2025-07-04T12:22:00+05:30,262.75,262.85,262.6,262.7,15311
2025-07-04T12:23:00+05:30,262.75,262.75,262.5,262.6,26920
2025-07-04T12:24:00+05:30,262.5,262.7,262.4,262.55,24780
2025-07-04T12:25:00+05:30,262.5,262.6,262.4,262.4,16200
2025-07-04T12:26:00+05:30,262.5,262.7,262.45,262.45,17424
2025-07-04T12:27:00+05:30,262.45,262.7,262.45,262.7,18413
2025-07-04T12:28:00+05:30,262.55,262.7,262.55,262.55,19033
2025-07-04T12:29:00+05:30,262.55,262.65,262.35,262.4,36978
2025-07-04T12:30:00+05:30,262.4,262.55,262.3,262.4,16084
2025-07-04T12:31:00+05:30,262.4,262.5,262.35,262.5,11195
2025-07-04T12:32:00+05:30,262.5,262.55,262.2,262.3,22925
2025-07-04T12:33:00+05:30,262.2,262.7,262.2,262.65,64514
2025-07-04T12:34:00+05:30,262.6,262.7,262.5,262.6,11377
2025-07-04T12:35:00+05:30,262.65,262.7,262.55,262.65,9554
2025-07-04T12:36:00+05:30,262.65,262.75,262.55,262.6,12681
2025-07-04T12:37:00+05:30,262.6,262.65,262.5,262.5,17892
2025-07-04T12:38:00+05:30,262.6,262.75,262.5,262.75,32970
2025-07-04T12:39:00+05:30,262.7,262.75,262.6,262.75,10704
2025-07-04T12:40:00+05:30,262.7,262.75,262.55,262.7,13286
2025-07-04T12:41:00+05:30,262.7,262.75,262.55,262.65,11316
2025-07-04T12:42:00+05:30,262.65,262.7,262.5,262.6,12728
2025-07-04T12:43:00+05:30,262.65,262.7,262.55,262.6,13613
2025-07-04T12:44:00+05:30,262.65,262.75,262.55,262.6,14943
2025-07-04T12:45:00+05:30,262.55,262.75,262.55,262.7,15836
2025-07-04T12:46:00+05:30,262.7,262.7,262.1,262.15,26743
2025-07-04T12:47:00+05:30,262.15,262.4,262.1,262.4,15293
2025-07-04T12:48:00+05:30,262.4,262.5,262.3,262.4,11995
2025-07-04T12:49:00+05:30,262.4,262.65,262.35,262.5,13052
2025-07-04T12:50:00+05:30,262.55,262.6,262.35,262.5,24010
2025-07-04T12:51:00+05:30,262.4,262.45,262.25,262.4,15899
2025-07-04T12:52:00+05:30,262.4,262.4,262.25,262.4,17886
2025-07-04T12:53:00+05:30,262.4,262.4,262.25,262.4,10880
2025-07-04T12:54:00+05:30,262.4,262.55,262.25,262.3,42653
2025-07-04T12:55:00+05:30,262.4,262.4,262.1,262.15,35813
2025-07-04T12:56:00+05:30,262.2,262.4,262.15,262.3,19260
2025-07-04T12:57:00+05:30,262.3,262.5,262.2,262.45,16294
2025-07-04T12:58:00+05:30,262.4,262.5,262.25,262.35,12503
2025-07-04T12:59:00+05:30,262.35,262.35,262.15,262.15,15367
2025-07-04T13:00:00+05:30,262.2,262.3,262.1,262.15,16712
2025-07-04T13:01:00+05:30,262.2,262.3,262.05,262.25,20285
2025-07-04T13:02:00+05:30,262.3,262.35,262.15,262.15,17105
2025-07-04T13:03:00+05:30,262.2,262.35,262.15,262.2,11325
2025-07-04T13:04:00+05:30,262.3,262.35,262.15,262.15,17501
2025-07-04T13:05:00+05:30,262.2,262.3,262.05,262.15,32260
2025-07-04T13:06:00+05:30,262.1,262.2,262.05,262.1,21354
2025-07-04T13:07:00+05:30,262.15,262.2,262.1,262.2,18501
2025-07-04T13:08:00+05:30,262.2,262.3,262.1,262.2,13222
2025-07-04T13:09:00+05:30,262.2,262.3,262.1,262.15,16051
2025-07-04T13:10:00+05:30,262.15,262.3,262.1,262.1,16048
2025-07-04T13:11:00+05:30,262.25,262.3,262.1,262.25,12253
2025-07-04T13:12:00+05:30,262.25,262.25,262.1,262.2,12465
2025-07-04T13:13:00+05:30,262.15,262.25,262.1,262.25,11774
2025-07-04T13:14:00+05:30,262.15,262.35,262.15,262.2,14904
2025-07-04T13:15:00+05:30,262.3,262.5,262.2,262.45,37557
2025-07-04T13:16:00+05:30,262.45,262.5,262.3,262.35,15070
2025-07-04T13:17:00+05:30,262.4,262.4,262.2,262.3,18580
2025-07-04T13:18:00+05:30,262.35,262.4,262.2,262.25,15955
2025-07-04T13:19:00+05:30,262.25,262.4,262.2,262.3,14757
2025-07-04T13:20:00+05:30,262.3,262.35,262.2,262.35,16261
2025-07-04T13:21:00+05:30,262.3,262.7,262.3,262.6,52541
2025-07-04T13:22:00+05:30,262.6,262.65,262.5,262.65,15954
2025-07-04T13:23:00+05:30,262.6,262.65,262.5,262.5,13055
2025-07-04T13:24:00+05:30,262.55,262.65,262.45,262.6,14866
2025-07-04T13:25:00+05:30,262.6,262.6,262.4,262.45,16273
2025-07-04T13:26:00+05:30,262.45,262.55,262.4,262.45,11675
2025-07-04T13:27:00+05:30,262.45,262.55,262.35,262.45,13299
2025-07-04T13:28:00+05:30,262.45,262.45,262.3,262.35,14628
2025-07-04T13:29:00+05:30,262.35,262.4,262.25,262.25,22499
2025-07-04T13:30:00+05:30,262.25,262.35,262.2,262.3,30906
2025-07-04T13:31:00+05:30,262.3,262.35,262.1,262.15,33176
2025-07-04T13:32:00+05:30,262.15,262.15,262.1,262.15,16718
2025-07-04T13:33:00+05:30,262.15,262.25,262.1,262.25,27190
2025-07-04T13:34:00+05:30,262.2,262.3,262.15,262.25,12344
2025-07-04T13:35:00+05:30,262.2,262.3,262.1,262.15,17492
2025-07-04T13:36:00+05:30,262.15,262.35,262.05,262.3,22143
2025-07-04T13:37:00+05:30,262.2,262.4,262.2,262.2,26019
2025-07-04T13:38:00+05:30,262.25,262.4,262.2,262.3,22454
2025-07-04T13:39:00+05:30,262.3,262.35,262.2,262.2,14394
2025-07-04T13:40:00+05:30,262.25,262.35,262.15,262.2,14200
2025-07-04T13:41:00+05:30,262.25,262.4,262.15,262.35,11619
2025-07-04T13:42:00+05:30,262.3,262.45,262.25,262.4,15928
2025-07-04T13:43:00+05:30,262.35,262.55,262.35,262.5,12886
2025-07-04T13:44:00+05:30,262.5,262.6,262.45,262.55,25222
2025-07-04T13:45:00+05:30,262.55,262.65,262.5,262.6,23995
2025-07-04T13:46:00+05:30,262.6,262.6,262.4,262.5,22203
2025-07-04T13:47:00+05:30,262.5,262.6,262.4,262.45,15509
2025-07-04T13:48:00+05:30,262.55,262.55,262.4,262.45,13468
2025-07-04T13:49:00+05:30,262.5,262.55,262.4,262.55,11801
2025-07-04T13:50:00+05:30,262.5,262.5,262.4,262.5,12119
2025-07-04T13:51:00+05:30,262.5,262.5,262.35,262.5,11669
2025-07-04T13:52:00+05:30,262.5,262.5,262.3,262.5,23813
2025-07-04T13:53:00+05:30,262.5,262.5,262.35,262.5,14336
2025-07-04T13:54:00+05:30,262.5,262.5,262.3,262.45,18172
2025-07-04T13:55:00+05:30,262.35,262.5,262.3,262.4,18968
2025-07-04T13:56:00+05:30,262.3,262.5,262.15,262.4,71288
2025-07-04T13:57:00+05:30,262.35,262.5,262.3,262.3,21956
2025-07-04T13:58:00+05:30,262.35,262.5,262.3,262.5,16833
2025-07-04T13:59:00+05:30,262.4,262.6,262.35,262.6,22072
2025-07-04T14:00:00+05:30,262.6,262.65,262.5,262.5,15640
2025-07-04T14:01:00+05:30,262.55,262.7,262.5,262.6,14626
2025-07-04T14:02:00+05:30,262.6,262.7,262.5,262.6,16207
2025-07-04T14:03:00+05:30,262.6,262.65,262.5,262.5,19635
2025-07-04T14:04:00+05:30,262.55,262.65,262.4,262.5,12670
2025-07-04T14:05:00+05:30,262.6,262.65,262.4,262.55,16859
2025-07-04T14:06:00+05:30,262.55,262.55,262.4,262.5,12205
2025-07-04T14:07:00+05:30,262.5,262.55,262.4,262.55,13865
2025-07-04T14:08:00+05:30,262.55,262.6,262.45,262.5,27367
2025-07-04T14:09:00+05:30,262.5,262.7,262.5,262.5,20872
2025-07-04T14:10:00+05:30,262.5,262.65,262.5,262.55,19494
2025-07-04T14:11:00+05:30,262.65,262.65,262.5,262.55,14356
2025-07-04T14:12:00+05:30,262.55,262.55,262.45,262.45,20791
2025-07-04T14:13:00+05:30,262.5,262.6,262.45,262.55,12720
2025-07-04T14:14:00+05:30,262.5,262.6,262.35,262.35,21020
2025-07-04T14:15:00+05:30,262.4,262.45,262.3,262.35,19315
2025-07-04T14:16:00+05:30,262.45,262.5,262.3,262.35,19027
2025-07-04T14:17:00+05:30,262.4,262.45,262.25,262.3,24757
2025-07-04T14:18:00+05:30,262.3,262.5,262.25,262.35,30662
2025-07-04T14:19:00+05:30,262.4,262.5,262.3,262.45,16637
2025-07-04T14:20:00+05:30,262.45,262.5,262.3,262.45,16722
2025-07-04T14:21:00+05:30,262.4,262.5,262.3,262.45,16848
2025-07-04T14:22:00+05:30,262.5,262.5,262.3,262.3,21738
2025-07-04T14:23:00+05:30,262.3,262.35,262.15,262.2,25532
2025-07-04T14:24:00+05:30,262.2,262.25,262.0,262.1,65290
2025-07-04T14:25:00+05:30,262.1,262.3,262.0,262.25,22310
2025-07-04T14:26:00+05:30,262.15,262.35,262.15,262.3,24391
2025-07-04T14:27:00+05:30,262.2,262.3,262.15,262.25,31883
2025-07-04T14:28:00+05:30,262.15,262.3,262.0,262.25,34351
2025-07-04T14:29:00+05:30,262.25,262.35,262.1,262.3,22252
2025-07-04T14:30:00+05:30,262.3,262.3,262.1,262.25,21203
2025-07-04T14:31:00+05:30,262.3,262.3,262.1,262.3,15982
2025-07-04T14:32:00+05:30,262.25,262.3,262.05,262.15,41152
2025-07-04T14:33:00+05:30,262.1,262.35,262.1,262.3,21100
2025-07-04T14:34:00+05:30,262.3,262.3,262.1,262.15,26684
2025-07-04T14:35:00+05:30,262.2,262.25,262.1,262.15,28786
2025-07-04T14:36:00+05:30,262.15,262.5,262.15,262.4,108022
2025-07-04T14:37:00+05:30,262.45,262.6,262.25,262.35,34638
2025-07-04T14:38:00+05:30,262.35,262.6,261.95,262.25,540343
2025-07-04T14:39:00+05:30,262.25,262.55,261.75,262.0,517925
2025-07-04T14:40:00+05:30,262.15,262.25,262.0,262.25,26097
2025-07-04T14:41:00+05:30,262.2,262.25,262.1,262.2,13769
2025-07-04T14:42:00+05:30,262.2,262.3,262.15,262.15,16509
2025-07-04T14:43:00+05:30,262.2,262.35,262.15,262.15,13000
2025-07-04T14:44:00+05:30,262.25,262.3,262.15,262.25,28835
2025-07-04T14:45:00+05:30,262.25,262.4,262.25,262.25,16882
2025-07-04T14:46:00+05:30,262.4,262.4,262.2,262.3,24206
2025-07-04T14:47:00+05:30,262.3,262.5,262.3,262.5,14325
2025-07-04T14:48:00+05:30,262.5,262.55,262.3,262.4,32071
2025-07-04T14:49:00+05:30,262.3,262.4,262.25,262.4,17145
2025-07-04T14:50:00+05:30,262.4,262.4,262.25,262.25,13104
2025-07-04T14:51:00+05:30,262.35,262.4,262.25,262.35,24259
2025-07-04T14:52:00+05:30,262.35,262.45,262.25,262.35,14064
2025-07-04T14:53:00+05:30,262.35,262.5,262.35,262.5,17343
2025-07-04T14:54:00+05:30,262.45,262.5,262.35,262.35,20422
2025-07-04T14:55:00+05:30,262.45,262.45,262.35,262.45,15547
2025-07-04T14:56:00+05:30,262.4,262.45,262.25,262.35,23446
2025-07-04T14:57:00+05:30,262.25,262.35,262.25,262.35,17956
2025-07-04T14:58:00+05:30,262.25,262.45,262.25,262.45,14143
2025-07-04T14:59:00+05:30,262.4,262.5,262.4,262.45,20358
2025-07-04T15:00:00+05:30,262.5,262.5,262.45,262.45,31696
2025-07-04T15:01:00+05:30,262.5,262.5,262.3,262.4,28080
2025-07-04T15:02:00+05:30,262.4,262.45,262.3,262.3,27541
2025-07-04T15:03:00+05:30,262.35,262.4,261.95,262.05,151095
2025-07-04T15:04:00+05:30,262.15,262.25,262.0,262.0,74063
2025-07-04T15:05:00+05:30,262.1,262.1,261.8,262.05,39690
2025-07-04T15:06:00+05:30,262.05,262.1,262.0,262.1,37467
2025-07-04T15:07:00+05:30,262.1,262.1,261.75,261.8,39728
2025-07-04T15:08:00+05:30,261.8,261.95,261.55,261.7,50039
2025-07-04T15:09:00+05:30,261.7,261.7,261.5,261.55,52050
2025-07-04T15:10:00+05:30,261.6,261.65,261.35,261.6,51038
2025-07-04T15:11:00+05:30,261.6,261.6,261.4,261.5,46517
2025-07-04T15:12:00+05:30,261.6,261.6,261.4,261.45,28284
2025-07-04T15:13:00+05:30,261.45,261.55,261.4,261.45,26280
2025-07-04T15:14:00+05:30,261.5,261.85,261.4,261.4,109297
2025-07-04T15:15:00+05:30,261.55,261.55,260.85,260.9,110803
2025-07-04T15:16:00+05:30,261.05,261.25,260.8,261.2,58326
2025-07-04T15:17:00+05:30,261.2,261.2,261.0,261.2,35643
2025-07-04T15:18:00+05:30,261.2,261.2,261.0,261.05,52784
2025-07-04T15:19:00+05:30,261.05,261.2,260.85,261.15,76135
2025-07-04T15:20:00+05:30,261.15,261.15,260.65,260.95,102864
2025-07-04T15:21:00+05:30,260.8,260.95,260.75,260.85,35207
2025-07-04T15:22:00+05:30,260.9,261.0,260.8,260.95,33810
2025-07-04T15:23:00+05:30,260.9,260.95,260.7,260.85,47863
2025-07-04T15:24:00+05:30,260.85,260.9,260.5,260.85,96442
2025-07-04T15:25:00+05:30,260.7,261.0,260.65,261.0,48097
2025-07-04T15:26:00+05:30,260.95,261.0,260.8,261.0,34642
2025-07-04T15:27:00+05:30,261.0,261.0,260.8,260.95,36473
2025-07-04T15:28:00+05:30,260.95,261.35,260.8,261.0,61874
2025-07-04T15:29:00+05:30,261.0,261.2,260.7,261.2,71565
2025-07-07T09:15:00+05:30,261.4,261.55,260.0,260.35,221549
2025-07-07T09:16:00+05:30,260.1,260.2,259.0,259.5,198097
2025-07-07T09:17:00+05:30,259.65,260.1,259.65,259.75,65777
2025-07-07T09:18:00+05:30,259.8,259.8,259.6,259.7,78426
2025-07-07T09:19:00+05:30,259.7,259.7,259.4,259.55,89051
2025-07-07T09:20:00+05:30,259.6,259.6,259.4,259.55,41076
2025-07-07T09:21:00+05:30,259.45,259.75,259.15,259.75,238508
2025-07-07T09:22:00+05:30,259.6,259.8,259.6,259.8,50179
2025-07-07T09:23:00+05:30,259.7,259.7,259.4,259.55,75924
2025-07-07T09:24:00+05:30,259.6,259.7,259.6,259.65,36798
2025-07-07T09:25:00+05:30,259.65,259.65,259.35,259.35,42612
2025-07-07T09:26:00+05:30,259.4,259.55,259.25,259.55,41054
2025-07-07T09:27:00+05:30,259.35,259.4,259.35,259.35,32326
2025-07-07T09:28:00+05:30,259.2,259.3,259.2,259.2,29021
2025-07-07T09:29:00+05:30,259.1,259.15,258.45,258.45,178343
2025-07-07T09:30:00+05:30,258.65,258.95,258.4,258.95,118322
2025-07-07T09:31:00+05:30,258.95,258.95,258.5,258.5,88549
2025-07-07T09:32:00+05:30,258.4,258.6,258.4,258.5,75863
2025-07-07T09:33:00+05:30,258.55,258.8,258.5,258.7,40367
2025-07-07T09:34:00+05:30,258.8,258.9,258.8,258.9,35337
2025-07-07T09:35:00+05:30,259.0,259.0,258.85,258.95,53964
2025-07-07T09:36:00+05:30,259.0,259.0,258.7,258.7,39530
2025-07-07T09:37:00+05:30,258.8,258.8,258.7,258.8,11826
2025-07-07T09:38:00+05:30,258.8,258.8,258.2,258.3,67460
2025-07-07T09:39:00+05:30,258.35,258.7,258.35,258.55,46138
2025-07-07T09:40:00+05:30,258.5,258.65,258.35,258.45,24639
2025-07-07T09:41:00+05:30,258.35,258.45,258.25,258.45,25361
2025-07-07T09:42:00+05:30,258.45,258.45,258.25,258.35,33657
2025-07-07T09:43:00+05:30,258.35,258.35,258.05,258.1,104199
2025-07-07T09:44:00+05:30,258.05,258.1,258.0,258.1,45122
2025-07-07T09:45:00+05:30,258.05,258.05,257.8,257.9,101767
2025-07-07T09:46:00+05:30,258.0,258.0,257.8,258.0,49063
2025-07-07T09:47:00+05:30,258.0,258.25,257.95,258.15,54555
2025-07-07T09:48:00+05:30,258.15,258.15,258.0,258.0,39558
2025-07-07T09:49:00+05:30,257.85,258.0,257.85,257.85,36796
2025-07-07T09:50:00+05:30,257.9,257.95,257.85,257.9,26791
2025-07-07T09:51:00+05:30,257.9,257.9,257.7,257.8,36452
2025-07-07T09:52:00+05:30,257.75,257.95,257.75,257.95,54267
2025-07-07T09:53:00+05:30,257.95,258.25,257.8,258.25,28440
2025-07-07T09:54:00+05:30,258.25,258.55,258.25,258.55,46673
2025-07-07T09:55:00+05:30,258.55,258.55,258.4,258.5,24179
2025-07-07T09:56:00+05:30,258.4,258.5,258.4,258.5,29651
2025-07-07T09:57:00+05:30,258.55,258.9,258.55,258.9,51190
2025-07-07T09:58:00+05:30,258.8,258.9,258.55,258.9,63989
2025-07-07T09:59:00+05:30,258.8,259.15,258.8,258.95,49705
2025-07-07T10:00:00+05:30,259.0,259.25,259.0,259.25,42237
2025-07-07T10:01:00+05:30,259.2,259.2,258.85,258.9,44766
2025-07-07T10:02:00+05:30,258.9,259.05,258.9,259.05,22993
2025-07-07T10:03:00+05:30,259.05,259.15,259.0,259.15,26261
2025-07-07T10:04:00+05:30,259.15,259.2,259.1,259.1,29367
2025-07-07T10:05:00+05:30,259.15,259.2,259.05,259.1,63697
2025-07-07T10:06:00+05:30,259.1,259.1,258.7,258.85,18807
2025-07-07T10:07:00+05:30,258.75,258.8,258.55,258.55,35010
2025-07-07T10:08:00+05:30,258.5,258.7,258.5,258.6,41726
2025-07-07T10:09:00+05:30,258.6,258.7,258.45,258.65,37995
2025-07-07T10:10:00+05:30,258.65,258.85,258.55,258.75,47126
2025-07-07T10:11:00+05:30,258.7,258.75,258.65,258.65,13197
2025-07-07T10:12:00+05:30,258.65,258.7,258.6,258.65,25465
2025-07-07T10:13:00+05:30,258.8,259.0,258.75,259.0,56350
2025-07-07T10:14:00+05:30,259.0,259.0,258.85,258.9,18489
2025-07-07T10:15:00+05:30,259.0,259.0,258.9,258.95,13845
2025-07-07T10:16:00+05:30,259.05,259.15,258.9,259.0,87631
2025-07-07T10:17:00+05:30,259.0,259.0,258.85,258.85,20212
2025-07-07T10:18:00+05:30,258.95,259.4,258.95,259.2,135108
2025-07-07T10:19:00+05:30,259.3,259.3,258.8,258.85,322830
2025-07-07T10:20:00+05:30,258.9,259.15,258.8,259.05,16795
2025-07-07T10:21:00+05:30,259.05,259.1,258.9,259.1,363759
2025-07-07T10:22:00+05:30,259.05,259.05,258.7,258.75,49464
2025-07-07T10:23:00+05:30,258.6,258.8,258.4,258.65,526671
2025-07-07T10:24:00+05:30,258.65,258.7,258.1,258.1,97062
2025-07-07T10:25:00+05:30,258.1,258.4,258.1,258.35,58707
2025-07-07T10:26:00+05:30,258.45,258.45,258.15,258.15,32590
2025-07-07T10:27:00+05:30,258.1,258.4,258.1,258.2,32136
2025-07-07T10:28:00+05:30,258.15,258.3,258.1,258.25,30951
2025-07-07T10:29:00+05:30,258.2,258.3,258.15,258.15,20435
2025-07-07T10:30:00+05:30,258.25,258.3,258.2,258.2,14151
2025-07-07T10:31:00+05:30,258.2,258.3,258.2,258.3,24013
2025-07-07T10:32:00+05:30,258.25,258.3,258.2,258.3,20692
2025-07-07T10:33:00+05:30,258.25,258.45,258.25,258.4,27032
2025-07-07T10:34:00+05:30,258.4,258.55,258.35,258.5,20399
2025-07-07T10:35:00+05:30,258.4,258.55,258.4,258.5,7468
2025-07-07T10:36:00+05:30,258.4,258.55,258.4,258.4,14877
2025-07-07T10:37:00+05:30,258.55,258.55,258.4,258.4,20815
2025-07-07T10:38:00+05:30,258.5,258.7,258.45,258.6,29869
2025-07-07T10:39:00+05:30,258.6,258.6,258.55,258.6,9029
2025-07-07T10:40:00+05:30,258.6,258.6,258.5,258.6,7453
2025-07-07T10:41:00+05:30,258.6,258.6,258.4,258.45,19830
2025-07-07T10:42:00+05:30,258.5,258.55,258.4,258.5,15530
2025-07-07T10:43:00+05:30,258.55,258.6,258.4,258.4,35608
2025-07-07T10:44:00+05:30,258.45,258.6,258.4,258.5,14390
2025-07-07T10:45:00+05:30,258.55,258.7,258.5,258.6,14053
2025-07-07T10:46:00+05:30,258.65,258.9,258.65,258.85,34112
2025-07-07T10:47:00+05:30,258.8,258.95,258.8,258.9,19014
2025-07-07T10:48:00+05:30,258.9,259.05,258.9,259.0,34671
2025-07-07T10:49:00+05:30,259.0,259.1,259.0,259.1,20817
2025-07-07T10:50:00+05:30,259.0,259.1,258.95,258.95,12828
2025-07-07T10:51:00+05:30,258.95,258.95,258.75,258.75,17745
2025-07-07T10:52:00+05:30,258.9,258.9,258.65,258.65,11493
2025-07-07T10:53:00+05:30,258.7,258.75,258.6,258.6,24021
2025-07-07T10:54:00+05:30,258.6,258.85,258.6,258.85,25274
2025-07-07T10:55:00+05:30,258.85,258.95,258.75,258.8,33205
2025-07-07T10:56:00+05:30,258.9,258.95,258.8,258.9,18722
2025-07-07T10:57:00+05:30,258.95,258.95,258.8,258.8,13497
2025-07-07T10:58:00+05:30,258.8,258.95,258.8,258.85,12780
2025-07-07T10:59:00+05:30,258.85,259.0,258.8,259.0,19972
2025-07-07T11:00:00+05:30,258.95,259.0,258.95,259.0,13575
2025-07-07T11:01:00+05:30,258.95,259.0,258.9,258.95,20365
2025-07-07T11:02:00+05:30,258.9,259.0,258.9,258.95,8413
2025-07-07T11:03:00+05:30,258.95,258.95,258.45,258.45,69819
2025-07-07T11:04:00+05:30,258.5,258.5,258.25,258.25,39106
2025-07-07T11:05:00+05:30,258.25,258.25,258.1,258.15,70837
2025-07-07T11:06:00+05:30,258.2,258.25,257.9,257.9,192353
2025-07-07T11:07:00+05:30,257.8,258.1,257.7,258.0,192101
2025-07-07T11:08:00+05:30,258.0,258.1,257.8,257.9,77624
2025-07-07T11:09:00+05:30,257.9,258.0,257.8,257.95,33484
2025-07-07T11:10:00+05:30,258.0,258.2,257.8,257.8,127766
2025-07-07T11:11:00+05:30,257.8,258.0,257.8,257.85,84500
2025-07-07T11:12:00+05:30,257.85,257.85,257.4,257.5,343824
2025-07-07T11:13:00+05:30,257.5,257.65,257.25,257.3,107852
2025-07-07T11:14:00+05:30,257.25,257.5,257.25,257.5,77572
2025-07-07T11:15:00+05:30,257.5,257.65,257.3,257.65,108938
2025-07-07T11:16:00+05:30,257.65,258.15,257.65,258.1,81619
2025-07-07T11:17:00+05:30,258.1,258.1,257.6,257.6,45668
2025-07-07T11:18:00+05:30,257.7,257.85,257.65,257.75,40787
2025-07-07T11:19:00+05:30,257.75,257.8,257.55,257.7,40365
2025-07-07T11:20:00+05:30,257.55,258.65,257.5,258.45,533605
2025-07-07T11:21:00+05:30,258.55,258.55,258.1,258.45,184464
2025-07-07T11:22:00+05:30,258.4,258.45,258.0,258.0,485611
2025-07-07T11:23:00+05:30,258.05,258.2,258.05,258.2,15140
2025-07-07T11:24:00+05:30,258.15,258.15,258.05,258.05,13018
2025-07-07T11:25:00+05:30,258.05,258.45,258.05,258.4,27728
2025-07-07T11:26:00+05:30,258.45,258.6,258.45,258.6,31295
2025-07-07T11:27:00+05:30,258.6,258.65,258.5,258.65,33643
2025-07-07T11:28:00+05:30,258.6,258.6,258.2,258.25,45931
2025-07-07T11:29:00+05:30,258.25,258.3,258.0,258.05,39044
2025-07-07T11:30:00+05:30,258.0,258.1,258.0,258.1,10991
2025-07-07T11:31:00+05:30,258.05,258.1,257.85,258.0,46052
2025-07-07T11:32:00+05:30,258.0,258.1,257.8,257.8,24284
2025-07-07T11:33:00+05:30,257.8,257.8,257.65,257.65,55701
2025-07-07T11:34:00+05:30,257.65,257.75,257.55,257.75,26330
2025-07-07T11:35:00+05:30,257.7,257.7,257.5,257.5,35572
2025-07-07T11:36:00+05:30,257.55,257.6,257.5,257.5,33072
2025-07-07T11:37:00+05:30,257.6,257.6,257.5,257.5,22152
2025-07-07T11:38:00+05:30,257.55,257.65,257.55,257.65,14223
2025-07-07T11:39:00+05:30,257.6,257.65,257.4,257.4,97249
2025-07-07T11:40:00+05:30,257.5,257.5,257.3,257.35,72960
2025-07-07T11:41:00+05:30,257.45,257.5,257.3,257.35,19000
2025-07-07T11:42:00+05:30,257.4,257.45,257.35,257.4,18302
2025-07-07T11:43:00+05:30,257.35,257.45,257.3,257.35,32883
2025-07-07T11:44:00+05:30,257.3,257.4,257.3,257.3,23789
2025-07-07T11:45:00+05:30,257.3,257.4,257.3,257.3,24222
2025-07-07T11:46:00+05:30,257.3,257.4,257.3,257.3,21212
2025-07-07T11:47:00+05:30,257.3,257.3,257.15,257.2,40051
2025-07-07T11:48:00+05:30,257.2,257.3,257.15,257.15,49608
2025-07-07T11:49:00+05:30,257.15,257.5,257.15,257.35,64126
2025-07-07T11:50:00+05:30,257.4,257.5,257.35,257.35,18451
2025-07-07T11:51:00+05:30,257.5,257.55,257.4,257.5,52587
2025-07-07T11:52:00+05:30,257.45,257.55,257.4,257.45,38532
2025-07-07T11:53:00+05:30,257.45,257.55,257.15,257.25,41489
2025-07-07T11:54:00+05:30,257.15,257.2,257.0,257.1,86523
2025-07-07T11:55:00+05:30,257.0,257.0,256.8,256.9,150493
2025-07-07T11:56:00+05:30,256.85,256.95,256.75,256.8,64245
2025-07-07T11:57:00+05:30,256.8,256.9,256.7,256.8,85014
2025-07-07T11:58:00+05:30,256.8,256.9,256.8,256.8,31194
2025-07-07T11:59:00+05:30,257.1,257.1,256.7,256.7,138426
2025-07-07T12:00:00+05:30,256.85,256.9,256.65,256.75,71500
2025-07-07T12:01:00+05:30,256.65,256.8,256.6,256.65,84025
2025-07-07T12:02:00+05:30,256.6,256.65,256.45,256.5,106732
2025-07-07T12:03:00+05:30,256.5,256.65,256.4,256.5,106425
2025-07-07T12:04:00+05:30,256.45,256.5,256.4,256.5,29799
2025-07-07T12:05:00+05:30,256.5,256.5,256.35,256.45,14462
2025-07-07T12:06:00+05:30,256.45,256.5,256.45,256.45,26135
2025-07-07T12:07:00+05:30,256.4,256.5,256.35,256.45,31024
2025-07-07T12:08:00+05:30,256.5,256.55,256.4,256.5,69950
2025-07-07T12:09:00+05:30,256.5,256.6,256.45,256.5,61604
2025-07-07T12:10:00+05:30,256.5,256.55,256.45,256.5,26987
2025-07-07T12:11:00+05:30,256.5,256.65,256.5,256.6,52166
2025-07-07T12:12:00+05:30,256.65,256.65,256.45,256.55,31905
2025-07-07T12:13:00+05:30,256.5,256.55,256.45,256.5,20610
2025-07-07T12:14:00+05:30,256.5,256.5,256.45,256.45,24290
2025-07-07T12:15:00+05:30,256.45,256.45,256.2,256.4,28604
2025-07-07T12:16:00+05:30,256.35,256.4,256.25,256.3,16205
2025-07-07T12:17:00+05:30,256.3,256.35,256.25,256.35,21990
2025-07-07T12:18:00+05:30,256.35,256.35,256.25,256.3,30753
2025-07-07T12:19:00+05:30,256.35,256.4,256.3,256.4,57011
2025-07-07T12:20:00+05:30,256.35,256.5,256.35,256.5,26563
2025-07-07T12:21:00+05:30,256.55,256.6,256.45,256.5,63012
2025-07-07T12:22:00+05:30,256.5,256.6,256.5,256.6,20088
2025-07-07T12:23:00+05:30,256.55,256.65,256.55,256.65,41655
2025-07-07T12:24:00+05:30,256.7,256.8,256.65,256.8,25486
2025-07-07T12:25:00+05:30,256.8,257.0,256.8,257.0,39585
2025-07-07T12:26:00+05:30,257.0,257.0,256.8,256.8,46270
2025-07-07T12:27:00+05:30,256.7,256.85,256.6,256.7,42114
2025-07-07T12:28:00+05:30,256.8,256.95,256.7,256.95,34489
2025-07-07T12:29:00+05:30,256.95,257.0,256.85,256.9,40335
2025-07-07T12:30:00+05:30,256.8,256.9,256.8,256.9,15128
2025-07-07T12:31:00+05:30,256.9,256.9,256.45,256.45,52325
2025-07-07T12:32:00+05:30,256.35,256.75,256.35,256.75,83075
2025-07-07T12:33:00+05:30,256.75,256.75,256.55,256.65,28211
2025-07-07T12:34:00+05:30,256.7,256.7,256.5,256.55,28939
2025-07-07T12:35:00+05:30,256.5,256.65,256.35,256.35,64737
2025-07-07T12:36:00+05:30,256.45,256.45,256.25,256.25,76871
2025-07-07T12:37:00+05:30,256.25,256.4,256.25,256.25,116699
2025-07-07T12:38:00+05:30,256.4,256.65,256.25,256.5,185438
2025-07-07T12:39:00+05:30,256.5,256.55,256.3,256.55,197394
2025-07-07T12:40:00+05:30,256.55,256.6,256.4,256.4,59243
2025-07-07T12:41:00+05:30,256.5,256.85,256.45,256.65,176326
2025-07-07T12:42:00+05:30,256.65,256.8,256.4,256.6,255326
2025-07-07T12:43:00+05:30,256.6,256.6,256.35,256.5,109124
2025-07-07T12:44:00+05:30,256.5,256.6,256.35,256.55,135108
2025-07-07T12:45:00+05:30,256.5,256.55,256.3,256.55,210967
2025-07-07T12:46:00+05:30,256.4,256.85,256.35,256.75,119159
2025-07-07T12:47:00+05:30,256.7,256.95,256.45,256.6,154627
2025-07-07T12:48:00+05:30,256.6,256.9,256.5,256.9,47502
2025-07-07T12:49:00+05:30,256.85,256.9,256.65,256.8,48929
2025-07-07T12:50:00+05:30,256.8,256.8,256.35,256.55,566841
2025-07-07T12:51:00+05:30,256.55,256.7,256.45,256.45,59537
2025-07-07T12:52:00+05:30,256.45,256.7,256.45,256.65,66037
2025-07-07T12:53:00+05:30,256.6,256.7,256.5,256.5,62808
2025-07-07T12:54:00+05:30,256.6,256.65,256.5,256.65,52173
2025-07-07T12:55:00+05:30,256.5,256.55,256.4,256.5,55990
2025-07-07T12:56:00+05:30,256.5,256.75,256.35,256.75,373754
2025-07-07T12:57:00+05:30,256.8,256.8,256.5,256.55,46033
2025-07-07T12:58:00+05:30,256.65,256.8,256.5,256.75,38410
2025-07-07T12:59:00+05:30,256.75,256.8,256.7,256.8,28582
2025-07-07T13:00:00+05:30,256.8,256.8,256.6,256.6,19149
2025-07-07T13:01:00+05:30,256.65,256.65,256.55,256.65,18538
2025-07-07T13:02:00+05:30,256.6,256.6,256.5,256.6,18161
2025-07-07T13:03:00+05:30,256.55,256.65,256.5,256.65,22741
2025-07-07T13:04:00+05:30,256.6,256.7,256.55,256.65,27438
2025-07-07T13:05:00+05:30,256.6,256.75,256.6,256.75,30522
2025-07-07T13:06:00+05:30,256.75,256.75,256.5,256.5,37626
2025-07-07T13:07:00+05:30,256.6,256.6,256.55,256.55,15514
2025-07-07T13:08:00+05:30,256.6,256.65,256.55,256.55,37447
2025-07-07T13:09:00+05:30,256.65,256.9,256.6,256.8,81560
2025-07-07T13:10:00+05:30,256.9,256.9,256.75,256.75,26108
2025-07-07T13:11:00+05:30,256.85,257.2,256.85,257.0,311600
2025-07-07T13:12:00+05:30,257.0,257.1,256.95,257.1,26964
2025-07-07T13:13:00+05:30,257.1,257.15,257.05,257.1,31135
2025-07-07T13:14:00+05:30,257.1,257.25,257.1,257.25,44863
2025-07-07T13:15:00+05:30,257.25,257.3,257.25,257.3,24596
2025-07-07T13:16:00+05:30,257.45,257.45,257.35,257.45,62856
2025-07-07T13:17:00+05:30,257.5,257.5,257.3,257.4,161386
2025-07-07T13:18:00+05:30,257.35,257.45,257.25,257.35,40476
2025-07-07T13:19:00+05:30,257.35,257.35,257.15,257.15,29808
2025-07-07T13:20:00+05:30,257.15,257.15,257.05,257.1,26592
2025-07-07T13:21:00+05:30,257.1,257.15,257.05,257.15,14924
2025-07-07T13:22:00+05:30,257.25,257.5,257.1,257.35,665096
2025-07-07T13:23:00+05:30,257.35,257.5,257.3,257.5,39131
2025-07-07T13:24:00+05:30,257.45,257.6,257.45,257.6,63519
2025-07-07T13:25:00+05:30,257.65,257.65,257.55,257.55,18152
2025-07-07T13:26:00+05:30,257.6,257.6,257.5,257.6,27220
2025-07-07T13:27:00+05:30,257.6,257.6,257.5,257.6,15289
2025-07-07T13:28:00+05:30,257.55,257.55,257.5,257.55,16473
2025-07-07T13:29:00+05:30,257.5,257.6,257.5,257.6,21014
2025-07-07T13:30:00+05:30,257.6,257.6,257.5,257.6,17960
2025-07-07T13:31:00+05:30,257.6,257.6,257.5,257.5,17095
2025-07-07T13:32:00+05:30,257.55,257.6,257.5,257.55,66808
2025-07-07T13:33:00+05:30,257.55,257.6,257.55,257.6,14304
2025-07-07T13:34:00+05:30,257.6,257.6,257.55,257.6,16697
2025-07-07T13:35:00+05:30,257.6,257.8,257.55,257.8,58918
2025-07-07T13:36:00+05:30,257.8,257.8,257.65,257.65,33185
2025-07-07T13:37:00+05:30,257.75,257.8,257.55,257.55,21408
2025-07-07T13:38:00+05:30,257.55,257.6,257.5,257.6,13678
2025-07-07T13:39:00+05:30,257.6,257.6,257.5,257.6,15310
2025-07-07T13:40:00+05:30,257.55,257.75,257.55,257.7,27825
2025-07-07T13:41:00+05:30,257.7,257.7,257.55,257.7,17707
2025-07-07T13:42:00+05:30,257.7,258.15,257.55,258.15,246172
2025-07-07T13:43:00+05:30,258.05,258.2,258.0,258.15,114437
2025-07-07T13:44:00+05:30,258.1,258.15,257.95,258.1,82584
2025-07-07T13:45:00+05:30,258.1,258.15,258.05,258.05,52842
2025-07-07T13:46:00+05:30,258.15,258.15,258.0,258.1,22870
2025-07-07T13:47:00+05:30,258.1,258.1,258.0,258.1,30165
2025-07-07T13:48:00+05:30,258.1,258.1,258.0,258.0,22872
2025-07-07T13:49:00+05:30,258.05,258.1,258.05,258.05,33686
2025-07-07T13:50:00+05:30,258.05,258.1,258.0,258.0,97040
2025-07-07T13:51:00+05:30,258.05,258.05,258.0,258.0,28960
2025-07-07T13:52:00+05:30,258.05,258.1,258.0,258.05,27013
2025-07-07T13:53:00+05:30,258.05,258.1,258.0,258.0,31638
2025-07-07T13:54:00+05:30,258.0,258.05,258.0,258.0,20964
2025-07-07T13:55:00+05:30,258.05,258.1,258.05,258.05,23396
2025-07-07T13:56:00+05:30,258.05,258.1,258.0,258.05,67318
2025-07-07T13:57:00+05:30,258.0,258.05,258.0,258.05,82397
2025-07-07T13:58:00+05:30,258.05,258.05,258.0,258.0,30863
2025-07-07T13:59:00+05:30,258.0,258.05,258.0,258.0,24397
2025-07-07T14:00:00+05:30,258.05,258.1,258.05,258.1,21066
2025-07-07T14:01:00+05:30,258.1,258.1,258.0,258.0,15713
2025-07-07T14:02:00+05:30,258.05,258.05,258.0,258.05,24463
2025-07-07T14:03:00+05:30,258.05,258.05,258.0,258.05,72085
2025-07-07T14:04:00+05:30,258.1,258.15,258.0,258.15,74293
2025-07-07T14:05:00+05:30,258.25,258.3,258.15,258.15,43376
2025-07-07T14:06:00+05:30,258.2,258.25,258.15,258.25,19116
2025-07-07T14:07:00+05:30,258.25,258.6,258.25,258.6,85582
2025-07-07T14:08:00+05:30,258.5,258.9,258.5,258.55,189666
2025-07-07T14:09:00+05:30,258.7,258.7,258.4,258.5,16574
2025-07-07T14:10:00+05:30,258.5,258.7,258.4,258.7,37763
2025-07-07T14:11:00+05:30,258.65,258.7,258.5,258.6,26707
2025-07-07T14:12:00+05:30,258.5,258.55,258.4,258.5,17772
2025-07-07T14:13:00+05:30,258.5,258.6,258.45,258.55,16161
2025-07-07T14:14:00+05:30,258.55,258.7,258.55,258.7,36343
2025-07-07T14:15:00+05:30,258.65,258.7,258.65,258.7,21978
2025-07-07T14:16:00+05:30,258.65,258.7,258.6,258.65,21319
2025-07-07T14:17:00+05:30,258.55,258.65,258.55,258.65,14518
2025-07-07T14:18:00+05:30,258.65,258.65,258.55,258.6,20516
2025-07-07T14:19:00+05:30,258.6,258.7,258.55,258.7,20691
2025-07-07T14:20:00+05:30,258.7,258.75,258.7,258.75,27361
2025-07-07T14:21:00+05:30,258.9,259.0,258.8,258.8,68357
2025-07-07T14:22:00+05:30,258.9,259.1,258.8,259.1,124323
2025-07-07T14:23:00+05:30,259.1,259.1,259.0,259.0,21225
2025-07-07T14:24:00+05:30,258.95,259.05,258.9,258.9,22187
2025-07-07T14:25:00+05:30,259.0,259.0,258.85,259.0,35905
2025-07-07T14:26:00+05:30,259.0,259.0,258.85,259.0,47345
2025-07-07T14:27:00+05:30,258.95,259.0,258.75,258.9,27874
2025-07-07T14:28:00+05:30,258.9,259.0,258.75,258.75,43894
2025-07-07T14:29:00+05:30,258.85,258.9,258.8,258.9,17613
2025-07-07T14:30:00+05:30,258.9,258.9,258.7,258.85,25018
2025-07-07T14:31:00+05:30,258.65,258.65,258.15,258.15,102432
2025-07-07T14:32:00+05:30,258.4,258.6,258.2,258.5,53210
2025-07-07T14:33:00+05:30,258.6,258.6,258.45,258.55,11685
2025-07-07T14:34:00+05:30,258.5,258.6,258.4,258.5,131713
2025-07-07T14:35:00+05:30,258.6,258.6,258.4,258.4,19726
2025-07-07T14:36:00+05:30,258.5,258.6,258.5,258.6,13917
2025-07-07T14:37:00+05:30,258.6,258.6,258.4,258.4,21151
2025-07-07T14:38:00+05:30,258.4,258.5,258.4,258.45,19091
2025-07-07T14:39:00+05:30,258.45,258.45,258.25,258.4,44493
2025-07-07T14:40:00+05:30,258.4,258.4,258.2,258.25,30204
2025-07-07T14:41:00+05:30,258.2,258.3,258.2,258.25,20884
2025-07-07T14:42:00+05:30,258.25,258.25,258.1,258.1,22501
2025-07-07T14:43:00+05:30,258.15,258.25,258.1,258.25,93580
2025-07-07T14:44:00+05:30,258.25,258.25,257.8,257.95,102118
2025-07-07T14:45:00+05:30,257.9,258.0,257.85,257.9,24396
2025-07-07T14:46:00+05:30,257.95,257.95,257.9,257.95,159685
2025-07-07T14:47:00+05:30,258.05,258.05,257.95,257.95,33228
2025-07-07T14:48:00+05:30,257.95,257.95,257.75,257.95,135584
2025-07-07T14:49:00+05:30,257.9,257.95,257.8,257.9,28472
2025-07-07T14:50:00+05:30,257.8,257.9,257.8,257.9,14063
2025-07-07T14:51:00+05:30,257.9,257.9,257.8,257.85,18059
2025-07-07T14:52:00+05:30,257.85,257.85,257.75,257.75,23059
2025-07-07T14:53:00+05:30,257.8,257.95,257.8,257.95,64778
2025-07-07T14:54:00+05:30,257.95,257.95,257.8,257.85,29658
2025-07-07T14:55:00+05:30,257.75,257.9,257.75,257.85,118653
2025-07-07T14:56:00+05:30,257.9,257.9,257.85,257.9,51595
2025-07-07T14:57:00+05:30,257.85,257.95,257.75,257.95,122291
2025-07-07T14:58:00+05:30,257.95,257.95,257.8,257.8,137251
2025-07-07T14:59:00+05:30,257.8,257.9,257.8,257.9,18729
2025-07-07T15:00:00+05:30,257.9,258.15,257.9,258.15,114203
2025-07-07T15:01:00+05:30,258.15,258.15,258.05,258.1,26192
2025-07-07T15:02:00+05:30,258.05,258.35,258.05,258.3,87852
2025-07-07T15:03:00+05:30,258.25,258.45,258.2,258.45,81361
2025-07-07T15:04:00+05:30,258.45,258.45,258.1,258.2,53383
2025-07-07T15:05:00+05:30,258.2,258.55,258.15,258.25,175107
2025-07-07T15:06:00+05:30,258.25,258.85,258.25,258.55,401725
2025-07-07T15:07:00+05:30,258.55,258.55,258.4,258.4,39705
2025-07-07T15:08:00+05:30,258.45,258.45,258.25,258.3,19770
2025-07-07T15:09:00+05:30,258.3,258.8,258.25,258.6,411786
2025-07-07T15:10:00+05:30,258.65,258.65,258.5,258.55,38591
2025-07-07T15:11:00+05:30,258.55,258.55,258.45,258.5,166449
2025-07-07T15:12:00+05:30,258.45,258.45,258.3,258.4,49802
2025-07-07T15:13:00+05:30,258.4,258.4,258.25,258.25,39146
2025-07-07T15:14:00+05:30,258.35,258.45,258.3,258.45,98946
2025-07-07T15:15:00+05:30,258.45,258.45,258.25,258.45,105880
2025-07-07T15:16:00+05:30,258.45,258.45,257.95,258.2,430513
2025-07-07T15:17:00+05:30,258.15,258.5,258.15,258.35,148718
2025-07-07T15:18:00+05:30,258.4,258.6,258.35,258.6,123269
2025-07-07T15:19:00+05:30,258.6,258.75,258.55,258.6,122713
2025-07-07T15:20:00+05:30,258.6,258.85,258.55,258.75,108315
2025-07-07T15:21:00+05:30,258.8,258.85,258.8,258.85,47079
2025-07-07T15:22:00+05:30,258.85,258.85,258.75,258.75,55812
2025-07-07T15:23:00+05:30,258.7,258.85,258.7,258.75,136434
2025-07-07T15:24:00+05:30,258.7,258.7,258.4,258.5,128034
2025-07-07T15:25:00+05:30,258.45,258.55,258.4,258.5,45168
2025-07-07T15:26:00+05:30,258.5,259.7,258.5,259.7,313956
2025-07-07T15:27:00+05:30,259.65,259.7,259.1,259.15,155823
2025-07-07T15:28:00+05:30,259.2,259.25,258.8,258.95,56188
2025-07-07T15:29:00+05:30,258.9,259.2,258.75,259.2,72967
2025-07-08T09:15:00+05:30,259.65,260.95,259.5,260.35,165289
2025-07-08T09:16:00+05:30,260.15,260.55,259.8,260.2,124430
2025-07-08T09:17:00+05:30,260.2,261.4,260.2,261.15,198242
2025-07-08T09:18:00+05:30,261.15,261.4,260.75,261.35,169697
2025-07-08T09:19:00+05:30,261.3,262.05,261.1,261.7,236466
2025-07-08T09:20:00+05:30,261.85,262.15,261.55,261.95,272495
2025-07-08T09:21:00+05:30,262.1,262.5,261.65,262.3,216186
2025-07-08T09:22:00+05:30,262.5,262.9,262.3,262.6,166229
2025-07-08T09:23:00+05:30,262.65,262.65,262.05,262.25,134786
2025-07-08T09:24:00+05:30,262.3,262.35,262.0,262.2,59263
2025-07-08T09:25:00+05:30,262.2,262.4,262.0,262.0,138803
2025-07-08T09:26:00+05:30,262.05,262.25,261.85,262.2,104609
2025-07-08T09:27:00+05:30,262.2,262.5,262.05,262.35,64999
2025-07-08T09:28:00+05:30,262.35,263.0,262.25,262.95,255610
2025-07-08T09:29:00+05:30,262.95,263.65,262.9,263.25,270660
2025-07-08T09:30:00+05:30,263.1,263.75,263.1,263.7,224420
2025-07-08T09:31:00+05:30,263.7,263.8,263.45,263.5,120421
2025-07-08T09:32:00+05:30,263.5,264.2,263.45,263.5,285183
2025-07-08T09:33:00+05:30,263.6,263.75,263.4,263.55,100444
2025-07-08T09:34:00+05:30,263.6,263.6,262.8,262.9,155713
2025-07-08T09:35:00+05:30,262.85,263.2,262.7,263.05,89482
2025-07-08T09:36:00+05:30,263.15,263.2,262.9,263.1,54911
2025-07-08T09:37:00+05:30,263.1,263.2,262.95,263.1,51697
2025-07-08T09:38:00+05:30,263.1,263.5,263.0,263.4,50551
2025-07-08T09:39:00+05:30,263.4,263.5,263.25,263.45,32184
2025-07-08T09:40:00+05:30,263.45,263.65,263.3,263.5,72448
2025-07-08T09:41:00+05:30,263.5,263.6,263.2,263.2,52203
2025-07-08T09:42:00+05:30,263.2,263.25,262.95,263.1,33017
2025-07-08T09:43:00+05:30,263.15,263.45,263.0,263.4,58512
2025-07-08T09:44:00+05:30,263.4,263.6,263.2,263.45,48251
2025-07-08T09:45:00+05:30,263.4,263.5,263.25,263.3,52881
2025-07-08T09:46:00+05:30,263.4,263.55,263.3,263.3,29545
2025-07-08T09:47:00+05:30,263.3,263.4,263.0,263.1,53870
2025-07-08T09:48:00+05:30,263.05,263.1,262.75,262.75,54350
2025-07-08T09:49:00+05:30,262.75,262.9,262.65,262.75,32463
2025-07-08T09:50:00+05:30,262.65,262.75,262.6,262.6,42039
2025-07-08T09:51:00+05:30,262.65,263.0,262.6,263.0,37927
2025-07-08T09:52:00+05:30,262.85,263.0,262.85,262.9,23779
2025-07-08T09:53:00+05:30,262.9,263.1,262.9,262.95,16498
2025-07-08T09:54:00+05:30,262.95,263.15,262.95,263.05,21404
2025-07-08T09:55:00+05:30,263.1,263.8,263.0,263.2,164369
2025-07-08T09:56:00+05:30,263.35,263.4,263.15,263.4,25707
2025-07-08T09:57:00+05:30,263.3,263.3,263.0,263.0,34925
2025-07-08T09:58:00+05:30,263.15,263.15,262.9,263.0,26947
2025-07-08T09:59:00+05:30,263.0,263.0,262.8,262.9,30519
2025-07-08T10:00:00+05:30,262.9,263.0,262.75,262.75,46182
2025-07-08T10:01:00+05:30,262.75,263.25,262.75,263.2,42887
2025-07-08T10:02:00+05:30,263.2,263.3,263.0,263.0,32935
2025-07-08T10:03:00+05:30,262.95,263.0,262.85,262.95,23497
2025-07-08T10:04:00+05:30,262.95,263.0,262.9,262.95,10767
2025-07-08T10:05:00+05:30,262.9,263.0,262.9,263.0,11547
2025-07-08T10:06:00+05:30,262.95,263.3,262.95,263.25,41792
2025-07-08T10:07:00+05:30,263.25,263.3,262.9,262.9,40685
2025-07-08T10:08:00+05:30,262.9,263.0,262.8,262.85,18170
2025-07-08T10:09:00+05:30,262.8,263.0,262.55,262.85,138579
2025-07-08T10:10:00+05:30,262.75,263.1,262.75,262.95,38936
2025-07-08T10:11:00+05:30,263.0,263.0,262.8,262.8,24203
2025-07-08T10:12:00+05:30,262.8,263.0,262.8,262.95,18232
2025-07-08T10:13:00+05:30,262.9,263.0,262.8,262.8,19690
2025-07-08T10:14:00+05:30,262.8,263.0,262.7,262.8,55713
2025-07-08T10:15:00+05:30,262.7,262.9,262.65,262.65,17788
2025-07-08T10:16:00+05:30,262.65,262.75,262.6,262.7,25383
2025-07-08T10:17:00+05:30,262.7,262.95,262.6,262.6,29291
2025-07-08T10:18:00+05:30,262.7,262.75,262.35,262.4,98493
2025-07-08T10:19:00+05:30,262.35,262.5,262.3,262.3,35528
2025-07-08T10:20:00+05:30,262.3,262.5,262.3,262.45,26802
2025-07-08T10:21:00+05:30,262.4,262.5,262.35,262.35,27155
2025-07-08T10:22:00+05:30,262.4,262.85,262.35,262.7,77904
2025-07-08T10:23:00+05:30,262.75,262.75,262.35,262.4,56461
2025-07-08T10:24:00+05:30,262.45,262.55,262.35,262.45,13847
2025-07-08T10:25:00+05:30,262.45,262.65,262.45,262.5,10792
2025-07-08T10:26:00+05:30,262.5,262.7,262.5,262.55,16630
2025-07-08T10:27:00+05:30,262.5,262.65,262.5,262.55,13465
2025-07-08T10:28:00+05:30,262.55,262.7,262.55,262.7,19392
2025-07-08T10:29:00+05:30,262.6,262.7,262.5,262.7,36959
2025-07-08T10:30:00+05:30,262.7,262.7,262.55,262.6,5847
2025-07-08T10:31:00+05:30,262.6,262.7,262.6,262.6,10966
2025-07-08T10:32:00+05:30,262.6,262.7,262.6,262.65,4929
2025-07-08T10:33:00+05:30,262.65,262.7,262.55,262.55,16440
2025-07-08T10:34:00+05:30,262.6,262.6,262.55,262.55,6527
2025-07-08T10:35:00+05:30,262.55,262.65,262.55,262.6,11697
2025-07-08T10:36:00+05:30,262.6,262.65,262.6,262.65,5759
2025-07-08T10:37:00+05:30,262.65,262.65,262.6,262.6,5130
2025-07-08T10:38:00+05:30,262.6,262.65,262.6,262.6,12179
2025-07-08T10:39:00+05:30,262.6,262.65,262.6,262.65,8113
2025-07-08T10:40:00+05:30,262.65,262.9,262.6,262.75,20648
2025-07-08T10:41:00+05:30,262.75,262.9,262.7,262.75,19071
2025-07-08T10:42:00+05:30,262.8,262.9,262.7,262.7,30426
2025-07-08T10:43:00+05:30,262.7,262.8,262.55,262.55,24329
2025-07-08T10:44:00+05:30,262.6,262.65,262.5,262.5,18354
2025-07-08T10:45:00+05:30,262.5,262.6,262.35,262.35,19838
2025-07-08T10:46:00+05:30,262.35,262.45,262.35,262.4,12491
2025-07-08T10:47:00+05:30,262.4,262.55,262.35,262.45,22785
2025-07-08T10:48:00+05:30,262.45,262.85,262.45,262.75,21339
2025-07-08T10:49:00+05:30,262.8,262.85,262.7,262.75,14251
2025-07-08T10:50:00+05:30,262.85,262.9,262.75,262.8,9402
2025-07-08T10:51:00+05:30,262.8,262.95,262.75,262.85,18545
2025-07-08T10:52:00+05:30,262.85,263.0,262.85,263.0,7577
2025-07-08T10:53:00+05:30,263.0,263.0,262.85,262.9,25821
2025-07-08T10:54:00+05:30,262.9,263.05,262.9,263.05,58486
2025-07-08T10:55:00+05:30,263.0,263.0,262.75,262.85,24861
2025-07-08T10:56:00+05:30,262.8,262.95,262.8,262.8,26629
2025-07-08T10:57:00+05:30,262.8,262.9,262.75,262.8,8058
2025-07-08T10:58:00+05:30,262.8,263.0,262.75,262.8,9467
2025-07-08T10:59:00+05:30,262.8,262.95,262.8,262.9,7318
2025-07-08T11:00:00+05:30,262.95,263.0,262.9,262.9,7782
2025-07-08T11:01:00+05:30,262.9,262.95,262.85,262.9,17350
2025-07-08T11:02:00+05:30,262.85,262.9,262.8,262.85,7441
2025-07-08T11:03:00+05:30,262.85,262.85,262.75,262.8,14130
2025-07-08T11:04:00+05:30,262.75,262.8,262.6,262.6,33484
2025-07-08T11:05:00+05:30,262.6,263.1,262.35,262.9,464916
2025-07-08T11:06:00+05:30,262.75,263.3,262.7,263.15,86703
2025-07-08T11:07:00+05:30,263.2,263.3,263.0,263.15,32856
2025-07-08T11:08:00+05:30,263.05,263.25,263.05,263.2,73423
2025-07-08T11:09:00+05:30,263.2,263.25,263.05,263.15,46414
2025-07-08T11:10:00+05:30,263.15,263.2,263.05,263.05,16326
2025-07-08T11:11:00+05:30,263.1,263.25,263.0,263.05,74820
2025-07-08T11:12:00+05:30,263.05,263.15,263.0,263.1,14023
2025-07-08T11:13:00+05:30,263.05,263.15,263.0,263.0,15823
2025-07-08T11:14:00+05:30,263.0,263.2,263.0,263.1,19107
2025-07-08T11:15:00+05:30,263.2,263.4,263.1,263.3,55988
2025-07-08T11:16:00+05:30,263.2,263.4,263.2,263.35,29521
2025-07-08T11:17:00+05:30,263.3,263.4,263.2,263.3,12871
2025-07-08T11:18:00+05:30,263.3,263.3,263.2,263.3,8502
2025-07-08T11:19:00+05:30,263.2,263.3,263.2,263.3,7866
2025-07-08T11:20:00+05:30,263.25,263.3,263.15,263.15,19405
2025-07-08T11:21:00+05:30,263.15,263.35,263.1,263.35,39513
2025-07-08T11:22:00+05:30,263.35,263.35,263.2,263.2,16126
2025-07-08T11:23:00+05:30,263.2,263.25,263.15,263.15,8275
2025-07-08T11:24:00+05:30,263.15,263.3,263.0,263.1,31039
2025-07-08T11:25:00+05:30,263.15,263.15,263.0,263.0,39214
2025-07-08T11:26:00+05:30,263.05,263.15,263.0,263.15,13960
2025-07-08T11:27:00+05:30,263.1,263.25,263.05,263.15,19916
2025-07-08T11:28:00+05:30,263.2,263.25,263.1,263.1,6430
2025-07-08T11:29:00+05:30,263.1,263.2,263.1,263.1,12572
2025-07-08T11:30:00+05:30,263.1,263.2,263.1,263.2,7974
2025-07-08T11:31:00+05:30,263.1,263.25,263.1,263.25,32829
2025-07-08T11:32:00+05:30,263.2,263.25,263.15,263.25,10935
2025-07-08T11:33:00+05:30,263.25,263.3,263.2,263.3,19266
2025-07-08T11:34:00+05:30,263.2,263.4,263.2,263.35,28212
2025-07-08T11:35:00+05:30,263.4,263.4,263.3,263.35,13969
2025-07-08T11:36:00+05:30,263.3,263.35,263.3,263.3,6530
2025-07-08T11:37:00+05:30,263.3,263.35,263.25,263.25,8433
2025-07-08T11:38:00+05:30,263.25,263.35,263.25,263.25,7643
2025-07-08T11:39:00+05:30,263.25,263.45,263.25,263.3,79963
2025-07-08T11:40:00+05:30,263.3,263.4,263.3,263.3,5008
2025-07-08T11:41:00+05:30,263.3,263.35,262.8,262.8,303986
2025-07-08T11:42:00+05:30,262.85,262.9,262.8,262.8,6310
2025-07-08T11:43:00+05:30,262.8,262.95,262.8,262.85,7641
2025-07-08T11:44:00+05:30,262.85,262.95,262.55,262.7,84497
2025-07-08T11:45:00+05:30,262.6,262.7,262.3,262.35,56088
2025-07-08T11:46:00+05:30,262.35,262.45,262.3,262.3,29490
2025-07-08T11:47:00+05:30,262.3,262.3,261.7,261.8,289928
2025-07-08T11:48:00+05:30,261.8,262.0,261.6,261.65,55049
2025-07-08T11:49:00+05:30,261.65,261.9,261.55,261.8,37178
2025-07-08T11:50:00+05:30,261.75,261.8,261.5,261.8,77802
2025-07-08T11:51:00+05:30,261.8,262.0,261.7,262.0,22521
2025-07-08T11:52:00+05:30,261.9,262.05,261.9,261.95,20731
2025-07-08T11:53:00+05:30,261.9,262.2,261.9,262.1,9771
2025-07-08T11:54:00+05:30,262.1,262.2,262.0,262.0,26378
2025-07-08T11:55:00+05:30,262.1,262.2,262.0,262.2,8752
2025-07-08T11:56:00+05:30,262.1,262.2,262.1,262.15,7403
2025-07-08T11:57:00+05:30,262.15,262.2,262.15,262.2,7951
2025-07-08T11:58:00+05:30,262.2,262.3,262.15,262.3,18844
2025-07-08T11:59:00+05:30,262.25,262.35,262.25,262.3,7781
2025-07-08T12:00:00+05:30,262.25,262.45,262.25,262.4,5338
2025-07-08T12:01:00+05:30,262.45,262.5,262.3,262.35,32514
2025-07-08T12:02:00+05:30,262.3,262.4,261.95,262.0,2101134
2025-07-08T12:03:00+05:30,262.05,262.2,261.95,262.0,16446
2025-07-08T12:04:00+05:30,262.05,262.1,261.9,261.9,5983
2025-07-08T12:05:00+05:30,261.9,262.0,261.9,262.0,11861
2025-07-08T12:06:00+05:30,261.95,262.0,261.9,261.9,8874
2025-07-08T12:07:00+05:30,261.95,262.0,261.9,262.0,8197
2025-07-08T12:08:00+05:30,261.95,262.0,261.95,262.0,9124
2025-07-08T12:09:00+05:30,261.95,262.05,261.95,262.0,16660
2025-07-08T12:10:00+05:30,262.05,262.05,261.95,262.0,12370
2025-07-08T12:11:00+05:30,262.0,262.05,262.0,262.0,7089
2025-07-08T12:12:00+05:30,262.0,262.1,262.0,262.1,13133
2025-07-08T12:13:00+05:30,262.1,262.2,262.05,262.15,12441
2025-07-08T12:14:00+05:30,262.1,262.25,262.1,262.15,14123
2025-07-08T12:15:00+05:30,262.15,262.3,262.15,262.25,8860
2025-07-08T12:16:00+05:30,262.25,262.3,262.15,262.15,28409
2025-07-08T12:17:00+05:30,262.15,262.2,262.15,262.2,7380
2025-07-08T12:18:00+05:30,262.15,262.2,262.1,262.15,11464
2025-07-08T12:19:00+05:30,262.15,262.2,262.1,262.15,16419
2025-07-08T12:20:00+05:30,262.1,262.4,262.1,262.25,89849
2025-07-08T12:21:00+05:30,262.2,262.25,262.0,262.05,19597
2025-07-08T12:22:00+05:30,262.05,262.05,261.5,261.65,97807
2025-07-08T12:23:00+05:30,261.7,262.0,261.65,261.9,13322
2025-07-08T12:24:00+05:30,261.85,262.0,261.8,262.0,10243
2025-07-08T12:25:00+05:30,262.0,262.2,261.95,262.2,11412
2025-07-08T12:26:00+05:30,262.2,262.4,262.15,262.35,15378
2025-07-08T12:27:00+05:30,262.3,262.5,262.3,262.45,30351
2025-07-08T12:28:00+05:30,262.4,262.45,262.15,262.35,149699
2025-07-08T12:29:00+05:30,262.35,262.45,262.3,262.4,11187
2025-07-08T12:30:00+05:30,262.35,262.45,262.35,262.45,10618
2025-07-08T12:31:00+05:30,262.45,262.45,262.35,262.4,11159
2025-07-08T12:32:00+05:30,262.4,262.4,262.3,262.35,10026
2025-07-08T12:33:00+05:30,262.4,262.4,262.35,262.4,10079
2025-07-08T12:34:00+05:30,262.4,262.4,262.35,262.4,8101
2025-07-08T12:35:00+05:30,262.4,262.4,262.25,262.3,14047
2025-07-08T12:36:00+05:30,262.3,262.3,262.15,262.2,19925
2025-07-08T12:37:00+05:30,262.25,262.3,262.1,262.25,9818
2025-07-08T12:38:00+05:30,262.2,262.3,262.0,262.25,78134
2025-07-08T12:39:00+05:30,262.25,262.3,262.15,262.25,13325
2025-07-08T12:40:00+05:30,262.25,262.4,262.2,262.4,6478
2025-07-08T12:41:00+05:30,262.35,262.35,262.0,262.15,38837
2025-07-08T12:42:00+05:30,262.15,262.4,262.15,262.3,21822
2025-07-08T12:43:00+05:30,262.3,262.4,262.25,262.4,12065
2025-07-08T12:44:00+05:30,262.4,262.4,262.15,262.25,11931
2025-07-08T12:45:00+05:30,262.2,262.4,262.2,262.3,13065
2025-07-08T12:46:00+05:30,262.3,262.3,262.1,262.25,9450
2025-07-08T12:47:00+05:30,262.2,262.25,262.05,262.15,22611
2025-07-08T12:48:00+05:30,262.1,262.15,262.05,262.15,13555
2025-07-08T12:49:00+05:30,262.15,262.3,262.05,262.3,12986
2025-07-08T12:50:00+05:30,262.3,262.4,262.3,262.4,8937
2025-07-08T12:51:00+05:30,262.4,262.4,262.2,262.3,20180
2025-07-08T12:52:00+05:30,262.3,262.4,262.25,262.3,24223
2025-07-08T12:53:00+05:30,262.25,262.25,261.95,262.2,37003
2025-07-08T12:54:00+05:30,262.2,262.2,262.1,262.15,9547
2025-07-08T12:55:00+05:30,262.15,262.25,262.1,262.2,13515
2025-07-08T12:56:00+05:30,262.2,262.2,262.05,262.15,14674
2025-07-08T12:57:00+05:30,262.1,262.15,262.1,262.15,9219
2025-07-08T12:58:00+05:30,262.15,262.15,262.0,262.05,19373
2025-07-08T12:59:00+05:30,262.05,262.05,262.0,262.0,18166
2025-07-08T13:00:00+05:30,262.05,262.1,262.0,262.1,12732
2025-07-08T13:01:00+05:30,262.1,262.1,261.95,261.95,33811
2025-07-08T13:02:00+05:30,261.95,262.1,261.95,262.1,42915
2025-07-08T13:03:00+05:30,262.1,262.15,261.95,262.15,17278
2025-07-08T13:04:00+05:30,262.15,262.2,261.95,262.0,46433
2025-07-08T13:05:00+05:30,261.95,262.5,261.95,262.25,105534
2025-07-08T13:06:00+05:30,262.3,262.9,262.25,262.6,177869
2025-07-08T13:07:00+05:30,262.6,262.7,262.5,262.65,31952
2025-07-08T13:08:00+05:30,262.7,262.75,262.6,262.7,23196
2025-07-08T13:09:00+05:30,262.7,262.7,262.5,262.65,14004
2025-07-08T13:10:00+05:30,262.65,262.7,262.6,262.7,11810
2025-07-08T13:11:00+05:30,262.7,262.8,262.65,262.8,17054
2025-07-08T13:12:00+05:30,262.8,262.85,262.7,262.75,11589
2025-07-08T13:13:00+05:30,262.75,262.8,262.65,262.75,7290
2025-07-08T13:14:00+05:30,262.7,262.85,262.65,262.8,14434
2025-07-08T13:15:00+05:30,262.85,263.0,262.8,263.0,15039
2025-07-08T13:16:00+05:30,263.0,263.0,262.85,262.9,71185
2025-07-08T13:17:00+05:30,262.95,263.0,262.8,262.85,26445
2025-07-08T13:18:00+05:30,262.85,263.1,262.8,263.05,91074
2025-07-08T13:19:00+05:30,263.1,263.2,263.05,263.2,14816
2025-07-08T13:20:00+05:30,263.15,263.2,263.1,263.15,21710
2025-07-08T13:21:00+05:30,263.1,263.15,263.05,263.1,8716
2025-07-08T13:22:00+05:30,263.15,263.2,263.05,263.1,17627
2025-07-08T13:23:00+05:30,263.05,263.2,263.05,263.2,11421
2025-07-08T13:24:00+05:30,263.1,263.2,263.1,263.1,12672
2025-07-08T13:25:00+05:30,263.15,263.2,263.1,263.15,8303
2025-07-08T13:26:00+05:30,263.2,263.2,263.1,263.15,22280
2025-07-08T13:27:00+05:30,263.15,263.15,263.1,263.15,6184
2025-07-08T13:28:00+05:30,263.15,263.3,263.0,263.15,86146
2025-07-08T13:29:00+05:30,263.2,263.35,263.15,263.35,18511
2025-07-08T13:30:00+05:30,263.35,263.35,263.0,263.25,50174
2025-07-08T13:31:00+05:30,263.15,263.3,262.95,262.95,119052
2025-07-08T13:32:00+05:30,263.0,263.0,262.9,263.0,35786
2025-07-08T13:33:00+05:30,263.0,263.0,262.9,262.95,10363
2025-07-08T13:34:00+05:30,262.95,263.0,262.85,262.9,19061
2025-07-08T13:35:00+05:30,262.95,262.95,262.85,262.9,7763
2025-07-08T13:36:00+05:30,262.9,262.95,262.8,262.9,27613
2025-07-08T13:37:00+05:30,262.95,263.0,262.9,263.0,5824
2025-07-08T13:38:00+05:30,262.95,263.0,262.95,262.95,10307
2025-07-08T13:39:00+05:30,262.95,263.0,262.95,262.95,9734
2025-07-08T13:40:00+05:30,263.0,263.1,262.95,263.05,17894
2025-07-08T13:41:00+05:30,263.05,263.1,263.0,263.05,8653
2025-07-08T13:42:00+05:30,263.1,263.15,263.05,263.05,6176
2025-07-08T13:43:00+05:30,263.1,263.25,263.05,263.15,20865
2025-07-08T13:44:00+05:30,263.2,263.2,263.05,263.05,14611
2025-07-08T13:45:00+05:30,263.1,263.1,263.05,263.05,2912
2025-07-08T13:46:00+05:30,263.1,263.2,263.05,263.15,16531
2025-07-08T13:47:00+05:30,263.15,263.2,263.1,263.1,5988
2025-07-08T13:48:00+05:30,263.15,263.2,263.05,263.1,13276
2025-07-08T13:49:00+05:30,263.1,263.15,263.05,263.05,9332
2025-07-08T13:50:00+05:30,263.1,263.1,263.05,263.05,6389
2025-07-08T13:51:00+05:30,263.05,263.1,263.0,263.1,12993
2025-07-08T13:52:00+05:30,263.1,263.1,263.0,263.05,9606
2025-07-08T13:53:00+05:30,263.05,263.05,263.0,263.0,20258
2025-07-08T13:54:00+05:30,263.05,263.05,262.9,263.0,33144
2025-07-08T13:55:00+05:30,263.05,263.05,262.95,263.0,7791
2025-07-08T13:56:00+05:30,263.0,263.05,263.0,263.0,5744
2025-07-08T13:57:00+05:30,263.0,263.15,263.0,263.15,22475
2025-07-08T13:58:00+05:30,263.15,263.25,263.1,263.2,34055
2025-07-08T13:59:00+05:30,263.2,263.6,263.2,263.5,149894
2025-07-08T14:00:00+05:30,263.5,263.55,263.5,263.5,11319
2025-07-08T14:01:00+05:30,263.55,263.8,263.5,263.5,94862
2025-07-08T14:02:00+05:30,263.5,263.65,263.45,263.55,106885
2025-07-08T14:03:00+05:30,263.55,263.7,263.5,263.5,38161
2025-07-08T14:04:00+05:30,263.55,263.65,263.5,263.55,11041
2025-07-08T14:05:00+05:30,263.55,263.6,263.5,263.55,17810
2025-07-08T14:06:00+05:30,263.55,263.6,263.45,263.5,74602
2025-07-08T14:07:00+05:30,263.55,263.55,263.45,263.5,24348
2025-07-08T14:08:00+05:30,263.5,263.6,263.45,263.5,28391
2025-07-08T14:09:00+05:30,263.45,263.75,263.45,263.7,62213
2025-07-08T14:10:00+05:30,263.75,263.8,263.5,263.7,52969
2025-07-08T14:11:00+05:30,263.75,263.75,263.5,263.5,51674
2025-07-08T14:12:00+05:30,263.55,263.55,263.5,263.55,12516
2025-07-08T14:13:00+05:30,263.55,263.55,263.5,263.5,14444
2025-07-08T14:14:00+05:30,263.5,263.55,263.5,263.55,32034
2025-07-08T14:15:00+05:30,263.55,263.55,263.45,263.55,38217
2025-07-08T14:16:00+05:30,263.55,263.55,263.45,263.5,13290
2025-07-08T14:17:00+05:30,263.45,263.6,263.4,263.55,45180
2025-07-08T14:18:00+05:30,263.55,263.7,263.5,263.65,21953
2025-07-08T14:19:00+05:30,263.65,263.65,263.5,263.6,9464
2025-07-08T14:20:00+05:30,263.55,263.6,263.5,263.55,33035
2025-07-08T14:21:00+05:30,263.55,263.55,263.5,263.5,16940
2025-07-08T14:22:00+05:30,263.55,263.55,263.35,263.5,137098
2025-07-08T14:23:00+05:30,263.5,263.55,263.5,263.55,9885
2025-07-08T14:24:00+05:30,263.5,263.55,263.35,263.45,71531
2025-07-08T14:25:00+05:30,263.4,263.55,263.35,263.5,32984
2025-07-08T14:26:00+05:30,263.55,263.55,263.45,263.5,20357
2025-07-08T14:27:00+05:30,263.55,263.55,263.5,263.55,35129
2025-07-08T14:28:00+05:30,263.5,263.55,263.5,263.5,19446
2025-07-08T14:29:00+05:30,263.55,263.55,263.4,263.45,80048
2025-07-08T14:30:00+05:30,263.4,263.45,263.4,263.4,16728
2025-07-08T14:31:00+05:30,263.4,263.55,263.35,263.4,30647
2025-07-08T14:32:00+05:30,263.4,263.5,263.4,263.45,5923
2025-07-08T14:33:00+05:30,263.45,263.5,263.3,263.3,12299
2025-07-08T14:34:00+05:30,263.3,263.3,263.15,263.15,43498
2025-07-08T14:35:00+05:30,263.2,263.25,263.1,263.2,7635
2025-07-08T14:36:00+05:30,263.1,263.2,263.0,263.05,59957
2025-07-08T14:37:00+05:30,263.05,263.15,263.0,263.1,13437
2025-07-08T14:38:00+05:30,263.05,263.15,263.0,263.15,13619
2025-07-08T14:39:00+05:30,263.1,263.15,263.05,263.05,7232
2025-07-08T14:40:00+05:30,263.1,263.1,263.05,263.05,10059
2025-07-08T14:41:00+05:30,263.1,263.1,263.0,263.05,47340
2025-07-08T14:42:00+05:30,263.05,263.25,263.05,263.2,21212
2025-07-08T14:43:00+05:30,263.2,263.25,263.1,263.1,12119
2025-07-08T14:44:00+05:30,263.1,263.15,263.05,263.05,32292
2025-07-08T14:45:00+05:30,263.15,263.15,263.0,263.05,48045
2025-07-08T14:46:00+05:30,263.1,263.1,263.0,263.1,17752
2025-07-08T14:47:00+05:30,263.1,263.2,263.05,263.2,13157
2025-07-08T14:48:00+05:30,263.2,263.3,263.1,263.2,17027
2025-07-08T14:49:00+05:30,263.15,263.3,263.1,263.25,15917
2025-07-08T14:50:00+05:30,263.2,263.3,263.0,263.15,53710
2025-07-08T14:51:00+05:30,263.15,263.25,263.1,263.1,10797
2025-07-08T14:52:00+05:30,263.15,263.2,263.1,263.15,27910
2025-07-08T14:53:00+05:30,263.1,263.15,263.05,263.15,11187
2025-07-08T14:54:00+05:30,263.1,263.15,263.05,263.05,9829
2025-07-08T14:55:00+05:30,263.1,263.25,263.05,263.25,18514
2025-07-08T14:56:00+05:30,263.25,263.25,263.15,263.15,8282
2025-07-08T14:57:00+05:30,263.2,263.3,263.15,263.3,12956
2025-07-08T14:58:00+05:30,263.3,263.3,263.2,263.2,9111
2025-07-08T14:59:00+05:30,263.25,263.5,263.2,263.4,59978
2025-07-08T15:00:00+05:30,263.35,263.4,263.25,263.35,56396
2025-07-08T15:01:00+05:30,263.35,263.4,263.3,263.4,37863
2025-07-08T15:02:00+05:30,263.4,263.4,263.35,263.35,44369
2025-07-08T15:03:00+05:30,263.4,263.4,263.3,263.35,31734
2025-07-08T15:04:00+05:30,263.4,263.4,263.3,263.35,43045
2025-07-08T15:05:00+05:30,263.3,263.4,263.3,263.35,53118
2025-07-08T15:06:00+05:30,263.4,263.5,263.35,263.45,161225
2025-07-08T15:07:00+05:30,263.5,263.7,263.45,263.65,102282
2025-07-08T15:08:00+05:30,263.65,263.65,263.55,263.55,72469
2025-07-08T15:09:00+05:30,263.6,263.65,263.55,263.6,45729
2025-07-08T15:10:00+05:30,263.65,263.65,263.35,263.35,106101
2025-07-08T15:11:00+05:30,263.4,263.4,263.1,263.2,184671
2025-07-08T15:12:00+05:30,263.2,263.6,263.2,263.55,96405
2025-07-08T15:13:00+05:30,263.55,263.65,263.55,263.6,58069
2025-07-08T15:14:00+05:30,263.65,263.7,263.5,263.6,94296
2025-07-08T15:15:00+05:30,263.65,263.7,263.5,263.65,112210
2025-07-08T15:16:00+05:30,263.6,263.75,263.5,263.6,180252
2025-07-08T15:17:00+05:30,263.6,263.7,263.55,263.65,90016
2025-07-08T15:18:00+05:30,263.6,263.65,263.5,263.55,106098
2025-07-08T15:19:00+05:30,263.5,263.65,263.5,263.6,87017
2025-07-08T15:20:00+05:30,263.6,263.7,263.5,263.6,172154
2025-07-08T15:21:00+05:30,263.55,263.7,263.55,263.6,80117
2025-07-08T15:22:00+05:30,263.6,263.65,263.55,263.6,56072
2025-07-08T15:23:00+05:30,263.55,263.6,263.55,263.6,52568
2025-07-08T15:24:00+05:30,263.55,263.65,263.5,263.55,115176
2025-07-08T15:25:00+05:30,263.6,263.65,263.55,263.65,72078
2025-07-08T15:26:00+05:30,263.6,263.65,263.55,263.6,73157
2025-07-08T15:27:00+05:30,263.55,263.65,263.55,263.55,42809
2025-07-08T15:28:00+05:30,263.6,263.65,263.5,263.55,60445
2025-07-08T15:29:00+05:30,263.55,263.65,263.5,263.65,66431
