time,open,high,low,close,volume
2025-06-09T09:15:00+05:30,208.99,209.72,208.57,209.25,133416
2025-06-09T09:16:00+05:30,209.17,209.77,208.55,208.99,74940
2025-06-09T09:17:00+05:30,208.86,209.81,208.85,209.25,59836
2025-06-09T09:18:00+05:30,209.13,209.62,209.11,209.4,54018
2025-06-09T09:19:00+05:30,209.36,209.6,208.96,209.47,87454
2025-06-09T09:20:00+05:30,209.57,209.57,209.15,209.29,15599
2025-06-09T09:21:00+05:30,209.24,209.33,208.8,209.0,39084
2025-06-09T09:22:00+05:30,209.05,209.05,208.8,208.84,19176
2025-06-09T09:23:00+05:30,208.84,208.93,208.27,208.27,53551
2025-06-09T09:24:00+05:30,208.32,208.66,208.05,208.5,54160
2025-06-09T09:25:00+05:30,208.6,208.87,208.48,208.74,34161
2025-06-09T09:26:00+05:30,208.85,208.86,208.61,208.78,9517
2025-06-09T09:27:00+05:30,208.79,208.79,208.47,208.63,23551
2025-06-09T09:28:00+05:30,208.63,208.63,208.25,208.34,11461
2025-06-09T09:29:00+05:30,208.33,208.33,208.05,208.23,7703
2025-06-09T09:30:00+05:30,208.1,208.4,208.09,208.36,7374
2025-06-09T09:31:00+05:30,208.23,208.29,208.1,208.15,12819
2025-06-09T09:32:00+05:30,208.19,208.29,208.06,208.16,10974
2025-06-09T09:33:00+05:30,208.16,208.19,208.01,208.14,22001
2025-06-09T09:34:00+05:30,208.14,208.18,208.01,208.01,14826
2025-06-09T09:35:00+05:30,208.08,208.5,208.01,208.1,76004
2025-06-09T09:36:00+05:30,208.1,208.5,208.02,208.36,24525
2025-06-09T09:37:00+05:30,208.4,208.5,208.22,208.34,11470
2025-06-09T09:38:00+05:30,208.34,208.63,208.3,208.6,11470
2025-06-09T09:39:00+05:30,208.49,208.64,208.4,208.51,6761
2025-06-09T09:40:00+05:30,208.5,208.69,208.4,208.64,3078
2025-06-09T09:41:00+05:30,208.63,208.79,208.54,208.68,16745
2025-06-09T09:42:00+05:30,208.64,208.69,208.61,208.65,7086
2025-06-09T09:43:00+05:30,208.65,209.13,208.61,209.02,120649
2025-06-09T09:44:00+05:30,209.03,209.59,209.03,209.5,171952
2025-06-09T09:45:00+05:30,209.5,209.95,209.5,209.95,57783
2025-06-09T09:46:00+05:30,209.97,210.34,209.96,210.22,44783
2025-06-09T09:47:00+05:30,210.29,210.29,210.0,210.17,66912
2025-06-09T09:48:00+05:30,210.18,210.29,209.8,209.9,103172
2025-06-09T09:49:00+05:30,209.9,209.99,209.74,209.8,14259
2025-06-09T09:50:00+05:30,209.82,209.85,209.22,209.45,47608
2025-06-09T09:51:00+05:30,209.31,209.69,209.25,209.69,94562
2025-06-09T09:52:00+05:30,209.62,209.69,209.58,209.68,8275
2025-06-09T09:53:00+05:30,209.67,209.67,209.3,209.35,24165
2025-06-09T09:54:00+05:30,209.35,209.54,209.3,209.42,5523
2025-06-09T09:55:00+05:30,209.37,209.61,209.37,209.61,3442
2025-06-09T09:56:00+05:30,209.5,210.13,209.5,210.09,31827
2025-06-09T09:57:00+05:30,210.12,210.12,209.9,209.92,12014
2025-06-09T09:58:00+05:30,209.78,209.9,209.78,209.8,6216
2025-06-09T09:59:00+05:30,209.87,209.87,209.7,209.74,8132
2025-06-09T10:00:00+05:30,209.77,209.86,209.74,209.8,5673
2025-06-09T10:01:00+05:30,209.8,209.95,209.74,209.89,6891
2025-06-09T10:02:00+05:30,209.89,209.89,209.61,209.64,8572
2025-06-09T10:03:00+05:30,209.78,209.8,209.6,209.66,2384
2025-06-09T10:04:00+05:30,209.66,209.92,209.6,209.87,17675
2025-06-09T10:05:00+05:30,209.77,210.0,209.77,209.9,4616
2025-06-09T10:06:00+05:30,209.98,210.1,209.86,210.0,10863
2025-06-09T10:07:00+05:30,210.0,210.15,209.94,210.14,8423
2025-06-09T10:08:00+05:30,210.14,210.33,210.02,210.28,19141
2025-06-09T10:09:00+05:30,210.33,210.71,210.27,210.4,52137
2025-06-09T10:10:00+05:30,210.41,210.6,210.16,210.32,118326
2025-06-09T10:11:00+05:30,210.44,210.5,210.25,210.3,7564
2025-06-09T10:12:00+05:30,210.25,210.3,210.07,210.2,8416
2025-06-09T10:13:00+05:30,210.2,210.2,210.07,210.15,2980
2025-06-09T10:14:00+05:30,210.15,210.19,210.09,210.09,3157
2025-06-09T10:15:00+05:30,210.15,210.26,210.14,210.19,6000
2025-06-09T10:16:00+05:30,210.19,210.3,210.12,210.3,7397
2025-06-09T10:17:00+05:30,210.2,210.3,210.11,210.19,13116
2025-06-09T10:18:00+05:30,210.29,210.32,210.17,210.28,4737
2025-06-09T10:19:00+05:30,210.25,210.47,210.21,210.37,6423
2025-06-09T10:20:00+05:30,210.46,210.47,210.26,210.4,6409
2025-06-09T10:21:00+05:30,210.4,210.7,210.37,210.7,46179
2025-06-09T10:22:00+05:30,210.7,210.85,210.62,210.75,14095
2025-06-09T10:23:00+05:30,210.72,210.77,210.7,210.72,29549
2025-06-09T10:24:00+05:30,210.77,211.1,210.73,211.1,172630
2025-06-09T10:25:00+05:30,211.0,211.47,211.0,211.19,133819
2025-06-09T10:26:00+05:30,211.16,211.5,211.0,211.29,118208
2025-06-09T10:27:00+05:30,211.29,211.34,210.85,211.0,36334
2025-06-09T10:28:00+05:30,211.07,211.07,210.88,210.89,24950
2025-06-09T10:29:00+05:30,211.0,211.11,210.89,211.01,17313
2025-06-09T10:30:00+05:30,210.99,211.1,210.92,210.92,9834
2025-06-09T10:31:00+05:30,210.92,211.07,210.9,210.96,9216
2025-06-09T10:32:00+05:30,211.0,211.24,210.89,211.16,15713
2025-06-09T10:33:00+05:30,211.24,211.3,211.0,211.19,16742
2025-06-09T10:34:00+05:30,211.25,211.4,210.86,210.95,26483
2025-06-09T10:35:00+05:30,210.95,211.05,210.8,210.88,15426
2025-06-09T10:36:00+05:30,210.8,210.91,210.61,210.7,16396
2025-06-09T10:37:00+05:30,210.75,210.99,210.65,210.86,4783
2025-06-09T10:38:00+05:30,210.73,210.92,210.67,210.82,4309
2025-06-09T10:39:00+05:30,210.7,211.13,210.7,211.0,27152
2025-06-09T10:40:00+05:30,210.99,211.1,210.84,210.99,12113
2025-06-09T10:41:00+05:30,211.1,211.25,211.0,211.11,31764
2025-06-09T10:42:00+05:30,211.12,211.25,211.09,211.16,9508
2025-06-09T10:43:00+05:30,211.15,211.48,211.1,211.13,54509
2025-06-09T10:44:00+05:30,211.13,211.43,211.07,211.26,11492
2025-06-09T10:45:00+05:30,211.26,211.58,211.15,211.48,81001
2025-06-09T10:46:00+05:30,211.5,211.74,211.32,211.41,52667
2025-06-09T10:47:00+05:30,211.51,211.64,211.35,211.43,14583
2025-06-09T10:48:00+05:30,211.46,211.59,211.4,211.49,9141
2025-06-09T10:49:00+05:30,211.5,211.7,211.32,211.7,22213
2025-06-09T10:50:00+05:30,211.7,211.81,211.6,211.78,40579
2025-06-09T10:51:00+05:30,211.8,212.08,211.8,212.08,125943
2025-06-09T10:52:00+05:30,212.09,212.23,211.99,212.06,59006
2025-06-09T10:53:00+05:30,212.13,212.25,211.99,212.25,45935
2025-06-09T10:54:00+05:30,212.25,212.29,212.08,212.21,30525
2025-06-09T10:55:00+05:30,212.21,212.27,212.05,212.06,11361
2025-06-09T10:56:00+05:30,212.06,212.4,212.01,212.26,89363
2025-06-09T10:57:00+05:30,212.26,212.35,212.06,212.35,22586
2025-06-09T10:58:00+05:30,212.39,212.6,212.32,212.39,58791
2025-06-09T10:59:00+05:30,212.39,212.45,212.24,212.29,19111
2025-06-09T11:00:00+05:30,212.35,212.5,212.29,212.37,22043
2025-06-09T11:01:00+05:30,212.4,212.5,212.3,212.33,13351
2025-06-09T11:02:00+05:30,212.33,212.44,212.2,212.25,22886
2025-06-09T11:03:00+05:30,212.3,212.3,212.2,212.21,8553
2025-06-09T11:04:00+05:30,212.3,212.3,212.15,212.27,18456
2025-06-09T11:05:00+05:30,212.27,212.3,212.0,212.05,10987
2025-06-09T11:06:00+05:30,212.05,212.1,211.7,211.85,18364
2025-06-09T11:07:00+05:30,211.85,211.88,211.65,211.79,17968
2025-06-09T11:08:00+05:30,211.84,211.87,211.7,211.76,6504
2025-06-09T11:09:00+05:30,211.76,211.76,211.66,211.71,5439
2025-06-09T11:10:00+05:30,211.75,211.87,211.64,211.73,14727
2025-06-09T11:11:00+05:30,211.83,211.9,211.66,211.7,7441
2025-06-09T11:12:00+05:30,211.79,211.86,211.69,211.74,5755
2025-06-09T11:13:00+05:30,211.82,212.25,211.71,212.25,29011
2025-06-09T11:14:00+05:30,212.25,212.29,212.11,212.2,14855
2025-06-09T11:15:00+05:30,212.2,212.24,212.04,212.05,5769
2025-06-09T11:16:00+05:30,212.14,212.14,211.95,212.03,6515
2025-06-09T11:17:00+05:30,212.09,212.09,211.85,211.98,7170
2025-06-09T11:18:00+05:30,211.98,211.99,211.86,211.95,3640
2025-06-09T11:19:00+05:30,211.95,212.0,211.85,212.0,5196
2025-06-09T11:20:00+05:30,211.96,212.09,211.95,212.07,4429
2025-06-09T11:21:00+05:30,212.07,212.1,211.98,212.1,4412
2025-06-09T11:22:00+05:30,212.1,212.18,212.0,212.01,11888
2025-06-09T11:23:00+05:30,212.1,212.21,211.98,212.11,18211
2025-06-09T11:24:00+05:30,212.19,212.25,212.1,212.11,4497
2025-06-09T11:25:00+05:30,212.16,212.3,212.09,212.3,7632
2025-06-09T11:26:00+05:30,212.3,212.45,212.24,212.39,12928
2025-06-09T11:27:00+05:30,212.39,212.43,212.2,212.37,11546
2025-06-09T11:28:00+05:30,212.37,212.4,212.23,212.26,3868
2025-06-09T11:29:00+05:30,212.27,212.43,212.19,212.22,12336
2025-06-09T11:30:00+05:30,212.23,212.35,212.2,212.35,10302
2025-06-09T11:31:00+05:30,212.35,212.35,212.12,212.3,18098
2025-06-09T11:32:00+05:30,212.35,212.8,212.29,212.61,41386
2025-06-09T11:33:00+05:30,212.61,212.8,212.61,212.78,22145
2025-06-09T11:34:00+05:30,212.79,213.0,212.79,212.99,63833
2025-06-09T11:35:00+05:30,212.99,213.15,212.95,213.13,108206
2025-06-09T11:36:00+05:30,213.13,213.27,213.06,213.21,35414
2025-06-09T11:37:00+05:30,213.26,213.29,213.02,213.02,37582
2025-06-09T11:38:00+05:30,213.13,213.4,213.03,213.3,41973
2025-06-09T11:39:00+05:30,213.36,213.5,213.2,213.44,28250
2025-06-09T11:40:00+05:30,213.36,213.48,213.22,213.25,22503
2025-06-09T11:41:00+05:30,213.26,213.3,213.01,213.1,18396
2025-06-09T11:42:00+05:30,213.1,213.16,212.88,212.98,50602
2025-06-09T11:43:00+05:30,212.98,213.0,212.87,212.9,23093
2025-06-09T11:44:00+05:30,213.0,213.19,212.9,213.1,33478
2025-06-09T11:45:00+05:30,213.11,213.13,213.0,213.0,19069
2025-06-09T11:46:00+05:30,213.0,213.05,212.92,212.92,4724
2025-06-09T11:47:00+05:30,212.93,213.0,212.89,212.91,5119
2025-06-09T11:48:00+05:30,212.95,213.05,212.9,213.0,5561
2025-06-09T11:49:00+05:30,213.07,213.11,213.0,213.09,23257
2025-06-09T11:50:00+05:30,213.1,213.1,213.0,213.09,10979
2025-06-09T11:51:00+05:30,213.09,213.1,213.0,213.0,10462
2025-06-09T11:52:00+05:30,213.05,213.23,213.0,213.18,15924
2025-06-09T11:53:00+05:30,213.23,213.4,213.17,213.23,17922
2025-06-09T11:54:00+05:30,213.25,213.29,213.0,213.0,5843
2025-06-09T11:55:00+05:30,213.08,213.09,212.85,212.99,21363
2025-06-09T11:56:00+05:30,212.99,213.0,212.81,213.0,9010
2025-06-09T11:57:00+05:30,213.0,213.09,212.93,212.98,5337
2025-06-09T11:58:00+05:30,213.0,213.0,212.92,213.0,15140
2025-06-09T11:59:00+05:30,213.0,213.1,213.0,213.01,5903
2025-06-09T12:00:00+05:30,213.0,213.06,212.87,212.89,6550
2025-06-09T12:01:00+05:30,212.9,212.98,212.86,212.97,6632
2025-06-09T12:02:00+05:30,212.97,213.05,212.86,213.0,18007
2025-06-09T12:03:00+05:30,213.05,213.29,212.97,213.29,44107
2025-06-09T12:04:00+05:30,213.29,213.39,213.16,213.16,16733
2025-06-09T12:05:00+05:30,213.2,213.24,213.01,213.06,8141
2025-06-09T12:06:00+05:30,213.06,213.11,212.95,213.01,12427
2025-06-09T12:07:00+05:30,213.01,213.01,212.91,212.92,4387
2025-06-09T12:08:00+05:30,213.0,213.15,212.95,213.01,12749
2025-06-09T12:09:00+05:30,213.01,213.11,212.89,213.0,10721
2025-06-09T12:10:00+05:30,213.0,213.1,212.91,213.0,13199
2025-06-09T12:11:00+05:30,213.0,213.11,212.94,213.0,5918
2025-06-09T12:12:00+05:30,213.0,213.1,212.94,213.04,3977
2025-06-09T12:13:00+05:30,213.1,213.19,213.0,213.19,9553
2025-06-09T12:14:00+05:30,213.11,213.19,213.07,213.18,7174
2025-06-09T12:15:00+05:30,213.18,213.24,213.06,213.15,12827
2025-06-09T12:16:00+05:30,213.23,213.24,212.91,212.97,221234
2025-06-09T12:17:00+05:30,213.0,213.15,212.95,213.03,85450
2025-06-09T12:18:00+05:30,213.13,213.18,213.02,213.1,8819
2025-06-09T12:19:00+05:30,213.13,213.15,213.02,213.13,8774
2025-06-09T12:20:00+05:30,213.13,213.15,213.0,213.0,6831
2025-06-09T12:21:00+05:30,213.0,213.05,213.0,213.0,7118
2025-06-09T12:22:00+05:30,213.01,213.1,213.0,213.06,8936
2025-06-09T12:23:00+05:30,213.1,213.19,213.01,213.19,8655
2025-06-09T12:24:00+05:30,213.19,213.19,213.05,213.08,2697
2025-06-09T12:25:00+05:30,213.06,213.25,213.06,213.15,12941
2025-06-09T12:26:00+05:30,213.2,213.23,213.09,213.1,4300
2025-06-09T12:27:00+05:30,213.15,213.5,213.01,213.42,409012
2025-06-09T12:28:00+05:30,213.38,213.48,213.28,213.4,9059
2025-06-09T12:29:00+05:30,213.4,213.75,213.4,213.65,125604
2025-06-09T12:30:00+05:30,213.61,213.75,213.5,213.54,156151
2025-06-09T12:31:00+05:30,213.55,213.62,213.41,213.41,16805
2025-06-09T12:32:00+05:30,213.41,213.41,213.26,213.27,13637
2025-06-09T12:33:00+05:30,213.38,213.47,213.28,213.47,12861
2025-06-09T12:34:00+05:30,213.41,213.48,213.36,213.44,5719
2025-06-09T12:35:00+05:30,213.4,213.45,213.36,213.37,4627
2025-06-09T12:36:00+05:30,213.37,213.48,213.3,213.3,10345
2025-06-09T12:37:00+05:30,213.35,213.35,213.04,213.05,31780
2025-06-09T12:38:00+05:30,213.01,213.01,212.83,212.98,32759
2025-06-09T12:39:00+05:30,212.98,213.02,212.0,212.9,328778
2025-06-09T12:40:00+05:30,212.9,212.9,212.51,212.64,22739
2025-06-09T12:41:00+05:30,212.64,212.76,212.55,212.58,12191
2025-06-09T12:42:00+05:30,212.58,212.88,212.3,212.75,268625
2025-06-09T12:43:00+05:30,212.75,212.85,212.62,212.77,16814
2025-06-09T12:44:00+05:30,212.77,212.88,212.7,212.75,8706
2025-06-09T12:45:00+05:30,212.74,212.77,212.22,212.4,148773
2025-06-09T12:46:00+05:30,212.4,212.4,212.27,212.31,36839
2025-06-09T12:47:00+05:30,212.4,212.4,212.25,212.35,87053
2025-06-09T12:48:00+05:30,212.37,212.4,212.31,212.4,17373
2025-06-09T12:49:00+05:30,212.4,212.4,212.35,212.39,5887
2025-06-09T12:50:00+05:30,212.4,212.4,212.35,212.4,13102
2025-06-09T12:51:00+05:30,212.39,212.4,212.35,212.35,5110
2025-06-09T12:52:00+05:30,212.4,212.63,212.35,212.61,67823
2025-06-09T12:53:00+05:30,212.66,212.66,212.52,212.52,13417
2025-06-09T12:54:00+05:30,212.6,212.62,212.5,212.56,12557
2025-06-09T12:55:00+05:30,212.56,212.6,212.45,212.6,4595
2025-06-09T12:56:00+05:30,212.6,212.63,212.45,212.59,7054
2025-06-09T12:57:00+05:30,212.59,212.59,212.49,212.55,3309
2025-06-09T12:58:00+05:30,212.55,212.55,212.51,212.55,2742
2025-06-09T12:59:00+05:30,212.51,212.55,212.35,212.44,9306
2025-06-09T13:00:00+05:30,212.41,212.44,212.35,212.4,3039
2025-06-09T13:01:00+05:30,212.4,212.55,212.3,212.5,12441
2025-06-09T13:02:00+05:30,212.55,212.55,212.37,212.48,2335
2025-06-09T13:03:00+05:30,212.48,212.55,212.36,212.48,1937
2025-06-09T13:04:00+05:30,212.48,212.59,212.42,212.59,6777
2025-06-09T13:05:00+05:30,212.59,212.6,212.51,212.59,3144
2025-06-09T13:06:00+05:30,212.59,212.64,212.5,212.64,5928
2025-06-09T13:07:00+05:30,212.64,212.64,212.45,212.6,9807
2025-06-09T13:08:00+05:30,212.6,212.6,212.49,212.59,4752
2025-06-09T13:09:00+05:30,212.57,212.7,212.51,212.6,54755
2025-06-09T13:10:00+05:30,212.6,212.65,212.5,212.6,37544
2025-06-09T13:11:00+05:30,212.6,212.6,212.53,212.6,4126
2025-06-09T13:12:00+05:30,212.6,212.6,212.5,212.6,8408
2025-06-09T13:13:00+05:30,212.55,212.6,212.55,212.6,7370
2025-06-09T13:14:00+05:30,212.6,212.6,212.52,212.52,3977
2025-06-09T13:15:00+05:30,212.54,212.6,212.54,212.56,1217
2025-06-09T13:16:00+05:30,212.56,212.79,212.56,212.79,29479
2025-06-09T13:17:00+05:30,212.8,212.9,212.75,212.86,5751
2025-06-09T13:18:00+05:30,212.9,212.99,212.87,212.92,12039
2025-06-09T13:19:00+05:30,212.98,212.98,212.86,212.87,4894
2025-06-09T13:20:00+05:30,212.87,212.89,212.67,212.84,13609
2025-06-09T13:21:00+05:30,212.84,212.86,212.72,212.86,3882
2025-06-09T13:22:00+05:30,212.86,212.89,212.67,212.75,3612
2025-06-09T13:23:00+05:30,212.75,212.76,212.67,212.74,1974
2025-06-09T13:24:00+05:30,212.74,212.78,212.66,212.75,5089
2025-06-09T13:25:00+05:30,212.72,212.8,212.65,212.79,11932
2025-06-09T13:26:00+05:30,212.71,212.8,212.69,212.78,2248
2025-06-09T13:27:00+05:30,212.78,212.83,212.69,212.77,2353
2025-06-09T13:28:00+05:30,212.77,213.15,212.77,213.01,109714
2025-06-09T13:29:00+05:30,213.05,213.17,212.95,213.06,20612
2025-06-09T13:30:00+05:30,213.12,213.16,213.0,213.0,7979
2025-06-09T13:31:00+05:30,213.0,213.17,213.0,213.01,8840
2025-06-09T13:32:00+05:30,213.01,213.09,212.95,213.05,2281
2025-06-09T13:33:00+05:30,213.0,213.08,212.95,212.97,4647
2025-06-09T13:34:00+05:30,213.0,213.07,212.95,212.95,9730
2025-06-09T13:35:00+05:30,213.0,213.06,212.9,213.06,3197
2025-06-09T13:36:00+05:30,212.94,213.0,212.91,212.91,9310
2025-06-09T13:37:00+05:30,212.93,213.0,212.92,212.98,4642
2025-06-09T13:38:00+05:30,212.94,213.07,212.93,212.95,5058
2025-06-09T13:39:00+05:30,212.96,213.07,212.95,212.97,3638
2025-06-09T13:40:00+05:30,212.96,213.0,212.9,212.96,5045
2025-06-09T13:41:00+05:30,212.96,212.99,212.75,212.75,31608
2025-06-09T13:42:00+05:30,212.75,212.8,212.66,212.75,2164
2025-06-09T13:43:00+05:30,212.7,212.77,212.58,212.7,8045
2025-06-09T13:44:00+05:30,212.64,212.7,212.64,212.65,2678
2025-06-09T13:45:00+05:30,212.7,212.8,212.65,212.76,1586
2025-06-09T13:46:00+05:30,212.76,212.99,212.69,212.86,11226
2025-06-09T13:47:00+05:30,212.97,213.0,212.87,213.0,2286
2025-06-09T13:48:00+05:30,213.0,213.1,212.9,213.03,11719
2025-06-09T13:49:00+05:30,213.08,213.14,213.02,213.06,4585
2025-06-09T13:50:00+05:30,213.06,213.11,212.91,213.01,13447
2025-06-09T13:51:00+05:30,213.01,213.14,212.95,213.04,11709
2025-06-09T13:52:00+05:30,213.0,213.08,212.9,212.99,2169
2025-06-09T13:53:00+05:30,212.99,213.0,212.91,212.93,7071
2025-06-09T13:54:00+05:30,212.93,212.98,212.86,212.9,4171
2025-06-09T13:55:00+05:30,212.86,212.9,212.7,212.81,5963
2025-06-09T13:56:00+05:30,212.81,212.85,212.71,212.8,6325
2025-06-09T13:57:00+05:30,212.76,212.8,212.71,212.8,869
2025-06-09T13:58:00+05:30,212.8,212.83,212.65,212.82,12519
2025-06-09T13:59:00+05:30,212.82,212.9,212.72,212.88,3422
2025-06-09T14:00:00+05:30,212.88,212.95,212.78,212.95,7249
2025-06-09T14:01:00+05:30,212.95,212.99,212.87,212.99,7819
2025-06-09T14:02:00+05:30,212.99,213.1,212.93,213.06,17812
2025-06-09T14:03:00+05:30,213.0,213.01,212.86,212.95,7600
2025-06-09T14:04:00+05:30,212.95,212.98,212.86,212.92,5331
2025-06-09T14:05:00+05:30,212.86,212.99,212.86,212.9,3019
2025-06-09T14:06:00+05:30,212.95,213.05,212.9,213.0,10798
2025-06-09T14:07:00+05:30,213.0,213.07,212.96,212.97,3341
2025-06-09T14:08:00+05:30,213.0,213.05,212.95,212.95,5911
2025-06-09T14:09:00+05:30,212.95,213.04,212.9,212.94,4771
2025-06-09T14:10:00+05:30,212.94,213.06,212.9,213.06,14141
2025-06-09T14:11:00+05:30,213.0,213.09,212.95,213.0,5631
2025-06-09T14:12:00+05:30,213.0,213.06,212.95,213.0,7034
2025-06-09T14:13:00+05:30,213.0,213.0,212.95,213.0,2634
2025-06-09T14:14:00+05:30,212.96,213.0,212.96,213.0,2130
2025-06-09T14:15:00+05:30,212.96,213.0,212.8,212.83,10089
2025-06-09T14:16:00+05:30,212.83,212.84,212.71,212.72,4481
2025-06-09T14:17:00+05:30,212.72,212.85,212.71,212.8,6298
2025-06-09T14:18:00+05:30,212.8,212.94,212.72,212.93,14458
2025-06-09T14:19:00+05:30,212.93,212.93,212.78,212.89,5121
2025-06-09T14:20:00+05:30,212.89,212.93,212.76,212.8,4555
2025-06-09T14:21:00+05:30,212.8,212.9,212.75,212.87,4517
2025-06-09T14:22:00+05:30,212.87,212.94,212.8,212.85,4883
2025-06-09T14:23:00+05:30,212.94,212.95,212.8,212.89,5367
2025-06-09T14:24:00+05:30,212.89,212.95,212.81,212.89,1547
2025-06-09T14:25:00+05:30,212.81,212.91,212.81,212.83,1907
2025-06-09T14:26:00+05:30,212.85,212.85,212.75,212.76,3911
2025-06-09T14:27:00+05:30,212.84,212.85,212.75,212.85,2620
2025-06-09T14:28:00+05:30,212.8,212.98,212.8,212.88,12283
2025-06-09T14:29:00+05:30,212.97,212.97,212.83,212.92,1953
2025-06-09T14:30:00+05:30,212.92,212.95,212.84,212.9,9250
2025-06-09T14:31:00+05:30,212.9,212.95,212.84,212.85,4515
2025-06-09T14:32:00+05:30,212.85,212.94,212.84,212.86,3825
2025-06-09T14:33:00+05:30,212.95,212.97,212.85,212.86,4850
2025-06-09T14:34:00+05:30,212.86,212.97,212.85,212.97,6240
2025-06-09T14:35:00+05:30,212.97,212.99,212.83,212.95,4898
2025-06-09T14:36:00+05:30,212.95,213.0,212.88,213.0,4002
2025-06-09T14:37:00+05:30,212.89,213.0,212.87,212.87,2192
2025-06-09T14:38:00+05:30,212.88,212.95,212.87,212.94,3105
2025-06-09T14:39:00+05:30,212.94,212.98,212.9,212.9,4761
2025-06-09T14:40:00+05:30,212.9,212.9,212.8,212.88,13053
2025-06-09T14:41:00+05:30,212.88,212.9,212.76,212.76,11533
2025-06-09T14:42:00+05:30,212.8,212.88,212.77,212.87,6704
2025-06-09T14:43:00+05:30,212.87,213.0,212.78,212.95,25634
2025-06-09T14:44:00+05:30,212.95,212.95,212.82,212.82,8195
2025-06-09T14:45:00+05:30,212.9,212.91,212.8,212.8,3808
2025-06-09T14:46:00+05:30,212.85,212.91,212.8,212.82,2620
2025-06-09T14:47:00+05:30,212.89,212.9,212.8,212.8,31369
2025-06-09T14:48:00+05:30,212.81,212.88,212.71,212.75,26540
2025-06-09T14:49:00+05:30,212.8,212.87,212.75,212.81,3540
2025-06-09T14:50:00+05:30,212.86,212.86,212.8,212.81,1474
2025-06-09T14:51:00+05:30,212.85,212.99,212.82,212.9,22032
2025-06-09T14:52:00+05:30,212.9,212.99,212.87,212.95,4043
2025-06-09T14:53:00+05:30,212.95,212.99,212.87,212.94,3286
2025-06-09T14:54:00+05:30,212.94,212.98,212.87,212.9,6050
2025-06-09T14:55:00+05:30,212.95,212.96,212.81,212.9,4534
2025-06-09T14:56:00+05:30,212.9,212.9,212.82,212.9,5126
2025-06-09T14:57:00+05:30,212.9,212.98,212.8,212.89,7599
2025-06-09T14:58:00+05:30,212.89,212.92,212.81,212.83,3231
2025-06-09T14:59:00+05:30,212.83,212.91,212.44,212.69,277805
2025-06-09T15:00:00+05:30,212.69,212.75,212.45,212.63,56767
2025-06-09T15:01:00+05:30,212.68,212.75,212.6,212.74,21004
2025-06-09T15:02:00+05:30,212.74,212.74,212.5,212.71,60822
2025-06-09T15:03:00+05:30,212.72,212.97,212.67,212.77,34534
2025-06-09T15:04:00+05:30,212.85,212.87,212.67,212.84,60150
2025-06-09T15:05:00+05:30,212.84,212.84,212.66,212.69,11661
2025-06-09T15:06:00+05:30,212.69,212.7,212.61,212.67,10900
2025-06-09T15:07:00+05:30,212.69,212.74,212.67,212.73,17062
2025-06-09T15:08:00+05:30,212.73,212.74,212.65,212.71,19723
2025-06-09T15:09:00+05:30,212.71,212.74,212.66,212.72,6154
2025-06-09T15:10:00+05:30,212.74,212.74,212.6,212.63,41275
2025-06-09T15:11:00+05:30,212.64,212.74,212.6,212.74,14240
2025-06-09T15:12:00+05:30,212.74,212.74,212.55,212.61,25749
2025-06-09T15:13:00+05:30,212.62,212.7,212.55,212.59,18825
2025-06-09T15:14:00+05:30,212.59,212.71,212.45,212.71,50096
2025-06-09T15:15:00+05:30,212.7,212.7,212.25,212.51,138725
2025-06-09T15:16:00+05:30,212.62,212.69,212.5,212.59,43725
2025-06-09T15:17:00+05:30,212.64,212.69,212.56,212.69,20247
2025-06-09T15:18:00+05:30,212.69,212.75,212.6,212.69,34119
2025-06-09T15:19:00+05:30,212.69,212.72,212.6,212.6,35001
2025-06-09T15:20:00+05:30,212.71,212.75,212.53,212.7,54525
2025-06-09T15:21:00+05:30,212.7,212.79,212.65,212.75,24083
2025-06-09T15:22:00+05:30,212.77,212.77,212.66,212.72,24503
2025-06-09T15:23:00+05:30,212.72,212.74,212.67,212.71,9025
2025-06-09T15:24:00+05:30,212.71,212.76,212.6,212.63,20542
2025-06-09T15:25:00+05:30,212.63,212.87,212.49,212.62,62529
2025-06-09T15:26:00+05:30,212.62,212.79,212.52,212.64,28346
2025-06-09T15:27:00+05:30,212.64,212.76,212.31,212.63,26340
2025-06-09T15:28:00+05:30,212.63,213.0,212.2,212.2,126638
2025-06-09T15:29:00+05:30,212.71,213.1,212.35,213.05,165429
2025-06-10T09:15:00+05:30,213.21,213.83,212.74,213.5,123818
2025-06-10T09:16:00+05:30,213.5,213.61,213.0,213.0,44552
2025-06-10T09:17:00+05:30,213.0,213.38,212.86,213.29,87872
2025-06-10T09:18:00+05:30,213.3,213.5,213.0,213.17,72833
2025-06-10T09:19:00+05:30,213.18,213.18,213.0,213.1,25506
2025-06-10T09:20:00+05:30,213.1,213.1,212.92,213.02,28455
2025-06-10T09:21:00+05:30,212.92,213.29,212.92,213.23,43051
2025-06-10T09:22:00+05:30,213.14,213.39,213.05,213.2,22565
2025-06-10T09:23:00+05:30,213.05,213.43,213.03,213.05,85983
2025-06-10T09:24:00+05:30,213.12,213.2,212.82,213.02,41750
2025-06-10T09:25:00+05:30,213.03,213.15,212.5,212.56,96882
2025-06-10T09:26:00+05:30,212.56,213.44,212.55,213.32,95023
2025-06-10T09:27:00+05:30,213.31,213.63,213.06,213.5,67595
2025-06-10T09:28:00+05:30,213.57,213.85,213.49,213.69,25673
2025-06-10T09:29:00+05:30,213.69,213.86,213.28,213.64,96891
2025-06-10T09:30:00+05:30,213.74,213.75,213.34,213.48,47450
2025-06-10T09:31:00+05:30,213.48,213.7,213.21,213.26,30699
2025-06-10T09:32:00+05:30,213.34,213.62,213.22,213.55,17677
2025-06-10T09:33:00+05:30,213.43,213.66,213.4,213.66,15684
2025-06-10T09:34:00+05:30,213.68,213.68,213.45,213.65,13209
2025-06-10T09:35:00+05:30,213.65,214.19,213.6,214.12,103365
2025-06-10T09:36:00+05:30,214.12,214.15,214.0,214.13,16050
2025-06-10T09:37:00+05:30,214.11,214.15,213.94,214.14,52402
2025-06-10T09:38:00+05:30,214.05,214.4,214.0,214.0,70703
2025-06-10T09:39:00+05:30,214.1,214.25,214.0,214.17,60066
2025-06-10T09:40:00+05:30,214.09,214.22,214.03,214.16,38564
2025-06-10T09:41:00+05:30,214.16,214.35,214.08,214.35,50324
2025-06-10T09:42:00+05:30,214.35,214.43,214.26,214.38,42877
2025-06-10T09:43:00+05:30,214.3,214.45,214.05,214.16,71011
2025-06-10T09:44:00+05:30,214.05,214.16,214.0,214.01,79171
2025-06-10T09:45:00+05:30,214.01,214.13,214.0,214.0,28790
2025-06-10T09:46:00+05:30,214.05,214.1,213.6,213.88,137391
2025-06-10T09:47:00+05:30,213.8,213.85,213.75,213.83,25105
2025-06-10T09:48:00+05:30,213.83,213.9,213.7,213.79,33529
2025-06-10T09:49:00+05:30,213.79,213.8,213.7,213.75,17557
2025-06-10T09:50:00+05:30,213.79,213.85,213.75,213.83,19341
2025-06-10T09:51:00+05:30,213.83,213.85,213.32,213.38,102409
2025-06-10T09:52:00+05:30,213.31,213.56,213.21,213.5,30722
2025-06-10T09:53:00+05:30,213.5,213.6,213.41,213.5,20131
2025-06-10T09:54:00+05:30,213.5,213.7,213.5,213.6,39114
2025-06-10T09:55:00+05:30,213.6,213.82,213.5,213.77,73053
2025-06-10T09:56:00+05:30,213.75,213.88,213.65,213.65,22069
2025-06-10T09:57:00+05:30,213.8,213.8,213.65,213.75,32067
2025-06-10T09:58:00+05:30,213.75,213.79,213.56,213.76,96462
2025-06-10T09:59:00+05:30,213.75,213.8,213.41,213.55,99334
2025-06-10T10:00:00+05:30,213.56,213.73,213.48,213.62,12572
2025-06-10T10:01:00+05:30,213.62,213.65,213.55,213.58,7597
2025-06-10T10:02:00+05:30,213.58,213.6,213.52,213.6,5758
2025-06-10T10:03:00+05:30,213.56,213.72,213.55,213.61,13041
2025-06-10T10:04:00+05:30,213.72,213.76,213.6,213.74,12942
2025-06-10T10:05:00+05:30,213.63,213.8,213.62,213.71,18866
2025-06-10T10:06:00+05:30,213.8,213.85,213.55,213.7,240458
2025-06-10T10:07:00+05:30,213.76,213.87,213.7,213.75,10536
2025-06-10T10:08:00+05:30,213.7,213.76,213.65,213.7,25982
2025-06-10T10:09:00+05:30,213.75,213.76,213.65,213.76,12397
2025-06-10T10:10:00+05:30,213.76,213.84,213.7,213.75,10124
2025-06-10T10:11:00+05:30,213.75,213.84,213.7,213.82,6721
2025-06-10T10:12:00+05:30,213.75,213.85,213.7,213.84,11402
2025-06-10T10:13:00+05:30,213.75,213.84,213.75,213.75,5613
2025-06-10T10:14:00+05:30,213.75,213.83,213.75,213.75,7777
2025-06-10T10:15:00+05:30,213.75,213.79,213.75,213.79,7035
2025-06-10T10:16:00+05:30,213.76,213.79,213.75,213.75,6292
2025-06-10T10:17:00+05:30,213.75,213.79,213.7,213.75,25903
2025-06-10T10:18:00+05:30,213.75,213.77,213.31,213.39,59857
2025-06-10T10:19:00+05:30,213.32,213.5,213.06,213.36,52559
2025-06-10T10:20:00+05:30,213.49,213.58,213.25,213.57,13313
2025-06-10T10:21:00+05:30,213.51,213.85,213.46,213.85,14869
2025-06-10T10:22:00+05:30,213.79,213.87,213.72,213.85,11336
2025-06-10T10:23:00+05:30,213.85,213.87,213.72,213.79,10522
2025-06-10T10:24:00+05:30,213.7,213.83,213.7,213.7,5155
2025-06-10T10:25:00+05:30,213.7,214.13,213.7,214.1,46991
2025-06-10T10:26:00+05:30,214.1,214.1,213.89,214.0,34002
2025-06-10T10:27:00+05:30,214.0,214.09,213.86,214.09,35321
2025-06-10T10:28:00+05:30,214.0,214.08,214.0,214.07,4543
2025-06-10T10:29:00+05:30,214.05,214.1,214.0,214.0,13251
2025-06-10T10:30:00+05:30,214.0,214.09,213.91,214.0,12033
2025-06-10T10:31:00+05:30,214.0,214.07,213.82,214.0,67281
2025-06-10T10:32:00+05:30,214.0,214.08,213.87,213.89,92388
2025-06-10T10:33:00+05:30,213.87,213.87,213.75,213.85,9517
2025-06-10T10:34:00+05:30,213.85,213.85,213.66,213.75,23967
2025-06-10T10:35:00+05:30,213.75,213.8,213.75,213.75,6077
2025-06-10T10:36:00+05:30,213.75,213.84,213.7,213.76,14164
2025-06-10T10:37:00+05:30,213.75,213.85,213.75,213.8,4505
2025-06-10T10:38:00+05:30,213.76,213.85,213.76,213.8,4814
2025-06-10T10:39:00+05:30,213.8,213.85,213.8,213.85,6514
2025-06-10T10:40:00+05:30,213.85,213.85,213.78,213.85,5504
2025-06-10T10:41:00+05:30,213.78,214.1,213.76,214.02,37781
2025-06-10T10:42:00+05:30,214.0,214.06,214.0,214.05,7883
2025-06-10T10:43:00+05:30,214.0,214.05,213.97,214.03,13157
2025-06-10T10:44:00+05:30,214.03,214.05,214.0,214.0,6966
2025-06-10T10:45:00+05:30,214.03,214.1,213.91,214.03,53293
2025-06-10T10:46:00+05:30,214.03,214.1,214.0,214.01,17717
2025-06-10T10:47:00+05:30,214.01,214.2,214.0,214.15,15942
2025-06-10T10:48:00+05:30,214.14,214.2,214.1,214.15,10031
2025-06-10T10:49:00+05:30,214.1,214.2,214.1,214.2,38572
2025-06-10T10:50:00+05:30,214.15,214.2,214.07,214.09,13148
2025-06-10T10:51:00+05:30,214.12,214.19,213.9,214.02,23822
2025-06-10T10:52:00+05:30,214.0,214.08,214.0,214.08,8927
2025-06-10T10:53:00+05:30,214.05,214.08,213.98,214.06,10749
2025-06-10T10:54:00+05:30,214.0,214.06,214.0,214.01,9297
2025-06-10T10:55:00+05:30,214.01,214.06,213.92,214.05,9892
2025-06-10T10:56:00+05:30,214.0,214.06,213.75,213.75,70108
2025-06-10T10:57:00+05:30,213.7,213.74,213.52,213.63,42020
2025-06-10T10:58:00+05:30,213.56,213.71,213.5,213.56,14202
2025-06-10T10:59:00+05:30,213.56,213.63,213.51,213.54,7243
2025-06-10T11:00:00+05:30,213.6,213.63,213.4,213.43,14855
2025-06-10T11:01:00+05:30,213.51,213.51,213.38,213.5,7801
2025-06-10T11:02:00+05:30,213.41,213.49,213.3,213.31,6122
2025-06-10T11:03:00+05:30,213.39,213.5,213.3,213.47,17188
2025-06-10T11:04:00+05:30,213.39,213.45,213.3,213.31,4102
2025-06-10T11:05:00+05:30,213.31,213.45,213.31,213.36,6262
2025-06-10T11:06:00+05:30,213.36,213.49,213.1,213.21,25231
2025-06-10T11:07:00+05:30,213.21,213.21,213.04,213.04,12527
2025-06-10T11:08:00+05:30,213.1,213.1,213.0,213.08,35800
2025-06-10T11:09:00+05:30,213.08,213.2,213.0,213.2,14609
2025-06-10T11:10:00+05:30,213.13,213.2,213.1,213.16,6216
2025-06-10T11:11:00+05:30,213.15,213.35,213.0,213.35,18747
2025-06-10T11:12:00+05:30,213.34,213.6,213.21,213.6,7524
2025-06-10T11:13:00+05:30,213.65,213.68,213.5,213.56,30169
2025-06-10T11:14:00+05:30,213.51,213.54,213.38,213.5,15047
2025-06-10T11:15:00+05:30,213.5,213.56,213.41,213.5,13386
2025-06-10T11:16:00+05:30,213.5,213.54,213.28,213.5,107034
2025-06-10T11:17:00+05:30,213.5,213.51,213.34,213.5,131072
2025-06-10T11:18:00+05:30,213.5,213.6,213.36,213.5,58994
2025-06-10T11:19:00+05:30,213.5,213.56,213.21,213.36,161920
2025-06-10T11:20:00+05:30,213.41,213.54,213.36,213.5,104689
2025-06-10T11:21:00+05:30,213.5,213.5,213.19,213.3,21827
2025-06-10T11:22:00+05:30,213.25,213.5,213.22,213.5,11752
2025-06-10T11:23:00+05:30,213.43,213.5,213.26,213.34,15915
2025-06-10T11:24:00+05:30,213.34,213.44,213.3,213.31,4036
2025-06-10T11:25:00+05:30,213.31,213.35,213.3,213.31,8835
2025-06-10T11:26:00+05:30,213.3,213.4,213.3,213.33,4218
2025-06-10T11:27:00+05:30,213.31,213.4,213.25,213.33,6839
2025-06-10T11:28:00+05:30,213.31,213.33,213.17,213.31,25140
2025-06-10T11:29:00+05:30,213.3,213.36,213.23,213.35,45947
2025-06-10T11:30:00+05:30,213.36,213.36,213.29,213.3,39441
2025-06-10T11:31:00+05:30,213.3,213.32,213.23,213.31,11410
2025-06-10T11:32:00+05:30,213.3,213.31,213.3,213.31,4721
2025-06-10T11:33:00+05:30,213.3,213.31,213.2,213.3,34445
2025-06-10T11:34:00+05:30,213.3,213.31,212.72,212.75,74133
2025-06-10T11:35:00+05:30,212.75,212.75,212.56,212.6,12468
2025-06-10T11:36:00+05:30,212.6,212.6,212.41,212.46,31559
2025-06-10T11:37:00+05:30,212.5,212.53,212.4,212.4,18021
2025-06-10T11:38:00+05:30,212.4,212.71,212.4,212.7,18527
2025-06-10T11:39:00+05:30,212.7,212.71,212.55,212.71,7046
2025-06-10T11:40:00+05:30,212.71,212.71,212.4,212.45,12561
2025-06-10T11:41:00+05:30,212.4,212.7,212.4,212.62,7778
2025-06-10T11:42:00+05:30,212.62,212.72,212.6,212.61,17774
2025-06-10T11:43:00+05:30,212.61,212.86,212.6,212.85,6507
2025-06-10T11:44:00+05:30,212.76,212.9,212.72,212.9,8486
2025-06-10T11:45:00+05:30,212.9,212.9,212.79,212.89,4663
2025-06-10T11:46:00+05:30,212.82,212.9,212.75,212.87,7516
2025-06-10T11:47:00+05:30,212.86,212.87,212.7,212.71,5197
2025-06-10T11:48:00+05:30,212.7,212.8,212.63,212.8,6176
2025-06-10T11:49:00+05:30,212.73,213.09,212.73,212.86,19387
2025-06-10T11:50:00+05:30,212.86,212.9,212.7,212.79,17736
2025-06-10T11:51:00+05:30,212.71,212.88,212.69,212.83,11744
2025-06-10T11:52:00+05:30,212.76,212.79,212.64,212.67,13430
2025-06-10T11:53:00+05:30,212.67,212.8,212.64,212.75,17043
2025-06-10T11:54:00+05:30,212.7,212.75,212.64,212.64,16367
2025-06-10T11:55:00+05:30,212.65,212.74,212.38,212.45,36753
2025-06-10T11:56:00+05:30,212.39,212.45,212.31,212.45,14772
2025-06-10T11:57:00+05:30,212.45,212.5,212.38,212.45,6476
2025-06-10T11:58:00+05:30,212.4,212.44,212.0,212.1,110143
2025-06-10T11:59:00+05:30,212.1,212.2,212.01,212.11,21106
2025-06-10T12:00:00+05:30,212.17,212.28,212.11,212.12,19293
2025-06-10T12:01:00+05:30,212.13,212.39,212.1,212.11,27296
2025-06-10T12:02:00+05:30,212.12,212.2,212.0,212.0,37738
2025-06-10T12:03:00+05:30,212.0,212.35,212.0,212.14,41815
2025-06-10T12:04:00+05:30,212.06,212.23,212.05,212.07,17873
2025-06-10T12:05:00+05:30,212.07,212.17,212.02,212.03,13086
2025-06-10T12:06:00+05:30,212.04,212.09,212.0,212.0,15921
2025-06-10T12:07:00+05:30,212.0,212.16,211.89,212.03,19049
2025-06-10T12:08:00+05:30,212.03,212.16,212.0,212.09,13222
2025-06-10T12:09:00+05:30,212.09,212.21,212.05,212.08,19298
2025-06-10T12:10:00+05:30,212.08,212.4,212.08,212.21,14564
2025-06-10T12:11:00+05:30,212.2,212.34,212.1,212.14,13793
2025-06-10T12:12:00+05:30,212.19,212.2,212.11,212.11,13632
2025-06-10T12:13:00+05:30,212.22,212.26,212.05,212.1,12463
2025-06-10T12:14:00+05:30,212.09,212.23,212.09,212.1,11621
2025-06-10T12:15:00+05:30,212.11,212.25,212.04,212.06,13110
2025-06-10T12:16:00+05:30,212.07,212.23,212.06,212.13,11898
2025-06-10T12:17:00+05:30,212.13,212.22,212.0,212.02,18854
2025-06-10T12:18:00+05:30,212.01,212.19,211.99,212.04,20292
2025-06-10T12:19:00+05:30,212.07,212.19,212.01,212.03,18233
2025-06-10T12:20:00+05:30,212.02,212.03,211.91,212.0,10806
2025-06-10T12:21:00+05:30,211.97,212.0,211.89,211.98,9295
2025-06-10T12:22:00+05:30,211.9,212.0,211.89,211.97,10882
2025-06-10T12:23:00+05:30,211.97,212.0,211.87,211.88,7670
2025-06-10T12:24:00+05:30,211.88,211.99,211.85,211.99,11731
2025-06-10T12:25:00+05:30,211.91,211.99,211.9,211.91,7244
2025-06-10T12:26:00+05:30,211.9,211.93,211.8,211.85,31085
2025-06-10T12:27:00+05:30,211.85,211.92,211.8,211.88,20344
2025-06-10T12:28:00+05:30,211.84,211.92,211.7,211.79,10666
2025-06-10T12:29:00+05:30,211.71,211.96,211.68,211.71,25030
2025-06-10T12:30:00+05:30,211.78,211.78,211.67,211.71,11454
2025-06-10T12:31:00+05:30,211.71,211.76,211.61,211.66,12198
2025-06-10T12:32:00+05:30,211.65,211.7,211.61,211.7,13747
2025-06-10T12:33:00+05:30,211.67,211.7,211.54,211.64,14412
2025-06-10T12:34:00+05:30,211.58,211.63,211.54,211.62,9913
2025-06-10T12:35:00+05:30,211.57,211.62,211.54,211.54,7085
2025-06-10T12:36:00+05:30,211.54,211.54,211.5,211.51,8362
2025-06-10T12:37:00+05:30,211.51,211.75,211.51,211.66,23793
2025-06-10T12:38:00+05:30,211.66,211.78,211.54,211.67,22361
2025-06-10T12:39:00+05:30,211.54,211.67,211.39,211.48,49799
2025-06-10T12:40:00+05:30,211.41,211.46,211.3,211.36,26025
2025-06-10T12:41:00+05:30,211.31,211.36,211.13,211.18,30628
2025-06-10T12:42:00+05:30,211.25,211.36,211.14,211.27,15231
2025-06-10T12:43:00+05:30,211.27,211.36,211.26,211.35,10908
2025-06-10T12:44:00+05:30,211.28,211.38,211.26,211.3,15314
2025-06-10T12:45:00+05:30,211.27,211.37,211.24,211.29,21592
2025-06-10T12:46:00+05:30,211.29,211.49,211.26,211.47,11972
2025-06-10T12:47:00+05:30,211.47,211.49,211.27,211.3,15911
2025-06-10T12:48:00+05:30,211.3,211.45,211.2,211.21,29732
2025-06-10T12:49:00+05:30,211.21,211.35,211.2,211.2,19039
2025-06-10T12:50:00+05:30,211.21,211.34,211.16,211.17,34064
2025-06-10T12:51:00+05:30,211.17,211.34,211.16,211.18,11199
2025-06-10T12:52:00+05:30,211.19,211.3,211.16,211.21,15614
2025-06-10T12:53:00+05:30,211.23,211.34,211.16,211.21,11858
2025-06-10T12:54:00+05:30,211.21,211.42,211.13,211.26,35594
2025-06-10T12:55:00+05:30,211.23,211.34,211.15,211.3,25118
2025-06-10T12:56:00+05:30,211.3,211.32,211.14,211.24,12869
2025-06-10T12:57:00+05:30,211.24,211.25,211.15,211.24,12104
2025-06-10T12:58:00+05:30,211.17,211.31,211.16,211.16,17654
2025-06-10T12:59:00+05:30,211.16,211.25,211.0,211.05,55537
2025-06-10T13:00:00+05:30,211.02,211.16,211.01,211.1,12949
2025-06-10T13:01:00+05:30,211.1,211.36,211.1,211.34,25579
2025-06-10T13:02:00+05:30,211.31,211.42,211.21,211.32,15995
2025-06-10T13:03:00+05:30,211.3,211.44,211.23,211.27,11534
2025-06-10T13:04:00+05:30,211.25,211.37,211.22,211.32,12950
2025-06-10T13:05:00+05:30,211.23,211.48,211.21,211.42,14754
2025-06-10T13:06:00+05:30,211.31,211.4,211.17,211.35,16753
2025-06-10T13:07:00+05:30,211.27,211.35,211.15,211.18,15393
2025-06-10T13:08:00+05:30,211.18,211.26,211.1,211.21,22383
2025-06-10T13:09:00+05:30,211.21,211.21,211.1,211.2,10337
2025-06-10T13:10:00+05:30,211.2,211.2,211.1,211.11,11896
2025-06-10T13:11:00+05:30,211.11,211.16,210.85,210.96,32967
2025-06-10T13:12:00+05:30,210.96,210.96,210.81,210.92,7831
2025-06-10T13:13:00+05:30,210.92,210.95,210.85,210.93,14952
2025-06-10T13:14:00+05:30,210.89,210.95,210.79,210.85,8581
2025-06-10T13:15:00+05:30,210.8,210.85,210.72,210.75,9830
2025-06-10T13:16:00+05:30,210.73,210.79,210.72,210.79,17268
2025-06-10T13:17:00+05:30,210.75,210.82,210.65,210.78,21543
2025-06-10T13:18:00+05:30,210.78,210.8,210.68,210.8,8815
2025-06-10T13:19:00+05:30,210.73,210.89,210.7,210.8,24473
2025-06-10T13:20:00+05:30,210.79,210.85,210.69,210.79,11285
2025-06-10T13:21:00+05:30,210.74,210.79,210.42,210.64,223916
2025-06-10T13:22:00+05:30,210.64,210.88,210.6,210.87,64770
2025-06-10T13:23:00+05:30,210.82,210.97,210.72,210.97,5286
2025-06-10T13:24:00+05:30,210.9,211.28,210.89,211.02,54724
2025-06-10T13:25:00+05:30,211.02,211.29,211.01,211.15,22424
2025-06-10T13:26:00+05:30,211.09,211.2,211.06,211.19,11310
2025-06-10T13:27:00+05:30,211.11,211.2,211.1,211.2,18458
2025-06-10T13:28:00+05:30,211.13,211.36,211.12,211.33,16763
2025-06-10T13:29:00+05:30,211.28,211.37,210.99,211.06,202338
2025-06-10T13:30:00+05:30,211.13,211.37,210.99,211.28,122915
2025-06-10T13:31:00+05:30,211.2,211.34,211.19,211.32,11189
2025-06-10T13:32:00+05:30,211.32,211.4,211.26,211.28,13343
2025-06-10T13:33:00+05:30,211.28,211.4,211.27,211.37,9342
2025-06-10T13:34:00+05:30,211.27,211.36,211.11,211.2,67975
2025-06-10T13:35:00+05:30,211.11,211.24,211.0,211.09,113090
2025-06-10T13:36:00+05:30,211.01,211.12,211.0,211.1,36907
2025-06-10T13:37:00+05:30,211.02,211.1,210.93,211.0,35004
2025-06-10T13:38:00+05:30,210.92,211.0,210.92,211.0,6906
2025-06-10T13:39:00+05:30,210.93,211.0,210.9,211.0,10614
2025-06-10T13:40:00+05:30,210.96,211.0,210.95,211.0,25498
2025-06-10T13:41:00+05:30,210.98,211.0,210.95,210.95,18441
2025-06-10T13:42:00+05:30,210.95,211.0,210.95,211.0,3557
2025-06-10T13:43:00+05:30,210.96,211.27,210.91,211.27,85531
2025-06-10T13:44:00+05:30,211.1,211.21,211.0,211.09,32267
2025-06-10T13:45:00+05:30,211.01,211.21,211.0,211.21,19760
2025-06-10T13:46:00+05:30,211.12,211.33,211.06,211.15,9494
2025-06-10T13:47:00+05:30,211.26,211.28,211.08,211.21,17025
2025-06-10T13:48:00+05:30,211.19,211.28,211.1,211.23,46762
2025-06-10T13:49:00+05:30,211.13,211.27,211.03,211.1,63682
2025-06-10T13:50:00+05:30,211.05,211.12,210.92,211.12,55426
2025-06-10T13:51:00+05:30,211.15,211.15,210.93,211.05,65788
2025-06-10T13:52:00+05:30,211.03,211.05,210.93,211.0,34741
2025-06-10T13:53:00+05:30,210.96,211.0,210.93,211.0,3866
2025-06-10T13:54:00+05:30,211.0,211.05,210.95,211.0,72276
2025-06-10T13:55:00+05:30,210.96,211.0,210.95,211.0,4044
2025-06-10T13:56:00+05:30,210.96,211.0,210.95,210.97,6161
2025-06-10T13:57:00+05:30,210.95,211.05,210.86,211.05,64349
2025-06-10T13:58:00+05:30,211.01,211.09,210.9,211.0,40297
2025-06-10T13:59:00+05:30,210.91,211.14,210.9,211.01,25913
2025-06-10T14:00:00+05:30,211.1,211.1,210.95,211.1,15689
2025-06-10T14:01:00+05:30,211.01,211.49,211.01,211.38,53484
2025-06-10T14:02:00+05:30,211.31,211.37,211.14,211.26,16803
2025-06-10T14:03:00+05:30,211.25,211.37,211.17,211.35,17898
2025-06-10T14:04:00+05:30,211.35,211.4,211.17,211.2,165997
2025-06-10T14:05:00+05:30,211.2,211.31,211.15,211.31,11187
2025-06-10T14:06:00+05:30,211.23,211.32,211.18,211.27,12388
2025-06-10T14:07:00+05:30,211.18,211.5,211.18,211.48,26558
2025-06-10T14:08:00+05:30,211.4,211.49,211.37,211.49,10773
2025-06-10T14:09:00+05:30,211.4,211.56,211.39,211.56,26519
2025-06-10T14:10:00+05:30,211.51,211.8,211.44,211.78,35822
2025-06-10T14:11:00+05:30,211.67,211.78,211.55,211.65,12301
2025-06-10T14:12:00+05:30,211.65,211.67,211.44,211.57,10589
2025-06-10T14:13:00+05:30,211.51,211.64,211.5,211.63,12615
2025-06-10T14:14:00+05:30,211.56,211.63,211.41,211.42,17391
2025-06-10T14:15:00+05:30,211.42,211.59,211.38,211.56,28221
2025-06-10T14:16:00+05:30,211.51,211.56,211.31,211.44,12102
2025-06-10T14:17:00+05:30,211.35,211.5,211.35,211.46,14658
2025-06-10T14:18:00+05:30,211.46,211.47,211.31,211.4,12768
2025-06-10T14:19:00+05:30,211.3,211.41,211.23,211.35,20063
2025-06-10T14:20:00+05:30,211.27,211.34,211.2,211.21,10138
2025-06-10T14:21:00+05:30,211.21,211.24,211.15,211.21,16239
2025-06-10T14:22:00+05:30,211.16,211.22,211.06,211.17,10042
2025-06-10T14:23:00+05:30,211.08,211.35,211.07,211.33,14709
2025-06-10T14:24:00+05:30,211.26,211.29,211.18,211.18,12906
2025-06-10T14:25:00+05:30,211.18,211.43,211.18,211.37,18019
2025-06-10T14:26:00+05:30,211.28,211.37,211.26,211.34,11407
2025-06-10T14:27:00+05:30,211.28,211.49,211.25,211.35,21470
2025-06-10T14:28:00+05:30,211.35,211.35,211.23,211.26,10235
2025-06-10T14:29:00+05:30,211.24,211.33,211.19,211.33,16250
2025-06-10T14:30:00+05:30,211.25,211.47,211.24,211.45,21102
2025-06-10T14:31:00+05:30,211.45,211.47,211.27,211.37,11306
2025-06-10T14:32:00+05:30,211.32,211.4,211.25,211.4,11285
2025-06-10T14:33:00+05:30,211.35,211.44,211.29,211.4,9891
2025-06-10T14:34:00+05:30,211.36,211.38,211.24,211.31,13272
2025-06-10T14:35:00+05:30,211.25,211.4,211.24,211.39,10132
2025-06-10T14:36:00+05:30,211.31,211.41,211.3,211.34,11395
2025-06-10T14:37:00+05:30,211.33,211.7,211.31,211.7,32444
2025-06-10T14:38:00+05:30,211.67,211.74,211.54,211.61,28892
2025-06-10T14:39:00+05:30,211.58,211.69,211.55,211.63,11907
2025-06-10T14:40:00+05:30,211.59,211.66,211.51,211.56,11296
2025-06-10T14:41:00+05:30,211.56,211.6,211.43,211.53,22368
2025-06-10T14:42:00+05:30,211.44,211.54,211.41,211.51,29550
2025-06-10T14:43:00+05:30,211.44,211.5,211.31,211.44,40435
2025-06-10T14:44:00+05:30,211.36,211.44,211.3,211.42,8534
2025-06-10T14:45:00+05:30,211.42,211.44,211.27,211.36,19498
2025-06-10T14:46:00+05:30,211.29,211.39,211.26,211.31,12265
2025-06-10T14:47:00+05:30,211.31,211.38,211.28,211.37,13691
2025-06-10T14:48:00+05:30,211.32,211.37,211.28,211.36,10101
2025-06-10T14:49:00+05:30,211.36,211.37,211.23,211.3,12147
2025-06-10T14:50:00+05:30,211.3,211.36,211.24,211.36,14510
2025-06-10T14:51:00+05:30,211.35,211.37,211.24,211.25,14543
2025-06-10T14:52:00+05:30,211.25,211.37,211.2,211.3,22213
2025-06-10T14:53:00+05:30,211.3,211.47,211.2,211.27,46430
2025-06-10T14:54:00+05:30,211.22,211.27,211.14,211.25,21819
2025-06-10T14:55:00+05:30,211.25,211.26,211.09,211.18,16952
2025-06-10T14:56:00+05:30,211.1,211.18,210.98,211.0,39737
2025-06-10T14:57:00+05:30,210.99,211.0,210.81,210.9,16525
2025-06-10T14:58:00+05:30,210.88,211.1,210.85,210.96,20184
2025-06-10T14:59:00+05:30,210.95,211.07,210.83,210.89,11157
2025-06-10T15:00:00+05:30,210.89,211.17,210.88,211.08,42758
2025-06-10T15:01:00+05:30,211.16,211.16,211.02,211.07,19572
2025-06-10T15:02:00+05:30,211.06,211.07,210.88,210.96,18594
2025-06-10T15:03:00+05:30,210.98,211.21,210.91,211.13,34855
2025-06-10T15:04:00+05:30,211.12,211.17,211.02,211.03,15351
2025-06-10T15:05:00+05:30,211.03,211.1,211.0,211.07,26686
2025-06-10T15:06:00+05:30,211.07,211.08,210.99,211.05,14804
2025-06-10T15:07:00+05:30,211.05,211.18,211.02,211.18,16711
2025-06-10T15:08:00+05:30,211.18,211.44,211.06,211.28,42407
2025-06-10T15:09:00+05:30,211.28,211.3,211.12,211.29,20623
2025-06-10T15:10:00+05:30,211.27,211.29,211.1,211.15,39427
2025-06-10T15:11:00+05:30,211.15,211.15,211.06,211.1,39753
2025-06-10T15:12:00+05:30,211.14,211.18,210.9,211.05,44472
2025-06-10T15:13:00+05:30,210.9,211.1,210.9,211.0,67441
2025-06-10T15:14:00+05:30,211.0,211.04,210.84,210.96,35709
2025-06-10T15:15:00+05:30,210.96,211.02,210.86,211.0,93592
2025-06-10T15:16:00+05:30,211.0,211.05,210.94,210.96,41679
2025-06-10T15:17:00+05:30,210.99,211.05,210.91,211.0,106658
2025-06-10T15:18:00+05:30,211.0,211.15,211.0,211.02,58925
2025-06-10T15:19:00+05:30,211.0,211.06,210.96,211.06,55000
2025-06-10T15:20:00+05:30,211.06,211.06,210.92,210.99,59016
2025-06-10T15:21:00+05:30,210.93,211.0,210.87,210.87,25181
2025-06-10T15:22:00+05:30,210.91,211.0,210.74,210.98,69819
2025-06-10T15:23:00+05:30,210.86,211.05,210.85,211.03,36367
2025-06-10T15:24:00+05:30,211.02,211.02,210.9,210.98,30811
2025-06-10T15:25:00+05:30,210.99,211.0,210.83,210.84,47139
2025-06-10T15:26:00+05:30,210.85,211.2,210.84,211.07,63696
2025-06-10T15:27:00+05:30,211.12,211.16,211.09,211.1,24972
2025-06-10T15:28:00+05:30,211.11,211.11,211.05,211.06,19601
2025-06-10T15:29:00+05:30,211.05,211.1,211.0,211.09,17804
2025-06-11T09:15:00+05:30,211.25,211.49,210.41,210.43,27401
2025-06-11T09:16:00+05:30,210.42,211.15,210.13,210.91,53562
2025-06-11T09:17:00+05:30,211.08,211.37,210.77,211.02,23386
2025-06-11T09:18:00+05:30,211.01,211.36,210.9,211.26,17424
2025-06-11T09:19:00+05:30,211.26,211.3,211.02,211.24,7785
2025-06-11T09:20:00+05:30,211.15,211.4,211.14,211.2,19390
2025-06-11T09:21:00+05:30,211.09,211.37,211.02,211.11,21949
2025-06-11T09:22:00+05:30,211.11,211.11,210.72,210.74,26793
2025-06-11T09:23:00+05:30,210.74,210.82,210.7,210.78,11802
2025-06-11T09:24:00+05:30,210.7,210.9,210.7,210.86,7957
2025-06-11T09:25:00+05:30,210.86,210.86,210.55,210.71,10712
2025-06-11T09:26:00+05:30,210.65,210.74,210.5,210.59,23483
2025-06-11T09:27:00+05:30,210.6,210.62,210.51,210.51,5433
2025-06-11T09:28:00+05:30,210.51,210.68,210.35,210.42,42883
2025-06-11T09:29:00+05:30,210.35,210.42,210.03,210.14,14827
2025-06-11T09:30:00+05:30,210.1,210.25,210.05,210.2,14990
2025-06-11T09:31:00+05:30,210.22,210.22,210.0,210.02,20223
2025-06-11T09:32:00+05:30,210.02,210.24,210.0,210.2,28343
2025-06-11T09:33:00+05:30,210.15,210.29,210.15,210.22,6416
2025-06-11T09:34:00+05:30,210.24,210.44,210.21,210.44,10882
2025-06-11T09:35:00+05:30,210.35,210.47,210.21,210.33,16811
2025-06-11T09:36:00+05:30,210.24,210.44,210.24,210.39,6417
2025-06-11T09:37:00+05:30,210.31,210.58,210.21,210.29,11766
2025-06-11T09:38:00+05:30,210.25,210.25,210.07,210.1,9859
2025-06-11T09:39:00+05:30,210.07,210.07,209.75,209.81,28069
2025-06-11T09:40:00+05:30,209.82,209.9,209.6,209.7,15522
2025-06-11T09:41:00+05:30,209.63,209.76,209.46,209.64,14220
2025-06-11T09:42:00+05:30,209.7,210.0,209.57,209.9,16828
2025-06-11T09:43:00+05:30,209.9,210.08,209.71,209.98,12357
2025-06-11T09:44:00+05:30,209.97,210.1,209.9,210.05,7347
2025-06-11T09:45:00+05:30,210.08,210.19,209.96,209.96,17456
2025-06-11T09:46:00+05:30,209.95,209.95,209.8,209.81,5048
2025-06-11T09:47:00+05:30,209.81,210.02,209.8,210.02,11979
2025-06-11T09:48:00+05:30,210.0,210.0,209.81,209.83,8628
2025-06-11T09:49:00+05:30,209.87,210.0,209.86,209.98,7604
2025-06-11T09:50:00+05:30,209.97,210.07,209.86,210.07,16654
2025-06-11T09:51:00+05:30,210.01,210.09,209.97,210.09,4979
2025-06-11T09:52:00+05:30,210.09,210.1,210.01,210.09,11438
2025-06-11T09:53:00+05:30,210.03,210.1,210.03,210.1,6224
2025-06-11T09:54:00+05:30,210.09,210.46,210.05,210.44,38985
2025-06-11T09:55:00+05:30,210.37,210.66,210.31,210.61,33609
2025-06-11T09:56:00+05:30,210.61,210.61,210.25,210.3,40418
2025-06-11T09:57:00+05:30,210.3,210.44,210.26,210.37,5199
2025-06-11T09:58:00+05:30,210.32,210.52,210.27,210.5,10703
2025-06-11T09:59:00+05:30,210.42,210.44,210.3,210.38,4842
2025-06-11T10:00:00+05:30,210.31,210.5,210.3,210.48,9194
2025-06-11T10:01:00+05:30,210.48,210.6,210.46,210.6,8971
2025-06-11T10:02:00+05:30,210.6,210.6,210.41,210.41,13973
2025-06-11T10:03:00+05:30,210.41,210.41,210.28,210.36,6792
2025-06-11T10:04:00+05:30,210.35,210.46,210.28,210.46,6282
2025-06-11T10:05:00+05:30,210.46,210.83,210.44,210.8,32969
2025-06-11T10:06:00+05:30,210.8,210.83,210.64,210.73,6336
2025-06-11T10:07:00+05:30,210.73,210.79,210.6,210.79,15765
2025-06-11T10:08:00+05:30,210.7,210.81,210.57,210.8,4825
2025-06-11T10:09:00+05:30,210.75,210.9,210.71,210.9,10053
2025-06-11T10:10:00+05:30,210.9,210.95,210.81,210.91,7351
2025-06-11T10:11:00+05:30,210.81,210.91,210.81,210.91,4596
2025-06-11T10:12:00+05:30,210.85,211.1,210.85,211.09,10848
2025-06-11T10:13:00+05:30,211.01,211.12,211.0,211.11,6374
2025-06-11T10:14:00+05:30,211.1,211.23,211.02,211.19,20694
2025-06-11T10:15:00+05:30,211.1,211.19,211.05,211.11,9559
2025-06-11T10:16:00+05:30,211.14,211.19,211.1,211.17,11612
2025-06-11T10:17:00+05:30,211.14,211.28,211.01,211.11,36005
2025-06-11T10:18:00+05:30,211.03,211.03,210.59,210.66,26748
2025-06-11T10:19:00+05:30,210.55,210.7,210.43,210.57,8203
2025-06-11T10:20:00+05:30,210.57,210.76,210.5,210.5,64081
2025-06-11T10:21:00+05:30,210.49,210.55,210.42,210.5,7367
2025-06-11T10:22:00+05:30,210.43,210.5,210.3,210.39,3780
2025-06-11T10:23:00+05:30,210.3,210.44,210.25,210.39,12183
2025-06-11T10:24:00+05:30,210.3,210.5,210.3,210.5,5202
2025-06-11T10:25:00+05:30,210.42,210.55,210.4,210.51,4822
2025-06-11T10:26:00+05:30,210.45,210.51,210.28,210.28,4403
2025-06-11T10:27:00+05:30,210.28,210.38,210.26,210.37,3847
2025-06-11T10:28:00+05:30,210.36,210.4,210.29,210.37,3472
2025-06-11T10:29:00+05:30,210.3,210.4,210.3,210.39,5096
2025-06-11T10:30:00+05:30,210.31,210.4,210.29,210.29,5953
2025-06-11T10:31:00+05:30,210.29,210.4,210.28,210.37,4416
2025-06-11T10:32:00+05:30,210.37,210.37,210.2,210.2,9499
2025-06-11T10:33:00+05:30,210.2,210.48,210.2,210.48,6763
2025-06-11T10:34:00+05:30,210.39,210.46,210.37,210.42,3579
2025-06-11T10:35:00+05:30,210.37,210.5,210.37,210.47,8316
2025-06-11T10:36:00+05:30,210.37,210.49,210.35,210.37,3113
2025-06-11T10:37:00+05:30,210.35,210.45,210.32,210.43,2984
2025-06-11T10:38:00+05:30,210.36,210.46,210.35,210.45,3763
2025-06-11T10:39:00+05:30,210.43,210.45,210.35,210.44,3289
2025-06-11T10:40:00+05:30,210.4,210.47,210.3,210.3,3699
2025-06-11T10:41:00+05:30,210.41,210.42,210.29,210.4,6812
2025-06-11T10:42:00+05:30,210.4,210.4,210.3,210.31,3551
2025-06-11T10:43:00+05:30,210.31,210.79,210.29,210.66,37394
2025-06-11T10:44:00+05:30,210.61,210.94,210.6,210.94,6485
2025-06-11T10:45:00+05:30,210.94,211.08,210.77,210.85,12105
2025-06-11T10:46:00+05:30,210.83,210.95,210.78,210.9,7531
2025-06-11T10:47:00+05:30,210.86,210.93,210.8,210.86,5699
2025-06-11T10:48:00+05:30,210.76,210.88,210.67,210.67,7766
2025-06-11T10:49:00+05:30,210.64,210.77,210.62,210.7,11234
2025-06-11T10:50:00+05:30,210.67,210.72,210.62,210.7,11708
2025-06-11T10:51:00+05:30,210.6,210.64,210.49,210.6,22390
2025-06-11T10:52:00+05:30,210.56,210.6,210.46,210.51,14376
2025-06-11T10:53:00+05:30,210.47,210.57,210.35,210.54,13637
2025-06-11T10:54:00+05:30,210.48,210.67,210.34,210.47,39842
2025-06-11T10:55:00+05:30,210.49,210.63,210.44,210.46,8129
2025-06-11T10:56:00+05:30,210.46,210.68,210.46,210.55,11076
2025-06-11T10:57:00+05:30,210.56,210.65,210.49,210.62,10390
2025-06-11T10:58:00+05:30,210.55,210.64,210.49,210.56,7781
2025-06-11T10:59:00+05:30,210.51,210.56,210.41,210.5,9837
2025-06-11T11:00:00+05:30,210.49,210.67,210.41,210.67,7777
2025-06-11T11:01:00+05:30,210.65,210.66,210.44,210.5,6467
2025-06-11T11:02:00+05:30,210.45,210.64,210.44,210.46,11197
2025-06-11T11:03:00+05:30,210.45,210.57,210.4,210.4,9248
2025-06-11T11:04:00+05:30,210.4,210.47,210.28,210.33,8845
2025-06-11T11:05:00+05:30,210.33,210.44,210.31,210.34,7674
2025-06-11T11:06:00+05:30,210.34,210.59,210.34,210.59,8986
2025-06-11T11:07:00+05:30,210.52,210.58,210.36,210.4,7973
2025-06-11T11:08:00+05:30,210.35,210.54,210.35,210.38,8216
2025-06-11T11:09:00+05:30,210.37,210.5,210.33,210.33,9578
2025-06-11T11:10:00+05:30,210.33,210.54,210.33,210.39,9720
2025-06-11T11:11:00+05:30,210.35,210.41,210.25,210.4,9831
2025-06-11T11:12:00+05:30,210.3,210.41,210.24,210.39,8472
2025-06-11T11:13:00+05:30,210.32,210.42,210.25,210.3,7387
2025-06-11T11:14:00+05:30,210.29,210.41,210.25,210.25,8607
2025-06-11T11:15:00+05:30,210.23,210.35,210.21,210.27,10379
2025-06-11T11:16:00+05:30,210.28,210.48,210.28,210.43,15028
2025-06-11T11:17:00+05:30,210.42,210.5,210.29,210.4,6608
2025-06-11T11:18:00+05:30,210.4,210.46,210.23,210.3,13186
2025-06-11T11:19:00+05:30,210.3,210.4,210.27,210.33,8257
2025-06-11T11:20:00+05:30,210.3,210.44,210.26,210.26,9593
2025-06-11T11:21:00+05:30,210.25,210.45,210.21,210.42,7530
2025-06-11T11:22:00+05:30,210.32,210.42,210.26,210.34,7646
2025-06-11T11:23:00+05:30,210.31,210.35,210.19,210.25,16304
2025-06-11T11:24:00+05:30,210.25,210.27,210.18,210.25,12111
2025-06-11T11:25:00+05:30,210.22,210.3,210.19,210.26,9066
2025-06-11T11:26:00+05:30,210.27,210.39,210.27,210.34,9790
2025-06-11T11:27:00+05:30,210.3,210.3,210.19,210.25,64654
2025-06-11T11:28:00+05:30,210.23,210.25,210.2,210.25,26034
2025-06-11T11:29:00+05:30,210.25,210.3,210.11,210.12,109920
2025-06-11T11:30:00+05:30,210.11,210.34,209.95,210.08,212637
2025-06-11T11:31:00+05:30,210.08,210.25,210.0,210.18,679058
2025-06-11T11:32:00+05:30,210.2,210.3,210.12,210.26,4384
2025-06-11T11:33:00+05:30,210.23,210.26,210.18,210.23,3479
2025-06-11T11:34:00+05:30,210.21,210.38,210.18,210.25,20603
2025-06-11T11:35:00+05:30,210.24,210.34,210.16,210.24,10837
2025-06-11T11:36:00+05:30,210.22,210.32,210.16,210.26,4512
2025-06-11T11:37:00+05:30,210.22,210.37,210.17,210.25,29030
2025-06-11T11:38:00+05:30,210.25,210.57,210.25,210.57,40350
2025-06-11T11:39:00+05:30,210.65,210.9,210.57,210.86,11266
2025-06-11T11:40:00+05:30,210.76,210.82,210.66,210.73,8658
2025-06-11T11:41:00+05:30,210.67,210.75,210.6,210.61,4417
2025-06-11T11:42:00+05:30,210.68,210.8,210.6,210.7,11024
2025-06-11T11:43:00+05:30,210.67,210.7,210.58,210.68,6494
2025-06-11T11:44:00+05:30,210.66,210.68,210.27,210.28,103001
2025-06-11T11:45:00+05:30,210.27,210.3,210.2,210.25,8390
2025-06-11T11:46:00+05:30,210.2,210.28,210.16,210.25,7125
2025-06-11T11:47:00+05:30,210.25,210.43,210.24,210.39,10922
2025-06-11T11:48:00+05:30,210.32,210.42,210.25,210.31,6505
2025-06-11T11:49:00+05:30,210.27,210.39,210.25,210.3,10965
2025-06-11T11:50:00+05:30,210.3,210.42,210.3,210.41,8137
2025-06-11T11:51:00+05:30,210.36,210.42,210.3,210.37,3817
2025-06-11T11:52:00+05:30,210.36,210.44,210.26,210.26,6347
2025-06-11T11:53:00+05:30,210.26,210.4,210.26,210.33,6480
2025-06-11T11:54:00+05:30,210.33,210.44,210.31,210.44,12108
2025-06-11T11:55:00+05:30,210.44,210.49,210.3,210.31,14213
2025-06-11T11:56:00+05:30,210.3,210.31,210.16,210.26,11603
2025-06-11T11:57:00+05:30,210.23,210.27,210.16,210.27,4103
2025-06-11T11:58:00+05:30,210.29,210.38,210.2,210.3,5842
2025-06-11T11:59:00+05:30,210.26,210.42,210.26,210.39,12495
2025-06-11T12:00:00+05:30,210.34,210.36,210.26,210.33,3876
2025-06-11T12:01:00+05:30,210.3,210.42,210.28,210.39,6007
2025-06-11T12:02:00+05:30,210.28,210.47,210.27,210.45,29966
2025-06-11T12:03:00+05:30,210.4,210.5,210.31,210.45,12347
2025-06-11T12:04:00+05:30,210.41,210.48,210.32,210.35,5002
2025-06-11T12:05:00+05:30,210.35,210.46,210.34,210.4,7297
2025-06-11T12:06:00+05:30,210.34,210.4,210.21,210.3,4196
2025-06-11T12:07:00+05:30,210.22,210.3,210.17,210.27,7833
2025-06-11T12:08:00+05:30,210.23,210.3,210.0,210.19,279507
2025-06-11T12:09:00+05:30,210.18,210.29,210.06,210.25,8851
2025-06-11T12:10:00+05:30,210.25,210.4,210.2,210.25,8961
2025-06-11T12:11:00+05:30,210.2,210.24,210.05,210.15,6441
2025-06-11T12:12:00+05:30,210.1,210.13,210.05,210.13,6199
2025-06-11T12:13:00+05:30,210.12,210.13,210.05,210.05,4674
2025-06-11T12:14:00+05:30,210.05,210.17,210.05,210.15,4669
2025-06-11T12:15:00+05:30,210.11,210.22,210.06,210.19,4867
2025-06-11T12:16:00+05:30,210.15,210.22,210.05,210.05,8140
2025-06-11T12:17:00+05:30,210.05,210.19,210.02,210.19,3658
2025-06-11T12:18:00+05:30,210.14,210.2,210.07,210.14,5511
2025-06-11T12:19:00+05:30,210.12,210.39,210.06,210.3,16983
2025-06-11T12:20:00+05:30,210.25,210.33,210.17,210.25,9346
2025-06-11T12:21:00+05:30,210.25,210.28,210.16,210.25,4689
2025-06-11T12:22:00+05:30,210.24,210.33,210.16,210.22,6214
2025-06-11T12:23:00+05:30,210.17,210.34,210.16,210.33,3629
2025-06-11T12:24:00+05:30,210.25,210.27,210.17,210.26,3739
2025-06-11T12:25:00+05:30,210.23,210.24,209.86,209.94,119253
2025-06-11T12:26:00+05:30,209.94,209.99,209.93,209.96,13009
2025-06-11T12:27:00+05:30,209.99,210.0,209.95,209.95,25514
2025-06-11T12:28:00+05:30,209.95,209.95,209.85,209.85,11485
2025-06-11T12:29:00+05:30,209.85,209.98,209.85,209.97,6245
2025-06-11T12:30:00+05:30,209.97,209.98,209.88,209.88,4900
2025-06-11T12:31:00+05:30,209.88,209.98,209.85,209.96,3491
2025-06-11T12:32:00+05:30,209.91,209.96,209.83,209.93,2938
2025-06-11T12:33:00+05:30,209.88,210.0,209.83,210.0,26625
2025-06-11T12:34:00+05:30,209.98,210.0,209.93,210.0,28411
2025-06-11T12:35:00+05:30,209.94,210.0,209.85,209.85,10040
2025-06-11T12:36:00+05:30,209.87,209.97,209.82,209.83,12099
2025-06-11T12:37:00+05:30,209.93,209.98,209.81,209.98,17026
2025-06-11T12:38:00+05:30,209.92,209.99,209.86,209.93,2878
2025-06-11T12:39:00+05:30,209.93,209.96,209.85,209.96,3965
2025-06-11T12:40:00+05:30,209.92,209.95,209.76,209.89,18883
2025-06-11T12:41:00+05:30,209.84,209.9,209.77,209.86,6954
2025-06-11T12:42:00+05:30,209.82,209.9,209.77,209.86,16589
2025-06-11T12:43:00+05:30,209.86,209.86,209.76,209.85,3370
2025-06-11T12:44:00+05:30,209.85,209.96,209.77,209.95,3826
2025-06-11T12:45:00+05:30,209.95,209.99,209.7,209.8,19066
2025-06-11T12:46:00+05:30,209.8,209.99,209.5,209.99,147897
2025-06-11T12:47:00+05:30,209.99,209.99,209.81,209.9,16380
2025-06-11T12:48:00+05:30,209.85,209.97,209.77,209.86,12373
2025-06-11T12:49:00+05:30,209.86,209.96,209.82,209.86,15415
2025-06-11T12:50:00+05:30,209.86,209.96,209.75,209.86,15522
2025-06-11T12:51:00+05:30,209.86,209.91,209.76,209.81,14648
2025-06-11T12:52:00+05:30,209.81,209.9,209.69,209.72,19254
2025-06-11T12:53:00+05:30,209.72,209.91,209.66,209.84,23144
2025-06-11T12:54:00+05:30,209.84,209.95,209.78,209.85,12479
2025-06-11T12:55:00+05:30,209.85,209.98,209.8,209.92,14892
2025-06-11T12:56:00+05:30,209.91,209.97,209.81,209.87,13650
2025-06-11T12:57:00+05:30,209.87,209.93,209.78,209.85,12548
2025-06-11T12:58:00+05:30,209.84,209.97,209.8,209.91,12970
2025-06-11T12:59:00+05:30,209.88,209.95,209.83,209.84,18838
2025-06-11T13:00:00+05:30,209.81,209.89,209.75,209.81,9716
2025-06-11T13:01:00+05:30,209.8,209.88,209.75,209.81,16815
2025-06-11T13:02:00+05:30,209.81,209.86,209.73,209.81,12298
2025-06-11T13:03:00+05:30,209.81,209.88,209.75,209.79,16270
2025-06-11T13:04:00+05:30,209.79,209.83,209.66,209.71,15624
2025-06-11T13:05:00+05:30,209.71,209.9,209.7,209.85,17933
2025-06-11T13:06:00+05:30,209.79,209.89,209.75,209.83,12960
2025-06-11T13:07:00+05:30,209.83,209.9,209.74,209.89,14474
2025-06-11T13:08:00+05:30,209.79,209.89,209.69,209.87,24261
2025-06-11T13:09:00+05:30,209.82,209.89,209.75,209.8,13431
2025-06-11T13:10:00+05:30,209.75,209.85,209.7,209.75,16618
2025-06-11T13:11:00+05:30,209.7,209.74,209.6,209.61,19323
2025-06-11T13:12:00+05:30,209.58,209.7,209.55,209.63,11554
2025-06-11T13:13:00+05:30,209.63,209.74,209.55,209.57,18953
2025-06-11T13:14:00+05:30,209.6,209.75,209.57,209.65,15023
2025-06-11T13:15:00+05:30,209.63,209.7,209.57,209.57,10265
2025-06-11T13:16:00+05:30,209.57,209.66,209.51,209.55,19530
2025-06-11T13:17:00+05:30,209.55,209.62,209.5,209.62,16889
2025-06-11T13:18:00+05:30,209.52,209.61,209.44,209.59,17407
2025-06-11T13:19:00+05:30,209.45,209.54,209.35,209.49,15288
2025-06-11T13:20:00+05:30,209.46,209.55,209.4,209.55,5996
2025-06-11T13:21:00+05:30,209.55,209.69,209.46,209.56,7802
2025-06-11T13:22:00+05:30,209.56,209.61,209.44,209.61,7576
2025-06-11T13:23:00+05:30,209.61,209.69,209.51,209.65,9713
2025-06-11T13:24:00+05:30,209.59,209.64,209.5,209.54,4822
2025-06-11T13:25:00+05:30,209.53,209.62,209.38,209.48,4601
2025-06-11T13:26:00+05:30,209.44,209.48,209.21,209.36,26806
2025-06-11T13:27:00+05:30,209.31,209.38,209.05,209.18,15889
2025-06-11T13:28:00+05:30,209.1,209.24,208.99,209.13,165297
2025-06-11T13:29:00+05:30,209.13,209.24,209.0,209.0,22902
2025-06-11T13:30:00+05:30,209.0,209.06,208.81,208.84,33694
2025-06-11T13:31:00+05:30,208.85,208.96,208.74,208.96,20571
2025-06-11T13:32:00+05:30,208.91,208.96,208.75,208.81,8062
2025-06-11T13:33:00+05:30,208.76,208.91,208.58,208.91,50990
2025-06-11T13:34:00+05:30,208.82,209.0,208.8,208.9,6831
2025-06-11T13:35:00+05:30,208.9,209.0,208.78,209.0,4994
2025-06-11T13:36:00+05:30,208.95,209.0,208.87,208.87,59301
2025-06-11T13:37:00+05:30,208.86,208.98,208.86,208.95,5343
2025-06-11T13:38:00+05:30,208.9,209.0,208.86,209.0,61313
2025-06-11T13:39:00+05:30,209.0,209.0,208.89,209.0,6187
2025-06-11T13:40:00+05:30,209.0,209.0,208.93,209.0,32602
2025-06-11T13:41:00+05:30,208.94,209.0,208.83,208.9,17145
2025-06-11T13:42:00+05:30,208.86,208.93,208.72,208.76,9976
2025-06-11T13:43:00+05:30,208.76,208.97,208.69,208.82,42170
2025-06-11T13:44:00+05:30,208.82,208.94,208.72,208.87,5912
2025-06-11T13:45:00+05:30,208.86,208.86,208.65,208.72,15171
2025-06-11T13:46:00+05:30,208.69,208.71,208.5,208.5,24720
2025-06-11T13:47:00+05:30,208.5,208.57,208.37,208.4,15950
2025-06-11T13:48:00+05:30,208.4,208.52,208.26,208.5,14261
2025-06-11T13:49:00+05:30,208.5,208.55,208.37,208.51,18504
2025-06-11T13:50:00+05:30,208.52,208.65,208.29,208.65,9294
2025-06-11T13:51:00+05:30,208.61,208.64,208.1,208.42,45611
2025-06-11T13:52:00+05:30,208.3,208.41,208.1,208.2,7442
2025-06-11T13:53:00+05:30,208.16,208.23,208.0,208.03,68888
2025-06-11T13:54:00+05:30,208.02,208.11,208.0,208.09,11259
2025-06-11T13:55:00+05:30,208.05,208.38,208.0,208.36,17243
2025-06-11T13:56:00+05:30,208.28,208.64,208.25,208.59,8583
2025-06-11T13:57:00+05:30,208.59,208.72,208.35,208.58,19140
2025-06-11T13:58:00+05:30,208.58,208.65,208.35,208.6,4395
2025-06-11T13:59:00+05:30,208.55,208.63,208.35,208.5,7442
2025-06-11T14:00:00+05:30,208.5,208.52,208.21,208.37,10215
2025-06-11T14:01:00+05:30,208.37,208.37,208.1,208.16,7883
2025-06-11T14:02:00+05:30,208.16,208.38,208.16,208.34,9972
2025-06-11T14:03:00+05:30,208.3,208.32,208.1,208.11,7650
2025-06-11T14:04:00+05:30,208.1,208.23,208.0,208.1,19653
2025-06-11T14:05:00+05:30,208.15,208.29,208.09,208.1,37813
2025-06-11T14:06:00+05:30,208.1,208.22,208.0,208.15,18634
2025-06-11T14:07:00+05:30,208.12,208.14,207.92,207.93,20249
2025-06-11T14:08:00+05:30,207.92,208.02,207.88,207.98,8351
2025-06-11T14:09:00+05:30,207.89,207.98,207.7,207.8,36784
2025-06-11T14:10:00+05:30,207.8,208.0,207.75,207.98,14961
2025-06-11T14:11:00+05:30,207.89,208.0,207.81,207.98,5835
2025-06-11T14:12:00+05:30,207.93,207.96,207.76,207.89,4904
2025-06-11T14:13:00+05:30,207.81,208.0,207.8,207.99,6929
2025-06-11T14:14:00+05:30,207.9,208.14,207.85,208.03,14174
2025-06-11T14:15:00+05:30,208.03,208.12,207.86,208.12,24496
2025-06-11T14:16:00+05:30,208.01,208.2,207.93,208.18,11974
2025-06-11T14:17:00+05:30,208.16,208.2,208.05,208.18,12021
2025-06-11T14:18:00+05:30,208.18,208.2,208.06,208.14,7881
2025-06-11T14:19:00+05:30,208.16,208.69,208.12,208.58,60213
2025-06-11T14:20:00+05:30,208.58,208.65,208.47,208.56,20868
2025-06-11T14:21:00+05:30,208.56,208.58,208.42,208.58,13022
2025-06-11T14:22:00+05:30,208.52,208.7,208.52,208.62,22953
2025-06-11T14:23:00+05:30,208.57,208.65,208.45,208.53,6074
2025-06-11T14:24:00+05:30,208.63,208.7,208.51,208.66,14667
2025-06-11T14:25:00+05:30,208.7,208.7,208.45,208.5,12680
2025-06-11T14:26:00+05:30,208.45,208.45,208.27,208.27,7021
2025-06-11T14:27:00+05:30,208.3,208.47,208.15,208.19,65941
2025-06-11T14:28:00+05:30,208.16,208.22,208.1,208.1,19511
2025-06-11T14:29:00+05:30,208.08,208.28,208.08,208.13,28386
2025-06-11T14:30:00+05:30,208.13,208.3,208.1,208.17,26943
2025-06-11T14:31:00+05:30,208.16,208.29,208.1,208.13,32885
2025-06-11T14:32:00+05:30,208.13,208.25,208.13,208.25,60401
2025-06-11T14:33:00+05:30,208.39,208.42,208.12,208.25,66538
2025-06-11T14:34:00+05:30,208.23,208.34,208.19,208.25,50068
2025-06-11T14:35:00+05:30,208.19,208.27,208.19,208.25,24990
2025-06-11T14:36:00+05:30,208.25,208.38,208.11,208.16,36412
2025-06-11T14:37:00+05:30,208.16,208.28,208.11,208.19,23358
2025-06-11T14:38:00+05:30,208.19,208.3,208.08,208.08,25578
2025-06-11T14:39:00+05:30,208.08,208.34,208.08,208.25,29490
2025-06-11T14:40:00+05:30,208.2,208.31,208.14,208.25,28305
2025-06-11T14:41:00+05:30,208.17,208.25,208.03,208.16,33873
2025-06-11T14:42:00+05:30,208.11,208.25,208.05,208.16,16657
2025-06-11T14:43:00+05:30,208.16,208.27,208.06,208.23,36478
2025-06-11T14:44:00+05:30,208.18,208.25,208.11,208.23,19170
2025-06-11T14:45:00+05:30,208.15,208.38,208.14,208.2,37012
2025-06-11T14:46:00+05:30,208.2,208.29,208.17,208.25,24591
2025-06-11T14:47:00+05:30,208.23,208.38,208.19,208.25,25172
2025-06-11T14:48:00+05:30,208.25,208.35,208.22,208.3,32692
2025-06-11T14:49:00+05:30,208.21,208.3,208.12,208.15,17704
2025-06-11T14:50:00+05:30,208.12,208.64,208.12,208.45,119652
2025-06-11T14:51:00+05:30,208.41,208.45,208.32,208.35,14812
2025-06-11T14:52:00+05:30,208.34,208.65,208.3,208.65,24318
2025-06-11T14:53:00+05:30,208.54,208.62,208.39,208.49,19581
2025-06-11T14:54:00+05:30,208.47,208.57,208.32,208.32,24249
2025-06-11T14:55:00+05:30,208.4,208.5,208.32,208.4,20529
2025-06-11T14:56:00+05:30,208.43,208.58,208.37,208.45,18875
2025-06-11T14:57:00+05:30,208.44,208.55,208.38,208.5,64899
2025-06-11T14:58:00+05:30,208.49,208.58,208.41,208.48,18967
2025-06-11T14:59:00+05:30,208.48,208.48,208.38,208.44,16024
2025-06-11T15:00:00+05:30,208.44,208.5,208.4,208.45,22113
2025-06-11T15:01:00+05:30,208.45,208.5,208.4,208.44,6705
2025-06-11T15:02:00+05:30,208.44,208.5,208.41,208.46,7615
2025-06-11T15:03:00+05:30,208.5,208.5,208.4,208.48,8460
2025-06-11T15:04:00+05:30,208.48,208.55,208.4,208.41,28760
2025-06-11T15:05:00+05:30,208.46,208.46,208.32,208.45,8319
2025-06-11T15:06:00+05:30,208.45,208.45,207.99,208.17,408104
2025-06-11T15:07:00+05:30,208.17,208.28,208.06,208.06,12848
2025-06-11T15:08:00+05:30,208.06,208.34,207.97,208.1,575780
2025-06-11T15:09:00+05:30,208.15,208.34,208.05,208.26,10348
2025-06-11T15:10:00+05:30,208.26,208.32,208.2,208.26,9445
2025-06-11T15:11:00+05:30,208.26,208.29,208.11,208.2,39231
2025-06-11T15:12:00+05:30,208.2,208.23,208.11,208.16,13675
2025-06-11T15:13:00+05:30,208.19,208.29,208.16,208.22,24603
2025-06-11T15:14:00+05:30,208.26,208.3,208.12,208.15,43144
2025-06-11T15:15:00+05:30,208.24,208.34,208.14,208.26,48677
2025-06-11T15:16:00+05:30,208.26,208.33,208.14,208.17,23537
2025-06-11T15:17:00+05:30,208.24,208.3,208.14,208.26,27906
2025-06-11T15:18:00+05:30,208.27,208.29,208.19,208.19,17698
2025-06-11T15:19:00+05:30,208.25,208.25,208.16,208.16,11682
2025-06-11T15:20:00+05:30,208.19,208.3,208.11,208.23,48658
2025-06-11T15:21:00+05:30,208.3,208.31,208.18,208.2,17563
2025-06-11T15:22:00+05:30,208.21,208.28,208.12,208.15,16432
2025-06-11T15:23:00+05:30,208.21,208.26,208.08,208.12,43211
2025-06-11T15:24:00+05:30,208.12,208.16,208.02,208.05,40482
2025-06-11T15:25:00+05:30,208.09,208.25,208.01,208.14,41577
2025-06-11T15:26:00+05:30,208.18,208.29,208.14,208.17,39049
2025-06-11T15:27:00+05:30,208.23,208.25,208.11,208.2,37223
2025-06-11T15:28:00+05:30,208.25,208.36,208.2,208.3,49864
2025-06-11T15:29:00+05:30,208.37,208.5,208.29,208.3,40585
2025-06-12T09:15:00+05:30,208.59,208.6,207.9,208.27,39879
2025-06-12T09:16:00+05:30,208.3,208.42,207.55,207.72,50785
2025-06-12T09:17:00+05:30,207.66,207.95,207.51,207.58,20170
2025-06-12T09:18:00+05:30,207.64,207.93,207.64,207.64,12249
2025-06-12T09:19:00+05:30,207.58,207.78,207.4,207.45,30463
2025-06-12T09:20:00+05:30,207.45,207.67,207.44,207.66,6861
2025-06-12T09:21:00+05:30,207.57,207.93,207.5,207.83,19086
2025-06-12T09:22:00+05:30,207.98,208.0,207.75,207.75,9767
2025-06-12T09:23:00+05:30,207.83,207.83,207.53,207.64,6438
2025-06-12T09:24:00+05:30,207.52,207.66,207.35,207.39,34315
2025-06-12T09:25:00+05:30,207.36,207.48,207.35,207.38,4485
2025-06-12T09:26:00+05:30,207.35,207.52,207.17,207.31,19359
2025-06-12T09:27:00+05:30,207.2,207.46,207.12,207.35,5398
2025-06-12T09:28:00+05:30,207.35,207.39,207.1,207.12,13707
2025-06-12T09:29:00+05:30,207.11,207.12,206.79,207.01,237432
2025-06-12T09:30:00+05:30,207.11,207.49,207.01,207.23,31011
2025-06-12T09:31:00+05:30,207.22,207.41,207.22,207.39,4738
2025-06-12T09:32:00+05:30,207.4,207.64,207.37,207.52,9721
2025-06-12T09:33:00+05:30,207.55,207.88,207.5,207.51,21892
2025-06-12T09:34:00+05:30,207.53,207.7,207.51,207.6,4551
2025-06-12T09:35:00+05:30,207.54,207.62,207.51,207.52,4989
2025-06-12T09:36:00+05:30,207.51,207.66,207.51,207.63,2304
2025-06-12T09:37:00+05:30,207.63,207.67,207.45,207.63,15066
2025-06-12T09:38:00+05:30,207.53,207.55,207.3,207.42,33422
2025-06-12T09:39:00+05:30,207.34,207.4,207.25,207.25,12821
2025-06-12T09:40:00+05:30,207.25,207.38,207.23,207.3,2895
2025-06-12T09:41:00+05:30,207.35,207.35,207.23,207.24,1582
2025-06-12T09:42:00+05:30,207.24,207.36,207.11,207.33,21322
2025-06-12T09:43:00+05:30,207.25,207.31,207.11,207.15,4180
2025-06-12T09:44:00+05:30,207.11,207.15,207.0,207.0,19145
2025-06-12T09:45:00+05:30,207.0,207.0,206.75,206.8,25519
2025-06-12T09:46:00+05:30,206.88,207.0,206.82,206.93,8130
2025-06-12T09:47:00+05:30,206.89,206.96,206.82,206.83,3246
2025-06-12T09:48:00+05:30,206.82,206.82,206.36,206.5,41932
2025-06-12T09:49:00+05:30,206.56,206.76,206.44,206.76,23986
2025-06-12T09:50:00+05:30,206.76,206.88,206.7,206.8,17741
2025-06-12T09:51:00+05:30,206.8,206.92,206.8,206.8,3988
2025-06-12T09:52:00+05:30,206.8,207.0,206.8,206.86,13186
2025-06-12T09:53:00+05:30,206.82,207.18,206.81,207.09,23231
2025-06-12T09:54:00+05:30,207.09,207.22,206.95,207.1,17476
2025-06-12T09:55:00+05:30,207.15,207.17,207.0,207.03,11030
2025-06-12T09:56:00+05:30,207.03,207.12,207.0,207.04,10542
2025-06-12T09:57:00+05:30,207.04,207.14,206.96,207.03,12289
2025-06-12T09:58:00+05:30,207.03,207.03,206.76,206.85,8883
2025-06-12T09:59:00+05:30,206.79,206.95,206.62,206.65,18397
2025-06-12T10:00:00+05:30,206.75,206.85,206.5,206.5,3532
2025-06-12T10:01:00+05:30,206.5,206.68,206.5,206.66,1184
2025-06-12T10:02:00+05:30,206.6,206.83,206.56,206.75,8445
2025-06-12T10:03:00+05:30,206.76,206.84,206.63,206.65,17522
2025-06-12T10:04:00+05:30,206.7,206.76,206.6,206.76,568
2025-06-12T10:05:00+05:30,206.69,206.85,206.69,206.82,2965
2025-06-12T10:06:00+05:30,206.81,206.97,206.79,206.85,2781
2025-06-12T10:07:00+05:30,206.89,207.22,206.89,207.19,22780
2025-06-12T10:08:00+05:30,207.25,207.35,207.15,207.19,35109
2025-06-12T10:09:00+05:30,207.29,207.32,207.11,207.29,80020
2025-06-12T10:10:00+05:30,207.29,207.62,207.17,207.36,164498
2025-06-12T10:11:00+05:30,207.36,207.47,207.27,207.47,1797
2025-06-12T10:12:00+05:30,207.37,207.53,207.17,207.17,14845
2025-06-12T10:13:00+05:30,207.17,207.27,207.17,207.19,1840
2025-06-12T10:14:00+05:30,207.19,207.2,207.0,207.08,8725
2025-06-12T10:15:00+05:30,207.0,207.08,207.0,207.0,1458
2025-06-12T10:16:00+05:30,207.07,207.07,207.0,207.05,1092
2025-06-12T10:17:00+05:30,207.05,207.09,206.85,206.87,10140
2025-06-12T10:18:00+05:30,206.87,207.0,206.86,206.94,1154
2025-06-12T10:19:00+05:30,206.94,207.1,206.85,206.85,10529
2025-06-12T10:20:00+05:30,206.85,207.04,206.83,206.89,1188
2025-06-12T10:21:00+05:30,207.0,207.0,206.75,206.76,3846
2025-06-12T10:22:00+05:30,206.76,206.95,206.76,206.85,2138
2025-06-12T10:23:00+05:30,206.85,206.95,206.85,206.85,937
2025-06-12T10:24:00+05:30,206.9,206.98,206.85,206.85,2126
2025-06-12T10:25:00+05:30,206.85,207.0,206.85,206.89,4701
2025-06-12T10:26:00+05:30,207.0,207.12,206.9,207.04,1554
2025-06-12T10:27:00+05:30,207.05,207.16,206.77,206.9,26805
2025-06-12T10:28:00+05:30,206.9,207.0,206.85,206.92,451
2025-06-12T10:29:00+05:30,206.92,207.0,206.88,206.9,2499
2025-06-12T10:30:00+05:30,206.9,207.0,206.9,206.9,717
2025-06-12T10:31:00+05:30,206.91,207.0,206.9,206.91,295
2025-06-12T10:32:00+05:30,206.98,207.0,206.9,206.91,860
2025-06-12T10:33:00+05:30,206.98,207.0,206.8,206.8,8627
2025-06-12T10:34:00+05:30,206.8,206.93,206.61,206.74,9642
2025-06-12T10:35:00+05:30,206.62,206.79,206.62,206.68,3227
2025-06-12T10:36:00+05:30,206.69,206.81,206.66,206.68,7646
2025-06-12T10:37:00+05:30,206.68,206.99,206.66,206.74,74478
2025-06-12T10:38:00+05:30,206.74,206.81,206.69,206.71,1422
2025-06-12T10:39:00+05:30,206.71,206.85,206.69,206.79,2846
2025-06-12T10:40:00+05:30,206.69,206.79,206.66,206.66,733
2025-06-12T10:41:00+05:30,206.67,206.78,206.55,206.56,5316
2025-06-12T10:42:00+05:30,206.55,206.66,206.55,206.59,2413
2025-06-12T10:43:00+05:30,206.59,206.72,206.3,206.3,27057
2025-06-12T10:44:00+05:30,206.3,206.46,206.25,206.25,4380
2025-06-12T10:45:00+05:30,206.25,206.49,206.25,206.4,4297
2025-06-12T10:46:00+05:30,206.4,206.48,206.3,206.42,16371
2025-06-12T10:47:00+05:30,206.4,206.48,206.4,206.42,1301
2025-06-12T10:48:00+05:30,206.42,206.48,206.42,206.44,774
2025-06-12T10:49:00+05:30,206.48,206.56,206.43,206.5,1785
2025-06-12T10:50:00+05:30,206.55,206.55,206.4,206.41,6402
2025-06-12T10:51:00+05:30,206.41,206.56,206.41,206.55,3962
2025-06-12T10:52:00+05:30,206.54,206.56,206.45,206.47,837
2025-06-12T10:53:00+05:30,206.52,206.59,206.47,206.47,1522
2025-06-12T10:54:00+05:30,206.47,206.57,206.47,206.57,8812
2025-06-12T10:55:00+05:30,206.49,206.58,206.47,206.5,6875
2025-06-12T10:56:00+05:30,206.5,206.55,206.47,206.5,6328
2025-06-12T10:57:00+05:30,206.55,206.55,206.41,206.41,11815
2025-06-12T10:58:00+05:30,206.41,206.55,206.4,206.4,10660
2025-06-12T10:59:00+05:30,206.4,206.56,206.3,206.42,16997
2025-06-12T11:00:00+05:30,206.42,206.65,206.42,206.63,4813
2025-06-12T11:01:00+05:30,206.63,206.67,206.52,206.61,1262
2025-06-12T11:02:00+05:30,206.66,206.66,206.53,206.59,1037
2025-06-12T11:03:00+05:30,206.52,206.63,206.5,206.5,1788
2025-06-12T11:04:00+05:30,206.5,206.57,206.45,206.5,1365
2025-06-12T11:05:00+05:30,206.55,206.56,206.45,206.49,3733
2025-06-12T11:06:00+05:30,206.49,206.55,206.49,206.52,2013
2025-06-12T11:07:00+05:30,206.52,206.55,206.49,206.49,1322
2025-06-12T11:08:00+05:30,206.49,206.63,206.48,206.6,1528
2025-06-12T11:09:00+05:30,206.63,206.63,206.4,206.41,4713
2025-06-12T11:10:00+05:30,206.41,206.51,206.4,206.45,4096
2025-06-12T11:11:00+05:30,206.47,206.47,206.33,206.33,1445
2025-06-12T11:12:00+05:30,206.4,206.4,206.24,206.32,10077
2025-06-12T11:13:00+05:30,206.32,206.42,206.26,206.37,1840
2025-06-12T11:14:00+05:30,206.37,206.44,206.3,206.33,1421
2025-06-12T11:15:00+05:30,206.33,206.41,206.3,206.36,6203
2025-06-12T11:16:00+05:30,206.39,206.4,206.31,206.36,2722
2025-06-12T11:17:00+05:30,206.31,206.48,206.31,206.36,1137
2025-06-12T11:18:00+05:30,206.36,206.44,206.33,206.38,2723
2025-06-12T11:19:00+05:30,206.33,206.46,206.33,206.45,1051
2025-06-12T11:20:00+05:30,206.45,206.49,206.33,206.4,1388
2025-06-12T11:21:00+05:30,206.4,206.45,206.29,206.38,35777
2025-06-12T11:22:00+05:30,206.37,206.53,206.36,206.5,2154
2025-06-12T11:23:00+05:30,206.5,206.64,206.5,206.6,3467
2025-06-12T11:24:00+05:30,206.6,206.7,206.6,206.61,7023
2025-06-12T11:25:00+05:30,206.66,206.7,206.6,206.66,9031
2025-06-12T11:26:00+05:30,206.66,206.69,206.61,206.68,1959
2025-06-12T11:27:00+05:30,206.66,206.73,206.61,206.64,4522
2025-06-12T11:28:00+05:30,206.64,206.72,206.61,206.64,1747
2025-06-12T11:29:00+05:30,206.63,206.7,206.61,206.61,4924
2025-06-12T11:30:00+05:30,206.61,206.73,206.5,206.51,18216
2025-06-12T11:31:00+05:30,206.57,206.64,206.5,206.61,6269
2025-06-12T11:32:00+05:30,206.55,206.69,206.5,206.59,1814
2025-06-12T11:33:00+05:30,206.61,206.65,206.31,206.39,10839
2025-06-12T11:34:00+05:30,206.39,206.49,206.3,206.4,2302
2025-06-12T11:35:00+05:30,206.37,206.45,206.34,206.44,2582
2025-06-12T11:36:00+05:30,206.44,206.46,206.34,206.35,2771
2025-06-12T11:37:00+05:30,206.4,206.47,206.24,206.27,4853
2025-06-12T11:38:00+05:30,206.32,206.38,206.24,206.31,9075
2025-06-12T11:39:00+05:30,206.29,206.39,206.24,206.25,4185
2025-06-12T11:40:00+05:30,206.25,206.35,206.21,206.3,1830
2025-06-12T11:41:00+05:30,206.33,206.35,205.89,206.06,97981
2025-06-12T11:42:00+05:30,206.06,206.21,206.06,206.12,1553
2025-06-12T11:43:00+05:30,206.12,206.37,206.12,206.3,12938
2025-06-12T11:44:00+05:30,206.21,206.45,206.21,206.45,6332
2025-06-12T11:45:00+05:30,206.4,206.45,206.27,206.34,2693
2025-06-12T11:46:00+05:30,206.39,206.43,206.28,206.32,1554
2025-06-12T11:47:00+05:30,206.32,206.34,206.03,206.1,38268
2025-06-12T11:48:00+05:30,206.1,206.32,206.1,206.19,7768
2025-06-12T11:49:00+05:30,206.19,206.34,206.18,206.23,939
2025-06-12T11:50:00+05:30,206.2,206.31,206.16,206.18,1045
2025-06-12T11:51:00+05:30,206.18,206.29,206.14,206.14,1317
2025-06-12T11:52:00+05:30,206.15,206.3,206.13,206.26,9769
2025-06-12T11:53:00+05:30,206.16,206.29,206.15,206.18,1971
2025-06-12T11:54:00+05:30,206.18,206.27,206.18,206.21,2043
2025-06-12T11:55:00+05:30,206.21,206.38,206.21,206.26,4982
2025-06-12T11:56:00+05:30,206.26,206.38,206.26,206.31,1288
2025-06-12T11:57:00+05:30,206.31,206.43,206.31,206.31,6089
2025-06-12T11:58:00+05:30,206.31,206.4,206.25,206.3,1915
2025-06-12T11:59:00+05:30,206.23,206.28,206.1,206.1,4961
2025-06-12T12:00:00+05:30,206.1,206.16,206.03,206.03,15134
2025-06-12T12:01:00+05:30,206.03,206.15,206.0,206.04,4151
2025-06-12T12:02:00+05:30,206.04,206.19,206.0,206.02,3826
2025-06-12T12:03:00+05:30,206.02,206.11,206.0,206.0,2755
2025-06-12T12:04:00+05:30,206.05,206.14,205.97,206.0,13094
2025-06-12T12:05:00+05:30,206.03,206.14,205.96,206.04,7373
2025-06-12T12:06:00+05:30,206.04,206.11,206.03,206.05,1648
2025-06-12T12:07:00+05:30,206.05,206.18,206.05,206.1,2319
2025-06-12T12:08:00+05:30,206.1,206.17,205.97,206.0,19217
2025-06-12T12:09:00+05:30,205.97,206.08,205.88,206.02,30093
2025-06-12T12:10:00+05:30,206.02,206.14,206.0,206.0,8452
2025-06-12T12:11:00+05:30,206.0,206.13,205.96,206.0,5174
2025-06-12T12:12:00+05:30,206.0,206.02,205.9,205.9,9949
2025-06-12T12:13:00+05:30,205.9,205.99,205.87,205.98,2680
2025-06-12T12:14:00+05:30,205.98,206.02,205.88,206.0,2586
2025-06-12T12:15:00+05:30,206.0,206.0,205.9,206.0,4983
2025-06-12T12:16:00+05:30,205.96,206.04,205.9,206.0,13149
2025-06-12T12:17:00+05:30,206.0,206.03,205.92,206.0,1019
2025-06-12T12:18:00+05:30,206.0,206.08,205.93,206.03,1682
2025-06-12T12:19:00+05:30,206.02,206.12,206.0,206.04,4249
2025-06-12T12:20:00+05:30,206.04,206.3,206.0,206.2,11882
2025-06-12T12:21:00+05:30,206.2,206.3,206.14,206.14,1502
2025-06-12T12:22:00+05:30,206.14,206.41,206.14,206.25,10008
2025-06-12T12:23:00+05:30,206.25,206.48,206.21,206.4,3312
2025-06-12T12:24:00+05:30,206.3,206.46,206.3,206.36,1233
2025-06-12T12:25:00+05:30,206.45,206.49,206.34,206.34,2585
2025-06-12T12:26:00+05:30,206.35,206.43,206.31,206.32,1705
2025-06-12T12:27:00+05:30,206.32,206.45,206.32,206.33,629
2025-06-12T12:28:00+05:30,206.33,206.45,206.31,206.33,2764
2025-06-12T12:29:00+05:30,206.33,206.49,206.33,206.4,1761
2025-06-12T12:30:00+05:30,206.4,206.83,206.33,206.56,28914
2025-06-12T12:31:00+05:30,206.7,206.79,206.57,206.66,14942
2025-06-12T12:32:00+05:30,206.64,206.71,206.56,206.6,850
2025-06-12T12:33:00+05:30,206.6,206.74,206.54,206.55,2320
2025-06-12T12:34:00+05:30,206.55,206.89,206.45,206.54,35146
2025-06-12T12:35:00+05:30,206.54,206.77,206.54,206.67,19450
2025-06-12T12:36:00+05:30,206.61,206.71,206.56,206.58,9772
2025-06-12T12:37:00+05:30,206.56,206.69,206.5,206.52,3935
2025-06-12T12:38:00+05:30,206.52,206.63,206.5,206.52,1620
2025-06-12T12:39:00+05:30,206.51,206.63,206.5,206.5,823
2025-06-12T12:40:00+05:30,206.55,206.63,206.5,206.52,3021
2025-06-12T12:41:00+05:30,206.52,206.65,206.52,206.53,1376
2025-06-12T12:42:00+05:30,206.52,206.69,206.52,206.53,2035
2025-06-12T12:43:00+05:30,206.53,206.64,206.53,206.58,1451
2025-06-12T12:44:00+05:30,206.58,206.66,206.53,206.57,3947
2025-06-12T12:45:00+05:30,206.57,206.69,206.53,206.65,3383
2025-06-12T12:46:00+05:30,206.54,206.68,206.51,206.55,2864
2025-06-12T12:47:00+05:30,206.55,206.67,206.55,206.56,1551
2025-06-12T12:48:00+05:30,206.56,206.65,206.55,206.57,913
2025-06-12T12:49:00+05:30,206.57,206.67,206.57,206.58,1316
2025-06-12T12:50:00+05:30,206.65,206.69,206.58,206.61,4104
2025-06-12T12:51:00+05:30,206.61,206.98,206.61,206.71,32211
2025-06-12T12:52:00+05:30,206.76,206.84,206.71,206.77,3546
2025-06-12T12:53:00+05:30,206.77,206.95,206.64,206.71,16363
2025-06-12T12:54:00+05:30,206.71,206.76,206.6,206.65,5281
2025-06-12T12:55:00+05:30,206.65,206.92,206.61,206.7,16550
2025-06-12T12:56:00+05:30,206.7,206.75,206.63,206.63,5495
2025-06-12T12:57:00+05:30,206.63,206.71,206.63,206.65,3415
2025-06-12T12:58:00+05:30,206.65,206.75,206.65,206.7,2162
2025-06-12T12:59:00+05:30,206.7,206.71,206.52,206.54,7933
2025-06-12T13:00:00+05:30,206.58,206.65,206.45,206.6,33645
2025-06-12T13:01:00+05:30,206.6,206.69,206.6,206.62,3647
2025-06-12T13:02:00+05:30,206.62,206.75,206.62,206.63,1602
2025-06-12T13:03:00+05:30,206.61,206.78,206.61,206.67,2707
2025-06-12T13:04:00+05:30,206.66,206.81,206.66,206.81,2949
2025-06-12T13:05:00+05:30,206.7,206.86,206.7,206.82,2964
2025-06-12T13:06:00+05:30,206.84,207.0,206.75,206.85,17923
2025-06-12T13:07:00+05:30,206.96,207.03,206.81,206.98,8335
2025-06-12T13:08:00+05:30,206.98,207.03,206.88,207.0,7965
2025-06-12T13:09:00+05:30,207.03,207.12,206.91,207.09,28086
2025-06-12T13:10:00+05:30,207.1,207.1,206.96,206.96,3935
2025-06-12T13:11:00+05:30,206.96,207.07,206.96,207.04,3204
2025-06-12T13:12:00+05:30,207.04,207.09,206.96,206.96,5655
2025-06-12T13:13:00+05:30,206.96,207.05,206.96,206.96,1282
2025-06-12T13:14:00+05:30,206.96,207.06,206.96,206.96,1520
2025-06-12T13:15:00+05:30,206.96,207.04,206.96,206.98,1962
2025-06-12T13:16:00+05:30,206.98,207.0,206.81,206.83,3580
2025-06-12T13:17:00+05:30,206.83,206.95,206.77,206.77,2488
2025-06-12T13:18:00+05:30,206.82,206.86,206.71,206.78,3222
2025-06-12T13:19:00+05:30,206.78,206.88,206.74,206.76,865
2025-06-12T13:20:00+05:30,206.76,206.86,206.74,206.77,6943
2025-06-12T13:21:00+05:30,206.77,206.88,206.74,206.74,1285
2025-06-12T13:22:00+05:30,206.74,206.8,206.7,206.78,1356
2025-06-12T13:23:00+05:30,206.78,206.85,206.76,206.85,6210
2025-06-12T13:24:00+05:30,206.81,206.88,206.8,206.8,1462
2025-06-12T13:25:00+05:30,206.81,206.95,206.76,206.91,4133
2025-06-12T13:26:00+05:30,206.81,206.93,206.75,206.84,6601
2025-06-12T13:27:00+05:30,206.75,206.82,206.51,206.67,27834
2025-06-12T13:28:00+05:30,206.72,206.79,206.6,206.7,1884
2025-06-12T13:29:00+05:30,206.7,206.84,206.63,206.7,2677
2025-06-12T13:30:00+05:30,206.71,206.9,206.64,206.76,10476
2025-06-12T13:31:00+05:30,206.76,206.83,206.71,206.79,1925
2025-06-12T13:32:00+05:30,206.79,206.89,206.65,206.72,4639
2025-06-12T13:33:00+05:30,206.64,206.79,206.64,206.69,7796
2025-06-12T13:34:00+05:30,206.66,206.81,206.61,206.61,7724
2025-06-12T13:35:00+05:30,206.61,206.8,206.55,206.71,18976
2025-06-12T13:36:00+05:30,206.7,206.81,206.67,206.67,5978
2025-06-12T13:37:00+05:30,206.67,206.75,206.62,206.71,2783
2025-06-12T13:38:00+05:30,206.71,206.79,206.6,206.79,3030
2025-06-12T13:39:00+05:30,206.75,206.79,206.75,206.76,1331
2025-06-12T13:40:00+05:30,206.76,206.79,206.64,206.68,4054
2025-06-12T13:41:00+05:30,206.68,206.79,206.63,206.63,5902
2025-06-12T13:42:00+05:30,206.63,206.72,206.62,206.62,3996
2025-06-12T13:43:00+05:30,206.61,206.74,206.57,206.65,3324
2025-06-12T13:44:00+05:30,206.64,206.69,206.59,206.6,7402
2025-06-12T13:45:00+05:30,206.6,206.65,206.34,206.4,51297
2025-06-12T13:46:00+05:30,206.4,206.59,206.4,206.49,2047
2025-06-12T13:47:00+05:30,206.49,206.57,206.34,206.36,7549
2025-06-12T13:48:00+05:30,206.36,206.5,206.34,206.41,9377
2025-06-12T13:49:00+05:30,206.46,206.55,206.43,206.52,1031
2025-06-12T13:50:00+05:30,206.52,206.6,206.32,206.32,5496
2025-06-12T13:51:00+05:30,206.32,206.49,206.27,206.4,57752
2025-06-12T13:52:00+05:30,206.4,206.52,206.32,206.41,1913
2025-06-12T13:53:00+05:30,206.41,206.63,206.41,206.54,4674
2025-06-12T13:54:00+05:30,206.49,206.77,206.49,206.68,5810
2025-06-12T13:55:00+05:30,206.77,206.93,206.59,206.93,24587
2025-06-12T13:56:00+05:30,206.89,207.23,206.81,207.22,22225
2025-06-12T13:57:00+05:30,207.12,207.22,207.0,207.0,4133
2025-06-12T13:58:00+05:30,207.0,207.1,206.95,207.05,3012
2025-06-12T13:59:00+05:30,206.97,207.35,206.97,207.2,50109
2025-06-12T14:00:00+05:30,207.17,207.3,207.15,207.2,14635
2025-06-12T14:01:00+05:30,207.2,207.2,206.9,206.95,37253
2025-06-12T14:02:00+05:30,206.9,207.0,206.8,206.88,13748
2025-06-12T14:03:00+05:30,206.85,206.95,206.83,206.95,4134
2025-06-12T14:04:00+05:30,206.93,206.95,206.72,206.73,38698
2025-06-12T14:05:00+05:30,206.73,206.78,206.55,206.55,7649
2025-06-12T14:06:00+05:30,206.55,206.6,206.33,206.38,11550
2025-06-12T14:07:00+05:30,206.48,206.52,206.35,206.43,3952
2025-06-12T14:08:00+05:30,206.5,206.55,206.37,206.47,2127
2025-06-12T14:09:00+05:30,206.47,206.6,206.31,206.31,7425
2025-06-12T14:10:00+05:30,206.35,206.54,206.31,206.41,10592
2025-06-12T14:11:00+05:30,206.4,206.79,206.4,206.6,16590
2025-06-12T14:12:00+05:30,206.67,206.8,206.67,206.7,4799
2025-06-12T14:13:00+05:30,206.7,206.9,206.7,206.82,15179
2025-06-12T14:14:00+05:30,206.74,206.79,206.36,206.55,19326
2025-06-12T14:15:00+05:30,206.58,206.67,206.43,206.5,11207
2025-06-12T14:16:00+05:30,206.51,206.68,206.49,206.62,2077
2025-06-12T14:17:00+05:30,206.61,206.97,206.59,206.85,6038
2025-06-12T14:18:00+05:30,206.82,206.94,206.75,206.76,5489
2025-06-12T14:19:00+05:30,206.85,206.85,206.62,206.63,4285
2025-06-12T14:20:00+05:30,206.69,206.94,206.69,206.92,5558
2025-06-12T14:21:00+05:30,206.94,206.94,206.78,206.79,4652
2025-06-12T14:22:00+05:30,206.78,206.9,206.78,206.84,3560
2025-06-12T14:23:00+05:30,206.85,206.95,206.8,206.86,5553
2025-06-12T14:24:00+05:30,206.91,206.91,206.6,206.6,5891
2025-06-12T14:25:00+05:30,206.64,206.72,206.51,206.51,2990
2025-06-12T14:26:00+05:30,206.61,206.65,206.45,206.58,4229
2025-06-12T14:27:00+05:30,206.61,206.66,206.51,206.51,3165
2025-06-12T14:28:00+05:30,206.51,206.66,206.45,206.53,7556
2025-06-12T14:29:00+05:30,206.58,206.66,206.53,206.66,5153
2025-06-12T14:30:00+05:30,206.62,206.69,206.59,206.66,6072
2025-06-12T14:31:00+05:30,206.68,206.69,206.46,206.55,8765
2025-06-12T14:32:00+05:30,206.55,206.8,206.55,206.75,3391
2025-06-12T14:33:00+05:30,206.75,207.0,206.74,207.0,9606
2025-06-12T14:34:00+05:30,206.93,207.0,206.73,206.76,10912
2025-06-12T14:35:00+05:30,206.75,206.84,206.67,206.73,3750
2025-06-12T14:36:00+05:30,206.68,206.9,206.68,206.82,4892
2025-06-12T14:37:00+05:30,206.82,206.89,206.73,206.82,4401
2025-06-12T14:38:00+05:30,206.82,206.91,206.71,206.8,7920
2025-06-12T14:39:00+05:30,206.87,206.89,206.72,206.76,10069
2025-06-12T14:40:00+05:30,206.8,207.01,206.65,206.9,58714
2025-06-12T14:41:00+05:30,206.78,206.91,206.68,206.7,14625
2025-06-12T14:42:00+05:30,206.7,206.9,206.66,206.69,7454
2025-06-12T14:43:00+05:30,206.78,206.78,206.58,206.67,3087
2025-06-12T14:44:00+05:30,206.6,206.76,206.6,206.65,7632
2025-06-12T14:45:00+05:30,206.65,206.8,206.62,206.64,7161
2025-06-12T14:46:00+05:30,206.64,206.8,206.63,206.66,3708
2025-06-12T14:47:00+05:30,206.66,206.77,206.65,206.65,2475
2025-06-12T14:48:00+05:30,206.65,206.8,206.6,206.8,4131
2025-06-12T14:49:00+05:30,206.77,206.87,206.62,206.71,3882
2025-06-12T14:50:00+05:30,206.7,206.88,206.67,206.76,2621
2025-06-12T14:51:00+05:30,206.64,206.79,206.62,206.67,6024
2025-06-12T14:52:00+05:30,206.68,206.79,206.68,206.69,1991
2025-06-12T14:53:00+05:30,206.74,206.77,206.68,206.77,1601
2025-06-12T14:54:00+05:30,206.73,206.89,206.67,206.69,7495
2025-06-12T14:55:00+05:30,206.69,206.78,206.68,206.74,2980
2025-06-12T14:56:00+05:30,206.75,206.8,206.66,206.78,4655
2025-06-12T14:57:00+05:30,206.8,206.87,206.78,206.8,2515
2025-06-12T14:58:00+05:30,206.84,206.9,206.71,206.79,12637
2025-06-12T14:59:00+05:30,206.79,206.83,206.71,206.79,6182
2025-06-12T15:00:00+05:30,206.76,206.84,206.65,206.68,6493
2025-06-12T15:01:00+05:30,206.68,206.68,206.6,206.63,8652
2025-06-12T15:02:00+05:30,206.64,206.66,206.5,206.58,36162
2025-06-12T15:03:00+05:30,206.58,206.7,206.51,206.65,12132
2025-06-12T15:04:00+05:30,206.68,206.69,206.51,206.56,10724
2025-06-12T15:05:00+05:30,206.56,206.62,206.51,206.61,10228
2025-06-12T15:06:00+05:30,206.61,206.65,206.5,206.52,11868
2025-06-12T15:07:00+05:30,206.51,206.62,206.5,206.62,16186
2025-06-12T15:08:00+05:30,206.59,206.65,206.51,206.55,5464
2025-06-12T15:09:00+05:30,206.53,206.89,206.5,206.56,13918
2025-06-12T15:10:00+05:30,206.56,206.64,206.4,206.4,62635
2025-06-12T15:11:00+05:30,206.45,206.63,206.4,206.56,13696
2025-06-12T15:12:00+05:30,206.56,206.59,206.46,206.49,6911
2025-06-12T15:13:00+05:30,206.46,206.49,206.41,206.48,5427
2025-06-12T15:14:00+05:30,206.46,206.68,206.39,206.56,24218
2025-06-12T15:15:00+05:30,206.56,206.57,206.41,206.41,38739
2025-06-12T15:16:00+05:30,206.41,206.53,206.36,206.4,31107
2025-06-12T15:17:00+05:30,206.4,206.42,206.22,206.3,16979
2025-06-12T15:18:00+05:30,206.3,206.32,206.2,206.24,13631
2025-06-12T15:19:00+05:30,206.24,206.27,206.11,206.2,20383
2025-06-12T15:20:00+05:30,206.13,206.42,206.13,206.16,60759
2025-06-12T15:21:00+05:30,206.16,206.53,206.16,206.45,34480
2025-06-12T15:22:00+05:30,206.42,206.53,206.37,206.41,18372
2025-06-12T15:23:00+05:30,206.41,206.59,206.4,206.52,22523
2025-06-12T15:24:00+05:30,206.52,206.55,206.35,206.49,18845
2025-06-12T15:25:00+05:30,206.49,206.55,206.3,206.42,9052
2025-06-12T15:26:00+05:30,206.39,206.6,206.36,206.6,29002
2025-06-12T15:27:00+05:30,206.55,206.63,206.34,206.49,17916
2025-06-12T15:28:00+05:30,206.49,206.55,206.2,206.2,17529
2025-06-12T15:29:00+05:30,206.2,206.38,206.0,206.36,7081
2025-06-13T09:15:00+05:30,203.4,205.0,203.21,203.77,89490
2025-06-13T09:16:00+05:30,203.55,203.99,203.14,203.16,22207
2025-06-13T09:17:00+05:30,203.35,204.2,203.31,203.61,59622
2025-06-13T09:18:00+05:30,203.76,204.06,203.63,203.86,15512
2025-06-13T09:19:00+05:30,203.75,203.9,203.56,203.58,29814
2025-06-13T09:20:00+05:30,203.59,203.7,203.17,203.41,47851
2025-06-13T09:21:00+05:30,203.41,203.69,203.29,203.29,22379
2025-06-13T09:22:00+05:30,203.29,203.9,203.13,203.76,42095
2025-06-13T09:23:00+05:30,203.7,204.12,203.7,203.8,45574
2025-06-13T09:24:00+05:30,203.68,204.21,203.62,204.18,52799
2025-06-13T09:25:00+05:30,204.1,204.37,204.03,204.26,20636
2025-06-13T09:26:00+05:30,204.23,204.49,204.1,204.48,7932
2025-06-13T09:27:00+05:30,204.49,204.58,204.2,204.33,16617
2025-06-13T09:28:00+05:30,204.35,204.65,204.19,204.54,23590
2025-06-13T09:29:00+05:30,204.45,204.69,204.36,204.54,51093
2025-06-13T09:30:00+05:30,204.45,204.5,204.27,204.3,7246
2025-06-13T09:31:00+05:30,204.28,204.36,204.18,204.29,13360
2025-06-13T09:32:00+05:30,204.22,204.28,204.0,204.2,16803
2025-06-13T09:33:00+05:30,204.16,204.22,203.9,203.99,8275
2025-06-13T09:34:00+05:30,203.99,204.0,203.69,203.78,23416
2025-06-13T09:35:00+05:30,203.71,204.2,203.69,204.2,14328
2025-06-13T09:36:00+05:30,204.1,204.4,204.09,204.32,15533
2025-06-13T09:37:00+05:30,204.32,204.74,204.2,204.74,7543
2025-06-13T09:38:00+05:30,204.75,204.75,204.5,204.57,5864
2025-06-13T09:39:00+05:30,204.48,204.67,204.39,204.5,6388
2025-06-13T09:40:00+05:30,204.5,204.71,204.48,204.71,11160
2025-06-13T09:41:00+05:30,204.65,204.73,204.51,204.61,3362
2025-06-13T09:42:00+05:30,204.61,204.7,204.54,204.7,3261
2025-06-13T09:43:00+05:30,204.6,204.6,204.28,204.38,5610
2025-06-13T09:44:00+05:30,204.28,204.49,204.27,204.49,2531
2025-06-13T09:45:00+05:30,204.45,204.56,204.3,204.4,9289
2025-06-13T09:46:00+05:30,204.43,204.43,204.08,204.25,12358
2025-06-13T09:47:00+05:30,204.15,204.17,204.0,204.02,10358
2025-06-13T09:48:00+05:30,204.02,204.24,204.0,204.12,8782
2025-06-13T09:49:00+05:30,204.12,204.3,204.12,204.3,7606
2025-06-13T09:50:00+05:30,204.3,204.72,204.3,204.58,7451
2025-06-13T09:51:00+05:30,204.49,204.74,204.49,204.69,4585
2025-06-13T09:52:00+05:30,204.69,204.75,204.6,204.68,4291
2025-06-13T09:53:00+05:30,204.68,204.72,204.59,204.72,3021
2025-06-13T09:54:00+05:30,204.75,204.9,204.7,204.9,18417
2025-06-13T09:55:00+05:30,204.9,205.15,204.9,205.11,21408
2025-06-13T09:56:00+05:30,205.11,205.15,204.88,204.91,8517
2025-06-13T09:57:00+05:30,204.91,205.0,204.75,204.95,4954
2025-06-13T09:58:00+05:30,204.95,204.95,204.77,204.89,1018
2025-06-13T09:59:00+05:30,204.9,204.92,204.81,204.91,1971
2025-06-13T10:00:00+05:30,204.91,204.92,204.78,204.83,4046
2025-06-13T10:01:00+05:30,204.83,204.88,204.75,204.77,2900
2025-06-13T10:02:00+05:30,204.77,204.81,204.7,204.77,1630
2025-06-13T10:03:00+05:30,204.8,204.8,204.52,204.6,5070
2025-06-13T10:04:00+05:30,204.55,204.72,204.53,204.65,3855
2025-06-13T10:05:00+05:30,204.65,204.76,204.54,204.56,2854
2025-06-13T10:06:00+05:30,204.56,204.65,204.53,204.64,2552
2025-06-13T10:07:00+05:30,204.55,204.64,204.54,204.6,3630
2025-06-13T10:08:00+05:30,204.55,204.64,204.5,204.5,6925
2025-06-13T10:09:00+05:30,204.55,204.7,204.5,204.69,3001
2025-06-13T10:10:00+05:30,204.7,204.7,204.59,204.68,1704
2025-06-13T10:11:00+05:30,204.64,204.8,204.51,204.8,1531
2025-06-13T10:12:00+05:30,204.7,204.89,204.68,204.89,2418
2025-06-13T10:13:00+05:30,204.87,205.0,204.78,204.94,7574
2025-06-13T10:14:00+05:30,204.86,204.99,204.85,204.98,6818
2025-06-13T10:15:00+05:30,204.99,205.0,204.78,204.88,5413
2025-06-13T10:16:00+05:30,204.85,204.92,204.62,204.71,7192
2025-06-13T10:17:00+05:30,204.63,204.91,204.63,204.82,2525
2025-06-13T10:18:00+05:30,204.85,204.89,204.7,204.78,2182
2025-06-13T10:19:00+05:30,204.78,204.89,204.73,204.84,7942
2025-06-13T10:20:00+05:30,204.81,204.99,204.75,204.91,7901
2025-06-13T10:21:00+05:30,204.82,205.0,204.82,205.0,1244
2025-06-13T10:22:00+05:30,204.92,205.1,204.92,205.06,2307
2025-06-13T10:23:00+05:30,205.1,205.24,205.06,205.23,3643
2025-06-13T10:24:00+05:30,205.23,205.29,205.09,205.29,4838
2025-06-13T10:25:00+05:30,205.23,205.29,205.2,205.29,2314
2025-06-13T10:26:00+05:30,205.29,205.29,205.2,205.29,1405
2025-06-13T10:27:00+05:30,205.29,205.29,205.2,205.2,9486
2025-06-13T10:28:00+05:30,205.2,205.29,205.11,205.15,2715
2025-06-13T10:29:00+05:30,205.17,205.27,205.13,205.26,2649
2025-06-13T10:30:00+05:30,205.26,205.26,205.18,205.18,2326
2025-06-13T10:31:00+05:30,205.24,205.32,205.18,205.27,2467
2025-06-13T10:32:00+05:30,205.31,205.32,205.25,205.32,3926
2025-06-13T10:33:00+05:30,205.34,205.63,205.32,205.59,9299
2025-06-13T10:34:00+05:30,205.59,205.59,205.5,205.58,925
2025-06-13T10:35:00+05:30,205.58,205.7,205.5,205.68,4748
2025-06-13T10:36:00+05:30,205.58,205.7,205.53,205.53,2734
2025-06-13T10:37:00+05:30,205.53,205.64,205.39,205.49,3837
2025-06-13T10:38:00+05:30,205.4,205.5,205.4,205.45,17308
2025-06-13T10:39:00+05:30,205.45,205.58,205.45,205.58,1741
2025-06-13T10:40:00+05:30,205.55,205.6,205.5,205.52,1968
2025-06-13T10:41:00+05:30,205.51,205.51,205.4,205.49,3487
2025-06-13T10:42:00+05:30,205.49,205.5,205.4,205.5,2024
2025-06-13T10:43:00+05:30,205.49,205.5,205.45,205.5,727
2025-06-13T10:44:00+05:30,205.5,205.5,205.42,205.48,1752
2025-06-13T10:45:00+05:30,205.48,205.48,205.42,205.45,800
2025-06-13T10:46:00+05:30,205.45,205.48,205.42,205.48,3473
2025-06-13T10:47:00+05:30,205.42,205.46,205.27,205.39,4914
2025-06-13T10:48:00+05:30,205.39,205.39,205.32,205.37,723
2025-06-13T10:49:00+05:30,205.36,205.36,205.25,205.34,2056
2025-06-13T10:50:00+05:30,205.34,205.4,205.25,205.39,5512
2025-06-13T10:51:00+05:30,205.39,205.48,205.31,205.38,2225
2025-06-13T10:52:00+05:30,205.4,205.64,205.36,205.58,16099
2025-06-13T10:53:00+05:30,205.47,205.58,205.47,205.56,2431
2025-06-13T10:54:00+05:30,205.5,205.7,205.5,205.68,2874
2025-06-13T10:55:00+05:30,205.57,205.67,205.56,205.65,913
2025-06-13T10:56:00+05:30,205.65,205.75,205.65,205.75,1195
2025-06-13T10:57:00+05:30,205.75,205.85,205.7,205.85,5935
2025-06-13T10:58:00+05:30,205.83,205.89,205.7,205.86,10429
2025-06-13T10:59:00+05:30,205.77,205.88,205.76,205.87,4455
2025-06-13T11:00:00+05:30,205.77,205.87,205.76,205.85,1370
2025-06-13T11:01:00+05:30,205.85,205.88,205.78,205.81,1461
2025-06-13T11:02:00+05:30,205.88,205.88,205.8,205.88,1391
2025-06-13T11:03:00+05:30,205.88,205.93,205.87,205.93,6264
2025-06-13T11:04:00+05:30,205.93,205.99,205.87,205.99,2205
2025-06-13T11:05:00+05:30,205.99,205.99,205.91,205.99,1574
2025-06-13T11:06:00+05:30,205.99,206.0,205.99,205.99,6484
2025-06-13T11:07:00+05:30,205.99,205.99,205.74,205.8,4905
2025-06-13T11:08:00+05:30,205.84,205.9,205.66,205.74,8683
2025-06-13T11:09:00+05:30,205.74,205.75,205.62,205.68,1081
2025-06-13T11:10:00+05:30,205.62,205.62,205.53,205.62,2271
2025-06-13T11:11:00+05:30,205.52,205.62,205.27,205.37,3776
2025-06-13T11:12:00+05:30,205.37,205.45,205.19,205.22,4108
2025-06-13T11:13:00+05:30,205.22,205.22,205.04,205.13,6259
2025-06-13T11:14:00+05:30,205.13,205.13,205.0,205.04,1716
2025-06-13T11:15:00+05:30,205.0,205.07,205.0,205.04,6613
2025-06-13T11:16:00+05:30,205.0,205.03,204.9,205.0,7085
2025-06-13T11:17:00+05:30,205.0,205.0,204.9,204.96,3553
2025-06-13T11:18:00+05:30,204.9,204.96,204.9,204.94,2501
2025-06-13T11:19:00+05:30,204.94,205.04,204.92,204.99,10292
2025-06-13T11:20:00+05:30,204.99,204.99,204.71,204.78,7234
2025-06-13T11:21:00+05:30,204.71,204.96,204.67,204.94,3479
2025-06-13T11:22:00+05:30,204.93,204.99,204.84,204.93,2772
2025-06-13T11:23:00+05:30,204.85,204.93,204.8,204.84,846
2025-06-13T11:24:00+05:30,204.84,205.08,204.8,205.08,5387
2025-06-13T11:25:00+05:30,205.08,205.12,204.96,205.11,2393
2025-06-13T11:26:00+05:30,205.12,205.12,205.02,205.07,1137
2025-06-13T11:27:00+05:30,205.07,205.2,205.02,205.2,2695
2025-06-13T11:28:00+05:30,205.22,205.22,205.1,205.16,1162
2025-06-13T11:29:00+05:30,205.11,205.21,205.09,205.18,1554
2025-06-13T11:30:00+05:30,205.1,205.17,205.08,205.17,2599
2025-06-13T11:31:00+05:30,205.17,205.17,205.08,205.17,1361
2025-06-13T11:32:00+05:30,205.17,205.39,205.15,205.38,6348
2025-06-13T11:33:00+05:30,205.38,205.4,205.3,205.39,5383
2025-06-13T11:34:00+05:30,205.33,205.5,205.33,205.42,3883
2025-06-13T11:35:00+05:30,205.42,205.5,205.37,205.38,986
2025-06-13T11:36:00+05:30,205.42,205.42,205.32,205.42,808
2025-06-13T11:37:00+05:30,205.4,205.57,205.35,205.57,2865
2025-06-13T11:38:00+05:30,205.57,205.58,205.42,205.49,2390
2025-06-13T11:39:00+05:30,205.49,205.67,205.44,205.64,6380
2025-06-13T11:40:00+05:30,205.63,205.64,205.46,205.56,644
2025-06-13T11:41:00+05:30,205.5,205.64,205.46,205.56,1894
2025-06-13T11:42:00+05:30,205.55,205.55,205.4,205.4,3292
2025-06-13T11:43:00+05:30,205.37,205.39,205.32,205.35,2447
2025-06-13T11:44:00+05:30,205.35,205.35,205.22,205.27,13155
2025-06-13T11:45:00+05:30,205.23,205.3,205.17,205.27,4862
2025-06-13T11:46:00+05:30,205.27,205.27,205.15,205.25,1730
2025-06-13T11:47:00+05:30,205.17,205.28,205.15,205.27,5389
2025-06-13T11:48:00+05:30,205.27,205.27,205.07,205.18,1432
2025-06-13T11:49:00+05:30,205.18,205.18,205.03,205.13,2148
2025-06-13T11:50:00+05:30,205.13,205.23,205.12,205.23,1709
2025-06-13T11:51:00+05:30,205.23,205.25,205.13,205.25,550
2025-06-13T11:52:00+05:30,205.25,205.28,205.25,205.28,709
2025-06-13T11:53:00+05:30,205.28,205.28,205.15,205.19,503
2025-06-13T11:54:00+05:30,205.15,205.28,205.15,205.28,3969
2025-06-13T11:55:00+05:30,205.28,205.3,205.28,205.3,274
2025-06-13T11:56:00+05:30,205.28,205.3,205.25,205.3,3641
2025-06-13T11:57:00+05:30,205.3,205.32,205.11,205.25,1728
2025-06-13T11:58:00+05:30,205.25,205.36,205.18,205.36,5177
2025-06-13T11:59:00+05:30,205.37,205.4,205.19,205.4,2336
2025-06-13T12:00:00+05:30,205.4,205.56,205.35,205.55,4306
2025-06-13T12:01:00+05:30,205.46,205.47,205.37,205.47,683
2025-06-13T12:02:00+05:30,205.49,205.5,205.37,205.47,1444
2025-06-13T12:03:00+05:30,205.47,205.55,205.41,205.55,11654
2025-06-13T12:04:00+05:30,205.51,205.58,205.48,205.58,1185
2025-06-13T12:05:00+05:30,205.55,205.62,205.47,205.62,3294
2025-06-13T12:06:00+05:30,205.69,205.77,205.57,205.77,2094
2025-06-13T12:07:00+05:30,205.72,205.8,205.61,205.72,2077
2025-06-13T12:08:00+05:30,205.76,205.76,205.51,205.62,4470
2025-06-13T12:09:00+05:30,205.53,205.62,205.51,205.6,1225
2025-06-13T12:10:00+05:30,205.6,205.63,205.49,205.63,1616
2025-06-13T12:11:00+05:30,205.63,205.7,205.52,205.52,1138
2025-06-13T12:12:00+05:30,205.64,205.64,205.52,205.52,826
2025-06-13T12:13:00+05:30,205.57,205.57,205.41,205.51,1529
2025-06-13T12:14:00+05:30,205.45,205.54,205.42,205.42,1837
2025-06-13T12:15:00+05:30,205.45,205.54,205.45,205.45,274
2025-06-13T12:16:00+05:30,205.45,205.52,205.41,205.47,886
2025-06-13T12:17:00+05:30,205.52,205.61,205.46,205.56,4902
2025-06-13T12:18:00+05:30,205.56,205.66,205.55,205.62,600
2025-06-13T12:19:00+05:30,205.62,205.67,205.52,205.6,1207
2025-06-13T12:20:00+05:30,205.6,205.68,205.41,205.56,6732
2025-06-13T12:21:00+05:30,205.53,205.6,205.4,205.44,3698
2025-06-13T12:22:00+05:30,205.47,205.63,205.47,205.63,121
2025-06-13T12:23:00+05:30,205.53,205.68,205.53,205.68,1151
2025-06-13T12:24:00+05:30,205.68,205.68,205.5,205.5,11832
2025-06-13T12:25:00+05:30,205.5,205.6,205.46,205.6,1517
2025-06-13T12:26:00+05:30,205.46,205.47,205.33,205.44,5966
2025-06-13T12:27:00+05:30,205.33,205.42,205.32,205.39,1020
2025-06-13T12:28:00+05:30,205.32,205.32,205.21,205.32,4176
2025-06-13T12:29:00+05:30,205.22,205.34,205.2,205.2,1543
2025-06-13T12:30:00+05:30,205.22,205.25,205.2,205.25,503
2025-06-13T12:31:00+05:30,205.2,205.2,205.04,205.14,9441
2025-06-13T12:32:00+05:30,205.1,205.16,205.08,205.08,4753
2025-06-13T12:33:00+05:30,205.15,205.2,205.08,205.2,1881
2025-06-13T12:34:00+05:30,205.17,205.18,205.0,205.0,7390
2025-06-13T12:35:00+05:30,205.01,205.12,205.0,205.01,1681
2025-06-13T12:36:00+05:30,205.08,205.13,205.01,205.08,2798
2025-06-13T12:37:00+05:30,205.13,205.13,204.93,205.05,27416
2025-06-13T12:38:00+05:30,205.01,205.05,204.9,204.9,6161
2025-06-13T12:39:00+05:30,204.95,205.0,204.88,204.88,6310
2025-06-13T12:40:00+05:30,204.91,204.95,204.91,204.91,3049
2025-06-13T12:41:00+05:30,204.95,204.98,204.85,204.91,5759
2025-06-13T12:42:00+05:30,204.91,205.09,204.91,205.09,2647
2025-06-13T12:43:00+05:30,205.09,205.1,205.04,205.07,2154
2025-06-13T12:44:00+05:30,205.1,205.15,205.09,205.09,911
2025-06-13T12:45:00+05:30,205.15,205.15,205.09,205.15,935
2025-06-13T12:46:00+05:30,205.15,205.16,205.07,205.16,2601
2025-06-13T12:47:00+05:30,205.16,205.16,204.95,205.03,3549
2025-06-13T12:48:00+05:30,204.96,205.01,204.89,204.9,2350
2025-06-13T12:49:00+05:30,204.99,204.99,204.89,204.89,2234
2025-06-13T12:50:00+05:30,204.89,204.89,204.8,204.8,7942
2025-06-13T12:51:00+05:30,204.8,205.0,204.8,204.99,9732
2025-06-13T12:52:00+05:30,204.97,204.97,204.88,204.88,738
2025-06-13T12:53:00+05:30,204.95,204.97,204.8,204.8,3015
2025-06-13T12:54:00+05:30,204.8,204.95,204.8,204.9,4464
2025-06-13T12:55:00+05:30,204.89,204.89,204.8,204.85,2492
2025-06-13T12:56:00+05:30,204.85,204.86,204.8,204.8,1043
2025-06-13T12:57:00+05:30,204.85,204.85,204.75,204.75,2196
2025-06-13T12:58:00+05:30,204.75,204.82,204.74,204.74,1922
2025-06-13T12:59:00+05:30,204.74,204.74,204.51,204.59,9486
2025-06-13T13:00:00+05:30,204.51,204.57,204.41,204.48,10859
2025-06-13T13:01:00+05:30,204.47,204.63,204.3,204.48,8300
2025-06-13T13:02:00+05:30,204.48,204.6,204.48,204.6,5672
2025-06-13T13:03:00+05:30,204.59,204.69,204.48,204.55,13579
2025-06-13T13:04:00+05:30,204.5,204.5,204.37,204.4,8060
2025-06-13T13:05:00+05:30,204.4,204.4,204.27,204.36,2754
2025-06-13T13:06:00+05:30,204.48,204.64,204.4,204.59,2639
2025-06-13T13:07:00+05:30,204.59,204.59,204.5,204.59,3414
2025-06-13T13:08:00+05:30,204.59,204.63,204.51,204.52,5144
2025-06-13T13:09:00+05:30,204.62,204.63,204.53,204.58,18184
2025-06-13T13:10:00+05:30,204.53,204.59,204.49,204.57,1761
2025-06-13T13:11:00+05:30,204.52,204.67,204.48,204.67,9872
2025-06-13T13:12:00+05:30,204.67,204.67,204.6,204.62,883
2025-06-13T13:13:00+05:30,204.62,204.86,204.62,204.86,11567
2025-06-13T13:14:00+05:30,204.86,205.0,204.8,204.9,12187
2025-06-13T13:15:00+05:30,204.9,204.98,204.89,204.9,667
2025-06-13T13:16:00+05:30,204.9,204.95,204.66,204.79,8699
2025-06-13T13:17:00+05:30,204.78,204.88,204.71,204.86,8757
2025-06-13T13:18:00+05:30,204.86,204.94,204.77,204.89,3614
2025-06-13T13:19:00+05:30,204.89,204.94,204.8,204.87,1620
2025-06-13T13:20:00+05:30,204.88,204.99,204.8,204.98,10329
2025-06-13T13:21:00+05:30,204.95,204.98,204.85,204.98,3691
2025-06-13T13:22:00+05:30,204.98,205.1,204.92,205.0,15629
2025-06-13T13:23:00+05:30,205.0,205.15,204.95,205.05,4889
2025-06-13T13:24:00+05:30,205.13,205.13,205.05,205.13,4326
2025-06-13T13:25:00+05:30,205.13,205.13,204.94,204.94,11439
2025-06-13T13:26:00+05:30,205.04,205.2,204.95,205.1,11970
2025-06-13T13:27:00+05:30,205.19,205.19,205.01,205.11,10385
2025-06-13T13:28:00+05:30,205.06,205.1,205.02,205.09,9710
2025-06-13T13:29:00+05:30,205.09,205.09,204.99,205.01,5711
2025-06-13T13:30:00+05:30,205.09,205.42,205.01,205.37,8157
2025-06-13T13:31:00+05:30,205.39,205.5,205.28,205.5,4906
2025-06-13T13:32:00+05:30,205.5,205.58,205.49,205.56,13398
2025-06-13T13:33:00+05:30,205.58,205.58,205.44,205.45,7903
2025-06-13T13:34:00+05:30,205.56,205.56,205.45,205.51,4409
2025-06-13T13:35:00+05:30,205.51,205.6,205.48,205.6,4282
2025-06-13T13:36:00+05:30,205.6,205.6,205.55,205.57,1419
2025-06-13T13:37:00+05:30,205.52,205.57,205.45,205.5,2809
2025-06-13T13:38:00+05:30,205.5,205.5,205.33,205.4,4517
2025-06-13T13:39:00+05:30,205.45,205.62,205.37,205.55,8331
2025-06-13T13:40:00+05:30,205.62,205.65,205.52,205.55,4833
2025-06-13T13:41:00+05:30,205.62,205.64,205.55,205.55,2573
2025-06-13T13:42:00+05:30,205.6,205.63,205.5,205.58,3554
2025-06-13T13:43:00+05:30,205.58,205.62,205.55,205.62,3606
2025-06-13T13:44:00+05:30,205.6,205.66,205.5,205.51,14081
2025-06-13T13:45:00+05:30,205.57,205.59,205.5,205.59,3116
2025-06-13T13:46:00+05:30,205.57,205.6,205.5,205.5,5853
2025-06-13T13:47:00+05:30,205.58,205.7,205.5,205.7,14622
2025-06-13T13:48:00+05:30,205.7,205.8,205.64,205.73,9200
2025-06-13T13:49:00+05:30,205.76,205.79,205.61,205.72,4173
2025-06-13T13:50:00+05:30,205.66,205.82,205.6,205.75,9678
2025-06-13T13:51:00+05:30,205.75,205.77,205.63,205.63,3466
2025-06-13T13:52:00+05:30,205.68,205.68,205.54,205.63,3548
2025-06-13T13:53:00+05:30,205.63,205.65,205.55,205.55,1469
2025-06-13T13:54:00+05:30,205.62,205.64,205.46,205.55,4793
2025-06-13T13:55:00+05:30,205.55,205.55,205.4,205.45,2342
2025-06-13T13:56:00+05:30,205.42,205.42,205.18,205.19,9559
2025-06-13T13:57:00+05:30,205.23,205.23,205.06,205.2,7376
2025-06-13T13:58:00+05:30,205.2,205.2,205.05,205.06,5486
2025-06-13T13:59:00+05:30,205.1,205.21,205.04,205.09,14261
2025-06-13T14:00:00+05:30,205.14,205.19,205.08,205.08,7867
2025-06-13T14:01:00+05:30,205.09,205.09,204.95,205.0,6116
2025-06-13T14:02:00+05:30,205.0,205.12,204.95,205.11,8112
2025-06-13T14:03:00+05:30,205.13,205.13,204.98,204.99,7103
2025-06-13T14:04:00+05:30,205.08,205.1,204.97,205.07,6748
2025-06-13T14:05:00+05:30,205.05,205.36,205.0,205.31,17865
2025-06-13T14:06:00+05:30,205.3,205.31,205.17,205.2,15525
2025-06-13T14:07:00+05:30,205.2,205.3,205.1,205.1,8060
2025-06-13T14:08:00+05:30,205.11,205.31,205.09,205.3,8848
2025-06-13T14:09:00+05:30,205.35,205.35,205.19,205.19,6994
2025-06-13T14:10:00+05:30,205.3,205.3,205.2,205.25,4370
2025-06-13T14:11:00+05:30,205.21,205.28,205.19,205.27,12047
2025-06-13T14:12:00+05:30,205.27,205.3,205.1,205.22,21960
2025-06-13T14:13:00+05:30,205.27,205.27,205.16,205.2,5802
2025-06-13T14:14:00+05:30,205.18,205.3,205.18,205.19,9587
2025-06-13T14:15:00+05:30,205.23,205.23,205.17,205.17,6627
2025-06-13T14:16:00+05:30,205.21,205.24,205.1,205.1,10022
2025-06-13T14:17:00+05:30,205.11,205.23,205.04,205.04,8193
2025-06-13T14:18:00+05:30,205.09,205.16,204.96,204.97,8921
2025-06-13T14:19:00+05:30,204.97,205.02,204.9,204.95,10431
2025-06-13T14:20:00+05:30,204.93,205.08,204.92,204.98,9159
2025-06-13T14:21:00+05:30,205.07,205.23,205.06,205.09,7150
2025-06-13T14:22:00+05:30,205.06,205.29,205.05,205.29,22773
2025-06-13T14:23:00+05:30,205.18,205.23,205.06,205.06,7645
2025-06-13T14:24:00+05:30,205.08,205.13,204.97,204.99,11614
2025-06-13T14:25:00+05:30,204.98,205.1,204.98,204.99,5627
2025-06-13T14:26:00+05:30,204.99,205.17,204.96,205.03,12575
2025-06-13T14:27:00+05:30,205.03,205.14,205.03,205.03,8989
2025-06-13T14:28:00+05:30,205.03,205.18,205.01,205.17,13995
2025-06-13T14:29:00+05:30,205.08,205.18,204.95,204.95,11234
2025-06-13T14:30:00+05:30,204.95,205.15,204.95,205.04,11678
2025-06-13T14:31:00+05:30,205.04,205.31,205.04,205.28,15946
2025-06-13T14:32:00+05:30,205.18,205.27,205.1,205.19,10121
2025-06-13T14:33:00+05:30,205.03,205.13,205.01,205.05,14120
2025-06-13T14:34:00+05:30,205.05,205.11,205.01,205.02,6526
2025-06-13T14:35:00+05:30,205.01,205.06,204.97,205.02,9153
2025-06-13T14:36:00+05:30,205.02,205.08,205.0,205.0,6722
2025-06-13T14:37:00+05:30,205.0,205.14,205.0,205.13,7699
2025-06-13T14:38:00+05:30,205.14,205.15,205.08,205.08,6138
2025-06-13T14:39:00+05:30,205.11,205.15,205.01,205.1,14187
2025-06-13T14:40:00+05:30,205.01,205.15,205.01,205.07,9137
2025-06-13T14:41:00+05:30,205.05,205.2,205.04,205.04,8620
2025-06-13T14:42:00+05:30,205.14,205.14,204.95,204.95,7096
2025-06-13T14:43:00+05:30,204.95,205.07,204.95,205.0,8098
2025-06-13T14:44:00+05:30,204.96,204.96,204.86,204.86,9111
2025-06-13T14:45:00+05:30,204.86,204.95,204.81,204.92,7065
2025-06-13T14:46:00+05:30,204.92,204.98,204.89,204.97,8125
2025-06-13T14:47:00+05:30,204.98,204.98,204.81,204.81,8230
2025-06-13T14:48:00+05:30,204.8,204.91,204.78,204.9,13073
2025-06-13T14:49:00+05:30,204.9,205.35,204.81,205.04,46946
2025-06-13T14:50:00+05:30,205.06,205.22,204.85,205.22,26852
2025-06-13T14:51:00+05:30,205.22,205.22,205.07,205.07,22099
2025-06-13T14:52:00+05:30,205.07,205.22,205.0,205.0,10312
2025-06-13T14:53:00+05:30,205.05,205.12,204.85,204.96,23643
2025-06-13T14:54:00+05:30,204.96,205.07,204.91,204.91,9143
2025-06-13T14:55:00+05:30,204.91,205.08,204.91,204.94,10806
2025-06-13T14:56:00+05:30,204.94,205.02,204.91,204.98,11100
2025-06-13T14:57:00+05:30,204.99,205.0,204.83,205.0,10116
2025-06-13T14:58:00+05:30,205.0,205.0,204.83,204.84,9561
2025-06-13T14:59:00+05:30,204.84,204.96,204.81,204.82,8627
2025-06-13T15:00:00+05:30,204.82,205.05,204.82,205.02,22976
2025-06-13T15:01:00+05:30,205.02,205.09,205.0,205.03,22630
2025-06-13T15:02:00+05:30,205.03,205.31,205.03,205.25,43027
2025-06-13T15:03:00+05:30,205.24,205.26,205.14,205.17,19061
2025-06-13T15:04:00+05:30,205.25,205.27,205.14,205.24,36641
2025-06-13T15:05:00+05:30,205.25,205.56,205.24,205.4,55031
2025-06-13T15:06:00+05:30,205.4,205.43,205.16,205.16,28689
2025-06-13T15:07:00+05:30,205.14,205.3,205.13,205.18,20725
2025-06-13T15:08:00+05:30,205.18,205.3,205.13,205.17,16398
2025-06-13T15:09:00+05:30,205.25,205.4,205.17,205.4,43892
2025-06-13T15:10:00+05:30,205.37,205.4,205.26,205.3,23307
2025-06-13T15:11:00+05:30,205.3,205.55,205.19,205.3,49780
2025-06-13T15:12:00+05:30,205.3,205.33,205.15,205.16,20940
2025-06-13T15:13:00+05:30,205.16,205.31,205.15,205.23,15553
2025-06-13T15:14:00+05:30,205.23,205.32,205.02,205.27,22031
2025-06-13T15:15:00+05:30,205.27,205.48,205.22,205.25,59517
2025-06-13T15:16:00+05:30,205.25,205.4,205.2,205.38,27895
2025-06-13T15:17:00+05:30,205.38,205.39,205.27,205.38,21411
2025-06-13T15:18:00+05:30,205.38,205.38,205.25,205.27,28167
2025-06-13T15:19:00+05:30,205.27,205.35,205.2,205.34,55705
2025-06-13T15:20:00+05:30,205.34,205.79,205.25,205.58,70213
2025-06-13T15:21:00+05:30,205.58,205.66,205.48,205.59,25956
2025-06-13T15:22:00+05:30,205.59,205.75,205.53,205.73,21783
2025-06-13T15:23:00+05:30,205.73,205.75,205.58,205.6,12806
2025-06-13T15:24:00+05:30,205.6,205.64,205.51,205.58,25333
2025-06-13T15:25:00+05:30,205.55,205.6,205.29,205.39,41391
2025-06-13T15:26:00+05:30,205.32,205.39,205.27,205.3,17416
2025-06-13T15:27:00+05:30,205.28,205.38,205.28,205.36,12553
2025-06-13T15:28:00+05:30,205.35,205.5,205.26,205.37,34128
2025-06-13T15:29:00+05:30,205.25,205.7,205.0,205.6,112524
2025-06-16T09:15:00+05:30,205.3,205.3,204.47,204.78,29825
2025-06-16T09:16:00+05:30,204.69,204.95,204.69,204.9,13607
2025-06-16T09:17:00+05:30,204.88,205.06,204.51,204.8,69614
2025-06-16T09:18:00+05:30,204.7,204.84,204.3,204.48,15835
2025-06-16T09:19:00+05:30,204.41,204.41,204.01,204.09,16177
2025-06-16T09:20:00+05:30,204.01,204.18,203.75,204.12,13642
2025-06-16T09:21:00+05:30,204.2,204.41,204.11,204.14,22297
2025-06-16T09:22:00+05:30,204.11,204.39,204.11,204.17,16882
2025-06-16T09:23:00+05:30,204.17,204.19,203.84,203.85,26186
2025-06-16T09:24:00+05:30,203.84,203.99,203.6,203.67,14870
2025-06-16T09:25:00+05:30,203.6,203.83,203.5,203.64,13050
2025-06-16T09:26:00+05:30,203.7,203.98,203.67,203.75,8122
2025-06-16T09:27:00+05:30,203.78,204.0,203.61,203.61,18377
2025-06-16T09:28:00+05:30,203.61,203.61,203.3,203.42,8290
2025-06-16T09:29:00+05:30,203.48,203.48,203.24,203.3,9018
2025-06-16T09:30:00+05:30,203.35,203.35,202.77,202.77,27675
2025-06-16T09:31:00+05:30,202.83,202.92,202.35,202.35,41542
2025-06-16T09:32:00+05:30,202.35,202.95,202.34,202.68,32247
2025-06-16T09:33:00+05:30,202.73,203.09,202.68,202.9,8588
2025-06-16T09:34:00+05:30,202.9,203.08,202.77,203.0,18844
2025-06-16T09:35:00+05:30,202.91,203.04,202.73,202.8,31275
2025-06-16T09:36:00+05:30,202.85,203.17,202.79,202.97,76448
2025-06-16T09:37:00+05:30,202.91,203.48,202.89,203.48,15269
2025-06-16T09:38:00+05:30,203.36,203.7,203.28,203.65,7697
2025-06-16T09:39:00+05:30,203.64,203.7,203.01,203.08,18605
2025-06-16T09:40:00+05:30,203.01,203.51,203.01,203.5,14040
2025-06-16T09:41:00+05:30,203.49,203.6,203.35,203.38,5222
2025-06-16T09:42:00+05:30,203.31,203.69,203.31,203.55,11113
2025-06-16T09:43:00+05:30,203.55,203.68,203.5,203.66,8484
2025-06-16T09:44:00+05:30,203.56,203.58,203.2,203.2,11184
2025-06-16T09:45:00+05:30,203.26,203.3,203.1,203.22,11221
2025-06-16T09:46:00+05:30,203.23,203.23,203.0,203.02,13048
2025-06-16T09:47:00+05:30,203.02,203.11,202.82,203.02,18306
2025-06-16T09:48:00+05:30,203.01,203.17,202.9,203.04,6567
2025-06-16T09:49:00+05:30,203.01,203.12,202.95,203.08,6378
2025-06-16T09:50:00+05:30,203.07,203.23,202.91,203.13,5229
2025-06-16T09:51:00+05:30,203.22,203.41,203.11,203.3,15933
2025-06-16T09:52:00+05:30,203.43,203.7,203.36,203.49,7201
2025-06-16T09:53:00+05:30,203.46,203.55,203.34,203.34,4247
2025-06-16T09:54:00+05:30,203.36,203.4,203.16,203.35,18080
2025-06-16T09:55:00+05:30,203.25,203.34,203.1,203.21,18395
2025-06-16T09:56:00+05:30,203.15,203.36,203.15,203.19,4456
2025-06-16T09:57:00+05:30,203.22,203.29,203.16,203.16,6756
2025-06-16T09:58:00+05:30,203.17,203.3,203.16,203.16,15573
2025-06-16T09:59:00+05:30,203.16,203.31,203.05,203.2,6199
2025-06-16T10:00:00+05:30,203.19,203.21,203.06,203.08,4281
2025-06-16T10:01:00+05:30,203.08,203.22,203.01,203.1,1688
2025-06-16T10:02:00+05:30,203.14,203.23,203.07,203.19,6042
2025-06-16T10:03:00+05:30,203.12,203.3,203.06,203.26,8035
2025-06-16T10:04:00+05:30,203.23,203.47,203.23,203.47,2462
2025-06-16T10:05:00+05:30,203.38,203.56,203.36,203.45,5926
2025-06-16T10:06:00+05:30,203.44,203.55,203.28,203.35,21958
2025-06-16T10:07:00+05:30,203.33,203.47,203.29,203.47,10614
2025-06-16T10:08:00+05:30,203.43,203.83,203.43,203.65,19347
2025-06-16T10:09:00+05:30,203.66,203.76,203.61,203.69,9788
2025-06-16T10:10:00+05:30,203.69,203.99,203.65,203.94,11790
2025-06-16T10:11:00+05:30,203.96,203.97,203.81,203.89,6653
2025-06-16T10:12:00+05:30,203.86,203.9,203.82,203.9,3110
2025-06-16T10:13:00+05:30,203.89,203.97,203.83,203.85,4489
2025-06-16T10:14:00+05:30,203.85,203.95,203.85,203.88,9224
2025-06-16T10:15:00+05:30,203.85,204.1,203.81,204.01,19912
2025-06-16T10:16:00+05:30,204.04,204.04,203.94,203.99,2011
2025-06-16T10:17:00+05:30,203.96,204.09,203.85,204.0,13363
2025-06-16T10:18:00+05:30,203.99,204.09,203.93,204.01,4095
2025-06-16T10:19:00+05:30,203.97,204.07,203.96,203.97,3171
2025-06-16T10:20:00+05:30,204.01,204.2,203.97,204.13,10578
2025-06-16T10:21:00+05:30,204.13,204.2,204.02,204.08,3691
2025-06-16T10:22:00+05:30,204.05,204.08,203.85,203.87,10343
2025-06-16T10:23:00+05:30,203.93,203.97,203.85,203.89,2991
2025-06-16T10:24:00+05:30,203.9,204.1,203.9,204.0,12397
2025-06-16T10:25:00+05:30,204.0,204.09,203.97,203.98,3287
2025-06-16T10:26:00+05:30,204.01,204.1,203.98,204.1,1894
2025-06-16T10:27:00+05:30,204.08,204.1,203.94,203.99,7695
2025-06-16T10:28:00+05:30,204.01,204.3,204.01,204.21,21065
2025-06-16T10:29:00+05:30,204.2,204.27,204.14,204.18,2589
2025-06-16T10:30:00+05:30,204.15,204.3,204.15,204.3,7140
2025-06-16T10:31:00+05:30,204.25,204.65,204.25,204.44,108328
2025-06-16T10:32:00+05:30,204.34,204.48,204.05,204.06,13674
2025-06-16T10:33:00+05:30,204.11,204.29,204.1,204.17,13031
2025-06-16T10:34:00+05:30,204.2,204.2,203.96,203.96,7643
2025-06-16T10:35:00+05:30,203.94,204.0,203.89,203.9,4473
2025-06-16T10:36:00+05:30,203.9,203.98,203.72,203.72,10642
2025-06-16T10:37:00+05:30,203.71,203.85,203.71,203.85,4257
2025-06-16T10:38:00+05:30,203.85,203.9,203.8,203.9,2185
2025-06-16T10:39:00+05:30,203.84,204.0,203.75,204.0,3122
2025-06-16T10:40:00+05:30,204.0,204.0,203.92,203.92,1339
2025-06-16T10:41:00+05:30,203.92,203.98,203.4,203.59,41743
2025-06-16T10:42:00+05:30,203.5,203.55,203.37,203.37,18002
2025-06-16T10:43:00+05:30,203.37,203.85,203.37,203.74,14166
2025-06-16T10:44:00+05:30,203.74,203.97,203.74,203.91,4488
2025-06-16T10:45:00+05:30,203.95,203.95,203.85,203.85,2908
2025-06-16T10:46:00+05:30,203.85,203.9,203.72,203.72,1757
2025-06-16T10:47:00+05:30,203.81,203.85,203.73,203.85,3441
2025-06-16T10:48:00+05:30,203.9,204.0,203.86,203.96,2665
2025-06-16T10:49:00+05:30,203.96,204.0,203.81,203.94,3131
2025-06-16T10:50:00+05:30,203.88,203.97,203.8,203.8,3600
2025-06-16T10:51:00+05:30,203.8,203.88,203.7,203.71,2998
2025-06-16T10:52:00+05:30,203.71,203.9,203.66,203.9,6064
2025-06-16T10:53:00+05:30,203.9,203.97,203.81,203.9,3933
2025-06-16T10:54:00+05:30,203.9,203.9,203.84,203.85,663
2025-06-16T10:55:00+05:30,203.9,203.9,203.85,203.9,600
2025-06-16T10:56:00+05:30,203.9,203.98,203.87,203.93,1703
2025-06-16T10:57:00+05:30,203.95,204.0,203.9,203.9,10322
2025-06-16T10:58:00+05:30,203.9,203.94,203.85,203.9,911
2025-06-16T10:59:00+05:30,203.85,203.9,203.85,203.85,2638
2025-06-16T11:00:00+05:30,203.9,203.99,203.9,203.99,3298
2025-06-16T11:01:00+05:30,204.0,204.2,203.99,204.06,2611
2025-06-16T11:02:00+05:30,204.06,204.2,204.0,204.12,2328
2025-06-16T11:03:00+05:30,204.2,204.26,204.07,204.1,4338
2025-06-16T11:04:00+05:30,204.1,204.2,204.0,204.03,8439
2025-06-16T11:05:00+05:30,204.1,204.1,203.99,204.02,4354
2025-06-16T11:06:00+05:30,204.02,204.15,204.0,204.08,2422
2025-06-16T11:07:00+05:30,204.09,204.25,204.08,204.21,3366
2025-06-16T11:08:00+05:30,204.25,204.39,204.22,204.31,1784
2025-06-16T11:09:00+05:30,204.34,204.59,204.32,204.55,8917
2025-06-16T11:10:00+05:30,204.55,204.57,204.23,204.24,12987
2025-06-16T11:11:00+05:30,204.24,204.53,204.2,204.53,4769
2025-06-16T11:12:00+05:30,204.46,204.68,204.34,204.44,11186
2025-06-16T11:13:00+05:30,204.42,204.42,204.25,204.26,2869
2025-06-16T11:14:00+05:30,204.34,204.37,204.22,204.34,6630
2025-06-16T11:15:00+05:30,204.34,204.6,204.23,204.51,14696
2025-06-16T11:16:00+05:30,204.59,204.59,204.31,204.39,2847
2025-06-16T11:17:00+05:30,204.39,204.45,204.31,204.31,2173
2025-06-16T11:18:00+05:30,204.38,204.41,204.25,204.35,3897
2025-06-16T11:19:00+05:30,204.35,204.53,204.25,204.45,4880
2025-06-16T11:20:00+05:30,204.39,204.48,204.26,204.3,5134
2025-06-16T11:21:00+05:30,204.3,204.3,204.2,204.2,2913
2025-06-16T11:22:00+05:30,204.23,204.23,204.07,204.09,2956
2025-06-16T11:23:00+05:30,204.1,204.16,203.88,203.9,6631
2025-06-16T11:24:00+05:30,203.95,204.01,203.89,203.89,3128
2025-06-16T11:25:00+05:30,203.98,204.17,203.96,204.16,6658
2025-06-16T11:26:00+05:30,204.23,204.25,204.16,204.23,3766
2025-06-16T11:27:00+05:30,204.24,204.24,204.1,204.1,2809
2025-06-16T11:28:00+05:30,204.13,204.14,203.81,203.83,3023
2025-06-16T11:29:00+05:30,203.91,204.15,203.91,203.98,6836
2025-06-16T11:30:00+05:30,204.08,204.1,204.08,204.09,621
2025-06-16T11:31:00+05:30,204.1,204.25,204.09,204.25,4030
2025-06-16T11:32:00+05:30,204.25,204.42,204.22,204.4,4669
2025-06-16T11:33:00+05:30,204.4,204.5,204.4,204.45,2752
2025-06-16T11:34:00+05:30,204.45,204.48,204.29,204.35,7302
2025-06-16T11:35:00+05:30,204.35,204.48,204.31,204.4,1740
2025-06-16T11:36:00+05:30,204.4,204.47,204.4,204.44,1409
2025-06-16T11:37:00+05:30,204.44,204.55,204.44,204.5,6363
2025-06-16T11:38:00+05:30,204.49,204.55,204.49,204.55,2831
2025-06-16T11:39:00+05:30,204.54,204.55,204.5,204.53,3034
2025-06-16T11:40:00+05:30,204.54,204.55,204.43,204.45,2295
2025-06-16T11:41:00+05:30,204.45,204.45,204.44,204.45,1045
2025-06-16T11:42:00+05:30,204.46,204.5,204.45,204.45,1789
2025-06-16T11:43:00+05:30,204.48,204.5,204.45,204.45,1518
2025-06-16T11:44:00+05:30,204.48,204.48,204.45,204.46,1252
2025-06-16T11:45:00+05:30,204.46,204.5,204.46,204.48,3217
2025-06-16T11:46:00+05:30,204.49,204.6,204.49,204.59,3124
2025-06-16T11:47:00+05:30,204.59,204.6,204.46,204.5,4879
2025-06-16T11:48:00+05:30,204.46,204.52,204.46,204.52,2230
2025-06-16T11:49:00+05:30,204.51,204.52,204.43,204.45,3017
2025-06-16T11:50:00+05:30,204.43,204.6,204.43,204.58,1449
2025-06-16T11:51:00+05:30,204.59,204.7,204.58,204.67,2543
2025-06-16T11:52:00+05:30,204.67,204.75,204.59,204.73,13505
2025-06-16T11:53:00+05:30,204.6,204.74,204.51,204.54,3179
2025-06-16T11:54:00+05:30,204.59,204.59,204.45,204.46,5116
2025-06-16T11:55:00+05:30,204.49,204.55,204.38,204.39,4750
2025-06-16T11:56:00+05:30,204.4,204.47,204.31,204.33,3289
2025-06-16T11:57:00+05:30,204.34,204.39,204.16,204.16,4578
2025-06-16T11:58:00+05:30,204.16,204.45,204.16,204.28,2040
2025-06-16T11:59:00+05:30,204.27,204.4,204.23,204.34,2316
2025-06-16T12:00:00+05:30,204.34,204.39,204.27,204.39,2467
2025-06-16T12:01:00+05:30,204.39,204.47,204.38,204.45,2401
2025-06-16T12:02:00+05:30,204.42,204.57,204.42,204.57,2812
2025-06-16T12:03:00+05:30,204.52,204.57,204.3,204.3,5555
2025-06-16T12:04:00+05:30,204.3,204.41,204.14,204.16,13300
2025-06-16T12:05:00+05:30,204.16,204.28,204.16,204.28,1288
2025-06-16T12:06:00+05:30,204.23,204.41,204.22,204.33,2059
2025-06-16T12:07:00+05:30,204.4,204.46,204.33,204.42,1138
2025-06-16T12:08:00+05:30,204.42,204.48,204.42,204.45,1035
2025-06-16T12:09:00+05:30,204.44,204.57,204.44,204.57,2258
2025-06-16T12:10:00+05:30,204.57,204.67,204.56,204.61,2764
2025-06-16T12:11:00+05:30,204.62,204.65,204.61,204.62,3575
2025-06-16T12:12:00+05:30,204.62,204.65,204.6,204.62,2477
2025-06-16T12:13:00+05:30,204.62,204.72,204.6,204.72,5822
2025-06-16T12:14:00+05:30,204.72,204.72,204.67,204.7,5835
2025-06-16T12:15:00+05:30,204.71,204.76,204.7,204.76,3280
2025-06-16T12:16:00+05:30,204.76,204.8,204.6,204.66,9361
2025-06-16T12:17:00+05:30,204.65,204.66,204.56,204.6,1221
2025-06-16T12:18:00+05:30,204.6,204.66,204.57,204.62,6822
2025-06-16T12:19:00+05:30,204.62,204.74,204.62,204.66,5541
2025-06-16T12:20:00+05:30,204.73,204.76,204.66,204.7,3480
2025-06-16T12:21:00+05:30,204.7,204.8,204.66,204.8,2154
2025-06-16T12:22:00+05:30,204.78,204.8,204.77,204.79,4477
2025-06-16T12:23:00+05:30,204.8,204.8,204.72,204.75,8498
2025-06-16T12:24:00+05:30,204.75,204.75,204.53,204.67,3945
2025-06-16T12:25:00+05:30,204.67,204.72,204.52,204.6,2127
2025-06-16T12:26:00+05:30,204.6,204.6,204.46,204.59,4863
2025-06-16T12:27:00+05:30,204.6,204.63,204.56,204.62,3818
2025-06-16T12:28:00+05:30,204.63,204.69,204.62,204.67,1867
2025-06-16T12:29:00+05:30,204.67,204.69,204.56,204.6,3252
2025-06-16T12:30:00+05:30,204.6,204.7,204.56,204.7,2129
2025-06-16T12:31:00+05:30,204.7,204.84,204.7,204.8,6705
2025-06-16T12:32:00+05:30,204.8,204.83,204.79,204.83,2743
2025-06-16T12:33:00+05:30,204.79,204.85,204.79,204.82,4483
2025-06-16T12:34:00+05:30,204.79,204.92,204.79,204.92,16835
2025-06-16T12:35:00+05:30,204.91,204.91,204.79,204.85,2783
2025-06-16T12:36:00+05:30,204.8,204.85,204.67,204.71,6419
2025-06-16T12:37:00+05:30,204.71,204.89,204.71,204.83,6499
2025-06-16T12:38:00+05:30,204.87,204.89,204.84,204.85,3313
2025-06-16T12:39:00+05:30,204.85,204.93,204.74,204.89,16902
2025-06-16T12:40:00+05:30,204.93,204.93,204.82,204.92,1505
2025-06-16T12:41:00+05:30,204.92,204.95,204.88,204.9,2288
2025-06-16T12:42:00+05:30,204.92,204.95,204.89,204.89,5167
2025-06-16T12:43:00+05:30,204.89,204.89,204.71,204.79,4740
2025-06-16T12:44:00+05:30,204.8,204.8,204.65,204.74,5218
2025-06-16T12:45:00+05:30,204.74,204.74,204.68,204.68,753
2025-06-16T12:46:00+05:30,204.74,204.79,204.68,204.71,4454
2025-06-16T12:47:00+05:30,204.77,204.77,204.6,204.64,2981
2025-06-16T12:48:00+05:30,204.63,204.71,204.61,204.65,2215
2025-06-16T12:49:00+05:30,204.7,204.7,204.66,204.67,1542
2025-06-16T12:50:00+05:30,204.68,204.68,204.61,204.67,3624
2025-06-16T12:51:00+05:30,204.67,204.67,204.61,204.61,1450
2025-06-16T12:52:00+05:30,204.65,204.7,204.53,204.6,6877
2025-06-16T12:53:00+05:30,204.55,204.6,204.42,204.42,16775
2025-06-16T12:54:00+05:30,204.53,204.56,204.42,204.43,4501
2025-06-16T12:55:00+05:30,204.5,204.5,204.43,204.43,1945
2025-06-16T12:56:00+05:30,204.49,204.49,204.33,204.35,2884
2025-06-16T12:57:00+05:30,204.42,204.46,204.35,204.4,3059
2025-06-16T12:58:00+05:30,204.46,204.46,204.3,204.3,5215
2025-06-16T12:59:00+05:30,204.3,204.4,204.3,204.3,2376
2025-06-16T13:00:00+05:30,204.39,204.5,204.31,204.46,4198
2025-06-16T13:01:00+05:30,204.46,204.5,204.42,204.45,2305
2025-06-16T13:02:00+05:30,204.45,204.5,204.45,204.47,465
2025-06-16T13:03:00+05:30,204.47,204.51,204.47,204.49,6564
2025-06-16T13:04:00+05:30,204.49,204.65,204.49,204.57,7462
2025-06-16T13:05:00+05:30,204.57,204.65,204.45,204.5,2033
2025-06-16T13:06:00+05:30,204.45,204.5,204.44,204.44,3421
2025-06-16T13:07:00+05:30,204.44,204.5,204.41,204.41,3077
2025-06-16T13:08:00+05:30,204.41,205.02,204.41,204.7,209305
2025-06-16T13:09:00+05:30,204.64,204.77,204.64,204.68,2657
2025-06-16T13:10:00+05:30,204.68,204.8,204.68,204.75,3097
2025-06-16T13:11:00+05:30,204.75,204.8,204.57,204.6,6464
2025-06-16T13:12:00+05:30,204.6,204.64,204.49,204.52,5668
2025-06-16T13:13:00+05:30,204.52,204.59,204.52,204.55,883
2025-06-16T13:14:00+05:30,204.59,204.6,204.55,204.56,2099
2025-06-16T13:15:00+05:30,204.6,204.65,204.56,204.58,3578
2025-06-16T13:16:00+05:30,204.58,204.65,204.58,204.61,1716
2025-06-16T13:17:00+05:30,204.61,204.61,204.43,204.43,8255
2025-06-16T13:18:00+05:30,204.5,204.55,204.43,204.44,5084
2025-06-16T13:19:00+05:30,204.53,204.59,204.44,204.5,3903
2025-06-16T13:20:00+05:30,204.55,204.55,204.47,204.47,1570
2025-06-16T13:21:00+05:30,204.47,204.57,204.47,204.51,4166
2025-06-16T13:22:00+05:30,204.51,204.55,204.51,204.51,1751
2025-06-16T13:23:00+05:30,204.54,204.55,204.5,204.5,2546
2025-06-16T13:24:00+05:30,204.52,204.59,204.47,204.49,4731
2025-06-16T13:25:00+05:30,204.49,204.61,204.49,204.55,4158
2025-06-16T13:26:00+05:30,204.59,204.79,204.59,204.78,5365
2025-06-16T13:27:00+05:30,204.78,204.78,204.57,204.65,4397
2025-06-16T13:28:00+05:30,204.66,204.73,204.56,204.61,3222
2025-06-16T13:29:00+05:30,204.61,204.77,204.6,204.7,5943
2025-06-16T13:30:00+05:30,204.76,204.88,204.7,204.82,3988
2025-06-16T13:31:00+05:30,204.82,205.09,204.82,205.06,7702
2025-06-16T13:32:00+05:30,205.09,205.1,205.04,205.05,8230
2025-06-16T13:33:00+05:30,205.08,205.24,205.06,205.14,10409
2025-06-16T13:34:00+05:30,205.14,205.14,204.65,204.66,18150
2025-06-16T13:35:00+05:30,204.66,204.93,204.6,204.89,12422
2025-06-16T13:36:00+05:30,204.85,204.96,204.85,204.95,2325
2025-06-16T13:37:00+05:30,204.95,205.09,204.95,205.06,6460
2025-06-16T13:38:00+05:30,205.06,205.1,204.43,204.5,228504
2025-06-16T13:39:00+05:30,204.5,204.51,204.45,204.51,12879
2025-06-16T13:40:00+05:30,204.48,204.58,204.48,204.54,1872
2025-06-16T13:41:00+05:30,204.52,204.65,204.47,204.65,9820
2025-06-16T13:42:00+05:30,204.65,204.71,204.52,204.6,5436
2025-06-16T13:43:00+05:30,204.6,204.65,204.51,204.62,3405
2025-06-16T13:44:00+05:30,204.55,204.62,204.38,204.4,23016
2025-06-16T13:45:00+05:30,204.4,204.46,204.35,204.35,1683
2025-06-16T13:46:00+05:30,204.35,204.46,204.33,204.43,6737
2025-06-16T13:47:00+05:30,204.43,204.53,204.42,204.46,4615
2025-06-16T13:48:00+05:30,204.52,204.52,204.42,204.47,3971
2025-06-16T13:49:00+05:30,204.43,204.43,204.35,204.35,5400
2025-06-16T13:50:00+05:30,204.35,204.43,204.34,204.35,9402
2025-06-16T13:51:00+05:30,204.35,204.35,204.13,204.25,21344
2025-06-16T13:52:00+05:30,204.25,204.35,204.25,204.3,1745
2025-06-16T13:53:00+05:30,204.3,204.35,204.28,204.31,2746
2025-06-16T13:54:00+05:30,204.34,204.35,204.28,204.3,5476
2025-06-16T13:55:00+05:30,204.3,204.35,204.28,204.28,5226
2025-06-16T13:56:00+05:30,204.28,204.35,204.25,204.29,2681
2025-06-16T13:57:00+05:30,204.29,204.35,204.29,204.3,2363
2025-06-16T13:58:00+05:30,204.3,204.35,204.3,204.34,3964
2025-06-16T13:59:00+05:30,204.34,204.35,204.22,204.22,5710
2025-06-16T14:00:00+05:30,204.22,204.42,204.22,204.33,5835
2025-06-16T14:01:00+05:30,204.33,204.4,204.28,204.28,608
2025-06-16T14:02:00+05:30,204.26,204.4,204.26,204.33,2803
2025-06-16T14:03:00+05:30,204.33,204.5,204.33,204.46,3895
2025-06-16T14:04:00+05:30,204.46,204.6,204.46,204.59,2132
2025-06-16T14:05:00+05:30,204.59,204.81,204.59,204.78,7110
2025-06-16T14:06:00+05:30,204.79,204.98,204.79,204.94,5761
2025-06-16T14:07:00+05:30,204.94,204.96,204.8,204.8,5347
2025-06-16T14:08:00+05:30,204.8,204.9,204.73,204.9,6653
2025-06-16T14:09:00+05:30,204.86,204.92,204.84,204.86,2766
2025-06-16T14:10:00+05:30,204.92,205.0,204.81,204.94,11308
2025-06-16T14:11:00+05:30,204.94,204.99,204.93,204.93,3725
2025-06-16T14:12:00+05:30,204.93,204.94,204.93,204.93,5634
2025-06-16T14:13:00+05:30,204.93,204.94,204.78,204.83,11088
2025-06-16T14:14:00+05:30,204.89,205.09,204.85,205.0,14400
2025-06-16T14:15:00+05:30,205.0,205.1,205.0,205.08,2450
2025-06-16T14:16:00+05:30,205.02,205.1,204.93,205.03,6540
2025-06-16T14:17:00+05:30,205.09,205.1,204.94,204.98,7638
2025-06-16T14:18:00+05:30,204.95,204.98,204.78,204.78,3963
2025-06-16T14:19:00+05:30,204.82,204.89,204.79,204.84,3650
2025-06-16T14:20:00+05:30,204.82,204.91,204.77,204.83,4570
2025-06-16T14:21:00+05:30,204.8,204.84,204.78,204.79,2280
2025-06-16T14:22:00+05:30,204.78,204.79,204.73,204.79,3040
2025-06-16T14:23:00+05:30,204.79,204.93,204.79,204.93,3220
2025-06-16T14:24:00+05:30,204.86,204.94,204.85,204.9,8081
2025-06-16T14:25:00+05:30,204.85,204.9,204.83,204.83,2573
2025-06-16T14:26:00+05:30,204.83,204.85,204.75,204.75,10442
2025-06-16T14:27:00+05:30,204.75,204.76,204.59,204.59,3268
2025-06-16T14:28:00+05:30,204.62,204.73,204.57,204.62,5676
2025-06-16T14:29:00+05:30,204.62,204.72,204.59,204.64,1864
2025-06-16T14:30:00+05:30,204.72,204.9,204.65,204.86,6340
2025-06-16T14:31:00+05:30,204.88,204.89,204.85,204.87,2066
2025-06-16T14:32:00+05:30,204.89,204.89,204.85,204.86,2461
2025-06-16T14:33:00+05:30,204.89,204.89,204.84,204.87,5669
2025-06-16T14:34:00+05:30,204.87,204.89,204.8,204.81,5545
2025-06-16T14:35:00+05:30,204.87,204.95,204.66,204.86,44445
2025-06-16T14:36:00+05:30,204.86,204.86,204.65,204.7,11293
2025-06-16T14:37:00+05:30,204.7,204.81,204.61,204.69,10261
2025-06-16T14:38:00+05:30,204.69,204.78,204.64,204.7,2436
2025-06-16T14:39:00+05:30,204.78,204.8,204.7,204.71,3666
2025-06-16T14:40:00+05:30,204.71,204.8,204.71,204.75,2576
2025-06-16T14:41:00+05:30,204.75,204.9,204.75,204.82,5854
2025-06-16T14:42:00+05:30,204.82,204.9,204.82,204.89,4188
2025-06-16T14:43:00+05:30,204.89,204.9,204.75,204.75,10627
2025-06-16T14:44:00+05:30,204.71,204.87,204.71,204.76,3167
2025-06-16T14:45:00+05:30,204.76,204.9,204.68,204.8,3306
2025-06-16T14:46:00+05:30,204.79,205.0,204.79,204.97,10683
2025-06-16T14:47:00+05:30,205.0,205.07,204.93,205.02,8275
2025-06-16T14:48:00+05:30,205.02,205.17,205.02,205.13,3268
2025-06-16T14:49:00+05:30,205.13,205.13,204.92,205.07,9962
2025-06-16T14:50:00+05:30,205.03,205.07,204.86,204.98,5546
2025-06-16T14:51:00+05:30,204.9,205.0,204.89,204.99,9127
2025-06-16T14:52:00+05:30,204.92,205.0,204.92,204.98,3316
2025-06-16T14:53:00+05:30,204.99,205.11,204.98,205.03,5740
2025-06-16T14:54:00+05:30,205.03,205.11,204.9,205.03,12118
2025-06-16T14:55:00+05:30,205.03,205.14,205.03,205.09,5139
2025-06-16T14:56:00+05:30,205.08,205.2,205.08,205.19,7039
2025-06-16T14:57:00+05:30,205.19,205.2,205.15,205.15,8713
2025-06-16T14:58:00+05:30,205.15,205.18,205.03,205.15,15905
2025-06-16T14:59:00+05:30,205.15,205.22,205.13,205.15,5688
2025-06-16T15:00:00+05:30,205.15,205.22,205.09,205.14,7276
2025-06-16T15:01:00+05:30,205.17,205.4,205.03,205.37,26784
2025-06-16T15:02:00+05:30,205.38,205.55,205.11,205.34,48364
2025-06-16T15:03:00+05:30,205.34,205.34,205.13,205.24,16947
2025-06-16T15:04:00+05:30,205.25,205.31,205.06,205.25,21787
2025-06-16T15:05:00+05:30,205.29,205.29,205.12,205.18,14738
2025-06-16T15:06:00+05:30,205.23,205.38,205.14,205.35,11455
2025-06-16T15:07:00+05:30,205.38,205.38,205.31,205.34,10296
2025-06-16T15:08:00+05:30,205.34,205.49,205.32,205.45,16809
2025-06-16T15:09:00+05:30,205.49,205.63,205.31,205.4,37939
2025-06-16T15:10:00+05:30,205.41,205.49,205.34,205.45,22170
2025-06-16T15:11:00+05:30,205.48,205.55,205.45,205.54,8356
2025-06-16T15:12:00+05:30,205.55,205.68,205.54,205.62,13768
2025-06-16T15:13:00+05:30,205.64,205.65,205.52,205.6,17877
2025-06-16T15:14:00+05:30,205.6,206.0,205.59,205.82,25394
2025-06-16T15:15:00+05:30,205.83,205.9,205.65,205.72,19513
2025-06-16T15:16:00+05:30,205.74,205.85,205.71,205.8,18952
2025-06-16T15:17:00+05:30,205.8,205.93,205.77,205.82,32439
2025-06-16T15:18:00+05:30,205.8,205.95,205.77,205.92,15672
2025-06-16T15:19:00+05:30,205.92,206.0,205.81,205.91,27216
2025-06-16T15:20:00+05:30,205.91,205.91,205.75,205.8,46673
2025-06-16T15:21:00+05:30,205.82,205.95,205.8,205.94,13609
2025-06-16T15:22:00+05:30,205.94,205.99,205.85,205.88,29079
2025-06-16T15:23:00+05:30,205.94,205.94,205.58,205.72,23622
2025-06-16T15:24:00+05:30,205.63,205.76,205.62,205.71,15942
2025-06-16T15:25:00+05:30,205.71,205.9,205.71,205.86,14380
2025-06-16T15:26:00+05:30,205.89,205.9,205.69,205.81,20619
2025-06-16T15:27:00+05:30,205.84,205.95,205.8,205.9,9472
2025-06-16T15:28:00+05:30,205.9,205.98,205.51,205.51,19156
2025-06-16T15:29:00+05:30,205.5,205.89,205.35,205.75,14350
2025-06-17T09:15:00+05:30,205.89,206.8,205.11,205.17,23957
2025-06-17T09:16:00+05:30,205.11,205.31,204.79,205.02,22142
2025-06-17T09:17:00+05:30,205.03,205.14,204.72,204.72,23393
2025-06-17T09:18:00+05:30,204.68,204.94,204.66,204.7,18702
2025-06-17T09:19:00+05:30,204.7,205.03,204.6,204.73,18478
2025-06-17T09:20:00+05:30,204.81,204.89,204.2,204.32,20810
2025-06-17T09:21:00+05:30,204.41,204.6,204.31,204.5,15750
2025-06-17T09:22:00+05:30,204.43,204.87,204.43,204.71,8866
2025-06-17T09:23:00+05:30,204.7,204.7,204.51,204.61,8327
2025-06-17T09:24:00+05:30,204.55,205.19,204.55,205.08,15062
2025-06-17T09:25:00+05:30,205.1,205.1,205.0,205.0,9019
2025-06-17T09:26:00+05:30,205.0,205.3,205.0,205.3,47393
2025-06-17T09:27:00+05:30,205.24,205.49,205.18,205.39,8564
2025-06-17T09:28:00+05:30,205.3,205.34,205.1,205.16,6023
2025-06-17T09:29:00+05:30,205.22,205.7,205.19,205.7,22832
2025-06-17T09:30:00+05:30,205.72,206.12,205.72,205.91,41196
2025-06-17T09:31:00+05:30,205.91,206.25,205.91,206.24,16185
2025-06-17T09:32:00+05:30,206.19,206.4,206.11,206.25,7581
2025-06-17T09:33:00+05:30,206.34,206.5,206.32,206.43,9278
2025-06-17T09:34:00+05:30,206.43,206.71,206.33,206.6,15566
2025-06-17T09:35:00+05:30,206.6,206.77,206.6,206.61,8089
2025-06-17T09:36:00+05:30,206.61,206.7,206.47,206.56,3078
2025-06-17T09:37:00+05:30,206.56,206.87,206.51,206.79,13553
2025-06-17T09:38:00+05:30,206.87,207.0,206.76,206.97,8975
2025-06-17T09:39:00+05:30,206.97,206.98,206.67,206.7,4494
2025-06-17T09:40:00+05:30,206.66,206.74,206.42,206.53,5119
2025-06-17T09:41:00+05:30,206.52,206.67,206.46,206.63,8080
2025-06-17T09:42:00+05:30,206.56,206.63,206.46,206.51,6710
2025-06-17T09:43:00+05:30,206.51,206.6,206.36,206.59,6364
2025-06-17T09:44:00+05:30,206.59,206.65,206.47,206.6,6438
2025-06-17T09:45:00+05:30,206.6,206.64,206.49,206.49,5606
2025-06-17T09:46:00+05:30,206.5,206.71,206.5,206.6,7298
2025-06-17T09:47:00+05:30,206.5,206.57,206.35,206.35,2449
2025-06-17T09:48:00+05:30,206.4,206.57,206.37,206.4,6145
2025-06-17T09:49:00+05:30,206.49,206.74,206.31,206.56,13804
2025-06-17T09:50:00+05:30,206.5,206.54,206.4,206.5,4828
2025-06-17T09:51:00+05:30,206.5,206.5,206.41,206.41,34856
2025-06-17T09:52:00+05:30,206.41,206.5,206.32,206.4,2560
2025-06-17T09:53:00+05:30,206.4,206.45,206.26,206.39,5156
2025-06-17T09:54:00+05:30,206.31,206.41,206.25,206.35,3212
2025-06-17T09:55:00+05:30,206.35,206.37,206.22,206.22,6374
2025-06-17T09:56:00+05:30,206.3,206.3,205.78,206.0,17182
2025-06-17T09:57:00+05:30,206.0,206.0,205.9,205.99,2847
2025-06-17T09:58:00+05:30,205.98,205.98,205.83,205.92,5039
2025-06-17T09:59:00+05:30,205.92,205.92,205.81,205.9,3344
2025-06-17T10:00:00+05:30,205.9,205.9,205.71,205.8,4197
2025-06-17T10:01:00+05:30,205.8,205.87,205.72,205.85,5179
2025-06-17T10:02:00+05:30,205.74,205.83,205.7,205.7,9041
2025-06-17T10:03:00+05:30,205.79,205.87,205.65,205.83,11279
2025-06-17T10:04:00+05:30,205.71,205.82,205.65,205.74,3747
2025-06-17T10:05:00+05:30,205.74,205.86,205.59,205.86,10860
2025-06-17T10:06:00+05:30,205.83,205.86,205.69,205.69,16467
2025-06-17T10:07:00+05:30,205.69,205.74,205.53,205.71,10559
2025-06-17T10:08:00+05:30,205.71,205.86,205.58,205.86,2966
2025-06-17T10:09:00+05:30,205.85,205.91,205.72,205.79,8044
2025-06-17T10:10:00+05:30,205.86,205.86,205.72,205.73,2128
2025-06-17T10:11:00+05:30,205.8,205.91,205.45,205.88,46987
2025-06-17T10:12:00+05:30,205.87,205.87,205.71,205.82,2823
2025-06-17T10:13:00+05:30,205.8,205.95,205.72,205.94,5769
2025-06-17T10:14:00+05:30,205.93,205.99,205.73,205.81,21933
2025-06-17T10:15:00+05:30,205.94,205.94,205.77,205.87,3158
2025-06-17T10:16:00+05:30,205.87,205.87,205.75,205.86,1805
2025-06-17T10:17:00+05:30,205.83,205.92,205.75,205.83,1252
2025-06-17T10:18:00+05:30,205.87,205.96,205.8,205.94,16216
2025-06-17T10:19:00+05:30,205.91,206.25,205.88,206.01,8739
2025-06-17T10:20:00+05:30,206.13,206.19,205.98,206.19,21193
2025-06-17T10:21:00+05:30,206.07,206.17,206.0,206.05,2171
2025-06-17T10:22:00+05:30,206.03,206.03,205.94,206.03,4760
2025-06-17T10:23:00+05:30,206.03,206.17,205.94,206.13,2937
2025-06-17T10:24:00+05:30,206.1,206.17,206.0,206.08,6258
2025-06-17T10:25:00+05:30,206.08,206.08,206.0,206.06,2151
2025-06-17T10:26:00+05:30,206.06,206.06,206.0,206.0,2225
2025-06-17T10:27:00+05:30,206.01,206.01,205.88,205.95,7279
2025-06-17T10:28:00+05:30,205.91,205.95,205.75,205.75,4392
2025-06-17T10:29:00+05:30,205.8,205.93,205.75,205.93,3418
2025-06-17T10:30:00+05:30,205.82,205.91,205.8,205.86,4456
2025-06-17T10:31:00+05:30,205.86,205.93,205.81,205.83,2342
2025-06-17T10:32:00+05:30,205.85,205.93,205.85,205.92,3354
2025-06-17T10:33:00+05:30,205.92,206.06,205.85,206.05,9686
2025-06-17T10:34:00+05:30,206.02,206.02,205.75,205.84,13467
2025-06-17T10:35:00+05:30,205.88,205.96,205.84,205.84,2986
2025-06-17T10:36:00+05:30,205.85,205.93,205.84,205.88,6565
2025-06-17T10:37:00+05:30,205.86,206.0,205.86,206.0,4811
2025-06-17T10:38:00+05:30,205.97,206.0,205.97,205.97,3565
2025-06-17T10:39:00+05:30,206.0,206.0,205.78,205.84,6898
2025-06-17T10:40:00+05:30,205.81,205.96,205.78,205.87,3442
2025-06-17T10:41:00+05:30,205.96,206.07,205.86,206.07,8747
2025-06-17T10:42:00+05:30,206.05,206.08,205.9,206.08,6269
2025-06-17T10:43:00+05:30,206.05,206.08,206.0,206.01,6021
2025-06-17T10:44:00+05:30,206.01,206.07,205.65,205.76,4898
2025-06-17T10:45:00+05:30,205.7,205.78,205.64,205.76,5773
2025-06-17T10:46:00+05:30,205.72,205.76,205.57,205.69,2990
2025-06-17T10:47:00+05:30,205.64,205.64,205.39,205.39,11907
2025-06-17T10:48:00+05:30,205.39,205.46,205.32,205.42,28871
2025-06-17T10:49:00+05:30,205.39,205.42,205.14,205.42,14033
2025-06-17T10:50:00+05:30,205.38,205.53,205.26,205.53,3521
2025-06-17T10:51:00+05:30,205.54,205.61,205.43,205.5,11825
2025-06-17T10:52:00+05:30,205.47,205.66,205.42,205.59,5483
2025-06-17T10:53:00+05:30,205.55,205.59,205.5,205.55,3133
2025-06-17T10:54:00+05:30,205.53,205.55,205.5,205.51,1590
2025-06-17T10:55:00+05:30,205.5,205.51,205.32,205.33,2584
2025-06-17T10:56:00+05:30,205.33,205.42,205.3,205.36,3661
2025-06-17T10:57:00+05:30,205.38,205.55,205.34,205.55,8339
2025-06-17T10:58:00+05:30,205.5,205.5,205.39,205.46,1909
2025-06-17T10:59:00+05:30,205.48,205.53,205.46,205.51,3035
2025-06-17T11:00:00+05:30,205.51,205.6,205.42,205.56,20112
2025-06-17T11:01:00+05:30,205.53,205.56,205.47,205.5,2725
2025-06-17T11:02:00+05:30,205.48,205.53,205.47,205.53,5789
2025-06-17T11:03:00+05:30,205.53,205.64,205.5,205.59,2523
2025-06-17T11:04:00+05:30,205.5,205.55,205.37,205.42,15949
2025-06-17T11:05:00+05:30,205.37,205.57,205.37,205.56,4839
2025-06-17T11:06:00+05:30,205.49,205.66,205.45,205.52,10469
2025-06-17T11:07:00+05:30,205.62,205.62,205.51,205.57,5508
2025-06-17T11:08:00+05:30,205.5,205.6,205.49,205.6,6165
2025-06-17T11:09:00+05:30,205.55,205.6,205.4,205.47,1465
2025-06-17T11:10:00+05:30,205.47,205.47,205.31,205.38,6372
2025-06-17T11:11:00+05:30,205.4,205.46,205.26,205.46,3403
2025-06-17T11:12:00+05:30,205.41,205.49,205.34,205.4,1540
2025-06-17T11:13:00+05:30,205.34,205.4,205.34,205.38,1331
2025-06-17T11:14:00+05:30,205.37,205.4,205.33,205.4,6613
2025-06-17T11:15:00+05:30,205.4,205.53,205.33,205.4,9366
2025-06-17T11:16:00+05:30,205.36,205.4,205.22,205.3,3747
2025-06-17T11:17:00+05:30,205.3,205.39,205.2,205.26,15762
2025-06-17T11:18:00+05:30,205.3,205.3,205.15,205.26,2520
2025-06-17T11:19:00+05:30,205.2,205.27,205.13,205.2,3342
2025-06-17T11:20:00+05:30,205.2,205.25,205.08,205.2,4979
2025-06-17T11:21:00+05:30,205.2,205.32,205.17,205.27,5750
2025-06-17T11:22:00+05:30,205.24,205.35,205.21,205.35,2264
2025-06-17T11:23:00+05:30,205.29,205.42,205.06,205.1,34840
2025-06-17T11:24:00+05:30,205.19,205.19,205.03,205.05,14800
2025-06-17T11:25:00+05:30,205.15,205.15,205.03,205.04,23897
2025-06-17T11:26:00+05:30,205.08,205.15,205.02,205.12,15101
2025-06-17T11:27:00+05:30,205.14,205.14,205.02,205.11,11662
2025-06-17T11:28:00+05:30,205.11,205.5,205.0,205.45,67995
2025-06-17T11:29:00+05:30,205.5,205.51,205.24,205.24,35401
2025-06-17T11:30:00+05:30,205.35,205.39,205.19,205.39,15178
2025-06-17T11:31:00+05:30,205.35,205.42,205.23,205.29,21867
2025-06-17T11:32:00+05:30,205.3,205.39,205.23,205.23,21302
2025-06-17T11:33:00+05:30,205.35,205.4,205.15,205.26,18067
2025-06-17T11:34:00+05:30,205.29,205.37,205.2,205.2,17110
2025-06-17T11:35:00+05:30,205.2,205.31,205.1,205.26,16456
2025-06-17T11:36:00+05:30,205.2,205.25,205.1,205.23,18248
2025-06-17T11:37:00+05:30,205.18,205.26,205.12,205.23,12943
2025-06-17T11:38:00+05:30,205.26,205.26,205.18,205.18,12436
2025-06-17T11:39:00+05:30,205.26,205.26,205.16,205.23,12943
2025-06-17T11:40:00+05:30,205.25,205.25,205.14,205.23,17582
2025-06-17T11:41:00+05:30,205.25,205.32,205.12,205.12,32118
2025-06-17T11:42:00+05:30,205.15,205.33,205.11,205.3,18364
2025-06-17T11:43:00+05:30,205.3,205.3,205.16,205.21,11421
2025-06-17T11:44:00+05:30,205.32,205.32,205.17,205.2,9638
2025-06-17T11:45:00+05:30,205.23,205.31,205.2,205.25,16843
2025-06-17T11:46:00+05:30,205.25,205.25,205.18,205.25,11875
2025-06-17T11:47:00+05:30,205.25,205.25,205.09,205.17,15791
2025-06-17T11:48:00+05:30,205.13,205.22,205.08,205.19,13677
2025-06-17T11:49:00+05:30,205.1,205.19,205.02,205.13,18782
2025-06-17T11:50:00+05:30,205.07,205.11,205.0,205.11,25455
2025-06-17T11:51:00+05:30,205.11,205.15,205.04,205.15,16988
2025-06-17T11:52:00+05:30,205.15,205.15,205.02,205.09,16329
2025-06-17T11:53:00+05:30,205.04,205.11,205.0,205.05,12991
2025-06-17T11:54:00+05:30,205.05,205.1,205.0,205.1,12087
2025-06-17T11:55:00+05:30,205.01,205.1,205.0,205.09,11432
2025-06-17T11:56:00+05:30,205.05,205.09,205.0,205.02,63231
2025-06-17T11:57:00+05:30,205.01,205.06,204.65,204.76,181449
2025-06-17T11:58:00+05:30,204.66,204.74,204.6,204.63,10977
2025-06-17T11:59:00+05:30,204.67,204.71,204.54,204.6,19576
2025-06-17T12:00:00+05:30,204.6,204.6,204.4,204.5,19121
2025-06-17T12:01:00+05:30,204.5,204.52,204.38,204.51,19981
2025-06-17T12:02:00+05:30,204.46,204.47,204.38,204.44,12725
2025-06-17T12:03:00+05:30,204.38,204.47,204.37,204.38,14389
2025-06-17T12:04:00+05:30,204.38,204.38,204.3,204.34,21956
2025-06-17T12:05:00+05:30,204.3,204.47,204.3,204.42,18039
2025-06-17T12:06:00+05:30,204.37,204.57,204.36,204.5,14100
2025-06-17T12:07:00+05:30,204.45,204.83,204.41,204.57,20974
2025-06-17T12:08:00+05:30,204.55,204.72,204.54,204.67,22997
2025-06-17T12:09:00+05:30,204.67,204.69,204.57,204.69,11237
2025-06-17T12:10:00+05:30,204.67,204.88,204.67,204.82,12647
2025-06-17T12:11:00+05:30,204.8,204.82,204.69,204.77,14210
2025-06-17T12:12:00+05:30,204.69,204.83,204.67,204.81,22601
2025-06-17T12:13:00+05:30,204.77,204.8,204.55,204.6,30758
2025-06-17T12:14:00+05:30,204.6,204.7,204.5,204.59,20223
2025-06-17T12:15:00+05:30,204.59,204.63,204.5,204.62,20191
2025-06-17T12:16:00+05:30,204.52,204.6,204.45,204.54,14375
2025-06-17T12:17:00+05:30,204.5,204.68,204.5,204.66,14919
2025-06-17T12:18:00+05:30,204.66,204.79,204.57,204.73,18814
2025-06-17T12:19:00+05:30,204.69,204.71,204.53,204.67,12048
2025-06-17T12:20:00+05:30,204.65,204.76,204.6,204.63,15345
2025-06-17T12:21:00+05:30,204.63,204.69,204.5,204.64,14420
2025-06-17T12:22:00+05:30,204.58,204.71,204.52,204.59,15223
2025-06-17T12:23:00+05:30,204.58,204.84,204.52,204.84,19638
2025-06-17T12:24:00+05:30,204.83,204.83,204.57,204.68,19831
2025-06-17T12:25:00+05:30,204.66,204.74,204.54,204.74,15784
2025-06-17T12:26:00+05:30,204.74,204.74,204.63,204.7,10261
2025-06-17T12:27:00+05:30,204.7,204.7,204.56,204.6,18105
2025-06-17T12:28:00+05:30,204.6,204.64,204.56,204.63,13362
2025-06-17T12:29:00+05:30,204.59,204.67,204.56,204.67,11322
2025-06-17T12:30:00+05:30,204.67,204.82,204.56,204.79,15848
2025-06-17T12:31:00+05:30,204.79,204.79,204.64,204.79,13102
2025-06-17T12:32:00+05:30,204.76,204.79,204.67,204.77,11590
2025-06-17T12:33:00+05:30,204.77,204.8,204.72,204.72,14668
2025-06-17T12:34:00+05:30,204.73,204.73,204.55,204.63,15805
2025-06-17T12:35:00+05:30,204.61,204.69,204.57,204.69,13389
2025-06-17T12:36:00+05:30,204.69,204.69,204.54,204.61,11866
2025-06-17T12:37:00+05:30,204.59,204.72,204.57,204.71,20335
2025-06-17T12:38:00+05:30,204.65,204.86,204.6,204.8,25073
2025-06-17T12:39:00+05:30,204.8,204.8,204.75,204.8,14695
2025-06-17T12:40:00+05:30,204.75,204.86,204.68,204.77,24542
2025-06-17T12:41:00+05:30,204.75,205.1,204.75,205.1,54603
2025-06-17T12:42:00+05:30,205.1,205.1,205.0,205.1,12287
2025-06-17T12:43:00+05:30,205.06,205.07,205.0,205.02,10463
2025-06-17T12:44:00+05:30,205.01,205.09,204.97,205.01,35279
2025-06-17T12:45:00+05:30,205.0,205.03,205.0,205.01,24679
2025-06-17T12:46:00+05:30,205.01,205.1,205.0,205.04,12770
2025-06-17T12:47:00+05:30,205.0,205.04,204.97,205.01,13312
2025-06-17T12:48:00+05:30,205.0,205.1,205.0,205.1,13755
2025-06-17T12:49:00+05:30,205.05,205.05,205.0,205.01,13157
2025-06-17T12:50:00+05:30,205.0,205.01,204.85,205.01,20739
2025-06-17T12:51:00+05:30,205.01,205.1,204.75,205.1,107665
2025-06-17T12:52:00+05:30,205.1,205.15,205.0,205.13,14168
2025-06-17T12:53:00+05:30,205.12,205.12,204.73,205.05,42681
2025-06-17T12:54:00+05:30,205.05,205.08,205.0,205.02,13222
2025-06-17T12:55:00+05:30,205.01,205.06,204.77,205.05,68391
2025-06-17T12:56:00+05:30,205.0,205.16,205.0,205.15,17217
2025-06-17T12:57:00+05:30,205.15,205.17,205.0,205.05,14271
2025-06-17T12:58:00+05:30,205.05,205.16,205.0,205.14,13716
2025-06-17T12:59:00+05:30,205.14,205.25,205.04,205.12,11777
2025-06-17T13:00:00+05:30,205.2,205.35,205.14,205.23,12497
2025-06-17T13:01:00+05:30,205.19,205.28,205.11,205.25,11420
2025-06-17T13:02:00+05:30,205.25,205.43,205.17,205.3,15180
2025-06-17T13:03:00+05:30,205.3,205.32,205.12,205.17,16380
2025-06-17T13:04:00+05:30,205.17,205.26,205.05,205.15,12917
2025-06-17T13:05:00+05:30,205.15,205.22,205.03,205.17,14231
2025-06-17T13:06:00+05:30,205.17,205.25,205.01,205.11,12543
2025-06-17T13:07:00+05:30,205.11,205.18,205.0,205.09,14215
2025-06-17T13:08:00+05:30,205.04,205.15,205.0,205.15,12622
2025-06-17T13:09:00+05:30,205.15,205.31,205.02,205.22,27004
2025-06-17T13:10:00+05:30,205.22,205.23,205.0,205.11,13977
2025-06-17T13:11:00+05:30,205.11,205.22,205.01,205.13,13924
2025-06-17T13:12:00+05:30,205.13,205.3,205.0,205.09,27270
2025-06-17T13:13:00+05:30,205.04,205.18,205.0,205.14,12725
2025-06-17T13:14:00+05:30,205.08,205.14,205.01,205.01,13345
2025-06-17T13:15:00+05:30,205.01,205.1,205.0,205.0,14969
2025-06-17T13:16:00+05:30,205.0,205.1,204.97,205.03,18036
2025-06-17T13:17:00+05:30,205.1,205.1,205.0,205.0,11279
2025-06-17T13:18:00+05:30,205.09,205.09,205.0,205.0,17563
2025-06-17T13:19:00+05:30,205.01,205.09,205.0,205.0,12527
2025-06-17T13:20:00+05:30,205.0,205.02,204.5,204.5,166235
2025-06-17T13:21:00+05:30,204.51,204.73,204.4,204.48,20376
2025-06-17T13:22:00+05:30,204.55,204.74,204.41,204.58,15516
2025-06-17T13:23:00+05:30,204.58,204.7,204.5,204.61,13644
2025-06-17T13:24:00+05:30,204.67,204.67,204.55,204.56,12211
2025-06-17T13:25:00+05:30,204.61,204.76,204.57,204.64,13746
2025-06-17T13:26:00+05:30,204.64,204.69,204.48,204.48,12098
2025-06-17T13:27:00+05:30,204.56,204.67,204.46,204.54,17866
2025-06-17T13:28:00+05:30,204.58,204.7,204.5,204.61,16162
2025-06-17T13:29:00+05:30,204.65,204.7,204.6,204.6,13149
2025-06-17T13:30:00+05:30,204.62,204.77,204.56,204.65,16173
2025-06-17T13:31:00+05:30,204.73,204.74,204.59,204.59,13134
2025-06-17T13:32:00+05:30,204.65,204.65,204.55,204.56,13374
2025-06-17T13:33:00+05:30,204.62,204.78,204.59,204.65,17532
2025-06-17T13:34:00+05:30,204.68,204.8,204.6,204.65,16661
2025-06-17T13:35:00+05:30,204.67,204.83,204.66,204.71,15876
2025-06-17T13:36:00+05:30,204.78,204.78,204.69,204.71,11275
2025-06-17T13:37:00+05:30,204.71,204.9,204.71,204.76,13941
2025-06-17T13:38:00+05:30,204.84,204.84,204.71,204.81,13625
2025-06-17T13:39:00+05:30,204.81,204.81,204.62,204.63,14323
2025-06-17T13:40:00+05:30,204.63,204.74,204.53,204.62,13966
2025-06-17T13:41:00+05:30,204.62,204.68,204.55,204.58,13152
2025-06-17T13:42:00+05:30,204.58,204.65,204.5,204.5,20357
2025-06-17T13:43:00+05:30,204.54,204.63,204.45,204.52,12756
2025-06-17T13:44:00+05:30,204.63,204.63,204.49,204.49,15401
2025-06-17T13:45:00+05:30,204.55,204.59,204.48,204.52,12761
2025-06-17T13:46:00+05:30,204.52,204.53,204.4,204.47,14583
2025-06-17T13:47:00+05:30,204.48,204.51,204.41,204.41,16440
2025-06-17T13:48:00+05:30,204.45,204.49,204.4,204.4,14866
2025-06-17T13:49:00+05:30,204.45,204.5,204.4,204.42,15189
2025-06-17T13:50:00+05:30,204.42,204.48,204.39,204.42,13147
2025-06-17T13:51:00+05:30,204.48,204.55,204.44,204.5,18839
2025-06-17T13:52:00+05:30,204.55,204.55,204.45,204.45,12132
2025-06-17T13:53:00+05:30,204.51,204.53,204.44,204.44,10828
2025-06-17T13:54:00+05:30,204.47,204.56,204.42,204.42,15821
2025-06-17T13:55:00+05:30,204.42,204.53,204.42,204.44,11464
2025-06-17T13:56:00+05:30,204.47,204.61,204.42,204.55,16974
2025-06-17T13:57:00+05:30,204.61,204.73,204.48,204.62,12840
2025-06-17T13:58:00+05:30,204.73,204.75,204.54,204.55,12562
2025-06-17T13:59:00+05:30,204.55,204.6,204.48,204.52,15312
2025-06-17T14:00:00+05:30,204.52,204.6,204.5,204.56,11447
2025-06-17T14:01:00+05:30,204.56,204.77,204.53,204.65,34729
2025-06-17T14:02:00+05:30,204.74,204.74,204.6,204.6,10974
2025-06-17T14:03:00+05:30,204.67,204.67,204.57,204.57,12020
2025-06-17T14:04:00+05:30,204.57,204.75,204.57,204.62,17991
2025-06-17T14:05:00+05:30,204.62,204.67,204.51,204.6,15682
2025-06-17T14:06:00+05:30,204.6,204.66,204.56,204.57,11594
2025-06-17T14:07:00+05:30,204.62,204.62,204.54,204.56,12242
2025-06-17T14:08:00+05:30,204.6,204.9,204.56,204.88,38747
2025-06-17T14:09:00+05:30,204.8,205.19,204.8,205.04,104395
2025-06-17T14:10:00+05:30,205.11,205.12,204.93,204.99,68363
2025-06-17T14:11:00+05:30,205.06,205.1,204.96,205.01,17031
2025-06-17T14:12:00+05:30,205.03,205.05,204.87,204.88,12105
2025-06-17T14:13:00+05:30,204.88,205.39,204.86,205.18,50665
2025-06-17T14:14:00+05:30,205.24,205.27,205.06,205.07,14421
2025-06-17T14:15:00+05:30,205.1,205.25,205.07,205.14,20013
2025-06-17T14:16:00+05:30,205.23,205.23,205.06,205.06,15439
2025-06-17T14:17:00+05:30,205.07,205.15,204.91,204.91,12554
2025-06-17T14:18:00+05:30,204.92,205.07,204.86,204.95,17933
2025-06-17T14:19:00+05:30,204.95,205.02,204.92,204.96,12937
2025-06-17T14:20:00+05:30,205.0,205.07,204.96,205.0,10420
2025-06-17T14:21:00+05:30,205.01,205.01,204.88,204.9,27361
2025-06-17T14:22:00+05:30,204.9,204.92,204.65,204.67,60417
2025-06-17T14:23:00+05:30,204.73,204.77,204.55,204.63,49357
2025-06-17T14:24:00+05:30,204.66,204.66,204.45,204.45,44902
2025-06-17T14:25:00+05:30,204.52,204.52,204.34,204.34,50487
2025-06-17T14:26:00+05:30,204.42,204.78,204.28,204.49,81173
2025-06-17T14:27:00+05:30,204.55,204.67,204.5,204.52,47134
2025-06-17T14:28:00+05:30,204.58,204.58,204.32,204.41,44636
2025-06-17T14:29:00+05:30,204.47,204.72,204.39,204.55,54650
2025-06-17T14:30:00+05:30,204.64,204.73,204.48,204.53,47518
2025-06-17T14:31:00+05:30,204.53,204.66,204.5,204.58,41224
2025-06-17T14:32:00+05:30,204.61,205.14,204.6,204.93,325284
2025-06-17T14:33:00+05:30,204.95,204.95,204.74,204.74,43573
2025-06-17T14:34:00+05:30,204.75,204.84,204.56,204.56,54329
2025-06-17T14:35:00+05:30,204.65,204.88,204.54,204.88,47554
2025-06-17T14:36:00+05:30,204.85,204.85,204.46,204.59,43034
2025-06-17T14:37:00+05:30,204.59,204.59,204.35,204.43,46744
2025-06-17T14:38:00+05:30,204.5,204.5,204.35,204.37,53910
2025-06-17T14:39:00+05:30,204.37,204.47,204.3,204.3,49461
2025-06-17T14:40:00+05:30,204.38,204.38,204.21,204.23,43259
2025-06-17T14:41:00+05:30,204.22,204.3,204.13,204.29,44510
2025-06-17T14:42:00+05:30,204.2,204.3,204.16,204.22,54989
2025-06-17T14:43:00+05:30,204.29,204.49,204.2,204.44,41982
2025-06-17T14:44:00+05:30,204.49,204.49,204.3,204.43,40498
2025-06-17T14:45:00+05:30,204.46,204.7,204.43,204.61,45046
2025-06-17T14:46:00+05:30,204.64,204.75,204.43,204.67,49105
2025-06-17T14:47:00+05:30,204.75,204.75,204.48,204.6,41511
2025-06-17T14:48:00+05:30,204.65,204.66,204.45,204.56,49484
2025-06-17T14:49:00+05:30,204.66,204.7,204.48,204.7,44307
2025-06-17T14:50:00+05:30,204.64,204.7,204.47,204.6,42433
2025-06-17T14:51:00+05:30,204.62,204.62,204.45,204.45,54356
2025-06-17T14:52:00+05:30,204.46,204.55,204.3,204.45,57303
2025-06-17T14:53:00+05:30,204.45,204.62,204.34,204.53,54298
2025-06-17T14:54:00+05:30,204.59,204.6,204.33,204.48,46222
2025-06-17T14:55:00+05:30,204.48,204.51,204.32,204.45,40412
2025-06-17T14:56:00+05:30,204.45,204.46,204.23,204.23,49979
2025-06-17T14:57:00+05:30,204.27,204.33,204.17,204.29,53405
2025-06-17T14:58:00+05:30,204.29,204.35,204.16,204.25,44028
2025-06-17T14:59:00+05:30,204.24,204.41,204.19,204.35,40616
2025-06-17T15:00:00+05:30,204.35,204.45,204.3,204.36,47760
2025-06-17T15:01:00+05:30,204.45,204.61,204.4,204.42,48544
2025-06-17T15:02:00+05:30,204.51,204.51,204.31,204.39,38496
2025-06-17T15:03:00+05:30,204.39,204.52,204.35,204.36,51574
2025-06-17T15:04:00+05:30,204.42,204.49,204.34,204.37,57443
2025-06-17T15:05:00+05:30,204.45,204.49,204.36,204.49,58594
2025-06-17T15:06:00+05:30,204.49,204.52,204.4,204.41,49316
2025-06-17T15:07:00+05:30,204.5,204.62,204.41,204.58,46904
2025-06-17T15:08:00+05:30,204.62,204.79,204.57,204.57,56828
2025-06-17T15:09:00+05:30,204.62,204.77,204.55,204.7,54699
2025-06-17T15:10:00+05:30,204.7,204.8,204.66,204.67,47777
2025-06-17T15:11:00+05:30,204.68,204.79,204.61,204.69,47417
2025-06-17T15:12:00+05:30,204.75,204.76,204.6,204.69,48197
2025-06-17T15:13:00+05:30,204.69,204.73,204.49,204.66,59512
2025-06-17T15:14:00+05:30,204.66,204.72,204.52,204.58,45717
2025-06-17T15:15:00+05:30,204.58,204.65,204.35,204.36,50347
2025-06-17T15:16:00+05:30,204.36,205.05,204.35,205.05,175505
2025-06-17T15:17:00+05:30,205.0,205.1,204.88,205.05,79645
2025-06-17T15:18:00+05:30,205.05,205.05,204.93,205.01,52557
2025-06-17T15:19:00+05:30,205.0,205.1,204.9,205.01,105746
2025-06-17T15:20:00+05:30,205.01,205.05,204.93,205.0,68386
2025-06-17T15:21:00+05:30,205.05,205.1,204.98,205.01,55233
2025-06-17T15:22:00+05:30,205.01,205.04,204.92,205.02,74387
2025-06-17T15:23:00+05:30,205.02,205.1,204.99,205.05,76443
2025-06-17T15:24:00+05:30,205.05,205.12,204.97,205.01,65429
2025-06-17T15:25:00+05:30,205.01,205.05,204.82,205.0,88153
2025-06-17T15:26:00+05:30,205.0,205.05,204.67,204.85,128850
2025-06-17T15:27:00+05:30,205.0,205.05,204.77,205.01,197099
2025-06-17T15:28:00+05:30,205.0,205.05,204.51,204.99,81853
2025-06-17T15:29:00+05:30,205.0,205.1,204.5,205.09,48799
2025-06-19T09:15:00+05:30,207.3,208.04,207.28,207.45,82195
2025-06-19T09:16:00+05:30,207.46,207.96,207.42,207.76,97735
2025-06-19T09:17:00+05:30,207.74,208.29,207.59,208.06,68496
2025-06-19T09:18:00+05:30,208.17,208.6,208.04,208.5,29855
2025-06-19T09:19:00+05:30,208.5,208.93,208.31,208.53,87000
2025-06-19T09:20:00+05:30,208.59,209.14,208.59,209.12,79697
2025-06-19T09:21:00+05:30,209.0,209.15,208.7,208.8,65605
2025-06-19T09:22:00+05:30,208.8,208.96,208.51,208.58,34768
2025-06-19T09:23:00+05:30,208.58,208.9,208.52,208.79,29755
2025-06-19T09:24:00+05:30,208.9,208.9,208.49,208.49,25881
2025-06-19T09:25:00+05:30,208.62,209.15,208.58,208.91,41513
2025-06-19T09:26:00+05:30,208.91,209.2,208.91,209.11,70171
2025-06-19T09:27:00+05:30,209.06,209.13,208.8,208.87,77293
2025-06-19T09:28:00+05:30,208.87,209.38,208.77,209.38,71825
2025-06-19T09:29:00+05:30,209.29,209.53,209.21,209.29,37375
2025-06-19T09:30:00+05:30,209.29,209.39,208.9,209.0,29969
2025-06-19T09:31:00+05:30,209.0,209.0,208.77,209.0,21188
2025-06-19T09:32:00+05:30,208.9,209.25,208.86,209.16,27947
2025-06-19T09:33:00+05:30,209.16,209.4,209.15,209.3,24503
2025-06-19T09:34:00+05:30,209.3,209.31,209.12,209.25,13597
2025-06-19T09:35:00+05:30,209.22,209.28,209.0,209.0,15912
2025-06-19T09:36:00+05:30,209.0,209.04,208.85,209.0,26728
2025-06-19T09:37:00+05:30,209.0,209.07,208.77,208.88,48764
2025-06-19T09:38:00+05:30,208.9,209.1,208.8,209.01,20611
2025-06-19T09:39:00+05:30,209.01,209.01,208.84,208.97,11669
2025-06-19T09:40:00+05:30,208.97,209.1,208.9,208.9,22121
2025-06-19T09:41:00+05:30,208.95,209.0,208.78,208.88,15376
2025-06-19T09:42:00+05:30,208.8,208.89,208.76,208.77,6892
2025-06-19T09:43:00+05:30,208.8,209.2,208.7,209.1,10450
2025-06-19T09:44:00+05:30,209.19,209.49,209.15,209.25,883401
2025-06-19T09:45:00+05:30,209.25,209.27,209.08,209.11,14413
2025-06-19T09:46:00+05:30,209.18,209.22,209.06,209.19,17748
2025-06-19T09:47:00+05:30,209.09,209.4,209.09,209.32,12944
2025-06-19T09:48:00+05:30,209.32,209.36,208.93,208.93,406815
2025-06-19T09:49:00+05:30,208.99,208.99,208.75,208.84,17637
2025-06-19T09:50:00+05:30,208.84,209.13,208.77,209.04,17700
2025-06-19T09:51:00+05:30,209.04,209.04,208.8,208.83,11490
2025-06-19T09:52:00+05:30,208.8,208.8,208.5,208.5,34250
2025-06-19T09:53:00+05:30,208.53,208.65,208.5,208.58,15843
2025-06-19T09:54:00+05:30,208.58,208.7,208.52,208.54,12990
2025-06-19T09:55:00+05:30,208.55,208.59,208.25,208.35,18475
2025-06-19T09:56:00+05:30,208.34,208.41,208.01,208.08,32155
2025-06-19T09:57:00+05:30,208.1,208.18,208.01,208.01,17083
2025-06-19T09:58:00+05:30,208.01,208.2,208.01,208.18,26246
2025-06-19T09:59:00+05:30,208.18,208.3,208.05,208.1,4841
2025-06-19T10:00:00+05:30,208.07,208.1,207.61,207.67,57598
2025-06-19T10:01:00+05:30,207.67,207.67,207.25,207.25,53537
2025-06-19T10:02:00+05:30,207.25,207.4,207.08,207.18,54361
2025-06-19T10:03:00+05:30,207.2,207.5,207.2,207.32,17657
2025-06-19T10:04:00+05:30,207.39,207.42,207.01,207.04,14380
2025-06-19T10:05:00+05:30,207.01,207.1,206.91,207.0,28398
2025-06-19T10:06:00+05:30,206.93,207.0,206.4,206.4,39765
2025-06-19T10:07:00+05:30,206.5,206.6,206.47,206.51,18898
2025-06-19T10:08:00+05:30,206.56,206.76,206.43,206.43,69729
2025-06-19T10:09:00+05:30,206.47,206.47,206.19,206.25,25235
2025-06-19T10:10:00+05:30,206.25,206.49,206.03,206.4,35707
2025-06-19T10:11:00+05:30,206.4,206.48,206.14,206.47,17182
2025-06-19T10:12:00+05:30,206.38,206.7,206.38,206.6,18550
2025-06-19T10:13:00+05:30,206.6,206.68,206.12,206.18,30933
2025-06-19T10:14:00+05:30,206.18,206.31,205.9,205.91,226351
2025-06-19T10:15:00+05:30,205.91,206.01,205.85,205.95,56106
2025-06-19T10:16:00+05:30,205.99,206.0,205.85,205.86,22324
2025-06-19T10:17:00+05:30,205.86,205.99,205.66,205.71,17974
2025-06-19T10:18:00+05:30,205.71,205.83,205.71,205.76,11552
2025-06-19T10:19:00+05:30,205.76,205.81,205.55,205.61,26297
2025-06-19T10:20:00+05:30,205.6,205.75,205.55,205.66,9958
2025-06-19T10:21:00+05:30,205.66,205.75,205.6,205.6,7188
2025-06-19T10:22:00+05:30,205.61,205.7,205.6,205.64,8806
2025-06-19T10:23:00+05:30,205.65,205.78,205.55,205.74,29170
2025-06-19T10:24:00+05:30,205.74,205.79,205.66,205.71,8039
2025-06-19T10:25:00+05:30,205.71,205.89,205.71,205.72,11532
2025-06-19T10:26:00+05:30,205.73,205.77,205.55,205.61,32730
2025-06-19T10:27:00+05:30,205.57,205.6,205.5,205.53,17071
2025-06-19T10:28:00+05:30,205.54,205.74,205.5,205.7,17589
2025-06-19T10:29:00+05:30,205.72,206.2,205.62,206.09,8562
2025-06-19T10:30:00+05:30,206.05,206.25,206.02,206.19,57979
2025-06-19T10:31:00+05:30,206.22,206.22,205.92,206.08,12221
2025-06-19T10:32:00+05:30,206.09,206.25,206.08,206.11,16657
2025-06-19T10:33:00+05:30,206.1,206.18,206.01,206.09,10726
2025-06-19T10:34:00+05:30,206.11,206.24,206.0,206.2,8835
2025-06-19T10:35:00+05:30,206.21,206.21,205.96,206.03,9060
2025-06-19T10:36:00+05:30,206.03,206.11,205.85,205.88,9117
2025-06-19T10:37:00+05:30,205.88,205.97,205.8,205.86,11015
2025-06-19T10:38:00+05:30,205.85,206.0,205.85,205.96,32742
2025-06-19T10:39:00+05:30,205.97,206.09,205.96,205.96,9583
2025-06-19T10:40:00+05:30,206.0,206.29,206.0,206.2,12905
2025-06-19T10:41:00+05:30,206.2,206.25,206.1,206.1,13606
2025-06-19T10:42:00+05:30,206.15,206.2,205.92,205.93,97557
2025-06-19T10:43:00+05:30,205.93,206.0,205.82,205.82,19855
2025-06-19T10:44:00+05:30,205.82,205.9,205.79,205.81,8956
2025-06-19T10:45:00+05:30,205.81,205.88,205.81,205.82,5344
2025-06-19T10:46:00+05:30,205.82,206.0,205.82,205.99,14755
2025-06-19T10:47:00+05:30,205.91,206.37,205.9,206.27,69905
2025-06-19T10:48:00+05:30,206.26,206.37,206.01,206.05,9613
2025-06-19T10:49:00+05:30,206.11,206.25,206.05,206.23,15208
2025-06-19T10:50:00+05:30,206.22,206.23,206.0,206.08,6679
2025-06-19T10:51:00+05:30,206.05,206.33,206.0,206.26,9837
2025-06-19T10:52:00+05:30,206.24,206.3,206.01,206.06,10825
2025-06-19T10:53:00+05:30,206.08,206.09,206.0,206.04,9136
2025-06-19T10:54:00+05:30,206.08,206.1,205.93,206.02,17245
2025-06-19T10:55:00+05:30,206.05,206.14,205.91,206.0,32247
2025-06-19T10:56:00+05:30,206.03,206.5,206.0,206.5,36213
2025-06-19T10:57:00+05:30,206.49,206.5,206.26,206.31,13612
2025-06-19T10:58:00+05:30,206.31,206.37,206.11,206.16,7969
2025-06-19T10:59:00+05:30,206.21,206.31,206.19,206.21,5668
2025-06-19T11:00:00+05:30,206.24,206.57,206.21,206.4,239716
2025-06-19T11:01:00+05:30,206.4,206.56,206.3,206.54,42379
2025-06-19T11:02:00+05:30,206.46,206.56,206.35,206.42,22110
2025-06-19T11:03:00+05:30,206.42,206.63,206.4,206.5,28285
2025-06-19T11:04:00+05:30,206.59,206.75,206.5,206.7,11649
2025-06-19T11:05:00+05:30,206.71,206.75,206.0,206.1,27990
2025-06-19T11:06:00+05:30,206.1,206.18,206.01,206.01,8985
2025-06-19T11:07:00+05:30,206.01,206.14,205.9,205.99,15447
2025-06-19T11:08:00+05:30,205.99,206.34,205.99,206.04,13811
2025-06-19T11:09:00+05:30,206.03,206.12,205.94,205.96,3458
2025-06-19T11:10:00+05:30,205.95,206.06,205.9,205.9,3942
2025-06-19T11:11:00+05:30,205.93,206.06,205.93,205.93,4596
2025-06-19T11:12:00+05:30,205.97,206.04,205.91,206.0,8289
2025-06-19T11:13:00+05:30,206.0,206.25,205.96,206.05,12558
2025-06-19T11:14:00+05:30,206.11,206.5,206.03,206.47,27289
2025-06-19T11:15:00+05:30,206.47,206.47,206.06,206.23,18159
2025-06-19T11:16:00+05:30,206.24,206.38,206.24,206.32,11991
2025-06-19T11:17:00+05:30,206.3,206.32,205.96,205.97,10002
2025-06-19T11:18:00+05:30,206.01,206.03,205.81,205.81,30914
2025-06-19T11:19:00+05:30,205.81,206.03,205.8,205.9,43360
2025-06-19T11:20:00+05:30,205.88,206.11,205.88,206.04,8553
2025-06-19T11:21:00+05:30,206.05,206.09,206.01,206.05,4175
2025-06-19T11:22:00+05:30,206.03,206.22,205.96,205.96,3824
2025-06-19T11:23:00+05:30,205.91,206.04,205.88,206.01,39235
2025-06-19T11:24:00+05:30,205.98,206.14,205.98,206.08,7853
2025-06-19T11:25:00+05:30,206.1,206.18,206.08,206.11,1994
2025-06-19T11:26:00+05:30,206.12,206.2,205.96,206.07,8251
2025-06-19T11:27:00+05:30,206.09,206.1,205.96,206.07,5181
2025-06-19T11:28:00+05:30,206.07,206.09,205.89,206.0,24724
2025-06-19T11:29:00+05:30,205.95,205.96,205.7,205.83,15403
2025-06-19T11:30:00+05:30,205.83,205.9,205.67,205.75,21026
2025-06-19T11:31:00+05:30,205.74,205.95,205.72,205.82,6225
2025-06-19T11:32:00+05:30,205.82,206.08,205.82,206.0,8258
2025-06-19T11:33:00+05:30,206.0,206.06,206.0,206.0,1934
2025-06-19T11:34:00+05:30,206.02,206.07,206.0,206.0,3430
2025-06-19T11:35:00+05:30,206.01,206.02,205.92,205.96,2180
2025-06-19T11:36:00+05:30,206.0,206.0,205.78,205.82,16119
2025-06-19T11:37:00+05:30,205.8,205.88,205.69,205.71,9848
2025-06-19T11:38:00+05:30,205.78,205.78,205.6,205.61,15283
2025-06-19T11:39:00+05:30,205.62,205.75,205.58,205.64,13228
2025-06-19T11:40:00+05:30,205.69,206.05,205.64,205.95,11445
2025-06-19T11:41:00+05:30,205.95,206.02,205.76,205.76,10125
2025-06-19T11:42:00+05:30,205.76,205.86,205.76,205.8,2178
2025-06-19T11:43:00+05:30,205.83,205.87,205.76,205.76,4607
2025-06-19T11:44:00+05:30,205.77,205.83,205.72,205.74,3308
2025-06-19T11:45:00+05:30,205.74,205.86,205.52,205.57,33190
2025-06-19T11:46:00+05:30,205.57,205.76,205.56,205.65,9542
2025-06-19T11:47:00+05:30,205.67,205.67,205.51,205.6,8616
2025-06-19T11:48:00+05:30,205.62,205.67,205.6,205.61,4378
2025-06-19T11:49:00+05:30,205.64,205.66,205.6,205.61,2946
2025-06-19T11:50:00+05:30,205.61,205.65,205.51,205.55,8390
2025-06-19T11:51:00+05:30,205.56,205.58,205.17,205.22,28600
2025-06-19T11:52:00+05:30,205.27,205.33,205.19,205.22,9484
2025-06-19T11:53:00+05:30,205.22,205.26,205.1,205.15,11642
2025-06-19T11:54:00+05:30,205.16,205.26,205.16,205.24,6459
2025-06-19T11:55:00+05:30,205.25,205.26,205.1,205.1,4629
2025-06-19T11:56:00+05:30,205.11,205.2,205.05,205.2,6798
2025-06-19T11:57:00+05:30,205.14,205.32,205.1,205.25,10172
2025-06-19T11:58:00+05:30,205.25,205.34,205.17,205.31,3004
2025-06-19T11:59:00+05:30,205.32,205.32,205.22,205.22,5615
2025-06-19T12:00:00+05:30,205.22,205.31,205.1,205.23,19682
2025-06-19T12:01:00+05:30,205.27,205.28,205.08,205.13,29538
2025-06-19T12:02:00+05:30,205.13,205.24,205.11,205.17,6697
2025-06-19T12:03:00+05:30,205.12,205.23,205.08,205.17,8012
2025-06-19T12:04:00+05:30,205.25,205.33,205.15,205.33,7953
2025-06-19T12:05:00+05:30,205.3,205.36,205.27,205.35,2043
2025-06-19T12:06:00+05:30,205.37,205.44,205.35,205.36,2636
2025-06-19T12:07:00+05:30,205.37,205.43,205.3,205.32,6356
2025-06-19T12:08:00+05:30,205.33,205.37,205.0,205.22,68017
2025-06-19T12:09:00+05:30,205.2,205.33,205.11,205.18,4309
2025-06-19T12:10:00+05:30,205.18,205.27,205.1,205.25,7444
2025-06-19T12:11:00+05:30,205.26,205.3,205.25,205.3,3338
2025-06-19T12:12:00+05:30,205.28,205.31,205.11,205.28,17710
2025-06-19T12:13:00+05:30,205.28,205.33,205.17,205.2,6144
2025-06-19T12:14:00+05:30,205.24,205.33,205.14,205.22,11746
2025-06-19T12:15:00+05:30,205.23,205.24,205.22,205.22,3667
2025-06-19T12:16:00+05:30,205.22,205.22,205.01,205.06,13862
2025-06-19T12:17:00+05:30,205.06,205.27,205.04,205.12,28507
2025-06-19T12:18:00+05:30,205.12,205.16,205.1,205.11,19638
2025-06-19T12:19:00+05:30,205.11,205.13,205.01,205.01,4847
2025-06-19T12:20:00+05:30,205.1,205.1,205.01,205.03,5641
2025-06-19T12:21:00+05:30,205.03,205.1,205.0,205.06,7644
2025-06-19T12:22:00+05:30,205.0,205.2,205.0,205.13,10668
2025-06-19T12:23:00+05:30,205.17,205.28,205.05,205.25,7181
2025-06-19T12:24:00+05:30,205.26,205.34,205.25,205.33,5220
2025-06-19T12:25:00+05:30,205.33,205.37,205.1,205.13,14625
2025-06-19T12:26:00+05:30,205.12,205.18,205.06,205.09,6736
2025-06-19T12:27:00+05:30,205.1,205.16,205.09,205.12,2833
2025-06-19T12:28:00+05:30,205.12,205.16,205.0,205.06,27855
2025-06-19T12:29:00+05:30,205.06,205.14,205.02,205.09,3848
2025-06-19T12:30:00+05:30,205.09,205.21,205.05,205.12,8367
2025-06-19T12:31:00+05:30,205.19,205.19,204.96,205.0,10398
2025-06-19T12:32:00+05:30,205.01,205.11,204.96,205.07,9981
2025-06-19T12:33:00+05:30,205.05,205.06,204.95,205.0,7651
2025-06-19T12:34:00+05:30,205.0,205.02,204.75,204.75,24982
2025-06-19T12:35:00+05:30,204.75,204.89,204.6,204.83,32122
2025-06-19T12:36:00+05:30,204.83,204.88,204.67,204.84,19305
2025-06-19T12:37:00+05:30,204.84,204.84,204.71,204.74,13594
2025-06-19T12:38:00+05:30,204.75,204.76,204.6,204.65,12658
2025-06-19T12:39:00+05:30,204.65,204.7,204.54,204.63,21690
2025-06-19T12:40:00+05:30,204.59,204.64,204.46,204.49,32825
2025-06-19T12:41:00+05:30,204.48,204.6,204.48,204.48,10949
2025-06-19T12:42:00+05:30,204.49,204.6,204.41,204.55,35412
2025-06-19T12:43:00+05:30,204.58,204.64,204.46,204.6,7483
2025-06-19T12:44:00+05:30,204.61,204.67,204.49,204.57,23613
2025-06-19T12:45:00+05:30,204.57,204.65,204.42,204.55,10217
2025-06-19T12:46:00+05:30,204.55,204.6,204.5,204.51,29439
2025-06-19T12:47:00+05:30,204.51,204.83,204.5,204.59,15982
2025-06-19T12:48:00+05:30,204.59,204.86,204.58,204.7,8748
2025-06-19T12:49:00+05:30,204.72,204.77,204.7,204.7,6690
2025-06-19T12:50:00+05:30,204.75,204.93,204.62,204.85,9825
2025-06-19T12:51:00+05:30,204.85,204.9,204.5,204.66,83070
2025-06-19T12:52:00+05:30,204.58,204.84,204.55,204.84,27289
2025-06-19T12:53:00+05:30,204.82,205.0,204.8,204.98,308931
2025-06-19T12:54:00+05:30,204.9,204.98,204.68,204.71,43792
2025-06-19T12:55:00+05:30,204.71,204.85,204.71,204.75,12864
2025-06-19T12:56:00+05:30,204.77,205.0,204.6,204.85,340996
2025-06-19T12:57:00+05:30,204.85,204.91,204.75,204.81,9410
2025-06-19T12:58:00+05:30,204.8,204.85,204.75,204.77,13646
2025-06-19T12:59:00+05:30,204.75,204.98,204.75,204.9,12769
2025-06-19T13:00:00+05:30,204.99,204.99,204.55,204.65,154983
2025-06-19T13:01:00+05:30,204.67,204.88,204.64,204.76,11579
2025-06-19T13:02:00+05:30,204.76,204.89,204.63,204.7,74816
2025-06-19T13:03:00+05:30,204.7,204.82,204.69,204.75,18557
2025-06-19T13:04:00+05:30,204.78,204.87,204.75,204.82,18390
2025-06-19T13:05:00+05:30,204.82,205.06,204.82,205.02,4718
2025-06-19T13:06:00+05:30,205.03,205.3,205.03,205.14,21507
2025-06-19T13:07:00+05:30,205.15,205.4,205.09,205.21,35900
2025-06-19T13:08:00+05:30,205.25,205.33,205.01,205.08,14939
2025-06-19T13:09:00+05:30,205.09,205.24,205.0,205.0,21824
2025-06-19T13:10:00+05:30,205.0,205.09,205.0,205.0,5016
2025-06-19T13:11:00+05:30,205.0,205.07,204.9,204.95,223356
2025-06-19T13:12:00+05:30,204.9,205.06,204.68,204.7,184431
2025-06-19T13:13:00+05:30,204.7,204.86,204.68,204.77,13874
2025-06-19T13:14:00+05:30,204.77,204.79,204.57,204.59,5568
2025-06-19T13:15:00+05:30,204.57,204.68,204.5,204.64,8625
2025-06-19T13:16:00+05:30,204.64,204.93,204.64,204.68,10184
2025-06-19T13:17:00+05:30,204.68,204.9,204.61,204.66,6333
2025-06-19T13:18:00+05:30,204.63,204.73,204.56,204.6,1952
2025-06-19T13:19:00+05:30,204.61,204.7,204.56,204.6,4123
2025-06-19T13:20:00+05:30,204.6,204.61,204.27,204.55,19415
2025-06-19T13:21:00+05:30,204.55,204.65,204.46,204.56,6718
2025-06-19T13:22:00+05:30,204.56,204.7,204.4,204.42,16390
2025-06-19T13:23:00+05:30,204.42,204.5,204.34,204.34,5312
2025-06-19T13:24:00+05:30,204.34,204.46,204.32,204.4,3956
2025-06-19T13:25:00+05:30,204.4,204.42,204.3,204.42,11404
2025-06-19T13:26:00+05:30,204.35,204.39,204.15,204.15,22100
2025-06-19T13:27:00+05:30,204.19,204.29,204.15,204.18,5059
2025-06-19T13:28:00+05:30,204.18,204.39,204.18,204.29,6357
2025-06-19T13:29:00+05:30,204.3,204.5,204.23,204.38,32019
2025-06-19T13:30:00+05:30,204.3,204.36,204.16,204.2,7155
2025-06-19T13:31:00+05:30,204.17,204.36,204.14,204.21,7813
2025-06-19T13:32:00+05:30,204.21,204.4,204.15,204.23,14146
2025-06-19T13:33:00+05:30,204.24,204.36,204.13,204.32,17162
2025-06-19T13:34:00+05:30,204.3,204.32,204.0,204.07,29070
2025-06-19T13:35:00+05:30,204.07,204.28,204.0,204.1,23305
2025-06-19T13:36:00+05:30,204.1,204.11,203.88,203.97,35838
2025-06-19T13:37:00+05:30,203.99,204.0,203.75,203.83,23670
2025-06-19T13:38:00+05:30,203.82,203.99,203.72,203.76,17254
2025-06-19T13:39:00+05:30,203.76,203.94,203.76,203.85,8171
2025-06-19T13:40:00+05:30,203.86,204.07,203.78,203.96,28395
2025-06-19T13:41:00+05:30,203.91,203.95,203.82,203.85,17900
2025-06-19T13:42:00+05:30,203.85,203.93,203.78,203.85,9748
2025-06-19T13:43:00+05:30,203.83,203.89,203.71,203.77,23393
2025-06-19T13:44:00+05:30,203.79,203.93,203.75,203.77,6315
2025-06-19T13:45:00+05:30,203.77,203.88,203.74,203.82,10469
2025-06-19T13:46:00+05:30,203.82,203.82,203.67,203.68,22350
2025-06-19T13:47:00+05:30,203.73,203.92,203.64,203.73,26999
2025-06-19T13:48:00+05:30,203.74,204.0,203.69,203.9,35047
2025-06-19T13:49:00+05:30,203.92,203.95,203.72,203.81,24270
2025-06-19T13:50:00+05:30,203.78,203.84,203.73,203.75,6116
2025-06-19T13:51:00+05:30,203.76,203.82,203.69,203.69,5782
2025-06-19T13:52:00+05:30,203.73,203.84,203.73,203.79,3866
2025-06-19T13:53:00+05:30,203.8,203.83,203.47,203.58,28631
2025-06-19T13:54:00+05:30,203.56,203.84,203.54,203.73,6997
2025-06-19T13:55:00+05:30,203.71,203.73,203.48,203.52,10803
2025-06-19T13:56:00+05:30,203.58,203.59,203.26,203.39,28473
2025-06-19T13:57:00+05:30,203.32,203.59,203.32,203.43,14180
2025-06-19T13:58:00+05:30,203.46,203.62,203.41,203.5,19846
2025-06-19T13:59:00+05:30,203.5,203.98,203.48,203.9,57420
2025-06-19T14:00:00+05:30,203.93,204.08,203.85,203.87,12534
2025-06-19T14:01:00+05:30,203.88,203.88,203.69,203.8,29201
2025-06-19T14:02:00+05:30,203.8,203.93,203.7,203.8,4650
2025-06-19T14:03:00+05:30,203.75,203.82,203.68,203.7,14609
2025-06-19T14:04:00+05:30,203.7,203.82,203.68,203.72,6941
2025-06-19T14:05:00+05:30,203.75,203.87,203.7,203.74,10543
2025-06-19T14:06:00+05:30,203.73,203.85,203.67,203.75,7067
2025-06-19T14:07:00+05:30,203.76,204.0,203.76,203.86,7973
2025-06-19T14:08:00+05:30,203.86,204.04,203.82,203.91,13685
2025-06-19T14:09:00+05:30,203.97,204.03,203.82,203.92,20041
2025-06-19T14:10:00+05:30,203.92,204.0,203.86,203.86,11583
2025-06-19T14:11:00+05:30,203.86,203.92,203.7,203.7,18693
2025-06-19T14:12:00+05:30,203.71,203.85,203.7,203.84,7237
2025-06-19T14:13:00+05:30,203.8,203.99,203.76,203.86,21714
2025-06-19T14:14:00+05:30,203.9,203.92,203.87,203.89,2259
2025-06-19T14:15:00+05:30,203.9,204.02,203.89,203.97,5740
2025-06-19T14:16:00+05:30,203.96,203.99,203.86,203.86,5998
2025-06-19T14:17:00+05:30,203.88,204.0,203.88,203.92,10373
2025-06-19T14:18:00+05:30,203.92,204.0,203.89,203.96,3047
2025-06-19T14:19:00+05:30,203.93,204.22,203.93,204.06,9482
2025-06-19T14:20:00+05:30,204.04,204.28,204.0,204.17,17020
2025-06-19T14:21:00+05:30,204.17,204.4,204.11,204.4,24393
2025-06-19T14:22:00+05:30,204.33,204.57,204.3,204.41,27736
2025-06-19T14:23:00+05:30,204.4,204.43,204.12,204.19,9847
2025-06-19T14:24:00+05:30,204.19,204.29,204.0,204.0,7756
2025-06-19T14:25:00+05:30,204.04,204.09,204.0,204.01,3765
2025-06-19T14:26:00+05:30,204.02,204.08,204.0,204.03,15374
2025-06-19T14:27:00+05:30,204.03,204.05,203.92,203.99,7638
2025-06-19T14:28:00+05:30,203.99,204.09,203.97,204.08,4353
2025-06-19T14:29:00+05:30,204.08,204.09,203.96,204.01,2401
2025-06-19T14:30:00+05:30,203.98,204.04,203.95,203.97,5047
2025-06-19T14:31:00+05:30,203.95,204.13,203.95,204.07,11803
2025-06-19T14:32:00+05:30,204.07,204.25,204.07,204.18,7149
2025-06-19T14:33:00+05:30,204.14,204.4,204.09,204.26,16021
2025-06-19T14:34:00+05:30,204.18,204.27,204.11,204.15,10486
2025-06-19T14:35:00+05:30,204.16,204.24,204.1,204.1,6988
2025-06-19T14:36:00+05:30,204.1,204.12,203.96,204.04,7828
2025-06-19T14:37:00+05:30,204.01,204.24,203.97,204.16,6796
2025-06-19T14:38:00+05:30,204.16,204.24,204.09,204.14,8676
2025-06-19T14:39:00+05:30,204.15,204.15,204.05,204.06,14203
2025-06-19T14:40:00+05:30,204.06,204.11,203.92,203.95,13946
2025-06-19T14:41:00+05:30,203.95,203.99,203.72,203.75,31792
2025-06-19T14:42:00+05:30,203.73,203.83,203.72,203.76,17339
2025-06-19T14:43:00+05:30,203.73,203.96,203.73,203.75,33390
2025-06-19T14:44:00+05:30,203.79,203.91,203.72,203.85,19137
2025-06-19T14:45:00+05:30,203.85,203.86,203.77,203.8,10028
2025-06-19T14:46:00+05:30,203.8,203.95,203.73,203.85,35799
2025-06-19T14:47:00+05:30,203.85,203.92,203.77,203.84,14667
2025-06-19T14:48:00+05:30,203.84,203.87,203.71,203.79,8323
2025-06-19T14:49:00+05:30,203.74,203.99,203.74,203.76,30786
2025-06-19T14:50:00+05:30,203.76,203.79,203.74,203.77,10260
2025-06-19T14:51:00+05:30,203.78,203.84,203.74,203.78,23824
2025-06-19T14:52:00+05:30,203.78,203.84,203.7,203.72,19042
2025-06-19T14:53:00+05:30,203.72,203.8,203.7,203.71,22044
2025-06-19T14:54:00+05:30,203.77,203.77,203.7,203.7,8231
2025-06-19T14:55:00+05:30,203.7,203.73,203.43,203.51,39631
2025-06-19T14:56:00+05:30,203.51,203.71,203.51,203.71,54723
2025-06-19T14:57:00+05:30,203.71,203.71,203.61,203.68,15134
2025-06-19T14:58:00+05:30,203.69,203.8,203.6,203.71,38739
2025-06-19T14:59:00+05:30,203.76,204.15,203.71,204.02,43309
2025-06-19T15:00:00+05:30,204.03,204.11,203.85,203.94,27903
2025-06-19T15:01:00+05:30,203.85,203.98,203.79,203.91,42002
2025-06-19T15:02:00+05:30,203.94,203.94,203.77,203.8,29273
2025-06-19T15:03:00+05:30,203.85,204.09,203.78,203.91,67754
2025-06-19T15:04:00+05:30,203.93,204.03,203.86,203.98,34035
2025-06-19T15:05:00+05:30,203.99,204.05,203.91,204.01,38696
2025-06-19T15:06:00+05:30,204.03,204.03,203.98,204.0,17501
2025-06-19T15:07:00+05:30,204.01,204.03,203.97,203.97,18505
2025-06-19T15:08:00+05:30,203.99,204.02,203.96,204.0,57112
2025-06-19T15:09:00+05:30,204.0,204.5,203.98,204.25,115985
2025-06-19T15:10:00+05:30,204.27,204.28,204.09,204.11,30424
2025-06-19T15:11:00+05:30,204.12,204.13,204.0,204.01,25292
2025-06-19T15:12:00+05:30,204.01,204.06,204.01,204.01,21651
2025-06-19T15:13:00+05:30,204.01,204.08,204.01,204.01,36783
2025-06-19T15:14:00+05:30,204.04,204.07,203.95,203.97,55124
2025-06-19T15:15:00+05:30,203.97,204.0,203.9,203.91,36006
2025-06-19T15:16:00+05:30,203.94,203.98,203.82,203.82,74478
2025-06-19T15:17:00+05:30,203.89,203.89,203.75,203.84,52716
2025-06-19T15:18:00+05:30,203.84,203.85,203.64,203.64,42523
2025-06-19T15:19:00+05:30,203.66,203.76,203.6,203.65,39372
2025-06-19T15:20:00+05:30,203.67,203.89,203.6,203.86,106465
2025-06-19T15:21:00+05:30,203.89,203.95,203.87,203.9,28658
2025-06-19T15:22:00+05:30,203.94,203.95,203.85,203.85,22152
2025-06-19T15:23:00+05:30,203.88,203.94,203.85,203.94,32878
2025-06-19T15:24:00+05:30,203.94,203.94,203.9,203.91,43915
2025-06-19T15:25:00+05:30,203.92,203.95,203.78,203.9,36391
2025-06-19T15:26:00+05:30,203.89,203.9,203.75,203.75,29406
2025-06-19T15:27:00+05:30,203.76,203.85,203.65,203.71,49084
2025-06-19T15:28:00+05:30,203.71,204.1,203.63,204.09,44232
2025-06-19T15:29:00+05:30,204.02,204.38,203.59,204.11,25067
2025-06-20T09:15:00+05:30,204.74,205.24,204.51,205.1,27730
2025-06-20T09:16:00+05:30,205.0,205.63,205.0,205.31,45472
2025-06-20T09:17:00+05:30,205.31,205.58,205.21,205.21,26551
2025-06-20T09:18:00+05:30,205.21,205.49,205.03,205.16,14464
2025-06-20T09:19:00+05:30,205.18,205.19,204.83,205.0,15199
2025-06-20T09:20:00+05:30,205.03,205.2,205.0,205.1,7671
2025-06-20T09:21:00+05:30,205.1,205.2,204.94,205.15,10367
2025-06-20T09:22:00+05:30,205.18,205.26,204.8,204.8,8355
2025-06-20T09:23:00+05:30,204.76,204.76,204.56,204.65,5312
2025-06-20T09:24:00+05:30,204.64,204.74,204.62,204.69,13364
2025-06-20T09:25:00+05:30,204.7,204.94,204.7,204.8,8598
2025-06-20T09:26:00+05:30,204.89,204.94,204.61,204.67,34261
2025-06-20T09:27:00+05:30,204.66,204.84,204.66,204.84,3075
2025-06-20T09:28:00+05:30,204.75,205.1,204.7,205.1,5629
2025-06-20T09:29:00+05:30,205.02,205.03,204.75,204.89,15900
2025-06-20T09:30:00+05:30,204.88,205.0,204.86,205.0,4652
2025-06-20T09:31:00+05:30,205.0,205.01,204.9,204.9,4506
2025-06-20T09:32:00+05:30,205.0,205.0,204.75,204.85,7556
2025-06-20T09:33:00+05:30,204.86,205.23,204.75,205.0,81631
2025-06-20T09:34:00+05:30,205.0,205.13,204.82,205.07,7727
2025-06-20T09:35:00+05:30,205.07,205.13,204.88,205.13,4436
2025-06-20T09:36:00+05:30,205.07,205.13,205.0,205.08,8961
2025-06-20T09:37:00+05:30,205.11,205.11,204.91,205.02,3594
2025-06-20T09:38:00+05:30,205.08,205.08,204.99,205.08,662
2025-06-20T09:39:00+05:30,205.08,205.08,205.0,205.0,2433
2025-06-20T09:40:00+05:30,205.08,205.08,205.0,205.08,878
2025-06-20T09:41:00+05:30,205.08,205.1,204.78,204.8,9885
2025-06-20T09:42:00+05:30,204.75,204.94,204.75,204.93,3945
2025-06-20T09:43:00+05:30,204.88,204.91,204.71,204.84,5056
2025-06-20T09:44:00+05:30,204.76,204.88,204.6,204.6,3169
2025-06-20T09:45:00+05:30,204.63,204.63,204.18,204.25,14853
2025-06-20T09:46:00+05:30,204.18,204.4,204.15,204.32,11006
2025-06-20T09:47:00+05:30,204.32,204.5,204.3,204.49,36232
2025-06-20T09:48:00+05:30,204.49,204.49,204.26,204.34,40120
2025-06-20T09:49:00+05:30,204.34,204.44,204.27,204.44,3636
2025-06-20T09:50:00+05:30,204.42,204.85,204.39,204.85,17665
2025-06-20T09:51:00+05:30,204.82,204.84,204.63,204.7,4365
2025-06-20T09:52:00+05:30,204.7,204.78,204.5,204.65,11967
2025-06-20T09:53:00+05:30,204.65,204.65,204.4,204.4,2454
2025-06-20T09:54:00+05:30,204.42,204.72,204.42,204.67,48021
2025-06-20T09:55:00+05:30,204.58,204.73,204.58,204.65,3041
2025-06-20T09:56:00+05:30,204.6,204.66,204.47,204.49,4409
2025-06-20T09:57:00+05:30,204.48,204.57,204.34,204.4,7276
2025-06-20T09:58:00+05:30,204.4,204.5,204.32,204.49,2279
2025-06-20T09:59:00+05:30,204.49,204.5,204.32,204.46,17248
2025-06-20T10:00:00+05:30,204.47,204.47,204.2,204.3,25237
2025-06-20T10:01:00+05:30,204.3,204.35,204.29,204.35,42818
2025-06-20T10:02:00+05:30,204.34,204.5,204.34,204.41,14863
2025-06-20T10:03:00+05:30,204.4,204.47,204.22,204.25,24037
2025-06-20T10:04:00+05:30,204.23,204.38,204.23,204.24,8950
2025-06-20T10:05:00+05:30,204.24,204.24,204.0,204.0,47663
2025-06-20T10:06:00+05:30,204.0,204.15,203.9,203.9,52267
2025-06-20T10:07:00+05:30,203.9,203.98,203.71,203.75,40129
2025-06-20T10:08:00+05:30,203.75,203.9,203.7,203.86,19990
2025-06-20T10:09:00+05:30,203.87,203.96,203.61,203.61,17271
2025-06-20T10:10:00+05:30,203.61,203.7,203.61,203.69,7697
2025-06-20T10:11:00+05:30,203.69,203.7,203.55,203.64,5537
2025-06-20T10:12:00+05:30,203.67,203.88,203.63,203.83,33153
2025-06-20T10:13:00+05:30,203.82,203.89,203.72,203.79,14220
2025-06-20T10:14:00+05:30,203.79,203.9,203.69,203.86,56058
2025-06-20T10:15:00+05:30,203.8,204.14,203.8,204.02,56500
2025-06-20T10:16:00+05:30,204.02,204.23,203.84,204.1,65069
2025-06-20T10:17:00+05:30,204.12,204.36,204.04,204.24,8227
2025-06-20T10:18:00+05:30,204.25,204.32,204.16,204.27,48102
2025-06-20T10:19:00+05:30,204.26,204.31,204.16,204.27,58760
2025-06-20T10:20:00+05:30,204.26,204.4,204.25,204.25,4843
2025-06-20T10:21:00+05:30,204.26,204.39,204.21,204.25,19107
2025-06-20T10:22:00+05:30,204.26,204.44,204.25,204.26,35397
2025-06-20T10:23:00+05:30,204.26,204.37,204.17,204.28,21026
2025-06-20T10:24:00+05:30,204.25,204.3,204.25,204.26,2247
2025-06-20T10:25:00+05:30,204.26,204.44,204.26,204.38,3174
2025-06-20T10:26:00+05:30,204.38,204.77,204.38,204.72,9256
2025-06-20T10:27:00+05:30,204.74,204.92,204.72,204.85,16214
2025-06-20T10:28:00+05:30,204.85,204.88,204.66,204.71,8437
2025-06-20T10:29:00+05:30,204.71,204.8,204.7,204.74,3662
2025-06-20T10:30:00+05:30,204.74,204.8,204.58,204.69,24833
2025-06-20T10:31:00+05:30,204.69,204.98,204.65,204.85,16561
2025-06-20T10:32:00+05:30,204.84,205.05,204.81,205.03,54257
2025-06-20T10:33:00+05:30,205.04,205.05,205.0,205.03,9124
2025-06-20T10:34:00+05:30,205.0,205.19,205.0,205.08,4335
2025-06-20T10:35:00+05:30,205.07,205.24,205.0,205.0,10714
2025-06-20T10:36:00+05:30,205.0,205.22,204.93,205.11,4968
2025-06-20T10:37:00+05:30,205.1,205.19,205.1,205.1,1726
2025-06-20T10:38:00+05:30,205.1,205.18,205.05,205.14,29704
2025-06-20T10:39:00+05:30,205.1,205.38,205.1,205.36,4067
2025-06-20T10:40:00+05:30,205.35,205.49,205.3,205.41,7973
2025-06-20T10:41:00+05:30,205.43,205.46,205.3,205.32,1574
2025-06-20T10:42:00+05:30,205.34,205.4,205.3,205.4,1150
2025-06-20T10:43:00+05:30,205.4,205.41,205.3,205.35,2403
2025-06-20T10:44:00+05:30,205.35,205.48,205.35,205.48,9193
2025-06-20T10:45:00+05:30,205.4,205.48,205.4,205.41,1163
2025-06-20T10:46:00+05:30,205.41,205.56,205.4,205.51,21053
2025-06-20T10:47:00+05:30,205.43,205.57,205.43,205.57,1423
2025-06-20T10:48:00+05:30,205.5,205.57,205.49,205.5,9165
2025-06-20T10:49:00+05:30,205.5,205.57,205.5,205.51,3224
2025-06-20T10:50:00+05:30,205.5,205.81,205.5,205.71,8261
2025-06-20T10:51:00+05:30,205.71,205.89,205.69,205.75,10755
2025-06-20T10:52:00+05:30,205.7,205.88,205.69,205.81,8701
2025-06-20T10:53:00+05:30,205.8,205.99,205.78,205.88,6685
2025-06-20T10:54:00+05:30,205.87,206.01,205.87,205.9,19596
2025-06-20T10:55:00+05:30,205.9,205.91,205.63,205.68,12046
2025-06-20T10:56:00+05:30,205.66,205.84,205.66,205.76,1336
2025-06-20T10:57:00+05:30,205.76,205.8,205.47,205.47,3487
2025-06-20T10:58:00+05:30,205.47,205.58,205.4,205.43,4207
2025-06-20T10:59:00+05:30,205.43,205.53,205.4,205.52,7379
2025-06-20T11:00:00+05:30,205.46,205.6,205.46,205.59,3346
2025-06-20T11:01:00+05:30,205.51,205.75,205.51,205.68,11019
2025-06-20T11:02:00+05:30,205.69,205.77,205.58,205.65,17975
2025-06-20T11:03:00+05:30,205.64,205.76,205.64,205.65,12126
2025-06-20T11:04:00+05:30,205.68,205.78,205.64,205.71,1485
2025-06-20T11:05:00+05:30,205.7,205.85,205.7,205.76,6158
2025-06-20T11:06:00+05:30,205.77,205.89,205.71,205.72,4485
2025-06-20T11:07:00+05:30,205.73,205.83,205.71,205.72,1407
2025-06-20T11:08:00+05:30,205.72,205.83,205.71,205.8,2983
2025-06-20T11:09:00+05:30,205.75,205.86,205.71,205.73,1712
2025-06-20T11:10:00+05:30,205.72,205.88,205.72,205.74,1479
2025-06-20T11:11:00+05:30,205.73,205.85,205.72,205.74,2644
2025-06-20T11:12:00+05:30,205.72,205.82,205.71,205.74,653
2025-06-20T11:13:00+05:30,205.78,205.8,205.72,205.74,2412
2025-06-20T11:14:00+05:30,205.75,205.89,205.75,205.8,507
2025-06-20T11:15:00+05:30,205.8,205.89,205.77,205.86,1121
2025-06-20T11:16:00+05:30,205.86,206.24,205.86,206.23,23636
2025-06-20T11:17:00+05:30,206.14,206.24,206.05,206.1,8234
2025-06-20T11:18:00+05:30,206.12,206.13,206.0,206.03,2679
2025-06-20T11:19:00+05:30,206.05,206.17,206.01,206.01,3111
2025-06-20T11:20:00+05:30,206.01,206.11,205.96,206.0,6309
2025-06-20T11:21:00+05:30,206.0,206.18,206.0,206.08,2095
2025-06-20T11:22:00+05:30,206.07,206.15,206.0,206.09,1889
2025-06-20T11:23:00+05:30,206.12,206.17,205.97,206.04,4268
2025-06-20T11:24:00+05:30,206.05,206.18,206.02,206.18,285
2025-06-20T11:25:00+05:30,206.1,206.22,206.08,206.13,866
2025-06-20T11:26:00+05:30,206.13,206.22,206.1,206.13,4090
2025-06-20T11:27:00+05:30,206.13,206.33,206.04,206.24,15347
2025-06-20T11:28:00+05:30,206.27,206.44,206.24,206.24,16716
2025-06-20T11:29:00+05:30,206.3,206.49,206.25,206.44,10808
2025-06-20T11:30:00+05:30,206.44,206.59,206.42,206.53,14368
2025-06-20T11:31:00+05:30,206.58,206.66,206.54,206.59,3512
2025-06-20T11:32:00+05:30,206.59,206.59,206.11,206.19,37082
2025-06-20T11:33:00+05:30,206.16,206.2,205.95,206.01,128413
2025-06-20T11:34:00+05:30,206.01,206.1,205.96,205.98,66975
2025-06-20T11:35:00+05:30,205.98,206.11,205.92,206.1,34136
2025-06-20T11:36:00+05:30,206.01,206.11,206.0,206.04,2625
2025-06-20T11:37:00+05:30,206.04,206.11,206.04,206.04,1368
2025-06-20T11:38:00+05:30,206.04,206.05,206.0,206.01,3183
2025-06-20T11:39:00+05:30,206.01,206.18,206.01,206.12,2150
2025-06-20T11:40:00+05:30,206.16,206.42,206.11,206.35,5206
2025-06-20T11:41:00+05:30,206.35,206.46,206.21,206.21,17204
2025-06-20T11:42:00+05:30,206.22,206.29,206.21,206.22,1388
2025-06-20T11:43:00+05:30,206.23,206.23,205.99,206.14,71654
2025-06-20T11:44:00+05:30,206.15,206.19,205.94,205.96,46332
2025-06-20T11:45:00+05:30,205.99,206.05,205.65,205.65,170511
2025-06-20T11:46:00+05:30,205.65,205.87,205.42,205.77,215972
2025-06-20T11:47:00+05:30,205.77,206.0,205.77,205.97,2790
2025-06-20T11:48:00+05:30,205.98,206.06,205.97,206.0,1936
2025-06-20T11:49:00+05:30,205.99,206.0,205.47,205.55,138905
2025-06-20T11:50:00+05:30,205.55,205.6,205.45,205.54,134557
2025-06-20T11:51:00+05:30,205.57,205.79,205.49,205.66,129639
2025-06-20T11:52:00+05:30,205.67,205.79,205.58,205.78,1267
2025-06-20T11:53:00+05:30,205.78,205.9,205.75,205.9,1355
2025-06-20T11:54:00+05:30,205.9,205.98,205.88,205.92,2699
2025-06-20T11:55:00+05:30,205.91,205.99,205.9,205.92,1920
2025-06-20T11:56:00+05:30,205.93,205.93,205.63,205.74,24862
2025-06-20T11:57:00+05:30,205.74,205.79,205.54,205.58,54270
2025-06-20T11:58:00+05:30,205.56,205.69,205.55,205.58,11865
2025-06-20T11:59:00+05:30,205.58,205.61,205.56,205.57,500
2025-06-20T12:00:00+05:30,205.58,205.62,205.47,205.55,19427
2025-06-20T12:01:00+05:30,205.55,205.63,205.48,205.57,3534
2025-06-20T12:02:00+05:30,205.57,205.66,205.56,205.64,5030
2025-06-20T12:03:00+05:30,205.6,205.6,205.48,205.52,8904
2025-06-20T12:04:00+05:30,205.48,205.59,205.43,205.45,3678
2025-06-20T12:05:00+05:30,205.44,205.61,205.44,205.52,11699
2025-06-20T12:06:00+05:30,205.52,205.66,205.5,205.59,15964
2025-06-20T12:07:00+05:30,205.6,205.63,205.47,205.57,12679
2025-06-20T12:08:00+05:30,205.58,205.61,205.55,205.56,5908
2025-06-20T12:09:00+05:30,205.56,205.67,205.52,205.65,26050
2025-06-20T12:10:00+05:30,205.64,205.8,205.53,205.74,160832
2025-06-20T12:11:00+05:30,205.74,206.0,205.7,205.99,66477
2025-06-20T12:12:00+05:30,205.94,206.08,205.8,206.0,22826
2025-06-20T12:13:00+05:30,206.0,206.02,206.0,206.01,1136
2025-06-20T12:14:00+05:30,206.01,206.08,206.0,206.01,461
2025-06-20T12:15:00+05:30,206.02,206.14,206.02,206.06,6570
2025-06-20T12:16:00+05:30,206.06,206.06,206.05,206.05,9506
2025-06-20T12:17:00+05:30,206.05,206.14,205.81,206.14,117554
2025-06-20T12:18:00+05:30,206.1,206.17,206.1,206.1,4709
2025-06-20T12:19:00+05:30,206.11,206.24,206.07,206.07,35176
2025-06-20T12:20:00+05:30,206.1,206.21,206.07,206.09,2269
2025-06-20T12:21:00+05:30,206.09,206.16,206.09,206.09,2210
2025-06-20T12:22:00+05:30,206.09,206.09,205.88,206.0,78302
2025-06-20T12:23:00+05:30,206.0,206.05,205.99,206.01,127319
2025-06-20T12:24:00+05:30,206.01,206.02,206.0,206.0,10373
2025-06-20T12:25:00+05:30,206.0,206.05,206.0,206.0,11143
2025-06-20T12:26:00+05:30,206.01,206.04,205.98,206.01,46466
2025-06-20T12:27:00+05:30,206.0,206.05,206.0,206.04,4273
2025-06-20T12:28:00+05:30,206.02,206.06,206.01,206.01,3799
2025-06-20T12:29:00+05:30,206.01,206.09,205.9,206.0,100246
2025-06-20T12:30:00+05:30,206.01,206.18,206.0,206.1,8621
2025-06-20T12:31:00+05:30,206.1,206.16,206.06,206.09,4814
2025-06-20T12:32:00+05:30,206.1,206.2,206.09,206.12,12375
2025-06-20T12:33:00+05:30,206.12,206.2,206.09,206.09,47038
2025-06-20T12:34:00+05:30,206.09,206.12,205.84,205.9,44932
2025-06-20T12:35:00+05:30,205.91,206.08,205.9,206.0,24409
2025-06-20T12:36:00+05:30,206.0,206.14,206.0,206.1,14985
2025-06-20T12:37:00+05:30,206.13,206.19,206.04,206.13,12412
2025-06-20T12:38:00+05:30,206.17,206.3,206.15,206.21,3649
2025-06-20T12:39:00+05:30,206.2,206.32,206.18,206.18,2135
2025-06-20T12:40:00+05:30,206.22,206.26,206.01,206.03,26583
2025-06-20T12:41:00+05:30,206.02,206.13,206.01,206.07,4310
2025-06-20T12:42:00+05:30,206.06,206.14,206.05,206.1,5149
2025-06-20T12:43:00+05:30,206.09,206.19,206.09,206.12,3014
2025-06-20T12:44:00+05:30,206.12,206.28,206.1,206.27,2118
2025-06-20T12:45:00+05:30,206.28,206.3,206.18,206.21,5373
2025-06-20T12:46:00+05:30,206.21,206.52,206.2,206.5,41598
2025-06-20T12:47:00+05:30,206.53,206.55,206.4,206.41,5170
2025-06-20T12:48:00+05:30,206.41,206.45,206.4,206.41,2144
2025-06-20T12:49:00+05:30,206.41,206.53,206.36,206.5,24041
2025-06-20T12:50:00+05:30,206.5,206.59,206.5,206.55,3483
2025-06-20T12:51:00+05:30,206.54,206.69,206.53,206.6,13240
2025-06-20T12:52:00+05:30,206.6,206.7,206.58,206.6,7992
2025-06-20T12:53:00+05:30,206.6,206.74,206.6,206.61,3782
2025-06-20T12:54:00+05:30,206.63,206.73,206.58,206.58,3801
2025-06-20T12:55:00+05:30,206.59,206.7,206.55,206.58,9725
2025-06-20T12:56:00+05:30,206.58,206.66,206.52,206.55,2264
2025-06-20T12:57:00+05:30,206.55,206.7,206.54,206.7,1223
2025-06-20T12:58:00+05:30,206.6,206.74,206.6,206.73,12139
2025-06-20T12:59:00+05:30,206.64,206.75,206.55,206.72,12128
2025-06-20T13:00:00+05:30,206.66,206.72,206.59,206.6,3882
2025-06-20T13:01:00+05:30,206.59,206.73,206.54,206.67,11261
2025-06-20T13:02:00+05:30,206.67,206.75,206.58,206.7,7263
2025-06-20T13:03:00+05:30,206.69,206.73,206.61,206.62,3298
2025-06-20T13:04:00+05:30,206.62,206.72,206.62,206.65,5001
2025-06-20T13:05:00+05:30,206.65,206.72,206.64,206.64,1309
2025-06-20T13:06:00+05:30,206.64,206.8,206.57,206.71,14959
2025-06-20T13:07:00+05:30,206.73,206.88,206.73,206.8,19290
2025-06-20T13:08:00+05:30,206.8,206.9,206.79,206.89,8560
2025-06-20T13:09:00+05:30,206.86,206.92,206.82,206.86,6830
2025-06-20T13:10:00+05:30,206.86,207.15,206.78,207.14,60718
2025-06-20T13:11:00+05:30,207.14,207.19,207.0,207.04,20491
2025-06-20T13:12:00+05:30,207.04,207.09,206.98,207.0,15266
2025-06-20T13:13:00+05:30,207.0,207.13,206.9,206.95,10162
2025-06-20T13:14:00+05:30,206.95,206.95,206.8,206.87,9851
2025-06-20T13:15:00+05:30,206.86,206.9,206.84,206.9,5232
2025-06-20T13:16:00+05:30,206.88,206.95,206.86,206.95,5724
2025-06-20T13:17:00+05:30,206.94,206.95,206.89,206.9,2674
2025-06-20T13:18:00+05:30,206.9,206.99,206.9,206.99,2333
2025-06-20T13:19:00+05:30,206.95,206.98,206.92,206.97,3288
2025-06-20T13:20:00+05:30,206.96,206.99,206.95,206.96,3130
2025-06-20T13:21:00+05:30,206.95,206.98,206.76,206.79,6312
2025-06-20T13:22:00+05:30,206.78,207.15,206.77,207.05,63765
2025-06-20T13:23:00+05:30,207.06,207.15,207.01,207.09,20927
2025-06-20T13:24:00+05:30,207.09,207.14,207.05,207.05,5228
2025-06-20T13:25:00+05:30,207.09,207.15,207.05,207.06,5000
2025-06-20T13:26:00+05:30,207.05,207.16,207.03,207.03,5016
2025-06-20T13:27:00+05:30,207.03,207.09,207.0,207.04,10428
2025-06-20T13:28:00+05:30,207.04,207.1,207.0,207.01,7415
2025-06-20T13:29:00+05:30,207.01,207.04,206.76,206.84,88440
2025-06-20T13:30:00+05:30,206.83,206.86,206.68,206.8,3597
2025-06-20T13:31:00+05:30,206.7,206.88,206.7,206.79,4912
2025-06-20T13:32:00+05:30,206.81,206.85,206.71,206.81,8692
2025-06-20T13:33:00+05:30,206.81,206.9,206.77,206.81,27325
2025-06-20T13:34:00+05:30,206.81,206.84,206.73,206.76,6820
2025-06-20T13:35:00+05:30,206.77,206.87,206.76,206.85,14014
2025-06-20T13:36:00+05:30,206.85,206.88,206.81,206.85,8871
2025-06-20T13:37:00+05:30,206.85,206.87,206.85,206.86,363
2025-06-20T13:38:00+05:30,206.86,206.93,206.8,206.84,5802
2025-06-20T13:39:00+05:30,206.81,206.88,206.81,206.87,6537
2025-06-20T13:40:00+05:30,206.85,207.14,206.81,207.14,82894
2025-06-20T13:41:00+05:30,207.14,207.17,207.11,207.11,33605
2025-06-20T13:42:00+05:30,207.11,207.11,207.0,207.02,9425
2025-06-20T13:43:00+05:30,207.02,207.11,207.02,207.05,3734
2025-06-20T13:44:00+05:30,207.06,207.1,207.05,207.06,3203
2025-06-20T13:45:00+05:30,207.06,207.09,207.04,207.05,8449
2025-06-20T13:46:00+05:30,207.05,207.11,207.05,207.11,9643
2025-06-20T13:47:00+05:30,207.04,207.1,207.04,207.06,9503
2025-06-20T13:48:00+05:30,207.06,207.18,207.03,207.17,19513
2025-06-20T13:49:00+05:30,207.11,207.25,207.11,207.2,18227
2025-06-20T13:50:00+05:30,207.2,207.25,207.15,207.17,18163
2025-06-20T13:51:00+05:30,207.17,207.21,207.13,207.14,21431
2025-06-20T13:52:00+05:30,207.14,207.14,207.06,207.07,7884
2025-06-20T13:53:00+05:30,207.07,207.15,207.06,207.15,2707
2025-06-20T13:54:00+05:30,207.09,207.15,207.09,207.09,1088
2025-06-20T13:55:00+05:30,207.09,207.14,207.06,207.13,10941
2025-06-20T13:56:00+05:30,207.08,207.12,207.04,207.04,4534
2025-06-20T13:57:00+05:30,207.04,207.13,207.03,207.11,4257
2025-06-20T13:58:00+05:30,207.11,207.12,207.04,207.07,26079
2025-06-20T13:59:00+05:30,207.07,207.11,207.07,207.08,3079
2025-06-20T14:00:00+05:30,207.09,207.14,207.08,207.09,2272
2025-06-20T14:01:00+05:30,207.09,207.09,207.0,207.0,40814
2025-06-20T14:02:00+05:30,207.0,207.1,207.0,207.06,24532
2025-06-20T14:03:00+05:30,207.06,207.08,207.02,207.02,3347
2025-06-20T14:04:00+05:30,207.02,207.06,207.0,207.05,24477
2025-06-20T14:05:00+05:30,207.01,207.04,206.56,206.56,143592
2025-06-20T14:06:00+05:30,206.57,207.0,206.57,206.92,122351
2025-06-20T14:07:00+05:30,206.93,207.11,206.92,207.04,70352
2025-06-20T14:08:00+05:30,207.04,207.11,207.0,207.03,36154
2025-06-20T14:09:00+05:30,207.06,207.13,207.01,207.01,33636
2025-06-20T14:10:00+05:30,207.09,207.1,207.0,207.07,61795
2025-06-20T14:11:00+05:30,207.07,207.07,207.0,207.01,14327
2025-06-20T14:12:00+05:30,207.01,207.09,207.0,207.0,22689
2025-06-20T14:13:00+05:30,207.0,207.09,207.0,207.02,9292
2025-06-20T14:14:00+05:30,207.05,207.07,206.81,207.07,75970
2025-06-20T14:15:00+05:30,207.0,207.06,207.0,207.05,15525
2025-06-20T14:16:00+05:30,207.0,207.05,207.0,207.0,2170
2025-06-20T14:17:00+05:30,207.0,207.08,207.0,207.02,40793
2025-06-20T14:18:00+05:30,207.07,207.09,207.02,207.02,8798
2025-06-20T14:19:00+05:30,207.02,207.09,207.0,207.02,325
2025-06-20T14:20:00+05:30,207.02,207.07,206.81,206.81,49900
2025-06-20T14:21:00+05:30,206.8,206.99,206.79,206.89,12349
2025-06-20T14:22:00+05:30,206.96,206.97,206.88,206.88,1318
2025-06-20T14:23:00+05:30,206.9,206.97,206.88,206.88,2416
2025-06-20T14:24:00+05:30,206.88,206.99,206.88,206.9,8476
2025-06-20T14:25:00+05:30,206.9,206.97,206.61,206.74,68662
2025-06-20T14:26:00+05:30,206.73,206.82,206.53,206.53,19286
2025-06-20T14:27:00+05:30,206.54,206.63,206.52,206.52,8233
2025-06-20T14:28:00+05:30,206.55,206.62,206.5,206.52,7148
2025-06-20T14:29:00+05:30,206.52,206.59,206.5,206.5,65048
2025-06-20T14:30:00+05:30,206.5,206.6,206.5,206.51,48532
2025-06-20T14:31:00+05:30,206.51,206.6,206.5,206.59,18878
2025-06-20T14:32:00+05:30,206.59,206.6,206.52,206.52,2245
2025-06-20T14:33:00+05:30,206.58,206.63,206.51,206.59,11314
2025-06-20T14:34:00+05:30,206.53,206.6,206.52,206.59,555
2025-06-20T14:35:00+05:30,206.59,206.6,206.55,206.6,1356
2025-06-20T14:36:00+05:30,206.6,206.6,206.56,206.6,1011
2025-06-20T14:37:00+05:30,206.56,206.65,206.56,206.65,22676
2025-06-20T14:38:00+05:30,206.65,206.87,206.59,206.76,79449
2025-06-20T14:39:00+05:30,206.75,206.81,206.75,206.76,7729
2025-06-20T14:40:00+05:30,206.76,206.88,206.75,206.8,1783
2025-06-20T14:41:00+05:30,206.8,207.1,206.8,207.0,54759
2025-06-20T14:42:00+05:30,207.0,207.06,206.9,206.93,2463
2025-06-20T14:43:00+05:30,206.93,207.0,206.92,207.0,1466
2025-06-20T14:44:00+05:30,206.94,207.0,206.91,206.99,798
2025-06-20T14:45:00+05:30,206.96,207.08,206.92,206.97,6267
2025-06-20T14:46:00+05:30,207.02,207.05,206.9,206.96,1228
2025-06-20T14:47:00+05:30,206.97,207.03,206.92,206.94,2501
2025-06-20T14:48:00+05:30,206.99,207.05,206.95,206.96,6573
2025-06-20T14:49:00+05:30,207.0,207.1,206.95,207.1,3469
2025-06-20T14:50:00+05:30,207.05,207.05,206.92,207.03,4228
2025-06-20T14:51:00+05:30,207.03,207.03,206.8,206.88,3378
2025-06-20T14:52:00+05:30,206.88,206.96,206.75,206.95,13555
2025-06-20T14:53:00+05:30,206.95,206.95,206.81,206.92,2627
2025-06-20T14:54:00+05:30,206.92,206.95,206.87,206.95,525
2025-06-20T14:55:00+05:30,206.95,206.95,206.8,206.84,2229
2025-06-20T14:56:00+05:30,206.8,206.9,206.8,206.83,1395
2025-06-20T14:57:00+05:30,206.9,206.95,206.83,206.95,2162
2025-06-20T14:58:00+05:30,206.95,206.98,206.88,206.98,5348
2025-06-20T14:59:00+05:30,206.98,206.98,206.89,206.91,4548
2025-06-20T15:00:00+05:30,206.92,207.25,206.77,207.13,115152
2025-06-20T15:01:00+05:30,207.13,207.25,207.13,207.17,40985
2025-06-20T15:02:00+05:30,207.17,207.26,207.11,207.2,27606
2025-06-20T15:03:00+05:30,207.2,207.27,207.05,207.16,60083
2025-06-20T15:04:00+05:30,207.16,207.31,207.16,207.22,49779
2025-06-20T15:05:00+05:30,207.24,207.89,207.1,207.29,432871
2025-06-20T15:06:00+05:30,207.39,208.0,207.22,207.34,499913
2025-06-20T15:07:00+05:30,207.34,207.45,207.34,207.38,37136
2025-06-20T15:08:00+05:30,207.38,207.44,207.37,207.43,31385
2025-06-20T15:09:00+05:30,207.43,207.63,207.36,207.48,55527
2025-06-20T15:10:00+05:30,207.55,207.75,207.49,207.62,47169
2025-06-20T15:11:00+05:30,207.62,207.71,207.47,207.53,80615
2025-06-20T15:12:00+05:30,207.53,207.8,207.53,207.7,52378
2025-06-20T15:13:00+05:30,207.72,207.72,207.6,207.65,67914
2025-06-20T15:14:00+05:30,207.66,207.69,207.58,207.64,52620
2025-06-20T15:15:00+05:30,207.64,207.77,207.3,207.5,148178
2025-06-20T15:16:00+05:30,207.51,207.65,207.51,207.65,45158
2025-06-20T15:17:00+05:30,207.57,207.65,207.5,207.51,90554
2025-06-20T15:18:00+05:30,207.51,207.68,207.49,207.61,41059
2025-06-20T15:19:00+05:30,207.65,207.69,207.54,207.65,70882
2025-06-20T15:20:00+05:30,207.65,207.83,207.6,207.7,107019
2025-06-20T15:21:00+05:30,207.7,207.78,207.68,207.68,62940
2025-06-20T15:22:00+05:30,207.68,207.87,207.68,207.73,42602
2025-06-20T15:23:00+05:30,207.75,207.78,207.7,207.71,95084
2025-06-20T15:24:00+05:30,207.72,207.74,207.42,207.42,135410
2025-06-20T15:25:00+05:30,207.43,207.65,207.26,207.27,97378
2025-06-20T15:26:00+05:30,207.27,207.38,207.27,207.37,38571
2025-06-20T15:27:00+05:30,207.37,207.66,207.34,207.53,70356
2025-06-20T15:28:00+05:30,207.53,207.63,207.19,207.34,15641
2025-06-20T15:29:00+05:30,207.33,207.33,207.01,207.23,13698
2025-06-23T09:15:00+05:30,205.4,206.72,205.4,206.0,22055
2025-06-23T09:16:00+05:30,205.88,206.6,205.86,206.01,34836
2025-06-23T09:17:00+05:30,206.0,206.25,205.69,205.89,12091
2025-06-23T09:18:00+05:30,205.81,205.93,205.61,205.88,9796
2025-06-23T09:19:00+05:30,205.88,206.0,205.85,205.85,7132
2025-06-23T09:20:00+05:30,205.85,205.98,205.8,205.8,4111
2025-06-23T09:21:00+05:30,205.81,205.9,205.69,205.81,10576
2025-06-23T09:22:00+05:30,205.9,206.23,205.9,206.1,30222
2025-06-23T09:23:00+05:30,206.09,206.1,205.85,205.99,9718
2025-06-23T09:24:00+05:30,205.88,206.25,205.88,206.05,19520
2025-06-23T09:25:00+05:30,206.03,206.1,205.95,206.0,6988
2025-06-23T09:26:00+05:30,206.07,206.21,206.0,206.05,5993
2025-06-23T09:27:00+05:30,206.08,206.2,206.0,206.18,5718
2025-06-23T09:28:00+05:30,206.08,206.36,206.02,206.25,1605
2025-06-23T09:29:00+05:30,206.33,206.47,206.25,206.46,7233
2025-06-23T09:30:00+05:30,206.36,206.68,206.31,206.57,23983
2025-06-23T09:31:00+05:30,206.65,206.72,206.0,206.29,72082
2025-06-23T09:32:00+05:30,206.26,206.49,206.17,206.4,21028
2025-06-23T09:33:00+05:30,206.4,206.68,206.33,206.45,14095
2025-06-23T09:34:00+05:30,206.52,206.7,206.26,206.3,10670
2025-06-23T09:35:00+05:30,206.3,206.43,206.17,206.34,7108
2025-06-23T09:36:00+05:30,206.34,206.55,206.34,206.43,9287
2025-06-23T09:37:00+05:30,206.52,206.58,206.44,206.51,1592
2025-06-23T09:38:00+05:30,206.53,206.7,206.5,206.58,2843
2025-06-23T09:39:00+05:30,206.59,206.79,206.58,206.67,7326
2025-06-23T09:40:00+05:30,206.66,206.75,206.62,206.67,4015
2025-06-23T09:41:00+05:30,206.67,206.71,206.54,206.54,3043
2025-06-23T09:42:00+05:30,206.54,206.54,206.29,206.31,7161
2025-06-23T09:43:00+05:30,206.31,206.7,206.31,206.68,14589
2025-06-23T09:44:00+05:30,206.65,206.66,206.55,206.55,5919
2025-06-23T09:45:00+05:30,206.6,206.6,206.04,206.23,9055
2025-06-23T09:46:00+05:30,206.23,206.24,205.85,205.85,16447
2025-06-23T09:47:00+05:30,205.89,205.92,205.66,205.82,3444
2025-06-23T09:48:00+05:30,205.82,205.85,205.75,205.8,1700
2025-06-23T09:49:00+05:30,205.83,205.91,205.75,205.9,6250
2025-06-23T09:50:00+05:30,206.0,206.23,205.91,206.2,4222
2025-06-23T09:51:00+05:30,206.2,206.29,206.01,206.01,9391
2025-06-23T09:52:00+05:30,206.02,206.12,205.91,206.01,10175
2025-06-23T09:53:00+05:30,206.12,206.14,205.96,205.98,6202
2025-06-23T09:54:00+05:30,206.07,206.14,206.0,206.0,1427
2025-06-23T09:55:00+05:30,206.02,206.13,205.99,206.03,1591
2025-06-23T09:56:00+05:30,206.03,206.2,206.01,206.1,2651
2025-06-23T09:57:00+05:30,206.19,206.26,206.1,206.21,1556
2025-06-23T09:58:00+05:30,206.17,206.35,206.1,206.3,7716
2025-06-23T09:59:00+05:30,206.21,206.43,206.11,206.43,3057
2025-06-23T10:00:00+05:30,206.43,206.6,206.28,206.6,9766
2025-06-23T10:01:00+05:30,206.56,206.59,206.33,206.42,1423
2025-06-23T10:02:00+05:30,206.43,206.45,206.2,206.31,1415
2025-06-23T10:03:00+05:30,206.25,206.4,206.19,206.3,5844
2025-06-23T10:04:00+05:30,206.26,206.4,206.13,206.28,3487
2025-06-23T10:05:00+05:30,206.39,206.49,206.23,206.3,8240
2025-06-23T10:06:00+05:30,206.41,206.43,206.18,206.38,2221
2025-06-23T10:07:00+05:30,206.29,206.41,206.18,206.31,1052
2025-06-23T10:08:00+05:30,206.43,206.49,206.28,206.37,755
2025-06-23T10:09:00+05:30,206.37,206.43,206.2,206.2,3369
2025-06-23T10:10:00+05:30,206.18,206.35,206.18,206.3,2160
2025-06-23T10:11:00+05:30,206.26,206.35,206.18,206.35,3341
2025-06-23T10:12:00+05:30,206.35,206.47,206.29,206.41,2462
2025-06-23T10:13:00+05:30,206.4,206.41,206.0,206.06,36969
2025-06-23T10:14:00+05:30,206.17,206.42,206.09,206.24,14597
2025-06-23T10:15:00+05:30,206.35,206.36,206.12,206.33,1593
2025-06-23T10:16:00+05:30,206.28,206.48,206.25,206.36,7145
2025-06-23T10:17:00+05:30,206.36,206.5,206.32,206.5,8659
2025-06-23T10:18:00+05:30,206.52,206.55,206.44,206.44,1093
2025-06-23T10:19:00+05:30,206.47,206.57,206.42,206.5,4062
2025-06-23T10:20:00+05:30,206.57,206.58,206.44,206.44,1548
2025-06-23T10:21:00+05:30,206.5,206.65,206.45,206.58,5159
2025-06-23T10:22:00+05:30,206.63,206.69,206.52,206.6,1823
2025-06-23T10:23:00+05:30,206.68,206.81,206.59,206.66,25903
2025-06-23T10:24:00+05:30,206.76,206.8,206.6,206.66,3762
2025-06-23T10:25:00+05:30,206.69,206.8,206.67,206.77,2079
2025-06-23T10:26:00+05:30,206.77,206.77,206.58,206.58,5206
2025-06-23T10:27:00+05:30,206.62,206.62,206.5,206.62,1072
2025-06-23T10:28:00+05:30,206.62,206.69,206.5,206.6,7310
2025-06-23T10:29:00+05:30,206.6,206.69,206.5,206.52,6855
2025-06-23T10:30:00+05:30,206.59,206.87,206.5,206.74,7637
2025-06-23T10:31:00+05:30,206.74,206.9,206.67,206.7,7200
2025-06-23T10:32:00+05:30,206.76,206.76,206.53,206.6,3885
2025-06-23T10:33:00+05:30,206.6,206.7,206.53,206.7,1448
2025-06-23T10:34:00+05:30,206.66,206.7,206.53,206.54,2396
2025-06-23T10:35:00+05:30,206.68,206.68,206.53,206.53,712
2025-06-23T10:36:00+05:30,206.53,206.69,206.53,206.63,1613
2025-06-23T10:37:00+05:30,206.59,206.64,206.55,206.57,212
2025-06-23T10:38:00+05:30,206.57,206.6,206.52,206.53,1408
2025-06-23T10:39:00+05:30,206.53,206.7,206.52,206.6,11672
2025-06-23T10:40:00+05:30,206.64,206.64,206.5,206.5,838
2025-06-23T10:41:00+05:30,206.55,206.77,206.55,206.68,208
2025-06-23T10:42:00+05:30,206.78,206.87,206.69,206.83,7361
2025-06-23T10:43:00+05:30,206.83,206.99,206.83,206.86,848
2025-06-23T10:44:00+05:30,206.9,206.95,206.83,206.87,263
2025-06-23T10:45:00+05:30,206.84,206.97,206.81,206.9,1053
2025-06-23T10:46:00+05:30,206.92,207.11,206.92,207.02,20109
2025-06-23T10:47:00+05:30,207.09,207.17,207.02,207.02,4200
2025-06-23T10:48:00+05:30,207.11,207.11,206.91,206.93,3437
2025-06-23T10:49:00+05:30,206.93,207.02,206.86,206.94,1127
2025-06-23T10:50:00+05:30,207.01,207.01,206.89,206.96,1003
2025-06-23T10:51:00+05:30,206.96,207.01,206.8,206.94,504
2025-06-23T10:52:00+05:30,206.93,206.93,206.79,206.79,647
2025-06-23T10:53:00+05:30,206.89,206.89,206.67,206.67,2224
2025-06-23T10:54:00+05:30,206.76,206.89,206.68,206.83,4940
2025-06-23T10:55:00+05:30,206.88,207.0,206.85,206.85,2019
2025-06-23T10:56:00+05:30,206.93,206.93,206.82,206.85,3489
2025-06-23T10:57:00+05:30,206.9,206.95,206.86,206.91,2377
2025-06-23T10:58:00+05:30,206.92,206.92,206.7,206.71,6727
2025-06-23T10:59:00+05:30,206.8,206.8,206.71,206.71,29
2025-06-23T11:00:00+05:30,206.76,206.8,206.61,206.67,1804
2025-06-23T11:01:00+05:30,206.71,206.83,206.63,206.63,3398
2025-06-23T11:02:00+05:30,206.67,206.77,206.53,206.53,1569
2025-06-23T11:03:00+05:30,206.63,206.98,206.54,206.72,11687
2025-06-23T11:04:00+05:30,206.79,206.79,206.59,206.6,406
2025-06-23T11:05:00+05:30,206.7,206.75,206.53,206.53,1757
2025-06-23T11:06:00+05:30,206.53,206.55,206.4,206.49,3804
2025-06-23T11:07:00+05:30,206.44,206.49,206.4,206.42,100
2025-06-23T11:08:00+05:30,206.49,206.55,206.47,206.53,7030
2025-06-23T11:09:00+05:30,206.53,206.71,206.53,206.56,1018
2025-06-23T11:10:00+05:30,206.57,206.71,206.53,206.59,1605
2025-06-23T11:11:00+05:30,206.6,206.69,206.58,206.66,181
2025-06-23T11:12:00+05:30,206.66,206.84,206.6,206.7,4452
2025-06-23T11:13:00+05:30,206.77,206.83,206.7,206.76,765
2025-06-23T11:14:00+05:30,206.84,206.95,206.75,206.8,1240
2025-06-23T11:15:00+05:30,206.91,206.94,206.8,206.81,536
2025-06-23T11:16:00+05:30,206.87,206.89,206.7,206.77,1829
2025-06-23T11:17:00+05:30,206.86,206.86,206.74,206.86,765
2025-06-23T11:18:00+05:30,206.86,206.86,206.65,206.75,347
2025-06-23T11:19:00+05:30,206.7,206.91,206.65,206.77,2955
2025-06-23T11:20:00+05:30,206.87,206.87,206.61,206.73,94
2025-06-23T11:21:00+05:30,206.73,206.73,206.65,206.65,334
2025-06-23T11:22:00+05:30,206.68,206.79,206.65,206.67,541
2025-06-23T11:23:00+05:30,206.72,206.75,206.65,206.73,861
2025-06-23T11:24:00+05:30,206.67,206.87,206.65,206.71,4193
2025-06-23T11:25:00+05:30,206.77,206.77,206.69,206.75,512
2025-06-23T11:26:00+05:30,206.81,206.88,206.75,206.76,895
2025-06-23T11:27:00+05:30,206.81,206.88,206.77,206.81,2359
2025-06-23T11:28:00+05:30,206.84,206.98,206.81,206.96,2830
2025-06-23T11:29:00+05:30,206.96,206.97,206.88,206.88,1402
2025-06-23T11:30:00+05:30,206.95,206.97,206.88,206.94,649
2025-06-23T11:31:00+05:30,206.91,206.91,206.81,206.81,1701
2025-06-23T11:32:00+05:30,206.89,206.98,206.81,206.81,3039
2025-06-23T11:33:00+05:30,206.81,206.97,206.81,206.81,932
2025-06-23T11:34:00+05:30,206.84,206.9,206.81,206.81,5836
2025-06-23T11:35:00+05:30,206.82,206.92,206.71,206.72,8275
2025-06-23T11:36:00+05:30,206.83,206.85,206.72,206.72,5752
2025-06-23T11:37:00+05:30,206.73,206.93,206.65,206.67,13646
2025-06-23T11:38:00+05:30,206.75,206.86,206.65,206.71,5620
2025-06-23T11:39:00+05:30,206.81,206.81,206.66,206.7,1229
2025-06-23T11:40:00+05:30,206.76,206.79,206.65,206.65,10167
2025-06-23T11:41:00+05:30,206.68,206.84,206.61,206.65,13791
2025-06-23T11:42:00+05:30,206.67,206.78,206.64,206.75,3263
2025-06-23T11:43:00+05:30,206.74,207.09,206.74,206.94,20665
2025-06-23T11:44:00+05:30,207.02,207.03,206.88,206.96,490
2025-06-23T11:45:00+05:30,206.91,207.0,206.79,206.86,7875
2025-06-23T11:46:00+05:30,206.83,206.94,206.81,206.83,748
2025-06-23T11:47:00+05:30,206.93,206.93,206.8,206.8,936
2025-06-23T11:48:00+05:30,206.8,206.99,206.8,206.89,246
2025-06-23T11:49:00+05:30,206.89,207.4,206.89,207.33,19267
2025-06-23T11:50:00+05:30,207.33,207.38,207.13,207.13,10973
2025-06-23T11:51:00+05:30,207.15,207.3,207.1,207.14,1052
2025-06-23T11:52:00+05:30,207.13,207.2,207.08,207.11,590
2025-06-23T11:53:00+05:30,207.11,207.15,207.0,207.0,1120
2025-06-23T11:54:00+05:30,207.01,207.04,206.89,206.91,1131
2025-06-23T11:55:00+05:30,206.9,207.0,206.88,206.96,514
2025-06-23T11:56:00+05:30,206.98,206.98,206.85,206.85,859
2025-06-23T11:57:00+05:30,206.87,206.9,206.83,206.84,1227
2025-06-23T11:58:00+05:30,206.84,206.86,206.81,206.84,449
2025-06-23T11:59:00+05:30,206.84,206.89,206.8,206.86,1217
2025-06-23T12:00:00+05:30,206.89,206.89,206.8,206.83,128
2025-06-23T12:01:00+05:30,206.85,206.85,206.8,206.84,317
2025-06-23T12:02:00+05:30,206.84,207.02,206.8,207.02,2167
2025-06-23T12:03:00+05:30,207.04,207.06,206.91,206.95,7133
2025-06-23T12:04:00+05:30,206.9,207.0,206.9,206.97,5567
2025-06-23T12:05:00+05:30,206.99,207.0,206.9,206.99,3078
2025-06-23T12:06:00+05:30,207.0,207.24,206.99,207.22,7995
2025-06-23T12:07:00+05:30,207.23,207.35,207.16,207.28,7559
2025-06-23T12:08:00+05:30,207.3,207.42,207.29,207.36,2372
2025-06-23T12:09:00+05:30,207.4,207.45,207.3,207.43,12713
2025-06-23T12:10:00+05:30,207.42,207.6,207.37,207.59,19357
2025-06-23T12:11:00+05:30,207.58,207.8,207.56,207.67,21054
2025-06-23T12:12:00+05:30,207.65,207.7,207.42,207.49,11816
2025-06-23T12:13:00+05:30,207.49,207.61,207.44,207.61,2153
2025-06-23T12:14:00+05:30,207.56,207.64,207.5,207.57,3376
2025-06-23T12:15:00+05:30,207.6,207.6,207.47,207.52,2560
2025-06-23T12:16:00+05:30,207.48,207.57,207.36,207.43,1780
2025-06-23T12:17:00+05:30,207.46,207.53,207.43,207.48,524
2025-06-23T12:18:00+05:30,207.48,207.56,207.43,207.52,402
2025-06-23T12:19:00+05:30,207.52,207.54,207.46,207.53,296
2025-06-23T12:20:00+05:30,207.56,207.56,207.42,207.48,752
2025-06-23T12:21:00+05:30,207.5,207.5,207.39,207.49,223
2025-06-23T12:22:00+05:30,207.48,207.5,207.35,207.4,1797
2025-06-23T12:23:00+05:30,207.4,207.46,207.29,207.38,7182
2025-06-23T12:24:00+05:30,207.4,207.45,207.34,207.4,3230
2025-06-23T12:25:00+05:30,207.41,207.41,207.34,207.39,116
2025-06-23T12:26:00+05:30,207.39,207.49,207.39,207.41,6591
2025-06-23T12:27:00+05:30,207.41,207.57,207.41,207.57,1068
2025-06-23T12:28:00+05:30,207.56,207.57,207.38,207.44,8150
2025-06-23T12:29:00+05:30,207.46,207.49,207.39,207.41,574
2025-06-23T12:30:00+05:30,207.44,207.53,207.38,207.43,926
2025-06-23T12:31:00+05:30,207.43,207.46,207.38,207.42,30
2025-06-23T12:32:00+05:30,207.42,207.48,207.25,207.28,8093
2025-06-23T12:33:00+05:30,207.32,207.32,207.25,207.28,690
2025-06-23T12:34:00+05:30,207.28,207.29,207.2,207.28,2915
2025-06-23T12:35:00+05:30,207.28,207.28,207.11,207.21,301
2025-06-23T12:36:00+05:30,207.21,207.24,207.13,207.18,1735
2025-06-23T12:37:00+05:30,207.18,207.2,207.17,207.18,1540
2025-06-23T12:38:00+05:30,207.2,207.2,207.1,207.12,1533
2025-06-23T12:39:00+05:30,207.15,207.22,207.1,207.14,6110
2025-06-23T12:40:00+05:30,207.19,207.25,207.14,207.25,1147
2025-06-23T12:41:00+05:30,207.25,207.33,207.17,207.31,3057
2025-06-23T12:42:00+05:30,207.35,207.39,207.28,207.34,652
2025-06-23T12:43:00+05:30,207.34,207.45,207.29,207.42,3042
2025-06-23T12:44:00+05:30,207.45,207.48,207.32,207.32,11483
2025-06-23T12:45:00+05:30,207.42,207.55,207.35,207.46,9920
2025-06-23T12:46:00+05:30,207.43,207.52,207.32,207.41,8260
2025-06-23T12:47:00+05:30,207.43,207.46,207.3,207.34,264
2025-06-23T12:48:00+05:30,207.36,207.42,207.31,207.39,1121
2025-06-23T12:49:00+05:30,207.39,207.45,207.3,207.32,1487
2025-06-23T12:50:00+05:30,207.36,207.44,207.3,207.43,724
2025-06-23T12:51:00+05:30,207.4,207.5,207.33,207.45,6634
2025-06-23T12:52:00+05:30,207.45,207.65,207.43,207.52,5194
2025-06-23T12:53:00+05:30,207.56,207.67,207.48,207.52,3630
2025-06-23T12:54:00+05:30,207.56,207.61,207.46,207.6,1781
2025-06-23T12:55:00+05:30,207.55,207.61,207.43,207.49,4991
2025-06-23T12:56:00+05:30,207.5,207.58,207.47,207.48,519
2025-06-23T12:57:00+05:30,207.49,207.52,207.43,207.5,391
2025-06-23T12:58:00+05:30,207.47,207.5,207.4,207.47,2023
2025-06-23T12:59:00+05:30,207.5,207.52,207.4,207.52,2379
2025-06-23T13:00:00+05:30,207.52,207.62,207.44,207.61,3417
2025-06-23T13:01:00+05:30,207.64,207.68,207.45,207.48,6673
2025-06-23T13:02:00+05:30,207.5,207.53,207.45,207.48,784
2025-06-23T13:03:00+05:30,207.45,207.55,207.45,207.55,894
2025-06-23T13:04:00+05:30,207.54,207.55,207.45,207.55,4376
2025-06-23T13:05:00+05:30,207.55,207.67,207.53,207.56,2368
2025-06-23T13:06:00+05:30,207.65,207.67,207.6,207.66,871
2025-06-23T13:07:00+05:30,207.67,207.68,207.5,207.61,12546
2025-06-23T13:08:00+05:30,207.64,207.65,207.44,207.46,14426
2025-06-23T13:09:00+05:30,207.46,207.5,206.98,207.18,115443
2025-06-23T13:10:00+05:30,207.14,207.34,207.1,207.3,9803
2025-06-23T13:11:00+05:30,207.29,207.44,207.2,207.29,2163
2025-06-23T13:12:00+05:30,207.31,207.39,207.27,207.27,2169
2025-06-23T13:13:00+05:30,207.27,207.34,207.27,207.32,1276
2025-06-23T13:14:00+05:30,207.34,207.4,207.25,207.32,6504
2025-06-23T13:15:00+05:30,207.34,207.38,207.2,207.21,9176
2025-06-23T13:16:00+05:30,207.22,207.3,207.2,207.26,404
2025-06-23T13:17:00+05:30,207.3,207.3,207.22,207.29,1108
2025-06-23T13:18:00+05:30,207.29,207.38,207.26,207.36,809
2025-06-23T13:19:00+05:30,207.37,207.5,207.33,207.5,1601
2025-06-23T13:20:00+05:30,207.5,207.66,207.49,207.65,6352
2025-06-23T13:21:00+05:30,207.65,207.66,207.5,207.55,12684
2025-06-23T13:22:00+05:30,207.57,207.75,207.54,207.55,22412
2025-06-23T13:23:00+05:30,207.64,207.78,207.56,207.68,3586
2025-06-23T13:24:00+05:30,207.76,207.78,207.6,207.61,6244
2025-06-23T13:25:00+05:30,207.6,207.8,207.6,207.65,7304
2025-06-23T13:26:00+05:30,207.66,207.76,207.64,207.67,495
2025-06-23T13:27:00+05:30,207.7,207.77,207.61,207.62,21696
2025-06-23T13:28:00+05:30,207.67,207.8,207.62,207.68,5817
2025-06-23T13:29:00+05:30,207.68,207.89,207.68,207.69,8796
2025-06-23T13:30:00+05:30,207.68,207.89,207.68,207.88,912
2025-06-23T13:31:00+05:30,207.88,207.89,207.7,207.73,7055
2025-06-23T13:32:00+05:30,207.84,207.84,207.7,207.7,5709
2025-06-23T13:33:00+05:30,207.75,207.75,207.63,207.63,1332
2025-06-23T13:34:00+05:30,207.64,207.75,207.42,207.5,74246
2025-06-23T13:35:00+05:30,207.58,207.64,207.41,207.45,16077
2025-06-23T13:36:00+05:30,207.47,207.47,207.35,207.37,6423
2025-06-23T13:37:00+05:30,207.38,207.48,207.38,207.46,640
2025-06-23T13:38:00+05:30,207.48,207.68,207.46,207.68,17831
2025-06-23T13:39:00+05:30,207.69,207.83,207.61,207.7,12393
2025-06-23T13:40:00+05:30,207.73,207.85,207.64,207.76,11666
2025-06-23T13:41:00+05:30,207.84,207.97,207.75,207.85,15996
2025-06-23T13:42:00+05:30,207.95,207.99,207.8,207.8,8079
2025-06-23T13:43:00+05:30,207.8,207.92,207.7,207.75,13061
2025-06-23T13:44:00+05:30,207.86,207.95,207.75,207.76,12997
2025-06-23T13:45:00+05:30,207.86,207.87,207.75,207.86,588
2025-06-23T13:46:00+05:30,207.86,207.95,207.77,207.77,5933
2025-06-23T13:47:00+05:30,207.85,207.92,207.7,207.85,12509
2025-06-23T13:48:00+05:30,207.85,207.89,207.72,207.75,5658
2025-06-23T13:49:00+05:30,207.79,207.92,207.75,207.76,7171
2025-06-23T13:50:00+05:30,207.8,207.98,207.75,207.81,27277
2025-06-23T13:51:00+05:30,207.92,207.99,207.81,207.92,4317
2025-06-23T13:52:00+05:30,207.95,207.99,207.81,207.82,6520
2025-06-23T13:53:00+05:30,207.9,207.92,207.75,207.75,8302
2025-06-23T13:54:00+05:30,207.83,207.86,207.75,207.76,837
2025-06-23T13:55:00+05:30,207.78,207.86,207.75,207.75,2236
2025-06-23T13:56:00+05:30,207.75,207.92,207.74,207.75,9701
2025-06-23T13:57:00+05:30,207.8,207.91,207.68,207.9,10942
2025-06-23T13:58:00+05:30,207.77,207.99,207.73,207.73,20619
2025-06-23T13:59:00+05:30,207.8,207.88,207.67,207.68,5281
2025-06-23T14:00:00+05:30,207.75,207.88,207.7,207.73,379
2025-06-23T14:01:00+05:30,207.75,207.94,207.74,207.89,14135
2025-06-23T14:02:00+05:30,207.92,207.95,207.89,207.93,4779
2025-06-23T14:03:00+05:30,207.93,207.95,207.79,207.83,4816
2025-06-23T14:04:00+05:30,207.83,208.3,207.78,208.28,49767
2025-06-23T14:05:00+05:30,208.28,208.4,207.93,208.15,35963
2025-06-23T14:06:00+05:30,208.25,208.37,208.13,208.27,37934
2025-06-23T14:07:00+05:30,208.27,208.36,208.2,208.2,977
2025-06-23T14:08:00+05:30,208.25,208.3,208.2,208.21,1849
2025-06-23T14:09:00+05:30,208.3,208.3,208.12,208.15,6355
2025-06-23T14:10:00+05:30,208.11,208.15,208.0,208.0,10336
2025-06-23T14:11:00+05:30,208.1,208.15,208.01,208.1,398
2025-06-23T14:12:00+05:30,208.15,208.18,208.01,208.03,2095
2025-06-23T14:13:00+05:30,208.06,208.18,208.0,208.07,7637
2025-06-23T14:14:00+05:30,208.17,208.17,208.0,208.01,9264
2025-06-23T14:15:00+05:30,208.01,208.1,208.0,208.0,2352
2025-06-23T14:16:00+05:30,208.0,208.04,207.93,207.94,3624
2025-06-23T14:17:00+05:30,207.94,208.03,207.82,207.83,10451
2025-06-23T14:18:00+05:30,207.83,207.93,207.71,207.71,3789
2025-06-23T14:19:00+05:30,207.76,207.89,207.71,207.76,18361
2025-06-23T14:20:00+05:30,207.8,207.86,207.71,207.73,9968
2025-06-23T14:21:00+05:30,207.8,207.83,207.67,207.7,1700
2025-06-23T14:22:00+05:30,207.7,207.73,207.52,207.53,11152
2025-06-23T14:23:00+05:30,207.53,207.61,207.44,207.44,3270
2025-06-23T14:24:00+05:30,207.44,207.51,207.32,207.32,4798
2025-06-23T14:25:00+05:30,207.32,207.47,207.3,207.38,4758
2025-06-23T14:26:00+05:30,207.38,207.44,207.35,207.38,329
2025-06-23T14:27:00+05:30,207.4,207.4,207.32,207.32,14803
2025-06-23T14:28:00+05:30,207.32,207.51,207.32,207.41,1690
2025-06-23T14:29:00+05:30,207.41,207.59,207.4,207.52,4429
2025-06-23T14:30:00+05:30,207.52,207.59,207.35,207.39,2386
2025-06-23T14:31:00+05:30,207.49,207.49,207.38,207.45,1813
2025-06-23T14:32:00+05:30,207.49,207.61,207.37,207.4,3127
2025-06-23T14:33:00+05:30,207.4,207.7,207.4,207.52,16113
2025-06-23T14:34:00+05:30,207.52,207.68,207.5,207.6,12733
2025-06-23T14:35:00+05:30,207.52,207.69,207.51,207.53,9066
2025-06-23T14:36:00+05:30,207.56,207.73,207.52,207.58,14046
2025-06-23T14:37:00+05:30,207.57,207.74,207.52,207.52,5418
2025-06-23T14:38:00+05:30,207.51,207.51,207.43,207.45,3311
2025-06-23T14:39:00+05:30,207.51,207.64,207.42,207.51,4093
2025-06-23T14:40:00+05:30,207.51,207.53,207.39,207.4,3330
2025-06-23T14:41:00+05:30,207.49,207.49,207.39,207.41,1593
2025-06-23T14:42:00+05:30,207.47,207.53,207.39,207.51,4650
2025-06-23T14:43:00+05:30,207.51,207.51,207.36,207.36,1956
2025-06-23T14:44:00+05:30,207.46,207.46,207.1,207.16,77705
2025-06-23T14:45:00+05:30,207.16,207.31,206.9,206.99,94979
2025-06-23T14:46:00+05:30,206.99,207.01,206.92,206.94,16153
2025-06-23T14:47:00+05:30,207.0,207.08,206.92,206.95,82009
2025-06-23T14:48:00+05:30,207.0,207.11,206.87,206.97,62230
2025-06-23T14:49:00+05:30,206.97,207.0,206.89,206.97,4971
2025-06-23T14:50:00+05:30,206.99,207.23,206.92,206.92,46967
2025-06-23T14:51:00+05:30,206.96,207.19,206.96,206.99,46147
2025-06-23T14:52:00+05:30,207.0,207.11,206.97,206.99,23919
2025-06-23T14:53:00+05:30,207.0,207.05,206.96,206.98,11431
2025-06-23T14:54:00+05:30,207.0,207.0,206.96,206.98,715
2025-06-23T14:55:00+05:30,206.99,207.0,206.95,206.96,1834
2025-06-23T14:56:00+05:30,207.0,207.29,206.91,207.0,152519
2025-06-23T14:57:00+05:30,207.13,207.18,206.87,206.91,62153
2025-06-23T14:58:00+05:30,206.97,207.13,206.91,206.97,58878
2025-06-23T14:59:00+05:30,207.0,207.05,206.91,206.91,15639
2025-06-23T15:00:00+05:30,206.91,206.99,206.91,206.95,7152
2025-06-23T15:01:00+05:30,206.96,207.11,206.89,206.95,54600
2025-06-23T15:02:00+05:30,206.99,207.15,206.95,206.99,68711
2025-06-23T15:03:00+05:30,206.99,207.06,206.94,206.95,19228
2025-06-23T15:04:00+05:30,207.0,207.0,206.9,206.95,9913
2025-06-23T15:05:00+05:30,206.99,207.0,206.95,206.96,9175
2025-06-23T15:06:00+05:30,206.96,207.0,206.74,206.94,65903
2025-06-23T15:07:00+05:30,206.98,207.0,206.91,206.91,13196
2025-06-23T15:08:00+05:30,206.96,206.96,206.89,206.91,3408
2025-06-23T15:09:00+05:30,206.94,206.98,206.8,206.94,15612
2025-06-23T15:10:00+05:30,206.87,206.91,206.8,206.9,6772
2025-06-23T15:11:00+05:30,206.9,207.0,206.85,206.91,23136
2025-06-23T15:12:00+05:30,206.97,206.97,206.85,206.86,7198
2025-06-23T15:13:00+05:30,206.86,207.0,206.85,206.91,22305
2025-06-23T15:14:00+05:30,206.91,207.0,206.84,207.0,13178
2025-06-23T15:15:00+05:30,207.0,207.0,206.91,206.96,16247
2025-06-23T15:16:00+05:30,206.96,207.0,206.89,206.98,14691
2025-06-23T15:17:00+05:30,206.98,207.1,206.97,207.1,10981
2025-06-23T15:18:00+05:30,207.12,207.16,206.76,206.9,44032
2025-06-23T15:19:00+05:30,206.89,206.98,206.81,206.92,15096
2025-06-23T15:20:00+05:30,206.92,206.99,206.86,206.92,12922
2025-06-23T15:21:00+05:30,206.98,206.99,206.92,206.99,6413
2025-06-23T15:22:00+05:30,206.99,207.0,206.97,206.97,8544
2025-06-23T15:23:00+05:30,206.97,206.98,206.87,206.93,7374
2025-06-23T15:24:00+05:30,206.96,207.0,206.8,206.9,7213
2025-06-23T15:25:00+05:30,206.81,206.97,206.81,206.92,8122
2025-06-23T15:26:00+05:30,206.92,206.95,206.71,206.9,7110
2025-06-23T15:27:00+05:30,206.89,207.1,206.89,207.1,11608
2025-06-23T15:28:00+05:30,207.05,207.1,206.95,207.0,5355
2025-06-23T15:29:00+05:30,206.99,207.1,206.95,206.95,4242
2025-06-24T09:15:00+05:30,208.21,208.9,208.11,208.78,97884
2025-06-24T09:16:00+05:30,208.75,208.98,208.57,208.57,32346
2025-06-24T09:17:00+05:30,208.56,208.59,208.2,208.47,13475
2025-06-24T09:18:00+05:30,208.43,208.96,208.43,208.83,28197
2025-06-24T09:19:00+05:30,208.87,208.99,208.64,208.86,55574
2025-06-24T09:20:00+05:30,208.86,208.86,208.51,208.7,37661
2025-06-24T09:21:00+05:30,208.78,208.78,208.35,208.49,26547
2025-06-24T09:22:00+05:30,208.49,208.62,208.24,208.28,12090
2025-06-24T09:23:00+05:30,208.27,208.67,208.25,208.34,18613
2025-06-24T09:24:00+05:30,208.34,208.43,208.25,208.29,8746
2025-06-24T09:25:00+05:30,208.27,208.28,208.1,208.1,10195
2025-06-24T09:26:00+05:30,208.05,208.05,207.82,208.01,11485
2025-06-24T09:27:00+05:30,208.09,208.09,207.8,207.92,3448
2025-06-24T09:28:00+05:30,207.81,208.0,207.81,207.86,5496
2025-06-24T09:29:00+05:30,207.93,208.04,207.86,207.89,3564
2025-06-24T09:30:00+05:30,207.99,208.13,207.89,208.02,11447
2025-06-24T09:31:00+05:30,208.04,208.16,208.02,208.02,4741
2025-06-24T09:32:00+05:30,208.09,208.3,208.09,208.2,10870
2025-06-24T09:33:00+05:30,208.26,208.26,208.09,208.2,2946
2025-06-24T09:34:00+05:30,208.18,208.19,208.08,208.12,3589
2025-06-24T09:35:00+05:30,208.15,208.25,208.1,208.24,2783
2025-06-24T09:36:00+05:30,208.22,208.3,208.07,208.22,5825
2025-06-24T09:37:00+05:30,208.22,208.3,208.0,208.0,7230
2025-06-24T09:38:00+05:30,208.01,208.07,207.4,207.44,38468
2025-06-24T09:39:00+05:30,207.5,207.67,207.43,207.6,4288
2025-06-24T09:40:00+05:30,207.45,207.68,207.44,207.6,11292
2025-06-24T09:41:00+05:30,207.65,207.86,207.65,207.79,1848
2025-06-24T09:42:00+05:30,207.79,208.0,207.78,208.0,12623
2025-06-24T09:43:00+05:30,207.97,208.21,207.96,208.08,15003
2025-06-24T09:44:00+05:30,208.06,208.06,207.7,207.9,5815
2025-06-24T09:45:00+05:30,207.9,207.98,207.69,207.83,4074
2025-06-24T09:46:00+05:30,207.81,207.83,207.74,207.77,595
2025-06-24T09:47:00+05:30,207.76,207.85,207.7,207.81,2063
2025-06-24T09:48:00+05:30,207.82,208.5,207.82,208.5,49057
2025-06-24T09:49:00+05:30,208.5,208.52,208.39,208.52,7772
2025-06-24T09:50:00+05:30,208.51,208.52,208.41,208.41,1195
2025-06-24T09:51:00+05:30,208.46,208.46,208.37,208.37,2521
2025-06-24T09:52:00+05:30,208.44,208.51,208.36,208.37,5759
2025-06-24T09:53:00+05:30,208.4,208.42,208.32,208.38,6196
2025-06-24T09:54:00+05:30,208.33,208.51,208.33,208.51,3259
2025-06-24T09:55:00+05:30,208.51,208.51,208.36,208.4,2641
2025-06-24T09:56:00+05:30,208.36,208.37,208.23,208.35,4252
2025-06-24T09:57:00+05:30,208.32,208.37,208.2,208.28,6762
2025-06-24T09:58:00+05:30,208.28,208.4,208.28,208.4,2325
2025-06-24T09:59:00+05:30,208.36,208.5,208.32,208.36,4239
2025-06-24T10:00:00+05:30,208.48,208.48,208.35,208.43,2966
2025-06-24T10:01:00+05:30,208.33,208.5,208.33,208.49,2987
2025-06-24T10:02:00+05:30,208.49,208.49,208.33,208.33,3663
2025-06-24T10:03:00+05:30,208.42,208.46,208.19,208.24,12938
2025-06-24T10:04:00+05:30,208.24,208.36,208.18,208.21,3674
2025-06-24T10:05:00+05:30,208.2,208.2,207.9,208.04,23591
2025-06-24T10:06:00+05:30,207.93,208.15,207.91,208.13,14408
2025-06-24T10:07:00+05:30,208.16,208.16,207.92,208.0,1459
2025-06-24T10:08:00+05:30,208.0,208.12,207.98,208.08,2431
2025-06-24T10:09:00+05:30,208.08,208.19,208.03,208.14,2990
2025-06-24T10:10:00+05:30,208.14,208.14,207.76,207.87,11021
2025-06-24T10:11:00+05:30,207.87,207.88,207.74,207.75,5335
2025-06-24T10:12:00+05:30,207.84,207.87,207.74,207.8,2418
2025-06-24T10:13:00+05:30,207.83,207.87,207.75,207.84,5052
2025-06-24T10:14:00+05:30,207.87,207.9,207.75,207.78,7610
2025-06-24T10:15:00+05:30,207.8,208.0,207.78,208.0,6427
2025-06-24T10:16:00+05:30,208.0,208.07,207.89,208.01,6754
2025-06-24T10:17:00+05:30,208.03,208.43,208.03,208.1,20622
2025-06-24T10:18:00+05:30,208.1,208.16,208.0,208.0,2962
2025-06-24T10:19:00+05:30,208.01,208.15,208.0,208.08,2606
2025-06-24T10:20:00+05:30,208.1,208.16,207.89,207.95,12549
2025-06-24T10:21:00+05:30,207.94,208.16,207.85,208.09,13705
2025-06-24T10:22:00+05:30,208.08,208.1,207.94,207.96,3862
2025-06-24T10:23:00+05:30,207.96,207.97,207.9,207.9,839
2025-06-24T10:24:00+05:30,207.95,207.97,207.86,207.86,1594
2025-06-24T10:25:00+05:30,207.94,207.96,207.82,207.83,997
2025-06-24T10:26:00+05:30,207.9,207.93,207.8,207.87,2453
2025-06-24T10:27:00+05:30,207.87,207.94,207.81,207.9,4036
2025-06-24T10:28:00+05:30,207.92,207.96,207.78,207.89,2875
2025-06-24T10:29:00+05:30,207.87,207.93,207.77,207.8,2959
2025-06-24T10:30:00+05:30,207.9,207.95,207.9,207.9,1095
2025-06-24T10:31:00+05:30,207.92,208.18,207.87,208.14,38303
2025-06-24T10:32:00+05:30,208.14,208.16,207.9,207.92,7266
2025-06-24T10:33:00+05:30,208.02,208.05,207.9,207.9,6595
2025-06-24T10:34:00+05:30,207.99,207.99,207.9,207.9,8746
2025-06-24T10:35:00+05:30,207.96,207.99,207.9,207.9,1038
2025-06-24T10:36:00+05:30,207.97,207.98,207.9,207.98,1369
2025-06-24T10:37:00+05:30,207.9,208.1,207.9,208.09,7393
2025-06-24T10:38:00+05:30,208.09,208.1,207.9,207.93,4221
2025-06-24T10:39:00+05:30,207.94,208.0,207.9,207.91,2276
2025-06-24T10:40:00+05:30,208.0,208.09,207.91,208.06,4027
2025-06-24T10:41:00+05:30,208.07,208.1,207.96,208.09,3469
2025-06-24T10:42:00+05:30,208.1,208.23,208.02,208.02,16908
2025-06-24T10:43:00+05:30,208.03,208.14,208.01,208.02,1409
2025-06-24T10:44:00+05:30,208.04,208.1,208.01,208.01,927
2025-06-24T10:45:00+05:30,208.1,208.1,208.0,208.1,2307
2025-06-24T10:46:00+05:30,208.1,208.14,208.01,208.14,3729
2025-06-24T10:47:00+05:30,208.14,208.29,208.01,208.29,64770
2025-06-24T10:48:00+05:30,208.29,208.29,208.2,208.22,7343
2025-06-24T10:49:00+05:30,208.21,208.22,208.11,208.21,56904
2025-06-24T10:50:00+05:30,208.21,208.28,208.11,208.13,8773
2025-06-24T10:51:00+05:30,208.24,208.5,208.18,208.47,24306
2025-06-24T10:52:00+05:30,208.49,208.5,208.33,208.42,7434
2025-06-24T10:53:00+05:30,208.5,208.51,208.42,208.5,27177
2025-06-24T10:54:00+05:30,208.5,208.5,208.45,208.45,12474
2025-06-24T10:55:00+05:30,208.5,208.69,208.45,208.6,37929
2025-06-24T10:56:00+05:30,208.69,208.69,208.6,208.6,1836
2025-06-24T10:57:00+05:30,208.69,208.8,208.6,208.79,7069
2025-06-24T10:58:00+05:30,208.79,208.88,208.71,208.8,22028
2025-06-24T10:59:00+05:30,208.88,208.89,208.8,208.8,1216
2025-06-24T11:00:00+05:30,208.88,208.97,208.81,208.87,15731
2025-06-24T11:01:00+05:30,208.94,208.95,208.85,208.85,7516
2025-06-24T11:02:00+05:30,208.94,209.14,208.86,208.96,73251
2025-06-24T11:03:00+05:30,208.89,208.99,208.76,208.8,17747
2025-06-24T11:04:00+05:30,208.76,209.07,208.72,208.96,43310
2025-06-24T11:05:00+05:30,209.04,209.04,208.92,208.98,3526
2025-06-24T11:06:00+05:30,208.92,209.08,208.92,209.0,3812
2025-06-24T11:07:00+05:30,209.05,209.08,208.93,209.01,7257
2025-06-24T11:08:00+05:30,209.01,209.06,208.91,209.0,8471
2025-06-24T11:09:00+05:30,209.05,209.08,208.96,208.99,5133
2025-06-24T11:10:00+05:30,209.04,209.07,208.97,209.07,2176
2025-06-24T11:11:00+05:30,209.07,209.07,208.96,209.0,4692
2025-06-24T11:12:00+05:30,209.07,209.07,208.96,208.99,2775
2025-06-24T11:13:00+05:30,209.01,209.27,209.0,209.27,13454
2025-06-24T11:14:00+05:30,209.27,209.27,209.06,209.2,5761
2025-06-24T11:15:00+05:30,209.19,209.26,209.09,209.2,3233
2025-06-24T11:16:00+05:30,209.2,209.3,209.12,209.3,15201
2025-06-24T11:17:00+05:30,209.3,209.5,209.17,209.49,83537
2025-06-24T11:18:00+05:30,209.49,209.54,209.39,209.5,31269
2025-06-24T11:19:00+05:30,209.54,209.6,209.37,209.5,13778
2025-06-24T11:20:00+05:30,209.5,209.5,209.36,209.46,9456
2025-06-24T11:21:00+05:30,209.46,209.47,209.35,209.44,4325
2025-06-24T11:22:00+05:30,209.39,209.46,209.32,209.43,2430
2025-06-24T11:23:00+05:30,209.45,209.45,209.3,209.4,4984
2025-06-24T11:24:00+05:30,209.36,209.4,209.27,209.39,7845
2025-06-24T11:25:00+05:30,209.39,209.4,209.28,209.35,2187
2025-06-24T11:26:00+05:30,209.35,209.39,209.28,209.38,3920
2025-06-24T11:27:00+05:30,209.38,209.38,209.25,209.32,3221
2025-06-24T11:28:00+05:30,209.32,209.35,209.23,209.35,5665
2025-06-24T11:29:00+05:30,209.35,209.8,209.27,209.69,75130
2025-06-24T11:30:00+05:30,209.69,209.8,209.57,209.69,40410
2025-06-24T11:31:00+05:30,209.7,209.7,209.58,209.67,2433
2025-06-24T11:32:00+05:30,209.69,209.69,209.57,209.69,2895
2025-06-24T11:33:00+05:30,209.69,209.69,209.5,209.5,10160
2025-06-24T11:34:00+05:30,209.59,209.59,209.5,209.52,5411
2025-06-24T11:35:00+05:30,209.52,209.59,209.45,209.46,13805
2025-06-24T11:36:00+05:30,209.52,209.57,209.39,209.47,3694
2025-06-24T11:37:00+05:30,209.45,209.53,209.4,209.5,2950
2025-06-24T11:38:00+05:30,209.5,209.5,209.31,209.47,5373
2025-06-24T11:39:00+05:30,209.47,209.5,209.36,209.49,3956
2025-06-24T11:40:00+05:30,209.49,209.5,209.37,209.45,7536
2025-06-24T11:41:00+05:30,209.5,209.5,209.4,209.5,2815
2025-06-24T11:42:00+05:30,209.5,209.5,209.36,209.45,4430
2025-06-24T11:43:00+05:30,209.45,209.46,209.35,209.46,4131
2025-06-24T11:44:00+05:30,209.46,209.64,209.45,209.64,12049
2025-06-24T11:45:00+05:30,209.64,209.68,209.32,209.34,5440
2025-06-24T11:46:00+05:30,209.33,209.4,209.2,209.36,6106
2025-06-24T11:47:00+05:30,209.37,209.4,209.25,209.28,1995
2025-06-24T11:48:00+05:30,209.33,209.36,209.2,209.25,1933
2025-06-24T11:49:00+05:30,209.3,209.49,209.2,209.49,11066
2025-06-24T11:50:00+05:30,209.41,209.5,209.3,209.45,3240
2025-06-24T11:51:00+05:30,209.43,209.45,209.3,209.44,3366
2025-06-24T11:52:00+05:30,209.44,209.44,209.18,209.2,11721
2025-06-24T11:53:00+05:30,209.3,209.32,209.18,209.3,2113
2025-06-24T11:54:00+05:30,209.3,209.32,209.08,209.21,2347
2025-06-24T11:55:00+05:30,209.22,209.3,209.12,209.28,6685
2025-06-24T11:56:00+05:30,209.28,209.28,209.13,209.23,1514
2025-06-24T11:57:00+05:30,209.24,209.25,209.05,209.17,2336
2025-06-24T11:58:00+05:30,209.17,209.21,209.08,209.21,1849
2025-06-24T11:59:00+05:30,209.21,209.21,209.08,209.19,2561
2025-06-24T12:00:00+05:30,209.19,209.31,209.12,209.28,3721
2025-06-24T12:01:00+05:30,209.28,209.28,209.15,209.15,2434
2025-06-24T12:02:00+05:30,209.2,209.29,209.18,209.24,1598
2025-06-24T12:03:00+05:30,209.24,209.25,209.11,209.25,4933
2025-06-24T12:04:00+05:30,209.2,209.25,209.04,209.18,3683
2025-06-24T12:05:00+05:30,209.18,209.18,209.02,209.03,1444
2025-06-24T12:06:00+05:30,209.12,209.37,208.99,209.25,20740
2025-06-24T12:07:00+05:30,209.33,209.4,209.21,209.33,1205
2025-06-24T12:08:00+05:30,209.33,209.35,209.2,209.31,2889
2025-06-24T12:09:00+05:30,209.31,209.31,209.2,209.25,4900
2025-06-24T12:10:00+05:30,209.26,209.26,209.15,209.2,5264
2025-06-24T12:11:00+05:30,209.21,209.24,208.96,209.09,41124
2025-06-24T12:12:00+05:30,209.09,209.15,209.05,209.1,1841
2025-06-24T12:13:00+05:30,209.1,209.17,208.92,209.12,9398
2025-06-24T12:14:00+05:30,209.12,209.13,208.8,208.97,26641
2025-06-24T12:15:00+05:30,208.94,209.09,208.8,209.05,9800
2025-06-24T12:16:00+05:30,209.05,209.1,208.95,209.1,8469
2025-06-24T12:17:00+05:30,209.1,209.1,208.9,209.0,7415
2025-06-24T12:18:00+05:30,209.0,209.06,208.89,208.94,6641
2025-06-24T12:19:00+05:30,209.01,209.01,208.86,209.0,24737
2025-06-24T12:20:00+05:30,209.0,209.06,208.95,209.03,1880
2025-06-24T12:21:00+05:30,209.03,209.09,208.89,209.04,6905
2025-06-24T12:22:00+05:30,209.04,209.06,208.9,209.01,2390
2025-06-24T12:23:00+05:30,209.02,209.04,208.86,208.86,1152
2025-06-24T12:24:00+05:30,208.93,208.94,208.79,208.84,7113
2025-06-24T12:25:00+05:30,208.88,208.92,208.85,208.92,1586
2025-06-24T12:26:00+05:30,209.0,209.04,208.59,208.81,15512
2025-06-24T12:27:00+05:30,208.77,208.78,208.48,208.78,18139
2025-06-24T12:28:00+05:30,208.79,208.81,208.64,208.65,1968
2025-06-24T12:29:00+05:30,208.64,208.78,208.64,208.76,3865
2025-06-24T12:30:00+05:30,208.77,209.0,208.63,208.9,13854
2025-06-24T12:31:00+05:30,208.92,208.98,208.8,208.9,6563
2025-06-24T12:32:00+05:30,208.89,208.89,208.81,208.88,1500
2025-06-24T12:33:00+05:30,208.88,208.88,208.78,208.88,1383
2025-06-24T12:34:00+05:30,208.88,208.9,208.78,208.82,1331
2025-06-24T12:35:00+05:30,208.83,208.94,208.76,208.93,2261
2025-06-24T12:36:00+05:30,208.93,208.94,208.77,208.85,1652
2025-06-24T12:37:00+05:30,208.94,208.96,208.51,208.7,12779
2025-06-24T12:38:00+05:30,208.71,208.71,208.53,208.62,761
2025-06-24T12:39:00+05:30,208.57,208.62,208.49,208.59,17824
2025-06-24T12:40:00+05:30,208.59,208.61,208.36,208.36,12967
2025-06-24T12:41:00+05:30,208.41,208.41,208.28,208.37,7795
2025-06-24T12:42:00+05:30,208.4,208.43,208.29,208.42,11340
2025-06-24T12:43:00+05:30,208.42,208.45,208.29,208.34,7827
2025-06-24T12:44:00+05:30,208.39,208.5,208.35,208.49,3803
2025-06-24T12:45:00+05:30,208.49,208.54,208.39,208.54,7322
2025-06-24T12:46:00+05:30,208.54,208.65,208.43,208.65,1587
2025-06-24T12:47:00+05:30,208.65,208.88,208.6,208.88,3416
2025-06-24T12:48:00+05:30,208.84,208.85,208.62,208.7,8760
2025-06-24T12:49:00+05:30,208.77,208.79,208.7,208.76,2260
2025-06-24T12:50:00+05:30,208.75,208.76,208.54,208.68,7888
2025-06-24T12:51:00+05:30,208.68,208.68,208.54,208.64,2601
2025-06-24T12:52:00+05:30,208.65,208.75,208.53,208.59,17723
2025-06-24T12:53:00+05:30,208.7,208.73,208.51,208.55,8363
2025-06-24T12:54:00+05:30,208.55,208.59,208.41,208.59,7687
2025-06-24T12:55:00+05:30,208.59,208.61,208.48,208.61,2491
2025-06-24T12:56:00+05:30,208.61,208.67,208.58,208.67,2946
2025-06-24T12:57:00+05:30,208.67,208.71,208.57,208.67,2690
2025-06-24T12:58:00+05:30,208.66,208.66,208.57,208.63,1868
2025-06-24T12:59:00+05:30,208.64,208.68,208.56,208.61,2492
2025-06-24T13:00:00+05:30,208.61,208.66,208.38,208.5,6621
2025-06-24T13:01:00+05:30,208.48,208.57,208.45,208.55,3629
2025-06-24T13:02:00+05:30,208.55,208.63,208.55,208.62,1685
2025-06-24T13:03:00+05:30,208.63,208.7,208.63,208.7,4240
2025-06-24T13:04:00+05:30,208.7,208.76,208.66,208.76,6322
2025-06-24T13:05:00+05:30,208.76,208.79,208.55,208.6,7101
2025-06-24T13:06:00+05:30,208.64,208.78,208.53,208.76,3999
2025-06-24T13:07:00+05:30,208.76,208.83,208.76,208.83,1644
2025-06-24T13:08:00+05:30,208.83,208.83,208.81,208.83,1151
2025-06-24T13:09:00+05:30,208.83,208.83,208.82,208.83,820
2025-06-24T13:10:00+05:30,208.83,208.87,208.82,208.86,3995
2025-06-24T13:11:00+05:30,208.89,208.9,208.7,208.84,20148
2025-06-24T13:12:00+05:30,208.84,208.88,208.7,208.87,6959
2025-06-24T13:13:00+05:30,208.87,208.89,208.69,208.74,4465
2025-06-24T13:14:00+05:30,208.74,208.78,208.64,208.73,2116
2025-06-24T13:15:00+05:30,208.74,208.82,208.7,208.82,4672
2025-06-24T13:16:00+05:30,208.82,208.82,208.81,208.82,4555
2025-06-24T13:17:00+05:30,208.81,208.82,208.76,208.82,6595
2025-06-24T13:18:00+05:30,208.82,208.9,208.81,208.9,17582
2025-06-24T13:19:00+05:30,208.9,208.93,208.85,208.85,3401
2025-06-24T13:20:00+05:30,208.86,208.9,208.85,208.86,1759
2025-06-24T13:21:00+05:30,208.9,208.9,208.7,208.85,9624
2025-06-24T13:22:00+05:30,208.86,208.86,208.71,208.81,1510
2025-06-24T13:23:00+05:30,208.81,208.85,208.62,208.72,5597
2025-06-24T13:24:00+05:30,208.72,208.75,208.59,208.71,5811
2025-06-24T13:25:00+05:30,208.71,208.71,208.4,208.45,9054
2025-06-24T13:26:00+05:30,208.41,208.52,208.36,208.4,7073
2025-06-24T13:27:00+05:30,208.45,208.45,208.31,208.31,6672
2025-06-24T13:28:00+05:30,208.36,208.46,208.26,208.28,32228
2025-06-24T13:29:00+05:30,208.31,208.46,208.28,208.46,5749
2025-06-24T13:30:00+05:30,208.45,208.5,208.27,208.5,9107
2025-06-24T13:31:00+05:30,208.5,208.58,208.48,208.54,2973
2025-06-24T13:32:00+05:30,208.53,208.54,208.06,208.14,34281
2025-06-24T13:33:00+05:30,208.14,208.3,208.05,208.22,12228
2025-06-24T13:34:00+05:30,208.29,208.3,208.15,208.2,3211
2025-06-24T13:35:00+05:30,208.2,208.2,208.0,208.02,24095
2025-06-24T13:36:00+05:30,208.07,208.22,208.02,208.14,8463
2025-06-24T13:37:00+05:30,208.15,208.29,208.15,208.2,3685
2025-06-24T13:38:00+05:30,208.16,208.29,208.07,208.26,6973
2025-06-24T13:39:00+05:30,208.26,208.27,208.1,208.2,5178
2025-06-24T13:40:00+05:30,208.2,208.28,208.12,208.22,6585
2025-06-24T13:41:00+05:30,208.22,208.3,208.15,208.21,3890
2025-06-24T13:42:00+05:30,208.21,208.4,208.2,208.4,6731
2025-06-24T13:43:00+05:30,208.4,208.4,208.31,208.33,1808
2025-06-24T13:44:00+05:30,208.33,208.37,208.22,208.22,4952
2025-06-24T13:45:00+05:30,208.25,208.36,208.16,208.21,21019
2025-06-24T13:46:00+05:30,208.21,208.25,208.15,208.21,1882
2025-06-24T13:47:00+05:30,208.21,208.3,208.15,208.24,3632
2025-06-24T13:48:00+05:30,208.29,208.31,208.11,208.2,13616
2025-06-24T13:49:00+05:30,208.25,208.27,208.16,208.22,8349
2025-06-24T13:50:00+05:30,208.26,208.32,208.2,208.28,6151
2025-06-24T13:51:00+05:30,208.32,208.38,208.25,208.36,6833
2025-06-24T13:52:00+05:30,208.38,208.45,208.25,208.25,16598
2025-06-24T13:53:00+05:30,208.3,208.39,208.19,208.33,16448
2025-06-24T13:54:00+05:30,208.29,208.36,208.1,208.2,31441
2025-06-24T13:55:00+05:30,208.21,208.29,208.02,208.07,25674
2025-06-24T13:56:00+05:30,208.13,208.24,208.02,208.11,17708
2025-06-24T13:57:00+05:30,208.1,208.22,208.05,208.13,12271
2025-06-24T13:58:00+05:30,208.1,208.17,208.0,208.1,5583
2025-06-24T13:59:00+05:30,208.15,208.19,208.02,208.13,13767
2025-06-24T14:00:00+05:30,208.12,208.16,208.0,208.12,10039
2025-06-24T14:01:00+05:30,208.12,208.16,208.0,208.13,4385
2025-06-24T14:02:00+05:30,208.13,208.18,208.09,208.14,2260
2025-06-24T14:03:00+05:30,208.14,209.01,208.1,208.6,327610
2025-06-24T14:04:00+05:30,208.6,208.69,208.54,208.61,5531
2025-06-24T14:05:00+05:30,208.56,208.62,208.47,208.59,6373
2025-06-24T14:06:00+05:30,208.54,208.61,208.35,208.37,4968
2025-06-24T14:07:00+05:30,208.37,208.56,208.31,208.31,18870
2025-06-24T14:08:00+05:30,208.31,208.52,208.28,208.43,20964
2025-06-24T14:09:00+05:30,208.46,208.72,208.43,208.54,17531
2025-06-24T14:10:00+05:30,208.58,208.64,208.43,208.53,22477
2025-06-24T14:11:00+05:30,208.53,208.7,208.43,208.6,21507
2025-06-24T14:12:00+05:30,208.65,208.83,208.57,208.57,14509
2025-06-24T14:13:00+05:30,208.62,208.95,208.58,208.89,19926
2025-06-24T14:14:00+05:30,208.94,208.99,208.8,208.9,11229
2025-06-24T14:15:00+05:30,208.89,208.9,208.8,208.89,3479
2025-06-24T14:16:00+05:30,208.89,208.89,208.8,208.81,8015
2025-06-24T14:17:00+05:30,208.8,208.98,208.8,208.97,8386
2025-06-24T14:18:00+05:30,208.97,208.99,208.85,208.93,7534
2025-06-24T14:19:00+05:30,208.91,208.99,208.87,208.98,9028
2025-06-24T14:20:00+05:30,208.98,209.08,208.93,209.02,11993
2025-06-24T14:21:00+05:30,209.02,209.04,208.88,208.98,16932
2025-06-24T14:22:00+05:30,208.98,209.11,208.9,209.0,19833
2025-06-24T14:23:00+05:30,209.0,209.09,208.89,208.99,10713
2025-06-24T14:24:00+05:30,208.98,209.05,208.9,209.01,9372
2025-06-24T14:25:00+05:30,209.05,209.05,208.96,208.97,6314
2025-06-24T14:26:00+05:30,209.01,209.05,208.88,208.95,6306
2025-06-24T14:27:00+05:30,209.0,209.0,208.85,208.95,8476
2025-06-24T14:28:00+05:30,208.95,208.97,208.81,208.97,10580
2025-06-24T14:29:00+05:30,208.94,209.05,208.86,209.05,14822
2025-06-24T14:30:00+05:30,209.02,209.1,208.93,209.04,5420
2025-06-24T14:31:00+05:30,208.99,209.08,208.9,208.98,9971
2025-06-24T14:32:00+05:30,208.98,209.12,208.93,209.02,10244
2025-06-24T14:33:00+05:30,209.06,209.11,208.9,208.98,7405
2025-06-24T14:34:00+05:30,209.0,209.08,208.95,209.08,6043
2025-06-24T14:35:00+05:30,209.02,209.08,208.92,209.03,9992
2025-06-24T14:36:00+05:30,209.03,209.05,208.9,208.97,11413
2025-06-24T14:37:00+05:30,208.99,209.04,208.89,208.92,4350
2025-06-24T14:38:00+05:30,208.95,209.02,208.89,209.01,7601
2025-06-24T14:39:00+05:30,208.96,209.07,208.85,209.05,4397
2025-06-24T14:40:00+05:30,209.05,209.1,208.98,209.07,6511
2025-06-24T14:41:00+05:30,209.07,209.29,209.05,209.27,18097
2025-06-24T14:42:00+05:30,209.27,209.4,209.15,209.37,20226
2025-06-24T14:43:00+05:30,209.37,209.4,209.18,209.33,13135
2025-06-24T14:44:00+05:30,209.36,209.39,209.28,209.39,11947
2025-06-24T14:45:00+05:30,209.38,209.4,209.28,209.33,16073
2025-06-24T14:46:00+05:30,209.33,209.33,209.17,209.32,13975
2025-06-24T14:47:00+05:30,209.32,209.4,209.25,209.33,5024
2025-06-24T14:48:00+05:30,209.33,209.4,209.25,209.25,5476
2025-06-24T14:49:00+05:30,209.35,209.43,209.28,209.4,11854
2025-06-24T14:50:00+05:30,209.4,209.7,209.4,209.63,53786
2025-06-24T14:51:00+05:30,209.65,209.65,209.56,209.63,9780
2025-06-24T14:52:00+05:30,209.6,209.7,209.57,209.6,13311
2025-06-24T14:53:00+05:30,209.65,209.7,209.53,209.68,15148
2025-06-24T14:54:00+05:30,209.68,209.7,209.53,209.7,15781
2025-06-24T14:55:00+05:30,209.7,209.75,209.57,209.75,18859
2025-06-24T14:56:00+05:30,209.75,209.95,209.69,209.89,38779
2025-06-24T14:57:00+05:30,209.89,209.95,209.8,209.87,10689
2025-06-24T14:58:00+05:30,209.86,209.89,209.69,209.79,5360
2025-06-24T14:59:00+05:30,209.79,209.79,209.61,209.71,7709
2025-06-24T15:00:00+05:30,209.71,209.77,209.58,209.66,27007
2025-06-24T15:01:00+05:30,209.66,209.74,209.61,209.7,13836
2025-06-24T15:02:00+05:30,209.7,209.7,209.47,209.54,15813
2025-06-24T15:03:00+05:30,209.54,209.55,209.4,209.43,20141
2025-06-24T15:04:00+05:30,209.49,209.58,209.41,209.44,12575
2025-06-24T15:05:00+05:30,209.49,209.5,209.25,209.4,42509
2025-06-24T15:06:00+05:30,209.4,209.5,209.33,209.45,28696
2025-06-24T15:07:00+05:30,209.47,209.47,209.21,209.24,112028
2025-06-24T15:08:00+05:30,209.24,209.44,209.16,209.34,54460
2025-06-24T15:09:00+05:30,209.35,209.37,209.2,209.32,20601
2025-06-24T15:10:00+05:30,209.32,209.32,209.15,209.21,16497
2025-06-24T15:11:00+05:30,209.21,209.3,209.16,209.29,25220
2025-06-24T15:12:00+05:30,209.3,209.35,209.04,209.14,48401
2025-06-24T15:13:00+05:30,209.14,209.23,209.01,209.15,33025
2025-06-24T15:14:00+05:30,209.15,209.18,208.97,209.17,27241
2025-06-24T15:15:00+05:30,209.16,209.17,208.97,209.12,26485
2025-06-24T15:16:00+05:30,209.12,209.16,208.95,209.11,37564
2025-06-24T15:17:00+05:30,209.11,209.14,208.96,209.1,18386
2025-06-24T15:18:00+05:30,209.1,209.14,208.92,209.12,24197
2025-06-24T15:19:00+05:30,209.14,209.25,208.99,209.25,30956
2025-06-24T15:20:00+05:30,209.24,209.33,209.14,209.23,41643
2025-06-24T15:21:00+05:30,209.23,209.23,208.97,209.14,36121
2025-06-24T15:22:00+05:30,209.14,209.16,209.0,209.12,15405
2025-06-24T15:23:00+05:30,209.16,209.2,208.97,209.14,18383
2025-06-24T15:24:00+05:30,209.14,209.17,209.01,209.14,17018
2025-06-24T15:25:00+05:30,209.09,209.15,209.0,209.15,27648
2025-06-24T15:26:00+05:30,209.15,209.25,209.05,209.2,21331
2025-06-24T15:27:00+05:30,209.2,209.2,209.05,209.2,14079
2025-06-24T15:28:00+05:30,209.15,209.35,209.01,209.35,19862
2025-06-24T15:29:00+05:30,209.35,209.35,208.86,209.1,10190
2025-06-25T09:15:00+05:30,210.01,210.59,209.56,209.56,22438
2025-06-25T09:16:00+05:30,209.65,209.7,209.26,209.45,10547
2025-06-25T09:17:00+05:30,209.45,209.74,209.45,209.69,15606
2025-06-25T09:18:00+05:30,209.6,209.76,209.5,209.5,10705
2025-06-25T09:19:00+05:30,209.5,209.59,209.35,209.46,7227
2025-06-25T09:20:00+05:30,209.38,209.5,209.38,209.38,4247
2025-06-25T09:21:00+05:30,209.4,209.6,209.35,209.4,4539
2025-06-25T09:22:00+05:30,209.5,209.73,209.36,209.73,8708
2025-06-25T09:23:00+05:30,209.55,209.8,209.44,209.44,3976
2025-06-25T09:24:00+05:30,209.44,209.55,209.3,209.36,7425
2025-06-25T09:25:00+05:30,209.31,209.8,209.3,209.8,27056
2025-06-25T09:26:00+05:30,209.7,209.96,209.69,209.87,65164
2025-06-25T09:27:00+05:30,209.87,210.36,209.87,210.22,30377
2025-06-25T09:28:00+05:30,210.21,210.21,210.05,210.14,14816
2025-06-25T09:29:00+05:30,210.05,210.12,210.0,210.02,15285
2025-06-25T09:30:00+05:30,210.02,210.21,210.0,210.13,64361
2025-06-25T09:31:00+05:30,210.13,210.19,209.8,209.8,21332
2025-06-25T09:32:00+05:30,209.8,210.48,209.8,210.4,164522
2025-06-25T09:33:00+05:30,210.48,210.6,210.4,210.58,28241
2025-06-25T09:34:00+05:30,210.53,210.89,210.5,210.75,41291
2025-06-25T09:35:00+05:30,210.69,210.82,210.55,210.58,29614
2025-06-25T09:36:00+05:30,210.59,210.69,210.5,210.53,24842
2025-06-25T09:37:00+05:30,210.57,210.64,210.32,210.36,85003
2025-06-25T09:38:00+05:30,210.32,210.43,210.25,210.36,29132
2025-06-25T09:39:00+05:30,210.36,210.38,210.27,210.3,14123
2025-06-25T09:40:00+05:30,210.3,210.4,210.27,210.39,12729
2025-06-25T09:41:00+05:30,210.28,210.58,210.28,210.58,6147
2025-06-25T09:42:00+05:30,210.52,210.6,210.36,210.36,17608
2025-06-25T09:43:00+05:30,210.44,210.6,210.38,210.51,7557
2025-06-25T09:44:00+05:30,210.5,210.57,210.37,210.5,20480
2025-06-25T09:45:00+05:30,210.5,210.54,210.3,210.35,10297
2025-06-25T09:46:00+05:30,210.3,210.42,210.3,210.31,4293
2025-06-25T09:47:00+05:30,210.3,210.32,210.1,210.12,85638
2025-06-25T09:48:00+05:30,210.11,210.2,210.1,210.2,4207
2025-06-25T09:49:00+05:30,210.2,210.3,210.16,210.27,80946
2025-06-25T09:50:00+05:30,210.27,210.29,210.2,210.27,4366
2025-06-25T09:51:00+05:30,210.26,210.38,210.25,210.36,7383
2025-06-25T09:52:00+05:30,210.34,210.38,210.2,210.38,3547
2025-06-25T09:53:00+05:30,210.38,210.41,210.34,210.34,3069
2025-06-25T09:54:00+05:30,210.34,210.5,210.34,210.48,7816
2025-06-25T09:55:00+05:30,210.5,210.67,210.48,210.63,23809
2025-06-25T09:56:00+05:30,210.67,210.69,210.6,210.67,9933
2025-06-25T09:57:00+05:30,210.68,210.69,210.63,210.65,8134
2025-06-25T09:58:00+05:30,210.64,210.67,210.55,210.63,9732
2025-06-25T09:59:00+05:30,210.63,210.68,210.55,210.68,9059
2025-06-25T10:00:00+05:30,210.64,210.74,210.59,210.68,19472
2025-06-25T10:01:00+05:30,210.69,210.69,210.6,210.68,5841
2025-06-25T10:02:00+05:30,210.67,210.69,210.63,210.68,3860
2025-06-25T10:03:00+05:30,210.66,210.75,210.6,210.62,15128
2025-06-25T10:04:00+05:30,210.61,210.68,210.58,210.59,12141
2025-06-25T10:05:00+05:30,210.6,210.63,210.5,210.57,10461
2025-06-25T10:06:00+05:30,210.54,210.6,210.5,210.52,11980
2025-06-25T10:07:00+05:30,210.5,210.6,210.45,210.52,4998
2025-06-25T10:08:00+05:30,210.51,210.55,210.44,210.5,12611
2025-06-25T10:09:00+05:30,210.5,210.75,210.4,210.73,19937
2025-06-25T10:10:00+05:30,210.7,210.87,210.6,210.82,36994
2025-06-25T10:11:00+05:30,210.76,210.81,210.57,210.76,15458
2025-06-25T10:12:00+05:30,210.8,210.93,210.72,210.88,10068
2025-06-25T10:13:00+05:30,210.9,210.9,210.65,210.67,32926
2025-06-25T10:14:00+05:30,210.75,210.83,210.66,210.8,7768
2025-06-25T10:15:00+05:30,210.8,210.83,210.7,210.77,5233
2025-06-25T10:16:00+05:30,210.77,210.79,210.73,210.76,13903
2025-06-25T10:17:00+05:30,210.85,210.89,210.76,210.84,9109
2025-06-25T10:18:00+05:30,210.76,210.88,210.76,210.88,42857
2025-06-25T10:19:00+05:30,210.86,210.88,210.75,210.75,60905
2025-06-25T10:20:00+05:30,210.75,210.8,210.65,210.73,104828
2025-06-25T10:21:00+05:30,210.7,210.77,210.65,210.66,10240
2025-06-25T10:22:00+05:30,210.66,210.75,210.65,210.69,2563
2025-06-25T10:23:00+05:30,210.69,210.7,210.65,210.67,4263
2025-06-25T10:24:00+05:30,210.7,210.7,210.65,210.67,4103
2025-06-25T10:25:00+05:30,210.67,210.7,210.65,210.65,11961
2025-06-25T10:26:00+05:30,210.65,210.7,210.62,210.64,3277
2025-06-25T10:27:00+05:30,210.64,210.78,210.64,210.76,27059
2025-06-25T10:28:00+05:30,210.76,210.78,210.7,210.74,15039
2025-06-25T10:29:00+05:30,210.72,210.78,210.7,210.78,4347
2025-06-25T10:30:00+05:30,210.77,210.78,210.7,210.72,5226
2025-06-25T10:31:00+05:30,210.7,210.72,210.35,210.35,80367
2025-06-25T10:32:00+05:30,210.35,210.5,210.35,210.5,2863
2025-06-25T10:33:00+05:30,210.45,210.57,210.43,210.57,6154
2025-06-25T10:34:00+05:30,210.54,210.62,210.47,210.52,3684
2025-06-25T10:35:00+05:30,210.52,210.63,210.45,210.6,1095
2025-06-25T10:36:00+05:30,210.57,210.58,210.5,210.5,19820
2025-06-25T10:37:00+05:30,210.5,210.51,210.35,210.35,83533
2025-06-25T10:38:00+05:30,210.36,210.96,210.35,210.63,171350
2025-06-25T10:39:00+05:30,210.66,210.86,210.61,210.61,28966
2025-06-25T10:40:00+05:30,210.61,210.74,210.6,210.6,6660
2025-06-25T10:41:00+05:30,210.61,211.04,210.55,211.0,281398
2025-06-25T10:42:00+05:30,211.0,211.1,211.0,211.05,28228
2025-06-25T10:43:00+05:30,211.05,211.09,211.0,211.04,14848
2025-06-25T10:44:00+05:30,211.04,211.19,210.95,210.95,40355
2025-06-25T10:45:00+05:30,210.95,211.17,210.81,210.84,21775
2025-06-25T10:46:00+05:30,210.84,211.0,210.84,210.99,27761
2025-06-25T10:47:00+05:30,210.96,211.2,210.96,211.04,23028
2025-06-25T10:48:00+05:30,211.04,211.19,210.99,211.0,31040
2025-06-25T10:49:00+05:30,211.0,211.05,211.0,211.01,62579
2025-06-25T10:50:00+05:30,211.0,211.13,211.0,211.07,18246
2025-06-25T10:51:00+05:30,211.07,211.23,211.07,211.09,11458
2025-06-25T10:52:00+05:30,211.09,211.22,211.07,211.14,7551
2025-06-25T10:53:00+05:30,211.14,211.23,211.12,211.15,8326
2025-06-25T10:54:00+05:30,211.15,211.34,211.14,211.26,48687
2025-06-25T10:55:00+05:30,211.26,211.36,211.26,211.29,26513
2025-06-25T10:56:00+05:30,211.31,211.38,211.25,211.3,9170
2025-06-25T10:57:00+05:30,211.25,211.31,211.25,211.28,9431
2025-06-25T10:58:00+05:30,211.26,211.44,211.25,211.4,18165
2025-06-25T10:59:00+05:30,211.34,211.45,211.3,211.41,29420
2025-06-25T11:00:00+05:30,211.39,211.44,211.3,211.33,6854
2025-06-25T11:01:00+05:30,211.42,211.43,211.31,211.4,4563
2025-06-25T11:02:00+05:30,211.36,211.5,211.28,211.4,64507
2025-06-25T11:03:00+05:30,211.33,211.5,211.32,211.44,18100
2025-06-25T11:04:00+05:30,211.37,211.45,211.32,211.34,19097
2025-06-25T11:05:00+05:30,211.34,211.5,211.34,211.5,34957
2025-06-25T11:06:00+05:30,211.42,211.6,211.39,211.6,47381
2025-06-25T11:07:00+05:30,211.56,211.58,211.28,211.29,13113
2025-06-25T11:08:00+05:30,211.28,211.29,211.15,211.18,41298
2025-06-25T11:09:00+05:30,211.18,211.2,211.04,211.18,22817
2025-06-25T11:10:00+05:30,211.15,211.26,211.15,211.25,4807
2025-06-25T11:11:00+05:30,211.25,211.25,211.1,211.19,7799
2025-06-25T11:12:00+05:30,211.19,211.22,211.0,211.0,11063
2025-06-25T11:13:00+05:30,211.0,211.09,211.0,211.0,4102
2025-06-25T11:14:00+05:30,211.06,211.1,210.93,210.96,9975
2025-06-25T11:15:00+05:30,210.93,211.0,210.78,210.95,16190
2025-06-25T11:16:00+05:30,210.96,211.0,210.85,211.0,4720
2025-06-25T11:17:00+05:30,211.0,211.0,210.95,210.96,3894
2025-06-25T11:18:00+05:30,210.98,211.0,210.81,210.99,9544
2025-06-25T11:19:00+05:30,210.93,211.0,210.93,211.0,4608
2025-06-25T11:20:00+05:30,210.99,211.04,210.95,210.95,5633
2025-06-25T11:21:00+05:30,210.9,210.93,210.81,210.86,9539
2025-06-25T11:22:00+05:30,210.85,210.87,210.6,210.61,19792
2025-06-25T11:23:00+05:30,210.6,210.78,210.59,210.67,7380
2025-06-25T11:24:00+05:30,210.69,210.9,210.65,210.9,7295
2025-06-25T11:25:00+05:30,210.88,211.02,210.86,211.0,6582
2025-06-25T11:26:00+05:30,210.97,211.02,210.95,211.0,10064
2025-06-25T11:27:00+05:30,211.0,211.08,210.95,211.0,14960
2025-06-25T11:28:00+05:30,211.0,211.03,210.8,210.82,6630
2025-06-25T11:29:00+05:30,210.82,210.9,210.76,210.88,7334
2025-06-25T11:30:00+05:30,210.83,211.0,210.83,210.94,15060
2025-06-25T11:31:00+05:30,210.94,211.17,210.94,211.15,11746
2025-06-25T11:32:00+05:30,211.14,211.23,211.13,211.18,4684
2025-06-25T11:33:00+05:30,211.18,211.23,211.0,211.07,12250
2025-06-25T11:34:00+05:30,211.05,211.11,210.89,210.96,12830
2025-06-25T11:35:00+05:30,211.03,211.03,210.74,210.93,15003
2025-06-25T11:36:00+05:30,210.93,211.04,210.88,210.97,15030
2025-06-25T11:37:00+05:30,210.96,210.99,210.85,210.9,15243
2025-06-25T11:38:00+05:30,210.91,210.95,210.82,210.84,7041
2025-06-25T11:39:00+05:30,210.88,210.9,210.77,210.78,9167
2025-06-25T11:40:00+05:30,210.79,210.86,210.62,210.71,11054
2025-06-25T11:41:00+05:30,210.62,210.71,210.62,210.7,7652
2025-06-25T11:42:00+05:30,210.68,210.69,210.55,210.63,14226
2025-06-25T11:43:00+05:30,210.65,210.67,210.55,210.6,7612
2025-06-25T11:44:00+05:30,210.59,210.63,210.35,210.42,32598
2025-06-25T11:45:00+05:30,210.5,210.5,210.35,210.45,16421
2025-06-25T11:46:00+05:30,210.43,210.49,210.43,210.48,4544
2025-06-25T11:47:00+05:30,210.47,210.48,210.32,210.33,11899
2025-06-25T11:48:00+05:30,210.32,210.36,210.11,210.15,40587
2025-06-25T11:49:00+05:30,210.13,210.23,210.1,210.23,16273
2025-06-25T11:50:00+05:30,210.21,210.23,210.1,210.1,14921
2025-06-25T11:51:00+05:30,210.14,210.17,210.0,210.01,20407
2025-06-25T11:52:00+05:30,210.0,210.09,210.0,210.02,4393
2025-06-25T11:53:00+05:30,210.02,210.09,210.0,210.08,9763
2025-06-25T11:54:00+05:30,210.08,210.08,210.05,210.07,5646
2025-06-25T11:55:00+05:30,210.07,210.25,210.07,210.19,12783
2025-06-25T11:56:00+05:30,210.19,210.26,210.1,210.19,6803
2025-06-25T11:57:00+05:30,210.17,210.2,210.1,210.12,3139
2025-06-25T11:58:00+05:30,210.1,210.15,210.1,210.13,3616
2025-06-25T11:59:00+05:30,210.12,210.15,210.1,210.15,3329
2025-06-25T12:00:00+05:30,210.14,210.15,210.0,210.09,9455
2025-06-25T12:01:00+05:30,210.07,210.13,210.0,210.09,3805
2025-06-25T12:02:00+05:30,210.07,210.1,209.91,209.99,10531
2025-06-25T12:03:00+05:30,209.98,210.0,209.93,209.98,2644
2025-06-25T12:04:00+05:30,209.99,209.99,209.91,209.97,3417
2025-06-25T12:05:00+05:30,209.94,209.97,209.9,209.94,4331
2025-06-25T12:06:00+05:30,209.93,209.95,209.86,209.94,6630
2025-06-25T12:07:00+05:30,209.93,210.0,209.92,209.98,3515
2025-06-25T12:08:00+05:30,209.98,210.0,209.97,209.98,17085
2025-06-25T12:09:00+05:30,209.97,210.07,209.97,210.0,22033
2025-06-25T12:10:00+05:30,210.0,210.0,209.98,210.0,6682
2025-06-25T12:11:00+05:30,210.0,210.0,209.99,209.99,34845
2025-06-25T12:12:00+05:30,210.0,210.07,210.0,210.07,12472
2025-06-25T12:13:00+05:30,210.07,210.07,209.9,209.99,8757
2025-06-25T12:14:00+05:30,209.99,210.0,209.9,210.0,3484
2025-06-25T12:15:00+05:30,209.99,210.0,209.85,210.0,6886
2025-06-25T12:16:00+05:30,210.0,210.0,209.97,210.0,5186
2025-06-25T12:17:00+05:30,209.99,210.0,209.94,209.95,4734
2025-06-25T12:18:00+05:30,209.95,210.0,209.95,209.99,5288
2025-06-25T12:19:00+05:30,210.0,210.0,209.92,209.95,5291
2025-06-25T12:20:00+05:30,209.94,210.0,209.85,209.94,5444
2025-06-25T12:21:00+05:30,209.87,209.88,209.66,209.8,26920
2025-06-25T12:22:00+05:30,209.84,210.0,209.82,210.0,5951
2025-06-25T12:23:00+05:30,210.0,210.0,209.81,209.81,8156
2025-06-25T12:24:00+05:30,209.87,210.0,209.83,209.94,9902
2025-06-25T12:25:00+05:30,209.9,210.0,209.9,209.99,6203
2025-06-25T12:26:00+05:30,210.0,210.0,209.99,210.0,5474
2025-06-25T12:27:00+05:30,209.99,210.0,209.86,209.94,9666
2025-06-25T12:28:00+05:30,209.92,210.0,209.89,210.0,6945
2025-06-25T12:29:00+05:30,210.0,210.0,209.95,210.0,6133
2025-06-25T12:30:00+05:30,209.99,210.0,209.94,210.0,5642
2025-06-25T12:31:00+05:30,209.97,210.0,209.92,210.0,3459
2025-06-25T12:32:00+05:30,209.94,210.0,209.94,209.97,1788
2025-06-25T12:33:00+05:30,209.97,210.0,209.95,210.0,3976
2025-06-25T12:34:00+05:30,210.0,210.0,209.99,210.0,3428
2025-06-25T12:35:00+05:30,210.0,210.0,209.99,210.0,4240
2025-06-25T12:36:00+05:30,209.99,211.0,209.95,210.43,550760
2025-06-25T12:37:00+05:30,210.44,210.59,210.43,210.59,5701
2025-06-25T12:38:00+05:30,210.57,210.59,210.51,210.56,2903
2025-06-25T12:39:00+05:30,210.53,210.56,210.47,210.54,3064
2025-06-25T12:40:00+05:30,210.54,210.59,210.48,210.58,3049
2025-06-25T12:41:00+05:30,210.54,210.58,210.43,210.52,8586
2025-06-25T12:42:00+05:30,210.52,210.55,210.43,210.51,2913
2025-06-25T12:43:00+05:30,210.45,210.55,210.45,210.45,2160
2025-06-25T12:44:00+05:30,210.45,210.51,210.44,210.46,4728
2025-06-25T12:45:00+05:30,210.46,210.46,210.41,210.45,2097
2025-06-25T12:46:00+05:30,210.43,210.46,210.41,210.44,2051
2025-06-25T12:47:00+05:30,210.41,210.44,210.39,210.41,4076
2025-06-25T12:48:00+05:30,210.41,210.41,210.28,210.33,5646
2025-06-25T12:49:00+05:30,210.33,210.38,210.28,210.38,4880
2025-06-25T12:50:00+05:30,210.37,210.38,210.29,210.33,2793
2025-06-25T12:51:00+05:30,210.32,210.4,210.13,210.4,57504
2025-06-25T12:52:00+05:30,210.32,210.39,210.22,210.29,6519
2025-06-25T12:53:00+05:30,210.27,210.38,210.25,210.38,3687
2025-06-25T12:54:00+05:30,210.31,210.37,210.28,210.35,1607
2025-06-25T12:55:00+05:30,210.31,210.35,210.31,210.35,3908
2025-06-25T12:56:00+05:30,210.35,210.5,210.32,210.5,4882
2025-06-25T12:57:00+05:30,210.46,210.64,210.4,210.64,7029
2025-06-25T12:58:00+05:30,210.61,210.64,210.54,210.62,4533
2025-06-25T12:59:00+05:30,210.56,210.68,210.56,210.68,3717
2025-06-25T13:00:00+05:30,210.68,210.7,210.6,210.7,3043
2025-06-25T13:01:00+05:30,210.64,210.71,210.64,210.68,2562
2025-06-25T13:02:00+05:30,210.68,210.68,210.57,210.68,3725
2025-06-25T13:03:00+05:30,210.68,210.68,210.57,210.66,6494
2025-06-25T13:04:00+05:30,210.65,210.67,210.57,210.66,3186
2025-06-25T13:05:00+05:30,210.66,210.71,210.56,210.71,1368
2025-06-25T13:06:00+05:30,210.71,210.74,210.36,210.36,42946
2025-06-25T13:07:00+05:30,210.43,210.68,210.31,210.62,36893
2025-06-25T13:08:00+05:30,210.62,210.69,210.48,210.66,33712
2025-06-25T13:09:00+05:30,210.6,210.66,210.53,210.59,7260
2025-06-25T13:10:00+05:30,210.59,210.64,210.52,210.62,3005
2025-06-25T13:11:00+05:30,210.62,210.63,210.52,210.63,2493
2025-06-25T13:12:00+05:30,210.63,210.64,210.55,210.63,2648
2025-06-25T13:13:00+05:30,210.63,210.65,210.51,210.6,5971
2025-06-25T13:14:00+05:30,210.6,210.79,210.46,210.6,60626
2025-06-25T13:15:00+05:30,210.6,210.6,210.44,210.59,4534
2025-06-25T13:16:00+05:30,210.59,210.6,210.49,210.53,2282
2025-06-25T13:17:00+05:30,210.5,210.6,210.47,210.5,4807
2025-06-25T13:18:00+05:30,210.53,210.6,210.49,210.6,3413
2025-06-25T13:19:00+05:30,210.51,210.63,210.51,210.6,4166
2025-06-25T13:20:00+05:30,210.6,210.69,210.53,210.68,5769
2025-06-25T13:21:00+05:30,210.68,210.68,210.56,210.68,3847
2025-06-25T13:22:00+05:30,210.67,210.72,210.59,210.7,3768
2025-06-25T13:23:00+05:30,210.65,210.74,210.61,210.7,4289
2025-06-25T13:24:00+05:30,210.64,210.7,210.56,210.69,3337
2025-06-25T13:25:00+05:30,210.69,210.73,210.53,210.59,14499
2025-06-25T13:26:00+05:30,210.57,210.59,210.5,210.57,12343
2025-06-25T13:27:00+05:30,210.53,210.65,210.53,210.64,1961
2025-06-25T13:28:00+05:30,210.62,210.64,210.54,210.61,2109
2025-06-25T13:29:00+05:30,210.61,210.68,210.57,210.63,12383
2025-06-25T13:30:00+05:30,210.6,210.63,210.58,210.6,2432
2025-06-25T13:31:00+05:30,210.6,210.68,210.56,210.61,3667
2025-06-25T13:32:00+05:30,210.61,210.92,210.61,210.88,29962
2025-06-25T13:33:00+05:30,210.89,211.3,210.78,211.06,414943
2025-06-25T13:34:00+05:30,211.05,211.13,211.02,211.05,15694
2025-06-25T13:35:00+05:30,211.12,211.15,211.06,211.12,10650
2025-06-25T13:36:00+05:30,211.08,211.13,210.97,211.09,7956
2025-06-25T13:37:00+05:30,211.03,211.1,210.93,210.95,10769
2025-06-25T13:38:00+05:30,210.91,211.0,210.89,210.96,10352
2025-06-25T13:39:00+05:30,210.91,210.98,210.87,210.87,6476
2025-06-25T13:40:00+05:30,210.82,210.97,210.82,210.94,7979
2025-06-25T13:41:00+05:30,210.89,210.97,210.85,210.93,2364
2025-06-25T13:42:00+05:30,210.87,210.94,210.79,210.88,5333
2025-06-25T13:43:00+05:30,210.89,210.93,210.82,210.87,2769
2025-06-25T13:44:00+05:30,210.83,210.88,210.77,210.81,5710
2025-06-25T13:45:00+05:30,210.76,211.0,210.76,210.95,442750
2025-06-25T13:46:00+05:30,210.89,210.98,210.89,210.98,12521
2025-06-25T13:47:00+05:30,210.98,211.04,210.9,210.95,29348
2025-06-25T13:48:00+05:30,210.95,211.04,210.87,211.0,30994
2025-06-25T13:49:00+05:30,211.01,211.06,211.0,211.06,16816
2025-06-25T13:50:00+05:30,211.06,211.1,211.0,211.05,12447
2025-06-25T13:51:00+05:30,211.0,211.25,211.0,211.22,33121
2025-06-25T13:52:00+05:30,211.16,211.29,211.11,211.21,12876
2025-06-25T13:53:00+05:30,211.2,211.44,211.2,211.33,55671
2025-06-25T13:54:00+05:30,211.38,211.5,211.35,211.38,37612
2025-06-25T13:55:00+05:30,211.36,211.4,211.23,211.3,5687
2025-06-25T13:56:00+05:30,211.28,211.55,211.26,211.53,128996
2025-06-25T13:57:00+05:30,211.5,211.53,211.45,211.51,42804
2025-06-25T13:58:00+05:30,211.5,211.54,211.44,211.54,38561
2025-06-25T13:59:00+05:30,211.5,211.58,211.5,211.5,57864
2025-06-25T14:00:00+05:30,211.5,211.55,211.3,211.3,123560
2025-06-25T14:01:00+05:30,211.35,211.35,211.13,211.28,25166
2025-06-25T14:02:00+05:30,211.24,211.28,211.18,211.22,6805
2025-06-25T14:03:00+05:30,211.16,211.2,211.0,211.02,3564
2025-06-25T14:04:00+05:30,211.02,211.11,211.01,211.02,3756
2025-06-25T14:05:00+05:30,211.01,211.07,210.92,211.06,9643
2025-06-25T14:06:00+05:30,211.05,211.06,210.73,210.73,27286
2025-06-25T14:07:00+05:30,210.74,210.91,210.72,210.81,10102
2025-06-25T14:08:00+05:30,210.81,210.95,210.81,210.95,3651
2025-06-25T14:09:00+05:30,210.92,210.98,210.81,210.93,3077
2025-06-25T14:10:00+05:30,210.92,210.96,210.86,210.96,4587
2025-06-25T14:11:00+05:30,210.95,210.96,210.87,210.96,1819
2025-06-25T14:12:00+05:30,210.95,211.0,210.94,210.94,3597
2025-06-25T14:13:00+05:30,210.94,211.0,210.89,210.98,3073
2025-06-25T14:14:00+05:30,210.9,210.98,210.88,210.94,4812
2025-06-25T14:15:00+05:30,210.9,210.94,210.85,210.87,1972
2025-06-25T14:16:00+05:30,210.86,211.0,210.84,211.0,9638
2025-06-25T14:17:00+05:30,211.0,211.0,210.89,211.0,2202
2025-06-25T14:18:00+05:30,210.92,211.0,210.89,210.97,3638
2025-06-25T14:19:00+05:30,210.92,210.95,210.8,210.9,3756
2025-06-25T14:20:00+05:30,210.89,211.0,210.74,210.74,37825
2025-06-25T14:21:00+05:30,210.79,210.79,210.73,210.75,2911
2025-06-25T14:22:00+05:30,210.75,210.87,210.73,210.87,1950
2025-06-25T14:23:00+05:30,210.87,210.9,210.75,210.89,6241
2025-06-25T14:24:00+05:30,210.83,210.9,210.78,210.88,2207
2025-06-25T14:25:00+05:30,210.84,210.88,210.79,210.82,1898
2025-06-25T14:26:00+05:30,210.8,210.82,210.71,210.75,3520
2025-06-25T14:27:00+05:30,210.71,210.8,210.7,210.72,6259
2025-06-25T14:28:00+05:30,210.72,210.8,210.68,210.72,4196
2025-06-25T14:29:00+05:30,210.72,210.8,210.7,210.75,2097
2025-06-25T14:30:00+05:30,210.73,210.8,210.7,210.78,3838
2025-06-25T14:31:00+05:30,210.76,210.82,210.75,210.82,2121
2025-06-25T14:32:00+05:30,210.75,210.82,210.75,210.82,1747
2025-06-25T14:33:00+05:30,210.77,210.82,210.6,210.68,26913
2025-06-25T14:34:00+05:30,210.68,210.82,210.6,210.81,14846
2025-06-25T14:35:00+05:30,210.81,210.82,210.75,210.81,1603
2025-06-25T14:36:00+05:30,210.75,210.8,210.69,210.78,3605
2025-06-25T14:37:00+05:30,210.72,210.75,210.65,210.7,2456
2025-06-25T14:38:00+05:30,210.69,210.75,210.61,210.71,9343
2025-06-25T14:39:00+05:30,210.73,210.73,210.6,210.67,6411
2025-06-25T14:40:00+05:30,210.64,210.75,210.5,210.7,35695
2025-06-25T14:41:00+05:30,210.66,210.66,210.46,210.53,6469
2025-06-25T14:42:00+05:30,210.5,210.6,210.4,210.56,8006
2025-06-25T14:43:00+05:30,210.59,210.63,210.47,210.58,5576
2025-06-25T14:44:00+05:30,210.46,210.6,210.42,210.57,6803
2025-06-25T14:45:00+05:30,210.49,210.58,210.43,210.43,8330
2025-06-25T14:46:00+05:30,210.43,210.52,210.4,210.51,10524
2025-06-25T14:47:00+05:30,210.5,210.5,210.31,210.4,10865
2025-06-25T14:48:00+05:30,210.39,210.49,210.31,210.47,12257
2025-06-25T14:49:00+05:30,210.42,210.48,210.39,210.48,2245
2025-06-25T14:50:00+05:30,210.43,210.55,210.4,210.47,4834
2025-06-25T14:51:00+05:30,210.47,210.58,210.42,210.48,13341
2025-06-25T14:52:00+05:30,210.48,210.57,210.43,210.53,3283
2025-06-25T14:53:00+05:30,210.5,210.55,210.41,210.49,8544
2025-06-25T14:54:00+05:30,210.48,210.55,210.41,210.54,14709
2025-06-25T14:55:00+05:30,210.52,210.55,210.36,210.47,19955
2025-06-25T14:56:00+05:30,210.42,210.49,210.28,210.38,7463
2025-06-25T14:57:00+05:30,210.3,210.42,210.3,210.4,6436
2025-06-25T14:58:00+05:30,210.32,210.44,210.31,210.4,4590
2025-06-25T14:59:00+05:30,210.4,210.45,210.29,210.35,4814
2025-06-25T15:00:00+05:30,210.35,210.46,210.31,210.38,27054
2025-06-25T15:01:00+05:30,210.38,210.46,210.34,210.42,7019
2025-06-25T15:02:00+05:30,210.42,210.48,210.26,210.26,17207
2025-06-25T15:03:00+05:30,210.26,210.35,210.23,210.29,11205
2025-06-25T15:04:00+05:30,210.28,210.37,210.28,210.3,11007
2025-06-25T15:05:00+05:30,210.33,210.43,210.17,210.3,18165
2025-06-25T15:06:00+05:30,210.29,210.31,210.1,210.11,20234
2025-06-25T15:07:00+05:30,210.1,210.25,210.01,210.06,25188
2025-06-25T15:08:00+05:30,210.04,210.2,210.0,210.2,22425
2025-06-25T15:09:00+05:30,210.13,210.33,210.1,210.19,43634
2025-06-25T15:10:00+05:30,210.19,210.28,210.1,210.1,13116
2025-06-25T15:11:00+05:30,210.1,210.2,210.1,210.14,12839
2025-06-25T15:12:00+05:30,210.13,210.28,210.1,210.19,16770
2025-06-25T15:13:00+05:30,210.18,210.3,210.13,210.21,18316
2025-06-25T15:14:00+05:30,210.16,210.46,210.16,210.37,55177
2025-06-25T15:15:00+05:30,210.37,210.48,210.28,210.37,35660
2025-06-25T15:16:00+05:30,210.33,210.48,210.24,210.3,64135
2025-06-25T15:17:00+05:30,210.29,210.44,210.25,210.25,51896
2025-06-25T15:18:00+05:30,210.25,210.3,210.15,210.18,17084
2025-06-25T15:19:00+05:30,210.18,210.26,210.15,210.16,23784
2025-06-25T15:20:00+05:30,210.2,210.22,210.0,210.02,62221
2025-06-25T15:21:00+05:30,210.05,210.08,210.0,210.02,11504
2025-06-25T15:22:00+05:30,210.02,210.19,210.01,210.16,11195
2025-06-25T15:23:00+05:30,210.19,210.33,210.16,210.26,21386
2025-06-25T15:24:00+05:30,210.32,210.33,210.16,210.2,16574
2025-06-25T15:25:00+05:30,210.2,210.2,210.05,210.09,21727
2025-06-25T15:26:00+05:30,210.09,210.18,210.06,210.15,21933
2025-06-25T15:27:00+05:30,210.15,210.25,210.11,210.19,18698
2025-06-25T15:28:00+05:30,210.18,211.07,210.0,210.22,310522
2025-06-25T15:29:00+05:30,210.52,210.88,210.0,210.47,51271
2025-06-26T09:15:00+05:30,211.5,211.67,210.19,210.28,71033
2025-06-26T09:16:00+05:30,210.27,210.42,209.72,209.89,40567
2025-06-26T09:17:00+05:30,209.89,210.31,209.8,210.3,65153
2025-06-26T09:18:00+05:30,210.21,210.26,209.53,209.56,37850
2025-06-26T09:19:00+05:30,209.56,209.59,208.81,209.06,110114
2025-06-26T09:20:00+05:30,209.06,209.34,208.9,209.1,27094
2025-06-26T09:21:00+05:30,209.1,209.51,209.1,209.46,28628
2025-06-26T09:22:00+05:30,209.47,209.52,209.11,209.16,15302
2025-06-26T09:23:00+05:30,209.16,209.34,209.1,209.29,12331
2025-06-26T09:24:00+05:30,209.29,209.46,209.11,209.37,24498
2025-06-26T09:25:00+05:30,209.3,209.37,208.7,208.7,55896
2025-06-26T09:26:00+05:30,208.73,209.0,208.73,208.88,18009
2025-06-26T09:27:00+05:30,208.88,208.88,208.5,208.55,27176
2025-06-26T09:28:00+05:30,208.5,208.62,208.5,208.62,14954
2025-06-26T09:29:00+05:30,208.62,208.67,208.44,208.55,22600
2025-06-26T09:30:00+05:30,208.55,208.62,208.45,208.5,21516
2025-06-26T09:31:00+05:30,208.48,208.54,208.13,208.3,43923
2025-06-26T09:32:00+05:30,208.3,208.47,208.1,208.38,54614
2025-06-26T09:33:00+05:30,208.38,208.74,208.35,208.62,39197
2025-06-26T09:34:00+05:30,208.66,208.68,208.38,208.4,38437
2025-06-26T09:35:00+05:30,208.41,208.46,208.3,208.4,88419
2025-06-26T09:36:00+05:30,208.41,208.49,208.0,208.19,268315
2025-06-26T09:37:00+05:30,208.07,208.36,208.04,208.35,32217
2025-06-26T09:38:00+05:30,208.35,208.35,208.19,208.3,10896
2025-06-26T09:39:00+05:30,208.3,208.52,208.23,208.29,12847
2025-06-26T09:40:00+05:30,208.29,208.54,208.15,208.15,37495
2025-06-26T09:41:00+05:30,208.15,208.15,208.0,208.02,38530
2025-06-26T09:42:00+05:30,208.02,208.05,207.75,207.81,61198
2025-06-26T09:43:00+05:30,207.81,208.0,207.4,208.0,201090
2025-06-26T09:44:00+05:30,208.03,208.08,207.76,207.84,31221
2025-06-26T09:45:00+05:30,207.81,208.15,207.81,208.12,36841
2025-06-26T09:46:00+05:30,208.08,208.17,207.8,207.8,24248
2025-06-26T09:47:00+05:30,207.86,208.16,207.75,207.9,72415
2025-06-26T09:48:00+05:30,207.82,208.03,207.72,207.83,21543
2025-06-26T09:49:00+05:30,207.84,208.0,207.74,207.87,23608
2025-06-26T09:50:00+05:30,207.87,208.03,207.79,207.99,82282
2025-06-26T09:51:00+05:30,207.97,208.0,207.73,207.88,22246
2025-06-26T09:52:00+05:30,207.88,207.88,207.4,207.49,33580
2025-06-26T09:53:00+05:30,207.48,207.56,207.2,207.33,61257
2025-06-26T09:54:00+05:30,207.33,207.44,207.24,207.31,43976
2025-06-26T09:55:00+05:30,207.31,207.41,207.27,207.39,12362
2025-06-26T09:56:00+05:30,207.39,207.39,207.0,207.13,82443
2025-06-26T09:57:00+05:30,207.1,207.15,206.83,207.02,61637
2025-06-26T09:58:00+05:30,207.01,207.02,206.58,206.85,56328
2025-06-26T09:59:00+05:30,206.85,206.88,206.72,206.84,10059
2025-06-26T10:00:00+05:30,206.85,207.1,206.8,206.95,35449
2025-06-26T10:01:00+05:30,206.95,207.04,206.81,206.95,35758
2025-06-26T10:02:00+05:30,206.94,207.09,206.8,207.09,14308
2025-06-26T10:03:00+05:30,207.09,207.1,206.91,207.01,11868
2025-06-26T10:04:00+05:30,207.07,207.5,207.01,207.48,19885
2025-06-26T10:05:00+05:30,207.48,207.54,207.33,207.51,26051
2025-06-26T10:06:00+05:30,207.45,207.5,207.21,207.32,15011
2025-06-26T10:07:00+05:30,207.35,207.35,207.0,207.0,39812
2025-06-26T10:08:00+05:30,207.0,207.11,206.96,207.05,18800
2025-06-26T10:09:00+05:30,207.05,207.33,207.0,207.22,22442
2025-06-26T10:10:00+05:30,207.21,207.29,207.1,207.12,9553
2025-06-26T10:11:00+05:30,207.14,207.18,207.05,207.1,10636
2025-06-26T10:12:00+05:30,207.17,207.19,207.05,207.17,11627
2025-06-26T10:13:00+05:30,207.17,207.18,207.1,207.13,5491
2025-06-26T10:14:00+05:30,207.18,207.2,207.1,207.1,8085
2025-06-26T10:15:00+05:30,207.1,207.41,207.08,207.28,28559
2025-06-26T10:16:00+05:30,207.28,207.5,207.22,207.35,18090
2025-06-26T10:17:00+05:30,207.37,207.42,207.05,207.06,24110
2025-06-26T10:18:00+05:30,207.06,207.12,206.8,206.84,27582
2025-06-26T10:19:00+05:30,206.82,206.86,206.76,206.76,12028
2025-06-26T10:20:00+05:30,206.78,206.85,206.64,206.71,19084
2025-06-26T10:21:00+05:30,206.71,207.08,206.66,207.08,28786
2025-06-26T10:22:00+05:30,207.08,207.13,206.73,206.73,23232
2025-06-26T10:23:00+05:30,206.78,206.8,206.71,206.78,9953
2025-06-26T10:24:00+05:30,206.78,206.82,206.7,206.77,14906
2025-06-26T10:25:00+05:30,206.77,206.79,206.62,206.7,31937
2025-06-26T10:26:00+05:30,206.7,206.8,206.64,206.8,10280
2025-06-26T10:27:00+05:30,206.8,207.0,206.72,206.88,21846
2025-06-26T10:28:00+05:30,206.84,207.23,206.83,207.17,21853
2025-06-26T10:29:00+05:30,207.23,207.23,206.91,206.93,23434
2025-06-26T10:30:00+05:30,206.99,207.18,206.79,207.11,23808
2025-06-26T10:31:00+05:30,207.17,207.17,207.03,207.06,15121
2025-06-26T10:32:00+05:30,207.06,207.18,206.94,206.96,7912
2025-06-26T10:33:00+05:30,206.99,207.02,206.75,206.94,35384
2025-06-26T10:34:00+05:30,206.94,206.95,206.87,206.87,6913
2025-06-26T10:35:00+05:30,206.9,207.23,206.85,207.18,50587
2025-06-26T10:36:00+05:30,207.18,207.2,206.75,206.8,46975
2025-06-26T10:37:00+05:30,206.82,206.83,206.71,206.78,8311
2025-06-26T10:38:00+05:30,206.75,206.88,206.72,206.88,18963
2025-06-26T10:39:00+05:30,206.88,206.88,206.67,206.71,18834
2025-06-26T10:40:00+05:30,206.72,206.79,206.7,206.78,13220
2025-06-26T10:41:00+05:30,206.78,207.0,206.51,206.86,46926
2025-06-26T10:42:00+05:30,206.89,206.9,206.75,206.75,15149
2025-06-26T10:43:00+05:30,206.8,206.8,206.7,206.78,11138
2025-06-26T10:44:00+05:30,206.77,206.8,206.61,206.78,13082
2025-06-26T10:45:00+05:30,206.74,206.85,206.67,206.69,27794
2025-06-26T10:46:00+05:30,206.78,206.78,206.68,206.74,14048
2025-06-26T10:47:00+05:30,206.7,206.74,206.45,206.45,43894
2025-06-26T10:48:00+05:30,206.45,206.48,206.25,206.41,44928
2025-06-26T10:49:00+05:30,206.41,206.5,206.29,206.35,21908
2025-06-26T10:50:00+05:30,206.35,206.57,206.26,206.38,40153
2025-06-26T10:51:00+05:30,206.46,206.6,206.34,206.4,27883
2025-06-26T10:52:00+05:30,206.4,206.45,206.32,206.35,5200
2025-06-26T10:53:00+05:30,206.37,206.5,206.35,206.43,9159
2025-06-26T10:54:00+05:30,206.43,206.59,206.43,206.53,8579
2025-06-26T10:55:00+05:30,206.53,206.53,206.25,206.25,17486
2025-06-26T10:56:00+05:30,206.25,206.4,206.2,206.4,19945
2025-06-26T10:57:00+05:30,206.38,206.48,206.35,206.38,10003
2025-06-26T10:58:00+05:30,206.4,206.48,206.23,206.26,22219
2025-06-26T10:59:00+05:30,206.26,206.34,206.12,206.16,32140
2025-06-26T11:00:00+05:30,206.19,206.26,206.12,206.15,34873
2025-06-26T11:01:00+05:30,206.15,206.31,206.15,206.16,24887
2025-06-26T11:02:00+05:30,206.17,206.26,206.0,206.07,72667
2025-06-26T11:03:00+05:30,206.08,206.18,206.05,206.1,13177
2025-06-26T11:04:00+05:30,206.1,206.26,206.01,206.13,29797
2025-06-26T11:05:00+05:30,206.13,206.42,206.12,206.41,47361
2025-06-26T11:06:00+05:30,206.4,206.42,206.17,206.26,34231
2025-06-26T11:07:00+05:30,206.24,206.5,206.18,206.36,26818
2025-06-26T11:08:00+05:30,206.45,206.5,206.36,206.48,16863
2025-06-26T11:09:00+05:30,206.4,206.52,206.32,206.39,25795
2025-06-26T11:10:00+05:30,206.39,206.48,206.2,206.22,39717
2025-06-26T11:11:00+05:30,206.31,206.41,206.22,206.41,23102
2025-06-26T11:12:00+05:30,206.42,206.59,206.36,206.4,31706
2025-06-26T11:13:00+05:30,206.46,206.48,206.29,206.32,12941
2025-06-26T11:14:00+05:30,206.34,206.59,206.31,206.59,14124
2025-06-26T11:15:00+05:30,206.5,206.6,206.48,206.59,16706
2025-06-26T11:16:00+05:30,206.59,206.6,206.37,206.4,12580
2025-06-26T11:17:00+05:30,206.4,206.5,206.34,206.35,9722
2025-06-26T11:18:00+05:30,206.4,206.45,206.3,206.34,8418
2025-06-26T11:19:00+05:30,206.34,206.34,206.17,206.17,20024
2025-06-26T11:20:00+05:30,206.21,206.21,205.91,205.96,79700
2025-06-26T11:21:00+05:30,205.96,206.1,205.91,206.0,20736
2025-06-26T11:22:00+05:30,206.0,206.02,205.76,205.95,25646
2025-06-26T11:23:00+05:30,205.95,206.17,205.94,206.1,18766
2025-06-26T11:24:00+05:30,206.1,206.25,206.0,206.25,22291
2025-06-26T11:25:00+05:30,206.25,206.34,206.16,206.27,23027
2025-06-26T11:26:00+05:30,206.25,206.64,206.25,206.51,88829
2025-06-26T11:27:00+05:30,206.54,206.59,206.5,206.59,13206
2025-06-26T11:28:00+05:30,206.55,206.64,206.55,206.62,8191
2025-06-26T11:29:00+05:30,206.57,206.69,206.56,206.67,25242
2025-06-26T11:30:00+05:30,206.67,206.79,206.61,206.71,20794
2025-06-26T11:31:00+05:30,206.74,206.94,206.7,206.93,24349
2025-06-26T11:32:00+05:30,206.82,206.92,206.22,206.64,325322
2025-06-26T11:33:00+05:30,206.67,206.88,206.67,206.83,9439
2025-06-26T11:34:00+05:30,206.83,206.86,206.65,206.74,10681
2025-06-26T11:35:00+05:30,206.7,206.75,206.68,206.71,5834
2025-06-26T11:36:00+05:30,206.71,207.25,206.71,207.04,83779
2025-06-26T11:37:00+05:30,207.01,207.08,207.0,207.05,22364
2025-06-26T11:38:00+05:30,207.08,207.19,207.0,207.19,19571
2025-06-26T11:39:00+05:30,207.2,207.25,207.1,207.14,12961
2025-06-26T11:40:00+05:30,207.14,207.2,207.0,207.0,25967
2025-06-26T11:41:00+05:30,207.02,207.15,207.0,207.14,14062
2025-06-26T11:42:00+05:30,207.15,207.2,207.09,207.09,11641
2025-06-26T11:43:00+05:30,207.16,207.18,207.04,207.1,12514
2025-06-26T11:44:00+05:30,207.17,207.18,207.08,207.08,5979
2025-06-26T11:45:00+05:30,207.12,207.37,207.08,207.36,32787
2025-06-26T11:46:00+05:30,207.36,207.38,207.26,207.33,13648
2025-06-26T11:47:00+05:30,207.38,207.46,207.24,207.31,34306
2025-06-26T11:48:00+05:30,207.31,207.31,207.13,207.13,11957
2025-06-26T11:49:00+05:30,207.15,207.2,207.08,207.18,7282
2025-06-26T11:50:00+05:30,207.18,207.2,207.08,207.17,6029
2025-06-26T11:51:00+05:30,207.2,207.2,207.1,207.12,5485
2025-06-26T11:52:00+05:30,207.13,207.16,207.03,207.11,10828
2025-06-26T11:53:00+05:30,207.15,207.15,207.01,207.1,7333
2025-06-26T11:54:00+05:30,207.1,207.2,207.0,207.17,11031
2025-06-26T11:55:00+05:30,207.17,207.26,207.07,207.23,28610
2025-06-26T11:56:00+05:30,207.28,207.37,207.21,207.26,6804
2025-06-26T11:57:00+05:30,207.29,207.35,207.26,207.33,6760
2025-06-26T11:58:00+05:30,207.34,207.39,207.3,207.31,7318
2025-06-26T11:59:00+05:30,207.31,207.33,207.25,207.27,6388
2025-06-26T12:00:00+05:30,207.29,207.48,207.06,207.48,47309
2025-06-26T12:01:00+05:30,207.48,207.67,207.43,207.62,60977
2025-06-26T12:02:00+05:30,207.62,207.8,207.61,207.77,23995
2025-06-26T12:03:00+05:30,207.8,208.29,207.78,208.23,235998
2025-06-26T12:04:00+05:30,208.29,208.61,208.2,208.6,127341
2025-06-26T12:05:00+05:30,208.6,208.91,208.45,208.62,147744
2025-06-26T12:06:00+05:30,208.62,208.8,208.58,208.73,52489
2025-06-26T12:07:00+05:30,208.73,208.79,208.28,208.29,34347
2025-06-26T12:08:00+05:30,208.32,208.37,208.02,208.03,23146
2025-06-26T12:09:00+05:30,208.09,208.09,207.91,208.02,37898
2025-06-26T12:10:00+05:30,208.04,208.15,208.0,208.08,46503
2025-06-26T12:11:00+05:30,208.08,208.26,208.08,208.22,35278
2025-06-26T12:12:00+05:30,208.22,208.39,208.05,208.29,39956
2025-06-26T12:13:00+05:30,208.29,208.61,208.18,208.55,41237
2025-06-26T12:14:00+05:30,208.62,208.62,208.4,208.46,12391
2025-06-26T12:15:00+05:30,208.46,208.48,208.3,208.35,9643
2025-06-26T12:16:00+05:30,208.3,208.34,208.16,208.32,16965
2025-06-26T12:17:00+05:30,208.32,208.44,208.31,208.31,17113
2025-06-26T12:18:00+05:30,208.31,208.36,208.26,208.32,11680
2025-06-26T12:19:00+05:30,208.32,208.36,208.28,208.36,8857
2025-06-26T12:20:00+05:30,208.36,208.46,208.31,208.45,14576
2025-06-26T12:21:00+05:30,208.45,208.45,208.34,208.42,16205
2025-06-26T12:22:00+05:30,208.39,208.39,208.27,208.38,4545
2025-06-26T12:23:00+05:30,208.37,208.5,208.32,208.48,15840
2025-06-26T12:24:00+05:30,208.48,208.48,208.37,208.45,5220
2025-06-26T12:25:00+05:30,208.44,208.77,208.4,208.74,31768
2025-06-26T12:26:00+05:30,208.74,208.76,208.68,208.74,9816
2025-06-26T12:27:00+05:30,208.74,208.85,208.7,208.85,22700
2025-06-26T12:28:00+05:30,208.8,209.19,208.67,209.03,69144
2025-06-26T12:29:00+05:30,209.04,209.18,208.97,209.09,26944
2025-06-26T12:30:00+05:30,209.08,209.09,208.92,209.0,15621
2025-06-26T12:31:00+05:30,209.0,209.0,208.85,208.87,13018
2025-06-26T12:32:00+05:30,208.87,208.89,208.41,208.73,36865
2025-06-26T12:33:00+05:30,208.71,208.73,208.08,208.21,53863
2025-06-26T12:34:00+05:30,208.21,208.53,208.15,208.46,13211
2025-06-26T12:35:00+05:30,208.46,208.53,208.25,208.42,36605
2025-06-26T12:36:00+05:30,208.41,208.41,208.25,208.3,5838
2025-06-26T12:37:00+05:30,208.3,208.33,208.24,208.32,13037
2025-06-26T12:38:00+05:30,208.32,208.32,208.25,208.29,9762
2025-06-26T12:39:00+05:30,208.3,208.39,208.16,208.21,10920
2025-06-26T12:40:00+05:30,208.24,208.24,208.05,208.12,9973
2025-06-26T12:41:00+05:30,208.12,208.63,208.12,208.62,59644
2025-06-26T12:42:00+05:30,208.62,208.62,208.51,208.58,11478
2025-06-26T12:43:00+05:30,208.58,208.58,208.5,208.55,5557
2025-06-26T12:44:00+05:30,208.55,208.58,208.38,208.46,92879
2025-06-26T12:45:00+05:30,208.47,208.49,208.15,208.3,41498
2025-06-26T12:46:00+05:30,208.3,208.3,208.0,208.08,14602
2025-06-26T12:47:00+05:30,208.08,208.16,208.0,208.0,115868
2025-06-26T12:48:00+05:30,208.07,208.2,208.0,208.11,39168
2025-06-26T12:49:00+05:30,208.11,208.21,208.03,208.21,6071
2025-06-26T12:50:00+05:30,208.2,208.38,208.15,208.26,13639
2025-06-26T12:51:00+05:30,208.25,208.26,208.09,208.18,15517
2025-06-26T12:52:00+05:30,208.18,208.27,208.02,208.11,15026
2025-06-26T12:53:00+05:30,208.11,208.13,208.0,208.08,26225
2025-06-26T12:54:00+05:30,208.08,208.09,208.0,208.06,42277
2025-06-26T12:55:00+05:30,208.05,208.25,208.01,208.23,19312
2025-06-26T12:56:00+05:30,208.23,208.23,208.09,208.15,10018
2025-06-26T12:57:00+05:30,208.15,208.18,208.02,208.18,5801
2025-06-26T12:58:00+05:30,208.18,208.5,208.16,208.47,18390
2025-06-26T12:59:00+05:30,208.47,208.56,208.35,208.51,15872
2025-06-26T13:00:00+05:30,208.51,208.59,208.46,208.52,8497
2025-06-26T13:01:00+05:30,208.59,208.78,208.59,208.73,16575
2025-06-26T13:02:00+05:30,208.75,208.88,208.68,208.88,10880
2025-06-26T13:03:00+05:30,208.88,208.9,208.77,208.77,8542
2025-06-26T13:04:00+05:30,208.88,208.9,208.77,208.88,17995
2025-06-26T13:05:00+05:30,208.88,209.03,208.85,209.03,34574
2025-06-26T13:06:00+05:30,209.03,209.06,208.87,208.93,21037
2025-06-26T13:07:00+05:30,208.93,209.1,208.76,209.09,103242
2025-06-26T13:08:00+05:30,209.02,209.09,209.0,209.03,46526
2025-06-26T13:09:00+05:30,209.03,209.03,208.75,209.0,152063
2025-06-26T13:10:00+05:30,209.0,209.05,209.0,209.0,60431
2025-06-26T13:11:00+05:30,209.03,209.13,209.0,209.09,33880
2025-06-26T13:12:00+05:30,209.1,209.11,209.0,209.02,7917
2025-06-26T13:13:00+05:30,209.03,209.06,208.93,208.96,19066
2025-06-26T13:14:00+05:30,208.99,209.0,208.86,208.88,17395
2025-06-26T13:15:00+05:30,208.88,208.9,208.81,208.9,7523
2025-06-26T13:16:00+05:30,208.89,209.09,208.89,209.03,23873
2025-06-26T13:17:00+05:30,209.03,209.06,208.88,208.9,18187
2025-06-26T13:18:00+05:30,208.9,208.99,208.77,208.79,26962
2025-06-26T13:19:00+05:30,208.88,208.89,208.75,208.82,5129
2025-06-26T13:20:00+05:30,208.82,208.85,208.75,208.76,6326
2025-06-26T13:21:00+05:30,208.85,208.85,208.47,208.55,10467
2025-06-26T13:22:00+05:30,208.55,208.72,208.49,208.58,24112
2025-06-26T13:23:00+05:30,208.58,208.73,208.58,208.7,13477
2025-06-26T13:24:00+05:30,208.7,208.78,208.67,208.78,9746
2025-06-26T13:25:00+05:30,208.78,208.79,208.68,208.7,7675
2025-06-26T13:26:00+05:30,208.74,208.77,208.67,208.73,5799
2025-06-26T13:27:00+05:30,208.73,208.78,208.64,208.77,9000
2025-06-26T13:28:00+05:30,208.76,208.77,208.35,208.41,11592
2025-06-26T13:29:00+05:30,208.46,208.57,208.13,208.29,33583
2025-06-26T13:30:00+05:30,208.29,208.32,208.12,208.23,24565
2025-06-26T13:31:00+05:30,208.2,208.35,208.12,208.27,20879
2025-06-26T13:32:00+05:30,208.27,208.27,208.1,208.23,8055
2025-06-26T13:33:00+05:30,208.23,208.25,208.12,208.17,7176
2025-06-26T13:34:00+05:30,208.18,208.26,208.13,208.23,7256
2025-06-26T13:35:00+05:30,208.23,208.36,208.22,208.27,10865
2025-06-26T13:36:00+05:30,208.25,208.27,208.13,208.24,15880
2025-06-26T13:37:00+05:30,208.24,208.38,208.23,208.25,14472
2025-06-26T13:38:00+05:30,208.27,208.27,208.16,208.24,8545
2025-06-26T13:39:00+05:30,208.24,208.35,208.18,208.32,31868
2025-06-26T13:40:00+05:30,208.26,208.41,208.24,208.4,13124
2025-06-26T13:41:00+05:30,208.41,208.43,208.3,208.36,13086
2025-06-26T13:42:00+05:30,208.36,208.66,208.34,208.66,13029
2025-06-26T13:43:00+05:30,208.66,208.69,208.54,208.55,11044
2025-06-26T13:44:00+05:30,208.62,208.78,208.53,208.77,10491
2025-06-26T13:45:00+05:30,208.77,208.78,208.61,208.66,8360
2025-06-26T13:46:00+05:30,208.66,208.72,208.57,208.68,14533
2025-06-26T13:47:00+05:30,208.7,208.7,208.53,208.64,5248
2025-06-26T13:48:00+05:30,208.62,208.7,208.54,208.65,7629
2025-06-26T13:49:00+05:30,208.64,208.66,208.53,208.57,6806
2025-06-26T13:50:00+05:30,208.57,208.66,208.56,208.66,5928
2025-06-26T13:51:00+05:30,208.66,208.78,208.61,208.7,11313
2025-06-26T13:52:00+05:30,208.65,208.72,208.57,208.57,6706
2025-06-26T13:53:00+05:30,208.57,208.69,208.57,208.6,6195
2025-06-26T13:54:00+05:30,208.61,208.73,208.55,208.73,22375
2025-06-26T13:55:00+05:30,208.73,208.74,208.6,208.64,4116
2025-06-26T13:56:00+05:30,208.63,208.72,208.55,208.65,12318
2025-06-26T13:57:00+05:30,208.65,208.78,208.61,208.73,12240
2025-06-26T13:58:00+05:30,208.75,208.82,208.69,208.78,6382
2025-06-26T13:59:00+05:30,208.74,208.82,208.62,208.8,15738
2025-06-26T14:00:00+05:30,208.85,209.0,208.79,208.94,17233
2025-06-26T14:01:00+05:30,208.96,209.09,208.93,209.05,13882
2025-06-26T14:02:00+05:30,209.03,209.08,208.91,208.92,8485
2025-06-26T14:03:00+05:30,208.89,209.09,208.8,209.09,15668
2025-06-26T14:04:00+05:30,209.06,209.22,209.03,209.2,15262
2025-06-26T14:05:00+05:30,209.19,209.25,209.07,209.11,27442
2025-06-26T14:06:00+05:30,209.11,209.2,208.9,209.06,27962
2025-06-26T14:07:00+05:30,209.11,209.14,209.03,209.07,9114
2025-06-26T14:08:00+05:30,209.09,209.25,209.02,209.25,25411
2025-06-26T14:09:00+05:30,209.25,209.25,209.09,209.17,8373
2025-06-26T14:10:00+05:30,209.13,209.3,209.13,209.3,15561
2025-06-26T14:11:00+05:30,209.29,209.4,209.28,209.34,12481
2025-06-26T14:12:00+05:30,209.34,210.02,209.31,209.75,282019
2025-06-26T14:13:00+05:30,209.75,209.9,209.64,209.9,30280
2025-06-26T14:14:00+05:30,209.9,209.95,209.66,209.66,12877
2025-06-26T14:15:00+05:30,209.65,209.77,209.63,209.72,14276
2025-06-26T14:16:00+05:30,209.73,209.81,209.7,209.72,13953
2025-06-26T14:17:00+05:30,209.75,209.92,209.67,209.92,17536
2025-06-26T14:18:00+05:30,209.95,210.1,209.89,210.06,18924
2025-06-26T14:19:00+05:30,210.0,210.1,209.83,209.95,34087
2025-06-26T14:20:00+05:30,210.0,210.08,209.88,210.08,14372
2025-06-26T14:21:00+05:30,210.08,210.16,210.0,210.0,7841
2025-06-26T14:22:00+05:30,210.06,210.3,210.0,210.15,56361
2025-06-26T14:23:00+05:30,210.14,210.29,210.1,210.26,12995
2025-06-26T14:24:00+05:30,210.24,210.45,210.23,210.35,48120
2025-06-26T14:25:00+05:30,210.38,210.52,210.3,210.46,35641
2025-06-26T14:26:00+05:30,210.48,210.5,210.18,210.23,32170
2025-06-26T14:27:00+05:30,210.27,210.4,210.22,210.31,12353
2025-06-26T14:28:00+05:30,210.33,210.43,210.28,210.3,32594
2025-06-26T14:29:00+05:30,210.3,210.4,210.24,210.25,15382
2025-06-26T14:30:00+05:30,210.25,210.36,210.21,210.3,24308
2025-06-26T14:31:00+05:30,210.35,210.43,210.3,210.4,12350
2025-06-26T14:32:00+05:30,210.4,210.64,210.3,210.57,83714
2025-06-26T14:33:00+05:30,210.57,210.88,210.57,210.75,50762
2025-06-26T14:34:00+05:30,210.75,210.8,210.62,210.74,34344
2025-06-26T14:35:00+05:30,210.75,210.8,210.68,210.77,19153
2025-06-26T14:36:00+05:30,210.76,210.76,210.48,210.54,44016
2025-06-26T14:37:00+05:30,210.5,210.74,210.5,210.62,46260
2025-06-26T14:38:00+05:30,210.62,210.65,210.41,210.49,35013
2025-06-26T14:39:00+05:30,210.5,210.64,210.45,210.55,32288
2025-06-26T14:40:00+05:30,210.55,210.6,210.18,210.18,30911
2025-06-26T14:41:00+05:30,210.18,210.19,209.71,209.72,79261
2025-06-26T14:42:00+05:30,209.77,210.1,209.77,209.98,76774
2025-06-26T14:43:00+05:30,209.98,210.1,209.86,209.94,53754
2025-06-26T14:44:00+05:30,209.9,210.44,209.9,210.4,76802
2025-06-26T14:45:00+05:30,210.39,210.4,210.23,210.4,37753
2025-06-26T14:46:00+05:30,210.4,210.4,210.32,210.38,11928
2025-06-26T14:47:00+05:30,210.38,210.4,210.26,210.33,24239
2025-06-26T14:48:00+05:30,210.3,210.35,210.27,210.33,11168
2025-06-26T14:49:00+05:30,210.33,210.39,210.25,210.37,21713
2025-06-26T14:50:00+05:30,210.39,210.4,210.0,210.17,41093
2025-06-26T14:51:00+05:30,210.17,210.31,210.01,210.3,36065
2025-06-26T14:52:00+05:30,210.26,210.3,210.06,210.24,23499
2025-06-26T14:53:00+05:30,210.21,210.35,210.15,210.35,24208
2025-06-26T14:54:00+05:30,210.35,210.42,210.22,210.28,70570
2025-06-26T14:55:00+05:30,210.26,210.42,210.24,210.39,22705
2025-06-26T14:56:00+05:30,210.39,210.39,210.29,210.32,17389
2025-06-26T14:57:00+05:30,210.32,210.37,210.25,210.33,17036
2025-06-26T14:58:00+05:30,210.3,210.56,210.26,210.56,52841
2025-06-26T14:59:00+05:30,210.58,210.6,210.36,210.5,30935
2025-06-26T15:00:00+05:30,210.5,210.65,210.44,210.54,98069
2025-06-26T15:01:00+05:30,210.57,210.6,210.5,210.57,64266
2025-06-26T15:02:00+05:30,210.57,210.57,210.31,210.35,77369
2025-06-26T15:03:00+05:30,210.35,210.44,210.14,210.25,78551
2025-06-26T15:04:00+05:30,210.25,210.37,210.09,210.16,69663
2025-06-26T15:05:00+05:30,210.16,210.29,210.12,210.18,60422
2025-06-26T15:06:00+05:30,210.1,210.19,210.0,210.07,103320
2025-06-26T15:07:00+05:30,210.08,210.41,210.07,210.34,46948
2025-06-26T15:08:00+05:30,210.34,210.4,210.14,210.18,82925
2025-06-26T15:09:00+05:30,210.16,210.32,210.03,210.11,67045
2025-06-26T15:10:00+05:30,210.11,210.17,210.01,210.04,69129
2025-06-26T15:11:00+05:30,210.04,210.11,210.0,210.04,85652
2025-06-26T15:12:00+05:30,210.03,210.2,210.03,210.17,62685
2025-06-26T15:13:00+05:30,210.2,210.28,210.0,210.12,45866
2025-06-26T15:14:00+05:30,210.11,210.22,209.99,209.99,58791
2025-06-26T15:15:00+05:30,209.95,210.16,209.63,209.73,128894
2025-06-26T15:16:00+05:30,209.7,209.83,209.52,209.74,63439
2025-06-26T15:17:00+05:30,209.74,210.14,209.7,209.99,129329
2025-06-26T15:18:00+05:30,209.99,210.1,209.84,209.84,107769
2025-06-26T15:19:00+05:30,209.88,209.93,209.84,209.86,68882
2025-06-26T15:20:00+05:30,209.86,209.99,209.77,209.97,96152
2025-06-26T15:21:00+05:30,209.97,209.99,209.88,209.99,106059
2025-06-26T15:22:00+05:30,209.99,209.99,209.73,209.77,69368
2025-06-26T15:23:00+05:30,209.77,209.88,209.74,209.81,49837
2025-06-26T15:24:00+05:30,209.81,209.95,209.8,209.85,49396
2025-06-26T15:25:00+05:30,209.81,209.94,209.7,209.79,62201
2025-06-26T15:26:00+05:30,209.79,209.9,209.7,209.84,88204
2025-06-26T15:27:00+05:30,209.85,209.9,209.56,209.81,48130
2025-06-26T15:28:00+05:30,209.8,209.8,208.93,209.5,84240
2025-06-26T15:29:00+05:30,209.49,209.86,209.02,209.8,39976
2025-06-27T09:15:00+05:30,210.5,210.5,208.25,209.4,57738
2025-06-27T09:16:00+05:30,209.27,209.47,208.5,209.08,145876
2025-06-27T09:17:00+05:30,209.08,209.84,208.83,209.5,49329
2025-06-27T09:18:00+05:30,209.65,209.75,209.47,209.5,80004
2025-06-27T09:19:00+05:30,209.5,209.69,209.4,209.4,37703
2025-06-27T09:20:00+05:30,209.42,209.58,209.27,209.38,71738
2025-06-27T09:21:00+05:30,209.3,209.59,209.3,209.5,37214
2025-06-27T09:22:00+05:30,209.49,209.95,209.4,209.95,34539
2025-06-27T09:23:00+05:30,209.95,209.95,209.69,209.87,22350
2025-06-27T09:24:00+05:30,209.73,210.02,209.73,210.02,26063
2025-06-27T09:25:00+05:30,209.93,210.12,209.85,210.12,58322
2025-06-27T09:26:00+05:30,210.01,210.2,210.0,210.05,21573
2025-06-27T09:27:00+05:30,209.97,210.0,209.78,209.87,11376
2025-06-27T09:28:00+05:30,209.87,209.95,209.77,209.8,10806
2025-06-27T09:29:00+05:30,209.8,209.9,209.7,209.78,30186
2025-06-27T09:30:00+05:30,209.78,210.0,209.78,209.9,3558
2025-06-27T09:31:00+05:30,210.0,210.0,209.84,209.88,13906
2025-06-27T09:32:00+05:30,209.95,209.95,209.5,209.73,12001
2025-06-27T09:33:00+05:30,209.75,209.98,209.75,209.85,8438
2025-06-27T09:34:00+05:30,209.85,209.98,209.85,209.91,2472
2025-06-27T09:35:00+05:30,209.91,210.1,209.91,210.0,17467
2025-06-27T09:36:00+05:30,210.0,210.02,209.8,209.94,17468
2025-06-27T09:37:00+05:30,209.94,210.07,209.75,209.78,8949
2025-06-27T09:38:00+05:30,209.77,209.77,209.56,209.68,13001
2025-06-27T09:39:00+05:30,209.6,209.68,209.51,209.53,15854
2025-06-27T09:40:00+05:30,209.57,209.72,209.4,209.5,9220
2025-06-27T09:41:00+05:30,209.4,209.5,209.2,209.23,26643
2025-06-27T09:42:00+05:30,209.28,209.46,209.2,209.2,46832
2025-06-27T09:43:00+05:30,209.15,209.25,208.9,208.9,17426
2025-06-27T09:44:00+05:30,208.9,209.0,208.7,208.7,13622
2025-06-27T09:45:00+05:30,208.66,208.88,208.56,208.79,14930
2025-06-27T09:46:00+05:30,208.79,208.88,208.62,208.74,9568
2025-06-27T09:47:00+05:30,208.75,208.89,208.71,208.82,16889
2025-06-27T09:48:00+05:30,208.72,208.99,208.71,208.83,7463
2025-06-27T09:49:00+05:30,208.83,208.94,208.63,208.81,11409
2025-06-27T09:50:00+05:30,208.83,208.83,208.47,208.47,1325
2025-06-27T09:51:00+05:30,208.47,208.65,208.34,208.64,32958
2025-06-27T09:52:00+05:30,208.64,208.75,208.56,208.75,7257
2025-06-27T09:53:00+05:30,208.72,208.83,208.71,208.71,7895
2025-06-27T09:54:00+05:30,208.7,208.9,208.7,208.8,3414
2025-06-27T09:55:00+05:30,208.88,208.88,208.75,208.79,4891
2025-06-27T09:56:00+05:30,208.79,209.39,208.75,209.35,73207
2025-06-27T09:57:00+05:30,209.35,209.43,209.26,209.27,11408
2025-06-27T09:58:00+05:30,209.27,209.49,209.21,209.49,13550
2025-06-27T09:59:00+05:30,209.49,209.5,209.15,209.24,12381
2025-06-27T10:00:00+05:30,209.24,209.41,209.16,209.4,2251
2025-06-27T10:01:00+05:30,209.4,209.5,209.33,209.42,3078
2025-06-27T10:02:00+05:30,209.5,209.68,209.4,209.68,10696
2025-06-27T10:03:00+05:30,209.7,209.78,209.61,209.72,4448
2025-06-27T10:04:00+05:30,209.7,209.86,209.66,209.8,23247
2025-06-27T10:05:00+05:30,209.8,209.95,209.73,209.83,9983
2025-06-27T10:06:00+05:30,209.83,209.98,209.83,209.95,19694
2025-06-27T10:07:00+05:30,209.95,209.99,209.95,209.99,4526
2025-06-27T10:08:00+05:30,209.99,209.99,209.73,209.85,11159
2025-06-27T10:09:00+05:30,209.8,209.8,209.41,209.53,28031
2025-06-27T10:10:00+05:30,209.53,209.59,209.4,209.43,12410
2025-06-27T10:11:00+05:30,209.43,209.59,209.41,209.49,18315
2025-06-27T10:12:00+05:30,209.53,209.54,209.05,209.05,35449
2025-06-27T10:13:00+05:30,209.11,209.46,209.11,209.35,14676
2025-06-27T10:14:00+05:30,209.35,209.46,209.33,209.36,7944
2025-06-27T10:15:00+05:30,209.34,209.45,209.34,209.37,4146
2025-06-27T10:16:00+05:30,209.37,209.43,209.15,209.2,13176
2025-06-27T10:17:00+05:30,209.23,209.4,209.23,209.31,9988
2025-06-27T10:18:00+05:30,209.39,210.2,209.31,210.06,199689
2025-06-27T10:19:00+05:30,210.06,210.19,210.0,210.0,19752
2025-06-27T10:20:00+05:30,210.0,210.05,209.52,209.69,104442
2025-06-27T10:21:00+05:30,209.68,209.69,209.46,209.48,16428
2025-06-27T10:22:00+05:30,209.49,209.78,209.49,209.72,19128
2025-06-27T10:23:00+05:30,209.6,209.72,209.54,209.56,15700
2025-06-27T10:24:00+05:30,209.56,209.68,209.5,209.5,22298
2025-06-27T10:25:00+05:30,209.51,209.64,209.45,209.45,17721
2025-06-27T10:26:00+05:30,209.45,209.59,209.45,209.59,11413
2025-06-27T10:27:00+05:30,209.59,209.64,209.5,209.55,15025
2025-06-27T10:28:00+05:30,209.55,209.62,209.45,209.45,10363
2025-06-27T10:29:00+05:30,209.45,209.53,209.34,209.45,9211
2025-06-27T10:30:00+05:30,209.45,209.72,209.43,209.57,22678
2025-06-27T10:31:00+05:30,209.57,209.89,209.54,209.71,17224
2025-06-27T10:32:00+05:30,209.76,210.08,209.76,210.02,28125
2025-06-27T10:33:00+05:30,210.02,210.07,209.94,209.95,10808
2025-06-27T10:34:00+05:30,209.95,210.19,209.95,210.14,16150
2025-06-27T10:35:00+05:30,210.13,210.13,209.95,210.02,14489
2025-06-27T10:36:00+05:30,210.02,210.02,209.69,209.75,17628
2025-06-27T10:37:00+05:30,209.75,209.98,209.69,209.69,16025
2025-06-27T10:38:00+05:30,209.69,209.83,209.61,209.8,15055
2025-06-27T10:39:00+05:30,209.8,209.95,209.73,209.73,16730
2025-06-27T10:40:00+05:30,209.76,210.07,209.73,209.83,16588
2025-06-27T10:41:00+05:30,209.83,209.95,209.75,209.78,16518
2025-06-27T10:42:00+05:30,209.8,209.94,209.55,209.68,38941
2025-06-27T10:43:00+05:30,209.68,209.83,209.68,209.78,11753
2025-06-27T10:44:00+05:30,209.78,209.86,209.62,209.68,14086
2025-06-27T10:45:00+05:30,209.68,209.8,209.61,209.7,10968
2025-06-27T10:46:00+05:30,209.7,209.8,209.61,209.71,11682
2025-06-27T10:47:00+05:30,209.71,209.86,209.66,209.66,10525
2025-06-27T10:48:00+05:30,209.66,209.79,209.6,209.61,14708
2025-06-27T10:49:00+05:30,209.61,209.7,209.5,209.52,11081
2025-06-27T10:50:00+05:30,209.5,209.64,209.36,209.36,14975
2025-06-27T10:51:00+05:30,209.41,209.51,209.25,209.45,13777
2025-06-27T10:52:00+05:30,209.45,209.45,209.3,209.32,10293
2025-06-27T10:53:00+05:30,209.32,209.49,209.32,209.34,10257
2025-06-27T10:54:00+05:30,209.36,209.48,209.33,209.45,12667
2025-06-27T10:55:00+05:30,209.45,209.45,209.32,209.33,11708
2025-06-27T10:56:00+05:30,209.33,209.42,209.06,209.06,31330
2025-06-27T10:57:00+05:30,209.06,209.19,209.0,209.03,29200
2025-06-27T10:58:00+05:30,209.03,209.3,209.03,209.15,11999
2025-06-27T10:59:00+05:30,209.15,209.16,209.0,209.02,13262
2025-06-27T11:00:00+05:30,209.02,209.09,208.94,208.95,10039
2025-06-27T11:01:00+05:30,208.95,209.09,208.95,209.05,44739
2025-06-27T11:02:00+05:30,209.05,209.09,209.0,209.0,22739
2025-06-27T11:03:00+05:30,209.0,209.13,208.94,209.0,11881
2025-06-27T11:04:00+05:30,209.0,209.15,209.0,209.15,13010
2025-06-27T11:05:00+05:30,209.14,209.15,209.05,209.11,18483
2025-06-27T11:06:00+05:30,209.11,209.26,209.07,209.22,33952
2025-06-27T11:07:00+05:30,209.22,209.43,209.15,209.26,17006
2025-06-27T11:08:00+05:30,209.3,209.37,209.2,209.25,16518
2025-06-27T11:09:00+05:30,209.25,209.45,209.25,209.33,10272
2025-06-27T11:10:00+05:30,209.3,209.39,209.27,209.29,14859
2025-06-27T11:11:00+05:30,209.29,209.4,209.28,209.36,14156
2025-06-27T11:12:00+05:30,209.3,209.31,209.07,209.18,14181
2025-06-27T11:13:00+05:30,209.1,209.21,208.97,209.06,25042
2025-06-27T11:14:00+05:30,209.07,209.28,209.07,209.21,12410
2025-06-27T11:15:00+05:30,209.14,209.33,209.13,209.25,14013
2025-06-27T11:16:00+05:30,209.27,209.38,209.15,209.25,14112
2025-06-27T11:17:00+05:30,209.25,209.39,209.2,209.28,13156
2025-06-27T11:18:00+05:30,209.21,209.23,209.11,209.13,11567
2025-06-27T11:19:00+05:30,209.13,209.25,209.09,209.09,11944
2025-06-27T11:20:00+05:30,209.09,210.05,209.03,210.0,271066
2025-06-27T11:21:00+05:30,210.0,210.1,209.86,210.0,39880
2025-06-27T11:22:00+05:30,210.0,210.1,209.98,210.1,22506
2025-06-27T11:23:00+05:30,210.0,210.1,210.0,210.03,22780
2025-06-27T11:24:00+05:30,210.03,210.07,209.96,210.02,26821
2025-06-27T11:25:00+05:30,210.03,210.1,209.96,210.0,14396
2025-06-27T11:26:00+05:30,210.0,210.1,210.0,210.07,13269
2025-06-27T11:27:00+05:30,210.0,210.07,209.98,210.01,17692
2025-06-27T11:28:00+05:30,210.01,210.06,209.92,210.0,36631
2025-06-27T11:29:00+05:30,210.0,210.1,210.0,210.1,17167
2025-06-27T11:30:00+05:30,210.01,210.1,210.0,210.04,13923
2025-06-27T11:31:00+05:30,210.04,210.14,210.0,210.14,34417
2025-06-27T11:32:00+05:30,210.1,210.18,210.02,210.1,16832
2025-06-27T11:33:00+05:30,210.05,210.13,210.05,210.1,17462
2025-06-27T11:34:00+05:30,210.03,210.1,210.0,210.0,14159
2025-06-27T11:35:00+05:30,210.0,210.07,210.0,210.04,16355
2025-06-27T11:36:00+05:30,210.0,210.1,210.0,210.1,13619
2025-06-27T11:37:00+05:30,210.01,210.1,210.0,210.09,12483
2025-06-27T11:38:00+05:30,210.0,210.15,210.0,210.13,11311
2025-06-27T11:39:00+05:30,210.06,210.12,210.0,210.08,11511
2025-06-27T11:40:00+05:30,210.04,210.12,210.0,210.05,11787
2025-06-27T11:41:00+05:30,210.0,210.12,210.0,210.05,10544
2025-06-27T11:42:00+05:30,210.0,210.1,210.0,210.09,10806
2025-06-27T11:43:00+05:30,210.0,210.12,210.0,210.12,10038
2025-06-27T11:44:00+05:30,210.07,210.29,210.0,210.25,23359
2025-06-27T11:45:00+05:30,210.25,210.3,210.1,210.12,12328
2025-06-27T11:46:00+05:30,210.17,210.35,210.17,210.26,21406
2025-06-27T11:47:00+05:30,210.22,210.35,210.17,210.29,12324
2025-06-27T11:48:00+05:30,210.2,210.34,210.19,210.2,14275
2025-06-27T11:49:00+05:30,210.21,210.29,210.04,210.08,11931
2025-06-27T11:50:00+05:30,210.08,210.25,210.03,210.25,14256
2025-06-27T11:51:00+05:30,210.14,210.35,210.14,210.21,18553
2025-06-27T11:52:00+05:30,210.17,210.28,210.09,210.09,14466
2025-06-27T11:53:00+05:30,210.09,210.25,210.05,210.12,19760
2025-06-27T11:54:00+05:30,210.08,210.29,210.03,210.18,17396
2025-06-27T11:55:00+05:30,210.18,210.18,210.03,210.03,13584
2025-06-27T11:56:00+05:30,210.03,210.15,210.02,210.04,16218
2025-06-27T11:57:00+05:30,210.1,210.15,209.98,210.0,14342
2025-06-27T11:58:00+05:30,210.0,210.08,209.93,209.95,29330
2025-06-27T11:59:00+05:30,210.0,210.11,209.98,209.98,18624
2025-06-27T12:00:00+05:30,210.01,210.19,210.0,210.03,16585
2025-06-27T12:01:00+05:30,210.03,210.14,210.0,210.01,10793
2025-06-27T12:02:00+05:30,210.01,210.11,210.0,210.09,12413
2025-06-27T12:03:00+05:30,210.0,210.25,210.0,210.11,21683
2025-06-27T12:04:00+05:30,210.11,210.24,210.01,210.07,15325
2025-06-27T12:05:00+05:30,210.03,210.16,210.0,210.1,19044
2025-06-27T12:06:00+05:30,210.02,210.14,210.01,210.14,16409
2025-06-27T12:07:00+05:30,210.06,210.24,210.04,210.13,16781
2025-06-27T12:08:00+05:30,210.13,210.22,210.11,210.17,13292
2025-06-27T12:09:00+05:30,210.12,210.17,210.01,210.02,18029
2025-06-27T12:10:00+05:30,210.02,210.12,210.0,210.0,19809
2025-06-27T12:11:00+05:30,210.0,210.05,210.0,210.02,13960
2025-06-27T12:12:00+05:30,210.0,210.02,209.98,210.0,41807
2025-06-27T12:13:00+05:30,210.0,210.05,209.75,209.81,89343
2025-06-27T12:14:00+05:30,209.79,209.99,209.71,209.8,20504
2025-06-27T12:15:00+05:30,209.74,209.81,209.4,209.46,23105
2025-06-27T12:16:00+05:30,209.46,209.58,209.4,209.49,12182
2025-06-27T12:17:00+05:30,209.4,209.59,209.4,209.5,12844
2025-06-27T12:18:00+05:30,209.48,209.61,209.4,209.52,12674
2025-06-27T12:19:00+05:30,209.52,209.57,209.11,209.19,17023
2025-06-27T12:20:00+05:30,209.19,209.49,209.18,209.29,37203
2025-06-27T12:21:00+05:30,209.26,209.42,209.25,209.36,13401
2025-06-27T12:22:00+05:30,209.3,209.47,209.27,209.3,12911
2025-06-27T12:23:00+05:30,209.3,209.36,209.2,209.31,11686
2025-06-27T12:24:00+05:30,209.21,209.28,209.05,209.15,18712
2025-06-27T12:25:00+05:30,209.1,209.25,209.1,209.23,13954
2025-06-27T12:26:00+05:30,209.16,209.35,209.12,209.35,12561
2025-06-27T12:27:00+05:30,209.36,209.54,209.36,209.42,13994
2025-06-27T12:28:00+05:30,209.42,209.53,209.36,209.46,12179
2025-06-27T12:29:00+05:30,209.44,209.65,209.44,209.51,16607
2025-06-27T12:30:00+05:30,209.51,209.6,209.34,209.36,14266
2025-06-27T12:31:00+05:30,209.36,210.05,209.36,210.0,91889
2025-06-27T12:32:00+05:30,210.0,210.06,209.95,210.03,34045
2025-06-27T12:33:00+05:30,210.0,210.1,209.98,210.0,28085
2025-06-27T12:34:00+05:30,210.0,210.09,209.87,210.01,41804
2025-06-27T12:35:00+05:30,210.01,210.09,209.99,210.08,14924
2025-06-27T12:36:00+05:30,210.08,210.09,210.0,210.0,16938
2025-06-27T12:37:00+05:30,210.0,210.05,209.88,210.0,123308
2025-06-27T12:38:00+05:30,210.0,210.05,209.94,210.01,30001
2025-06-27T12:39:00+05:30,210.01,210.05,209.94,210.0,17750
2025-06-27T12:40:00+05:30,210.0,210.05,209.96,210.03,60705
2025-06-27T12:41:00+05:30,210.0,210.1,209.96,210.1,23392
2025-06-27T12:42:00+05:30,210.01,210.1,209.96,209.99,18017
2025-06-27T12:43:00+05:30,209.99,210.1,209.94,210.0,14518
2025-06-27T12:44:00+05:30,210.0,210.07,209.92,210.04,41766
2025-06-27T12:45:00+05:30,210.03,210.04,209.95,210.04,51557
2025-06-27T12:46:00+05:30,210.04,210.04,209.95,210.0,16696
2025-06-27T12:47:00+05:30,210.0,210.03,209.96,210.03,31052
2025-06-27T12:48:00+05:30,210.0,210.05,209.96,210.05,33604
2025-06-27T12:49:00+05:30,210.05,210.07,209.97,209.99,13652
2025-06-27T12:50:00+05:30,209.99,210.07,209.97,210.07,12909
2025-06-27T12:51:00+05:30,210.01,210.07,210.0,210.0,13197
2025-06-27T12:52:00+05:30,210.05,210.09,209.98,209.98,13169
2025-06-27T12:53:00+05:30,209.98,210.09,209.98,210.08,13985
2025-06-27T12:54:00+05:30,210.0,210.09,210.0,210.09,15981
2025-06-27T12:55:00+05:30,210.0,210.08,209.98,210.0,23860
2025-06-27T12:56:00+05:30,210.0,210.07,209.99,210.04,11788
2025-06-27T12:57:00+05:30,210.0,210.09,209.99,210.08,18224
2025-06-27T12:58:00+05:30,210.0,210.07,209.76,209.79,18651
2025-06-27T12:59:00+05:30,209.77,209.8,209.61,209.73,19774
2025-06-27T13:00:00+05:30,209.73,209.81,209.63,209.67,19515
2025-06-27T13:01:00+05:30,209.63,209.7,209.41,209.42,25080
2025-06-27T13:02:00+05:30,209.43,209.53,209.25,209.32,112832
2025-06-27T13:03:00+05:30,209.31,209.4,209.17,209.27,29889
2025-06-27T13:04:00+05:30,209.37,209.43,209.24,209.29,18845
2025-06-27T13:05:00+05:30,209.29,209.42,209.24,209.32,20893
2025-06-27T13:06:00+05:30,209.32,209.41,209.21,209.35,20242
2025-06-27T13:07:00+05:30,209.28,209.31,209.16,209.28,24907
2025-06-27T13:08:00+05:30,209.2,209.3,209.12,209.26,20328
2025-06-27T13:09:00+05:30,209.17,209.29,209.14,209.16,19794
2025-06-27T13:10:00+05:30,209.2,209.24,209.01,209.16,29138
2025-06-27T13:11:00+05:30,209.05,209.16,209.0,209.02,32025
2025-06-27T13:12:00+05:30,209.01,209.14,209.0,209.08,16351
2025-06-27T13:13:00+05:30,209.07,209.15,209.0,209.13,20435
2025-06-27T13:14:00+05:30,209.12,209.21,209.0,209.05,20171
2025-06-27T13:15:00+05:30,209.05,209.11,208.85,208.85,24581
2025-06-27T13:16:00+05:30,208.86,209.0,208.85,208.88,15877
2025-06-27T13:17:00+05:30,208.88,209.03,208.7,208.89,33254
2025-06-27T13:18:00+05:30,208.87,208.91,208.8,208.84,15264
2025-06-27T13:19:00+05:30,208.84,208.91,208.75,208.8,14447
2025-06-27T13:20:00+05:30,208.8,208.85,208.67,208.78,14484
2025-06-27T13:21:00+05:30,208.71,208.82,208.7,208.79,19033
2025-06-27T13:22:00+05:30,208.74,208.89,208.59,208.73,21006
2025-06-27T13:23:00+05:30,208.74,208.91,208.73,208.88,13097
2025-06-27T13:24:00+05:30,208.88,208.91,208.8,208.81,13068
2025-06-27T13:25:00+05:30,208.81,208.91,208.79,208.91,12534
2025-06-27T13:26:00+05:30,208.88,209.07,208.82,209.01,68852
2025-06-27T13:27:00+05:30,209.01,209.08,208.87,209.06,18235
2025-06-27T13:28:00+05:30,209.0,209.1,208.88,209.09,19920
2025-06-27T13:29:00+05:30,209.04,209.07,208.88,208.95,20521
2025-06-27T13:30:00+05:30,208.94,208.94,208.82,208.84,13137
2025-06-27T13:31:00+05:30,208.84,208.91,208.81,208.88,13236
2025-06-27T13:32:00+05:30,208.88,208.91,208.82,208.84,21016
2025-06-27T13:33:00+05:30,208.83,208.91,208.83,208.88,17381
2025-06-27T13:34:00+05:30,208.88,208.91,208.81,208.87,15381
2025-06-27T13:35:00+05:30,208.86,209.07,208.83,208.9,23065
2025-06-27T13:36:00+05:30,208.9,209.07,208.88,208.9,18260
2025-06-27T13:37:00+05:30,208.9,209.04,208.84,208.88,17531
2025-06-27T13:38:00+05:30,208.88,208.91,208.84,208.88,13772
2025-06-27T13:39:00+05:30,208.88,209.0,208.86,208.88,17546
2025-06-27T13:40:00+05:30,208.89,209.05,208.88,208.9,21973
2025-06-27T13:41:00+05:30,208.9,209.06,208.9,208.95,15210
2025-06-27T13:42:00+05:30,208.95,209.06,208.89,208.9,20432
2025-06-27T13:43:00+05:30,208.9,208.97,208.85,208.89,14366
2025-06-27T13:44:00+05:30,208.89,209.04,208.86,208.87,21943
2025-06-27T13:45:00+05:30,208.87,208.91,208.8,208.9,19243
2025-06-27T13:46:00+05:30,208.82,208.91,208.8,208.91,14036
2025-06-27T13:47:00+05:30,208.88,208.91,208.8,208.85,13030
2025-06-27T13:48:00+05:30,208.81,209.02,208.8,208.9,22333
2025-06-27T13:49:00+05:30,208.89,208.96,208.84,208.9,14800
2025-06-27T13:50:00+05:30,208.86,209.2,208.86,209.11,23694
2025-06-27T13:51:00+05:30,209.04,209.2,209.02,209.2,23639
2025-06-27T13:52:00+05:30,209.09,209.22,209.06,209.07,22313
2025-06-27T13:53:00+05:30,209.07,209.16,208.9,208.96,19626
2025-06-27T13:54:00+05:30,208.95,209.09,208.9,209.05,18422
2025-06-27T13:55:00+05:30,208.97,209.09,208.91,208.98,18172
2025-06-27T13:56:00+05:30,208.98,209.12,208.95,209.03,19978
2025-06-27T13:57:00+05:30,208.97,209.12,208.96,209.08,19849
2025-06-27T13:58:00+05:30,208.97,209.19,208.97,209.01,22709
2025-06-27T13:59:00+05:30,209.02,209.12,208.97,209.03,25311
2025-06-27T14:00:00+05:30,208.99,209.07,208.91,209.02,23745
2025-06-27T14:01:00+05:30,208.93,209.06,208.91,208.94,22544
2025-06-27T14:02:00+05:30,208.93,209.03,208.82,208.88,23600
2025-06-27T14:03:00+05:30,208.86,208.91,208.8,208.86,21762
2025-06-27T14:04:00+05:30,208.86,209.36,208.8,209.0,70809
2025-06-27T14:05:00+05:30,208.99,209.16,208.9,209.09,25235
2025-06-27T14:06:00+05:30,209.0,209.2,208.93,209.06,25743
2025-06-27T14:07:00+05:30,209.01,209.2,208.86,208.93,36801
2025-06-27T14:08:00+05:30,208.92,209.19,208.85,209.09,29685
2025-06-27T14:09:00+05:30,209.02,209.19,208.92,209.03,36773
2025-06-27T14:10:00+05:30,208.99,209.4,208.9,209.04,133745
2025-06-27T14:11:00+05:30,209.01,209.19,208.99,209.12,31730
2025-06-27T14:12:00+05:30,209.06,209.19,209.0,209.1,35025
2025-06-27T14:13:00+05:30,209.04,209.15,208.87,208.87,46779
2025-06-27T14:14:00+05:30,208.87,208.95,208.8,208.84,14494
2025-06-27T14:15:00+05:30,208.81,208.91,208.8,208.85,14243
2025-06-27T14:16:00+05:30,208.82,208.91,208.82,208.89,13259
2025-06-27T14:17:00+05:30,208.85,208.94,208.76,208.85,45956
2025-06-27T14:18:00+05:30,208.8,208.91,208.75,208.83,16598
2025-06-27T14:19:00+05:30,208.78,208.88,208.75,208.79,13463
2025-06-27T14:20:00+05:30,208.77,208.86,208.75,208.78,13813
2025-06-27T14:21:00+05:30,208.76,208.78,208.4,208.42,99021
2025-06-27T14:22:00+05:30,208.41,208.59,208.25,208.36,40206
2025-06-27T14:23:00+05:30,208.31,208.57,208.31,208.53,13528
2025-06-27T14:24:00+05:30,208.53,208.58,208.37,208.48,31224
2025-06-27T14:25:00+05:30,208.4,208.55,208.4,208.51,17770
2025-06-27T14:26:00+05:30,208.51,208.83,208.5,208.77,82166
2025-06-27T14:27:00+05:30,208.75,208.9,208.72,208.87,50356
2025-06-27T14:28:00+05:30,208.85,209.03,208.85,209.0,68077
2025-06-27T14:29:00+05:30,209.0,209.16,208.88,209.07,86729
2025-06-27T14:30:00+05:30,209.05,209.09,208.83,208.89,45334
2025-06-27T14:31:00+05:30,208.86,208.91,208.73,208.73,46785
2025-06-27T14:32:00+05:30,208.73,208.86,208.6,208.64,33022
2025-06-27T14:33:00+05:30,208.61,208.7,208.5,208.52,51648
2025-06-27T14:34:00+05:30,208.53,208.56,208.3,208.32,46322
2025-06-27T14:35:00+05:30,208.3,208.38,208.25,208.3,40556
2025-06-27T14:36:00+05:30,208.3,208.35,208.09,208.09,57847
2025-06-27T14:37:00+05:30,208.09,208.16,208.0,208.05,51490
2025-06-27T14:38:00+05:30,208.01,208.14,208.0,208.05,50641
2025-06-27T14:39:00+05:30,208.04,208.25,208.0,208.06,42958
2025-06-27T14:40:00+05:30,208.06,208.16,208.01,208.02,41404
2025-06-27T14:41:00+05:30,208.05,208.09,207.92,207.96,35636
2025-06-27T14:42:00+05:30,207.93,208.1,207.9,208.01,67507
2025-06-27T14:43:00+05:30,208.02,208.08,207.85,207.9,47126
2025-06-27T14:44:00+05:30,207.9,207.93,207.74,207.82,60089
2025-06-27T14:45:00+05:30,207.82,207.89,207.62,207.81,61602
2025-06-27T14:46:00+05:30,207.74,207.89,207.63,207.65,44536
2025-06-27T14:47:00+05:30,207.65,207.69,207.4,207.45,152361
2025-06-27T14:48:00+05:30,207.45,207.82,207.43,207.82,80461
2025-06-27T14:49:00+05:30,207.67,207.9,207.61,207.81,66238
2025-06-27T14:50:00+05:30,207.81,207.91,207.73,207.82,51250
2025-06-27T14:51:00+05:30,207.82,207.95,207.76,207.79,64299
2025-06-27T14:52:00+05:30,207.79,207.81,207.63,207.72,91069
2025-06-27T14:53:00+05:30,207.72,208.0,207.6,207.89,141948
2025-06-27T14:54:00+05:30,207.84,207.91,207.71,207.75,78137
2025-06-27T14:55:00+05:30,207.76,207.81,207.6,207.74,88971
2025-06-27T14:56:00+05:30,207.72,207.83,207.52,207.62,133536
2025-06-27T14:57:00+05:30,207.59,207.65,207.43,207.54,143423
2025-06-27T14:58:00+05:30,207.52,207.65,207.5,207.62,107840
2025-06-27T14:59:00+05:30,207.55,207.57,207.4,207.45,100533
2025-06-27T15:00:00+05:30,207.45,207.82,207.28,207.82,879411
2025-06-27T15:01:00+05:30,207.73,207.9,207.57,207.9,837826
2025-06-27T15:02:00+05:30,207.9,208.27,207.74,207.99,858790
2025-06-27T15:03:00+05:30,207.99,207.99,207.53,207.73,855886
2025-06-27T15:04:00+05:30,207.75,207.82,207.4,207.75,861891
2025-06-27T15:05:00+05:30,207.76,208.2,207.6,208.14,842665
2025-06-27T15:06:00+05:30,208.14,208.2,207.96,208.12,834154
2025-06-27T15:07:00+05:30,208.11,208.2,207.88,207.99,806442
2025-06-27T15:08:00+05:30,207.99,208.27,207.87,208.23,894527
2025-06-27T15:09:00+05:30,208.21,208.6,207.99,208.58,860014
2025-06-27T15:10:00+05:30,208.58,208.71,208.42,208.51,814617
2025-06-27T15:11:00+05:30,208.55,208.61,208.17,208.4,814758
2025-06-27T15:12:00+05:30,208.36,208.57,208.19,208.42,847073
2025-06-27T15:13:00+05:30,208.47,208.57,208.26,208.57,772573
2025-06-27T15:14:00+05:30,208.57,208.65,208.42,208.64,735432
2025-06-27T15:15:00+05:30,208.57,208.8,208.48,208.77,846794
2025-06-27T15:16:00+05:30,208.8,208.95,208.51,208.6,730200
2025-06-27T15:17:00+05:30,208.6,208.77,208.43,208.72,826938
2025-06-27T15:18:00+05:30,208.72,208.92,208.5,208.92,850430
2025-06-27T15:19:00+05:30,208.91,209.14,208.75,209.09,833892
2025-06-27T15:20:00+05:30,209.07,209.19,208.8,209.08,716256
2025-06-27T15:21:00+05:30,209.08,209.08,208.85,208.91,681694
2025-06-27T15:22:00+05:30,208.91,209.1,208.84,208.92,658541
2025-06-27T15:23:00+05:30,208.92,209.12,208.78,208.99,665702
2025-06-27T15:24:00+05:30,209.0,209.05,208.83,208.98,640424
2025-06-27T15:25:00+05:30,209.05,209.05,208.74,209.0,610900
2025-06-27T15:26:00+05:30,208.99,209.1,208.85,209.08,601343
2025-06-27T15:27:00+05:30,209.1,209.1,208.72,208.79,562010
2025-06-27T15:28:00+05:30,208.93,209.2,208.7,209.05,269857
2025-06-27T15:29:00+05:30,209.02,209.48,208.69,209.29,86284
2025-06-30T09:15:00+05:30,211.55,212.23,210.01,211.65,467037
2025-06-30T09:16:00+05:30,211.69,212.79,211.6,212.6,205979
2025-06-30T09:17:00+05:30,212.6,212.9,212.36,212.46,183336
2025-06-30T09:18:00+05:30,212.47,212.88,212.37,212.8,117331
2025-06-30T09:19:00+05:30,212.7,212.98,212.3,212.39,87698
2025-06-30T09:20:00+05:30,212.4,212.8,212.16,212.75,110822
2025-06-30T09:21:00+05:30,212.75,213.13,212.6,212.81,195525
2025-06-30T09:22:00+05:30,212.82,212.97,212.4,212.79,87955
2025-06-30T09:23:00+05:30,212.76,212.99,212.63,212.85,175913
2025-06-30T09:24:00+05:30,212.85,213.0,212.8,212.81,122744
2025-06-30T09:25:00+05:30,212.81,212.88,212.54,212.58,154516
2025-06-30T09:26:00+05:30,212.58,212.82,212.31,212.82,177793
2025-06-30T09:27:00+05:30,212.82,212.99,212.64,212.97,49496
2025-06-30T09:28:00+05:30,212.9,213.1,212.57,213.07,56015
2025-06-30T09:29:00+05:30,213.0,213.08,212.35,212.35,50476
2025-06-30T09:30:00+05:30,212.43,212.73,212.22,212.62,77762
2025-06-30T09:31:00+05:30,212.64,212.99,212.49,212.9,128507
2025-06-30T09:32:00+05:30,212.99,213.5,212.9,213.35,108585
2025-06-30T09:33:00+05:30,213.35,213.39,212.68,212.91,41360
2025-06-30T09:34:00+05:30,212.99,212.99,212.72,212.86,25801
2025-06-30T09:35:00+05:30,212.86,212.98,212.69,212.88,21568
2025-06-30T09:36:00+05:30,212.97,212.99,212.63,212.77,41646
2025-06-30T09:37:00+05:30,212.73,212.85,212.52,212.67,21479
2025-06-30T09:38:00+05:30,212.74,212.96,212.36,212.56,63687
2025-06-30T09:39:00+05:30,212.6,212.74,212.55,212.6,14852
2025-06-30T09:40:00+05:30,212.61,213.25,212.6,213.12,123644
2025-06-30T09:41:00+05:30,213.15,213.23,213.11,213.2,19823
2025-06-30T09:42:00+05:30,213.2,213.2,213.04,213.12,11753
2025-06-30T09:43:00+05:30,213.12,213.2,213.05,213.12,14094
2025-06-30T09:44:00+05:30,213.13,213.14,212.91,212.99,37746
2025-06-30T09:45:00+05:30,213.07,213.47,212.91,213.26,145382
2025-06-30T09:46:00+05:30,213.32,213.7,213.23,213.68,107494
2025-06-30T09:47:00+05:30,213.6,213.9,213.6,213.66,164604
2025-06-30T09:48:00+05:30,213.76,213.76,213.5,213.5,64844
2025-06-30T09:49:00+05:30,213.57,213.61,213.15,213.3,182590
2025-06-30T09:50:00+05:30,213.3,213.4,213.2,213.2,23044
2025-06-30T09:51:00+05:30,213.24,213.33,213.0,213.19,51740
2025-06-30T09:52:00+05:30,213.18,213.23,213.0,213.0,36175
2025-06-30T09:53:00+05:30,213.0,213.3,213.0,213.3,48136
2025-06-30T09:54:00+05:30,213.3,213.3,212.74,212.8,56639
2025-06-30T09:55:00+05:30,212.8,212.91,212.7,212.88,42766
2025-06-30T09:56:00+05:30,212.9,213.0,212.81,212.88,8549
2025-06-30T09:57:00+05:30,212.88,212.95,212.8,212.9,24102
2025-06-30T09:58:00+05:30,212.9,212.9,212.81,212.86,6851
2025-06-30T09:59:00+05:30,212.84,212.84,212.62,212.7,21925
2025-06-30T10:00:00+05:30,212.7,213.0,212.58,212.83,27345
2025-06-30T10:01:00+05:30,212.96,213.0,212.43,212.46,41280
2025-06-30T10:02:00+05:30,212.55,212.7,212.45,212.49,80569
2025-06-30T10:03:00+05:30,212.54,212.78,212.33,212.66,72768
2025-06-30T10:04:00+05:30,212.66,212.82,212.6,212.71,20075
2025-06-30T10:05:00+05:30,212.77,212.94,212.55,212.55,54116
2025-06-30T10:06:00+05:30,212.59,212.8,212.5,212.56,32282
2025-06-30T10:07:00+05:30,212.56,212.73,212.46,212.53,29063
2025-06-30T10:08:00+05:30,212.53,212.54,212.25,212.4,158254
2025-06-30T10:09:00+05:30,212.44,212.45,212.3,212.31,17382
2025-06-30T10:10:00+05:30,212.39,212.4,212.16,212.4,41832
2025-06-30T10:11:00+05:30,212.38,212.73,212.38,212.6,43717
2025-06-30T10:12:00+05:30,212.6,212.7,212.5,212.54,21245
2025-06-30T10:13:00+05:30,212.54,212.6,212.38,212.52,48504
2025-06-30T10:14:00+05:30,212.55,212.6,212.1,212.1,29157
2025-06-30T10:15:00+05:30,212.1,212.2,212.06,212.15,21276
2025-06-30T10:16:00+05:30,212.15,212.15,211.66,211.67,154603
2025-06-30T10:17:00+05:30,211.69,211.9,211.67,211.88,22259
2025-06-30T10:18:00+05:30,211.9,212.05,211.86,212.05,21671
2025-06-30T10:19:00+05:30,212.05,212.16,212.01,212.1,45626
2025-06-30T10:20:00+05:30,212.03,212.2,212.0,212.05,62722
2025-06-30T10:21:00+05:30,212.05,212.09,211.74,211.75,54245
2025-06-30T10:22:00+05:30,211.75,211.81,211.32,211.7,117258
2025-06-30T10:23:00+05:30,211.75,212.04,211.73,211.9,31372
2025-06-30T10:24:00+05:30,211.8,211.9,211.56,211.7,48654
2025-06-30T10:25:00+05:30,211.65,211.8,211.49,211.67,44144
2025-06-30T10:26:00+05:30,211.7,211.7,211.44,211.65,20159
2025-06-30T10:27:00+05:30,211.6,211.86,211.53,211.83,46853
2025-06-30T10:28:00+05:30,211.87,211.9,211.41,211.41,70602
2025-06-30T10:29:00+05:30,211.5,211.52,211.35,211.45,34957
2025-06-30T10:30:00+05:30,211.41,211.57,211.31,211.54,59057
2025-06-30T10:31:00+05:30,211.49,211.53,211.31,211.35,25838
2025-06-30T10:32:00+05:30,211.35,211.47,211.31,211.39,30829
2025-06-30T10:33:00+05:30,211.4,211.49,211.34,211.37,10957
2025-06-30T10:34:00+05:30,211.4,211.49,211.35,211.46,15440
2025-06-30T10:35:00+05:30,211.46,211.5,211.37,211.46,17658
2025-06-30T10:36:00+05:30,211.46,211.46,211.2,211.2,12886
2025-06-30T10:37:00+05:30,211.21,211.37,211.06,211.25,36937
2025-06-30T10:38:00+05:30,211.25,211.5,211.22,211.5,39692
2025-06-30T10:39:00+05:30,211.5,211.5,211.16,211.35,50684
2025-06-30T10:40:00+05:30,211.35,211.61,211.28,211.58,120424
2025-06-30T10:41:00+05:30,211.48,211.58,211.24,211.37,35781
2025-06-30T10:42:00+05:30,211.37,211.5,211.32,211.49,17587
2025-06-30T10:43:00+05:30,211.42,211.49,211.25,211.39,13669
2025-06-30T10:44:00+05:30,211.38,211.5,211.33,211.5,4471
2025-06-30T10:45:00+05:30,211.48,211.5,211.25,211.35,26280
2025-06-30T10:46:00+05:30,211.41,211.6,211.3,211.59,21045
2025-06-30T10:47:00+05:30,211.59,212.2,211.56,212.2,51913
2025-06-30T10:48:00+05:30,212.18,212.2,211.79,211.91,21836
2025-06-30T10:49:00+05:30,211.9,211.91,211.75,211.83,7483
2025-06-30T10:50:00+05:30,211.85,211.9,211.61,211.77,18253
2025-06-30T10:51:00+05:30,211.77,211.8,211.6,211.68,11895
2025-06-30T10:52:00+05:30,211.68,211.72,211.5,211.53,21606
2025-06-30T10:53:00+05:30,211.62,211.91,211.59,211.89,8421
2025-06-30T10:54:00+05:30,211.89,211.9,211.65,211.88,12379
2025-06-30T10:55:00+05:30,211.87,212.0,211.74,212.0,13033
2025-06-30T10:56:00+05:30,212.0,212.0,211.75,211.83,6627
2025-06-30T10:57:00+05:30,211.83,211.84,211.64,211.78,6537
2025-06-30T10:58:00+05:30,211.78,211.83,211.64,211.73,12493
2025-06-30T10:59:00+05:30,211.73,211.82,211.65,211.8,6883
2025-06-30T11:00:00+05:30,211.8,211.83,211.71,211.79,4225
2025-06-30T11:01:00+05:30,211.79,211.96,211.76,211.86,8479
2025-06-30T11:02:00+05:30,211.94,212.3,211.81,212.25,22489
2025-06-30T11:03:00+05:30,212.2,212.35,212.15,212.29,43132
2025-06-30T11:04:00+05:30,212.29,212.59,212.19,212.43,23113
2025-06-30T11:05:00+05:30,212.43,212.43,212.25,212.42,17066
2025-06-30T11:06:00+05:30,212.42,212.5,212.32,212.5,8825
2025-06-30T11:07:00+05:30,212.54,212.7,212.51,212.63,35156
2025-06-30T11:08:00+05:30,212.63,212.66,212.53,212.65,12138
2025-06-30T11:09:00+05:30,212.65,212.98,212.64,212.9,45255
2025-06-30T11:10:00+05:30,212.9,212.9,212.7,212.86,12043
2025-06-30T11:11:00+05:30,212.85,213.14,212.81,213.13,42534
2025-06-30T11:12:00+05:30,213.13,213.16,212.91,213.08,31272
2025-06-30T11:13:00+05:30,213.08,213.1,212.96,213.0,8329
2025-06-30T11:14:00+05:30,212.96,213.0,212.59,212.7,34702
2025-06-30T11:15:00+05:30,212.62,212.69,212.45,212.54,23436
2025-06-30T11:16:00+05:30,212.54,212.66,212.44,212.66,10727
2025-06-30T11:17:00+05:30,212.64,212.73,212.54,212.61,16848
2025-06-30T11:18:00+05:30,212.61,212.68,212.45,212.6,14444
2025-06-30T11:19:00+05:30,212.6,212.68,212.55,212.63,11631
2025-06-30T11:20:00+05:30,212.62,212.63,212.35,212.35,23142
2025-06-30T11:21:00+05:30,212.35,212.43,212.14,212.27,21652
2025-06-30T11:22:00+05:30,212.27,212.58,212.24,212.54,19272
2025-06-30T11:23:00+05:30,212.54,212.6,212.42,212.53,8715
2025-06-30T11:24:00+05:30,212.53,212.75,212.48,212.7,59585
2025-06-30T11:25:00+05:30,212.75,212.8,212.7,212.78,9372
2025-06-30T11:26:00+05:30,212.76,212.93,212.7,212.93,24475
2025-06-30T11:27:00+05:30,212.89,212.98,212.81,212.9,33373
2025-06-30T11:28:00+05:30,212.9,212.95,212.8,212.95,29758
2025-06-30T11:29:00+05:30,212.94,212.97,212.8,212.97,31262
2025-06-30T11:30:00+05:30,212.97,212.97,212.8,212.89,14259
2025-06-30T11:31:00+05:30,212.83,212.95,212.7,212.86,29617
2025-06-30T11:32:00+05:30,212.94,212.95,212.8,212.89,14776
2025-06-30T11:33:00+05:30,212.88,212.95,212.81,212.86,15157
2025-06-30T11:34:00+05:30,212.95,212.97,212.85,212.9,8577
2025-06-30T11:35:00+05:30,212.89,212.9,212.85,212.86,6761
2025-06-30T11:36:00+05:30,212.9,212.94,212.8,212.84,18760
2025-06-30T11:37:00+05:30,212.9,212.9,212.7,212.83,16014
2025-06-30T11:38:00+05:30,212.81,212.89,212.69,212.74,17933
2025-06-30T11:39:00+05:30,212.83,212.83,212.65,212.7,9030
2025-06-30T11:40:00+05:30,212.65,212.7,212.55,212.68,11381
2025-06-30T11:41:00+05:30,212.6,212.68,212.52,212.55,16289
2025-06-30T11:42:00+05:30,212.52,212.71,212.52,212.68,13521
2025-06-30T11:43:00+05:30,212.68,212.73,212.55,212.6,16050
2025-06-30T11:44:00+05:30,212.63,212.63,212.55,212.6,5292
2025-06-30T11:45:00+05:30,212.55,212.81,212.55,212.69,6619
2025-06-30T11:46:00+05:30,212.79,212.83,212.7,212.79,8646
2025-06-30T11:47:00+05:30,212.7,212.79,212.67,212.78,8561
2025-06-30T11:48:00+05:30,212.78,212.78,212.61,212.67,12366
2025-06-30T11:49:00+05:30,212.76,212.77,212.64,212.75,5585
2025-06-30T11:50:00+05:30,212.75,212.75,212.6,212.73,7438
2025-06-30T11:51:00+05:30,212.65,212.72,212.51,212.59,20020
2025-06-30T11:52:00+05:30,212.51,212.58,212.5,212.52,8043
2025-06-30T11:53:00+05:30,212.5,212.59,212.36,212.42,44152
2025-06-30T11:54:00+05:30,212.42,212.65,212.4,212.6,13555
2025-06-30T11:55:00+05:30,212.6,212.75,212.46,212.57,10377
2025-06-30T11:56:00+05:30,212.65,212.67,212.48,212.6,13630
2025-06-30T11:57:00+05:30,212.6,212.6,212.45,212.5,8573
2025-06-30T11:58:00+05:30,212.46,212.5,212.4,212.49,8737
2025-06-30T11:59:00+05:30,212.49,212.49,212.35,212.49,6408
2025-06-30T12:00:00+05:30,212.49,212.6,212.41,212.56,18598
2025-06-30T12:01:00+05:30,212.56,212.6,212.48,212.52,10837
2025-06-30T12:02:00+05:30,212.55,212.63,212.48,212.6,5967
2025-06-30T12:03:00+05:30,212.55,212.8,212.5,212.74,19257
2025-06-30T12:04:00+05:30,212.65,212.74,212.63,212.71,9652
2025-06-30T12:05:00+05:30,212.71,212.71,212.62,212.63,16829
2025-06-30T12:06:00+05:30,212.63,212.9,212.62,212.9,32268
2025-06-30T12:07:00+05:30,212.88,212.94,212.78,212.92,47147
2025-06-30T12:08:00+05:30,212.85,213.0,212.82,212.93,30834
2025-06-30T12:09:00+05:30,212.98,212.99,212.93,212.95,12812
2025-06-30T12:10:00+05:30,212.93,212.95,212.8,212.94,36115
2025-06-30T12:11:00+05:30,212.94,212.97,212.93,212.95,34842
2025-06-30T12:12:00+05:30,212.95,212.95,212.93,212.95,6246
2025-06-30T12:13:00+05:30,212.95,212.98,212.93,212.96,13590
2025-06-30T12:14:00+05:30,212.94,213.05,212.9,212.94,31837
2025-06-30T12:15:00+05:30,212.93,212.98,212.84,212.88,4550
2025-06-30T12:16:00+05:30,212.88,212.95,212.66,212.74,14910
2025-06-30T12:17:00+05:30,212.66,212.75,212.57,212.67,8854
2025-06-30T12:18:00+05:30,212.67,212.82,212.43,212.69,24646
2025-06-30T12:19:00+05:30,212.65,212.77,212.63,212.67,5025
2025-06-30T12:20:00+05:30,212.74,212.76,212.6,212.64,6445
2025-06-30T12:21:00+05:30,212.64,212.64,212.5,212.63,9243
2025-06-30T12:22:00+05:30,212.54,212.63,212.52,212.57,6714
2025-06-30T12:23:00+05:30,212.57,212.57,212.37,212.45,13142
2025-06-30T12:24:00+05:30,212.4,212.45,212.27,212.4,10049
2025-06-30T12:25:00+05:30,212.4,212.7,212.33,212.49,23259
2025-06-30T12:26:00+05:30,212.59,212.68,212.5,212.55,12583
2025-06-30T12:27:00+05:30,212.55,212.55,212.41,212.52,13676
2025-06-30T12:28:00+05:30,212.45,212.57,212.45,212.53,4218
2025-06-30T12:29:00+05:30,212.53,212.56,212.45,212.51,5896
2025-06-30T12:30:00+05:30,212.53,212.55,212.43,212.54,5699
2025-06-30T12:31:00+05:30,212.53,212.53,212.35,212.5,10401
2025-06-30T12:32:00+05:30,212.48,212.58,212.42,212.58,17818
2025-06-30T12:33:00+05:30,212.58,212.67,212.47,212.65,15074
2025-06-30T12:34:00+05:30,212.65,212.7,212.55,212.67,11478
2025-06-30T12:35:00+05:30,212.67,212.68,212.52,212.6,14663
2025-06-30T12:36:00+05:30,212.6,212.95,212.49,212.9,31693
2025-06-30T12:37:00+05:30,212.9,212.92,212.68,212.92,16866
2025-06-30T12:38:00+05:30,212.92,212.94,212.81,212.91,13787
2025-06-30T12:39:00+05:30,212.91,212.91,212.72,212.87,14331
2025-06-30T12:40:00+05:30,212.86,213.14,212.81,213.14,86786
2025-06-30T12:41:00+05:30,213.07,213.24,212.91,213.01,31345
2025-06-30T12:42:00+05:30,213.01,213.1,212.9,213.05,13367
2025-06-30T12:43:00+05:30,213.05,213.14,212.98,213.09,16483
2025-06-30T12:44:00+05:30,213.0,213.4,212.46,213.36,173263
2025-06-30T12:45:00+05:30,213.36,213.44,213.26,213.34,24903
2025-06-30T12:46:00+05:30,213.34,213.39,213.22,213.3,25422
2025-06-30T12:47:00+05:30,213.3,213.43,213.19,213.43,20340
2025-06-30T12:48:00+05:30,213.43,213.69,213.36,213.58,127896
2025-06-30T12:49:00+05:30,213.58,213.99,213.51,213.92,163261
2025-06-30T12:50:00+05:30,213.92,213.99,213.75,213.82,31619
2025-06-30T12:51:00+05:30,213.79,214.26,213.78,214.2,239470
2025-06-30T12:52:00+05:30,214.15,214.22,213.98,214.2,53735
2025-06-30T12:53:00+05:30,214.18,214.36,214.08,214.08,63637
2025-06-30T12:54:00+05:30,214.04,214.08,213.89,213.94,34100
2025-06-30T12:55:00+05:30,213.94,214.0,213.8,213.89,23498
2025-06-30T12:56:00+05:30,213.88,213.88,213.6,213.66,41348
2025-06-30T12:57:00+05:30,213.66,213.66,213.38,213.58,40720
2025-06-30T12:58:00+05:30,213.58,213.59,213.41,213.56,13731
2025-06-30T12:59:00+05:30,213.46,213.56,213.36,213.44,11531
2025-06-30T13:00:00+05:30,213.44,213.49,213.35,213.43,18874
2025-06-30T13:01:00+05:30,213.42,213.42,213.26,213.36,18762
2025-06-30T13:02:00+05:30,213.36,213.57,213.28,213.56,16934
2025-06-30T13:03:00+05:30,213.54,213.55,213.3,213.48,20858
2025-06-30T13:04:00+05:30,213.4,213.46,213.01,213.13,79599
2025-06-30T13:05:00+05:30,213.14,213.29,213.05,213.21,14625
2025-06-30T13:06:00+05:30,213.28,213.45,213.13,213.44,28267
2025-06-30T13:07:00+05:30,213.42,213.58,213.35,213.5,20903
2025-06-30T13:08:00+05:30,213.5,213.56,213.41,213.49,15459
2025-06-30T13:09:00+05:30,213.49,213.68,213.44,213.59,51814
2025-06-30T13:10:00+05:30,213.59,213.79,213.56,213.62,33319
2025-06-30T13:11:00+05:30,213.62,213.62,213.4,213.49,15031
2025-06-30T13:12:00+05:30,213.52,213.54,213.4,213.49,13599
2025-06-30T13:13:00+05:30,213.49,213.65,213.47,213.65,15429
2025-06-30T13:14:00+05:30,213.65,213.76,213.6,213.6,15756
2025-06-30T13:15:00+05:30,213.6,213.75,213.55,213.7,11095
2025-06-30T13:16:00+05:30,213.7,213.8,213.61,213.74,19857
2025-06-30T13:17:00+05:30,213.74,213.75,213.6,213.71,15845
2025-06-30T13:18:00+05:30,213.71,213.75,213.65,213.75,12927
2025-06-30T13:19:00+05:30,213.75,213.75,213.57,213.65,20522
2025-06-30T13:20:00+05:30,213.7,213.7,213.6,213.65,11383
2025-06-30T13:21:00+05:30,213.65,213.75,213.6,213.75,9646
2025-06-30T13:22:00+05:30,213.75,213.9,213.72,213.89,20401
2025-06-30T13:23:00+05:30,213.89,213.98,213.89,213.95,17056
2025-06-30T13:24:00+05:30,213.95,213.96,213.83,213.93,13664
2025-06-30T13:25:00+05:30,213.93,214.2,213.93,214.05,54191
2025-06-30T13:26:00+05:30,214.03,214.03,213.82,213.9,18291
2025-06-30T13:27:00+05:30,213.9,214.0,213.82,213.9,20436
2025-06-30T13:28:00+05:30,213.86,213.94,213.7,213.78,41035
2025-06-30T13:29:00+05:30,213.8,213.91,213.75,213.9,11576
2025-06-30T13:30:00+05:30,213.81,213.95,213.81,213.91,10251
2025-06-30T13:31:00+05:30,213.9,213.9,213.71,213.88,13415
2025-06-30T13:32:00+05:30,213.88,213.93,213.8,213.86,12365
2025-06-30T13:33:00+05:30,213.86,213.91,213.77,213.9,15808
2025-06-30T13:34:00+05:30,213.9,213.97,213.8,213.9,23516
2025-06-30T13:35:00+05:30,213.9,213.97,213.85,213.92,18199
2025-06-30T13:36:00+05:30,213.91,213.95,213.83,213.9,11387
2025-06-30T13:37:00+05:30,213.9,213.95,213.81,213.88,15521
2025-06-30T13:38:00+05:30,213.88,213.94,213.8,213.9,9939
2025-06-30T13:39:00+05:30,213.9,213.94,213.83,213.9,10923
2025-06-30T13:40:00+05:30,213.9,213.94,213.8,213.9,12924
2025-06-30T13:41:00+05:30,213.9,214.0,213.77,213.85,32212
2025-06-30T13:42:00+05:30,213.85,213.98,213.79,213.91,17207
2025-06-30T13:43:00+05:30,213.9,213.99,213.83,213.92,11638
2025-06-30T13:44:00+05:30,213.92,213.95,213.81,213.9,14594
2025-06-30T13:45:00+05:30,213.9,214.3,213.89,214.3,164554
2025-06-30T13:46:00+05:30,214.3,214.4,214.3,214.34,35550
2025-06-30T13:47:00+05:30,214.34,214.38,214.27,214.31,16298
2025-06-30T13:48:00+05:30,214.31,214.35,214.13,214.23,17321
2025-06-30T13:49:00+05:30,214.23,214.23,214.0,214.07,20098
2025-06-30T13:50:00+05:30,214.07,214.17,213.89,214.01,83964
2025-06-30T13:51:00+05:30,214.01,214.08,213.72,213.84,251053
2025-06-30T13:52:00+05:30,213.84,213.84,213.41,213.5,29863
2025-06-30T13:53:00+05:30,213.49,213.5,213.23,213.4,32817
2025-06-30T13:54:00+05:30,213.4,213.71,213.29,213.63,27752
2025-06-30T13:55:00+05:30,213.62,213.62,213.3,213.35,31985
2025-06-30T13:56:00+05:30,213.35,213.5,213.18,213.5,40355
2025-06-30T13:57:00+05:30,213.5,213.57,213.35,213.54,13941
2025-06-30T13:58:00+05:30,213.54,213.68,213.41,213.63,28538
2025-06-30T13:59:00+05:30,213.6,213.78,213.51,213.58,47695
2025-06-30T14:00:00+05:30,213.58,213.7,213.54,213.56,12775
2025-06-30T14:01:00+05:30,213.56,213.62,213.45,213.6,13946
2025-06-30T14:02:00+05:30,213.56,213.6,213.44,213.51,10858
2025-06-30T14:03:00+05:30,213.51,213.6,213.45,213.52,13343
2025-06-30T14:04:00+05:30,213.52,213.56,213.38,213.54,16024
2025-06-30T14:05:00+05:30,213.54,213.54,213.36,213.52,15903
2025-06-30T14:06:00+05:30,213.5,213.63,213.47,213.55,10937
2025-06-30T14:07:00+05:30,213.55,213.55,213.25,213.45,62709
2025-06-30T14:08:00+05:30,213.43,213.65,213.4,213.65,14669
2025-06-30T14:09:00+05:30,213.65,213.65,213.47,213.59,15692
2025-06-30T14:10:00+05:30,213.63,213.86,213.54,213.84,33678
2025-06-30T14:11:00+05:30,213.84,214.0,213.73,213.91,21046
2025-06-30T14:12:00+05:30,213.91,213.94,213.71,213.94,23397
2025-06-30T14:13:00+05:30,213.94,214.0,213.87,213.98,16946
2025-06-30T14:14:00+05:30,213.98,213.98,213.69,213.85,35223
2025-06-30T14:15:00+05:30,213.84,213.84,213.57,213.73,15418
2025-06-30T14:16:00+05:30,213.75,213.79,213.6,213.71,36807
2025-06-30T14:17:00+05:30,213.71,213.73,213.57,213.57,15940
2025-06-30T14:18:00+05:30,213.6,213.69,213.52,213.66,28263
2025-06-30T14:19:00+05:30,213.65,213.83,213.58,213.79,20782
2025-06-30T14:20:00+05:30,213.78,213.8,213.61,213.71,16175
2025-06-30T14:21:00+05:30,213.71,213.78,213.62,213.75,7585
2025-06-30T14:22:00+05:30,213.75,213.9,213.64,213.85,41696
2025-06-30T14:23:00+05:30,213.85,213.93,213.75,213.93,13711
2025-06-30T14:24:00+05:30,213.89,213.97,213.79,213.97,12417
2025-06-30T14:25:00+05:30,213.97,213.97,213.85,213.91,18631
2025-06-30T14:26:00+05:30,213.9,213.94,213.75,213.81,20220
2025-06-30T14:27:00+05:30,213.81,213.86,213.71,213.85,11426
2025-06-30T14:28:00+05:30,213.85,213.89,213.75,213.89,10074
2025-06-30T14:29:00+05:30,213.89,213.92,213.77,213.87,13769
2025-06-30T14:30:00+05:30,213.82,213.85,213.64,213.73,10568
2025-06-30T14:31:00+05:30,213.68,213.82,213.65,213.75,11408
2025-06-30T14:32:00+05:30,213.75,213.78,213.61,213.7,12517
2025-06-30T14:33:00+05:30,213.67,213.78,213.63,213.74,10850
2025-06-30T14:34:00+05:30,213.75,213.84,213.68,213.79,12592
2025-06-30T14:35:00+05:30,213.77,213.78,213.65,213.75,13984
2025-06-30T14:36:00+05:30,213.75,213.86,213.69,213.85,36574
2025-06-30T14:37:00+05:30,213.84,213.85,213.71,213.79,13890
2025-06-30T14:38:00+05:30,213.79,213.86,213.68,213.86,10313
2025-06-30T14:39:00+05:30,213.85,213.9,213.83,213.87,21670
2025-06-30T14:40:00+05:30,213.87,213.9,213.78,213.85,20088
2025-06-30T14:41:00+05:30,213.86,213.9,213.76,213.85,31682
2025-06-30T14:42:00+05:30,213.85,213.94,213.77,213.9,27386
2025-06-30T14:43:00+05:30,213.9,214.0,213.83,214.0,28467
2025-06-30T14:44:00+05:30,214.0,214.0,213.8,213.9,14524
2025-06-30T14:45:00+05:30,213.88,213.9,213.7,213.81,26485
2025-06-30T14:46:00+05:30,213.81,213.84,213.71,213.83,17922
2025-06-30T14:47:00+05:30,213.83,213.86,213.65,213.71,13765
2025-06-30T14:48:00+05:30,213.67,213.7,213.6,213.67,37709
2025-06-30T14:49:00+05:30,213.67,213.74,213.62,213.73,15984
2025-06-30T14:50:00+05:30,213.73,213.75,213.62,213.75,24167
2025-06-30T14:51:00+05:30,213.7,213.85,213.68,213.82,15131
2025-06-30T14:52:00+05:30,213.82,213.87,213.71,213.74,15680
2025-06-30T14:53:00+05:30,213.71,213.85,213.7,213.85,16942
2025-06-30T14:54:00+05:30,213.8,213.82,213.66,213.73,16766
2025-06-30T14:55:00+05:30,213.71,213.91,213.7,213.88,28775
2025-06-30T14:56:00+05:30,213.82,213.88,213.67,213.85,49632
2025-06-30T14:57:00+05:30,213.84,213.9,213.75,213.88,14766
2025-06-30T14:58:00+05:30,213.88,213.88,213.7,213.75,30612
2025-06-30T14:59:00+05:30,213.77,213.77,213.56,213.59,74834
2025-06-30T15:00:00+05:30,213.59,213.63,213.51,213.54,33173
2025-06-30T15:01:00+05:30,213.51,213.59,213.4,213.54,43439
2025-06-30T15:02:00+05:30,213.54,213.64,213.44,213.58,35031
2025-06-30T15:03:00+05:30,213.58,213.6,213.46,213.55,27093
2025-06-30T15:04:00+05:30,213.55,213.59,213.27,213.54,174255
2025-06-30T15:05:00+05:30,213.52,213.61,213.4,213.5,46443
2025-06-30T15:06:00+05:30,213.5,213.58,213.4,213.49,22172
2025-06-30T15:07:00+05:30,213.49,213.56,213.37,213.42,29511
2025-06-30T15:08:00+05:30,213.43,213.47,213.32,213.4,41435
2025-06-30T15:09:00+05:30,213.37,213.43,213.25,213.32,36950
2025-06-30T15:10:00+05:30,213.3,213.46,213.11,213.26,56126
2025-06-30T15:11:00+05:30,213.26,213.32,213.17,213.21,34696
2025-06-30T15:12:00+05:30,213.21,213.3,213.17,213.27,23601
2025-06-30T15:13:00+05:30,213.21,213.35,213.2,213.31,21162
2025-06-30T15:14:00+05:30,213.24,213.35,213.14,213.26,56959
2025-06-30T15:15:00+05:30,213.16,213.42,213.15,213.28,80757
2025-06-30T15:16:00+05:30,213.28,213.33,213.03,213.1,77407
2025-06-30T15:17:00+05:30,213.11,213.12,213.0,213.03,50368
2025-06-30T15:18:00+05:30,213.03,213.19,213.01,213.05,72259
2025-06-30T15:19:00+05:30,213.05,213.09,212.94,213.0,38980
2025-06-30T15:20:00+05:30,213.0,213.26,212.99,213.14,91833
2025-06-30T15:21:00+05:30,213.16,213.17,212.72,213.02,87570
2025-06-30T15:22:00+05:30,213.02,213.09,212.88,213.0,103071
2025-06-30T15:23:00+05:30,213.0,213.0,212.36,212.82,111280
2025-06-30T15:24:00+05:30,212.83,212.85,212.36,212.79,32452
2025-06-30T15:25:00+05:30,212.79,212.85,212.71,212.78,33052
2025-06-30T15:26:00+05:30,212.78,212.8,212.55,212.65,37912
2025-06-30T15:27:00+05:30,212.63,212.65,212.35,212.44,63085
2025-06-30T15:28:00+05:30,212.56,212.66,212.55,212.66,66023
2025-06-30T15:29:00+05:30,212.65,212.76,212.55,212.7,22186
2025-07-01T09:15:00+05:30,214.18,214.19,212.47,212.87,136111
2025-07-01T09:16:00+05:30,212.9,213.44,212.5,213.2,93652
2025-07-01T09:17:00+05:30,213.2,213.51,212.83,213.45,116756
2025-07-01T09:18:00+05:30,213.41,213.49,213.06,213.29,69476
2025-07-01T09:19:00+05:30,213.29,213.29,212.75,212.88,75697
2025-07-01T09:20:00+05:30,212.85,213.07,212.66,212.96,45581
2025-07-01T09:21:00+05:30,212.96,212.98,212.8,212.85,39764
2025-07-01T09:22:00+05:30,212.85,212.85,212.47,212.47,18188
2025-07-01T09:23:00+05:30,212.49,212.75,212.41,212.59,51524
2025-07-01T09:24:00+05:30,212.59,212.67,212.5,212.52,25903
2025-07-01T09:25:00+05:30,212.52,212.78,212.52,212.69,32223
2025-07-01T09:26:00+05:30,212.69,212.73,212.55,212.59,17523
2025-07-01T09:27:00+05:30,212.59,212.8,212.5,212.66,32575
2025-07-01T09:28:00+05:30,212.57,212.7,212.5,212.5,12432
2025-07-01T09:29:00+05:30,212.6,212.61,212.2,212.51,87350
2025-07-01T09:30:00+05:30,212.51,212.53,212.35,212.42,18608
2025-07-01T09:31:00+05:30,212.42,212.61,212.21,212.61,67757
2025-07-01T09:32:00+05:30,212.63,212.75,212.26,212.71,48504
2025-07-01T09:33:00+05:30,212.71,212.73,212.5,212.63,41807
2025-07-01T09:34:00+05:30,212.63,212.72,212.5,212.7,35879
2025-07-01T09:35:00+05:30,212.7,212.72,212.4,212.51,44220
2025-07-01T09:36:00+05:30,212.51,212.57,212.22,212.35,20484
2025-07-01T09:37:00+05:30,212.27,212.43,212.22,212.37,15078
2025-07-01T09:38:00+05:30,212.39,212.55,212.35,212.53,25565
2025-07-01T09:39:00+05:30,212.52,212.7,212.52,212.68,14506
2025-07-01T09:40:00+05:30,212.68,212.82,212.6,212.73,23212
2025-07-01T09:41:00+05:30,212.72,212.75,212.59,212.68,14424
2025-07-01T09:42:00+05:30,212.69,212.73,212.51,212.66,10575
2025-07-01T09:43:00+05:30,212.64,212.64,212.35,212.41,14396
2025-07-01T09:44:00+05:30,212.42,212.43,212.2,212.2,14020
2025-07-01T09:45:00+05:30,212.25,212.25,212.0,212.19,13290
2025-07-01T09:46:00+05:30,212.19,212.19,212.0,212.08,24182
2025-07-01T09:47:00+05:30,212.08,212.36,212.0,212.25,12910
2025-07-01T09:48:00+05:30,212.35,212.5,212.25,212.5,5588
2025-07-01T09:49:00+05:30,212.46,212.5,212.37,212.48,23053
2025-07-01T09:50:00+05:30,212.42,212.5,212.22,212.28,33545
2025-07-01T09:51:00+05:30,212.22,212.34,212.2,212.3,28775
2025-07-01T09:52:00+05:30,212.29,212.3,212.2,212.2,8019
2025-07-01T09:53:00+05:30,212.25,212.43,212.2,212.25,9164
2025-07-01T09:54:00+05:30,212.3,212.31,212.2,212.2,4574
2025-07-01T09:55:00+05:30,212.25,212.29,212.2,212.27,8859
2025-07-01T09:56:00+05:30,212.27,212.49,212.1,212.43,36784
2025-07-01T09:57:00+05:30,212.43,212.56,212.36,212.47,9485
2025-07-01T09:58:00+05:30,212.38,212.59,212.36,212.5,29760
2025-07-01T09:59:00+05:30,212.56,212.61,212.46,212.61,10137
2025-07-01T10:00:00+05:30,212.62,212.69,212.41,212.5,12189
2025-07-01T10:01:00+05:30,212.47,212.5,212.3,212.31,5094
2025-07-01T10:02:00+05:30,212.39,212.43,212.19,212.28,4537
2025-07-01T10:03:00+05:30,212.28,212.29,212.1,212.15,26266
2025-07-01T10:04:00+05:30,212.2,212.31,212.11,212.21,10739
2025-07-01T10:05:00+05:30,212.12,212.28,212.06,212.23,54076
2025-07-01T10:06:00+05:30,212.2,212.52,212.2,212.38,33545
2025-07-01T10:07:00+05:30,212.31,212.35,212.19,212.3,8008
2025-07-01T10:08:00+05:30,212.29,212.47,212.21,212.36,7886
2025-07-01T10:09:00+05:30,212.32,212.36,212.16,212.32,14303
2025-07-01T10:10:00+05:30,212.32,212.32,212.05,212.17,9121
2025-07-01T10:11:00+05:30,212.18,212.21,212.05,212.11,6436
2025-07-01T10:12:00+05:30,212.1,212.1,211.9,211.98,25076
2025-07-01T10:13:00+05:30,211.98,211.98,211.72,211.79,19753
2025-07-01T10:14:00+05:30,211.74,211.79,211.66,211.75,8912
2025-07-01T10:15:00+05:30,211.74,211.75,211.6,211.7,6995
2025-07-01T10:16:00+05:30,211.7,211.73,211.63,211.67,9622
2025-07-01T10:17:00+05:30,211.73,211.79,211.64,211.69,28390
2025-07-01T10:18:00+05:30,211.73,211.79,211.65,211.75,14352
2025-07-01T10:19:00+05:30,211.75,211.99,211.7,211.8,36517
2025-07-01T10:20:00+05:30,211.85,211.99,211.76,211.84,19883
2025-07-01T10:21:00+05:30,211.84,211.96,211.76,211.89,10132
2025-07-01T10:22:00+05:30,211.88,211.94,211.8,211.88,9159
2025-07-01T10:23:00+05:30,211.88,212.14,211.8,212.1,36345
2025-07-01T10:24:00+05:30,212.07,212.07,211.9,211.99,10691
2025-07-01T10:25:00+05:30,211.98,212.1,211.91,212.0,8657
2025-07-01T10:26:00+05:30,212.0,212.14,211.99,212.1,6701
2025-07-01T10:27:00+05:30,212.14,212.14,211.94,212.05,15952
2025-07-01T10:28:00+05:30,212.0,212.34,211.87,212.08,58745
2025-07-01T10:29:00+05:30,212.09,212.1,211.87,211.99,10182
2025-07-01T10:30:00+05:30,211.94,212.0,211.9,212.0,7299
2025-07-01T10:31:00+05:30,212.0,212.25,211.93,212.15,21568
2025-07-01T10:32:00+05:30,212.15,212.64,212.1,212.5,38177
2025-07-01T10:33:00+05:30,212.41,212.79,212.39,212.56,55948
2025-07-01T10:34:00+05:30,212.46,212.54,212.3,212.47,15269
2025-07-01T10:35:00+05:30,212.47,212.55,212.33,212.46,15836
2025-07-01T10:36:00+05:30,212.47,212.47,212.2,212.3,29579
2025-07-01T10:37:00+05:30,212.3,212.31,212.11,212.2,12726
2025-07-01T10:38:00+05:30,212.24,212.26,212.11,212.22,24579
2025-07-01T10:39:00+05:30,212.25,212.43,212.23,212.36,17028
2025-07-01T10:40:00+05:30,212.34,212.35,212.11,212.31,2985
2025-07-01T10:41:00+05:30,212.22,212.41,212.22,212.3,19773
2025-07-01T10:42:00+05:30,212.3,212.47,212.3,212.44,6580
2025-07-01T10:43:00+05:30,212.4,212.48,212.31,212.36,14011
2025-07-01T10:44:00+05:30,212.43,212.48,212.32,212.41,5109
2025-07-01T10:45:00+05:30,212.41,212.5,212.32,212.42,6497
2025-07-01T10:46:00+05:30,212.34,212.44,212.3,212.41,8308
2025-07-01T10:47:00+05:30,212.34,212.43,212.3,212.39,5553
2025-07-01T10:48:00+05:30,212.39,212.55,212.32,212.44,16517
2025-07-01T10:49:00+05:30,212.45,212.45,212.31,212.35,3482
2025-07-01T10:50:00+05:30,212.37,212.46,212.31,212.46,3491
2025-07-01T10:51:00+05:30,212.43,212.55,212.42,212.52,7936
2025-07-01T10:52:00+05:30,212.54,212.54,212.36,212.41,24568
2025-07-01T10:53:00+05:30,212.37,212.46,212.31,212.43,8874
2025-07-01T10:54:00+05:30,212.42,212.59,212.35,212.52,10703
2025-07-01T10:55:00+05:30,212.52,212.55,212.36,212.36,4158
2025-07-01T10:56:00+05:30,212.44,212.45,212.36,212.39,6038
2025-07-01T10:57:00+05:30,212.39,212.44,212.31,212.4,33667
2025-07-01T10:58:00+05:30,212.33,212.43,212.33,212.43,3878
2025-07-01T10:59:00+05:30,212.42,212.51,212.36,212.47,9262
2025-07-01T11:00:00+05:30,212.47,212.5,212.38,212.47,3778
2025-07-01T11:01:00+05:30,212.47,212.47,212.3,212.42,11879
2025-07-01T11:02:00+05:30,212.37,213.02,212.32,212.43,303054
2025-07-01T11:03:00+05:30,212.4,212.51,212.28,212.43,18276
2025-07-01T11:04:00+05:30,212.41,212.52,212.34,212.43,9657
2025-07-01T11:05:00+05:30,212.49,212.59,212.46,212.5,11714
2025-07-01T11:06:00+05:30,212.55,212.57,212.44,212.56,4330
2025-07-01T11:07:00+05:30,212.56,213.01,212.51,212.98,40744
2025-07-01T11:08:00+05:30,212.92,213.25,212.81,213.09,28765
2025-07-01T11:09:00+05:30,213.0,213.11,212.96,213.05,15176
2025-07-01T11:10:00+05:30,213.1,213.4,213.08,213.37,22405
2025-07-01T11:11:00+05:30,213.37,213.43,213.0,213.3,76867
2025-07-01T11:12:00+05:30,213.34,213.4,213.1,213.24,26435
2025-07-01T11:13:00+05:30,213.34,213.78,213.2,213.6,63023
2025-07-01T11:14:00+05:30,213.6,213.79,213.5,213.59,55747
2025-07-01T11:15:00+05:30,213.51,213.59,213.26,213.37,16527
2025-07-01T11:16:00+05:30,213.31,213.4,213.18,213.22,24275
2025-07-01T11:17:00+05:30,213.3,213.45,213.21,213.45,12295
2025-07-01T11:18:00+05:30,213.44,213.5,213.31,213.37,6800
2025-07-01T11:19:00+05:30,213.32,213.38,213.2,213.23,8687
2025-07-01T11:20:00+05:30,213.21,213.39,213.16,213.38,6489
2025-07-01T11:21:00+05:30,213.27,213.45,213.27,213.45,7652
2025-07-01T11:22:00+05:30,213.45,213.47,213.34,213.4,5428
2025-07-01T11:23:00+05:30,213.45,213.46,213.31,213.31,6221
2025-07-01T11:24:00+05:30,213.32,213.42,213.24,213.35,4703
2025-07-01T11:25:00+05:30,213.35,213.4,213.23,213.23,6927
2025-07-01T11:26:00+05:30,213.33,213.46,213.25,213.4,10011
2025-07-01T11:27:00+05:30,213.34,213.47,213.3,213.44,6004
2025-07-01T11:28:00+05:30,213.44,213.44,213.24,213.32,3585
2025-07-01T11:29:00+05:30,213.27,213.44,213.22,213.36,10509
2025-07-01T11:30:00+05:30,213.4,213.4,213.29,213.29,6516
2025-07-01T11:31:00+05:30,213.38,213.39,213.23,213.3,7662
2025-07-01T11:32:00+05:30,213.37,213.37,213.27,213.35,6023
2025-07-01T11:33:00+05:30,213.31,213.37,213.28,213.31,7763
2025-07-01T11:34:00+05:30,213.31,213.36,213.17,213.28,6927
2025-07-01T11:35:00+05:30,213.28,213.29,213.11,213.17,5016
2025-07-01T11:36:00+05:30,213.17,213.22,213.11,213.11,11154
2025-07-01T11:37:00+05:30,213.2,213.22,213.11,213.21,7471
2025-07-01T11:38:00+05:30,213.21,213.36,213.11,213.25,12346
2025-07-01T11:39:00+05:30,213.24,213.3,213.21,213.3,4538
2025-07-01T11:40:00+05:30,213.29,213.3,213.21,213.23,3922
2025-07-01T11:41:00+05:30,213.3,213.36,213.22,213.34,5375
2025-07-01T11:42:00+05:30,213.34,213.66,213.3,213.65,13202
2025-07-01T11:43:00+05:30,213.65,213.66,213.4,213.5,35252
2025-07-01T11:44:00+05:30,213.5,213.6,213.41,213.55,15399
2025-07-01T11:45:00+05:30,213.55,213.58,213.41,213.53,9145
2025-07-01T11:46:00+05:30,213.53,213.6,213.46,213.55,3394
2025-07-01T11:47:00+05:30,213.55,213.6,213.43,213.6,9383
2025-07-01T11:48:00+05:30,213.6,213.6,213.49,213.52,3792
2025-07-01T11:49:00+05:30,213.55,213.59,213.49,213.49,6957
2025-07-01T11:50:00+05:30,213.53,213.57,213.4,213.51,5487
2025-07-01T11:51:00+05:30,213.51,213.55,213.4,213.4,5683
2025-07-01T11:52:00+05:30,213.41,213.51,213.37,213.42,4824
2025-07-01T11:53:00+05:30,213.42,213.5,213.34,213.43,7921
2025-07-01T11:54:00+05:30,213.5,213.5,213.33,213.49,5514
2025-07-01T11:55:00+05:30,213.49,213.55,213.41,213.45,5607
2025-07-01T11:56:00+05:30,213.5,213.53,213.37,213.44,5472
2025-07-01T11:57:00+05:30,213.44,213.53,213.33,213.49,12156
2025-07-01T11:58:00+05:30,213.5,213.54,213.41,213.52,5399
2025-07-01T11:59:00+05:30,213.51,213.7,213.5,213.6,39506
2025-07-01T12:00:00+05:30,213.65,213.86,213.6,213.86,26155
2025-07-01T12:01:00+05:30,213.89,213.9,213.62,213.69,19949
2025-07-01T12:02:00+05:30,213.7,213.73,213.62,213.7,4085
2025-07-01T12:03:00+05:30,213.67,213.68,213.55,213.57,11105
2025-07-01T12:04:00+05:30,213.57,213.7,213.56,213.57,8770
2025-07-01T12:05:00+05:30,213.65,213.7,213.56,213.65,5500
2025-07-01T12:06:00+05:30,213.66,213.68,213.5,213.5,5973
2025-07-01T12:07:00+05:30,213.53,213.57,213.5,213.5,3554
2025-07-01T12:08:00+05:30,213.55,213.57,213.5,213.5,5090
2025-07-01T12:09:00+05:30,213.54,213.55,213.5,213.5,4431
2025-07-01T12:10:00+05:30,213.53,213.66,213.47,213.51,14975
2025-07-01T12:11:00+05:30,213.5,213.7,213.46,213.7,5697
2025-07-01T12:12:00+05:30,213.7,213.8,213.59,213.71,25813
2025-07-01T12:13:00+05:30,213.72,213.76,213.61,213.75,5183
2025-07-01T12:14:00+05:30,213.75,213.79,213.62,213.76,8711
2025-07-01T12:15:00+05:30,213.79,213.79,213.64,213.77,10008
2025-07-01T12:16:00+05:30,213.77,213.77,213.6,213.68,10338
2025-07-01T12:17:00+05:30,213.7,213.73,213.6,213.72,6501
2025-07-01T12:18:00+05:30,213.73,213.77,213.63,213.63,5892
2025-07-01T12:19:00+05:30,213.72,213.85,213.62,213.75,11542
2025-07-01T12:20:00+05:30,213.85,213.98,213.78,213.85,23723
2025-07-01T12:21:00+05:30,213.95,214.1,213.82,213.97,72873
2025-07-01T12:22:00+05:30,213.95,214.1,213.95,214.04,14329
2025-07-01T12:23:00+05:30,214.04,214.07,213.94,214.04,4635
2025-07-01T12:24:00+05:30,214.04,214.18,213.94,214.1,16303
2025-07-01T12:25:00+05:30,214.16,214.16,213.9,214.05,11046
2025-07-01T12:26:00+05:30,214.01,214.06,213.92,214.03,8455
2025-07-01T12:27:00+05:30,214.03,214.18,213.94,214.18,9991
2025-07-01T12:28:00+05:30,214.18,214.4,214.08,214.37,43310
2025-07-01T12:29:00+05:30,214.39,214.68,214.28,214.67,61337
2025-07-01T12:30:00+05:30,214.69,214.9,214.69,214.8,50212
2025-07-01T12:31:00+05:30,214.86,215.29,214.83,215.02,224345
2025-07-01T12:32:00+05:30,215.09,215.4,214.93,215.28,114905
2025-07-01T12:33:00+05:30,215.28,215.62,215.19,215.6,182652
2025-07-01T12:34:00+05:30,215.57,215.8,215.5,215.8,81093
2025-07-01T12:35:00+05:30,215.8,215.89,215.7,215.85,65885
2025-07-01T12:36:00+05:30,215.85,215.97,215.75,215.93,88580
2025-07-01T12:37:00+05:30,215.98,215.99,215.7,215.73,67466
2025-07-01T12:38:00+05:30,215.73,215.9,215.71,215.85,48564
2025-07-01T12:39:00+05:30,215.85,216.4,215.76,216.28,203887
2025-07-01T12:40:00+05:30,216.37,216.65,216.13,216.56,114377
2025-07-01T12:41:00+05:30,216.55,216.55,216.01,216.2,86925
2025-07-01T12:42:00+05:30,216.27,216.4,216.0,216.37,164817
2025-07-01T12:43:00+05:30,216.37,216.5,216.31,216.45,58622
2025-07-01T12:44:00+05:30,216.49,216.49,216.0,216.27,196180
2025-07-01T12:45:00+05:30,216.28,216.47,216.18,216.29,29860
2025-07-01T12:46:00+05:30,216.3,216.4,216.15,216.28,31582
2025-07-01T12:47:00+05:30,216.24,216.39,216.1,216.32,67015
2025-07-01T12:48:00+05:30,216.34,216.4,216.15,216.32,55034
2025-07-01T12:49:00+05:30,216.33,216.4,216.18,216.39,44374
2025-07-01T12:50:00+05:30,216.39,216.4,216.25,216.39,26621
2025-07-01T12:51:00+05:30,216.38,216.39,216.21,216.31,40746
2025-07-01T12:52:00+05:30,216.35,216.59,216.23,216.59,102806
2025-07-01T12:53:00+05:30,216.59,216.6,216.41,216.55,32598
2025-07-01T12:54:00+05:30,216.54,216.6,216.5,216.6,25209
2025-07-01T12:55:00+05:30,216.56,216.8,216.51,216.8,82359
2025-07-01T12:56:00+05:30,216.77,216.85,216.57,216.64,59137
2025-07-01T12:57:00+05:30,216.63,216.71,216.5,216.68,55978
2025-07-01T12:58:00+05:30,216.7,216.75,216.51,216.7,21917
2025-07-01T12:59:00+05:30,216.7,216.74,216.64,216.64,15747
2025-07-01T13:00:00+05:30,216.64,216.7,216.54,216.55,18210
2025-07-01T13:01:00+05:30,216.56,216.62,216.5,216.6,47656
2025-07-01T13:02:00+05:30,216.6,216.65,216.55,216.6,16971
2025-07-01T13:03:00+05:30,216.6,216.9,216.53,216.56,84437
2025-07-01T13:04:00+05:30,216.62,216.64,216.5,216.55,51888
2025-07-01T13:05:00+05:30,216.52,216.54,216.4,216.52,60501
2025-07-01T13:06:00+05:30,216.5,216.6,216.37,216.54,194759
2025-07-01T13:07:00+05:30,216.59,216.69,216.53,216.6,29926
2025-07-01T13:08:00+05:30,216.6,216.6,216.5,216.52,20567
2025-07-01T13:09:00+05:30,216.52,216.6,216.5,216.6,21593
2025-07-01T13:10:00+05:30,216.58,217.0,216.58,216.99,200200
2025-07-01T13:11:00+05:30,216.99,217.0,216.71,216.77,35739
2025-07-01T13:12:00+05:30,216.77,216.88,216.63,216.8,23294
2025-07-01T13:13:00+05:30,216.84,216.84,216.7,216.71,21472
2025-07-01T13:14:00+05:30,216.71,216.8,216.7,216.8,20091
2025-07-01T13:15:00+05:30,216.8,216.9,216.0,216.55,390531
2025-07-01T13:16:00+05:30,216.58,216.65,216.44,216.53,30292
2025-07-01T13:17:00+05:30,216.6,216.84,216.51,216.75,41716
2025-07-01T13:18:00+05:30,216.8,216.8,216.54,216.7,18992
2025-07-01T13:19:00+05:30,216.7,217.2,216.59,217.06,172980
2025-07-01T13:20:00+05:30,217.1,217.2,217.0,217.2,38583
2025-07-01T13:21:00+05:30,217.2,217.4,217.16,217.39,78951
2025-07-01T13:22:00+05:30,217.39,217.5,217.21,217.5,80674
2025-07-01T13:23:00+05:30,217.49,217.6,217.09,217.25,73384
2025-07-01T13:24:00+05:30,217.24,217.3,217.0,217.1,42542
2025-07-01T13:25:00+05:30,217.16,217.24,217.03,217.19,26441
2025-07-01T13:26:00+05:30,217.19,217.21,217.03,217.1,15987
2025-07-01T13:27:00+05:30,217.1,217.42,217.03,217.42,33825
2025-07-01T13:28:00+05:30,217.41,217.45,217.21,217.41,24839
2025-07-01T13:29:00+05:30,217.39,217.46,217.28,217.38,27395
2025-07-01T13:30:00+05:30,217.44,217.45,217.34,217.45,20766
2025-07-01T13:31:00+05:30,217.45,217.46,217.39,217.45,77109
2025-07-01T13:32:00+05:30,217.41,217.45,217.39,217.44,22365
2025-07-01T13:33:00+05:30,217.4,217.45,217.2,217.39,34670
2025-07-01T13:34:00+05:30,217.44,217.45,217.35,217.45,27050
2025-07-01T13:35:00+05:30,217.45,217.45,217.36,217.45,18207
2025-07-01T13:36:00+05:30,217.41,217.55,217.36,217.55,81317
2025-07-01T13:37:00+05:30,217.55,217.6,217.43,217.53,51871
2025-07-01T13:38:00+05:30,217.55,217.69,217.51,217.69,34869
2025-07-01T13:39:00+05:30,217.69,217.79,217.62,217.79,36753
2025-07-01T13:40:00+05:30,217.78,217.97,217.75,217.94,74315
2025-07-01T13:41:00+05:30,217.89,217.95,217.81,217.92,40380
2025-07-01T13:42:00+05:30,217.92,217.95,217.8,217.95,36330
2025-07-01T13:43:00+05:30,217.92,217.93,217.59,217.64,36682
2025-07-01T13:44:00+05:30,217.7,217.8,217.61,217.7,23602
2025-07-01T13:45:00+05:30,217.75,217.8,217.7,217.8,23067
2025-07-01T13:46:00+05:30,217.8,217.88,217.75,217.8,15312
2025-07-01T13:47:00+05:30,217.76,217.8,217.36,217.58,189192
2025-07-01T13:48:00+05:30,217.56,217.7,217.53,217.68,15288
2025-07-01T13:49:00+05:30,217.68,217.79,217.42,217.55,88372
2025-07-01T13:50:00+05:30,217.5,217.66,217.5,217.58,26249
2025-07-01T13:51:00+05:30,217.58,217.61,217.43,217.55,107164
2025-07-01T13:52:00+05:30,217.58,217.58,217.5,217.53,65398
2025-07-01T13:53:00+05:30,217.53,217.75,217.51,217.75,28557
2025-07-01T13:54:00+05:30,217.73,217.8,217.67,217.8,23375
2025-07-01T13:55:00+05:30,217.8,217.89,217.75,217.88,40239
2025-07-01T13:56:00+05:30,217.82,217.87,217.64,217.65,36617
2025-07-01T13:57:00+05:30,217.7,217.76,217.57,217.75,42310
2025-07-01T13:58:00+05:30,217.72,217.87,217.71,217.85,20002
2025-07-01T13:59:00+05:30,217.83,217.87,217.71,217.86,26248
2025-07-01T14:00:00+05:30,217.86,217.95,217.85,217.9,36935
2025-07-01T14:01:00+05:30,217.9,217.95,217.77,217.8,24250
2025-07-01T14:02:00+05:30,217.89,217.9,217.8,217.88,53250
2025-07-01T14:03:00+05:30,217.88,217.99,217.82,217.95,47388
2025-07-01T14:04:00+05:30,217.99,218.13,217.89,218.01,113272
2025-07-01T14:05:00+05:30,218.03,218.12,217.81,217.99,43678
2025-07-01T14:06:00+05:30,218.0,218.1,217.9,218.1,21511
2025-07-01T14:07:00+05:30,218.1,218.13,217.97,217.97,28239
2025-07-01T14:08:00+05:30,218.05,218.09,217.91,218.05,17772
2025-07-01T14:09:00+05:30,217.99,218.04,217.82,217.9,22157
2025-07-01T14:10:00+05:30,217.93,217.95,217.81,217.81,18548
2025-07-01T14:11:00+05:30,217.87,217.92,217.81,217.9,31134
2025-07-01T14:12:00+05:30,217.92,218.1,217.82,218.09,36713
2025-07-01T14:13:00+05:30,218.06,218.1,218.0,218.1,32330
2025-07-01T14:14:00+05:30,218.1,218.7,218.01,218.7,257199
2025-07-01T14:15:00+05:30,218.69,218.85,218.65,218.84,107341
2025-07-01T14:16:00+05:30,218.84,218.9,218.79,218.88,71361
2025-07-01T14:17:00+05:30,218.85,218.9,218.25,218.58,147974
2025-07-01T14:18:00+05:30,218.56,218.7,218.55,218.69,29589
2025-07-01T14:19:00+05:30,218.69,218.87,218.5,218.82,101518
2025-07-01T14:20:00+05:30,218.82,218.85,218.71,218.82,38491
2025-07-01T14:21:00+05:30,218.83,218.83,218.7,218.75,36611
2025-07-01T14:22:00+05:30,218.75,218.85,218.67,218.85,126199
2025-07-01T14:23:00+05:30,218.85,218.9,218.8,218.82,57282
2025-07-01T14:24:00+05:30,218.88,218.89,218.8,218.88,25332
2025-07-01T14:25:00+05:30,218.88,218.9,218.65,218.8,156410
2025-07-01T14:26:00+05:30,218.78,218.84,218.74,218.82,24346
2025-07-01T14:27:00+05:30,218.81,219.21,218.75,219.09,341224
2025-07-01T14:28:00+05:30,219.09,219.1,218.77,219.04,326452
2025-07-01T14:29:00+05:30,219.04,219.07,218.95,219.05,86606
2025-07-01T14:30:00+05:30,219.05,219.2,219.0,219.15,89077
2025-07-01T14:31:00+05:30,219.15,219.45,219.1,219.15,172314
2025-07-01T14:32:00+05:30,219.13,219.22,218.88,219.07,107123
2025-07-01T14:33:00+05:30,219.06,219.07,218.9,219.0,95961
2025-07-01T14:34:00+05:30,219.0,219.1,218.9,219.09,66131
2025-07-01T14:35:00+05:30,219.09,219.26,218.93,219.22,193640
2025-07-01T14:36:00+05:30,219.22,219.26,218.97,219.0,60005
2025-07-01T14:37:00+05:30,219.1,219.11,218.81,218.92,116430
2025-07-01T14:38:00+05:30,218.93,219.1,218.87,219.0,73592
2025-07-01T14:39:00+05:30,219.03,219.1,218.92,218.92,34476
2025-07-01T14:40:00+05:30,218.95,218.95,218.8,218.89,43932
2025-07-01T14:41:00+05:30,218.89,218.93,218.76,218.9,44350
2025-07-01T14:42:00+05:30,218.9,218.91,218.77,218.88,56243
2025-07-01T14:43:00+05:30,218.88,218.88,218.58,218.68,77287
2025-07-01T14:44:00+05:30,218.69,218.7,218.6,218.67,27348
2025-07-01T14:45:00+05:30,218.67,218.7,218.51,218.62,68921
2025-07-01T14:46:00+05:30,218.61,218.67,218.56,218.67,39723
2025-07-01T14:47:00+05:30,218.67,218.67,218.5,218.6,46359
2025-07-01T14:48:00+05:30,218.59,218.84,218.5,218.84,126648
2025-07-01T14:49:00+05:30,218.84,219.08,218.8,218.95,163136
2025-07-01T14:50:00+05:30,219.03,219.05,218.88,219.05,60561
2025-07-01T14:51:00+05:30,219.04,219.04,218.75,218.9,139241
2025-07-01T14:52:00+05:30,218.9,219.04,218.82,218.97,112642
2025-07-01T14:53:00+05:30,218.97,219.06,218.93,219.0,76932
2025-07-01T14:54:00+05:30,219.03,219.05,218.84,219.0,93771
2025-07-01T14:55:00+05:30,218.99,219.05,218.89,219.05,67875
2025-07-01T14:56:00+05:30,219.05,219.06,218.88,219.01,98237
2025-07-01T14:57:00+05:30,219.01,219.07,218.96,219.05,81210
2025-07-01T14:58:00+05:30,219.05,219.1,218.96,219.1,73852
2025-07-01T14:59:00+05:30,219.1,219.1,219.0,219.07,74319
2025-07-01T15:00:00+05:30,219.07,219.07,218.58,218.69,56634
2025-07-01T15:01:00+05:30,218.69,218.75,218.5,218.56,46823
2025-07-01T15:02:00+05:30,218.61,218.9,218.52,218.9,71821
2025-07-01T15:03:00+05:30,218.9,218.95,218.71,218.72,53202
2025-07-01T15:04:00+05:30,218.81,218.85,218.7,218.81,37022
2025-07-01T15:05:00+05:30,218.81,218.83,218.66,218.82,37138
2025-07-01T15:06:00+05:30,218.82,218.85,218.64,218.79,42627
2025-07-01T15:07:00+05:30,218.79,218.8,218.6,218.65,50411
2025-07-01T15:08:00+05:30,218.65,218.75,218.51,218.64,65215
2025-07-01T15:09:00+05:30,218.65,218.85,218.59,218.75,31725
2025-07-01T15:10:00+05:30,218.75,218.86,218.69,218.81,35361
2025-07-01T15:11:00+05:30,218.81,218.91,218.74,218.79,47762
2025-07-01T15:12:00+05:30,218.79,218.85,218.7,218.76,19060
2025-07-01T15:13:00+05:30,218.8,218.83,218.62,218.79,62130
2025-07-01T15:14:00+05:30,218.79,218.79,218.67,218.72,33668
2025-07-01T15:15:00+05:30,218.75,218.8,218.6,218.66,110968
2025-07-01T15:16:00+05:30,218.67,218.8,218.57,218.6,98763
2025-07-01T15:17:00+05:30,218.7,218.71,218.52,218.6,63325
2025-07-01T15:18:00+05:30,218.6,218.6,218.51,218.55,98496
2025-07-01T15:19:00+05:30,218.6,218.6,218.53,218.58,46178
2025-07-01T15:20:00+05:30,218.59,218.85,218.57,218.83,69504
2025-07-01T15:21:00+05:30,218.83,218.96,218.79,218.92,35938
2025-07-01T15:22:00+05:30,218.92,219.0,218.86,218.91,46778
2025-07-01T15:23:00+05:30,218.98,219.05,218.91,218.92,53091
2025-07-01T15:24:00+05:30,218.93,219.0,218.83,218.83,88996
2025-07-01T15:25:00+05:30,218.89,218.97,218.81,218.93,65618
2025-07-01T15:26:00+05:30,218.93,218.93,218.8,218.88,29738
2025-07-01T15:27:00+05:30,218.88,218.88,218.13,218.7,145787
2025-07-01T15:28:00+05:30,218.7,218.8,218.61,218.75,35712
2025-07-01T15:29:00+05:30,218.75,218.9,218.66,218.82,49574
2025-07-02T09:15:00+05:30,219.95,219.98,218.2,218.33,361998
2025-07-02T09:16:00+05:30,218.42,218.46,217.77,218.1,156010
2025-07-02T09:17:00+05:30,218.1,218.44,217.88,218.21,84307
2025-07-02T09:18:00+05:30,218.21,218.29,217.85,218.0,83179
2025-07-02T09:19:00+05:30,218.0,218.08,217.31,217.45,96934
2025-07-02T09:20:00+05:30,217.45,217.79,217.37,217.79,82890
2025-07-02T09:21:00+05:30,217.78,217.94,217.69,217.8,78192
2025-07-02T09:22:00+05:30,217.89,218.0,217.7,218.0,35042
2025-07-02T09:23:00+05:30,217.93,218.24,217.77,218.16,47739
2025-07-02T09:24:00+05:30,218.12,218.42,218.02,218.27,66460
2025-07-02T09:25:00+05:30,218.2,218.47,218.15,218.41,55404
2025-07-02T09:26:00+05:30,218.41,218.6,218.12,218.5,27152
2025-07-02T09:27:00+05:30,218.48,218.75,218.37,218.59,69656
2025-07-02T09:28:00+05:30,218.56,218.79,218.43,218.62,88039
2025-07-02T09:29:00+05:30,218.62,218.64,218.3,218.36,39399
2025-07-02T09:30:00+05:30,218.38,218.51,218.3,218.34,28805
2025-07-02T09:31:00+05:30,218.38,218.4,218.15,218.15,26046
2025-07-02T09:32:00+05:30,218.1,218.29,218.1,218.11,18793
2025-07-02T09:33:00+05:30,218.11,218.12,217.85,217.88,42097
2025-07-02T09:34:00+05:30,217.85,218.4,217.85,218.4,40758
2025-07-02T09:35:00+05:30,218.33,218.42,218.15,218.22,32092
2025-07-02T09:36:00+05:30,218.15,218.49,218.15,218.41,41550
2025-07-02T09:37:00+05:30,218.4,218.5,218.33,218.35,25164
2025-07-02T09:38:00+05:30,218.42,218.43,218.07,218.16,24844
2025-07-02T09:39:00+05:30,218.16,218.2,218.06,218.18,22859
2025-07-02T09:40:00+05:30,218.16,218.2,218.02,218.09,19889
2025-07-02T09:41:00+05:30,218.03,218.2,218.03,218.14,22407
2025-07-02T09:42:00+05:30,218.1,218.14,217.94,218.0,33092
2025-07-02T09:43:00+05:30,217.97,217.97,217.62,217.7,54393
2025-07-02T09:44:00+05:30,217.7,217.94,217.65,217.88,39193
2025-07-02T09:45:00+05:30,217.83,218.0,217.74,217.89,31618
2025-07-02T09:46:00+05:30,217.87,217.99,217.84,217.91,10045
2025-07-02T09:47:00+05:30,217.87,218.0,217.51,217.6,28410
2025-07-02T09:48:00+05:30,217.58,217.58,217.4,217.45,34806
2025-07-02T09:49:00+05:30,217.43,217.58,217.38,217.53,18968
2025-07-02T09:50:00+05:30,217.55,217.88,217.55,217.86,23297
2025-07-02T09:51:00+05:30,217.81,217.93,217.78,217.87,30255
2025-07-02T09:52:00+05:30,217.84,217.85,217.56,217.64,32287
2025-07-02T09:53:00+05:30,217.68,217.69,217.6,217.66,33536
2025-07-02T09:54:00+05:30,217.65,217.76,217.5,217.5,50863
2025-07-02T09:55:00+05:30,217.46,217.62,217.46,217.6,12820
2025-07-02T09:56:00+05:30,217.62,217.89,217.6,217.84,19125
2025-07-02T09:57:00+05:30,217.81,217.9,217.62,217.68,10371
2025-07-02T09:58:00+05:30,217.62,217.65,217.5,217.6,11236
2025-07-02T09:59:00+05:30,217.65,217.65,217.37,217.41,19165
2025-07-02T10:00:00+05:30,217.44,217.44,217.17,217.37,43972
2025-07-02T10:01:00+05:30,217.36,217.47,217.28,217.33,32621
2025-07-02T10:02:00+05:30,217.43,217.64,217.3,217.35,18714
2025-07-02T10:03:00+05:30,217.45,217.53,217.35,217.4,6865
2025-07-02T10:04:00+05:30,217.44,217.44,217.28,217.35,5606
2025-07-02T10:05:00+05:30,217.35,217.36,217.16,217.16,32290
2025-07-02T10:06:00+05:30,217.2,217.35,217.19,217.21,13167
2025-07-02T10:07:00+05:30,217.2,217.21,217.03,217.1,12209
2025-07-02T10:08:00+05:30,217.1,217.19,217.01,217.01,65571
2025-07-02T10:09:00+05:30,217.09,217.25,216.92,217.1,49700
2025-07-02T10:10:00+05:30,217.16,217.21,217.05,217.05,21460
2025-07-02T10:11:00+05:30,217.1,217.18,217.0,217.04,19390
2025-07-02T10:12:00+05:30,217.05,217.05,216.92,217.0,8506
2025-07-02T10:13:00+05:30,216.96,217.91,216.95,217.82,104316
2025-07-02T10:14:00+05:30,217.82,217.82,217.68,217.78,11964
2025-07-02T10:15:00+05:30,217.78,217.8,217.5,217.5,13659
2025-07-02T10:16:00+05:30,217.5,217.51,217.17,217.18,155579
2025-07-02T10:17:00+05:30,217.24,217.28,217.05,217.13,40491
2025-07-02T10:18:00+05:30,217.2,217.21,217.0,217.15,9854
2025-07-02T10:19:00+05:30,217.15,217.52,217.11,217.47,29350
2025-07-02T10:20:00+05:30,217.45,217.52,217.21,217.21,22273
2025-07-02T10:21:00+05:30,217.29,217.45,217.2,217.45,12216
2025-07-02T10:22:00+05:30,217.45,217.55,217.42,217.47,8766
2025-07-02T10:23:00+05:30,217.5,217.59,217.48,217.52,14670
2025-07-02T10:24:00+05:30,217.58,217.69,217.45,217.45,9396
2025-07-02T10:25:00+05:30,217.45,217.5,217.31,217.33,11025
2025-07-02T10:26:00+05:30,217.41,217.41,217.32,217.4,3928
2025-07-02T10:27:00+05:30,217.35,217.63,217.35,217.63,25097
2025-07-02T10:28:00+05:30,217.55,217.64,217.41,217.57,13218
2025-07-02T10:29:00+05:30,217.57,217.78,217.57,217.78,10011
2025-07-02T10:30:00+05:30,217.75,217.8,217.49,217.53,21264
2025-07-02T10:31:00+05:30,217.57,217.57,217.15,217.22,16282
2025-07-02T10:32:00+05:30,217.32,217.37,217.18,217.27,2115
2025-07-02T10:33:00+05:30,217.27,217.37,217.22,217.22,8572
2025-07-02T10:34:00+05:30,217.22,217.22,217.11,217.11,8150
2025-07-02T10:35:00+05:30,217.15,217.15,216.9,216.9,15158
2025-07-02T10:36:00+05:30,216.91,217.05,216.9,217.04,8858
2025-07-02T10:37:00+05:30,216.96,216.99,216.91,216.91,9203
2025-07-02T10:38:00+05:30,216.92,216.99,216.54,216.65,39552
2025-07-02T10:39:00+05:30,216.67,216.8,216.46,216.61,39390
2025-07-02T10:40:00+05:30,216.64,216.66,216.34,216.43,36656
2025-07-02T10:41:00+05:30,216.5,216.77,216.46,216.66,49812
2025-07-02T10:42:00+05:30,216.7,216.85,216.61,216.66,15149
2025-07-02T10:43:00+05:30,216.68,217.12,216.61,217.09,54474
2025-07-02T10:44:00+05:30,217.1,217.1,216.83,217.01,24335
2025-07-02T10:45:00+05:30,216.99,217.03,216.78,216.92,22178
2025-07-02T10:46:00+05:30,217.0,217.0,216.7,216.84,31413
2025-07-02T10:47:00+05:30,216.88,217.08,216.84,217.07,13651
2025-07-02T10:48:00+05:30,217.07,217.31,216.99,217.19,13274
2025-07-02T10:49:00+05:30,217.25,217.32,217.1,217.19,22187
2025-07-02T10:50:00+05:30,217.18,217.2,217.0,217.0,15536
2025-07-02T10:51:00+05:30,217.0,217.24,217.0,217.13,14036
2025-07-02T10:52:00+05:30,217.2,217.22,217.0,217.1,8137
2025-07-02T10:53:00+05:30,217.18,217.18,217.09,217.09,7471
2025-07-02T10:54:00+05:30,217.17,217.17,217.03,217.1,6716
2025-07-02T10:55:00+05:30,217.1,217.14,217.0,217.0,4678
2025-07-02T10:56:00+05:30,217.02,217.09,217.01,217.02,8658
2025-07-02T10:57:00+05:30,217.02,217.37,217.02,217.26,11352
2025-07-02T10:58:00+05:30,217.35,217.35,217.21,217.28,6250
2025-07-02T10:59:00+05:30,217.28,217.28,217.21,217.24,8607
2025-07-02T11:00:00+05:30,217.27,217.38,217.24,217.34,7599
2025-07-02T11:01:00+05:30,217.34,217.35,217.27,217.3,5909
2025-07-02T11:02:00+05:30,217.33,217.35,217.09,217.11,8674
2025-07-02T11:03:00+05:30,217.16,217.16,217.0,217.12,17329
2025-07-02T11:04:00+05:30,217.12,217.23,217.05,217.2,8737
2025-07-02T11:05:00+05:30,217.2,217.25,217.11,217.2,9006
2025-07-02T11:06:00+05:30,217.25,217.35,217.23,217.3,6443
2025-07-02T11:07:00+05:30,217.3,217.34,217.03,217.14,15971
2025-07-02T11:08:00+05:30,217.15,217.2,217.05,217.12,19875
2025-07-02T11:09:00+05:30,217.12,217.25,217.05,217.24,28312
2025-07-02T11:10:00+05:30,217.21,217.24,217.0,217.03,33218
2025-07-02T11:11:00+05:30,217.1,217.12,216.91,216.92,17636
2025-07-02T11:12:00+05:30,216.97,216.99,216.8,216.81,19558
2025-07-02T11:13:00+05:30,216.9,217.0,216.8,217.0,15631
2025-07-02T11:14:00+05:30,217.0,217.25,216.99,217.22,25950
2025-07-02T11:15:00+05:30,217.19,217.22,217.05,217.1,7877
2025-07-02T11:16:00+05:30,217.11,217.12,216.93,217.0,7392
2025-07-02T11:17:00+05:30,217.0,217.0,216.83,216.83,19674
2025-07-02T11:18:00+05:30,216.9,216.9,216.6,216.7,37016
2025-07-02T11:19:00+05:30,216.75,216.85,216.63,216.85,8834
2025-07-02T11:20:00+05:30,216.79,216.85,216.6,216.69,26667
2025-07-02T11:21:00+05:30,216.75,216.75,216.69,216.75,17418
2025-07-02T11:22:00+05:30,216.72,216.84,216.65,216.75,7827
2025-07-02T11:23:00+05:30,216.85,217.1,216.8,216.92,22112
2025-07-02T11:24:00+05:30,217.0,217.1,216.93,217.1,6011
2025-07-02T11:25:00+05:30,217.04,217.11,216.97,217.06,10185
2025-07-02T11:26:00+05:30,217.07,217.3,216.99,217.28,11978
2025-07-02T11:27:00+05:30,217.26,217.4,217.25,217.27,21074
2025-07-02T11:28:00+05:30,217.26,217.38,217.25,217.3,30741
2025-07-02T11:29:00+05:30,217.3,217.3,216.82,216.92,135444
2025-07-02T11:30:00+05:30,216.9,217.05,216.85,216.94,13463
2025-07-02T11:31:00+05:30,216.93,216.96,216.75,216.83,24364
2025-07-02T11:32:00+05:30,216.85,217.0,216.84,216.99,15591
2025-07-02T11:33:00+05:30,216.99,217.01,216.8,216.91,45036
2025-07-02T11:34:00+05:30,216.91,216.99,216.88,216.91,11424
2025-07-02T11:35:00+05:30,216.91,216.97,216.82,216.92,6695
2025-07-02T11:36:00+05:30,216.94,217.0,216.92,216.96,17058
2025-07-02T11:37:00+05:30,217.0,217.0,216.93,216.93,76270
2025-07-02T11:38:00+05:30,216.94,216.95,216.9,216.91,2903
2025-07-02T11:39:00+05:30,216.94,216.99,216.61,216.73,9581
2025-07-02T11:40:00+05:30,216.71,216.75,216.62,216.64,17804
2025-07-02T11:41:00+05:30,216.67,216.69,216.6,216.62,18439
2025-07-02T11:42:00+05:30,216.62,216.65,216.6,216.6,24509
2025-07-02T11:43:00+05:30,216.61,216.75,216.54,216.64,15901
2025-07-02T11:44:00+05:30,216.62,216.76,216.62,216.72,7908
2025-07-02T11:45:00+05:30,216.73,216.77,216.6,216.66,9210
2025-07-02T11:46:00+05:30,216.66,216.75,216.65,216.69,7305
2025-07-02T11:47:00+05:30,216.68,216.93,216.68,216.92,13987
2025-07-02T11:48:00+05:30,216.92,216.92,216.74,216.81,28930
2025-07-02T11:49:00+05:30,216.84,217.0,216.74,216.98,29523
2025-07-02T11:50:00+05:30,216.99,217.03,216.95,216.99,36127
2025-07-02T11:51:00+05:30,216.99,217.03,216.95,216.96,97230
2025-07-02T11:52:00+05:30,216.97,217.0,216.91,216.93,11447
2025-07-02T11:53:00+05:30,216.95,216.96,216.88,216.91,3480
2025-07-02T11:54:00+05:30,216.94,216.94,216.72,216.86,17387
2025-07-02T11:55:00+05:30,216.8,216.85,216.75,216.8,9518
2025-07-02T11:56:00+05:30,216.83,216.83,216.8,216.8,2649
2025-07-02T11:57:00+05:30,216.81,216.82,216.68,216.69,22917
2025-07-02T11:58:00+05:30,216.69,216.81,216.61,216.68,15802
2025-07-02T11:59:00+05:30,216.7,216.74,216.62,216.66,9970
2025-07-02T12:00:00+05:30,216.66,216.66,216.6,216.6,17750
2025-07-02T12:01:00+05:30,216.61,216.61,216.5,216.5,14211
2025-07-02T12:02:00+05:30,216.51,216.53,216.34,216.51,38249
2025-07-02T12:03:00+05:30,216.51,216.54,216.45,216.52,19264
2025-07-02T12:04:00+05:30,216.55,216.6,216.51,216.59,21619
2025-07-02T12:05:00+05:30,216.56,216.59,216.51,216.56,5072
2025-07-02T12:06:00+05:30,216.56,216.56,216.53,216.55,3358
2025-07-02T12:07:00+05:30,216.55,216.55,216.54,216.54,3232
2025-07-02T12:08:00+05:30,216.55,216.55,216.54,216.55,15361
2025-07-02T12:09:00+05:30,216.55,216.65,216.4,216.62,33089
2025-07-02T12:10:00+05:30,216.59,216.64,216.45,216.55,5629
2025-07-02T12:11:00+05:30,216.55,216.65,216.47,216.52,10112
2025-07-02T12:12:00+05:30,216.6,216.72,216.5,216.71,10784
2025-07-02T12:13:00+05:30,216.71,216.84,216.66,216.84,6453
2025-07-02T12:14:00+05:30,216.84,216.87,216.72,216.85,7195
2025-07-02T12:15:00+05:30,216.85,216.85,216.65,216.68,1513
2025-07-02T12:16:00+05:30,216.68,216.86,216.6,216.6,16372
2025-07-02T12:17:00+05:30,216.68,216.7,216.6,216.65,5912
2025-07-02T12:18:00+05:30,216.73,216.73,216.49,216.53,9591
2025-07-02T12:19:00+05:30,216.55,216.65,216.41,216.49,34185
2025-07-02T12:20:00+05:30,216.44,216.53,216.4,216.51,10162
2025-07-02T12:21:00+05:30,216.5,216.54,216.42,216.43,3038
2025-07-02T12:22:00+05:30,216.48,216.59,216.46,216.53,3177
2025-07-02T12:23:00+05:30,216.59,216.59,216.53,216.55,5448
2025-07-02T12:24:00+05:30,216.55,216.58,216.49,216.58,7191
2025-07-02T12:25:00+05:30,216.52,216.6,216.5,216.52,8088
2025-07-02T12:26:00+05:30,216.55,216.62,216.46,216.5,14616
2025-07-02T12:27:00+05:30,216.54,216.56,216.4,216.55,9125
2025-07-02T12:28:00+05:30,216.53,216.55,216.46,216.52,6926
2025-07-02T12:29:00+05:30,216.52,216.61,216.25,216.57,393748
2025-07-02T12:30:00+05:30,216.56,216.6,216.46,216.6,12612
2025-07-02T12:31:00+05:30,216.62,216.77,216.62,216.77,4062
2025-07-02T12:32:00+05:30,216.76,216.85,216.76,216.79,11749
2025-07-02T12:33:00+05:30,216.79,216.79,216.6,216.66,12026
2025-07-02T12:34:00+05:30,216.67,216.7,216.51,216.56,9076
2025-07-02T12:35:00+05:30,216.55,216.57,216.42,216.5,8361
2025-07-02T12:36:00+05:30,216.5,216.56,216.45,216.51,5749
2025-07-02T12:37:00+05:30,216.5,216.55,216.45,216.45,14320
2025-07-02T12:38:00+05:30,216.47,216.51,216.33,216.44,38740
2025-07-02T12:39:00+05:30,216.43,216.5,216.33,216.5,23787
2025-07-02T12:40:00+05:30,216.45,216.46,216.31,216.46,24789
2025-07-02T12:41:00+05:30,216.45,216.48,216.34,216.4,49613
2025-07-02T12:42:00+05:30,216.4,216.48,216.36,216.38,8548
2025-07-02T12:43:00+05:30,216.4,216.47,216.35,216.35,13948
2025-07-02T12:44:00+05:30,216.42,216.5,216.37,216.5,14373
2025-07-02T12:45:00+05:30,216.48,216.54,216.41,216.45,16182
2025-07-02T12:46:00+05:30,216.47,216.5,216.4,216.49,7285
2025-07-02T12:47:00+05:30,216.48,216.48,216.25,216.3,8778
2025-07-02T12:48:00+05:30,216.3,216.53,216.28,216.34,11057
2025-07-02T12:49:00+05:30,216.4,216.48,216.31,216.43,13991
2025-07-02T12:50:00+05:30,216.37,216.47,216.3,216.32,10193
2025-07-02T12:51:00+05:30,216.32,216.47,216.3,216.35,19440
2025-07-02T12:52:00+05:30,216.39,216.48,216.28,216.4,12865
2025-07-02T12:53:00+05:30,216.38,216.49,216.35,216.44,22405
2025-07-02T12:54:00+05:30,216.44,216.53,216.4,216.52,12765
2025-07-02T12:55:00+05:30,216.52,216.59,216.49,216.55,7939
2025-07-02T12:56:00+05:30,216.57,216.57,216.39,216.41,14776
2025-07-02T12:57:00+05:30,216.5,216.56,216.4,216.4,18838
2025-07-02T12:58:00+05:30,216.49,216.52,216.33,216.37,10504
2025-07-02T12:59:00+05:30,216.37,216.46,216.3,216.35,18656
2025-07-02T13:00:00+05:30,216.41,217.2,216.37,217.14,227072
2025-07-02T13:01:00+05:30,217.13,217.21,217.04,217.14,16057
2025-07-02T13:02:00+05:30,217.19,217.43,217.1,217.25,33497
2025-07-02T13:03:00+05:30,217.2,217.34,217.05,217.14,14610
2025-07-02T13:04:00+05:30,217.14,217.27,217.05,217.14,23685
2025-07-02T13:05:00+05:30,217.13,217.14,216.99,217.07,20765
2025-07-02T13:06:00+05:30,217.07,217.07,216.8,216.97,33543
2025-07-02T13:07:00+05:30,216.97,217.05,216.85,217.0,16878
2025-07-02T13:08:00+05:30,217.04,217.07,216.95,217.0,21425
2025-07-02T13:09:00+05:30,217.0,217.0,216.9,217.0,19229
2025-07-02T13:10:00+05:30,217.0,217.0,216.84,216.86,5982
2025-07-02T13:11:00+05:30,216.86,216.93,216.83,216.83,7763
2025-07-02T13:12:00+05:30,216.9,216.9,216.81,216.86,12478
2025-07-02T13:13:00+05:30,216.86,216.89,216.81,216.86,4097
2025-07-02T13:14:00+05:30,216.82,216.88,216.71,216.71,30936
2025-07-02T13:15:00+05:30,216.78,216.78,216.6,216.61,12533
2025-07-02T13:16:00+05:30,216.71,216.78,216.64,216.75,4437
2025-07-02T13:17:00+05:30,216.75,216.75,216.53,216.68,12375
2025-07-02T13:18:00+05:30,216.68,216.75,216.65,216.68,7803
2025-07-02T13:19:00+05:30,216.68,216.73,216.61,216.73,13255
2025-07-02T13:20:00+05:30,216.68,216.87,216.43,216.87,142712
2025-07-02T13:21:00+05:30,216.83,216.96,216.81,216.95,12584
2025-07-02T13:22:00+05:30,216.95,216.96,216.87,216.95,9083
2025-07-02T13:23:00+05:30,216.95,217.09,216.81,216.97,31053
2025-07-02T13:24:00+05:30,216.94,217.08,216.75,216.94,23492
2025-07-02T13:25:00+05:30,217.01,217.02,216.88,216.9,10029
2025-07-02T13:26:00+05:30,216.9,216.9,216.63,216.72,18189
2025-07-02T13:27:00+05:30,216.72,216.79,216.45,216.5,24167
2025-07-02T13:28:00+05:30,216.5,216.56,216.39,216.49,10576
2025-07-02T13:29:00+05:30,216.49,216.49,216.39,216.49,25292
2025-07-02T13:30:00+05:30,216.49,216.49,216.26,216.36,20972
2025-07-02T13:31:00+05:30,216.39,216.46,216.25,216.4,26827
2025-07-02T13:32:00+05:30,216.46,216.5,216.37,216.49,6290
2025-07-02T13:33:00+05:30,216.5,216.5,216.31,216.38,18564
2025-07-02T13:34:00+05:30,216.45,216.45,216.3,216.45,13089
2025-07-02T13:35:00+05:30,216.45,216.45,216.38,216.41,10869
2025-07-02T13:36:00+05:30,216.42,216.53,216.31,216.42,23168
2025-07-02T13:37:00+05:30,216.42,216.42,216.32,216.4,5590
2025-07-02T13:38:00+05:30,216.41,216.6,216.36,216.49,37325
2025-07-02T13:39:00+05:30,216.55,216.66,216.47,216.53,6175
2025-07-02T13:40:00+05:30,216.53,216.77,216.53,216.73,17616
2025-07-02T13:41:00+05:30,216.73,216.73,216.5,216.67,14524
2025-07-02T13:42:00+05:30,216.67,216.68,216.45,216.49,22627
2025-07-02T13:43:00+05:30,216.5,216.6,216.3,216.4,82392
2025-07-02T13:44:00+05:30,216.4,216.5,216.36,216.37,75201
2025-07-02T13:45:00+05:30,216.41,216.41,216.3,216.3,19011
2025-07-02T13:46:00+05:30,216.36,216.36,216.3,216.3,17584
2025-07-02T13:47:00+05:30,216.32,216.34,216.17,216.31,30325
2025-07-02T13:48:00+05:30,216.32,216.35,216.17,216.33,28902
2025-07-02T13:49:00+05:30,216.32,216.5,216.32,216.38,30491
2025-07-02T13:50:00+05:30,216.44,216.72,216.4,216.69,22113
2025-07-02T13:51:00+05:30,216.69,216.81,216.53,216.64,15583
2025-07-02T13:52:00+05:30,216.64,216.64,216.45,216.57,9805
2025-07-02T13:53:00+05:30,216.57,216.72,216.53,216.6,19606
2025-07-02T13:54:00+05:30,216.6,216.71,216.53,216.71,10368
2025-07-02T13:55:00+05:30,216.73,216.73,216.6,216.61,11751
2025-07-02T13:56:00+05:30,216.61,216.7,216.51,216.6,28245
2025-07-02T13:57:00+05:30,216.61,216.86,216.56,216.86,22106
2025-07-02T13:58:00+05:30,216.86,216.95,216.72,216.93,18322
2025-07-02T13:59:00+05:30,216.94,216.95,216.81,216.9,12876
2025-07-02T14:00:00+05:30,216.93,216.95,216.79,216.9,18386
2025-07-02T14:01:00+05:30,216.92,216.92,216.8,216.83,21000
2025-07-02T14:02:00+05:30,216.85,216.9,216.83,216.87,14387
2025-07-02T14:03:00+05:30,216.87,216.95,216.83,216.89,25900
2025-07-02T14:04:00+05:30,216.89,216.89,216.6,216.79,29243
2025-07-02T14:05:00+05:30,216.8,216.96,216.65,216.84,58651
2025-07-02T14:06:00+05:30,216.84,216.85,216.65,216.81,28278
2025-07-02T14:07:00+05:30,216.85,216.85,216.79,216.81,11725
2025-07-02T14:08:00+05:30,216.83,216.91,216.77,216.82,38038
2025-07-02T14:09:00+05:30,216.82,216.85,216.75,216.85,76513
2025-07-02T14:10:00+05:30,216.85,216.85,216.8,216.82,39053
2025-07-02T14:11:00+05:30,216.85,217.0,216.83,216.97,61421
2025-07-02T14:12:00+05:30,216.99,216.99,216.88,216.92,21996
2025-07-02T14:13:00+05:30,216.93,216.95,216.82,216.9,16592
2025-07-02T14:14:00+05:30,216.9,216.94,216.85,216.92,12366
2025-07-02T14:15:00+05:30,216.92,216.92,216.8,216.84,21695
2025-07-02T14:16:00+05:30,216.84,216.9,216.82,216.88,13794
2025-07-02T14:17:00+05:30,216.88,217.02,216.8,216.93,25027
2025-07-02T14:18:00+05:30,216.93,216.93,216.87,216.93,8355
2025-07-02T14:19:00+05:30,216.93,217.0,216.87,216.91,33325
2025-07-02T14:20:00+05:30,216.93,216.95,216.89,216.95,8336
2025-07-02T14:21:00+05:30,216.95,216.95,216.9,216.9,10282
2025-07-02T14:22:00+05:30,216.94,216.94,216.9,216.9,15059
2025-07-02T14:23:00+05:30,216.91,216.97,216.9,216.93,17820
2025-07-02T14:24:00+05:30,216.93,216.96,216.91,216.95,21257
2025-07-02T14:25:00+05:30,216.95,217.0,216.91,216.94,16084
2025-07-02T14:26:00+05:30,216.99,217.04,216.95,216.98,7324
2025-07-02T14:27:00+05:30,216.98,216.98,216.8,216.86,18901
2025-07-02T14:28:00+05:30,216.93,217.02,216.88,216.91,36591
2025-07-02T14:29:00+05:30,216.92,217.03,216.9,216.94,23785
2025-07-02T14:30:00+05:30,216.99,217.03,216.93,217.0,30540
2025-07-02T14:31:00+05:30,216.99,217.03,216.94,216.99,16151
2025-07-02T14:32:00+05:30,216.99,217.1,216.93,216.99,32862
2025-07-02T14:33:00+05:30,216.99,217.08,216.96,217.0,12182
2025-07-02T14:34:00+05:30,217.02,217.02,216.93,216.94,11150
2025-07-02T14:35:00+05:30,216.99,216.99,216.81,216.88,14452
2025-07-02T14:36:00+05:30,216.9,216.93,216.86,216.93,38735
2025-07-02T14:37:00+05:30,216.93,217.0,216.84,216.92,25545
2025-07-02T14:38:00+05:30,216.98,217.05,216.91,216.91,51379
2025-07-02T14:39:00+05:30,216.91,216.99,216.91,216.91,39846
2025-07-02T14:40:00+05:30,216.92,216.96,216.76,216.95,61473
2025-07-02T14:41:00+05:30,216.92,217.08,216.89,217.0,30944
2025-07-02T14:42:00+05:30,217.03,217.03,216.95,216.95,20478
2025-07-02T14:43:00+05:30,216.96,216.96,216.91,216.91,22323
2025-07-02T14:44:00+05:30,216.93,216.99,216.82,216.88,43033
2025-07-02T14:45:00+05:30,216.88,217.3,216.81,217.14,75744
2025-07-02T14:46:00+05:30,217.24,217.44,217.12,217.35,54692
2025-07-02T14:47:00+05:30,217.35,217.5,217.25,217.31,47091
2025-07-02T14:48:00+05:30,217.3,217.35,217.22,217.35,23139
2025-07-02T14:49:00+05:30,217.26,217.36,217.23,217.25,33589
2025-07-02T14:50:00+05:30,217.25,217.65,217.24,217.39,95487
2025-07-02T14:51:00+05:30,217.38,217.43,217.26,217.26,26104
2025-07-02T14:52:00+05:30,217.29,217.53,217.25,217.47,48434
2025-07-02T14:53:00+05:30,217.47,217.54,217.4,217.49,28888
2025-07-02T14:54:00+05:30,217.5,217.51,217.32,217.33,46794
2025-07-02T14:55:00+05:30,217.35,217.49,217.35,217.42,32476
2025-07-02T14:56:00+05:30,217.45,217.5,217.4,217.45,36361
2025-07-02T14:57:00+05:30,217.48,217.5,217.42,217.45,44552
2025-07-02T14:58:00+05:30,217.44,217.8,217.4,217.72,176408
2025-07-02T14:59:00+05:30,217.73,217.88,217.65,217.83,69698
2025-07-02T15:00:00+05:30,217.85,218.18,217.74,217.8,70258
2025-07-02T15:01:00+05:30,217.79,218.0,217.7,217.81,73101
2025-07-02T15:02:00+05:30,217.81,217.89,217.78,217.8,17798
2025-07-02T15:03:00+05:30,217.8,217.96,217.7,217.77,46020
2025-07-02T15:04:00+05:30,217.77,217.9,217.75,217.87,38250
2025-07-02T15:05:00+05:30,217.87,217.95,217.77,217.86,65118
2025-07-02T15:06:00+05:30,217.86,218.1,217.83,217.9,70399
2025-07-02T15:07:00+05:30,217.99,218.0,217.89,217.89,38391
2025-07-02T15:08:00+05:30,217.9,217.96,217.75,217.84,69126
2025-07-02T15:09:00+05:30,217.84,218.07,217.72,218.01,177570
2025-07-02T15:10:00+05:30,218.0,218.15,218.0,218.13,47662
2025-07-02T15:11:00+05:30,218.13,218.33,218.05,218.25,93282
2025-07-02T15:12:00+05:30,218.28,218.28,218.0,218.0,107379
2025-07-02T15:13:00+05:30,218.01,218.07,218.0,218.05,42078
2025-07-02T15:14:00+05:30,218.06,218.06,218.05,218.06,13557
2025-07-02T15:15:00+05:30,218.06,218.07,217.84,217.92,96670
2025-07-02T15:16:00+05:30,217.9,217.9,217.7,217.74,50661
2025-07-02T15:17:00+05:30,217.73,217.73,217.53,217.56,84804
2025-07-02T15:18:00+05:30,217.56,217.68,217.42,217.56,54703
2025-07-02T15:19:00+05:30,217.56,217.56,217.41,217.46,20527
2025-07-02T15:20:00+05:30,217.46,217.68,217.41,217.54,89698
2025-07-02T15:21:00+05:30,217.54,217.54,217.17,217.45,95602
2025-07-02T15:22:00+05:30,217.45,217.54,217.31,217.33,31845
2025-07-02T15:23:00+05:30,217.31,217.33,217.21,217.3,35650
2025-07-02T15:24:00+05:30,217.32,217.39,217.23,217.35,45618
2025-07-02T15:25:00+05:30,217.34,217.39,217.25,217.25,13194
2025-07-02T15:26:00+05:30,217.25,217.25,217.11,217.19,39121
2025-07-02T15:27:00+05:30,217.19,217.2,217.09,217.13,44037
2025-07-02T15:28:00+05:30,217.09,217.4,217.08,217.19,45468
2025-07-02T15:29:00+05:30,217.19,217.4,217.05,217.16,27960
2025-07-03T09:15:00+05:30,217.76,217.95,217.2,217.45,27539
2025-07-03T09:16:00+05:30,217.45,217.91,217.07,217.29,20313
2025-07-03T09:17:00+05:30,217.27,217.36,217.02,217.02,23370
2025-07-03T09:18:00+05:30,217.04,217.12,216.52,216.55,18287
2025-07-03T09:19:00+05:30,216.59,216.79,216.55,216.68,17684
2025-07-03T09:20:00+05:30,216.71,216.82,216.38,216.44,30914
2025-07-03T09:21:00+05:30,216.38,216.45,216.23,216.35,9987
2025-07-03T09:22:00+05:30,216.35,216.65,216.12,216.65,27367
2025-07-03T09:23:00+05:30,216.63,216.67,216.36,216.56,9517
2025-07-03T09:24:00+05:30,216.46,216.6,216.3,216.41,15567
2025-07-03T09:25:00+05:30,216.46,216.78,216.44,216.52,9813
2025-07-03T09:26:00+05:30,216.5,216.63,216.44,216.54,14966
2025-07-03T09:27:00+05:30,216.55,216.64,216.47,216.64,13733
2025-07-03T09:28:00+05:30,216.56,216.65,216.5,216.5,8798
2025-07-03T09:29:00+05:30,216.5,216.6,216.35,216.48,17433
2025-07-03T09:30:00+05:30,216.37,216.81,216.37,216.81,5617
2025-07-03T09:31:00+05:30,216.7,217.0,216.59,216.91,4734
2025-07-03T09:32:00+05:30,216.91,217.0,216.75,216.92,19143
2025-07-03T09:33:00+05:30,216.92,216.95,216.8,216.89,6401
2025-07-03T09:34:00+05:30,216.83,216.89,216.7,216.78,5050
2025-07-03T09:35:00+05:30,216.74,216.99,216.65,216.9,13937
2025-07-03T09:36:00+05:30,216.87,217.2,216.82,217.05,21187
2025-07-03T09:37:00+05:30,217.15,217.15,216.68,216.78,11488
2025-07-03T09:38:00+05:30,216.77,216.9,216.7,216.73,3077
2025-07-03T09:39:00+05:30,216.75,216.76,216.5,216.55,5818
2025-07-03T09:40:00+05:30,216.55,216.6,216.35,216.5,21151
2025-07-03T09:41:00+05:30,216.5,216.72,216.43,216.72,3187
2025-07-03T09:42:00+05:30,216.7,216.7,216.45,216.54,4447
2025-07-03T09:43:00+05:30,216.5,216.74,216.43,216.45,3711
2025-07-03T09:44:00+05:30,216.47,216.56,216.4,216.5,7466
2025-07-03T09:45:00+05:30,216.41,216.53,216.21,216.39,18806
2025-07-03T09:46:00+05:30,216.3,216.4,216.25,216.32,3034
2025-07-03T09:47:00+05:30,216.3,216.69,216.3,216.69,6989
2025-07-03T09:48:00+05:30,216.6,216.69,216.55,216.66,2841
2025-07-03T09:49:00+05:30,216.6,216.67,216.41,216.55,17161
2025-07-03T09:50:00+05:30,216.49,216.77,216.44,216.6,10229
2025-07-03T09:51:00+05:30,216.59,216.74,216.5,216.74,3014
2025-07-03T09:52:00+05:30,216.72,216.75,216.68,216.74,4204
2025-07-03T09:53:00+05:30,216.7,216.73,216.54,216.61,7825
2025-07-03T09:54:00+05:30,216.6,216.68,216.6,216.6,1232
2025-07-03T09:55:00+05:30,216.6,216.69,216.6,216.6,6257
2025-07-03T09:56:00+05:30,216.6,216.75,216.6,216.73,3301
2025-07-03T09:57:00+05:30,216.72,216.73,216.6,216.6,11135
2025-07-03T09:58:00+05:30,216.6,216.68,216.42,216.56,52392
2025-07-03T09:59:00+05:30,216.5,216.56,216.42,216.45,2766
2025-07-03T10:00:00+05:30,216.53,216.59,216.45,216.57,7423
2025-07-03T10:01:00+05:30,216.58,216.59,216.43,216.43,2386
2025-07-03T10:02:00+05:30,216.43,216.55,216.4,216.4,7058
2025-07-03T10:03:00+05:30,216.45,216.54,216.4,216.4,5897
2025-07-03T10:04:00+05:30,216.4,216.51,216.3,216.3,31132
2025-07-03T10:05:00+05:30,216.35,216.4,216.3,216.35,17896
2025-07-03T10:06:00+05:30,216.3,216.48,216.3,216.35,4129
2025-07-03T10:07:00+05:30,216.36,216.68,216.35,216.6,9474
2025-07-03T10:08:00+05:30,216.6,216.75,216.6,216.67,7212
2025-07-03T10:09:00+05:30,216.74,216.75,216.66,216.74,3508
2025-07-03T10:10:00+05:30,216.66,216.75,216.66,216.75,2950
2025-07-03T10:11:00+05:30,216.74,216.75,216.7,216.7,5627
2025-07-03T10:12:00+05:30,216.7,216.75,216.66,216.66,3858
2025-07-03T10:13:00+05:30,216.66,216.7,216.63,216.7,1823
2025-07-03T10:14:00+05:30,216.65,216.7,216.61,216.63,1710
2025-07-03T10:15:00+05:30,216.7,216.7,216.61,216.7,4580
2025-07-03T10:16:00+05:30,216.65,216.75,216.65,216.72,11200
2025-07-03T10:17:00+05:30,216.75,216.8,216.7,216.8,2858
2025-07-03T10:18:00+05:30,216.73,216.8,216.73,216.76,2512
2025-07-03T10:19:00+05:30,216.76,216.8,216.75,216.76,2781
2025-07-03T10:20:00+05:30,216.78,216.78,216.75,216.76,3285
2025-07-03T10:21:00+05:30,216.75,216.79,216.75,216.79,2254
2025-07-03T10:22:00+05:30,216.79,216.8,216.75,216.8,7133
2025-07-03T10:23:00+05:30,216.8,217.0,216.8,216.96,8297
2025-07-03T10:24:00+05:30,216.91,216.99,216.85,216.97,4555
2025-07-03T10:25:00+05:30,216.9,216.99,216.85,216.88,5553
2025-07-03T10:26:00+05:30,216.94,216.95,216.78,216.89,9205
2025-07-03T10:27:00+05:30,216.8,216.9,216.8,216.9,2724
2025-07-03T10:28:00+05:30,216.81,216.9,216.8,216.8,5504
2025-07-03T10:29:00+05:30,216.8,216.9,216.78,216.89,3464
2025-07-03T10:30:00+05:30,216.89,217.2,216.88,217.2,11261
2025-07-03T10:31:00+05:30,217.14,217.2,217.11,217.11,5628
2025-07-03T10:32:00+05:30,217.2,217.2,217.11,217.12,2712
2025-07-03T10:33:00+05:30,217.19,217.19,217.01,217.1,4126
2025-07-03T10:34:00+05:30,217.01,217.24,217.01,217.24,3611
2025-07-03T10:35:00+05:30,217.24,217.27,217.18,217.18,6622
2025-07-03T10:36:00+05:30,217.18,217.21,216.88,216.88,11010
2025-07-03T10:37:00+05:30,216.93,217.09,216.9,217.0,2581
2025-07-03T10:38:00+05:30,217.09,217.2,216.96,217.09,3265
2025-07-03T10:39:00+05:30,217.11,217.22,217.11,217.2,4251
2025-07-03T10:40:00+05:30,217.11,217.21,217.02,217.05,2826
2025-07-03T10:41:00+05:30,217.14,217.18,216.85,216.86,9517
2025-07-03T10:42:00+05:30,216.88,217.01,216.85,216.87,2346
2025-07-03T10:43:00+05:30,216.85,216.99,216.85,216.87,3837
2025-07-03T10:44:00+05:30,216.87,217.2,216.87,217.16,17555
2025-07-03T10:45:00+05:30,217.07,217.18,217.0,217.18,6571
2025-07-03T10:46:00+05:30,217.08,217.2,217.04,217.04,6349
2025-07-03T10:47:00+05:30,217.03,217.2,217.03,217.12,3504
2025-07-03T10:48:00+05:30,217.19,217.23,217.12,217.23,5987
2025-07-03T10:49:00+05:30,217.16,217.55,217.13,217.5,5746
2025-07-03T10:50:00+05:30,217.38,217.5,217.17,217.17,54908
2025-07-03T10:51:00+05:30,217.29,217.4,217.18,217.37,8771
2025-07-03T10:52:00+05:30,217.28,217.4,217.28,217.31,6599
2025-07-03T10:53:00+05:30,217.31,217.49,217.23,217.31,67054
2025-07-03T10:54:00+05:30,217.39,217.62,217.26,217.53,57832
2025-07-03T10:55:00+05:30,217.54,217.8,217.52,217.79,15835
2025-07-03T10:56:00+05:30,217.7,217.8,217.69,217.72,9392
2025-07-03T10:57:00+05:30,217.72,217.84,217.58,217.63,15986
2025-07-03T10:58:00+05:30,217.64,217.74,217.5,217.5,12116
2025-07-03T10:59:00+05:30,217.5,217.62,217.47,217.59,4928
2025-07-03T11:00:00+05:30,217.59,217.74,217.55,217.6,6733
2025-07-03T11:01:00+05:30,217.6,217.68,217.56,217.65,6062
2025-07-03T11:02:00+05:30,217.63,217.64,217.53,217.53,9135
2025-07-03T11:03:00+05:30,217.53,217.54,217.37,217.45,9527
2025-07-03T11:04:00+05:30,217.5,217.52,217.41,217.5,6938
2025-07-03T11:05:00+05:30,217.44,217.5,217.44,217.44,4662
2025-07-03T11:06:00+05:30,217.43,217.5,217.4,217.49,6296
2025-07-03T11:07:00+05:30,217.49,217.5,217.41,217.45,4792
2025-07-03T11:08:00+05:30,217.45,217.73,217.45,217.73,9066
2025-07-03T11:09:00+05:30,217.74,217.75,217.62,217.64,8130
2025-07-03T11:10:00+05:30,217.63,217.75,217.5,217.69,10055
2025-07-03T11:11:00+05:30,217.68,217.68,217.55,217.55,4833
2025-07-03T11:12:00+05:30,217.55,217.59,217.41,217.44,9991
2025-07-03T11:13:00+05:30,217.41,217.53,217.4,217.48,5874
2025-07-03T11:14:00+05:30,217.46,217.54,217.41,217.49,7252
2025-07-03T11:15:00+05:30,217.48,217.48,217.4,217.45,6758
2025-07-03T11:16:00+05:30,217.45,217.55,217.42,217.44,10670
2025-07-03T11:17:00+05:30,217.43,217.66,217.43,217.6,6228
2025-07-03T11:18:00+05:30,217.56,217.6,217.18,217.28,7813
2025-07-03T11:19:00+05:30,217.27,217.27,217.18,217.18,5000
2025-07-03T11:20:00+05:30,217.15,217.19,217.07,217.19,12245
2025-07-03T11:21:00+05:30,217.15,217.18,217.06,217.06,7276
2025-07-03T11:22:00+05:30,217.06,217.3,217.06,217.21,15695
2025-07-03T11:23:00+05:30,217.22,217.49,217.22,217.47,7473
2025-07-03T11:24:00+05:30,217.47,217.49,217.4,217.44,5542
2025-07-03T11:25:00+05:30,217.44,217.45,217.3,217.39,6169
2025-07-03T11:26:00+05:30,217.3,217.39,217.21,217.21,5847
2025-07-03T11:27:00+05:30,217.21,217.25,217.12,217.2,7872
2025-07-03T11:28:00+05:30,217.16,217.27,217.13,217.17,5824
2025-07-03T11:29:00+05:30,217.19,217.19,217.07,217.07,6481
2025-07-03T11:30:00+05:30,217.12,217.19,217.02,217.19,9561
2025-07-03T11:31:00+05:30,217.06,217.2,217.06,217.19,16215
2025-07-03T11:32:00+05:30,217.19,217.34,217.12,217.3,6229
2025-07-03T11:33:00+05:30,217.23,217.3,217.14,217.24,5952
2025-07-03T11:34:00+05:30,217.24,217.3,217.23,217.23,6926
2025-07-03T11:35:00+05:30,217.23,217.3,217.21,217.21,4742
2025-07-03T11:36:00+05:30,217.28,217.29,217.21,217.22,4770
2025-07-03T11:37:00+05:30,217.22,217.29,217.2,217.27,5879
2025-07-03T11:38:00+05:30,217.27,217.27,217.12,217.14,7433
2025-07-03T11:39:00+05:30,217.2,217.41,217.16,217.41,10014
2025-07-03T11:40:00+05:30,217.4,217.41,217.13,217.34,5775
2025-07-03T11:41:00+05:30,217.29,217.35,217.24,217.24,5717
2025-07-03T11:42:00+05:30,217.3,217.3,217.12,217.26,11999
2025-07-03T11:43:00+05:30,217.26,217.28,217.17,217.27,7791
2025-07-03T11:44:00+05:30,217.2,217.27,217.18,217.27,5091
2025-07-03T11:45:00+05:30,217.27,217.34,217.06,217.14,21019
2025-07-03T11:46:00+05:30,217.06,217.12,216.84,217.03,65050
2025-07-03T11:47:00+05:30,217.03,217.03,216.86,216.87,7454
2025-07-03T11:48:00+05:30,216.87,217.0,216.78,216.92,13502
2025-07-03T11:49:00+05:30,216.92,217.09,216.91,216.99,6199
2025-07-03T11:50:00+05:30,217.0,217.1,217.0,217.06,4424
2025-07-03T11:51:00+05:30,217.06,217.49,217.06,217.49,6081
2025-07-03T11:52:00+05:30,217.32,217.44,217.32,217.35,44794
2025-07-03T11:53:00+05:30,217.35,217.43,217.35,217.35,7290
2025-07-03T11:54:00+05:30,217.35,217.4,217.23,217.28,6018
2025-07-03T11:55:00+05:30,217.28,217.55,217.24,217.41,28770
2025-07-03T11:56:00+05:30,217.35,217.6,217.35,217.48,25314
2025-07-03T11:57:00+05:30,217.38,217.49,217.36,217.47,4862
2025-07-03T11:58:00+05:30,217.47,217.47,217.44,217.45,5191
2025-07-03T11:59:00+05:30,217.45,217.54,217.45,217.5,5429
2025-07-03T12:00:00+05:30,217.45,217.6,217.28,217.28,22303
2025-07-03T12:01:00+05:30,217.36,217.41,217.27,217.37,5407
2025-07-03T12:02:00+05:30,217.37,217.38,217.24,217.25,7050
2025-07-03T12:03:00+05:30,217.34,217.34,217.0,217.11,38290
2025-07-03T12:04:00+05:30,217.11,217.26,217.05,217.24,4713
2025-07-03T12:05:00+05:30,217.21,217.25,217.12,217.2,5559
2025-07-03T12:06:00+05:30,217.2,217.22,217.07,217.08,6246
2025-07-03T12:07:00+05:30,217.12,217.2,217.09,217.13,4269
2025-07-03T12:08:00+05:30,217.12,217.22,217.11,217.2,6083
2025-07-03T12:09:00+05:30,217.12,217.23,217.12,217.23,4757
2025-07-03T12:10:00+05:30,217.23,217.26,217.16,217.25,4561
2025-07-03T12:11:00+05:30,217.25,217.33,217.21,217.33,8370
2025-07-03T12:12:00+05:30,217.33,217.33,217.22,217.24,5083
2025-07-03T12:13:00+05:30,217.24,217.37,217.24,217.34,6211
2025-07-03T12:14:00+05:30,217.29,217.36,217.26,217.29,5278
2025-07-03T12:15:00+05:30,217.29,217.3,217.24,217.29,4919
2025-07-03T12:16:00+05:30,217.29,217.29,217.18,217.2,5993
2025-07-03T12:17:00+05:30,217.18,217.2,217.06,217.07,19418
2025-07-03T12:18:00+05:30,217.15,217.15,216.93,217.0,12601
2025-07-03T12:19:00+05:30,216.94,217.08,216.92,217.05,8090
2025-07-03T12:20:00+05:30,217.05,217.21,217.0,217.13,6312
2025-07-03T12:21:00+05:30,217.11,217.21,217.0,217.0,9454
2025-07-03T12:22:00+05:30,217.06,217.1,216.99,217.0,7688
2025-07-03T12:23:00+05:30,217.0,217.08,216.97,216.97,7260
2025-07-03T12:24:00+05:30,217.02,217.11,216.96,217.1,8855
2025-07-03T12:25:00+05:30,217.09,217.1,216.92,216.92,15306
2025-07-03T12:26:00+05:30,217.0,217.1,216.92,217.1,8168
2025-07-03T12:27:00+05:30,217.13,217.15,217.05,217.15,6902
2025-07-03T12:28:00+05:30,217.15,217.15,217.09,217.15,6287
2025-07-03T12:29:00+05:30,217.15,217.15,217.07,217.14,5930
2025-07-03T12:30:00+05:30,217.14,217.15,216.96,217.07,5597
2025-07-03T12:31:00+05:30,217.07,217.07,216.96,216.96,4151
2025-07-03T12:32:00+05:30,216.95,217.0,216.77,216.77,16530
2025-07-03T12:33:00+05:30,216.84,217.03,216.69,216.95,74864
2025-07-03T12:34:00+05:30,216.96,217.03,216.8,216.92,7247
2025-07-03T12:35:00+05:30,216.92,216.99,216.87,216.98,3518
2025-07-03T12:36:00+05:30,216.96,216.98,216.75,216.82,2874
2025-07-03T12:37:00+05:30,216.75,216.82,216.69,216.75,3683
2025-07-03T12:38:00+05:30,216.69,216.75,216.6,216.6,3820
2025-07-03T12:39:00+05:30,216.67,216.69,216.52,216.61,6209
2025-07-03T12:40:00+05:30,216.61,216.74,216.61,216.73,7062
2025-07-03T12:41:00+05:30,216.71,216.9,216.66,216.82,4147
2025-07-03T12:42:00+05:30,216.88,216.92,216.76,216.8,4310
2025-07-03T12:43:00+05:30,216.9,216.94,216.8,216.9,4408
2025-07-03T12:44:00+05:30,216.9,216.91,216.81,216.89,3318
2025-07-03T12:45:00+05:30,216.9,216.93,216.8,216.91,4436
2025-07-03T12:46:00+05:30,216.94,217.2,216.76,217.08,18186
2025-07-03T12:47:00+05:30,217.13,217.18,217.0,217.05,18164
2025-07-03T12:48:00+05:30,217.01,217.06,217.0,217.06,5695
2025-07-03T12:49:00+05:30,217.06,217.13,217.0,217.0,28445
2025-07-03T12:50:00+05:30,217.0,217.09,216.93,216.93,18014
2025-07-03T12:51:00+05:30,216.93,217.0,216.9,216.95,3033
2025-07-03T12:52:00+05:30,216.97,216.99,216.9,216.9,4288
2025-07-03T12:53:00+05:30,216.9,216.96,216.8,216.89,11681
2025-07-03T12:54:00+05:30,216.89,216.96,216.84,216.86,3639
2025-07-03T12:55:00+05:30,216.95,216.96,216.75,216.85,4812
2025-07-03T12:56:00+05:30,216.83,216.96,216.78,216.95,2908
2025-07-03T12:57:00+05:30,216.95,216.95,216.79,216.82,3187
2025-07-03T12:58:00+05:30,216.87,216.95,216.78,216.89,3280
2025-07-03T12:59:00+05:30,216.89,216.89,216.82,216.88,3222
2025-07-03T13:00:00+05:30,216.88,216.9,216.76,216.76,4507
2025-07-03T13:01:00+05:30,216.87,216.88,216.75,216.83,13782
2025-07-03T13:02:00+05:30,216.77,216.79,216.66,216.73,8831
2025-07-03T13:03:00+05:30,216.74,216.91,216.64,216.88,10318
2025-07-03T13:04:00+05:30,216.85,216.9,216.7,216.83,18872
2025-07-03T13:05:00+05:30,216.88,216.88,216.75,216.75,3007
2025-07-03T13:06:00+05:30,216.75,216.85,216.7,216.79,5182
2025-07-03T13:07:00+05:30,216.79,216.8,216.7,216.74,3501
2025-07-03T13:08:00+05:30,216.74,216.85,216.64,216.76,10865
2025-07-03T13:09:00+05:30,216.85,216.87,216.76,216.83,3160
2025-07-03T13:10:00+05:30,216.83,216.85,216.74,216.83,4087
2025-07-03T13:11:00+05:30,216.84,216.84,216.81,216.84,3253
2025-07-03T13:12:00+05:30,216.84,216.85,216.79,216.85,2846
2025-07-03T13:13:00+05:30,216.85,216.9,216.8,216.89,6045
2025-07-03T13:14:00+05:30,216.87,216.89,216.82,216.87,3293
2025-07-03T13:15:00+05:30,216.87,216.89,216.81,216.89,4653
2025-07-03T13:16:00+05:30,216.89,216.89,216.63,216.74,9650
2025-07-03T13:17:00+05:30,216.74,216.74,216.62,216.7,7749
2025-07-03T13:18:00+05:30,216.64,216.7,216.54,216.7,14168
2025-07-03T13:19:00+05:30,216.67,216.79,216.63,216.75,6605
2025-07-03T13:20:00+05:30,216.75,216.89,216.67,216.81,5478
2025-07-03T13:21:00+05:30,216.81,216.82,216.71,216.82,4921
2025-07-03T13:22:00+05:30,216.81,216.82,216.75,216.75,3658
2025-07-03T13:23:00+05:30,216.8,216.89,216.74,216.86,4404
2025-07-03T13:24:00+05:30,216.89,216.91,216.83,216.83,4485
2025-07-03T13:25:00+05:30,216.88,216.94,216.86,216.9,7602
2025-07-03T13:26:00+05:30,216.86,216.89,216.73,216.73,4192
2025-07-03T13:27:00+05:30,216.82,216.82,216.7,216.71,3786
2025-07-03T13:28:00+05:30,216.8,216.91,216.71,216.86,4840
2025-07-03T13:29:00+05:30,216.86,216.94,216.83,216.87,3204
2025-07-03T13:30:00+05:30,216.92,216.94,216.62,216.62,19252
2025-07-03T13:31:00+05:30,216.7,216.81,216.61,216.67,8575
2025-07-03T13:32:00+05:30,216.77,216.87,216.69,216.74,6901
2025-07-03T13:33:00+05:30,216.74,216.8,216.7,216.74,3649
2025-07-03T13:34:00+05:30,216.73,216.85,216.68,216.68,6809
2025-07-03T13:35:00+05:30,216.74,216.84,216.69,216.8,6739
2025-07-03T13:36:00+05:30,216.8,216.87,216.69,216.87,11108
2025-07-03T13:37:00+05:30,216.87,216.93,216.8,216.89,3542
2025-07-03T13:38:00+05:30,216.89,216.9,216.8,216.88,4181
2025-07-03T13:39:00+05:30,216.86,216.9,216.8,216.9,8252
2025-07-03T13:40:00+05:30,216.9,217.0,216.87,216.98,13256
2025-07-03T13:41:00+05:30,216.97,217.0,216.88,216.9,5075
2025-07-03T13:42:00+05:30,216.94,216.97,216.85,216.9,8963
2025-07-03T13:43:00+05:30,216.9,217.0,216.85,216.99,4847
2025-07-03T13:44:00+05:30,216.99,216.99,216.85,216.85,8402
2025-07-03T13:45:00+05:30,216.85,216.93,216.77,216.81,10448
2025-07-03T13:46:00+05:30,216.81,216.81,216.61,216.7,4069
2025-07-03T13:47:00+05:30,216.66,216.67,216.55,216.55,4748
2025-07-03T13:48:00+05:30,216.6,216.6,216.54,216.56,2966
2025-07-03T13:49:00+05:30,216.54,216.54,216.25,216.37,33614
2025-07-03T13:50:00+05:30,216.41,216.57,216.41,216.45,6651
2025-07-03T13:51:00+05:30,216.51,216.53,216.35,216.37,4779
2025-07-03T13:52:00+05:30,216.37,216.52,216.36,216.48,5871
2025-07-03T13:53:00+05:30,216.43,216.5,216.4,216.44,8098
2025-07-03T13:54:00+05:30,216.42,216.47,216.35,216.35,4947
2025-07-03T13:55:00+05:30,216.43,216.48,216.36,216.45,8900
2025-07-03T13:56:00+05:30,216.47,216.52,216.4,216.48,3399
2025-07-03T13:57:00+05:30,216.49,216.7,216.38,216.7,16310
2025-07-03T13:58:00+05:30,216.7,216.81,216.65,216.75,5909
2025-07-03T13:59:00+05:30,216.67,216.78,216.66,216.75,5935
2025-07-03T14:00:00+05:30,216.7,216.75,216.6,216.63,10831
2025-07-03T14:01:00+05:30,216.58,216.58,216.37,216.37,16031
2025-07-03T14:02:00+05:30,216.42,216.42,216.06,216.33,21281
2025-07-03T14:03:00+05:30,216.35,216.43,216.2,216.31,17200
2025-07-03T14:04:00+05:30,216.31,216.48,216.3,216.3,10987
2025-07-03T14:05:00+05:30,216.31,216.35,216.25,216.32,8163
2025-07-03T14:06:00+05:30,216.29,216.4,216.26,216.3,3490
2025-07-03T14:07:00+05:30,216.29,216.44,216.29,216.44,5707
2025-07-03T14:08:00+05:30,216.44,216.49,216.32,216.43,5764
2025-07-03T14:09:00+05:30,216.43,216.52,216.39,216.44,3193
2025-07-03T14:10:00+05:30,216.47,216.54,216.4,216.53,12061
2025-07-03T14:11:00+05:30,216.53,216.6,216.39,216.52,24634
2025-07-03T14:12:00+05:30,216.52,216.54,216.44,216.44,8109
2025-07-03T14:13:00+05:30,216.42,216.54,216.38,216.5,6976
2025-07-03T14:14:00+05:30,216.5,216.57,216.38,216.47,4662
2025-07-03T14:15:00+05:30,216.43,216.56,216.38,216.56,16084
2025-07-03T14:16:00+05:30,216.46,216.56,216.35,216.51,44273
2025-07-03T14:17:00+05:30,216.52,216.56,216.41,216.42,11920
2025-07-03T14:18:00+05:30,216.42,216.59,216.39,216.57,9995
2025-07-03T14:19:00+05:30,216.56,216.69,216.48,216.69,20592
2025-07-03T14:20:00+05:30,216.68,216.85,216.59,216.79,61841
2025-07-03T14:21:00+05:30,216.79,216.83,216.57,216.75,35460
2025-07-03T14:22:00+05:30,216.76,216.8,216.53,216.78,23712
2025-07-03T14:23:00+05:30,216.78,216.9,216.64,216.9,42261
2025-07-03T14:24:00+05:30,216.9,217.0,216.67,216.67,35366
2025-07-03T14:25:00+05:30,216.69,216.82,216.25,216.41,29019
2025-07-03T14:26:00+05:30,216.51,216.65,216.43,216.62,7332
2025-07-03T14:27:00+05:30,216.61,216.75,216.48,216.65,19823
2025-07-03T14:28:00+05:30,216.74,216.75,216.51,216.61,19199
2025-07-03T14:29:00+05:30,216.61,216.68,216.3,216.3,7608
2025-07-03T14:30:00+05:30,216.3,216.67,216.3,216.5,5097
2025-07-03T14:31:00+05:30,216.54,216.54,216.31,216.35,16567
2025-07-03T14:32:00+05:30,216.42,216.62,216.33,216.49,14891
2025-07-03T14:33:00+05:30,216.57,216.83,216.46,216.79,11789
2025-07-03T14:34:00+05:30,216.79,217.0,216.74,216.95,24957
2025-07-03T14:35:00+05:30,216.95,216.96,216.76,216.76,8593
2025-07-03T14:36:00+05:30,216.76,216.98,216.75,216.94,17814
2025-07-03T14:37:00+05:30,216.94,216.98,216.75,216.97,21008
2025-07-03T14:38:00+05:30,216.97,216.98,216.75,216.89,33920
2025-07-03T14:39:00+05:30,216.89,216.95,216.8,216.94,21704
2025-07-03T14:40:00+05:30,216.91,217.0,216.84,217.0,32102
2025-07-03T14:41:00+05:30,217.0,217.0,216.89,217.0,23016
2025-07-03T14:42:00+05:30,217.0,217.09,216.79,216.91,20515
2025-07-03T14:43:00+05:30,216.93,217.13,216.78,216.92,35103
2025-07-03T14:44:00+05:30,216.96,217.13,216.89,217.05,20100
2025-07-03T14:45:00+05:30,217.02,217.05,216.79,216.98,35819
2025-07-03T14:46:00+05:30,216.98,217.1,216.91,217.08,35585
2025-07-03T14:47:00+05:30,217.06,217.08,216.71,216.92,29360
2025-07-03T14:48:00+05:30,216.91,216.91,216.7,216.73,35580
2025-07-03T14:49:00+05:30,216.75,216.9,216.7,216.89,25440
2025-07-03T14:50:00+05:30,216.89,216.99,216.75,216.9,18320
2025-07-03T14:51:00+05:30,216.88,216.94,216.77,216.89,15256
2025-07-03T14:52:00+05:30,216.89,216.89,216.65,216.8,24953
2025-07-03T14:53:00+05:30,216.8,216.97,216.69,216.95,28897
2025-07-03T14:54:00+05:30,216.95,216.97,216.72,216.88,32195
2025-07-03T14:55:00+05:30,216.81,216.97,216.81,216.95,29209
2025-07-03T14:56:00+05:30,216.95,216.97,216.52,216.68,34636
2025-07-03T14:57:00+05:30,216.67,216.91,216.58,216.8,24083
2025-07-03T14:58:00+05:30,216.87,216.87,216.57,216.67,11659
2025-07-03T14:59:00+05:30,216.77,216.78,216.58,216.69,13576
2025-07-03T15:00:00+05:30,216.7,216.8,216.68,216.73,15679
2025-07-03T15:01:00+05:30,216.73,216.77,216.68,216.77,11231
2025-07-03T15:02:00+05:30,216.77,216.95,216.77,216.95,10570
2025-07-03T15:03:00+05:30,216.95,217.0,216.91,216.91,10873
2025-07-03T15:04:00+05:30,216.9,216.96,216.83,216.9,13086
2025-07-03T15:05:00+05:30,216.9,216.97,216.87,216.94,7334
2025-07-03T15:06:00+05:30,216.94,216.94,216.9,216.9,11785
2025-07-03T15:07:00+05:30,216.9,216.94,216.86,216.92,7631
2025-07-03T15:08:00+05:30,216.92,217.0,216.91,217.0,11773
2025-07-03T15:09:00+05:30,217.0,217.0,216.96,216.99,6488
2025-07-03T15:10:00+05:30,216.99,217.1,216.97,217.08,15266
2025-07-03T15:11:00+05:30,217.1,217.22,216.99,217.08,53931
2025-07-03T15:12:00+05:30,217.08,217.14,217.03,217.1,16302
2025-07-03T15:13:00+05:30,217.1,217.28,217.1,217.11,22859
2025-07-03T15:14:00+05:30,217.15,217.21,217.07,217.13,18944
2025-07-03T15:15:00+05:30,217.12,217.13,216.96,217.06,16182
2025-07-03T15:16:00+05:30,217.06,217.08,217.0,217.02,17549
2025-07-03T15:17:00+05:30,217.05,217.07,216.95,217.07,24493
2025-07-03T15:18:00+05:30,217.07,217.2,216.96,217.06,46011
2025-07-03T15:19:00+05:30,217.06,217.09,216.96,217.05,29192
2025-07-03T15:20:00+05:30,217.05,217.09,216.9,216.98,38193
2025-07-03T15:21:00+05:30,216.98,217.0,216.85,216.92,20451
2025-07-03T15:22:00+05:30,216.92,217.27,216.85,216.96,70957
2025-07-03T15:23:00+05:30,216.9,217.0,216.85,216.85,16761
2025-07-03T15:24:00+05:30,216.86,216.97,216.8,216.86,6949
2025-07-03T15:25:00+05:30,216.89,216.95,216.81,216.9,8633
2025-07-03T15:26:00+05:30,216.91,217.15,216.9,216.97,44617
2025-07-03T15:27:00+05:30,217.02,217.04,216.81,216.83,19986
2025-07-03T15:28:00+05:30,216.84,217.2,216.8,217.0,60619
2025-07-03T15:29:00+05:30,216.9,217.13,216.78,216.98,9559
2025-07-04T09:15:00+05:30,216.99,216.99,216.53,216.93,13915
2025-07-04T09:16:00+05:30,216.83,216.89,216.4,216.44,27438
2025-07-04T09:17:00+05:30,216.44,216.9,216.34,216.79,27047
2025-07-04T09:18:00+05:30,216.79,216.89,216.55,216.67,16394
2025-07-04T09:19:00+05:30,216.68,216.99,216.6,216.99,9989
2025-07-04T09:20:00+05:30,216.95,217.64,216.9,217.54,32915
2025-07-04T09:21:00+05:30,217.49,218.25,217.38,217.97,62139
2025-07-04T09:22:00+05:30,217.87,218.0,217.67,217.84,23645
2025-07-04T09:23:00+05:30,217.78,217.84,217.49,217.7,38061
2025-07-04T09:24:00+05:30,217.7,218.0,217.57,217.9,22033
2025-07-04T09:25:00+05:30,217.86,217.96,217.8,217.89,3859
2025-07-04T09:26:00+05:30,217.85,217.95,217.78,217.9,28051
2025-07-04T09:27:00+05:30,217.9,218.1,217.77,218.09,20768
2025-07-04T09:28:00+05:30,218.08,218.18,217.71,217.82,43928
2025-07-04T09:29:00+05:30,217.83,217.91,217.07,217.17,51724
2025-07-04T09:30:00+05:30,217.16,217.5,217.05,217.05,45350
2025-07-04T09:31:00+05:30,217.14,217.3,217.05,217.23,33352
2025-07-04T09:32:00+05:30,217.23,217.24,216.84,217.0,49654
2025-07-04T09:33:00+05:30,217.02,217.09,216.77,217.01,33840
2025-07-04T09:34:00+05:30,217.01,217.3,216.9,217.2,29203
2025-07-04T09:35:00+05:30,217.25,217.25,216.77,216.96,47773
2025-07-04T09:36:00+05:30,217.01,217.01,216.77,216.85,2313
2025-07-04T09:37:00+05:30,216.78,217.0,216.78,217.0,9220
2025-07-04T09:38:00+05:30,217.0,217.25,216.96,217.01,36590
2025-07-04T09:39:00+05:30,217.04,217.06,216.89,217.05,5899
2025-07-04T09:40:00+05:30,217.05,217.05,216.69,216.93,66199
2025-07-04T09:41:00+05:30,216.93,216.95,216.4,216.5,81305
2025-07-04T09:42:00+05:30,216.5,216.61,216.35,216.35,45034
2025-07-04T09:43:00+05:30,216.44,216.49,216.35,216.4,10925
2025-07-04T09:44:00+05:30,216.45,216.73,216.4,216.62,14568
2025-07-04T09:45:00+05:30,216.64,216.81,216.63,216.67,19584
2025-07-04T09:46:00+05:30,216.67,216.83,216.67,216.8,6547
2025-07-04T09:47:00+05:30,216.8,216.9,216.67,216.81,10433
2025-07-04T09:48:00+05:30,216.81,216.91,216.75,216.82,12001
2025-07-04T09:49:00+05:30,216.81,216.92,216.4,216.43,31698
2025-07-04T09:50:00+05:30,216.52,216.54,216.25,216.3,43038
2025-07-04T09:51:00+05:30,216.35,216.53,216.3,216.44,11446
2025-07-04T09:52:00+05:30,216.52,216.55,216.39,216.44,2513
2025-07-04T09:53:00+05:30,216.52,216.56,216.41,216.54,3214
2025-07-04T09:54:00+05:30,216.54,216.54,216.4,216.45,23298
2025-07-04T09:55:00+05:30,216.5,216.54,216.4,216.44,2932
2025-07-04T09:56:00+05:30,216.4,216.4,216.3,216.34,15483
2025-07-04T09:57:00+05:30,216.34,216.39,216.3,216.31,4999
2025-07-04T09:58:00+05:30,216.31,216.46,216.27,216.46,6205
2025-07-04T09:59:00+05:30,216.45,216.45,216.32,216.42,6761
2025-07-04T10:00:00+05:30,216.37,216.49,216.35,216.48,1567
2025-07-04T10:01:00+05:30,216.48,216.63,216.38,216.42,19950
2025-07-04T10:02:00+05:30,216.42,216.56,216.4,216.4,7915
2025-07-04T10:03:00+05:30,216.42,216.54,216.42,216.45,2404
2025-07-04T10:04:00+05:30,216.45,216.54,216.42,216.48,4555
2025-07-04T10:05:00+05:30,216.48,216.53,216.4,216.4,7092
2025-07-04T10:06:00+05:30,216.4,216.46,216.4,216.46,3488
2025-07-04T10:07:00+05:30,216.41,216.51,216.35,216.41,14551
2025-07-04T10:08:00+05:30,216.39,216.52,216.37,216.41,7919
2025-07-04T10:09:00+05:30,216.41,216.49,216.4,216.41,3175
2025-07-04T10:10:00+05:30,216.41,216.48,216.36,216.42,2297
2025-07-04T10:11:00+05:30,216.42,216.5,216.42,216.42,2340
2025-07-04T10:12:00+05:30,216.42,216.52,216.35,216.42,7916
2025-07-04T10:13:00+05:30,216.42,216.49,216.42,216.43,2461
2025-07-04T10:14:00+05:30,216.43,216.58,216.43,216.58,2309
2025-07-04T10:15:00+05:30,216.55,216.58,216.55,216.58,3236
2025-07-04T10:16:00+05:30,216.56,216.65,216.56,216.57,1896
2025-07-04T10:17:00+05:30,216.57,216.66,216.57,216.6,2571
2025-07-04T10:18:00+05:30,216.56,216.56,216.44,216.44,13384
2025-07-04T10:19:00+05:30,216.44,216.57,216.37,216.37,23995
2025-07-04T10:20:00+05:30,216.37,216.42,216.37,216.42,2042
2025-07-04T10:21:00+05:30,216.39,216.52,216.39,216.52,2285
2025-07-04T10:22:00+05:30,216.43,216.52,216.42,216.46,1346
2025-07-04T10:23:00+05:30,216.46,216.58,216.42,216.51,2702
2025-07-04T10:24:00+05:30,216.51,216.58,216.51,216.53,2696
2025-07-04T10:25:00+05:30,216.53,216.61,216.52,216.6,6103
2025-07-04T10:26:00+05:30,216.61,216.62,216.45,216.53,5796
2025-07-04T10:27:00+05:30,216.53,216.65,216.53,216.6,5368
2025-07-04T10:28:00+05:30,216.61,216.79,216.61,216.79,2502
2025-07-04T10:29:00+05:30,216.79,216.84,216.68,216.72,6428
2025-07-04T10:30:00+05:30,216.72,216.77,216.65,216.66,3466
2025-07-04T10:31:00+05:30,216.66,216.73,216.6,216.63,3998
2025-07-04T10:32:00+05:30,216.6,216.63,216.5,216.51,11252
2025-07-04T10:33:00+05:30,216.53,216.61,216.53,216.55,1348
2025-07-04T10:34:00+05:30,216.55,216.7,216.55,216.55,2036
2025-07-04T10:35:00+05:30,216.5,216.56,216.42,216.42,3844
2025-07-04T10:36:00+05:30,216.45,216.51,216.42,216.48,1475
2025-07-04T10:37:00+05:30,216.44,216.53,216.44,216.53,884
2025-07-04T10:38:00+05:30,216.54,216.61,216.46,216.53,1666
2025-07-04T10:39:00+05:30,216.53,216.55,216.5,216.51,4263
2025-07-04T10:40:00+05:30,216.5,216.72,216.5,216.64,1397
2025-07-04T10:41:00+05:30,216.72,216.73,216.6,216.63,3882
2025-07-04T10:42:00+05:30,216.63,216.66,216.5,216.55,3068
2025-07-04T10:43:00+05:30,216.55,216.62,216.52,216.56,1567
2025-07-04T10:44:00+05:30,216.56,216.66,216.53,216.65,1742
2025-07-04T10:45:00+05:30,216.6,216.69,216.6,216.69,6148
2025-07-04T10:46:00+05:30,216.71,216.79,216.64,216.69,10075
2025-07-04T10:47:00+05:30,216.7,216.72,216.51,216.51,12449
2025-07-04T10:48:00+05:30,216.61,216.61,216.5,216.55,3476
2025-07-04T10:49:00+05:30,216.58,216.61,216.5,216.53,3962
2025-07-04T10:50:00+05:30,216.53,216.56,216.51,216.53,3470
2025-07-04T10:51:00+05:30,216.53,216.53,216.42,216.42,19250
2025-07-04T10:52:00+05:30,216.42,216.5,216.4,216.46,9000
2025-07-04T10:53:00+05:30,216.46,216.55,216.41,216.54,8092
2025-07-04T10:54:00+05:30,216.44,216.52,216.36,216.43,10437
2025-07-04T10:55:00+05:30,216.42,216.52,216.42,216.5,6292
2025-07-04T10:56:00+05:30,216.5,216.58,216.45,216.5,2433
2025-07-04T10:57:00+05:30,216.56,216.56,216.45,216.5,3159
2025-07-04T10:58:00+05:30,216.47,216.58,216.42,216.5,7521
2025-07-04T10:59:00+05:30,216.47,216.57,216.44,216.53,7579
2025-07-04T11:00:00+05:30,216.53,216.57,216.43,216.49,2120
2025-07-04T11:01:00+05:30,216.49,216.49,216.42,216.42,4263
2025-07-04T11:02:00+05:30,216.42,216.5,216.42,216.5,1716
2025-07-04T11:03:00+05:30,216.43,216.55,216.43,216.46,1261
2025-07-04T11:04:00+05:30,216.46,216.57,216.44,216.55,4925
2025-07-04T11:05:00+05:30,216.48,216.53,216.44,216.5,3588
2025-07-04T11:06:00+05:30,216.46,216.51,216.42,216.45,1510
2025-07-04T11:07:00+05:30,216.44,216.49,216.26,216.26,20148
2025-07-04T11:08:00+05:30,216.3,216.47,216.26,216.42,6878
2025-07-04T11:09:00+05:30,216.42,216.44,216.3,216.33,7878
2025-07-04T11:10:00+05:30,216.33,216.44,216.33,216.37,2259
2025-07-04T11:11:00+05:30,216.36,216.44,216.3,216.36,10245
2025-07-04T11:12:00+05:30,216.36,216.41,216.31,216.34,3362
2025-07-04T11:13:00+05:30,216.34,216.4,216.3,216.35,8701
2025-07-04T11:14:00+05:30,216.35,216.45,216.35,216.36,2037
2025-07-04T11:15:00+05:30,216.35,216.49,216.35,216.49,1870
2025-07-04T11:16:00+05:30,216.42,216.49,215.78,216.0,241679
2025-07-04T11:17:00+05:30,215.94,216.36,215.93,216.36,87732
2025-07-04T11:18:00+05:30,216.3,216.4,216.21,216.3,11235
2025-07-04T11:19:00+05:30,216.3,216.31,216.11,216.2,9025
2025-07-04T11:20:00+05:30,216.12,216.21,216.11,216.18,3591
2025-07-04T11:21:00+05:30,216.12,216.23,216.11,216.15,8906
2025-07-04T11:22:00+05:30,216.17,216.2,216.01,216.2,10051
2025-07-04T11:23:00+05:30,216.19,216.25,216.14,216.17,5585
2025-07-04T11:24:00+05:30,216.16,216.17,215.86,215.92,53501
2025-07-04T11:25:00+05:30,215.92,216.17,215.88,215.98,103198
2025-07-04T11:26:00+05:30,215.91,215.98,215.81,215.91,10629
2025-07-04T11:27:00+05:30,215.85,215.91,215.82,215.83,4782
2025-07-04T11:28:00+05:30,215.84,215.96,215.7,215.73,17871
2025-07-04T11:29:00+05:30,215.73,215.82,215.71,215.77,9866
2025-07-04T11:30:00+05:30,215.77,215.77,215.53,215.67,11109
2025-07-04T11:31:00+05:30,215.62,215.8,215.61,215.8,5617
2025-07-04T11:32:00+05:30,215.76,215.85,215.75,215.85,5415
2025-07-04T11:33:00+05:30,215.82,215.85,215.65,215.73,6974
2025-07-04T11:34:00+05:30,215.72,215.79,215.66,215.79,1887
2025-07-04T11:35:00+05:30,215.79,215.8,215.67,215.68,2606
2025-07-04T11:36:00+05:30,215.67,215.68,215.55,215.56,3656
2025-07-04T11:37:00+05:30,215.57,215.62,215.55,215.6,2483
2025-07-04T11:38:00+05:30,215.6,215.62,215.52,215.53,7694
2025-07-04T11:39:00+05:30,215.52,215.55,215.3,215.36,29199
2025-07-04T11:40:00+05:30,215.35,215.43,215.25,215.3,8798
2025-07-04T11:41:00+05:30,215.3,215.34,215.05,215.15,29501
2025-07-04T11:42:00+05:30,215.11,215.19,215.0,215.17,32279
2025-07-04T11:43:00+05:30,215.16,215.3,215.0,215.18,21700
2025-07-04T11:44:00+05:30,215.19,215.32,215.12,215.21,3597
2025-07-04T11:45:00+05:30,215.21,215.22,215.04,215.12,13221
2025-07-04T11:46:00+05:30,215.11,215.15,215.02,215.1,5051
2025-07-04T11:47:00+05:30,215.06,215.11,214.84,215.0,25581
2025-07-04T11:48:00+05:30,215.0,215.1,214.85,215.1,13978
2025-07-04T11:49:00+05:30,215.09,215.14,215.02,215.12,5554
2025-07-04T11:50:00+05:30,215.05,215.15,215.02,215.02,8327
2025-07-04T11:51:00+05:30,215.05,215.07,215.0,215.06,6099
2025-07-04T11:52:00+05:30,215.06,215.3,215.06,215.27,6674
2025-07-04T11:53:00+05:30,215.15,215.28,215.15,215.2,4124
2025-07-04T11:54:00+05:30,215.2,215.2,215.03,215.04,3823
2025-07-04T11:55:00+05:30,215.07,215.1,214.84,215.02,13017
2025-07-04T11:56:00+05:30,215.02,215.14,215.02,215.14,7292
2025-07-04T11:57:00+05:30,215.1,215.2,215.02,215.19,2000
2025-07-04T11:58:00+05:30,215.17,215.29,215.17,215.2,9338
2025-07-04T11:59:00+05:30,215.17,215.35,215.17,215.23,9730
2025-07-04T12:00:00+05:30,215.23,215.4,215.22,215.26,11559
2025-07-04T12:01:00+05:30,215.26,215.4,215.25,215.32,9015
2025-07-04T12:02:00+05:30,215.28,215.4,215.27,215.4,2246
2025-07-04T12:03:00+05:30,215.4,215.53,215.3,215.37,10517
2025-07-04T12:04:00+05:30,215.31,215.42,215.28,215.32,5413
2025-07-04T12:05:00+05:30,215.26,215.4,215.25,215.4,5152
2025-07-04T12:06:00+05:30,215.36,215.49,215.3,215.42,27628
2025-07-04T12:07:00+05:30,215.42,215.43,215.29,215.38,10468
2025-07-04T12:08:00+05:30,215.37,215.69,215.35,215.62,6681
2025-07-04T12:09:00+05:30,215.62,215.62,215.42,215.51,3764
2025-07-04T12:10:00+05:30,215.47,215.5,215.39,215.47,3354
2025-07-04T12:11:00+05:30,215.41,215.55,215.4,215.53,3165
2025-07-04T12:12:00+05:30,215.53,215.53,215.4,215.46,2045
2025-07-04T12:13:00+05:30,215.46,215.55,215.42,215.5,8421
2025-07-04T12:14:00+05:30,215.44,215.53,215.4,215.53,1760
2025-07-04T12:15:00+05:30,215.51,215.53,215.43,215.48,1921
2025-07-04T12:16:00+05:30,215.43,215.5,215.37,215.49,2492
2025-07-04T12:17:00+05:30,215.42,215.5,215.41,215.49,1564
2025-07-04T12:18:00+05:30,215.49,215.67,215.47,215.64,3930
2025-07-04T12:19:00+05:30,215.59,215.67,215.53,215.53,2419
2025-07-04T12:20:00+05:30,215.55,215.58,215.53,215.55,1145
2025-07-04T12:21:00+05:30,215.54,215.55,215.0,215.5,267109
2025-07-04T12:22:00+05:30,215.5,215.54,215.39,215.5,5799
2025-07-04T12:23:00+05:30,215.5,215.73,215.4,215.73,4469
2025-07-04T12:24:00+05:30,215.67,215.79,215.67,215.75,2093
2025-07-04T12:25:00+05:30,215.69,215.75,215.54,215.7,6567
2025-07-04T12:26:00+05:30,215.66,215.75,215.66,215.75,22255
2025-07-04T12:27:00+05:30,215.7,215.75,215.7,215.75,22608
2025-07-04T12:28:00+05:30,215.74,215.75,215.73,215.75,4672
2025-07-04T12:29:00+05:30,215.73,215.74,215.67,215.68,2229
2025-07-04T12:30:00+05:30,215.65,215.75,215.65,215.75,1948
2025-07-04T12:31:00+05:30,215.72,215.75,215.72,215.75,1780
2025-07-04T12:32:00+05:30,215.75,215.75,215.67,215.72,2441
2025-07-04T12:33:00+05:30,215.71,215.75,215.71,215.75,1001
2025-07-04T12:34:00+05:30,215.74,215.78,215.69,215.78,2614
2025-07-04T12:35:00+05:30,215.76,215.76,215.63,215.7,3000
2025-07-04T12:36:00+05:30,215.66,215.7,215.62,215.7,710
2025-07-04T12:37:00+05:30,215.69,215.7,215.62,215.69,1612
2025-07-04T12:38:00+05:30,215.68,215.7,215.61,215.7,2605
2025-07-04T12:39:00+05:30,215.7,215.7,215.66,215.7,14103
2025-07-04T12:40:00+05:30,215.68,215.7,215.68,215.69,2000
2025-07-04T12:41:00+05:30,215.67,215.7,215.67,215.7,7631
2025-07-04T12:42:00+05:30,215.68,215.7,215.68,215.7,3169
2025-07-04T12:43:00+05:30,215.69,215.7,215.66,215.7,2308
2025-07-04T12:44:00+05:30,215.68,215.7,215.67,215.7,927
2025-07-04T12:45:00+05:30,215.69,215.7,215.66,215.7,1502
2025-07-04T12:46:00+05:30,215.7,215.83,215.68,215.79,30282
2025-07-04T12:47:00+05:30,215.79,215.79,215.69,215.73,5902
2025-07-04T12:48:00+05:30,215.71,215.9,215.71,215.9,75914
2025-07-04T12:49:00+05:30,215.82,215.89,215.73,215.74,16133
2025-07-04T12:50:00+05:30,215.7,215.77,215.6,215.71,8097
2025-07-04T12:51:00+05:30,215.71,215.78,215.63,215.71,4146
2025-07-04T12:52:00+05:30,215.71,215.75,215.71,215.75,2591
2025-07-04T12:53:00+05:30,215.73,215.8,215.72,215.78,1537
2025-07-04T12:54:00+05:30,215.78,215.79,215.5,215.73,115857
2025-07-04T12:55:00+05:30,215.67,215.72,215.35,215.42,14100
2025-07-04T12:56:00+05:30,215.42,215.43,215.11,215.42,15866
2025-07-04T12:57:00+05:30,215.42,215.43,215.22,215.33,2202
2025-07-04T12:58:00+05:30,215.31,215.31,215.11,215.29,2811
2025-07-04T12:59:00+05:30,215.24,215.31,215.24,215.31,2919
2025-07-04T13:00:00+05:30,215.33,215.38,215.31,215.33,2055
2025-07-04T13:01:00+05:30,215.33,215.35,215.19,215.29,3199
2025-07-04T13:02:00+05:30,215.24,215.29,215.14,215.2,4558
2025-07-04T13:03:00+05:30,215.16,215.33,215.14,215.32,25996
2025-07-04T13:04:00+05:30,215.27,215.35,215.21,215.3,5012
2025-07-04T13:05:00+05:30,215.26,215.3,215.19,215.3,4015
2025-07-04T13:06:00+05:30,215.3,215.3,215.21,215.3,6651
2025-07-04T13:07:00+05:30,215.3,215.3,215.27,215.28,2163
2025-07-04T13:08:00+05:30,215.28,215.3,215.22,215.3,3718
2025-07-04T13:09:00+05:30,215.29,215.29,215.15,215.16,4835
2025-07-04T13:10:00+05:30,215.2,215.2,215.16,215.2,1791
2025-07-04T13:11:00+05:30,215.19,215.2,214.9,214.96,12057
2025-07-04T13:12:00+05:30,214.96,215.0,214.75,214.91,13573
2025-07-04T13:13:00+05:30,215.0,215.0,214.9,214.97,2871
2025-07-04T13:14:00+05:30,214.97,215.0,214.88,215.0,4593
2025-07-04T13:15:00+05:30,214.99,215.0,214.91,214.99,2347
2025-07-04T13:16:00+05:30,214.99,214.99,214.92,214.99,1315
2025-07-04T13:17:00+05:30,214.99,215.0,214.93,215.0,1346
2025-07-04T13:18:00+05:30,214.96,215.0,214.87,214.92,3643
2025-07-04T13:19:00+05:30,214.9,214.96,214.83,214.86,1242
2025-07-04T13:20:00+05:30,214.85,214.9,214.75,214.87,5505
2025-07-04T13:21:00+05:30,214.85,214.88,214.31,214.45,37283
2025-07-04T13:22:00+05:30,214.45,214.72,214.45,214.53,6160
2025-07-04T13:23:00+05:30,214.52,214.72,214.45,214.69,14131
2025-07-04T13:24:00+05:30,214.64,214.7,214.63,214.65,1513
2025-07-04T13:25:00+05:30,214.64,214.7,214.54,214.57,4070
2025-07-04T13:26:00+05:30,214.53,214.6,214.5,214.55,1461
2025-07-04T13:27:00+05:30,214.55,214.59,214.5,214.59,4211
2025-07-04T13:28:00+05:30,214.58,214.61,214.05,214.26,19150
2025-07-04T13:29:00+05:30,214.25,214.51,214.21,214.51,16581
2025-07-04T13:30:00+05:30,214.49,214.51,214.14,214.2,11931
2025-07-04T13:31:00+05:30,214.17,214.25,214.09,214.13,4868
2025-07-04T13:32:00+05:30,214.13,214.2,214.1,214.2,4181
2025-07-04T13:33:00+05:30,214.16,214.25,214.1,214.19,6954
2025-07-04T13:34:00+05:30,214.16,214.27,214.08,214.19,10182
2025-07-04T13:35:00+05:30,214.08,214.38,214.08,214.36,6084
2025-07-04T13:36:00+05:30,214.35,214.39,214.11,214.34,6429
2025-07-04T13:37:00+05:30,214.34,214.41,214.22,214.4,6189
2025-07-04T13:38:00+05:30,214.36,214.43,214.15,214.2,7418
2025-07-04T13:39:00+05:30,214.15,214.3,214.15,214.25,2816
2025-07-04T13:40:00+05:30,214.2,214.3,214.17,214.24,2405
2025-07-04T13:41:00+05:30,214.24,214.4,214.2,214.34,1640
2025-07-04T13:42:00+05:30,214.34,214.48,214.32,214.4,2584
2025-07-04T13:43:00+05:30,214.38,214.6,214.38,214.59,7743
2025-07-04T13:44:00+05:30,214.58,214.79,214.48,214.52,12945
2025-07-04T13:45:00+05:30,214.49,214.54,214.39,214.44,4274
2025-07-04T13:46:00+05:30,214.43,214.44,214.3,214.36,9679
2025-07-04T13:47:00+05:30,214.35,214.43,214.28,214.37,2862
2025-07-04T13:48:00+05:30,214.36,214.59,214.3,214.59,6476
2025-07-04T13:49:00+05:30,214.51,214.6,214.44,214.59,7827
2025-07-04T13:50:00+05:30,214.51,214.7,214.5,214.58,3074
2025-07-04T13:51:00+05:30,214.57,214.7,214.57,214.61,1624
2025-07-04T13:52:00+05:30,214.6,214.71,214.6,214.65,10999
2025-07-04T13:53:00+05:30,214.64,214.75,214.4,214.55,54906
2025-07-04T13:54:00+05:30,214.47,214.63,214.42,214.49,8187
2025-07-04T13:55:00+05:30,214.48,214.5,214.48,214.48,2216
2025-07-04T13:56:00+05:30,214.48,214.61,214.43,214.48,14726
2025-07-04T13:57:00+05:30,214.42,214.48,214.41,214.42,1310
2025-07-04T13:58:00+05:30,214.43,214.59,214.42,214.55,2355
2025-07-04T13:59:00+05:30,214.59,214.7,214.49,214.62,2959
2025-07-04T14:00:00+05:30,214.57,214.68,214.52,214.6,3471
2025-07-04T14:01:00+05:30,214.57,214.66,214.52,214.53,3284
2025-07-04T14:02:00+05:30,214.52,214.52,214.36,214.44,3719
2025-07-04T14:03:00+05:30,214.37,214.4,214.28,214.34,1969
2025-07-04T14:04:00+05:30,214.34,214.62,214.31,214.62,11076
2025-07-04T14:05:00+05:30,214.59,214.68,214.53,214.66,8810
2025-07-04T14:06:00+05:30,214.6,214.66,214.52,214.61,1414
2025-07-04T14:07:00+05:30,214.59,214.69,214.5,214.57,7890
2025-07-04T14:08:00+05:30,214.57,214.66,214.53,214.53,5723
2025-07-04T14:09:00+05:30,214.53,214.67,214.53,214.67,3470
2025-07-04T14:10:00+05:30,214.64,214.7,214.5,214.59,3588
2025-07-04T14:11:00+05:30,214.51,214.63,214.5,214.53,2037
2025-07-04T14:12:00+05:30,214.52,214.66,214.52,214.66,9814
2025-07-04T14:13:00+05:30,214.66,214.77,214.65,214.71,3232
2025-07-04T14:14:00+05:30,214.71,214.88,214.7,214.83,17827
2025-07-04T14:15:00+05:30,214.82,214.82,214.72,214.75,10590
2025-07-04T14:16:00+05:30,214.74,214.75,214.7,214.71,3530
2025-07-04T14:17:00+05:30,214.75,215.0,214.7,214.97,35440
2025-07-04T14:18:00+05:30,214.92,214.97,214.83,214.86,1610
2025-07-04T14:19:00+05:30,214.83,214.97,214.82,214.88,4472
2025-07-04T14:20:00+05:30,214.83,214.94,214.8,214.93,1219
2025-07-04T14:21:00+05:30,214.88,214.93,214.77,214.82,4234
2025-07-04T14:22:00+05:30,214.77,214.88,214.64,214.79,2857
2025-07-04T14:23:00+05:30,214.77,214.8,214.7,214.79,2436
2025-07-04T14:24:00+05:30,214.74,214.83,214.73,214.82,4740
2025-07-04T14:25:00+05:30,214.78,214.87,214.75,214.85,2008
2025-07-04T14:26:00+05:30,214.82,214.87,214.76,214.8,4780
2025-07-04T14:27:00+05:30,214.8,214.93,214.77,214.85,3301
2025-07-04T14:28:00+05:30,214.85,214.86,214.79,214.84,1738
2025-07-04T14:29:00+05:30,214.84,214.84,214.8,214.82,1387
2025-07-04T14:30:00+05:30,214.81,214.98,214.74,214.96,15758
2025-07-04T14:31:00+05:30,214.96,215.0,214.85,214.99,6450
2025-07-04T14:32:00+05:30,214.97,215.0,214.9,215.0,9672
2025-07-04T14:33:00+05:30,214.97,215.0,214.96,215.0,17793
2025-07-04T14:34:00+05:30,214.98,215.0,214.97,214.97,777
2025-07-04T14:35:00+05:30,214.99,215.4,214.97,215.36,72936
2025-07-04T14:36:00+05:30,215.36,215.5,215.3,215.5,20278
2025-07-04T14:37:00+05:30,215.5,215.5,215.39,215.5,16201
2025-07-04T14:38:00+05:30,215.46,215.5,215.31,215.45,16836
2025-07-04T14:39:00+05:30,215.41,215.45,215.36,215.45,10051
2025-07-04T14:40:00+05:30,215.43,215.6,215.41,215.57,8487
2025-07-04T14:41:00+05:30,215.59,215.69,215.51,215.6,9134
2025-07-04T14:42:00+05:30,215.58,215.67,215.5,215.53,3302
2025-07-04T14:43:00+05:30,215.53,215.6,215.5,215.6,1861
2025-07-04T14:44:00+05:30,215.54,215.6,215.5,215.59,3782
2025-07-04T14:45:00+05:30,215.55,215.6,215.5,215.56,962
2025-07-04T14:46:00+05:30,215.52,215.56,215.5,215.52,916
2025-07-04T14:47:00+05:30,215.52,215.54,215.47,215.5,7918
2025-07-04T14:48:00+05:30,215.5,215.53,215.36,215.4,3303
2025-07-04T14:49:00+05:30,215.36,215.4,215.27,215.4,4030
2025-07-04T14:50:00+05:30,215.39,215.41,215.28,215.28,3249
2025-07-04T14:51:00+05:30,215.26,215.39,215.22,215.25,1096
2025-07-04T14:52:00+05:30,215.25,215.33,215.23,215.26,1227
2025-07-04T14:53:00+05:30,215.26,215.4,215.25,215.4,3482
2025-07-04T14:54:00+05:30,215.36,215.41,215.35,215.41,5835
2025-07-04T14:55:00+05:30,215.41,215.54,215.41,215.53,6857
2025-07-04T14:56:00+05:30,215.51,215.54,215.4,215.54,30925
2025-07-04T14:57:00+05:30,215.51,215.64,215.47,215.52,4616
2025-07-04T14:58:00+05:30,215.52,215.58,215.51,215.57,1751
2025-07-04T14:59:00+05:30,215.51,215.58,215.51,215.57,4487
2025-07-04T15:00:00+05:30,215.56,215.65,215.56,215.61,5851
2025-07-04T15:01:00+05:30,215.56,215.64,215.01,215.32,88957
2025-07-04T15:02:00+05:30,215.36,215.58,215.18,215.45,42972
2025-07-04T15:03:00+05:30,215.45,215.54,215.45,215.54,7868
2025-07-04T15:04:00+05:30,215.53,215.58,215.52,215.54,15479
2025-07-04T15:05:00+05:30,215.53,215.58,215.42,215.5,10733
2025-07-04T15:06:00+05:30,215.5,215.54,215.46,215.49,8590
2025-07-04T15:07:00+05:30,215.49,215.54,215.34,215.46,15351
2025-07-04T15:08:00+05:30,215.39,215.49,215.27,215.41,21940
2025-07-04T15:09:00+05:30,215.44,215.54,215.37,215.51,20573
2025-07-04T15:10:00+05:30,215.51,215.54,215.48,215.54,15721
2025-07-04T15:11:00+05:30,215.53,215.54,215.46,215.5,26300
2025-07-04T15:12:00+05:30,215.5,215.63,215.46,215.58,31039
2025-07-04T15:13:00+05:30,215.58,215.59,215.52,215.56,14483
2025-07-04T15:14:00+05:30,215.56,215.6,215.5,215.51,23816
2025-07-04T15:15:00+05:30,215.51,215.58,215.48,215.53,35783
2025-07-04T15:16:00+05:30,215.53,215.55,215.33,215.38,34703
2025-07-04T15:17:00+05:30,215.39,215.44,215.11,215.18,43108
2025-07-04T15:18:00+05:30,215.12,215.34,214.77,215.29,136516
2025-07-04T15:19:00+05:30,215.26,215.29,214.96,215.05,54187
2025-07-04T15:20:00+05:30,215.05,215.21,214.92,215.13,76729
2025-07-04T15:21:00+05:30,215.1,215.19,215.05,215.14,28430
2025-07-04T15:22:00+05:30,215.11,215.3,215.1,215.27,28498
2025-07-04T15:23:00+05:30,215.23,215.41,215.22,215.23,27702
2025-07-04T15:24:00+05:30,215.23,215.4,215.19,215.33,27877
2025-07-04T15:25:00+05:30,215.32,215.38,215.3,215.31,26003
2025-07-04T15:26:00+05:30,215.31,215.38,215.25,215.34,15656
2025-07-04T15:27:00+05:30,215.31,215.35,215.27,215.35,26370
2025-07-04T15:28:00+05:30,215.33,215.46,215.31,215.46,19433
2025-07-04T15:29:00+05:30,215.36,215.5,215.32,215.5,24783
2025-07-07T09:15:00+05:30,215.51,216.39,215.21,216.24,53355
2025-07-07T09:16:00+05:30,216.24,216.24,215.94,216.1,35962
2025-07-07T09:17:00+05:30,216.06,216.41,216.06,216.26,16276
2025-07-07T09:18:00+05:30,216.25,216.25,216.01,216.19,12001
2025-07-07T09:19:00+05:30,216.14,216.47,216.14,216.45,13921
2025-07-07T09:20:00+05:30,216.39,216.55,216.25,216.55,9534
2025-07-07T09:21:00+05:30,216.54,216.54,216.21,216.25,9115
2025-07-07T09:22:00+05:30,216.11,216.36,216.08,216.28,9760
2025-07-07T09:23:00+05:30,216.13,216.4,216.08,216.4,5021
2025-07-07T09:24:00+05:30,216.33,216.42,216.1,216.1,4156
2025-07-07T09:25:00+05:30,216.11,216.22,216.08,216.08,3788
2025-07-07T09:26:00+05:30,216.15,216.15,216.0,216.04,11152
2025-07-07T09:27:00+05:30,216.0,216.15,216.0,216.1,25571
2025-07-07T09:28:00+05:30,216.05,216.1,215.87,216.04,8992
2025-07-07T09:29:00+05:30,216.04,216.04,215.88,215.94,11985
2025-07-07T09:30:00+05:30,216.09,216.27,216.09,216.27,7683
2025-07-07T09:31:00+05:30,216.26,216.26,216.02,216.18,6661
2025-07-07T09:32:00+05:30,216.29,216.32,216.23,216.31,5729
2025-07-07T09:33:00+05:30,216.28,216.28,216.09,216.21,9527
2025-07-07T09:34:00+05:30,216.14,216.2,216.11,216.2,2286
2025-07-07T09:35:00+05:30,216.14,216.2,216.14,216.2,5624
2025-07-07T09:36:00+05:30,216.2,216.2,216.19,216.2,4898
2025-07-07T09:37:00+05:30,216.44,216.44,216.04,216.1,25335
2025-07-07T09:38:00+05:30,216.02,216.08,215.75,215.75,54751
2025-07-07T09:39:00+05:30,215.83,215.83,215.45,215.5,63564
2025-07-07T09:40:00+05:30,215.54,215.54,215.05,215.22,37223
2025-07-07T09:41:00+05:30,215.24,215.24,214.96,215.13,22673
2025-07-07T09:42:00+05:30,215.23,215.88,215.23,215.82,23970
2025-07-07T09:43:00+05:30,215.78,215.87,215.73,215.87,4200
2025-07-07T09:44:00+05:30,215.73,215.74,215.7,215.7,3458
2025-07-07T09:45:00+05:30,215.67,215.95,215.57,215.95,10299
2025-07-07T09:46:00+05:30,215.98,216.1,215.92,216.08,6946
2025-07-07T09:47:00+05:30,216.08,216.08,215.91,215.91,4717
2025-07-07T09:48:00+05:30,215.91,215.91,215.64,215.86,5919
2025-07-07T09:49:00+05:30,215.9,215.97,215.82,215.97,4662
2025-07-07T09:50:00+05:30,215.86,215.9,215.65,215.69,5041
2025-07-07T09:51:00+05:30,215.68,215.68,215.59,215.6,978
2025-07-07T09:52:00+05:30,215.66,215.7,215.6,215.7,7166
2025-07-07T09:53:00+05:30,215.66,215.83,215.66,215.83,1791
2025-07-07T09:54:00+05:30,215.78,215.88,215.76,215.76,2942
2025-07-07T09:55:00+05:30,215.9,215.92,215.78,215.78,5336
2025-07-07T09:56:00+05:30,215.78,215.87,215.78,215.87,1006
2025-07-07T09:57:00+05:30,215.88,215.88,215.83,215.87,352
2025-07-07T09:58:00+05:30,215.86,215.87,215.77,215.86,1268
2025-07-07T09:59:00+05:30,215.78,215.84,215.73,215.84,1732
2025-07-07T10:00:00+05:30,215.87,216.33,215.87,216.32,19819
2025-07-07T10:01:00+05:30,216.32,216.32,216.05,216.15,5052
2025-07-07T10:02:00+05:30,216.15,216.17,215.83,216.02,13336
2025-07-07T10:03:00+05:30,216.04,216.07,215.94,216.07,2372
2025-07-07T10:04:00+05:30,216.07,216.07,215.9,215.9,4606
2025-07-07T10:05:00+05:30,215.97,216.0,215.97,215.99,3972
2025-07-07T10:06:00+05:30,216.0,216.0,215.78,215.87,10017
2025-07-07T10:07:00+05:30,215.85,215.95,215.85,215.95,3530
2025-07-07T10:08:00+05:30,215.94,216.0,215.91,216.0,3905
2025-07-07T10:09:00+05:30,215.99,216.0,215.95,216.0,6226
2025-07-07T10:10:00+05:30,216.0,216.13,215.97,216.13,3952
2025-07-07T10:11:00+05:30,216.1,216.11,216.03,216.1,1481
2025-07-07T10:12:00+05:30,216.1,216.21,216.08,216.2,4110
2025-07-07T10:13:00+05:30,216.25,216.26,216.12,216.25,18040
2025-07-07T10:14:00+05:30,216.19,216.27,216.19,216.2,1350
2025-07-07T10:15:00+05:30,216.15,216.25,216.14,216.21,4669
2025-07-07T10:16:00+05:30,216.24,216.39,216.24,216.34,3772
2025-07-07T10:17:00+05:30,216.34,216.38,216.29,216.29,6855
2025-07-07T10:18:00+05:30,216.3,216.3,216.26,216.3,705
2025-07-07T10:19:00+05:30,216.3,216.38,216.3,216.3,2417
2025-07-07T10:20:00+05:30,216.36,216.5,216.36,216.5,14957
2025-07-07T10:21:00+05:30,216.4,216.42,216.35,216.35,5994
2025-07-07T10:22:00+05:30,216.28,216.28,216.13,216.2,3516
2025-07-07T10:23:00+05:30,216.2,216.28,216.2,216.28,5648
2025-07-07T10:24:00+05:30,216.31,216.36,216.3,216.31,5882
2025-07-07T10:25:00+05:30,216.31,216.39,216.31,216.39,2495
2025-07-07T10:26:00+05:30,216.39,216.39,216.3,216.34,2841
2025-07-07T10:27:00+05:30,216.32,216.34,216.24,216.3,45847
2025-07-07T10:28:00+05:30,216.3,216.32,216.3,216.3,1412
2025-07-07T10:29:00+05:30,216.29,216.3,216.12,216.13,6520
2025-07-07T10:30:00+05:30,216.1,216.12,216.02,216.1,3324
2025-07-07T10:31:00+05:30,216.04,216.27,216.04,216.19,3749
2025-07-07T10:32:00+05:30,216.19,216.33,216.19,216.32,2803
2025-07-07T10:33:00+05:30,216.33,216.34,216.26,216.27,3917
2025-07-07T10:34:00+05:30,216.16,216.25,216.16,216.23,3087
2025-07-07T10:35:00+05:30,216.22,216.23,216.17,216.22,7702
2025-07-07T10:36:00+05:30,216.19,216.19,216.08,216.09,3224
2025-07-07T10:37:00+05:30,216.08,216.09,216.02,216.06,3566
2025-07-07T10:38:00+05:30,216.06,216.06,216.03,216.06,3013
2025-07-07T10:39:00+05:30,216.06,216.13,216.03,216.13,6504
2025-07-07T10:40:00+05:30,216.03,216.2,216.03,216.15,6202
2025-07-07T10:41:00+05:30,216.18,216.24,216.12,216.24,1437
2025-07-07T10:42:00+05:30,216.23,216.28,216.22,216.25,4571
2025-07-07T10:43:00+05:30,216.23,216.24,216.1,216.1,2602
2025-07-07T10:44:00+05:30,216.19,216.19,216.03,216.15,1310
2025-07-07T10:45:00+05:30,216.14,216.22,216.14,216.17,4726
2025-07-07T10:46:00+05:30,216.34,216.44,216.34,216.4,19755
2025-07-07T10:47:00+05:30,216.39,216.45,216.29,216.37,2615
2025-07-07T10:48:00+05:30,216.38,216.38,216.36,216.36,1884
2025-07-07T10:49:00+05:30,216.38,216.44,216.32,216.34,8119
2025-07-07T10:50:00+05:30,216.3,216.37,216.27,216.3,2471
2025-07-07T10:51:00+05:30,216.3,216.3,216.26,216.26,2310
2025-07-07T10:52:00+05:30,216.27,216.29,216.27,216.29,2553
2025-07-07T10:53:00+05:30,216.29,216.29,216.24,216.24,4540
2025-07-07T10:54:00+05:30,216.24,216.24,216.21,216.21,4400
2025-07-07T10:55:00+05:30,216.21,216.43,216.21,216.43,13136
2025-07-07T10:56:00+05:30,216.42,216.47,216.4,216.45,3784
2025-07-07T10:57:00+05:30,216.49,216.49,216.45,216.47,4801
2025-07-07T10:58:00+05:30,216.47,216.67,216.46,216.61,21701
2025-07-07T10:59:00+05:30,216.61,216.9,216.61,216.89,34042
2025-07-07T11:00:00+05:30,216.95,217.2,216.9,216.99,46917
2025-07-07T11:01:00+05:30,216.91,216.99,216.91,216.98,1375
2025-07-07T11:02:00+05:30,216.98,216.98,216.68,216.73,14724
2025-07-07T11:03:00+05:30,216.73,216.73,216.5,216.56,40075
2025-07-07T11:04:00+05:30,216.56,216.58,216.3,216.35,5998
2025-07-07T11:05:00+05:30,216.35,216.46,216.3,216.46,3520
2025-07-07T11:06:00+05:30,216.46,216.5,216.4,216.45,4152
2025-07-07T11:07:00+05:30,216.46,216.46,216.3,216.34,14244
2025-07-07T11:08:00+05:30,216.3,216.41,216.3,216.4,1699
2025-07-07T11:09:00+05:30,216.4,216.4,216.34,216.35,2417
2025-07-07T11:10:00+05:30,216.39,216.39,216.32,216.35,4848
2025-07-07T11:11:00+05:30,216.35,216.35,216.28,216.3,7639
2025-07-07T11:12:00+05:30,216.23,216.3,216.23,216.3,2760
2025-07-07T11:13:00+05:30,216.28,216.28,216.11,216.16,8853
2025-07-07T11:14:00+05:30,216.16,216.21,216.15,216.21,1875
2025-07-07T11:15:00+05:30,216.23,216.47,216.21,216.47,13468
2025-07-07T11:16:00+05:30,216.49,216.49,216.4,216.42,5965
2025-07-07T11:17:00+05:30,216.41,216.42,216.4,216.41,20118
2025-07-07T11:18:00+05:30,216.4,216.41,216.33,216.33,30999
2025-07-07T11:19:00+05:30,216.34,216.35,216.3,216.3,2908
2025-07-07T11:20:00+05:30,216.34,216.34,216.3,216.3,5366
2025-07-07T11:21:00+05:30,216.32,216.34,216.31,216.33,11921
2025-07-07T11:22:00+05:30,216.33,216.39,216.31,216.32,20672
2025-07-07T11:23:00+05:30,216.26,216.26,216.19,216.22,40185
2025-07-07T11:24:00+05:30,216.2,216.24,216.19,216.23,4739
2025-07-07T11:25:00+05:30,216.24,216.24,216.19,216.2,9103
2025-07-07T11:26:00+05:30,216.13,216.14,216.08,216.13,9601
2025-07-07T11:27:00+05:30,216.13,216.2,216.09,216.2,5171
2025-07-07T11:28:00+05:30,216.2,216.26,216.2,216.26,7013
2025-07-07T11:29:00+05:30,216.26,216.26,216.21,216.22,7128
2025-07-07T11:30:00+05:30,216.25,216.27,216.23,216.27,12046
2025-07-07T11:31:00+05:30,216.25,216.29,216.25,216.27,8420
2025-07-07T11:32:00+05:30,216.27,216.3,216.25,216.3,5455
2025-07-07T11:33:00+05:30,216.3,216.32,216.29,216.3,5215
2025-07-07T11:34:00+05:30,216.32,216.42,216.32,216.42,2606
2025-07-07T11:35:00+05:30,216.42,216.46,216.42,216.44,3111
2025-07-07T11:36:00+05:30,216.44,216.44,216.4,216.43,9354
2025-07-07T11:37:00+05:30,216.44,216.44,216.4,216.44,4633
2025-07-07T11:38:00+05:30,216.4,216.44,216.4,216.42,4545
2025-07-07T11:39:00+05:30,216.44,216.44,216.4,216.44,3659
2025-07-07T11:40:00+05:30,216.44,216.45,216.44,216.45,6444
2025-07-07T11:41:00+05:30,216.45,216.57,216.4,216.57,29392
2025-07-07T11:42:00+05:30,216.57,216.68,216.57,216.57,10593
2025-07-07T11:43:00+05:30,216.59,216.6,216.5,216.58,5808
2025-07-07T11:44:00+05:30,216.58,216.6,216.57,216.57,1241
2025-07-07T11:45:00+05:30,216.61,216.62,216.51,216.57,6292
2025-07-07T11:46:00+05:30,216.57,216.67,216.57,216.62,6599
2025-07-07T11:47:00+05:30,216.6,216.6,216.53,216.53,7418
2025-07-07T11:48:00+05:30,216.53,216.6,216.53,216.59,5093
2025-07-07T11:49:00+05:30,216.59,216.59,216.22,216.35,204975
2025-07-07T11:50:00+05:30,216.35,216.4,216.34,216.34,5073
2025-07-07T11:51:00+05:30,216.36,216.38,216.25,216.28,3186
2025-07-07T11:52:00+05:30,216.27,216.44,216.23,216.41,16873
2025-07-07T11:53:00+05:30,216.41,216.41,216.2,216.3,3406
2025-07-07T11:54:00+05:30,216.3,216.32,216.21,216.32,4269
2025-07-07T11:55:00+05:30,216.33,216.33,216.0,216.14,29916
2025-07-07T11:56:00+05:30,216.16,216.18,216.05,216.14,18157
2025-07-07T11:57:00+05:30,216.13,216.28,216.1,216.28,13238
2025-07-07T11:58:00+05:30,216.29,216.36,216.29,216.31,3241
2025-07-07T11:59:00+05:30,216.35,216.35,216.21,216.23,14752
2025-07-07T12:00:00+05:30,216.17,216.24,216.11,216.14,4638
2025-07-07T12:01:00+05:30,216.2,216.2,216.13,216.16,5194
2025-07-07T12:02:00+05:30,216.14,216.15,216.06,216.11,8328
2025-07-07T12:03:00+05:30,216.11,216.18,216.07,216.18,9088
2025-07-07T12:04:00+05:30,216.12,216.18,216.02,216.08,15209
2025-07-07T12:05:00+05:30,216.08,216.14,216.07,216.14,4286
2025-07-07T12:06:00+05:30,216.14,216.14,215.59,215.59,44986
2025-07-07T12:07:00+05:30,215.56,215.73,215.5,215.5,12161
2025-07-07T12:08:00+05:30,215.5,215.58,215.41,215.42,4128
2025-07-07T12:09:00+05:30,215.49,215.49,215.35,215.35,7224
2025-07-07T12:10:00+05:30,215.36,215.36,215.19,215.27,28510
2025-07-07T12:11:00+05:30,215.38,215.4,215.29,215.4,10614
2025-07-07T12:12:00+05:30,215.39,215.52,215.39,215.5,3694
2025-07-07T12:13:00+05:30,215.47,215.55,215.36,215.42,6369
2025-07-07T12:14:00+05:30,215.51,215.52,215.31,215.48,4288
2025-07-07T12:15:00+05:30,215.46,215.46,215.26,215.37,4861
2025-07-07T12:16:00+05:30,215.4,215.4,215.25,215.34,3379
2025-07-07T12:17:00+05:30,215.33,215.35,215.2,215.2,4368
2025-07-07T12:18:00+05:30,215.23,215.23,215.06,215.06,5845
2025-07-07T12:19:00+05:30,215.05,215.2,215.05,215.2,5439
2025-07-07T12:20:00+05:30,215.17,215.25,215.12,215.19,5283
2025-07-07T12:21:00+05:30,215.16,215.22,215.16,215.16,2743
2025-07-07T12:22:00+05:30,215.21,215.26,215.17,215.25,9367
2025-07-07T12:23:00+05:30,215.25,215.28,215.16,215.17,5617
2025-07-07T12:24:00+05:30,215.25,215.26,215.17,215.26,3955
2025-07-07T12:25:00+05:30,215.44,215.47,215.27,215.27,10096
2025-07-07T12:26:00+05:30,215.22,215.27,215.15,215.22,12460
2025-07-07T12:27:00+05:30,215.15,215.25,215.15,215.21,4280
2025-07-07T12:28:00+05:30,215.2,215.34,215.2,215.33,4933
2025-07-07T12:29:00+05:30,215.25,215.38,215.25,215.37,11826
2025-07-07T12:30:00+05:30,215.29,215.38,215.26,215.36,4094
2025-07-07T12:31:00+05:30,215.3,215.48,215.29,215.48,6241
2025-07-07T12:32:00+05:30,215.41,215.63,215.41,215.55,6584
2025-07-07T12:33:00+05:30,215.49,215.66,215.44,215.66,4262
2025-07-07T12:34:00+05:30,215.64,215.66,215.59,215.65,3713
2025-07-07T12:35:00+05:30,215.67,215.67,215.53,215.53,4722
2025-07-07T12:36:00+05:30,215.6,215.6,215.44,215.44,3747
2025-07-07T12:37:00+05:30,215.59,215.59,215.44,215.53,6005
2025-07-07T12:38:00+05:30,215.54,215.55,215.41,215.48,4782
2025-07-07T12:39:00+05:30,215.42,215.48,215.31,215.44,3248
2025-07-07T12:40:00+05:30,215.38,215.51,215.38,215.5,4187
2025-07-07T12:41:00+05:30,215.49,215.5,215.4,215.49,3435
2025-07-07T12:42:00+05:30,215.41,215.53,215.39,215.53,6200
2025-07-07T12:43:00+05:30,215.53,215.59,215.47,215.53,4356
2025-07-07T12:44:00+05:30,215.57,215.59,215.5,215.54,4636
2025-07-07T12:45:00+05:30,215.5,215.52,215.37,215.44,5470
2025-07-07T12:46:00+05:30,215.47,215.52,215.37,215.45,4264
2025-07-07T12:47:00+05:30,215.51,215.57,215.41,215.51,3991
2025-07-07T12:48:00+05:30,215.56,215.56,215.51,215.52,10446
2025-07-07T12:49:00+05:30,215.51,215.55,215.51,215.51,3478
2025-07-07T12:50:00+05:30,215.54,215.54,215.38,215.45,8858
2025-07-07T12:51:00+05:30,215.51,215.6,215.5,215.53,6582
2025-07-07T12:52:00+05:30,215.53,215.58,215.5,215.51,6059
2025-07-07T12:53:00+05:30,215.51,215.58,215.51,215.52,3653
2025-07-07T12:54:00+05:30,215.51,215.58,215.51,215.51,3898
2025-07-07T12:55:00+05:30,215.52,215.59,215.5,215.58,5551
2025-07-07T12:56:00+05:30,215.51,215.58,215.5,215.5,4596
2025-07-07T12:57:00+05:30,215.5,215.59,215.5,215.5,3470
2025-07-07T12:58:00+05:30,215.5,215.54,215.46,215.49,13135
2025-07-07T12:59:00+05:30,215.5,215.53,215.45,215.45,9200
2025-07-07T13:00:00+05:30,215.45,215.45,215.26,215.37,7357
2025-07-07T13:01:00+05:30,215.39,215.39,215.31,215.31,5926
2025-07-07T13:02:00+05:30,215.3,215.42,215.24,215.42,8025
2025-07-07T13:03:00+05:30,215.4,215.53,215.3,215.49,14211
2025-07-07T13:04:00+05:30,215.5,215.58,215.43,215.51,7250
2025-07-07T13:05:00+05:30,215.51,215.55,215.43,215.45,6460
2025-07-07T13:06:00+05:30,215.44,215.46,215.4,215.4,4889
2025-07-07T13:07:00+05:30,215.48,215.55,215.42,215.45,5325
2025-07-07T13:08:00+05:30,215.46,215.49,215.46,215.46,4304
2025-07-07T13:09:00+05:30,215.46,215.65,215.45,215.65,15125
2025-07-07T13:10:00+05:30,215.68,215.68,215.5,215.57,9600
2025-07-07T13:11:00+05:30,215.52,215.62,215.52,215.54,3948
2025-07-07T13:12:00+05:30,215.53,215.63,215.5,215.59,12699
2025-07-07T13:13:00+05:30,215.63,215.63,215.5,215.51,4710
2025-07-07T13:14:00+05:30,215.6,215.75,215.5,215.75,9639
2025-07-07T13:15:00+05:30,215.72,215.75,215.57,215.69,5579
2025-07-07T13:16:00+05:30,215.63,215.75,215.6,215.7,4744
2025-07-07T13:17:00+05:30,215.7,215.8,215.58,215.65,43485
2025-07-07T13:18:00+05:30,215.6,215.6,215.43,215.5,55651
2025-07-07T13:19:00+05:30,215.5,215.53,215.4,215.5,9331
2025-07-07T13:20:00+05:30,215.46,215.5,215.33,215.4,15357
2025-07-07T13:21:00+05:30,215.36,215.4,215.34,215.36,7162
2025-07-07T13:22:00+05:30,215.33,215.37,215.33,215.35,31220
2025-07-07T13:23:00+05:30,215.33,215.35,215.32,215.32,6392
2025-07-07T13:24:00+05:30,215.35,215.35,215.18,215.18,26854
2025-07-07T13:25:00+05:30,215.18,215.2,215.09,215.14,52086
2025-07-07T13:26:00+05:30,215.14,215.2,215.01,215.1,36387
2025-07-07T13:27:00+05:30,215.07,215.1,215.07,215.1,11260
2025-07-07T13:28:00+05:30,215.08,215.1,215.08,215.1,16120
2025-07-07T13:29:00+05:30,215.09,215.65,215.09,215.59,20338
2025-07-07T13:30:00+05:30,215.59,215.63,215.52,215.6,14250
2025-07-07T13:31:00+05:30,215.54,215.67,215.5,215.6,7618
2025-07-07T13:32:00+05:30,215.53,215.66,215.5,215.6,7611
2025-07-07T13:33:00+05:30,215.6,215.63,215.36,215.46,10668
2025-07-07T13:34:00+05:30,215.48,215.5,215.46,215.5,7218
2025-07-07T13:35:00+05:30,215.48,215.5,215.47,215.5,6827
2025-07-07T13:36:00+05:30,215.5,215.5,215.33,215.35,46179
2025-07-07T13:37:00+05:30,215.34,215.35,215.26,215.34,6651
2025-07-07T13:38:00+05:30,215.25,215.41,215.25,215.39,12803
2025-07-07T13:39:00+05:30,215.4,215.4,215.25,215.26,11550
2025-07-07T13:40:00+05:30,215.26,215.3,215.17,215.26,16536
2025-07-07T13:41:00+05:30,215.26,215.3,215.17,215.2,8066
2025-07-07T13:42:00+05:30,215.25,215.25,215.08,215.2,8531
2025-07-07T13:43:00+05:30,215.2,215.38,215.01,215.28,77211
2025-07-07T13:44:00+05:30,215.37,215.4,215.33,215.4,5671
2025-07-07T13:45:00+05:30,215.4,215.59,215.4,215.59,7158
2025-07-07T13:46:00+05:30,215.59,215.75,215.57,215.68,7798
2025-07-07T13:47:00+05:30,215.68,215.75,215.61,215.75,10297
2025-07-07T13:48:00+05:30,215.7,215.75,215.63,215.63,4174
2025-07-07T13:49:00+05:30,215.67,215.75,215.61,215.64,7071
2025-07-07T13:50:00+05:30,215.64,215.68,215.55,215.61,3976
2025-07-07T13:51:00+05:30,215.61,215.8,215.6,215.75,4903
2025-07-07T13:52:00+05:30,215.76,215.76,215.55,215.58,4379
2025-07-07T13:53:00+05:30,215.57,215.71,215.54,215.67,4544
2025-07-07T13:54:00+05:30,215.66,215.66,215.5,215.65,3543
2025-07-07T13:55:00+05:30,215.68,215.75,215.6,215.74,3904
2025-07-07T13:56:00+05:30,215.68,215.73,215.62,215.66,3250
2025-07-07T13:57:00+05:30,215.66,215.79,215.63,215.63,5118
2025-07-07T13:58:00+05:30,215.63,215.71,215.57,215.66,3287
2025-07-07T13:59:00+05:30,215.73,215.77,215.59,215.71,3661
2025-07-07T14:00:00+05:30,215.66,215.72,215.59,215.67,4352
2025-07-07T14:01:00+05:30,215.62,215.71,215.54,215.6,3495
2025-07-07T14:02:00+05:30,215.59,215.71,215.57,215.62,3849
2025-07-07T14:03:00+05:30,215.61,215.71,215.57,215.7,6193
2025-07-07T14:04:00+05:30,215.65,215.83,215.65,215.74,11679
2025-07-07T14:05:00+05:30,215.75,215.89,215.74,215.79,3551
2025-07-07T14:06:00+05:30,215.78,215.89,215.78,215.86,3772
2025-07-07T14:07:00+05:30,215.88,215.92,215.81,215.9,5237
2025-07-07T14:08:00+05:30,215.82,215.91,215.82,215.83,4221
2025-07-07T14:09:00+05:30,215.82,215.91,215.82,215.83,4079
2025-07-07T14:10:00+05:30,215.82,215.9,215.8,215.82,6673
2025-07-07T14:11:00+05:30,215.79,215.87,215.74,215.78,3496
2025-07-07T14:12:00+05:30,215.78,215.83,215.7,215.7,4815
2025-07-07T14:13:00+05:30,215.76,215.8,215.7,215.77,3737
2025-07-07T14:14:00+05:30,215.71,215.77,215.7,215.7,3952
2025-07-07T14:15:00+05:30,215.77,215.77,215.66,215.66,5298
2025-07-07T14:16:00+05:30,215.62,215.77,215.6,215.6,4752
2025-07-07T14:17:00+05:30,215.68,215.74,215.6,215.74,3917
2025-07-07T14:18:00+05:30,215.67,215.75,215.63,215.75,4016
2025-07-07T14:19:00+05:30,215.7,215.77,215.67,215.7,11949
2025-07-07T14:20:00+05:30,215.68,215.75,215.68,215.75,8201
2025-07-07T14:21:00+05:30,215.72,215.75,215.71,215.74,5158
2025-07-07T14:22:00+05:30,215.72,215.75,215.62,215.62,22875
2025-07-07T14:23:00+05:30,215.59,215.64,215.58,215.58,3858
2025-07-07T14:24:00+05:30,215.64,215.75,215.48,215.48,187012
2025-07-07T14:25:00+05:30,215.5,215.55,215.19,215.3,123008
2025-07-07T14:26:00+05:30,215.25,215.3,215.09,215.2,76371
2025-07-07T14:27:00+05:30,215.21,215.37,215.2,215.37,5766
2025-07-07T14:28:00+05:30,215.31,215.54,215.31,215.45,10580
2025-07-07T14:29:00+05:30,215.45,215.49,215.26,215.3,6558
2025-07-07T14:30:00+05:30,215.27,215.45,215.27,215.34,5942
2025-07-07T14:31:00+05:30,215.34,215.4,215.25,215.33,16444
2025-07-07T14:32:00+05:30,215.35,215.38,215.28,215.38,8371
2025-07-07T14:33:00+05:30,215.39,215.4,215.32,215.33,7519
2025-07-07T14:34:00+05:30,215.27,215.33,215.27,215.28,9331
2025-07-07T14:35:00+05:30,215.25,215.38,215.25,215.34,14052
2025-07-07T14:36:00+05:30,215.34,215.4,215.05,215.07,21308
2025-07-07T14:37:00+05:30,215.05,215.1,215.04,215.1,22299
2025-07-07T14:38:00+05:30,215.05,215.12,215.05,215.12,19700
2025-07-07T14:39:00+05:30,215.09,215.15,215.08,215.15,7536
2025-07-07T14:40:00+05:30,215.19,215.2,215.05,215.08,54731
2025-07-07T14:41:00+05:30,215.09,215.1,215.08,215.1,11990
2025-07-07T14:42:00+05:30,215.09,215.17,215.07,215.07,16696
2025-07-07T14:43:00+05:30,215.06,215.1,215.01,215.1,11931
2025-07-07T14:44:00+05:30,215.09,215.1,215.07,215.1,19535
2025-07-07T14:45:00+05:30,215.06,215.1,215.02,215.03,6644
2025-07-07T14:46:00+05:30,215.05,215.1,215.03,215.1,6166
2025-07-07T14:47:00+05:30,215.1,215.12,215.03,215.07,9065
2025-07-07T14:48:00+05:30,215.07,215.11,214.85,214.92,26153
2025-07-07T14:49:00+05:30,214.87,215.0,214.82,214.96,5876
2025-07-07T14:50:00+05:30,215.0,215.0,214.92,214.94,5231
2025-07-07T14:51:00+05:30,214.99,215.0,214.87,214.9,10980
2025-07-07T14:52:00+05:30,214.9,215.0,214.86,214.95,5668
2025-07-07T14:53:00+05:30,214.87,215.0,214.86,214.9,8386
2025-07-07T14:54:00+05:30,214.95,214.97,214.86,214.94,9523
2025-07-07T14:55:00+05:30,214.94,215.0,214.86,215.0,8701
2025-07-07T14:56:00+05:30,214.92,215.06,214.92,214.99,7276
2025-07-07T14:57:00+05:30,214.98,215.08,214.93,214.96,6825
2025-07-07T14:58:00+05:30,214.95,215.08,214.93,214.99,8351
2025-07-07T14:59:00+05:30,214.96,215.14,214.96,215.05,8300
2025-07-07T15:00:00+05:30,215.05,215.1,215.0,215.1,8755
2025-07-07T15:01:00+05:30,215.05,215.1,215.05,215.07,7927
2025-07-07T15:02:00+05:30,215.1,215.1,215.08,215.09,29877
2025-07-07T15:03:00+05:30,215.08,215.35,215.07,215.3,41835
2025-07-07T15:04:00+05:30,215.27,215.37,215.19,215.19,14313
2025-07-07T15:05:00+05:30,215.17,215.24,215.14,215.23,10301
2025-07-07T15:06:00+05:30,215.23,215.32,215.19,215.3,11314
2025-07-07T15:07:00+05:30,215.3,215.39,215.25,215.33,11704
2025-07-07T15:08:00+05:30,215.34,215.34,215.24,215.25,7617
2025-07-07T15:09:00+05:30,215.28,215.28,215.24,215.27,13386
2025-07-07T15:10:00+05:30,215.27,215.28,215.15,215.15,16415
2025-07-07T15:11:00+05:30,215.1,215.1,215.08,215.08,49335
2025-07-07T15:12:00+05:30,215.1,215.1,215.08,215.08,14885
2025-07-07T15:13:00+05:30,215.06,215.1,215.06,215.06,11191
2025-07-07T15:14:00+05:30,215.07,215.09,215.01,215.04,28694
2025-07-07T15:15:00+05:30,215.04,215.07,215.04,215.07,13943
2025-07-07T15:16:00+05:30,215.06,215.06,215.01,215.03,28986
2025-07-07T15:17:00+05:30,215.01,215.02,214.95,214.99,11747
2025-07-07T15:18:00+05:30,214.97,214.99,214.95,214.97,13140
2025-07-07T15:19:00+05:30,215.0,215.0,214.91,214.91,13916
2025-07-07T15:20:00+05:30,214.98,215.08,214.92,215.03,76825
2025-07-07T15:21:00+05:30,215.08,215.16,215.06,215.06,29109
2025-07-07T15:22:00+05:30,215.1,215.26,215.1,215.25,12275
2025-07-07T15:23:00+05:30,215.25,215.25,215.08,215.14,36163
2025-07-07T15:24:00+05:30,215.14,215.14,214.78,214.89,10343
2025-07-07T15:25:00+05:30,214.86,214.99,214.78,214.99,10809
2025-07-07T15:26:00+05:30,214.96,214.96,214.83,214.9,45954
2025-07-07T15:27:00+05:30,214.88,215.22,214.83,215.01,49281
2025-07-07T15:28:00+05:30,215.17,215.19,214.9,215.01,12956
2025-07-07T15:29:00+05:30,215.01,215.1,214.8,214.84,38764
2025-07-08T09:15:00+05:30,215.5,215.58,214.56,214.75,44620
2025-07-08T09:16:00+05:30,214.78,215.01,214.51,214.61,29162
2025-07-08T09:17:00+05:30,214.56,214.56,214.2,214.3,18105
2025-07-08T09:18:00+05:30,214.27,214.49,214.14,214.47,8357
2025-07-08T09:19:00+05:30,214.45,215.09,214.33,214.99,57107
2025-07-08T09:20:00+05:30,214.96,215.35,214.9,215.35,8499
2025-07-08T09:21:00+05:30,215.27,215.4,215.25,215.33,8368
2025-07-08T09:22:00+05:30,215.4,215.4,215.16,215.16,8338
2025-07-08T09:23:00+05:30,215.15,215.22,215.0,215.1,6683
2025-07-08T09:24:00+05:30,215.1,215.26,215.02,215.23,5232
2025-07-08T09:25:00+05:30,215.26,215.32,215.2,215.25,1737
2025-07-08T09:26:00+05:30,215.25,215.25,215.05,215.15,6299
2025-07-08T09:27:00+05:30,215.07,215.15,215.01,215.09,2363
2025-07-08T09:28:00+05:30,215.09,215.09,215.0,215.0,3328
2025-07-08T09:29:00+05:30,215.01,215.06,214.77,214.88,8221
2025-07-08T09:30:00+05:30,214.8,215.15,214.79,215.15,6837
2025-07-08T09:31:00+05:30,215.09,215.15,214.92,215.08,2804
2025-07-08T09:32:00+05:30,215.0,215.14,214.92,214.92,5988
2025-07-08T09:33:00+05:30,214.9,215.08,214.9,215.08,9412
2025-07-08T09:34:00+05:30,215.0,215.08,214.9,214.95,1353
2025-07-08T09:35:00+05:30,214.92,214.95,214.78,214.85,5643
2025-07-08T09:36:00+05:30,214.81,214.82,214.6,214.7,12172
2025-07-08T09:37:00+05:30,214.67,214.7,214.5,214.53,30283
2025-07-08T09:38:00+05:30,214.57,214.72,214.52,214.65,3439
2025-07-08T09:39:00+05:30,214.72,214.75,214.67,214.67,3628
2025-07-08T09:40:00+05:30,214.67,214.88,214.67,214.81,9411
2025-07-08T09:41:00+05:30,214.71,214.96,214.71,214.84,6322
2025-07-08T09:42:00+05:30,214.94,214.98,214.83,214.9,4372
2025-07-08T09:43:00+05:30,214.9,214.95,214.83,214.84,1120
2025-07-08T09:44:00+05:30,214.84,214.96,214.72,214.82,4913
2025-07-08T09:45:00+05:30,214.79,214.87,214.75,214.83,3270
2025-07-08T09:46:00+05:30,214.87,215.2,214.87,215.18,17190
2025-07-08T09:47:00+05:30,215.1,215.39,215.05,215.17,14528
2025-07-08T09:48:00+05:30,215.21,215.31,215.1,215.27,3854
2025-07-08T09:49:00+05:30,215.18,215.25,215.0,215.03,4090
2025-07-08T09:50:00+05:30,215.13,215.13,215.02,215.1,930
2025-07-08T09:51:00+05:30,215.1,215.11,215.01,215.02,1689
2025-07-08T09:52:00+05:30,215.06,215.11,214.95,215.03,5983
2025-07-08T09:53:00+05:30,215.1,215.1,214.95,215.0,1260
2025-07-08T09:54:00+05:30,214.99,214.99,214.9,214.99,1164
2025-07-08T09:55:00+05:30,214.98,214.99,214.85,214.85,3565
2025-07-08T09:56:00+05:30,214.85,214.89,214.8,214.8,5012
2025-07-08T09:57:00+05:30,214.8,214.89,214.7,214.7,2429
2025-07-08T09:58:00+05:30,214.75,214.77,214.67,214.75,1564
2025-07-08T09:59:00+05:30,214.67,214.71,214.5,214.56,7214
2025-07-08T10:00:00+05:30,214.56,214.56,214.32,214.42,13532
2025-07-08T10:01:00+05:30,214.42,214.79,214.42,214.74,6822
2025-07-08T10:02:00+05:30,214.83,214.86,214.34,214.34,3585
2025-07-08T10:03:00+05:30,214.32,214.38,214.15,214.2,15927
2025-07-08T10:04:00+05:30,214.29,214.4,214.22,214.38,2337
2025-07-08T10:05:00+05:30,214.4,214.4,214.26,214.35,1633
2025-07-08T10:06:00+05:30,214.34,214.34,214.16,214.18,3526
2025-07-08T10:07:00+05:30,214.25,214.29,214.18,214.2,6296
2025-07-08T10:08:00+05:30,214.2,214.32,214.2,214.31,4996
2025-07-08T10:09:00+05:30,214.3,214.33,214.21,214.31,2725
2025-07-08T10:10:00+05:30,214.25,214.25,214.1,214.2,8017
2025-07-08T10:11:00+05:30,214.22,214.22,214.16,214.22,909
2025-07-08T10:12:00+05:30,214.22,214.33,214.2,214.3,2547
2025-07-08T10:13:00+05:30,214.3,214.49,214.19,214.34,34276
2025-07-08T10:14:00+05:30,214.41,215.02,214.41,215.0,104111
2025-07-08T10:15:00+05:30,215.01,215.05,214.5,214.76,219388
2025-07-08T10:16:00+05:30,214.84,215.06,214.72,215.06,288135
2025-07-08T10:17:00+05:30,215.03,215.18,215.0,215.18,18665
2025-07-08T10:18:00+05:30,215.19,215.19,215.01,215.1,18605
2025-07-08T10:19:00+05:30,215.1,215.18,215.04,215.13,4185
2025-07-08T10:20:00+05:30,215.13,215.3,215.05,215.23,31416
2025-07-08T10:21:00+05:30,215.23,215.23,215.11,215.15,1156
2025-07-08T10:22:00+05:30,215.23,215.23,215.16,215.2,1499
2025-07-08T10:23:00+05:30,215.22,215.28,215.17,215.25,5941
2025-07-08T10:24:00+05:30,215.25,215.29,215.2,215.28,3028
2025-07-08T10:25:00+05:30,215.26,215.28,215.2,215.2,1581
2025-07-08T10:26:00+05:30,215.2,215.27,215.19,215.27,1854
2025-07-08T10:27:00+05:30,215.25,215.25,215.2,215.24,1329
2025-07-08T10:28:00+05:30,215.2,215.24,215.14,215.24,4453
2025-07-08T10:29:00+05:30,215.24,215.25,215.17,215.2,746
2025-07-08T10:30:00+05:30,215.2,215.24,215.15,215.2,6778
2025-07-08T10:31:00+05:30,215.2,215.2,215.0,215.0,9264
2025-07-08T10:32:00+05:30,215.01,215.09,215.0,215.01,749
2025-07-08T10:33:00+05:30,215.05,215.05,215.0,215.0,624
2025-07-08T10:34:00+05:30,215.0,215.14,215.0,215.11,7604
2025-07-08T10:35:00+05:30,215.14,215.14,215.01,215.01,584
2025-07-08T10:36:00+05:30,215.07,215.11,215.0,215.05,1445
2025-07-08T10:37:00+05:30,215.05,215.11,215.0,215.03,5277
2025-07-08T10:38:00+05:30,215.06,215.24,214.9,215.24,9714
2025-07-08T10:39:00+05:30,215.21,215.41,215.21,215.41,13175
2025-07-08T10:40:00+05:30,215.41,215.6,215.37,215.6,10995
2025-07-08T10:41:00+05:30,215.6,215.6,215.48,215.56,6351
2025-07-08T10:42:00+05:30,215.56,215.56,215.43,215.48,5413
2025-07-08T10:43:00+05:30,215.48,215.52,215.42,215.49,6175
2025-07-08T10:44:00+05:30,215.49,215.5,215.36,215.43,5702
2025-07-08T10:45:00+05:30,215.44,215.44,215.4,215.44,7531
2025-07-08T10:46:00+05:30,215.44,215.44,215.11,215.23,28693
2025-07-08T10:47:00+05:30,215.19,215.22,214.71,214.78,37893
2025-07-08T10:48:00+05:30,214.85,214.87,214.56,214.69,18117
2025-07-08T10:49:00+05:30,214.69,214.69,214.54,214.6,8470
2025-07-08T10:50:00+05:30,214.6,214.78,214.59,214.75,11892
2025-07-08T10:51:00+05:30,214.75,214.81,214.71,214.8,3371
2025-07-08T10:52:00+05:30,214.8,214.89,214.66,214.89,5459
2025-07-08T10:53:00+05:30,214.88,214.9,214.78,214.86,3152
2025-07-08T10:54:00+05:30,214.84,214.92,214.74,214.74,4289
2025-07-08T10:55:00+05:30,214.74,214.89,214.74,214.8,4383
2025-07-08T10:56:00+05:30,214.88,214.94,214.81,214.92,3240
2025-07-08T10:57:00+05:30,214.93,214.93,214.78,214.82,3835
2025-07-08T10:58:00+05:30,214.9,214.93,214.81,214.93,3427
2025-07-08T10:59:00+05:30,214.93,215.0,214.93,214.95,4435
2025-07-08T11:00:00+05:30,214.99,214.99,214.76,214.76,3937
2025-07-08T11:01:00+05:30,214.82,214.86,214.72,214.83,5310
2025-07-08T11:02:00+05:30,214.75,214.84,214.6,214.65,7996
2025-07-08T11:03:00+05:30,214.65,214.65,214.55,214.59,3405
2025-07-08T11:04:00+05:30,214.59,214.61,214.55,214.58,10846
2025-07-08T11:05:00+05:30,214.55,214.55,214.18,214.27,16075
2025-07-08T11:06:00+05:30,214.34,214.41,214.25,214.34,6118
2025-07-08T11:07:00+05:30,214.3,214.34,214.0,214.0,26851
2025-07-08T11:08:00+05:30,214.09,214.18,214.0,214.04,11797
2025-07-08T11:09:00+05:30,214.06,214.1,213.87,213.97,35794
2025-07-08T11:10:00+05:30,213.94,213.94,213.7,213.88,19472
2025-07-08T11:11:00+05:30,213.85,214.0,213.8,213.92,16053
2025-07-08T11:12:00+05:30,213.98,213.98,213.82,213.94,5470
2025-07-08T11:13:00+05:30,213.94,213.95,213.82,213.93,4129
2025-07-08T11:14:00+05:30,213.93,213.95,213.84,213.94,6250
2025-07-08T11:15:00+05:30,213.94,213.95,213.89,213.94,13694
2025-07-08T11:16:00+05:30,213.97,214.22,213.94,214.22,28612
2025-07-08T11:17:00+05:30,214.19,214.24,214.1,214.1,8078
2025-07-08T11:18:00+05:30,214.18,214.18,214.0,214.0,5948
2025-07-08T11:19:00+05:30,214.08,214.14,214.04,214.14,3431
2025-07-08T11:20:00+05:30,214.14,214.15,214.02,214.11,3408
2025-07-08T11:21:00+05:30,214.09,214.11,213.82,213.89,8005
2025-07-08T11:22:00+05:30,213.89,213.92,213.79,213.8,5741
2025-07-08T11:23:00+05:30,213.87,213.87,213.71,213.78,5688
2025-07-08T11:24:00+05:30,213.78,213.78,213.7,213.75,3682
2025-07-08T11:25:00+05:30,213.75,213.76,213.7,213.75,3930
2025-07-08T11:26:00+05:30,213.75,213.99,213.52,213.99,17369
2025-07-08T11:27:00+05:30,213.99,214.15,213.87,214.15,5739
2025-07-08T11:28:00+05:30,214.15,214.19,214.04,214.04,3618
2025-07-08T11:29:00+05:30,214.1,214.16,214.03,214.16,8034
2025-07-08T11:30:00+05:30,214.16,214.36,214.11,214.36,6869
2025-07-08T11:31:00+05:30,214.35,214.45,214.28,214.39,6578
2025-07-08T11:32:00+05:30,214.39,214.4,214.27,214.3,3041
2025-07-08T11:33:00+05:30,214.29,214.29,214.15,214.25,5113
2025-07-08T11:34:00+05:30,214.25,214.25,214.2,214.25,48261
2025-07-08T11:35:00+05:30,214.25,214.25,214.15,214.16,5416
2025-07-08T11:36:00+05:30,214.19,214.19,214.02,214.11,4784
2025-07-08T11:37:00+05:30,214.11,214.17,213.98,214.09,8438
2025-07-08T11:38:00+05:30,214.17,214.25,214.12,214.2,3773
2025-07-08T11:39:00+05:30,214.25,214.25,214.2,214.2,7704
2025-07-08T11:40:00+05:30,214.25,214.25,214.09,214.15,13267
2025-07-08T11:41:00+05:30,214.15,214.15,213.95,214.1,7104
2025-07-08T11:42:00+05:30,214.1,214.16,214.02,214.16,3703
2025-07-08T11:43:00+05:30,214.18,214.2,214.04,214.1,4041
2025-07-08T11:44:00+05:30,214.09,214.13,213.97,214.08,7179
2025-07-08T11:45:00+05:30,214.12,214.19,214.06,214.18,4114
2025-07-08T11:46:00+05:30,214.18,214.18,214.0,214.06,4389
2025-07-08T11:47:00+05:30,214.06,214.1,214.02,214.04,3112
2025-07-08T11:48:00+05:30,214.1,214.12,214.0,214.0,4279
2025-07-08T11:49:00+05:30,214.08,214.1,213.98,214.03,4127
2025-07-08T11:50:00+05:30,214.03,214.08,213.94,213.99,4863
2025-07-08T11:51:00+05:30,213.99,214.12,213.94,213.94,52709
2025-07-08T11:52:00+05:30,213.94,213.95,213.8,213.84,6287
2025-07-08T11:53:00+05:30,213.84,213.95,213.79,213.93,4332
2025-07-08T11:54:00+05:30,213.95,213.98,213.85,213.95,3722
2025-07-08T11:55:00+05:30,214.0,214.0,213.93,213.94,8104
2025-07-08T11:56:00+05:30,214.0,214.0,213.91,214.0,5060
2025-07-08T11:57:00+05:30,214.0,214.0,213.88,214.0,6893
2025-07-08T11:58:00+05:30,214.0,214.04,213.86,214.0,12437
2025-07-08T11:59:00+05:30,214.0,214.05,213.94,214.0,26943
2025-07-08T12:00:00+05:30,214.0,214.0,213.88,213.91,4921
2025-07-08T12:01:00+05:30,213.92,213.97,213.81,213.83,5072
2025-07-08T12:02:00+05:30,213.9,213.93,213.83,213.92,3607
2025-07-08T12:03:00+05:30,213.92,213.95,213.8,213.92,6087
2025-07-08T12:04:00+05:30,213.93,213.96,213.86,213.86,3935
2025-07-08T12:05:00+05:30,213.94,214.0,213.86,214.0,2782
2025-07-08T12:06:00+05:30,213.99,214.0,213.87,213.89,3974
2025-07-08T12:07:00+05:30,213.89,213.99,213.8,213.89,4196
2025-07-08T12:08:00+05:30,213.89,213.97,213.8,213.9,9162
2025-07-08T12:09:00+05:30,213.93,213.97,213.82,213.97,3199
2025-07-08T12:10:00+05:30,213.93,214.0,213.74,213.8,6530
2025-07-08T12:11:00+05:30,213.76,213.98,213.76,213.84,7950
2025-07-08T12:12:00+05:30,213.83,213.94,213.78,213.89,6332
2025-07-08T12:13:00+05:30,213.89,213.89,213.7,213.77,10111
2025-07-08T12:14:00+05:30,213.73,213.74,213.58,213.6,9509
2025-07-08T12:15:00+05:30,213.6,213.8,213.59,213.8,8259
2025-07-08T12:16:00+05:30,213.76,213.8,213.71,213.77,3310
2025-07-08T12:17:00+05:30,213.78,213.8,213.72,213.8,3577
2025-07-08T12:18:00+05:30,213.75,213.9,213.72,213.9,159223
2025-07-08T12:19:00+05:30,213.9,213.9,213.73,213.73,14766
2025-07-08T12:20:00+05:30,213.85,213.85,213.58,213.7,52335
2025-07-08T12:21:00+05:30,213.77,213.8,213.68,213.7,11173
2025-07-08T12:22:00+05:30,213.7,213.7,213.41,213.51,40333
2025-07-08T12:23:00+05:30,213.57,213.68,213.57,213.62,5053
2025-07-08T12:24:00+05:30,213.68,213.75,213.62,213.75,4144
2025-07-08T12:25:00+05:30,213.74,213.98,213.66,213.88,108133
2025-07-08T12:26:00+05:30,213.93,214.07,213.8,213.94,203722
2025-07-08T12:27:00+05:30,213.93,213.94,213.78,213.8,131043
2025-07-08T12:28:00+05:30,213.81,213.82,213.62,213.74,20732
2025-07-08T12:29:00+05:30,213.73,213.77,213.73,213.73,5167
2025-07-08T12:30:00+05:30,213.77,213.78,213.71,213.78,4158
2025-07-08T12:31:00+05:30,213.78,213.8,213.71,213.8,43017
2025-07-08T12:32:00+05:30,213.8,214.1,213.75,214.07,144015
2025-07-08T12:33:00+05:30,214.1,214.15,214.02,214.13,10984
2025-07-08T12:34:00+05:30,214.15,214.24,214.07,214.2,8460
2025-07-08T12:35:00+05:30,214.2,214.27,214.18,214.25,13112
2025-07-08T12:36:00+05:30,214.18,214.28,214.15,214.25,3600
2025-07-08T12:37:00+05:30,214.25,214.39,214.2,214.39,4309
2025-07-08T12:38:00+05:30,214.39,214.4,214.28,214.3,5983
2025-07-08T12:39:00+05:30,214.35,214.36,214.3,214.35,3726
2025-07-08T12:40:00+05:30,214.35,214.36,214.05,214.12,22311
2025-07-08T12:41:00+05:30,214.08,214.12,213.81,213.9,8047
2025-07-08T12:42:00+05:30,213.9,213.99,213.81,213.82,14513
2025-07-08T12:43:00+05:30,213.82,213.83,213.68,213.74,6126
2025-07-08T12:44:00+05:30,213.74,213.78,213.73,213.76,4875
2025-07-08T12:45:00+05:30,213.74,213.9,213.74,213.88,5771
2025-07-08T12:46:00+05:30,213.84,213.84,213.75,213.79,12195
2025-07-08T12:47:00+05:30,213.77,213.8,213.6,213.63,18665
2025-07-08T12:48:00+05:30,213.63,213.7,213.57,213.65,7884
2025-07-08T12:49:00+05:30,213.65,213.75,213.59,213.71,3800
2025-07-08T12:50:00+05:30,213.72,213.72,213.6,213.61,7227
2025-07-08T12:51:00+05:30,213.62,213.7,213.6,213.6,4215
2025-07-08T12:52:00+05:30,213.63,213.7,213.52,213.54,16926
2025-07-08T12:53:00+05:30,213.53,213.71,213.5,213.58,13680
2025-07-08T12:54:00+05:30,213.55,213.65,213.5,213.5,4388
2025-07-08T12:55:00+05:30,213.5,213.65,213.5,213.51,8873
2025-07-08T12:56:00+05:30,213.53,213.7,213.52,213.6,10386
2025-07-08T12:57:00+05:30,213.62,213.72,213.59,213.64,9264
2025-07-08T12:58:00+05:30,213.6,213.69,213.5,213.51,14777
2025-07-08T12:59:00+05:30,213.5,213.61,213.5,213.5,4811
2025-07-08T13:00:00+05:30,213.55,213.6,213.45,213.6,11239
2025-07-08T13:01:00+05:30,213.58,213.6,213.5,213.5,5363
2025-07-08T13:02:00+05:30,213.52,213.55,213.42,213.48,7801
2025-07-08T13:03:00+05:30,213.48,213.53,213.42,213.53,5527
2025-07-08T13:04:00+05:30,213.49,213.53,213.37,213.41,3587
2025-07-08T13:05:00+05:30,213.46,213.52,213.43,213.52,4042
2025-07-08T13:06:00+05:30,213.51,213.6,213.5,213.6,3148
2025-07-08T13:07:00+05:30,213.57,213.61,213.48,213.51,3601
2025-07-08T13:08:00+05:30,213.52,213.6,213.48,213.57,3774
2025-07-08T13:09:00+05:30,213.56,213.58,213.45,213.58,3686
2025-07-08T13:10:00+05:30,213.52,213.59,213.52,213.56,2697
2025-07-08T13:11:00+05:30,213.56,213.63,213.49,213.53,8691
2025-07-08T13:12:00+05:30,213.54,213.61,213.5,213.55,3889
2025-07-08T13:13:00+05:30,213.53,213.6,213.4,213.52,5305
2025-07-08T13:14:00+05:30,213.51,213.63,213.41,213.41,9498
2025-07-08T13:15:00+05:30,213.42,213.57,213.42,213.47,3778
2025-07-08T13:16:00+05:30,213.51,213.56,213.44,213.46,3257
2025-07-08T13:17:00+05:30,213.5,213.74,213.25,213.39,216048
2025-07-08T13:18:00+05:30,213.39,213.43,213.03,213.3,130508
2025-07-08T13:19:00+05:30,213.24,213.4,213.04,213.34,87888
2025-07-08T13:20:00+05:30,213.35,213.56,213.35,213.54,13947
2025-07-08T13:21:00+05:30,213.55,213.65,213.51,213.6,4827
2025-07-08T13:22:00+05:30,213.52,213.65,213.5,213.62,3482
2025-07-08T13:23:00+05:30,213.58,213.7,213.51,213.66,9675
2025-07-08T13:24:00+05:30,213.64,213.7,213.51,213.51,8407
2025-07-08T13:25:00+05:30,213.51,213.6,213.51,213.58,5354
2025-07-08T13:26:00+05:30,213.54,213.59,213.33,213.46,15687
2025-07-08T13:27:00+05:30,213.45,213.46,213.18,213.27,16977
2025-07-08T13:28:00+05:30,213.27,213.29,213.1,213.23,24464
2025-07-08T13:29:00+05:30,213.26,213.32,213.23,213.23,3980
2025-07-08T13:30:00+05:30,213.24,213.48,213.24,213.48,2718
2025-07-08T13:31:00+05:30,213.48,213.48,213.24,213.26,11356
2025-07-08T13:32:00+05:30,213.26,213.35,213.25,213.34,3678
2025-07-08T13:33:00+05:30,213.34,213.4,213.29,213.39,3587
2025-07-08T13:34:00+05:30,213.38,213.41,213.3,213.39,6263
2025-07-08T13:35:00+05:30,213.39,213.39,213.26,213.26,6543
2025-07-08T13:36:00+05:30,213.33,213.36,213.26,213.28,3233
2025-07-08T13:37:00+05:30,213.3,213.31,213.24,213.31,4384
2025-07-08T13:38:00+05:30,213.32,213.36,213.24,213.34,3321
2025-07-08T13:39:00+05:30,213.32,213.36,213.23,213.36,8570
2025-07-08T13:40:00+05:30,213.31,213.42,213.31,213.35,4720
2025-07-08T13:41:00+05:30,213.4,213.42,213.33,213.42,3913
2025-07-08T13:42:00+05:30,213.42,213.42,213.4,213.42,10111
2025-07-08T13:43:00+05:30,213.42,213.52,213.37,213.52,6548
2025-07-08T13:44:00+05:30,213.53,213.65,213.53,213.62,4381
2025-07-08T13:45:00+05:30,213.62,213.75,213.53,213.75,11340
2025-07-08T13:46:00+05:30,213.75,213.89,213.69,213.89,5644
2025-07-08T13:47:00+05:30,213.89,213.9,213.78,213.9,5683
2025-07-08T13:48:00+05:30,213.9,213.98,213.9,213.97,6452
2025-07-08T13:49:00+05:30,213.96,214.0,213.91,214.0,8694
2025-07-08T13:50:00+05:30,213.94,214.05,213.91,214.05,10154
2025-07-08T13:51:00+05:30,214.05,214.07,213.73,213.73,9233
2025-07-08T13:52:00+05:30,213.83,213.9,213.74,213.77,5155
2025-07-08T13:53:00+05:30,213.88,213.96,213.79,213.83,6757
2025-07-08T13:54:00+05:30,213.92,213.99,213.87,213.88,6006
2025-07-08T13:55:00+05:30,213.99,213.99,213.83,213.83,5391
2025-07-08T13:56:00+05:30,213.93,213.93,213.8,213.82,5378
2025-07-08T13:57:00+05:30,213.82,213.95,213.8,213.81,4311
2025-07-08T13:58:00+05:30,213.81,213.95,213.8,213.8,5341
2025-07-08T13:59:00+05:30,213.9,213.95,213.8,213.88,5749
2025-07-08T14:00:00+05:30,213.96,214.03,213.8,214.01,15958
2025-07-08T14:01:00+05:30,214.01,214.03,213.9,213.9,4157
2025-07-08T14:02:00+05:30,214.0,214.0,213.8,213.8,5409
2025-07-08T14:03:00+05:30,213.88,213.9,213.8,213.8,7037
2025-07-08T14:04:00+05:30,213.88,213.9,213.77,213.77,4281
2025-07-08T14:05:00+05:30,213.88,213.89,213.78,213.78,5456
2025-07-08T14:06:00+05:30,213.87,213.87,213.7,213.7,6352
2025-07-08T14:07:00+05:30,213.8,213.83,213.7,213.76,6594
2025-07-08T14:08:00+05:30,213.76,213.89,213.76,213.78,6695
2025-07-08T14:09:00+05:30,213.79,213.92,213.77,213.83,7921
2025-07-08T14:10:00+05:30,213.82,213.95,213.82,213.92,10261
2025-07-08T14:11:00+05:30,213.92,213.93,213.55,213.73,13577
2025-07-08T14:12:00+05:30,213.6,213.76,213.59,213.68,5545
2025-07-08T14:13:00+05:30,213.68,213.8,213.68,213.7,5959
2025-07-08T14:14:00+05:30,213.7,213.8,213.62,213.62,7655
2025-07-08T14:15:00+05:30,213.63,213.76,213.62,213.62,6080
2025-07-08T14:16:00+05:30,213.64,213.77,213.61,213.76,5682
2025-07-08T14:17:00+05:30,213.65,213.8,213.61,213.71,6364
2025-07-08T14:18:00+05:30,213.72,213.8,213.65,213.65,5988
2025-07-08T14:19:00+05:30,213.66,213.79,213.62,213.78,5642
2025-07-08T14:20:00+05:30,213.68,213.77,213.57,213.58,18399
2025-07-08T14:21:00+05:30,213.58,213.72,213.58,213.62,5708
2025-07-08T14:22:00+05:30,213.62,213.74,213.59,213.6,8125
2025-07-08T14:23:00+05:30,213.63,213.73,213.61,213.62,4927
2025-07-08T14:24:00+05:30,213.62,213.79,213.61,213.67,5421
2025-07-08T14:25:00+05:30,213.66,213.78,213.66,213.7,5392
2025-07-08T14:26:00+05:30,213.7,213.78,213.7,213.71,6559
2025-07-08T14:27:00+05:30,213.71,213.91,213.71,213.77,6802
2025-07-08T14:28:00+05:30,213.77,213.89,213.75,213.88,6238
2025-07-08T14:29:00+05:30,213.77,213.88,213.71,213.71,5578
2025-07-08T14:30:00+05:30,213.7,213.8,213.64,213.71,15122
2025-07-08T14:31:00+05:30,213.73,213.92,213.73,213.91,5787
2025-07-08T14:32:00+05:30,213.81,213.92,213.78,213.78,9610
2025-07-08T14:33:00+05:30,213.77,213.9,213.77,213.82,4486
2025-07-08T14:34:00+05:30,213.81,213.92,213.81,213.81,5601
2025-07-08T14:35:00+05:30,213.82,213.92,213.82,213.82,7199
2025-07-08T14:36:00+05:30,213.83,213.91,213.82,213.83,5668
2025-07-08T14:37:00+05:30,213.83,213.92,213.82,213.86,5751
2025-07-08T14:38:00+05:30,213.84,213.92,213.82,213.91,6784
2025-07-08T14:39:00+05:30,213.83,213.91,213.82,213.82,7238
2025-07-08T14:40:00+05:30,213.82,213.92,213.67,213.71,14681
2025-07-08T14:41:00+05:30,213.71,213.82,213.65,213.65,8620
2025-07-08T14:42:00+05:30,213.65,213.75,213.65,213.66,5002
2025-07-08T14:43:00+05:30,213.66,213.74,213.66,213.69,5370
2025-07-08T14:44:00+05:30,213.69,213.75,213.65,213.69,5383
2025-07-08T14:45:00+05:30,213.67,213.78,213.65,213.65,6329
2025-07-08T14:46:00+05:30,213.65,213.74,213.65,213.65,6174
2025-07-08T14:47:00+05:30,213.65,213.74,213.65,213.72,7732
2025-07-08T14:48:00+05:30,213.72,213.74,213.65,213.65,6559
2025-07-08T14:49:00+05:30,213.65,213.72,213.65,213.65,6563
2025-07-08T14:50:00+05:30,213.65,213.77,213.65,213.65,14402
2025-07-08T14:51:00+05:30,213.62,213.73,213.58,213.61,8273
2025-07-08T14:52:00+05:30,213.61,213.74,213.6,213.61,5784
2025-07-08T14:53:00+05:30,213.62,213.78,213.61,213.64,7926
2025-07-08T14:54:00+05:30,213.64,213.77,213.64,213.66,5245
2025-07-08T14:55:00+05:30,213.66,213.74,213.55,213.67,17110
2025-07-08T14:56:00+05:30,213.68,213.78,213.66,213.69,6922
2025-07-08T14:57:00+05:30,213.69,213.82,213.67,213.81,5505
2025-07-08T14:58:00+05:30,213.81,213.88,213.79,213.79,5363
2025-07-08T14:59:00+05:30,213.8,213.88,213.8,213.8,6325
2025-07-08T15:00:00+05:30,213.88,213.88,213.7,213.84,11486
2025-07-08T15:01:00+05:30,213.84,213.84,213.65,213.65,13231
2025-07-08T15:02:00+05:30,213.65,213.7,213.55,213.55,19628
2025-07-08T15:03:00+05:30,213.55,213.59,213.38,213.38,31996
2025-07-08T15:04:00+05:30,213.48,213.49,213.33,213.37,13421
2025-07-08T15:05:00+05:30,213.44,213.59,213.36,213.58,23866
2025-07-08T15:06:00+05:30,213.58,213.67,213.39,213.5,22840
2025-07-08T15:07:00+05:30,213.58,213.58,213.45,213.46,9011
2025-07-08T15:08:00+05:30,213.53,213.6,213.4,213.44,20404
2025-07-08T15:09:00+05:30,213.53,213.6,213.43,213.51,8346
2025-07-08T15:10:00+05:30,213.57,213.71,213.52,213.54,22883
2025-07-08T15:11:00+05:30,213.54,213.58,213.4,213.49,12270
2025-07-08T15:12:00+05:30,213.49,213.77,213.29,213.66,94299
2025-07-08T15:13:00+05:30,213.63,213.63,213.5,213.53,9979
2025-07-08T15:14:00+05:30,213.56,213.67,213.54,213.65,19303
2025-07-08T15:15:00+05:30,213.62,213.63,213.4,213.45,56851
2025-07-08T15:16:00+05:30,213.46,213.5,213.33,213.4,38224
2025-07-08T15:17:00+05:30,213.43,213.45,213.32,213.32,29708
2025-07-08T15:18:00+05:30,213.42,213.44,213.25,213.44,57807
2025-07-08T15:19:00+05:30,213.44,213.5,213.38,213.5,39997
2025-07-08T15:20:00+05:30,213.5,213.57,213.37,213.38,58256
2025-07-08T15:21:00+05:30,213.47,213.48,213.35,213.44,9231
2025-07-08T15:22:00+05:30,213.44,213.5,213.38,213.45,16427
2025-07-08T15:23:00+05:30,213.48,213.5,213.43,213.48,26097
2025-07-08T15:24:00+05:30,213.47,213.49,213.41,213.45,13271
2025-07-08T15:25:00+05:30,213.43,213.58,213.41,213.56,29998
2025-07-08T15:26:00+05:30,213.56,213.64,213.47,213.48,27875
2025-07-08T15:27:00+05:30,213.5,213.59,213.45,213.46,29435
2025-07-08T15:28:00+05:30,213.46,213.63,213.46,213.63,15165
2025-07-08T15:29:00+05:30,213.63,213.9,213.51,213.89,12283
