time,open,high,low,close,volume
2025-06-09T09:15:00+05:30,5106.2,5130.7,5080.2,5109.8,26086
2025-06-09T09:16:00+05:30,5109.8,5142.8,5109.8,5122.1,9979
2025-06-09T09:17:00+05:30,5123.7,5148.8,5112.4,5145.0,10850
2025-06-09T09:18:00+05:30,5147.7,5155.9,5132.0,5155.0,6969
2025-06-09T09:19:00+05:30,5155.0,5155.0,5136.1,5154.0,5428
2025-06-09T09:20:00+05:30,5154.9,5155.0,5131.5,5131.5,4614
2025-06-09T09:21:00+05:30,5134.0,5148.4,5127.5,5148.0,5378
2025-06-09T09:22:00+05:30,5146.8,5158.3,5145.0,5148.5,6585
2025-06-09T09:23:00+05:30,5149.7,5151.4,5138.8,5145.3,6617
2025-06-09T09:24:00+05:30,5142.7,5142.7,5127.9,5135.0,4904
2025-06-09T09:25:00+05:30,5135.7,5149.0,5127.4,5146.4,6805
2025-06-09T09:26:00+05:30,5146.4,5168.0,5144.3,5157.0,9317
2025-06-09T09:27:00+05:30,5151.4,5161.4,5147.8,5158.4,6456
2025-06-09T09:28:00+05:30,5158.3,5158.9,5141.6,5145.7,4295
2025-06-09T09:29:00+05:30,5145.8,5147.9,5130.1,5134.9,3716
2025-06-09T09:30:00+05:30,5133.7,5135.4,5127.8,5130.0,3625
2025-06-09T09:31:00+05:30,5131.8,5142.1,5131.4,5135.5,2738
2025-06-09T09:32:00+05:30,5134.5,5147.0,5132.5,5145.0,2652
2025-06-09T09:33:00+05:30,5147.0,5154.0,5136.8,5136.8,3532
2025-06-09T09:34:00+05:30,5136.8,5144.9,5134.5,5144.8,3739
2025-06-09T09:35:00+05:30,5142.8,5149.8,5138.0,5149.8,2427
2025-06-09T09:36:00+05:30,5148.3,5165.0,5138.0,5146.9,6981
2025-06-09T09:37:00+05:30,5147.9,5155.0,5147.9,5152.7,1357
2025-06-09T09:38:00+05:30,5154.8,5156.6,5150.2,5154.4,2048
2025-06-09T09:39:00+05:30,5152.9,5156.9,5145.7,5147.5,4817
2025-06-09T09:40:00+05:30,5147.0,5155.2,5146.3,5155.2,1487
2025-06-09T09:41:00+05:30,5155.0,5164.0,5150.0,5158.2,5096
2025-06-09T09:42:00+05:30,5157.9,5161.4,5153.4,5157.8,2705
2025-06-09T09:43:00+05:30,5157.9,5160.0,5150.4,5155.0,3198
2025-06-09T09:44:00+05:30,5155.0,5155.0,5151.4,5152.2,848
2025-06-09T09:45:00+05:30,5150.7,5157.0,5148.0,5151.4,1980
2025-06-09T09:46:00+05:30,5151.5,5158.8,5151.5,5156.7,1373
2025-06-09T09:47:00+05:30,5156.7,5158.7,5148.0,5148.0,1758
2025-06-09T09:48:00+05:30,5147.9,5148.1,5141.0,5143.3,3068
2025-06-09T09:49:00+05:30,5145.0,5145.0,5139.0,5140.0,12052
2025-06-09T09:50:00+05:30,5140.0,5145.5,5140.0,5140.1,940
2025-06-09T09:51:00+05:30,5140.0,5140.2,5130.0,5130.0,3153
2025-06-09T09:52:00+05:30,5130.0,5131.9,5126.0,5129.2,1362
2025-06-09T09:53:00+05:30,5129.0,5132.9,5126.0,5126.8,1495
2025-06-09T09:54:00+05:30,5126.6,5133.0,5126.6,5132.2,1056
2025-06-09T09:55:00+05:30,5132.1,5132.1,5127.0,5128.0,775
2025-06-09T09:56:00+05:30,5127.8,5139.0,5127.8,5139.0,4243
2025-06-09T09:57:00+05:30,5139.8,5145.0,5136.2,5140.0,2826
2025-06-09T09:58:00+05:30,5140.9,5144.8,5138.9,5141.4,603
2025-06-09T09:59:00+05:30,5141.3,5143.5,5138.0,5142.8,880
2025-06-09T10:00:00+05:30,5144.0,5159.0,5144.0,5157.2,1868
2025-06-09T10:01:00+05:30,5159.0,5163.0,5157.2,5158.0,2606
2025-06-09T10:02:00+05:30,5158.0,5158.0,5152.4,5157.0,1039
2025-06-09T10:03:00+05:30,5157.0,5159.9,5156.3,5156.5,604
2025-06-09T10:04:00+05:30,5154.7,5156.5,5153.5,5154.6,1084
2025-06-09T10:05:00+05:30,5154.6,5159.7,5152.0,5155.0,1528
2025-06-09T10:06:00+05:30,5156.1,5157.0,5150.0,5150.0,1573
2025-06-09T10:07:00+05:30,5151.3,5152.9,5146.9,5149.3,871
2025-06-09T10:08:00+05:30,5149.2,5149.2,5141.4,5141.4,573
2025-06-09T10:09:00+05:30,5141.3,5144.8,5136.0,5141.1,1943
2025-06-09T10:10:00+05:30,5141.7,5143.9,5139.2,5142.6,1211
2025-06-09T10:11:00+05:30,5142.2,5142.8,5140.0,5141.7,569
2025-06-09T10:12:00+05:30,5141.7,5147.3,5141.0,5141.0,819
2025-06-09T10:13:00+05:30,5141.0,5143.9,5138.0,5139.9,472
2025-06-09T10:14:00+05:30,5138.8,5138.8,5135.1,5137.2,1522
2025-06-09T10:15:00+05:30,5135.9,5141.1,5135.9,5139.2,1655
2025-06-09T10:16:00+05:30,5140.1,5145.6,5140.0,5144.6,1463
2025-06-09T10:17:00+05:30,5144.6,5145.8,5143.5,5144.0,519
2025-06-09T10:18:00+05:30,5143.9,5144.6,5143.0,5144.4,489
2025-06-09T10:19:00+05:30,5144.4,5147.7,5144.3,5144.5,792
2025-06-09T10:20:00+05:30,5145.8,5150.0,5145.1,5150.0,508
2025-06-09T10:21:00+05:30,5150.0,5151.4,5148.2,5148.2,843
2025-06-09T10:22:00+05:30,5148.1,5150.5,5144.5,5146.4,512
2025-06-09T10:23:00+05:30,5145.7,5146.5,5142.5,5143.2,647
2025-06-09T10:24:00+05:30,5143.2,5145.0,5140.2,5143.8,915
2025-06-09T10:25:00+05:30,5142.3,5143.9,5140.9,5143.9,715
2025-06-09T10:26:00+05:30,5142.8,5146.0,5142.6,5144.0,626
2025-06-09T10:27:00+05:30,5144.0,5146.3,5140.9,5140.9,439
2025-06-09T10:28:00+05:30,5141.7,5141.7,5135.0,5135.8,961
2025-06-09T10:29:00+05:30,5136.6,5136.7,5135.0,5135.0,743
2025-06-09T10:30:00+05:30,5136.1,5138.7,5135.0,5137.5,1565
2025-06-09T10:31:00+05:30,5137.7,5138.2,5135.0,5136.5,360
2025-06-09T10:32:00+05:30,5136.6,5138.6,5132.5,5137.5,1470
2025-06-09T10:33:00+05:30,5137.5,5139.7,5136.0,5136.8,505
2025-06-09T10:34:00+05:30,5137.5,5140.0,5134.5,5134.5,592
2025-06-09T10:35:00+05:30,5136.8,5138.9,5134.6,5137.3,777
2025-06-09T10:36:00+05:30,5138.8,5140.5,5135.4,5136.5,729
2025-06-09T10:37:00+05:30,5135.8,5140.0,5133.6,5139.9,649
2025-06-09T10:38:00+05:30,5139.7,5147.0,5139.7,5146.0,890
2025-06-09T10:39:00+05:30,5147.0,5150.0,5147.0,5149.0,1253
2025-06-09T10:40:00+05:30,5148.6,5149.8,5145.5,5147.7,767
2025-06-09T10:41:00+05:30,5146.3,5148.9,5143.2,5145.2,1576
2025-06-09T10:42:00+05:30,5144.8,5145.4,5143.3,5143.3,460
2025-06-09T10:43:00+05:30,5143.4,5143.4,5137.9,5142.8,568
2025-06-09T10:44:00+05:30,5140.7,5143.0,5140.3,5142.9,241
2025-06-09T10:45:00+05:30,5142.4,5142.9,5131.1,5132.2,1520
2025-06-09T10:46:00+05:30,5131.1,5135.7,5124.1,5135.1,4255
2025-06-09T10:47:00+05:30,5134.8,5138.2,5134.8,5136.8,341
2025-06-09T10:48:00+05:30,5136.8,5138.8,5136.8,5138.0,172
2025-06-09T10:49:00+05:30,5138.0,5143.6,5136.8,5143.6,920
2025-06-09T10:50:00+05:30,5144.0,5145.6,5142.8,5144.9,385
2025-06-09T10:51:00+05:30,5144.9,5146.7,5144.0,5144.0,591
2025-06-09T10:52:00+05:30,5142.2,5142.2,5135.8,5141.6,1780
2025-06-09T10:53:00+05:30,5142.4,5143.5,5141.9,5143.0,319
2025-06-09T10:54:00+05:30,5142.7,5143.0,5141.0,5141.5,352
2025-06-09T10:55:00+05:30,5141.3,5146.5,5141.2,5145.6,594
2025-06-09T10:56:00+05:30,5145.4,5145.5,5140.6,5140.6,444
2025-06-09T10:57:00+05:30,5140.5,5144.3,5138.3,5140.2,997
2025-06-09T10:58:00+05:30,5142.0,5146.8,5140.9,5144.8,434
2025-06-09T10:59:00+05:30,5144.9,5147.0,5144.0,5146.3,415
2025-06-09T11:00:00+05:30,5145.5,5150.0,5145.5,5150.0,313
2025-06-09T11:01:00+05:30,5150.0,5153.2,5147.8,5149.2,1047
2025-06-09T11:02:00+05:30,5150.0,5150.5,5148.8,5149.2,584
2025-06-09T11:03:00+05:30,5148.7,5150.0,5144.0,5146.0,809
2025-06-09T11:04:00+05:30,5146.0,5150.0,5145.9,5149.9,787
2025-06-09T11:05:00+05:30,5149.9,5150.0,5149.8,5150.0,365
2025-06-09T11:06:00+05:30,5150.0,5150.0,5145.8,5148.0,357
2025-06-09T11:07:00+05:30,5146.3,5147.5,5144.0,5145.3,1426
2025-06-09T11:08:00+05:30,5144.8,5145.3,5142.7,5142.7,1034
2025-06-09T11:09:00+05:30,5142.9,5143.8,5142.0,5143.8,176
2025-06-09T11:10:00+05:30,5143.8,5145.9,5140.0,5143.4,3098
2025-06-09T11:11:00+05:30,5144.0,5144.2,5142.2,5143.8,257
2025-06-09T11:12:00+05:30,5143.8,5146.7,5143.0,5143.4,224
2025-06-09T11:13:00+05:30,5145.4,5145.5,5141.8,5141.9,878
2025-06-09T11:14:00+05:30,5141.2,5141.5,5138.1,5139.1,1090
2025-06-09T11:15:00+05:30,5139.1,5139.1,5135.3,5135.3,772
2025-06-09T11:16:00+05:30,5135.4,5138.7,5135.4,5138.7,1647
2025-06-09T11:17:00+05:30,5136.4,5138.8,5134.5,5134.5,1558
2025-06-09T11:18:00+05:30,5134.7,5140.2,5134.7,5140.2,562
2025-06-09T11:19:00+05:30,5139.0,5142.0,5135.1,5135.2,1329
2025-06-09T11:20:00+05:30,5136.1,5137.2,5131.0,5131.0,847
2025-06-09T11:21:00+05:30,5130.0,5133.7,5130.0,5133.7,667
2025-06-09T11:22:00+05:30,5135.8,5140.0,5135.1,5138.3,287
2025-06-09T11:23:00+05:30,5138.3,5146.3,5138.3,5144.5,870
2025-06-09T11:24:00+05:30,5144.3,5150.4,5144.2,5150.4,1466
2025-06-09T11:25:00+05:30,5150.3,5153.0,5150.0,5152.9,898
2025-06-09T11:26:00+05:30,5152.8,5153.0,5145.2,5145.7,1893
2025-06-09T11:27:00+05:30,5146.4,5146.4,5133.1,5135.8,5498
2025-06-09T11:28:00+05:30,5136.4,5137.9,5131.7,5131.7,3443
2025-06-09T11:29:00+05:30,5131.4,5136.1,5130.2,5132.6,1690
2025-06-09T11:30:00+05:30,5133.2,5135.7,5133.1,5134.4,113
2025-06-09T11:31:00+05:30,5136.0,5141.7,5132.0,5137.4,4801
2025-06-09T11:32:00+05:30,5135.9,5139.6,5133.9,5138.0,405
2025-06-09T11:33:00+05:30,5138.0,5138.9,5134.2,5135.9,485
2025-06-09T11:34:00+05:30,5135.8,5135.8,5132.0,5132.5,713
2025-06-09T11:35:00+05:30,5132.4,5135.3,5132.0,5134.8,760
2025-06-09T11:36:00+05:30,5132.9,5134.9,5132.0,5132.1,981
2025-06-09T11:37:00+05:30,5132.5,5132.5,5114.1,5115.0,8485
2025-06-09T11:38:00+05:30,5115.0,5118.2,5111.0,5117.0,5750
2025-06-09T11:39:00+05:30,5117.0,5125.4,5117.0,5117.1,7560
2025-06-09T11:40:00+05:30,5119.4,5132.4,5119.4,5132.4,2068
2025-06-09T11:41:00+05:30,5132.8,5134.9,5126.1,5126.4,1846
2025-06-09T11:42:00+05:30,5126.4,5127.6,5121.7,5123.7,808
2025-06-09T11:43:00+05:30,5123.0,5127.0,5122.0,5125.3,822
2025-06-09T11:44:00+05:30,5127.5,5128.7,5117.5,5121.0,1140
2025-06-09T11:45:00+05:30,5120.2,5122.4,5116.0,5120.7,2047
2025-06-09T11:46:00+05:30,5120.7,5121.8,5116.0,5118.4,2024
2025-06-09T11:47:00+05:30,5120.3,5121.0,5118.8,5120.2,1659
2025-06-09T11:48:00+05:30,5120.9,5125.0,5120.0,5122.2,1628
2025-06-09T11:49:00+05:30,5121.9,5122.2,5118.0,5119.6,1280
2025-06-09T11:50:00+05:30,5119.8,5124.0,5116.5,5122.1,2331
2025-06-09T11:51:00+05:30,5122.1,5123.9,5120.0,5123.1,790
2025-06-09T11:52:00+05:30,5121.0,5123.8,5120.0,5123.8,942
2025-06-09T11:53:00+05:30,5122.4,5123.9,5121.7,5122.6,249
2025-06-09T11:54:00+05:30,5122.6,5128.5,5121.2,5128.5,1759
2025-06-09T11:55:00+05:30,5126.7,5127.5,5125.0,5127.0,2701
2025-06-09T11:56:00+05:30,5126.0,5130.7,5125.0,5126.2,4036
2025-06-09T11:57:00+05:30,5126.1,5133.0,5125.3,5133.0,2975
2025-06-09T11:58:00+05:30,5131.2,5133.8,5127.0,5128.0,1216
2025-06-09T11:59:00+05:30,5127.0,5128.0,5123.5,5123.5,2469
2025-06-09T12:00:00+05:30,5122.2,5125.6,5121.3,5122.5,3310
2025-06-09T12:01:00+05:30,5121.5,5122.5,5115.0,5115.1,6440
2025-06-09T12:02:00+05:30,5115.0,5119.7,5115.0,5119.7,3104
2025-06-09T12:03:00+05:30,5118.0,5125.0,5118.0,5123.3,146
2025-06-09T12:04:00+05:30,5123.6,5126.3,5123.6,5125.2,707
2025-06-09T12:05:00+05:30,5124.1,5124.1,5121.0,5122.8,130
2025-06-09T12:06:00+05:30,5121.9,5125.0,5121.9,5125.0,342
2025-06-09T12:07:00+05:30,5123.2,5128.0,5122.5,5128.0,990
2025-06-09T12:08:00+05:30,5128.0,5128.0,5121.9,5124.5,987
2025-06-09T12:09:00+05:30,5124.3,5124.5,5120.5,5121.9,158
2025-06-09T12:10:00+05:30,5121.0,5121.6,5120.0,5121.6,535
2025-06-09T12:11:00+05:30,5121.9,5124.0,5121.9,5123.9,354
2025-06-09T12:12:00+05:30,5122.0,5127.5,5120.8,5122.6,2375
2025-06-09T12:13:00+05:30,5120.9,5124.2,5120.5,5120.5,411
2025-06-09T12:14:00+05:30,5123.4,5124.0,5121.8,5121.8,172
2025-06-09T12:15:00+05:30,5121.7,5123.3,5120.0,5120.0,473
2025-06-09T12:16:00+05:30,5120.7,5123.0,5120.0,5123.0,582
2025-06-09T12:17:00+05:30,5123.0,5123.6,5120.0,5120.1,1424
2025-06-09T12:18:00+05:30,5120.1,5120.1,5116.2,5117.5,1317
2025-06-09T12:19:00+05:30,5116.3,5123.2,5116.1,5123.2,2434
2025-06-09T12:20:00+05:30,5120.6,5122.2,5116.7,5122.2,8475
2025-06-09T12:21:00+05:30,5120.4,5122.5,5120.0,5122.5,1069
2025-06-09T12:22:00+05:30,5122.5,5124.5,5122.5,5123.7,110
2025-06-09T12:23:00+05:30,5124.5,5124.5,5123.5,5123.5,178
2025-06-09T12:24:00+05:30,5123.5,5124.5,5121.5,5121.9,332
2025-06-09T12:25:00+05:30,5121.5,5124.5,5120.0,5124.5,1042
2025-06-09T12:26:00+05:30,5122.3,5125.8,5122.3,5125.1,1800
2025-06-09T12:27:00+05:30,5125.1,5126.5,5125.1,5125.1,489
2025-06-09T12:28:00+05:30,5125.0,5127.8,5125.0,5125.9,238
2025-06-09T12:29:00+05:30,5125.9,5126.0,5124.5,5125.1,26082
2025-06-09T12:30:00+05:30,5125.5,5136.6,5125.5,5134.8,4256
2025-06-09T12:31:00+05:30,5135.0,5135.0,5133.2,5133.8,38
2025-06-09T12:32:00+05:30,5134.7,5134.8,5130.0,5131.9,177
2025-06-09T12:33:00+05:30,5131.9,5131.9,5128.4,5130.0,250
2025-06-09T12:34:00+05:30,5129.3,5130.0,5127.0,5130.0,717
2025-06-09T12:35:00+05:30,5130.0,5130.0,5128.6,5128.6,197
2025-06-09T12:36:00+05:30,5127.3,5128.1,5127.0,5127.5,91
2025-06-09T12:37:00+05:30,5127.4,5130.0,5127.4,5128.6,224
2025-06-09T12:38:00+05:30,5129.7,5129.8,5128.0,5128.0,126
2025-06-09T12:39:00+05:30,5127.4,5128.0,5126.1,5126.1,173
2025-06-09T12:40:00+05:30,5126.1,5127.0,5120.0,5120.3,394
2025-06-09T12:41:00+05:30,5120.3,5123.0,5120.1,5120.4,270
2025-06-09T12:42:00+05:30,5122.5,5124.9,5120.0,5124.5,381
2025-06-09T12:43:00+05:30,5125.0,5125.6,5120.7,5125.6,206
2025-06-09T12:44:00+05:30,5125.8,5127.1,5123.6,5126.0,286
2025-06-09T12:45:00+05:30,5125.3,5127.3,5125.3,5127.1,87
2025-06-09T12:46:00+05:30,5125.7,5130.7,5125.0,5130.7,2080
2025-06-09T12:47:00+05:30,5130.6,5130.9,5128.9,5129.0,339
2025-06-09T12:48:00+05:30,5128.2,5129.0,5127.5,5127.5,111
2025-06-09T12:49:00+05:30,5127.5,5127.5,5126.1,5126.4,1205
2025-06-09T12:50:00+05:30,5126.5,5126.5,5121.7,5124.0,4080
2025-06-09T12:51:00+05:30,5124.9,5124.9,5123.4,5123.4,47
2025-06-09T12:52:00+05:30,5123.9,5124.1,5123.4,5124.1,177
2025-06-09T12:53:00+05:30,5123.4,5124.9,5123.4,5124.7,179
2025-06-09T12:54:00+05:30,5124.8,5124.8,5121.9,5123.2,357
2025-06-09T12:55:00+05:30,5123.2,5123.2,5120.1,5123.1,290
2025-06-09T12:56:00+05:30,5122.6,5123.5,5121.9,5123.1,51
2025-06-09T12:57:00+05:30,5122.3,5123.0,5121.5,5123.0,87
2025-06-09T12:58:00+05:30,5121.5,5124.4,5121.1,5122.0,294
2025-06-09T12:59:00+05:30,5121.5,5125.0,5121.5,5124.7,232
2025-06-09T13:00:00+05:30,5124.7,5124.8,5120.9,5120.9,491
2025-06-09T13:01:00+05:30,5121.3,5124.1,5121.3,5121.7,406
2025-06-09T13:02:00+05:30,5121.4,5124.5,5120.2,5123.7,703
2025-06-09T13:03:00+05:30,5121.6,5126.5,5121.6,5126.5,1018
2025-06-09T13:04:00+05:30,5125.0,5126.3,5125.0,5126.0,502
2025-06-09T13:05:00+05:30,5126.0,5126.0,5125.4,5125.5,165
2025-06-09T13:06:00+05:30,5125.7,5127.0,5125.7,5126.0,928
2025-06-09T13:07:00+05:30,5126.6,5127.0,5126.6,5127.0,27
2025-06-09T13:08:00+05:30,5126.6,5127.0,5125.7,5126.0,228
2025-06-09T13:09:00+05:30,5126.0,5127.0,5126.0,5127.0,23
2025-06-09T13:10:00+05:30,5126.3,5127.0,5125.9,5127.0,265
2025-06-09T13:11:00+05:30,5127.0,5135.0,5127.0,5133.3,3646
2025-06-09T13:12:00+05:30,5134.9,5135.0,5134.2,5134.2,644
2025-06-09T13:13:00+05:30,5134.5,5134.5,5131.6,5133.2,803
2025-06-09T13:14:00+05:30,5133.2,5138.0,5133.2,5138.0,1274
2025-06-09T13:15:00+05:30,5136.2,5137.5,5132.9,5135.1,928
2025-06-09T13:16:00+05:30,5136.6,5137.0,5136.0,5136.0,149
2025-06-09T13:17:00+05:30,5135.4,5136.7,5135.0,5135.0,127
2025-06-09T13:18:00+05:30,5136.4,5137.2,5135.0,5136.0,300
2025-06-09T13:19:00+05:30,5136.6,5137.0,5135.0,5137.0,1171
2025-06-09T13:20:00+05:30,5137.0,5137.0,5135.0,5137.0,2297
2025-06-09T13:21:00+05:30,5135.6,5137.1,5130.0,5132.9,2517
2025-06-09T13:22:00+05:30,5134.2,5136.0,5132.2,5136.0,194
2025-06-09T13:23:00+05:30,5135.0,5137.2,5135.0,5136.3,510
2025-06-09T13:24:00+05:30,5136.3,5138.6,5136.3,5137.7,494
2025-06-09T13:25:00+05:30,5137.7,5140.0,5137.7,5140.0,55
2025-06-09T13:26:00+05:30,5140.0,5149.2,5137.4,5145.3,3407
2025-06-09T13:27:00+05:30,5147.5,5147.8,5146.0,5147.8,264
2025-06-09T13:28:00+05:30,5147.7,5149.9,5147.7,5149.0,15900
2025-06-09T13:29:00+05:30,5148.9,5155.4,5148.9,5154.5,3242
2025-06-09T13:30:00+05:30,5154.0,5157.8,5150.7,5156.0,2326
2025-06-09T13:31:00+05:30,5154.4,5157.9,5154.4,5157.9,2649
2025-06-09T13:32:00+05:30,5157.1,5157.7,5154.0,5157.7,1453
2025-06-09T13:33:00+05:30,5157.3,5159.7,5155.1,5156.5,2670
2025-06-09T13:34:00+05:30,5157.8,5162.5,5157.8,5161.3,3109
2025-06-09T13:35:00+05:30,5161.2,5161.2,5158.7,5159.8,396
2025-06-09T13:36:00+05:30,5160.0,5160.0,5156.9,5159.9,979
2025-06-09T13:37:00+05:30,5159.5,5162.5,5158.3,5161.7,1273
2025-06-09T13:38:00+05:30,5162.5,5163.8,5161.5,5163.8,527
2025-06-09T13:39:00+05:30,5163.9,5163.9,5160.0,5161.5,927
2025-06-09T13:40:00+05:30,5159.2,5161.0,5157.7,5160.3,821
2025-06-09T13:41:00+05:30,5160.0,5163.4,5160.0,5162.6,1554
2025-06-09T13:42:00+05:30,5162.6,5178.5,5161.1,5178.5,13207
2025-06-09T13:43:00+05:30,5178.5,5184.8,5178.3,5181.0,7802
2025-06-09T13:44:00+05:30,5181.4,5185.0,5177.5,5180.0,4666
2025-06-09T13:45:00+05:30,5179.9,5179.9,5175.0,5177.8,1011
2025-06-09T13:46:00+05:30,5177.1,5178.2,5171.5,5173.0,1508
2025-06-09T13:47:00+05:30,5172.9,5172.9,5168.0,5168.0,1548
2025-06-09T13:48:00+05:30,5168.0,5175.0,5167.5,5175.0,1375
2025-06-09T13:49:00+05:30,5173.8,5175.0,5171.8,5173.8,683
2025-06-09T13:50:00+05:30,5173.9,5174.8,5171.3,5173.9,490
2025-06-09T13:51:00+05:30,5173.9,5187.8,5173.6,5186.9,12339
2025-06-09T13:52:00+05:30,5187.4,5190.8,5181.1,5181.7,5659
2025-06-09T13:53:00+05:30,5181.7,5185.0,5176.0,5178.0,1631
2025-06-09T13:54:00+05:30,5179.5,5181.2,5175.6,5179.0,665
2025-06-09T13:55:00+05:30,5179.0,5180.0,5173.3,5177.5,912
2025-06-09T13:56:00+05:30,5176.6,5177.8,5172.8,5175.8,810
2025-06-09T13:57:00+05:30,5175.8,5176.6,5173.1,5174.7,380
2025-06-09T13:58:00+05:30,5174.7,5174.8,5172.3,5174.5,147
2025-06-09T13:59:00+05:30,5174.5,5175.0,5174.5,5175.0,86
2025-06-09T14:00:00+05:30,5175.0,5177.5,5172.5,5175.0,672
2025-06-09T14:01:00+05:30,5175.0,5177.8,5174.4,5177.2,319
2025-06-09T14:02:00+05:30,5177.4,5177.8,5174.3,5177.4,837
2025-06-09T14:03:00+05:30,5177.4,5177.8,5175.2,5177.6,316
2025-06-09T14:04:00+05:30,5175.7,5177.3,5173.4,5173.5,698
2025-06-09T14:05:00+05:30,5174.4,5177.8,5173.2,5177.8,631
2025-06-09T14:06:00+05:30,5177.8,5177.8,5173.1,5175.1,644
2025-06-09T14:07:00+05:30,5175.1,5177.8,5174.5,5177.8,710
2025-06-09T14:08:00+05:30,5177.7,5181.1,5177.7,5179.7,1189
2025-06-09T14:09:00+05:30,5179.0,5180.6,5173.6,5176.5,706
2025-06-09T14:10:00+05:30,5176.3,5177.9,5174.0,5176.8,547
2025-06-09T14:11:00+05:30,5176.4,5177.8,5173.7,5176.7,839
2025-06-09T14:12:00+05:30,5176.8,5177.7,5175.0,5176.5,625
2025-06-09T14:13:00+05:30,5176.0,5177.5,5172.5,5174.2,963
2025-06-09T14:14:00+05:30,5172.6,5175.2,5170.1,5172.7,1315
2025-06-09T14:15:00+05:30,5172.6,5173.7,5167.0,5170.0,1729
2025-06-09T14:16:00+05:30,5169.4,5170.9,5167.0,5169.0,973
2025-06-09T14:17:00+05:30,5169.0,5172.3,5166.7,5172.3,1935
2025-06-09T14:18:00+05:30,5168.9,5174.3,5168.1,5173.5,2240
2025-06-09T14:19:00+05:30,5174.3,5177.2,5172.0,5175.1,1572
2025-06-09T14:20:00+05:30,5174.0,5177.0,5171.3,5174.4,912
2025-06-09T14:21:00+05:30,5174.8,5175.0,5172.2,5174.6,416
2025-06-09T14:22:00+05:30,5174.8,5177.9,5171.1,5172.2,2531
2025-06-09T14:23:00+05:30,5172.2,5173.3,5169.3,5170.0,340
2025-06-09T14:24:00+05:30,5170.0,5172.4,5169.1,5170.6,1118
2025-06-09T14:25:00+05:30,5170.7,5172.9,5170.0,5170.7,242
2025-06-09T14:26:00+05:30,5170.0,5173.4,5168.1,5172.0,1201
2025-06-09T14:27:00+05:30,5171.9,5174.9,5170.1,5173.8,245
2025-06-09T14:28:00+05:30,5174.1,5174.8,5170.0,5172.7,793
2025-06-09T14:29:00+05:30,5172.7,5173.9,5170.0,5172.5,1000
2025-06-09T14:30:00+05:30,5172.5,5176.0,5169.0,5176.0,1377
2025-06-09T14:31:00+05:30,5176.1,5176.2,5172.9,5176.1,1633
2025-06-09T14:32:00+05:30,5176.1,5178.0,5174.6,5178.0,585
2025-06-09T14:33:00+05:30,5178.0,5179.0,5175.2,5177.8,1095
2025-06-09T14:34:00+05:30,5178.0,5178.9,5175.0,5177.6,532
2025-06-09T14:35:00+05:30,5177.6,5177.6,5172.6,5177.0,367
2025-06-09T14:36:00+05:30,5176.1,5178.4,5174.9,5177.6,392
2025-06-09T14:37:00+05:30,5177.6,5178.9,5175.6,5178.7,295
2025-06-09T14:38:00+05:30,5178.9,5178.9,5173.2,5176.1,991
2025-06-09T14:39:00+05:30,5176.1,5177.7,5166.4,5169.2,3615
2025-06-09T14:40:00+05:30,5170.0,5173.9,5168.9,5172.5,1494
2025-06-09T14:41:00+05:30,5171.2,5174.8,5168.0,5170.0,415
2025-06-09T14:42:00+05:30,5169.8,5172.2,5167.4,5171.6,2491
2025-06-09T14:43:00+05:30,5170.9,5175.0,5168.8,5173.9,577
2025-06-09T14:44:00+05:30,5174.8,5176.1,5168.9,5175.6,1308
2025-06-09T14:45:00+05:30,5176.3,5178.9,5169.3,5177.7,2385
2025-06-09T14:46:00+05:30,5176.8,5177.9,5175.1,5177.2,376
2025-06-09T14:47:00+05:30,5177.2,5177.5,5164.6,5167.2,2516
2025-06-09T14:48:00+05:30,5169.2,5173.1,5163.3,5170.5,2213
2025-06-09T14:49:00+05:30,5170.0,5171.5,5159.0,5170.0,2060
2025-06-09T14:50:00+05:30,5170.8,5174.3,5162.0,5171.3,1822
2025-06-09T14:51:00+05:30,5171.3,5175.0,5161.0,5168.8,2011
2025-06-09T14:52:00+05:30,5169.0,5173.3,5166.3,5172.5,1268
2025-06-09T14:53:00+05:30,5172.1,5173.5,5159.0,5169.7,2500
2025-06-09T14:54:00+05:30,5169.5,5173.0,5161.2,5169.0,3025
2025-06-09T14:55:00+05:30,5170.0,5171.5,5166.2,5167.1,854
2025-06-09T14:56:00+05:30,5168.4,5168.5,5164.2,5167.4,1514
2025-06-09T14:57:00+05:30,5165.2,5169.1,5161.7,5169.0,555
2025-06-09T14:58:00+05:30,5168.2,5170.9,5165.8,5165.8,912
2025-06-09T14:59:00+05:30,5165.9,5168.1,5164.6,5166.8,331
2025-06-09T15:00:00+05:30,5166.8,5170.8,5164.5,5169.0,2484
2025-06-09T15:01:00+05:30,5169.9,5170.2,5167.5,5170.0,1154
2025-06-09T15:02:00+05:30,5170.0,5170.4,5163.5,5165.5,1436
2025-06-09T15:03:00+05:30,5165.5,5167.9,5163.8,5167.2,809
2025-06-09T15:04:00+05:30,5167.4,5167.8,5164.5,5167.5,315
2025-06-09T15:05:00+05:30,5167.5,5170.4,5166.0,5169.8,609
2025-06-09T15:06:00+05:30,5170.4,5170.4,5169.9,5170.4,551
2025-06-09T15:07:00+05:30,5170.4,5174.5,5170.4,5173.1,2590
2025-06-09T15:08:00+05:30,5172.6,5174.7,5171.6,5174.4,1127
2025-06-09T15:09:00+05:30,5174.4,5176.4,5171.4,5175.0,1665
2025-06-09T15:10:00+05:30,5176.4,5180.0,5176.4,5177.9,1903
2025-06-09T15:11:00+05:30,5178.3,5182.0,5175.1,5180.7,4376
2025-06-09T15:12:00+05:30,5180.7,5180.9,5178.9,5180.8,1856
2025-06-09T15:13:00+05:30,5180.9,5184.8,5180.7,5181.7,1611
2025-06-09T15:14:00+05:30,5181.7,5184.9,5180.0,5180.8,3814
2025-06-09T15:15:00+05:30,5180.1,5182.3,5177.2,5178.9,2622
2025-06-09T15:16:00+05:30,5179.4,5180.9,5175.6,5177.4,2597
2025-06-09T15:17:00+05:30,5177.4,5178.9,5175.5,5176.9,2004
2025-06-09T15:18:00+05:30,5176.9,5177.9,5175.7,5176.8,2595
2025-06-09T15:19:00+05:30,5176.8,5182.0,5175.5,5181.9,7030
2025-06-09T15:20:00+05:30,5181.9,5182.0,5180.0,5180.3,3752
2025-06-09T15:21:00+05:30,5180.2,5190.7,5180.2,5190.4,39677
2025-06-09T15:22:00+05:30,5190.5,5200.4,5190.0,5200.0,15262
2025-06-09T15:23:00+05:30,5200.4,5200.4,5195.0,5200.0,15326
2025-06-09T15:24:00+05:30,5200.3,5213.9,5200.0,5213.9,5158
2025-06-09T15:25:00+05:30,5213.9,5253.0,5213.0,5239.9,35221
2025-06-09T15:26:00+05:30,5239.9,5278.9,5235.1,5255.3,51198
2025-06-09T15:27:00+05:30,5255.1,5267.9,5250.1,5252.3,13454
2025-06-09T15:28:00+05:30,5254.8,5254.8,5232.0,5246.0,8036
2025-06-09T15:29:00+05:30,5246.0,5249.0,5236.0,5236.0,2316
2025-06-10T09:15:00+05:30,5236.5,5239.9,5165.5,5177.1,10221
2025-06-10T09:16:00+05:30,5176.0,5185.0,5160.5,5165.0,8490
2025-06-10T09:17:00+05:30,5162.0,5184.8,5162.0,5182.5,3498
2025-06-10T09:18:00+05:30,5182.5,5189.6,5182.0,5184.9,6219
2025-06-10T09:19:00+05:30,5182.5,5192.4,5182.0,5183.2,4250
2025-06-10T09:20:00+05:30,5182.4,5196.9,5182.3,5182.6,2901
2025-06-10T09:21:00+05:30,5182.2,5198.9,5182.2,5192.7,2373
2025-06-10T09:22:00+05:30,5196.3,5199.8,5192.7,5194.6,1625
2025-06-10T09:23:00+05:30,5194.8,5197.0,5190.0,5190.0,1583
2025-06-10T09:24:00+05:30,5191.9,5193.0,5178.2,5189.3,2598
2025-06-10T09:25:00+05:30,5189.3,5189.3,5180.1,5181.2,2185
2025-06-10T09:26:00+05:30,5183.1,5183.9,5178.0,5178.0,882
2025-06-10T09:27:00+05:30,5179.1,5179.1,5163.3,5166.0,4628
2025-06-10T09:28:00+05:30,5166.0,5180.2,5166.0,5178.0,2876
2025-06-10T09:29:00+05:30,5177.9,5194.3,5177.9,5194.3,1693
2025-06-10T09:30:00+05:30,5192.7,5203.9,5182.9,5199.8,6311
2025-06-10T09:31:00+05:30,5200.8,5208.0,5196.1,5201.7,2991
2025-06-10T09:32:00+05:30,5198.9,5202.0,5190.2,5193.3,1256
2025-06-10T09:33:00+05:30,5196.8,5196.8,5184.3,5188.5,3160
2025-06-10T09:34:00+05:30,5190.0,5190.0,5186.6,5189.9,600
2025-06-10T09:35:00+05:30,5189.9,5189.9,5183.1,5188.0,607
2025-06-10T09:36:00+05:30,5187.5,5193.8,5187.5,5188.8,1222
2025-06-10T09:37:00+05:30,5188.4,5190.6,5179.8,5181.5,1537
2025-06-10T09:38:00+05:30,5180.2,5186.7,5179.1,5181.9,1799
2025-06-10T09:39:00+05:30,5183.2,5188.8,5180.5,5187.2,1527
2025-06-10T09:40:00+05:30,5187.2,5188.9,5182.8,5182.8,1251
2025-06-10T09:41:00+05:30,5181.7,5187.1,5181.1,5184.3,1849
2025-06-10T09:42:00+05:30,5184.3,5186.0,5184.3,5185.3,409
2025-06-10T09:43:00+05:30,5185.6,5194.9,5185.4,5191.8,846
2025-06-10T09:44:00+05:30,5193.1,5193.1,5185.4,5187.1,1082
2025-06-10T09:45:00+05:30,5187.1,5190.0,5186.5,5189.6,629
2025-06-10T09:46:00+05:30,5189.2,5192.6,5187.8,5187.8,942
2025-06-10T09:47:00+05:30,5187.6,5189.9,5187.6,5189.7,216
2025-06-10T09:48:00+05:30,5189.8,5189.8,5188.8,5189.6,611
2025-06-10T09:49:00+05:30,5189.4,5190.0,5184.0,5190.0,891
2025-06-10T09:50:00+05:30,5188.2,5189.4,5187.2,5187.5,660
2025-06-10T09:51:00+05:30,5187.6,5188.1,5186.2,5187.5,478
2025-06-10T09:52:00+05:30,5186.7,5187.7,5182.9,5187.5,398
2025-06-10T09:53:00+05:30,5187.6,5187.7,5184.5,5187.6,815
2025-06-10T09:54:00+05:30,5187.6,5190.0,5175.6,5178.1,1555
2025-06-10T09:55:00+05:30,5179.4,5184.3,5176.0,5179.3,624
2025-06-10T09:56:00+05:30,5180.0,5180.0,5176.5,5178.2,648
2025-06-10T09:57:00+05:30,5175.0,5175.0,5165.7,5171.9,1215
2025-06-10T09:58:00+05:30,5169.8,5172.9,5162.0,5172.9,2047
2025-06-10T09:59:00+05:30,5166.9,5171.0,5163.6,5170.0,1361
2025-06-10T10:00:00+05:30,5170.0,5174.7,5165.1,5165.2,1634
2025-06-10T10:01:00+05:30,5165.1,5167.3,5161.9,5164.9,972
2025-06-10T10:02:00+05:30,5166.3,5171.8,5166.2,5171.8,159
2025-06-10T10:03:00+05:30,5170.9,5173.2,5168.0,5172.0,1109
2025-06-10T10:04:00+05:30,5171.9,5175.0,5170.0,5175.0,1118
2025-06-10T10:05:00+05:30,5177.7,5177.7,5168.3,5174.9,909
2025-06-10T10:06:00+05:30,5176.4,5177.9,5170.7,5174.0,993
2025-06-10T10:07:00+05:30,5176.8,5177.8,5175.0,5175.7,839
2025-06-10T10:08:00+05:30,5176.3,5178.4,5174.0,5178.0,374
2025-06-10T10:09:00+05:30,5179.0,5180.0,5178.0,5180.0,128
2025-06-10T10:10:00+05:30,5179.9,5183.5,5179.9,5183.5,685
2025-06-10T10:11:00+05:30,5181.5,5184.5,5180.9,5184.0,396
2025-06-10T10:12:00+05:30,5183.8,5188.0,5180.1,5180.1,803
2025-06-10T10:13:00+05:30,5182.0,5182.0,5176.7,5179.9,1600
2025-06-10T10:14:00+05:30,5182.0,5184.2,5176.7,5179.9,1088
2025-06-10T10:15:00+05:30,5180.0,5181.0,5178.0,5180.0,1134
2025-06-10T10:16:00+05:30,5179.9,5180.0,5179.9,5180.0,45
2025-06-10T10:17:00+05:30,5180.0,5181.0,5179.2,5180.0,1470
2025-06-10T10:18:00+05:30,5180.0,5180.0,5178.0,5179.2,513
2025-06-10T10:19:00+05:30,5178.9,5179.9,5178.5,5179.6,265
2025-06-10T10:20:00+05:30,5180.0,5180.0,5176.7,5177.5,924
2025-06-10T10:21:00+05:30,5177.8,5177.9,5173.0,5174.8,460
2025-06-10T10:22:00+05:30,5175.0,5177.1,5171.9,5175.0,639
2025-06-10T10:23:00+05:30,5176.1,5176.2,5173.2,5174.0,216
2025-06-10T10:24:00+05:30,5174.6,5177.2,5174.5,5176.0,460
2025-06-10T10:25:00+05:30,5176.9,5178.0,5176.9,5178.0,292
2025-06-10T10:26:00+05:30,5178.0,5178.0,5172.3,5172.7,709
2025-06-10T10:27:00+05:30,5172.7,5173.8,5171.0,5172.6,446
2025-06-10T10:28:00+05:30,5172.3,5176.7,5172.2,5176.7,263
2025-06-10T10:29:00+05:30,5176.1,5176.1,5174.0,5175.0,341
2025-06-10T10:30:00+05:30,5175.0,5175.6,5172.6,5175.6,168
2025-06-10T10:31:00+05:30,5175.6,5175.6,5173.2,5173.7,203
2025-06-10T10:32:00+05:30,5173.8,5174.3,5172.8,5172.8,293
2025-06-10T10:33:00+05:30,5173.4,5175.0,5171.7,5175.0,640
2025-06-10T10:34:00+05:30,5175.9,5177.0,5175.0,5175.1,566
2025-06-10T10:35:00+05:30,5175.5,5177.3,5174.9,5175.0,317
2025-06-10T10:36:00+05:30,5176.8,5177.8,5171.5,5176.6,527
2025-06-10T10:37:00+05:30,5177.4,5177.4,5172.4,5176.7,530
2025-06-10T10:38:00+05:30,5177.0,5177.2,5176.5,5176.9,497
2025-06-10T10:39:00+05:30,5176.4,5177.8,5176.3,5176.5,368
2025-06-10T10:40:00+05:30,5177.7,5177.8,5171.8,5177.6,541
2025-06-10T10:41:00+05:30,5177.6,5177.6,5175.0,5177.5,565
2025-06-10T10:42:00+05:30,5177.5,5179.5,5176.5,5178.3,550
2025-06-10T10:43:00+05:30,5178.2,5192.1,5174.9,5191.4,3092
2025-06-10T10:44:00+05:30,5192.1,5198.2,5191.3,5194.6,4033
2025-06-10T10:45:00+05:30,5194.9,5197.3,5192.8,5193.2,733
2025-06-10T10:46:00+05:30,5193.9,5194.5,5190.3,5193.9,917
2025-06-10T10:47:00+05:30,5192.3,5195.9,5192.2,5195.9,315
2025-06-10T10:48:00+05:30,5195.8,5199.8,5195.5,5199.0,2359
2025-06-10T10:49:00+05:30,5199.5,5199.5,5196.0,5198.7,1857
2025-06-10T10:50:00+05:30,5198.7,5202.0,5196.0,5202.0,1451
2025-06-10T10:51:00+05:30,5202.0,5206.1,5202.0,5203.7,1690
2025-06-10T10:52:00+05:30,5203.6,5204.5,5197.6,5198.9,1054
2025-06-10T10:53:00+05:30,5198.9,5203.5,5196.0,5201.4,627
2025-06-10T10:54:00+05:30,5202.7,5202.7,5197.6,5197.6,1394
2025-06-10T10:55:00+05:30,5197.4,5197.5,5193.5,5196.8,917
2025-06-10T10:56:00+05:30,5196.8,5199.0,5194.8,5195.1,1221
2025-06-10T10:57:00+05:30,5196.9,5198.0,5196.0,5197.7,333
2025-06-10T10:58:00+05:30,5197.7,5197.7,5188.7,5189.4,1904
2025-06-10T10:59:00+05:30,5190.2,5190.6,5185.1,5190.0,941
2025-06-10T11:00:00+05:30,5189.6,5189.6,5182.7,5185.0,615
2025-06-10T11:01:00+05:30,5184.7,5184.9,5182.8,5183.6,1123
2025-06-10T11:02:00+05:30,5183.6,5183.7,5181.7,5182.1,696
2025-06-10T11:03:00+05:30,5183.5,5185.3,5175.0,5175.2,5207
2025-06-10T11:04:00+05:30,5175.7,5180.0,5175.6,5178.6,1485
2025-06-10T11:05:00+05:30,5178.1,5179.8,5177.1,5177.1,225
2025-06-10T11:06:00+05:30,5177.1,5180.0,5175.0,5180.0,844
2025-06-10T11:07:00+05:30,5179.7,5180.0,5175.3,5177.4,2460
2025-06-10T11:08:00+05:30,5175.9,5178.1,5173.9,5174.9,4358
2025-06-10T11:09:00+05:30,5175.7,5177.7,5175.0,5176.6,987
2025-06-10T11:10:00+05:30,5176.0,5178.7,5174.0,5178.7,2136
2025-06-10T11:11:00+05:30,5178.8,5180.0,5177.3,5177.3,1034
2025-06-10T11:12:00+05:30,5176.8,5176.8,5173.6,5173.6,625
2025-06-10T11:13:00+05:30,5174.2,5176.9,5170.1,5170.1,1214
2025-06-10T11:14:00+05:30,5170.2,5171.7,5166.0,5168.0,4308
2025-06-10T11:15:00+05:30,5168.0,5168.0,5160.1,5161.5,3270
2025-06-10T11:16:00+05:30,5163.0,5164.8,5161.0,5161.7,1503
2025-06-10T11:17:00+05:30,5161.7,5165.5,5161.0,5161.8,1686
2025-06-10T11:18:00+05:30,5161.7,5164.8,5160.2,5160.3,953
2025-06-10T11:19:00+05:30,5160.3,5165.0,5158.0,5162.5,2689
2025-06-10T11:20:00+05:30,5163.5,5165.6,5161.0,5161.0,1649
2025-06-10T11:21:00+05:30,5161.0,5161.9,5158.0,5158.8,821
2025-06-10T11:22:00+05:30,5159.2,5161.3,5158.4,5160.9,709
2025-06-10T11:23:00+05:30,5160.8,5163.6,5160.8,5163.6,763
2025-06-10T11:24:00+05:30,5163.1,5163.1,5161.1,5161.5,779
2025-06-10T11:25:00+05:30,5161.5,5165.0,5161.5,5165.0,656
2025-06-10T11:26:00+05:30,5164.9,5164.9,5161.8,5163.2,565
2025-06-10T11:27:00+05:30,5161.9,5162.6,5161.9,5162.2,501
2025-06-10T11:28:00+05:30,5162.2,5162.3,5159.1,5162.2,818
2025-06-10T11:29:00+05:30,5162.2,5164.8,5161.8,5162.9,758
2025-06-10T11:30:00+05:30,5162.8,5164.7,5160.9,5162.8,611
2025-06-10T11:31:00+05:30,5162.7,5164.8,5161.0,5162.8,379
2025-06-10T11:32:00+05:30,5162.1,5163.1,5147.0,5151.4,3931
2025-06-10T11:33:00+05:30,5151.7,5153.3,5139.9,5141.2,4822
2025-06-10T11:34:00+05:30,5142.1,5143.6,5135.6,5137.0,2675
2025-06-10T11:35:00+05:30,5136.8,5137.2,5133.3,5137.2,2559
2025-06-10T11:36:00+05:30,5137.1,5144.5,5136.0,5144.3,1768
2025-06-10T11:37:00+05:30,5142.6,5145.7,5142.5,5145.7,1210
2025-06-10T11:38:00+05:30,5144.5,5145.7,5141.3,5142.9,695
2025-06-10T11:39:00+05:30,5142.9,5144.4,5140.4,5142.2,1160
2025-06-10T11:40:00+05:30,5143.6,5143.6,5143.4,5143.5,365
2025-06-10T11:41:00+05:30,5143.5,5143.6,5141.7,5141.7,389
2025-06-10T11:42:00+05:30,5142.8,5143.5,5132.5,5133.5,676
2025-06-10T11:43:00+05:30,5133.5,5134.2,5130.1,5131.7,1382
2025-06-10T11:44:00+05:30,5130.1,5135.1,5126.2,5127.2,1834
2025-06-10T11:45:00+05:30,5127.3,5131.6,5127.3,5130.0,775
2025-06-10T11:46:00+05:30,5130.0,5130.0,5121.0,5122.2,1462
2025-06-10T11:47:00+05:30,5121.7,5126.0,5120.0,5124.7,2920
2025-06-10T11:48:00+05:30,5124.3,5124.3,5115.0,5115.1,1920
2025-06-10T11:49:00+05:30,5115.1,5117.4,5112.0,5113.5,2525
2025-06-10T11:50:00+05:30,5114.3,5114.9,5111.8,5113.4,787
2025-06-10T11:51:00+05:30,5112.5,5118.6,5112.0,5118.6,571
2025-06-10T11:52:00+05:30,5118.8,5119.8,5112.0,5113.4,1452
2025-06-10T11:53:00+05:30,5113.9,5119.4,5113.9,5119.3,438
2025-06-10T11:54:00+05:30,5119.4,5120.0,5116.4,5119.9,1502
2025-06-10T11:55:00+05:30,5119.7,5123.0,5119.2,5123.0,366
2025-06-10T11:56:00+05:30,5120.8,5125.4,5120.8,5123.6,452
2025-06-10T11:57:00+05:30,5123.3,5130.6,5123.0,5130.0,858
2025-06-10T11:58:00+05:30,5130.1,5132.1,5130.0,5132.1,490
2025-06-10T11:59:00+05:30,5132.1,5132.7,5131.1,5132.4,182
2025-06-10T12:00:00+05:30,5132.4,5135.7,5131.0,5131.9,1405
2025-06-10T12:01:00+05:30,5130.8,5130.8,5125.1,5125.1,621
2025-06-10T12:02:00+05:30,5126.3,5127.2,5123.3,5126.5,423
2025-06-10T12:03:00+05:30,5126.4,5127.9,5126.4,5127.6,368
2025-06-10T12:04:00+05:30,5127.6,5127.6,5125.0,5125.9,1071
2025-06-10T12:05:00+05:30,5125.1,5128.3,5124.0,5127.0,1129
2025-06-10T12:06:00+05:30,5127.1,5132.9,5125.1,5125.1,5840
2025-06-10T12:07:00+05:30,5125.9,5126.1,5123.0,5123.1,747
2025-06-10T12:08:00+05:30,5123.9,5126.0,5121.4,5122.1,323
2025-06-10T12:09:00+05:30,5122.1,5127.7,5122.1,5127.1,386
2025-06-10T12:10:00+05:30,5126.0,5127.6,5123.1,5124.3,563
2025-06-10T12:11:00+05:30,5125.1,5129.7,5121.7,5121.7,886
2025-06-10T12:12:00+05:30,5124.6,5137.3,5124.5,5135.5,1059
2025-06-10T12:13:00+05:30,5136.0,5142.4,5120.8,5123.3,2547
2025-06-10T12:14:00+05:30,5124.3,5126.1,5115.4,5119.5,8300
2025-06-10T12:15:00+05:30,5120.6,5126.0,5117.6,5122.2,2297
2025-06-10T12:16:00+05:30,5121.7,5125.6,5121.7,5125.6,296
2025-06-10T12:17:00+05:30,5125.9,5125.9,5122.0,5124.5,660
2025-06-10T12:18:00+05:30,5124.9,5126.0,5121.7,5126.0,511
2025-06-10T12:19:00+05:30,5126.0,5130.0,5125.9,5130.0,762
2025-06-10T12:20:00+05:30,5129.9,5133.4,5129.9,5132.9,132
2025-06-10T12:21:00+05:30,5133.2,5133.2,5130.0,5130.0,695
2025-06-10T12:22:00+05:30,5130.0,5133.2,5126.0,5131.0,1649
2025-06-10T12:23:00+05:30,5131.0,5134.9,5130.1,5134.9,719
2025-06-10T12:24:00+05:30,5134.1,5134.1,5129.7,5130.7,349
2025-06-10T12:25:00+05:30,5128.5,5130.8,5128.5,5130.2,243
2025-06-10T12:26:00+05:30,5130.7,5131.8,5125.7,5131.8,356
2025-06-10T12:27:00+05:30,5132.5,5134.9,5131.0,5134.0,2328
2025-06-10T12:28:00+05:30,5134.0,5134.0,5130.8,5133.4,293
2025-06-10T12:29:00+05:30,5133.1,5133.6,5130.0,5130.0,452
2025-06-10T12:30:00+05:30,5131.7,5131.9,5130.0,5131.5,116
2025-06-10T12:31:00+05:30,5131.8,5131.8,5127.2,5129.4,268
2025-06-10T12:32:00+05:30,5130.4,5130.4,5128.0,5129.9,247
2025-06-10T12:33:00+05:30,5129.9,5130.5,5128.0,5128.0,382
2025-06-10T12:34:00+05:30,5129.5,5132.0,5127.0,5128.6,1382
2025-06-10T12:35:00+05:30,5127.1,5130.1,5126.4,5129.6,182
2025-06-10T12:36:00+05:30,5128.8,5128.8,5127.0,5127.7,434
2025-06-10T12:37:00+05:30,5129.1,5129.8,5127.0,5128.2,375
2025-06-10T12:38:00+05:30,5128.3,5128.3,5127.0,5127.6,570
2025-06-10T12:39:00+05:30,5127.1,5127.7,5125.0,5125.5,646
2025-06-10T12:40:00+05:30,5128.2,5128.2,5112.0,5114.6,3812
2025-06-10T12:41:00+05:30,5116.2,5117.6,5114.0,5116.7,2274
2025-06-10T12:42:00+05:30,5116.7,5117.7,5115.3,5117.7,319
2025-06-10T12:43:00+05:30,5117.6,5121.4,5116.9,5118.4,437
2025-06-10T12:44:00+05:30,5119.9,5119.9,5114.7,5116.3,678
2025-06-10T12:45:00+05:30,5117.4,5117.4,5112.0,5114.5,968
2025-06-10T12:46:00+05:30,5114.6,5118.8,5108.2,5108.8,1444
2025-06-10T12:47:00+05:30,5108.9,5112.2,5106.0,5108.7,608
2025-06-10T12:48:00+05:30,5109.0,5110.3,5106.0,5110.1,939
2025-06-10T12:49:00+05:30,5110.1,5113.9,5107.3,5111.4,1022
2025-06-10T12:50:00+05:30,5112.3,5115.7,5112.3,5115.3,257
2025-06-10T12:51:00+05:30,5116.2,5116.6,5111.9,5113.9,550
2025-06-10T12:52:00+05:30,5115.0,5119.0,5115.0,5117.3,247
2025-06-10T12:53:00+05:30,5118.2,5121.0,5118.2,5119.8,594
2025-06-10T12:54:00+05:30,5120.3,5121.0,5120.3,5121.0,449
2025-06-10T12:55:00+05:30,5121.0,5121.7,5116.4,5121.0,1010
2025-06-10T12:56:00+05:30,5121.1,5125.8,5121.1,5125.8,579
2025-06-10T12:57:00+05:30,5124.7,5128.7,5122.0,5124.8,1125
2025-06-10T12:58:00+05:30,5123.7,5128.4,5123.1,5125.4,2315
2025-06-10T12:59:00+05:30,5126.0,5127.0,5123.1,5126.0,494
2025-06-10T13:00:00+05:30,5125.9,5131.0,5124.0,5131.0,3782
2025-06-10T13:01:00+05:30,5132.2,5139.1,5131.2,5132.1,2567
2025-06-10T13:02:00+05:30,5132.2,5135.2,5132.2,5134.9,445
2025-06-10T13:03:00+05:30,5135.0,5138.2,5134.9,5137.8,592
2025-06-10T13:04:00+05:30,5136.0,5140.0,5134.8,5139.9,1366
2025-06-10T13:05:00+05:30,5140.0,5143.7,5139.9,5142.0,1610
2025-06-10T13:06:00+05:30,5142.0,5142.9,5134.8,5137.4,571
2025-06-10T13:07:00+05:30,5135.6,5137.2,5130.3,5134.9,1090
2025-06-10T13:08:00+05:30,5134.5,5134.7,5129.8,5129.8,661
2025-06-10T13:09:00+05:30,5131.9,5134.1,5129.8,5134.1,1514
2025-06-10T13:10:00+05:30,5132.9,5135.0,5128.5,5132.3,608
2025-06-10T13:11:00+05:30,5132.4,5134.5,5126.4,5126.5,383
2025-06-10T13:12:00+05:30,5129.1,5129.3,5125.1,5129.2,481
2025-06-10T13:13:00+05:30,5127.1,5129.4,5126.1,5127.7,443
2025-06-10T13:14:00+05:30,5127.8,5131.6,5126.2,5129.2,320
2025-06-10T13:15:00+05:30,5127.8,5129.1,5123.1,5125.3,603
2025-06-10T13:16:00+05:30,5125.3,5131.9,5125.3,5129.1,751
2025-06-10T13:17:00+05:30,5127.0,5128.8,5125.1,5127.4,254
2025-06-10T13:18:00+05:30,5126.8,5128.3,5125.0,5125.0,213
2025-06-10T13:19:00+05:30,5126.1,5127.7,5124.1,5127.0,273
2025-06-10T13:20:00+05:30,5125.1,5127.0,5124.0,5124.9,459
2025-06-10T13:21:00+05:30,5124.9,5125.6,5116.5,5119.9,694
2025-06-10T13:22:00+05:30,5119.4,5119.9,5119.3,5119.9,214
2025-06-10T13:23:00+05:30,5119.9,5119.9,5112.1,5116.0,1028
2025-06-10T13:24:00+05:30,5116.0,5118.0,5113.4,5117.7,504
2025-06-10T13:25:00+05:30,5116.6,5122.7,5116.3,5122.7,315
2025-06-10T13:26:00+05:30,5122.7,5124.4,5118.9,5124.0,525
2025-06-10T13:27:00+05:30,5124.0,5127.2,5116.6,5119.5,1625
2025-06-10T13:28:00+05:30,5120.4,5123.3,5117.8,5121.3,639
2025-06-10T13:29:00+05:30,5121.9,5121.9,5112.9,5121.6,1365
2025-06-10T13:30:00+05:30,5121.8,5126.2,5121.8,5122.5,480
2025-06-10T13:31:00+05:30,5122.7,5124.6,5121.7,5122.0,466
2025-06-10T13:32:00+05:30,5122.5,5127.6,5122.5,5125.9,644
2025-06-10T13:33:00+05:30,5123.7,5127.2,5122.5,5127.2,253
2025-06-10T13:34:00+05:30,5127.2,5129.0,5122.0,5122.0,720
2025-06-10T13:35:00+05:30,5121.7,5121.7,5117.8,5117.8,725
2025-06-10T13:36:00+05:30,5119.1,5119.4,5115.0,5115.0,1844
2025-06-10T13:37:00+05:30,5115.0,5115.2,5112.3,5115.0,6630
2025-06-10T13:38:00+05:30,5115.0,5121.6,5114.3,5121.6,5256
2025-06-10T13:39:00+05:30,5122.0,5125.5,5121.3,5125.2,963
2025-06-10T13:40:00+05:30,5125.3,5126.6,5122.5,5122.6,512
2025-06-10T13:41:00+05:30,5123.9,5124.6,5121.8,5123.9,216
2025-06-10T13:42:00+05:30,5124.0,5125.3,5123.9,5125.3,313
2025-06-10T13:43:00+05:30,5124.1,5126.7,5123.8,5125.5,1041
2025-06-10T13:44:00+05:30,5125.5,5125.7,5125.4,5125.6,152
2025-06-10T13:45:00+05:30,5125.7,5125.8,5125.6,5125.7,210
2025-06-10T13:46:00+05:30,5125.8,5127.1,5124.5,5126.6,661
2025-06-10T13:47:00+05:30,5126.9,5131.5,5126.6,5130.3,1013
2025-06-10T13:48:00+05:30,5129.7,5132.0,5128.8,5129.9,295
2025-06-10T13:49:00+05:30,5130.0,5132.0,5130.0,5130.7,474
2025-06-10T13:50:00+05:30,5131.5,5132.0,5131.4,5132.0,274
2025-06-10T13:51:00+05:30,5132.4,5132.4,5121.7,5124.3,1768
2025-06-10T13:52:00+05:30,5124.4,5125.0,5124.4,5125.0,232
2025-06-10T13:53:00+05:30,5125.0,5125.0,5122.8,5122.8,605
2025-06-10T13:54:00+05:30,5123.7,5124.4,5119.6,5121.9,1789
2025-06-10T13:55:00+05:30,5120.0,5120.5,5115.0,5117.3,589
2025-06-10T13:56:00+05:30,5116.3,5119.1,5116.2,5117.1,326
2025-06-10T13:57:00+05:30,5117.2,5118.4,5109.3,5117.6,16000
2025-06-10T13:58:00+05:30,5118.4,5126.6,5117.6,5125.7,971
2025-06-10T13:59:00+05:30,5127.0,5127.0,5121.9,5123.2,452
2025-06-10T14:00:00+05:30,5122.8,5126.0,5122.8,5125.6,260
2025-06-10T14:01:00+05:30,5125.6,5126.0,5120.6,5125.9,730
2025-06-10T14:02:00+05:30,5126.0,5128.9,5124.3,5128.4,972
2025-06-10T14:03:00+05:30,5128.4,5130.6,5127.4,5128.5,1480
2025-06-10T14:04:00+05:30,5129.8,5133.0,5124.9,5133.0,2573
2025-06-10T14:05:00+05:30,5134.0,5134.0,5128.8,5130.3,1136
2025-06-10T14:06:00+05:30,5127.9,5130.7,5127.5,5127.5,612
2025-06-10T14:07:00+05:30,5127.5,5131.2,5127.5,5129.4,482
2025-06-10T14:08:00+05:30,5130.6,5132.2,5128.6,5129.3,375
2025-06-10T14:09:00+05:30,5131.5,5133.0,5127.1,5130.0,875
2025-06-10T14:10:00+05:30,5131.3,5131.9,5127.1,5131.6,728
2025-06-10T14:11:00+05:30,5132.0,5132.9,5129.4,5131.3,678
2025-06-10T14:12:00+05:30,5131.4,5133.0,5128.3,5131.5,808
2025-06-10T14:13:00+05:30,5131.6,5133.0,5128.7,5131.9,404
2025-06-10T14:14:00+05:30,5132.0,5135.0,5131.9,5134.3,355
2025-06-10T14:15:00+05:30,5134.3,5136.8,5130.1,5133.3,1087
2025-06-10T14:16:00+05:30,5133.7,5133.7,5130.1,5131.7,699
2025-06-10T14:17:00+05:30,5130.6,5132.4,5127.1,5129.7,1039
2025-06-10T14:18:00+05:30,5129.5,5130.2,5124.6,5124.9,765
2025-06-10T14:19:00+05:30,5125.0,5129.0,5122.4,5128.0,512
2025-06-10T14:20:00+05:30,5128.3,5128.3,5119.9,5121.6,1100
2025-06-10T14:21:00+05:30,5122.4,5125.0,5120.1,5125.0,932
2025-06-10T14:22:00+05:30,5123.9,5124.6,5120.5,5124.6,613
2025-06-10T14:23:00+05:30,5123.0,5129.6,5123.0,5126.7,1108
2025-06-10T14:24:00+05:30,5125.2,5129.3,5125.2,5127.9,661
2025-06-10T14:25:00+05:30,5128.2,5134.1,5126.9,5129.3,978
2025-06-10T14:26:00+05:30,5130.8,5134.1,5130.1,5130.5,1008
2025-06-10T14:27:00+05:30,5132.5,5137.5,5128.3,5137.4,3137
2025-06-10T14:28:00+05:30,5137.5,5137.9,5134.0,5135.9,1561
2025-06-10T14:29:00+05:30,5135.9,5140.0,5133.2,5135.9,1230
2025-06-10T14:30:00+05:30,5137.6,5138.3,5130.0,5137.0,1408
2025-06-10T14:31:00+05:30,5136.5,5136.7,5132.2,5133.0,830
2025-06-10T14:32:00+05:30,5133.6,5134.4,5129.7,5132.8,846
2025-06-10T14:33:00+05:30,5132.8,5133.7,5130.2,5131.8,1085
2025-06-10T14:34:00+05:30,5130.2,5131.7,5126.1,5131.3,987
2025-06-10T14:35:00+05:30,5131.4,5131.5,5125.9,5130.7,741
2025-06-10T14:36:00+05:30,5130.8,5131.0,5128.3,5129.9,687
2025-06-10T14:37:00+05:30,5130.0,5131.8,5129.8,5131.7,656
2025-06-10T14:38:00+05:30,5131.8,5133.7,5131.0,5133.7,688
2025-06-10T14:39:00+05:30,5133.7,5136.8,5131.4,5136.8,953
2025-06-10T14:40:00+05:30,5136.8,5137.0,5131.6,5134.7,1142
2025-06-10T14:41:00+05:30,5134.6,5135.5,5131.6,5132.5,943
2025-06-10T14:42:00+05:30,5132.3,5134.6,5128.4,5129.4,788
2025-06-10T14:43:00+05:30,5131.7,5132.0,5124.5,5125.1,939
2025-06-10T14:44:00+05:30,5126.3,5130.5,5126.3,5129.5,490
2025-06-10T14:45:00+05:30,5129.6,5129.6,5125.0,5125.0,1276
2025-06-10T14:46:00+05:30,5125.1,5126.0,5120.2,5121.8,1402
2025-06-10T14:47:00+05:30,5123.7,5126.3,5121.2,5122.5,1166
2025-06-10T14:48:00+05:30,5125.2,5125.2,5121.0,5124.6,646
2025-06-10T14:49:00+05:30,5124.5,5125.0,5121.3,5125.0,782
2025-06-10T14:50:00+05:30,5123.5,5125.0,5121.2,5121.9,1162
2025-06-10T14:51:00+05:30,5124.4,5125.0,5115.3,5116.3,1145
2025-06-10T14:52:00+05:30,5117.8,5120.0,5115.0,5115.0,1275
2025-06-10T14:53:00+05:30,5115.0,5117.9,5111.0,5111.0,920
2025-06-10T14:54:00+05:30,5113.2,5114.2,5110.0,5114.2,1503
2025-06-10T14:55:00+05:30,5114.2,5115.6,5106.8,5107.9,1306
2025-06-10T14:56:00+05:30,5109.3,5110.0,5107.1,5108.9,485
2025-06-10T14:57:00+05:30,5109.0,5115.0,5109.0,5114.4,1614
2025-06-10T14:58:00+05:30,5114.7,5115.3,5110.2,5110.4,815
2025-06-10T14:59:00+05:30,5110.4,5113.0,5108.8,5111.9,1549
2025-06-10T15:00:00+05:30,5113.4,5119.0,5107.5,5110.4,4817
2025-06-10T15:01:00+05:30,5110.1,5113.4,5109.6,5113.4,1085
2025-06-10T15:02:00+05:30,5114.2,5115.5,5109.9,5112.5,3738
2025-06-10T15:03:00+05:30,5112.5,5114.5,5109.0,5112.0,2456
2025-06-10T15:04:00+05:30,5112.7,5114.0,5109.4,5111.5,1901
2025-06-10T15:05:00+05:30,5112.5,5112.5,5108.0,5111.9,1764
2025-06-10T15:06:00+05:30,5112.3,5112.3,5109.7,5111.7,1074
2025-06-10T15:07:00+05:30,5112.0,5112.0,5111.3,5111.6,1684
2025-06-10T15:08:00+05:30,5112.3,5116.3,5112.3,5116.3,841
2025-06-10T15:09:00+05:30,5116.3,5121.9,5115.4,5121.9,3366
2025-06-10T15:10:00+05:30,5121.9,5128.5,5121.1,5121.7,4391
2025-06-10T15:11:00+05:30,5121.7,5124.3,5121.7,5122.9,2385
2025-06-10T15:12:00+05:30,5121.9,5123.3,5116.3,5117.8,1476
2025-06-10T15:13:00+05:30,5117.8,5121.9,5117.7,5120.4,2084
2025-06-10T15:14:00+05:30,5120.4,5122.2,5120.2,5122.2,1659
2025-06-10T15:15:00+05:30,5122.2,5123.2,5115.5,5121.6,4474
2025-06-10T15:16:00+05:30,5121.6,5125.0,5121.6,5124.7,2589
2025-06-10T15:17:00+05:30,5125.0,5126.9,5123.6,5126.2,3590
2025-06-10T15:18:00+05:30,5126.2,5127.6,5125.1,5125.1,3052
2025-06-10T15:19:00+05:30,5125.1,5126.3,5121.3,5124.4,2539
2025-06-10T15:20:00+05:30,5125.2,5125.3,5121.2,5123.5,3445
2025-06-10T15:21:00+05:30,5123.5,5126.4,5121.0,5124.2,1744
2025-06-10T15:22:00+05:30,5126.1,5126.1,5120.1,5121.6,3565
2025-06-10T15:23:00+05:30,5121.6,5122.0,5121.5,5122.0,1377
2025-06-10T15:24:00+05:30,5122.0,5127.9,5122.0,5126.1,2496
2025-06-10T15:25:00+05:30,5127.8,5128.5,5126.1,5126.9,2336
2025-06-10T15:26:00+05:30,5126.9,5126.9,5124.3,5126.4,4487
2025-06-10T15:27:00+05:30,5126.4,5129.6,5126.0,5126.0,3093
2025-06-10T15:28:00+05:30,5126.0,5128.0,5115.5,5120.0,2293
2025-06-10T15:29:00+05:30,5119.9,5130.0,5118.9,5130.0,1201
2025-06-11T09:15:00+05:30,5110.0,5120.0,5089.2,5106.0,2457
2025-06-11T09:16:00+05:30,5107.5,5115.0,5102.0,5110.0,2683
2025-06-11T09:17:00+05:30,5110.0,5137.2,5110.0,5136.9,6868
2025-06-11T09:18:00+05:30,5135.0,5158.9,5134.9,5155.4,6355
2025-06-11T09:19:00+05:30,5155.3,5165.0,5152.7,5155.0,2060
2025-06-11T09:20:00+05:30,5155.0,5159.9,5146.4,5147.7,1182
2025-06-11T09:21:00+05:30,5147.7,5151.5,5145.9,5148.8,804
2025-06-11T09:22:00+05:30,5147.0,5155.0,5147.0,5152.7,539
2025-06-11T09:23:00+05:30,5150.0,5153.0,5147.6,5147.6,369
2025-06-11T09:24:00+05:30,5149.8,5150.6,5132.5,5135.1,1811
2025-06-11T09:25:00+05:30,5133.0,5141.9,5131.2,5136.1,1248
2025-06-11T09:26:00+05:30,5138.7,5143.0,5137.6,5142.0,560
2025-06-11T09:27:00+05:30,5140.6,5140.6,5135.4,5137.6,625
2025-06-11T09:28:00+05:30,5139.9,5145.0,5138.0,5145.0,461
2025-06-11T09:29:00+05:30,5143.2,5143.2,5139.1,5142.0,542
2025-06-11T09:30:00+05:30,5142.0,5144.3,5136.0,5136.0,253
2025-06-11T09:31:00+05:30,5135.0,5137.7,5130.1,5130.1,866
2025-06-11T09:32:00+05:30,5132.0,5140.7,5130.1,5138.1,619
2025-06-11T09:33:00+05:30,5139.2,5140.0,5137.7,5140.0,296
2025-06-11T09:34:00+05:30,5138.8,5138.8,5130.5,5134.6,1177
2025-06-11T09:35:00+05:30,5133.0,5139.6,5133.0,5137.4,222
2025-06-11T09:36:00+05:30,5137.4,5139.4,5135.0,5139.4,981
2025-06-11T09:37:00+05:30,5139.4,5144.0,5135.8,5139.4,909
2025-06-11T09:38:00+05:30,5139.5,5140.9,5136.4,5136.4,707
2025-06-11T09:39:00+05:30,5136.4,5141.2,5131.4,5136.4,1099
2025-06-11T09:40:00+05:30,5135.1,5136.1,5127.2,5129.4,641
2025-06-11T09:41:00+05:30,5129.7,5129.7,5124.0,5126.4,812
2025-06-11T09:42:00+05:30,5126.4,5130.0,5126.4,5126.4,299
2025-06-11T09:43:00+05:30,5126.3,5126.3,5122.2,5124.7,430
2025-06-11T09:44:00+05:30,5125.3,5128.0,5117.5,5117.5,432
2025-06-11T09:45:00+05:30,5117.5,5120.6,5114.0,5120.3,1852
2025-06-11T09:46:00+05:30,5118.2,5124.5,5116.9,5122.6,499
2025-06-11T09:47:00+05:30,5124.0,5136.3,5124.0,5135.6,1523
2025-06-11T09:48:00+05:30,5133.5,5137.8,5130.0,5130.0,788
2025-06-11T09:49:00+05:30,5130.0,5131.5,5128.1,5129.4,125
2025-06-11T09:50:00+05:30,5129.4,5130.5,5126.8,5130.0,623
2025-06-11T09:51:00+05:30,5130.5,5138.0,5130.0,5135.8,387
2025-06-11T09:52:00+05:30,5135.9,5141.7,5135.9,5138.3,284
2025-06-11T09:53:00+05:30,5137.3,5138.3,5133.1,5138.3,345
2025-06-11T09:54:00+05:30,5136.5,5141.3,5136.5,5140.0,243
2025-06-11T09:55:00+05:30,5140.1,5141.7,5138.6,5138.6,680
2025-06-11T09:56:00+05:30,5139.4,5139.4,5137.5,5137.5,94
2025-06-11T09:57:00+05:30,5137.5,5139.1,5136.7,5136.7,186
2025-06-11T09:58:00+05:30,5137.5,5139.7,5136.2,5139.4,148
2025-06-11T09:59:00+05:30,5138.9,5138.9,5128.8,5128.8,355
2025-06-11T10:00:00+05:30,5128.8,5131.2,5128.8,5131.0,352
2025-06-11T10:01:00+05:30,5132.0,5132.0,5130.7,5131.0,104
2025-06-11T10:02:00+05:30,5130.8,5132.0,5129.2,5129.4,159
2025-06-11T10:03:00+05:30,5129.4,5130.9,5125.0,5125.0,174
2025-06-11T10:04:00+05:30,5125.3,5129.7,5125.3,5127.7,206
2025-06-11T10:05:00+05:30,5129.3,5129.4,5127.9,5127.9,118
2025-06-11T10:06:00+05:30,5129.0,5129.0,5125.1,5127.0,317
2025-06-11T10:07:00+05:30,5127.2,5127.2,5124.2,5125.0,884
2025-06-11T10:08:00+05:30,5124.2,5127.0,5122.6,5126.6,415
2025-06-11T10:09:00+05:30,5129.0,5129.0,5126.6,5128.8,48
2025-06-11T10:10:00+05:30,5127.9,5128.8,5125.6,5126.1,182
2025-06-11T10:11:00+05:30,5126.1,5128.6,5125.6,5127.5,108
2025-06-11T10:12:00+05:30,5129.2,5135.4,5125.6,5134.0,824
2025-06-11T10:13:00+05:30,5133.7,5140.1,5133.7,5137.8,594
2025-06-11T10:14:00+05:30,5139.9,5139.9,5130.4,5132.4,412
2025-06-11T10:15:00+05:30,5131.3,5133.6,5130.6,5133.5,260
2025-06-11T10:16:00+05:30,5133.6,5133.6,5133.6,5133.6,75
2025-06-11T10:17:00+05:30,5133.6,5134.9,5130.0,5132.0,307
2025-06-11T10:18:00+05:30,5130.2,5130.2,5129.1,5130.2,206
2025-06-11T10:19:00+05:30,5129.1,5134.8,5129.1,5134.8,442
2025-06-11T10:20:00+05:30,5132.8,5135.4,5132.8,5134.9,188
2025-06-11T10:21:00+05:30,5134.5,5136.6,5132.6,5136.6,319
2025-06-11T10:22:00+05:30,5136.6,5150.0,5136.6,5147.1,2019
2025-06-11T10:23:00+05:30,5145.6,5145.6,5142.2,5142.4,274
2025-06-11T10:24:00+05:30,5142.6,5144.4,5142.2,5142.2,179
2025-06-11T10:25:00+05:30,5144.0,5144.0,5140.9,5142.3,147
2025-06-11T10:26:00+05:30,5142.3,5148.0,5142.3,5147.0,691
2025-06-11T10:27:00+05:30,5147.9,5148.0,5146.2,5146.2,224
2025-06-11T10:28:00+05:30,5144.2,5147.2,5141.2,5143.1,267
2025-06-11T10:29:00+05:30,5141.1,5143.1,5140.3,5141.0,335
2025-06-11T10:30:00+05:30,5141.0,5142.0,5139.7,5142.0,813
2025-06-11T10:31:00+05:30,5139.8,5139.8,5138.1,5139.8,244
2025-06-11T10:32:00+05:30,5138.1,5138.8,5136.5,5136.5,156
2025-06-11T10:33:00+05:30,5138.6,5140.6,5137.1,5137.1,207
2025-06-11T10:34:00+05:30,5136.9,5140.0,5136.2,5140.0,163
2025-06-11T10:35:00+05:30,5139.3,5139.3,5136.6,5138.6,76
2025-06-11T10:36:00+05:30,5136.7,5139.9,5136.6,5137.7,128
2025-06-11T10:37:00+05:30,5137.7,5140.0,5136.2,5140.0,195
2025-06-11T10:38:00+05:30,5140.0,5141.0,5140.0,5141.0,62
2025-06-11T10:39:00+05:30,5140.6,5142.7,5140.2,5141.9,157
2025-06-11T10:40:00+05:30,5142.1,5147.0,5140.9,5146.9,525
2025-06-11T10:41:00+05:30,5143.9,5158.4,5143.7,5155.9,2117
2025-06-11T10:42:00+05:30,5158.1,5160.0,5155.3,5160.0,1109
2025-06-11T10:43:00+05:30,5158.9,5165.0,5158.9,5164.7,650
2025-06-11T10:44:00+05:30,5164.7,5170.0,5162.7,5166.4,3332
2025-06-11T10:45:00+05:30,5165.0,5166.0,5162.6,5164.5,728
2025-06-11T10:46:00+05:30,5163.0,5164.5,5160.0,5162.0,726
2025-06-11T10:47:00+05:30,5162.0,5170.0,5162.0,5166.7,748
2025-06-11T10:48:00+05:30,5168.0,5175.0,5168.0,5175.0,723
2025-06-11T10:49:00+05:30,5175.0,5177.3,5173.2,5177.0,1351
2025-06-11T10:50:00+05:30,5177.0,5177.0,5172.1,5174.0,551
2025-06-11T10:51:00+05:30,5173.0,5174.0,5169.2,5171.3,669
2025-06-11T10:52:00+05:30,5171.0,5172.0,5164.8,5164.8,631
2025-06-11T10:53:00+05:30,5166.1,5173.2,5165.0,5170.2,239
2025-06-11T10:54:00+05:30,5169.4,5171.4,5165.3,5165.3,116
2025-06-11T10:55:00+05:30,5165.3,5170.0,5163.4,5170.0,514
2025-06-11T10:56:00+05:30,5167.7,5170.5,5167.7,5170.4,237
2025-06-11T10:57:00+05:30,5169.7,5173.7,5165.0,5165.6,96273
2025-06-11T10:58:00+05:30,5166.6,5166.6,5158.1,5160.2,1218
2025-06-11T10:59:00+05:30,5160.2,5167.6,5160.2,5166.7,1779
2025-06-11T11:00:00+05:30,5167.0,5170.9,5166.0,5168.9,1078
2025-06-11T11:01:00+05:30,5169.0,5171.3,5165.5,5170.4,1097
2025-06-11T11:02:00+05:30,5170.4,5179.8,5170.4,5179.1,1256
2025-06-11T11:03:00+05:30,5179.8,5185.9,5179.8,5185.0,2159
2025-06-11T11:04:00+05:30,5184.7,5185.8,5178.9,5183.6,922
2025-06-11T11:05:00+05:30,5184.7,5190.0,5184.7,5190.0,2728
2025-06-11T11:06:00+05:30,5189.0,5195.0,5188.0,5192.3,3177
2025-06-11T11:07:00+05:30,5193.5,5199.0,5185.1,5195.8,3550
2025-06-11T11:08:00+05:30,5196.5,5200.9,5195.5,5200.4,2437
2025-06-11T11:09:00+05:30,5200.4,5206.9,5200.0,5206.9,3831
2025-06-11T11:10:00+05:30,5206.0,5206.0,5199.3,5199.4,3479
2025-06-11T11:11:00+05:30,5199.0,5199.0,5193.5,5195.1,694
2025-06-11T11:12:00+05:30,5194.0,5195.1,5192.1,5195.1,357
2025-06-11T11:13:00+05:30,5195.3,5196.0,5189.6,5194.9,2233
2025-06-11T11:14:00+05:30,5193.2,5195.0,5191.8,5192.2,374
2025-06-11T11:15:00+05:30,5191.4,5195.0,5190.8,5195.0,501
2025-06-11T11:16:00+05:30,5195.0,5197.5,5194.1,5197.5,455
2025-06-11T11:17:00+05:30,5197.5,5199.4,5193.3,5193.3,708
2025-06-11T11:18:00+05:30,5193.3,5193.3,5187.5,5189.5,456
2025-06-11T11:19:00+05:30,5189.5,5196.4,5187.5,5195.0,740
2025-06-11T11:20:00+05:30,5195.5,5195.5,5190.6,5192.5,267
2025-06-11T11:21:00+05:30,5192.5,5192.5,5190.4,5190.4,190
2025-06-11T11:22:00+05:30,5190.0,5191.5,5187.6,5188.5,467
2025-06-11T11:23:00+05:30,5188.5,5192.9,5187.7,5191.0,184
2025-06-11T11:24:00+05:30,5191.0,5191.0,5185.7,5186.8,295
2025-06-11T11:25:00+05:30,5186.8,5196.0,5186.1,5195.9,697
2025-06-11T11:26:00+05:30,5194.3,5195.9,5191.5,5192.4,262
2025-06-11T11:27:00+05:30,5192.4,5193.8,5190.1,5190.1,189
2025-06-11T11:28:00+05:30,5191.0,5191.0,5189.0,5189.0,313
2025-06-11T11:29:00+05:30,5189.2,5189.2,5186.0,5186.3,164
2025-06-11T11:30:00+05:30,5186.3,5190.0,5186.1,5188.6,263
2025-06-11T11:31:00+05:30,5188.6,5189.2,5186.0,5189.2,326
2025-06-11T11:32:00+05:30,5189.0,5193.0,5188.4,5191.4,273
2025-06-11T11:33:00+05:30,5193.0,5195.2,5191.5,5192.1,630
2025-06-11T11:34:00+05:30,5192.2,5193.9,5191.9,5192.0,111
2025-06-11T11:35:00+05:30,5192.0,5192.1,5189.0,5190.0,926
2025-06-11T11:36:00+05:30,5192.0,5192.6,5190.7,5191.0,142
2025-06-11T11:37:00+05:30,5191.8,5192.8,5188.1,5188.5,222
2025-06-11T11:38:00+05:30,5190.0,5190.0,5188.5,5188.5,93
2025-06-11T11:39:00+05:30,5189.1,5193.5,5188.5,5193.5,236
2025-06-11T11:40:00+05:30,5193.0,5193.9,5192.0,5193.7,1006
2025-06-11T11:41:00+05:30,5193.7,5193.9,5193.5,5193.5,42
2025-06-11T11:42:00+05:30,5193.8,5194.0,5190.3,5193.0,426
2025-06-11T11:43:00+05:30,5193.0,5193.8,5193.0,5193.8,128
2025-06-11T11:44:00+05:30,5193.8,5195.1,5192.8,5194.6,212
2025-06-11T11:45:00+05:30,5192.8,5192.8,5190.3,5191.8,226
2025-06-11T11:46:00+05:30,5192.0,5192.0,5190.0,5191.0,73
2025-06-11T11:47:00+05:30,5191.0,5191.0,5188.5,5188.5,94
2025-06-11T11:48:00+05:30,5189.8,5189.8,5186.0,5186.2,359
2025-06-11T11:49:00+05:30,5186.2,5189.3,5186.0,5189.3,445
2025-06-11T11:50:00+05:30,5188.0,5190.2,5188.0,5188.4,159
2025-06-11T11:51:00+05:30,5188.6,5188.6,5185.0,5185.0,145
2025-06-11T11:52:00+05:30,5185.8,5186.6,5181.3,5182.3,374
2025-06-11T11:53:00+05:30,5182.4,5185.2,5181.3,5181.3,79
2025-06-11T11:54:00+05:30,5181.3,5181.4,5176.5,5179.5,1217
2025-06-11T11:55:00+05:30,5179.1,5180.0,5176.6,5176.6,352
2025-06-11T11:56:00+05:30,5177.1,5178.7,5177.1,5178.1,207
2025-06-11T11:57:00+05:30,5178.1,5179.0,5176.9,5176.9,177
2025-06-11T11:58:00+05:30,5177.2,5180.4,5177.0,5180.1,1226
2025-06-11T11:59:00+05:30,5181.8,5184.0,5181.8,5182.7,710
2025-06-11T12:00:00+05:30,5182.2,5185.0,5182.2,5184.7,371
2025-06-11T12:01:00+05:30,5183.3,5184.6,5183.2,5183.4,40
2025-06-11T12:02:00+05:30,5183.5,5183.5,5177.9,5177.9,534
2025-06-11T12:03:00+05:30,5178.9,5178.9,5172.5,5172.5,502
2025-06-11T12:04:00+05:30,5174.0,5175.0,5174.0,5174.7,182
2025-06-11T12:05:00+05:30,5174.7,5175.9,5173.6,5175.9,456
2025-06-11T12:06:00+05:30,5176.6,5176.6,5174.0,5175.4,635
2025-06-11T12:07:00+05:30,5175.0,5175.6,5174.6,5174.6,194
2025-06-11T12:08:00+05:30,5174.6,5174.7,5174.6,5174.6,47
2025-06-11T12:09:00+05:30,5174.6,5174.7,5171.7,5171.7,368
2025-06-11T12:10:00+05:30,5172.4,5177.9,5172.4,5176.7,484
2025-06-11T12:11:00+05:30,5176.1,5176.1,5172.4,5174.0,141
2025-06-11T12:12:00+05:30,5174.0,5174.0,5170.1,5170.1,169
2025-06-11T12:13:00+05:30,5170.3,5171.6,5170.2,5170.9,72
2025-06-11T12:14:00+05:30,5170.2,5171.7,5170.1,5170.1,163
2025-06-11T12:15:00+05:30,5170.1,5170.3,5165.1,5165.2,333
2025-06-11T12:16:00+05:30,5165.3,5166.9,5157.4,5158.6,648
2025-06-11T12:17:00+05:30,5158.6,5161.5,5156.1,5160.2,2050
2025-06-11T12:18:00+05:30,5160.2,5160.7,5156.1,5156.1,211
2025-06-11T12:19:00+05:30,5157.7,5157.7,5152.5,5152.5,1211
2025-06-11T12:20:00+05:30,5152.1,5155.9,5145.9,5155.6,1414
2025-06-11T12:21:00+05:30,5155.7,5164.0,5155.7,5162.9,883
2025-06-11T12:22:00+05:30,5163.9,5164.0,5162.7,5162.7,79
2025-06-11T12:23:00+05:30,5163.8,5165.8,5162.8,5165.5,428
2025-06-11T12:24:00+05:30,5163.7,5167.1,5163.6,5165.0,372
2025-06-11T12:25:00+05:30,5165.0,5166.8,5164.1,5166.8,164
2025-06-11T12:26:00+05:30,5165.8,5166.6,5164.3,5164.4,57
2025-06-11T12:27:00+05:30,5164.4,5172.4,5162.0,5171.4,1017
2025-06-11T12:28:00+05:30,5172.9,5172.9,5166.8,5168.5,386
2025-06-11T12:29:00+05:30,5168.5,5169.9,5168.5,5168.6,37
2025-06-11T12:30:00+05:30,5168.5,5168.5,5168.0,5168.5,164
2025-06-11T12:31:00+05:30,5168.0,5170.0,5166.3,5170.0,131
2025-06-11T12:32:00+05:30,5168.5,5168.6,5165.0,5165.0,235
2025-06-11T12:33:00+05:30,5165.3,5166.5,5165.1,5166.5,274
2025-06-11T12:34:00+05:30,5165.4,5166.9,5165.4,5166.4,333
2025-06-11T12:35:00+05:30,5166.4,5166.6,5162.1,5165.9,253
2025-06-11T12:36:00+05:30,5166.9,5170.1,5166.9,5168.1,411
2025-06-11T12:37:00+05:30,5165.0,5168.8,5163.8,5168.8,20424
2025-06-11T12:38:00+05:30,5168.8,5168.8,5167.6,5167.6,20
2025-06-11T12:39:00+05:30,5168.5,5172.0,5168.4,5172.0,210
2025-06-11T12:40:00+05:30,5170.5,5171.0,5164.1,5165.6,274
2025-06-11T12:41:00+05:30,5165.5,5166.1,5164.6,5166.1,89
2025-06-11T12:42:00+05:30,5166.1,5170.0,5166.1,5169.3,464
2025-06-11T12:43:00+05:30,5168.8,5168.8,5168.0,5168.0,79
2025-06-11T12:44:00+05:30,5168.0,5170.0,5167.2,5168.3,504
2025-06-11T12:45:00+05:30,5167.2,5167.2,5164.4,5165.0,162
2025-06-11T12:46:00+05:30,5165.8,5169.8,5165.1,5168.0,320
2025-06-11T12:47:00+05:30,5168.5,5171.5,5167.7,5170.6,562
2025-06-11T12:48:00+05:30,5170.0,5172.0,5170.0,5171.0,250
2025-06-11T12:49:00+05:30,5171.0,5172.0,5171.0,5172.0,461
2025-06-11T12:50:00+05:30,5171.9,5172.0,5170.6,5170.6,50
2025-06-11T12:51:00+05:30,5171.0,5171.9,5166.0,5166.0,362
2025-06-11T12:52:00+05:30,5167.9,5169.1,5166.1,5169.1,109
2025-06-11T12:53:00+05:30,5168.0,5168.8,5168.0,5168.0,18
2025-06-11T12:54:00+05:30,5168.0,5168.5,5167.2,5168.0,339
2025-06-11T12:55:00+05:30,5166.7,5172.3,5164.0,5164.0,1733
2025-06-11T12:56:00+05:30,5163.9,5165.2,5163.7,5165.1,148
2025-06-11T12:57:00+05:30,5165.1,5167.4,5163.9,5167.4,4316
2025-06-11T12:58:00+05:30,5169.5,5170.9,5169.5,5170.9,698
2025-06-11T12:59:00+05:30,5170.9,5170.9,5170.0,5170.6,64
2025-06-11T13:00:00+05:30,5170.6,5172.0,5168.5,5172.0,448
2025-06-11T13:01:00+05:30,5172.0,5172.0,5167.3,5169.5,1817
2025-06-11T13:02:00+05:30,5168.0,5168.4,5165.7,5165.7,404
2025-06-11T13:03:00+05:30,5165.5,5166.4,5163.3,5165.1,198
2025-06-11T13:04:00+05:30,5165.1,5165.4,5164.1,5164.8,97
2025-06-11T13:05:00+05:30,5164.8,5165.4,5163.6,5163.6,193
2025-06-11T13:06:00+05:30,5163.7,5165.4,5163.0,5164.6,151
2025-06-11T13:07:00+05:30,5164.6,5167.2,5163.7,5167.2,261
2025-06-11T13:08:00+05:30,5168.0,5168.0,5163.8,5163.8,314
2025-06-11T13:09:00+05:30,5164.1,5165.1,5164.1,5164.1,57
2025-06-11T13:10:00+05:30,5164.1,5165.1,5163.8,5165.1,309
2025-06-11T13:11:00+05:30,5165.1,5165.1,5163.8,5165.0,17
2025-06-11T13:12:00+05:30,5163.8,5165.1,5163.3,5165.0,402
2025-06-11T13:13:00+05:30,5165.0,5166.3,5162.4,5165.0,997
2025-06-11T13:14:00+05:30,5163.6,5165.1,5163.6,5165.0,258
2025-06-11T13:15:00+05:30,5165.0,5165.1,5163.0,5164.1,315
2025-06-11T13:16:00+05:30,5165.0,5165.0,5163.0,5165.0,261
2025-06-11T13:17:00+05:30,5163.3,5165.1,5163.2,5164.7,260
2025-06-11T13:18:00+05:30,5165.0,5165.1,5163.4,5165.1,78
2025-06-11T13:19:00+05:30,5165.1,5166.3,5164.2,5164.2,368
2025-06-11T13:20:00+05:30,5165.8,5165.8,5163.5,5165.3,489
2025-06-11T13:21:00+05:30,5163.5,5165.3,5162.0,5165.0,408
2025-06-11T13:22:00+05:30,5165.0,5165.7,5160.8,5165.0,1369
2025-06-11T13:23:00+05:30,5165.0,5165.0,5149.9,5154.5,1575
2025-06-11T13:24:00+05:30,5152.9,5152.9,5148.4,5150.0,487
2025-06-11T13:25:00+05:30,5147.9,5152.7,5147.2,5152.7,265
2025-06-11T13:26:00+05:30,5152.7,5152.7,5145.0,5147.3,194
2025-06-11T13:27:00+05:30,5145.3,5148.0,5144.7,5148.0,635
2025-06-11T13:28:00+05:30,5147.9,5149.8,5146.2,5146.2,272
2025-06-11T13:29:00+05:30,5146.2,5147.8,5142.0,5142.5,339
2025-06-11T13:30:00+05:30,5144.8,5146.7,5141.7,5146.3,703
2025-06-11T13:31:00+05:30,5146.3,5149.8,5139.9,5143.1,6619
2025-06-11T13:32:00+05:30,5143.0,5145.0,5142.9,5145.0,584
2025-06-11T13:33:00+05:30,5144.0,5147.0,5140.0,5147.0,4591
2025-06-11T13:34:00+05:30,5147.0,5149.3,5147.0,5147.8,575
2025-06-11T13:35:00+05:30,5147.5,5152.1,5147.2,5151.2,190
2025-06-11T13:36:00+05:30,5151.5,5155.5,5151.5,5153.8,80
2025-06-11T13:37:00+05:30,5155.2,5155.2,5151.3,5151.3,684
2025-06-11T13:38:00+05:30,5151.3,5151.6,5149.5,5150.0,200
2025-06-11T13:39:00+05:30,5150.1,5150.2,5147.1,5150.0,939
2025-06-11T13:40:00+05:30,5149.6,5154.6,5147.9,5153.6,251
2025-06-11T13:41:00+05:30,5153.6,5153.9,5150.0,5151.0,160
2025-06-11T13:42:00+05:30,5151.2,5151.2,5147.2,5148.5,696
2025-06-11T13:43:00+05:30,5147.2,5148.5,5141.9,5143.5,570
2025-06-11T13:44:00+05:30,5143.5,5145.0,5139.5,5139.5,327
2025-06-11T13:45:00+05:30,5139.8,5144.0,5138.1,5139.5,412
2025-06-11T13:46:00+05:30,5139.7,5139.7,5130.0,5130.0,1675
2025-06-11T13:47:00+05:30,5131.8,5138.2,5131.8,5133.0,573
2025-06-11T13:48:00+05:30,5134.0,5135.0,5130.1,5135.0,242
2025-06-11T13:49:00+05:30,5136.1,5136.1,5130.1,5133.2,1223
2025-06-11T13:50:00+05:30,5131.9,5137.0,5131.9,5136.0,848
2025-06-11T13:51:00+05:30,5136.0,5137.0,5131.7,5133.2,1101
2025-06-11T13:52:00+05:30,5132.1,5133.1,5128.4,5128.6,774
2025-06-11T13:53:00+05:30,5129.4,5132.4,5126.0,5126.9,897
2025-06-11T13:54:00+05:30,5128.9,5128.9,5126.0,5126.0,437
2025-06-11T13:55:00+05:30,5126.5,5137.0,5126.5,5136.4,394
2025-06-11T13:56:00+05:30,5137.4,5145.0,5137.4,5140.9,1100
2025-06-11T13:57:00+05:30,5140.9,5147.4,5139.7,5142.2,1420
2025-06-11T13:58:00+05:30,5142.9,5142.9,5140.0,5140.0,219
2025-06-11T13:59:00+05:30,5140.0,5142.0,5138.2,5138.2,790
2025-06-11T14:00:00+05:30,5137.2,5138.4,5133.0,5134.9,209
2025-06-11T14:01:00+05:30,5133.0,5133.0,5127.7,5129.6,158
2025-06-11T14:02:00+05:30,5128.6,5130.5,5120.0,5120.0,6254
2025-06-11T14:03:00+05:30,5119.7,5122.6,5116.1,5122.6,152
2025-06-11T14:04:00+05:30,5124.9,5128.2,5121.1,5126.1,1040
2025-06-11T14:05:00+05:30,5126.1,5128.0,5121.5,5123.0,369
2025-06-11T14:06:00+05:30,5120.3,5122.3,5120.3,5122.0,112
2025-06-11T14:07:00+05:30,5122.0,5125.7,5121.6,5121.6,424
2025-06-11T14:08:00+05:30,5123.6,5127.0,5121.4,5126.8,697
2025-06-11T14:09:00+05:30,5127.0,5127.0,5123.4,5123.4,326
2025-06-11T14:10:00+05:30,5123.5,5128.1,5123.3,5127.8,211
2025-06-11T14:11:00+05:30,5127.8,5129.9,5124.9,5128.3,166
2025-06-11T14:12:00+05:30,5126.6,5127.0,5126.6,5127.0,203
2025-06-11T14:13:00+05:30,5129.1,5132.0,5128.6,5128.6,474
2025-06-11T14:14:00+05:30,5128.7,5135.3,5128.7,5133.5,137
2025-06-11T14:15:00+05:30,5133.5,5135.1,5130.2,5133.8,342
2025-06-11T14:16:00+05:30,5133.6,5135.3,5131.2,5133.4,134
2025-06-11T14:17:00+05:30,5133.3,5135.6,5132.0,5135.6,753
2025-06-11T14:18:00+05:30,5135.1,5136.8,5133.7,5136.8,135
2025-06-11T14:19:00+05:30,5136.1,5136.1,5134.1,5135.1,293
2025-06-11T14:20:00+05:30,5134.1,5135.2,5134.1,5134.1,105
2025-06-11T14:21:00+05:30,5134.9,5136.0,5134.1,5134.1,357
2025-06-11T14:22:00+05:30,5135.9,5140.0,5135.7,5138.2,390
2025-06-11T14:23:00+05:30,5139.1,5140.0,5138.9,5140.0,471
2025-06-11T14:24:00+05:30,5140.0,5140.0,5136.0,5137.1,407
2025-06-11T14:25:00+05:30,5137.5,5137.5,5135.0,5135.0,226
2025-06-11T14:26:00+05:30,5133.7,5134.8,5131.0,5131.1,120
2025-06-11T14:27:00+05:30,5131.9,5132.0,5128.4,5128.4,186
2025-06-11T14:28:00+05:30,5128.4,5129.9,5126.0,5126.0,233
2025-06-11T14:29:00+05:30,5126.0,5128.6,5126.0,5127.5,454
2025-06-11T14:30:00+05:30,5126.0,5126.7,5126.0,5126.2,64
2025-06-11T14:31:00+05:30,5126.2,5126.2,5125.1,5125.1,160
2025-06-11T14:32:00+05:30,5125.8,5128.6,5125.8,5126.1,293
2025-06-11T14:33:00+05:30,5128.2,5128.2,5126.0,5126.5,201
2025-06-11T14:34:00+05:30,5127.0,5127.0,5126.0,5126.0,90
2025-06-11T14:35:00+05:30,5126.9,5128.6,5126.0,5128.6,116
2025-06-11T14:36:00+05:30,5126.9,5130.8,5126.9,5128.7,410
2025-06-11T14:37:00+05:30,5128.3,5130.1,5127.1,5128.8,178
2025-06-11T14:38:00+05:30,5128.7,5128.7,5122.7,5125.9,875
2025-06-11T14:39:00+05:30,5125.1,5127.6,5124.1,5127.0,882
2025-06-11T14:40:00+05:30,5127.0,5129.0,5124.8,5124.8,272
2025-06-11T14:41:00+05:30,5124.8,5126.0,5121.7,5122.0,188
2025-06-11T14:42:00+05:30,5122.9,5126.2,5122.9,5123.7,279
2025-06-11T14:43:00+05:30,5123.9,5125.6,5122.0,5124.9,499
2025-06-11T14:44:00+05:30,5125.4,5127.9,5125.4,5127.6,109
2025-06-11T14:45:00+05:30,5126.0,5129.0,5126.0,5126.8,93
2025-06-11T14:46:00+05:30,5126.8,5126.8,5124.5,5125.7,363
2025-06-11T14:47:00+05:30,5125.9,5127.5,5125.8,5127.3,192
2025-06-11T14:48:00+05:30,5127.4,5129.1,5127.3,5128.2,221
2025-06-11T14:49:00+05:30,5128.1,5129.0,5127.4,5128.6,267
2025-06-11T14:50:00+05:30,5128.6,5135.5,5128.5,5130.6,1393
2025-06-11T14:51:00+05:30,5130.8,5132.3,5130.8,5132.2,319
2025-06-11T14:52:00+05:30,5130.2,5131.4,5129.5,5129.7,104
2025-06-11T14:53:00+05:30,5130.5,5133.5,5130.0,5133.2,205
2025-06-11T14:54:00+05:30,5133.2,5133.2,5132.1,5132.2,118
2025-06-11T14:55:00+05:30,5133.1,5135.7,5132.6,5133.1,807
2025-06-11T14:56:00+05:30,5133.1,5133.3,5129.3,5129.3,369
2025-06-11T14:57:00+05:30,5130.2,5130.7,5127.7,5128.6,789
2025-06-11T14:58:00+05:30,5128.6,5129.9,5128.5,5129.3,93
2025-06-11T14:59:00+05:30,5129.3,5129.3,5127.1,5127.2,171
2025-06-11T15:00:00+05:30,5128.4,5128.4,5122.0,5122.3,1545
2025-06-11T15:01:00+05:30,5122.1,5125.4,5122.1,5124.4,1934
2025-06-11T15:02:00+05:30,5124.4,5131.4,5123.4,5130.0,2414
2025-06-11T15:03:00+05:30,5130.6,5131.5,5126.0,5127.5,929
2025-06-11T15:04:00+05:30,5128.2,5131.2,5127.5,5128.5,1084
2025-06-11T15:05:00+05:30,5128.5,5128.8,5122.1,5122.1,733
2025-06-11T15:06:00+05:30,5123.4,5125.1,5121.7,5125.1,1994
2025-06-11T15:07:00+05:30,5125.1,5126.6,5124.2,5124.8,1063
2025-06-11T15:08:00+05:30,5126.0,5127.2,5120.6,5125.0,1363
2025-06-11T15:09:00+05:30,5124.6,5127.2,5123.1,5125.3,2305
2025-06-11T15:10:00+05:30,5125.3,5127.1,5123.9,5124.1,673
2025-06-11T15:11:00+05:30,5124.0,5127.5,5121.6,5125.2,2418
2025-06-11T15:12:00+05:30,5126.1,5126.5,5125.2,5126.2,767
2025-06-11T15:13:00+05:30,5126.5,5129.1,5125.4,5129.1,1320
2025-06-11T15:14:00+05:30,5128.0,5129.4,5127.3,5128.2,1446
2025-06-11T15:15:00+05:30,5128.0,5128.1,5124.8,5124.8,1972
2025-06-11T15:16:00+05:30,5126.4,5126.9,5121.6,5123.5,2448
2025-06-11T15:17:00+05:30,5121.6,5124.1,5120.2,5124.0,2398
2025-06-11T15:18:00+05:30,5124.0,5124.1,5122.6,5122.6,1521
2025-06-11T15:19:00+05:30,5124.1,5124.1,5120.8,5121.9,847
2025-06-11T15:20:00+05:30,5121.8,5122.7,5120.5,5121.6,3805
2025-06-11T15:21:00+05:30,5121.7,5121.7,5121.3,5121.6,1836
2025-06-11T15:22:00+05:30,5121.6,5121.6,5121.3,5121.5,937
2025-06-11T15:23:00+05:30,5121.4,5121.5,5120.3,5120.3,1225
2025-06-11T15:24:00+05:30,5120.9,5120.9,5116.3,5117.9,2051
2025-06-11T15:25:00+05:30,5117.9,5123.3,5116.7,5121.7,3815
2025-06-11T15:26:00+05:30,5122.6,5125.2,5122.3,5125.0,2014
2025-06-11T15:27:00+05:30,5125.0,5125.2,5120.8,5122.6,1700
2025-06-11T15:28:00+05:30,5122.6,5130.0,5122.6,5123.0,3317
2025-06-11T15:29:00+05:30,5126.1,5130.0,5112.0,5130.0,1107
2025-06-12T09:15:00+05:30,5119.0,5123.8,5085.1,5113.9,1331
2025-06-12T09:16:00+05:30,5114.0,5120.4,5106.1,5110.8,685
2025-06-12T09:17:00+05:30,5112.8,5129.9,5112.4,5124.1,1045
2025-06-12T09:18:00+05:30,5124.6,5138.2,5124.0,5137.2,1436
2025-06-12T09:19:00+05:30,5135.1,5140.0,5129.3,5130.0,1879
2025-06-12T09:20:00+05:30,5130.0,5130.0,5120.0,5129.8,938
2025-06-12T09:21:00+05:30,5130.0,5130.0,5125.4,5128.0,834
2025-06-12T09:22:00+05:30,5126.1,5131.2,5117.7,5119.6,359
2025-06-12T09:23:00+05:30,5119.6,5124.5,5115.3,5124.5,424
2025-06-12T09:24:00+05:30,5122.5,5125.6,5120.8,5125.6,420
2025-06-12T09:25:00+05:30,5125.0,5127.3,5120.4,5120.4,484
2025-06-12T09:26:00+05:30,5120.0,5121.7,5120.0,5121.7,181
2025-06-12T09:27:00+05:30,5121.7,5126.8,5118.0,5126.8,473
2025-06-12T09:28:00+05:30,5124.3,5127.5,5119.1,5120.4,1289
2025-06-12T09:29:00+05:30,5123.0,5123.3,5117.6,5119.9,377
2025-06-12T09:30:00+05:30,5118.1,5123.1,5118.0,5119.9,476
2025-06-12T09:31:00+05:30,5118.1,5120.0,5118.1,5118.4,136
2025-06-12T09:32:00+05:30,5118.4,5124.9,5118.4,5120.0,240
2025-06-12T09:33:00+05:30,5118.9,5129.9,5118.9,5129.7,508
2025-06-12T09:34:00+05:30,5128.0,5133.9,5127.9,5130.5,401
2025-06-12T09:35:00+05:30,5128.5,5130.4,5125.2,5125.9,134
2025-06-12T09:36:00+05:30,5125.9,5127.9,5123.2,5125.2,211
2025-06-12T09:37:00+05:30,5128.6,5128.7,5125.9,5127.7,99
2025-06-12T09:38:00+05:30,5127.7,5130.5,5127.7,5130.5,197
2025-06-12T09:39:00+05:30,5129.2,5129.2,5128.0,5128.0,228
2025-06-12T09:40:00+05:30,5128.0,5128.0,5121.7,5123.0,295
2025-06-12T09:41:00+05:30,5123.0,5123.0,5118.0,5118.0,1171
2025-06-12T09:42:00+05:30,5118.1,5121.0,5117.0,5117.0,290
2025-06-12T09:43:00+05:30,5115.0,5117.0,5110.0,5111.2,242
2025-06-12T09:44:00+05:30,5111.2,5111.2,5101.0,5106.0,1025
2025-06-12T09:45:00+05:30,5104.5,5109.6,5104.5,5105.3,514
2025-06-12T09:46:00+05:30,5106.0,5107.7,5105.0,5106.8,422
2025-06-12T09:47:00+05:30,5108.8,5111.7,5105.4,5111.6,300
2025-06-12T09:48:00+05:30,5111.8,5111.8,5108.5,5108.5,153
2025-06-12T09:49:00+05:30,5110.7,5112.0,5110.2,5112.0,101
2025-06-12T09:50:00+05:30,5112.1,5116.2,5112.0,5115.6,91
2025-06-12T09:51:00+05:30,5118.0,5140.0,5117.9,5130.8,6586
2025-06-12T09:52:00+05:30,5130.8,5136.0,5129.0,5129.0,260
2025-06-12T09:53:00+05:30,5130.6,5130.6,5125.3,5129.4,192
2025-06-12T09:54:00+05:30,5131.0,5131.0,5115.7,5115.7,1498
2025-06-12T09:55:00+05:30,5117.0,5117.1,5113.0,5117.1,559
2025-06-12T09:56:00+05:30,5117.1,5119.0,5115.1,5116.0,553
2025-06-12T09:57:00+05:30,5115.2,5117.7,5113.0,5114.2,220
2025-06-12T09:58:00+05:30,5114.3,5114.3,5113.0,5113.0,96
2025-06-12T09:59:00+05:30,5111.7,5115.3,5110.2,5111.7,217
2025-06-12T10:00:00+05:30,5112.0,5115.1,5105.0,5107.1,836
2025-06-12T10:01:00+05:30,5105.1,5112.4,5105.1,5108.0,327
2025-06-12T10:02:00+05:30,5107.6,5114.7,5107.0,5107.0,317
2025-06-12T10:03:00+05:30,5109.1,5110.0,5105.0,5105.0,199
2025-06-12T10:04:00+05:30,5105.0,5106.4,5105.0,5105.5,19
2025-06-12T10:05:00+05:30,5105.5,5107.1,5104.5,5107.1,270
2025-06-12T10:06:00+05:30,5108.0,5113.8,5106.4,5107.7,309
2025-06-12T10:07:00+05:30,5109.3,5117.8,5109.1,5114.7,227
2025-06-12T10:08:00+05:30,5117.0,5117.0,5111.0,5111.0,63
2025-06-12T10:09:00+05:30,5112.8,5118.2,5111.0,5113.3,292
2025-06-12T10:10:00+05:30,5114.8,5115.0,5113.4,5114.9,81
2025-06-12T10:11:00+05:30,5117.2,5132.8,5112.6,5130.0,2693
2025-06-12T10:12:00+05:30,5130.0,5130.0,5123.3,5124.0,1586
2025-06-12T10:13:00+05:30,5125.6,5125.8,5120.7,5122.2,123
2025-06-12T10:14:00+05:30,5123.7,5128.7,5123.7,5127.2,261
2025-06-12T10:15:00+05:30,5127.3,5128.2,5125.0,5125.0,90
2025-06-12T10:16:00+05:30,5125.0,5128.0,5121.3,5127.9,263
2025-06-12T10:17:00+05:30,5125.9,5125.9,5117.3,5117.3,178
2025-06-12T10:18:00+05:30,5117.3,5120.8,5117.3,5118.6,112
2025-06-12T10:19:00+05:30,5120.0,5120.0,5118.5,5118.5,27
2025-06-12T10:20:00+05:30,5119.9,5120.0,5115.0,5115.0,402
2025-06-12T10:21:00+05:30,5115.0,5116.6,5111.3,5111.3,162
2025-06-12T10:22:00+05:30,5112.8,5112.8,5111.0,5111.9,73
2025-06-12T10:23:00+05:30,5111.0,5115.0,5111.0,5115.0,280
2025-06-12T10:24:00+05:30,5115.0,5116.6,5113.5,5116.6,86
2025-06-12T10:25:00+05:30,5118.5,5119.7,5116.5,5118.4,14
2025-06-12T10:26:00+05:30,5119.6,5121.5,5118.4,5119.6,43
2025-06-12T10:27:00+05:30,5121.6,5122.1,5116.7,5116.7,352
2025-06-12T10:28:00+05:30,5119.0,5119.0,5115.7,5116.4,24
2025-06-12T10:29:00+05:30,5117.7,5120.0,5113.1,5120.0,432
2025-06-12T10:30:00+05:30,5123.6,5124.0,5122.0,5123.5,76
2025-06-12T10:31:00+05:30,5124.0,5126.9,5121.2,5122.7,3325
2025-06-12T10:32:00+05:30,5122.7,5124.0,5103.0,5106.2,6699
2025-06-12T10:33:00+05:30,5106.6,5107.2,5101.3,5103.0,496
2025-06-12T10:34:00+05:30,5102.5,5104.1,5094.0,5094.0,1361
2025-06-12T10:35:00+05:30,5093.8,5099.0,5089.8,5097.6,1954
2025-06-12T10:36:00+05:30,5097.6,5100.0,5097.5,5099.0,163
2025-06-12T10:37:00+05:30,5099.1,5102.3,5097.6,5097.6,400
2025-06-12T10:38:00+05:30,5099.0,5102.6,5097.6,5102.6,232
2025-06-12T10:39:00+05:30,5102.0,5103.6,5097.5,5099.6,339
2025-06-12T10:40:00+05:30,5099.6,5101.5,5097.2,5097.2,130
2025-06-12T10:41:00+05:30,5098.5,5098.6,5096.2,5096.5,42
2025-06-12T10:42:00+05:30,5098.5,5098.5,5096.1,5098.0,71
2025-06-12T10:43:00+05:30,5096.1,5097.8,5090.1,5090.4,1503
2025-06-12T10:44:00+05:30,5090.4,5095.1,5086.0,5093.1,1979
2025-06-12T10:45:00+05:30,5090.7,5099.5,5090.5,5095.5,1213
2025-06-12T10:46:00+05:30,5097.0,5100.0,5095.2,5095.8,726
2025-06-12T10:47:00+05:30,5097.3,5097.4,5092.4,5094.6,492
2025-06-12T10:48:00+05:30,5094.2,5098.1,5092.5,5096.2,223
2025-06-12T10:49:00+05:30,5097.9,5098.2,5094.5,5095.1,310
2025-06-12T10:50:00+05:30,5095.1,5096.6,5093.2,5094.2,291
2025-06-12T10:51:00+05:30,5095.9,5095.9,5094.0,5094.2,16
2025-06-12T10:52:00+05:30,5095.3,5098.3,5095.3,5095.3,136
2025-06-12T10:53:00+05:30,5096.7,5099.1,5095.3,5096.1,191
2025-06-12T10:54:00+05:30,5096.1,5096.8,5095.3,5095.7,240
2025-06-12T10:55:00+05:30,5096.7,5096.7,5085.1,5087.4,2678
2025-06-12T10:56:00+05:30,5086.9,5086.9,5073.0,5073.8,8097
2025-06-12T10:57:00+05:30,5073.0,5078.5,5066.1,5067.5,7266
2025-06-12T10:58:00+05:30,5069.0,5070.0,5065.0,5065.0,7249
2025-06-12T10:59:00+05:30,5066.3,5077.3,5060.4,5077.3,4558
2025-06-12T11:00:00+05:30,5080.8,5082.4,5077.1,5077.9,805
2025-06-12T11:01:00+05:30,5078.6,5083.7,5078.3,5080.1,103
2025-06-12T11:02:00+05:30,5081.7,5081.7,5079.7,5080.9,65
2025-06-12T11:03:00+05:30,5080.9,5083.8,5076.8,5083.1,748
2025-06-12T11:04:00+05:30,5083.1,5083.1,5073.6,5082.0,4796
2025-06-12T11:05:00+05:30,5082.8,5083.9,5081.2,5081.2,204
2025-06-12T11:06:00+05:30,5083.0,5085.5,5081.5,5083.3,212
2025-06-12T11:07:00+05:30,5082.6,5094.0,5082.0,5094.0,915
2025-06-12T11:08:00+05:30,5092.0,5095.0,5089.9,5090.6,1187
2025-06-12T11:09:00+05:30,5089.2,5091.8,5083.0,5083.0,1954
2025-06-12T11:10:00+05:30,5082.7,5084.7,5075.0,5081.5,5844
2025-06-12T11:11:00+05:30,5083.2,5083.2,5081.6,5081.8,26
2025-06-12T11:12:00+05:30,5082.2,5082.2,5075.2,5078.0,1095
2025-06-12T11:13:00+05:30,5079.2,5082.2,5076.6,5076.6,65
2025-06-12T11:14:00+05:30,5078.3,5081.4,5075.2,5075.8,387
2025-06-12T11:15:00+05:30,5076.1,5080.5,5073.1,5073.3,489
2025-06-12T11:16:00+05:30,5076.2,5076.8,5073.7,5076.0,359
2025-06-12T11:17:00+05:30,5076.8,5083.0,5076.8,5081.5,467
2025-06-12T11:18:00+05:30,5083.4,5085.2,5081.1,5083.0,86
2025-06-12T11:19:00+05:30,5084.5,5084.9,5083.2,5084.9,54
2025-06-12T11:20:00+05:30,5084.9,5087.3,5080.2,5082.6,1076
2025-06-12T11:21:00+05:30,5083.1,5085.7,5081.0,5085.1,42
2025-06-12T11:22:00+05:30,5085.6,5092.4,5085.6,5089.3,322
2025-06-12T11:23:00+05:30,5091.7,5091.7,5085.1,5088.3,691
2025-06-12T11:24:00+05:30,5087.1,5092.7,5087.1,5090.7,1183
2025-06-12T11:25:00+05:30,5090.3,5096.4,5088.0,5089.7,3059
2025-06-12T11:26:00+05:30,5090.5,5092.5,5090.5,5091.7,381
2025-06-12T11:27:00+05:30,5093.5,5093.8,5088.1,5090.7,1466
2025-06-12T11:28:00+05:30,5090.1,5092.5,5090.1,5092.4,58
2025-06-12T11:29:00+05:30,5092.4,5094.0,5090.4,5091.3,249
2025-06-12T11:30:00+05:30,5092.3,5092.3,5085.1,5086.3,363
2025-06-12T11:31:00+05:30,5088.0,5091.3,5086.0,5089.3,118
2025-06-12T11:32:00+05:30,5091.4,5091.6,5086.6,5086.7,217
2025-06-12T11:33:00+05:30,5086.7,5086.7,5086.2,5086.2,38
2025-06-12T11:34:00+05:30,5086.6,5088.1,5085.2,5085.2,98
2025-06-12T11:35:00+05:30,5086.2,5086.8,5085.2,5085.3,73
2025-06-12T11:36:00+05:30,5085.3,5089.6,5080.0,5089.6,1680
2025-06-12T11:37:00+05:30,5089.5,5092.2,5087.1,5088.6,1209
2025-06-12T11:38:00+05:30,5088.5,5092.0,5086.6,5088.0,810
2025-06-12T11:39:00+05:30,5088.0,5090.8,5081.3,5089.2,1172
2025-06-12T11:40:00+05:30,5088.9,5089.0,5080.8,5080.8,123
2025-06-12T11:41:00+05:30,5082.3,5084.0,5081.4,5082.9,122
2025-06-12T11:42:00+05:30,5084.0,5090.0,5081.0,5083.0,1445
2025-06-12T11:43:00+05:30,5082.9,5088.4,5082.4,5087.1,41
2025-06-12T11:44:00+05:30,5088.0,5092.0,5087.0,5090.7,653
2025-06-12T11:45:00+05:30,5090.0,5090.0,5085.2,5086.3,48
2025-06-12T11:46:00+05:30,5085.9,5087.1,5085.5,5085.5,40
2025-06-12T11:47:00+05:30,5087.1,5087.9,5083.8,5084.5,505
2025-06-12T11:48:00+05:30,5086.0,5087.5,5083.0,5085.4,392
2025-06-12T11:49:00+05:30,5087.5,5087.7,5085.8,5085.8,22
2025-06-12T11:50:00+05:30,5087.4,5087.4,5084.4,5084.4,250
2025-06-12T11:51:00+05:30,5082.2,5087.9,5082.2,5087.9,85
2025-06-12T11:52:00+05:30,5087.7,5089.3,5084.5,5086.3,349
2025-06-12T11:53:00+05:30,5086.3,5086.3,5083.8,5083.9,34
2025-06-12T11:54:00+05:30,5084.1,5087.9,5081.4,5082.8,608
2025-06-12T11:55:00+05:30,5084.6,5084.6,5082.8,5082.8,37
2025-06-12T11:56:00+05:30,5083.7,5083.7,5081.6,5081.6,38
2025-06-12T11:57:00+05:30,5082.6,5082.6,5076.7,5077.2,249
2025-06-12T11:58:00+05:30,5077.5,5083.9,5077.5,5078.0,571
2025-06-12T11:59:00+05:30,5077.2,5078.0,5076.0,5076.0,84
2025-06-12T12:00:00+05:30,5076.0,5076.5,5073.2,5073.2,141
2025-06-12T12:01:00+05:30,5073.5,5078.0,5073.2,5078.0,155
2025-06-12T12:02:00+05:30,5078.0,5078.0,5075.3,5075.3,22
2025-06-12T12:03:00+05:30,5075.1,5080.1,5074.9,5076.7,292
2025-06-12T12:04:00+05:30,5078.8,5080.4,5071.0,5074.3,758
2025-06-12T12:05:00+05:30,5074.5,5074.5,5072.2,5073.1,28
2025-06-12T12:06:00+05:30,5073.7,5076.8,5071.1,5072.2,268
2025-06-12T12:07:00+05:30,5071.6,5074.4,5071.6,5072.9,112
2025-06-12T12:08:00+05:30,5074.3,5077.0,5072.9,5075.1,246
2025-06-12T12:09:00+05:30,5074.6,5077.0,5073.1,5073.7,300
2025-06-12T12:10:00+05:30,5073.7,5075.0,5070.2,5070.2,806
2025-06-12T12:11:00+05:30,5070.1,5070.1,5065.7,5069.5,250
2025-06-12T12:12:00+05:30,5069.5,5072.2,5055.6,5064.5,9558
2025-06-12T12:13:00+05:30,5062.9,5065.1,5059.2,5062.9,667
2025-06-12T12:14:00+05:30,5064.5,5071.3,5063.3,5069.1,178
2025-06-12T12:15:00+05:30,5069.1,5071.8,5069.1,5069.5,127
2025-06-12T12:16:00+05:30,5069.5,5071.2,5069.5,5069.8,42
2025-06-12T12:17:00+05:30,5069.8,5071.5,5069.3,5071.0,148
2025-06-12T12:18:00+05:30,5071.5,5072.0,5070.0,5071.9,140
2025-06-12T12:19:00+05:30,5070.2,5071.5,5069.3,5069.3,144
2025-06-12T12:20:00+05:30,5069.9,5071.0,5067.5,5069.0,256
2025-06-12T12:21:00+05:30,5069.0,5071.4,5067.9,5069.2,440
2025-06-12T12:22:00+05:30,5071.0,5077.0,5070.1,5074.0,1205
2025-06-12T12:23:00+05:30,5075.2,5076.9,5071.6,5075.9,514
2025-06-12T12:24:00+05:30,5075.6,5077.0,5070.4,5073.2,738
2025-06-12T12:25:00+05:30,5075.0,5075.0,5071.9,5074.2,517
2025-06-12T12:26:00+05:30,5074.4,5074.4,5066.1,5068.4,2255
2025-06-12T12:27:00+05:30,5068.4,5072.0,5067.1,5070.6,427
2025-06-12T12:28:00+05:30,5072.0,5074.1,5059.9,5062.7,9681
2025-06-12T12:29:00+05:30,5062.5,5076.2,5060.0,5074.5,8203
2025-06-12T12:30:00+05:30,5076.2,5077.9,5073.6,5077.9,1223
2025-06-12T12:31:00+05:30,5077.9,5084.5,5075.9,5083.2,770
2025-06-12T12:32:00+05:30,5084.5,5084.5,5079.7,5079.7,50
2025-06-12T12:33:00+05:30,5081.6,5085.0,5081.2,5084.9,190
2025-06-12T12:34:00+05:30,5085.0,5090.1,5084.1,5087.2,524
2025-06-12T12:35:00+05:30,5087.2,5092.3,5083.6,5089.5,2619
2025-06-12T12:36:00+05:30,5091.2,5092.0,5086.3,5086.6,317
2025-06-12T12:37:00+05:30,5088.3,5089.5,5085.3,5085.3,223
2025-06-12T12:38:00+05:30,5089.7,5090.2,5087.7,5090.2,240
2025-06-12T12:39:00+05:30,5091.4,5091.4,5083.4,5089.0,1137
2025-06-12T12:40:00+05:30,5086.7,5089.0,5085.6,5085.6,356
2025-06-12T12:41:00+05:30,5085.6,5089.1,5085.6,5088.4,689
2025-06-12T12:42:00+05:30,5086.5,5088.9,5086.5,5086.8,28
2025-06-12T12:43:00+05:30,5086.8,5094.5,5086.1,5091.1,940
2025-06-12T12:44:00+05:30,5092.9,5095.0,5090.5,5094.3,649
2025-06-12T12:45:00+05:30,5094.3,5095.0,5090.6,5092.9,932
2025-06-12T12:46:00+05:30,5092.9,5092.9,5091.0,5091.0,22
2025-06-12T12:47:00+05:30,5092.4,5092.6,5090.8,5091.0,33
2025-06-12T12:48:00+05:30,5092.6,5094.0,5090.0,5090.0,397
2025-06-12T12:49:00+05:30,5091.8,5091.8,5090.3,5091.2,21
2025-06-12T12:50:00+05:30,5091.2,5091.8,5089.9,5089.9,40
2025-06-12T12:51:00+05:30,5089.9,5095.0,5089.8,5092.1,1163
2025-06-12T12:52:00+05:30,5094.8,5095.0,5091.0,5091.8,501
2025-06-12T12:53:00+05:30,5092.2,5095.0,5086.8,5089.2,2062
2025-06-12T12:54:00+05:30,5091.7,5094.0,5087.8,5094.0,1300
2025-06-12T12:55:00+05:30,5094.0,5094.2,5089.3,5089.8,394
2025-06-12T12:56:00+05:30,5092.1,5092.1,5089.2,5089.2,23
2025-06-12T12:57:00+05:30,5090.0,5090.0,5082.2,5084.7,830
2025-06-12T12:58:00+05:30,5085.4,5085.4,5084.1,5084.3,36
2025-06-12T12:59:00+05:30,5085.4,5085.4,5080.7,5081.3,288
2025-06-12T13:00:00+05:30,5081.5,5083.3,5078.9,5080.4,102
2025-06-12T13:01:00+05:30,5083.6,5085.4,5080.5,5081.1,385
2025-06-12T13:02:00+05:30,5083.4,5085.1,5081.1,5082.2,777
2025-06-12T13:03:00+05:30,5085.2,5085.3,5081.0,5083.5,180
2025-06-12T13:04:00+05:30,5081.1,5089.4,5080.6,5087.6,330
2025-06-12T13:05:00+05:30,5085.1,5095.0,5084.1,5094.9,5094
2025-06-12T13:06:00+05:30,5092.9,5095.0,5089.7,5089.9,341
2025-06-12T13:07:00+05:30,5091.0,5091.0,5086.6,5089.0,287
2025-06-12T13:08:00+05:30,5089.1,5092.8,5087.8,5088.3,352
2025-06-12T13:09:00+05:30,5092.3,5093.4,5089.1,5089.1,209
2025-06-12T13:10:00+05:30,5089.6,5091.8,5089.2,5091.1,83
2025-06-12T13:11:00+05:30,5091.1,5095.0,5089.7,5091.8,791
2025-06-12T13:12:00+05:30,5092.7,5092.7,5089.3,5091.0,194
2025-06-12T13:13:00+05:30,5092.5,5093.8,5089.5,5089.6,212
2025-06-12T13:14:00+05:30,5091.2,5093.3,5089.5,5090.4,564
2025-06-12T13:15:00+05:30,5092.4,5093.9,5090.4,5091.8,25
2025-06-12T13:16:00+05:30,5093.7,5093.7,5090.1,5090.9,102
2025-06-12T13:17:00+05:30,5094.0,5094.1,5090.2,5090.8,352
2025-06-12T13:18:00+05:30,5093.1,5093.1,5090.7,5090.7,30
2025-06-12T13:19:00+05:30,5090.9,5090.9,5090.0,5090.0,78
2025-06-12T13:20:00+05:30,5090.9,5090.9,5090.0,5090.0,22
2025-06-12T13:21:00+05:30,5090.6,5094.8,5086.8,5089.4,256
2025-06-12T13:22:00+05:30,5087.5,5089.4,5086.0,5086.0,67
2025-06-12T13:23:00+05:30,5086.0,5090.4,5085.9,5085.9,72
2025-06-12T13:24:00+05:30,5085.9,5088.0,5085.0,5085.8,223
2025-06-12T13:25:00+05:30,5087.4,5092.2,5087.0,5088.0,490
2025-06-12T13:26:00+05:30,5089.7,5089.7,5087.0,5087.0,215
2025-06-12T13:27:00+05:30,5087.0,5087.0,5079.2,5084.4,725
2025-06-12T13:28:00+05:30,5081.2,5084.5,5079.2,5079.2,718
2025-06-12T13:29:00+05:30,5079.6,5081.0,5075.6,5079.2,440
2025-06-12T13:30:00+05:30,5079.2,5080.1,5078.0,5078.7,91
2025-06-12T13:31:00+05:30,5078.7,5078.7,5075.2,5075.2,284
2025-06-12T13:32:00+05:30,5076.9,5076.9,5070.3,5075.5,212
2025-06-12T13:33:00+05:30,5075.1,5076.8,5070.0,5071.8,287
2025-06-12T13:34:00+05:30,5074.0,5074.0,5068.5,5070.0,371
2025-06-12T13:35:00+05:30,5071.4,5072.6,5068.7,5072.2,119
2025-06-12T13:36:00+05:30,5072.3,5072.9,5072.2,5072.9,112
2025-06-12T13:37:00+05:30,5072.9,5072.9,5069.8,5070.6,388
2025-06-12T13:38:00+05:30,5071.8,5072.8,5069.8,5071.0,240
2025-06-12T13:39:00+05:30,5072.8,5072.8,5070.1,5070.1,21
2025-06-12T13:40:00+05:30,5070.0,5070.1,5066.8,5066.9,53
2025-06-12T13:41:00+05:30,5067.9,5069.8,5063.8,5065.8,279
2025-06-12T13:42:00+05:30,5065.0,5067.8,5062.8,5062.8,452
2025-06-12T13:43:00+05:30,5064.3,5067.4,5060.8,5061.9,555
2025-06-12T13:44:00+05:30,5061.1,5064.5,5056.0,5056.0,806
2025-06-12T13:45:00+05:30,5059.1,5061.7,5055.4,5058.6,824
2025-06-12T13:46:00+05:30,5058.1,5063.1,5058.1,5059.8,244
2025-06-12T13:47:00+05:30,5060.1,5062.2,5058.0,5059.0,161
2025-06-12T13:48:00+05:30,5059.0,5061.6,5058.1,5058.2,378
2025-06-12T13:49:00+05:30,5058.3,5062.8,5056.8,5056.8,658
2025-06-12T13:50:00+05:30,5059.3,5059.3,5055.5,5055.9,80
2025-06-12T13:51:00+05:30,5058.1,5062.5,5058.1,5059.6,207
2025-06-12T13:52:00+05:30,5060.8,5060.8,5059.0,5059.1,57
2025-06-12T13:53:00+05:30,5060.3,5063.2,5059.1,5059.1,125
2025-06-12T13:54:00+05:30,5059.9,5063.2,5059.1,5060.0,200
2025-06-12T13:55:00+05:30,5061.1,5067.0,5053.8,5055.5,1510
2025-06-12T13:56:00+05:30,5057.9,5060.0,5056.4,5059.3,1499
2025-06-12T13:57:00+05:30,5058.1,5058.2,5052.0,5054.1,626
2025-06-12T13:58:00+05:30,5052.0,5058.0,5051.5,5053.1,953
2025-06-12T13:59:00+05:30,5056.5,5059.9,5052.3,5058.8,406
2025-06-12T14:00:00+05:30,5060.0,5060.0,5055.0,5055.0,1882
2025-06-12T14:01:00+05:30,5056.2,5056.5,5052.2,5052.4,166
2025-06-12T14:02:00+05:30,5052.4,5058.5,5050.7,5053.2,604
2025-06-12T14:03:00+05:30,5053.2,5055.7,5053.2,5053.8,33
2025-06-12T14:04:00+05:30,5053.8,5053.8,5050.0,5050.4,219
2025-06-12T14:05:00+05:30,5052.0,5053.8,5045.7,5045.7,1061
2025-06-12T14:06:00+05:30,5045.7,5045.7,5042.0,5045.2,1146
2025-06-12T14:07:00+05:30,5045.4,5047.7,5042.0,5043.4,409
2025-06-12T14:08:00+05:30,5043.3,5045.6,5032.1,5032.1,919
2025-06-12T14:09:00+05:30,5032.1,5037.7,5031.4,5034.1,1024
2025-06-12T14:10:00+05:30,5035.9,5039.1,5035.0,5035.4,378
2025-06-12T14:11:00+05:30,5037.7,5045.0,5036.6,5042.1,319
2025-06-12T14:12:00+05:30,5044.6,5044.6,5037.7,5043.6,612
2025-06-12T14:13:00+05:30,5040.2,5045.9,5040.2,5043.1,196
2025-06-12T14:14:00+05:30,5046.0,5046.0,5040.1,5043.0,671
2025-06-12T14:15:00+05:30,5046.0,5046.0,5042.7,5042.8,50
2025-06-12T14:16:00+05:30,5044.6,5049.2,5043.4,5048.9,243
2025-06-12T14:17:00+05:30,5048.9,5055.3,5047.2,5052.1,831
2025-06-12T14:18:00+05:30,5052.9,5055.2,5047.3,5051.6,112
2025-06-12T14:19:00+05:30,5051.0,5055.2,5047.0,5049.1,662
2025-06-12T14:20:00+05:30,5049.3,5055.7,5048.8,5053.6,334
2025-06-12T14:21:00+05:30,5055.7,5059.4,5051.4,5053.2,428
2025-06-12T14:22:00+05:30,5055.4,5059.9,5055.0,5057.0,362
2025-06-12T14:23:00+05:30,5057.1,5058.8,5053.8,5054.4,483
2025-06-12T14:24:00+05:30,5054.3,5056.8,5051.0,5054.2,226
2025-06-12T14:25:00+05:30,5054.7,5057.2,5050.4,5050.4,390
2025-06-12T14:26:00+05:30,5048.0,5053.9,5047.0,5047.0,586
2025-06-12T14:27:00+05:30,5048.8,5048.8,5047.8,5047.8,16
2025-06-12T14:28:00+05:30,5047.8,5047.8,5035.9,5040.2,3347
2025-06-12T14:29:00+05:30,5038.2,5043.7,5038.1,5043.7,362
2025-06-12T14:30:00+05:30,5042.0,5049.9,5041.0,5043.1,1211
2025-06-12T14:31:00+05:30,5043.0,5050.9,5040.1,5047.8,862
2025-06-12T14:32:00+05:30,5049.9,5049.9,5039.3,5045.7,3684
2025-06-12T14:33:00+05:30,5047.0,5054.5,5041.7,5054.5,6223
2025-06-12T14:34:00+05:30,5054.5,5056.0,5050.9,5053.4,537
2025-06-12T14:35:00+05:30,5052.7,5053.0,5047.8,5051.0,367
2025-06-12T14:36:00+05:30,5051.1,5051.1,5042.5,5047.4,972
2025-06-12T14:37:00+05:30,5047.2,5049.3,5044.2,5044.3,1305
2025-06-12T14:38:00+05:30,5045.0,5047.9,5040.6,5043.3,1128
2025-06-12T14:39:00+05:30,5041.2,5043.8,5038.9,5039.6,742
2025-06-12T14:40:00+05:30,5039.9,5047.4,5038.9,5045.4,175
2025-06-12T14:41:00+05:30,5046.8,5047.0,5041.5,5041.9,656
2025-06-12T14:42:00+05:30,5046.4,5046.4,5035.2,5042.8,1432
2025-06-12T14:43:00+05:30,5041.1,5043.7,5039.2,5043.7,176
2025-06-12T14:44:00+05:30,5045.8,5048.4,5043.2,5044.6,838
2025-06-12T14:45:00+05:30,5043.0,5044.5,5042.9,5044.0,91
2025-06-12T14:46:00+05:30,5044.0,5048.7,5043.3,5043.8,488
2025-06-12T14:47:00+05:30,5045.8,5046.0,5040.6,5041.6,52
2025-06-12T14:48:00+05:30,5042.6,5048.4,5042.4,5045.7,440
2025-06-12T14:49:00+05:30,5048.3,5050.0,5043.6,5049.6,615
2025-06-12T14:50:00+05:30,5047.8,5049.3,5046.5,5047.0,298
2025-06-12T14:51:00+05:30,5047.5,5048.2,5043.6,5045.1,209
2025-06-12T14:52:00+05:30,5043.6,5046.9,5043.4,5045.0,51
2025-06-12T14:53:00+05:30,5044.9,5048.4,5043.8,5045.9,335
2025-06-12T14:54:00+05:30,5042.5,5045.5,5042.2,5042.6,293
2025-06-12T14:55:00+05:30,5044.2,5044.2,5042.3,5042.3,258
2025-06-12T14:56:00+05:30,5042.3,5046.0,5042.3,5043.7,172
2025-06-12T14:57:00+05:30,5043.7,5048.9,5043.1,5046.0,100
2025-06-12T14:58:00+05:30,5047.4,5047.4,5044.2,5045.2,206
2025-06-12T14:59:00+05:30,5045.5,5047.9,5043.3,5043.3,461
2025-06-12T15:00:00+05:30,5045.5,5050.0,5043.1,5045.3,3007
2025-06-12T15:01:00+05:30,5046.8,5047.0,5044.5,5046.1,588
2025-06-12T15:02:00+05:30,5046.1,5046.1,5042.5,5043.0,1336
2025-06-12T15:03:00+05:30,5043.6,5044.0,5040.0,5042.6,847
2025-06-12T15:04:00+05:30,5042.6,5042.6,5030.2,5033.4,2690
2025-06-12T15:05:00+05:30,5032.4,5035.6,5031.1,5035.6,1213
2025-06-12T15:06:00+05:30,5034.7,5034.7,5030.1,5033.7,1053
2025-06-12T15:07:00+05:30,5032.2,5034.2,5028.3,5028.6,1647
2025-06-12T15:08:00+05:30,5030.3,5031.9,5025.2,5025.5,1613
2025-06-12T15:09:00+05:30,5027.6,5030.0,5025.4,5029.9,1206
2025-06-12T15:10:00+05:30,5030.0,5030.0,5024.9,5024.9,1923
2025-06-12T15:11:00+05:30,5024.0,5027.6,5021.9,5027.5,1304
2025-06-12T15:12:00+05:30,5026.0,5028.3,5024.7,5025.8,1328
2025-06-12T15:13:00+05:30,5025.7,5028.1,5025.0,5025.0,1275
2025-06-12T15:14:00+05:30,5025.8,5030.9,5021.4,5028.5,2838
2025-06-12T15:15:00+05:30,5027.3,5030.8,5026.2,5030.6,1218
2025-06-12T15:16:00+05:30,5029.3,5031.4,5025.0,5027.3,2024
2025-06-12T15:17:00+05:30,5027.3,5030.9,5027.0,5029.4,1174
2025-06-12T15:18:00+05:30,5030.4,5030.4,5022.5,5026.1,2076
2025-06-12T15:19:00+05:30,5026.1,5026.1,5025.1,5025.6,834
2025-06-12T15:20:00+05:30,5025.9,5027.9,5025.3,5027.2,1669
2025-06-12T15:21:00+05:30,5027.2,5027.9,5026.5,5027.9,1432
2025-06-12T15:22:00+05:30,5028.1,5034.9,5028.0,5034.0,1844
2025-06-12T15:23:00+05:30,5033.9,5034.0,5025.3,5027.4,2371
2025-06-12T15:24:00+05:30,5028.4,5035.9,5026.5,5032.7,2723
2025-06-12T15:25:00+05:30,5032.9,5039.5,5030.2,5032.4,2251
2025-06-12T15:26:00+05:30,5032.0,5034.5,5028.1,5032.7,2630
2025-06-12T15:27:00+05:30,5032.7,5032.7,5029.2,5031.0,2057
2025-06-12T15:28:00+05:30,5031.0,5031.0,5026.1,5029.3,2139
2025-06-12T15:29:00+05:30,5030.0,5030.0,5025.0,5027.5,1686
2025-06-13T09:15:00+05:30,4930.3,4969.6,4928.1,4935.0,4272
2025-06-13T09:16:00+05:30,4938.6,4963.6,4934.7,4963.5,2516
2025-06-13T09:17:00+05:30,4966.0,4971.7,4957.7,4961.9,3003
2025-06-13T09:18:00+05:30,4961.9,4965.9,4956.8,4960.4,761
2025-06-13T09:19:00+05:30,4957.1,4957.1,4945.0,4954.6,2746
2025-06-13T09:20:00+05:30,4954.7,4960.0,4951.2,4955.0,1176
2025-06-13T09:21:00+05:30,4955.8,4966.0,4947.0,4947.0,1565
2025-06-13T09:22:00+05:30,4947.0,4961.9,4943.9,4961.3,897
2025-06-13T09:23:00+05:30,4962.9,4967.8,4952.5,4952.5,2161
2025-06-13T09:24:00+05:30,4951.6,4959.4,4945.0,4957.7,969
2025-06-13T09:25:00+05:30,4958.3,4959.4,4950.0,4958.5,2174
2025-06-13T09:26:00+05:30,4955.0,4966.1,4952.4,4964.4,837
2025-06-13T09:27:00+05:30,4961.3,4971.5,4961.3,4965.3,795
2025-06-13T09:28:00+05:30,4967.3,4967.3,4953.6,4965.0,1353
2025-06-13T09:29:00+05:30,4965.0,4965.9,4956.1,4957.9,697
2025-06-13T09:30:00+05:30,4956.0,4962.0,4952.5,4957.8,411
2025-06-13T09:31:00+05:30,4956.1,4966.0,4955.2,4966.0,691
2025-06-13T09:32:00+05:30,4966.1,4966.1,4956.8,4960.0,878
2025-06-13T09:33:00+05:30,4960.1,4961.9,4951.0,4951.0,1281
2025-06-13T09:34:00+05:30,4951.0,4954.5,4945.0,4953.6,616
2025-06-13T09:35:00+05:30,4952.6,4955.3,4946.4,4951.7,3719
2025-06-13T09:36:00+05:30,4947.8,4950.1,4945.0,4950.0,452
2025-06-13T09:37:00+05:30,4951.9,4971.0,4951.9,4971.0,1788
2025-06-13T09:38:00+05:30,4971.0,4971.0,4961.8,4962.3,583
2025-06-13T09:39:00+05:30,4961.3,4967.6,4961.1,4967.4,217
2025-06-13T09:40:00+05:30,4968.0,4970.0,4962.9,4964.7,443
2025-06-13T09:41:00+05:30,4964.6,4966.1,4960.6,4961.7,167
2025-06-13T09:42:00+05:30,4960.2,4968.8,4959.0,4967.3,203
2025-06-13T09:43:00+05:30,4965.0,4969.1,4961.3,4963.6,409
2025-06-13T09:44:00+05:30,4961.1,4963.3,4957.2,4963.2,438
2025-06-13T09:45:00+05:30,4963.2,4966.8,4953.6,4953.9,700
2025-06-13T09:46:00+05:30,4953.0,4956.3,4947.4,4948.5,502
2025-06-13T09:47:00+05:30,4948.5,4949.8,4943.7,4945.6,631
2025-06-13T09:48:00+05:30,4945.9,4949.9,4940.2,4940.2,789
2025-06-13T09:49:00+05:30,4942.0,4949.7,4940.2,4949.5,1433
2025-06-13T09:50:00+05:30,4949.2,4966.8,4949.2,4965.2,1667
2025-06-13T09:51:00+05:30,4965.8,4976.8,4963.6,4971.7,2490
2025-06-13T09:52:00+05:30,4970.3,4978.9,4969.8,4975.0,516
2025-06-13T09:53:00+05:30,4975.0,4976.4,4971.9,4976.4,185
2025-06-13T09:54:00+05:30,4977.6,4981.9,4975.8,4979.6,1257
2025-06-13T09:55:00+05:30,4980.0,4981.7,4976.9,4978.2,381
2025-06-13T09:56:00+05:30,4978.5,4978.5,4963.7,4963.7,645
2025-06-13T09:57:00+05:30,4966.1,4970.0,4963.4,4967.8,192
2025-06-13T09:58:00+05:30,4967.8,4969.7,4964.8,4968.5,793
2025-06-13T09:59:00+05:30,4967.5,4971.2,4965.3,4969.6,139
2025-06-13T10:00:00+05:30,4969.6,4969.6,4960.7,4964.1,342
2025-06-13T10:01:00+05:30,4963.7,4964.9,4960.0,4962.3,406
2025-06-13T10:02:00+05:30,4963.6,4974.9,4962.3,4974.9,326
2025-06-13T10:03:00+05:30,4974.8,4975.4,4970.0,4972.0,258
2025-06-13T10:04:00+05:30,4972.0,4980.0,4972.0,4978.8,234
2025-06-13T10:05:00+05:30,4979.2,4981.0,4978.3,4979.9,328
2025-06-13T10:06:00+05:30,4978.3,4980.0,4974.9,4980.0,83
2025-06-13T10:07:00+05:30,4979.8,4980.0,4976.3,4977.5,111
2025-06-13T10:08:00+05:30,4977.5,4980.0,4976.0,4980.0,500
2025-06-13T10:09:00+05:30,4979.9,4979.9,4977.3,4978.7,119
2025-06-13T10:10:00+05:30,4978.6,4979.8,4975.9,4977.5,125
2025-06-13T10:11:00+05:30,4978.8,4979.3,4976.4,4977.5,46
2025-06-13T10:12:00+05:30,4977.5,4981.0,4975.0,4980.1,1036
2025-06-13T10:13:00+05:30,4980.0,4981.0,4976.2,4978.5,271
2025-06-13T10:14:00+05:30,4978.2,4981.0,4977.5,4980.5,345
2025-06-13T10:15:00+05:30,4980.8,4981.8,4979.5,4980.5,368
2025-06-13T10:16:00+05:30,4979.0,4979.0,4974.5,4976.1,139
2025-06-13T10:17:00+05:30,4976.8,4978.7,4974.9,4975.5,51
2025-06-13T10:18:00+05:30,4975.4,4976.0,4973.0,4975.0,65
2025-06-13T10:19:00+05:30,4975.0,4981.0,4973.5,4979.3,243
2025-06-13T10:20:00+05:30,4979.4,4983.5,4977.5,4980.9,712
2025-06-13T10:21:00+05:30,4981.0,4994.9,4980.9,4994.9,2885
2025-06-13T10:22:00+05:30,4995.0,4996.0,4987.7,4990.6,5106
2025-06-13T10:23:00+05:30,4990.5,5003.8,4987.3,5003.8,1291
2025-06-13T10:24:00+05:30,5003.8,5006.6,5002.7,5003.0,867
2025-06-13T10:25:00+05:30,5003.1,5005.9,5000.0,5005.1,303
2025-06-13T10:26:00+05:30,5005.8,5005.9,4998.6,5001.9,260
2025-06-13T10:27:00+05:30,5001.7,5001.7,4997.7,5000.0,402
2025-06-13T10:28:00+05:30,5000.9,5003.0,4995.1,4996.2,357
2025-06-13T10:29:00+05:30,4996.2,5000.7,4996.2,4999.1,420
2025-06-13T10:30:00+05:30,4999.1,5000.4,4993.8,4993.9,1452
2025-06-13T10:31:00+05:30,4995.0,5001.9,4992.6,4992.8,5373
2025-06-13T10:32:00+05:30,4994.9,4995.0,4993.3,4994.5,951
2025-06-13T10:33:00+05:30,4994.6,5000.0,4992.3,4995.0,2885
2025-06-13T10:34:00+05:30,4994.9,4995.0,4993.1,4995.0,732
2025-06-13T10:35:00+05:30,4995.0,5000.1,4991.0,4992.9,10427
2025-06-13T10:36:00+05:30,4992.8,4995.0,4989.3,4991.4,7231
2025-06-13T10:37:00+05:30,4991.4,4993.7,4986.0,4987.2,6514
2025-06-13T10:38:00+05:30,4987.2,4990.0,4985.0,4986.2,163
2025-06-13T10:39:00+05:30,4987.2,4988.0,4983.2,4987.4,498
2025-06-13T10:40:00+05:30,4987.2,4987.9,4981.3,4985.3,1306
2025-06-13T10:41:00+05:30,4985.3,4986.7,4979.6,4980.0,2481
2025-06-13T10:42:00+05:30,4979.6,4980.0,4975.3,4979.1,1153
2025-06-13T10:43:00+05:30,4978.9,4980.0,4978.9,4980.0,157
2025-06-13T10:44:00+05:30,4980.0,4980.0,4979.2,4980.0,95
2025-06-13T10:45:00+05:30,4980.0,4987.4,4979.2,4986.3,3514
2025-06-13T10:46:00+05:30,4986.9,4987.7,4975.9,4979.7,2080
2025-06-13T10:47:00+05:30,4979.6,4990.0,4975.0,4985.9,3119
2025-06-13T10:48:00+05:30,4989.1,4994.2,4985.4,4994.2,281
2025-06-13T10:49:00+05:30,4991.8,4994.1,4989.7,4990.4,332
2025-06-13T10:50:00+05:30,4990.4,4993.3,4987.5,4989.5,188
2025-06-13T10:51:00+05:30,4989.6,4993.6,4985.5,4992.9,320
2025-06-13T10:52:00+05:30,4992.9,4994.0,4989.1,4993.9,394
2025-06-13T10:53:00+05:30,4991.8,4999.1,4990.5,4994.3,705
2025-06-13T10:54:00+05:30,4994.0,4999.9,4992.9,4996.3,420
2025-06-13T10:55:00+05:30,4996.4,4997.0,4994.0,4994.0,147
2025-06-13T10:56:00+05:30,4995.0,4997.8,4992.9,4996.8,127
2025-06-13T10:57:00+05:30,4996.7,4998.8,4994.0,4998.0,712
2025-06-13T10:58:00+05:30,4998.0,4998.0,4993.5,4993.5,353
2025-06-13T10:59:00+05:30,4996.3,4996.3,4990.0,4992.0,220
2025-06-13T11:00:00+05:30,4993.2,4998.0,4989.9,4997.9,569
2025-06-13T11:01:00+05:30,4996.2,4996.7,4993.0,4994.6,400
2025-06-13T11:02:00+05:30,4993.6,4997.9,4993.5,4996.4,535
2025-06-13T11:03:00+05:30,4996.5,5000.0,4994.3,4999.7,404
2025-06-13T11:04:00+05:30,5000.0,5000.0,4997.4,4999.6,254
2025-06-13T11:05:00+05:30,4999.9,5000.0,4996.4,4997.2,403
2025-06-13T11:06:00+05:30,4999.0,4999.2,4994.0,4995.2,361
2025-06-13T11:07:00+05:30,4996.0,4997.2,4992.3,4994.5,162
2025-06-13T11:08:00+05:30,4994.7,4996.9,4987.5,4990.9,635
2025-06-13T11:09:00+05:30,4990.9,4994.5,4987.0,4992.2,525
2025-06-13T11:10:00+05:30,4990.1,4992.0,4987.9,4988.2,597
2025-06-13T11:11:00+05:30,4990.3,4991.6,4983.0,4985.4,440
2025-06-13T11:12:00+05:30,4984.6,4993.8,4981.0,4993.8,618
2025-06-13T11:13:00+05:30,4993.1,4993.5,4986.7,4988.9,338
2025-06-13T11:14:00+05:30,4991.1,4991.7,4985.0,4987.1,253
2025-06-13T11:15:00+05:30,4987.1,4991.0,4985.3,4990.0,498
2025-06-13T11:16:00+05:30,4989.9,4990.9,4984.8,4987.1,236
2025-06-13T11:17:00+05:30,4987.1,4987.5,4981.0,4982.4,427
2025-06-13T11:18:00+05:30,4983.9,4988.0,4982.4,4985.0,194
2025-06-13T11:19:00+05:30,4986.7,4991.0,4986.6,4989.6,295
2025-06-13T11:20:00+05:30,4990.9,4996.2,4987.6,4989.7,2792
2025-06-13T11:21:00+05:30,4989.7,4997.3,4987.1,4993.6,472
2025-06-13T11:22:00+05:30,4993.7,4997.1,4991.5,4993.0,308
2025-06-13T11:23:00+05:30,4995.6,4996.7,4992.2,4993.9,266
2025-06-13T11:24:00+05:30,4994.6,4996.2,4990.9,4993.9,175
2025-06-13T11:25:00+05:30,4996.2,4997.0,4993.6,4997.0,163
2025-06-13T11:26:00+05:30,4997.3,4997.9,4995.1,4997.9,175
2025-06-13T11:27:00+05:30,4998.0,5004.9,4991.7,4994.9,2053
2025-06-13T11:28:00+05:30,4995.0,4995.0,4988.0,4993.3,1365
2025-06-13T11:29:00+05:30,4993.2,4993.7,4988.5,4990.7,197
2025-06-13T11:30:00+05:30,4990.8,4991.2,4987.7,4990.5,154
2025-06-13T11:31:00+05:30,4990.7,4995.0,4989.6,4994.1,638
2025-06-13T11:32:00+05:30,4994.0,4995.3,4992.0,4995.0,1019
2025-06-13T11:33:00+05:30,4995.0,4995.1,4993.3,4994.5,959
2025-06-13T11:34:00+05:30,4995.0,5004.9,4992.1,5003.4,4152
2025-06-13T11:35:00+05:30,5004.9,5010.0,5003.4,5005.0,1240
2025-06-13T11:36:00+05:30,5006.5,5016.2,5005.9,5015.0,3477
2025-06-13T11:37:00+05:30,5015.0,5015.0,5010.0,5010.1,589
2025-06-13T11:38:00+05:30,5011.4,5019.0,5010.1,5015.6,814
2025-06-13T11:39:00+05:30,5015.6,5022.9,5015.1,5020.0,945
2025-06-13T11:40:00+05:30,5020.0,5022.0,5013.7,5014.4,1180
2025-06-13T11:41:00+05:30,5015.7,5016.8,5012.2,5012.5,560
2025-06-13T11:42:00+05:30,5011.7,5014.6,5005.7,5012.1,736
2025-06-13T11:43:00+05:30,5012.2,5016.7,5012.0,5014.7,1321
2025-06-13T11:44:00+05:30,5016.0,5018.9,5012.0,5013.8,2462
2025-06-13T11:45:00+05:30,5014.4,5019.5,5013.6,5016.0,1406
2025-06-13T11:46:00+05:30,5017.5,5019.8,5016.0,5017.5,761
2025-06-13T11:47:00+05:30,5019.0,5019.0,5011.0,5012.9,790
2025-06-13T11:48:00+05:30,5012.4,5013.0,5011.1,5011.2,288
2025-06-13T11:49:00+05:30,5011.2,5015.0,5010.0,5015.0,732
2025-06-13T11:50:00+05:30,5017.0,5018.9,5016.1,5018.3,440
2025-06-13T11:51:00+05:30,5017.4,5019.7,5011.3,5011.3,1089
2025-06-13T11:52:00+05:30,5012.3,5012.3,5009.0,5009.0,199
2025-06-13T11:53:00+05:30,5009.7,5009.9,5001.3,5008.0,1334
2025-06-13T11:54:00+05:30,5009.9,5010.0,5006.9,5008.0,292
2025-06-13T11:55:00+05:30,5008.0,5010.0,5008.0,5008.2,197
2025-06-13T11:56:00+05:30,5009.0,5009.0,5006.1,5006.1,488
2025-06-13T11:57:00+05:30,5007.3,5007.5,5003.8,5003.8,283
2025-06-13T11:58:00+05:30,5003.8,5009.7,4992.0,4993.0,2781
2025-06-13T11:59:00+05:30,4994.4,4994.5,4990.1,4991.2,244
2025-06-13T12:00:00+05:30,4991.8,4997.6,4990.2,4994.9,169
2025-06-13T12:01:00+05:30,4997.2,5003.8,4994.6,5002.9,411
2025-06-13T12:02:00+05:30,5002.5,5002.6,5000.0,5000.4,217
2025-06-13T12:03:00+05:30,5002.0,5004.0,5000.4,5001.5,322
2025-06-13T12:04:00+05:30,5003.5,5003.6,5002.0,5003.0,185
2025-06-13T12:05:00+05:30,5003.6,5005.0,5003.0,5004.6,199
2025-06-13T12:06:00+05:30,5005.0,5005.0,5002.1,5002.6,231
2025-06-13T12:07:00+05:30,5004.4,5005.0,5002.9,5004.5,511
2025-06-13T12:08:00+05:30,5004.9,5005.0,5004.0,5004.0,919
2025-06-13T12:09:00+05:30,5004.0,5005.0,5003.0,5005.0,273
2025-06-13T12:10:00+05:30,5003.5,5005.0,5001.0,5004.0,147
2025-06-13T12:11:00+05:30,5004.4,5005.0,5000.0,5000.0,318
2025-06-13T12:12:00+05:30,5002.2,5002.4,5000.0,5000.0,145
2025-06-13T12:13:00+05:30,5001.8,5002.4,5000.0,5001.1,269
2025-06-13T12:14:00+05:30,5002.2,5002.3,5000.0,5000.2,434
2025-06-13T12:15:00+05:30,5002.3,5003.9,5000.5,5003.0,347
2025-06-13T12:16:00+05:30,5001.7,5004.6,5001.3,5002.9,524
2025-06-13T12:17:00+05:30,5002.9,5005.0,5002.7,5002.8,394
2025-06-13T12:18:00+05:30,5004.6,5005.0,5003.3,5004.0,247
2025-06-13T12:19:00+05:30,5005.0,5006.1,5002.8,5004.4,1662
2025-06-13T12:20:00+05:30,5004.8,5005.0,4998.4,4999.0,1964
2025-06-13T12:21:00+05:30,4999.4,5000.0,4995.9,5000.0,1824
2025-06-13T12:22:00+05:30,5000.0,5000.0,4998.0,4999.9,884
2025-06-13T12:23:00+05:30,5000.0,5000.0,4997.2,4997.4,194
2025-06-13T12:24:00+05:30,4999.0,5000.0,4997.3,4999.1,693
2025-06-13T12:25:00+05:30,5000.0,5000.0,4998.0,4999.5,160
2025-06-13T12:26:00+05:30,5000.0,5000.0,4996.7,4996.7,518
2025-06-13T12:27:00+05:30,4999.6,4999.6,4996.0,4996.0,437
2025-06-13T12:28:00+05:30,4997.0,4997.7,4996.0,4997.0,214
2025-06-13T12:29:00+05:30,4997.0,4997.0,4996.5,4997.0,241
2025-06-13T12:30:00+05:30,4997.0,4997.0,4992.2,4994.2,605
2025-06-13T12:31:00+05:30,4994.2,4994.9,4992.1,4992.1,193
2025-06-13T12:32:00+05:30,4994.2,4995.7,4990.7,4991.8,423
2025-06-13T12:33:00+05:30,4991.8,4997.0,4990.1,4997.0,544
2025-06-13T12:34:00+05:30,4996.9,4999.7,4993.4,4995.4,306
2025-06-13T12:35:00+05:30,4996.3,4997.7,4991.2,4994.9,292
2025-06-13T12:36:00+05:30,4995.0,4995.0,4987.6,4990.1,741
2025-06-13T12:37:00+05:30,4990.1,4991.0,4985.0,4987.0,809
2025-06-13T12:38:00+05:30,4987.0,4987.4,4982.4,4984.7,613
2025-06-13T12:39:00+05:30,4985.0,4985.0,4981.6,4983.0,522
2025-06-13T12:40:00+05:30,4983.0,4987.2,4981.0,4986.4,1041
2025-06-13T12:41:00+05:30,4986.4,4987.9,4979.3,4979.3,1975
2025-06-13T12:42:00+05:30,4979.1,4983.0,4979.1,4981.7,1305
2025-06-13T12:43:00+05:30,4982.4,4983.0,4978.1,4979.3,1883
2025-06-13T12:44:00+05:30,4980.6,4981.0,4976.9,4979.5,893
2025-06-13T12:45:00+05:30,4981.0,4981.0,4977.3,4979.7,276
2025-06-13T12:46:00+05:30,4979.8,4981.7,4977.3,4980.2,650
2025-06-13T12:47:00+05:30,4980.6,4982.5,4978.3,4979.4,2048
2025-06-13T12:48:00+05:30,4979.7,4991.7,4979.7,4987.0,4849
2025-06-13T12:49:00+05:30,4986.2,4988.9,4975.0,4978.9,1932
2025-06-13T12:50:00+05:30,4978.9,4982.9,4976.0,4980.6,2284
2025-06-13T12:51:00+05:30,4980.1,4982.3,4976.9,4980.8,837
2025-06-13T12:52:00+05:30,4980.9,4980.9,4974.0,4977.2,714
2025-06-13T12:53:00+05:30,4977.3,4978.2,4972.8,4976.8,725
2025-06-13T12:54:00+05:30,4977.7,4982.4,4974.1,4980.4,801
2025-06-13T12:55:00+05:30,4980.3,4980.8,4976.9,4980.8,585
2025-06-13T12:56:00+05:30,4980.8,4981.0,4978.7,4979.4,1074
2025-06-13T12:57:00+05:30,4980.2,4981.0,4976.2,4979.9,1261
2025-06-13T12:58:00+05:30,4980.0,4982.3,4977.2,4979.2,1403
2025-06-13T12:59:00+05:30,4979.2,4980.6,4976.1,4980.6,428
2025-06-13T13:00:00+05:30,4980.7,4980.7,4976.0,4979.4,445
2025-06-13T13:01:00+05:30,4979.4,4981.0,4977.2,4980.5,293
2025-06-13T13:02:00+05:30,4980.6,4980.6,4976.2,4980.0,1105
2025-06-13T13:03:00+05:30,4979.0,4979.9,4972.7,4977.0,1187
2025-06-13T13:04:00+05:30,4976.3,4976.7,4970.3,4974.0,1560
2025-06-13T13:05:00+05:30,4973.3,4975.0,4968.5,4972.5,1057
2025-06-13T13:06:00+05:30,4972.4,4972.6,4965.5,4969.0,916
2025-06-13T13:07:00+05:30,4969.4,4970.7,4964.1,4968.0,1297
2025-06-13T13:08:00+05:30,4968.3,4968.6,4966.0,4968.4,735
2025-06-13T13:09:00+05:30,4968.4,4972.0,4967.2,4970.8,1201
2025-06-13T13:10:00+05:30,4970.8,4970.8,4966.8,4968.4,745
2025-06-13T13:11:00+05:30,4968.4,4972.2,4967.5,4970.4,1836
2025-06-13T13:12:00+05:30,4970.5,4970.7,4966.7,4969.9,1727
2025-06-13T13:13:00+05:30,4969.9,4972.2,4965.3,4968.4,3068
2025-06-13T13:14:00+05:30,4970.9,4971.2,4966.5,4968.0,969
2025-06-13T13:15:00+05:30,4968.0,4968.0,4963.1,4963.2,581
2025-06-13T13:16:00+05:30,4964.9,4972.4,4961.0,4968.4,5952
2025-06-13T13:17:00+05:30,4967.1,4968.4,4964.4,4965.0,1414
2025-06-13T13:18:00+05:30,4965.0,4965.0,4954.6,4961.9,3789
2025-06-13T13:19:00+05:30,4959.8,4960.4,4954.0,4958.3,1726
2025-06-13T13:20:00+05:30,4958.6,4964.0,4958.2,4960.5,736
2025-06-13T13:21:00+05:30,4960.5,4965.0,4959.6,4963.9,635
2025-06-13T13:22:00+05:30,4965.0,4965.0,4958.5,4963.5,1470
2025-06-13T13:23:00+05:30,4963.0,4963.5,4959.3,4962.0,525
2025-06-13T13:24:00+05:30,4960.1,4961.9,4956.6,4956.6,428
2025-06-13T13:25:00+05:30,4958.7,4962.7,4958.2,4961.5,972
2025-06-13T13:26:00+05:30,4963.8,4963.8,4958.0,4960.4,1111
2025-06-13T13:27:00+05:30,4958.2,4965.0,4958.2,4963.0,1416
2025-06-13T13:28:00+05:30,4964.1,4964.1,4955.1,4959.6,2162
2025-06-13T13:29:00+05:30,4958.7,4963.9,4958.2,4962.3,1159
2025-06-13T13:30:00+05:30,4962.3,4965.2,4959.2,4965.0,2284
2025-06-13T13:31:00+05:30,4964.5,4964.6,4959.1,4961.7,767
2025-06-13T13:32:00+05:30,4961.7,4965.0,4960.6,4964.6,1858
2025-06-13T13:33:00+05:30,4965.0,4967.4,4961.4,4963.8,1660
2025-06-13T13:34:00+05:30,4964.4,4965.0,4961.8,4963.3,1654
2025-06-13T13:35:00+05:30,4965.0,4965.0,4961.2,4963.8,788
2025-06-13T13:36:00+05:30,4962.8,4970.0,4961.1,4964.0,5030
2025-06-13T13:37:00+05:30,4963.1,4965.0,4960.8,4962.9,820
2025-06-13T13:38:00+05:30,4963.7,4964.3,4961.0,4964.3,689
2025-06-13T13:39:00+05:30,4964.3,4966.5,4962.0,4962.4,3505
2025-06-13T13:40:00+05:30,4962.5,4965.1,4961.2,4963.4,3802
2025-06-13T13:41:00+05:30,4963.5,4965.0,4961.7,4964.4,906
2025-06-13T13:42:00+05:30,4964.4,4967.5,4961.4,4964.5,3838
2025-06-13T13:43:00+05:30,4964.5,4977.5,4962.0,4974.1,6419
2025-06-13T13:44:00+05:30,4974.8,4980.2,4973.2,4978.3,687
2025-06-13T13:45:00+05:30,4978.3,4979.9,4974.9,4974.9,925
2025-06-13T13:46:00+05:30,4977.7,4981.9,4971.5,4979.9,2694
2025-06-13T13:47:00+05:30,4982.1,4983.5,4980.0,4981.8,663
2025-06-13T13:48:00+05:30,4981.8,4988.0,4977.6,4980.0,3542
2025-06-13T13:49:00+05:30,4977.5,4978.2,4974.2,4974.2,609
2025-06-13T13:50:00+05:30,4974.8,4976.3,4972.8,4975.1,634
2025-06-13T13:51:00+05:30,4975.5,4977.5,4973.4,4975.7,726
2025-06-13T13:52:00+05:30,4975.7,4977.6,4970.2,4975.9,1072
2025-06-13T13:53:00+05:30,4975.9,4976.2,4970.1,4970.6,625
2025-06-13T13:54:00+05:30,4970.1,4972.0,4970.0,4970.0,502
2025-06-13T13:55:00+05:30,4972.1,4972.1,4962.8,4966.8,653
2025-06-13T13:56:00+05:30,4967.1,4971.1,4965.0,4970.2,617
2025-06-13T13:57:00+05:30,4968.3,4969.7,4963.8,4968.4,712
2025-06-13T13:58:00+05:30,4968.4,4973.1,4966.2,4970.0,734
2025-06-13T13:59:00+05:30,4972.1,4972.9,4967.3,4968.3,909
2025-06-13T14:00:00+05:30,4970.5,4972.4,4967.9,4970.3,660
2025-06-13T14:01:00+05:30,4970.5,4974.5,4967.1,4967.9,795
2025-06-13T14:02:00+05:30,4968.4,4973.6,4966.3,4969.7,664
2025-06-13T14:03:00+05:30,4969.4,4971.5,4965.0,4968.8,540
2025-06-13T14:04:00+05:30,4970.9,4972.8,4965.7,4968.6,736
2025-06-13T14:05:00+05:30,4968.5,4973.0,4968.1,4970.3,653
2025-06-13T14:06:00+05:30,4970.3,4974.4,4967.6,4968.8,522
2025-06-13T14:07:00+05:30,4968.8,4973.3,4966.1,4970.1,480
2025-06-13T14:08:00+05:30,4970.1,4976.1,4968.3,4975.7,1546
2025-06-13T14:09:00+05:30,4975.7,4977.5,4970.9,4973.1,1019
2025-06-13T14:10:00+05:30,4973.1,4976.7,4969.9,4969.9,773
2025-06-13T14:11:00+05:30,4970.0,4975.3,4968.9,4969.0,1076
2025-06-13T14:12:00+05:30,4968.9,4970.5,4965.6,4968.3,1137
2025-06-13T14:13:00+05:30,4967.0,4970.0,4967.0,4968.0,553
2025-06-13T14:14:00+05:30,4968.0,4974.0,4968.0,4974.0,1012
2025-06-13T14:15:00+05:30,4971.6,4974.4,4968.0,4968.8,618
2025-06-13T14:16:00+05:30,4970.7,4970.7,4964.0,4965.4,533
2025-06-13T14:17:00+05:30,4965.4,4968.4,4963.2,4963.3,562
2025-06-13T14:18:00+05:30,4966.3,4969.6,4962.5,4965.2,488
2025-06-13T14:19:00+05:30,4965.2,4971.0,4965.1,4971.0,885
2025-06-13T14:20:00+05:30,4971.0,4971.0,4967.7,4970.1,926
2025-06-13T14:21:00+05:30,4970.8,4977.6,4969.4,4977.6,1205
2025-06-13T14:22:00+05:30,4975.8,4977.5,4972.3,4973.0,716
2025-06-13T14:23:00+05:30,4972.3,4974.8,4969.3,4969.3,563
2025-06-13T14:24:00+05:30,4969.0,4971.6,4968.4,4968.5,544
2025-06-13T14:25:00+05:30,4968.5,4972.9,4968.5,4968.8,848
2025-06-13T14:26:00+05:30,4968.8,4971.0,4968.5,4968.5,799
2025-06-13T14:27:00+05:30,4968.5,4971.6,4968.5,4970.0,1152
2025-06-13T14:28:00+05:30,4970.0,4974.5,4970.0,4974.5,816
2025-06-13T14:29:00+05:30,4974.5,4974.5,4973.0,4973.1,695
2025-06-13T14:30:00+05:30,4973.1,4977.0,4973.1,4977.0,858
2025-06-13T14:31:00+05:30,4976.0,4977.2,4971.8,4974.6,3432
2025-06-13T14:32:00+05:30,4975.8,4977.6,4974.1,4976.7,2527
2025-06-13T14:33:00+05:30,4977.6,4978.4,4975.9,4976.9,879
2025-06-13T14:34:00+05:30,4976.9,4981.4,4976.2,4979.4,1321
2025-06-13T14:35:00+05:30,4978.1,4980.8,4976.3,4980.5,852
2025-06-13T14:36:00+05:30,4980.5,4981.2,4976.0,4976.2,792
2025-06-13T14:37:00+05:30,4976.2,4977.6,4970.1,4970.1,1324
2025-06-13T14:38:00+05:30,4970.7,4978.6,4969.9,4976.1,2254
2025-06-13T14:39:00+05:30,4976.3,4977.7,4970.9,4971.5,2029
2025-06-13T14:40:00+05:30,4972.6,4974.9,4970.8,4974.8,2188
2025-06-13T14:41:00+05:30,4974.9,4976.1,4970.8,4975.7,2332
2025-06-13T14:42:00+05:30,4975.1,4979.4,4974.2,4978.6,2335
2025-06-13T14:43:00+05:30,4978.6,4979.3,4970.0,4972.6,2842
2025-06-13T14:44:00+05:30,4972.7,4972.7,4965.4,4970.0,2825
2025-06-13T14:45:00+05:30,4968.4,4969.5,4962.1,4969.4,2397
2025-06-13T14:46:00+05:30,4968.4,4970.0,4964.5,4965.5,2617
2025-06-13T14:47:00+05:30,4967.4,4968.0,4964.3,4964.5,3001
2025-06-13T14:48:00+05:30,4965.2,4968.1,4960.0,4960.0,1989
2025-06-13T14:49:00+05:30,4961.2,4961.2,4956.4,4957.5,2028
2025-06-13T14:50:00+05:30,4960.3,4962.8,4957.5,4962.8,2163
2025-06-13T14:51:00+05:30,4962.6,4963.0,4953.9,4959.5,3064
2025-06-13T14:52:00+05:30,4962.3,4966.4,4959.7,4966.4,2652
2025-06-13T14:53:00+05:30,4963.9,4967.9,4960.0,4962.5,3856
2025-06-13T14:54:00+05:30,4962.5,4967.5,4962.5,4966.6,1948
2025-06-13T14:55:00+05:30,4964.6,4966.1,4962.5,4964.3,2031
2025-06-13T14:56:00+05:30,4963.4,4964.2,4960.0,4960.3,2090
2025-06-13T14:57:00+05:30,4960.3,4964.1,4958.1,4961.0,1531
2025-06-13T14:58:00+05:30,4961.8,4964.5,4959.4,4961.8,884
2025-06-13T14:59:00+05:30,4963.0,4967.9,4961.8,4963.7,969
2025-06-13T15:00:00+05:30,4964.9,4972.5,4963.8,4971.7,2284
2025-06-13T15:01:00+05:30,4972.5,4975.0,4971.7,4974.0,959
2025-06-13T15:02:00+05:30,4975.0,4978.9,4974.0,4977.0,3426
2025-06-13T15:03:00+05:30,4976.8,4980.0,4975.2,4977.3,3055
2025-06-13T15:04:00+05:30,4977.3,4978.4,4976.2,4977.1,2061
2025-06-13T15:05:00+05:30,4977.1,4978.4,4976.8,4976.9,988
2025-06-13T15:06:00+05:30,4976.9,4980.0,4974.0,4977.4,1774
2025-06-13T15:07:00+05:30,4977.4,4978.9,4975.4,4978.6,1111
2025-06-13T15:08:00+05:30,4978.9,4979.9,4975.3,4979.8,1760
2025-06-13T15:09:00+05:30,4979.4,4982.9,4977.2,4981.1,2313
2025-06-13T15:10:00+05:30,4980.9,4982.2,4976.2,4978.5,1998
2025-06-13T15:11:00+05:30,4978.5,4982.1,4978.5,4980.0,1301
2025-06-13T15:12:00+05:30,4980.0,4980.7,4976.4,4976.4,1255
2025-06-13T15:13:00+05:30,4976.4,4978.4,4976.4,4977.8,1808
2025-06-13T15:14:00+05:30,4978.3,4979.2,4970.1,4975.1,5707
2025-06-13T15:15:00+05:30,4974.7,4975.0,4972.8,4973.7,2102
2025-06-13T15:16:00+05:30,4973.7,4977.4,4972.9,4973.8,1810
2025-06-13T15:17:00+05:30,4973.8,4976.7,4973.8,4975.5,3999
2025-06-13T15:18:00+05:30,4975.0,4977.6,4971.0,4974.9,3425
2025-06-13T15:19:00+05:30,4974.8,4976.0,4973.3,4974.2,2148
2025-06-13T15:20:00+05:30,4974.2,4975.7,4973.6,4974.5,1906
2025-06-13T15:21:00+05:30,4975.6,4975.9,4973.1,4974.8,1755
2025-06-13T15:22:00+05:30,4973.5,4975.8,4973.3,4975.0,3947
2025-06-13T15:23:00+05:30,4974.8,4975.5,4971.6,4972.7,6904
2025-06-13T15:24:00+05:30,4972.7,4975.3,4972.7,4974.5,2650
2025-06-13T15:25:00+05:30,4974.7,4978.3,4972.3,4975.0,4703
2025-06-13T15:26:00+05:30,4975.0,4975.0,4959.8,4970.1,31207
2025-06-13T15:27:00+05:30,4968.9,4972.9,4959.5,4959.9,19851
2025-06-13T15:28:00+05:30,4959.8,4963.8,4957.1,4960.0,12116
2025-06-13T15:29:00+05:30,4959.9,4960.0,4959.0,4959.0,6633
2025-06-16T09:15:00+05:30,4700.0,4917.5,4700.0,4903.9,43349
2025-06-16T09:16:00+05:30,4904.3,4944.5,4895.1,4934.5,15342
2025-06-16T09:17:00+05:30,4933.4,4945.0,4922.4,4934.1,12006
2025-06-16T09:18:00+05:30,4934.5,4939.8,4900.0,4903.5,5128
2025-06-16T09:19:00+05:30,4901.3,4918.5,4901.3,4918.3,5183
2025-06-16T09:20:00+05:30,4916.0,4955.9,4914.1,4945.9,10440
2025-06-16T09:21:00+05:30,4945.9,4949.9,4937.4,4937.4,5148
2025-06-16T09:22:00+05:30,4937.5,4949.0,4933.5,4943.2,2309
2025-06-16T09:23:00+05:30,4943.9,4955.0,4940.2,4940.6,2342
2025-06-16T09:24:00+05:30,4943.7,4951.1,4939.0,4939.1,2383
2025-06-16T09:25:00+05:30,4938.9,4938.9,4924.0,4928.5,1835
2025-06-16T09:26:00+05:30,4927.4,4937.1,4923.1,4935.6,3741
2025-06-16T09:27:00+05:30,4938.8,4944.9,4927.3,4927.3,1056
2025-06-16T09:28:00+05:30,4925.0,4925.5,4911.3,4912.0,2463
2025-06-16T09:29:00+05:30,4912.0,4927.0,4912.0,4924.8,3000
2025-06-16T09:30:00+05:30,4924.8,4925.3,4901.1,4901.6,3978
2025-06-16T09:31:00+05:30,4901.5,4905.0,4890.0,4893.7,3570
2025-06-16T09:32:00+05:30,4895.4,4913.2,4893.1,4900.0,1566
2025-06-16T09:33:00+05:30,4900.0,4913.0,4899.9,4903.3,2184
2025-06-16T09:34:00+05:30,4903.8,4905.3,4897.9,4904.7,748
2025-06-16T09:35:00+05:30,4903.0,4914.4,4901.6,4908.0,1167
2025-06-16T09:36:00+05:30,4908.2,4912.0,4901.1,4902.8,792
2025-06-16T09:37:00+05:30,4901.1,4903.3,4888.0,4888.1,1706
2025-06-16T09:38:00+05:30,4891.2,4899.8,4889.0,4891.3,1010
2025-06-16T09:39:00+05:30,4892.0,4893.5,4880.0,4883.9,2087
2025-06-16T09:40:00+05:30,4883.8,4889.5,4877.2,4885.0,1596
2025-06-16T09:41:00+05:30,4885.3,4898.6,4881.0,4892.0,879
2025-06-16T09:42:00+05:30,4891.6,4903.9,4891.6,4903.2,1072
2025-06-16T09:43:00+05:30,4902.1,4909.5,4902.1,4907.1,1845
2025-06-16T09:44:00+05:30,4909.0,4909.7,4896.3,4899.0,625
2025-06-16T09:45:00+05:30,4896.9,4899.0,4880.0,4882.1,1105
2025-06-16T09:46:00+05:30,4882.1,4883.5,4875.0,4876.0,1727
2025-06-16T09:47:00+05:30,4876.0,4877.0,4870.7,4876.7,2020
2025-06-16T09:48:00+05:30,4876.7,4876.8,4871.1,4873.3,1627
2025-06-16T09:49:00+05:30,4873.8,4877.0,4870.9,4874.4,1584
2025-06-16T09:50:00+05:30,4875.8,4875.9,4870.0,4874.0,608
2025-06-16T09:51:00+05:30,4874.0,4883.9,4874.0,4883.9,1816
2025-06-16T09:52:00+05:30,4884.3,4898.0,4884.3,4893.4,469
2025-06-16T09:53:00+05:30,4894.1,4894.9,4884.0,4884.3,789
2025-06-16T09:54:00+05:30,4886.8,4886.9,4880.5,4886.3,295
2025-06-16T09:55:00+05:30,4885.8,4886.0,4882.0,4886.0,221
2025-06-16T09:56:00+05:30,4888.2,4888.7,4883.4,4883.4,409
2025-06-16T09:57:00+05:30,4884.9,4884.9,4880.2,4883.8,75
2025-06-16T09:58:00+05:30,4883.7,4887.5,4878.0,4878.0,721
2025-06-16T09:59:00+05:30,4877.4,4882.8,4876.5,4880.6,355
2025-06-16T10:00:00+05:30,4880.9,4884.2,4878.0,4881.0,187
2025-06-16T10:01:00+05:30,4880.2,4883.2,4876.0,4876.8,903
2025-06-16T10:02:00+05:30,4876.9,4879.2,4871.3,4872.3,546
2025-06-16T10:03:00+05:30,4872.3,4877.0,4868.0,4871.7,1766
2025-06-16T10:04:00+05:30,4873.6,4877.0,4871.1,4874.3,185
2025-06-16T10:05:00+05:30,4874.3,4885.0,4873.2,4885.0,740
2025-06-16T10:06:00+05:30,4885.0,4893.3,4885.0,4891.2,274
2025-06-16T10:07:00+05:30,4891.1,4893.7,4886.1,4893.7,795
2025-06-16T10:08:00+05:30,4892.8,4906.6,4892.8,4904.6,860
2025-06-16T10:09:00+05:30,4904.6,4906.9,4901.0,4903.3,686
2025-06-16T10:10:00+05:30,4903.3,4905.0,4898.2,4898.2,776
2025-06-16T10:11:00+05:30,4898.1,4901.6,4898.1,4900.4,288
2025-06-16T10:12:00+05:30,4900.3,4901.9,4896.7,4900.1,380
2025-06-16T10:13:00+05:30,4899.5,4903.0,4897.6,4903.0,765
2025-06-16T10:14:00+05:30,4902.8,4908.2,4895.3,4895.3,636
2025-06-16T10:15:00+05:30,4892.5,4901.8,4891.6,4901.1,474
2025-06-16T10:16:00+05:30,4898.8,4926.1,4896.3,4924.4,6371
2025-06-16T10:17:00+05:30,4923.2,4923.2,4916.0,4921.0,552
2025-06-16T10:18:00+05:30,4921.9,4924.0,4917.6,4918.0,852
2025-06-16T10:19:00+05:30,4917.7,4917.9,4912.4,4916.3,295
2025-06-16T10:20:00+05:30,4912.0,4917.0,4908.1,4911.0,765
2025-06-16T10:21:00+05:30,4912.6,4913.7,4908.3,4910.7,249
2025-06-16T10:22:00+05:30,4910.4,4912.8,4906.4,4912.6,470
2025-06-16T10:23:00+05:30,4914.1,4917.0,4911.8,4912.0,397
2025-06-16T10:24:00+05:30,4911.7,4927.2,4911.7,4922.5,958
2025-06-16T10:25:00+05:30,4922.5,4927.2,4922.0,4927.2,711
2025-06-16T10:26:00+05:30,4925.4,4929.8,4923.8,4924.7,1329
2025-06-16T10:27:00+05:30,4925.7,4930.0,4925.6,4929.8,1745
2025-06-16T10:28:00+05:30,4929.7,4942.6,4929.7,4940.0,4806
2025-06-16T10:29:00+05:30,4941.0,4942.2,4938.5,4942.0,227
2025-06-16T10:30:00+05:30,4941.9,4949.8,4941.9,4949.8,2922
2025-06-16T10:31:00+05:30,4949.8,4954.8,4948.5,4954.0,1468
2025-06-16T10:32:00+05:30,4952.5,4959.8,4950.5,4959.8,1519
2025-06-16T10:33:00+05:30,4958.9,4971.0,4958.9,4960.2,14453
2025-06-16T10:34:00+05:30,4961.6,4961.6,4944.2,4944.3,3020
2025-06-16T10:35:00+05:30,4945.1,4950.0,4943.7,4950.0,1562
2025-06-16T10:36:00+05:30,4949.9,4950.0,4940.5,4948.0,879
2025-06-16T10:37:00+05:30,4948.0,4948.2,4942.0,4943.4,771
2025-06-16T10:38:00+05:30,4944.0,4946.0,4940.2,4943.2,1452
2025-06-16T10:39:00+05:30,4946.0,4947.1,4944.4,4946.2,397
2025-06-16T10:40:00+05:30,4946.9,4947.0,4942.9,4946.4,422
2025-06-16T10:41:00+05:30,4945.1,4946.0,4938.7,4938.7,441
2025-06-16T10:42:00+05:30,4938.7,4957.3,4938.2,4955.6,4699
2025-06-16T10:43:00+05:30,4955.6,4965.2,4955.6,4959.2,3816
2025-06-16T10:44:00+05:30,4958.7,4959.0,4954.1,4955.5,1280
2025-06-16T10:45:00+05:30,4956.4,4958.0,4952.0,4956.0,1076
2025-06-16T10:46:00+05:30,4956.0,4960.0,4954.4,4955.4,737
2025-06-16T10:47:00+05:30,4955.3,4968.0,4955.3,4968.0,762
2025-06-16T10:48:00+05:30,4968.0,4977.6,4967.0,4975.0,6706
2025-06-16T10:49:00+05:30,4974.3,4977.3,4970.1,4970.2,1592
2025-06-16T10:50:00+05:30,4969.7,4969.7,4963.6,4966.8,261
2025-06-16T10:51:00+05:30,4966.9,4972.1,4963.7,4969.2,1610
2025-06-16T10:52:00+05:30,4969.3,4978.0,4969.2,4975.3,933
2025-06-16T10:53:00+05:30,4977.9,4983.0,4972.9,4972.9,2060
2025-06-16T10:54:00+05:30,4976.3,4981.7,4974.4,4975.1,1934
2025-06-16T10:55:00+05:30,4972.7,4977.6,4971.6,4976.3,1882
2025-06-16T10:56:00+05:30,4974.9,4982.1,4974.9,4976.1,1816
2025-06-16T10:57:00+05:30,4976.5,4980.8,4974.1,4977.7,2748
2025-06-16T10:58:00+05:30,4979.1,4980.2,4970.0,4973.0,397
2025-06-16T10:59:00+05:30,4973.0,4973.0,4962.7,4970.9,778
2025-06-16T11:00:00+05:30,4969.2,4974.4,4969.2,4973.0,178
2025-06-16T11:01:00+05:30,4974.8,4974.9,4971.9,4974.1,97
2025-06-16T11:02:00+05:30,4973.1,4973.1,4962.5,4962.5,458
2025-06-16T11:03:00+05:30,4963.9,4967.1,4963.9,4965.3,76
2025-06-16T11:04:00+05:30,4966.0,4966.0,4960.0,4961.0,258
2025-06-16T11:05:00+05:30,4962.0,4962.6,4960.0,4960.0,473
2025-06-16T11:06:00+05:30,4961.0,4966.0,4960.0,4966.0,892
2025-06-16T11:07:00+05:30,4965.4,4965.9,4963.0,4963.0,211
2025-06-16T11:08:00+05:30,4962.9,4965.6,4962.4,4963.0,61
2025-06-16T11:09:00+05:30,4964.0,4968.9,4961.0,4965.6,3121
2025-06-16T11:10:00+05:30,4963.9,4965.2,4960.0,4960.0,272
2025-06-16T11:11:00+05:30,4960.0,4966.0,4957.2,4965.0,782
2025-06-16T11:12:00+05:30,4965.0,4965.0,4962.0,4962.0,113
2025-06-16T11:13:00+05:30,4963.8,4963.8,4962.0,4962.0,486
2025-06-16T11:14:00+05:30,4961.1,4962.8,4961.1,4962.8,50
2025-06-16T11:15:00+05:30,4962.8,4965.7,4961.2,4963.9,251
2025-06-16T11:16:00+05:30,4961.2,4961.2,4951.1,4951.8,290
2025-06-16T11:17:00+05:30,4954.0,4962.3,4951.4,4959.7,2441
2025-06-16T11:18:00+05:30,4959.1,4960.3,4949.1,4954.6,1064
2025-06-16T11:19:00+05:30,4954.6,4958.0,4953.0,4957.0,99
2025-06-16T11:20:00+05:30,4956.0,4959.9,4956.0,4957.0,133
2025-06-16T11:21:00+05:30,4956.9,4960.3,4956.9,4960.3,184
2025-06-16T11:22:00+05:30,4960.5,4960.5,4956.9,4956.9,120
2025-06-16T11:23:00+05:30,4956.9,4958.8,4956.4,4956.4,161
2025-06-16T11:24:00+05:30,4956.4,4956.4,4953.5,4954.1,404
2025-06-16T11:25:00+05:30,4955.0,4959.6,4954.1,4959.6,234
2025-06-16T11:26:00+05:30,4958.4,4958.4,4953.0,4953.0,565
2025-06-16T11:27:00+05:30,4953.0,4953.0,4950.9,4951.3,233
2025-06-16T11:28:00+05:30,4951.3,4951.3,4946.4,4947.3,364
2025-06-16T11:29:00+05:30,4946.5,4950.0,4946.4,4949.1,673
2025-06-16T11:30:00+05:30,4949.5,4951.8,4947.3,4951.8,349
2025-06-16T11:31:00+05:30,4951.8,4961.9,4950.4,4958.0,1301
2025-06-16T11:32:00+05:30,4959.9,4962.9,4958.0,4959.7,295
2025-06-16T11:33:00+05:30,4961.8,4963.2,4958.8,4962.0,656
2025-06-16T11:34:00+05:30,4962.0,4962.0,4959.1,4960.6,287
2025-06-16T11:35:00+05:30,4961.0,4963.8,4960.3,4963.2,167
2025-06-16T11:36:00+05:30,4961.4,4979.0,4960.9,4979.0,2371
2025-06-16T11:37:00+05:30,4979.0,4986.5,4978.0,4985.6,3155
2025-06-16T11:38:00+05:30,4985.4,4987.1,4980.8,4986.4,2971
2025-06-16T11:39:00+05:30,4985.9,4986.8,4981.4,4986.1,761
2025-06-16T11:40:00+05:30,4986.4,4993.4,4984.3,4993.4,1319
2025-06-16T11:41:00+05:30,4993.0,4996.0,4990.4,4993.5,1316
2025-06-16T11:42:00+05:30,4993.3,4996.1,4991.0,4993.3,1845
2025-06-16T11:43:00+05:30,4992.5,4995.8,4988.8,4991.2,776
2025-06-16T11:44:00+05:30,4992.4,4995.8,4989.2,4995.8,1020
2025-06-16T11:45:00+05:30,4995.4,4995.5,4993.0,4995.0,472
2025-06-16T11:46:00+05:30,4995.0,4995.4,4993.2,4994.9,237
2025-06-16T11:47:00+05:30,4994.9,5003.5,4993.9,5000.8,5501
2025-06-16T11:48:00+05:30,5000.8,5002.9,5000.3,5000.3,689
2025-06-16T11:49:00+05:30,5000.3,5000.3,4996.5,4998.6,353
2025-06-16T11:50:00+05:30,4997.9,5004.3,4997.1,5003.7,1093
2025-06-16T11:51:00+05:30,5003.7,5007.8,4999.7,5004.0,1293
2025-06-16T11:52:00+05:30,5004.0,5004.3,4996.1,4998.6,437
2025-06-16T11:53:00+05:30,4998.6,5000.5,4996.0,5000.0,182
2025-06-16T11:54:00+05:30,5000.0,5003.0,4995.3,5003.0,482
2025-06-16T11:55:00+05:30,5001.0,5002.7,4998.1,5000.0,697
2025-06-16T11:56:00+05:30,4998.2,5000.0,4995.1,5000.0,748
2025-06-16T11:57:00+05:30,4999.7,5003.0,4997.2,5001.8,832
2025-06-16T11:58:00+05:30,5001.0,5004.0,4998.1,4999.9,843
2025-06-16T11:59:00+05:30,4999.8,4999.8,4994.5,4996.5,294
2025-06-16T12:00:00+05:30,4998.0,5003.5,4997.3,5003.5,1077
2025-06-16T12:01:00+05:30,5003.5,5005.0,5001.6,5002.5,186
2025-06-16T12:02:00+05:30,5002.5,5010.2,5001.6,5008.3,1788
2025-06-16T12:03:00+05:30,5006.0,5007.1,5001.4,5005.0,553
2025-06-16T12:04:00+05:30,5005.0,5010.8,5001.9,5010.8,672
2025-06-16T12:05:00+05:30,5010.4,5011.2,5007.7,5010.5,487
2025-06-16T12:06:00+05:30,5011.0,5012.0,5007.0,5010.2,576
2025-06-16T12:07:00+05:30,5010.1,5010.1,5005.6,5008.7,401
2025-06-16T12:08:00+05:30,5008.6,5008.6,5006.0,5007.5,161
2025-06-16T12:09:00+05:30,5006.2,5014.8,5006.2,5009.5,1726
2025-06-16T12:10:00+05:30,5007.4,5011.0,5003.9,5010.0,1513
2025-06-16T12:11:00+05:30,5009.9,5017.4,5008.8,5013.0,2883
2025-06-16T12:12:00+05:30,5012.7,5012.9,5009.0,5011.1,224
2025-06-16T12:13:00+05:30,5011.1,5017.5,5011.1,5017.5,508
2025-06-16T12:14:00+05:30,5017.6,5018.5,5015.8,5018.0,473
2025-06-16T12:15:00+05:30,5018.0,5021.0,5012.9,5018.7,1470
2025-06-16T12:16:00+05:30,5018.7,5021.0,5017.3,5020.2,924
2025-06-16T12:17:00+05:30,5020.2,5022.8,5017.9,5022.1,1287
2025-06-16T12:18:00+05:30,5020.1,5022.0,5015.5,5017.7,1175
2025-06-16T12:19:00+05:30,5015.5,5016.1,5003.6,5006.2,3425
2025-06-16T12:20:00+05:30,5004.0,5008.7,5001.1,5006.5,926
2025-06-16T12:21:00+05:30,5008.6,5008.6,4987.6,4993.1,16318
2025-06-16T12:22:00+05:30,4990.3,4992.4,4987.8,4987.8,670
2025-06-16T12:23:00+05:30,4986.0,4988.0,4977.9,4977.9,1796
2025-06-16T12:24:00+05:30,4980.1,4980.1,4970.0,4973.5,1903
2025-06-16T12:25:00+05:30,4973.4,4975.5,4969.0,4972.0,1622
2025-06-16T12:26:00+05:30,4972.5,4975.3,4972.2,4972.8,614
2025-06-16T12:27:00+05:30,4972.9,4979.0,4972.8,4977.7,337
2025-06-16T12:28:00+05:30,4977.5,4977.5,4972.9,4975.0,371
2025-06-16T12:29:00+05:30,4975.8,4982.7,4975.0,4980.0,994
2025-06-16T12:30:00+05:30,4980.8,4989.0,4980.8,4988.6,1140
2025-06-16T12:31:00+05:30,4988.6,4995.0,4988.2,4990.7,1290
2025-06-16T12:32:00+05:30,4990.7,4991.2,4985.3,4985.8,761
2025-06-16T12:33:00+05:30,4986.6,4988.8,4986.6,4988.8,149
2025-06-16T12:34:00+05:30,4989.4,4990.0,4987.2,4989.6,591
2025-06-16T12:35:00+05:30,4989.6,4990.6,4987.6,4987.6,267
2025-06-16T12:36:00+05:30,4987.7,4987.7,4983.4,4984.2,398
2025-06-16T12:37:00+05:30,4984.1,4988.9,4983.2,4988.4,261
2025-06-16T12:38:00+05:30,4987.6,4991.0,4987.0,4990.6,681
2025-06-16T12:39:00+05:30,4991.0,4995.0,4990.0,4993.6,308
2025-06-16T12:40:00+05:30,4994.9,4995.0,4990.0,4990.0,438
2025-06-16T12:41:00+05:30,4990.0,4991.9,4990.0,4990.3,300
2025-06-16T12:42:00+05:30,4991.7,4995.0,4991.6,4993.6,258
2025-06-16T12:43:00+05:30,4994.9,4995.0,4990.3,4991.8,249
2025-06-16T12:44:00+05:30,4990.4,4992.0,4990.4,4990.4,190
2025-06-16T12:45:00+05:30,4991.5,4994.0,4989.5,4989.5,624
2025-06-16T12:46:00+05:30,4990.9,4997.0,4990.2,4996.5,667
2025-06-16T12:47:00+05:30,4997.8,4997.8,4993.5,4993.5,895
2025-06-16T12:48:00+05:30,4993.5,4995.3,4990.5,4994.3,394
2025-06-16T12:49:00+05:30,4994.3,4997.4,4992.9,4995.8,543
2025-06-16T12:50:00+05:30,4994.9,4998.8,4993.5,4995.3,615
2025-06-16T12:51:00+05:30,4995.4,4996.8,4994.2,4994.3,246
2025-06-16T12:52:00+05:30,4996.1,5000.0,4992.0,4995.0,2373
2025-06-16T12:53:00+05:30,4995.2,4997.9,4993.5,4993.8,517
2025-06-16T12:54:00+05:30,4994.0,4995.2,4991.5,4991.5,151
2025-06-16T12:55:00+05:30,4991.2,4992.4,4989.2,4990.0,625
2025-06-16T12:56:00+05:30,4990.1,4990.1,4986.2,4987.9,516
2025-06-16T12:57:00+05:30,4989.7,4991.2,4986.6,4986.6,347
2025-06-16T12:58:00+05:30,4986.0,4986.1,4980.6,4982.7,384
2025-06-16T12:59:00+05:30,4983.5,4987.4,4983.1,4983.8,392
2025-06-16T13:00:00+05:30,4986.3,4990.0,4984.2,4988.4,197
2025-06-16T13:01:00+05:30,4991.3,4991.3,4988.1,4989.9,241
2025-06-16T13:02:00+05:30,4990.4,4991.5,4990.2,4990.2,107
2025-06-16T13:03:00+05:30,4991.5,4991.5,4989.9,4990.3,199
2025-06-16T13:04:00+05:30,4990.3,4993.3,4990.0,4990.5,274
2025-06-16T13:05:00+05:30,4991.0,4991.9,4990.5,4990.8,195
2025-06-16T13:06:00+05:30,4990.5,4992.7,4990.5,4990.5,195
2025-06-16T13:07:00+05:30,4991.9,4993.8,4990.0,4992.4,437
2025-06-16T13:08:00+05:30,4992.9,4994.0,4992.1,4992.2,373
2025-06-16T13:09:00+05:30,4990.6,4992.2,4988.6,4990.0,264
2025-06-16T13:10:00+05:30,4990.2,4990.2,4988.1,4988.2,364
2025-06-16T13:11:00+05:30,4990.1,4990.2,4986.0,4988.5,244
2025-06-16T13:12:00+05:30,4988.0,4990.5,4988.0,4989.2,282
2025-06-16T13:13:00+05:30,4990.5,4994.2,4990.2,4992.2,333
2025-06-16T13:14:00+05:30,4993.4,4993.7,4988.0,4988.0,545
2025-06-16T13:15:00+05:30,4988.8,4990.7,4988.8,4989.1,317
2025-06-16T13:16:00+05:30,4990.7,4992.9,4989.6,4991.4,240
2025-06-16T13:17:00+05:30,4994.1,4994.8,4989.2,4991.8,1149
2025-06-16T13:18:00+05:30,4990.7,4992.7,4989.8,4990.0,128
2025-06-16T13:19:00+05:30,4989.2,4991.4,4988.6,4989.2,424
2025-06-16T13:20:00+05:30,4989.2,4995.5,4988.9,4992.8,534
2025-06-16T13:21:00+05:30,4989.7,4991.9,4988.6,4988.7,137
2025-06-16T13:22:00+05:30,4992.1,4994.2,4989.1,4989.1,568
2025-06-16T13:23:00+05:30,4989.0,4990.6,4988.5,4989.7,271
2025-06-16T13:24:00+05:30,4988.5,4988.5,4986.0,4986.0,309
2025-06-16T13:25:00+05:30,4985.9,4987.9,4985.0,4985.8,669
2025-06-16T13:26:00+05:30,4986.3,4991.4,4985.8,4989.6,314
2025-06-16T13:27:00+05:30,4989.6,4990.5,4987.0,4987.3,636
2025-06-16T13:28:00+05:30,4987.3,4990.2,4985.4,4987.2,446
2025-06-16T13:29:00+05:30,4988.5,4995.4,4988.5,4992.3,786
2025-06-16T13:30:00+05:30,4993.0,4996.2,4990.0,4990.5,822
2025-06-16T13:31:00+05:30,4993.8,4993.8,4989.4,4991.1,174
2025-06-16T13:32:00+05:30,4991.1,4993.4,4990.7,4991.3,274
2025-06-16T13:33:00+05:30,4991.5,4994.6,4990.1,4990.5,1365
2025-06-16T13:34:00+05:30,4991.9,4991.9,4989.2,4990.5,265
2025-06-16T13:35:00+05:30,4988.6,4995.6,4986.9,4991.7,899
2025-06-16T13:36:00+05:30,4994.1,4994.1,4990.0,4990.0,1073
2025-06-16T13:37:00+05:30,4987.8,4990.8,4987.8,4988.3,140
2025-06-16T13:38:00+05:30,4988.4,4988.4,4987.0,4987.0,155
2025-06-16T13:39:00+05:30,4987.0,4989.7,4987.0,4987.4,344
2025-06-16T13:40:00+05:30,4987.1,4989.2,4987.1,4987.7,182
2025-06-16T13:41:00+05:30,4988.7,4993.2,4988.6,4993.2,620
2025-06-16T13:42:00+05:30,4993.2,4997.0,4991.6,4991.6,171
2025-06-16T13:43:00+05:30,4993.1,4993.1,4991.0,4991.3,341
2025-06-16T13:44:00+05:30,4993.0,4993.0,4986.9,4990.0,1079
2025-06-16T13:45:00+05:30,4989.1,4990.5,4989.1,4990.5,818
2025-06-16T13:46:00+05:30,4990.3,4993.0,4990.1,4990.1,547
2025-06-16T13:47:00+05:30,4990.1,4990.1,4986.9,4988.6,201
2025-06-16T13:48:00+05:30,4989.1,4990.5,4988.3,4988.3,274
2025-06-16T13:49:00+05:30,4986.0,4986.2,4983.5,4983.5,473
2025-06-16T13:50:00+05:30,4983.5,4983.5,4976.4,4978.0,1011
2025-06-16T13:51:00+05:30,4978.7,4981.4,4976.7,4979.6,549
2025-06-16T13:52:00+05:30,4978.8,4978.8,4976.3,4977.6,609
2025-06-16T13:53:00+05:30,4977.6,4980.1,4975.9,4977.6,973
2025-06-16T13:54:00+05:30,4978.0,4980.4,4976.5,4979.0,423
2025-06-16T13:55:00+05:30,4979.3,4983.4,4979.3,4981.9,394
2025-06-16T13:56:00+05:30,4982.1,4982.8,4979.2,4981.0,479
2025-06-16T13:57:00+05:30,4981.2,4987.9,4980.1,4980.8,1036
2025-06-16T13:58:00+05:30,4980.2,4981.8,4980.2,4980.8,130
2025-06-16T13:59:00+05:30,4981.1,4982.5,4980.8,4980.8,266
2025-06-16T14:00:00+05:30,4982.2,4983.2,4980.8,4983.0,257
2025-06-16T14:01:00+05:30,4983.0,4987.1,4981.0,4982.4,528
2025-06-16T14:02:00+05:30,4981.0,4983.5,4977.7,4981.9,988
2025-06-16T14:03:00+05:30,4983.0,4988.5,4982.0,4985.1,734
2025-06-16T14:04:00+05:30,4985.1,4985.7,4982.2,4982.5,201
2025-06-16T14:05:00+05:30,4983.9,4987.8,4982.9,4986.8,413
2025-06-16T14:06:00+05:30,4988.0,4988.6,4984.8,4987.9,172
2025-06-16T14:07:00+05:30,4987.9,4989.1,4984.0,4984.4,765
2025-06-16T14:08:00+05:30,4986.2,4990.0,4983.9,4984.9,1259
2025-06-16T14:09:00+05:30,4987.6,4987.7,4972.8,4980.0,12033
2025-06-16T14:10:00+05:30,4980.0,4980.3,4973.2,4974.3,2465
2025-06-16T14:11:00+05:30,4974.3,4978.1,4970.5,4972.3,2055
2025-06-16T14:12:00+05:30,4972.3,4974.1,4970.1,4972.0,997
2025-06-16T14:13:00+05:30,4972.0,4977.5,4971.1,4971.6,854
2025-06-16T14:14:00+05:30,4971.1,4981.4,4971.1,4976.6,1241
2025-06-16T14:15:00+05:30,4978.0,4980.2,4976.1,4978.4,2098
2025-06-16T14:16:00+05:30,4978.4,4978.4,4972.4,4974.8,2276
2025-06-16T14:17:00+05:30,4974.8,4975.5,4972.8,4973.8,688
2025-06-16T14:18:00+05:30,4974.0,4975.5,4972.2,4972.2,712
2025-06-16T14:19:00+05:30,4972.5,4975.8,4970.2,4973.1,1281
2025-06-16T14:20:00+05:30,4973.0,4973.0,4969.0,4969.6,1484
2025-06-16T14:21:00+05:30,4969.0,4969.0,4962.6,4964.8,2560
2025-06-16T14:22:00+05:30,4964.8,4964.8,4961.0,4962.0,1754
2025-06-16T14:23:00+05:30,4962.0,4965.1,4958.6,4961.3,3221
2025-06-16T14:24:00+05:30,4961.3,4965.0,4959.2,4960.7,2135
2025-06-16T14:25:00+05:30,4960.7,4967.5,4960.7,4963.6,1651
2025-06-16T14:26:00+05:30,4963.6,4963.9,4960.1,4960.5,1142
2025-06-16T14:27:00+05:30,4960.5,4961.2,4957.8,4959.4,2555
2025-06-16T14:28:00+05:30,4960.0,4963.3,4960.0,4962.3,1465
2025-06-16T14:29:00+05:30,4962.3,4967.9,4960.4,4963.3,2396
2025-06-16T14:30:00+05:30,4963.3,4967.8,4963.3,4967.0,1367
2025-06-16T14:31:00+05:30,4965.6,4967.6,4963.2,4963.2,1195
2025-06-16T14:32:00+05:30,4963.2,4966.0,4963.2,4966.0,1313
2025-06-16T14:33:00+05:30,4963.5,4965.8,4963.5,4964.1,1234
2025-06-16T14:34:00+05:30,4964.2,4966.2,4961.4,4963.8,1630
2025-06-16T14:35:00+05:30,4964.0,4968.5,4963.8,4968.5,1510
2025-06-16T14:36:00+05:30,4968.5,4969.0,4963.7,4966.6,1403
2025-06-16T14:37:00+05:30,4964.4,4966.5,4964.1,4964.1,1206
2025-06-16T14:38:00+05:30,4964.0,4966.8,4964.0,4965.4,1245
2025-06-16T14:39:00+05:30,4965.4,4965.5,4964.0,4964.0,1341
2025-06-16T14:40:00+05:30,4964.0,4967.9,4962.1,4964.6,1483
2025-06-16T14:41:00+05:30,4964.6,4964.6,4960.5,4963.5,1227
2025-06-16T14:42:00+05:30,4961.2,4965.8,4961.0,4963.4,1740
2025-06-16T14:43:00+05:30,4963.6,4965.0,4960.3,4963.0,1466
2025-06-16T14:44:00+05:30,4963.0,4964.9,4960.0,4961.6,2397
2025-06-16T14:45:00+05:30,4961.6,4964.8,4961.0,4962.8,1459
2025-06-16T14:46:00+05:30,4962.8,4964.5,4961.0,4962.0,1190
2025-06-16T14:47:00+05:30,4961.6,4965.9,4961.1,4963.5,1909
2025-06-16T14:48:00+05:30,4962.8,4965.9,4962.0,4963.4,2002
2025-06-16T14:49:00+05:30,4963.7,4964.7,4961.0,4961.0,1836
2025-06-16T14:50:00+05:30,4961.1,4962.2,4958.2,4958.5,1687
2025-06-16T14:51:00+05:30,4958.5,4958.6,4957.0,4957.1,1464
2025-06-16T14:52:00+05:30,4957.1,4963.0,4956.1,4960.0,1843
2025-06-16T14:53:00+05:30,4959.6,4960.2,4958.2,4960.0,1359
2025-06-16T14:54:00+05:30,4959.9,4963.6,4958.4,4961.0,2524
2025-06-16T14:55:00+05:30,4960.1,4968.5,4958.9,4964.1,2983
2025-06-16T14:56:00+05:30,4965.4,4967.8,4964.2,4964.8,2028
2025-06-16T14:57:00+05:30,4964.8,4967.0,4964.8,4965.7,2214
2025-06-16T14:58:00+05:30,4966.1,4970.0,4964.9,4967.6,3638
2025-06-16T14:59:00+05:30,4967.7,4970.0,4967.4,4967.9,3180
2025-06-16T15:00:00+05:30,4967.9,4970.6,4966.1,4967.1,5201
2025-06-16T15:01:00+05:30,4967.2,4967.4,4960.2,4961.7,2788
2025-06-16T15:02:00+05:30,4961.6,4965.3,4960.0,4963.5,3067
2025-06-16T15:03:00+05:30,4963.2,4965.0,4960.4,4962.3,2808
2025-06-16T15:04:00+05:30,4962.3,4964.9,4960.7,4962.1,2369
2025-06-16T15:05:00+05:30,4962.1,4963.8,4961.0,4961.4,2063
2025-06-16T15:06:00+05:30,4961.4,4966.5,4961.0,4966.5,3197
2025-06-16T15:07:00+05:30,4964.3,4966.8,4963.3,4965.0,2371
2025-06-16T15:08:00+05:30,4964.9,4965.0,4963.1,4965.0,2683
2025-06-16T15:09:00+05:30,4966.8,4971.1,4964.0,4971.1,4634
2025-06-16T15:10:00+05:30,4970.6,4981.0,4968.6,4980.0,3299
2025-06-16T15:11:00+05:30,4980.1,4982.3,4978.2,4980.4,3612
2025-06-16T15:12:00+05:30,4980.4,4984.9,4979.9,4983.8,3571
2025-06-16T15:13:00+05:30,4983.9,4984.6,4978.2,4981.0,4352
2025-06-16T15:14:00+05:30,4979.6,4981.0,4975.1,4979.1,7223
2025-06-16T15:15:00+05:30,4979.2,4980.3,4974.6,4974.6,2989
2025-06-16T15:16:00+05:30,4974.4,4977.2,4973.0,4977.1,3463
2025-06-16T15:17:00+05:30,4977.0,4979.1,4975.5,4976.5,2936
2025-06-16T15:18:00+05:30,4976.5,4976.6,4971.1,4971.8,3693
2025-06-16T15:19:00+05:30,4971.8,4974.8,4968.7,4972.1,4257
2025-06-16T15:20:00+05:30,4972.0,4973.1,4968.3,4968.4,4063
2025-06-16T15:21:00+05:30,4968.6,4972.4,4967.9,4970.9,3945
2025-06-16T15:22:00+05:30,4970.2,4971.7,4970.1,4970.6,2679
2025-06-16T15:23:00+05:30,4970.6,4970.6,4967.1,4968.3,3262
2025-06-16T15:24:00+05:30,4968.3,4968.3,4963.6,4968.0,3791
2025-06-16T15:25:00+05:30,4966.2,4970.0,4961.0,4969.1,4115
2025-06-16T15:26:00+05:30,4968.5,4968.5,4964.5,4964.5,3154
2025-06-16T15:27:00+05:30,4964.5,4969.6,4964.5,4965.5,3132
2025-06-16T15:28:00+05:30,4965.3,4970.9,4962.8,4964.0,3012
2025-06-16T15:29:00+05:30,4964.1,4971.0,4962.5,4962.5,963
2025-06-17T09:15:00+05:30,4955.0,4966.6,4942.6,4949.0,5000
2025-06-17T09:16:00+05:30,4946.6,4948.6,4931.0,4937.6,1659
2025-06-17T09:17:00+05:30,4937.6,4937.6,4931.5,4934.4,1089
2025-06-17T09:18:00+05:30,4933.3,4933.3,4923.5,4928.0,1259
2025-06-17T09:19:00+05:30,4928.0,4934.5,4925.1,4932.0,994
2025-06-17T09:20:00+05:30,4932.0,4932.0,4920.8,4925.3,1672
2025-06-17T09:21:00+05:30,4922.7,4930.3,4921.8,4930.1,1449
2025-06-17T09:22:00+05:30,4928.1,4928.6,4923.8,4928.1,810
2025-06-17T09:23:00+05:30,4926.2,4927.9,4921.1,4926.0,1273
2025-06-17T09:24:00+05:30,4926.0,4935.8,4926.0,4930.0,1652
2025-06-17T09:25:00+05:30,4930.0,4945.8,4930.0,4945.0,3653
2025-06-17T09:26:00+05:30,4946.2,4962.5,4942.3,4962.5,3909
2025-06-17T09:27:00+05:30,4960.7,4960.7,4944.0,4944.0,992
2025-06-17T09:28:00+05:30,4945.5,4954.9,4944.0,4952.0,1809
2025-06-17T09:29:00+05:30,4953.6,4953.6,4944.0,4947.7,1237
2025-06-17T09:30:00+05:30,4950.1,4950.8,4944.0,4946.2,624
2025-06-17T09:31:00+05:30,4945.8,4947.4,4943.9,4946.1,675
2025-06-17T09:32:00+05:30,4944.8,4952.5,4944.1,4952.5,1131
2025-06-17T09:33:00+05:30,4952.7,4958.5,4952.7,4956.6,1126
2025-06-17T09:34:00+05:30,4958.5,4960.0,4952.3,4953.9,487
2025-06-17T09:35:00+05:30,4952.0,4954.8,4950.8,4953.2,668
2025-06-17T09:36:00+05:30,4953.2,4961.8,4952.6,4961.8,489
2025-06-17T09:37:00+05:30,4962.0,4976.5,4962.0,4968.9,2395
2025-06-17T09:38:00+05:30,4968.8,4973.7,4968.5,4972.8,893
2025-06-17T09:39:00+05:30,4972.8,4984.5,4972.8,4983.7,1011
2025-06-17T09:40:00+05:30,4981.8,4983.4,4972.3,4973.3,1828
2025-06-17T09:41:00+05:30,4972.1,4975.0,4968.7,4975.0,1493
2025-06-17T09:42:00+05:30,4974.5,4974.5,4965.6,4967.0,516
2025-06-17T09:43:00+05:30,4966.5,4975.4,4966.2,4973.7,560
2025-06-17T09:44:00+05:30,4972.6,4986.8,4970.7,4981.5,2477
2025-06-17T09:45:00+05:30,4981.5,4981.5,4969.9,4976.2,1530
2025-06-17T09:46:00+05:30,4971.5,4975.0,4969.5,4970.8,957
2025-06-17T09:47:00+05:30,4970.8,4971.3,4965.9,4968.9,726
2025-06-17T09:48:00+05:30,4965.8,4967.2,4964.2,4966.9,539
2025-06-17T09:49:00+05:30,4966.5,4967.9,4962.6,4965.9,502
2025-06-17T09:50:00+05:30,4968.0,4974.4,4965.8,4972.0,1415
2025-06-17T09:51:00+05:30,4972.8,4972.8,4970.8,4972.3,433
2025-06-17T09:52:00+05:30,4973.1,4978.0,4963.5,4968.5,960
2025-06-17T09:53:00+05:30,4968.5,4983.4,4966.2,4981.6,1513
2025-06-17T09:54:00+05:30,4979.5,4981.7,4977.5,4979.1,1109
2025-06-17T09:55:00+05:30,4977.9,4977.9,4974.6,4976.8,472
2025-06-17T09:56:00+05:30,4975.0,4979.4,4974.7,4979.4,559
2025-06-17T09:57:00+05:30,4979.2,4987.4,4977.1,4983.3,1219
2025-06-17T09:58:00+05:30,4983.3,4984.8,4982.0,4983.0,442
2025-06-17T09:59:00+05:30,4983.2,4989.8,4981.4,4983.0,1293
2025-06-17T10:00:00+05:30,4982.6,4982.8,4973.5,4981.2,951
2025-06-17T10:01:00+05:30,4981.2,4987.6,4981.2,4985.5,671
2025-06-17T10:02:00+05:30,4983.2,4983.9,4978.2,4981.2,573
2025-06-17T10:03:00+05:30,4981.2,4998.4,4979.5,4998.4,2879
2025-06-17T10:04:00+05:30,4995.2,4997.9,4983.2,4988.0,1636
2025-06-17T10:05:00+05:30,4987.5,4987.5,4983.4,4986.8,501
2025-06-17T10:06:00+05:30,4987.1,4988.0,4981.7,4986.2,951
2025-06-17T10:07:00+05:30,4985.5,4985.5,4980.6,4983.6,1976
2025-06-17T10:08:00+05:30,4982.0,4986.0,4982.0,4986.0,507
2025-06-17T10:09:00+05:30,4988.0,4999.0,4983.9,4992.8,1877
2025-06-17T10:10:00+05:30,4990.5,4992.6,4987.5,4987.5,483
2025-06-17T10:11:00+05:30,4987.5,4989.6,4985.9,4987.6,577
2025-06-17T10:12:00+05:30,4987.2,4987.2,4980.6,4984.1,719
2025-06-17T10:13:00+05:30,4984.2,4984.2,4980.5,4981.1,451
2025-06-17T10:14:00+05:30,4981.1,4984.3,4978.4,4980.5,277
2025-06-17T10:15:00+05:30,4980.5,4983.5,4979.9,4983.5,881
2025-06-17T10:16:00+05:30,4983.6,4985.7,4979.0,4985.7,435
2025-06-17T10:17:00+05:30,4985.1,4987.3,4984.1,4987.3,272
2025-06-17T10:18:00+05:30,4987.2,4990.6,4985.8,4985.8,579
2025-06-17T10:19:00+05:30,4984.0,4986.0,4982.3,4985.7,367
2025-06-17T10:20:00+05:30,4984.0,4984.0,4975.2,4982.6,980
2025-06-17T10:21:00+05:30,4980.6,4985.1,4978.0,4985.1,511
2025-06-17T10:22:00+05:30,4983.9,4985.7,4981.3,4985.7,481
2025-06-17T10:23:00+05:30,4984.4,4988.6,4983.3,4987.5,518
2025-06-17T10:24:00+05:30,4987.6,4987.6,4982.9,4983.9,461
2025-06-17T10:25:00+05:30,4984.1,4987.3,4984.1,4984.5,296
2025-06-17T10:26:00+05:30,4986.6,4986.6,4984.1,4984.1,303
2025-06-17T10:27:00+05:30,4985.9,4990.7,4985.0,4989.6,428
2025-06-17T10:28:00+05:30,4987.6,4987.6,4982.5,4985.1,345
2025-06-17T10:29:00+05:30,4985.0,4987.4,4984.8,4987.0,347
2025-06-17T10:30:00+05:30,4986.0,4986.7,4983.2,4985.8,851
2025-06-17T10:31:00+05:30,4984.8,4990.0,4984.4,4990.0,319
2025-06-17T10:32:00+05:30,4990.0,4990.0,4987.5,4987.9,370
2025-06-17T10:33:00+05:30,4989.7,4991.6,4989.0,4990.8,871
2025-06-17T10:34:00+05:30,4990.8,4991.0,4989.9,4990.3,305
2025-06-17T10:35:00+05:30,4991.1,4992.0,4989.1,4989.1,685
2025-06-17T10:36:00+05:30,4989.2,4990.6,4987.9,4987.9,588
2025-06-17T10:37:00+05:30,4989.0,4990.2,4986.2,4990.2,354
2025-06-17T10:38:00+05:30,4991.4,4993.3,4991.0,4992.7,790
2025-06-17T10:39:00+05:30,4987.8,4990.1,4985.2,4985.6,732
2025-06-17T10:40:00+05:30,4986.6,4986.6,4982.9,4986.1,331
2025-06-17T10:41:00+05:30,4983.8,4983.8,4980.0,4980.9,363
2025-06-17T10:42:00+05:30,4980.2,4986.0,4980.2,4985.4,743
2025-06-17T10:43:00+05:30,4985.2,4985.3,4980.5,4980.5,221
2025-06-17T10:44:00+05:30,4982.9,4982.9,4977.5,4977.5,202
2025-06-17T10:45:00+05:30,4977.4,4977.5,4974.3,4976.2,445
2025-06-17T10:46:00+05:30,4977.0,4977.7,4974.4,4974.4,464
2025-06-17T10:47:00+05:30,4976.2,4976.5,4972.8,4976.0,812
2025-06-17T10:48:00+05:30,4974.1,4975.1,4970.2,4971.2,711
2025-06-17T10:49:00+05:30,4970.1,4970.8,4964.9,4970.4,836
2025-06-17T10:50:00+05:30,4971.2,4971.2,4968.8,4969.7,537
2025-06-17T10:51:00+05:30,4970.3,4973.4,4968.1,4968.1,490
2025-06-17T10:52:00+05:30,4967.9,4973.5,4967.9,4973.5,310
2025-06-17T10:53:00+05:30,4974.3,4976.6,4972.8,4976.6,545
2025-06-17T10:54:00+05:30,4976.4,4977.2,4974.8,4977.2,421
2025-06-17T10:55:00+05:30,4977.2,4977.2,4973.6,4975.1,522
2025-06-17T10:56:00+05:30,4973.1,4974.0,4969.4,4969.4,297
2025-06-17T10:57:00+05:30,4970.0,4975.4,4970.0,4975.4,581
2025-06-17T10:58:00+05:30,4975.2,4977.6,4971.6,4977.6,473
2025-06-17T10:59:00+05:30,4975.6,4975.6,4973.0,4974.0,339
2025-06-17T11:00:00+05:30,4977.8,4978.3,4975.6,4978.3,384
2025-06-17T11:01:00+05:30,4975.4,4978.1,4975.4,4976.3,243
2025-06-17T11:02:00+05:30,4976.3,4978.6,4975.2,4978.0,387
2025-06-17T11:03:00+05:30,4975.3,4976.7,4975.0,4975.0,182
2025-06-17T11:04:00+05:30,4975.0,4975.6,4971.9,4975.6,657
2025-06-17T11:05:00+05:30,4975.6,4978.0,4973.4,4978.0,712
2025-06-17T11:06:00+05:30,4977.0,4978.4,4977.0,4978.4,285
2025-06-17T11:07:00+05:30,4979.8,4982.3,4979.0,4981.0,231
2025-06-17T11:08:00+05:30,4981.4,4985.0,4979.1,4985.0,452
2025-06-17T11:09:00+05:30,4982.6,4982.6,4976.1,4977.5,1036
2025-06-17T11:10:00+05:30,4975.3,4979.7,4975.3,4978.0,274
2025-06-17T11:11:00+05:30,4977.5,4979.0,4976.2,4978.1,346
2025-06-17T11:12:00+05:30,4977.7,4981.5,4977.0,4981.5,398
2025-06-17T11:13:00+05:30,4978.0,4980.1,4976.3,4977.1,223
2025-06-17T11:14:00+05:30,4978.1,4981.9,4977.6,4981.9,399
2025-06-17T11:15:00+05:30,4981.6,4982.0,4978.0,4979.3,437
2025-06-17T11:16:00+05:30,4977.1,4978.8,4975.0,4978.8,681
2025-06-17T11:17:00+05:30,4976.6,4976.6,4972.9,4973.5,621
2025-06-17T11:18:00+05:30,4972.2,4972.2,4970.3,4971.6,885
2025-06-17T11:19:00+05:30,4972.2,4973.0,4970.4,4970.5,488
2025-06-17T11:20:00+05:30,4970.4,4976.1,4970.3,4976.1,616
2025-06-17T11:21:00+05:30,4974.5,4974.5,4971.4,4974.5,264
2025-06-17T11:22:00+05:30,4975.6,4978.0,4974.7,4975.9,424
2025-06-17T11:23:00+05:30,4976.6,4977.3,4970.3,4970.4,1787
2025-06-17T11:24:00+05:30,4970.4,4974.5,4970.3,4974.5,630
2025-06-17T11:25:00+05:30,4970.7,4972.8,4970.4,4972.4,605
2025-06-17T11:26:00+05:30,4972.4,4972.4,4971.9,4972.2,345
2025-06-17T11:27:00+05:30,4974.4,4974.5,4965.0,4965.0,1518
2025-06-17T11:28:00+05:30,4967.0,4967.0,4960.1,4962.8,758
2025-06-17T11:29:00+05:30,4963.4,4963.6,4962.0,4963.1,494
2025-06-17T11:30:00+05:30,4962.1,4965.9,4962.1,4964.9,813
2025-06-17T11:31:00+05:30,4965.1,4965.7,4963.2,4965.1,449
2025-06-17T11:32:00+05:30,4965.9,4968.7,4965.5,4966.3,442
2025-06-17T11:33:00+05:30,4967.0,4970.1,4966.6,4968.5,243
2025-06-17T11:34:00+05:30,4969.5,4972.0,4967.4,4968.5,370
2025-06-17T11:35:00+05:30,4970.1,4972.0,4968.1,4971.7,567
2025-06-17T11:36:00+05:30,4971.7,4972.0,4969.0,4969.8,461
2025-06-17T11:37:00+05:30,4970.1,4971.1,4968.1,4971.1,545
2025-06-17T11:38:00+05:30,4971.1,4974.7,4969.7,4972.0,609
2025-06-17T11:39:00+05:30,4972.0,4972.0,4966.6,4966.7,691
2025-06-17T11:40:00+05:30,4967.8,4972.0,4967.8,4972.0,327
2025-06-17T11:41:00+05:30,4972.0,4973.7,4966.3,4969.9,506
2025-06-17T11:42:00+05:30,4967.9,4967.9,4966.3,4967.9,211
2025-06-17T11:43:00+05:30,4968.1,4969.2,4965.6,4967.0,316
2025-06-17T11:44:00+05:30,4965.6,4965.6,4960.4,4965.5,1373
2025-06-17T11:45:00+05:30,4965.5,4967.0,4965.3,4967.0,247
2025-06-17T11:46:00+05:30,4968.4,4972.0,4968.4,4971.8,449
2025-06-17T11:47:00+05:30,4970.2,4970.2,4965.9,4967.4,253
2025-06-17T11:48:00+05:30,4965.3,4966.1,4963.3,4965.7,218
2025-06-17T11:49:00+05:30,4965.7,4967.0,4963.5,4963.5,549
2025-06-17T11:50:00+05:30,4963.5,4964.1,4958.3,4960.2,307
2025-06-17T11:51:00+05:30,4960.0,4960.1,4957.5,4959.2,340
2025-06-17T11:52:00+05:30,4958.2,4958.3,4955.8,4958.0,228
2025-06-17T11:53:00+05:30,4956.4,4956.4,4956.3,4956.4,171
2025-06-17T11:54:00+05:30,4956.8,4962.9,4956.8,4962.9,251
2025-06-17T11:55:00+05:30,4963.8,4969.8,4961.7,4968.9,2136
2025-06-17T11:56:00+05:30,4968.2,4970.0,4964.5,4965.7,275
2025-06-17T11:57:00+05:30,4964.2,4967.5,4959.7,4959.7,1096
2025-06-17T11:58:00+05:30,4962.4,4962.8,4959.4,4961.4,239
2025-06-17T11:59:00+05:30,4961.4,4963.4,4960.8,4960.9,159
2025-06-17T12:00:00+05:30,4961.0,4961.8,4954.3,4961.8,700
2025-06-17T12:01:00+05:30,4958.2,4959.9,4956.1,4956.1,229
2025-06-17T12:02:00+05:30,4956.1,4956.9,4953.7,4953.7,516
2025-06-17T12:03:00+05:30,4953.9,4953.9,4950.0,4951.5,703
2025-06-17T12:04:00+05:30,4950.8,4951.5,4943.7,4946.6,753
2025-06-17T12:05:00+05:30,4948.0,4951.3,4946.6,4948.6,620
2025-06-17T12:06:00+05:30,4949.2,4950.4,4948.6,4948.9,215
2025-06-17T12:07:00+05:30,4949.2,4952.3,4948.7,4949.8,417
2025-06-17T12:08:00+05:30,4949.5,4955.2,4949.5,4955.2,392
2025-06-17T12:09:00+05:30,4953.8,4954.2,4949.7,4953.0,315
2025-06-17T12:10:00+05:30,4952.4,4956.1,4952.4,4954.6,663
2025-06-17T12:11:00+05:30,4954.6,4961.0,4953.6,4961.0,631
2025-06-17T12:12:00+05:30,4960.0,4961.8,4955.0,4956.6,315
2025-06-17T12:13:00+05:30,4957.9,4957.9,4950.0,4953.3,229
2025-06-17T12:14:00+05:30,4954.3,4954.3,4949.2,4950.3,325
2025-06-17T12:15:00+05:30,4951.4,4954.0,4948.2,4953.9,331
2025-06-17T12:16:00+05:30,4952.9,4952.9,4948.5,4949.7,200
2025-06-17T12:17:00+05:30,4953.1,4953.5,4949.2,4952.0,265
2025-06-17T12:18:00+05:30,4952.1,4954.3,4952.0,4953.8,289
2025-06-17T12:19:00+05:30,4954.8,4956.2,4953.9,4954.5,224
2025-06-17T12:20:00+05:30,4956.2,4957.9,4953.6,4955.6,313
2025-06-17T12:21:00+05:30,4955.2,4955.2,4951.8,4951.8,225
2025-06-17T12:22:00+05:30,4953.0,4957.6,4953.0,4954.4,365
2025-06-17T12:23:00+05:30,4954.4,4961.8,4952.6,4961.8,1363
2025-06-17T12:24:00+05:30,4961.7,4961.7,4955.9,4958.6,490
2025-06-17T12:25:00+05:30,4958.1,4958.1,4956.0,4957.4,205
2025-06-17T12:26:00+05:30,4957.4,4958.0,4954.0,4955.4,235
2025-06-17T12:27:00+05:30,4954.2,4958.3,4951.8,4958.3,490
2025-06-17T12:28:00+05:30,4955.9,4959.5,4955.9,4957.9,328
2025-06-17T12:29:00+05:30,4957.9,4957.9,4956.6,4956.9,213
2025-06-17T12:30:00+05:30,4956.9,4961.8,4955.0,4961.8,475
2025-06-17T12:31:00+05:30,4960.0,4960.2,4958.1,4959.1,372
2025-06-17T12:32:00+05:30,4961.3,4961.8,4958.2,4958.2,237
2025-06-17T12:33:00+05:30,4958.4,4960.3,4958.3,4959.1,258
2025-06-17T12:34:00+05:30,4958.0,4960.5,4956.0,4957.5,1747
2025-06-17T12:35:00+05:30,4957.4,4957.4,4956.0,4957.1,179
2025-06-17T12:36:00+05:30,4957.4,4957.4,4956.1,4956.7,240
2025-06-17T12:37:00+05:30,4956.7,4964.4,4956.7,4964.4,1742
2025-06-17T12:38:00+05:30,4963.7,4963.7,4961.3,4961.3,231
2025-06-17T12:39:00+05:30,4962.7,4962.7,4958.2,4959.5,172
2025-06-17T12:40:00+05:30,4959.4,4962.8,4959.4,4962.0,480
2025-06-17T12:41:00+05:30,4961.9,4966.6,4961.8,4964.3,461
2025-06-17T12:42:00+05:30,4962.7,4964.0,4961.6,4962.5,520
2025-06-17T12:43:00+05:30,4962.3,4962.3,4958.7,4959.1,354
2025-06-17T12:44:00+05:30,4958.9,4958.9,4951.6,4954.3,446
2025-06-17T12:45:00+05:30,4951.6,4955.2,4951.6,4954.3,481
2025-06-17T12:46:00+05:30,4952.5,4957.2,4952.5,4952.7,273
2025-06-17T12:47:00+05:30,4954.0,4954.8,4953.1,4954.8,211
2025-06-17T12:48:00+05:30,4953.6,4955.0,4951.1,4951.1,176
2025-06-17T12:49:00+05:30,4951.1,4951.2,4947.9,4949.0,1422
2025-06-17T12:50:00+05:30,4948.3,4948.3,4940.1,4942.4,430
2025-06-17T12:51:00+05:30,4942.4,4942.4,4939.8,4939.8,310
2025-06-17T12:52:00+05:30,4939.1,4942.0,4939.1,4939.9,349
2025-06-17T12:53:00+05:30,4938.2,4939.3,4935.6,4935.6,273
2025-06-17T12:54:00+05:30,4936.0,4940.4,4936.0,4940.4,364
2025-06-17T12:55:00+05:30,4939.1,4939.1,4935.0,4936.1,380
2025-06-17T12:56:00+05:30,4935.5,4938.6,4935.5,4938.6,484
2025-06-17T12:57:00+05:30,4938.3,4941.8,4936.6,4938.4,311
2025-06-17T12:58:00+05:30,4939.0,4942.2,4938.9,4940.9,215
2025-06-17T12:59:00+05:30,4941.1,4944.7,4941.0,4944.4,215
2025-06-17T13:00:00+05:30,4944.7,4945.7,4944.1,4944.4,270
2025-06-17T13:01:00+05:30,4943.3,4948.0,4942.1,4945.9,407
2025-06-17T13:02:00+05:30,4947.9,4950.4,4946.7,4947.3,452
2025-06-17T13:03:00+05:30,4947.8,4953.5,4947.1,4947.3,571
2025-06-17T13:04:00+05:30,4947.5,4947.8,4947.4,4947.8,137
2025-06-17T13:05:00+05:30,4947.8,4951.0,4947.8,4949.3,419
2025-06-17T13:06:00+05:30,4952.3,4955.8,4950.3,4952.1,386
2025-06-17T13:07:00+05:30,4950.3,4954.0,4948.1,4951.8,376
2025-06-17T13:08:00+05:30,4951.5,4951.5,4946.7,4947.1,355
2025-06-17T13:09:00+05:30,4947.7,4952.9,4947.7,4950.6,276
2025-06-17T13:10:00+05:30,4949.4,4953.0,4948.5,4953.0,347
2025-06-17T13:11:00+05:30,4953.6,4955.0,4950.5,4955.0,602
2025-06-17T13:12:00+05:30,4956.7,4956.8,4950.0,4955.3,231
2025-06-17T13:13:00+05:30,4952.3,4954.2,4950.6,4952.5,177
2025-06-17T13:14:00+05:30,4952.5,4957.6,4951.9,4957.6,430
2025-06-17T13:15:00+05:30,4952.7,4954.6,4951.0,4954.6,247
2025-06-17T13:16:00+05:30,4954.7,4956.5,4953.1,4956.0,185
2025-06-17T13:17:00+05:30,4956.4,4956.4,4952.0,4956.0,260
2025-06-17T13:18:00+05:30,4954.2,4954.2,4950.3,4950.3,216
2025-06-17T13:19:00+05:30,4953.8,4955.1,4951.0,4954.2,342
2025-06-17T13:20:00+05:30,4952.1,4952.3,4948.1,4952.0,340
2025-06-17T13:21:00+05:30,4950.3,4950.3,4948.4,4950.1,582
2025-06-17T13:22:00+05:30,4950.8,4955.9,4950.0,4951.1,543
2025-06-17T13:23:00+05:30,4952.8,4956.2,4952.8,4954.0,373
2025-06-17T13:24:00+05:30,4955.6,4957.5,4953.9,4955.2,258
2025-06-17T13:25:00+05:30,4956.5,4964.0,4956.2,4963.7,697
2025-06-17T13:26:00+05:30,4963.1,4964.5,4958.8,4959.3,2989
2025-06-17T13:27:00+05:30,4959.1,4961.9,4957.8,4961.9,265
2025-06-17T13:28:00+05:30,4961.2,4963.4,4961.0,4963.4,204
2025-06-17T13:29:00+05:30,4963.4,4965.3,4960.5,4961.7,431
2025-06-17T13:30:00+05:30,4959.5,4963.4,4959.0,4963.4,303
2025-06-17T13:31:00+05:30,4963.6,4964.1,4960.5,4964.1,480
2025-06-17T13:32:00+05:30,4961.4,4970.4,4961.4,4967.0,915
2025-06-17T13:33:00+05:30,4969.1,4972.4,4965.2,4968.5,446
2025-06-17T13:34:00+05:30,4968.5,4968.5,4966.2,4966.3,364
2025-06-17T13:35:00+05:30,4966.3,4968.9,4964.0,4968.9,633
2025-06-17T13:36:00+05:30,4965.4,4969.4,4963.8,4969.4,463
2025-06-17T13:37:00+05:30,4967.0,4968.3,4963.7,4966.9,377
2025-06-17T13:38:00+05:30,4966.3,4968.3,4963.6,4966.5,274
2025-06-17T13:39:00+05:30,4965.8,4968.3,4964.9,4966.7,348
2025-06-17T13:40:00+05:30,4966.0,4969.9,4963.5,4963.5,442
2025-06-17T13:41:00+05:30,4964.6,4968.0,4964.6,4967.2,319
2025-06-17T13:42:00+05:30,4965.9,4970.0,4964.2,4965.4,1603
2025-06-17T13:43:00+05:30,4965.2,4967.2,4962.5,4965.9,1558
2025-06-17T13:44:00+05:30,4967.0,4968.2,4965.3,4965.3,318
2025-06-17T13:45:00+05:30,4964.5,4964.5,4958.6,4963.2,410
2025-06-17T13:46:00+05:30,4961.9,4961.9,4955.0,4955.0,412
2025-06-17T13:47:00+05:30,4956.0,4959.0,4955.3,4955.9,543
2025-06-17T13:48:00+05:30,4955.9,4956.5,4950.3,4950.3,443
2025-06-17T13:49:00+05:30,4951.5,4956.0,4949.6,4953.5,564
2025-06-17T13:50:00+05:30,4952.2,4954.2,4949.3,4949.3,786
2025-06-17T13:51:00+05:30,4951.4,4957.5,4951.4,4955.3,571
2025-06-17T13:52:00+05:30,4957.9,4961.0,4956.4,4960.7,423
2025-06-17T13:53:00+05:30,4959.6,4959.6,4954.8,4954.8,447
2025-06-17T13:54:00+05:30,4956.4,4958.0,4953.8,4954.2,415
2025-06-17T13:55:00+05:30,4956.1,4958.7,4954.9,4954.9,254
2025-06-17T13:56:00+05:30,4955.8,4959.1,4955.0,4957.4,171
2025-06-17T13:57:00+05:30,4959.1,4963.2,4958.1,4960.0,323
2025-06-17T13:58:00+05:30,4959.4,4962.2,4956.5,4956.5,316
2025-06-17T13:59:00+05:30,4957.6,4961.4,4956.1,4961.4,511
2025-06-17T14:00:00+05:30,4959.8,4959.8,4955.8,4955.8,166
2025-06-17T14:01:00+05:30,4955.9,4959.9,4955.9,4959.9,332
2025-06-17T14:02:00+05:30,4957.6,4959.8,4956.1,4958.9,428
2025-06-17T14:03:00+05:30,4961.1,4962.2,4960.0,4960.0,245
2025-06-17T14:04:00+05:30,4960.2,4962.2,4960.2,4960.5,223
2025-06-17T14:05:00+05:30,4960.4,4960.4,4958.8,4959.8,255
2025-06-17T14:06:00+05:30,4959.8,4965.2,4959.8,4965.2,425
2025-06-17T14:07:00+05:30,4964.0,4965.8,4959.2,4960.9,796
2025-06-17T14:08:00+05:30,4959.3,4959.5,4958.7,4959.1,148
2025-06-17T14:09:00+05:30,4960.3,4962.0,4958.5,4962.0,200
2025-06-17T14:10:00+05:30,4960.1,4963.7,4960.1,4962.8,242
2025-06-17T14:11:00+05:30,4963.3,4964.6,4961.9,4964.6,199
2025-06-17T14:12:00+05:30,4963.2,4963.2,4960.7,4961.0,268
2025-06-17T14:13:00+05:30,4961.0,4962.3,4960.3,4960.3,182
2025-06-17T14:14:00+05:30,4960.2,4960.8,4958.6,4959.6,213
2025-06-17T14:15:00+05:30,4960.4,4962.3,4960.4,4961.1,228
2025-06-17T14:16:00+05:30,4962.3,4963.6,4960.2,4961.8,481
2025-06-17T14:17:00+05:30,4962.5,4963.6,4959.4,4962.3,259
2025-06-17T14:18:00+05:30,4962.1,4969.8,4960.2,4968.5,619
2025-06-17T14:19:00+05:30,4968.5,4972.6,4964.3,4970.0,2653
2025-06-17T14:20:00+05:30,4969.9,4977.6,4968.7,4974.6,3364
2025-06-17T14:21:00+05:30,4974.7,4975.0,4968.3,4969.0,3762
2025-06-17T14:22:00+05:30,4969.0,4979.8,4969.0,4978.5,4068
2025-06-17T14:23:00+05:30,4978.9,4978.9,4970.1,4975.4,287
2025-06-17T14:24:00+05:30,4976.8,4976.8,4972.2,4974.7,258
2025-06-17T14:25:00+05:30,4972.6,4975.0,4970.2,4973.5,852
2025-06-17T14:26:00+05:30,4970.5,4972.5,4969.9,4972.5,185
2025-06-17T14:27:00+05:30,4973.9,4977.2,4972.9,4975.0,226
2025-06-17T14:28:00+05:30,4975.0,4977.0,4974.0,4977.0,338
2025-06-17T14:29:00+05:30,4976.6,4979.2,4976.0,4977.6,171
2025-06-17T14:30:00+05:30,4977.6,4977.6,4974.0,4974.0,338
2025-06-17T14:31:00+05:30,4974.7,4978.0,4970.1,4971.9,1399
2025-06-17T14:32:00+05:30,4971.9,4973.1,4971.1,4971.1,166
2025-06-17T14:33:00+05:30,4970.0,4970.8,4964.1,4964.1,2438
2025-06-17T14:34:00+05:30,4962.9,4964.9,4960.7,4964.9,783
2025-06-17T14:35:00+05:30,4964.9,4964.9,4959.0,4959.5,1290
2025-06-17T14:36:00+05:30,4961.0,4961.0,4955.7,4955.7,606
2025-06-17T14:37:00+05:30,4957.4,4958.6,4955.4,4957.7,644
2025-06-17T14:38:00+05:30,4957.7,4963.9,4957.3,4961.9,1430
2025-06-17T14:39:00+05:30,4962.0,4963.2,4957.1,4958.6,600
2025-06-17T14:40:00+05:30,4958.6,4960.9,4957.9,4960.9,673
2025-06-17T14:41:00+05:30,4961.0,4965.1,4959.7,4962.5,932
2025-06-17T14:42:00+05:30,4963.9,4968.2,4961.4,4966.6,776
2025-06-17T14:43:00+05:30,4968.2,4970.0,4963.1,4963.1,1503
2025-06-17T14:44:00+05:30,4965.8,4968.7,4962.5,4968.7,1004
2025-06-17T14:45:00+05:30,4968.6,4975.5,4967.5,4972.2,2609
2025-06-17T14:46:00+05:30,4972.2,4974.5,4968.6,4974.5,1114
2025-06-17T14:47:00+05:30,4975.0,4975.0,4969.8,4969.8,1143
2025-06-17T14:48:00+05:30,4966.2,4971.7,4966.0,4970.4,934
2025-06-17T14:49:00+05:30,4970.4,4976.2,4968.6,4975.0,1349
2025-06-17T14:50:00+05:30,4975.0,4982.7,4975.0,4982.7,1538
2025-06-17T14:51:00+05:30,4981.3,4982.4,4976.3,4977.5,1165
2025-06-17T14:52:00+05:30,4979.1,4979.1,4975.0,4977.4,1163
2025-06-17T14:53:00+05:30,4977.3,4977.3,4974.3,4976.9,513
2025-06-17T14:54:00+05:30,4977.0,4977.0,4973.6,4973.8,731
2025-06-17T14:55:00+05:30,4975.0,4978.1,4973.8,4975.3,996
2025-06-17T14:56:00+05:30,4977.4,4977.4,4969.1,4971.6,629
2025-06-17T14:57:00+05:30,4972.0,4972.8,4970.1,4972.8,532
2025-06-17T14:58:00+05:30,4972.0,4980.9,4970.2,4973.2,1741
2025-06-17T14:59:00+05:30,4973.1,4979.7,4971.6,4979.7,1979
2025-06-17T15:00:00+05:30,4976.4,4986.3,4976.4,4979.0,2029
2025-06-17T15:01:00+05:30,4981.0,4982.3,4979.9,4981.3,890
2025-06-17T15:02:00+05:30,4981.3,4981.3,4972.5,4973.7,3340
2025-06-17T15:03:00+05:30,4975.1,4978.1,4974.0,4976.9,1059
2025-06-17T15:04:00+05:30,4977.4,4977.4,4974.2,4976.4,1201
2025-06-17T15:05:00+05:30,4976.1,4981.3,4975.9,4981.1,1172
2025-06-17T15:06:00+05:30,4981.1,4981.1,4976.5,4978.5,758
2025-06-17T15:07:00+05:30,4978.5,4984.5,4976.6,4981.3,2717
2025-06-17T15:08:00+05:30,4981.3,4981.7,4977.9,4981.6,352
2025-06-17T15:09:00+05:30,4982.2,4987.0,4981.8,4987.0,3667
2025-06-17T15:10:00+05:30,4987.2,4988.2,4983.8,4986.4,1549
2025-06-17T15:11:00+05:30,4986.2,4989.2,4985.1,4986.3,2069
2025-06-17T15:12:00+05:30,4988.3,4988.5,4985.0,4985.7,739
2025-06-17T15:13:00+05:30,4985.6,4989.8,4985.6,4987.2,1986
2025-06-17T15:14:00+05:30,4987.2,4988.4,4985.7,4986.4,754
2025-06-17T15:15:00+05:30,4986.5,4987.0,4983.6,4984.6,1484
2025-06-17T15:16:00+05:30,4985.3,4989.0,4984.6,4987.6,1298
2025-06-17T15:17:00+05:30,4987.9,4987.9,4987.5,4987.8,1737
2025-06-17T15:18:00+05:30,4987.9,4991.0,4987.9,4988.6,1829
2025-06-17T15:19:00+05:30,4989.1,4989.1,4986.1,4986.1,1169
2025-06-17T15:20:00+05:30,4986.1,4989.2,4985.4,4987.3,2176
2025-06-17T15:21:00+05:30,4987.5,4987.5,4987.3,4987.4,566
2025-06-17T15:22:00+05:30,4987.4,4987.4,4982.0,4982.0,2982
2025-06-17T15:23:00+05:30,4982.0,4982.0,4981.2,4981.2,1449
2025-06-17T15:24:00+05:30,4980.9,4980.9,4980.4,4980.5,940
2025-06-17T15:25:00+05:30,4980.5,4986.5,4980.5,4985.6,2499
2025-06-17T15:26:00+05:30,4985.7,4986.6,4981.0,4982.6,3566
2025-06-17T15:27:00+05:30,4982.6,4982.6,4982.4,4982.5,1156
2025-06-17T15:28:00+05:30,4982.5,4986.6,4976.3,4980.0,2395
2025-06-17T15:29:00+05:30,4980.2,4986.0,4975.6,4975.7,478
2025-06-18T09:15:00+05:30,5008.8,5012.0,4976.1,4980.6,2570
2025-06-18T09:16:00+05:30,4978.5,4980.7,4966.0,4967.2,1457
2025-06-18T09:17:00+05:30,4969.2,4979.0,4967.0,4979.0,946
2025-06-18T09:18:00+05:30,4978.9,4978.9,4968.0,4972.3,552
2025-06-18T09:19:00+05:30,4970.0,4970.0,4955.0,4961.1,2340
2025-06-18T09:20:00+05:30,4959.4,4959.4,4948.8,4953.3,618
2025-06-18T09:21:00+05:30,4955.3,4967.1,4952.4,4964.5,1024
2025-06-18T09:22:00+05:30,4963.0,4970.5,4960.8,4968.2,976
2025-06-18T09:23:00+05:30,4968.2,4969.3,4963.2,4968.3,901
2025-06-18T09:24:00+05:30,4968.0,4968.0,4963.4,4964.8,597
2025-06-18T09:25:00+05:30,4965.2,4969.4,4963.2,4967.0,708
2025-06-18T09:26:00+05:30,4969.3,4977.4,4965.3,4975.4,847
2025-06-18T09:27:00+05:30,4976.5,4976.5,4969.0,4972.1,675
2025-06-18T09:28:00+05:30,4970.7,4973.4,4965.0,4968.0,1780
2025-06-18T09:29:00+05:30,4969.7,4975.3,4967.4,4975.3,868
2025-06-18T09:30:00+05:30,4971.9,4972.7,4970.6,4972.7,515
2025-06-18T09:31:00+05:30,4973.2,4973.2,4969.0,4972.7,949
2025-06-18T09:32:00+05:30,4971.8,4978.1,4971.8,4975.9,1626
2025-06-18T09:33:00+05:30,4973.9,4973.9,4969.5,4969.5,621
2025-06-18T09:34:00+05:30,4968.0,4984.1,4965.1,4984.1,2308
2025-06-18T09:35:00+05:30,4985.0,4985.0,4972.8,4976.5,1126
2025-06-18T09:36:00+05:30,4976.5,4977.9,4970.6,4976.1,943
2025-06-18T09:37:00+05:30,4974.6,4978.1,4973.2,4975.6,704
2025-06-18T09:38:00+05:30,4976.9,4980.0,4976.9,4978.6,315
2025-06-18T09:39:00+05:30,4978.6,4987.0,4977.6,4987.0,1507
2025-06-18T09:40:00+05:30,4989.7,4990.0,4984.1,4990.0,2446
2025-06-18T09:41:00+05:30,4988.6,4988.6,4985.0,4987.7,376
2025-06-18T09:42:00+05:30,4987.2,4988.4,4985.0,4985.0,1227
2025-06-18T09:43:00+05:30,4981.7,4981.7,4974.0,4975.0,957
2025-06-18T09:44:00+05:30,4975.0,4979.7,4969.0,4969.9,1347
2025-06-18T09:45:00+05:30,4971.6,4971.6,4965.6,4968.2,1259
2025-06-18T09:46:00+05:30,4966.5,4967.1,4960.1,4963.4,866
2025-06-18T09:47:00+05:30,4964.3,4968.1,4964.3,4968.1,511
2025-06-18T09:48:00+05:30,4968.1,4970.9,4965.0,4970.4,330
2025-06-18T09:49:00+05:30,4971.4,4971.4,4966.0,4966.0,311
2025-06-18T09:50:00+05:30,4968.0,4971.2,4966.0,4968.0,418
2025-06-18T09:51:00+05:30,4968.0,4968.0,4963.2,4965.0,688
2025-06-18T09:52:00+05:30,4964.0,4966.3,4960.4,4961.1,1904
2025-06-18T09:53:00+05:30,4961.1,4963.1,4960.0,4960.2,495
2025-06-18T09:54:00+05:30,4961.3,4961.9,4955.0,4961.0,1167
2025-06-18T09:55:00+05:30,4961.0,4964.2,4959.4,4961.6,472
2025-06-18T09:56:00+05:30,4961.4,4962.0,4960.0,4961.3,374
2025-06-18T09:57:00+05:30,4960.0,4961.3,4960.0,4961.3,228
2025-06-18T09:58:00+05:30,4960.0,4960.7,4956.3,4960.7,495
2025-06-18T09:59:00+05:30,4960.1,4962.4,4959.2,4962.4,340
2025-06-18T10:00:00+05:30,4962.4,4962.4,4955.0,4956.2,546
2025-06-18T10:01:00+05:30,4956.5,4961.3,4955.0,4956.5,925
2025-06-18T10:02:00+05:30,4955.0,4955.6,4950.1,4950.2,388
2025-06-18T10:03:00+05:30,4951.9,4957.0,4950.3,4957.0,292
2025-06-18T10:04:00+05:30,4956.5,4958.3,4951.3,4958.2,780
2025-06-18T10:05:00+05:30,4958.0,4960.9,4955.5,4957.5,489
2025-06-18T10:06:00+05:30,4956.2,4959.9,4956.2,4958.7,197
2025-06-18T10:07:00+05:30,4958.0,4959.5,4955.2,4955.4,913
2025-06-18T10:08:00+05:30,4955.0,4957.0,4952.2,4956.8,524
2025-06-18T10:09:00+05:30,4955.2,4959.0,4955.1,4956.5,366
2025-06-18T10:10:00+05:30,4956.5,4960.0,4956.5,4958.6,324
2025-06-18T10:11:00+05:30,4958.4,4958.6,4955.5,4955.5,177
2025-06-18T10:12:00+05:30,4956.6,4957.4,4953.5,4954.2,528
2025-06-18T10:13:00+05:30,4954.2,4962.1,4952.2,4962.1,518
2025-06-18T10:14:00+05:30,4962.0,4967.1,4959.7,4964.9,1695
2025-06-18T10:15:00+05:30,4965.5,4967.8,4960.5,4960.6,605
2025-06-18T10:16:00+05:30,4962.2,4962.2,4957.0,4960.4,338
2025-06-18T10:17:00+05:30,4960.4,4961.7,4958.0,4961.5,245
2025-06-18T10:18:00+05:30,4960.5,4961.4,4957.4,4961.4,221
2025-06-18T10:19:00+05:30,4959.0,4960.7,4958.9,4960.7,368
2025-06-18T10:20:00+05:30,4960.7,4960.7,4958.0,4958.0,260
2025-06-18T10:21:00+05:30,4958.5,4960.1,4957.1,4957.6,284
2025-06-18T10:22:00+05:30,4960.1,4960.1,4958.1,4958.1,200
2025-06-18T10:23:00+05:30,4957.0,4958.4,4952.0,4952.2,326
2025-06-18T10:24:00+05:30,4953.6,4956.1,4947.4,4950.5,881
2025-06-18T10:25:00+05:30,4950.2,4955.9,4950.2,4952.3,386
2025-06-18T10:26:00+05:30,4952.3,4952.3,4947.8,4949.1,295
2025-06-18T10:27:00+05:30,4950.7,4953.5,4949.2,4950.4,712
2025-06-18T10:28:00+05:30,4952.1,4957.0,4952.1,4955.7,537
2025-06-18T10:29:00+05:30,4954.9,4954.9,4951.0,4951.0,233
2025-06-18T10:30:00+05:30,4953.3,4954.5,4951.1,4951.3,1119
2025-06-18T10:31:00+05:30,4951.3,4952.6,4949.1,4951.5,521
2025-06-18T10:32:00+05:30,4951.5,4953.0,4947.6,4950.8,454
2025-06-18T10:33:00+05:30,4950.8,4950.8,4948.0,4948.0,302
2025-06-18T10:34:00+05:30,4948.0,4948.0,4938.3,4942.0,2184
2025-06-18T10:35:00+05:30,4939.9,4942.0,4939.9,4941.0,695
2025-06-18T10:36:00+05:30,4941.0,4941.6,4940.1,4941.1,406
2025-06-18T10:37:00+05:30,4941.4,4945.8,4941.4,4945.8,694
2025-06-18T10:38:00+05:30,4945.8,4953.2,4945.8,4953.2,640
2025-06-18T10:39:00+05:30,4951.4,4960.4,4951.1,4953.3,2396
2025-06-18T10:40:00+05:30,4952.4,4959.1,4952.4,4956.6,537
2025-06-18T10:41:00+05:30,4954.3,4957.1,4953.8,4957.1,661
2025-06-18T10:42:00+05:30,4957.7,4957.7,4953.0,4953.3,1636
2025-06-18T10:43:00+05:30,4953.1,4954.4,4953.0,4954.0,835
2025-06-18T10:44:00+05:30,4954.0,4954.8,4953.0,4953.0,534
2025-06-18T10:45:00+05:30,4951.7,4951.7,4942.4,4942.9,473
2025-06-18T10:46:00+05:30,4943.5,4945.5,4940.5,4944.7,1064
2025-06-18T10:47:00+05:30,4944.4,4947.4,4943.3,4947.0,480
2025-06-18T10:48:00+05:30,4947.4,4949.0,4945.0,4945.0,270
2025-06-18T10:49:00+05:30,4945.0,4948.3,4940.7,4946.0,486
2025-06-18T10:50:00+05:30,4944.3,4946.0,4943.3,4946.0,251
2025-06-18T10:51:00+05:30,4945.9,4947.0,4940.1,4940.1,695
2025-06-18T10:52:00+05:30,4940.5,4940.8,4930.1,4935.6,2094
2025-06-18T10:53:00+05:30,4934.3,4936.3,4928.8,4931.6,1561
2025-06-18T10:54:00+05:30,4931.0,4933.6,4928.4,4931.5,538
2025-06-18T10:55:00+05:30,4930.7,4932.9,4930.6,4932.1,603
2025-06-18T10:56:00+05:30,4930.6,4930.6,4928.4,4929.4,438
2025-06-18T10:57:00+05:30,4930.3,4930.7,4928.4,4928.4,500
2025-06-18T10:58:00+05:30,4929.0,4933.7,4928.4,4933.3,282
2025-06-18T10:59:00+05:30,4933.3,4933.3,4930.0,4933.0,618
2025-06-18T11:00:00+05:30,4932.4,4932.4,4927.0,4927.3,857
2025-06-18T11:01:00+05:30,4928.2,4930.9,4928.0,4930.4,450
2025-06-18T11:02:00+05:30,4930.4,4932.0,4929.9,4930.8,277
2025-06-18T11:03:00+05:30,4932.0,4932.0,4930.0,4930.1,175
2025-06-18T11:04:00+05:30,4931.9,4932.6,4930.2,4932.5,221
2025-06-18T11:05:00+05:30,4932.5,4934.1,4930.0,4932.9,367
2025-06-18T11:06:00+05:30,4934.1,4935.5,4933.4,4935.1,306
2025-06-18T11:07:00+05:30,4934.0,4945.2,4930.3,4942.2,1840
2025-06-18T11:08:00+05:30,4940.3,4947.7,4939.7,4944.9,500
2025-06-18T11:09:00+05:30,4945.1,4948.7,4942.7,4944.7,1019
2025-06-18T11:10:00+05:30,4944.6,4948.9,4944.0,4946.5,1122
2025-06-18T11:11:00+05:30,4946.5,4946.5,4941.9,4944.9,309
2025-06-18T11:12:00+05:30,4943.7,4944.9,4941.5,4943.0,186
2025-06-18T11:13:00+05:30,4942.5,4948.0,4940.8,4948.0,255
2025-06-18T11:14:00+05:30,4946.1,4954.7,4946.1,4952.6,1279
2025-06-18T11:15:00+05:30,4952.8,4953.9,4948.3,4952.9,309
2025-06-18T11:16:00+05:30,4952.8,4952.8,4946.6,4948.6,205
2025-06-18T11:17:00+05:30,4948.1,4948.6,4945.1,4946.1,447
2025-06-18T11:18:00+05:30,4946.5,4947.5,4944.4,4946.0,457
2025-06-18T11:19:00+05:30,4944.7,4946.6,4944.6,4946.5,479
2025-06-18T11:20:00+05:30,4945.2,4945.8,4942.7,4942.8,213
2025-06-18T11:21:00+05:30,4942.8,4942.8,4936.7,4937.1,249
2025-06-18T11:22:00+05:30,4937.7,4942.8,4937.1,4942.8,1152
2025-06-18T11:23:00+05:30,4942.8,4942.8,4938.1,4938.1,457
2025-06-18T11:24:00+05:30,4938.2,4940.6,4938.1,4938.7,565
2025-06-18T11:25:00+05:30,4939.4,4939.8,4935.3,4939.1,402
2025-06-18T11:26:00+05:30,4938.8,4938.8,4935.1,4935.3,259
2025-06-18T11:27:00+05:30,4937.6,4938.7,4935.8,4937.1,242
2025-06-18T11:28:00+05:30,4935.4,4937.3,4935.1,4936.3,246
2025-06-18T11:29:00+05:30,4936.3,4939.0,4935.5,4937.5,762
2025-06-18T11:30:00+05:30,4937.7,4937.7,4931.4,4933.7,511
2025-06-18T11:31:00+05:30,4934.0,4937.2,4931.1,4932.9,534
2025-06-18T11:32:00+05:30,4930.9,4934.6,4930.0,4932.0,942
2025-06-18T11:33:00+05:30,4932.4,4932.9,4928.3,4930.0,930
2025-06-18T11:34:00+05:30,4930.6,4931.1,4927.2,4931.1,398
2025-06-18T11:35:00+05:30,4931.1,4936.2,4927.7,4933.5,340
2025-06-18T11:36:00+05:30,4933.4,4940.6,4932.0,4937.3,1014
2025-06-18T11:37:00+05:30,4937.8,4938.2,4935.7,4938.2,215
2025-06-18T11:38:00+05:30,4938.2,4942.0,4938.2,4939.7,235
2025-06-18T11:39:00+05:30,4941.7,4943.7,4940.8,4940.9,330
2025-06-18T11:40:00+05:30,4942.2,4944.5,4939.0,4941.9,494
2025-06-18T11:41:00+05:30,4939.8,4944.0,4939.8,4941.9,352
2025-06-18T11:42:00+05:30,4942.3,4947.0,4942.3,4944.5,442
2025-06-18T11:43:00+05:30,4946.7,4946.7,4940.0,4942.4,901
2025-06-18T11:44:00+05:30,4942.4,4945.2,4940.2,4944.9,387
2025-06-18T11:45:00+05:30,4944.9,4945.9,4936.6,4937.1,919
2025-06-18T11:46:00+05:30,4937.3,4939.1,4936.3,4939.1,702
2025-06-18T11:47:00+05:30,4938.5,4940.3,4937.0,4940.3,185
2025-06-18T11:48:00+05:30,4940.3,4941.1,4937.8,4939.2,189
2025-06-18T11:49:00+05:30,4939.2,4943.5,4937.4,4943.5,415
2025-06-18T11:50:00+05:30,4942.9,4943.8,4941.1,4942.0,386
2025-06-18T11:51:00+05:30,4942.0,4943.4,4937.3,4942.8,871
2025-06-18T11:52:00+05:30,4942.8,4942.8,4940.6,4942.7,506
2025-06-18T11:53:00+05:30,4940.7,4942.7,4939.6,4940.7,332
2025-06-18T11:54:00+05:30,4940.3,4940.7,4936.0,4939.7,597
2025-06-18T11:55:00+05:30,4938.2,4940.8,4933.8,4937.3,387
2025-06-18T11:56:00+05:30,4936.9,4937.6,4935.1,4937.6,311
2025-06-18T11:57:00+05:30,4937.6,4937.6,4935.2,4936.4,559
2025-06-18T11:58:00+05:30,4935.3,4936.9,4933.9,4934.7,499
2025-06-18T11:59:00+05:30,4934.7,4938.2,4933.5,4938.0,361
2025-06-18T12:00:00+05:30,4936.6,4940.0,4935.6,4940.0,231
2025-06-18T12:01:00+05:30,4940.0,4942.2,4936.2,4939.6,830
2025-06-18T12:02:00+05:30,4939.5,4941.7,4937.3,4940.5,692
2025-06-18T12:03:00+05:30,4939.9,4947.5,4938.7,4947.0,598
2025-06-18T12:04:00+05:30,4946.5,4948.0,4942.8,4948.0,623
2025-06-18T12:05:00+05:30,4946.1,4946.3,4942.0,4944.2,254
2025-06-18T12:06:00+05:30,4944.2,4947.2,4941.2,4946.0,407
2025-06-18T12:07:00+05:30,4947.0,4949.7,4946.1,4949.6,607
2025-06-18T12:08:00+05:30,4947.7,4953.7,4947.0,4952.4,440
2025-06-18T12:09:00+05:30,4951.4,4951.9,4948.3,4949.9,440
2025-06-18T12:10:00+05:30,4948.0,4950.3,4946.8,4948.8,264
2025-06-18T12:11:00+05:30,4946.6,4946.9,4944.6,4946.2,178
2025-06-18T12:12:00+05:30,4945.1,4953.7,4945.1,4948.5,1744
2025-06-18T12:13:00+05:30,4946.9,4949.9,4946.7,4949.7,423
2025-06-18T12:14:00+05:30,4947.8,4949.7,4946.0,4946.9,489
2025-06-18T12:15:00+05:30,4949.3,4949.9,4945.4,4946.8,536
2025-06-18T12:16:00+05:30,4947.2,4948.3,4946.6,4948.3,214
2025-06-18T12:17:00+05:30,4948.1,4950.0,4945.0,4945.9,621
2025-06-18T12:18:00+05:30,4946.6,4947.5,4943.9,4947.2,426
2025-06-18T12:19:00+05:30,4945.8,4947.2,4942.9,4944.9,334
2025-06-18T12:20:00+05:30,4944.9,4944.9,4935.8,4935.8,1550
2025-06-18T12:21:00+05:30,4935.8,4938.8,4935.8,4938.2,507
2025-06-18T12:22:00+05:30,4939.7,4939.8,4935.0,4935.9,173
2025-06-18T12:23:00+05:30,4935.0,4935.3,4932.1,4933.3,549
2025-06-18T12:24:00+05:30,4934.2,4935.8,4933.4,4935.4,254
2025-06-18T12:25:00+05:30,4934.8,4938.0,4932.8,4933.5,2255
2025-06-18T12:26:00+05:30,4933.5,4936.5,4933.5,4935.0,433
2025-06-18T12:27:00+05:30,4935.2,4938.3,4933.1,4933.6,674
2025-06-18T12:28:00+05:30,4935.5,4939.9,4933.5,4934.5,722
2025-06-18T12:29:00+05:30,4933.4,4935.7,4930.6,4930.6,564
2025-06-18T12:30:00+05:30,4932.8,4935.5,4932.0,4932.8,461
2025-06-18T12:31:00+05:30,4932.9,4936.7,4932.0,4936.3,511
2025-06-18T12:32:00+05:30,4935.4,4937.9,4933.4,4937.1,529
2025-06-18T12:33:00+05:30,4936.9,4937.0,4934.4,4934.4,234
2025-06-18T12:34:00+05:30,4935.0,4936.2,4930.6,4933.1,1028
2025-06-18T12:35:00+05:30,4933.1,4934.5,4931.4,4931.7,202
2025-06-18T12:36:00+05:30,4931.6,4936.9,4931.6,4935.0,653
2025-06-18T12:37:00+05:30,4934.4,4935.0,4932.9,4934.9,200
2025-06-18T12:38:00+05:30,4933.2,4934.9,4931.6,4932.9,272
2025-06-18T12:39:00+05:30,4932.9,4939.8,4931.4,4933.1,1171
2025-06-18T12:40:00+05:30,4934.1,4934.2,4930.7,4933.0,720
2025-06-18T12:41:00+05:30,4933.0,4936.1,4930.0,4931.3,797
2025-06-18T12:42:00+05:30,4931.3,4932.9,4930.5,4932.6,466
2025-06-18T12:43:00+05:30,4930.5,4932.2,4930.0,4930.8,277
2025-06-18T12:44:00+05:30,4930.0,4931.6,4926.8,4927.0,658
2025-06-18T12:45:00+05:30,4927.0,4928.4,4922.6,4922.7,2328
2025-06-18T12:46:00+05:30,4922.5,4924.3,4921.0,4922.6,501
2025-06-18T12:47:00+05:30,4922.6,4923.0,4920.8,4920.8,447
2025-06-18T12:48:00+05:30,4921.0,4923.0,4920.8,4920.8,395
2025-06-18T12:49:00+05:30,4921.0,4921.0,4915.2,4915.7,1304
2025-06-18T12:50:00+05:30,4915.7,4917.0,4915.0,4917.0,2038
2025-06-18T12:51:00+05:30,4915.7,4917.5,4915.7,4916.4,365
2025-06-18T12:52:00+05:30,4917.1,4917.9,4913.7,4916.0,1127
2025-06-18T12:53:00+05:30,4914.9,4916.0,4913.1,4916.0,353
2025-06-18T12:54:00+05:30,4915.8,4916.9,4913.3,4915.7,302
2025-06-18T12:55:00+05:30,4913.7,4916.3,4913.3,4915.7,462
2025-06-18T12:56:00+05:30,4914.0,4916.3,4914.0,4916.3,157
2025-06-18T12:57:00+05:30,4916.3,4918.6,4915.5,4915.9,270
2025-06-18T12:58:00+05:30,4915.2,4918.0,4913.0,4915.0,3474
2025-06-18T12:59:00+05:30,4914.7,4918.1,4913.0,4915.6,3349
2025-06-18T13:00:00+05:30,4917.2,4919.7,4912.0,4917.2,1190
2025-06-18T13:01:00+05:30,4918.5,4920.0,4913.6,4915.7,2484
2025-06-18T13:02:00+05:30,4916.1,4917.6,4912.1,4913.5,3104
2025-06-18T13:03:00+05:30,4917.3,4918.0,4913.8,4915.9,2053
2025-06-18T13:04:00+05:30,4915.9,4921.2,4914.8,4921.2,236
2025-06-18T13:05:00+05:30,4923.3,4924.3,4919.0,4919.0,397
2025-06-18T13:06:00+05:30,4921.5,4924.8,4920.2,4924.1,324
2025-06-18T13:07:00+05:30,4924.1,4928.4,4922.4,4926.9,225
2025-06-18T13:08:00+05:30,4926.2,4926.2,4921.4,4922.0,388
2025-06-18T13:09:00+05:30,4922.0,4925.5,4922.0,4924.3,175
2025-06-18T13:10:00+05:30,4924.8,4926.9,4924.8,4925.6,228
2025-06-18T13:11:00+05:30,4926.9,4930.0,4925.5,4926.0,1213
2025-06-18T13:12:00+05:30,4926.0,4927.8,4925.2,4926.3,145
2025-06-18T13:13:00+05:30,4926.3,4927.5,4925.0,4927.2,129
2025-06-18T13:14:00+05:30,4927.2,4927.2,4925.3,4927.2,236
2025-06-18T13:15:00+05:30,4925.9,4927.4,4920.1,4920.2,1553
2025-06-18T13:16:00+05:30,4920.0,4920.0,4917.6,4917.7,159
2025-06-18T13:17:00+05:30,4918.6,4918.9,4914.1,4918.3,2676
2025-06-18T13:18:00+05:30,4917.6,4918.3,4913.6,4916.0,303
2025-06-18T13:19:00+05:30,4915.8,4916.4,4913.6,4913.9,153
2025-06-18T13:20:00+05:30,4913.9,4925.0,4913.2,4925.0,674
2025-06-18T13:21:00+05:30,4926.0,4926.0,4918.2,4919.8,442
2025-06-18T13:22:00+05:30,4920.9,4924.4,4920.9,4923.8,330
2025-06-18T13:23:00+05:30,4923.8,4925.9,4921.2,4924.1,776
2025-06-18T13:24:00+05:30,4924.0,4924.4,4920.1,4921.0,172
2025-06-18T13:25:00+05:30,4922.5,4922.5,4920.1,4920.1,187
2025-06-18T13:26:00+05:30,4920.9,4923.4,4919.0,4922.6,656
2025-06-18T13:27:00+05:30,4920.6,4921.5,4918.7,4921.5,126
2025-06-18T13:28:00+05:30,4920.2,4921.5,4918.6,4921.5,377
2025-06-18T13:29:00+05:30,4921.1,4924.9,4919.9,4921.4,612
2025-06-18T13:30:00+05:30,4921.2,4925.2,4919.6,4920.0,661
2025-06-18T13:31:00+05:30,4920.0,4921.2,4914.8,4917.6,1042
2025-06-18T13:32:00+05:30,4917.9,4919.3,4916.0,4916.0,348
2025-06-18T13:33:00+05:30,4916.0,4919.7,4915.5,4916.0,517
2025-06-18T13:34:00+05:30,4915.6,4917.9,4915.3,4916.1,254
2025-06-18T13:35:00+05:30,4916.2,4918.6,4916.2,4917.6,1340
2025-06-18T13:36:00+05:30,4917.1,4918.5,4915.1,4918.5,661
2025-06-18T13:37:00+05:30,4918.5,4921.2,4918.2,4920.1,1032
2025-06-18T13:38:00+05:30,4920.1,4921.4,4920.0,4920.2,442
2025-06-18T13:39:00+05:30,4921.6,4924.6,4918.7,4924.6,774
2025-06-18T13:40:00+05:30,4924.6,4924.6,4920.1,4924.3,571
2025-06-18T13:41:00+05:30,4924.3,4924.3,4921.5,4923.5,337
2025-06-18T13:42:00+05:30,4922.5,4924.1,4921.5,4921.5,311
2025-06-18T13:43:00+05:30,4923.2,4923.6,4921.6,4922.1,277
2025-06-18T13:44:00+05:30,4923.1,4923.1,4917.8,4917.8,624
2025-06-18T13:45:00+05:30,4919.2,4919.2,4916.0,4917.6,322
2025-06-18T13:46:00+05:30,4917.2,4923.9,4916.0,4921.7,812
2025-06-18T13:47:00+05:30,4921.7,4927.1,4921.7,4925.6,1981
2025-06-18T13:48:00+05:30,4925.0,4926.8,4925.0,4926.8,43
2025-06-18T13:49:00+05:30,4926.8,4931.4,4925.0,4930.9,1552
2025-06-18T13:50:00+05:30,4929.5,4929.6,4922.0,4923.0,1227
2025-06-18T13:51:00+05:30,4922.6,4923.0,4920.9,4923.0,636
2025-06-18T13:52:00+05:30,4922.3,4926.8,4920.9,4926.7,1014
2025-06-18T13:53:00+05:30,4925.8,4926.7,4925.5,4926.7,285
2025-06-18T13:54:00+05:30,4926.7,4926.7,4920.6,4925.7,3051
2025-06-18T13:55:00+05:30,4926.7,4928.0,4923.7,4924.2,120
2025-06-18T13:56:00+05:30,4924.0,4925.9,4921.3,4925.0,25220
2025-06-18T13:57:00+05:30,4923.6,4930.2,4923.6,4926.1,361
2025-06-18T13:58:00+05:30,4925.2,4928.3,4924.8,4926.6,210
2025-06-18T13:59:00+05:30,4926.6,4928.3,4926.5,4927.2,174
2025-06-18T14:00:00+05:30,4928.2,4929.2,4926.0,4927.3,1349
2025-06-18T14:01:00+05:30,4928.8,4928.8,4925.8,4927.4,193
2025-06-18T14:02:00+05:30,4929.0,4930.0,4926.2,4928.8,337
2025-06-18T14:03:00+05:30,4927.4,4928.7,4925.2,4927.2,210
2025-06-18T14:04:00+05:30,4927.3,4928.0,4922.4,4927.9,1398
2025-06-18T14:05:00+05:30,4925.1,4927.8,4925.1,4926.6,208
2025-06-18T14:06:00+05:30,4927.4,4927.4,4925.1,4925.1,183
2025-06-18T14:07:00+05:30,4925.9,4926.9,4924.0,4925.3,1393
2025-06-18T14:08:00+05:30,4925.4,4926.3,4925.1,4925.9,172
2025-06-18T14:09:00+05:30,4925.5,4926.2,4925.5,4926.0,409
2025-06-18T14:10:00+05:30,4926.0,4926.5,4926.0,4926.0,331
2025-06-18T14:11:00+05:30,4926.0,4926.5,4926.0,4926.0,382
2025-06-18T14:12:00+05:30,4926.0,4926.5,4925.1,4925.5,468
2025-06-18T14:13:00+05:30,4925.5,4927.6,4925.0,4927.2,1406
2025-06-18T14:14:00+05:30,4927.4,4930.0,4926.2,4928.5,323
2025-06-18T14:15:00+05:30,4930.0,4932.9,4924.9,4925.5,1213
2025-06-18T14:16:00+05:30,4927.2,4927.2,4917.0,4918.4,2621
2025-06-18T14:17:00+05:30,4918.4,4919.9,4907.0,4919.9,5182
2025-06-18T14:18:00+05:30,4919.9,4923.0,4919.2,4922.1,1072
2025-06-18T14:19:00+05:30,4920.8,4923.0,4918.8,4922.7,666
2025-06-18T14:20:00+05:30,4923.0,4926.0,4923.0,4923.0,1979
2025-06-18T14:21:00+05:30,4922.9,4923.2,4920.0,4921.1,817
2025-06-18T14:22:00+05:30,4921.1,4927.0,4921.1,4927.0,2155
2025-06-18T14:23:00+05:30,4926.0,4927.0,4921.8,4922.1,525
2025-06-18T14:24:00+05:30,4921.8,4928.0,4921.1,4921.1,3157
2025-06-18T14:25:00+05:30,4921.5,4926.8,4920.3,4922.1,2066
2025-06-18T14:26:00+05:30,4922.2,4926.0,4922.1,4924.0,860
2025-06-18T14:27:00+05:30,4924.0,4926.3,4923.4,4923.6,494
2025-06-18T14:28:00+05:30,4923.8,4926.9,4923.0,4925.1,759
2025-06-18T14:29:00+05:30,4925.1,4928.2,4925.1,4926.3,533
2025-06-18T14:30:00+05:30,4926.3,4930.0,4926.3,4928.5,524
2025-06-18T14:31:00+05:30,4928.5,4929.9,4921.0,4923.5,2364
2025-06-18T14:32:00+05:30,4925.1,4929.0,4925.0,4926.2,608
2025-06-18T14:33:00+05:30,4926.2,4929.0,4925.5,4928.0,640
2025-06-18T14:34:00+05:30,4927.7,4932.7,4927.7,4929.7,1855
2025-06-18T14:35:00+05:30,4929.8,4932.0,4927.9,4927.9,1076
2025-06-18T14:36:00+05:30,4927.9,4930.0,4927.0,4930.0,578
2025-06-18T14:37:00+05:30,4928.6,4931.4,4928.6,4930.0,1199
2025-06-18T14:38:00+05:30,4930.0,4932.8,4929.9,4930.8,587
2025-06-18T14:39:00+05:30,4931.0,4932.9,4930.6,4931.6,968
2025-06-18T14:40:00+05:30,4930.7,4930.7,4929.8,4930.1,847
2025-06-18T14:41:00+05:30,4930.1,4933.8,4930.0,4930.1,1602
2025-06-18T14:42:00+05:30,4931.8,4933.4,4930.8,4931.5,996
2025-06-18T14:43:00+05:30,4931.5,4936.0,4929.8,4931.8,1707
2025-06-18T14:44:00+05:30,4931.2,4932.3,4929.8,4929.8,999
2025-06-18T14:45:00+05:30,4929.8,4931.0,4929.8,4929.9,715
2025-06-18T14:46:00+05:30,4929.9,4933.7,4929.8,4931.0,16469
2025-06-18T14:47:00+05:30,4930.9,4932.8,4930.6,4932.5,2520
2025-06-18T14:48:00+05:30,4932.5,4939.3,4930.9,4937.1,1665
2025-06-18T14:49:00+05:30,4934.4,4937.0,4934.3,4934.8,1075
2025-06-18T14:50:00+05:30,4934.9,4936.0,4931.2,4935.5,1382
2025-06-18T14:51:00+05:30,4936.0,4936.8,4932.9,4934.7,752
2025-06-18T14:52:00+05:30,4934.2,4937.0,4934.2,4935.1,751
2025-06-18T14:53:00+05:30,4934.6,4937.0,4934.6,4935.7,1500
2025-06-18T14:54:00+05:30,4935.7,4938.2,4935.7,4938.2,1156
2025-06-18T14:55:00+05:30,4938.4,4939.3,4934.2,4934.2,1046
2025-06-18T14:56:00+05:30,4933.3,4933.3,4930.0,4931.6,1165
2025-06-18T14:57:00+05:30,4930.8,4933.6,4930.4,4932.2,793
2025-06-18T14:58:00+05:30,4931.8,4934.7,4931.8,4932.4,942
2025-06-18T14:59:00+05:30,4934.2,4937.7,4930.0,4930.0,1909
2025-06-18T15:00:00+05:30,4930.9,4935.4,4930.0,4932.4,2216
2025-06-18T15:01:00+05:30,4932.4,4935.0,4931.2,4931.9,1397
2025-06-18T15:02:00+05:30,4931.9,4934.8,4931.9,4933.3,1208
2025-06-18T15:03:00+05:30,4933.6,4934.9,4932.8,4933.3,726
2025-06-18T15:04:00+05:30,4933.5,4934.7,4930.6,4930.6,1106
2025-06-18T15:05:00+05:30,4931.5,4932.6,4930.0,4931.2,1287
2025-06-18T15:06:00+05:30,4932.6,4933.0,4931.8,4931.9,861
2025-06-18T15:07:00+05:30,4932.1,4935.4,4932.0,4932.3,1609
2025-06-18T15:08:00+05:30,4932.3,4933.3,4931.9,4931.9,1293
2025-06-18T15:09:00+05:30,4932.4,4937.0,4932.2,4936.0,1548
2025-06-18T15:10:00+05:30,4935.9,4938.0,4935.2,4937.1,2856
2025-06-18T15:11:00+05:30,4937.1,4942.9,4937.0,4941.0,4843
2025-06-18T15:12:00+05:30,4941.0,4943.0,4940.2,4940.7,1295
2025-06-18T15:13:00+05:30,4940.7,4942.0,4938.3,4940.2,3175
2025-06-18T15:14:00+05:30,4940.3,4942.1,4938.2,4941.8,2755
2025-06-18T15:15:00+05:30,4941.8,4945.6,4940.0,4942.2,3553
2025-06-18T15:16:00+05:30,4942.2,4945.4,4942.1,4943.1,2079
2025-06-18T15:17:00+05:30,4943.1,4946.0,4942.6,4943.1,1624
2025-06-18T15:18:00+05:30,4943.2,4946.4,4939.6,4944.8,3853
2025-06-18T15:19:00+05:30,4944.8,4945.0,4942.0,4944.0,1624
2025-06-18T15:20:00+05:30,4944.0,4945.5,4942.3,4943.1,4776
2025-06-18T15:21:00+05:30,4943.1,4946.1,4942.6,4946.1,1176
2025-06-18T15:22:00+05:30,4946.1,4946.9,4941.8,4945.0,9291
2025-06-18T15:23:00+05:30,4945.4,4947.5,4945.0,4945.4,2524
2025-06-18T15:24:00+05:30,4947.0,4951.1,4945.3,4947.6,7414
2025-06-18T15:25:00+05:30,4947.6,4953.2,4947.4,4948.1,6489
2025-06-18T15:26:00+05:30,4949.8,4954.0,4947.2,4950.0,4418
2025-06-18T15:27:00+05:30,4950.0,4952.6,4950.0,4951.4,2264
2025-06-18T15:28:00+05:30,4951.4,4951.7,4950.0,4950.0,2046
2025-06-18T15:29:00+05:30,4950.0,4954.0,4950.0,4954.0,998
2025-06-19T09:15:00+05:30,4943.0,4947.6,4934.7,4941.8,1122
2025-06-19T09:16:00+05:30,4941.5,4960.0,4937.1,4959.1,1819
2025-06-19T09:17:00+05:30,4961.5,4964.6,4955.4,4959.0,1733
2025-06-19T09:18:00+05:30,4961.5,4961.8,4955.6,4960.1,449
2025-06-19T09:19:00+05:30,4959.7,4965.7,4959.7,4963.0,670
2025-06-19T09:20:00+05:30,4964.6,4969.8,4960.4,4969.8,510
2025-06-19T09:21:00+05:30,4969.8,4997.3,4969.5,4996.0,3906
2025-06-19T09:22:00+05:30,4993.8,4998.8,4987.5,4988.7,912
2025-06-19T09:23:00+05:30,4987.5,4988.0,4980.0,4981.3,642
2025-06-19T09:24:00+05:30,4983.4,4988.8,4979.8,4986.5,659
2025-06-19T09:25:00+05:30,4986.3,4988.1,4979.0,4979.0,770
2025-06-19T09:26:00+05:30,4982.1,4986.2,4982.1,4986.0,359
2025-06-19T09:27:00+05:30,4987.5,4987.9,4974.3,4977.8,1424
2025-06-19T09:28:00+05:30,4977.9,4982.9,4977.9,4981.2,545
2025-06-19T09:29:00+05:30,4981.2,4987.1,4981.2,4985.5,474
2025-06-19T09:30:00+05:30,4985.5,4989.6,4985.5,4986.0,327
2025-06-19T09:31:00+05:30,4987.2,4987.2,4981.2,4984.6,282
2025-06-19T09:32:00+05:30,4982.5,4987.8,4982.4,4986.9,274
2025-06-19T09:33:00+05:30,4984.5,4989.9,4983.9,4983.9,1273
2025-06-19T09:34:00+05:30,4986.7,4990.0,4982.1,4990.0,759
2025-06-19T09:35:00+05:30,4988.8,4992.4,4987.0,4987.2,1504
2025-06-19T09:36:00+05:30,4989.0,4994.6,4989.0,4993.9,224
2025-06-19T09:37:00+05:30,4992.2,5000.0,4991.0,4998.3,4927
2025-06-19T09:38:00+05:30,4999.9,5005.3,4997.9,5004.5,1192
2025-06-19T09:39:00+05:30,5004.0,5005.8,5001.0,5001.4,580
2025-06-19T09:40:00+05:30,5001.7,5002.8,4994.1,4996.9,369
2025-06-19T09:41:00+05:30,4995.8,4996.9,4994.0,4994.0,341
2025-06-19T09:42:00+05:30,4994.0,4994.0,4989.3,4990.8,186
2025-06-19T09:43:00+05:30,4990.8,4991.6,4986.5,4986.6,601
2025-06-19T09:44:00+05:30,4986.5,4988.0,4981.0,4981.0,820
2025-06-19T09:45:00+05:30,4981.0,4983.7,4980.1,4983.0,224
2025-06-19T09:46:00+05:30,4984.8,4987.4,4982.0,4985.6,497
2025-06-19T09:47:00+05:30,4985.6,4986.4,4980.8,4981.0,1952
2025-06-19T09:48:00+05:30,4982.3,4985.3,4978.0,4983.3,839
2025-06-19T09:49:00+05:30,4984.3,4985.2,4982.2,4984.8,91
2025-06-19T09:50:00+05:30,4984.8,4986.0,4981.0,4981.0,98
2025-06-19T09:51:00+05:30,4981.0,4982.3,4963.4,4963.5,1203
2025-06-19T09:52:00+05:30,4963.5,4967.9,4957.0,4958.8,1168
2025-06-19T09:53:00+05:30,4958.8,4960.4,4957.5,4958.3,391
2025-06-19T09:54:00+05:30,4958.3,4963.2,4958.3,4961.8,144
2025-06-19T09:55:00+05:30,4962.0,4963.5,4962.0,4963.5,49
2025-06-19T09:56:00+05:30,4961.8,4963.5,4958.0,4960.7,247
2025-06-19T09:57:00+05:30,4960.4,4960.4,4951.4,4956.7,725
2025-06-19T09:58:00+05:30,4953.9,4959.0,4951.3,4959.0,401
2025-06-19T09:59:00+05:30,4958.4,4959.9,4955.5,4959.9,142
2025-06-19T10:00:00+05:30,4959.9,4959.9,4952.1,4957.7,1389
2025-06-19T10:01:00+05:30,4957.5,4957.5,4954.6,4954.7,123
2025-06-19T10:02:00+05:30,4955.9,4957.1,4952.7,4957.1,69
2025-06-19T10:03:00+05:30,4957.1,4960.0,4953.5,4960.0,122
2025-06-19T10:04:00+05:30,4959.1,4959.1,4953.4,4953.9,136
2025-06-19T10:05:00+05:30,4955.0,4958.9,4954.0,4956.5,264
2025-06-19T10:06:00+05:30,4956.5,4956.5,4951.1,4951.1,146
2025-06-19T10:07:00+05:30,4951.1,4952.1,4948.5,4949.6,1211
2025-06-19T10:08:00+05:30,4952.4,4952.4,4946.2,4948.7,168
2025-06-19T10:09:00+05:30,4948.7,4950.1,4943.0,4943.0,150
2025-06-19T10:10:00+05:30,4944.7,4949.5,4943.0,4946.7,361
2025-06-19T10:11:00+05:30,4945.0,4948.9,4944.0,4948.9,212
2025-06-19T10:12:00+05:30,4950.0,4953.0,4949.7,4952.4,177
2025-06-19T10:13:00+05:30,4953.0,4953.0,4951.4,4953.0,62
2025-06-19T10:14:00+05:30,4953.0,4955.2,4953.0,4954.8,80
2025-06-19T10:15:00+05:30,4954.1,4954.3,4948.5,4948.5,167
2025-06-19T10:16:00+05:30,4950.7,4951.1,4946.6,4948.6,58
2025-06-19T10:17:00+05:30,4951.8,4952.4,4949.4,4949.6,204
2025-06-19T10:18:00+05:30,4948.5,4950.7,4947.6,4950.2,171
2025-06-19T10:19:00+05:30,4950.2,4952.5,4946.9,4952.0,233
2025-06-19T10:20:00+05:30,4951.9,4951.9,4951.2,4951.2,22
2025-06-19T10:21:00+05:30,4951.2,4956.3,4950.8,4952.9,270
2025-06-19T10:22:00+05:30,4951.3,4951.3,4949.0,4949.0,85
2025-06-19T10:23:00+05:30,4949.0,4952.2,4947.4,4951.0,283
2025-06-19T10:24:00+05:30,4951.0,4954.2,4951.0,4951.7,136
2025-06-19T10:25:00+05:30,4951.7,4953.5,4949.4,4949.4,86
2025-06-19T10:26:00+05:30,4949.4,4949.4,4945.4,4945.4,73
2025-06-19T10:27:00+05:30,4945.3,4947.9,4943.1,4947.9,366
2025-06-19T10:28:00+05:30,4947.9,4947.9,4942.5,4944.9,203
2025-06-19T10:29:00+05:30,4945.1,4945.3,4943.0,4943.0,273
2025-06-19T10:30:00+05:30,4943.0,4944.1,4940.6,4943.4,849
2025-06-19T10:31:00+05:30,4943.4,4943.4,4940.0,4941.7,408
2025-06-19T10:32:00+05:30,4941.6,4942.1,4939.0,4939.0,335
2025-06-19T10:33:00+05:30,4938.0,4938.4,4935.5,4935.6,930
2025-06-19T10:34:00+05:30,4936.7,4936.7,4931.0,4931.5,464
2025-06-19T10:35:00+05:30,4931.5,4935.0,4929.3,4935.0,669
2025-06-19T10:36:00+05:30,4934.5,4935.0,4925.7,4925.7,476
2025-06-19T10:37:00+05:30,4926.0,4929.0,4922.6,4926.5,1266
2025-06-19T10:38:00+05:30,4927.3,4932.4,4927.2,4932.4,337
2025-06-19T10:39:00+05:30,4932.4,4933.0,4930.0,4933.0,297
2025-06-19T10:40:00+05:30,4934.9,4934.9,4932.0,4933.0,290
2025-06-19T10:41:00+05:30,4932.5,4933.8,4930.5,4930.5,224
2025-06-19T10:42:00+05:30,4932.0,4934.3,4931.2,4934.2,683
2025-06-19T10:43:00+05:30,4934.2,4934.2,4930.0,4930.0,513
2025-06-19T10:44:00+05:30,4929.9,4929.9,4927.4,4927.4,173
2025-06-19T10:45:00+05:30,4928.7,4930.0,4926.1,4930.0,380
2025-06-19T10:46:00+05:30,4933.2,4935.0,4929.6,4932.0,36
2025-06-19T10:47:00+05:30,4932.0,4934.8,4931.7,4934.3,186
2025-06-19T10:48:00+05:30,4933.4,4934.0,4930.5,4934.0,311
2025-06-19T10:49:00+05:30,4934.0,4937.1,4932.9,4936.1,525
2025-06-19T10:50:00+05:30,4936.1,4936.1,4933.0,4935.0,163
2025-06-19T10:51:00+05:30,4935.2,4938.3,4934.2,4938.2,331
2025-06-19T10:52:00+05:30,4938.2,4938.3,4936.1,4938.1,84
2025-06-19T10:53:00+05:30,4938.1,4938.3,4935.5,4937.9,317
2025-06-19T10:54:00+05:30,4937.9,4938.0,4935.7,4935.7,217
2025-06-19T10:55:00+05:30,4936.3,4947.5,4936.2,4945.2,651
2025-06-19T10:56:00+05:30,4945.9,4947.1,4944.2,4947.1,409
2025-06-19T10:57:00+05:30,4947.1,4947.2,4942.3,4943.2,471
2025-06-19T10:58:00+05:30,4944.2,4944.2,4942.3,4942.3,44
2025-06-19T10:59:00+05:30,4943.5,4947.5,4943.5,4947.0,184
2025-06-19T11:00:00+05:30,4947.0,4947.0,4939.2,4940.8,193
2025-06-19T11:01:00+05:30,4941.4,4943.7,4940.1,4940.8,266
2025-06-19T11:02:00+05:30,4942.5,4942.7,4936.6,4940.9,214
2025-06-19T11:03:00+05:30,4941.7,4943.1,4939.9,4942.0,82
2025-06-19T11:04:00+05:30,4940.0,4942.0,4939.9,4942.0,132
2025-06-19T11:05:00+05:30,4940.4,4942.0,4932.0,4932.9,229
2025-06-19T11:06:00+05:30,4933.0,4936.5,4930.0,4932.3,315
2025-06-19T11:07:00+05:30,4932.0,4933.2,4928.7,4929.0,3556
2025-06-19T11:08:00+05:30,4928.1,4930.6,4928.1,4930.5,204
2025-06-19T11:09:00+05:30,4928.5,4930.4,4926.1,4927.7,254
2025-06-19T11:10:00+05:30,4926.1,4927.7,4925.0,4927.1,274
2025-06-19T11:11:00+05:30,4927.0,4927.3,4924.0,4927.3,632
2025-06-19T11:12:00+05:30,4930.0,4931.0,4927.2,4929.5,63
2025-06-19T11:13:00+05:30,4929.4,4930.1,4927.1,4929.0,239
2025-06-19T11:14:00+05:30,4930.1,4935.8,4929.0,4935.2,319
2025-06-19T11:15:00+05:30,4935.2,4937.1,4931.0,4931.0,373
2025-06-19T11:16:00+05:30,4932.9,4932.9,4929.3,4931.5,125
2025-06-19T11:17:00+05:30,4934.2,4934.5,4928.3,4928.3,61
2025-06-19T11:18:00+05:30,4928.2,4928.2,4924.8,4927.1,3128
2025-06-19T11:19:00+05:30,4925.2,4929.4,4921.6,4921.6,6177
2025-06-19T11:20:00+05:30,4921.6,4921.9,4918.1,4919.0,447
2025-06-19T11:21:00+05:30,4919.0,4922.0,4918.1,4921.8,464
2025-06-19T11:22:00+05:30,4921.7,4921.7,4918.6,4921.0,80
2025-06-19T11:23:00+05:30,4921.9,4921.9,4920.1,4921.9,67
2025-06-19T11:24:00+05:30,4921.0,4926.7,4921.0,4926.5,599
2025-06-19T11:25:00+05:30,4926.4,4926.6,4925.0,4925.0,367
2025-06-19T11:26:00+05:30,4925.0,4925.9,4923.5,4925.4,279
2025-06-19T11:27:00+05:30,4923.3,4925.0,4922.1,4924.7,343
2025-06-19T11:28:00+05:30,4924.7,4924.7,4923.7,4924.4,162
2025-06-19T11:29:00+05:30,4924.3,4924.3,4920.4,4922.5,303
2025-06-19T11:30:00+05:30,4922.4,4924.1,4920.0,4924.1,267
2025-06-19T11:31:00+05:30,4924.1,4929.8,4924.1,4924.6,343
2025-06-19T11:32:00+05:30,4925.0,4927.1,4922.1,4923.0,219
2025-06-19T11:33:00+05:30,4923.0,4924.6,4920.4,4922.8,408
2025-06-19T11:34:00+05:30,4922.7,4923.1,4920.4,4923.1,407
2025-06-19T11:35:00+05:30,4923.1,4923.1,4921.3,4922.9,207
2025-06-19T11:36:00+05:30,4922.9,4922.9,4918.9,4921.7,1002
2025-06-19T11:37:00+05:30,4922.3,4922.3,4916.9,4918.9,117
2025-06-19T11:38:00+05:30,4918.9,4919.6,4916.1,4917.2,425
2025-06-19T11:39:00+05:30,4919.6,4922.0,4917.8,4922.0,296
2025-06-19T11:40:00+05:30,4922.0,4930.2,4922.0,4926.4,226
2025-06-19T11:41:00+05:30,4927.7,4927.7,4924.0,4927.3,246
2025-06-19T11:42:00+05:30,4927.2,4927.2,4923.6,4924.7,223
2025-06-19T11:43:00+05:30,4924.7,4925.6,4921.8,4924.5,280
2025-06-19T11:44:00+05:30,4924.5,4926.2,4924.5,4924.6,230
2025-06-19T11:45:00+05:30,4924.6,4924.6,4922.4,4924.0,36
2025-06-19T11:46:00+05:30,4924.0,4924.1,4921.4,4923.5,95
2025-06-19T11:47:00+05:30,4923.5,4924.2,4920.1,4924.2,293
2025-06-19T11:48:00+05:30,4924.2,4924.2,4922.4,4924.2,22
2025-06-19T11:49:00+05:30,4924.2,4924.2,4918.3,4919.1,789
2025-06-19T11:50:00+05:30,4919.1,4920.5,4918.0,4920.0,669
2025-06-19T11:51:00+05:30,4919.8,4921.4,4917.8,4921.4,323
2025-06-19T11:52:00+05:30,4921.4,4921.4,4919.0,4919.5,312
2025-06-19T11:53:00+05:30,4921.0,4921.4,4916.2,4918.3,843
2025-06-19T11:54:00+05:30,4918.3,4922.1,4916.1,4922.1,431
2025-06-19T11:55:00+05:30,4921.6,4921.6,4918.0,4918.5,303
2025-06-19T11:56:00+05:30,4918.3,4918.3,4916.1,4916.1,73
2025-06-19T11:57:00+05:30,4917.4,4920.5,4916.2,4920.2,487
2025-06-19T11:58:00+05:30,4919.8,4923.7,4919.8,4923.7,376
2025-06-19T11:59:00+05:30,4923.7,4923.7,4918.9,4921.7,231
2025-06-19T12:00:00+05:30,4921.4,4921.5,4917.1,4918.4,152
2025-06-19T12:01:00+05:30,4918.4,4918.4,4912.8,4912.8,413
2025-06-19T12:02:00+05:30,4913.1,4914.8,4910.7,4914.4,449
2025-06-19T12:03:00+05:30,4914.4,4914.5,4912.5,4914.5,170
2025-06-19T12:04:00+05:30,4914.5,4918.7,4913.7,4918.7,100
2025-06-19T12:05:00+05:30,4918.7,4918.7,4916.0,4917.5,108
2025-06-19T12:06:00+05:30,4918.5,4919.9,4916.7,4918.5,391
2025-06-19T12:07:00+05:30,4918.5,4918.7,4913.5,4915.0,117
2025-06-19T12:08:00+05:30,4915.0,4916.3,4913.5,4916.0,384
2025-06-19T12:09:00+05:30,4916.2,4918.1,4916.0,4917.7,130
2025-06-19T12:10:00+05:30,4917.7,4917.7,4915.5,4917.4,111
2025-06-19T12:11:00+05:30,4917.4,4917.4,4913.0,4913.5,210
2025-06-19T12:12:00+05:30,4915.0,4915.0,4913.5,4914.6,267
2025-06-19T12:13:00+05:30,4914.6,4914.7,4913.3,4914.3,151
2025-06-19T12:14:00+05:30,4914.7,4915.0,4913.2,4914.6,224
2025-06-19T12:15:00+05:30,4914.6,4914.6,4912.7,4914.5,273
2025-06-19T12:16:00+05:30,4914.1,4914.1,4911.1,4912.8,166
2025-06-19T12:17:00+05:30,4912.8,4912.8,4908.1,4908.1,486
2025-06-19T12:18:00+05:30,4909.2,4909.4,4907.1,4909.4,130
2025-06-19T12:19:00+05:30,4909.4,4911.8,4908.1,4911.8,380
2025-06-19T12:20:00+05:30,4911.5,4911.5,4909.0,4910.3,213
2025-06-19T12:21:00+05:30,4909.1,4909.1,4906.0,4906.0,129
2025-06-19T12:22:00+05:30,4905.1,4906.2,4904.1,4906.1,308
2025-06-19T12:23:00+05:30,4906.0,4909.9,4902.4,4906.0,1027
2025-06-19T12:24:00+05:30,4908.4,4913.4,4907.1,4912.0,664
2025-06-19T12:25:00+05:30,4912.0,4914.8,4907.5,4907.6,339
2025-06-19T12:26:00+05:30,4907.6,4907.6,4904.7,4904.7,306
2025-06-19T12:27:00+05:30,4904.7,4904.7,4902.2,4902.2,114
2025-06-19T12:28:00+05:30,4903.6,4904.4,4901.2,4903.3,564
2025-06-19T12:29:00+05:30,4903.3,4903.3,4897.7,4900.0,614
2025-06-19T12:30:00+05:30,4900.0,4900.7,4896.8,4899.9,323
2025-06-19T12:31:00+05:30,4900.0,4900.0,4897.0,4897.0,526
2025-06-19T12:32:00+05:30,4897.0,4897.0,4892.0,4892.0,374
2025-06-19T12:33:00+05:30,4891.5,4893.1,4888.4,4891.1,1331
2025-06-19T12:34:00+05:30,4891.2,4893.5,4890.1,4890.2,436
2025-06-19T12:35:00+05:30,4892.0,4892.0,4886.4,4889.6,841
2025-06-19T12:36:00+05:30,4889.6,4891.4,4888.4,4890.1,437
2025-06-19T12:37:00+05:30,4890.1,4890.1,4887.1,4887.1,292
2025-06-19T12:38:00+05:30,4886.5,4887.3,4884.1,4886.5,856
2025-06-19T12:39:00+05:30,4885.4,4887.2,4885.3,4887.2,307
2025-06-19T12:40:00+05:30,4886.9,4887.2,4882.9,4885.3,752
2025-06-19T12:41:00+05:30,4885.0,4886.2,4880.3,4882.2,549
2025-06-19T12:42:00+05:30,4881.0,4882.5,4881.0,4882.1,438
2025-06-19T12:43:00+05:30,4881.2,4881.2,4877.0,4881.0,1363
2025-06-19T12:44:00+05:30,4881.0,4882.4,4879.0,4880.6,433
2025-06-19T12:45:00+05:30,4880.6,4881.1,4877.6,4878.2,482
2025-06-19T12:46:00+05:30,4878.2,4878.2,4872.0,4872.0,1029
2025-06-19T12:47:00+05:30,4872.0,4878.0,4870.6,4874.6,608
2025-06-19T12:48:00+05:30,4875.0,4882.6,4871.1,4880.2,1696
2025-06-19T12:49:00+05:30,4881.2,4883.8,4878.2,4878.5,176
2025-06-19T12:50:00+05:30,4878.5,4885.7,4875.2,4880.8,1377
2025-06-19T12:51:00+05:30,4880.8,4882.7,4876.1,4880.1,836
2025-06-19T12:52:00+05:30,4880.4,4880.4,4876.8,4879.9,226
2025-06-19T12:53:00+05:30,4877.1,4879.5,4875.2,4879.5,101
2025-06-19T12:54:00+05:30,4879.5,4886.8,4879.5,4883.8,397
2025-06-19T12:55:00+05:30,4881.8,4881.8,4880.0,4880.8,44
2025-06-19T12:56:00+05:30,4881.6,4882.2,4880.1,4882.2,230
2025-06-19T12:57:00+05:30,4882.2,4882.2,4879.4,4879.4,89
2025-06-19T12:58:00+05:30,4879.5,4881.1,4879.4,4880.0,50
2025-06-19T12:59:00+05:30,4881.0,4881.6,4880.0,4881.3,250
2025-06-19T13:00:00+05:30,4881.3,4881.3,4875.3,4878.6,77
2025-06-19T13:01:00+05:30,4878.6,4881.5,4878.6,4879.7,141
2025-06-19T13:02:00+05:30,4879.5,4880.5,4877.6,4878.5,335
2025-06-19T13:03:00+05:30,4877.8,4878.1,4876.1,4876.1,30
2025-06-19T13:04:00+05:30,4875.1,4876.4,4875.1,4876.4,99
2025-06-19T13:05:00+05:30,4876.4,4879.4,4876.4,4879.4,163
2025-06-19T13:06:00+05:30,4879.4,4885.0,4879.4,4883.0,176
2025-06-19T13:07:00+05:30,4883.7,4886.3,4883.4,4886.3,217
2025-06-19T13:08:00+05:30,4887.7,4890.2,4886.2,4886.2,176
2025-06-19T13:09:00+05:30,4883.0,4888.0,4883.0,4887.2,424
2025-06-19T13:10:00+05:30,4887.2,4887.2,4885.9,4885.9,59
2025-06-19T13:11:00+05:30,4885.5,4885.5,4880.3,4882.5,230
2025-06-19T13:12:00+05:30,4882.5,4882.5,4880.2,4880.2,285
2025-06-19T13:13:00+05:30,4881.2,4882.6,4876.2,4879.3,301
2025-06-19T13:14:00+05:30,4881.1,4881.1,4878.5,4880.0,114
2025-06-19T13:15:00+05:30,4880.0,4880.0,4876.6,4877.8,305
2025-06-19T13:16:00+05:30,4877.0,4877.0,4876.0,4876.8,550
2025-06-19T13:17:00+05:30,4876.8,4877.9,4874.8,4877.8,208
2025-06-19T13:18:00+05:30,4877.8,4877.8,4874.7,4875.9,51
2025-06-19T13:19:00+05:30,4877.9,4882.6,4876.8,4880.4,262
2025-06-19T13:20:00+05:30,4881.5,4882.9,4881.5,4882.9,80
2025-06-19T13:21:00+05:30,4883.0,4887.7,4883.0,4886.7,346
2025-06-19T13:22:00+05:30,4886.3,4886.4,4880.2,4880.5,316
2025-06-19T13:23:00+05:30,4880.4,4886.4,4878.7,4883.4,866
2025-06-19T13:24:00+05:30,4883.1,4885.1,4881.2,4885.1,182
2025-06-19T13:25:00+05:30,4885.1,4889.6,4885.0,4885.0,357
2025-06-19T13:26:00+05:30,4886.8,4886.8,4879.7,4882.4,229
2025-06-19T13:27:00+05:30,4882.3,4883.8,4881.9,4883.8,93
2025-06-19T13:28:00+05:30,4883.8,4888.0,4883.5,4888.0,892
2025-06-19T13:29:00+05:30,4887.4,4887.8,4885.0,4886.0,1022
2025-06-19T13:30:00+05:30,4886.0,4886.2,4880.7,4882.8,30
2025-06-19T13:31:00+05:30,4882.8,4888.3,4882.0,4888.3,371
2025-06-19T13:32:00+05:30,4888.3,4888.4,4884.9,4884.9,89
2025-06-19T13:33:00+05:30,4887.1,4892.7,4885.4,4892.5,443
2025-06-19T13:34:00+05:30,4892.1,4892.4,4886.9,4886.9,48
2025-06-19T13:35:00+05:30,4884.0,4887.2,4884.0,4886.7,468
2025-06-19T13:36:00+05:30,4887.3,4887.3,4882.9,4885.7,231
2025-06-19T13:37:00+05:30,4885.8,4885.8,4881.6,4881.6,274
2025-06-19T13:38:00+05:30,4881.6,4884.8,4881.6,4884.8,88
2025-06-19T13:39:00+05:30,4884.6,4889.8,4884.6,4889.8,576
2025-06-19T13:40:00+05:30,4889.6,4892.5,4887.0,4887.9,867
2025-06-19T13:41:00+05:30,4887.9,4888.4,4884.8,4886.3,186
2025-06-19T13:42:00+05:30,4884.6,4884.6,4882.1,4882.1,130
2025-06-19T13:43:00+05:30,4881.2,4881.4,4877.9,4880.3,149
2025-06-19T13:44:00+05:30,4879.0,4883.7,4876.1,4883.1,316
2025-06-19T13:45:00+05:30,4883.1,4884.4,4882.9,4883.9,41
2025-06-19T13:46:00+05:30,4883.9,4883.9,4882.7,4882.9,29
2025-06-19T13:47:00+05:30,4882.9,4882.9,4880.6,4882.8,219
2025-06-19T13:48:00+05:30,4882.8,4887.7,4882.8,4886.0,408
2025-06-19T13:49:00+05:30,4884.9,4886.0,4884.1,4886.0,90
2025-06-19T13:50:00+05:30,4886.0,4886.0,4884.5,4886.0,28
2025-06-19T13:51:00+05:30,4884.7,4887.4,4884.5,4887.4,275
2025-06-19T13:52:00+05:30,4887.4,4888.0,4886.5,4886.5,60
2025-06-19T13:53:00+05:30,4886.5,4887.0,4884.1,4885.4,182
2025-06-19T13:54:00+05:30,4887.0,4893.0,4887.0,4892.9,310
2025-06-19T13:55:00+05:30,4890.2,4891.8,4889.5,4889.5,88
2025-06-19T13:56:00+05:30,4891.5,4891.5,4886.1,4888.1,220
2025-06-19T13:57:00+05:30,4887.6,4895.0,4885.0,4890.1,1571
2025-06-19T13:58:00+05:30,4889.9,4891.4,4886.9,4891.4,1221
2025-06-19T13:59:00+05:30,4891.4,4900.0,4891.0,4900.0,1291
2025-06-19T14:00:00+05:30,4900.9,4905.1,4899.4,4905.0,949
2025-06-19T14:01:00+05:30,4905.0,4907.5,4896.0,4896.0,315
2025-06-19T14:02:00+05:30,4898.6,4902.6,4895.3,4895.3,424
2025-06-19T14:03:00+05:30,4896.8,4897.4,4894.0,4895.3,77
2025-06-19T14:04:00+05:30,4895.3,4900.9,4895.3,4900.9,374
2025-06-19T14:05:00+05:30,4901.6,4903.1,4900.5,4900.8,58
2025-06-19T14:06:00+05:30,4899.7,4902.6,4896.1,4902.0,240
2025-06-19T14:07:00+05:30,4902.0,4902.9,4897.0,4900.4,415
2025-06-19T14:08:00+05:30,4900.4,4902.7,4899.0,4899.0,49
2025-06-19T14:09:00+05:30,4899.1,4902.5,4897.0,4898.7,387
2025-06-19T14:10:00+05:30,4899.0,4904.1,4896.7,4899.1,897
2025-06-19T14:11:00+05:30,4898.8,4899.1,4894.3,4896.0,224
2025-06-19T14:12:00+05:30,4896.0,4897.3,4893.5,4895.9,106
2025-06-19T14:13:00+05:30,4895.9,4897.0,4893.5,4893.6,432
2025-06-19T14:14:00+05:30,4893.7,4895.9,4892.0,4893.7,361
2025-06-19T14:15:00+05:30,4893.7,4894.9,4891.0,4891.4,390
2025-06-19T14:16:00+05:30,4891.4,4901.0,4891.4,4899.5,1430
2025-06-19T14:17:00+05:30,4899.5,4900.9,4897.1,4900.9,339
2025-06-19T14:18:00+05:30,4900.9,4901.0,4898.8,4901.0,320
2025-06-19T14:19:00+05:30,4900.0,4902.0,4897.4,4897.9,388
2025-06-19T14:20:00+05:30,4898.9,4898.9,4896.3,4897.6,75
2025-06-19T14:21:00+05:30,4898.8,4907.2,4898.8,4907.2,787
2025-06-19T14:22:00+05:30,4905.5,4907.4,4900.2,4901.9,765
2025-06-19T14:23:00+05:30,4901.9,4902.4,4898.1,4898.1,161
2025-06-19T14:24:00+05:30,4899.1,4899.2,4893.1,4894.7,270
2025-06-19T14:25:00+05:30,4894.7,4903.0,4894.6,4900.3,2316
2025-06-19T14:26:00+05:30,4900.0,4900.0,4895.0,4898.0,768
2025-06-19T14:27:00+05:30,4897.9,4902.1,4896.6,4902.1,572
2025-06-19T14:28:00+05:30,4902.1,4902.1,4895.9,4898.9,452
2025-06-19T14:29:00+05:30,4898.9,4898.9,4895.1,4897.7,690
2025-06-19T14:30:00+05:30,4895.1,4897.9,4894.0,4896.8,571
2025-06-19T14:31:00+05:30,4896.5,4896.8,4893.8,4896.8,550
2025-06-19T14:32:00+05:30,4896.5,4896.5,4890.0,4891.1,752
2025-06-19T14:33:00+05:30,4891.2,4894.1,4890.0,4892.6,251
2025-06-19T14:34:00+05:30,4890.7,4892.5,4889.0,4891.8,591
2025-06-19T14:35:00+05:30,4891.8,4895.3,4886.9,4888.9,308
2025-06-19T14:36:00+05:30,4888.9,4888.9,4885.0,4885.0,702
2025-06-19T14:37:00+05:30,4886.7,4891.3,4885.4,4887.7,1103
2025-06-19T14:38:00+05:30,4887.7,4889.5,4886.3,4888.9,126
2025-06-19T14:39:00+05:30,4888.9,4889.5,4888.1,4889.4,300
2025-06-19T14:40:00+05:30,4889.4,4889.5,4886.1,4886.1,971
2025-06-19T14:41:00+05:30,4886.1,4886.1,4878.3,4879.9,701
2025-06-19T14:42:00+05:30,4880.9,4886.8,4879.4,4884.9,841
2025-06-19T14:43:00+05:30,4884.3,4889.2,4884.0,4884.3,570
2025-06-19T14:44:00+05:30,4883.8,4886.5,4882.6,4884.5,685
2025-06-19T14:45:00+05:30,4883.7,4887.5,4882.5,4886.7,680
2025-06-19T14:46:00+05:30,4886.7,4886.7,4884.8,4886.6,475
2025-06-19T14:47:00+05:30,4886.3,4886.3,4881.1,4881.3,445
2025-06-19T14:48:00+05:30,4882.8,4884.4,4880.2,4884.4,787
2025-06-19T14:49:00+05:30,4884.4,4884.4,4878.1,4878.1,868
2025-06-19T14:50:00+05:30,4879.8,4881.1,4878.0,4880.9,625
2025-06-19T14:51:00+05:30,4880.3,4880.5,4876.1,4880.3,1001
2025-06-19T14:52:00+05:30,4880.3,4885.7,4880.3,4885.4,1503
2025-06-19T14:53:00+05:30,4885.4,4885.5,4881.3,4883.6,395
2025-06-19T14:54:00+05:30,4885.5,4887.9,4884.0,4885.4,802
2025-06-19T14:55:00+05:30,4884.0,4884.0,4880.0,4882.6,616
2025-06-19T14:56:00+05:30,4881.5,4882.2,4876.5,4881.2,1538
2025-06-19T14:57:00+05:30,4883.5,4885.5,4879.3,4884.6,416
2025-06-19T14:58:00+05:30,4884.6,4884.7,4881.7,4881.7,880
2025-06-19T14:59:00+05:30,4883.9,4884.0,4878.2,4881.6,984
2025-06-19T15:00:00+05:30,4881.6,4884.6,4878.0,4878.0,1075
2025-06-19T15:01:00+05:30,4878.4,4878.4,4875.1,4877.5,1450
2025-06-19T15:02:00+05:30,4877.5,4878.4,4875.1,4877.5,929
2025-06-19T15:03:00+05:30,4878.4,4882.8,4876.4,4881.9,2152
2025-06-19T15:04:00+05:30,4881.6,4881.9,4878.0,4879.8,381
2025-06-19T15:05:00+05:30,4879.8,4881.3,4877.5,4877.6,745
2025-06-19T15:06:00+05:30,4879.0,4881.7,4876.8,4878.1,2432
2025-06-19T15:07:00+05:30,4877.5,4879.6,4876.6,4879.4,2442
2025-06-19T15:08:00+05:30,4879.5,4879.7,4875.5,4875.5,1819
2025-06-19T15:09:00+05:30,4878.4,4881.0,4876.1,4880.0,3285
2025-06-19T15:10:00+05:30,4878.7,4880.0,4873.8,4876.6,1472
2025-06-19T15:11:00+05:30,4876.6,4876.6,4873.0,4874.8,1642
2025-06-19T15:12:00+05:30,4874.8,4878.1,4874.0,4874.5,3710
2025-06-19T15:13:00+05:30,4875.0,4875.0,4873.1,4874.2,1814
2025-06-19T15:14:00+05:30,4874.5,4876.8,4873.3,4873.3,1646
2025-06-19T15:15:00+05:30,4873.3,4876.2,4873.3,4874.6,1761
2025-06-19T15:16:00+05:30,4875.6,4875.6,4874.1,4875.3,1665
2025-06-19T15:17:00+05:30,4875.3,4878.3,4875.2,4877.8,3846
2025-06-19T15:18:00+05:30,4877.8,4880.9,4876.8,4878.5,3349
2025-06-19T15:19:00+05:30,4878.7,4880.1,4878.0,4878.5,4416
2025-06-19T15:20:00+05:30,4879.8,4880.0,4878.3,4878.7,944
2025-06-19T15:21:00+05:30,4878.6,4882.4,4878.5,4880.0,1988
2025-06-19T15:22:00+05:30,4881.8,4882.0,4879.6,4881.0,761
2025-06-19T15:23:00+05:30,4881.0,4881.0,4878.0,4878.9,2800
2025-06-19T15:24:00+05:30,4878.9,4883.6,4878.9,4883.4,2254
2025-06-19T15:25:00+05:30,4883.3,4883.3,4878.0,4878.7,1478
2025-06-19T15:26:00+05:30,4878.7,4886.3,4878.3,4878.4,4284
2025-06-19T15:27:00+05:30,4878.4,4880.0,4875.1,4875.1,1686
2025-06-19T15:28:00+05:30,4876.9,4878.0,4872.5,4873.7,3388
2025-06-19T15:29:00+05:30,4874.1,4883.0,4870.2,4870.2,2404
2025-06-20T09:15:00+05:30,4869.9,4897.8,4869.9,4894.7,2613
2025-06-20T09:16:00+05:30,4896.3,4914.3,4892.6,4909.0,2025
2025-06-20T09:17:00+05:30,4909.0,4912.2,4903.7,4904.6,1659
2025-06-20T09:18:00+05:30,4902.9,4904.6,4900.7,4903.1,452
2025-06-20T09:19:00+05:30,4904.2,4911.8,4900.0,4907.8,970
2025-06-20T09:20:00+05:30,4906.1,4906.1,4883.1,4886.5,2390
2025-06-20T09:21:00+05:30,4884.4,4884.4,4877.0,4880.7,2007
2025-06-20T09:22:00+05:30,4880.1,4892.5,4879.3,4879.5,1630
2025-06-20T09:23:00+05:30,4878.6,4879.9,4873.1,4876.2,1179
2025-06-20T09:24:00+05:30,4876.3,4883.2,4876.0,4878.3,293
2025-06-20T09:25:00+05:30,4880.1,4883.5,4878.9,4882.9,499
2025-06-20T09:26:00+05:30,4881.9,4888.9,4881.9,4884.4,566
2025-06-20T09:27:00+05:30,4883.0,4888.0,4882.9,4884.0,243
2025-06-20T09:28:00+05:30,4886.0,4888.6,4884.8,4885.3,481
2025-06-20T09:29:00+05:30,4884.4,4885.8,4878.5,4878.9,385
2025-06-20T09:30:00+05:30,4878.9,4886.9,4878.9,4886.9,550
2025-06-20T09:31:00+05:30,4886.0,4886.0,4880.6,4880.6,1279
2025-06-20T09:32:00+05:30,4881.2,4881.6,4870.9,4872.2,811
2025-06-20T09:33:00+05:30,4872.2,4872.8,4870.0,4871.1,410
2025-06-20T09:34:00+05:30,4870.0,4871.2,4866.8,4871.1,368
2025-06-20T09:35:00+05:30,4868.9,4876.0,4868.9,4876.0,205
2025-06-20T09:36:00+05:30,4876.0,4884.7,4876.0,4877.5,621
2025-06-20T09:37:00+05:30,4876.7,4886.0,4876.3,4881.7,1041
2025-06-20T09:38:00+05:30,4880.7,4888.5,4879.8,4881.4,1370
2025-06-20T09:39:00+05:30,4881.2,4884.2,4881.2,4884.2,303
2025-06-20T09:40:00+05:30,4881.4,4886.6,4880.3,4883.5,253
2025-06-20T09:41:00+05:30,4885.1,4889.8,4883.0,4888.8,417
2025-06-20T09:42:00+05:30,4889.8,4903.2,4889.8,4897.0,1044
2025-06-20T09:43:00+05:30,4897.1,4903.4,4897.1,4903.4,264
2025-06-20T09:44:00+05:30,4904.3,4905.6,4902.0,4903.1,1293
2025-06-20T09:45:00+05:30,4903.3,4908.9,4903.2,4908.5,390
2025-06-20T09:46:00+05:30,4905.5,4910.1,4901.0,4910.1,751
2025-06-20T09:47:00+05:30,4910.5,4919.8,4910.5,4917.9,485
2025-06-20T09:48:00+05:30,4917.5,4925.2,4917.5,4920.0,824
2025-06-20T09:49:00+05:30,4921.2,4921.2,4914.1,4920.1,752
2025-06-20T09:50:00+05:30,4921.1,4923.5,4913.7,4913.7,456
2025-06-20T09:51:00+05:30,4916.0,4917.0,4910.8,4913.0,175
2025-06-20T09:52:00+05:30,4910.2,4916.0,4910.1,4916.0,276
2025-06-20T09:53:00+05:30,4917.0,4921.1,4915.7,4916.1,572
2025-06-20T09:54:00+05:30,4916.1,4916.1,4907.1,4911.4,357
2025-06-20T09:55:00+05:30,4909.3,4911.4,4907.5,4911.4,27
2025-06-20T09:56:00+05:30,4910.4,4917.9,4906.5,4909.5,717
2025-06-20T09:57:00+05:30,4907.4,4907.4,4903.4,4903.4,136
2025-06-20T09:58:00+05:30,4903.7,4905.4,4902.8,4904.5,410
2025-06-20T09:59:00+05:30,4904.9,4910.9,4903.6,4907.5,1001
2025-06-20T10:00:00+05:30,4907.4,4914.3,4907.2,4912.8,216
2025-06-20T10:01:00+05:30,4914.9,4915.5,4912.8,4914.5,517
2025-06-20T10:02:00+05:30,4912.8,4912.8,4907.5,4908.5,222
2025-06-20T10:03:00+05:30,4906.1,4914.5,4906.0,4914.5,126
2025-06-20T10:04:00+05:30,4914.0,4919.7,4911.1,4911.1,181
2025-06-20T10:05:00+05:30,4911.2,4915.1,4910.7,4912.3,105
2025-06-20T10:06:00+05:30,4912.3,4915.1,4910.6,4913.1,114
2025-06-20T10:07:00+05:30,4910.4,4912.4,4910.0,4910.0,17
2025-06-20T10:08:00+05:30,4907.3,4912.0,4905.4,4908.0,332
2025-06-20T10:09:00+05:30,4907.5,4910.1,4906.5,4906.5,120
2025-06-20T10:10:00+05:30,4906.5,4906.5,4900.8,4902.2,327
2025-06-20T10:11:00+05:30,4901.2,4904.8,4901.0,4904.8,259
2025-06-20T10:12:00+05:30,4904.9,4911.5,4904.9,4908.9,114
2025-06-20T10:13:00+05:30,4908.5,4908.5,4901.1,4901.7,166
2025-06-20T10:14:00+05:30,4902.8,4909.2,4902.8,4909.2,128
2025-06-20T10:15:00+05:30,4906.2,4914.9,4906.1,4911.8,1458
2025-06-20T10:16:00+05:30,4913.6,4913.9,4890.0,4893.5,2417
2025-06-20T10:17:00+05:30,4894.8,4899.0,4893.6,4896.3,177
2025-06-20T10:18:00+05:30,4894.8,4896.9,4892.6,4896.6,453
2025-06-20T10:19:00+05:30,4896.6,4896.6,4892.6,4892.7,378
2025-06-20T10:20:00+05:30,4894.0,4900.0,4894.0,4900.0,339
2025-06-20T10:21:00+05:30,4900.5,4907.9,4900.5,4904.1,1002
2025-06-20T10:22:00+05:30,4905.7,4905.7,4904.1,4905.1,133
2025-06-20T10:23:00+05:30,4905.5,4910.0,4904.0,4906.7,838
2025-06-20T10:24:00+05:30,4907.9,4912.0,4906.5,4910.9,1071
2025-06-20T10:25:00+05:30,4910.0,4916.4,4907.0,4907.0,7578
2025-06-20T10:26:00+05:30,4905.8,4905.8,4900.0,4900.1,142
2025-06-20T10:27:00+05:30,4900.1,4904.1,4896.1,4896.1,1574
2025-06-20T10:28:00+05:30,4898.3,4906.0,4896.3,4904.0,273
2025-06-20T10:29:00+05:30,4904.0,4914.1,4903.1,4912.2,3403
2025-06-20T10:30:00+05:30,4909.3,4929.0,4907.4,4928.4,10955
2025-06-20T10:31:00+05:30,4928.4,4939.0,4928.4,4935.6,1770
2025-06-20T10:32:00+05:30,4934.6,4934.6,4922.5,4926.2,1518
2025-06-20T10:33:00+05:30,4925.9,4931.7,4925.0,4931.6,621
2025-06-20T10:34:00+05:30,4935.0,4938.8,4930.0,4930.0,294
2025-06-20T10:35:00+05:30,4930.0,4931.8,4926.4,4931.8,415
2025-06-20T10:36:00+05:30,4930.7,4930.7,4922.7,4923.9,254
2025-06-20T10:37:00+05:30,4923.1,4926.0,4923.1,4924.4,236
2025-06-20T10:38:00+05:30,4924.5,4927.1,4923.4,4925.1,410
2025-06-20T10:39:00+05:30,4926.8,4929.7,4925.8,4929.7,110
2025-06-20T10:40:00+05:30,4930.0,4930.1,4926.1,4927.8,231
2025-06-20T10:41:00+05:30,4928.0,4929.7,4926.2,4929.2,176
2025-06-20T10:42:00+05:30,4929.2,4930.0,4926.1,4927.8,178
2025-06-20T10:43:00+05:30,4928.0,4939.0,4928.0,4938.4,657
2025-06-20T10:44:00+05:30,4939.6,4940.2,4929.6,4929.6,2365
2025-06-20T10:45:00+05:30,4927.8,4928.0,4921.5,4926.5,832
2025-06-20T10:46:00+05:30,4927.2,4928.9,4926.0,4927.9,303
2025-06-20T10:47:00+05:30,4930.0,4930.5,4924.4,4925.6,144
2025-06-20T10:48:00+05:30,4925.3,4929.1,4924.8,4926.4,158
2025-06-20T10:49:00+05:30,4926.1,4927.3,4922.7,4925.2,810
2025-06-20T10:50:00+05:30,4924.8,4937.0,4924.1,4931.5,1851
2025-06-20T10:51:00+05:30,4934.6,4937.0,4932.0,4936.5,317
2025-06-20T10:52:00+05:30,4936.0,4940.0,4934.5,4939.1,421
2025-06-20T10:53:00+05:30,4937.0,4943.5,4936.8,4941.4,430
2025-06-20T10:54:00+05:30,4941.3,4944.0,4939.3,4943.5,272
2025-06-20T10:55:00+05:30,4942.0,4943.4,4940.0,4941.3,343
2025-06-20T10:56:00+05:30,4941.3,4941.9,4933.8,4933.8,130
2025-06-20T10:57:00+05:30,4935.8,4936.3,4933.2,4933.2,132
2025-06-20T10:58:00+05:30,4931.1,4934.0,4927.0,4927.5,298
2025-06-20T10:59:00+05:30,4928.0,4931.1,4926.3,4929.6,205
2025-06-20T11:00:00+05:30,4930.1,4930.1,4925.0,4925.3,175
2025-06-20T11:01:00+05:30,4925.5,4928.4,4923.0,4924.8,988
2025-06-20T11:02:00+05:30,4926.5,4930.1,4924.6,4927.7,276
2025-06-20T11:03:00+05:30,4929.5,4936.8,4929.5,4936.8,256
2025-06-20T11:04:00+05:30,4936.0,4937.3,4935.0,4937.3,191
2025-06-20T11:05:00+05:30,4936.5,4940.8,4936.4,4940.8,195
2025-06-20T11:06:00+05:30,4940.8,4941.0,4930.4,4932.7,581
2025-06-20T11:07:00+05:30,4936.4,4939.4,4934.2,4937.1,497
2025-06-20T11:08:00+05:30,4937.3,4941.5,4937.3,4940.0,428
2025-06-20T11:09:00+05:30,4940.0,4943.0,4939.1,4940.5,832
2025-06-20T11:10:00+05:30,4940.1,4941.6,4940.0,4941.3,100
2025-06-20T11:11:00+05:30,4943.3,4947.6,4943.3,4946.0,291
2025-06-20T11:12:00+05:30,4946.0,4947.6,4943.0,4943.5,326
2025-06-20T11:13:00+05:30,4944.0,4947.7,4944.0,4945.0,246
2025-06-20T11:14:00+05:30,4947.5,4953.5,4945.5,4952.1,653
2025-06-20T11:15:00+05:30,4951.8,4954.9,4947.5,4952.3,600
2025-06-20T11:16:00+05:30,4954.0,4954.0,4948.8,4951.6,236
2025-06-20T11:17:00+05:30,4949.3,4955.4,4948.4,4951.6,644
2025-06-20T11:18:00+05:30,4950.6,4953.6,4945.3,4947.2,5347
2025-06-20T11:19:00+05:30,4945.2,4947.1,4941.0,4941.0,890
2025-06-20T11:20:00+05:30,4941.0,4946.3,4941.0,4944.2,220
2025-06-20T11:21:00+05:30,4944.2,4953.8,4944.2,4949.3,796
2025-06-20T11:22:00+05:30,4949.3,4951.5,4947.5,4949.7,236
2025-06-20T11:23:00+05:30,4949.0,4949.1,4946.6,4947.5,160
2025-06-20T11:24:00+05:30,4949.7,4954.2,4943.0,4951.8,2244
2025-06-20T11:25:00+05:30,4947.7,4949.9,4944.2,4944.2,233
2025-06-20T11:26:00+05:30,4945.3,4947.7,4945.3,4946.0,125
2025-06-20T11:27:00+05:30,4947.0,4947.3,4945.0,4946.7,187
2025-06-20T11:28:00+05:30,4946.7,4949.4,4944.3,4949.4,285
2025-06-20T11:29:00+05:30,4949.0,4952.8,4945.2,4945.2,1171
2025-06-20T11:30:00+05:30,4945.2,4952.0,4944.7,4952.0,317
2025-06-20T11:31:00+05:30,4950.8,4953.0,4950.1,4950.1,307
2025-06-20T11:32:00+05:30,4952.0,4955.0,4946.7,4952.0,1242
2025-06-20T11:33:00+05:30,4952.0,4957.0,4949.0,4956.5,700
2025-06-20T11:34:00+05:30,4953.8,4958.1,4953.8,4958.1,210
2025-06-20T11:35:00+05:30,4958.6,4961.2,4948.1,4949.1,1933
2025-06-20T11:36:00+05:30,4951.0,4951.0,4947.1,4949.8,256
2025-06-20T11:37:00+05:30,4951.0,4952.0,4947.8,4950.8,238
2025-06-20T11:38:00+05:30,4950.9,4952.0,4947.1,4947.2,274
2025-06-20T11:39:00+05:30,4947.8,4950.2,4947.4,4947.5,163
2025-06-20T11:40:00+05:30,4949.4,4949.4,4947.6,4947.6,171
2025-06-20T11:41:00+05:30,4948.8,4954.1,4948.8,4950.0,580
2025-06-20T11:42:00+05:30,4950.0,4951.0,4949.2,4950.0,272
2025-06-20T11:43:00+05:30,4950.9,4950.9,4947.0,4947.0,375
2025-06-20T11:44:00+05:30,4948.5,4948.5,4942.1,4942.3,264
2025-06-20T11:45:00+05:30,4942.9,4948.7,4941.4,4946.4,429
2025-06-20T11:46:00+05:30,4945.2,4952.2,4945.2,4946.5,212
2025-06-20T11:47:00+05:30,4947.0,4948.7,4946.5,4946.6,139
2025-06-20T11:48:00+05:30,4946.6,4955.0,4946.6,4952.3,488
2025-06-20T11:49:00+05:30,4952.3,4952.3,4941.8,4941.9,782
2025-06-20T11:50:00+05:30,4943.1,4944.7,4941.4,4942.2,151
2025-06-20T11:51:00+05:30,4942.0,4945.2,4941.9,4945.2,197
2025-06-20T11:52:00+05:30,4945.2,4945.2,4940.4,4941.3,415
2025-06-20T11:53:00+05:30,4941.9,4941.9,4936.0,4936.1,402
2025-06-20T11:54:00+05:30,4937.7,4944.3,4937.7,4940.3,218
2025-06-20T11:55:00+05:30,4940.4,4943.1,4939.0,4943.1,418
2025-06-20T11:56:00+05:30,4939.5,4943.1,4937.8,4937.8,328
2025-06-20T11:57:00+05:30,4938.5,4941.4,4938.0,4938.0,182
2025-06-20T11:58:00+05:30,4937.7,4941.4,4937.7,4937.7,205
2025-06-20T11:59:00+05:30,4937.7,4940.0,4937.6,4940.0,176
2025-06-20T12:00:00+05:30,4939.3,4947.4,4935.0,4947.4,1439
2025-06-20T12:01:00+05:30,4945.8,4951.9,4942.4,4951.9,2330
2025-06-20T12:02:00+05:30,4952.8,4953.4,4947.2,4950.5,888
2025-06-20T12:03:00+05:30,4951.9,4953.7,4948.7,4948.7,205
2025-06-20T12:04:00+05:30,4948.6,4953.4,4948.1,4948.9,218
2025-06-20T12:05:00+05:30,4952.0,4952.5,4948.1,4948.2,210
2025-06-20T12:06:00+05:30,4950.5,4953.3,4945.9,4948.8,643
2025-06-20T12:07:00+05:30,4947.4,4950.3,4946.8,4948.5,170
2025-06-20T12:08:00+05:30,4950.2,4953.6,4949.0,4953.6,451
2025-06-20T12:09:00+05:30,4953.0,4953.9,4950.9,4950.9,299
2025-06-20T12:10:00+05:30,4950.9,4953.0,4950.2,4950.5,203
2025-06-20T12:11:00+05:30,4952.0,4952.0,4948.4,4948.9,288
2025-06-20T12:12:00+05:30,4949.2,4951.9,4948.0,4949.9,248
2025-06-20T12:13:00+05:30,4951.9,4951.9,4948.4,4948.5,273
2025-06-20T12:14:00+05:30,4948.9,4954.0,4945.3,4954.0,721
2025-06-20T12:15:00+05:30,4955.0,4955.0,4951.2,4951.9,197
2025-06-20T12:16:00+05:30,4951.9,4955.0,4951.2,4951.2,107
2025-06-20T12:17:00+05:30,4951.2,4952.5,4948.9,4950.2,117
2025-06-20T12:18:00+05:30,4950.2,4950.9,4947.4,4948.0,163
2025-06-20T12:19:00+05:30,4948.2,4950.6,4947.0,4949.0,208
2025-06-20T12:20:00+05:30,4949.0,4951.6,4934.5,4936.8,10711
2025-06-20T12:21:00+05:30,4935.6,4939.1,4930.0,4930.0,837
2025-06-20T12:22:00+05:30,4930.1,4937.2,4930.0,4933.2,812
2025-06-20T12:23:00+05:30,4932.0,4935.5,4931.0,4932.4,573
2025-06-20T12:24:00+05:30,4932.3,4934.8,4931.5,4932.3,185
2025-06-20T12:25:00+05:30,4932.3,4934.4,4926.3,4926.3,433
2025-06-20T12:26:00+05:30,4925.8,4928.0,4923.0,4928.0,738
2025-06-20T12:27:00+05:30,4924.9,4930.1,4924.2,4924.8,512
2025-06-20T12:28:00+05:30,4924.8,4927.1,4924.2,4926.6,232
2025-06-20T12:29:00+05:30,4925.8,4926.6,4920.6,4920.6,207
2025-06-20T12:30:00+05:30,4922.0,4923.9,4920.5,4923.9,241
2025-06-20T12:31:00+05:30,4924.0,4924.0,4920.5,4920.5,277
2025-06-20T12:32:00+05:30,4920.5,4924.9,4920.5,4922.1,216
2025-06-20T12:33:00+05:30,4923.2,4923.3,4916.0,4916.0,679
2025-06-20T12:34:00+05:30,4916.1,4917.3,4909.7,4909.7,412
2025-06-20T12:35:00+05:30,4909.8,4916.4,4909.5,4910.8,1054
2025-06-20T12:36:00+05:30,4911.9,4917.9,4909.7,4912.6,466
2025-06-20T12:37:00+05:30,4912.7,4917.5,4911.1,4913.9,489
2025-06-20T12:38:00+05:30,4915.2,4917.9,4915.1,4915.3,200
2025-06-20T12:39:00+05:30,4915.3,4918.0,4915.3,4915.7,281
2025-06-20T12:40:00+05:30,4915.7,4916.4,4913.7,4916.0,470
2025-06-20T12:41:00+05:30,4916.0,4917.5,4914.5,4914.5,213
2025-06-20T12:42:00+05:30,4915.7,4918.7,4915.7,4918.5,316
2025-06-20T12:43:00+05:30,4919.9,4920.0,4916.1,4919.2,255
2025-06-20T12:44:00+05:30,4920.0,4922.1,4919.0,4919.0,164
2025-06-20T12:45:00+05:30,4920.2,4922.7,4919.0,4921.5,194
2025-06-20T12:46:00+05:30,4922.7,4927.1,4922.1,4925.1,355
2025-06-20T12:47:00+05:30,4925.3,4931.5,4924.6,4926.3,1873
2025-06-20T12:48:00+05:30,4926.3,4930.3,4924.9,4926.7,2462
2025-06-20T12:49:00+05:30,4926.7,4935.5,4926.4,4933.3,860
2025-06-20T12:50:00+05:30,4933.3,4937.2,4932.7,4933.5,600
2025-06-20T12:51:00+05:30,4933.3,4935.0,4933.1,4933.5,368
2025-06-20T12:52:00+05:30,4933.5,4936.0,4932.1,4934.0,148
2025-06-20T12:53:00+05:30,4934.0,4936.8,4933.8,4934.3,162
2025-06-20T12:54:00+05:30,4934.2,4937.8,4933.4,4936.8,364
2025-06-20T12:55:00+05:30,4936.9,4938.6,4935.8,4935.8,150
2025-06-20T12:56:00+05:30,4938.3,4938.3,4933.0,4933.5,316
2025-06-20T12:57:00+05:30,4933.5,4935.4,4932.0,4932.0,232
2025-06-20T12:58:00+05:30,4932.0,4939.3,4932.0,4936.9,524
2025-06-20T12:59:00+05:30,4936.9,4940.6,4932.3,4932.4,199
2025-06-20T13:00:00+05:30,4932.5,4937.8,4932.2,4932.8,268
2025-06-20T13:01:00+05:30,4932.9,4934.7,4929.8,4932.4,581
2025-06-20T13:02:00+05:30,4932.5,4938.1,4932.0,4936.2,145
2025-06-20T13:03:00+05:30,4936.2,4937.4,4935.3,4935.5,162
2025-06-20T13:04:00+05:30,4936.3,4939.0,4936.3,4936.6,145
2025-06-20T13:05:00+05:30,4936.8,4939.3,4936.8,4936.9,343
2025-06-20T13:06:00+05:30,4936.9,4938.5,4933.1,4934.7,329
2025-06-20T13:07:00+05:30,4936.9,4941.4,4936.2,4936.9,508
2025-06-20T13:08:00+05:30,4938.6,4939.0,4936.3,4937.4,160
2025-06-20T13:09:00+05:30,4937.4,4940.0,4934.9,4934.9,205
2025-06-20T13:10:00+05:30,4935.0,4940.9,4934.6,4939.6,384
2025-06-20T13:11:00+05:30,4939.6,4944.1,4939.6,4940.9,500
2025-06-20T13:12:00+05:30,4941.3,4944.0,4941.3,4942.0,137
2025-06-20T13:13:00+05:30,4942.0,4942.0,4935.6,4935.6,288
2025-06-20T13:14:00+05:30,4935.2,4936.0,4934.4,4934.5,238
2025-06-20T13:15:00+05:30,4934.5,4938.9,4934.4,4936.8,243
2025-06-20T13:16:00+05:30,4936.8,4939.9,4936.8,4938.2,253
2025-06-20T13:17:00+05:30,4939.7,4939.7,4936.8,4939.3,230
2025-06-20T13:18:00+05:30,4937.3,4944.5,4937.3,4939.5,839
2025-06-20T13:19:00+05:30,4939.9,4943.9,4939.4,4941.9,260
2025-06-20T13:20:00+05:30,4944.2,4944.2,4936.8,4936.9,290
2025-06-20T13:21:00+05:30,4938.9,4940.3,4936.9,4937.8,248
2025-06-20T13:22:00+05:30,4938.0,4940.6,4937.4,4937.5,78
2025-06-20T13:23:00+05:30,4937.5,4940.6,4935.5,4940.5,303
2025-06-20T13:24:00+05:30,4938.6,4941.4,4935.7,4935.9,250
2025-06-20T13:25:00+05:30,4935.9,4939.2,4935.9,4937.1,72
2025-06-20T13:26:00+05:30,4937.3,4939.1,4935.5,4938.4,131
2025-06-20T13:27:00+05:30,4935.7,4939.0,4934.2,4937.4,132
2025-06-20T13:28:00+05:30,4937.4,4938.2,4934.5,4936.1,138
2025-06-20T13:29:00+05:30,4936.1,4940.2,4936.1,4940.2,122
2025-06-20T13:30:00+05:30,4939.7,4939.8,4930.0,4937.9,4745
2025-06-20T13:31:00+05:30,4938.4,4941.8,4938.4,4940.1,340
2025-06-20T13:32:00+05:30,4940.1,4942.1,4936.0,4939.1,308
2025-06-20T13:33:00+05:30,4939.1,4940.0,4934.2,4934.9,176
2025-06-20T13:34:00+05:30,4936.3,4936.5,4933.3,4933.5,282
2025-06-20T13:35:00+05:30,4935.7,4937.7,4934.1,4936.8,217
2025-06-20T13:36:00+05:30,4936.8,4940.1,4935.9,4937.1,507
2025-06-20T13:37:00+05:30,4938.2,4939.5,4936.6,4938.8,168
2025-06-20T13:38:00+05:30,4938.8,4939.8,4936.4,4939.8,343
2025-06-20T13:39:00+05:30,4941.5,4941.5,4933.6,4933.6,1799
2025-06-20T13:40:00+05:30,4932.0,4932.0,4925.0,4927.1,3410
2025-06-20T13:41:00+05:30,4927.6,4935.6,4927.6,4932.2,677
2025-06-20T13:42:00+05:30,4932.2,4938.6,4931.9,4936.3,156
2025-06-20T13:43:00+05:30,4936.2,4939.7,4936.0,4936.7,292
2025-06-20T13:44:00+05:30,4936.7,4939.3,4935.1,4935.9,174
2025-06-20T13:45:00+05:30,4936.1,4938.5,4935.0,4935.0,202
2025-06-20T13:46:00+05:30,4935.4,4936.7,4933.8,4933.8,155
2025-06-20T13:47:00+05:30,4935.5,4939.2,4934.2,4935.4,308
2025-06-20T13:48:00+05:30,4937.3,4937.6,4932.5,4936.3,390
2025-06-20T13:49:00+05:30,4934.7,4938.5,4931.0,4931.0,314
2025-06-20T13:50:00+05:30,4931.1,4932.7,4931.0,4932.6,185
2025-06-20T13:51:00+05:30,4934.3,4934.6,4932.3,4932.6,154
2025-06-20T13:52:00+05:30,4932.6,4934.5,4932.0,4932.7,203
2025-06-20T13:53:00+05:30,4932.8,4936.4,4932.7,4934.9,250
2025-06-20T13:54:00+05:30,4935.7,4937.7,4933.2,4934.8,231
2025-06-20T13:55:00+05:30,4934.5,4936.3,4934.5,4934.8,151
2025-06-20T13:56:00+05:30,4934.8,4944.3,4934.8,4937.5,394
2025-06-20T13:57:00+05:30,4937.5,4939.5,4937.2,4938.0,102
2025-06-20T13:58:00+05:30,4937.2,4938.7,4934.0,4938.7,113
2025-06-20T13:59:00+05:30,4936.2,4939.0,4935.8,4936.8,106
2025-06-20T14:00:00+05:30,4936.8,4938.0,4935.5,4938.0,117
2025-06-20T14:01:00+05:30,4938.9,4939.3,4935.9,4939.3,118
2025-06-20T14:02:00+05:30,4936.8,4938.6,4931.0,4931.0,1099
2025-06-20T14:03:00+05:30,4931.0,4931.5,4920.9,4922.2,1742
2025-06-20T14:04:00+05:30,4920.3,4921.8,4915.6,4916.2,500
2025-06-20T14:05:00+05:30,4916.2,4920.6,4915.7,4918.1,440
2025-06-20T14:06:00+05:30,4920.4,4924.4,4917.6,4922.6,765
2025-06-20T14:07:00+05:30,4920.3,4922.5,4920.0,4920.0,440
2025-06-20T14:08:00+05:30,4920.0,4922.5,4918.8,4918.8,514
2025-06-20T14:09:00+05:30,4918.8,4919.4,4915.5,4915.5,863
2025-06-20T14:10:00+05:30,4916.0,4920.4,4915.1,4915.1,675
2025-06-20T14:11:00+05:30,4915.0,4916.3,4911.4,4915.3,808
2025-06-20T14:12:00+05:30,4915.3,4917.7,4915.1,4915.1,488
2025-06-20T14:13:00+05:30,4915.1,4917.4,4906.6,4908.0,5884
2025-06-20T14:14:00+05:30,4909.5,4910.0,4908.7,4908.7,2094
2025-06-20T14:15:00+05:30,4908.7,4910.0,4907.7,4908.7,2276
2025-06-20T14:16:00+05:30,4908.7,4917.0,4908.7,4917.0,6512
2025-06-20T14:17:00+05:30,4917.9,4922.1,4916.9,4922.1,470
2025-06-20T14:18:00+05:30,4923.7,4926.0,4922.5,4926.0,575
2025-06-20T14:19:00+05:30,4925.1,4925.9,4911.3,4912.1,4046
2025-06-20T14:20:00+05:30,4913.5,4919.0,4913.5,4915.7,692
2025-06-20T14:21:00+05:30,4916.5,4918.7,4914.9,4918.4,470
2025-06-20T14:22:00+05:30,4918.4,4918.6,4917.4,4917.9,276
2025-06-20T14:23:00+05:30,4918.6,4920.0,4917.8,4918.6,515
2025-06-20T14:24:00+05:30,4919.8,4925.0,4918.3,4924.9,1090
2025-06-20T14:25:00+05:30,4923.0,4927.6,4923.0,4923.0,411
2025-06-20T14:26:00+05:30,4923.0,4924.9,4918.9,4919.0,1530
2025-06-20T14:27:00+05:30,4918.8,4922.8,4917.0,4921.5,2066
2025-06-20T14:28:00+05:30,4919.2,4919.6,4917.3,4917.4,433
2025-06-20T14:29:00+05:30,4917.4,4920.9,4916.8,4920.9,527
2025-06-20T14:30:00+05:30,4920.5,4920.5,4919.2,4919.5,275
2025-06-20T14:31:00+05:30,4919.5,4923.0,4918.6,4921.2,468
2025-06-20T14:32:00+05:30,4921.2,4924.5,4921.0,4921.6,458
2025-06-20T14:33:00+05:30,4921.6,4927.4,4921.5,4927.4,696
2025-06-20T14:34:00+05:30,4927.4,4927.4,4920.9,4920.9,524
2025-06-20T14:35:00+05:30,4920.5,4925.4,4919.9,4923.2,677
2025-06-20T14:36:00+05:30,4923.3,4927.1,4923.3,4923.8,447
2025-06-20T14:37:00+05:30,4923.8,4926.5,4923.7,4925.3,538
2025-06-20T14:38:00+05:30,4925.4,4931.5,4925.4,4928.5,560
2025-06-20T14:39:00+05:30,4928.5,4929.9,4928.1,4928.7,507
2025-06-20T14:40:00+05:30,4928.7,4932.7,4926.7,4930.4,728
2025-06-20T14:41:00+05:30,4931.9,4932.0,4928.9,4929.1,365
2025-06-20T14:42:00+05:30,4929.1,4929.8,4926.2,4927.3,726
2025-06-20T14:43:00+05:30,4925.5,4930.0,4925.2,4928.6,1179
2025-06-20T14:44:00+05:30,4929.0,4930.6,4928.8,4930.0,357
2025-06-20T14:45:00+05:30,4930.4,4930.5,4927.5,4930.5,827
2025-06-20T14:46:00+05:30,4930.5,4932.0,4928.4,4930.3,662
2025-06-20T14:47:00+05:30,4930.3,4932.2,4926.3,4932.1,581
2025-06-20T14:48:00+05:30,4930.0,4936.8,4930.0,4935.2,920
2025-06-20T14:49:00+05:30,4936.4,4938.0,4933.6,4935.0,942
2025-06-20T14:50:00+05:30,4935.0,4937.2,4932.0,4933.2,1216
2025-06-20T14:51:00+05:30,4934.8,4934.8,4928.6,4929.0,834
2025-06-20T14:52:00+05:30,4929.0,4932.9,4927.0,4927.9,1176
2025-06-20T14:53:00+05:30,4929.6,4930.9,4926.9,4926.9,668
2025-06-20T14:54:00+05:30,4928.2,4932.7,4926.7,4926.7,717
2025-06-20T14:55:00+05:30,4926.8,4933.0,4924.7,4933.0,2838
2025-06-20T14:56:00+05:30,4930.4,4934.7,4929.6,4934.2,1239
2025-06-20T14:57:00+05:30,4934.3,4935.9,4929.4,4934.0,765
2025-06-20T14:58:00+05:30,4934.8,4940.4,4934.8,4939.8,1434
2025-06-20T14:59:00+05:30,4941.6,4942.5,4935.6,4939.3,1008
2025-06-20T15:00:00+05:30,4939.9,4962.4,4939.3,4952.0,13288
2025-06-20T15:01:00+05:30,4951.9,4954.2,4947.9,4953.4,5463
2025-06-20T15:02:00+05:30,4953.2,4955.0,4949.6,4951.1,4345
2025-06-20T15:03:00+05:30,4951.2,4954.4,4951.2,4954.1,4865
2025-06-20T15:04:00+05:30,4954.3,4954.3,4950.6,4950.7,4059
2025-06-20T15:05:00+05:30,4952.5,4952.6,4950.2,4952.2,3564
2025-06-20T15:06:00+05:30,4952.6,4953.5,4949.1,4951.7,5557
2025-06-20T15:07:00+05:30,4951.7,4951.7,4945.3,4950.2,3715
2025-06-20T15:08:00+05:30,4950.2,4955.0,4949.8,4954.0,4642
2025-06-20T15:09:00+05:30,4954.3,4956.0,4950.9,4955.1,5376
2025-06-20T15:10:00+05:30,4954.9,4954.9,4948.2,4948.8,4837
2025-06-20T15:11:00+05:30,4948.8,4949.4,4946.3,4948.4,4408
2025-06-20T15:12:00+05:30,4948.5,4952.0,4948.2,4950.9,4737
2025-06-20T15:13:00+05:30,4951.0,4955.4,4950.9,4954.7,4840
2025-06-20T15:14:00+05:30,4954.7,4954.8,4949.2,4952.1,6971
2025-06-20T15:15:00+05:30,4952.5,4953.7,4950.1,4953.0,4096
2025-06-20T15:16:00+05:30,4953.0,4961.5,4953.0,4959.5,7447
2025-06-20T15:17:00+05:30,4959.6,4963.0,4958.8,4960.6,5674
2025-06-20T15:18:00+05:30,4960.6,4962.3,4955.0,4959.0,5153
2025-06-20T15:19:00+05:30,4959.1,4964.9,4959.1,4962.7,6602
2025-06-20T15:20:00+05:30,4962.6,4968.4,4962.5,4967.0,8833
2025-06-20T15:21:00+05:30,4967.2,4967.7,4966.6,4966.6,4776
2025-06-20T15:22:00+05:30,4966.8,4973.5,4966.1,4973.5,5644
2025-06-20T15:23:00+05:30,4974.4,4975.3,4973.0,4974.6,5079
2025-06-20T15:24:00+05:30,4974.7,4974.8,4967.6,4968.4,7112
2025-06-20T15:25:00+05:30,4968.4,4970.7,4968.4,4969.7,6169
2025-06-20T15:26:00+05:30,4969.5,4971.9,4965.2,4965.5,5283
2025-06-20T15:27:00+05:30,4965.5,4965.5,4957.7,4959.5,5417
2025-06-20T15:28:00+05:30,4959.6,4959.7,4957.7,4958.0,2476
2025-06-20T15:29:00+05:30,4958.0,4968.0,4949.0,4964.0,1980
2025-06-23T09:15:00+05:30,4933.7,4972.5,4921.2,4961.9,2803
2025-06-23T09:16:00+05:30,4958.7,4968.3,4941.9,4961.5,1532
2025-06-23T09:17:00+05:30,4961.5,4962.0,4940.0,4942.8,1116
2025-06-23T09:18:00+05:30,4940.8,4946.4,4930.7,4936.3,1028
2025-06-23T09:19:00+05:30,4936.9,4938.9,4932.9,4937.7,500
2025-06-23T09:20:00+05:30,4936.9,4944.2,4936.9,4944.2,442
2025-06-23T09:21:00+05:30,4944.9,4946.5,4936.9,4944.1,1053
2025-06-23T09:22:00+05:30,4941.4,4945.7,4936.9,4941.3,378
2025-06-23T09:23:00+05:30,4938.8,4956.3,4938.8,4951.0,1105
2025-06-23T09:24:00+05:30,4947.9,4954.8,4947.9,4949.3,212
2025-06-23T09:25:00+05:30,4952.5,4953.3,4938.0,4938.1,468
2025-06-23T09:26:00+05:30,4938.5,4942.9,4936.9,4940.0,536
2025-06-23T09:27:00+05:30,4942.2,4942.2,4939.0,4940.2,97
2025-06-23T09:28:00+05:30,4944.0,4952.0,4942.4,4942.4,274
2025-06-23T09:29:00+05:30,4938.4,4947.1,4938.1,4947.1,564
2025-06-23T09:30:00+05:30,4948.8,4953.1,4944.0,4953.0,145
2025-06-23T09:31:00+05:30,4953.0,4953.0,4936.9,4936.9,276
2025-06-23T09:32:00+05:30,4941.4,4943.6,4932.5,4932.5,231
2025-06-23T09:33:00+05:30,4932.0,4935.1,4928.9,4929.4,502
2025-06-23T09:34:00+05:30,4929.5,4931.8,4923.2,4923.2,250
2025-06-23T09:35:00+05:30,4925.2,4934.4,4925.2,4931.2,265
2025-06-23T09:36:00+05:30,4931.1,4933.8,4922.0,4922.0,688
2025-06-23T09:37:00+05:30,4923.2,4931.9,4922.0,4928.4,395
2025-06-23T09:38:00+05:30,4924.8,4933.4,4924.6,4929.9,574
2025-06-23T09:39:00+05:30,4935.0,4940.3,4930.0,4930.6,195
2025-06-23T09:40:00+05:30,4931.9,4933.8,4931.3,4931.9,67
2025-06-23T09:41:00+05:30,4931.9,4931.9,4926.6,4927.3,298
2025-06-23T09:42:00+05:30,4929.0,4929.0,4919.0,4920.4,168
2025-06-23T09:43:00+05:30,4920.4,4930.5,4920.4,4928.3,429
2025-06-23T09:44:00+05:30,4926.8,4926.8,4920.4,4920.4,25
2025-06-23T09:45:00+05:30,4922.9,4922.9,4915.4,4916.7,208
2025-06-23T09:46:00+05:30,4919.1,4919.1,4910.0,4915.1,820
2025-06-23T09:47:00+05:30,4916.7,4917.5,4912.3,4914.5,68
2025-06-23T09:48:00+05:30,4912.4,4917.2,4912.4,4915.6,212
2025-06-23T09:49:00+05:30,4914.9,4920.6,4914.8,4916.0,97
2025-06-23T09:50:00+05:30,4920.5,4931.8,4920.1,4931.0,169
2025-06-23T09:51:00+05:30,4929.4,4931.2,4925.7,4929.1,93
2025-06-23T09:52:00+05:30,4930.0,4937.8,4926.1,4933.8,284
2025-06-23T09:53:00+05:30,4933.4,4938.8,4932.5,4933.6,393
2025-06-23T09:54:00+05:30,4935.8,4935.8,4925.0,4925.0,57
2025-06-23T09:55:00+05:30,4923.4,4930.9,4921.8,4928.9,356
2025-06-23T09:56:00+05:30,4926.1,4932.7,4926.0,4929.7,146
2025-06-23T09:57:00+05:30,4927.8,4933.1,4924.0,4924.0,311
2025-06-23T09:58:00+05:30,4924.0,4927.0,4921.1,4925.0,109
2025-06-23T09:59:00+05:30,4921.3,4924.5,4917.9,4918.2,184
2025-06-23T10:00:00+05:30,4922.1,4924.6,4916.8,4924.6,215
2025-06-23T10:01:00+05:30,4920.2,4926.0,4920.0,4925.0,115
2025-06-23T10:02:00+05:30,4927.8,4927.8,4922.9,4925.4,66
2025-06-23T10:03:00+05:30,4926.0,4931.4,4923.1,4926.0,373
2025-06-23T10:04:00+05:30,4927.8,4927.9,4916.1,4920.0,229
2025-06-23T10:05:00+05:30,4918.6,4925.3,4917.0,4922.4,71
2025-06-23T10:06:00+05:30,4922.1,4930.9,4920.2,4928.9,191
2025-06-23T10:07:00+05:30,4929.6,4936.7,4928.8,4936.7,101
2025-06-23T10:08:00+05:30,4936.0,4936.0,4932.7,4932.7,17
2025-06-23T10:09:00+05:30,4932.7,4932.7,4926.9,4930.8,28
2025-06-23T10:10:00+05:30,4930.3,4931.4,4928.4,4929.0,166
2025-06-23T10:11:00+05:30,4929.8,4931.5,4929.8,4931.4,25
2025-06-23T10:12:00+05:30,4932.7,4937.0,4932.5,4932.5,127
2025-06-23T10:13:00+05:30,4932.1,4937.0,4931.2,4933.9,270
2025-06-23T10:14:00+05:30,4931.7,4940.0,4931.3,4940.0,369
2025-06-23T10:15:00+05:30,4938.0,4938.0,4934.3,4934.3,32
2025-06-23T10:16:00+05:30,4934.3,4935.4,4932.3,4934.8,118
2025-06-23T10:17:00+05:30,4934.3,4935.2,4934.0,4935.2,22
2025-06-23T10:18:00+05:30,4934.6,4935.9,4934.6,4935.9,145
2025-06-23T10:19:00+05:30,4935.2,4935.3,4932.3,4934.1,29
2025-06-23T10:20:00+05:30,4935.9,4941.0,4935.1,4941.0,60
2025-06-23T10:21:00+05:30,4941.0,4945.7,4940.5,4944.9,127
2025-06-23T10:22:00+05:30,4943.8,4948.3,4942.2,4948.3,337
2025-06-23T10:23:00+05:30,4948.5,4949.6,4947.0,4948.7,252
2025-06-23T10:24:00+05:30,4948.3,4950.0,4947.6,4947.6,163
2025-06-23T10:25:00+05:30,4949.4,4957.9,4947.6,4957.7,348
2025-06-23T10:26:00+05:30,4956.9,4957.0,4949.9,4950.0,749
2025-06-23T10:27:00+05:30,4950.0,4957.0,4950.0,4957.0,117
2025-06-23T10:28:00+05:30,4956.6,4957.0,4953.3,4957.0,97
2025-06-23T10:29:00+05:30,4954.7,4957.0,4954.2,4955.9,301
2025-06-23T10:30:00+05:30,4955.0,4958.9,4955.0,4957.0,158
2025-06-23T10:31:00+05:30,4957.0,4959.0,4954.8,4954.8,165
2025-06-23T10:32:00+05:30,4955.8,4958.3,4953.4,4953.4,182
2025-06-23T10:33:00+05:30,4954.9,4954.9,4951.0,4951.1,23
2025-06-23T10:34:00+05:30,4951.0,4953.3,4950.0,4953.3,318
2025-06-23T10:35:00+05:30,4957.8,4958.5,4951.9,4952.0,500
2025-06-23T10:36:00+05:30,4950.6,4953.0,4950.6,4952.0,12
2025-06-23T10:37:00+05:30,4950.8,4954.5,4949.0,4949.3,772
2025-06-23T10:38:00+05:30,4950.9,4953.0,4948.7,4953.0,18
2025-06-23T10:39:00+05:30,4954.3,4954.3,4947.6,4948.1,281
2025-06-23T10:40:00+05:30,4947.9,4949.0,4946.6,4948.9,515
2025-06-23T10:41:00+05:30,4947.6,4950.0,4947.6,4948.7,562
2025-06-23T10:42:00+05:30,4947.1,4960.0,4947.1,4957.5,1133
2025-06-23T10:43:00+05:30,4957.5,4960.0,4956.6,4960.0,1541
2025-06-23T10:44:00+05:30,4960.0,4963.4,4960.0,4962.0,394
2025-06-23T10:45:00+05:30,4961.1,4962.8,4958.9,4962.8,695
2025-06-23T10:46:00+05:30,4960.6,4960.6,4958.8,4960.6,19
2025-06-23T10:47:00+05:30,4961.0,4962.5,4960.1,4962.0,62
2025-06-23T10:48:00+05:30,4962.5,4962.5,4958.0,4959.0,575
2025-06-23T10:49:00+05:30,4959.0,4962.4,4956.9,4958.4,194
2025-06-23T10:50:00+05:30,4958.4,4962.5,4956.9,4960.0,1759
2025-06-23T10:51:00+05:30,4956.8,4959.8,4956.8,4958.2,1110
2025-06-23T10:52:00+05:30,4958.2,4959.0,4956.0,4956.0,155
2025-06-23T10:53:00+05:30,4955.0,4955.0,4952.0,4953.2,101
2025-06-23T10:54:00+05:30,4952.2,4956.0,4952.2,4956.0,62
2025-06-23T10:55:00+05:30,4957.7,4959.4,4953.5,4953.5,1918
2025-06-23T10:56:00+05:30,4952.7,4956.7,4950.4,4950.4,376
2025-06-23T10:57:00+05:30,4953.0,4957.6,4952.8,4957.6,46
2025-06-23T10:58:00+05:30,4956.9,4959.8,4955.3,4955.3,352
2025-06-23T10:59:00+05:30,4956.4,4962.4,4950.1,4962.4,3104
2025-06-23T11:00:00+05:30,4962.1,4962.5,4960.0,4962.3,15
2025-06-23T11:01:00+05:30,4962.3,4962.3,4961.0,4962.3,56
2025-06-23T11:02:00+05:30,4962.3,4962.3,4957.0,4957.3,33
2025-06-23T11:03:00+05:30,4960.8,4969.8,4960.8,4967.8,515
2025-06-23T11:04:00+05:30,4967.0,4968.9,4967.0,4968.0,212
2025-06-23T11:05:00+05:30,4967.0,4967.0,4962.7,4963.5,116
2025-06-23T11:06:00+05:30,4962.2,4964.2,4957.6,4957.6,224
2025-06-23T11:07:00+05:30,4958.3,4966.8,4958.3,4966.8,83
2025-06-23T11:08:00+05:30,4965.5,4965.5,4964.0,4964.0,3
2025-06-23T11:09:00+05:30,4962.2,4966.4,4961.8,4962.3,178
2025-06-23T11:10:00+05:30,4963.1,4970.9,4963.1,4970.9,654
2025-06-23T11:11:00+05:30,4969.0,4969.0,4963.5,4966.2,71
2025-06-23T11:12:00+05:30,4968.7,4972.0,4968.7,4971.9,152
2025-06-23T11:13:00+05:30,4972.2,4975.0,4972.0,4975.0,329
2025-06-23T11:14:00+05:30,4975.0,4981.1,4974.4,4979.5,928
2025-06-23T11:15:00+05:30,4979.5,4984.0,4976.7,4977.9,601
2025-06-23T11:16:00+05:30,4977.4,4979.7,4975.0,4979.7,230
2025-06-23T11:17:00+05:30,4976.0,4984.0,4976.0,4982.0,193
2025-06-23T11:18:00+05:30,4980.3,4980.3,4967.6,4967.9,1596
2025-06-23T11:19:00+05:30,4968.0,4985.0,4966.6,4983.3,1958
2025-06-23T11:20:00+05:30,4985.0,4987.2,4980.0,4982.0,1390
2025-06-23T11:21:00+05:30,4984.7,4985.0,4975.0,4975.9,2664
2025-06-23T11:22:00+05:30,4975.8,4981.7,4975.8,4977.9,517
2025-06-23T11:23:00+05:30,4979.1,4979.1,4969.1,4971.9,581
2025-06-23T11:24:00+05:30,4971.9,4973.0,4968.8,4973.0,220
2025-06-23T11:25:00+05:30,4970.3,4977.6,4970.0,4977.6,179
2025-06-23T11:26:00+05:30,4975.1,4978.7,4975.1,4978.7,235
2025-06-23T11:27:00+05:30,4975.2,4978.5,4972.2,4975.2,428
2025-06-23T11:28:00+05:30,4973.3,4978.5,4973.3,4978.5,35
2025-06-23T11:29:00+05:30,4979.5,4981.5,4976.3,4981.5,435
2025-06-23T11:30:00+05:30,4980.1,4982.4,4976.2,4977.0,219
2025-06-23T11:31:00+05:30,4979.5,4980.1,4977.8,4980.0,571
2025-06-23T11:32:00+05:30,4978.0,4979.3,4977.0,4978.2,466
2025-06-23T11:33:00+05:30,4978.2,4978.2,4972.0,4972.0,410
2025-06-23T11:34:00+05:30,4975.0,4979.3,4974.0,4975.7,712
2025-06-23T11:35:00+05:30,4974.0,4974.0,4970.0,4970.0,250
2025-06-23T11:36:00+05:30,4968.2,4972.8,4966.5,4969.8,584
2025-06-23T11:37:00+05:30,4970.0,4970.0,4968.1,4968.5,9
2025-06-23T11:38:00+05:30,4968.9,4973.0,4968.1,4972.0,322
2025-06-23T11:39:00+05:30,4969.7,4973.3,4969.1,4969.1,176
2025-06-23T11:40:00+05:30,4969.2,4970.0,4969.0,4970.0,66
2025-06-23T11:41:00+05:30,4969.5,4969.9,4969.5,4969.5,13
2025-06-23T11:42:00+05:30,4969.5,4970.0,4966.6,4968.4,1968
2025-06-23T11:43:00+05:30,4968.1,4969.3,4965.6,4969.3,261
2025-06-23T11:44:00+05:30,4968.9,4970.0,4967.3,4967.3,227
2025-06-23T11:45:00+05:30,4966.2,4966.7,4963.0,4965.0,119
2025-06-23T11:46:00+05:30,4964.2,4966.5,4964.2,4965.4,20
2025-06-23T11:47:00+05:30,4966.1,4967.0,4965.4,4965.4,133
2025-06-23T11:48:00+05:30,4965.5,4965.5,4964.1,4964.3,220
2025-06-23T11:49:00+05:30,4963.5,4963.5,4961.1,4962.6,37
2025-06-23T11:50:00+05:30,4961.6,4966.0,4961.6,4966.0,141
2025-06-23T11:51:00+05:30,4964.3,4964.8,4962.5,4962.5,89
2025-06-23T11:52:00+05:30,4962.2,4964.0,4962.2,4962.8,179
2025-06-23T11:53:00+05:30,4962.7,4962.7,4958.1,4960.7,791
2025-06-23T11:54:00+05:30,4958.6,4958.9,4956.8,4958.9,219
2025-06-23T11:55:00+05:30,4958.6,4965.0,4958.6,4962.7,174
2025-06-23T11:56:00+05:30,4958.6,4961.3,4956.5,4956.9,214
2025-06-23T11:57:00+05:30,4957.8,4960.9,4953.7,4957.7,251
2025-06-23T11:58:00+05:30,4960.1,4960.8,4959.1,4959.5,107
2025-06-23T11:59:00+05:30,4958.7,4961.4,4956.9,4960.5,175
2025-06-23T12:00:00+05:30,4960.7,4964.2,4960.6,4962.7,104
2025-06-23T12:01:00+05:30,4964.6,4965.0,4962.2,4964.5,247
2025-06-23T12:02:00+05:30,4962.9,4964.7,4962.5,4964.7,66
2025-06-23T12:03:00+05:30,4964.7,4967.2,4964.2,4966.3,231
2025-06-23T12:04:00+05:30,4969.0,4970.0,4967.3,4967.3,69
2025-06-23T12:05:00+05:30,4967.4,4970.0,4967.4,4970.0,291
2025-06-23T12:06:00+05:30,4968.1,4970.0,4967.6,4967.6,25
2025-06-23T12:07:00+05:30,4967.6,4967.7,4967.6,4967.6,9
2025-06-23T12:08:00+05:30,4969.3,4970.1,4968.5,4970.1,2030
2025-06-23T12:09:00+05:30,4970.1,4970.2,4968.0,4969.3,2304
2025-06-23T12:10:00+05:30,4967.4,4968.0,4967.2,4967.3,307
2025-06-23T12:11:00+05:30,4967.3,4968.0,4967.1,4968.0,191
2025-06-23T12:12:00+05:30,4968.0,4970.0,4966.0,4966.0,1348
2025-06-23T12:13:00+05:30,4964.4,4964.7,4963.0,4963.0,67
2025-06-23T12:14:00+05:30,4963.0,4965.6,4962.2,4962.2,57
2025-06-23T12:15:00+05:30,4964.9,4966.2,4962.3,4962.3,265
2025-06-23T12:16:00+05:30,4962.7,4962.7,4961.0,4961.0,4
2025-06-23T12:17:00+05:30,4962.0,4963.0,4962.0,4963.0,501
2025-06-23T12:18:00+05:30,4962.5,4962.5,4962.0,4962.2,12
2025-06-23T12:19:00+05:30,4962.2,4962.2,4960.8,4960.9,113
2025-06-23T12:20:00+05:30,4962.2,4962.2,4962.0,4962.2,102
2025-06-23T12:21:00+05:30,4960.1,4962.0,4960.1,4962.0,3
2025-06-23T12:22:00+05:30,4962.4,4970.3,4962.4,4969.4,10177
2025-06-23T12:23:00+05:30,4969.3,4977.2,4969.1,4974.6,654
2025-06-23T12:24:00+05:30,4977.7,4980.0,4975.6,4980.0,2189
2025-06-23T12:25:00+05:30,4977.7,4980.0,4975.0,4975.0,2071
2025-06-23T12:26:00+05:30,4975.0,4978.4,4973.6,4978.4,268
2025-06-23T12:27:00+05:30,4977.5,4977.6,4975.1,4975.1,139
2025-06-23T12:28:00+05:30,4975.1,4975.4,4969.6,4969.6,394
2025-06-23T12:29:00+05:30,4974.5,4974.5,4973.5,4973.5,150
2025-06-23T12:30:00+05:30,4974.0,4975.7,4971.9,4971.9,70
2025-06-23T12:31:00+05:30,4972.5,4972.5,4963.3,4965.3,2464
2025-06-23T12:32:00+05:30,4966.0,4966.7,4963.9,4963.9,25
2025-06-23T12:33:00+05:30,4967.1,4967.9,4960.4,4962.2,236
2025-06-23T12:34:00+05:30,4964.9,4964.9,4962.3,4962.3,15
2025-06-23T12:35:00+05:30,4965.2,4965.2,4963.2,4963.2,2
2025-06-23T12:36:00+05:30,4962.8,4964.9,4962.8,4962.8,14
2025-06-23T12:37:00+05:30,4964.6,4965.0,4960.9,4963.9,192
2025-06-23T12:38:00+05:30,4962.7,4964.4,4961.3,4961.3,87
2025-06-23T12:39:00+05:30,4963.2,4963.9,4961.9,4963.9,17
2025-06-23T12:40:00+05:30,4961.8,4963.9,4961.6,4963.9,39
2025-06-23T12:41:00+05:30,4962.3,4962.7,4962.3,4962.7,3
2025-06-23T12:42:00+05:30,4963.9,4963.9,4962.0,4962.0,2
2025-06-23T12:43:00+05:30,4963.1,4965.0,4962.7,4963.0,453
2025-06-23T12:44:00+05:30,4962.6,4965.0,4962.6,4965.0,259
2025-06-23T12:45:00+05:30,4965.0,4965.0,4963.0,4963.0,320
2025-06-23T12:46:00+05:30,4962.6,4962.8,4961.0,4961.0,105
2025-06-23T12:47:00+05:30,4963.5,4963.5,4957.1,4959.6,583
2025-06-23T12:48:00+05:30,4960.5,4960.5,4960.5,4960.5,2
2025-06-23T12:49:00+05:30,4959.9,4963.8,4959.9,4961.4,111
2025-06-23T12:50:00+05:30,4962.0,4962.1,4961.8,4961.8,77
2025-06-23T12:51:00+05:30,4963.4,4963.4,4963.4,4963.4,6
2025-06-23T12:52:00+05:30,4965.0,4965.0,4963.4,4964.0,153
2025-06-23T12:53:00+05:30,4964.5,4964.7,4963.4,4964.7,36
2025-06-23T12:54:00+05:30,4964.7,4965.0,4964.7,4964.7,583
2025-06-23T12:55:00+05:30,4964.5,4965.0,4963.5,4965.0,382
2025-06-23T12:56:00+05:30,4964.5,4968.0,4964.5,4965.3,57
2025-06-23T12:57:00+05:30,4967.9,4968.8,4967.9,4968.0,105
2025-06-23T12:58:00+05:30,4968.0,4968.4,4967.9,4968.4,401
2025-06-23T12:59:00+05:30,4966.3,4968.0,4964.3,4964.3,46
2025-06-23T13:00:00+05:30,4966.8,4969.0,4964.3,4966.2,86
2025-06-23T13:01:00+05:30,4966.2,4966.2,4966.2,4966.2,3
2025-06-23T13:02:00+05:30,4968.7,4969.0,4968.7,4969.0,26
2025-06-23T13:03:00+05:30,4967.4,4967.4,4967.4,4967.4,9
2025-06-23T13:04:00+05:30,4968.0,4969.0,4967.4,4969.0,5
2025-06-23T13:05:00+05:30,4968.9,4968.9,4967.1,4967.1,65
2025-06-23T13:06:00+05:30,4965.2,4969.0,4965.1,4966.4,269
2025-06-23T13:07:00+05:30,4968.8,4968.8,4968.8,4968.8,10
2025-06-23T13:08:00+05:30,4966.1,4967.3,4964.9,4964.9,8
2025-06-23T13:09:00+05:30,4965.4,4966.0,4964.0,4965.6,814
2025-06-23T13:10:00+05:30,4965.3,4965.3,4960.0,4960.0,1670
2025-06-23T13:11:00+05:30,4959.2,4960.0,4958.0,4960.0,279
2025-06-23T13:12:00+05:30,4958.0,4962.0,4958.0,4960.1,768
2025-06-23T13:13:00+05:30,4960.2,4962.0,4960.0,4960.0,426
2025-06-23T13:14:00+05:30,4960.0,4960.0,4958.0,4960.0,448
2025-06-23T13:15:00+05:30,4958.1,4960.0,4958.1,4958.4,157
2025-06-23T13:16:00+05:30,4960.0,4963.7,4958.5,4958.5,2381
2025-06-23T13:17:00+05:30,4960.1,4960.1,4958.4,4959.7,31
2025-06-23T13:18:00+05:30,4958.4,4959.2,4957.2,4957.2,207
2025-06-23T13:19:00+05:30,4957.5,4958.9,4957.5,4958.9,52
2025-06-23T13:20:00+05:30,4958.9,4960.0,4958.4,4958.4,702
2025-06-23T13:21:00+05:30,4958.4,4960.0,4957.5,4959.9,396
2025-06-23T13:22:00+05:30,4958.5,4960.0,4958.4,4960.0,32
2025-06-23T13:23:00+05:30,4960.0,4960.0,4958.4,4958.5,160
2025-06-23T13:24:00+05:30,4960.0,4960.0,4958.4,4960.0,14
2025-06-23T13:25:00+05:30,4959.8,4960.5,4959.1,4959.1,1653
2025-06-23T13:26:00+05:30,4958.8,4960.0,4958.8,4960.0,315
2025-06-23T13:27:00+05:30,4958.7,4960.5,4958.7,4960.0,940
2025-06-23T13:28:00+05:30,4960.0,4961.0,4959.5,4960.0,1278
2025-06-23T13:29:00+05:30,4960.0,4960.0,4959.1,4960.0,661
2025-06-23T13:30:00+05:30,4960.0,4961.0,4959.3,4959.3,1331
2025-06-23T13:31:00+05:30,4960.0,4968.0,4960.0,4966.4,5422
2025-06-23T13:32:00+05:30,4963.1,4967.9,4963.1,4967.9,251
2025-06-23T13:33:00+05:30,4965.3,4965.3,4963.0,4963.0,174
2025-06-23T13:34:00+05:30,4963.0,4963.6,4960.0,4963.6,94
2025-06-23T13:35:00+05:30,4964.3,4964.4,4960.0,4960.0,434
2025-06-23T13:36:00+05:30,4960.0,4960.0,4959.0,4959.1,244
2025-06-23T13:37:00+05:30,4961.0,4961.0,4960.0,4960.8,227
2025-06-23T13:38:00+05:30,4964.7,4965.0,4962.9,4965.0,186
2025-06-23T13:39:00+05:30,4965.0,4965.0,4964.5,4965.0,514
2025-06-23T13:40:00+05:30,4963.9,4965.0,4961.2,4962.4,301
2025-06-23T13:41:00+05:30,4962.0,4962.9,4962.0,4962.9,26
2025-06-23T13:42:00+05:30,4961.0,4962.8,4960.9,4960.9,44
2025-06-23T13:43:00+05:30,4960.6,4960.6,4959.0,4959.2,230
2025-06-23T13:44:00+05:30,4959.0,4959.0,4957.0,4957.1,38
2025-06-23T13:45:00+05:30,4957.2,4957.2,4955.0,4955.1,639
2025-06-23T13:46:00+05:30,4955.0,4956.2,4953.0,4953.0,423
2025-06-23T13:47:00+05:30,4953.0,4953.4,4951.1,4953.4,201
2025-06-23T13:48:00+05:30,4952.9,4957.2,4950.8,4952.2,232
2025-06-23T13:49:00+05:30,4950.6,4953.7,4950.6,4951.1,129
2025-06-23T13:50:00+05:30,4951.1,4952.2,4950.5,4952.2,13
2025-06-23T13:51:00+05:30,4951.3,4955.0,4950.6,4955.0,610
2025-06-23T13:52:00+05:30,4953.7,4953.7,4950.5,4950.5,188
2025-06-23T13:53:00+05:30,4951.5,4953.0,4945.7,4948.0,465
2025-06-23T13:54:00+05:30,4947.2,4948.0,4945.0,4946.2,191
2025-06-23T13:55:00+05:30,4947.9,4948.0,4947.9,4947.9,8
2025-06-23T13:56:00+05:30,4947.9,4947.9,4946.4,4947.9,38
2025-06-23T13:57:00+05:30,4946.9,4952.3,4946.4,4952.3,500
2025-06-23T13:58:00+05:30,4951.2,4955.1,4951.2,4955.1,26
2025-06-23T13:59:00+05:30,4952.9,4953.1,4950.7,4951.4,33
2025-06-23T14:00:00+05:30,4953.1,4957.2,4953.1,4957.2,8
2025-06-23T14:01:00+05:30,4957.2,4960.1,4957.2,4960.1,83
2025-06-23T14:02:00+05:30,4957.4,4961.8,4957.2,4961.7,173
2025-06-23T14:03:00+05:30,4960.8,4962.3,4957.3,4957.9,118
2025-06-23T14:04:00+05:30,4958.8,4958.8,4955.2,4955.2,5
2025-06-23T14:05:00+05:30,4957.7,4960.2,4957.1,4960.0,62
2025-06-23T14:06:00+05:30,4961.0,4962.0,4958.7,4958.7,106
2025-06-23T14:07:00+05:30,4957.9,4960.4,4957.9,4958.5,15
2025-06-23T14:08:00+05:30,4960.8,4960.8,4958.0,4958.0,211
2025-06-23T14:09:00+05:30,4958.8,4960.9,4958.5,4960.9,9
2025-06-23T14:10:00+05:30,4958.6,4962.5,4958.6,4962.5,160
2025-06-23T14:11:00+05:30,4960.1,4963.5,4960.1,4963.5,30
2025-06-23T14:12:00+05:30,4960.1,4960.1,4954.9,4957.4,1030
2025-06-23T14:13:00+05:30,4953.5,4953.5,4937.6,4940.0,9153
2025-06-23T14:14:00+05:30,4939.9,4940.8,4935.0,4937.8,4736
2025-06-23T14:15:00+05:30,4937.8,4939.0,4936.0,4938.5,217
2025-06-23T14:16:00+05:30,4937.2,4938.9,4936.9,4937.6,80
2025-06-23T14:17:00+05:30,4938.8,4938.8,4935.9,4935.9,189
2025-06-23T14:18:00+05:30,4936.4,4936.4,4936.3,4936.3,58
2025-06-23T14:19:00+05:30,4936.5,4936.6,4935.1,4936.6,8
2025-06-23T14:20:00+05:30,4936.9,4938.0,4935.1,4935.3,502
2025-06-23T14:21:00+05:30,4936.4,4938.3,4935.0,4937.4,678
2025-06-23T14:22:00+05:30,4935.5,4936.6,4935.5,4936.6,18
2025-06-23T14:23:00+05:30,4937.6,4937.6,4935.5,4935.5,22
2025-06-23T14:24:00+05:30,4935.6,4936.4,4935.0,4935.0,125
2025-06-23T14:25:00+05:30,4932.9,4934.3,4932.1,4933.0,29
2025-06-23T14:26:00+05:30,4932.0,4932.6,4930.2,4931.2,40
2025-06-23T14:27:00+05:30,4930.2,4930.2,4928.6,4929.8,143
2025-06-23T14:28:00+05:30,4929.3,4934.3,4929.3,4933.4,222
2025-06-23T14:29:00+05:30,4935.0,4939.5,4932.0,4939.5,704
2025-06-23T14:30:00+05:30,4938.9,4939.5,4936.1,4938.7,100
2025-06-23T14:31:00+05:30,4937.9,4938.6,4934.3,4937.8,329
2025-06-23T14:32:00+05:30,4937.2,4940.0,4936.0,4937.8,946
2025-06-23T14:33:00+05:30,4939.0,4940.3,4937.5,4939.9,1254
2025-06-23T14:34:00+05:30,4939.6,4941.4,4937.1,4939.0,372
2025-06-23T14:35:00+05:30,4938.9,4940.0,4937.1,4940.0,258
2025-06-23T14:36:00+05:30,4938.4,4940.0,4938.4,4938.6,266
2025-06-23T14:37:00+05:30,4940.0,4940.0,4937.4,4937.4,16
2025-06-23T14:38:00+05:30,4937.1,4939.2,4937.0,4937.4,12
2025-06-23T14:39:00+05:30,4936.9,4936.9,4936.4,4936.4,36
2025-06-23T14:40:00+05:30,4936.2,4937.5,4936.2,4937.5,9
2025-06-23T14:41:00+05:30,4936.6,4938.1,4936.6,4938.1,142
2025-06-23T14:42:00+05:30,4937.5,4940.0,4935.9,4940.0,257
2025-06-23T14:43:00+05:30,4938.8,4940.0,4935.5,4938.8,560
2025-06-23T14:44:00+05:30,4938.0,4940.0,4937.3,4940.0,218
2025-06-23T14:45:00+05:30,4939.9,4944.4,4937.0,4937.0,4987
2025-06-23T14:46:00+05:30,4937.0,4939.8,4937.0,4937.1,310
2025-06-23T14:47:00+05:30,4937.0,4937.7,4934.1,4937.4,348
2025-06-23T14:48:00+05:30,4937.6,4940.0,4937.3,4939.3,2790
2025-06-23T14:49:00+05:30,4937.8,4939.9,4937.4,4939.9,347
2025-06-23T14:50:00+05:30,4939.9,4945.0,4939.9,4945.0,7882
2025-06-23T14:51:00+05:30,4944.9,4945.0,4938.4,4938.4,11556
2025-06-23T14:52:00+05:30,4938.4,4940.0,4937.1,4940.0,376
2025-06-23T14:53:00+05:30,4939.0,4939.2,4937.1,4939.2,266
2025-06-23T14:54:00+05:30,4939.9,4940.0,4937.6,4940.0,260
2025-06-23T14:55:00+05:30,4940.0,4940.0,4939.0,4939.0,2097
2025-06-23T14:56:00+05:30,4939.0,4940.0,4939.0,4940.0,173
2025-06-23T14:57:00+05:30,4939.0,4940.0,4938.0,4938.0,813
2025-06-23T14:58:00+05:30,4938.0,4939.9,4938.0,4939.9,73
2025-06-23T14:59:00+05:30,4939.8,4939.8,4938.2,4938.2,243
2025-06-23T15:00:00+05:30,4938.9,4940.0,4938.9,4939.9,99
2025-06-23T15:01:00+05:30,4939.9,4940.0,4939.2,4940.0,851
2025-06-23T15:02:00+05:30,4940.0,4940.0,4937.2,4937.2,877
2025-06-23T15:03:00+05:30,4939.6,4939.6,4937.5,4939.0,205
2025-06-23T15:04:00+05:30,4939.1,4939.4,4935.3,4937.4,136
2025-06-23T15:05:00+05:30,4937.4,4940.0,4936.3,4939.8,392
2025-06-23T15:06:00+05:30,4939.8,4940.0,4938.5,4939.8,98
2025-06-23T15:07:00+05:30,4939.8,4940.0,4936.4,4937.8,531
2025-06-23T15:08:00+05:30,4939.1,4940.0,4937.1,4938.0,1442
2025-06-23T15:09:00+05:30,4937.1,4937.9,4935.3,4937.0,198
2025-06-23T15:10:00+05:30,4937.0,4940.0,4937.0,4939.9,1412
2025-06-23T15:11:00+05:30,4939.8,4940.0,4938.8,4940.0,481
2025-06-23T15:12:00+05:30,4940.0,4940.0,4939.4,4940.0,575
2025-06-23T15:13:00+05:30,4940.0,4940.0,4939.5,4940.0,798
2025-06-23T15:14:00+05:30,4940.0,4940.0,4938.1,4940.0,2622
2025-06-23T15:15:00+05:30,4940.0,4940.0,4939.9,4940.0,474
2025-06-23T15:16:00+05:30,4940.0,4940.0,4935.9,4937.9,1681
2025-06-23T15:17:00+05:30,4937.9,4938.0,4937.1,4938.0,467
2025-06-23T15:18:00+05:30,4938.1,4940.0,4938.1,4940.0,1862
2025-06-23T15:19:00+05:30,4939.9,4940.0,4939.8,4940.0,1211
2025-06-23T15:20:00+05:30,4940.0,4940.0,4939.2,4939.9,1195
2025-06-23T15:21:00+05:30,4939.9,4940.0,4939.3,4939.7,1924
2025-06-23T15:22:00+05:30,4939.7,4940.0,4939.4,4940.0,854
2025-06-23T15:23:00+05:30,4940.0,4940.0,4939.7,4940.0,1736
2025-06-23T15:24:00+05:30,4940.0,4940.0,4939.0,4939.0,1043
2025-06-23T15:25:00+05:30,4938.4,4938.5,4936.0,4936.3,1961
2025-06-23T15:26:00+05:30,4936.8,4936.9,4934.1,4935.9,1536
2025-06-23T15:27:00+05:30,4935.4,4938.9,4933.7,4937.8,1641
2025-06-23T15:28:00+05:30,4937.2,4939.9,4934.4,4939.9,1864
2025-06-23T15:29:00+05:30,4939.9,4940.0,4932.1,4933.0,1531
2025-06-24T09:15:00+05:30,4995.0,5020.8,4983.7,5020.8,5517
2025-06-24T09:16:00+05:30,5020.8,5020.8,5007.2,5012.0,3501
2025-06-24T09:17:00+05:30,5011.9,5011.9,5006.8,5009.0,1064
2025-06-24T09:18:00+05:30,5008.9,5022.8,5008.9,5020.0,2173
2025-06-24T09:19:00+05:30,5018.7,5028.6,5015.0,5025.8,3160
2025-06-24T09:20:00+05:30,5028.8,5032.0,5026.7,5030.8,1489
2025-06-24T09:21:00+05:30,5030.5,5033.9,5028.1,5028.9,2171
2025-06-24T09:22:00+05:30,5027.7,5036.3,5024.0,5036.1,1002
2025-06-24T09:23:00+05:30,5035.7,5038.6,5031.1,5033.7,1663
2025-06-24T09:24:00+05:30,5034.0,5035.7,5029.8,5033.7,826
2025-06-24T09:25:00+05:30,5034.0,5035.8,5028.6,5032.8,1123
2025-06-24T09:26:00+05:30,5030.3,5030.6,5018.2,5028.6,1983
2025-06-24T09:27:00+05:30,5028.6,5028.6,5015.9,5017.2,687
2025-06-24T09:28:00+05:30,5017.2,5017.2,5009.8,5011.6,1091
2025-06-24T09:29:00+05:30,5011.6,5015.9,5003.5,5010.2,1540
2025-06-24T09:30:00+05:30,5008.4,5011.7,5004.2,5008.8,1071
2025-06-24T09:31:00+05:30,5007.5,5008.0,5003.0,5005.2,275
2025-06-24T09:32:00+05:30,5007.1,5020.0,5005.1,5018.5,1658
2025-06-24T09:33:00+05:30,5020.0,5032.8,5015.4,5031.4,2319
2025-06-24T09:34:00+05:30,5030.4,5042.0,5030.4,5041.9,2243
2025-06-24T09:35:00+05:30,5042.0,5043.5,5035.2,5035.9,2067
2025-06-24T09:36:00+05:30,5035.4,5044.0,5034.1,5037.9,1740
2025-06-24T09:37:00+05:30,5039.2,5042.0,5030.0,5030.7,1212
2025-06-24T09:38:00+05:30,5032.7,5032.7,5025.5,5031.2,642
2025-06-24T09:39:00+05:30,5030.2,5037.3,5029.3,5037.2,912
2025-06-24T09:40:00+05:30,5036.9,5046.0,5036.4,5043.3,3450
2025-06-24T09:41:00+05:30,5044.3,5049.3,5041.9,5047.8,2922
2025-06-24T09:42:00+05:30,5047.8,5055.0,5045.8,5053.4,3820
2025-06-24T09:43:00+05:30,5055.0,5058.4,5051.0,5054.8,2948
2025-06-24T09:44:00+05:30,5053.0,5053.3,5041.3,5045.0,3815
2025-06-24T09:45:00+05:30,5044.7,5046.7,5036.6,5038.8,582
2025-06-24T09:46:00+05:30,5040.0,5050.0,5040.0,5050.0,829
2025-06-24T09:47:00+05:30,5050.0,5057.2,5044.7,5055.0,2402
2025-06-24T09:48:00+05:30,5055.0,5058.7,5055.0,5057.2,1265
2025-06-24T09:49:00+05:30,5058.0,5059.0,5051.5,5054.0,1370
2025-06-24T09:50:00+05:30,5054.0,5056.0,5051.7,5055.7,1308
2025-06-24T09:51:00+05:30,5056.7,5058.4,5052.1,5054.4,2011
2025-06-24T09:52:00+05:30,5053.1,5057.1,5053.0,5056.5,1442
2025-06-24T09:53:00+05:30,5056.5,5064.0,5055.6,5062.0,3094
2025-06-24T09:54:00+05:30,5062.0,5064.1,5060.0,5062.3,2471
2025-06-24T09:55:00+05:30,5063.2,5065.0,5061.7,5063.1,1295
2025-06-24T09:56:00+05:30,5064.7,5065.0,5060.0,5063.2,1521
2025-06-24T09:57:00+05:30,5060.2,5062.1,5057.5,5060.3,1504
2025-06-24T09:58:00+05:30,5059.2,5062.0,5056.4,5056.4,819
2025-06-24T09:59:00+05:30,5058.8,5060.5,5055.8,5060.5,1914
2025-06-24T10:00:00+05:30,5059.6,5060.9,5056.9,5057.7,225
2025-06-24T10:01:00+05:30,5057.4,5062.0,5057.4,5062.0,453
2025-06-24T10:02:00+05:30,5061.2,5068.8,5059.4,5067.5,2908
2025-06-24T10:03:00+05:30,5067.5,5072.0,5067.4,5070.6,4911
2025-06-24T10:04:00+05:30,5070.2,5072.4,5067.2,5069.1,1602
2025-06-24T10:05:00+05:30,5071.3,5073.7,5069.0,5071.2,1046
2025-06-24T10:06:00+05:30,5070.9,5074.8,5070.0,5072.3,776
2025-06-24T10:07:00+05:30,5071.0,5072.1,5067.0,5069.0,609
2025-06-24T10:08:00+05:30,5067.0,5070.9,5065.0,5068.7,967
2025-06-24T10:09:00+05:30,5070.8,5070.8,5068.3,5070.8,429
2025-06-24T10:10:00+05:30,5070.0,5070.8,5067.9,5070.8,525
2025-06-24T10:11:00+05:30,5068.8,5070.8,5066.6,5070.2,474
2025-06-24T10:12:00+05:30,5070.0,5070.5,5066.6,5069.9,934
2025-06-24T10:13:00+05:30,5068.1,5070.8,5060.1,5061.7,2103
2025-06-24T10:14:00+05:30,5061.9,5063.8,5058.4,5058.4,1556
2025-06-24T10:15:00+05:30,5059.2,5070.8,5059.2,5069.6,780
2025-06-24T10:16:00+05:30,5070.0,5079.0,5070.0,5075.9,1454
2025-06-24T10:17:00+05:30,5076.0,5080.0,5075.8,5079.0,1173
2025-06-24T10:18:00+05:30,5079.0,5079.6,5073.1,5074.0,1341
2025-06-24T10:19:00+05:30,5075.0,5079.0,5074.6,5079.0,419
2025-06-24T10:20:00+05:30,5078.0,5079.0,5073.6,5076.4,1236
2025-06-24T10:21:00+05:30,5078.0,5078.9,5075.2,5077.0,576
2025-06-24T10:22:00+05:30,5077.0,5078.0,5071.3,5075.0,3014
2025-06-24T10:23:00+05:30,5074.6,5078.0,5071.9,5077.7,676
2025-06-24T10:24:00+05:30,5077.4,5082.0,5075.0,5082.0,2704
2025-06-24T10:25:00+05:30,5082.0,5085.0,5082.0,5083.1,1026
2025-06-24T10:26:00+05:30,5085.0,5090.0,5082.2,5090.0,2547
2025-06-24T10:27:00+05:30,5089.4,5093.3,5089.0,5090.0,3910
2025-06-24T10:28:00+05:30,5089.0,5090.0,5082.0,5086.0,2076
2025-06-24T10:29:00+05:30,5086.0,5086.0,5079.1,5080.9,972
2025-06-24T10:30:00+05:30,5080.9,5081.0,5071.2,5073.9,967
2025-06-24T10:31:00+05:30,5073.9,5075.0,5071.6,5075.0,481
2025-06-24T10:32:00+05:30,5074.7,5077.4,5073.7,5076.8,610
2025-06-24T10:33:00+05:30,5077.7,5078.0,5075.0,5075.6,321
2025-06-24T10:34:00+05:30,5075.6,5075.7,5070.1,5072.0,805
2025-06-24T10:35:00+05:30,5071.9,5075.0,5071.9,5073.4,612
2025-06-24T10:36:00+05:30,5074.2,5075.9,5072.0,5075.2,773
2025-06-24T10:37:00+05:30,5074.5,5075.4,5072.2,5073.8,197
2025-06-24T10:38:00+05:30,5073.8,5075.0,5065.0,5065.0,5319
2025-06-24T10:39:00+05:30,5065.7,5068.3,5065.0,5065.0,707
2025-06-24T10:40:00+05:30,5067.1,5068.5,5065.0,5065.0,471
2025-06-24T10:41:00+05:30,5065.0,5066.3,5051.5,5052.5,3944
2025-06-24T10:42:00+05:30,5053.9,5057.4,5052.7,5057.4,1227
2025-06-24T10:43:00+05:30,5057.3,5057.3,5055.0,5057.1,258
2025-06-24T10:44:00+05:30,5058.0,5063.1,5057.3,5062.1,1165
2025-06-24T10:45:00+05:30,5063.8,5066.4,5062.6,5063.0,245
2025-06-24T10:46:00+05:30,5064.7,5064.9,5063.0,5064.7,52
2025-06-24T10:47:00+05:30,5064.9,5065.0,5063.2,5065.0,56
2025-06-24T10:48:00+05:30,5065.0,5067.4,5063.5,5067.3,394
2025-06-24T10:49:00+05:30,5067.3,5070.4,5065.6,5067.6,1435
2025-06-24T10:50:00+05:30,5067.6,5073.2,5067.6,5070.5,1310
2025-06-24T10:51:00+05:30,5070.6,5073.6,5069.2,5071.7,581
2025-06-24T10:52:00+05:30,5072.8,5073.9,5071.1,5073.3,199
2025-06-24T10:53:00+05:30,5071.1,5072.7,5070.0,5071.9,347
2025-06-24T10:54:00+05:30,5071.9,5073.0,5070.0,5073.0,191
2025-06-24T10:55:00+05:30,5073.0,5073.0,5070.8,5072.0,258
2025-06-24T10:56:00+05:30,5073.0,5073.0,5070.9,5073.0,197
2025-06-24T10:57:00+05:30,5073.0,5073.0,5070.0,5071.0,450
2025-06-24T10:58:00+05:30,5072.5,5073.0,5070.2,5071.8,440
2025-06-24T10:59:00+05:30,5072.5,5072.5,5070.0,5072.5,232
2025-06-24T11:00:00+05:30,5072.5,5072.5,5064.6,5065.3,620
2025-06-24T11:01:00+05:30,5065.7,5069.9,5065.7,5067.6,257
2025-06-24T11:02:00+05:30,5067.7,5067.7,5065.3,5067.0,325
2025-06-24T11:03:00+05:30,5067.0,5067.0,5063.3,5067.0,978
2025-06-24T11:04:00+05:30,5067.0,5067.4,5063.9,5067.4,241
2025-06-24T11:05:00+05:30,5067.4,5067.5,5066.6,5067.5,197
2025-06-24T11:06:00+05:30,5067.5,5069.5,5067.5,5069.5,139
2025-06-24T11:07:00+05:30,5069.5,5073.3,5069.5,5072.7,866
2025-06-24T11:08:00+05:30,5073.3,5081.0,5072.7,5080.8,2171
2025-06-24T11:09:00+05:30,5080.5,5082.1,5077.6,5081.7,1911
2025-06-24T11:10:00+05:30,5081.7,5082.4,5078.8,5080.4,396
2025-06-24T11:11:00+05:30,5079.9,5080.4,5075.4,5076.9,1159
2025-06-24T11:12:00+05:30,5076.4,5077.7,5073.2,5076.0,435
2025-06-24T11:13:00+05:30,5076.0,5076.0,5071.0,5072.8,238
2025-06-24T11:14:00+05:30,5072.8,5075.7,5071.0,5075.5,831
2025-06-24T11:15:00+05:30,5075.5,5076.0,5071.7,5074.7,754
2025-06-24T11:16:00+05:30,5074.0,5074.9,5071.7,5073.7,274
2025-06-24T11:17:00+05:30,5073.9,5075.0,5071.0,5073.0,209
2025-06-24T11:18:00+05:30,5073.0,5075.0,5071.6,5075.0,228
2025-06-24T11:19:00+05:30,5075.0,5080.0,5073.2,5078.6,356
2025-06-24T11:20:00+05:30,5078.6,5080.0,5077.7,5077.9,177
2025-06-24T11:21:00+05:30,5079.6,5088.6,5078.1,5085.5,6094
2025-06-24T11:22:00+05:30,5087.9,5088.0,5082.6,5087.5,1131
2025-06-24T11:23:00+05:30,5087.9,5088.7,5082.7,5083.4,522
2025-06-24T11:24:00+05:30,5083.7,5085.0,5080.4,5083.7,325
2025-06-24T11:25:00+05:30,5082.7,5083.7,5080.1,5082.2,320
2025-06-24T11:26:00+05:30,5082.2,5082.5,5078.3,5080.2,358
2025-06-24T11:27:00+05:30,5080.2,5081.6,5077.9,5081.4,219
2025-06-24T11:28:00+05:30,5081.4,5081.4,5078.9,5081.0,283
2025-06-24T11:29:00+05:30,5081.0,5082.1,5078.4,5081.1,728
2025-06-24T11:30:00+05:30,5080.5,5081.5,5078.1,5081.0,298
2025-06-24T11:31:00+05:30,5081.0,5082.1,5078.0,5082.1,294
2025-06-24T11:32:00+05:30,5082.1,5090.0,5082.1,5090.0,1619
2025-06-24T11:33:00+05:30,5090.0,5095.0,5088.2,5093.2,2601
2025-06-24T11:34:00+05:30,5092.8,5092.8,5090.0,5092.0,508
2025-06-24T11:35:00+05:30,5092.0,5094.4,5090.0,5092.3,763
2025-06-24T11:36:00+05:30,5092.3,5094.2,5090.0,5093.8,182
2025-06-24T11:37:00+05:30,5093.8,5093.8,5090.1,5093.6,566
2025-06-24T11:38:00+05:30,5092.9,5093.5,5090.1,5092.6,360
2025-06-24T11:39:00+05:30,5092.7,5092.7,5090.5,5090.6,165
2025-06-24T11:40:00+05:30,5090.6,5092.7,5090.0,5090.5,327
2025-06-24T11:41:00+05:30,5092.0,5092.5,5090.0,5091.9,791
2025-06-24T11:42:00+05:30,5091.8,5091.9,5090.0,5090.1,874
2025-06-24T11:43:00+05:30,5090.1,5092.5,5090.0,5092.5,259
2025-06-24T11:44:00+05:30,5092.5,5093.0,5092.0,5093.0,456
2025-06-24T11:45:00+05:30,5093.0,5094.3,5090.0,5092.5,429
2025-06-24T11:46:00+05:30,5090.5,5093.2,5090.0,5090.3,296
2025-06-24T11:47:00+05:30,5090.3,5092.9,5090.0,5090.0,820
2025-06-24T11:48:00+05:30,5091.5,5092.0,5090.0,5091.0,458
2025-06-24T11:49:00+05:30,5090.3,5092.0,5089.2,5090.3,1056
2025-06-24T11:50:00+05:30,5090.3,5091.9,5089.7,5091.6,283
2025-06-24T11:51:00+05:30,5091.6,5091.9,5090.0,5090.4,196
2025-06-24T11:52:00+05:30,5090.4,5092.0,5090.0,5091.9,201
2025-06-24T11:53:00+05:30,5091.9,5092.5,5088.0,5090.0,1795
2025-06-24T11:54:00+05:30,5090.0,5092.0,5081.4,5090.0,16916
2025-06-24T11:55:00+05:30,5090.0,5092.1,5082.3,5090.0,4681
2025-06-24T11:56:00+05:30,5091.1,5091.1,5072.4,5072.8,4156
2025-06-24T11:57:00+05:30,5074.5,5074.5,5070.0,5070.5,1611
2025-06-24T11:58:00+05:30,5072.6,5074.7,5070.5,5074.7,829
2025-06-24T11:59:00+05:30,5074.7,5076.2,5072.1,5075.0,727
2025-06-24T12:00:00+05:30,5074.9,5075.4,5072.2,5074.0,204
2025-06-24T12:01:00+05:30,5074.0,5074.0,5065.0,5065.0,1566
2025-06-24T12:02:00+05:30,5065.2,5067.0,5060.0,5063.4,3661
2025-06-24T12:03:00+05:30,5063.9,5064.9,5060.0,5063.7,1317
2025-06-24T12:04:00+05:30,5063.7,5069.0,5060.0,5066.5,1552
2025-06-24T12:05:00+05:30,5066.5,5067.3,5062.6,5064.0,523
2025-06-24T12:06:00+05:30,5064.1,5066.9,5061.6,5063.7,341
2025-06-24T12:07:00+05:30,5064.5,5073.0,5064.1,5073.0,684
2025-06-24T12:08:00+05:30,5072.5,5074.0,5068.5,5071.4,982
2025-06-24T12:09:00+05:30,5071.4,5072.9,5068.6,5071.2,820
2025-06-24T12:10:00+05:30,5071.2,5072.9,5070.0,5070.3,316
2025-06-24T12:11:00+05:30,5070.3,5072.2,5070.0,5071.9,311
2025-06-24T12:12:00+05:30,5071.9,5074.0,5070.5,5071.6,212
2025-06-24T12:13:00+05:30,5071.6,5073.2,5070.6,5073.2,134
2025-06-24T12:14:00+05:30,5073.2,5073.7,5070.8,5070.8,105
2025-06-24T12:15:00+05:30,5070.9,5073.0,5070.0,5070.0,340
2025-06-24T12:16:00+05:30,5070.0,5072.6,5068.0,5070.0,557
2025-06-24T12:17:00+05:30,5070.0,5071.9,5066.9,5068.0,1936
2025-06-24T12:18:00+05:30,5068.0,5074.4,5068.0,5072.6,920
2025-06-24T12:19:00+05:30,5072.0,5072.8,5068.6,5071.1,480
2025-06-24T12:20:00+05:30,5069.2,5072.5,5068.7,5071.0,154
2025-06-24T12:21:00+05:30,5071.0,5073.0,5070.0,5073.0,329
2025-06-24T12:22:00+05:30,5073.0,5073.0,5070.4,5072.5,125
2025-06-24T12:23:00+05:30,5070.6,5078.0,5070.4,5078.0,1141
2025-06-24T12:24:00+05:30,5078.0,5078.0,5075.0,5075.1,168
2025-06-24T12:25:00+05:30,5075.2,5077.9,5075.1,5077.1,387
2025-06-24T12:26:00+05:30,5077.1,5077.1,5072.0,5077.0,232
2025-06-24T12:27:00+05:30,5077.0,5077.9,5074.7,5077.6,377
2025-06-24T12:28:00+05:30,5077.6,5079.9,5075.5,5079.2,320
2025-06-24T12:29:00+05:30,5079.2,5080.0,5076.6,5078.7,383
2025-06-24T12:30:00+05:30,5078.8,5080.0,5073.6,5076.1,511
2025-06-24T12:31:00+05:30,5076.1,5078.8,5071.1,5071.6,507
2025-06-24T12:32:00+05:30,5073.7,5073.9,5070.5,5073.0,449
2025-06-24T12:33:00+05:30,5073.0,5073.0,5070.0,5070.3,389
2025-06-24T12:34:00+05:30,5070.3,5076.9,5070.3,5076.0,919
2025-06-24T12:35:00+05:30,5076.0,5076.4,5072.5,5075.0,373
2025-06-24T12:36:00+05:30,5075.0,5077.9,5072.4,5075.6,271
2025-06-24T12:37:00+05:30,5075.6,5091.3,5072.9,5090.0,4589
2025-06-24T12:38:00+05:30,5091.1,5092.0,5089.1,5091.7,1001
2025-06-24T12:39:00+05:30,5091.3,5092.0,5088.2,5090.9,1739
2025-06-24T12:40:00+05:30,5090.9,5091.0,5082.6,5084.0,3179
2025-06-24T12:41:00+05:30,5084.0,5084.8,5082.6,5084.0,379
2025-06-24T12:42:00+05:30,5084.0,5084.0,5080.0,5080.5,686
2025-06-24T12:43:00+05:30,5080.5,5081.8,5076.3,5077.8,1004
2025-06-24T12:44:00+05:30,5078.2,5078.2,5072.2,5077.5,790
2025-06-24T12:45:00+05:30,5077.0,5077.5,5072.0,5075.5,913
2025-06-24T12:46:00+05:30,5075.0,5075.5,5072.7,5075.5,620
2025-06-24T12:47:00+05:30,5075.5,5082.4,5073.9,5080.0,8812
2025-06-24T12:48:00+05:30,5080.0,5082.9,5080.0,5082.8,445
2025-06-24T12:49:00+05:30,5082.3,5084.0,5080.0,5082.5,425
2025-06-24T12:50:00+05:30,5082.5,5084.0,5080.8,5080.8,330
2025-06-24T12:51:00+05:30,5081.0,5084.0,5080.3,5082.0,177
2025-06-24T12:52:00+05:30,5082.0,5084.0,5080.9,5082.0,173
2025-06-24T12:53:00+05:30,5082.1,5084.0,5081.1,5083.7,232
2025-06-24T12:54:00+05:30,5083.7,5084.0,5081.1,5084.0,223
2025-06-24T12:55:00+05:30,5084.0,5084.3,5078.1,5080.0,2268
2025-06-24T12:56:00+05:30,5077.9,5080.9,5077.9,5077.9,906
2025-06-24T12:57:00+05:30,5077.9,5080.5,5077.3,5080.0,2359
2025-06-24T12:58:00+05:30,5080.0,5080.0,5078.0,5078.1,456
2025-06-24T12:59:00+05:30,5079.6,5080.0,5078.0,5079.9,356
2025-06-24T13:00:00+05:30,5080.0,5080.0,5078.0,5079.2,316
2025-06-24T13:01:00+05:30,5079.2,5080.0,5078.0,5078.0,340
2025-06-24T13:02:00+05:30,5078.1,5080.0,5078.0,5078.4,582
2025-06-24T13:03:00+05:30,5078.4,5081.0,5078.2,5080.5,1533
2025-06-24T13:04:00+05:30,5080.5,5082.0,5078.5,5080.2,2231
2025-06-24T13:05:00+05:30,5080.0,5084.5,5078.7,5084.5,1891
2025-06-24T13:06:00+05:30,5084.5,5089.5,5083.2,5088.0,305
2025-06-24T13:07:00+05:30,5088.0,5088.0,5085.6,5088.0,188
2025-06-24T13:08:00+05:30,5088.0,5088.0,5085.0,5085.8,437
2025-06-24T13:09:00+05:30,5086.0,5088.4,5085.4,5088.3,433
2025-06-24T13:10:00+05:30,5088.3,5088.3,5082.9,5087.6,1147
2025-06-24T13:11:00+05:30,5087.6,5088.0,5082.9,5083.8,242
2025-06-24T13:12:00+05:30,5083.8,5088.0,5083.4,5087.6,185
2025-06-24T13:13:00+05:30,5087.6,5088.3,5084.2,5086.0,249
2025-06-24T13:14:00+05:30,5086.0,5087.0,5082.0,5082.0,759
2025-06-24T13:15:00+05:30,5082.1,5086.8,5081.5,5085.5,279
2025-06-24T13:16:00+05:30,5085.6,5087.0,5081.8,5081.9,332
2025-06-24T13:17:00+05:30,5082.1,5086.0,5082.1,5085.4,270
2025-06-24T13:18:00+05:30,5085.7,5086.0,5082.2,5084.8,204
2025-06-24T13:19:00+05:30,5084.8,5085.0,5080.7,5082.0,348
2025-06-24T13:20:00+05:30,5082.7,5083.0,5080.0,5080.7,294
2025-06-24T13:21:00+05:30,5080.8,5083.0,5079.0,5080.4,3283
2025-06-24T13:22:00+05:30,5080.4,5080.4,5078.0,5080.1,616
2025-06-24T13:23:00+05:30,5079.2,5080.4,5078.0,5078.0,465
2025-06-24T13:24:00+05:30,5078.6,5080.4,5075.0,5076.7,778
2025-06-24T13:25:00+05:30,5074.9,5077.2,5071.5,5075.5,1285
2025-06-24T13:26:00+05:30,5075.5,5077.7,5073.5,5075.2,709
2025-06-24T13:27:00+05:30,5075.2,5075.2,5072.5,5072.6,392
2025-06-24T13:28:00+05:30,5072.9,5077.0,5072.7,5072.7,400
2025-06-24T13:29:00+05:30,5072.7,5075.2,5072.7,5074.7,388
2025-06-24T13:30:00+05:30,5074.7,5075.0,5073.1,5075.0,420
2025-06-24T13:31:00+05:30,5075.0,5075.9,5072.5,5074.7,580
2025-06-24T13:32:00+05:30,5074.7,5074.7,5069.0,5070.9,1828
2025-06-24T13:33:00+05:30,5070.9,5070.9,5066.5,5066.7,1012
2025-06-24T13:34:00+05:30,5066.7,5068.0,5065.0,5065.1,753
2025-06-24T13:35:00+05:30,5067.1,5067.4,5062.0,5064.8,1069
2025-06-24T13:36:00+05:30,5064.9,5064.9,5051.3,5056.5,3053
2025-06-24T13:37:00+05:30,5056.5,5056.9,5052.0,5054.2,1598
2025-06-24T13:38:00+05:30,5054.2,5058.8,5052.4,5057.5,574
2025-06-24T13:39:00+05:30,5057.5,5059.4,5055.5,5058.4,1125
2025-06-24T13:40:00+05:30,5058.5,5059.4,5054.2,5057.7,945
2025-06-24T13:41:00+05:30,5057.7,5064.4,5056.2,5064.0,904
2025-06-24T13:42:00+05:30,5064.0,5066.2,5062.3,5064.1,324
2025-06-24T13:43:00+05:30,5064.3,5065.3,5057.2,5063.0,827
2025-06-24T13:44:00+05:30,5063.0,5063.3,5058.8,5060.0,399
2025-06-24T13:45:00+05:30,5060.0,5061.9,5057.3,5060.9,731
2025-06-24T13:46:00+05:30,5060.9,5060.9,5054.0,5058.0,1424
2025-06-24T13:47:00+05:30,5057.9,5058.0,5053.2,5054.3,388
2025-06-24T13:48:00+05:30,5054.3,5056.0,5052.7,5054.2,412
2025-06-24T13:49:00+05:30,5054.2,5056.6,5052.1,5056.5,543
2025-06-24T13:50:00+05:30,5056.5,5056.8,5052.3,5056.0,1096
2025-06-24T13:51:00+05:30,5055.9,5059.5,5054.1,5056.1,578
2025-06-24T13:52:00+05:30,5056.1,5061.6,5056.1,5061.5,467
2025-06-24T13:53:00+05:30,5061.5,5062.9,5059.0,5062.8,339
2025-06-24T13:54:00+05:30,5062.8,5062.8,5058.9,5060.3,569
2025-06-24T13:55:00+05:30,5060.3,5062.4,5057.0,5061.3,632
2025-06-24T13:56:00+05:30,5061.3,5067.0,5059.4,5064.9,636
2025-06-24T13:57:00+05:30,5064.9,5072.5,5064.9,5070.0,915
2025-06-24T13:58:00+05:30,5070.0,5073.3,5068.8,5071.9,1112
2025-06-24T13:59:00+05:30,5071.9,5073.5,5067.6,5070.0,616
2025-06-24T14:00:00+05:30,5071.3,5072.0,5067.6,5069.6,362
2025-06-24T14:01:00+05:30,5069.8,5071.6,5060.1,5061.9,1095
2025-06-24T14:02:00+05:30,5063.5,5066.6,5062.0,5062.0,575
2025-06-24T14:03:00+05:30,5063.0,5066.0,5061.5,5065.7,703
2025-06-24T14:04:00+05:30,5065.7,5066.0,5060.4,5060.4,526
2025-06-24T14:05:00+05:30,5060.4,5066.0,5060.2,5063.7,883
2025-06-24T14:06:00+05:30,5063.7,5064.5,5060.1,5061.0,417
2025-06-24T14:07:00+05:30,5061.0,5064.2,5059.5,5061.3,642
2025-06-24T14:08:00+05:30,5063.3,5065.6,5059.5,5064.0,479
2025-06-24T14:09:00+05:30,5064.0,5067.1,5061.5,5064.0,324
2025-06-24T14:10:00+05:30,5064.0,5066.1,5060.2,5062.3,370
2025-06-24T14:11:00+05:30,5062.2,5064.8,5060.0,5062.0,369
2025-06-24T14:12:00+05:30,5062.0,5065.0,5062.0,5063.8,384
2025-06-24T14:13:00+05:30,5063.8,5067.0,5062.0,5066.6,352
2025-06-24T14:14:00+05:30,5066.6,5068.0,5062.0,5068.0,638
2025-06-24T14:15:00+05:30,5068.0,5070.0,5066.4,5069.9,341
2025-06-24T14:16:00+05:30,5069.9,5071.5,5067.1,5069.9,465
2025-06-24T14:17:00+05:30,5069.9,5073.4,5068.3,5072.7,580
2025-06-24T14:18:00+05:30,5072.3,5073.2,5067.5,5068.0,346
2025-06-24T14:19:00+05:30,5068.0,5069.5,5067.0,5068.8,766
2025-06-24T14:20:00+05:30,5068.8,5073.9,5067.0,5072.2,498
2025-06-24T14:21:00+05:30,5072.2,5072.3,5065.5,5067.4,543
2025-06-24T14:22:00+05:30,5067.4,5070.0,5065.6,5068.1,602
2025-06-24T14:23:00+05:30,5068.1,5070.0,5063.5,5065.7,349
2025-06-24T14:24:00+05:30,5065.7,5067.2,5063.7,5067.0,463
2025-06-24T14:25:00+05:30,5067.0,5068.7,5065.7,5068.4,361
2025-06-24T14:26:00+05:30,5068.3,5068.7,5066.0,5068.0,962
2025-06-24T14:27:00+05:30,5068.0,5068.0,5062.1,5064.9,417
2025-06-24T14:28:00+05:30,5064.9,5066.2,5062.8,5064.4,244
2025-06-24T14:29:00+05:30,5065.8,5067.5,5063.9,5065.8,332
2025-06-24T14:30:00+05:30,5065.8,5067.5,5064.6,5067.2,217
2025-06-24T14:31:00+05:30,5067.2,5067.5,5064.3,5066.7,206
2025-06-24T14:32:00+05:30,5064.7,5067.5,5063.4,5067.0,324
2025-06-24T14:33:00+05:30,5067.0,5067.0,5061.2,5065.6,527
2025-06-24T14:34:00+05:30,5066.4,5067.0,5063.3,5066.1,667
2025-06-24T14:35:00+05:30,5066.1,5067.0,5064.7,5067.0,507
2025-06-24T14:36:00+05:30,5067.0,5067.0,5061.9,5066.0,735
2025-06-24T14:37:00+05:30,5066.0,5066.9,5064.0,5066.9,492
2025-06-24T14:38:00+05:30,5066.9,5067.2,5064.9,5066.0,167
2025-06-24T14:39:00+05:30,5066.0,5067.0,5064.9,5066.0,292
2025-06-24T14:40:00+05:30,5066.0,5066.0,5064.0,5065.8,216
2025-06-24T14:41:00+05:30,5064.0,5067.0,5064.0,5067.0,341
2025-06-24T14:42:00+05:30,5065.4,5068.0,5065.1,5067.8,167
2025-06-24T14:43:00+05:30,5067.8,5067.9,5064.0,5065.8,381
2025-06-24T14:44:00+05:30,5065.1,5067.0,5061.5,5063.5,645
2025-06-24T14:45:00+05:30,5063.5,5067.8,5060.0,5065.5,1494
2025-06-24T14:46:00+05:30,5063.2,5065.8,5057.1,5061.3,850
2025-06-24T14:47:00+05:30,5061.3,5062.6,5055.0,5058.8,974
2025-06-24T14:48:00+05:30,5056.6,5059.4,5054.0,5058.7,1794
2025-06-24T14:49:00+05:30,5058.7,5069.3,5058.7,5069.3,1950
2025-06-24T14:50:00+05:30,5069.3,5069.8,5059.0,5065.8,1229
2025-06-24T14:51:00+05:30,5065.9,5068.5,5059.5,5067.9,1242
2025-06-24T14:52:00+05:30,5066.4,5069.0,5065.9,5068.3,363
2025-06-24T14:53:00+05:30,5068.3,5068.5,5065.5,5067.9,211
2025-06-24T14:54:00+05:30,5066.4,5068.0,5065.9,5067.5,369
2025-06-24T14:55:00+05:30,5066.2,5068.6,5065.9,5067.9,368
2025-06-24T14:56:00+05:30,5066.3,5068.0,5066.3,5067.3,187
2025-06-24T14:57:00+05:30,5068.0,5068.0,5066.3,5067.0,189
2025-06-24T14:58:00+05:30,5066.7,5067.0,5065.2,5066.5,414
2025-06-24T14:59:00+05:30,5066.5,5066.6,5063.0,5064.9,536
2025-06-24T15:00:00+05:30,5064.9,5068.1,5064.3,5064.4,1389
2025-06-24T15:01:00+05:30,5064.4,5066.8,5064.2,5064.3,805
2025-06-24T15:02:00+05:30,5064.3,5064.4,5060.1,5063.0,1943
2025-06-24T15:03:00+05:30,5063.0,5063.5,5060.0,5061.7,850
2025-06-24T15:04:00+05:30,5061.8,5062.4,5061.4,5061.8,495
2025-06-24T15:05:00+05:30,5061.7,5061.8,5058.6,5061.0,1525
2025-06-24T15:06:00+05:30,5061.7,5062.9,5061.0,5062.4,325
2025-06-24T15:07:00+05:30,5062.4,5064.5,5062.4,5063.1,614
2025-06-24T15:08:00+05:30,5063.2,5064.9,5062.6,5064.9,887
2025-06-24T15:09:00+05:30,5063.4,5064.9,5062.6,5064.0,1119
2025-06-24T15:10:00+05:30,5063.5,5065.8,5062.8,5065.6,1483
2025-06-24T15:11:00+05:30,5065.6,5065.6,5062.6,5062.9,1283
2025-06-24T15:12:00+05:30,5062.6,5068.0,5062.0,5062.0,3346
2025-06-24T15:13:00+05:30,5062.9,5065.0,5058.2,5061.5,2021
2025-06-24T15:14:00+05:30,5061.6,5064.6,5059.6,5062.9,2388
2025-06-24T15:15:00+05:30,5061.4,5063.7,5058.7,5060.0,1935
2025-06-24T15:16:00+05:30,5060.0,5062.8,5057.9,5059.8,1738
2025-06-24T15:17:00+05:30,5059.8,5059.8,5056.8,5059.8,1228
2025-06-24T15:18:00+05:30,5058.8,5060.2,5057.6,5060.0,1145
2025-06-24T15:19:00+05:30,5060.0,5063.8,5058.6,5063.8,1492
2025-06-24T15:20:00+05:30,5063.8,5068.3,5063.1,5066.7,3267
2025-06-24T15:21:00+05:30,5066.7,5068.9,5065.2,5068.9,1428
2025-06-24T15:22:00+05:30,5069.0,5070.0,5065.1,5068.5,3644
2025-06-24T15:23:00+05:30,5068.6,5068.6,5056.3,5065.3,3138
2025-06-24T15:24:00+05:30,5065.0,5066.1,5061.1,5065.2,1464
2025-06-24T15:25:00+05:30,5065.9,5069.0,5063.6,5065.1,1964
2025-06-24T15:26:00+05:30,5065.1,5065.5,5063.1,5063.3,2116
2025-06-24T15:27:00+05:30,5063.3,5067.1,5060.0,5060.0,1418
2025-06-24T15:28:00+05:30,5060.0,5061.0,5055.3,5056.1,1058
2025-06-24T15:29:00+05:30,5058.0,5074.0,5056.1,5074.0,1466
2025-06-25T09:15:00+05:30,5098.0,5100.1,5080.0,5092.4,3592
2025-06-25T09:16:00+05:30,5090.9,5091.7,5075.0,5075.0,2144
2025-06-25T09:17:00+05:30,5075.2,5082.5,5069.3,5082.5,1384
2025-06-25T09:18:00+05:30,5082.5,5084.9,5072.1,5078.9,2039
2025-06-25T09:19:00+05:30,5078.8,5079.0,5072.7,5072.7,723
2025-06-25T09:20:00+05:30,5072.5,5072.6,5070.0,5072.0,607
2025-06-25T09:21:00+05:30,5072.0,5078.8,5070.5,5075.0,1039
2025-06-25T09:22:00+05:30,5074.4,5075.5,5070.0,5073.6,3338
2025-06-25T09:23:00+05:30,5075.0,5079.0,5073.0,5073.5,1358
2025-06-25T09:24:00+05:30,5073.5,5078.0,5069.0,5069.0,1296
2025-06-25T09:25:00+05:30,5067.0,5083.6,5064.7,5083.6,1526
2025-06-25T09:26:00+05:30,5080.5,5084.8,5080.3,5082.1,991
2025-06-25T09:27:00+05:30,5083.7,5090.0,5082.6,5088.1,698
2025-06-25T09:28:00+05:30,5090.0,5092.2,5087.3,5087.3,903
2025-06-25T09:29:00+05:30,5086.7,5092.0,5086.7,5092.0,708
2025-06-25T09:30:00+05:30,5092.1,5097.9,5090.6,5091.9,2062
2025-06-25T09:31:00+05:30,5093.4,5093.6,5086.2,5089.6,1753
2025-06-25T09:32:00+05:30,5089.6,5092.6,5088.4,5090.5,1508
2025-06-25T09:33:00+05:30,5090.0,5090.0,5084.4,5085.6,868
2025-06-25T09:34:00+05:30,5085.7,5094.5,5085.7,5090.0,1013
2025-06-25T09:35:00+05:30,5090.8,5092.3,5089.0,5091.5,289
2025-06-25T09:36:00+05:30,5089.3,5095.5,5089.3,5094.7,465
2025-06-25T09:37:00+05:30,5094.8,5096.2,5091.0,5091.9,479
2025-06-25T09:38:00+05:30,5092.0,5094.9,5092.0,5094.5,508
2025-06-25T09:39:00+05:30,5094.5,5098.8,5093.5,5098.8,801
2025-06-25T09:40:00+05:30,5098.8,5098.8,5097.0,5097.5,1906
2025-06-25T09:41:00+05:30,5097.6,5098.8,5095.0,5095.6,584
2025-06-25T09:42:00+05:30,5096.3,5097.4,5089.8,5090.7,4891
2025-06-25T09:43:00+05:30,5091.1,5109.8,5091.1,5109.8,6274
2025-06-25T09:44:00+05:30,5109.7,5112.0,5107.8,5111.2,2155
2025-06-25T09:45:00+05:30,5111.2,5112.0,5106.5,5107.7,2414
2025-06-25T09:46:00+05:30,5107.4,5112.0,5107.4,5111.3,1614
2025-06-25T09:47:00+05:30,5111.3,5118.9,5111.3,5116.3,2178
2025-06-25T09:48:00+05:30,5119.0,5121.7,5117.0,5117.0,2829
2025-06-25T09:49:00+05:30,5118.8,5120.0,5117.0,5120.0,946
2025-06-25T09:50:00+05:30,5118.9,5121.2,5115.0,5116.0,1461
2025-06-25T09:51:00+05:30,5115.1,5118.5,5115.0,5117.7,920
2025-06-25T09:52:00+05:30,5116.2,5116.2,5105.4,5106.4,2083
2025-06-25T09:53:00+05:30,5106.4,5106.9,5106.1,5106.4,389
2025-06-25T09:54:00+05:30,5106.2,5115.0,5106.2,5115.0,807
2025-06-25T09:55:00+05:30,5115.6,5117.5,5114.4,5117.5,266
2025-06-25T09:56:00+05:30,5116.8,5118.4,5114.5,5117.8,1767
2025-06-25T09:57:00+05:30,5116.2,5118.4,5110.2,5112.0,849
2025-06-25T09:58:00+05:30,5111.9,5112.4,5107.2,5107.7,1385
2025-06-25T09:59:00+05:30,5108.6,5111.0,5107.7,5110.0,1080
2025-06-25T10:00:00+05:30,5109.9,5110.5,5106.2,5109.1,1424
2025-06-25T10:01:00+05:30,5109.1,5114.6,5108.0,5113.9,525
2025-06-25T10:02:00+05:30,5113.9,5115.6,5108.1,5110.6,747
2025-06-25T10:03:00+05:30,5110.6,5112.6,5108.8,5111.4,585
2025-06-25T10:04:00+05:30,5110.1,5110.1,5108.4,5109.4,738
2025-06-25T10:05:00+05:30,5109.1,5109.4,5108.0,5108.0,188
2025-06-25T10:06:00+05:30,5108.0,5108.9,5102.9,5102.9,747
2025-06-25T10:07:00+05:30,5102.9,5103.3,5096.2,5099.3,1159
2025-06-25T10:08:00+05:30,5099.2,5100.0,5095.0,5099.0,1127
2025-06-25T10:09:00+05:30,5100.4,5108.6,5100.4,5108.6,981
2025-06-25T10:10:00+05:30,5106.8,5114.9,5106.7,5113.1,2634
2025-06-25T10:11:00+05:30,5112.5,5119.5,5110.5,5117.2,2280
2025-06-25T10:12:00+05:30,5118.2,5124.0,5118.2,5123.2,2816
2025-06-25T10:13:00+05:30,5123.2,5123.6,5120.0,5120.0,946
2025-06-25T10:14:00+05:30,5120.0,5121.1,5116.9,5117.7,529
2025-06-25T10:15:00+05:30,5117.0,5120.0,5116.3,5117.3,1444
2025-06-25T10:16:00+05:30,5115.8,5120.0,5106.5,5111.1,3568
2025-06-25T10:17:00+05:30,5111.3,5113.0,5110.0,5111.4,1294
2025-06-25T10:18:00+05:30,5111.4,5116.3,5111.4,5113.8,596
2025-06-25T10:19:00+05:30,5113.0,5115.0,5111.0,5112.4,1388
2025-06-25T10:20:00+05:30,5112.4,5113.1,5111.1,5112.8,288
2025-06-25T10:21:00+05:30,5111.1,5111.1,5102.1,5102.8,898
2025-06-25T10:22:00+05:30,5103.8,5104.0,5100.0,5100.0,558
2025-06-25T10:23:00+05:30,5101.0,5105.7,5100.0,5104.2,531
2025-06-25T10:24:00+05:30,5104.1,5104.6,5102.6,5102.9,133
2025-06-25T10:25:00+05:30,5104.0,5104.0,5102.7,5104.0,78
2025-06-25T10:26:00+05:30,5103.0,5103.9,5103.0,5103.9,212
2025-06-25T10:27:00+05:30,5103.0,5104.4,5103.0,5103.0,561
2025-06-25T10:28:00+05:30,5103.1,5103.2,5101.0,5101.0,395
2025-06-25T10:29:00+05:30,5101.0,5103.2,5101.0,5103.2,284
2025-06-25T10:30:00+05:30,5102.3,5102.3,5095.0,5095.1,2209
2025-06-25T10:31:00+05:30,5096.9,5096.9,5090.1,5090.8,3546
2025-06-25T10:32:00+05:30,5091.6,5091.7,5090.0,5090.0,654
2025-06-25T10:33:00+05:30,5091.0,5091.7,5090.0,5090.4,629
2025-06-25T10:34:00+05:30,5090.5,5096.4,5090.3,5095.0,463
2025-06-25T10:35:00+05:30,5095.1,5098.4,5090.6,5090.6,1546
2025-06-25T10:36:00+05:30,5090.6,5094.7,5090.6,5093.0,319
2025-06-25T10:37:00+05:30,5092.4,5100.0,5092.4,5098.2,567
2025-06-25T10:38:00+05:30,5098.4,5103.6,5098.4,5102.2,225
2025-06-25T10:39:00+05:30,5102.2,5105.4,5101.0,5101.0,491
2025-06-25T10:40:00+05:30,5098.3,5102.0,5098.3,5100.6,894
2025-06-25T10:41:00+05:30,5099.2,5100.6,5099.1,5099.1,74
2025-06-25T10:42:00+05:30,5099.2,5101.8,5099.1,5101.0,145
2025-06-25T10:43:00+05:30,5101.0,5101.8,5101.0,5101.0,68
2025-06-25T10:44:00+05:30,5101.0,5101.2,5099.0,5099.0,408
2025-06-25T10:45:00+05:30,5099.0,5099.9,5095.0,5095.3,794
2025-06-25T10:46:00+05:30,5095.2,5097.7,5095.2,5095.7,145
2025-06-25T10:47:00+05:30,5096.7,5098.4,5096.7,5096.7,69
2025-06-25T10:48:00+05:30,5096.7,5098.4,5096.7,5098.0,171
2025-06-25T10:49:00+05:30,5098.4,5098.9,5097.3,5097.4,973
2025-06-25T10:50:00+05:30,5097.4,5101.5,5097.4,5100.7,556
2025-06-25T10:51:00+05:30,5100.7,5102.5,5100.6,5100.6,105
2025-06-25T10:52:00+05:30,5100.6,5103.1,5100.6,5100.7,164
2025-06-25T10:53:00+05:30,5100.9,5102.2,5100.7,5102.2,162
2025-06-25T10:54:00+05:30,5101.4,5104.9,5101.4,5101.4,1092
2025-06-25T10:55:00+05:30,5101.4,5105.1,5101.4,5104.0,587
2025-06-25T10:56:00+05:30,5103.0,5104.0,5103.0,5103.5,72
2025-06-25T10:57:00+05:30,5103.6,5105.7,5103.6,5105.2,362
2025-06-25T10:58:00+05:30,5105.2,5105.5,5105.2,5105.2,123
2025-06-25T10:59:00+05:30,5105.2,5105.5,5100.8,5101.5,1062
2025-06-25T11:00:00+05:30,5102.2,5102.7,5102.2,5102.7,398
2025-06-25T11:01:00+05:30,5102.3,5102.7,5102.3,5102.3,184
2025-06-25T11:02:00+05:30,5102.3,5102.6,5102.3,5102.6,155
2025-06-25T11:03:00+05:30,5102.3,5102.6,5102.3,5102.4,136
2025-06-25T11:04:00+05:30,5102.4,5102.6,5101.5,5101.5,246
2025-06-25T11:05:00+05:30,5101.5,5102.4,5101.5,5101.5,80
2025-06-25T11:06:00+05:30,5102.2,5102.2,5098.4,5100.1,160
2025-06-25T11:07:00+05:30,5098.7,5100.5,5098.6,5098.9,410
2025-06-25T11:08:00+05:30,5100.5,5100.5,5099.4,5100.0,58
2025-06-25T11:09:00+05:30,5100.0,5100.0,5095.0,5095.8,1453
2025-06-25T11:10:00+05:30,5096.2,5100.4,5096.2,5100.4,1399
2025-06-25T11:11:00+05:30,5101.2,5103.0,5100.4,5102.2,461
2025-06-25T11:12:00+05:30,5102.2,5103.0,5098.1,5100.4,615
2025-06-25T11:13:00+05:30,5100.4,5100.4,5096.9,5098.9,467
2025-06-25T11:14:00+05:30,5097.6,5098.9,5097.5,5097.5,99
2025-06-25T11:15:00+05:30,5096.9,5099.2,5095.1,5098.1,455
2025-06-25T11:16:00+05:30,5099.1,5099.1,5098.1,5098.1,96
2025-06-25T11:17:00+05:30,5098.1,5099.1,5098.1,5098.1,93
2025-06-25T11:18:00+05:30,5099.1,5102.1,5098.1,5100.6,653
2025-06-25T11:19:00+05:30,5101.4,5101.9,5100.6,5100.7,150
2025-06-25T11:20:00+05:30,5100.7,5101.8,5100.7,5100.7,58
2025-06-25T11:21:00+05:30,5101.8,5101.8,5100.7,5100.7,230
2025-06-25T11:22:00+05:30,5100.7,5105.0,5100.7,5102.5,449
2025-06-25T11:23:00+05:30,5103.0,5104.5,5103.0,5103.0,75
2025-06-25T11:24:00+05:30,5103.0,5103.9,5103.0,5103.0,74
2025-06-25T11:25:00+05:30,5103.9,5104.8,5102.8,5104.8,101
2025-06-25T11:26:00+05:30,5103.6,5109.9,5103.6,5107.8,729
2025-06-25T11:27:00+05:30,5109.4,5109.4,5107.8,5109.0,120
2025-06-25T11:28:00+05:30,5107.8,5108.9,5107.8,5108.1,84
2025-06-25T11:29:00+05:30,5108.1,5109.0,5105.3,5107.6,611
2025-06-25T11:30:00+05:30,5105.7,5112.0,5105.7,5110.9,345
2025-06-25T11:31:00+05:30,5111.9,5111.9,5108.7,5109.3,275
2025-06-25T11:32:00+05:30,5109.3,5110.6,5109.0,5109.2,92
2025-06-25T11:33:00+05:30,5109.1,5113.4,5109.1,5111.9,543
2025-06-25T11:34:00+05:30,5111.9,5113.6,5111.9,5112.3,358
2025-06-25T11:35:00+05:30,5112.3,5112.4,5111.9,5111.9,121
2025-06-25T11:36:00+05:30,5111.7,5112.0,5109.0,5109.0,144
2025-06-25T11:37:00+05:30,5109.0,5110.0,5107.6,5107.6,210
2025-06-25T11:38:00+05:30,5108.0,5109.9,5107.1,5109.9,384
2025-06-25T11:39:00+05:30,5108.9,5109.9,5108.9,5109.0,52
2025-06-25T11:40:00+05:30,5109.0,5109.9,5109.0,5109.0,113
2025-06-25T11:41:00+05:30,5109.9,5109.9,5109.0,5109.0,48
2025-06-25T11:42:00+05:30,5109.8,5109.8,5108.5,5108.5,173
2025-06-25T11:43:00+05:30,5108.5,5111.0,5107.3,5111.0,838
2025-06-25T11:44:00+05:30,5110.9,5112.3,5110.9,5112.2,272
2025-06-25T11:45:00+05:30,5112.3,5112.3,5110.0,5110.0,204
2025-06-25T11:46:00+05:30,5110.0,5110.0,5107.1,5107.6,144
2025-06-25T11:47:00+05:30,5107.6,5108.8,5106.9,5106.9,563
2025-06-25T11:48:00+05:30,5105.4,5105.4,5103.0,5103.0,216
2025-06-25T11:49:00+05:30,5104.1,5108.1,5103.3,5105.3,170
2025-06-25T11:50:00+05:30,5106.9,5107.0,5105.3,5106.7,144
2025-06-25T11:51:00+05:30,5105.6,5107.0,5105.0,5105.0,257
2025-06-25T11:52:00+05:30,5105.0,5109.4,5104.6,5106.3,181
2025-06-25T11:53:00+05:30,5106.3,5107.8,5100.1,5105.4,685
2025-06-25T11:54:00+05:30,5106.3,5106.3,5105.4,5105.4,54
2025-06-25T11:55:00+05:30,5105.4,5106.3,5105.4,5105.5,87
2025-06-25T11:56:00+05:30,5106.3,5107.8,5106.0,5107.8,107
2025-06-25T11:57:00+05:30,5107.8,5107.8,5105.0,5105.0,143
2025-06-25T11:58:00+05:30,5106.0,5109.5,5105.0,5107.7,2602
2025-06-25T11:59:00+05:30,5109.0,5112.0,5107.7,5111.8,459
2025-06-25T12:00:00+05:30,5112.0,5112.0,5107.8,5107.8,680
2025-06-25T12:01:00+05:30,5107.8,5107.8,5105.0,5105.0,176
2025-06-25T12:02:00+05:30,5105.1,5107.2,5105.0,5105.5,908
2025-06-25T12:03:00+05:30,5106.8,5107.2,5105.5,5107.0,455
2025-06-25T12:04:00+05:30,5105.9,5107.0,5105.5,5106.6,657
2025-06-25T12:05:00+05:30,5105.5,5105.5,5097.5,5097.5,1753
2025-06-25T12:06:00+05:30,5097.5,5104.0,5097.5,5103.0,2441
2025-06-25T12:07:00+05:30,5103.0,5104.8,5103.0,5104.8,472
2025-06-25T12:08:00+05:30,5107.0,5107.4,5104.9,5105.2,481
2025-06-25T12:09:00+05:30,5105.2,5106.7,5104.8,5105.1,150
2025-06-25T12:10:00+05:30,5104.8,5105.1,5102.3,5104.0,229
2025-06-25T12:11:00+05:30,5104.1,5104.1,5101.5,5103.8,188
2025-06-25T12:12:00+05:30,5103.2,5104.1,5102.2,5102.2,154
2025-06-25T12:13:00+05:30,5102.1,5103.9,5100.9,5100.9,200
2025-06-25T12:14:00+05:30,5100.9,5104.0,5100.9,5102.5,958
2025-06-25T12:15:00+05:30,5102.6,5103.4,5100.0,5100.2,426
2025-06-25T12:16:00+05:30,5101.3,5105.0,5100.2,5105.0,388
2025-06-25T12:17:00+05:30,5104.2,5105.0,5101.1,5102.5,2364
2025-06-25T12:18:00+05:30,5102.5,5102.9,5100.3,5102.2,149
2025-06-25T12:19:00+05:30,5102.2,5102.5,5097.2,5097.3,877
2025-06-25T12:20:00+05:30,5097.3,5101.4,5097.3,5099.2,295
2025-06-25T12:21:00+05:30,5099.3,5103.0,5097.4,5099.9,943
2025-06-25T12:22:00+05:30,5099.7,5099.9,5098.4,5099.9,300
2025-06-25T12:23:00+05:30,5099.8,5103.7,5099.8,5101.8,508
2025-06-25T12:24:00+05:30,5101.8,5102.5,5100.0,5100.0,335
2025-06-25T12:25:00+05:30,5101.3,5101.3,5100.0,5101.0,132
2025-06-25T12:26:00+05:30,5100.1,5101.0,5100.1,5101.0,202
2025-06-25T12:27:00+05:30,5100.3,5101.0,5098.0,5100.0,538
2025-06-25T12:28:00+05:30,5100.0,5100.3,5100.0,5100.3,384
2025-06-25T12:29:00+05:30,5100.0,5102.5,5100.0,5102.0,705
2025-06-25T12:30:00+05:30,5102.0,5102.1,5100.5,5102.1,184
2025-06-25T12:31:00+05:30,5101.7,5102.1,5100.3,5100.5,208
2025-06-25T12:32:00+05:30,5101.8,5101.8,5100.3,5100.5,153
2025-06-25T12:33:00+05:30,5100.5,5101.1,5098.0,5099.9,471
2025-06-25T12:34:00+05:30,5099.9,5100.0,5097.1,5098.2,235
2025-06-25T12:35:00+05:30,5099.9,5099.9,5097.6,5099.5,156
2025-06-25T12:36:00+05:30,5099.5,5100.9,5097.4,5100.1,250
2025-06-25T12:37:00+05:30,5100.6,5102.1,5100.1,5101.8,540
2025-06-25T12:38:00+05:30,5101.8,5102.1,5101.1,5101.1,182
2025-06-25T12:39:00+05:30,5101.1,5101.8,5100.0,5100.8,1984
2025-06-25T12:40:00+05:30,5101.8,5101.8,5099.2,5100.0,708
2025-06-25T12:41:00+05:30,5100.0,5100.0,5097.5,5098.7,311
2025-06-25T12:42:00+05:30,5098.7,5099.0,5097.0,5098.7,339
2025-06-25T12:43:00+05:30,5098.7,5099.0,5098.7,5098.7,402
2025-06-25T12:44:00+05:30,5098.7,5099.0,5098.7,5098.7,185
2025-06-25T12:45:00+05:30,5098.7,5098.7,5096.7,5096.8,173
2025-06-25T12:46:00+05:30,5096.8,5097.0,5095.1,5095.1,208
2025-06-25T12:47:00+05:30,5095.0,5096.5,5095.0,5096.5,219
2025-06-25T12:48:00+05:30,5095.0,5096.2,5092.0,5094.7,837
2025-06-25T12:49:00+05:30,5094.7,5095.7,5092.2,5092.3,293
2025-06-25T12:50:00+05:30,5092.4,5094.2,5092.0,5092.0,191
2025-06-25T12:51:00+05:30,5092.0,5092.6,5090.2,5092.3,203
2025-06-25T12:52:00+05:30,5092.3,5096.3,5092.3,5094.4,753
2025-06-25T12:53:00+05:30,5094.5,5096.9,5094.4,5094.6,147
2025-06-25T12:54:00+05:30,5096.0,5096.0,5094.2,5094.6,472
2025-06-25T12:55:00+05:30,5094.3,5095.5,5093.0,5093.3,324
2025-06-25T12:56:00+05:30,5093.1,5098.6,5092.9,5097.3,313
2025-06-25T12:57:00+05:30,5097.3,5100.0,5096.8,5099.0,516
2025-06-25T12:58:00+05:30,5099.0,5100.0,5096.6,5099.2,609
2025-06-25T12:59:00+05:30,5097.2,5100.0,5097.2,5098.2,1072
2025-06-25T13:00:00+05:30,5098.2,5099.4,5098.2,5099.0,370
2025-06-25T13:01:00+05:30,5098.2,5099.0,5095.6,5097.2,361
2025-06-25T13:02:00+05:30,5097.6,5097.6,5095.1,5095.1,173
2025-06-25T13:03:00+05:30,5095.1,5095.7,5095.1,5095.1,262
2025-06-25T13:04:00+05:30,5095.1,5095.7,5095.0,5095.1,268
2025-06-25T13:05:00+05:30,5095.0,5095.1,5092.3,5093.5,299
2025-06-25T13:06:00+05:30,5094.7,5096.2,5093.6,5095.9,175
2025-06-25T13:07:00+05:30,5094.1,5096.0,5092.3,5092.3,294
2025-06-25T13:08:00+05:30,5092.4,5094.9,5092.2,5092.2,604
2025-06-25T13:09:00+05:30,5092.2,5092.2,5090.1,5090.3,427
2025-06-25T13:10:00+05:30,5090.1,5091.1,5090.1,5090.1,127
2025-06-25T13:11:00+05:30,5090.1,5091.0,5090.1,5090.1,296
2025-06-25T13:12:00+05:30,5090.1,5090.1,5087.2,5090.1,749
2025-06-25T13:13:00+05:30,5089.6,5090.1,5089.6,5089.6,195
2025-06-25T13:14:00+05:30,5090.1,5091.0,5079.6,5080.6,1171
2025-06-25T13:15:00+05:30,5082.2,5085.4,5080.2,5084.0,267
2025-06-25T13:16:00+05:30,5085.1,5085.4,5079.7,5081.4,1139
2025-06-25T13:17:00+05:30,5081.4,5085.0,5081.4,5083.5,557
2025-06-25T13:18:00+05:30,5083.0,5091.1,5083.0,5088.2,2414
2025-06-25T13:19:00+05:30,5089.8,5100.0,5089.8,5089.9,3060
2025-06-25T13:20:00+05:30,5091.6,5091.6,5088.7,5088.9,101
2025-06-25T13:21:00+05:30,5088.8,5093.9,5083.7,5085.6,1014
2025-06-25T13:22:00+05:30,5083.7,5089.3,5083.2,5085.2,1020
2025-06-25T13:23:00+05:30,5085.1,5089.3,5083.8,5083.8,473
2025-06-25T13:24:00+05:30,5083.4,5084.7,5083.3,5083.3,94
2025-06-25T13:25:00+05:30,5084.4,5084.4,5083.2,5084.4,154
2025-06-25T13:26:00+05:30,5084.3,5084.4,5083.2,5083.3,297
2025-06-25T13:27:00+05:30,5083.3,5083.5,5080.8,5082.0,254
2025-06-25T13:28:00+05:30,5082.8,5083.3,5080.6,5082.3,185
2025-06-25T13:29:00+05:30,5082.3,5082.7,5080.1,5081.7,121
2025-06-25T13:30:00+05:30,5081.7,5081.7,5079.0,5079.0,493
2025-06-25T13:31:00+05:30,5079.8,5079.8,5076.0,5077.0,228
2025-06-25T13:32:00+05:30,5077.0,5079.0,5076.0,5077.5,261
2025-06-25T13:33:00+05:30,5077.5,5079.0,5077.5,5078.1,105
2025-06-25T13:34:00+05:30,5078.1,5082.5,5078.1,5080.2,88
2025-06-25T13:35:00+05:30,5080.3,5082.1,5080.3,5080.4,147
2025-06-25T13:36:00+05:30,5080.4,5082.2,5077.3,5077.5,363
2025-06-25T13:37:00+05:30,5077.9,5078.9,5077.9,5078.5,120
2025-06-25T13:38:00+05:30,5078.5,5082.1,5078.0,5079.7,468
2025-06-25T13:39:00+05:30,5079.7,5081.6,5074.8,5077.0,741
2025-06-25T13:40:00+05:30,5075.6,5077.0,5075.6,5075.6,164
2025-06-25T13:41:00+05:30,5075.6,5077.0,5075.6,5075.6,91
2025-06-25T13:42:00+05:30,5075.6,5077.0,5075.6,5075.6,90
2025-06-25T13:43:00+05:30,5075.6,5076.9,5075.6,5075.7,264
2025-06-25T13:44:00+05:30,5076.8,5076.8,5075.4,5075.6,163
2025-06-25T13:45:00+05:30,5075.4,5078.2,5074.3,5078.2,404
2025-06-25T13:46:00+05:30,5077.9,5078.0,5070.7,5070.7,743
2025-06-25T13:47:00+05:30,5070.2,5072.1,5064.9,5072.1,795
2025-06-25T13:48:00+05:30,5070.2,5072.4,5070.2,5072.4,445
2025-06-25T13:49:00+05:30,5072.7,5074.5,5072.7,5072.8,98
2025-06-25T13:50:00+05:30,5074.4,5074.4,5072.8,5074.0,118
2025-06-25T13:51:00+05:30,5074.3,5076.9,5072.9,5076.3,390
2025-06-25T13:52:00+05:30,5076.3,5077.2,5076.3,5076.5,179
2025-06-25T13:53:00+05:30,5076.3,5076.3,5071.7,5072.5,355
2025-06-25T13:54:00+05:30,5072.8,5074.8,5072.6,5073.7,101
2025-06-25T13:55:00+05:30,5073.7,5076.0,5073.7,5076.0,325
2025-06-25T13:56:00+05:30,5076.0,5077.8,5076.0,5076.2,516
2025-06-25T13:57:00+05:30,5076.2,5076.2,5073.7,5073.7,511
2025-06-25T13:58:00+05:30,5074.9,5075.5,5073.0,5073.2,195
2025-06-25T13:59:00+05:30,5073.2,5074.1,5072.0,5073.0,267
2025-06-25T14:00:00+05:30,5073.0,5074.6,5071.0,5071.0,200
2025-06-25T14:01:00+05:30,5070.2,5074.8,5070.2,5073.2,92
2025-06-25T14:02:00+05:30,5073.3,5076.0,5072.9,5073.4,111
2025-06-25T14:03:00+05:30,5074.2,5074.4,5070.5,5073.5,285
2025-06-25T14:04:00+05:30,5074.4,5074.4,5071.2,5071.6,179
2025-06-25T14:05:00+05:30,5071.6,5074.5,5071.2,5072.0,305
2025-06-25T14:06:00+05:30,5072.1,5075.9,5072.1,5074.7,348
2025-06-25T14:07:00+05:30,5074.7,5079.2,5074.7,5076.3,828
2025-06-25T14:08:00+05:30,5076.5,5082.0,5076.5,5080.5,1372
2025-06-25T14:09:00+05:30,5082.0,5085.2,5081.0,5084.3,322
2025-06-25T14:10:00+05:30,5084.0,5084.0,5080.8,5081.1,243
2025-06-25T14:11:00+05:30,5081.1,5086.0,5081.1,5084.3,160
2025-06-25T14:12:00+05:30,5085.0,5088.4,5085.0,5087.0,368
2025-06-25T14:13:00+05:30,5087.0,5089.4,5084.0,5084.0,396
2025-06-25T14:14:00+05:30,5084.0,5086.9,5084.0,5084.9,158
2025-06-25T14:15:00+05:30,5084.9,5086.9,5083.3,5083.3,168
2025-06-25T14:16:00+05:30,5085.8,5087.4,5083.2,5085.5,118
2025-06-25T14:17:00+05:30,5085.5,5086.8,5085.3,5085.5,242
2025-06-25T14:18:00+05:30,5085.5,5086.0,5085.5,5085.5,112
2025-06-25T14:19:00+05:30,5085.5,5086.0,5082.0,5085.2,502
2025-06-25T14:20:00+05:30,5085.2,5087.9,5085.2,5085.7,455
2025-06-25T14:21:00+05:30,5085.8,5087.5,5085.7,5086.0,68
2025-06-25T14:22:00+05:30,5087.2,5087.2,5086.0,5087.1,76
2025-06-25T14:23:00+05:30,5086.1,5087.1,5086.1,5087.1,80
2025-06-25T14:24:00+05:30,5086.1,5092.8,5086.1,5088.7,642
2025-06-25T14:25:00+05:30,5088.9,5092.6,5088.9,5090.9,100
2025-06-25T14:26:00+05:30,5092.3,5094.7,5090.9,5094.7,145
2025-06-25T14:27:00+05:30,5092.5,5094.9,5092.5,5092.7,798
2025-06-25T14:28:00+05:30,5093.5,5095.7,5090.9,5092.0,710
2025-06-25T14:29:00+05:30,5091.0,5091.0,5088.2,5088.2,135
2025-06-25T14:30:00+05:30,5088.2,5090.0,5088.2,5088.2,95
2025-06-25T14:31:00+05:30,5088.2,5090.0,5088.2,5088.2,42
2025-06-25T14:32:00+05:30,5088.3,5090.0,5086.2,5087.0,259
2025-06-25T14:33:00+05:30,5087.0,5088.5,5085.5,5085.8,161
2025-06-25T14:34:00+05:30,5085.8,5088.1,5084.1,5086.5,599
2025-06-25T14:35:00+05:30,5086.9,5087.4,5086.5,5086.5,260
2025-06-25T14:36:00+05:30,5086.5,5087.4,5085.3,5085.3,195
2025-06-25T14:37:00+05:30,5085.3,5086.5,5084.7,5084.7,79
2025-06-25T14:38:00+05:30,5084.7,5085.7,5083.5,5083.5,92
2025-06-25T14:39:00+05:30,5083.5,5085.3,5082.5,5084.7,121
2025-06-25T14:40:00+05:30,5083.3,5085.6,5083.3,5085.6,109
2025-06-25T14:41:00+05:30,5085.6,5087.3,5085.0,5086.2,215
2025-06-25T14:42:00+05:30,5085.8,5086.2,5082.2,5085.0,144
2025-06-25T14:43:00+05:30,5085.0,5086.2,5082.7,5083.4,125
2025-06-25T14:44:00+05:30,5083.4,5085.2,5079.6,5084.0,1039
2025-06-25T14:45:00+05:30,5084.1,5085.2,5077.1,5077.9,1063
2025-06-25T14:46:00+05:30,5078.1,5083.9,5076.7,5081.6,870
2025-06-25T14:47:00+05:30,5083.8,5084.5,5081.7,5084.5,217
2025-06-25T14:48:00+05:30,5084.7,5084.7,5082.7,5083.0,333
2025-06-25T14:49:00+05:30,5082.7,5083.0,5079.6,5081.7,321
2025-06-25T14:50:00+05:30,5082.0,5089.3,5082.0,5086.1,1069
2025-06-25T14:51:00+05:30,5086.9,5090.0,5084.6,5088.6,1098
2025-06-25T14:52:00+05:30,5087.3,5088.7,5087.3,5088.4,161
2025-06-25T14:53:00+05:30,5088.6,5088.6,5088.1,5088.1,487
2025-06-25T14:54:00+05:30,5088.5,5088.5,5088.0,5088.5,502
2025-06-25T14:55:00+05:30,5088.4,5088.4,5084.8,5084.8,312
2025-06-25T14:56:00+05:30,5085.1,5087.4,5084.8,5087.1,154
2025-06-25T14:57:00+05:30,5087.4,5087.4,5080.9,5082.7,2230
2025-06-25T14:58:00+05:30,5080.9,5083.7,5080.9,5081.8,824
2025-06-25T14:59:00+05:30,5081.9,5085.3,5075.3,5083.9,2303
2025-06-25T15:00:00+05:30,5084.0,5088.0,5084.0,5087.5,1363
2025-06-25T15:01:00+05:30,5087.9,5091.9,5087.9,5089.5,2027
2025-06-25T15:02:00+05:30,5089.5,5090.3,5089.2,5090.3,714
2025-06-25T15:03:00+05:30,5090.3,5093.3,5089.6,5093.1,559
2025-06-25T15:04:00+05:30,5093.1,5097.5,5092.8,5095.7,1598
2025-06-25T15:05:00+05:30,5095.8,5096.5,5093.4,5094.2,1131
2025-06-25T15:06:00+05:30,5094.8,5095.6,5093.1,5095.1,975
2025-06-25T15:07:00+05:30,5095.1,5095.9,5094.0,5095.6,988
2025-06-25T15:08:00+05:30,5095.6,5096.0,5095.4,5096.0,923
2025-06-25T15:09:00+05:30,5096.0,5097.6,5095.8,5096.9,1038
2025-06-25T15:10:00+05:30,5096.9,5097.7,5094.0,5094.4,905
2025-06-25T15:11:00+05:30,5094.4,5094.7,5094.0,5094.0,365
2025-06-25T15:12:00+05:30,5094.0,5094.7,5092.9,5093.4,631
2025-06-25T15:13:00+05:30,5093.3,5095.0,5092.9,5094.7,1326
2025-06-25T15:14:00+05:30,5094.7,5097.5,5093.4,5094.7,859
2025-06-25T15:15:00+05:30,5094.7,5096.0,5092.8,5093.1,1591
2025-06-25T15:16:00+05:30,5092.9,5094.7,5090.2,5092.7,1997
2025-06-25T15:17:00+05:30,5092.8,5093.3,5092.7,5093.1,1018
2025-06-25T15:18:00+05:30,5093.3,5093.3,5092.9,5093.0,538
2025-06-25T15:19:00+05:30,5093.0,5093.5,5091.3,5091.4,1083
2025-06-25T15:20:00+05:30,5091.9,5091.9,5091.0,5091.0,1627
2025-06-25T15:21:00+05:30,5091.1,5091.8,5090.6,5091.2,1036
2025-06-25T15:22:00+05:30,5091.2,5091.2,5087.1,5087.5,1443
2025-06-25T15:23:00+05:30,5087.5,5091.6,5087.5,5090.9,1415
2025-06-25T15:24:00+05:30,5091.5,5091.5,5089.0,5089.4,1513
2025-06-25T15:25:00+05:30,5089.3,5091.3,5089.2,5091.0,1508
2025-06-25T15:26:00+05:30,5091.3,5092.7,5091.3,5092.2,1552
2025-06-25T15:27:00+05:30,5092.2,5092.2,5088.4,5091.1,1285
2025-06-25T15:28:00+05:30,5091.1,5099.0,5091.0,5096.0,1864
2025-06-25T15:29:00+05:30,5096.1,5096.8,5080.8,5080.8,2060
2025-06-26T09:15:00+05:30,5090.0,5091.9,5061.4,5066.4,3126
2025-06-26T09:16:00+05:30,5065.5,5087.7,5063.5,5087.7,1925
2025-06-26T09:17:00+05:30,5085.0,5090.4,5080.8,5083.7,684
2025-06-26T09:18:00+05:30,5082.6,5084.8,5075.9,5082.3,693
2025-06-26T09:19:00+05:30,5078.4,5080.4,5068.3,5071.2,630
2025-06-26T09:20:00+05:30,5073.2,5078.9,5069.9,5076.9,708
2025-06-26T09:21:00+05:30,5077.0,5097.4,5075.4,5094.1,1004
2025-06-26T09:22:00+05:30,5096.5,5099.8,5092.3,5093.0,890
2025-06-26T09:23:00+05:30,5092.4,5094.9,5084.4,5087.5,497
2025-06-26T09:24:00+05:30,5087.8,5087.8,5081.5,5084.2,810
2025-06-26T09:25:00+05:30,5081.8,5092.0,5081.2,5082.3,444
2025-06-26T09:26:00+05:30,5083.4,5093.1,5083.4,5088.1,973
2025-06-26T09:27:00+05:30,5083.8,5090.9,5083.3,5090.1,206
2025-06-26T09:28:00+05:30,5089.6,5105.0,5089.6,5094.2,2448
2025-06-26T09:29:00+05:30,5096.2,5103.0,5093.2,5103.0,2229
2025-06-26T09:30:00+05:30,5101.4,5116.8,5100.9,5116.8,1369
2025-06-26T09:31:00+05:30,5116.9,5119.9,5110.6,5117.7,1877
2025-06-26T09:32:00+05:30,5119.5,5122.5,5116.0,5118.6,1114
2025-06-26T09:33:00+05:30,5117.1,5121.9,5117.1,5120.3,599
2025-06-26T09:34:00+05:30,5120.5,5126.1,5120.0,5122.9,1428
2025-06-26T09:35:00+05:30,5125.0,5129.4,5123.0,5123.2,1003
2025-06-26T09:36:00+05:30,5123.7,5123.7,5110.2,5118.5,866
2025-06-26T09:37:00+05:30,5117.0,5123.8,5111.3,5118.5,613
2025-06-26T09:38:00+05:30,5118.5,5122.0,5117.6,5118.0,361
2025-06-26T09:39:00+05:30,5119.4,5119.5,5114.3,5116.0,235
2025-06-26T09:40:00+05:30,5116.0,5116.3,5112.8,5114.4,81
2025-06-26T09:41:00+05:30,5114.4,5114.4,5111.3,5113.5,517
2025-06-26T09:42:00+05:30,5112.8,5114.0,5102.1,5102.2,1160
2025-06-26T09:43:00+05:30,5100.0,5100.0,5091.0,5093.8,1179
2025-06-26T09:44:00+05:30,5091.4,5093.8,5087.0,5089.3,1451
2025-06-26T09:45:00+05:30,5089.9,5097.9,5089.9,5097.9,217
2025-06-26T09:46:00+05:30,5096.1,5103.5,5096.0,5100.9,292
2025-06-26T09:47:00+05:30,5102.2,5105.0,5098.0,5100.1,742
2025-06-26T09:48:00+05:30,5100.0,5100.0,5087.9,5088.1,1685
2025-06-26T09:49:00+05:30,5087.6,5088.5,5085.3,5087.8,338
2025-06-26T09:50:00+05:30,5087.8,5089.5,5085.0,5087.5,254
2025-06-26T09:51:00+05:30,5087.4,5091.6,5085.0,5085.0,539
2025-06-26T09:52:00+05:30,5085.0,5089.2,5081.9,5089.2,753
2025-06-26T09:53:00+05:30,5088.4,5103.0,5086.0,5102.9,1430
2025-06-26T09:54:00+05:30,5100.1,5105.0,5094.5,5094.5,607
2025-06-26T09:55:00+05:30,5094.0,5094.5,5091.0,5091.0,256
2025-06-26T09:56:00+05:30,5091.0,5092.2,5088.0,5091.9,413
2025-06-26T09:57:00+05:30,5091.9,5091.9,5082.1,5083.9,2153
2025-06-26T09:58:00+05:30,5083.9,5086.1,5079.9,5083.3,2589
2025-06-26T09:59:00+05:30,5083.3,5085.6,5076.1,5078.0,2860
2025-06-26T10:00:00+05:30,5078.0,5079.4,5075.0,5076.5,890
2025-06-26T10:01:00+05:30,5075.0,5078.8,5071.2,5075.3,1422
2025-06-26T10:02:00+05:30,5073.1,5073.8,5070.1,5070.1,1151
2025-06-26T10:03:00+05:30,5070.1,5073.2,5070.1,5071.4,332
2025-06-26T10:04:00+05:30,5071.4,5072.9,5065.5,5067.5,685
2025-06-26T10:05:00+05:30,5065.6,5068.0,5062.0,5065.6,921
2025-06-26T10:06:00+05:30,5065.6,5068.7,5065.6,5066.0,430
2025-06-26T10:07:00+05:30,5066.0,5068.4,5062.6,5062.7,347
2025-06-26T10:08:00+05:30,5062.7,5070.8,5062.7,5070.8,685
2025-06-26T10:09:00+05:30,5070.6,5076.9,5070.0,5070.0,427
2025-06-26T10:10:00+05:30,5068.6,5071.5,5065.0,5065.1,635
2025-06-26T10:11:00+05:30,5065.5,5070.7,5065.5,5069.1,717
2025-06-26T10:12:00+05:30,5067.3,5069.4,5061.2,5064.8,647
2025-06-26T10:13:00+05:30,5062.4,5064.0,5060.6,5061.1,649
2025-06-26T10:14:00+05:30,5061.1,5065.0,5057.6,5060.0,1519
2025-06-26T10:15:00+05:30,5059.0,5060.9,5057.5,5060.0,251
2025-06-26T10:16:00+05:30,5061.0,5063.0,5061.0,5061.2,69
2025-06-26T10:17:00+05:30,5061.2,5061.5,5058.2,5058.2,305
2025-06-26T10:18:00+05:30,5058.2,5059.8,5056.0,5056.4,426
2025-06-26T10:19:00+05:30,5056.4,5062.4,5056.2,5059.9,1493
2025-06-26T10:20:00+05:30,5058.3,5060.0,5058.0,5058.1,99
2025-06-26T10:21:00+05:30,5058.0,5060.7,5058.0,5058.2,586
2025-06-26T10:22:00+05:30,5058.2,5065.5,5058.2,5063.6,391
2025-06-26T10:23:00+05:30,5062.7,5067.0,5062.7,5065.0,124
2025-06-26T10:24:00+05:30,5065.0,5066.3,5055.0,5056.0,2886
2025-06-26T10:25:00+05:30,5055.7,5061.7,5050.6,5051.6,4886
2025-06-26T10:26:00+05:30,5051.9,5057.7,5049.6,5056.9,4273
2025-06-26T10:27:00+05:30,5056.2,5059.6,5052.1,5052.3,2794
2025-06-26T10:28:00+05:30,5052.2,5054.5,5052.1,5053.5,194
2025-06-26T10:29:00+05:30,5053.5,5054.7,5052.5,5052.5,265
2025-06-26T10:30:00+05:30,5053.3,5053.9,5052.0,5052.5,146
2025-06-26T10:31:00+05:30,5052.5,5059.9,5052.5,5057.7,1842
2025-06-26T10:32:00+05:30,5058.0,5062.6,5058.0,5059.6,1120
2025-06-26T10:33:00+05:30,5059.7,5060.6,5054.8,5059.3,4552
2025-06-26T10:34:00+05:30,5058.5,5059.8,5055.0,5059.7,2631
2025-06-26T10:35:00+05:30,5057.9,5065.9,5057.9,5064.6,879
2025-06-26T10:36:00+05:30,5062.8,5063.8,5059.2,5059.2,503
2025-06-26T10:37:00+05:30,5059.2,5062.0,5058.3,5061.1,291
2025-06-26T10:38:00+05:30,5061.1,5062.8,5058.7,5058.7,389
2025-06-26T10:39:00+05:30,5057.9,5058.6,5057.0,5058.6,74
2025-06-26T10:40:00+05:30,5057.0,5060.0,5057.0,5059.1,118
2025-06-26T10:41:00+05:30,5059.1,5060.0,5059.1,5059.1,527
2025-06-26T10:42:00+05:30,5059.1,5060.0,5054.5,5054.9,205
2025-06-26T10:43:00+05:30,5054.9,5060.7,5050.0,5055.2,1600
2025-06-26T10:44:00+05:30,5055.2,5056.9,5051.1,5051.1,208
2025-06-26T10:45:00+05:30,5051.0,5057.6,5051.0,5053.7,196
2025-06-26T10:46:00+05:30,5053.7,5053.8,5043.1,5049.2,2645
2025-06-26T10:47:00+05:30,5049.1,5051.5,5047.5,5047.5,470
2025-06-26T10:48:00+05:30,5045.7,5048.0,5045.0,5046.0,258
2025-06-26T10:49:00+05:30,5046.0,5048.2,5046.0,5046.1,274
2025-06-26T10:50:00+05:30,5046.0,5049.0,5046.0,5046.2,225
2025-06-26T10:51:00+05:30,5046.2,5047.9,5045.0,5045.0,401
2025-06-26T10:52:00+05:30,5045.0,5049.0,5045.0,5047.5,506
2025-06-26T10:53:00+05:30,5047.6,5049.9,5044.7,5046.2,730
2025-06-26T10:54:00+05:30,5046.2,5048.0,5042.1,5042.1,632
2025-06-26T10:55:00+05:30,5042.1,5045.0,5039.0,5042.8,1077
2025-06-26T10:56:00+05:30,5042.6,5043.8,5039.0,5039.0,252
2025-06-26T10:57:00+05:30,5039.0,5039.0,5035.0,5035.0,468
2025-06-26T10:58:00+05:30,5035.0,5038.9,5035.0,5035.0,441
2025-06-26T10:59:00+05:30,5035.1,5037.2,5033.0,5033.0,841
2025-06-26T11:00:00+05:30,5034.0,5034.0,5032.3,5033.0,573
2025-06-26T11:01:00+05:30,5033.0,5037.5,5031.7,5031.7,1952
2025-06-26T11:02:00+05:30,5031.7,5034.1,5031.7,5032.0,899
2025-06-26T11:03:00+05:30,5032.0,5032.3,5030.7,5030.7,616
2025-06-26T11:04:00+05:30,5030.7,5032.0,5030.7,5031.9,190
2025-06-26T11:05:00+05:30,5031.2,5031.2,5025.8,5028.1,1154
2025-06-26T11:06:00+05:30,5028.1,5032.0,5027.7,5029.6,574
2025-06-26T11:07:00+05:30,5029.6,5032.0,5029.3,5031.0,559
2025-06-26T11:08:00+05:30,5031.0,5031.0,5026.9,5027.0,313
2025-06-26T11:09:00+05:30,5027.8,5030.6,5025.8,5026.2,658
2025-06-26T11:10:00+05:30,5026.2,5033.0,5026.1,5033.0,1314
2025-06-26T11:11:00+05:30,5032.4,5038.5,5028.3,5028.3,1515
2025-06-26T11:12:00+05:30,5028.2,5033.7,5028.0,5031.0,949
2025-06-26T11:13:00+05:30,5031.5,5031.5,5028.0,5028.1,397
2025-06-26T11:14:00+05:30,5028.2,5032.8,5028.1,5031.5,609
2025-06-26T11:15:00+05:30,5031.5,5031.5,5027.0,5027.0,413
2025-06-26T11:16:00+05:30,5027.0,5028.2,5025.5,5025.5,538
2025-06-26T11:17:00+05:30,5025.5,5025.5,5022.1,5023.1,563
2025-06-26T11:18:00+05:30,5023.1,5026.2,5020.1,5020.1,643
2025-06-26T11:19:00+05:30,5020.1,5020.6,5014.0,5014.2,959
2025-06-26T11:20:00+05:30,5014.2,5015.8,5012.0,5013.0,1478
2025-06-26T11:21:00+05:30,5013.2,5020.1,5012.7,5020.0,1424
2025-06-26T11:22:00+05:30,5020.0,5022.2,5018.9,5020.2,457
2025-06-26T11:23:00+05:30,5020.0,5022.0,5019.2,5020.9,151
2025-06-26T11:24:00+05:30,5020.9,5024.5,5020.9,5024.0,216
2025-06-26T11:25:00+05:30,5024.5,5025.2,5022.0,5022.1,284
2025-06-26T11:26:00+05:30,5022.1,5025.0,5022.1,5023.8,105
2025-06-26T11:27:00+05:30,5023.8,5026.1,5023.0,5023.7,626
2025-06-26T11:28:00+05:30,5023.6,5026.4,5022.7,5025.0,369
2025-06-26T11:29:00+05:30,5023.1,5025.3,5023.0,5024.7,116
2025-06-26T11:30:00+05:30,5024.7,5033.8,5024.7,5028.3,1062
2025-06-26T11:31:00+05:30,5028.4,5028.4,5025.0,5025.3,147
2025-06-26T11:32:00+05:30,5025.9,5028.8,5025.0,5025.0,313
2025-06-26T11:33:00+05:30,5024.5,5028.5,5022.0,5022.7,188
2025-06-26T11:34:00+05:30,5022.7,5024.8,5020.5,5023.6,265
2025-06-26T11:35:00+05:30,5023.6,5025.4,5020.0,5023.6,134
2025-06-26T11:36:00+05:30,5022.1,5025.0,5022.1,5024.6,126
2025-06-26T11:37:00+05:30,5024.5,5026.3,5024.5,5024.7,84
2025-06-26T11:38:00+05:30,5024.7,5029.6,5024.7,5028.5,312
2025-06-26T11:39:00+05:30,5028.5,5029.9,5028.5,5028.6,66
2025-06-26T11:40:00+05:30,5029.7,5030.9,5028.6,5029.3,297
2025-06-26T11:41:00+05:30,5029.3,5031.2,5026.7,5031.2,1736
2025-06-26T11:42:00+05:30,5031.2,5031.2,5028.6,5030.0,154
2025-06-26T11:43:00+05:30,5030.0,5031.1,5025.4,5028.5,541
2025-06-26T11:44:00+05:30,5027.1,5028.5,5025.3,5027.3,129
2025-06-26T11:45:00+05:30,5027.3,5028.0,5027.3,5027.3,64
2025-06-26T11:46:00+05:30,5027.3,5027.3,5021.0,5023.0,432
2025-06-26T11:47:00+05:30,5023.0,5025.0,5022.1,5023.0,136
2025-06-26T11:48:00+05:30,5023.0,5024.0,5021.1,5021.1,125
2025-06-26T11:49:00+05:30,5021.6,5021.6,5020.1,5021.4,175
2025-06-26T11:50:00+05:30,5021.4,5026.7,5019.9,5024.8,2166
2025-06-26T11:51:00+05:30,5026.6,5026.6,5021.7,5023.0,270
2025-06-26T11:52:00+05:30,5023.0,5026.7,5021.0,5022.6,372
2025-06-26T11:53:00+05:30,5021.5,5025.0,5021.0,5022.0,347
2025-06-26T11:54:00+05:30,5022.0,5025.0,5021.1,5023.5,213
2025-06-26T11:55:00+05:30,5024.8,5028.3,5024.8,5026.5,286
2025-06-26T11:56:00+05:30,5026.4,5028.4,5026.4,5027.1,69
2025-06-26T11:57:00+05:30,5027.4,5030.0,5027.4,5029.6,161
2025-06-26T11:58:00+05:30,5029.6,5032.0,5029.6,5030.3,402
2025-06-26T11:59:00+05:30,5030.3,5030.3,5028.6,5029.3,307
2025-06-26T12:00:00+05:30,5029.3,5032.0,5028.6,5031.2,208
2025-06-26T12:01:00+05:30,5031.2,5035.0,5031.2,5035.0,719
2025-06-26T12:02:00+05:30,5034.7,5035.0,5031.2,5033.2,433
2025-06-26T12:03:00+05:30,5033.3,5039.9,5033.0,5039.9,803
2025-06-26T12:04:00+05:30,5039.8,5041.9,5035.8,5037.0,1758
2025-06-26T12:05:00+05:30,5036.9,5043.6,5036.9,5040.0,903
2025-06-26T12:06:00+05:30,5040.0,5043.0,5034.4,5034.7,1523
2025-06-26T12:07:00+05:30,5034.7,5043.0,5032.4,5032.6,1833
2025-06-26T12:08:00+05:30,5034.7,5035.9,5026.1,5029.6,2276
2025-06-26T12:09:00+05:30,5026.6,5028.8,5022.5,5024.0,492
2025-06-26T12:10:00+05:30,5023.9,5036.9,5023.9,5034.5,722
2025-06-26T12:11:00+05:30,5032.8,5035.0,5030.0,5030.0,1072
2025-06-26T12:12:00+05:30,5028.5,5031.0,5027.7,5030.0,378
2025-06-26T12:13:00+05:30,5030.0,5035.1,5029.1,5035.1,607
2025-06-26T12:14:00+05:30,5034.9,5039.0,5031.4,5038.4,1008
2025-06-26T12:15:00+05:30,5039.0,5039.2,5033.6,5035.8,1521
2025-06-26T12:16:00+05:30,5037.9,5042.0,5034.1,5041.9,1323
2025-06-26T12:17:00+05:30,5039.7,5043.9,5038.0,5038.0,1629
2025-06-26T12:18:00+05:30,5038.0,5038.7,5035.0,5035.2,588
2025-06-26T12:19:00+05:30,5035.2,5041.7,5035.0,5035.3,868
2025-06-26T12:20:00+05:30,5035.9,5039.0,5035.0,5035.0,1221
2025-06-26T12:21:00+05:30,5036.5,5041.6,5036.3,5038.5,1410
2025-06-26T12:22:00+05:30,5037.0,5046.7,5035.1,5044.1,966
2025-06-26T12:23:00+05:30,5044.2,5050.0,5044.2,5049.7,834
2025-06-26T12:24:00+05:30,5049.7,5049.7,5045.0,5045.7,586
2025-06-26T12:25:00+05:30,5045.7,5049.1,5043.4,5047.1,216
2025-06-26T12:26:00+05:30,5047.1,5050.0,5046.6,5048.2,264
2025-06-26T12:27:00+05:30,5049.4,5056.9,5048.1,5055.6,1490
2025-06-26T12:28:00+05:30,5055.6,5059.8,5055.6,5058.7,691
2025-06-26T12:29:00+05:30,5059.7,5059.8,5058.7,5059.0,303
2025-06-26T12:30:00+05:30,5059.6,5065.8,5059.1,5063.2,949
2025-06-26T12:31:00+05:30,5063.2,5063.4,5055.7,5056.1,653
2025-06-26T12:32:00+05:30,5055.8,5059.8,5055.8,5057.8,288
2025-06-26T12:33:00+05:30,5058.1,5058.9,5055.5,5056.3,511
2025-06-26T12:34:00+05:30,5056.5,5058.1,5055.8,5055.8,244
2025-06-26T12:35:00+05:30,5055.8,5059.0,5055.5,5055.5,335
2025-06-26T12:36:00+05:30,5055.5,5059.9,5055.5,5056.0,751
2025-06-26T12:37:00+05:30,5058.6,5060.0,5042.2,5048.8,4412
2025-06-26T12:38:00+05:30,5048.6,5050.1,5047.5,5048.4,677
2025-06-26T12:39:00+05:30,5048.4,5050.2,5048.4,5049.9,178
2025-06-26T12:40:00+05:30,5049.7,5050.3,5048.5,5048.5,106
2025-06-26T12:41:00+05:30,5048.8,5052.0,5048.5,5051.9,160
2025-06-26T12:42:00+05:30,5051.9,5059.6,5051.0,5057.1,305
2025-06-26T12:43:00+05:30,5057.2,5057.2,5052.3,5055.1,724
2025-06-26T12:44:00+05:30,5055.6,5057.9,5048.6,5050.6,583
2025-06-26T12:45:00+05:30,5052.0,5058.5,5051.0,5055.6,360
2025-06-26T12:46:00+05:30,5057.2,5058.9,5054.2,5055.6,519
2025-06-26T12:47:00+05:30,5055.6,5059.9,5055.4,5058.0,430
2025-06-26T12:48:00+05:30,5058.1,5061.5,5054.9,5054.9,1030
2025-06-26T12:49:00+05:30,5055.6,5055.6,5044.0,5044.0,2303
2025-06-26T12:50:00+05:30,5043.4,5047.7,5039.9,5042.0,3417
2025-06-26T12:51:00+05:30,5040.8,5042.3,5035.5,5037.6,490
2025-06-26T12:52:00+05:30,5037.7,5040.0,5037.6,5039.8,472
2025-06-26T12:53:00+05:30,5040.0,5043.0,5038.4,5039.5,1739
2025-06-26T12:54:00+05:30,5041.0,5041.6,5039.7,5041.6,592
2025-06-26T12:55:00+05:30,5041.8,5043.0,5041.8,5043.0,1092
2025-06-26T12:56:00+05:30,5041.9,5047.6,5041.9,5045.5,559
2025-06-26T12:57:00+05:30,5045.5,5046.7,5041.7,5043.4,456
2025-06-26T12:58:00+05:30,5043.4,5045.0,5042.7,5045.0,187
2025-06-26T12:59:00+05:30,5043.8,5045.0,5043.7,5043.8,345
2025-06-26T13:00:00+05:30,5043.8,5045.0,5043.8,5045.0,160
2025-06-26T13:01:00+05:30,5045.0,5045.5,5044.4,5044.6,569
2025-06-26T13:02:00+05:30,5044.7,5045.5,5041.8,5042.0,667
2025-06-26T13:03:00+05:30,5042.0,5042.0,5038.9,5041.9,532
2025-06-26T13:04:00+05:30,5041.9,5042.0,5040.1,5040.6,297
2025-06-26T13:05:00+05:30,5042.0,5042.0,5038.1,5038.2,253
2025-06-26T13:06:00+05:30,5038.2,5040.2,5038.2,5038.5,517
2025-06-26T13:07:00+05:30,5038.5,5039.0,5038.0,5038.0,175
2025-06-26T13:08:00+05:30,5038.0,5045.7,5035.5,5042.9,2300
2025-06-26T13:09:00+05:30,5043.0,5043.0,5040.5,5040.8,1156
2025-06-26T13:10:00+05:30,5040.8,5041.3,5038.7,5041.3,1228
2025-06-26T13:11:00+05:30,5041.3,5049.8,5041.1,5043.2,8661
2025-06-26T13:12:00+05:30,5043.2,5046.4,5041.2,5042.0,1114
2025-06-26T13:13:00+05:30,5042.1,5042.2,5040.3,5041.0,242
2025-06-26T13:14:00+05:30,5040.0,5043.0,5039.7,5040.9,1555
2025-06-26T13:15:00+05:30,5040.9,5045.0,5040.9,5043.6,1490
2025-06-26T13:16:00+05:30,5043.6,5046.0,5043.6,5046.0,1179
2025-06-26T13:17:00+05:30,5046.0,5056.8,5046.0,5053.9,3235
2025-06-26T13:18:00+05:30,5052.1,5065.3,5051.0,5064.7,1833
2025-06-26T13:19:00+05:30,5062.4,5064.1,5053.4,5053.8,3747
2025-06-26T13:20:00+05:30,5052.4,5052.8,5050.0,5052.1,1227
2025-06-26T13:21:00+05:30,5052.6,5054.2,5041.0,5045.7,5940
2025-06-26T13:22:00+05:30,5046.0,5047.3,5041.3,5043.9,557
2025-06-26T13:23:00+05:30,5043.9,5044.0,5035.8,5038.0,3688
2025-06-26T13:24:00+05:30,5038.0,5043.7,5035.5,5039.5,949
2025-06-26T13:25:00+05:30,5038.8,5041.9,5035.0,5038.2,2338
2025-06-26T13:26:00+05:30,5037.8,5040.1,5036.5,5038.1,172
2025-06-26T13:27:00+05:30,5037.9,5039.4,5037.0,5038.5,154
2025-06-26T13:28:00+05:30,5038.5,5043.7,5038.5,5041.6,437
2025-06-26T13:29:00+05:30,5041.6,5041.6,5036.0,5039.9,770
2025-06-26T13:30:00+05:30,5039.9,5042.5,5037.0,5037.0,694
2025-06-26T13:31:00+05:30,5037.3,5040.0,5037.0,5037.2,379
2025-06-26T13:32:00+05:30,5037.2,5039.3,5037.1,5037.9,662
2025-06-26T13:33:00+05:30,5037.9,5040.9,5037.9,5039.2,435
2025-06-26T13:34:00+05:30,5039.2,5039.2,5036.0,5038.2,732
2025-06-26T13:35:00+05:30,5038.8,5041.7,5037.3,5038.9,629
2025-06-26T13:36:00+05:30,5038.9,5043.7,5036.4,5043.2,911
2025-06-26T13:37:00+05:30,5043.5,5044.2,5040.3,5040.9,200
2025-06-26T13:38:00+05:30,5041.0,5046.8,5041.0,5045.5,361
2025-06-26T13:39:00+05:30,5045.5,5048.0,5045.5,5046.9,184
2025-06-26T13:40:00+05:30,5046.9,5049.7,5046.9,5048.2,399
2025-06-26T13:41:00+05:30,5048.2,5052.5,5047.6,5052.4,783
2025-06-26T13:42:00+05:30,5052.4,5053.2,5049.6,5051.8,736
2025-06-26T13:43:00+05:30,5050.9,5053.6,5050.9,5051.4,113
2025-06-26T13:44:00+05:30,5051.4,5055.8,5051.0,5052.9,676
2025-06-26T13:45:00+05:30,5052.9,5055.0,5052.9,5053.4,161
2025-06-26T13:46:00+05:30,5053.8,5059.4,5053.8,5058.0,874
2025-06-26T13:47:00+05:30,5058.0,5058.7,5055.5,5057.4,237
2025-06-26T13:48:00+05:30,5057.4,5062.8,5056.6,5060.1,1476
2025-06-26T13:49:00+05:30,5060.1,5062.1,5056.6,5058.0,643
2025-06-26T13:50:00+05:30,5058.0,5059.6,5057.2,5057.6,344
2025-06-26T13:51:00+05:30,5057.7,5064.3,5057.2,5060.2,820
2025-06-26T13:52:00+05:30,5060.2,5063.9,5057.0,5061.9,499
2025-06-26T13:53:00+05:30,5062.0,5063.1,5058.6,5059.8,377
2025-06-26T13:54:00+05:30,5059.8,5062.5,5058.9,5060.0,502
2025-06-26T13:55:00+05:30,5061.0,5064.9,5059.7,5062.1,1094
2025-06-26T13:56:00+05:30,5062.5,5065.0,5062.3,5062.8,595
2025-06-26T13:57:00+05:30,5062.8,5065.0,5062.7,5063.2,355
2025-06-26T13:58:00+05:30,5063.2,5067.0,5063.2,5065.0,757
2025-06-26T13:59:00+05:30,5065.2,5069.3,5065.1,5066.7,546
2025-06-26T14:00:00+05:30,5068.6,5069.8,5063.2,5063.3,789
2025-06-26T14:01:00+05:30,5063.3,5069.7,5063.3,5066.0,247
2025-06-26T14:02:00+05:30,5066.0,5068.3,5066.0,5068.3,79
2025-06-26T14:03:00+05:30,5067.3,5069.0,5065.1,5067.2,430
2025-06-26T14:04:00+05:30,5067.3,5069.8,5067.3,5068.0,365
2025-06-26T14:05:00+05:30,5068.0,5069.0,5067.9,5068.1,104
2025-06-26T14:06:00+05:30,5068.1,5071.8,5068.1,5069.6,825
2025-06-26T14:07:00+05:30,5069.6,5071.5,5069.6,5070.5,155
2025-06-26T14:08:00+05:30,5071.8,5071.8,5066.3,5066.3,1086
2025-06-26T14:09:00+05:30,5065.5,5065.6,5063.2,5063.2,387
2025-06-26T14:10:00+05:30,5062.0,5068.4,5059.5,5065.3,687
2025-06-26T14:11:00+05:30,5066.4,5067.1,5062.6,5064.1,288
2025-06-26T14:12:00+05:30,5064.1,5071.3,5064.1,5070.6,380
2025-06-26T14:13:00+05:30,5070.6,5077.4,5070.5,5074.2,1154
2025-06-26T14:14:00+05:30,5075.6,5077.7,5073.0,5077.7,753
2025-06-26T14:15:00+05:30,5077.7,5077.9,5073.9,5076.8,615
2025-06-26T14:16:00+05:30,5075.0,5077.0,5071.4,5076.3,555
2025-06-26T14:17:00+05:30,5076.3,5080.0,5075.2,5080.0,610
2025-06-26T14:18:00+05:30,5079.0,5080.0,5079.0,5079.5,696
2025-06-26T14:19:00+05:30,5079.5,5080.0,5075.1,5076.8,2187
2025-06-26T14:20:00+05:30,5076.9,5079.8,5073.9,5075.2,1064
2025-06-26T14:21:00+05:30,5075.1,5077.1,5066.8,5072.0,851
2025-06-26T14:22:00+05:30,5072.0,5075.2,5067.1,5067.5,672
2025-06-26T14:23:00+05:30,5066.8,5068.2,5065.1,5065.5,338
2025-06-26T14:24:00+05:30,5065.2,5067.9,5062.9,5064.5,534
2025-06-26T14:25:00+05:30,5063.9,5065.3,5063.5,5063.5,258
2025-06-26T14:26:00+05:30,5063.5,5066.9,5062.3,5063.4,670
2025-06-26T14:27:00+05:30,5062.6,5064.3,5062.6,5063.8,191
2025-06-26T14:28:00+05:30,5063.8,5067.5,5063.8,5064.8,345
2025-06-26T14:29:00+05:30,5066.7,5068.6,5063.1,5066.2,1326
2025-06-26T14:30:00+05:30,5066.4,5071.2,5066.4,5071.2,273
2025-06-26T14:31:00+05:30,5071.2,5074.2,5070.5,5071.4,454
2025-06-26T14:32:00+05:30,5072.0,5073.5,5068.6,5071.4,1161
2025-06-26T14:33:00+05:30,5071.3,5074.1,5071.3,5072.5,360
2025-06-26T14:34:00+05:30,5072.5,5073.5,5072.5,5072.5,161
2025-06-26T14:35:00+05:30,5072.5,5074.3,5067.7,5072.8,772
2025-06-26T14:36:00+05:30,5072.8,5073.5,5071.1,5071.1,175
2025-06-26T14:37:00+05:30,5071.1,5072.8,5070.4,5071.7,454
2025-06-26T14:38:00+05:30,5071.7,5074.0,5071.6,5072.2,288
2025-06-26T14:39:00+05:30,5072.4,5074.6,5072.3,5074.6,211
2025-06-26T14:40:00+05:30,5072.6,5075.0,5067.1,5067.5,1103
2025-06-26T14:41:00+05:30,5066.5,5068.6,5062.0,5062.1,509
2025-06-26T14:42:00+05:30,5062.4,5064.6,5058.7,5059.1,1551
2025-06-26T14:43:00+05:30,5059.5,5066.8,5058.9,5063.0,699
2025-06-26T14:44:00+05:30,5063.0,5066.8,5062.1,5062.1,607
2025-06-26T14:45:00+05:30,5062.4,5064.5,5062.0,5064.5,401
2025-06-26T14:46:00+05:30,5064.3,5065.0,5063.6,5063.9,311
2025-06-26T14:47:00+05:30,5063.9,5067.0,5063.7,5065.0,779
2025-06-26T14:48:00+05:30,5065.1,5066.6,5065.0,5065.1,665
2025-06-26T14:49:00+05:30,5065.5,5067.2,5065.1,5067.2,354
2025-06-26T14:50:00+05:30,5066.8,5071.1,5066.4,5069.5,1255
2025-06-26T14:51:00+05:30,5069.5,5073.5,5069.5,5070.2,636
2025-06-26T14:52:00+05:30,5070.2,5070.2,5066.9,5068.3,711
2025-06-26T14:53:00+05:30,5068.3,5071.4,5063.7,5070.2,673
2025-06-26T14:54:00+05:30,5070.4,5072.3,5070.3,5071.2,153
2025-06-26T14:55:00+05:30,5072.3,5073.0,5071.2,5072.1,205
2025-06-26T14:56:00+05:30,5073.0,5074.4,5072.4,5073.4,311
2025-06-26T14:57:00+05:30,5074.3,5074.4,5073.4,5073.6,184
2025-06-26T14:58:00+05:30,5074.0,5077.3,5073.4,5075.9,380
2025-06-26T14:59:00+05:30,5077.4,5077.4,5075.5,5075.9,930
2025-06-26T15:00:00+05:30,5075.8,5084.9,5064.3,5066.5,5290
2025-06-26T15:01:00+05:30,5066.5,5074.9,5063.1,5072.8,4386
2025-06-26T15:02:00+05:30,5072.4,5080.0,5069.3,5079.5,1545
2025-06-26T15:03:00+05:30,5080.8,5080.8,5074.8,5079.8,1857
2025-06-26T15:04:00+05:30,5080.0,5082.0,5079.5,5079.5,1331
2025-06-26T15:05:00+05:30,5079.7,5081.4,5075.4,5076.4,1819
2025-06-26T15:06:00+05:30,5077.8,5079.9,5074.5,5077.6,2203
2025-06-26T15:07:00+05:30,5078.9,5078.9,5075.4,5077.7,1428
2025-06-26T15:08:00+05:30,5076.7,5077.4,5070.8,5075.4,2147
2025-06-26T15:09:00+05:30,5074.9,5074.9,5061.8,5065.9,3007
2025-06-26T15:10:00+05:30,5065.8,5065.8,5053.8,5057.4,3548
2025-06-26T15:11:00+05:30,5054.6,5061.5,5053.0,5058.0,2868
2025-06-26T15:12:00+05:30,5057.9,5059.6,5055.5,5057.0,1652
2025-06-26T15:13:00+05:30,5059.5,5066.2,5057.1,5064.3,1846
2025-06-26T15:14:00+05:30,5064.3,5065.0,5058.2,5060.6,2538
2025-06-26T15:15:00+05:30,5061.9,5071.2,5060.6,5069.1,2439
2025-06-26T15:16:00+05:30,5071.6,5076.0,5069.2,5076.0,1730
2025-06-26T15:17:00+05:30,5076.0,5084.9,5075.1,5084.3,2996
2025-06-26T15:18:00+05:30,5084.9,5085.0,5076.4,5077.3,3359
2025-06-26T15:19:00+05:30,5078.4,5081.4,5077.1,5078.3,1821
2025-06-26T15:20:00+05:30,5078.3,5083.3,5077.8,5083.2,1999
2025-06-26T15:21:00+05:30,5083.2,5084.0,5078.2,5079.1,3922
2025-06-26T15:22:00+05:30,5079.1,5084.0,5078.4,5084.0,1657
2025-06-26T15:23:00+05:30,5083.8,5084.9,5080.0,5081.8,3332
2025-06-26T15:24:00+05:30,5083.1,5084.2,5079.7,5080.5,3896
2025-06-26T15:25:00+05:30,5081.7,5084.3,5080.6,5082.8,3669
2025-06-26T15:26:00+05:30,5082.9,5083.2,5073.4,5074.3,3824
2025-06-26T15:27:00+05:30,5078.0,5083.9,5073.2,5078.4,2846
2025-06-26T15:28:00+05:30,5081.2,5083.5,5073.0,5073.0,2816
2025-06-26T15:29:00+05:30,5074.0,5089.9,5052.8,5082.0,2438
2025-06-27T09:15:00+05:30,5098.7,5098.7,5071.6,5075.3,1587
2025-06-27T09:16:00+05:30,5075.9,5080.2,5075.0,5076.7,1995
2025-06-27T09:17:00+05:30,5077.5,5077.5,5060.2,5075.4,2540
2025-06-27T09:18:00+05:30,5074.1,5074.6,5065.1,5071.9,759
2025-06-27T09:19:00+05:30,5071.9,5071.9,5065.2,5070.9,456
2025-06-27T09:20:00+05:30,5070.1,5070.1,5060.8,5066.7,1052
2025-06-27T09:21:00+05:30,5065.8,5074.2,5060.0,5069.8,2587
2025-06-27T09:22:00+05:30,5072.4,5079.5,5071.6,5076.2,566
2025-06-27T09:23:00+05:30,5074.3,5075.0,5062.0,5064.4,1380
2025-06-27T09:24:00+05:30,5061.8,5066.0,5060.0,5061.8,1723
2025-06-27T09:25:00+05:30,5062.1,5067.4,5058.1,5065.6,1364
2025-06-27T09:26:00+05:30,5065.6,5069.9,5060.0,5066.0,3490
2025-06-27T09:27:00+05:30,5070.0,5075.1,5060.0,5062.0,5653
2025-06-27T09:28:00+05:30,5061.7,5071.1,5060.9,5069.5,1710
2025-06-27T09:29:00+05:30,5067.4,5086.0,5067.4,5080.0,4260
2025-06-27T09:30:00+05:30,5080.1,5084.0,5079.5,5081.0,632
2025-06-27T09:31:00+05:30,5082.0,5083.9,5080.0,5083.9,234
2025-06-27T09:32:00+05:30,5083.2,5092.5,5083.2,5092.5,1544
2025-06-27T09:33:00+05:30,5092.5,5100.0,5092.5,5100.0,747
2025-06-27T09:34:00+05:30,5099.0,5106.4,5099.0,5106.4,835
2025-06-27T09:35:00+05:30,5106.3,5126.7,5106.3,5124.9,5115
2025-06-27T09:36:00+05:30,5121.0,5128.6,5121.0,5123.0,1583
2025-06-27T09:37:00+05:30,5125.5,5125.5,5108.0,5110.5,768
2025-06-27T09:38:00+05:30,5111.2,5115.1,5110.6,5111.5,91
2025-06-27T09:39:00+05:30,5113.2,5115.0,5106.9,5108.7,1392
2025-06-27T09:40:00+05:30,5108.1,5112.0,5105.3,5112.0,459
2025-06-27T09:41:00+05:30,5110.9,5110.9,5103.5,5108.7,153
2025-06-27T09:42:00+05:30,5109.7,5109.8,5105.2,5105.2,111
2025-06-27T09:43:00+05:30,5105.3,5105.3,5093.2,5093.2,581
2025-06-27T09:44:00+05:30,5091.0,5093.4,5084.0,5084.0,525
2025-06-27T09:45:00+05:30,5082.0,5089.4,5082.0,5089.4,547
2025-06-27T09:46:00+05:30,5087.9,5094.3,5087.9,5094.3,75
2025-06-27T09:47:00+05:30,5093.6,5095.0,5090.0,5090.0,162
2025-06-27T09:48:00+05:30,5092.5,5092.9,5092.0,5092.5,69
2025-06-27T09:49:00+05:30,5092.0,5092.4,5090.0,5090.3,251
2025-06-27T09:50:00+05:30,5091.4,5093.2,5090.4,5093.2,206
2025-06-27T09:51:00+05:30,5093.3,5093.5,5089.9,5089.9,149
2025-06-27T09:52:00+05:30,5092.2,5092.9,5090.5,5092.7,41
2025-06-27T09:53:00+05:30,5092.7,5096.2,5092.7,5096.0,156
2025-06-27T09:54:00+05:30,5095.9,5100.0,5092.1,5095.4,715
2025-06-27T09:55:00+05:30,5095.0,5096.5,5092.6,5094.9,154
2025-06-27T09:56:00+05:30,5092.0,5092.0,5087.4,5088.7,322
2025-06-27T09:57:00+05:30,5086.7,5090.0,5077.6,5090.0,597
2025-06-27T09:58:00+05:30,5091.4,5095.9,5088.1,5095.8,210
2025-06-27T09:59:00+05:30,5095.8,5101.0,5094.5,5094.5,323
2025-06-27T10:00:00+05:30,5094.3,5103.3,5092.6,5103.3,117
2025-06-27T10:01:00+05:30,5103.3,5103.3,5099.0,5100.2,243
2025-06-27T10:02:00+05:30,5099.2,5102.2,5097.4,5102.2,88
2025-06-27T10:03:00+05:30,5102.5,5109.8,5102.5,5109.3,515
2025-06-27T10:04:00+05:30,5108.4,5109.7,5107.9,5108.0,43
2025-06-27T10:05:00+05:30,5108.0,5109.8,5105.5,5109.0,504
2025-06-27T10:06:00+05:30,5108.9,5111.0,5105.0,5111.0,1423
2025-06-27T10:07:00+05:30,5111.0,5115.0,5109.0,5115.0,378
2025-06-27T10:08:00+05:30,5116.9,5118.0,5115.0,5116.8,150
2025-06-27T10:09:00+05:30,5117.5,5119.8,5116.5,5119.8,779
2025-06-27T10:10:00+05:30,5119.8,5119.8,5116.2,5116.2,213
2025-06-27T10:11:00+05:30,5115.1,5117.5,5113.3,5113.4,238
2025-06-27T10:12:00+05:30,5115.2,5115.9,5114.9,5115.0,29
2025-06-27T10:13:00+05:30,5115.0,5115.9,5115.0,5115.3,21
2025-06-27T10:14:00+05:30,5115.3,5116.0,5115.3,5115.6,57
2025-06-27T10:15:00+05:30,5114.4,5120.0,5114.0,5119.0,460
2025-06-27T10:16:00+05:30,5118.8,5118.8,5115.0,5115.5,350
2025-06-27T10:17:00+05:30,5116.7,5118.1,5114.5,5117.9,144
2025-06-27T10:18:00+05:30,5118.6,5120.0,5117.2,5120.0,93
2025-06-27T10:19:00+05:30,5120.0,5121.8,5117.2,5117.2,177
2025-06-27T10:20:00+05:30,5117.3,5117.6,5116.1,5116.1,81
2025-06-27T10:21:00+05:30,5116.7,5117.0,5110.2,5110.2,438
2025-06-27T10:22:00+05:30,5113.0,5115.1,5110.1,5112.0,420
2025-06-27T10:23:00+05:30,5111.6,5113.1,5106.6,5113.0,367
2025-06-27T10:24:00+05:30,5113.0,5113.0,5110.7,5113.0,40
2025-06-27T10:25:00+05:30,5113.0,5113.0,5110.7,5112.6,48
2025-06-27T10:26:00+05:30,5112.6,5115.0,5112.2,5115.0,209
2025-06-27T10:27:00+05:30,5116.1,5118.0,5113.9,5117.3,203
2025-06-27T10:28:00+05:30,5117.1,5117.3,5113.1,5114.3,137
2025-06-27T10:29:00+05:30,5114.6,5119.4,5114.2,5119.0,556
2025-06-27T10:30:00+05:30,5119.0,5121.0,5118.4,5121.0,431
2025-06-27T10:31:00+05:30,5121.0,5121.0,5118.6,5120.9,178
2025-06-27T10:32:00+05:30,5120.9,5120.9,5116.7,5117.4,51
2025-06-27T10:33:00+05:30,5116.5,5116.5,5113.8,5114.0,150
2025-06-27T10:34:00+05:30,5113.9,5114.0,5110.1,5111.4,98
2025-06-27T10:35:00+05:30,5110.9,5113.3,5108.3,5113.2,165
2025-06-27T10:36:00+05:30,5111.9,5113.5,5108.5,5111.5,250
2025-06-27T10:37:00+05:30,5111.5,5114.3,5111.2,5113.0,101
2025-06-27T10:38:00+05:30,5114.1,5114.4,5110.0,5113.3,470
2025-06-27T10:39:00+05:30,5114.0,5116.2,5112.6,5114.8,107
2025-06-27T10:40:00+05:30,5114.8,5115.7,5114.8,5115.7,92
2025-06-27T10:41:00+05:30,5115.7,5118.9,5115.4,5116.9,47
2025-06-27T10:42:00+05:30,5116.9,5119.6,5116.0,5119.6,139
2025-06-27T10:43:00+05:30,5119.1,5119.6,5118.0,5119.6,73
2025-06-27T10:44:00+05:30,5120.0,5120.9,5119.3,5120.9,348
2025-06-27T10:45:00+05:30,5120.9,5131.0,5120.9,5127.6,2139
2025-06-27T10:46:00+05:30,5130.4,5131.0,5127.5,5127.8,357
2025-06-27T10:47:00+05:30,5127.8,5128.0,5123.1,5123.1,175
2025-06-27T10:48:00+05:30,5124.2,5127.4,5122.4,5127.4,261
2025-06-27T10:49:00+05:30,5127.4,5134.9,5127.2,5133.8,774
2025-06-27T10:50:00+05:30,5133.8,5139.8,5133.8,5136.1,1663
2025-06-27T10:51:00+05:30,5138.1,5138.9,5135.6,5137.4,431
2025-06-27T10:52:00+05:30,5138.3,5138.3,5134.3,5137.9,191
2025-06-27T10:53:00+05:30,5137.6,5137.9,5135.1,5137.9,124
2025-06-27T10:54:00+05:30,5137.8,5139.8,5135.6,5138.1,823
2025-06-27T10:55:00+05:30,5138.1,5145.0,5133.3,5133.3,1759
2025-06-27T10:56:00+05:30,5134.0,5134.5,5128.2,5128.2,366
2025-06-27T10:57:00+05:30,5133.9,5134.0,5131.8,5133.5,83
2025-06-27T10:58:00+05:30,5133.5,5135.0,5133.4,5134.9,78
2025-06-27T10:59:00+05:30,5135.0,5139.4,5135.0,5138.1,324
2025-06-27T11:00:00+05:30,5137.1,5137.7,5131.0,5133.0,1045
2025-06-27T11:01:00+05:30,5133.7,5134.5,5131.0,5133.0,152
2025-06-27T11:02:00+05:30,5132.7,5135.0,5132.7,5133.7,251
2025-06-27T11:03:00+05:30,5134.9,5134.9,5129.7,5132.2,1142
2025-06-27T11:04:00+05:30,5132.2,5133.0,5130.2,5132.1,239
2025-06-27T11:05:00+05:30,5132.9,5133.0,5131.3,5132.0,347
2025-06-27T11:06:00+05:30,5132.6,5134.0,5132.6,5134.0,642
2025-06-27T11:07:00+05:30,5134.0,5136.5,5131.6,5131.6,1218
2025-06-27T11:08:00+05:30,5131.6,5139.9,5130.9,5138.1,336
2025-06-27T11:09:00+05:30,5139.5,5140.2,5136.6,5138.4,487
2025-06-27T11:10:00+05:30,5139.1,5144.0,5138.0,5144.0,210
2025-06-27T11:11:00+05:30,5144.0,5144.0,5140.5,5142.0,670
2025-06-27T11:12:00+05:30,5142.0,5143.0,5141.0,5143.0,166
2025-06-27T11:13:00+05:30,5142.9,5145.0,5142.5,5144.0,466
2025-06-27T11:14:00+05:30,5145.0,5147.0,5143.1,5147.0,745
2025-06-27T11:15:00+05:30,5148.0,5149.9,5146.6,5148.0,1426
2025-06-27T11:16:00+05:30,5149.8,5154.6,5147.8,5152.4,3052
2025-06-27T11:17:00+05:30,5154.4,5157.8,5151.9,5157.4,4009
2025-06-27T11:18:00+05:30,5157.4,5161.1,5155.2,5159.9,2249
2025-06-27T11:19:00+05:30,5159.8,5170.0,5159.1,5168.3,3028
2025-06-27T11:20:00+05:30,5169.3,5171.0,5163.9,5167.1,2227
2025-06-27T11:21:00+05:30,5168.0,5168.0,5164.4,5165.0,870
2025-06-27T11:22:00+05:30,5167.5,5168.0,5165.0,5167.0,482
2025-06-27T11:23:00+05:30,5167.0,5170.0,5163.2,5165.0,2474
2025-06-27T11:24:00+05:30,5168.0,5171.9,5165.2,5167.4,1551
2025-06-27T11:25:00+05:30,5168.0,5170.2,5164.8,5166.2,517
2025-06-27T11:26:00+05:30,5166.2,5167.7,5164.0,5165.9,668
2025-06-27T11:27:00+05:30,5166.0,5167.4,5164.0,5164.6,1741
2025-06-27T11:28:00+05:30,5166.0,5166.0,5160.0,5164.4,1447
2025-06-27T11:29:00+05:30,5165.5,5165.5,5164.4,5165.0,229
2025-06-27T11:30:00+05:30,5165.4,5166.0,5163.9,5165.0,1046
2025-06-27T11:31:00+05:30,5165.5,5167.5,5160.8,5167.3,1906
2025-06-27T11:32:00+05:30,5167.3,5171.0,5163.1,5167.3,1314
2025-06-27T11:33:00+05:30,5168.2,5169.8,5165.0,5168.7,499
2025-06-27T11:34:00+05:30,5168.8,5169.9,5167.0,5169.1,79
2025-06-27T11:35:00+05:30,5169.9,5169.9,5166.4,5169.0,362
2025-06-27T11:36:00+05:30,5169.0,5169.0,5165.0,5166.0,435
2025-06-27T11:37:00+05:30,5166.0,5167.0,5164.6,5167.0,325
2025-06-27T11:38:00+05:30,5167.0,5167.0,5165.1,5165.1,122
2025-06-27T11:39:00+05:30,5166.0,5169.0,5165.1,5167.9,191
2025-06-27T11:40:00+05:30,5168.9,5173.1,5168.9,5170.0,2937
2025-06-27T11:41:00+05:30,5170.0,5175.0,5169.9,5175.0,1193
2025-06-27T11:42:00+05:30,5174.5,5177.0,5174.5,5177.0,545
2025-06-27T11:43:00+05:30,5177.0,5177.0,5172.5,5172.5,577
2025-06-27T11:44:00+05:30,5175.0,5175.0,5171.0,5172.9,354
2025-06-27T11:45:00+05:30,5173.0,5175.0,5171.3,5174.5,603
2025-06-27T11:46:00+05:30,5174.7,5177.0,5172.7,5177.0,311
2025-06-27T11:47:00+05:30,5176.2,5178.1,5175.4,5177.8,463
2025-06-27T11:48:00+05:30,5179.0,5179.8,5178.0,5179.8,414
2025-06-27T11:49:00+05:30,5179.8,5179.8,5175.0,5175.6,1762
2025-06-27T11:50:00+05:30,5175.8,5178.9,5174.2,5178.8,1287
2025-06-27T11:51:00+05:30,5178.2,5178.2,5173.2,5175.5,1312
2025-06-27T11:52:00+05:30,5173.7,5177.3,5173.4,5175.0,430
2025-06-27T11:53:00+05:30,5176.9,5177.0,5174.4,5174.4,509
2025-06-27T11:54:00+05:30,5176.0,5176.0,5175.4,5175.6,143
2025-06-27T11:55:00+05:30,5175.5,5176.4,5173.7,5175.1,1040
2025-06-27T11:56:00+05:30,5176.0,5177.0,5175.9,5177.0,99
2025-06-27T11:57:00+05:30,5177.0,5177.0,5175.0,5175.6,126
2025-06-27T11:58:00+05:30,5176.0,5176.8,5174.6,5175.1,802
2025-06-27T11:59:00+05:30,5175.4,5175.6,5173.3,5175.6,1708
2025-06-27T12:00:00+05:30,5175.6,5175.7,5174.6,5175.6,120
2025-06-27T12:01:00+05:30,5175.6,5177.6,5174.3,5176.1,735
2025-06-27T12:02:00+05:30,5177.0,5179.0,5175.0,5177.8,456
2025-06-27T12:03:00+05:30,5179.5,5179.5,5175.0,5176.4,3208
2025-06-27T12:04:00+05:30,5175.7,5176.4,5174.4,5175.0,436
2025-06-27T12:05:00+05:30,5175.0,5176.9,5155.7,5159.0,17651
2025-06-27T12:06:00+05:30,5159.0,5159.0,5151.0,5155.0,885
2025-06-27T12:07:00+05:30,5155.0,5155.0,5147.5,5148.2,658
2025-06-27T12:08:00+05:30,5149.6,5149.7,5148.1,5149.7,219
2025-06-27T12:09:00+05:30,5149.7,5149.7,5132.4,5137.6,2251
2025-06-27T12:10:00+05:30,5139.5,5144.7,5137.7,5143.2,519
2025-06-27T12:11:00+05:30,5142.8,5142.8,5138.8,5138.8,482
2025-06-27T12:12:00+05:30,5138.4,5138.8,5135.2,5138.0,384
2025-06-27T12:13:00+05:30,5138.0,5138.8,5133.0,5136.1,690
2025-06-27T12:14:00+05:30,5135.2,5137.5,5134.7,5135.9,188
2025-06-27T12:15:00+05:30,5135.8,5135.9,5135.2,5135.4,122
2025-06-27T12:16:00+05:30,5135.2,5135.3,5131.0,5133.0,412
2025-06-27T12:17:00+05:30,5132.1,5133.0,5131.2,5133.0,542
2025-06-27T12:18:00+05:30,5133.0,5139.9,5133.0,5139.9,2334
2025-06-27T12:19:00+05:30,5140.0,5141.8,5138.5,5141.5,471
2025-06-27T12:20:00+05:30,5140.1,5142.5,5138.0,5138.7,200
2025-06-27T12:21:00+05:30,5138.7,5142.8,5138.0,5142.8,301
2025-06-27T12:22:00+05:30,5142.6,5146.0,5142.6,5145.7,379
2025-06-27T12:23:00+05:30,5147.0,5147.7,5142.9,5147.3,326
2025-06-27T12:24:00+05:30,5147.2,5149.0,5145.9,5149.0,491
2025-06-27T12:25:00+05:30,5150.0,5154.0,5149.3,5152.5,736
2025-06-27T12:26:00+05:30,5152.5,5155.0,5152.5,5155.0,440
2025-06-27T12:27:00+05:30,5154.9,5159.1,5154.8,5157.0,575
2025-06-27T12:28:00+05:30,5157.0,5162.5,5157.0,5160.8,622
2025-06-27T12:29:00+05:30,5161.1,5162.0,5157.4,5162.0,330
2025-06-27T12:30:00+05:30,5161.8,5163.2,5160.3,5162.0,372
2025-06-27T12:31:00+05:30,5161.9,5162.0,5157.0,5157.0,293
2025-06-27T12:32:00+05:30,5157.5,5157.5,5154.3,5156.7,302
2025-06-27T12:33:00+05:30,5156.7,5160.0,5153.7,5159.5,363
2025-06-27T12:34:00+05:30,5159.5,5162.8,5157.5,5160.5,697
2025-06-27T12:35:00+05:30,5160.3,5162.2,5159.7,5162.2,233
2025-06-27T12:36:00+05:30,5162.2,5162.5,5160.2,5162.1,232
2025-06-27T12:37:00+05:30,5163.0,5163.5,5158.4,5160.5,316
2025-06-27T12:38:00+05:30,5160.9,5165.0,5160.5,5164.8,532
2025-06-27T12:39:00+05:30,5164.8,5165.0,5161.5,5163.0,347
2025-06-27T12:40:00+05:30,5164.9,5164.9,5162.9,5163.0,268
2025-06-27T12:41:00+05:30,5162.9,5165.0,5162.0,5163.6,333
2025-06-27T12:42:00+05:30,5163.6,5165.0,5162.4,5164.3,530
2025-06-27T12:43:00+05:30,5164.3,5164.3,5154.8,5154.8,1156
2025-06-27T12:44:00+05:30,5157.1,5157.4,5152.5,5153.2,425
2025-06-27T12:45:00+05:30,5153.2,5158.6,5152.9,5158.4,484
2025-06-27T12:46:00+05:30,5157.9,5159.3,5155.8,5157.5,420
2025-06-27T12:47:00+05:30,5157.7,5158.4,5156.4,5158.4,318
2025-06-27T12:48:00+05:30,5158.9,5160.0,5157.3,5160.0,872
2025-06-27T12:49:00+05:30,5159.5,5159.9,5157.0,5157.1,271
2025-06-27T12:50:00+05:30,5156.7,5159.2,5156.3,5156.7,796
2025-06-27T12:51:00+05:30,5156.5,5159.1,5156.4,5157.9,730
2025-06-27T12:52:00+05:30,5160.0,5160.0,5158.1,5159.0,237
2025-06-27T12:53:00+05:30,5159.0,5159.0,5158.6,5158.9,197
2025-06-27T12:54:00+05:30,5158.9,5159.0,5157.9,5159.0,282
2025-06-27T12:55:00+05:30,5159.0,5160.0,5157.5,5157.6,357
2025-06-27T12:56:00+05:30,5157.6,5159.6,5157.6,5158.0,228
2025-06-27T12:57:00+05:30,5157.2,5158.9,5155.0,5158.7,288
2025-06-27T12:58:00+05:30,5158.7,5158.7,5153.4,5153.6,333
2025-06-27T12:59:00+05:30,5152.5,5154.9,5151.1,5154.0,303
2025-06-27T13:00:00+05:30,5154.0,5156.1,5152.6,5155.9,543
2025-06-27T13:01:00+05:30,5155.9,5156.1,5154.6,5154.6,262
2025-06-27T13:02:00+05:30,5155.8,5155.8,5152.6,5154.9,207
2025-06-27T13:03:00+05:30,5153.6,5154.9,5152.2,5154.2,249
2025-06-27T13:04:00+05:30,5154.0,5155.9,5152.2,5155.5,434
2025-06-27T13:05:00+05:30,5155.5,5161.0,5155.0,5160.0,1929
2025-06-27T13:06:00+05:30,5159.0,5162.1,5158.9,5159.8,1126
2025-06-27T13:07:00+05:30,5160.0,5160.0,5156.0,5160.0,400
2025-06-27T13:08:00+05:30,5160.0,5160.0,5159.3,5160.0,391
2025-06-27T13:09:00+05:30,5160.0,5160.0,5159.5,5159.5,642
2025-06-27T13:10:00+05:30,5158.7,5160.0,5156.6,5157.8,498
2025-06-27T13:11:00+05:30,5159.9,5160.0,5157.8,5160.0,493
2025-06-27T13:12:00+05:30,5160.0,5160.0,5158.2,5160.0,425
2025-06-27T13:13:00+05:30,5160.0,5160.0,5159.4,5159.7,903
2025-06-27T13:14:00+05:30,5159.7,5160.0,5159.4,5160.0,355
2025-06-27T13:15:00+05:30,5160.0,5160.0,5153.1,5157.4,378
2025-06-27T13:16:00+05:30,5158.0,5158.1,5154.5,5155.2,514
2025-06-27T13:17:00+05:30,5157.7,5159.8,5156.7,5159.1,545
2025-06-27T13:18:00+05:30,5159.1,5159.1,5154.2,5154.2,407
2025-06-27T13:19:00+05:30,5152.6,5155.6,5148.6,5154.8,791
2025-06-27T13:20:00+05:30,5155.2,5156.6,5150.5,5155.7,614
2025-06-27T13:21:00+05:30,5155.4,5155.9,5148.9,5152.6,510
2025-06-27T13:22:00+05:30,5152.6,5154.9,5145.9,5154.9,623
2025-06-27T13:23:00+05:30,5154.9,5156.3,5153.2,5156.0,396
2025-06-27T13:24:00+05:30,5155.1,5157.2,5153.2,5155.6,421
2025-06-27T13:25:00+05:30,5155.2,5158.5,5151.8,5157.9,995
2025-06-27T13:26:00+05:30,5157.9,5161.0,5156.2,5160.0,1344
2025-06-27T13:27:00+05:30,5161.0,5161.0,5158.8,5159.5,670
2025-06-27T13:28:00+05:30,5159.5,5160.0,5158.5,5159.7,474
2025-06-27T13:29:00+05:30,5159.7,5160.0,5159.6,5160.0,971
2025-06-27T13:30:00+05:30,5160.0,5160.0,5154.6,5159.5,329
2025-06-27T13:31:00+05:30,5159.0,5159.0,5155.4,5156.8,292
2025-06-27T13:32:00+05:30,5156.6,5157.4,5155.5,5156.3,232
2025-06-27T13:33:00+05:30,5158.9,5159.4,5155.7,5157.2,257
2025-06-27T13:34:00+05:30,5157.3,5157.5,5151.6,5155.3,288
2025-06-27T13:35:00+05:30,5155.6,5155.6,5154.4,5155.6,239
2025-06-27T13:36:00+05:30,5156.0,5157.5,5155.9,5156.7,248
2025-06-27T13:37:00+05:30,5156.7,5159.9,5155.1,5159.6,369
2025-06-27T13:38:00+05:30,5158.2,5159.6,5155.9,5157.9,300
2025-06-27T13:39:00+05:30,5157.9,5160.0,5155.7,5160.0,475
2025-06-27T13:40:00+05:30,5160.0,5160.0,5159.7,5160.0,252
2025-06-27T13:41:00+05:30,5160.0,5160.0,5159.7,5159.8,263
2025-06-27T13:42:00+05:30,5159.8,5160.0,5157.8,5158.8,324
2025-06-27T13:43:00+05:30,5158.8,5160.0,5158.7,5159.9,262
2025-06-27T13:44:00+05:30,5159.9,5160.0,5158.9,5159.0,239
2025-06-27T13:45:00+05:30,5159.0,5160.0,5158.0,5160.0,244
2025-06-27T13:46:00+05:30,5160.0,5164.1,5160.0,5164.1,674
2025-06-27T13:47:00+05:30,5163.6,5163.8,5160.0,5162.6,268
2025-06-27T13:48:00+05:30,5163.0,5164.9,5162.9,5163.9,273
2025-06-27T13:49:00+05:30,5164.9,5169.8,5164.8,5169.8,799
2025-06-27T13:50:00+05:30,5169.8,5170.0,5169.2,5169.6,303
2025-06-27T13:51:00+05:30,5169.6,5170.4,5165.9,5170.3,506
2025-06-27T13:52:00+05:30,5170.3,5170.3,5166.0,5169.8,277
2025-06-27T13:53:00+05:30,5170.0,5170.4,5168.7,5169.8,324
2025-06-27T13:54:00+05:30,5169.8,5169.8,5168.0,5168.8,258
2025-06-27T13:55:00+05:30,5168.8,5170.0,5167.2,5170.0,494
2025-06-27T13:56:00+05:30,5170.0,5170.0,5167.9,5169.5,306
2025-06-27T13:57:00+05:30,5169.0,5169.0,5166.7,5168.0,393
2025-06-27T13:58:00+05:30,5169.0,5169.1,5168.0,5168.5,331
2025-06-27T13:59:00+05:30,5168.5,5169.0,5166.6,5167.9,348
2025-06-27T14:00:00+05:30,5167.9,5167.9,5163.2,5164.8,441
2025-06-27T14:01:00+05:30,5164.2,5164.9,5161.9,5163.0,266
2025-06-27T14:02:00+05:30,5163.0,5163.0,5161.3,5162.5,249
2025-06-27T14:03:00+05:30,5163.0,5165.6,5162.8,5164.5,527
2025-06-27T14:04:00+05:30,5164.6,5164.6,5160.8,5160.8,255
2025-06-27T14:05:00+05:30,5162.6,5163.7,5160.7,5162.5,267
2025-06-27T14:06:00+05:30,5163.4,5164.0,5159.6,5162.7,591
2025-06-27T14:07:00+05:30,5162.7,5162.8,5159.0,5160.8,1119
2025-06-27T14:08:00+05:30,5160.7,5160.8,5158.2,5158.5,237
2025-06-27T14:09:00+05:30,5158.5,5160.0,5158.1,5159.5,280
2025-06-27T14:10:00+05:30,5159.5,5160.0,5156.7,5158.1,438
2025-06-27T14:11:00+05:30,5158.1,5159.6,5157.6,5159.6,246
2025-06-27T14:12:00+05:30,5159.6,5160.0,5157.2,5157.2,333
2025-06-27T14:13:00+05:30,5157.0,5160.0,5156.9,5159.0,274
2025-06-27T14:14:00+05:30,5159.0,5160.0,5156.4,5158.3,295
2025-06-27T14:15:00+05:30,5158.3,5159.9,5156.6,5158.2,259
2025-06-27T14:16:00+05:30,5158.2,5158.2,5155.1,5156.9,331
2025-06-27T14:17:00+05:30,5157.5,5159.1,5153.9,5156.4,726
2025-06-27T14:18:00+05:30,5155.6,5159.2,5155.6,5158.1,245
2025-06-27T14:19:00+05:30,5158.0,5159.4,5154.0,5154.0,262
2025-06-27T14:20:00+05:30,5151.9,5154.9,5147.5,5150.5,581
2025-06-27T14:21:00+05:30,5150.1,5151.6,5147.2,5151.6,566
2025-06-27T14:22:00+05:30,5151.6,5152.9,5149.0,5150.9,457
2025-06-27T14:23:00+05:30,5150.6,5153.3,5150.0,5153.3,301
2025-06-27T14:24:00+05:30,5153.3,5157.4,5153.3,5154.9,247
2025-06-27T14:25:00+05:30,5153.4,5154.9,5151.1,5154.1,376
2025-06-27T14:26:00+05:30,5154.1,5155.8,5153.9,5155.8,265
2025-06-27T14:27:00+05:30,5155.0,5156.6,5154.4,5155.3,273
2025-06-27T14:28:00+05:30,5155.3,5158.1,5154.9,5156.7,285
2025-06-27T14:29:00+05:30,5156.7,5157.5,5151.7,5154.6,313
2025-06-27T14:30:00+05:30,5155.2,5155.2,5152.2,5153.5,283
2025-06-27T14:31:00+05:30,5153.4,5153.5,5152.2,5153.3,289
2025-06-27T14:32:00+05:30,5153.4,5154.4,5151.8,5154.4,290
2025-06-27T14:33:00+05:30,5154.4,5154.7,5149.4,5150.0,415
2025-06-27T14:34:00+05:30,5149.9,5150.0,5146.0,5147.9,594
2025-06-27T14:35:00+05:30,5146.0,5149.9,5146.0,5149.4,254
2025-06-27T14:36:00+05:30,5149.2,5150.0,5148.3,5149.2,293
2025-06-27T14:37:00+05:30,5148.3,5150.0,5148.2,5150.0,351
2025-06-27T14:38:00+05:30,5150.0,5150.0,5148.0,5150.0,396
2025-06-27T14:39:00+05:30,5149.9,5151.8,5148.7,5150.7,688
2025-06-27T14:40:00+05:30,5150.8,5152.5,5150.8,5151.0,1451
2025-06-27T14:41:00+05:30,5150.9,5151.0,5149.8,5151.0,1198
2025-06-27T14:42:00+05:30,5150.8,5151.0,5149.9,5151.0,1664
2025-06-27T14:43:00+05:30,5150.9,5151.0,5149.8,5149.9,1057
2025-06-27T14:44:00+05:30,5149.9,5152.5,5149.8,5152.5,870
2025-06-27T14:45:00+05:30,5152.5,5152.5,5147.2,5150.0,402
2025-06-27T14:46:00+05:30,5149.8,5150.0,5148.6,5149.9,337
2025-06-27T14:47:00+05:30,5149.9,5150.0,5148.5,5149.7,475
2025-06-27T14:48:00+05:30,5149.7,5150.0,5147.7,5150.0,490
2025-06-27T14:49:00+05:30,5149.3,5150.0,5144.2,5147.3,595
2025-06-27T14:50:00+05:30,5145.7,5147.5,5142.4,5146.1,460
2025-06-27T14:51:00+05:30,5144.5,5147.5,5144.5,5145.2,422
2025-06-27T14:52:00+05:30,5145.2,5148.4,5145.1,5145.2,419
2025-06-27T14:53:00+05:30,5145.4,5147.4,5143.0,5143.1,508
2025-06-27T14:54:00+05:30,5143.0,5145.0,5143.0,5143.1,528
2025-06-27T14:55:00+05:30,5143.1,5144.9,5138.6,5140.4,729
2025-06-27T14:56:00+05:30,5140.3,5140.6,5137.7,5137.7,534
2025-06-27T14:57:00+05:30,5137.7,5145.0,5136.0,5144.8,2384
2025-06-27T14:58:00+05:30,5143.9,5145.0,5142.4,5144.6,912
2025-06-27T14:59:00+05:30,5144.8,5149.0,5144.6,5148.9,1264
2025-06-27T15:00:00+05:30,5149.6,5160.0,5145.0,5158.9,7641
2025-06-27T15:01:00+05:30,5157.4,5160.0,5153.3,5155.8,2561
2025-06-27T15:02:00+05:30,5155.8,5156.7,5153.5,5155.8,2125
2025-06-27T15:03:00+05:30,5155.5,5157.0,5150.3,5150.6,3183
2025-06-27T15:04:00+05:30,5150.6,5152.8,5145.0,5146.3,2347
2025-06-27T15:05:00+05:30,5146.3,5150.7,5142.4,5150.3,3152
2025-06-27T15:06:00+05:30,5149.7,5150.2,5145.5,5147.9,2305
2025-06-27T15:07:00+05:30,5147.5,5147.9,5145.0,5146.4,2175
2025-06-27T15:08:00+05:30,5145.7,5146.4,5140.1,5142.2,2612
2025-06-27T15:09:00+05:30,5141.8,5143.2,5137.0,5143.0,2640
2025-06-27T15:10:00+05:30,5143.4,5150.9,5143.1,5149.7,2764
2025-06-27T15:11:00+05:30,5149.3,5152.8,5148.2,5152.7,2442
2025-06-27T15:12:00+05:30,5151.0,5155.0,5148.8,5154.7,2742
2025-06-27T15:13:00+05:30,5154.4,5155.0,5149.3,5150.0,3217
2025-06-27T15:14:00+05:30,5149.8,5152.0,5145.2,5151.0,3434
2025-06-27T15:15:00+05:30,5151.0,5151.9,5147.7,5151.0,3750
2025-06-27T15:16:00+05:30,5150.1,5153.1,5147.7,5151.3,3071
2025-06-27T15:17:00+05:30,5151.3,5152.9,5146.8,5149.6,2951
2025-06-27T15:18:00+05:30,5149.5,5152.4,5146.8,5151.4,3282
2025-06-27T15:19:00+05:30,5151.4,5152.5,5147.0,5148.0,3316
2025-06-27T15:20:00+05:30,5147.9,5148.0,5142.3,5147.0,2971
2025-06-27T15:21:00+05:30,5147.4,5151.5,5147.1,5150.0,2716
2025-06-27T15:22:00+05:30,5148.2,5150.2,5141.0,5142.6,2911
2025-06-27T15:23:00+05:30,5142.9,5145.0,5140.5,5145.0,2082
2025-06-27T15:24:00+05:30,5145.0,5145.0,5140.0,5143.6,2124
2025-06-27T15:25:00+05:30,5141.5,5143.5,5139.9,5142.9,2296
2025-06-27T15:26:00+05:30,5140.4,5143.6,5140.1,5143.6,2667
2025-06-27T15:27:00+05:30,5140.7,5145.0,5140.0,5141.2,2823
2025-06-27T15:28:00+05:30,5141.1,5141.5,5134.9,5141.5,1630
2025-06-27T15:29:00+05:30,5140.7,5145.0,5120.0,5145.0,1160
2025-06-30T09:15:00+05:30,5148.5,5162.0,5147.4,5157.7,1041
2025-06-30T09:16:00+05:30,5157.7,5164.1,5152.9,5158.9,1162
2025-06-30T09:17:00+05:30,5155.9,5164.5,5154.6,5156.0,879
2025-06-30T09:18:00+05:30,5156.5,5165.2,5155.8,5158.4,469
2025-06-30T09:19:00+05:30,5159.8,5166.5,5158.2,5161.3,522
2025-06-30T09:20:00+05:30,5160.3,5160.3,5148.5,5148.7,1007
2025-06-30T09:21:00+05:30,5151.1,5155.5,5150.8,5155.5,690
2025-06-30T09:22:00+05:30,5155.5,5168.0,5154.3,5167.7,417
2025-06-30T09:23:00+05:30,5168.6,5174.2,5163.1,5172.2,422
2025-06-30T09:24:00+05:30,5171.6,5178.0,5168.9,5176.0,1811
2025-06-30T09:25:00+05:30,5173.8,5177.0,5169.1,5171.7,468
2025-06-30T09:26:00+05:30,5171.7,5172.9,5168.5,5168.5,562
2025-06-30T09:27:00+05:30,5169.9,5174.9,5165.6,5173.4,803
2025-06-30T09:28:00+05:30,5171.2,5173.9,5171.0,5173.9,207
2025-06-30T09:29:00+05:30,5174.0,5177.1,5168.0,5169.6,2154
2025-06-30T09:30:00+05:30,5168.0,5174.8,5165.0,5169.5,544
2025-06-30T09:31:00+05:30,5168.7,5174.6,5167.0,5168.7,300
2025-06-30T09:32:00+05:30,5171.4,5176.6,5171.3,5174.7,435
2025-06-30T09:33:00+05:30,5175.0,5175.1,5160.6,5160.7,463
2025-06-30T09:34:00+05:30,5160.6,5163.3,5160.0,5163.3,159
2025-06-30T09:35:00+05:30,5164.9,5170.9,5164.8,5164.8,406
2025-06-30T09:36:00+05:30,5166.2,5166.2,5163.4,5165.1,21
2025-06-30T09:37:00+05:30,5163.0,5172.0,5161.9,5170.3,395
2025-06-30T09:38:00+05:30,5169.1,5175.5,5167.4,5171.4,671
2025-06-30T09:39:00+05:30,5173.0,5176.5,5172.0,5176.2,148
2025-06-30T09:40:00+05:30,5175.4,5179.8,5175.4,5177.9,876
2025-06-30T09:41:00+05:30,5177.6,5198.0,5176.9,5198.0,3982
2025-06-30T09:42:00+05:30,5197.7,5198.5,5184.9,5187.8,1090
2025-06-30T09:43:00+05:30,5187.0,5188.2,5183.5,5183.5,163
2025-06-30T09:44:00+05:30,5183.6,5185.1,5181.0,5182.0,674
2025-06-30T09:45:00+05:30,5181.6,5181.6,5170.1,5177.8,1603
2025-06-30T09:46:00+05:30,5175.9,5182.7,5174.6,5181.6,730
2025-06-30T09:47:00+05:30,5178.9,5181.4,5177.1,5177.1,321
2025-06-30T09:48:00+05:30,5178.3,5178.3,5174.0,5175.8,183
2025-06-30T09:49:00+05:30,5175.8,5175.8,5165.0,5165.0,990
2025-06-30T09:50:00+05:30,5168.0,5173.2,5167.3,5167.3,401
2025-06-30T09:51:00+05:30,5169.3,5170.4,5166.4,5166.4,175
2025-06-30T09:52:00+05:30,5167.6,5167.6,5161.2,5163.7,233
2025-06-30T09:53:00+05:30,5161.6,5164.4,5161.2,5163.5,311
2025-06-30T09:54:00+05:30,5163.6,5167.0,5162.6,5164.9,134
2025-06-30T09:55:00+05:30,5164.9,5168.4,5164.9,5167.9,260
2025-06-30T09:56:00+05:30,5168.2,5172.0,5168.0,5171.9,78
2025-06-30T09:57:00+05:30,5171.7,5171.8,5166.1,5168.9,143
2025-06-30T09:58:00+05:30,5170.1,5171.2,5165.0,5165.0,253
2025-06-30T09:59:00+05:30,5163.8,5164.5,5151.2,5152.9,438
2025-06-30T10:00:00+05:30,5152.9,5155.4,5150.1,5155.4,360
2025-06-30T10:01:00+05:30,5156.4,5156.4,5151.5,5154.3,108
2025-06-30T10:02:00+05:30,5153.1,5156.8,5153.1,5156.2,191
2025-06-30T10:03:00+05:30,5156.0,5159.3,5154.6,5159.3,57
2025-06-30T10:04:00+05:30,5159.0,5160.9,5157.0,5159.0,539
2025-06-30T10:05:00+05:30,5158.9,5165.0,5158.8,5164.9,59
2025-06-30T10:06:00+05:30,5164.4,5164.9,5162.3,5162.3,27
2025-06-30T10:07:00+05:30,5163.2,5164.9,5160.0,5162.6,412
2025-06-30T10:08:00+05:30,5161.6,5163.8,5160.7,5163.0,43
2025-06-30T10:09:00+05:30,5163.2,5163.2,5160.0,5160.6,29
2025-06-30T10:10:00+05:30,5160.0,5163.8,5159.0,5162.2,282
2025-06-30T10:11:00+05:30,5162.2,5162.6,5162.1,5162.6,24
2025-06-30T10:12:00+05:30,5162.7,5165.0,5162.7,5165.0,90
2025-06-30T10:13:00+05:30,5165.2,5166.0,5161.5,5161.5,162
2025-06-30T10:14:00+05:30,5163.5,5163.6,5159.0,5159.0,163
2025-06-30T10:15:00+05:30,5158.9,5159.0,5158.9,5159.0,34
2025-06-30T10:16:00+05:30,5159.0,5159.9,5158.0,5159.9,42
2025-06-30T10:17:00+05:30,5160.0,5162.7,5160.0,5162.7,184
2025-06-30T10:18:00+05:30,5162.6,5166.0,5162.6,5165.0,61
2025-06-30T10:19:00+05:30,5164.1,5164.1,5162.2,5162.5,175
2025-06-30T10:20:00+05:30,5164.7,5166.0,5164.7,5166.0,216
2025-06-30T10:21:00+05:30,5165.5,5165.5,5162.0,5162.0,436
2025-06-30T10:22:00+05:30,5163.0,5164.3,5161.3,5164.0,563
2025-06-30T10:23:00+05:30,5163.7,5163.7,5161.6,5163.1,77
2025-06-30T10:24:00+05:30,5163.1,5163.1,5156.3,5159.7,129
2025-06-30T10:25:00+05:30,5159.4,5159.4,5157.6,5157.8,178
2025-06-30T10:26:00+05:30,5157.4,5170.0,5157.4,5170.0,553
2025-06-30T10:27:00+05:30,5170.0,5173.2,5164.5,5165.5,780
2025-06-30T10:28:00+05:30,5164.0,5168.8,5162.9,5165.0,351
2025-06-30T10:29:00+05:30,5164.1,5164.2,5159.0,5159.0,314
2025-06-30T10:30:00+05:30,5161.0,5163.7,5160.8,5163.5,467
2025-06-30T10:31:00+05:30,5163.0,5163.6,5161.0,5163.0,118
2025-06-30T10:32:00+05:30,5163.1,5163.9,5161.0,5161.7,28
2025-06-30T10:33:00+05:30,5161.7,5170.0,5161.7,5167.0,692
2025-06-30T10:34:00+05:30,5164.6,5185.8,5164.6,5185.0,3416
2025-06-30T10:35:00+05:30,5185.1,5200.0,5184.7,5198.0,3809
2025-06-30T10:36:00+05:30,5199.4,5200.0,5190.0,5190.0,1750
2025-06-30T10:37:00+05:30,5191.1,5195.3,5185.7,5191.0,1143
2025-06-30T10:38:00+05:30,5192.5,5192.5,5187.5,5189.3,361
2025-06-30T10:39:00+05:30,5189.3,5190.0,5186.5,5186.5,463
2025-06-30T10:40:00+05:30,5186.5,5186.5,5183.9,5183.9,162
2025-06-30T10:41:00+05:30,5183.1,5185.1,5181.2,5185.1,192
2025-06-30T10:42:00+05:30,5186.4,5188.0,5185.0,5186.1,190
2025-06-30T10:43:00+05:30,5187.1,5188.0,5182.0,5183.8,212
2025-06-30T10:44:00+05:30,5182.6,5183.9,5181.6,5183.9,60
2025-06-30T10:45:00+05:30,5184.0,5185.0,5182.2,5184.2,40
2025-06-30T10:46:00+05:30,5183.9,5184.0,5182.7,5184.0,50
2025-06-30T10:47:00+05:30,5184.0,5185.5,5182.5,5185.5,264
2025-06-30T10:48:00+05:30,5187.0,5188.0,5182.7,5184.1,205
2025-06-30T10:49:00+05:30,5184.0,5184.2,5182.0,5182.0,277
2025-06-30T10:50:00+05:30,5181.8,5181.9,5177.4,5177.4,384
2025-06-30T10:51:00+05:30,5174.5,5177.8,5172.0,5177.8,541
2025-06-30T10:52:00+05:30,5180.4,5180.4,5177.1,5179.9,803
2025-06-30T10:53:00+05:30,5180.5,5200.0,5180.5,5198.4,2779
2025-06-30T10:54:00+05:30,5199.1,5199.8,5194.6,5196.0,604
2025-06-30T10:55:00+05:30,5196.5,5200.1,5194.7,5194.7,1404
2025-06-30T10:56:00+05:30,5196.0,5198.5,5194.6,5194.6,396
2025-06-30T10:57:00+05:30,5195.6,5199.2,5191.8,5195.4,644
2025-06-30T10:58:00+05:30,5197.7,5200.0,5195.9,5198.3,275
2025-06-30T10:59:00+05:30,5197.4,5205.0,5196.1,5205.0,1566
2025-06-30T11:00:00+05:30,5206.0,5215.0,5201.3,5214.0,4930
2025-06-30T11:01:00+05:30,5215.0,5218.6,5212.5,5212.5,2200
2025-06-30T11:02:00+05:30,5214.0,5215.0,5206.0,5211.4,4230
2025-06-30T11:03:00+05:30,5211.0,5211.7,5207.1,5208.2,827
2025-06-30T11:04:00+05:30,5209.6,5209.7,5205.0,5206.5,816
2025-06-30T11:05:00+05:30,5205.3,5205.3,5201.1,5203.0,599
2025-06-30T11:06:00+05:30,5203.4,5207.0,5202.9,5205.0,2039
2025-06-30T11:07:00+05:30,5204.4,5204.9,5202.5,5202.5,361
2025-06-30T11:08:00+05:30,5202.8,5202.8,5198.0,5198.0,1063
2025-06-30T11:09:00+05:30,5200.7,5202.9,5198.7,5202.9,195
2025-06-30T11:10:00+05:30,5203.0,5203.9,5201.9,5202.1,76
2025-06-30T11:11:00+05:30,5204.0,5204.0,5202.0,5202.0,211
2025-06-30T11:12:00+05:30,5202.0,5202.3,5200.3,5200.3,80
2025-06-30T11:13:00+05:30,5201.0,5201.7,5197.8,5197.8,524
2025-06-30T11:14:00+05:30,5198.4,5199.4,5196.0,5196.0,273
2025-06-30T11:15:00+05:30,5196.0,5199.7,5194.1,5197.4,841
2025-06-30T11:16:00+05:30,5195.5,5197.4,5195.0,5195.0,226
2025-06-30T11:17:00+05:30,5195.2,5195.2,5193.0,5193.0,257
2025-06-30T11:18:00+05:30,5192.9,5194.6,5192.5,5192.5,77
2025-06-30T11:19:00+05:30,5192.7,5193.0,5190.6,5190.7,248
2025-06-30T11:20:00+05:30,5190.8,5195.8,5190.7,5195.8,210
2025-06-30T11:21:00+05:30,5196.4,5196.9,5195.0,5196.9,205
2025-06-30T11:22:00+05:30,5196.9,5199.9,5196.9,5199.9,78
2025-06-30T11:23:00+05:30,5199.9,5200.0,5197.6,5198.1,187
2025-06-30T11:24:00+05:30,5198.1,5200.0,5198.1,5199.9,212
2025-06-30T11:25:00+05:30,5199.9,5205.0,5198.9,5202.8,1673
2025-06-30T11:26:00+05:30,5201.5,5202.8,5198.0,5201.8,1006
2025-06-30T11:27:00+05:30,5202.6,5203.9,5200.0,5200.0,203
2025-06-30T11:28:00+05:30,5201.8,5203.5,5200.0,5202.1,710
2025-06-30T11:29:00+05:30,5202.5,5204.2,5201.3,5202.9,341
2025-06-30T11:30:00+05:30,5202.9,5202.9,5200.8,5200.9,60
2025-06-30T11:31:00+05:30,5201.7,5203.0,5200.0,5203.0,447
2025-06-30T11:32:00+05:30,5203.0,5205.3,5201.8,5202.0,486
2025-06-30T11:33:00+05:30,5204.4,5204.6,5202.1,5204.6,68
2025-06-30T11:34:00+05:30,5204.0,5204.0,5202.0,5202.1,207
2025-06-30T11:35:00+05:30,5203.9,5203.9,5200.6,5200.8,49
2025-06-30T11:36:00+05:30,5203.0,5205.6,5200.9,5203.0,252
2025-06-30T11:37:00+05:30,5202.3,5202.3,5198.6,5198.6,211
2025-06-30T11:38:00+05:30,5199.4,5204.5,5198.5,5204.5,436
2025-06-30T11:39:00+05:30,5204.5,5205.5,5204.5,5205.0,502
2025-06-30T11:40:00+05:30,5204.3,5204.3,5203.4,5204.0,31
2025-06-30T11:41:00+05:30,5203.8,5208.7,5202.6,5208.7,571
2025-06-30T11:42:00+05:30,5208.8,5209.1,5203.3,5204.9,308
2025-06-30T11:43:00+05:30,5205.0,5205.1,5201.6,5201.6,32
2025-06-30T11:44:00+05:30,5204.3,5207.3,5204.3,5207.3,27
2025-06-30T11:45:00+05:30,5205.0,5205.7,5202.9,5204.0,125
2025-06-30T11:46:00+05:30,5204.0,5204.8,5200.0,5204.8,732
2025-06-30T11:47:00+05:30,5205.4,5205.4,5203.0,5203.0,266
2025-06-30T11:48:00+05:30,5203.7,5204.4,5201.2,5204.4,263
2025-06-30T11:49:00+05:30,5204.9,5205.0,5197.6,5198.1,840
2025-06-30T11:50:00+05:30,5200.5,5201.8,5198.3,5201.8,121
2025-06-30T11:51:00+05:30,5201.1,5201.1,5194.9,5195.8,616
2025-06-30T11:52:00+05:30,5196.6,5198.9,5195.9,5198.7,88
2025-06-30T11:53:00+05:30,5199.0,5199.2,5198.1,5198.1,30
2025-06-30T11:54:00+05:30,5199.5,5205.0,5198.0,5204.6,470
2025-06-30T11:55:00+05:30,5204.4,5204.4,5202.5,5204.1,23
2025-06-30T11:56:00+05:30,5203.5,5204.3,5201.7,5201.7,332
2025-06-30T11:57:00+05:30,5200.1,5202.1,5200.0,5202.1,28
2025-06-30T11:58:00+05:30,5201.6,5202.8,5201.6,5202.7,17
2025-06-30T11:59:00+05:30,5200.7,5202.4,5200.7,5202.4,126
2025-06-30T12:00:00+05:30,5200.9,5203.0,5200.9,5203.0,75
2025-06-30T12:01:00+05:30,5203.0,5209.7,5203.0,5206.0,923
2025-06-30T12:02:00+05:30,5206.5,5207.0,5201.7,5201.7,73
2025-06-30T12:03:00+05:30,5202.5,5208.1,5201.8,5206.0,343
2025-06-30T12:04:00+05:30,5206.7,5206.7,5200.5,5200.5,559
2025-06-30T12:05:00+05:30,5203.0,5203.3,5201.3,5202.9,189
2025-06-30T12:06:00+05:30,5203.0,5205.4,5202.9,5204.9,306
2025-06-30T12:07:00+05:30,5202.3,5204.5,5202.2,5202.3,204
2025-06-30T12:08:00+05:30,5204.0,5204.2,5202.5,5204.2,140
2025-06-30T12:09:00+05:30,5204.0,5206.0,5204.0,5206.0,551
2025-06-30T12:10:00+05:30,5206.0,5208.1,5205.2,5205.2,508
2025-06-30T12:11:00+05:30,5206.5,5208.0,5205.5,5206.1,29
2025-06-30T12:12:00+05:30,5207.9,5209.8,5206.9,5209.8,195
2025-06-30T12:13:00+05:30,5209.7,5213.4,5208.7,5213.1,623
2025-06-30T12:14:00+05:30,5212.0,5212.4,5211.0,5212.3,68
2025-06-30T12:15:00+05:30,5212.4,5213.7,5211.1,5213.7,68
2025-06-30T12:16:00+05:30,5213.8,5219.8,5213.8,5218.5,1268
2025-06-30T12:17:00+05:30,5218.0,5218.0,5215.4,5217.6,305
2025-06-30T12:18:00+05:30,5217.9,5219.6,5216.5,5217.8,655
2025-06-30T12:19:00+05:30,5219.0,5219.0,5216.0,5216.5,291
2025-06-30T12:20:00+05:30,5216.6,5216.6,5213.7,5213.7,438
2025-06-30T12:21:00+05:30,5213.5,5215.0,5211.4,5211.9,1560
2025-06-30T12:22:00+05:30,5211.0,5211.0,5208.2,5208.2,34
2025-06-30T12:23:00+05:30,5209.0,5209.0,5206.0,5206.0,373
2025-06-30T12:24:00+05:30,5206.0,5207.7,5203.1,5203.1,225
2025-06-30T12:25:00+05:30,5204.9,5207.8,5203.1,5207.8,55
2025-06-30T12:26:00+05:30,5207.8,5208.8,5206.0,5206.0,226
2025-06-30T12:27:00+05:30,5208.0,5208.0,5203.0,5203.0,138
2025-06-30T12:28:00+05:30,5204.1,5206.8,5200.3,5206.8,555
2025-06-30T12:29:00+05:30,5206.2,5206.2,5202.5,5204.8,123
2025-06-30T12:30:00+05:30,5204.5,5205.0,5203.2,5203.2,104
2025-06-30T12:31:00+05:30,5205.4,5205.4,5202.6,5202.6,28
2025-06-30T12:32:00+05:30,5204.5,5206.5,5202.5,5202.6,151
2025-06-30T12:33:00+05:30,5202.6,5202.6,5202.0,5202.0,260
2025-06-30T12:34:00+05:30,5202.0,5204.4,5200.6,5203.1,343
2025-06-30T12:35:00+05:30,5203.6,5204.5,5201.6,5204.3,212
2025-06-30T12:36:00+05:30,5204.5,5204.5,5201.9,5201.9,8
2025-06-30T12:37:00+05:30,5201.9,5202.7,5200.1,5202.7,198
2025-06-30T12:38:00+05:30,5201.4,5202.2,5198.5,5198.5,258
2025-06-30T12:39:00+05:30,5199.2,5200.0,5197.9,5197.9,49
2025-06-30T12:40:00+05:30,5197.9,5198.0,5195.8,5198.0,156
2025-06-30T12:41:00+05:30,5198.5,5198.5,5197.0,5198.0,32
2025-06-30T12:42:00+05:30,5198.0,5198.0,5195.8,5195.8,211
2025-06-30T12:43:00+05:30,5195.8,5197.8,5194.0,5195.8,400
2025-06-30T12:44:00+05:30,5196.9,5196.9,5192.6,5193.7,247
2025-06-30T12:45:00+05:30,5194.9,5195.0,5193.6,5195.0,88
2025-06-30T12:46:00+05:30,5195.0,5195.0,5193.6,5193.7,54
2025-06-30T12:47:00+05:30,5194.9,5197.0,5193.7,5195.4,132
2025-06-30T12:48:00+05:30,5197.0,5199.0,5193.7,5196.7,269
2025-06-30T12:49:00+05:30,5195.8,5198.3,5194.8,5197.0,96
2025-06-30T12:50:00+05:30,5198.3,5199.0,5197.0,5197.8,174
2025-06-30T12:51:00+05:30,5197.8,5199.8,5197.8,5199.1,318
2025-06-30T12:52:00+05:30,5199.3,5199.4,5196.5,5198.8,112
2025-06-30T12:53:00+05:30,5197.2,5198.0,5196.6,5196.6,51
2025-06-30T12:54:00+05:30,5195.8,5195.8,5194.0,5194.0,259
2025-06-30T12:55:00+05:30,5194.8,5195.6,5192.4,5192.4,166
2025-06-30T12:56:00+05:30,5191.7,5192.1,5190.0,5190.8,138
2025-06-30T12:57:00+05:30,5190.3,5191.9,5189.0,5189.1,294
2025-06-30T12:58:00+05:30,5191.1,5191.1,5186.6,5189.6,979
2025-06-30T12:59:00+05:30,5189.8,5189.8,5186.0,5186.0,23
2025-06-30T13:00:00+05:30,5186.8,5187.8,5182.1,5182.1,426
2025-06-30T13:01:00+05:30,5180.1,5185.9,5180.1,5184.0,345
2025-06-30T13:02:00+05:30,5183.8,5188.5,5183.6,5188.0,52
2025-06-30T13:03:00+05:30,5187.0,5187.0,5183.6,5183.6,94
2025-06-30T13:04:00+05:30,5185.0,5185.8,5182.5,5185.8,410
2025-06-30T13:05:00+05:30,5187.5,5190.9,5187.5,5187.8,160
2025-06-30T13:06:00+05:30,5187.6,5187.8,5185.7,5185.7,21
2025-06-30T13:07:00+05:30,5186.4,5187.8,5186.0,5187.8,18
2025-06-30T13:08:00+05:30,5187.8,5189.0,5186.1,5186.1,80
2025-06-30T13:09:00+05:30,5187.4,5189.1,5186.0,5186.0,12
2025-06-30T13:10:00+05:30,5188.0,5188.0,5186.0,5186.0,65
2025-06-30T13:11:00+05:30,5186.7,5188.8,5185.0,5188.8,29
2025-06-30T13:12:00+05:30,5189.3,5189.3,5186.3,5187.1,57
2025-06-30T13:13:00+05:30,5188.0,5189.6,5186.5,5189.0,111
2025-06-30T13:14:00+05:30,5189.3,5190.0,5188.6,5189.8,181
2025-06-30T13:15:00+05:30,5189.9,5190.0,5187.0,5188.4,66
2025-06-30T13:16:00+05:30,5188.4,5188.5,5183.5,5188.5,393
2025-06-30T13:17:00+05:30,5187.6,5189.3,5185.7,5189.2,169
2025-06-30T13:18:00+05:30,5189.5,5189.5,5186.5,5188.1,37
2025-06-30T13:19:00+05:30,5188.6,5189.5,5188.6,5188.7,21
2025-06-30T13:20:00+05:30,5188.7,5189.5,5188.7,5189.5,37
2025-06-30T13:21:00+05:30,5189.5,5189.6,5186.1,5187.9,108
2025-06-30T13:22:00+05:30,5187.0,5190.7,5186.2,5190.2,139
2025-06-30T13:23:00+05:30,5190.8,5191.0,5188.9,5188.9,29
2025-06-30T13:24:00+05:30,5188.9,5191.7,5188.0,5191.6,38
2025-06-30T13:25:00+05:30,5190.9,5191.7,5188.6,5191.4,428
2025-06-30T13:26:00+05:30,5189.3,5194.0,5188.1,5193.9,153
2025-06-30T13:27:00+05:30,5194.0,5195.8,5193.0,5195.0,239
2025-06-30T13:28:00+05:30,5194.9,5195.1,5194.0,5195.0,66
2025-06-30T13:29:00+05:30,5194.0,5195.7,5191.5,5193.3,384
2025-06-30T13:30:00+05:30,5192.2,5192.2,5190.6,5192.1,88
2025-06-30T13:31:00+05:30,5192.2,5193.4,5190.6,5192.1,151
2025-06-30T13:32:00+05:30,5192.1,5193.3,5190.6,5193.3,58
2025-06-30T13:33:00+05:30,5193.3,5193.5,5193.3,5193.4,21
2025-06-30T13:34:00+05:30,5193.4,5195.0,5193.1,5193.1,146
2025-06-30T13:35:00+05:30,5194.9,5195.7,5193.6,5195.2,158
2025-06-30T13:36:00+05:30,5195.3,5195.6,5195.0,5195.5,24
2025-06-30T13:37:00+05:30,5195.6,5195.6,5190.8,5192.1,125
2025-06-30T13:38:00+05:30,5192.0,5194.3,5191.2,5194.2,63
2025-06-30T13:39:00+05:30,5194.1,5194.1,5192.1,5193.1,31
2025-06-30T13:40:00+05:30,5193.0,5193.0,5192.3,5193.0,33
2025-06-30T13:41:00+05:30,5193.0,5199.2,5193.0,5196.4,564
2025-06-30T13:42:00+05:30,5196.0,5196.6,5194.2,5194.9,113
2025-06-30T13:43:00+05:30,5194.0,5197.0,5193.2,5197.0,39
2025-06-30T13:44:00+05:30,5196.0,5196.0,5191.9,5192.2,135
2025-06-30T13:45:00+05:30,5191.1,5191.1,5185.0,5187.3,2231
2025-06-30T13:46:00+05:30,5187.6,5188.8,5186.0,5186.9,232
2025-06-30T13:47:00+05:30,5187.1,5187.3,5186.7,5187.2,30
2025-06-30T13:48:00+05:30,5187.2,5189.5,5184.5,5185.0,505
2025-06-30T13:49:00+05:30,5184.3,5185.0,5184.0,5185.0,164
2025-06-30T13:50:00+05:30,5184.5,5184.5,5181.0,5181.0,108
2025-06-30T13:51:00+05:30,5180.5,5180.9,5178.0,5179.3,288
2025-06-30T13:52:00+05:30,5179.4,5181.8,5179.2,5180.3,148
2025-06-30T13:53:00+05:30,5179.6,5180.0,5178.0,5179.1,158
2025-06-30T13:54:00+05:30,5179.2,5179.6,5178.0,5179.2,1322
2025-06-30T13:55:00+05:30,5179.0,5179.5,5178.0,5178.0,439
2025-06-30T13:56:00+05:30,5177.7,5178.0,5173.4,5174.3,620
2025-06-30T13:57:00+05:30,5173.7,5178.0,5173.6,5178.0,28
2025-06-30T13:58:00+05:30,5179.2,5179.3,5177.6,5179.3,90
2025-06-30T13:59:00+05:30,5179.1,5179.3,5175.7,5177.6,201
2025-06-30T14:00:00+05:30,5177.6,5181.6,5175.9,5179.0,657
2025-06-30T14:01:00+05:30,5178.9,5179.4,5177.7,5179.3,389
2025-06-30T14:02:00+05:30,5179.3,5179.3,5178.0,5179.2,52
2025-06-30T14:03:00+05:30,5179.2,5179.2,5178.0,5179.2,72
2025-06-30T14:04:00+05:30,5179.1,5179.2,5178.0,5179.2,161
2025-06-30T14:05:00+05:30,5179.2,5179.3,5177.5,5179.2,184
2025-06-30T14:06:00+05:30,5178.5,5179.2,5177.8,5178.0,49
2025-06-30T14:07:00+05:30,5178.0,5179.0,5177.7,5177.9,27
2025-06-30T14:08:00+05:30,5177.9,5185.7,5177.7,5185.5,589
2025-06-30T14:09:00+05:30,5184.5,5184.5,5179.5,5181.5,383
2025-06-30T14:10:00+05:30,5179.7,5182.3,5179.7,5182.3,122
2025-06-30T14:11:00+05:30,5182.2,5182.3,5179.9,5182.1,490
2025-06-30T14:12:00+05:30,5182.2,5183.0,5181.0,5182.0,834
2025-06-30T14:13:00+05:30,5182.0,5189.3,5181.9,5187.9,582
2025-06-30T14:14:00+05:30,5186.9,5187.8,5182.4,5182.4,79
2025-06-30T14:15:00+05:30,5184.0,5185.3,5183.2,5185.3,105
2025-06-30T14:16:00+05:30,5185.7,5185.9,5183.2,5185.8,85
2025-06-30T14:17:00+05:30,5184.7,5187.1,5183.3,5184.2,114
2025-06-30T14:18:00+05:30,5183.7,5184.1,5177.1,5180.2,3033
2025-06-30T14:19:00+05:30,5179.7,5181.4,5176.2,5179.0,585
2025-06-30T14:20:00+05:30,5178.4,5183.8,5176.9,5176.9,729
2025-06-30T14:21:00+05:30,5179.7,5186.0,5178.1,5183.7,537
2025-06-30T14:22:00+05:30,5183.0,5186.0,5182.4,5185.0,283
2025-06-30T14:23:00+05:30,5186.0,5189.6,5185.4,5189.6,177
2025-06-30T14:24:00+05:30,5188.8,5190.3,5187.1,5190.3,230
2025-06-30T14:25:00+05:30,5190.3,5190.5,5186.8,5186.8,377
2025-06-30T14:26:00+05:30,5187.8,5189.0,5184.4,5185.8,317
2025-06-30T14:27:00+05:30,5185.3,5187.4,5181.4,5183.4,234
2025-06-30T14:28:00+05:30,5182.4,5187.7,5178.3,5185.9,562
2025-06-30T14:29:00+05:30,5185.9,5189.7,5185.9,5186.9,581
2025-06-30T14:30:00+05:30,5187.4,5190.0,5186.5,5190.0,331
2025-06-30T14:31:00+05:30,5189.2,5189.2,5185.3,5187.6,444
2025-06-30T14:32:00+05:30,5187.8,5188.6,5184.6,5186.8,268
2025-06-30T14:33:00+05:30,5184.5,5189.6,5184.4,5187.9,264
2025-06-30T14:34:00+05:30,5189.6,5189.6,5187.4,5187.6,206
2025-06-30T14:35:00+05:30,5188.5,5189.1,5184.8,5185.4,471
2025-06-30T14:36:00+05:30,5187.0,5187.8,5183.3,5185.8,87
2025-06-30T14:37:00+05:30,5184.7,5185.2,5180.8,5182.7,475
2025-06-30T14:38:00+05:30,5182.7,5184.6,5179.8,5184.6,90
2025-06-30T14:39:00+05:30,5183.9,5186.1,5183.1,5183.4,226
2025-06-30T14:40:00+05:30,5184.8,5186.1,5182.6,5182.6,146
2025-06-30T14:41:00+05:30,5182.5,5184.4,5181.2,5184.2,512
2025-06-30T14:42:00+05:30,5183.2,5184.4,5181.5,5182.1,111
2025-06-30T14:43:00+05:30,5183.1,5187.0,5182.3,5185.4,123
2025-06-30T14:44:00+05:30,5184.8,5187.0,5183.5,5187.0,108
2025-06-30T14:45:00+05:30,5187.0,5187.4,5182.8,5184.3,468
2025-06-30T14:46:00+05:30,5183.8,5189.0,5182.6,5188.9,354
2025-06-30T14:47:00+05:30,5188.0,5188.9,5185.4,5187.4,190
2025-06-30T14:48:00+05:30,5187.2,5188.7,5186.3,5186.5,182
2025-06-30T14:49:00+05:30,5186.4,5186.6,5185.0,5186.6,132
2025-06-30T14:50:00+05:30,5188.1,5190.1,5187.5,5188.0,341
2025-06-30T14:51:00+05:30,5188.8,5191.0,5188.8,5190.0,500
2025-06-30T14:52:00+05:30,5189.7,5189.9,5185.7,5187.2,237
2025-06-30T14:53:00+05:30,5187.2,5189.0,5185.7,5187.6,906
2025-06-30T14:54:00+05:30,5186.9,5187.9,5186.0,5187.7,117
2025-06-30T14:55:00+05:30,5187.7,5189.7,5186.0,5189.5,751
2025-06-30T14:56:00+05:30,5188.7,5188.7,5186.1,5187.5,136
2025-06-30T14:57:00+05:30,5187.5,5189.0,5186.1,5186.1,317
2025-06-30T14:58:00+05:30,5186.1,5186.2,5181.2,5182.8,366
2025-06-30T14:59:00+05:30,5182.8,5188.8,5182.8,5185.4,750
2025-06-30T15:00:00+05:30,5184.9,5191.8,5184.9,5185.7,4297
2025-06-30T15:01:00+05:30,5185.8,5187.1,5184.2,5185.2,1082
2025-06-30T15:02:00+05:30,5185.3,5189.0,5185.0,5187.0,1534
2025-06-30T15:03:00+05:30,5187.0,5189.0,5186.0,5186.1,1130
2025-06-30T15:04:00+05:30,5186.1,5188.9,5186.1,5188.9,616
2025-06-30T15:05:00+05:30,5188.3,5189.0,5188.3,5188.9,1135
2025-06-30T15:06:00+05:30,5188.9,5188.9,5185.3,5188.0,1714
2025-06-30T15:07:00+05:30,5187.9,5189.0,5187.9,5188.9,1117
2025-06-30T15:08:00+05:30,5188.8,5189.0,5187.2,5187.4,1297
2025-06-30T15:09:00+05:30,5187.4,5188.4,5187.3,5188.3,480
2025-06-30T15:10:00+05:30,5188.3,5188.4,5188.0,5188.3,1578
2025-06-30T15:11:00+05:30,5188.3,5188.8,5184.1,5185.6,1676
2025-06-30T15:12:00+05:30,5186.7,5186.9,5186.3,5186.9,1045
2025-06-30T15:13:00+05:30,5186.8,5186.9,5186.1,5186.1,1056
2025-06-30T15:14:00+05:30,5186.7,5189.9,5186.1,5189.9,2526
2025-06-30T15:15:00+05:30,5189.7,5190.0,5186.9,5190.0,1479
2025-06-30T15:16:00+05:30,5189.5,5190.0,5187.1,5187.4,1694
2025-06-30T15:17:00+05:30,5187.3,5187.3,5185.2,5186.7,1450
2025-06-30T15:18:00+05:30,5186.7,5189.5,5186.6,5189.2,1216
2025-06-30T15:19:00+05:30,5189.2,5190.0,5187.6,5189.6,1619
2025-06-30T15:20:00+05:30,5189.6,5193.8,5189.4,5192.9,2019
2025-06-30T15:21:00+05:30,5192.9,5199.8,5192.5,5197.5,1761
2025-06-30T15:22:00+05:30,5197.5,5199.8,5196.8,5197.2,2998
2025-06-30T15:23:00+05:30,5197.6,5198.3,5193.6,5196.0,1525
2025-06-30T15:24:00+05:30,5196.0,5200.0,5195.8,5200.0,1601
2025-06-30T15:25:00+05:30,5200.0,5200.0,5199.9,5200.0,2743
2025-06-30T15:26:00+05:30,5200.0,5200.0,5199.9,5200.0,2360
2025-06-30T15:27:00+05:30,5200.0,5200.0,5188.1,5199.8,3475
2025-06-30T15:28:00+05:30,5199.8,5200.0,5186.9,5190.0,1436
2025-06-30T15:29:00+05:30,5189.5,5195.0,5182.8,5194.0,448
2025-07-01T09:15:00+05:30,5198.0,5205.0,5184.5,5197.5,1027
2025-07-01T09:16:00+05:30,5195.0,5211.0,5187.5,5211.0,865
2025-07-01T09:17:00+05:30,5207.5,5218.5,5205.0,5214.0,1792
2025-07-01T09:18:00+05:30,5212.0,5218.5,5206.5,5212.0,1552
2025-07-01T09:19:00+05:30,5211.0,5213.0,5205.5,5213.0,1099
2025-07-01T09:20:00+05:30,5210.5,5216.0,5200.0,5204.5,3265
2025-07-01T09:21:00+05:30,5204.5,5219.5,5204.5,5215.5,1225
2025-07-01T09:22:00+05:30,5212.5,5217.0,5208.0,5214.0,673
2025-07-01T09:23:00+05:30,5212.5,5216.5,5210.5,5212.5,503
2025-07-01T09:24:00+05:30,5212.0,5218.5,5210.0,5218.0,823
2025-07-01T09:25:00+05:30,5218.0,5218.0,5210.0,5215.0,662
2025-07-01T09:26:00+05:30,5215.0,5220.0,5210.0,5220.0,827
2025-07-01T09:27:00+05:30,5220.0,5220.0,5206.5,5211.5,789
2025-07-01T09:28:00+05:30,5211.5,5211.5,5203.5,5207.5,204
2025-07-01T09:29:00+05:30,5207.5,5207.5,5190.0,5193.0,779
2025-07-01T09:30:00+05:30,5190.5,5196.5,5188.0,5193.5,235
2025-07-01T09:31:00+05:30,5191.5,5193.5,5183.5,5185.5,683
2025-07-01T09:32:00+05:30,5185.5,5189.0,5181.0,5185.5,255
2025-07-01T09:33:00+05:30,5186.0,5189.5,5184.0,5189.5,234
2025-07-01T09:34:00+05:30,5188.5,5202.0,5188.5,5200.0,697
2025-07-01T09:35:00+05:30,5197.5,5200.0,5196.0,5200.0,550
2025-07-01T09:36:00+05:30,5197.0,5201.5,5195.5,5200.0,660
2025-07-01T09:37:00+05:30,5200.0,5200.0,5192.0,5194.0,274
2025-07-01T09:38:00+05:30,5194.0,5199.5,5192.0,5195.0,307
2025-07-01T09:39:00+05:30,5193.0,5197.5,5187.5,5193.0,969
2025-07-01T09:40:00+05:30,5194.5,5199.0,5192.5,5195.5,501
2025-07-01T09:41:00+05:30,5196.0,5198.0,5192.5,5195.0,311
2025-07-01T09:42:00+05:30,5193.0,5194.0,5190.5,5191.5,264
2025-07-01T09:43:00+05:30,5191.0,5191.0,5185.5,5187.5,106
2025-07-01T09:44:00+05:30,5186.0,5188.5,5182.0,5188.0,500
2025-07-01T09:45:00+05:30,5188.0,5191.5,5183.5,5186.5,177
2025-07-01T09:46:00+05:30,5187.5,5197.5,5186.5,5197.5,312
2025-07-01T09:47:00+05:30,5195.5,5195.5,5190.0,5194.5,710
2025-07-01T09:48:00+05:30,5193.5,5200.0,5193.5,5199.0,102
2025-07-01T09:49:00+05:30,5199.0,5205.5,5196.0,5204.5,283
2025-07-01T09:50:00+05:30,5203.0,5205.5,5199.0,5201.0,386
2025-07-01T09:51:00+05:30,5201.0,5202.0,5197.5,5199.5,804
2025-07-01T09:52:00+05:30,5198.0,5198.0,5193.0,5194.5,185
2025-07-01T09:53:00+05:30,5194.5,5204.5,5194.5,5200.0,530
2025-07-01T09:54:00+05:30,5199.0,5199.0,5194.0,5196.0,223
2025-07-01T09:55:00+05:30,5195.0,5195.0,5190.0,5192.0,162
2025-07-01T09:56:00+05:30,5190.5,5198.0,5190.0,5198.0,116
2025-07-01T09:57:00+05:30,5196.0,5202.5,5193.5,5202.5,125
2025-07-01T09:58:00+05:30,5201.0,5204.0,5200.0,5200.5,137
2025-07-01T09:59:00+05:30,5200.0,5204.0,5198.5,5202.5,244
2025-07-01T10:00:00+05:30,5202.5,5207.0,5199.0,5199.0,436
2025-07-01T10:01:00+05:30,5198.5,5198.5,5195.0,5195.5,130
2025-07-01T10:02:00+05:30,5195.0,5199.0,5195.0,5195.5,428
2025-07-01T10:03:00+05:30,5194.0,5194.5,5187.5,5192.5,496
2025-07-01T10:04:00+05:30,5192.5,5198.0,5191.0,5194.0,146
2025-07-01T10:05:00+05:30,5194.0,5196.5,5192.5,5196.5,148
2025-07-01T10:06:00+05:30,5196.5,5208.0,5195.0,5208.0,252
2025-07-01T10:07:00+05:30,5208.0,5210.0,5206.5,5209.5,538
2025-07-01T10:08:00+05:30,5207.5,5209.5,5201.0,5201.0,86
2025-07-01T10:09:00+05:30,5201.5,5207.5,5200.5,5206.5,239
2025-07-01T10:10:00+05:30,5207.0,5210.0,5206.5,5208.5,452
2025-07-01T10:11:00+05:30,5207.0,5207.5,5201.0,5205.5,242
2025-07-01T10:12:00+05:30,5204.0,5204.0,5201.0,5201.5,41
2025-07-01T10:13:00+05:30,5200.5,5203.0,5196.5,5199.0,291
2025-07-01T10:14:00+05:30,5197.0,5197.5,5192.5,5192.5,187
2025-07-01T10:15:00+05:30,5191.5,5193.5,5190.5,5193.5,150
2025-07-01T10:16:00+05:30,5196.5,5197.5,5194.0,5195.0,60
2025-07-01T10:17:00+05:30,5193.5,5200.0,5193.5,5200.0,184
2025-07-01T10:18:00+05:30,5199.5,5200.0,5195.0,5198.0,206
2025-07-01T10:19:00+05:30,5197.0,5203.0,5197.0,5197.5,215
2025-07-01T10:20:00+05:30,5197.5,5198.5,5196.0,5198.0,145
2025-07-01T10:21:00+05:30,5197.0,5197.0,5194.5,5195.5,58
2025-07-01T10:22:00+05:30,5195.5,5196.5,5195.0,5196.5,84
2025-07-01T10:23:00+05:30,5195.5,5197.5,5194.5,5197.0,85
2025-07-01T10:24:00+05:30,5194.5,5195.5,5192.0,5194.5,292
2025-07-01T10:25:00+05:30,5194.5,5194.5,5187.0,5187.0,307
2025-07-01T10:26:00+05:30,5186.5,5189.0,5186.5,5186.5,130
2025-07-01T10:27:00+05:30,5189.0,5189.0,5186.0,5187.5,353
2025-07-01T10:28:00+05:30,5187.5,5189.5,5187.0,5187.5,103
2025-07-01T10:29:00+05:30,5189.0,5190.5,5183.0,5190.5,352
2025-07-01T10:30:00+05:30,5190.5,5191.0,5188.0,5188.0,111
2025-07-01T10:31:00+05:30,5187.5,5187.5,5184.5,5184.5,153
2025-07-01T10:32:00+05:30,5184.5,5190.0,5183.5,5184.5,222
2025-07-01T10:33:00+05:30,5187.0,5187.0,5183.5,5186.5,241
2025-07-01T10:34:00+05:30,5186.5,5186.5,5182.5,5182.5,113
2025-07-01T10:35:00+05:30,5182.0,5182.5,5178.0,5178.0,411
2025-07-01T10:36:00+05:30,5179.5,5179.5,5174.5,5174.5,509
2025-07-01T10:37:00+05:30,5174.0,5177.5,5170.5,5170.5,540
2025-07-01T10:38:00+05:30,5172.0,5176.5,5171.5,5174.5,483
2025-07-01T10:39:00+05:30,5176.0,5183.0,5176.0,5180.5,413
2025-07-01T10:40:00+05:30,5182.0,5182.5,5176.0,5176.0,295
2025-07-01T10:41:00+05:30,5176.0,5176.5,5176.0,5176.5,176
2025-07-01T10:42:00+05:30,5176.5,5180.5,5176.0,5176.0,315
2025-07-01T10:43:00+05:30,5176.0,5179.0,5173.0,5175.0,992
2025-07-01T10:44:00+05:30,5175.0,5175.5,5170.0,5170.0,537
2025-07-01T10:45:00+05:30,5170.0,5170.0,5161.0,5161.0,2470
2025-07-01T10:46:00+05:30,5161.5,5162.0,5156.0,5156.0,578
2025-07-01T10:47:00+05:30,5157.0,5157.0,5156.0,5156.5,594
2025-07-01T10:48:00+05:30,5156.5,5162.5,5156.0,5160.0,1187
2025-07-01T10:49:00+05:30,5161.0,5161.0,5156.0,5159.0,636
2025-07-01T10:50:00+05:30,5159.0,5159.0,5156.0,5156.5,190
2025-07-01T10:51:00+05:30,5157.0,5159.5,5156.5,5157.5,274
2025-07-01T10:52:00+05:30,5157.0,5157.5,5152.5,5152.5,1028
2025-07-01T10:53:00+05:30,5152.0,5157.0,5152.0,5157.0,520
2025-07-01T10:54:00+05:30,5159.5,5159.5,5157.0,5158.0,129
2025-07-01T10:55:00+05:30,5157.0,5157.5,5152.0,5154.0,102
2025-07-01T10:56:00+05:30,5152.0,5152.5,5150.0,5150.0,349
2025-07-01T10:57:00+05:30,5150.5,5152.5,5146.0,5148.0,851
2025-07-01T10:58:00+05:30,5148.0,5148.0,5146.0,5146.0,338
2025-07-01T10:59:00+05:30,5146.0,5148.0,5146.0,5146.0,211
2025-07-01T11:00:00+05:30,5146.0,5146.0,5142.0,5142.0,474
2025-07-01T11:01:00+05:30,5143.0,5143.0,5137.5,5143.0,1165
2025-07-01T11:02:00+05:30,5143.0,5147.0,5139.0,5139.5,234
2025-07-01T11:03:00+05:30,5139.5,5142.5,5138.5,5142.5,153
2025-07-01T11:04:00+05:30,5142.5,5142.5,5138.0,5139.5,191
2025-07-01T11:05:00+05:30,5140.5,5143.0,5140.5,5143.0,284
2025-07-01T11:06:00+05:30,5142.5,5147.5,5142.5,5146.0,263
2025-07-01T11:07:00+05:30,5146.0,5152.0,5145.0,5145.0,921
2025-07-01T11:08:00+05:30,5145.5,5150.0,5145.5,5146.5,631
2025-07-01T11:09:00+05:30,5146.5,5150.0,5145.5,5146.5,1408
2025-07-01T11:10:00+05:30,5148.0,5148.5,5145.0,5148.0,194
2025-07-01T11:11:00+05:30,5147.5,5147.5,5145.0,5147.5,249
2025-07-01T11:12:00+05:30,5149.5,5150.0,5147.5,5149.0,124
2025-07-01T11:13:00+05:30,5148.0,5149.0,5147.0,5147.5,126
2025-07-01T11:14:00+05:30,5148.0,5148.0,5145.5,5145.5,207
2025-07-01T11:15:00+05:30,5146.0,5146.5,5145.0,5146.0,150
2025-07-01T11:16:00+05:30,5145.0,5146.0,5143.0,5143.0,215
2025-07-01T11:17:00+05:30,5144.0,5145.5,5143.5,5145.5,431
2025-07-01T11:18:00+05:30,5145.5,5150.0,5144.0,5149.5,1220
2025-07-01T11:19:00+05:30,5149.0,5149.0,5143.5,5143.5,212
2025-07-01T11:20:00+05:30,5146.0,5146.0,5142.5,5143.0,141
2025-07-01T11:21:00+05:30,5142.5,5143.0,5142.0,5142.5,111
2025-07-01T11:22:00+05:30,5143.0,5146.5,5141.5,5142.0,371
2025-07-01T11:23:00+05:30,5142.5,5147.5,5142.0,5143.0,161
2025-07-01T11:24:00+05:30,5142.0,5146.0,5141.5,5144.5,402
2025-07-01T11:25:00+05:30,5143.0,5145.5,5141.5,5142.5,114
2025-07-01T11:26:00+05:30,5142.5,5144.0,5141.5,5143.0,225
2025-07-01T11:27:00+05:30,5143.0,5143.0,5140.5,5141.0,180
2025-07-01T11:28:00+05:30,5141.0,5144.5,5141.0,5143.0,210
2025-07-01T11:29:00+05:30,5142.5,5146.0,5142.5,5144.0,257
2025-07-01T11:30:00+05:30,5146.0,5146.0,5142.5,5145.0,343
2025-07-01T11:31:00+05:30,5143.5,5144.5,5140.5,5140.5,84
2025-07-01T11:32:00+05:30,5141.0,5141.0,5137.5,5138.0,467
2025-07-01T11:33:00+05:30,5137.5,5137.5,5132.5,5134.5,287
2025-07-01T11:34:00+05:30,5134.5,5137.5,5132.5,5133.5,740
2025-07-01T11:35:00+05:30,5133.0,5136.5,5131.5,5136.0,441
2025-07-01T11:36:00+05:30,5135.5,5136.5,5133.5,5133.5,246
2025-07-01T11:37:00+05:30,5133.5,5136.5,5133.5,5135.0,152
2025-07-01T11:38:00+05:30,5135.5,5136.5,5133.5,5135.5,230
2025-07-01T11:39:00+05:30,5136.5,5141.5,5135.0,5135.0,752
2025-07-01T11:40:00+05:30,5135.5,5136.5,5133.5,5134.0,479
2025-07-01T11:41:00+05:30,5133.5,5139.5,5133.0,5137.5,309
2025-07-01T11:42:00+05:30,5140.5,5141.5,5137.0,5140.0,358
2025-07-01T11:43:00+05:30,5141.5,5142.0,5140.0,5142.0,111
2025-07-01T11:44:00+05:30,5142.0,5143.0,5140.0,5141.0,194
2025-07-01T11:45:00+05:30,5141.5,5142.0,5141.0,5141.0,99
2025-07-01T11:46:00+05:30,5141.0,5148.0,5140.5,5143.0,596
2025-07-01T11:47:00+05:30,5143.5,5146.0,5140.0,5140.5,431
2025-07-01T11:48:00+05:30,5140.5,5143.0,5140.5,5141.5,87
2025-07-01T11:49:00+05:30,5141.0,5142.0,5141.0,5141.0,143
2025-07-01T11:50:00+05:30,5142.0,5142.5,5140.0,5140.0,230
2025-07-01T11:51:00+05:30,5139.5,5142.5,5136.5,5138.5,393
2025-07-01T11:52:00+05:30,5138.5,5141.0,5137.5,5137.5,63
2025-07-01T11:53:00+05:30,5137.0,5139.5,5136.0,5136.5,464
2025-07-01T11:54:00+05:30,5136.0,5137.0,5135.0,5135.0,89
2025-07-01T11:55:00+05:30,5135.0,5138.0,5134.0,5134.5,99
2025-07-01T11:56:00+05:30,5134.5,5134.5,5131.0,5131.0,137
2025-07-01T11:57:00+05:30,5132.0,5132.5,5129.0,5129.0,282
2025-07-01T11:58:00+05:30,5130.0,5130.0,5128.0,5130.0,305
2025-07-01T11:59:00+05:30,5130.0,5135.5,5130.0,5132.0,188
2025-07-01T12:00:00+05:30,5132.5,5136.0,5131.5,5132.0,133
2025-07-01T12:01:00+05:30,5133.0,5134.0,5132.0,5133.5,134
2025-07-01T12:02:00+05:30,5134.5,5136.0,5132.5,5134.0,170
2025-07-01T12:03:00+05:30,5134.5,5136.5,5132.0,5136.5,681
2025-07-01T12:04:00+05:30,5134.5,5135.0,5132.0,5133.0,309
2025-07-01T12:05:00+05:30,5133.5,5133.5,5127.5,5128.5,403
2025-07-01T12:06:00+05:30,5128.5,5128.5,5123.5,5123.5,323
2025-07-01T12:07:00+05:30,5125.5,5129.0,5123.0,5125.5,576
2025-07-01T12:08:00+05:30,5125.5,5125.5,5123.0,5123.0,232
2025-07-01T12:09:00+05:30,5123.0,5124.5,5123.0,5124.0,198
2025-07-01T12:10:00+05:30,5123.5,5126.0,5123.5,5124.5,242
2025-07-01T12:11:00+05:30,5124.5,5129.5,5122.5,5125.0,526
2025-07-01T12:12:00+05:30,5127.5,5128.0,5125.0,5126.0,104
2025-07-01T12:13:00+05:30,5126.5,5128.5,5125.0,5128.5,174
2025-07-01T12:14:00+05:30,5128.0,5128.5,5125.0,5125.5,147
2025-07-01T12:15:00+05:30,5124.5,5125.5,5123.5,5125.5,376
2025-07-01T12:16:00+05:30,5128.0,5129.5,5125.5,5129.5,307
2025-07-01T12:17:00+05:30,5127.5,5128.5,5126.5,5126.5,119
2025-07-01T12:18:00+05:30,5127.0,5129.5,5126.5,5126.5,303
2025-07-01T12:19:00+05:30,5127.0,5135.5,5126.5,5135.5,428
2025-07-01T12:20:00+05:30,5135.0,5135.0,5133.0,5134.0,360
2025-07-01T12:21:00+05:30,5134.0,5138.0,5133.0,5136.0,341
2025-07-01T12:22:00+05:30,5136.0,5141.0,5136.0,5136.0,741
2025-07-01T12:23:00+05:30,5137.5,5138.5,5136.0,5136.5,218
2025-07-01T12:24:00+05:30,5136.5,5137.0,5136.5,5136.5,162
2025-07-01T12:25:00+05:30,5137.0,5137.0,5135.5,5137.0,136
2025-07-01T12:26:00+05:30,5137.0,5137.0,5133.5,5134.0,241
2025-07-01T12:27:00+05:30,5134.0,5134.0,5130.5,5134.0,395
2025-07-01T12:28:00+05:30,5133.5,5135.0,5130.5,5134.0,245
2025-07-01T12:29:00+05:30,5134.0,5135.5,5132.5,5133.5,270
2025-07-01T12:30:00+05:30,5135.5,5135.5,5133.5,5133.5,132
2025-07-01T12:31:00+05:30,5133.5,5134.5,5130.5,5132.5,221
2025-07-01T12:32:00+05:30,5132.5,5132.5,5128.0,5128.5,307
2025-07-01T12:33:00+05:30,5128.5,5130.5,5127.0,5129.5,404
2025-07-01T12:34:00+05:30,5131.0,5134.0,5128.5,5131.0,367
2025-07-01T12:35:00+05:30,5131.5,5136.0,5131.0,5135.0,450
2025-07-01T12:36:00+05:30,5133.0,5136.0,5132.0,5134.5,548
2025-07-01T12:37:00+05:30,5133.0,5136.0,5131.5,5131.5,203
2025-07-01T12:38:00+05:30,5132.5,5135.0,5129.5,5131.5,405
2025-07-01T12:39:00+05:30,5131.5,5135.5,5131.5,5134.0,254
2025-07-01T12:40:00+05:30,5133.0,5135.5,5133.0,5134.5,194
2025-07-01T12:41:00+05:30,5134.0,5134.5,5132.0,5132.0,174
2025-07-01T12:42:00+05:30,5134.0,5134.0,5131.5,5131.5,134
2025-07-01T12:43:00+05:30,5133.0,5137.0,5132.0,5132.5,459
2025-07-01T12:44:00+05:30,5133.5,5136.0,5130.0,5133.5,537
2025-07-01T12:45:00+05:30,5133.0,5133.5,5129.5,5130.5,154
2025-07-01T12:46:00+05:30,5129.5,5130.5,5126.0,5126.5,696
2025-07-01T12:47:00+05:30,5127.0,5130.0,5125.5,5127.0,198
2025-07-01T12:48:00+05:30,5126.0,5130.0,5126.0,5128.0,177
2025-07-01T12:49:00+05:30,5128.0,5128.0,5127.0,5128.0,184
2025-07-01T12:50:00+05:30,5127.0,5128.0,5125.5,5126.0,221
2025-07-01T12:51:00+05:30,5126.0,5128.5,5126.0,5128.5,232
2025-07-01T12:52:00+05:30,5130.5,5131.5,5127.0,5131.5,493
2025-07-01T12:53:00+05:30,5130.0,5132.0,5126.5,5127.0,133
2025-07-01T12:54:00+05:30,5127.5,5128.0,5125.5,5125.5,186
2025-07-01T12:55:00+05:30,5126.0,5126.0,5125.5,5126.0,137
2025-07-01T12:56:00+05:30,5126.0,5128.0,5126.0,5126.5,223
2025-07-01T12:57:00+05:30,5126.0,5129.5,5125.0,5127.0,491
2025-07-01T12:58:00+05:30,5129.0,5130.0,5126.0,5130.0,551
2025-07-01T12:59:00+05:30,5130.0,5134.5,5127.5,5134.0,464
2025-07-01T13:00:00+05:30,5134.0,5138.5,5132.5,5132.5,955
2025-07-01T13:01:00+05:30,5133.0,5134.0,5132.5,5132.5,201
2025-07-01T13:02:00+05:30,5134.0,5138.0,5133.0,5134.0,308
2025-07-01T13:03:00+05:30,5133.0,5138.0,5132.0,5135.5,575
2025-07-01T13:04:00+05:30,5135.5,5135.5,5127.0,5127.0,235
2025-07-01T13:05:00+05:30,5127.0,5131.5,5126.0,5130.0,458
2025-07-01T13:06:00+05:30,5131.0,5131.0,5125.5,5125.5,218
2025-07-01T13:07:00+05:30,5125.5,5132.5,5124.5,5129.0,402
2025-07-01T13:08:00+05:30,5129.5,5129.5,5125.0,5126.5,129
2025-07-01T13:09:00+05:30,5126.5,5132.5,5126.0,5128.0,351
2025-07-01T13:10:00+05:30,5128.0,5134.5,5128.0,5132.0,236
2025-07-01T13:11:00+05:30,5134.0,5136.0,5130.5,5131.0,460
2025-07-01T13:12:00+05:30,5130.5,5135.0,5128.5,5135.0,350
2025-07-01T13:13:00+05:30,5133.0,5133.0,5127.5,5129.0,116
2025-07-01T13:14:00+05:30,5128.0,5133.5,5127.5,5131.5,263
2025-07-01T13:15:00+05:30,5130.0,5134.0,5129.5,5131.0,337
2025-07-01T13:16:00+05:30,5131.0,5132.5,5127.0,5128.5,334
2025-07-01T13:17:00+05:30,5127.5,5130.0,5127.5,5128.5,146
2025-07-01T13:18:00+05:30,5128.0,5128.5,5124.5,5125.0,847
2025-07-01T13:19:00+05:30,5124.5,5128.0,5124.0,5125.5,279
2025-07-01T13:20:00+05:30,5124.5,5128.5,5123.5,5125.5,482
2025-07-01T13:21:00+05:30,5125.0,5125.0,5124.0,5124.0,165
2025-07-01T13:22:00+05:30,5124.5,5126.0,5123.5,5124.0,239
2025-07-01T13:23:00+05:30,5125.0,5129.0,5125.0,5128.0,474
2025-07-01T13:24:00+05:30,5126.5,5130.0,5126.0,5128.0,109
2025-07-01T13:25:00+05:30,5127.0,5128.0,5125.5,5126.5,60
2025-07-01T13:26:00+05:30,5125.5,5126.0,5124.0,5124.0,264
2025-07-01T13:27:00+05:30,5124.5,5128.0,5124.0,5125.5,465
2025-07-01T13:28:00+05:30,5127.0,5129.0,5125.0,5125.0,162
2025-07-01T13:29:00+05:30,5126.5,5130.0,5125.0,5130.0,287
2025-07-01T13:30:00+05:30,5127.5,5129.5,5127.0,5127.0,133
2025-07-01T13:31:00+05:30,5127.0,5131.5,5127.0,5131.5,360
2025-07-01T13:32:00+05:30,5130.0,5130.0,5127.0,5127.0,224
2025-07-01T13:33:00+05:30,5128.0,5128.0,5125.0,5125.0,122
2025-07-01T13:34:00+05:30,5125.5,5125.5,5125.0,5125.0,70
2025-07-01T13:35:00+05:30,5125.0,5130.0,5125.0,5130.0,425
2025-07-01T13:36:00+05:30,5129.0,5134.0,5127.5,5128.5,548
2025-07-01T13:37:00+05:30,5129.0,5129.0,5127.0,5127.5,92
2025-07-01T13:38:00+05:30,5128.0,5131.5,5128.0,5129.5,175
2025-07-01T13:39:00+05:30,5131.5,5131.5,5128.5,5128.5,39
2025-07-01T13:40:00+05:30,5127.5,5131.5,5127.0,5127.0,372
2025-07-01T13:41:00+05:30,5126.5,5127.5,5125.5,5126.5,88
2025-07-01T13:42:00+05:30,5126.0,5126.0,5124.0,5124.0,99
2025-07-01T13:43:00+05:30,5124.5,5124.5,5123.5,5123.5,101
2025-07-01T13:44:00+05:30,5124.0,5130.0,5124.0,5125.0,2790
2025-07-01T13:45:00+05:30,5125.0,5125.0,5123.0,5123.0,239
2025-07-01T13:46:00+05:30,5122.5,5124.0,5121.5,5122.5,295
2025-07-01T13:47:00+05:30,5121.5,5122.5,5120.0,5120.0,492
2025-07-01T13:48:00+05:30,5120.0,5124.0,5120.0,5120.5,333
2025-07-01T13:49:00+05:30,5120.5,5121.0,5120.0,5120.5,147
2025-07-01T13:50:00+05:30,5122.5,5122.5,5120.5,5120.5,89
2025-07-01T13:51:00+05:30,5121.0,5121.0,5118.5,5119.0,74
2025-07-01T13:52:00+05:30,5118.5,5123.0,5118.5,5120.5,847
2025-07-01T13:53:00+05:30,5122.0,5122.5,5120.5,5121.5,53
2025-07-01T13:54:00+05:30,5121.5,5128.5,5121.0,5123.5,487
2025-07-01T13:55:00+05:30,5126.0,5128.0,5124.5,5126.0,92
2025-07-01T13:56:00+05:30,5124.5,5125.0,5121.0,5121.0,214
2025-07-01T13:57:00+05:30,5123.0,5125.0,5122.5,5125.0,343
2025-07-01T13:58:00+05:30,5123.5,5126.0,5123.0,5125.0,176
2025-07-01T13:59:00+05:30,5124.5,5130.0,5124.0,5127.5,70
2025-07-01T14:00:00+05:30,5126.5,5130.0,5126.5,5130.0,214
2025-07-01T14:01:00+05:30,5130.0,5131.0,5127.5,5127.5,67
2025-07-01T14:02:00+05:30,5126.5,5128.0,5125.5,5128.0,142
2025-07-01T14:03:00+05:30,5126.0,5132.0,5125.0,5127.0,631
2025-07-01T14:04:00+05:30,5127.0,5129.0,5126.5,5128.0,116
2025-07-01T14:05:00+05:30,5129.0,5131.0,5128.0,5131.0,226
2025-07-01T14:06:00+05:30,5130.5,5131.0,5128.5,5131.0,226
2025-07-01T14:07:00+05:30,5130.5,5134.0,5130.0,5132.0,175
2025-07-01T14:08:00+05:30,5133.0,5135.0,5132.5,5134.0,110
2025-07-01T14:09:00+05:30,5135.0,5139.0,5130.5,5133.0,344
2025-07-01T14:10:00+05:30,5133.0,5136.5,5131.0,5136.0,450
2025-07-01T14:11:00+05:30,5136.0,5136.0,5135.0,5135.5,127
2025-07-01T14:12:00+05:30,5136.0,5136.0,5135.0,5135.5,184
2025-07-01T14:13:00+05:30,5135.5,5136.5,5135.0,5136.5,123
2025-07-01T14:14:00+05:30,5137.0,5139.5,5136.5,5139.5,528
2025-07-01T14:15:00+05:30,5139.5,5143.5,5135.0,5135.0,1096
2025-07-01T14:16:00+05:30,5135.0,5136.0,5135.0,5135.0,245
2025-07-01T14:17:00+05:30,5135.5,5135.5,5135.0,5135.0,761
2025-07-01T14:18:00+05:30,5135.5,5135.5,5133.0,5133.0,171
2025-07-01T14:19:00+05:30,5132.5,5132.5,5128.0,5129.0,3163
2025-07-01T14:20:00+05:30,5128.0,5135.0,5128.0,5133.5,640
2025-07-01T14:21:00+05:30,5135.0,5138.0,5132.0,5132.5,339
2025-07-01T14:22:00+05:30,5132.5,5133.5,5132.0,5133.0,191
2025-07-01T14:23:00+05:30,5133.0,5133.5,5130.0,5133.5,261
2025-07-01T14:24:00+05:30,5131.5,5133.5,5130.0,5133.5,181
2025-07-01T14:25:00+05:30,5131.0,5135.0,5131.0,5133.5,156
2025-07-01T14:26:00+05:30,5132.0,5133.5,5131.0,5131.5,153
2025-07-01T14:27:00+05:30,5133.5,5133.5,5131.0,5132.0,122
2025-07-01T14:28:00+05:30,5131.0,5136.0,5129.0,5135.0,306
2025-07-01T14:29:00+05:30,5135.0,5135.0,5130.0,5131.0,163
2025-07-01T14:30:00+05:30,5133.0,5133.5,5131.0,5133.5,117
2025-07-01T14:31:00+05:30,5132.5,5137.0,5132.0,5132.5,150
2025-07-01T14:32:00+05:30,5132.5,5134.0,5132.0,5132.5,233
2025-07-01T14:33:00+05:30,5132.0,5133.0,5129.0,5131.5,364
2025-07-01T14:34:00+05:30,5129.0,5130.0,5129.0,5130.0,181
2025-07-01T14:35:00+05:30,5130.0,5134.0,5130.0,5133.0,244
2025-07-01T14:36:00+05:30,5133.0,5134.0,5130.0,5134.0,253
2025-07-01T14:37:00+05:30,5134.0,5140.0,5134.0,5139.0,371
2025-07-01T14:38:00+05:30,5139.0,5144.0,5138.0,5144.0,548
2025-07-01T14:39:00+05:30,5141.5,5144.0,5139.5,5142.5,599
2025-07-01T14:40:00+05:30,5142.5,5143.0,5139.0,5142.0,225
2025-07-01T14:41:00+05:30,5139.5,5142.0,5138.5,5142.0,260
2025-07-01T14:42:00+05:30,5142.0,5143.5,5138.0,5138.0,387
2025-07-01T14:43:00+05:30,5140.5,5140.5,5133.5,5134.0,208
2025-07-01T14:44:00+05:30,5136.0,5136.0,5131.5,5132.0,148
2025-07-01T14:45:00+05:30,5132.0,5132.5,5130.0,5131.0,171
2025-07-01T14:46:00+05:30,5131.5,5131.5,5130.0,5130.0,170
2025-07-01T14:47:00+05:30,5130.0,5131.0,5128.5,5128.5,107
2025-07-01T14:48:00+05:30,5128.5,5130.0,5128.5,5129.0,113
2025-07-01T14:49:00+05:30,5129.5,5129.5,5129.0,5129.0,61
2025-07-01T14:50:00+05:30,5129.0,5135.5,5128.0,5129.0,594
2025-07-01T14:51:00+05:30,5129.0,5134.5,5129.0,5130.0,447
2025-07-01T14:52:00+05:30,5131.5,5134.5,5129.0,5132.0,816
2025-07-01T14:53:00+05:30,5132.5,5136.0,5132.5,5132.5,334
2025-07-01T14:54:00+05:30,5133.5,5139.0,5133.0,5134.5,539
2025-07-01T14:55:00+05:30,5134.5,5141.0,5134.0,5137.5,1170
2025-07-01T14:56:00+05:30,5136.5,5140.0,5136.0,5137.5,289
2025-07-01T14:57:00+05:30,5137.0,5137.5,5131.5,5134.0,850
2025-07-01T14:58:00+05:30,5134.0,5136.0,5132.0,5134.5,179
2025-07-01T14:59:00+05:30,5134.0,5136.5,5130.0,5133.5,2136
2025-07-01T15:00:00+05:30,5137.0,5138.0,5132.5,5134.0,885
2025-07-01T15:01:00+05:30,5135.5,5141.5,5135.5,5139.5,572
2025-07-01T15:02:00+05:30,5139.5,5150.0,5139.0,5145.5,1300
2025-07-01T15:03:00+05:30,5147.5,5148.0,5142.5,5144.0,1019
2025-07-01T15:04:00+05:30,5145.0,5145.0,5142.0,5142.0,242
2025-07-01T15:05:00+05:30,5143.0,5148.0,5142.0,5143.0,1461
2025-07-01T15:06:00+05:30,5144.5,5147.5,5142.5,5144.5,1544
2025-07-01T15:07:00+05:30,5145.0,5146.0,5142.5,5143.0,686
2025-07-01T15:08:00+05:30,5143.0,5143.0,5141.5,5142.5,443
2025-07-01T15:09:00+05:30,5143.0,5150.5,5141.0,5143.0,2851
2025-07-01T15:10:00+05:30,5143.0,5144.0,5140.5,5140.5,830
2025-07-01T15:11:00+05:30,5141.5,5143.5,5140.5,5142.0,434
2025-07-01T15:12:00+05:30,5143.5,5144.0,5141.5,5142.5,502
2025-07-01T15:13:00+05:30,5142.5,5144.0,5141.0,5142.0,493
2025-07-01T15:14:00+05:30,5142.0,5145.0,5140.5,5140.5,924
2025-07-01T15:15:00+05:30,5141.0,5144.0,5140.0,5140.0,1998
2025-07-01T15:16:00+05:30,5141.5,5141.5,5138.0,5138.0,1982
2025-07-01T15:17:00+05:30,5138.5,5141.5,5137.5,5137.5,2207
2025-07-01T15:18:00+05:30,5138.5,5141.5,5137.0,5138.5,1877
2025-07-01T15:19:00+05:30,5138.5,5148.0,5136.0,5139.0,3587
2025-07-01T15:20:00+05:30,5139.5,5141.5,5136.5,5139.5,2471
2025-07-01T15:21:00+05:30,5139.5,5143.5,5138.0,5142.5,1785
2025-07-01T15:22:00+05:30,5142.5,5142.5,5138.0,5140.5,2094
2025-07-01T15:23:00+05:30,5143.0,5143.5,5139.5,5140.5,2029
2025-07-01T15:24:00+05:30,5141.5,5145.0,5140.5,5141.0,2290
2025-07-01T15:25:00+05:30,5142.5,5149.5,5142.5,5149.0,1581
2025-07-01T15:26:00+05:30,5149.5,5160.0,5148.0,5156.0,1991
2025-07-01T15:27:00+05:30,5158.0,5163.0,5156.5,5156.5,1152
2025-07-01T15:28:00+05:30,5158.0,5160.5,5151.0,5152.0,1036
2025-07-01T15:29:00+05:30,5157.5,5162.0,5152.5,5162.0,707
2025-07-02T09:15:00+05:30,5117.0,5137.0,5107.0,5119.5,6685
2025-07-02T09:16:00+05:30,5120.0,5142.0,5120.0,5139.0,1269
2025-07-02T09:17:00+05:30,5139.0,5142.5,5135.5,5140.5,450
2025-07-02T09:18:00+05:30,5142.0,5149.0,5131.0,5132.0,594
2025-07-02T09:19:00+05:30,5130.5,5134.5,5123.0,5128.0,4676
2025-07-02T09:20:00+05:30,5130.0,5136.0,5125.5,5133.0,1177
2025-07-02T09:21:00+05:30,5134.5,5136.0,5130.0,5131.5,221
2025-07-02T09:22:00+05:30,5131.5,5133.0,5130.0,5130.5,296
2025-07-02T09:23:00+05:30,5130.0,5133.0,5127.0,5127.0,58
2025-07-02T09:24:00+05:30,5129.5,5132.5,5127.0,5130.0,1174
2025-07-02T09:25:00+05:30,5129.5,5133.5,5128.5,5130.5,212
2025-07-02T09:26:00+05:30,5130.5,5131.5,5127.0,5128.0,91
2025-07-02T09:27:00+05:30,5130.0,5130.5,5126.5,5127.0,229
2025-07-02T09:28:00+05:30,5128.0,5128.5,5124.0,5128.5,193
2025-07-02T09:29:00+05:30,5125.5,5129.0,5125.5,5129.0,131
2025-07-02T09:30:00+05:30,5128.5,5131.0,5125.5,5126.0,117
2025-07-02T09:31:00+05:30,5126.0,5126.5,5125.5,5126.0,214
2025-07-02T09:32:00+05:30,5127.5,5131.0,5127.5,5130.0,91
2025-07-02T09:33:00+05:30,5128.0,5130.0,5127.5,5127.5,77
2025-07-02T09:34:00+05:30,5127.5,5131.5,5127.0,5129.0,438
2025-07-02T09:35:00+05:30,5128.0,5130.5,5128.0,5130.0,71
2025-07-02T09:36:00+05:30,5132.0,5132.5,5130.5,5132.5,84
2025-07-02T09:37:00+05:30,5133.0,5134.5,5128.5,5129.0,267
2025-07-02T09:38:00+05:30,5128.5,5130.0,5128.5,5130.0,78
2025-07-02T09:39:00+05:30,5130.0,5130.0,5128.5,5128.5,29
2025-07-02T09:40:00+05:30,5128.0,5128.5,5126.0,5126.5,51
2025-07-02T09:41:00+05:30,5126.5,5127.5,5122.0,5124.5,372
2025-07-02T09:42:00+05:30,5124.5,5127.5,5123.0,5123.5,285
2025-07-02T09:43:00+05:30,5124.0,5125.5,5120.5,5120.5,367
2025-07-02T09:44:00+05:30,5121.5,5121.5,5113.5,5117.0,831
2025-07-02T09:45:00+05:30,5117.5,5117.5,5114.0,5115.0,145
2025-07-02T09:46:00+05:30,5115.0,5119.0,5115.0,5117.0,434
2025-07-02T09:47:00+05:30,5115.0,5116.5,5109.5,5109.5,430
2025-07-02T09:48:00+05:30,5109.5,5110.0,5105.0,5106.5,310
2025-07-02T09:49:00+05:30,5106.5,5119.5,5105.0,5106.0,2144
2025-07-02T09:50:00+05:30,5106.5,5114.5,5105.5,5114.5,651
2025-07-02T09:51:00+05:30,5113.5,5114.5,5112.5,5114.0,18
2025-07-02T09:52:00+05:30,5113.0,5114.0,5108.5,5110.5,376
2025-07-02T09:53:00+05:30,5109.5,5112.5,5109.5,5112.5,155
2025-07-02T09:54:00+05:30,5112.5,5113.0,5108.5,5108.5,480
2025-07-02T09:55:00+05:30,5108.5,5111.0,5108.5,5111.0,287
2025-07-02T09:56:00+05:30,5112.0,5114.0,5111.5,5113.0,29
2025-07-02T09:57:00+05:30,5113.0,5113.0,5109.5,5110.5,138
2025-07-02T09:58:00+05:30,5112.5,5118.0,5111.0,5116.0,135
2025-07-02T09:59:00+05:30,5117.0,5117.5,5114.5,5115.0,49
2025-07-02T10:00:00+05:30,5114.5,5116.0,5110.0,5115.5,203
2025-07-02T10:01:00+05:30,5117.5,5119.5,5115.5,5118.0,144
2025-07-02T10:02:00+05:30,5119.0,5125.0,5119.0,5125.0,263
2025-07-02T10:03:00+05:30,5125.0,5128.5,5125.0,5127.5,311
2025-07-02T10:04:00+05:30,5128.0,5128.5,5123.0,5124.5,351
2025-07-02T10:05:00+05:30,5125.0,5125.0,5123.5,5124.0,599
2025-07-02T10:06:00+05:30,5123.5,5124.0,5117.5,5117.5,585
2025-07-02T10:07:00+05:30,5117.5,5117.5,5114.0,5117.5,198
2025-07-02T10:08:00+05:30,5116.5,5118.5,5114.0,5118.5,74
2025-07-02T10:09:00+05:30,5118.5,5119.0,5114.0,5114.5,231
2025-07-02T10:10:00+05:30,5114.0,5116.0,5112.5,5116.0,245
2025-07-02T10:11:00+05:30,5119.0,5119.5,5108.5,5108.5,1113
2025-07-02T10:12:00+05:30,5109.5,5116.0,5105.5,5113.5,331
2025-07-02T10:13:00+05:30,5112.5,5117.5,5111.0,5117.5,87
2025-07-02T10:14:00+05:30,5116.5,5117.5,5111.0,5113.0,51
2025-07-02T10:15:00+05:30,5112.0,5112.0,5108.0,5109.5,39
2025-07-02T10:16:00+05:30,5109.0,5110.0,5105.0,5106.0,259
2025-07-02T10:17:00+05:30,5106.0,5106.0,5104.0,5106.0,252
2025-07-02T10:18:00+05:30,5107.0,5107.5,5103.0,5103.5,123
2025-07-02T10:19:00+05:30,5104.5,5107.5,5104.5,5107.5,54
2025-07-02T10:20:00+05:30,5107.5,5109.0,5105.5,5109.0,119
2025-07-02T10:21:00+05:30,5108.0,5109.5,5105.5,5108.0,109
2025-07-02T10:22:00+05:30,5112.0,5117.0,5111.5,5111.5,331
2025-07-02T10:23:00+05:30,5114.0,5115.0,5110.0,5113.0,16
2025-07-02T10:24:00+05:30,5113.0,5114.0,5109.5,5111.0,143
2025-07-02T10:25:00+05:30,5111.0,5112.5,5110.0,5110.0,44
2025-07-02T10:26:00+05:30,5111.0,5111.0,5108.5,5108.5,17
2025-07-02T10:27:00+05:30,5110.0,5110.5,5109.0,5109.0,45
2025-07-02T10:28:00+05:30,5109.5,5116.0,5108.5,5111.0,644
2025-07-02T10:29:00+05:30,5111.5,5115.5,5109.0,5115.0,128
2025-07-02T10:30:00+05:30,5114.5,5114.5,5106.5,5107.0,196
2025-07-02T10:31:00+05:30,5108.0,5109.0,5106.0,5106.0,28
2025-07-02T10:32:00+05:30,5108.0,5108.0,5105.5,5106.0,85
2025-07-02T10:33:00+05:30,5106.0,5107.0,5103.5,5105.0,270
2025-07-02T10:34:00+05:30,5105.0,5106.0,5101.0,5101.0,281
2025-07-02T10:35:00+05:30,5101.0,5102.5,5101.0,5102.5,71
2025-07-02T10:36:00+05:30,5101.5,5102.0,5100.0,5102.0,465
2025-07-02T10:37:00+05:30,5100.0,5101.0,5100.0,5100.5,197
2025-07-02T10:38:00+05:30,5100.5,5100.5,5096.0,5096.0,244
2025-07-02T10:39:00+05:30,5095.5,5097.0,5091.0,5094.0,341
2025-07-02T10:40:00+05:30,5093.0,5094.5,5091.0,5092.0,176
2025-07-02T10:41:00+05:30,5092.0,5095.0,5091.0,5092.5,113
2025-07-02T10:42:00+05:30,5094.5,5095.5,5092.5,5095.5,160
2025-07-02T10:43:00+05:30,5095.5,5095.5,5091.5,5092.5,289
2025-07-02T10:44:00+05:30,5093.5,5095.5,5092.5,5095.5,131
2025-07-02T10:45:00+05:30,5095.5,5095.5,5092.5,5092.5,65
2025-07-02T10:46:00+05:30,5094.0,5094.0,5092.5,5092.5,37
2025-07-02T10:47:00+05:30,5093.0,5094.0,5092.5,5092.5,16
2025-07-02T10:48:00+05:30,5094.0,5099.0,5094.0,5096.0,152
2025-07-02T10:49:00+05:30,5097.0,5097.0,5092.5,5094.5,193
2025-07-02T10:50:00+05:30,5093.5,5093.5,5087.5,5087.5,696
2025-07-02T10:51:00+05:30,5088.5,5090.0,5086.5,5088.0,189
2025-07-02T10:52:00+05:30,5088.0,5088.0,5085.5,5087.0,719
2025-07-02T10:53:00+05:30,5086.5,5087.0,5085.5,5085.5,59
2025-07-02T10:54:00+05:30,5086.0,5089.0,5086.0,5087.0,807
2025-07-02T10:55:00+05:30,5088.0,5091.0,5087.5,5089.0,63
2025-07-02T10:56:00+05:30,5090.5,5091.0,5087.5,5090.5,147
2025-07-02T10:57:00+05:30,5092.5,5098.5,5091.5,5098.5,90
2025-07-02T10:58:00+05:30,5099.0,5100.0,5095.0,5095.0,508
2025-07-02T10:59:00+05:30,5098.0,5099.5,5096.0,5099.0,344
2025-07-02T11:00:00+05:30,5099.5,5100.0,5094.5,5098.0,178
2025-07-02T11:01:00+05:30,5097.5,5098.5,5094.5,5097.0,107
2025-07-02T11:02:00+05:30,5097.0,5097.0,5093.5,5095.0,70
2025-07-02T11:03:00+05:30,5095.0,5095.0,5092.0,5093.5,85
2025-07-02T11:04:00+05:30,5093.5,5095.0,5091.5,5095.0,85
2025-07-02T11:05:00+05:30,5095.0,5095.0,5092.5,5095.0,99
2025-07-02T11:06:00+05:30,5095.0,5100.0,5093.5,5099.0,189
2025-07-02T11:07:00+05:30,5099.0,5099.0,5096.0,5097.0,92
2025-07-02T11:08:00+05:30,5097.0,5098.0,5095.5,5097.5,80
2025-07-02T11:09:00+05:30,5097.0,5097.0,5093.5,5096.5,74
2025-07-02T11:10:00+05:30,5096.5,5096.5,5091.5,5092.5,77
2025-07-02T11:11:00+05:30,5092.5,5096.5,5092.5,5096.0,66
2025-07-02T11:12:00+05:30,5096.0,5096.0,5093.0,5095.0,68
2025-07-02T11:13:00+05:30,5093.5,5096.5,5093.0,5095.5,124
2025-07-02T11:14:00+05:30,5096.0,5096.5,5095.0,5096.5,59
2025-07-02T11:15:00+05:30,5096.5,5100.0,5093.0,5093.0,455
2025-07-02T11:16:00+05:30,5094.5,5094.5,5089.0,5090.0,162
2025-07-02T11:17:00+05:30,5089.0,5090.0,5087.5,5088.5,77
2025-07-02T11:18:00+05:30,5087.5,5088.0,5082.0,5082.5,414
2025-07-02T11:19:00+05:30,5083.0,5086.0,5082.5,5086.0,126
2025-07-02T11:20:00+05:30,5086.5,5087.5,5084.5,5086.0,120
2025-07-02T11:21:00+05:30,5087.5,5087.5,5083.5,5086.0,12
2025-07-02T11:22:00+05:30,5086.0,5090.0,5085.5,5088.5,98
2025-07-02T11:23:00+05:30,5090.0,5094.5,5089.0,5093.0,272
2025-07-02T11:24:00+05:30,5093.0,5094.5,5090.0,5090.0,26
2025-07-02T11:25:00+05:30,5090.5,5093.5,5090.0,5090.5,124
2025-07-02T11:26:00+05:30,5090.5,5096.0,5090.5,5092.5,110
2025-07-02T11:27:00+05:30,5094.5,5096.0,5093.0,5094.0,461
2025-07-02T11:28:00+05:30,5094.0,5100.0,5094.0,5097.5,485
2025-07-02T11:29:00+05:30,5097.5,5100.0,5093.0,5093.0,137
2025-07-02T11:30:00+05:30,5094.0,5095.0,5092.5,5094.0,13
2025-07-02T11:31:00+05:30,5093.5,5094.0,5090.5,5090.5,159
2025-07-02T11:32:00+05:30,5091.5,5092.5,5090.5,5090.5,48
2025-07-02T11:33:00+05:30,5091.5,5091.5,5088.5,5089.5,114
2025-07-02T11:34:00+05:30,5089.0,5089.0,5087.0,5087.5,119
2025-07-02T11:35:00+05:30,5087.5,5088.5,5087.0,5087.0,30
2025-07-02T11:36:00+05:30,5088.5,5088.5,5087.0,5088.5,38
2025-07-02T11:37:00+05:30,5088.5,5088.5,5087.0,5087.0,49
2025-07-02T11:38:00+05:30,5088.0,5088.0,5087.0,5088.0,74
2025-07-02T11:39:00+05:30,5087.0,5088.0,5086.0,5088.0,100
2025-07-02T11:40:00+05:30,5086.0,5087.5,5085.0,5087.5,203
2025-07-02T11:41:00+05:30,5087.5,5087.5,5085.0,5086.0,26
2025-07-02T11:42:00+05:30,5086.5,5088.5,5086.5,5087.0,217
2025-07-02T11:43:00+05:30,5087.5,5090.0,5087.0,5089.5,85
2025-07-02T11:44:00+05:30,5090.0,5092.5,5090.0,5092.0,139
2025-07-02T11:45:00+05:30,5091.0,5092.0,5091.0,5092.0,24
2025-07-02T11:46:00+05:30,5092.0,5096.0,5092.0,5094.0,142
2025-07-02T11:47:00+05:30,5095.5,5106.5,5095.5,5105.0,511
2025-07-02T11:48:00+05:30,5107.5,5112.0,5105.0,5105.0,346
2025-07-02T11:49:00+05:30,5108.5,5112.5,5103.0,5103.0,488
2025-07-02T11:50:00+05:30,5104.5,5105.5,5103.0,5105.5,124
2025-07-02T11:51:00+05:30,5106.0,5106.5,5100.0,5101.5,164
2025-07-02T11:52:00+05:30,5100.5,5105.0,5100.5,5101.0,210
2025-07-02T11:53:00+05:30,5101.5,5103.0,5100.0,5103.0,22
2025-07-02T11:54:00+05:30,5103.0,5103.0,5100.0,5100.0,145
2025-07-02T11:55:00+05:30,5102.0,5102.0,5099.5,5100.5,245
2025-07-02T11:56:00+05:30,5099.5,5100.5,5097.5,5097.5,31
2025-07-02T11:57:00+05:30,5100.0,5100.0,5095.5,5095.5,54
2025-07-02T11:58:00+05:30,5096.0,5100.0,5095.5,5097.5,94
2025-07-02T11:59:00+05:30,5097.5,5100.0,5095.5,5097.5,23
2025-07-02T12:00:00+05:30,5097.5,5097.5,5095.0,5095.0,35
2025-07-02T12:01:00+05:30,5094.0,5094.5,5091.0,5091.5,119
2025-07-02T12:02:00+05:30,5092.0,5094.0,5090.5,5092.0,95
2025-07-02T12:03:00+05:30,5093.5,5095.0,5091.5,5094.5,79
2025-07-02T12:04:00+05:30,5096.0,5096.0,5094.0,5096.0,33
2025-07-02T12:05:00+05:30,5095.0,5096.0,5094.0,5096.0,164
2025-07-02T12:06:00+05:30,5097.0,5097.0,5094.0,5094.0,161
2025-07-02T12:07:00+05:30,5095.5,5096.5,5094.0,5096.5,148
2025-07-02T12:08:00+05:30,5095.0,5097.0,5095.0,5096.0,18
2025-07-02T12:09:00+05:30,5096.0,5096.5,5095.0,5095.0,26
2025-07-02T12:10:00+05:30,5096.5,5096.5,5095.0,5095.0,29
2025-07-02T12:11:00+05:30,5095.0,5097.0,5094.0,5095.5,419
2025-07-02T12:12:00+05:30,5096.0,5100.0,5095.0,5100.0,192
2025-07-02T12:13:00+05:30,5100.0,5103.0,5098.0,5103.0,265
2025-07-02T12:14:00+05:30,5101.5,5102.0,5100.0,5102.0,115
2025-07-02T12:15:00+05:30,5100.5,5100.5,5098.5,5100.0,20
2025-07-02T12:16:00+05:30,5098.5,5100.0,5097.5,5100.0,74
2025-07-02T12:17:00+05:30,5098.5,5098.5,5095.0,5095.0,28
2025-07-02T12:18:00+05:30,5096.0,5096.0,5086.0,5087.5,699
2025-07-02T12:19:00+05:30,5091.0,5092.0,5088.0,5090.0,81
2025-07-02T12:20:00+05:30,5090.0,5093.0,5089.5,5089.5,43
2025-07-02T12:21:00+05:30,5090.5,5092.0,5089.0,5092.0,89
2025-07-02T12:22:00+05:30,5091.0,5097.0,5091.0,5095.5,281
2025-07-02T12:23:00+05:30,5096.0,5098.5,5093.5,5098.0,588
2025-07-02T12:24:00+05:30,5098.0,5100.0,5095.0,5099.5,225
2025-07-02T12:25:00+05:30,5099.5,5100.0,5097.5,5099.5,78
2025-07-02T12:26:00+05:30,5097.5,5099.5,5094.5,5094.5,88
2025-07-02T12:27:00+05:30,5096.5,5096.5,5093.0,5094.5,50
2025-07-02T12:28:00+05:30,5093.5,5097.0,5093.0,5096.5,260
2025-07-02T12:29:00+05:30,5095.0,5096.5,5095.0,5096.5,63
2025-07-02T12:30:00+05:30,5095.5,5097.0,5094.5,5096.5,105
2025-07-02T12:31:00+05:30,5096.5,5100.0,5096.5,5100.0,138
2025-07-02T12:32:00+05:30,5099.0,5099.0,5088.0,5088.0,465
2025-07-02T12:33:00+05:30,5089.5,5089.5,5088.0,5089.5,90
2025-07-02T12:34:00+05:30,5090.0,5090.0,5089.5,5090.0,76
2025-07-02T12:35:00+05:30,5089.5,5090.0,5088.0,5088.5,129
2025-07-02T12:36:00+05:30,5088.5,5090.0,5088.0,5088.0,149
2025-07-02T12:37:00+05:30,5089.0,5091.0,5088.0,5090.0,284
2025-07-02T12:38:00+05:30,5088.5,5090.0,5088.0,5090.0,68
2025-07-02T12:39:00+05:30,5089.0,5089.0,5087.0,5088.0,174
2025-07-02T12:40:00+05:30,5087.5,5088.5,5087.0,5087.0,117
2025-07-02T12:41:00+05:30,5087.5,5088.5,5087.0,5088.5,203
2025-07-02T12:42:00+05:30,5087.5,5088.5,5085.5,5085.5,102
2025-07-02T12:43:00+05:30,5087.5,5088.5,5085.5,5088.5,150
2025-07-02T12:44:00+05:30,5088.0,5089.0,5086.5,5089.0,57
2025-07-02T12:45:00+05:30,5088.0,5094.5,5087.0,5090.0,5051
2025-07-02T12:46:00+05:30,5090.0,5090.0,5087.5,5088.5,65
2025-07-02T12:47:00+05:30,5088.5,5088.5,5086.5,5088.0,278
2025-07-02T12:48:00+05:30,5087.0,5088.0,5086.5,5088.0,88
2025-07-02T12:49:00+05:30,5089.5,5089.5,5088.0,5089.5,76
2025-07-02T12:50:00+05:30,5089.5,5089.5,5085.5,5087.0,278
2025-07-02T12:51:00+05:30,5088.5,5090.0,5085.5,5085.5,63
2025-07-02T12:52:00+05:30,5086.5,5088.0,5085.5,5088.0,108
2025-07-02T12:53:00+05:30,5088.0,5088.0,5085.5,5087.5,95
2025-07-02T12:54:00+05:30,5088.0,5088.0,5085.0,5086.5,121
2025-07-02T12:55:00+05:30,5088.0,5090.0,5085.0,5088.5,430
2025-07-02T12:56:00+05:30,5088.5,5090.0,5086.0,5086.5,88
2025-07-02T12:57:00+05:30,5087.0,5090.0,5085.5,5085.5,227
2025-07-02T12:58:00+05:30,5088.0,5088.0,5085.0,5085.0,78
2025-07-02T12:59:00+05:30,5086.0,5086.0,5082.0,5082.0,250
2025-07-02T13:00:00+05:30,5082.5,5083.0,5080.0,5080.0,292
2025-07-02T13:01:00+05:30,5080.5,5082.5,5080.0,5081.5,88
2025-07-02T13:02:00+05:30,5081.5,5082.0,5080.0,5080.5,122
2025-07-02T13:03:00+05:30,5082.0,5082.0,5080.5,5080.5,69
2025-07-02T13:04:00+05:30,5081.0,5082.0,5080.5,5080.5,104
2025-07-02T13:05:00+05:30,5081.0,5081.0,5075.5,5078.5,1390
2025-07-02T13:06:00+05:30,5078.0,5081.5,5078.0,5078.0,190
2025-07-02T13:07:00+05:30,5079.5,5082.0,5079.5,5080.5,103
2025-07-02T13:08:00+05:30,5082.5,5082.5,5080.0,5080.0,68
2025-07-02T13:09:00+05:30,5081.0,5082.5,5080.0,5080.0,66
2025-07-02T13:10:00+05:30,5082.0,5089.0,5080.0,5081.0,297
2025-07-02T13:11:00+05:30,5082.0,5083.0,5080.0,5080.0,122
2025-07-02T13:12:00+05:30,5081.0,5082.0,5077.5,5079.5,225
2025-07-02T13:13:00+05:30,5077.5,5078.5,5075.5,5076.0,153
2025-07-02T13:14:00+05:30,5077.5,5077.5,5067.5,5068.5,554
2025-07-02T13:15:00+05:30,5068.5,5069.0,5061.0,5062.5,313
2025-07-02T13:16:00+05:30,5065.5,5067.5,5064.0,5065.0,151
2025-07-02T13:17:00+05:30,5065.5,5065.5,5061.5,5065.5,549
2025-07-02T13:18:00+05:30,5065.5,5067.5,5063.5,5063.5,129
2025-07-02T13:19:00+05:30,5066.5,5066.5,5064.0,5064.0,127
2025-07-02T13:20:00+05:30,5065.0,5067.0,5063.5,5065.5,113
2025-07-02T13:21:00+05:30,5067.5,5067.5,5063.0,5065.5,168
2025-07-02T13:22:00+05:30,5064.5,5066.0,5063.5,5063.5,81
2025-07-02T13:23:00+05:30,5065.0,5067.0,5061.0,5062.0,238
2025-07-02T13:24:00+05:30,5061.0,5066.5,5061.0,5062.0,154
2025-07-02T13:25:00+05:30,5063.5,5067.5,5061.0,5061.0,834
2025-07-02T13:26:00+05:30,5062.0,5063.5,5054.5,5057.5,756
2025-07-02T13:27:00+05:30,5059.5,5060.0,5052.5,5053.0,133
2025-07-02T13:28:00+05:30,5055.0,5058.5,5054.5,5054.5,123
2025-07-02T13:29:00+05:30,5056.5,5058.0,5053.5,5053.5,101
2025-07-02T13:30:00+05:30,5056.0,5056.0,5049.5,5051.5,1566
2025-07-02T13:31:00+05:30,5052.5,5053.5,5049.5,5051.5,117
2025-07-02T13:32:00+05:30,5054.0,5058.5,5051.5,5056.5,113
2025-07-02T13:33:00+05:30,5057.5,5059.5,5054.5,5054.5,272
2025-07-02T13:34:00+05:30,5056.5,5060.5,5055.5,5058.5,68
2025-07-02T13:35:00+05:30,5060.5,5063.0,5057.5,5057.5,166
2025-07-02T13:36:00+05:30,5060.0,5060.0,5053.5,5055.0,119
2025-07-02T13:37:00+05:30,5056.5,5057.0,5054.5,5056.5,72
2025-07-02T13:38:00+05:30,5056.5,5059.5,5056.5,5057.0,68
2025-07-02T13:39:00+05:30,5057.5,5058.5,5055.5,5055.5,163
2025-07-02T13:40:00+05:30,5057.0,5062.5,5056.0,5059.0,239
2025-07-02T13:41:00+05:30,5059.5,5060.5,5056.5,5056.5,65
2025-07-02T13:42:00+05:30,5058.5,5058.5,5052.5,5054.0,195
2025-07-02T13:43:00+05:30,5054.0,5054.5,5051.5,5051.5,79
2025-07-02T13:44:00+05:30,5054.5,5057.0,5051.5,5053.0,610
2025-07-02T13:45:00+05:30,5055.0,5056.5,5051.0,5053.5,170
2025-07-02T13:46:00+05:30,5055.0,5055.0,5046.5,5046.5,549
2025-07-02T13:47:00+05:30,5049.0,5049.0,5043.5,5046.0,271
2025-07-02T13:48:00+05:30,5046.0,5046.0,5043.5,5044.5,74
2025-07-02T13:49:00+05:30,5046.0,5049.0,5046.0,5049.0,261
2025-07-02T13:50:00+05:30,5049.0,5054.5,5049.0,5051.0,135
2025-07-02T13:51:00+05:30,5053.5,5056.0,5050.5,5052.5,177
2025-07-02T13:52:00+05:30,5054.5,5055.5,5052.0,5055.0,63
2025-07-02T13:53:00+05:30,5055.0,5056.5,5052.5,5053.5,264
2025-07-02T13:54:00+05:30,5056.0,5056.0,5053.0,5053.0,93
2025-07-02T13:55:00+05:30,5053.5,5054.0,5051.0,5051.0,74
2025-07-02T13:56:00+05:30,5052.5,5052.5,5047.0,5050.5,228
2025-07-02T13:57:00+05:30,5052.5,5055.0,5052.5,5052.5,55
2025-07-02T13:58:00+05:30,5053.5,5055.0,5052.5,5055.0,79
2025-07-02T13:59:00+05:30,5055.0,5057.0,5052.5,5057.0,102
2025-07-02T14:00:00+05:30,5057.5,5058.5,5052.5,5054.0,72
2025-07-02T14:01:00+05:30,5054.5,5054.5,5052.5,5052.5,88
2025-07-02T14:02:00+05:30,5054.0,5055.0,5053.0,5053.5,244
2025-07-02T14:03:00+05:30,5055.0,5057.5,5053.5,5056.5,290
2025-07-02T14:04:00+05:30,5059.0,5060.0,5052.5,5052.5,649
2025-07-02T14:05:00+05:30,5052.5,5056.0,5047.0,5049.0,470
2025-07-02T14:06:00+05:30,5050.0,5052.0,5049.0,5051.0,89
2025-07-02T14:07:00+05:30,5051.5,5052.5,5051.0,5052.5,61
2025-07-02T14:08:00+05:30,5054.0,5060.0,5054.0,5058.0,719
2025-07-02T14:09:00+05:30,5058.0,5060.0,5055.5,5056.5,117
2025-07-02T14:10:00+05:30,5058.0,5060.0,5056.0,5059.5,113
2025-07-02T14:11:00+05:30,5060.0,5060.0,5057.0,5060.0,353
2025-07-02T14:12:00+05:30,5060.0,5060.0,5055.0,5055.0,316
2025-07-02T14:13:00+05:30,5056.5,5067.0,5056.0,5056.5,2089
2025-07-02T14:14:00+05:30,5056.5,5056.5,5054.0,5054.5,134
2025-07-02T14:15:00+05:30,5055.0,5056.5,5054.0,5054.5,108
2025-07-02T14:16:00+05:30,5055.5,5058.0,5054.5,5056.0,144
2025-07-02T14:17:00+05:30,5056.5,5058.0,5056.5,5058.0,123
2025-07-02T14:18:00+05:30,5057.0,5058.0,5056.0,5056.0,500
2025-07-02T14:19:00+05:30,5056.0,5058.0,5055.0,5056.0,279
2025-07-02T14:20:00+05:30,5056.0,5059.0,5055.0,5056.0,387
2025-07-02T14:21:00+05:30,5055.5,5056.0,5051.0,5051.5,464
2025-07-02T14:22:00+05:30,5051.5,5055.0,5051.0,5052.0,95
2025-07-02T14:23:00+05:30,5053.0,5053.0,5050.0,5050.0,285
2025-07-02T14:24:00+05:30,5050.5,5052.0,5050.0,5050.5,141
2025-07-02T14:25:00+05:30,5051.0,5052.0,5048.0,5050.0,225
2025-07-02T14:26:00+05:30,5051.0,5052.0,5048.5,5052.0,158
2025-07-02T14:27:00+05:30,5051.5,5053.0,5048.0,5049.5,106
2025-07-02T14:28:00+05:30,5048.5,5050.5,5048.5,5050.5,137
2025-07-02T14:29:00+05:30,5049.5,5055.0,5049.5,5054.0,88
2025-07-02T14:30:00+05:30,5053.0,5054.0,5051.5,5052.0,78
2025-07-02T14:31:00+05:30,5052.5,5057.5,5052.0,5052.0,168
2025-07-02T14:32:00+05:30,5052.5,5056.5,5051.5,5056.0,91
2025-07-02T14:33:00+05:30,5056.0,5056.0,5052.0,5052.5,231
2025-07-02T14:34:00+05:30,5052.5,5055.0,5052.0,5052.0,160
2025-07-02T14:35:00+05:30,5052.0,5052.0,5050.0,5050.0,93
2025-07-02T14:36:00+05:30,5051.0,5055.0,5050.5,5054.0,114
2025-07-02T14:37:00+05:30,5052.5,5054.5,5052.5,5052.5,131
2025-07-02T14:38:00+05:30,5053.5,5054.5,5050.0,5050.0,276
2025-07-02T14:39:00+05:30,5051.5,5053.5,5050.0,5053.0,146
2025-07-02T14:40:00+05:30,5053.5,5054.0,5050.0,5054.0,343
2025-07-02T14:41:00+05:30,5054.0,5054.0,5051.0,5051.0,73
2025-07-02T14:42:00+05:30,5051.5,5053.0,5050.0,5053.0,157
2025-07-02T14:43:00+05:30,5051.0,5052.0,5049.0,5051.5,454
2025-07-02T14:44:00+05:30,5052.0,5053.5,5051.0,5051.5,69
2025-07-02T14:45:00+05:30,5052.5,5055.0,5051.0,5055.0,730
2025-07-02T14:46:00+05:30,5055.0,5057.0,5052.5,5053.5,231
2025-07-02T14:47:00+05:30,5053.5,5055.0,5052.5,5053.5,104
2025-07-02T14:48:00+05:30,5054.5,5057.0,5053.0,5056.0,257
2025-07-02T14:49:00+05:30,5054.5,5056.0,5052.5,5052.5,128
2025-07-02T14:50:00+05:30,5052.5,5054.0,5050.0,5050.0,208
2025-07-02T14:51:00+05:30,5050.5,5052.5,5049.5,5050.5,123
2025-07-02T14:52:00+05:30,5051.5,5052.5,5050.5,5050.5,74
2025-07-02T14:53:00+05:30,5051.5,5052.5,5050.0,5050.0,116
2025-07-02T14:54:00+05:30,5051.0,5053.5,5048.5,5048.5,529
2025-07-02T14:55:00+05:30,5049.0,5050.5,5048.0,5048.0,213
2025-07-02T14:56:00+05:30,5049.0,5052.5,5048.0,5048.5,77
2025-07-02T14:57:00+05:30,5050.0,5052.0,5048.0,5049.0,126
2025-07-02T14:58:00+05:30,5049.0,5052.0,5049.0,5050.0,122
2025-07-02T14:59:00+05:30,5052.0,5056.0,5051.0,5053.5,246
2025-07-02T15:00:00+05:30,5055.5,5063.5,5053.5,5062.5,1216
2025-07-02T15:01:00+05:30,5062.5,5067.5,5062.0,5065.5,1247
2025-07-02T15:02:00+05:30,5066.5,5070.5,5064.0,5070.5,1234
2025-07-02T15:03:00+05:30,5070.5,5070.5,5066.5,5069.0,1069
2025-07-02T15:04:00+05:30,5069.0,5072.5,5068.5,5072.0,799
2025-07-02T15:05:00+05:30,5072.5,5075.0,5071.5,5075.0,504
2025-07-02T15:06:00+05:30,5075.0,5075.0,5073.5,5073.5,779
2025-07-02T15:07:00+05:30,5073.5,5074.5,5072.5,5074.5,831
2025-07-02T15:08:00+05:30,5074.5,5075.0,5074.0,5075.0,529
2025-07-02T15:09:00+05:30,5075.0,5076.0,5073.0,5076.0,784
2025-07-02T15:10:00+05:30,5075.5,5076.5,5072.5,5076.0,922
2025-07-02T15:11:00+05:30,5076.5,5079.5,5076.5,5079.5,807
2025-07-02T15:12:00+05:30,5079.5,5080.0,5076.0,5079.5,1249
2025-07-02T15:13:00+05:30,5079.0,5081.0,5078.5,5079.5,997
2025-07-02T15:14:00+05:30,5080.5,5083.0,5079.5,5080.5,810
2025-07-02T15:15:00+05:30,5083.0,5083.5,5080.0,5082.0,896
2025-07-02T15:16:00+05:30,5080.5,5082.5,5075.0,5076.5,1521
2025-07-02T15:17:00+05:30,5077.0,5079.5,5076.0,5077.0,1077
2025-07-02T15:18:00+05:30,5077.0,5079.0,5075.5,5075.5,2159
2025-07-02T15:19:00+05:30,5076.0,5078.0,5073.5,5074.0,919
2025-07-02T15:20:00+05:30,5075.0,5079.5,5074.5,5076.5,1630
2025-07-02T15:21:00+05:30,5076.5,5079.0,5074.5,5075.5,928
2025-07-02T15:22:00+05:30,5075.5,5077.5,5075.0,5075.5,784
2025-07-02T15:23:00+05:30,5076.5,5076.5,5073.0,5074.5,1561
2025-07-02T15:24:00+05:30,5075.0,5076.5,5075.0,5076.5,1150
2025-07-02T15:25:00+05:30,5076.0,5083.5,5075.5,5081.0,1035
2025-07-02T15:26:00+05:30,5080.5,5084.5,5078.5,5083.0,1505
2025-07-02T15:27:00+05:30,5081.0,5085.5,5076.0,5081.5,1717
2025-07-02T15:28:00+05:30,5085.0,5085.0,5080.0,5081.5,1082
2025-07-02T15:29:00+05:30,5081.5,5085.0,5065.0,5067.0,837
2025-07-03T09:15:00+05:30,5087.0,5100.0,5067.5,5080.0,2090
2025-07-03T09:16:00+05:30,5080.5,5090.5,5080.5,5086.0,687
2025-07-03T09:17:00+05:30,5085.0,5088.5,5085.0,5086.5,211
2025-07-03T09:18:00+05:30,5087.0,5087.0,5073.5,5073.5,1048
2025-07-03T09:19:00+05:30,5072.5,5073.0,5064.0,5066.0,1544
2025-07-03T09:20:00+05:30,5067.5,5085.5,5067.5,5077.0,2162
2025-07-03T09:21:00+05:30,5076.5,5086.0,5066.5,5083.5,1945
2025-07-03T09:22:00+05:30,5082.5,5085.0,5074.5,5077.5,499
2025-07-03T09:23:00+05:30,5075.0,5079.5,5073.5,5073.5,1241
2025-07-03T09:24:00+05:30,5073.0,5075.0,5071.0,5072.5,258
2025-07-03T09:25:00+05:30,5074.5,5079.5,5074.5,5079.5,195
2025-07-03T09:26:00+05:30,5079.5,5079.5,5073.0,5073.0,226
2025-07-03T09:27:00+05:30,5076.5,5087.0,5076.0,5080.5,243
2025-07-03T09:28:00+05:30,5082.5,5084.0,5080.5,5083.0,209
2025-07-03T09:29:00+05:30,5080.5,5082.5,5080.5,5081.0,102
2025-07-03T09:30:00+05:30,5081.0,5083.0,5080.0,5080.0,457
2025-07-03T09:31:00+05:30,5080.0,5084.0,5075.5,5082.5,248
2025-07-03T09:32:00+05:30,5084.0,5094.5,5083.0,5094.5,428
2025-07-03T09:33:00+05:30,5094.0,5094.0,5088.5,5091.0,287
2025-07-03T09:34:00+05:30,5092.0,5092.0,5086.0,5087.5,124
2025-07-03T09:35:00+05:30,5087.5,5089.5,5083.0,5085.0,162
2025-07-03T09:36:00+05:30,5083.5,5087.0,5083.5,5087.0,112
2025-07-03T09:37:00+05:30,5087.0,5087.0,5083.0,5085.0,165
2025-07-03T09:38:00+05:30,5085.0,5088.5,5083.0,5085.0,237
2025-07-03T09:39:00+05:30,5085.0,5086.5,5085.0,5085.0,69
2025-07-03T09:40:00+05:30,5085.0,5085.0,5078.0,5078.5,393
2025-07-03T09:41:00+05:30,5078.5,5084.0,5078.5,5083.5,272
2025-07-03T09:42:00+05:30,5084.0,5084.5,5081.0,5081.0,313
2025-07-03T09:43:00+05:30,5081.0,5083.5,5081.0,5082.5,169
2025-07-03T09:44:00+05:30,5082.5,5104.5,5082.5,5102.5,60816
2025-07-03T09:45:00+05:30,5102.0,5103.5,5096.0,5096.0,285
2025-07-03T09:46:00+05:30,5096.0,5096.0,5092.0,5095.0,163
2025-07-03T09:47:00+05:30,5095.0,5095.0,5093.0,5095.0,116
2025-07-03T09:48:00+05:30,5093.5,5099.0,5093.5,5099.0,145
2025-07-03T09:49:00+05:30,5100.0,5102.0,5094.5,5098.0,649
2025-07-03T09:50:00+05:30,5099.0,5110.5,5099.0,5110.5,799
2025-07-03T09:51:00+05:30,5110.5,5114.0,5107.0,5109.0,584
2025-07-03T09:52:00+05:30,5109.0,5109.0,5105.0,5106.5,245
2025-07-03T09:53:00+05:30,5106.0,5109.0,5106.0,5109.0,146
2025-07-03T09:54:00+05:30,5109.0,5109.5,5107.5,5109.5,59
2025-07-03T09:55:00+05:30,5109.0,5110.0,5109.0,5110.0,38
2025-07-03T09:56:00+05:30,5110.0,5113.0,5109.5,5111.0,196
2025-07-03T09:57:00+05:30,5113.0,5113.5,5110.0,5113.0,515
2025-07-03T09:58:00+05:30,5113.0,5117.0,5110.5,5111.0,531
2025-07-03T09:59:00+05:30,5110.5,5111.5,5110.5,5111.0,182
2025-07-03T10:00:00+05:30,5111.0,5112.0,5105.5,5110.0,387
2025-07-03T10:01:00+05:30,5110.0,5115.5,5109.0,5114.0,410
2025-07-03T10:02:00+05:30,5114.0,5114.0,5111.0,5113.0,168
2025-07-03T10:03:00+05:30,5112.5,5116.5,5112.5,5116.5,116
2025-07-03T10:04:00+05:30,5117.0,5118.5,5115.5,5118.0,206
2025-07-03T10:05:00+05:30,5118.5,5118.5,5112.5,5116.5,754
2025-07-03T10:06:00+05:30,5116.5,5116.5,5112.5,5114.0,218
2025-07-03T10:07:00+05:30,5113.5,5113.5,5111.5,5111.5,113
2025-07-03T10:08:00+05:30,5112.5,5115.5,5112.5,5114.5,225
2025-07-03T10:09:00+05:30,5115.5,5115.5,5114.5,5114.5,47
2025-07-03T10:10:00+05:30,5114.0,5115.5,5113.5,5113.5,166
2025-07-03T10:11:00+05:30,5113.5,5115.5,5113.5,5115.5,37
2025-07-03T10:12:00+05:30,5115.5,5115.5,5115.0,5115.5,97
2025-07-03T10:13:00+05:30,5115.0,5122.0,5114.0,5114.0,1359
2025-07-03T10:14:00+05:30,5114.0,5114.0,5111.0,5112.5,244
2025-07-03T10:15:00+05:30,5113.0,5114.0,5113.0,5114.0,101
2025-07-03T10:16:00+05:30,5113.5,5115.0,5113.5,5115.0,39
2025-07-03T10:17:00+05:30,5114.5,5116.0,5114.5,5115.5,67
2025-07-03T10:18:00+05:30,5116.0,5118.5,5116.0,5117.0,311
2025-07-03T10:19:00+05:30,5117.5,5118.0,5113.0,5113.0,851
2025-07-03T10:20:00+05:30,5113.5,5116.0,5113.5,5114.0,112
2025-07-03T10:21:00+05:30,5114.0,5114.0,5102.0,5104.0,631
2025-07-03T10:22:00+05:30,5103.5,5105.5,5103.5,5105.5,74
2025-07-03T10:23:00+05:30,5106.0,5107.5,5101.5,5104.5,726
2025-07-03T10:24:00+05:30,5102.0,5103.5,5098.5,5102.5,308
2025-07-03T10:25:00+05:30,5102.5,5103.5,5101.0,5101.5,449
2025-07-03T10:26:00+05:30,5101.5,5107.0,5099.0,5106.5,462
2025-07-03T10:27:00+05:30,5106.5,5109.5,5106.5,5109.5,194
2025-07-03T10:28:00+05:30,5109.0,5113.0,5109.0,5112.5,46
2025-07-03T10:29:00+05:30,5112.0,5112.0,5107.0,5108.5,599
2025-07-03T10:30:00+05:30,5109.0,5113.0,5108.5,5112.5,424
2025-07-03T10:31:00+05:30,5112.5,5113.0,5111.0,5111.0,179
2025-07-03T10:32:00+05:30,5111.0,5112.0,5111.0,5112.0,35
2025-07-03T10:33:00+05:30,5112.0,5113.5,5111.0,5111.0,261
2025-07-03T10:34:00+05:30,5110.5,5111.0,5110.5,5111.0,42
2025-07-03T10:35:00+05:30,5110.5,5111.0,5110.5,5110.5,187
2025-07-03T10:36:00+05:30,5111.0,5111.0,5110.5,5111.0,107
2025-07-03T10:37:00+05:30,5111.0,5111.0,5110.5,5110.5,44
2025-07-03T10:38:00+05:30,5110.5,5110.5,5107.0,5108.5,315
2025-07-03T10:39:00+05:30,5108.5,5114.0,5108.0,5113.0,789
2025-07-03T10:40:00+05:30,5113.0,5116.0,5112.0,5112.5,704
2025-07-03T10:41:00+05:30,5113.0,5113.0,5108.0,5108.0,172
2025-07-03T10:42:00+05:30,5109.0,5112.5,5109.0,5111.0,245
2025-07-03T10:43:00+05:30,5111.0,5111.0,5108.5,5110.0,746
2025-07-03T10:44:00+05:30,5110.0,5117.5,5110.0,5117.5,321
2025-07-03T10:45:00+05:30,5117.0,5120.0,5113.5,5115.5,2081
2025-07-03T10:46:00+05:30,5115.0,5115.5,5115.0,5115.0,158
2025-07-03T10:47:00+05:30,5116.0,5118.0,5115.0,5115.0,998
2025-07-03T10:48:00+05:30,5115.5,5116.0,5115.5,5116.0,26
2025-07-03T10:49:00+05:30,5116.0,5120.0,5116.0,5118.0,875
2025-07-03T10:50:00+05:30,5118.5,5120.0,5113.0,5115.0,1129
2025-07-03T10:51:00+05:30,5114.5,5115.0,5110.0,5114.0,309
2025-07-03T10:52:00+05:30,5111.5,5113.0,5111.0,5113.0,42
2025-07-03T10:53:00+05:30,5113.0,5113.0,5112.5,5113.0,85
2025-07-03T10:54:00+05:30,5115.0,5115.0,5111.0,5112.5,179
2025-07-03T10:55:00+05:30,5112.5,5112.5,5112.0,5112.0,5
2025-07-03T10:56:00+05:30,5112.0,5112.5,5112.0,5112.5,46
2025-07-03T10:57:00+05:30,5112.5,5112.5,5110.0,5110.0,278
2025-07-03T10:58:00+05:30,5110.0,5111.0,5102.0,5103.5,1357
2025-07-03T10:59:00+05:30,5104.0,5115.0,5102.5,5103.5,52907
2025-07-03T11:00:00+05:30,5103.5,5105.0,5103.5,5104.0,73
2025-07-03T11:01:00+05:30,5103.5,5104.0,5103.5,5104.0,66
2025-07-03T11:02:00+05:30,5104.0,5105.0,5104.0,5105.0,65
2025-07-03T11:03:00+05:30,5105.0,5108.5,5105.0,5108.5,325
2025-07-03T11:04:00+05:30,5108.5,5109.0,5108.0,5108.5,35
2025-07-03T11:05:00+05:30,5109.5,5114.0,5108.5,5111.5,173
2025-07-03T11:06:00+05:30,5111.5,5111.5,5107.5,5109.0,575
2025-07-03T11:07:00+05:30,5109.0,5109.5,5107.5,5109.5,64
2025-07-03T11:08:00+05:30,5109.5,5113.0,5108.5,5109.5,1110
2025-07-03T11:09:00+05:30,5110.0,5110.0,5107.5,5108.0,223
2025-07-03T11:10:00+05:30,5108.5,5108.5,5105.5,5108.0,133
2025-07-03T11:11:00+05:30,5108.0,5108.0,5108.0,5108.0,25
2025-07-03T11:12:00+05:30,5108.0,5117.5,5105.5,5108.0,2476
2025-07-03T11:13:00+05:30,5108.0,5108.0,5096.0,5096.5,3216
2025-07-03T11:14:00+05:30,5097.0,5099.0,5097.0,5099.0,125
2025-07-03T11:15:00+05:30,5099.0,5100.0,5099.0,5099.5,164
2025-07-03T11:16:00+05:30,5099.5,5099.5,5096.0,5098.5,284
2025-07-03T11:17:00+05:30,5098.0,5098.5,5094.0,5094.0,375
2025-07-03T11:18:00+05:30,5095.0,5095.5,5094.0,5095.0,165
2025-07-03T11:19:00+05:30,5095.0,5096.5,5094.5,5094.5,193
2025-07-03T11:20:00+05:30,5094.5,5096.5,5094.5,5096.5,127
2025-07-03T11:21:00+05:30,5096.0,5097.5,5096.0,5097.5,109
2025-07-03T11:22:00+05:30,5098.5,5102.5,5098.5,5101.5,568
2025-07-03T11:23:00+05:30,5099.5,5100.0,5098.0,5099.5,127
2025-07-03T11:24:00+05:30,5100.0,5100.0,5099.5,5100.0,37
2025-07-03T11:25:00+05:30,5100.0,5100.0,5099.5,5099.5,1248
2025-07-03T11:26:00+05:30,5099.5,5100.0,5096.0,5098.5,332
2025-07-03T11:27:00+05:30,5097.5,5097.5,5096.0,5096.5,79
2025-07-03T11:28:00+05:30,5096.5,5096.5,5094.5,5096.5,219
2025-07-03T11:29:00+05:30,5096.5,5096.5,5094.5,5095.5,128
2025-07-03T11:30:00+05:30,5094.5,5094.5,5090.5,5093.0,444
2025-07-03T11:31:00+05:30,5093.0,5093.0,5090.5,5093.0,257
2025-07-03T11:32:00+05:30,5091.0,5093.0,5090.5,5093.0,43
2025-07-03T11:33:00+05:30,5091.5,5095.0,5091.5,5095.0,339
2025-07-03T11:34:00+05:30,5094.5,5095.5,5094.5,5095.5,44
2025-07-03T11:35:00+05:30,5095.5,5099.0,5095.5,5099.0,87
2025-07-03T11:36:00+05:30,5098.5,5099.0,5098.5,5099.0,197
2025-07-03T11:37:00+05:30,5098.5,5099.5,5097.5,5097.5,210
2025-07-03T11:38:00+05:30,5096.5,5096.5,5092.0,5094.5,146
2025-07-03T11:39:00+05:30,5092.5,5094.5,5091.5,5094.5,100
2025-07-03T11:40:00+05:30,5094.5,5096.0,5094.5,5095.5,793
2025-07-03T11:41:00+05:30,5096.0,5096.0,5094.5,5095.5,440
2025-07-03T11:42:00+05:30,5095.5,5096.0,5093.0,5094.0,285
2025-07-03T11:43:00+05:30,5093.5,5093.5,5093.0,5093.5,31
2025-07-03T11:44:00+05:30,5093.5,5094.5,5093.5,5093.5,79
2025-07-03T11:45:00+05:30,5094.0,5094.5,5091.5,5092.5,305
2025-07-03T11:46:00+05:30,5092.5,5093.0,5091.0,5092.5,117
2025-07-03T11:47:00+05:30,5092.5,5092.5,5090.0,5091.0,238
2025-07-03T11:48:00+05:30,5090.0,5091.0,5090.0,5091.0,105
2025-07-03T11:49:00+05:30,5091.0,5092.0,5090.0,5091.5,332
2025-07-03T11:50:00+05:30,5091.0,5091.0,5083.5,5088.5,1138
2025-07-03T11:51:00+05:30,5088.0,5091.0,5086.5,5090.5,828
2025-07-03T11:52:00+05:30,5090.5,5092.5,5090.5,5091.5,350
2025-07-03T11:53:00+05:30,5091.5,5091.5,5091.0,5091.5,126
2025-07-03T11:54:00+05:30,5091.0,5091.0,5085.0,5087.0,972
2025-07-03T11:55:00+05:30,5085.5,5091.5,5085.5,5091.5,296
2025-07-03T11:56:00+05:30,5091.0,5091.5,5091.0,5091.5,36
2025-07-03T11:57:00+05:30,5091.5,5091.5,5088.0,5090.0,241
2025-07-03T11:58:00+05:30,5090.0,5092.0,5090.0,5092.0,104
2025-07-03T11:59:00+05:30,5091.5,5092.0,5090.0,5091.0,210
2025-07-03T12:00:00+05:30,5090.5,5090.5,5087.5,5089.5,235
2025-07-03T12:01:00+05:30,5090.0,5091.5,5089.5,5091.5,127
2025-07-03T12:02:00+05:30,5089.5,5089.5,5086.5,5088.0,193
2025-07-03T12:03:00+05:30,5087.0,5088.5,5085.5,5087.5,264
2025-07-03T12:04:00+05:30,5087.0,5088.5,5085.5,5088.5,32
2025-07-03T12:05:00+05:30,5086.5,5088.5,5086.5,5088.0,92
2025-07-03T12:06:00+05:30,5088.0,5089.0,5087.0,5089.0,312
2025-07-03T12:07:00+05:30,5089.0,5089.0,5087.0,5089.0,93
2025-07-03T12:08:00+05:30,5088.5,5092.5,5088.5,5091.0,85
2025-07-03T12:09:00+05:30,5091.0,5092.0,5091.0,5092.0,218
2025-07-03T12:10:00+05:30,5092.0,5092.0,5087.0,5089.0,248
2025-07-03T12:11:00+05:30,5089.0,5090.0,5089.0,5089.0,63
2025-07-03T12:12:00+05:30,5089.0,5090.0,5089.0,5090.0,178
2025-07-03T12:13:00+05:30,5089.5,5091.0,5089.5,5091.0,138
2025-07-03T12:14:00+05:30,5091.0,5092.5,5088.0,5091.5,383
2025-07-03T12:15:00+05:30,5091.5,5092.0,5086.0,5089.0,617
2025-07-03T12:16:00+05:30,5089.0,5090.5,5086.0,5086.0,312
2025-07-03T12:17:00+05:30,5086.5,5088.5,5085.5,5088.0,225
2025-07-03T12:18:00+05:30,5088.0,5088.0,5085.0,5087.0,206
2025-07-03T12:19:00+05:30,5086.5,5086.5,5084.0,5084.0,252
2025-07-03T12:20:00+05:30,5085.0,5087.0,5084.5,5087.0,153
2025-07-03T12:21:00+05:30,5087.0,5088.5,5083.5,5085.0,313
2025-07-03T12:22:00+05:30,5085.0,5085.0,5083.5,5085.0,49
2025-07-03T12:23:00+05:30,5085.0,5087.5,5085.0,5087.5,67
2025-07-03T12:24:00+05:30,5086.5,5087.5,5083.0,5085.5,437
2025-07-03T12:25:00+05:30,5083.5,5085.5,5083.5,5084.0,86
2025-07-03T12:26:00+05:30,5085.0,5087.5,5084.0,5085.0,125
2025-07-03T12:27:00+05:30,5088.0,5088.0,5084.0,5087.0,317
2025-07-03T12:28:00+05:30,5087.5,5087.5,5084.0,5087.5,209
2025-07-03T12:29:00+05:30,5087.5,5087.5,5085.5,5085.5,74
2025-07-03T12:30:00+05:30,5086.0,5086.0,5082.5,5082.5,218
2025-07-03T12:31:00+05:30,5083.0,5085.0,5082.5,5085.0,120
2025-07-03T12:32:00+05:30,5085.0,5085.0,5084.0,5085.0,111
2025-07-03T12:33:00+05:30,5085.0,5086.0,5083.0,5086.0,114
2025-07-03T12:34:00+05:30,5086.0,5087.5,5085.0,5087.5,120
2025-07-03T12:35:00+05:30,5089.5,5089.5,5085.5,5087.5,113
2025-07-03T12:36:00+05:30,5087.5,5087.5,5084.5,5087.5,212
2025-07-03T12:37:00+05:30,5087.5,5088.0,5081.0,5081.0,203
2025-07-03T12:38:00+05:30,5080.0,5083.5,5076.5,5082.5,972
2025-07-03T12:39:00+05:30,5081.5,5082.0,5078.0,5081.5,246
2025-07-03T12:40:00+05:30,5080.0,5084.5,5079.0,5084.5,46
2025-07-03T12:41:00+05:30,5082.5,5084.5,5082.0,5084.5,144
2025-07-03T12:42:00+05:30,5084.5,5084.5,5079.5,5081.5,62
2025-07-03T12:43:00+05:30,5081.5,5084.0,5081.5,5084.0,73
2025-07-03T12:44:00+05:30,5082.5,5084.5,5082.5,5084.5,172
2025-07-03T12:45:00+05:30,5083.0,5084.0,5082.5,5084.0,182
2025-07-03T12:46:00+05:30,5084.0,5084.5,5082.5,5084.5,181
2025-07-03T12:47:00+05:30,5084.0,5084.5,5082.5,5084.5,36
2025-07-03T12:48:00+05:30,5084.5,5084.5,5082.5,5083.5,260
2025-07-03T12:49:00+05:30,5082.5,5083.5,5081.5,5083.5,99
2025-07-03T12:50:00+05:30,5081.5,5082.5,5080.5,5082.5,190
2025-07-03T12:51:00+05:30,5080.5,5083.0,5079.5,5083.0,219
2025-07-03T12:52:00+05:30,5080.0,5084.5,5080.0,5084.0,194
2025-07-03T12:53:00+05:30,5082.0,5084.5,5082.0,5083.5,176
2025-07-03T12:54:00+05:30,5082.0,5083.5,5079.5,5082.5,211
2025-07-03T12:55:00+05:30,5079.5,5082.0,5077.5,5080.5,194
2025-07-03T12:56:00+05:30,5080.0,5082.5,5080.0,5080.0,71
2025-07-03T12:57:00+05:30,5079.0,5079.0,5075.0,5077.0,313
2025-07-03T12:58:00+05:30,5076.5,5077.0,5076.5,5077.0,147
2025-07-03T12:59:00+05:30,5076.5,5077.0,5073.0,5077.0,530
2025-07-03T13:00:00+05:30,5077.0,5077.0,5071.5,5077.0,12581
2025-07-03T13:01:00+05:30,5077.0,5077.0,5075.5,5077.0,46
2025-07-03T13:02:00+05:30,5077.0,5077.5,5073.5,5074.0,826
2025-07-03T13:03:00+05:30,5076.5,5076.5,5071.0,5073.5,101
2025-07-03T13:04:00+05:30,5071.5,5074.0,5071.0,5073.5,80
2025-07-03T13:05:00+05:30,5074.5,5075.5,5071.5,5075.5,142
2025-07-03T13:06:00+05:30,5075.0,5076.0,5071.0,5072.5,267
2025-07-03T13:07:00+05:30,5071.0,5073.0,5071.0,5073.0,109
2025-07-03T13:08:00+05:30,5073.5,5075.0,5072.0,5072.0,147
2025-07-03T13:09:00+05:30,5074.5,5074.5,5067.5,5070.5,309
2025-07-03T13:10:00+05:30,5070.5,5071.0,5067.0,5067.0,235
2025-07-03T13:11:00+05:30,5067.0,5071.5,5066.5,5070.0,182
2025-07-03T13:12:00+05:30,5070.0,5071.5,5065.5,5068.0,185
2025-07-03T13:13:00+05:30,5066.0,5070.5,5066.0,5070.5,78
2025-07-03T13:14:00+05:30,5070.0,5070.0,5067.5,5069.5,116
2025-07-03T13:15:00+05:30,5069.5,5071.0,5066.0,5066.0,266
2025-07-03T13:16:00+05:30,5068.0,5069.5,5062.0,5065.0,390
2025-07-03T13:17:00+05:30,5065.0,5066.0,5064.0,5066.0,63
2025-07-03T13:18:00+05:30,5066.5,5069.0,5065.0,5066.5,229
2025-07-03T13:19:00+05:30,5067.0,5068.5,5064.0,5064.0,161
2025-07-03T13:20:00+05:30,5064.0,5067.0,5063.0,5064.0,261
2025-07-03T13:21:00+05:30,5064.0,5067.0,5063.5,5064.5,212
2025-07-03T13:22:00+05:30,5064.5,5067.0,5062.0,5063.0,189
2025-07-03T13:23:00+05:30,5063.0,5065.5,5061.5,5063.0,183
2025-07-03T13:24:00+05:30,5064.0,5066.0,5062.0,5066.0,233
2025-07-03T13:25:00+05:30,5064.0,5066.0,5063.5,5063.5,174
2025-07-03T13:26:00+05:30,5063.5,5065.5,5063.5,5063.5,269
2025-07-03T13:27:00+05:30,5063.5,5066.5,5062.5,5063.5,296
2025-07-03T13:28:00+05:30,5063.5,5069.0,5063.5,5067.5,466
2025-07-03T13:29:00+05:30,5064.5,5069.5,5064.5,5066.5,257
2025-07-03T13:30:00+05:30,5068.5,5072.0,5068.0,5070.0,744
2025-07-03T13:31:00+05:30,5070.0,5072.0,5070.0,5070.5,225
2025-07-03T13:32:00+05:30,5070.0,5071.5,5069.5,5070.0,68
2025-07-03T13:33:00+05:30,5070.0,5072.5,5069.5,5071.5,188
2025-07-03T13:34:00+05:30,5070.0,5072.0,5067.5,5067.5,951
2025-07-03T13:35:00+05:30,5068.5,5070.0,5066.0,5070.0,35
2025-07-03T13:36:00+05:30,5070.0,5072.0,5069.5,5071.0,210
2025-07-03T13:37:00+05:30,5072.0,5072.0,5069.5,5070.0,347
2025-07-03T13:38:00+05:30,5070.0,5072.5,5070.0,5072.5,429
2025-07-03T13:39:00+05:30,5072.0,5073.5,5070.5,5073.0,707
2025-07-03T13:40:00+05:30,5072.0,5074.0,5071.5,5074.0,1289
2025-07-03T13:41:00+05:30,5072.5,5074.0,5072.5,5073.0,961
2025-07-03T13:42:00+05:30,5073.0,5074.0,5068.5,5070.0,999
2025-07-03T13:43:00+05:30,5070.0,5070.0,5069.0,5070.0,38
2025-07-03T13:44:00+05:30,5070.0,5070.0,5069.5,5070.0,69
2025-07-03T13:45:00+05:30,5069.5,5070.0,5069.5,5070.0,101
2025-07-03T13:46:00+05:30,5069.5,5069.5,5065.0,5066.0,235
2025-07-03T13:47:00+05:30,5064.0,5066.5,5062.5,5066.0,218
2025-07-03T13:48:00+05:30,5066.0,5066.5,5062.0,5064.5,382
2025-07-03T13:49:00+05:30,5064.0,5064.5,5060.0,5062.5,499
2025-07-03T13:50:00+05:30,5062.5,5064.5,5062.0,5063.0,72
2025-07-03T13:51:00+05:30,5063.0,5064.5,5060.0,5062.5,296
2025-07-03T13:52:00+05:30,5063.5,5065.0,5062.0,5063.5,63
2025-07-03T13:53:00+05:30,5064.0,5065.0,5063.5,5065.0,78
2025-07-03T13:54:00+05:30,5064.0,5065.5,5062.5,5065.5,262
2025-07-03T13:55:00+05:30,5065.0,5067.0,5063.0,5067.0,76
2025-07-03T13:56:00+05:30,5066.0,5066.0,5061.0,5064.0,231
2025-07-03T13:57:00+05:30,5063.5,5064.0,5059.5,5064.0,352
2025-07-03T13:58:00+05:30,5065.0,5066.0,5063.0,5066.0,93
2025-07-03T13:59:00+05:30,5064.5,5065.0,5061.5,5065.0,107
2025-07-03T14:00:00+05:30,5065.0,5065.0,5059.0,5060.0,194
2025-07-03T14:01:00+05:30,5060.0,5062.5,5060.0,5062.5,63
2025-07-03T14:02:00+05:30,5062.0,5064.0,5062.0,5064.0,30
2025-07-03T14:03:00+05:30,5063.0,5063.5,5059.5,5063.5,221
2025-07-03T14:04:00+05:30,5064.5,5066.0,5062.5,5066.0,85
2025-07-03T14:05:00+05:30,5064.5,5065.0,5064.5,5065.0,128
2025-07-03T14:06:00+05:30,5065.0,5065.0,5061.0,5063.0,269
2025-07-03T14:07:00+05:30,5063.5,5064.5,5060.0,5060.0,182
2025-07-03T14:08:00+05:30,5060.0,5062.5,5059.5,5059.5,243
2025-07-03T14:09:00+05:30,5060.0,5062.5,5059.5,5060.0,534
2025-07-03T14:10:00+05:30,5062.0,5062.5,5059.5,5059.5,169
2025-07-03T14:11:00+05:30,5059.5,5067.0,5059.5,5063.5,2626
2025-07-03T14:12:00+05:30,5065.5,5077.0,5063.0,5074.5,4109
2025-07-03T14:13:00+05:30,5074.5,5075.5,5069.0,5070.0,304
2025-07-03T14:14:00+05:30,5070.0,5071.5,5066.0,5066.0,434
2025-07-03T14:15:00+05:30,5066.5,5072.5,5063.5,5071.0,1775
2025-07-03T14:16:00+05:30,5070.0,5072.0,5065.5,5065.5,1821
2025-07-03T14:17:00+05:30,5065.0,5067.0,5063.0,5067.0,573
2025-07-03T14:18:00+05:30,5063.5,5066.5,5060.5,5066.0,990
2025-07-03T14:19:00+05:30,5066.0,5068.0,5062.0,5062.0,860
2025-07-03T14:20:00+05:30,5062.5,5065.5,5061.0,5063.0,632
2025-07-03T14:21:00+05:30,5061.5,5065.0,5061.5,5062.5,705
2025-07-03T14:22:00+05:30,5061.5,5061.5,5057.5,5057.5,431
2025-07-03T14:23:00+05:30,5058.0,5065.0,5057.0,5063.5,823
2025-07-03T14:24:00+05:30,5063.5,5066.0,5063.5,5066.0,531
2025-07-03T14:25:00+05:30,5064.5,5065.5,5063.0,5064.5,1075
2025-07-03T14:26:00+05:30,5063.5,5066.5,5063.0,5066.5,469
2025-07-03T14:27:00+05:30,5065.0,5067.5,5061.0,5062.5,965
2025-07-03T14:28:00+05:30,5063.5,5066.0,5060.0,5063.5,464
2025-07-03T14:29:00+05:30,5063.5,5063.5,5058.0,5058.0,473
2025-07-03T14:30:00+05:30,5058.5,5060.5,5058.0,5059.5,945
2025-07-03T14:31:00+05:30,5059.5,5059.5,5056.5,5059.0,719
2025-07-03T14:32:00+05:30,5058.5,5058.5,5050.5,5050.5,829
2025-07-03T14:33:00+05:30,5052.5,5056.5,5050.5,5055.0,628
2025-07-03T14:34:00+05:30,5055.0,5060.0,5053.0,5056.0,893
2025-07-03T14:35:00+05:30,5056.0,5056.5,5053.5,5056.0,639
2025-07-03T14:36:00+05:30,5055.0,5058.0,5053.0,5053.5,898
2025-07-03T14:37:00+05:30,5052.5,5055.0,5045.5,5052.5,1834
2025-07-03T14:38:00+05:30,5049.0,5050.0,5046.0,5049.5,397
2025-07-03T14:39:00+05:30,5049.0,5053.0,5046.5,5051.5,1157
2025-07-03T14:40:00+05:30,5050.0,5052.0,5049.5,5050.5,591
2025-07-03T14:41:00+05:30,5050.5,5053.5,5050.0,5052.0,710
2025-07-03T14:42:00+05:30,5051.0,5052.0,5046.5,5047.0,815
2025-07-03T14:43:00+05:30,5049.0,5054.5,5042.0,5050.5,13578
2025-07-03T14:44:00+05:30,5050.5,5052.0,5042.0,5050.0,5412
2025-07-03T14:45:00+05:30,5050.0,5052.0,5045.0,5047.5,1212
2025-07-03T14:46:00+05:30,5049.0,5052.5,5047.0,5050.5,1254
2025-07-03T14:47:00+05:30,5050.5,5050.5,5046.5,5048.0,692
2025-07-03T14:48:00+05:30,5046.0,5048.5,5046.0,5048.5,242
2025-07-03T14:49:00+05:30,5047.0,5049.0,5046.0,5048.5,228
2025-07-03T14:50:00+05:30,5048.0,5054.5,5047.5,5049.5,2778
2025-07-03T14:51:00+05:30,5048.0,5050.0,5045.5,5049.5,1103
2025-07-03T14:52:00+05:30,5047.0,5049.5,5047.0,5048.5,276
2025-07-03T14:53:00+05:30,5046.5,5050.0,5046.0,5049.5,463
2025-07-03T14:54:00+05:30,5047.5,5049.5,5046.5,5047.5,248
2025-07-03T14:55:00+05:30,5047.5,5049.5,5047.5,5049.0,229
2025-07-03T14:56:00+05:30,5049.0,5050.0,5047.5,5050.0,596
2025-07-03T14:57:00+05:30,5050.0,5054.0,5047.5,5049.5,2468
2025-07-03T14:58:00+05:30,5049.5,5050.0,5046.5,5050.0,243
2025-07-03T14:59:00+05:30,5050.0,5050.0,5048.0,5048.5,150
2025-07-03T15:00:00+05:30,5049.5,5050.0,5048.5,5050.0,1026
2025-07-03T15:01:00+05:30,5050.0,5050.0,5046.0,5048.5,3146
2025-07-03T15:02:00+05:30,5048.5,5050.0,5048.0,5050.0,352
2025-07-03T15:03:00+05:30,5050.0,5050.0,5048.5,5049.5,599
2025-07-03T15:04:00+05:30,5049.5,5050.0,5049.0,5050.0,719
2025-07-03T15:05:00+05:30,5050.0,5050.0,5049.5,5050.0,756
2025-07-03T15:06:00+05:30,5050.0,5050.0,5047.5,5048.5,1551
2025-07-03T15:07:00+05:30,5048.5,5049.5,5047.5,5049.5,708
2025-07-03T15:08:00+05:30,5049.0,5049.5,5048.5,5049.5,794
2025-07-03T15:09:00+05:30,5049.5,5049.5,5048.5,5049.5,583
2025-07-03T15:10:00+05:30,5049.0,5050.0,5048.5,5050.0,565
2025-07-03T15:11:00+05:30,5050.0,5050.0,5049.0,5050.0,1056
2025-07-03T15:12:00+05:30,5050.0,5050.0,5048.5,5049.5,999
2025-07-03T15:13:00+05:30,5049.5,5049.5,5045.5,5047.5,1214
2025-07-03T15:14:00+05:30,5047.5,5048.5,5046.5,5046.5,992
2025-07-03T15:15:00+05:30,5048.5,5048.5,5041.0,5042.5,5677
2025-07-03T15:16:00+05:30,5042.5,5042.5,5035.5,5036.5,2137
2025-07-03T15:17:00+05:30,5037.5,5043.0,5035.0,5042.0,3054
2025-07-03T15:18:00+05:30,5042.0,5043.0,5038.0,5042.0,1630
2025-07-03T15:19:00+05:30,5042.0,5043.0,5039.5,5040.5,1105
2025-07-03T15:20:00+05:30,5040.5,5043.5,5040.0,5042.0,1522
2025-07-03T15:21:00+05:30,5042.5,5043.0,5042.0,5043.0,1460
2025-07-03T15:22:00+05:30,5043.0,5044.0,5041.5,5043.0,954
2025-07-03T15:23:00+05:30,5043.0,5046.5,5042.5,5043.5,1637
2025-07-03T15:24:00+05:30,5045.0,5045.0,5042.5,5043.0,1569
2025-07-03T15:25:00+05:30,5043.0,5048.0,5042.0,5046.0,3156
2025-07-03T15:26:00+05:30,5047.5,5049.5,5046.0,5048.5,1428
2025-07-03T15:27:00+05:30,5048.5,5049.0,5045.0,5048.0,1008
2025-07-03T15:28:00+05:30,5045.0,5048.5,5045.0,5047.0,1146
2025-07-03T15:29:00+05:30,5047.5,5047.5,5038.0,5040.5,1352
2025-07-04T09:15:00+05:30,5042.0,5052.5,5036.0,5042.0,839
2025-07-04T09:16:00+05:30,5036.5,5041.0,5035.0,5041.0,556
2025-07-04T09:17:00+05:30,5041.0,5058.5,5041.0,5056.5,684
2025-07-04T09:18:00+05:30,5057.5,5066.5,5056.5,5065.0,1151
2025-07-04T09:19:00+05:30,5065.5,5069.5,5063.5,5066.0,635
2025-07-04T09:20:00+05:30,5068.0,5070.0,5063.5,5070.0,390
2025-07-04T09:21:00+05:30,5071.5,5083.5,5070.0,5076.5,3029
2025-07-04T09:22:00+05:30,5073.5,5077.0,5066.0,5070.0,380
2025-07-04T09:23:00+05:30,5068.0,5070.5,5055.0,5055.0,605
2025-07-04T09:24:00+05:30,5056.0,5059.0,5047.5,5053.5,7370
2025-07-04T09:25:00+05:30,5055.0,5067.5,5055.0,5063.0,5201
2025-07-04T09:26:00+05:30,5063.0,5075.5,5061.0,5065.0,22792
2025-07-04T09:27:00+05:30,5064.5,5068.0,5054.5,5057.5,2226
2025-07-04T09:28:00+05:30,5056.5,5061.0,5054.5,5060.5,570
2025-07-04T09:29:00+05:30,5057.0,5062.0,5057.0,5059.5,267
2025-07-04T09:30:00+05:30,5056.0,5061.0,5056.0,5056.5,642
2025-07-04T09:31:00+05:30,5057.0,5057.0,5050.0,5055.0,342
2025-07-04T09:32:00+05:30,5052.5,5056.0,5045.5,5049.5,1594
2025-07-04T09:33:00+05:30,5049.5,5050.5,5045.0,5045.5,747
2025-07-04T09:34:00+05:30,5045.5,5047.5,5043.5,5045.0,291
2025-07-04T09:35:00+05:30,5042.5,5045.0,5036.5,5040.5,320
2025-07-04T09:36:00+05:30,5040.0,5040.0,5031.5,5035.0,348
2025-07-04T09:37:00+05:30,5031.5,5043.5,5030.0,5042.5,1598
2025-07-04T09:38:00+05:30,5037.5,5043.5,5037.5,5038.0,423
2025-07-04T09:39:00+05:30,5041.5,5042.5,5036.0,5040.0,198
2025-07-04T09:40:00+05:30,5036.0,5042.0,5036.0,5041.0,187
2025-07-04T09:41:00+05:30,5042.5,5042.5,5037.0,5038.5,176
2025-07-04T09:42:00+05:30,5039.5,5046.5,5037.0,5040.5,334
2025-07-04T09:43:00+05:30,5041.5,5041.5,5037.0,5040.0,595
2025-07-04T09:44:00+05:30,5040.0,5041.0,5038.0,5038.5,182
2025-07-04T09:45:00+05:30,5038.0,5039.0,5036.5,5038.5,77
2025-07-04T09:46:00+05:30,5040.0,5041.0,5033.5,5035.0,365
2025-07-04T09:47:00+05:30,5034.5,5040.0,5034.5,5036.5,1145
2025-07-04T09:48:00+05:30,5037.0,5037.0,5036.0,5037.0,90
2025-07-04T09:49:00+05:30,5037.0,5037.0,5035.0,5036.0,665
2025-07-04T09:50:00+05:30,5035.0,5037.0,5034.5,5035.0,448
2025-07-04T09:51:00+05:30,5035.0,5046.5,5035.0,5043.5,307
2025-07-04T09:52:00+05:30,5045.0,5045.0,5042.5,5043.5,334
2025-07-04T09:53:00+05:30,5042.0,5051.5,5042.0,5050.0,239
2025-07-04T09:54:00+05:30,5050.5,5058.5,5050.0,5058.5,703
2025-07-04T09:55:00+05:30,5058.5,5060.0,5050.5,5050.5,430
2025-07-04T09:56:00+05:30,5051.0,5057.0,5051.0,5056.0,30
2025-07-04T09:57:00+05:30,5054.5,5060.5,5054.5,5059.0,558
2025-07-04T09:58:00+05:30,5059.0,5059.5,5057.0,5057.0,46
2025-07-04T09:59:00+05:30,5058.5,5060.5,5055.0,5060.5,222
2025-07-04T10:00:00+05:30,5060.5,5062.5,5059.5,5059.5,923
2025-07-04T10:01:00+05:30,5059.5,5063.0,5058.0,5059.0,915
2025-07-04T10:02:00+05:30,5061.0,5062.5,5057.0,5060.5,102
2025-07-04T10:03:00+05:30,5060.0,5061.5,5056.0,5058.0,1045
2025-07-04T10:04:00+05:30,5060.5,5060.5,5057.5,5059.0,378
2025-07-04T10:05:00+05:30,5058.5,5058.5,5054.5,5057.0,165
2025-07-04T10:06:00+05:30,5057.0,5057.0,5052.0,5053.0,70
2025-07-04T10:07:00+05:30,5054.0,5054.0,5053.0,5053.0,25
2025-07-04T10:08:00+05:30,5053.5,5054.5,5052.0,5052.5,123
2025-07-04T10:09:00+05:30,5052.5,5059.0,5052.5,5058.5,287
2025-07-04T10:10:00+05:30,5059.0,5059.5,5053.5,5055.0,367
2025-07-04T10:11:00+05:30,5054.0,5060.0,5054.0,5055.0,183
2025-07-04T10:12:00+05:30,5055.0,5057.5,5053.0,5055.0,83
2025-07-04T10:13:00+05:30,5054.0,5055.0,5053.0,5053.0,41
2025-07-04T10:14:00+05:30,5053.0,5056.0,5053.0,5054.5,502
2025-07-04T10:15:00+05:30,5052.5,5056.0,5052.5,5055.0,17
2025-07-04T10:16:00+05:30,5054.5,5056.0,5054.0,5055.5,348
2025-07-04T10:17:00+05:30,5055.5,5055.5,5054.0,5054.0,186
2025-07-04T10:18:00+05:30,5054.0,5056.5,5052.5,5052.5,373
2025-07-04T10:19:00+05:30,5054.5,5055.5,5052.5,5055.5,86
2025-07-04T10:20:00+05:30,5055.5,5055.5,5054.5,5055.5,306
2025-07-04T10:21:00+05:30,5055.0,5060.5,5052.0,5058.0,2379
2025-07-04T10:22:00+05:30,5057.5,5058.0,5052.0,5054.0,911
2025-07-04T10:23:00+05:30,5054.0,5063.0,5054.0,5058.5,7439
2025-07-04T10:24:00+05:30,5054.5,5058.0,5054.5,5054.5,148
2025-07-04T10:25:00+05:30,5057.0,5057.0,5052.0,5052.0,257
2025-07-04T10:26:00+05:30,5053.5,5054.0,5052.5,5054.0,11
2025-07-04T10:27:00+05:30,5052.5,5054.0,5050.0,5050.0,304
2025-07-04T10:28:00+05:30,5050.0,5052.5,5050.0,5052.5,67
2025-07-04T10:29:00+05:30,5052.5,5052.5,5050.0,5052.5,24
2025-07-04T10:30:00+05:30,5051.0,5053.5,5050.0,5050.5,282
2025-07-04T10:31:00+05:30,5050.5,5053.0,5050.5,5053.0,23
2025-07-04T10:32:00+05:30,5052.0,5052.0,5046.5,5047.5,643
2025-07-04T10:33:00+05:30,5049.0,5049.5,5047.5,5049.0,130
2025-07-04T10:34:00+05:30,5049.0,5050.0,5045.0,5045.0,290
2025-07-04T10:35:00+05:30,5046.0,5047.5,5046.0,5046.5,21
2025-07-04T10:36:00+05:30,5047.5,5047.5,5046.5,5047.0,74
2025-07-04T10:37:00+05:30,5047.0,5047.5,5047.0,5047.0,25
2025-07-04T10:38:00+05:30,5047.5,5053.0,5047.5,5052.5,246
2025-07-04T10:39:00+05:30,5053.0,5055.5,5052.5,5055.5,187
2025-07-04T10:40:00+05:30,5055.5,5057.0,5054.5,5056.0,378
2025-07-04T10:41:00+05:30,5056.0,5056.5,5048.0,5052.5,432
2025-07-04T10:42:00+05:30,5050.0,5052.0,5050.0,5052.0,25
2025-07-04T10:43:00+05:30,5051.0,5052.0,5045.5,5052.0,504
2025-07-04T10:44:00+05:30,5051.0,5052.0,5051.0,5051.5,22
2025-07-04T10:45:00+05:30,5051.5,5053.5,5050.5,5050.5,381
2025-07-04T10:46:00+05:30,5052.5,5052.5,5050.5,5052.0,16
2025-07-04T10:47:00+05:30,5050.5,5051.0,5048.0,5049.0,59
2025-07-04T10:48:00+05:30,5049.5,5049.5,5048.0,5048.5,75
2025-07-04T10:49:00+05:30,5049.5,5049.5,5048.5,5049.5,12
2025-07-04T10:50:00+05:30,5049.5,5049.5,5040.5,5043.0,859
2025-07-04T10:51:00+05:30,5044.0,5044.0,5042.5,5043.5,30
2025-07-04T10:52:00+05:30,5043.5,5049.0,5043.5,5045.0,902
2025-07-04T10:53:00+05:30,5045.0,5047.0,5042.5,5046.5,179
2025-07-04T10:54:00+05:30,5046.0,5050.0,5046.0,5049.0,362
2025-07-04T10:55:00+05:30,5049.0,5050.0,5048.0,5049.5,237
2025-07-04T10:56:00+05:30,5050.0,5050.0,5049.5,5049.5,33
2025-07-04T10:57:00+05:30,5050.0,5050.0,5041.0,5044.0,2562
2025-07-04T10:58:00+05:30,5044.0,5044.5,5037.0,5037.0,1411
2025-07-04T10:59:00+05:30,5037.0,5050.0,5037.0,5047.0,9800
2025-07-04T11:00:00+05:30,5046.5,5046.5,5041.0,5041.0,95
2025-07-04T11:01:00+05:30,5041.0,5046.5,5041.0,5046.5,76
2025-07-04T11:02:00+05:30,5044.5,5046.5,5035.5,5038.0,2015
2025-07-04T11:03:00+05:30,5035.5,5038.0,5035.5,5037.5,73
2025-07-04T11:04:00+05:30,5038.0,5038.5,5036.5,5038.5,186
2025-07-04T11:05:00+05:30,5037.0,5038.5,5035.0,5035.0,509
2025-07-04T11:06:00+05:30,5034.0,5036.0,5032.0,5033.0,117
2025-07-04T11:07:00+05:30,5033.0,5035.5,5032.0,5033.0,171
2025-07-04T11:08:00+05:30,5033.0,5036.5,5033.0,5035.0,553
2025-07-04T11:09:00+05:30,5035.0,5036.5,5035.0,5035.0,82
2025-07-04T11:10:00+05:30,5035.0,5037.0,5035.0,5035.5,21
2025-07-04T11:11:00+05:30,5037.0,5037.0,5032.5,5035.0,508
2025-07-04T11:12:00+05:30,5032.5,5037.0,5032.5,5037.0,196
2025-07-04T11:13:00+05:30,5036.0,5037.5,5036.0,5037.0,18
2025-07-04T11:14:00+05:30,5038.0,5038.5,5037.0,5037.5,303
2025-07-04T11:15:00+05:30,5037.5,5039.5,5036.0,5039.0,690
2025-07-04T11:16:00+05:30,5036.5,5039.0,5036.5,5036.5,27
2025-07-04T11:17:00+05:30,5036.5,5039.5,5036.5,5038.0,335
2025-07-04T11:18:00+05:30,5038.5,5039.0,5038.5,5039.0,34
2025-07-04T11:19:00+05:30,5039.0,5039.0,5035.0,5036.5,333
2025-07-04T11:20:00+05:30,5036.0,5037.5,5035.0,5037.5,555
2025-07-04T11:21:00+05:30,5035.5,5038.0,5033.5,5038.0,348
2025-07-04T11:22:00+05:30,5037.5,5039.0,5036.0,5039.0,262
2025-07-04T11:23:00+05:30,5036.5,5040.0,5036.5,5040.0,316
2025-07-04T11:24:00+05:30,5037.5,5041.0,5037.5,5039.0,2225
2025-07-04T11:25:00+05:30,5039.5,5041.0,5039.5,5039.5,29
2025-07-04T11:26:00+05:30,5039.5,5041.0,5037.0,5040.0,575
2025-07-04T11:27:00+05:30,5041.0,5041.0,5040.0,5041.0,12
2025-07-04T11:28:00+05:30,5040.0,5041.0,5040.0,5041.0,31
2025-07-04T11:29:00+05:30,5040.0,5041.0,5040.0,5041.0,21
2025-07-04T11:30:00+05:30,5040.0,5041.0,5040.0,5040.5,1332
2025-07-04T11:31:00+05:30,5040.5,5041.0,5040.0,5040.0,1424
2025-07-04T11:32:00+05:30,5040.0,5040.0,5038.0,5040.0,44
2025-07-04T11:33:00+05:30,5039.0,5039.5,5036.5,5038.5,244
2025-07-04T11:34:00+05:30,5038.5,5038.5,5036.5,5037.0,20
2025-07-04T11:35:00+05:30,5036.5,5037.0,5033.0,5033.0,180
2025-07-04T11:36:00+05:30,5032.0,5032.0,5028.5,5031.5,263
2025-07-04T11:37:00+05:30,5032.0,5032.0,5021.5,5026.5,413
2025-07-04T11:38:00+05:30,5025.5,5025.5,5022.0,5022.0,167
2025-07-04T11:39:00+05:30,5021.0,5021.0,5017.5,5019.0,190
2025-07-04T11:40:00+05:30,5018.5,5019.0,5017.0,5017.0,139
2025-07-04T11:41:00+05:30,5016.0,5016.0,5011.0,5012.0,429
2025-07-04T11:42:00+05:30,5011.5,5011.5,5008.0,5010.0,346
2025-07-04T11:43:00+05:30,5008.5,5013.0,5005.0,5008.0,683
2025-07-04T11:44:00+05:30,5010.5,5010.5,5007.5,5008.5,100
2025-07-04T11:45:00+05:30,5007.5,5007.5,4999.5,5003.0,1081
2025-07-04T11:46:00+05:30,5001.0,5006.0,4999.5,5004.0,351
2025-07-04T11:47:00+05:30,5004.0,5004.5,4999.0,5001.5,252
2025-07-04T11:48:00+05:30,5001.5,5003.0,5000.0,5002.5,166
2025-07-04T11:49:00+05:30,5001.0,5005.5,5000.0,5000.0,127
2025-07-04T11:50:00+05:30,5004.0,5004.0,5000.5,5002.0,20
2025-07-04T11:51:00+05:30,5002.0,5003.5,5000.0,5001.5,219
2025-07-04T11:52:00+05:30,5003.5,5003.5,5002.5,5003.0,56
2025-07-04T11:53:00+05:30,5003.0,5003.5,5000.5,5002.0,200
2025-07-04T11:54:00+05:30,5000.0,5002.0,4995.5,4995.5,263
2025-07-04T11:55:00+05:30,4993.0,4993.0,4987.5,4989.5,512
2025-07-04T11:56:00+05:30,4989.5,4992.0,4984.5,4992.0,1195
2025-07-04T11:57:00+05:30,4992.0,4996.5,4992.0,4995.5,95
2025-07-04T11:58:00+05:30,4996.0,4996.5,4992.5,4996.0,99
2025-07-04T11:59:00+05:30,4994.0,4997.0,4994.0,4997.0,66
2025-07-04T12:00:00+05:30,4997.5,4997.5,4994.5,4997.5,156
2025-07-04T12:01:00+05:30,4995.0,4999.0,4994.5,4995.5,317
2025-07-04T12:02:00+05:30,4994.5,4996.5,4994.5,4996.5,13
2025-07-04T12:03:00+05:30,4997.0,4999.5,4997.0,4999.0,156
2025-07-04T12:04:00+05:30,4998.0,4999.0,4995.5,4999.0,132
2025-07-04T12:05:00+05:30,4999.0,5000.0,4998.5,4998.5,119
2025-07-04T12:06:00+05:30,5000.0,5001.5,4999.0,5001.0,136
2025-07-04T12:07:00+05:30,5000.5,5000.5,4996.5,5000.0,172
2025-07-04T12:08:00+05:30,4999.5,5003.0,4996.5,5002.5,165
2025-07-04T12:09:00+05:30,5003.0,5003.0,4999.5,5000.5,59
2025-07-04T12:10:00+05:30,5001.0,5001.0,4999.0,5000.0,183
2025-07-04T12:11:00+05:30,5001.0,5003.5,5000.0,5003.5,101
2025-07-04T12:12:00+05:30,5003.0,5003.0,4997.0,4999.0,471
2025-07-04T12:13:00+05:30,4999.5,5000.5,4997.5,5000.5,21
2025-07-04T12:14:00+05:30,4999.5,5007.5,4998.0,5007.0,193
2025-07-04T12:15:00+05:30,5007.0,5011.0,5005.0,5011.0,1240
2025-07-04T12:16:00+05:30,5010.5,5012.5,5010.0,5011.0,175
2025-07-04T12:17:00+05:30,5011.0,5011.0,5010.5,5010.5,16
2025-07-04T12:18:00+05:30,5010.5,5011.0,5010.5,5010.5,28
2025-07-04T12:19:00+05:30,5011.0,5011.0,5006.5,5011.0,113
2025-07-04T12:20:00+05:30,5011.0,5013.5,5008.5,5010.0,375
2025-07-04T12:21:00+05:30,5008.0,5009.0,5008.0,5008.5,61
2025-07-04T12:22:00+05:30,5008.5,5009.0,5007.5,5007.5,104
2025-07-04T12:23:00+05:30,5007.5,5009.0,5007.5,5008.5,28
2025-07-04T12:24:00+05:30,5007.5,5009.0,5005.5,5005.5,172
2025-07-04T12:25:00+05:30,5005.5,5005.5,5002.0,5003.0,78
2025-07-04T12:26:00+05:30,5003.0,5004.5,5002.0,5002.0,134
2025-07-04T12:27:00+05:30,5003.0,5010.5,5003.0,5009.5,244
2025-07-04T12:28:00+05:30,5009.5,5010.5,5006.0,5006.0,251
2025-07-04T12:29:00+05:30,5009.0,5009.5,5006.0,5009.5,46
2025-07-04T12:30:00+05:30,5009.5,5011.0,5008.5,5011.0,45
2025-07-04T12:31:00+05:30,5010.0,5012.0,5010.0,5011.0,49
2025-07-04T12:32:00+05:30,5011.5,5011.5,5006.0,5010.0,103
2025-07-04T12:33:00+05:30,5010.0,5014.5,5009.5,5014.0,155
2025-07-04T12:34:00+05:30,5014.5,5017.0,5009.0,5015.5,77
2025-07-04T12:35:00+05:30,5015.5,5016.0,5011.0,5013.5,363
2025-07-04T12:36:00+05:30,5015.5,5015.5,5011.0,5012.0,177
2025-07-04T12:37:00+05:30,5013.0,5018.0,5013.0,5018.0,75
2025-07-04T12:38:00+05:30,5016.5,5019.5,5010.5,5013.5,1069
2025-07-04T12:39:00+05:30,5015.0,5015.0,5008.0,5010.5,218
2025-07-04T12:40:00+05:30,5009.5,5011.0,5009.0,5009.0,87
2025-07-04T12:41:00+05:30,5009.0,5011.5,5009.0,5009.0,9
2025-07-04T12:42:00+05:30,5010.0,5010.0,5006.0,5008.0,441
2025-07-04T12:43:00+05:30,5008.0,5008.5,5007.0,5008.0,158
2025-07-04T12:44:00+05:30,5008.0,5008.0,5007.5,5008.0,476
2025-07-04T12:45:00+05:30,5008.0,5008.0,5007.5,5008.0,154
2025-07-04T12:46:00+05:30,5008.0,5008.0,5005.5,5007.0,164
2025-07-04T12:47:00+05:30,5007.0,5007.5,5006.0,5006.5,20
2025-07-04T12:48:00+05:30,5007.5,5010.0,5006.5,5008.5,873
2025-07-04T12:49:00+05:30,5007.5,5008.0,5006.5,5007.5,182
2025-07-04T12:50:00+05:30,5005.5,5007.5,5005.5,5006.5,44
2025-07-04T12:51:00+05:30,5007.5,5007.5,5002.0,5004.5,1197
2025-07-04T12:52:00+05:30,5003.5,5004.5,5003.5,5004.0,57
2025-07-04T12:53:00+05:30,5002.0,5002.5,5000.5,5001.5,32
2025-07-04T12:54:00+05:30,5001.5,5002.5,4996.0,4998.0,273
2025-07-04T12:55:00+05:30,4995.0,4997.0,4995.0,4996.0,72
2025-07-04T12:56:00+05:30,4997.0,4997.5,4996.5,4997.5,58
2025-07-04T12:57:00+05:30,4997.5,4998.0,4997.0,4998.0,16
2025-07-04T12:58:00+05:30,4998.0,4998.0,4997.5,4998.0,34
2025-07-04T12:59:00+05:30,4997.5,4998.0,4997.5,4997.5,21
2025-07-04T13:00:00+05:30,4997.5,5000.0,4997.5,4999.5,165
2025-07-04T13:01:00+05:30,4999.5,4999.5,4997.5,4998.0,173
2025-07-04T13:02:00+05:30,4998.0,5000.0,4996.0,4996.0,132
2025-07-04T13:03:00+05:30,4996.0,5003.0,4996.0,5003.0,405
2025-07-04T13:04:00+05:30,5003.0,5004.0,5000.0,5003.5,222
2025-07-04T13:05:00+05:30,5001.0,5003.5,5001.0,5003.5,8
2025-07-04T13:06:00+05:30,5001.5,5003.0,5001.5,5003.0,318
2025-07-04T13:07:00+05:30,5002.5,5003.0,5001.5,5003.0,192
2025-07-04T13:08:00+05:30,5003.0,5003.5,5003.0,5003.5,17
2025-07-04T13:09:00+05:30,5003.0,5003.5,5003.0,5003.5,29
2025-07-04T13:10:00+05:30,5003.5,5004.0,5002.5,5002.5,134
2025-07-04T13:11:00+05:30,5003.0,5004.0,5003.0,5003.5,20
2025-07-04T13:12:00+05:30,5003.5,5004.5,5003.5,5004.0,44
2025-07-04T13:13:00+05:30,5005.0,5005.5,5004.0,5005.0,770
2025-07-04T13:14:00+05:30,5005.0,5006.5,5004.5,5004.5,250
2025-07-04T13:15:00+05:30,5005.0,5005.5,5003.5,5005.0,288
2025-07-04T13:16:00+05:30,5005.0,5005.0,5003.5,5004.0,64
2025-07-04T13:17:00+05:30,5004.0,5005.5,5004.0,5004.5,132
2025-07-04T13:18:00+05:30,5004.5,5004.5,5002.0,5004.0,117
2025-07-04T13:19:00+05:30,5003.5,5004.5,5003.5,5004.5,39
2025-07-04T13:20:00+05:30,5003.5,5003.5,4997.0,4997.0,223
2025-07-04T13:21:00+05:30,4998.5,4999.5,4998.0,4999.5,35
2025-07-04T13:22:00+05:30,4999.5,4999.5,4999.0,4999.0,36
2025-07-04T13:23:00+05:30,4998.5,4999.0,4997.5,4999.0,14
2025-07-04T13:24:00+05:30,4999.0,4999.0,4995.5,4996.0,189
2025-07-04T13:25:00+05:30,4998.5,4999.0,4995.0,4995.0,75
2025-07-04T13:26:00+05:30,4995.0,4997.0,4995.0,4996.0,113
2025-07-04T13:27:00+05:30,4997.5,4999.0,4995.5,4999.0,67
2025-07-04T13:28:00+05:30,4998.0,4999.0,4998.0,4998.5,63
2025-07-04T13:29:00+05:30,4998.5,4998.5,4997.5,4998.0,67
2025-07-04T13:30:00+05:30,4998.0,4998.0,4994.0,4995.5,196
2025-07-04T13:31:00+05:30,4994.0,4997.0,4994.0,4995.5,17
2025-07-04T13:32:00+05:30,4995.5,4998.0,4995.5,4996.0,292
2025-07-04T13:33:00+05:30,4996.0,4998.5,4996.0,4998.5,26
2025-07-04T13:34:00+05:30,4998.0,4998.5,4998.0,4998.0,11
2025-07-04T13:35:00+05:30,4998.0,4999.0,4996.5,4998.0,102
2025-07-04T13:36:00+05:30,4997.0,4998.5,4995.0,4997.0,77
2025-07-04T13:37:00+05:30,4997.0,4998.5,4995.5,4996.5,76
2025-07-04T13:38:00+05:30,4997.0,4998.5,4997.0,4998.5,11
2025-07-04T13:39:00+05:30,4998.0,5000.0,4998.0,5000.0,48
2025-07-04T13:40:00+05:30,5000.0,5000.0,4995.5,4995.5,281
2025-07-04T13:41:00+05:30,4995.5,4997.0,4995.5,4997.0,45
2025-07-04T13:42:00+05:30,4996.0,4997.0,4996.0,4997.0,9
2025-07-04T13:43:00+05:30,4996.5,4998.0,4996.5,4998.0,34
2025-07-04T13:44:00+05:30,4998.5,4998.5,4998.0,4998.5,22
2025-07-04T13:45:00+05:30,4998.5,4999.0,4998.5,4998.5,60
2025-07-04T13:46:00+05:30,4998.5,4999.0,4998.5,4998.5,20
2025-07-04T13:47:00+05:30,4998.5,5000.5,4998.5,5000.5,78
2025-07-04T13:48:00+05:30,5000.5,5001.0,5000.0,5000.5,120
2025-07-04T13:49:00+05:30,5000.5,5001.0,5000.5,5000.5,15
2025-07-04T13:50:00+05:30,5000.5,5002.0,5000.5,5002.0,39
2025-07-04T13:51:00+05:30,5002.0,5003.0,5001.5,5003.0,51
2025-07-04T13:52:00+05:30,5003.0,5003.0,5002.5,5002.5,60
2025-07-04T13:53:00+05:30,5002.5,5005.0,5002.5,5005.0,174
2025-07-04T13:54:00+05:30,5004.5,5004.5,5003.0,5003.5,245
2025-07-04T13:55:00+05:30,5005.0,5005.0,5003.5,5004.0,10
2025-07-04T13:56:00+05:30,5004.0,5005.0,5004.0,5004.0,37
2025-07-04T13:57:00+05:30,5004.0,5005.0,5004.0,5004.5,21
2025-07-04T13:58:00+05:30,5004.5,5004.5,5004.5,5004.5,27
2025-07-04T13:59:00+05:30,5004.5,5006.5,5004.5,5005.5,91
2025-07-04T14:00:00+05:30,5005.5,5006.5,5005.5,5006.0,74
2025-07-04T14:01:00+05:30,5006.0,5006.0,5002.0,5003.5,300
2025-07-04T14:02:00+05:30,5003.0,5004.5,4998.0,4998.0,93
2025-07-04T14:03:00+05:30,4998.0,4999.0,4996.0,4998.0,70
2025-07-04T14:04:00+05:30,4998.0,5003.0,4996.5,5002.5,299
2025-07-04T14:05:00+05:30,5002.0,5002.0,4999.5,5000.0,73
2025-07-04T14:06:00+05:30,5000.0,5002.0,4999.0,4999.0,173
2025-07-04T14:07:00+05:30,4999.5,5002.0,4998.5,5001.5,60
2025-07-04T14:08:00+05:30,5002.0,5003.5,4999.5,4999.5,289
2025-07-04T14:09:00+05:30,4999.5,4999.5,4991.0,4991.0,1153
2025-07-04T14:10:00+05:30,4991.5,4994.5,4991.0,4994.5,314
2025-07-04T14:11:00+05:30,4991.5,5001.0,4991.5,5001.0,297
2025-07-04T14:12:00+05:30,4999.5,5002.0,4999.5,5000.5,79
2025-07-04T14:13:00+05:30,5000.5,5001.5,5000.5,5000.5,169
2025-07-04T14:14:00+05:30,5000.5,5002.0,4998.5,5000.0,30
2025-07-04T14:15:00+05:30,5000.0,5002.0,5000.0,5000.5,64
2025-07-04T14:16:00+05:30,5000.5,5001.0,5000.0,5000.0,57
2025-07-04T14:17:00+05:30,5000.0,5002.0,5000.0,5001.0,33
2025-07-04T14:18:00+05:30,5002.0,5002.0,4997.0,4998.5,105
2025-07-04T14:19:00+05:30,5000.0,5000.5,5000.0,5000.0,46
2025-07-04T14:20:00+05:30,5000.0,5001.0,5000.0,5000.0,190
2025-07-04T14:21:00+05:30,5000.0,5001.0,5000.0,5001.0,22
2025-07-04T14:22:00+05:30,5001.0,5001.0,4995.5,4997.5,1006
2025-07-04T14:23:00+05:30,4997.0,4999.5,4994.5,4999.5,246
2025-07-04T14:24:00+05:30,4997.5,4999.0,4996.5,4996.5,78
2025-07-04T14:25:00+05:30,4999.0,5002.5,4997.0,5002.5,119
2025-07-04T14:26:00+05:30,5002.5,5005.5,4998.5,4999.0,455
2025-07-04T14:27:00+05:30,5000.5,5003.0,4997.5,4997.5,184
2025-07-04T14:28:00+05:30,5001.0,5002.5,5000.5,5002.5,23
2025-07-04T14:29:00+05:30,5001.5,5004.0,5001.5,5002.5,20
2025-07-04T14:30:00+05:30,5002.5,5004.0,5002.5,5004.0,20
2025-07-04T14:31:00+05:30,5004.0,5005.0,5004.0,5004.5,36
2025-07-04T14:32:00+05:30,5004.0,5005.5,5004.0,5005.5,75
2025-07-04T14:33:00+05:30,5004.0,5005.0,5004.0,5004.0,49
2025-07-04T14:34:00+05:30,5004.0,5006.0,5003.0,5003.0,391
2025-07-04T14:35:00+05:30,5003.0,5006.5,5003.0,5005.0,337
2025-07-04T14:36:00+05:30,5004.5,5009.0,5004.5,5004.5,1865
2025-07-04T14:37:00+05:30,5004.5,5005.0,5004.5,5005.0,76
2025-07-04T14:38:00+05:30,5004.5,5005.0,5004.5,5005.0,8
2025-07-04T14:39:00+05:30,5004.5,5008.0,5004.5,5005.0,1151
2025-07-04T14:40:00+05:30,5005.0,5009.5,5004.5,5005.0,15948
2025-07-04T14:41:00+05:30,5005.0,5013.5,5004.5,5013.5,2373
2025-07-04T14:42:00+05:30,5013.5,5019.5,5009.5,5012.0,2097
2025-07-04T14:43:00+05:30,5011.5,5011.5,5008.5,5009.5,26
2025-07-04T14:44:00+05:30,5009.5,5014.5,5009.5,5014.0,355
2025-07-04T14:45:00+05:30,5014.0,5026.5,5012.0,5023.5,1311
2025-07-04T14:46:00+05:30,5024.5,5026.0,5020.0,5021.0,237
2025-07-04T14:47:00+05:30,5018.5,5022.0,5017.0,5022.0,583
2025-07-04T14:48:00+05:30,5022.0,5023.0,5014.5,5014.5,752
2025-07-04T14:49:00+05:30,5013.5,5022.5,5013.5,5022.5,595
2025-07-04T14:50:00+05:30,5021.0,5021.5,5020.0,5020.5,63
2025-07-04T14:51:00+05:30,5020.0,5021.5,5018.0,5018.0,305
2025-07-04T14:52:00+05:30,5019.0,5020.0,5018.0,5018.0,67
2025-07-04T14:53:00+05:30,5018.0,5019.5,5018.0,5019.5,233
2025-07-04T14:54:00+05:30,5018.5,5019.5,5018.5,5019.0,257
2025-07-04T14:55:00+05:30,5019.5,5019.5,5019.0,5019.0,72
2025-07-04T14:56:00+05:30,5019.0,5019.0,5018.5,5018.5,402
2025-07-04T14:57:00+05:30,5019.0,5019.5,5019.0,5019.0,65
2025-07-04T14:58:00+05:30,5019.5,5019.5,5018.5,5019.5,146
2025-07-04T14:59:00+05:30,5019.5,5019.5,5019.0,5019.0,91
2025-07-04T15:00:00+05:30,5019.5,5029.0,5019.5,5021.0,2396
2025-07-04T15:01:00+05:30,5022.5,5024.0,5021.0,5023.0,852
2025-07-04T15:02:00+05:30,5023.5,5028.0,5020.0,5023.5,2109
2025-07-04T15:03:00+05:30,5023.5,5027.0,5023.5,5027.0,314
2025-07-04T15:04:00+05:30,5027.0,5027.0,5025.0,5025.0,257
2025-07-04T15:05:00+05:30,5026.0,5027.5,5025.0,5027.0,259
2025-07-04T15:06:00+05:30,5026.5,5029.5,5025.5,5028.0,1289
2025-07-04T15:07:00+05:30,5028.5,5030.0,5023.5,5023.5,1461
2025-07-04T15:08:00+05:30,5024.0,5030.0,5023.5,5030.0,995
2025-07-04T15:09:00+05:30,5030.5,5031.5,5025.5,5029.5,805
2025-07-04T15:10:00+05:30,5029.0,5031.0,5026.0,5029.0,555
2025-07-04T15:11:00+05:30,5029.5,5033.0,5029.0,5031.5,957
2025-07-04T15:12:00+05:30,5032.5,5034.0,5031.5,5034.0,356
2025-07-04T15:13:00+05:30,5034.0,5037.0,5033.0,5035.5,711
2025-07-04T15:14:00+05:30,5035.5,5039.5,5035.5,5039.5,443
2025-07-04T15:15:00+05:30,5039.5,5040.5,5034.5,5038.0,1065
2025-07-04T15:16:00+05:30,5038.0,5041.5,5035.5,5041.5,556
2025-07-04T15:17:00+05:30,5041.5,5041.5,5038.5,5041.0,758
2025-07-04T15:18:00+05:30,5041.5,5041.5,5037.5,5041.5,588
2025-07-04T15:19:00+05:30,5041.5,5042.5,5039.5,5042.5,451
2025-07-04T15:20:00+05:30,5042.5,5047.0,5041.5,5045.0,1782
2025-07-04T15:21:00+05:30,5045.0,5047.5,5045.0,5047.5,600
2025-07-04T15:22:00+05:30,5047.5,5050.0,5047.0,5049.5,559
2025-07-04T15:23:00+05:30,5050.0,5059.5,5048.0,5050.0,5034
2025-07-04T15:24:00+05:30,5050.0,5054.0,5049.0,5049.0,1000
2025-07-04T15:25:00+05:30,5049.5,5049.5,5048.0,5048.0,732
2025-07-04T15:26:00+05:30,5048.5,5049.0,5027.5,5027.5,11295
2025-07-04T15:27:00+05:30,5027.5,5039.5,5023.5,5026.0,6151
2025-07-04T15:28:00+05:30,5026.0,5037.5,5017.5,5025.5,8911
2025-07-04T15:29:00+05:30,5025.5,5034.0,5020.0,5027.0,1041
2025-07-07T09:15:00+05:30,5033.0,5033.0,5000.0,5007.5,980
2025-07-07T09:16:00+05:30,5002.0,5002.0,4987.0,4995.5,1974
2025-07-07T09:17:00+05:30,4990.0,4997.0,4984.0,4997.0,919
2025-07-07T09:18:00+05:30,4998.0,5001.5,4993.0,4996.0,677
2025-07-07T09:19:00+05:30,5001.5,5012.5,5001.0,5011.5,662
2025-07-07T09:20:00+05:30,5009.0,5017.5,5009.0,5017.0,426
2025-07-07T09:21:00+05:30,5013.5,5020.0,5007.5,5014.0,1216
2025-07-07T09:22:00+05:30,5014.0,5015.0,5010.5,5015.0,157
2025-07-07T09:23:00+05:30,5013.0,5013.0,5004.5,5008.5,864
2025-07-07T09:24:00+05:30,5011.5,5017.0,5008.5,5012.0,414
2025-07-07T09:25:00+05:30,5009.5,5015.0,5006.5,5008.5,302
2025-07-07T09:26:00+05:30,5011.5,5017.0,5010.5,5013.5,330
2025-07-07T09:27:00+05:30,5013.5,5022.0,5013.5,5020.0,150
2025-07-07T09:28:00+05:30,5020.0,5031.5,5020.0,5031.0,613
2025-07-07T09:29:00+05:30,5031.0,5033.5,5030.5,5033.0,522
2025-07-07T09:30:00+05:30,5037.5,5048.5,5037.5,5048.0,483
2025-07-07T09:31:00+05:30,5047.5,5047.5,5044.0,5044.0,321
2025-07-07T09:32:00+05:30,5047.5,5050.0,5045.5,5047.0,340
2025-07-07T09:33:00+05:30,5048.5,5055.5,5047.0,5053.0,666
2025-07-07T09:34:00+05:30,5056.0,5056.0,5050.0,5053.5,284
2025-07-07T09:35:00+05:30,5051.0,5058.5,5051.0,5058.5,339
2025-07-07T09:36:00+05:30,5057.5,5059.5,5057.0,5059.0,168
2025-07-07T09:37:00+05:30,5058.0,5063.0,5058.0,5058.5,217
2025-07-07T09:38:00+05:30,5058.0,5066.5,5058.0,5061.5,559
2025-07-07T09:39:00+05:30,5058.0,5058.5,5058.0,5058.0,101
2025-07-07T09:40:00+05:30,5058.0,5060.0,5055.5,5060.0,262
2025-07-07T09:41:00+05:30,5058.0,5059.0,5053.5,5053.5,261
2025-07-07T09:42:00+05:30,5054.0,5062.5,5054.0,5062.5,674
2025-07-07T09:43:00+05:30,5064.0,5064.0,5055.0,5057.0,530
2025-07-07T09:44:00+05:30,5054.5,5055.5,5047.0,5047.5,122
2025-07-07T09:45:00+05:30,5047.5,5047.5,5044.0,5046.5,158
2025-07-07T09:46:00+05:30,5044.0,5044.5,5042.0,5044.0,197
2025-07-07T09:47:00+05:30,5047.5,5060.5,5046.0,5055.0,1930
2025-07-07T09:48:00+05:30,5052.5,5056.0,5047.0,5047.0,860
2025-07-07T09:49:00+05:30,5048.5,5051.0,5047.5,5051.0,148
2025-07-07T09:50:00+05:30,5046.0,5046.0,5039.5,5041.0,318
2025-07-07T09:51:00+05:30,5040.0,5045.5,5040.0,5043.0,85
2025-07-07T09:52:00+05:30,5042.5,5042.5,5041.0,5041.0,48
2025-07-07T09:53:00+05:30,5042.0,5054.0,5042.0,5054.0,456
2025-07-07T09:54:00+05:30,5056.5,5060.5,5053.5,5055.0,608
2025-07-07T09:55:00+05:30,5055.0,5057.5,5052.5,5057.5,324
2025-07-07T09:56:00+05:30,5051.0,5053.0,5050.5,5052.0,93
2025-07-07T09:57:00+05:30,5052.0,5055.0,5052.0,5052.0,222
2025-07-07T09:58:00+05:30,5052.5,5056.0,5052.5,5056.0,59
2025-07-07T09:59:00+05:30,5055.0,5055.0,5051.5,5053.0,64
2025-07-07T10:00:00+05:30,5057.5,5067.0,5057.5,5065.0,765
2025-07-07T10:01:00+05:30,5065.0,5065.0,5052.5,5052.5,303
2025-07-07T10:02:00+05:30,5057.0,5060.5,5054.0,5059.5,211
2025-07-07T10:03:00+05:30,5055.0,5057.0,5052.0,5055.0,475
2025-07-07T10:04:00+05:30,5051.5,5053.5,5045.0,5052.5,647
2025-07-07T10:05:00+05:30,5050.0,5053.0,5046.0,5053.0,167
2025-07-07T10:06:00+05:30,5053.0,5053.0,5041.0,5042.5,1893
2025-07-07T10:07:00+05:30,5041.0,5042.5,5037.5,5040.5,135
2025-07-07T10:08:00+05:30,5038.0,5043.0,5038.0,5040.5,916
2025-07-07T10:09:00+05:30,5040.0,5043.0,5040.0,5041.0,124
2025-07-07T10:10:00+05:30,5041.0,5044.0,5040.0,5044.0,211
2025-07-07T10:11:00+05:30,5044.5,5047.5,5041.0,5047.5,152
2025-07-07T10:12:00+05:30,5045.0,5050.0,5044.0,5050.0,290
2025-07-07T10:13:00+05:30,5051.0,5053.0,5045.5,5045.5,313
2025-07-07T10:14:00+05:30,5045.0,5050.5,5045.0,5050.0,531
2025-07-07T10:15:00+05:30,5050.0,5060.0,5050.0,5056.0,1681
2025-07-07T10:16:00+05:30,5057.0,5061.0,5057.0,5060.0,173
2025-07-07T10:17:00+05:30,5060.0,5060.0,5054.5,5054.5,119
2025-07-07T10:18:00+05:30,5052.5,5053.0,5047.5,5052.5,286
2025-07-07T10:19:00+05:30,5050.0,5051.5,5050.0,5050.0,200
2025-07-07T10:20:00+05:30,5051.5,5053.5,5051.5,5052.5,90
2025-07-07T10:21:00+05:30,5054.0,5057.0,5050.5,5051.5,440
2025-07-07T10:22:00+05:30,5051.5,5055.0,5051.0,5053.5,303
2025-07-07T10:23:00+05:30,5053.5,5063.5,5051.5,5063.5,478
2025-07-07T10:24:00+05:30,5063.5,5069.5,5061.5,5068.5,658
2025-07-07T10:25:00+05:30,5068.0,5075.0,5068.0,5073.0,600
2025-07-07T10:26:00+05:30,5073.0,5075.5,5068.0,5072.5,515
2025-07-07T10:27:00+05:30,5070.0,5072.0,5068.0,5070.0,394
2025-07-07T10:28:00+05:30,5071.5,5072.5,5068.0,5070.0,110
2025-07-07T10:29:00+05:30,5068.0,5068.5,5066.5,5066.5,202
2025-07-07T10:30:00+05:30,5069.5,5074.0,5067.0,5073.0,234
2025-07-07T10:31:00+05:30,5074.5,5081.5,5073.5,5078.5,865
2025-07-07T10:32:00+05:30,5077.0,5093.0,5077.0,5086.0,2646
2025-07-07T10:33:00+05:30,5087.5,5090.5,5087.5,5087.5,295
2025-07-07T10:34:00+05:30,5085.5,5091.0,5084.0,5084.5,1227
2025-07-07T10:35:00+05:30,5084.5,5087.5,5083.0,5087.0,1380
2025-07-07T10:36:00+05:30,5087.0,5093.5,5077.0,5077.5,1293
2025-07-07T10:37:00+05:30,5077.5,5080.5,5076.5,5076.5,456
2025-07-07T10:38:00+05:30,5080.0,5081.5,5077.0,5077.0,275
2025-07-07T10:39:00+05:30,5077.5,5079.0,5076.5,5079.0,268
2025-07-07T10:40:00+05:30,5078.5,5080.0,5075.0,5075.0,236
2025-07-07T10:41:00+05:30,5075.5,5082.0,5075.0,5080.0,307
2025-07-07T10:42:00+05:30,5080.0,5083.0,5078.0,5079.0,475
2025-07-07T10:43:00+05:30,5079.0,5082.5,5079.0,5080.0,211
2025-07-07T10:44:00+05:30,5080.0,5084.0,5080.0,5082.5,724
2025-07-07T10:45:00+05:30,5082.5,5095.5,5081.5,5092.0,1507
2025-07-07T10:46:00+05:30,5092.5,5098.0,5092.5,5093.5,735
2025-07-07T10:47:00+05:30,5093.5,5093.5,5086.5,5086.5,563
2025-07-07T10:48:00+05:30,5086.5,5086.5,5082.0,5082.0,473
2025-07-07T10:49:00+05:30,5082.5,5083.5,5077.5,5082.5,612
2025-07-07T10:50:00+05:30,5082.0,5085.0,5080.0,5083.0,670
2025-07-07T10:51:00+05:30,5083.5,5095.5,5083.5,5092.0,937
2025-07-07T10:52:00+05:30,5092.0,5095.5,5090.0,5091.0,373
2025-07-07T10:53:00+05:30,5094.0,5094.0,5088.5,5090.0,440
2025-07-07T10:54:00+05:30,5088.5,5091.0,5087.0,5088.5,150
2025-07-07T10:55:00+05:30,5093.0,5095.0,5090.5,5094.0,271
2025-07-07T10:56:00+05:30,5095.0,5096.0,5091.0,5091.0,239
2025-07-07T10:57:00+05:30,5090.0,5094.0,5090.0,5090.5,123
2025-07-07T10:58:00+05:30,5096.0,5097.5,5095.0,5097.5,333
2025-07-07T10:59:00+05:30,5095.0,5095.0,5091.5,5093.5,597
2025-07-07T11:00:00+05:30,5096.0,5097.5,5094.0,5095.5,231
2025-07-07T11:01:00+05:30,5097.0,5110.0,5097.0,5110.0,3543
2025-07-07T11:02:00+05:30,5111.0,5115.0,5107.5,5108.0,1132
2025-07-07T11:03:00+05:30,5108.0,5112.0,5105.5,5109.0,437
2025-07-07T11:04:00+05:30,5108.0,5108.0,5103.0,5103.0,474
2025-07-07T11:05:00+05:30,5103.0,5106.0,5099.0,5099.0,777
2025-07-07T11:06:00+05:30,5099.0,5099.0,5088.0,5088.0,6397
2025-07-07T11:07:00+05:30,5087.5,5091.0,5080.0,5091.0,6623
2025-07-07T11:08:00+05:30,5091.0,5092.0,5085.0,5088.5,589
2025-07-07T11:09:00+05:30,5089.5,5092.5,5087.0,5087.0,719
2025-07-07T11:10:00+05:30,5087.0,5090.0,5087.0,5090.0,131
2025-07-07T11:11:00+05:30,5090.0,5090.0,5085.0,5085.0,332
2025-07-07T11:12:00+05:30,5084.5,5084.5,5075.0,5075.0,2607
2025-07-07T11:13:00+05:30,5075.0,5075.0,5071.0,5071.0,684
2025-07-07T11:14:00+05:30,5072.5,5074.0,5068.5,5068.5,347
2025-07-07T11:15:00+05:30,5071.0,5075.0,5071.0,5075.0,1502
2025-07-07T11:16:00+05:30,5073.0,5073.5,5070.0,5070.0,284
2025-07-07T11:17:00+05:30,5070.0,5070.0,5066.0,5066.0,284
2025-07-07T11:18:00+05:30,5067.0,5074.5,5066.0,5074.5,748
2025-07-07T11:19:00+05:30,5072.0,5072.5,5064.0,5067.5,7658
2025-07-07T11:20:00+05:30,5066.0,5069.5,5066.0,5066.5,3666
2025-07-07T11:21:00+05:30,5068.0,5068.5,5066.5,5066.5,324
2025-07-07T11:22:00+05:30,5066.5,5068.0,5065.0,5066.0,138
2025-07-07T11:23:00+05:30,5065.0,5068.0,5064.5,5065.0,569
2025-07-07T11:24:00+05:30,5065.0,5068.5,5059.0,5068.5,3398
2025-07-07T11:25:00+05:30,5064.0,5065.0,5059.5,5059.5,1467
2025-07-07T11:26:00+05:30,5057.0,5060.0,5053.5,5056.0,6925
2025-07-07T11:27:00+05:30,5056.5,5057.5,5051.0,5054.5,3708
2025-07-07T11:28:00+05:30,5056.0,5060.0,5053.5,5059.0,224
2025-07-07T11:29:00+05:30,5060.5,5060.5,5056.5,5057.0,743
2025-07-07T11:30:00+05:30,5055.5,5055.5,5050.0,5050.5,361
2025-07-07T11:31:00+05:30,5050.0,5052.0,5041.0,5042.5,4122
2025-07-07T11:32:00+05:30,5042.5,5045.5,5040.0,5043.0,4378
2025-07-07T11:33:00+05:30,5040.5,5042.0,5040.0,5041.5,409
2025-07-07T11:34:00+05:30,5042.0,5042.0,5037.0,5039.0,898
2025-07-07T11:35:00+05:30,5042.0,5042.5,5039.5,5042.5,294
2025-07-07T11:36:00+05:30,5041.0,5044.0,5041.0,5042.0,229
2025-07-07T11:37:00+05:30,5042.5,5044.5,5041.0,5042.0,218
2025-07-07T11:38:00+05:30,5041.0,5042.0,5038.5,5042.0,1442
2025-07-07T11:39:00+05:30,5042.0,5044.0,5040.5,5042.0,241
2025-07-07T11:40:00+05:30,5043.0,5044.0,5040.0,5043.5,232
2025-07-07T11:41:00+05:30,5042.0,5044.0,5041.0,5041.0,186
2025-07-07T11:42:00+05:30,5042.0,5043.5,5041.0,5041.5,207
2025-07-07T11:43:00+05:30,5043.5,5044.0,5041.0,5041.5,194
2025-07-07T11:44:00+05:30,5042.5,5043.0,5041.0,5042.5,197
2025-07-07T11:45:00+05:30,5043.0,5043.0,5038.5,5038.5,393
2025-07-07T11:46:00+05:30,5039.0,5040.0,5038.0,5040.0,270
2025-07-07T11:47:00+05:30,5038.5,5039.0,5036.0,5036.5,575
2025-07-07T11:48:00+05:30,5036.5,5038.5,5036.0,5036.0,525
2025-07-07T11:49:00+05:30,5036.0,5038.0,5035.5,5038.0,381
2025-07-07T11:50:00+05:30,5036.0,5044.5,5036.0,5044.0,1650
2025-07-07T11:51:00+05:30,5045.0,5045.0,5040.0,5041.0,410
2025-07-07T11:52:00+05:30,5041.0,5041.0,5037.0,5040.0,1222
2025-07-07T11:53:00+05:30,5038.5,5038.5,5035.5,5038.0,340
2025-07-07T11:54:00+05:30,5035.5,5038.5,5035.0,5037.0,469
2025-07-07T11:55:00+05:30,5035.0,5038.0,5035.0,5037.5,503
2025-07-07T11:56:00+05:30,5039.0,5040.0,5038.0,5040.0,3127
2025-07-07T11:57:00+05:30,5039.5,5044.0,5039.0,5042.5,7966
2025-07-07T11:58:00+05:30,5042.5,5048.5,5042.5,5045.5,1804
2025-07-07T11:59:00+05:30,5045.0,5047.5,5045.0,5046.0,172
2025-07-07T12:00:00+05:30,5046.0,5048.0,5045.0,5048.0,180
2025-07-07T12:01:00+05:30,5050.5,5050.5,5046.0,5046.0,702
2025-07-07T12:02:00+05:30,5045.0,5048.5,5041.5,5046.0,1041
2025-07-07T12:03:00+05:30,5047.0,5047.0,5045.0,5045.0,292
2025-07-07T12:04:00+05:30,5045.0,5045.0,5041.0,5041.0,1536
2025-07-07T12:05:00+05:30,5038.0,5038.5,5035.5,5036.0,540
2025-07-07T12:06:00+05:30,5036.0,5038.5,5035.0,5037.5,685
2025-07-07T12:07:00+05:30,5037.5,5037.5,5035.0,5036.0,379
2025-07-07T12:08:00+05:30,5036.5,5038.0,5035.0,5035.0,477
2025-07-07T12:09:00+05:30,5035.0,5035.5,5034.0,5035.0,393
2025-07-07T12:10:00+05:30,5034.5,5035.5,5032.5,5033.0,1691
2025-07-07T12:11:00+05:30,5035.0,5037.5,5032.5,5034.5,1350
2025-07-07T12:12:00+05:30,5035.0,5035.0,5032.5,5033.5,215
2025-07-07T12:13:00+05:30,5033.5,5034.5,5030.5,5030.5,258
2025-07-07T12:14:00+05:30,5030.0,5031.5,5028.0,5028.5,386
2025-07-07T12:15:00+05:30,5027.5,5027.5,5024.0,5026.0,515
2025-07-07T12:16:00+05:30,5026.5,5026.5,5023.0,5023.5,456
2025-07-07T12:17:00+05:30,5021.0,5027.5,5021.0,5023.0,9710
2025-07-07T12:18:00+05:30,5023.5,5027.5,5020.0,5027.5,4498
2025-07-07T12:19:00+05:30,5024.0,5030.5,5024.0,5030.0,322
2025-07-07T12:20:00+05:30,5029.0,5031.0,5028.0,5030.5,280
2025-07-07T12:21:00+05:30,5030.5,5032.0,5029.5,5032.0,362
2025-07-07T12:22:00+05:30,5030.0,5031.0,5030.0,5031.0,171
2025-07-07T12:23:00+05:30,5031.0,5032.5,5029.0,5030.0,556
2025-07-07T12:24:00+05:30,5030.5,5030.5,5022.5,5024.0,3036
2025-07-07T12:25:00+05:30,5025.5,5034.0,5025.5,5031.0,5301
2025-07-07T12:26:00+05:30,5032.0,5032.0,5028.0,5031.0,1564
2025-07-07T12:27:00+05:30,5030.0,5030.0,5027.5,5028.0,1613
2025-07-07T12:28:00+05:30,5028.5,5031.5,5025.0,5025.5,3008
2025-07-07T12:29:00+05:30,5026.0,5026.0,5022.0,5025.5,1528
2025-07-07T12:30:00+05:30,5023.5,5025.5,5022.0,5025.0,1932
2025-07-07T12:31:00+05:30,5023.0,5025.0,5021.5,5025.0,802
2025-07-07T12:32:00+05:30,5023.0,5024.5,5022.0,5024.5,632
2025-07-07T12:33:00+05:30,5027.5,5038.0,5026.5,5035.0,457
2025-07-07T12:34:00+05:30,5035.0,5037.0,5032.0,5033.5,712
2025-07-07T12:35:00+05:30,5033.0,5036.0,5032.5,5036.0,444
2025-07-07T12:36:00+05:30,5035.5,5037.0,5033.0,5036.5,251
2025-07-07T12:37:00+05:30,5038.0,5040.0,5036.5,5040.0,681
2025-07-07T12:38:00+05:30,5036.5,5038.0,5035.0,5035.5,407
2025-07-07T12:39:00+05:30,5035.5,5036.5,5034.0,5036.5,217
2025-07-07T12:40:00+05:30,5036.5,5037.5,5032.5,5037.0,499
2025-07-07T12:41:00+05:30,5035.0,5037.0,5032.5,5034.0,269
2025-07-07T12:42:00+05:30,5033.5,5037.5,5033.5,5036.0,137
2025-07-07T12:43:00+05:30,5036.0,5037.5,5036.0,5037.5,164
2025-07-07T12:44:00+05:30,5037.5,5037.5,5020.0,5021.0,8440
2025-07-07T12:45:00+05:30,5021.5,5025.5,5021.5,5023.5,2231
2025-07-07T12:46:00+05:30,5024.5,5027.0,5024.0,5026.5,457
2025-07-07T12:47:00+05:30,5027.5,5027.5,5023.5,5024.0,221
2025-07-07T12:48:00+05:30,5024.0,5025.0,5023.0,5024.0,242
2025-07-07T12:49:00+05:30,5023.5,5024.0,5023.5,5024.0,280
2025-07-07T12:50:00+05:30,5023.5,5024.5,5020.0,5022.0,406
2025-07-07T12:51:00+05:30,5022.5,5024.5,5021.0,5023.5,211
2025-07-07T12:52:00+05:30,5023.5,5027.0,5023.0,5026.5,204
2025-07-07T12:53:00+05:30,5025.0,5026.5,5022.5,5024.0,401
2025-07-07T12:54:00+05:30,5025.0,5025.0,5022.5,5025.0,210
2025-07-07T12:55:00+05:30,5026.0,5026.0,5023.0,5025.0,268
2025-07-07T12:56:00+05:30,5025.0,5025.5,5022.5,5024.0,219
2025-07-07T12:57:00+05:30,5024.0,5024.0,5021.0,5021.0,404
2025-07-07T12:58:00+05:30,5021.0,5021.0,5015.0,5017.0,786
2025-07-07T12:59:00+05:30,5014.5,5015.5,5011.5,5014.5,14169
2025-07-07T13:00:00+05:30,5016.0,5016.0,5012.5,5013.0,1736
2025-07-07T13:01:00+05:30,5013.0,5018.0,5013.0,5016.0,543
2025-07-07T13:02:00+05:30,5017.0,5017.0,5015.5,5016.0,174
2025-07-07T13:03:00+05:30,5016.5,5017.5,5016.5,5017.5,232
2025-07-07T13:04:00+05:30,5017.5,5017.5,5016.5,5017.0,187
2025-07-07T13:05:00+05:30,5015.5,5017.5,5015.5,5017.0,275
2025-07-07T13:06:00+05:30,5019.0,5019.5,5018.0,5018.5,945
2025-07-07T13:07:00+05:30,5020.0,5027.5,5020.0,5023.5,1375
2025-07-07T13:08:00+05:30,5025.5,5030.0,5023.5,5025.5,994
2025-07-07T13:09:00+05:30,5024.0,5028.0,5023.5,5027.0,207
2025-07-07T13:10:00+05:30,5025.5,5026.5,5024.0,5025.0,250
2025-07-07T13:11:00+05:30,5024.0,5027.5,5024.0,5027.0,214
2025-07-07T13:12:00+05:30,5026.5,5030.0,5026.5,5030.0,213
2025-07-07T13:13:00+05:30,5027.5,5031.0,5026.5,5031.0,1612
2025-07-07T13:14:00+05:30,5030.0,5030.5,5029.0,5030.0,162
2025-07-07T13:15:00+05:30,5030.0,5031.5,5029.0,5031.5,168
2025-07-07T13:16:00+05:30,5030.0,5033.5,5030.0,5032.5,899
2025-07-07T13:17:00+05:30,5032.5,5033.0,5031.5,5033.0,295
2025-07-07T13:18:00+05:30,5033.0,5035.5,5032.5,5032.5,160
2025-07-07T13:19:00+05:30,5032.5,5035.0,5032.0,5033.5,236
2025-07-07T13:20:00+05:30,5033.5,5033.5,5032.0,5032.5,136
2025-07-07T13:21:00+05:30,5032.5,5033.5,5028.5,5029.0,608
2025-07-07T13:22:00+05:30,5029.5,5031.0,5029.0,5030.0,208
2025-07-07T13:23:00+05:30,5030.0,5031.0,5030.0,5030.5,339
2025-07-07T13:24:00+05:30,5030.5,5032.0,5028.5,5029.0,268
2025-07-07T13:25:00+05:30,5028.0,5030.0,5028.0,5030.0,156
2025-07-07T13:26:00+05:30,5030.0,5033.0,5026.0,5031.5,518
2025-07-07T13:27:00+05:30,5030.0,5030.5,5030.0,5030.0,168
2025-07-07T13:28:00+05:30,5030.0,5030.0,5015.0,5015.0,5939
2025-07-07T13:29:00+05:30,5015.0,5016.5,5013.5,5016.0,2885
2025-07-07T13:30:00+05:30,5015.5,5016.0,5012.0,5015.5,271
2025-07-07T13:31:00+05:30,5015.5,5015.5,5014.0,5014.5,362
2025-07-07T13:32:00+05:30,5014.0,5014.0,5010.0,5012.5,719
2025-07-07T13:33:00+05:30,5011.0,5016.0,5008.0,5008.0,12701
2025-07-07T13:34:00+05:30,5008.0,5016.5,5007.0,5016.5,4130
2025-07-07T13:35:00+05:30,5016.5,5017.0,5014.0,5016.0,1087
2025-07-07T13:36:00+05:30,5016.0,5017.0,5015.5,5016.0,206
2025-07-07T13:37:00+05:30,5015.5,5016.0,5014.5,5015.0,369
2025-07-07T13:38:00+05:30,5016.5,5016.5,5015.0,5015.5,187
2025-07-07T13:39:00+05:30,5015.5,5016.5,5014.0,5015.0,327
2025-07-07T13:40:00+05:30,5015.5,5015.5,5011.5,5015.5,389
2025-07-07T13:41:00+05:30,5015.5,5016.5,5012.5,5015.0,183
2025-07-07T13:42:00+05:30,5014.0,5014.0,5011.5,5011.5,330
2025-07-07T13:43:00+05:30,5011.0,5013.0,5010.0,5013.0,202
2025-07-07T13:44:00+05:30,5013.0,5013.0,5011.5,5012.5,275
2025-07-07T13:45:00+05:30,5012.0,5012.5,5011.5,5012.5,323
2025-07-07T13:46:00+05:30,5011.5,5013.0,5011.0,5011.0,391
2025-07-07T13:47:00+05:30,5010.0,5011.5,5009.0,5011.5,193
2025-07-07T13:48:00+05:30,5012.5,5013.0,5010.5,5013.0,181
2025-07-07T13:49:00+05:30,5013.5,5015.5,5011.5,5015.5,199
2025-07-07T13:50:00+05:30,5013.5,5015.5,5013.5,5015.5,351
2025-07-07T13:51:00+05:30,5013.5,5013.5,5012.5,5013.0,193
2025-07-07T13:52:00+05:30,5012.5,5014.0,5011.5,5012.0,199
2025-07-07T13:53:00+05:30,5010.5,5012.5,5010.0,5012.5,446
2025-07-07T13:54:00+05:30,5010.5,5014.5,5010.5,5011.5,332
2025-07-07T13:55:00+05:30,5010.0,5013.5,5010.0,5013.0,179
2025-07-07T13:56:00+05:30,5014.0,5015.5,5013.0,5013.5,201
2025-07-07T13:57:00+05:30,5013.5,5014.0,5010.0,5010.5,228
2025-07-07T13:58:00+05:30,5010.5,5014.5,5010.5,5014.0,326
2025-07-07T13:59:00+05:30,5013.0,5013.5,5010.0,5011.0,180
2025-07-07T14:00:00+05:30,5013.0,5013.0,5010.0,5011.0,169
2025-07-07T14:01:00+05:30,5012.0,5014.5,5011.0,5012.5,505
2025-07-07T14:02:00+05:30,5012.5,5012.5,5009.5,5011.5,160
2025-07-07T14:03:00+05:30,5011.5,5012.5,5010.0,5012.5,214
2025-07-07T14:04:00+05:30,5012.0,5013.0,5010.0,5010.0,281
2025-07-07T14:05:00+05:30,5011.5,5012.5,5010.0,5012.5,232
2025-07-07T14:06:00+05:30,5013.0,5013.0,5009.5,5010.0,180
2025-07-07T14:07:00+05:30,5011.0,5013.0,5008.0,5013.0,580
2025-07-07T14:08:00+05:30,5013.0,5015.5,5008.5,5015.5,773
2025-07-07T14:09:00+05:30,5014.0,5014.0,5012.0,5013.0,506
2025-07-07T14:10:00+05:30,5011.5,5011.5,5008.5,5009.5,1088
2025-07-07T14:11:00+05:30,5009.0,5010.0,5008.5,5008.5,710
2025-07-07T14:12:00+05:30,5007.0,5008.5,5005.0,5008.0,2436
2025-07-07T14:13:00+05:30,5006.0,5006.0,4998.5,5000.0,5607
2025-07-07T14:14:00+05:30,4999.5,5008.0,4998.5,5007.0,1981
2025-07-07T14:15:00+05:30,5007.5,5007.5,4999.5,5003.0,2239
2025-07-07T14:16:00+05:30,5002.5,5004.5,5001.0,5001.0,9583
2025-07-07T14:17:00+05:30,5000.5,5011.5,5000.5,5011.0,1309
2025-07-07T14:18:00+05:30,5011.5,5011.5,5008.5,5010.0,429
2025-07-07T14:19:00+05:30,5010.0,5012.5,5008.0,5008.5,1330
2025-07-07T14:20:00+05:30,5009.0,5009.0,5007.5,5008.0,185
2025-07-07T14:21:00+05:30,5008.0,5011.0,5008.0,5011.0,467
2025-07-07T14:22:00+05:30,5012.0,5012.5,5011.0,5012.5,298
2025-07-07T14:23:00+05:30,5012.0,5012.5,5011.0,5011.5,219
2025-07-07T14:24:00+05:30,5011.5,5012.0,5008.5,5009.0,459
2025-07-07T14:25:00+05:30,5008.5,5010.0,5001.5,5002.0,2353
2025-07-07T14:26:00+05:30,5001.5,5001.5,4998.0,4998.5,1853
2025-07-07T14:27:00+05:30,4998.5,5000.0,4998.0,4998.0,883
2025-07-07T14:28:00+05:30,4998.0,4998.0,4996.5,4997.5,342
2025-07-07T14:29:00+05:30,4997.5,4999.0,4996.0,4996.0,342
2025-07-07T14:30:00+05:30,4996.0,4999.0,4995.5,4998.0,772
2025-07-07T14:31:00+05:30,4998.0,4998.0,4988.5,4988.5,1635
2025-07-07T14:32:00+05:30,4988.5,4990.0,4988.5,4990.0,585
2025-07-07T14:33:00+05:30,4989.5,4990.5,4988.0,4988.0,278
2025-07-07T14:34:00+05:30,4988.0,4989.0,4986.5,4986.5,206
2025-07-07T14:35:00+05:30,4987.0,4990.0,4985.5,4985.5,1082
2025-07-07T14:36:00+05:30,4986.5,4989.5,4986.5,4987.5,525
2025-07-07T14:37:00+05:30,4987.5,4991.0,4987.5,4989.5,390
2025-07-07T14:38:00+05:30,4989.5,4996.5,4989.0,4990.0,1162
2025-07-07T14:39:00+05:30,4991.0,4995.5,4989.0,4989.0,578
2025-07-07T14:40:00+05:30,4990.0,4993.5,4989.0,4991.5,362
2025-07-07T14:41:00+05:30,4992.0,4994.5,4991.5,4993.0,496
2025-07-07T14:42:00+05:30,4993.5,4995.0,4992.0,4993.0,323
2025-07-07T14:43:00+05:30,4993.5,4994.5,4989.5,4991.5,1124
2025-07-07T14:44:00+05:30,4990.0,4992.5,4989.5,4989.5,282
2025-07-07T14:45:00+05:30,4990.0,4992.0,4989.5,4990.0,231
2025-07-07T14:46:00+05:30,4990.0,4990.5,4990.0,4990.0,227
2025-07-07T14:47:00+05:30,4990.5,4990.5,4990.0,4990.5,290
2025-07-07T14:48:00+05:30,4992.5,4995.5,4991.0,4993.0,505
2025-07-07T14:49:00+05:30,4993.0,4993.0,4988.0,4991.0,972
2025-07-07T14:50:00+05:30,4990.5,4991.0,4988.5,4989.0,265
2025-07-07T14:51:00+05:30,4989.0,4991.0,4989.0,4989.0,715
2025-07-07T14:52:00+05:30,4989.0,4991.5,4988.5,4990.5,271
2025-07-07T14:53:00+05:30,4991.0,4992.0,4988.0,4989.0,704
2025-07-07T14:54:00+05:30,4989.0,4989.0,4988.0,4988.5,257
2025-07-07T14:55:00+05:30,4990.0,4992.5,4989.5,4990.5,285
2025-07-07T14:56:00+05:30,4990.5,4995.0,4990.5,4995.0,510
2025-07-07T14:57:00+05:30,4996.5,4999.0,4993.0,4993.5,902
2025-07-07T14:58:00+05:30,4997.5,4997.5,4994.0,4995.0,544
2025-07-07T14:59:00+05:30,4994.5,4997.5,4994.5,4997.0,1507
2025-07-07T15:00:00+05:30,4997.5,4998.5,4997.5,4998.0,702
2025-07-07T15:01:00+05:30,4997.5,4998.0,4997.5,4998.0,263
2025-07-07T15:02:00+05:30,5000.0,5000.0,4999.5,4999.5,1802
2025-07-07T15:03:00+05:30,4999.5,5000.0,4999.0,5000.0,775
2025-07-07T15:04:00+05:30,5000.0,5000.0,4999.5,4999.5,881
2025-07-07T15:05:00+05:30,5000.0,5000.0,4999.5,4999.5,842
2025-07-07T15:06:00+05:30,4999.5,4999.5,4998.5,4998.5,862
2025-07-07T15:07:00+05:30,4999.0,4999.0,4999.0,4999.0,1019
2025-07-07T15:08:00+05:30,4999.0,4999.5,4998.5,4999.5,1149
2025-07-07T15:09:00+05:30,4999.5,5003.5,4999.0,5003.5,2697
2025-07-07T15:10:00+05:30,5002.0,5002.0,4997.0,4997.0,1561
2025-07-07T15:11:00+05:30,4999.5,5000.0,4998.5,4998.5,1801
2025-07-07T15:12:00+05:30,4998.5,4998.5,4997.0,4997.0,968
2025-07-07T15:13:00+05:30,4998.5,4999.5,4997.0,4999.0,961
2025-07-07T15:14:00+05:30,5000.0,5000.0,4998.0,4998.5,1065
2025-07-07T15:15:00+05:30,4998.5,4998.5,4997.5,4998.0,1251
2025-07-07T15:16:00+05:30,5000.0,5000.5,4998.5,4999.5,2170
2025-07-07T15:17:00+05:30,4999.0,5000.0,4999.0,5000.0,1243
2025-07-07T15:18:00+05:30,4999.5,4999.5,4998.5,4999.5,1097
2025-07-07T15:19:00+05:30,4999.5,4999.5,4998.5,4998.5,1181
2025-07-07T15:20:00+05:30,4999.0,5000.0,4999.0,4999.5,1249
2025-07-07T15:21:00+05:30,4999.5,5000.0,4999.5,4999.5,1349
2025-07-07T15:22:00+05:30,5000.0,5000.0,4999.5,4999.5,1717
2025-07-07T15:23:00+05:30,5000.0,5000.0,4999.5,4999.5,1701
2025-07-07T15:24:00+05:30,4999.0,4999.5,4998.5,4998.5,1457
2025-07-07T15:25:00+05:30,4998.5,4998.5,4997.0,4997.0,2894
2025-07-07T15:26:00+05:30,4997.5,4997.5,4996.0,4996.0,1487
2025-07-07T15:27:00+05:30,4996.0,4996.5,4995.5,4996.0,1195
2025-07-07T15:28:00+05:30,4996.0,4999.0,4995.5,4999.0,1589
2025-07-07T15:29:00+05:30,4995.5,4999.5,4995.5,4999.5,1176
2025-07-08T09:15:00+05:30,5024.0,5085.0,5021.0,5057.0,6251
2025-07-08T09:16:00+05:30,5057.0,5098.5,5055.5,5094.0,4389
2025-07-08T09:17:00+05:30,5094.5,5105.0,5091.0,5093.0,3940
2025-07-08T09:18:00+05:30,5095.0,5116.0,5095.0,5115.0,6316
2025-07-08T09:19:00+05:30,5116.5,5145.5,5113.5,5145.0,8325
2025-07-08T09:20:00+05:30,5142.5,5162.0,5133.5,5155.0,10735
2025-07-08T09:21:00+05:30,5152.5,5157.0,5127.0,5130.5,13337
2025-07-08T09:22:00+05:30,5130.5,5133.5,5112.5,5122.0,4548
2025-07-08T09:23:00+05:30,5123.0,5124.0,5106.5,5110.0,4540
2025-07-08T09:24:00+05:30,5110.0,5136.0,5107.5,5131.0,3626
2025-07-08T09:25:00+05:30,5131.5,5132.0,5120.5,5121.5,1935
2025-07-08T09:26:00+05:30,5121.5,5125.5,5114.0,5116.5,1004
2025-07-08T09:27:00+05:30,5114.0,5125.0,5113.0,5114.5,1189
2025-07-08T09:28:00+05:30,5114.5,5119.0,5110.5,5112.0,1417
2025-07-08T09:29:00+05:30,5112.5,5120.0,5110.0,5112.0,1108
2025-07-08T09:30:00+05:30,5114.5,5125.0,5112.0,5117.0,1502
2025-07-08T09:31:00+05:30,5118.0,5122.0,5115.0,5120.5,1134
2025-07-08T09:32:00+05:30,5121.0,5123.0,5116.5,5116.5,865
2025-07-08T09:33:00+05:30,5117.5,5118.0,5101.0,5104.5,5044
2025-07-08T09:34:00+05:30,5106.0,5113.0,5104.5,5107.0,3331
2025-07-08T09:35:00+05:30,5107.0,5110.5,5104.5,5110.5,974
2025-07-08T09:36:00+05:30,5109.5,5110.5,5105.0,5105.0,663
2025-07-08T09:37:00+05:30,5105.5,5105.5,5094.5,5098.5,1630
2025-07-08T09:38:00+05:30,5099.0,5108.5,5095.0,5104.0,1131
2025-07-08T09:39:00+05:30,5105.0,5107.0,5103.5,5106.5,563
2025-07-08T09:40:00+05:30,5107.0,5114.0,5106.0,5106.0,1365
2025-07-08T09:41:00+05:30,5105.0,5107.0,5099.5,5101.0,858
2025-07-08T09:42:00+05:30,5101.0,5107.5,5101.0,5103.0,588
2025-07-08T09:43:00+05:30,5103.0,5112.5,5093.5,5107.0,3128
2025-07-08T09:44:00+05:30,5107.0,5114.0,5101.0,5105.5,1287
2025-07-08T09:45:00+05:30,5106.0,5111.0,5105.5,5107.5,555
2025-07-08T09:46:00+05:30,5108.0,5123.0,5108.0,5120.0,2691
2025-07-08T09:47:00+05:30,5120.5,5129.5,5120.5,5122.5,1689
2025-07-08T09:48:00+05:30,5124.0,5127.5,5121.5,5121.5,1442
2025-07-08T09:49:00+05:30,5121.5,5123.0,5116.0,5123.0,1295
2025-07-08T09:50:00+05:30,5123.0,5132.0,5122.5,5129.5,4160
2025-07-08T09:51:00+05:30,5127.0,5135.0,5127.0,5127.0,2217
2025-07-08T09:52:00+05:30,5127.5,5128.0,5124.0,5124.0,716
2025-07-08T09:53:00+05:30,5124.0,5124.5,5111.0,5113.5,1984
2025-07-08T09:54:00+05:30,5114.0,5118.5,5111.0,5111.0,469
2025-07-08T09:55:00+05:30,5111.0,5120.5,5111.0,5120.0,688
2025-07-08T09:56:00+05:30,5120.0,5123.5,5118.0,5120.0,643
2025-07-08T09:57:00+05:30,5120.0,5120.0,5112.5,5115.0,1198
2025-07-08T09:58:00+05:30,5113.0,5115.0,5112.0,5113.0,717
2025-07-08T09:59:00+05:30,5113.5,5116.0,5113.5,5114.0,234
2025-07-08T10:00:00+05:30,5115.0,5116.5,5105.5,5108.0,1298
2025-07-08T10:01:00+05:30,5108.0,5119.5,5107.5,5119.5,933
2025-07-08T10:02:00+05:30,5120.0,5124.0,5114.0,5124.0,1814
2025-07-08T10:03:00+05:30,5122.0,5125.5,5121.0,5123.5,981
2025-07-08T10:04:00+05:30,5123.0,5124.0,5120.5,5121.0,251
2025-07-08T10:05:00+05:30,5123.5,5124.0,5120.0,5123.5,358
2025-07-08T10:06:00+05:30,5123.5,5124.0,5119.5,5122.0,338
2025-07-08T10:07:00+05:30,5122.0,5122.0,5116.5,5116.5,620
2025-07-08T10:08:00+05:30,5117.0,5122.0,5116.0,5122.0,583
2025-07-08T10:09:00+05:30,5121.5,5122.0,5118.5,5120.0,299
2025-07-08T10:10:00+05:30,5121.0,5127.0,5116.5,5122.0,901
2025-07-08T10:11:00+05:30,5123.0,5125.0,5117.5,5119.5,482
2025-07-08T10:12:00+05:30,5118.5,5120.0,5117.5,5120.0,357
2025-07-08T10:13:00+05:30,5120.0,5120.5,5114.0,5117.5,1137
2025-07-08T10:14:00+05:30,5119.0,5125.0,5116.0,5119.5,4080
2025-07-08T10:15:00+05:30,5120.0,5120.0,5117.0,5118.5,279
2025-07-08T10:16:00+05:30,5119.5,5120.0,5115.0,5120.0,380
2025-07-08T10:17:00+05:30,5119.0,5123.0,5118.0,5120.0,2235
2025-07-08T10:18:00+05:30,5120.0,5124.0,5118.5,5120.0,11653
2025-07-08T10:19:00+05:30,5120.0,5147.5,5120.0,5147.0,11371
2025-07-08T10:20:00+05:30,5147.5,5152.0,5141.5,5143.0,4605
2025-07-08T10:21:00+05:30,5145.0,5145.5,5136.0,5136.0,1038
2025-07-08T10:22:00+05:30,5136.5,5140.0,5135.0,5138.5,1135
2025-07-08T10:23:00+05:30,5137.5,5138.0,5132.5,5134.5,599
2025-07-08T10:24:00+05:30,5134.0,5134.5,5132.5,5134.0,324
2025-07-08T10:25:00+05:30,5134.0,5138.5,5133.5,5138.5,1158
2025-07-08T10:26:00+05:30,5138.0,5140.0,5136.5,5140.0,710
2025-07-08T10:27:00+05:30,5140.0,5142.0,5137.0,5142.0,1272
2025-07-08T10:28:00+05:30,5142.0,5149.0,5141.0,5147.5,2083
2025-07-08T10:29:00+05:30,5147.5,5152.0,5145.5,5152.0,2118
2025-07-08T10:30:00+05:30,5152.0,5169.5,5148.5,5166.0,7166
2025-07-08T10:31:00+05:30,5166.0,5169.5,5153.5,5157.0,3641
2025-07-08T10:32:00+05:30,5154.0,5157.5,5149.0,5155.0,1263
2025-07-08T10:33:00+05:30,5155.0,5159.0,5151.0,5154.0,1175
2025-07-08T10:34:00+05:30,5154.0,5154.0,5140.5,5144.0,4929
2025-07-08T10:35:00+05:30,5144.5,5144.5,5126.5,5130.0,4562
2025-07-08T10:36:00+05:30,5130.0,5131.5,5125.0,5128.0,2121
2025-07-08T10:37:00+05:30,5128.0,5130.5,5126.5,5129.0,1467
2025-07-08T10:38:00+05:30,5130.0,5133.0,5129.0,5132.0,1166
2025-07-08T10:39:00+05:30,5131.5,5132.5,5129.5,5132.0,890
2025-07-08T10:40:00+05:30,5131.5,5131.5,5127.5,5129.5,372
2025-07-08T10:41:00+05:30,5130.0,5130.5,5126.5,5129.5,532
2025-07-08T10:42:00+05:30,5129.5,5130.0,5126.0,5126.0,674
2025-07-08T10:43:00+05:30,5128.0,5128.5,5122.0,5122.5,1116
2025-07-08T10:44:00+05:30,5123.0,5126.5,5122.0,5125.0,900
2025-07-08T10:45:00+05:30,5125.0,5125.5,5123.0,5124.0,269
2025-07-08T10:46:00+05:30,5123.5,5125.0,5120.5,5123.0,659
2025-07-08T10:47:00+05:30,5123.0,5123.0,5115.0,5118.0,1910
2025-07-08T10:48:00+05:30,5120.0,5120.0,5115.0,5115.0,539
2025-07-08T10:49:00+05:30,5116.5,5117.0,5110.0,5115.0,1613
2025-07-08T10:50:00+05:30,5115.0,5117.0,5112.5,5116.5,763
2025-07-08T10:51:00+05:30,5116.5,5117.5,5113.5,5115.5,1072
2025-07-08T10:52:00+05:30,5115.5,5121.0,5113.0,5120.5,445
2025-07-08T10:53:00+05:30,5119.5,5123.5,5119.0,5121.0,732
2025-07-08T10:54:00+05:30,5121.0,5123.0,5120.0,5122.0,414
2025-07-08T10:55:00+05:30,5122.0,5124.5,5110.5,5123.5,1210
2025-07-08T10:56:00+05:30,5124.0,5124.0,5120.0,5123.0,267
2025-07-08T10:57:00+05:30,5123.5,5126.5,5123.5,5126.5,805
2025-07-08T10:58:00+05:30,5127.5,5128.5,5122.5,5126.5,1119
2025-07-08T10:59:00+05:30,5127.0,5129.0,5123.5,5129.0,686
2025-07-08T11:00:00+05:30,5129.0,5130.0,5125.5,5128.5,542
2025-07-08T11:01:00+05:30,5128.0,5128.5,5122.0,5122.0,342
2025-07-08T11:02:00+05:30,5122.0,5123.0,5111.5,5113.5,1308
2025-07-08T11:03:00+05:30,5113.5,5113.5,5107.0,5108.5,946
2025-07-08T11:04:00+05:30,5108.5,5113.5,5105.5,5112.0,562
2025-07-08T11:05:00+05:30,5112.5,5112.5,5103.0,5109.5,720
2025-07-08T11:06:00+05:30,5109.5,5111.5,5106.0,5108.5,703
2025-07-08T11:07:00+05:30,5108.0,5109.0,5105.0,5106.0,645
2025-07-08T11:08:00+05:30,5106.0,5107.5,5103.5,5104.5,1561
2025-07-08T11:09:00+05:30,5106.0,5109.0,5105.0,5105.0,655
2025-07-08T11:10:00+05:30,5107.5,5110.0,5090.0,5092.5,9391
2025-07-08T11:11:00+05:30,5094.0,5095.0,5089.5,5091.5,2780
2025-07-08T11:12:00+05:30,5092.0,5092.5,5081.5,5090.0,1797
2025-07-08T11:13:00+05:30,5090.0,5090.5,5084.0,5086.5,874
2025-07-08T11:14:00+05:30,5087.5,5094.0,5086.5,5093.5,586
2025-07-08T11:15:00+05:30,5093.5,5094.0,5087.0,5091.0,714
2025-07-08T11:16:00+05:30,5090.0,5097.5,5089.5,5093.0,867
2025-07-08T11:17:00+05:30,5096.0,5096.5,5093.0,5096.0,407
2025-07-08T11:18:00+05:30,5096.0,5096.0,5090.5,5092.0,906
2025-07-08T11:19:00+05:30,5092.0,5096.0,5090.5,5093.0,450
2025-07-08T11:20:00+05:30,5093.0,5095.5,5090.5,5090.5,388
2025-07-08T11:21:00+05:30,5091.5,5091.5,5089.5,5091.5,283
2025-07-08T11:22:00+05:30,5091.0,5094.5,5087.0,5091.0,669
2025-07-08T11:23:00+05:30,5090.5,5093.5,5089.5,5093.0,255
2025-07-08T11:24:00+05:30,5091.0,5092.5,5087.5,5089.5,727
2025-07-08T11:25:00+05:30,5089.0,5089.5,5085.0,5089.5,704
2025-07-08T11:26:00+05:30,5090.0,5092.0,5089.5,5089.5,595
2025-07-08T11:27:00+05:30,5090.0,5101.5,5087.5,5099.5,5504
2025-07-08T11:28:00+05:30,5099.0,5100.0,5095.0,5095.0,546
2025-07-08T11:29:00+05:30,5095.0,5098.0,5090.5,5096.0,1358
2025-07-08T11:30:00+05:30,5097.5,5100.0,5096.0,5097.0,1160
2025-07-08T11:31:00+05:30,5097.5,5099.5,5095.0,5099.5,227
2025-07-08T11:32:00+05:30,5099.5,5100.0,5093.0,5097.5,719
2025-07-08T11:33:00+05:30,5097.5,5098.5,5092.5,5096.0,322
2025-07-08T11:34:00+05:30,5096.0,5098.5,5096.0,5096.0,120
2025-07-08T11:35:00+05:30,5097.0,5097.5,5095.0,5096.5,165
2025-07-08T11:36:00+05:30,5096.5,5096.5,5092.5,5093.0,323
2025-07-08T11:37:00+05:30,5094.5,5102.5,5091.0,5098.0,4597
2025-07-08T11:38:00+05:30,5102.0,5106.5,5098.0,5104.5,863
2025-07-08T11:39:00+05:30,5103.5,5104.5,5100.5,5104.0,238
2025-07-08T11:40:00+05:30,5104.0,5110.5,5104.0,5108.5,627
2025-07-08T11:41:00+05:30,5107.5,5107.5,5097.5,5098.0,853
2025-07-08T11:42:00+05:30,5099.0,5100.0,5098.5,5100.0,231
2025-07-08T11:43:00+05:30,5100.0,5100.0,5095.0,5098.5,460
2025-07-08T11:44:00+05:30,5098.0,5098.0,5092.5,5094.5,706
2025-07-08T11:45:00+05:30,5094.5,5095.0,5091.5,5091.5,461
2025-07-08T11:46:00+05:30,5093.5,5095.0,5089.5,5091.0,3096
2025-07-08T11:47:00+05:30,5091.0,5092.0,5089.0,5091.5,1200
2025-07-08T11:48:00+05:30,5090.0,5091.0,5087.0,5089.5,401
2025-07-08T11:49:00+05:30,5090.0,5092.0,5089.5,5092.0,1047
2025-07-08T11:50:00+05:30,5092.0,5092.0,5090.5,5091.0,267
2025-07-08T11:51:00+05:30,5091.0,5092.0,5089.0,5090.0,1332
2025-07-08T11:52:00+05:30,5090.0,5091.0,5090.0,5090.5,375
2025-07-08T11:53:00+05:30,5091.0,5092.0,5090.5,5091.5,359
2025-07-08T11:54:00+05:30,5092.0,5092.0,5089.0,5090.0,252
2025-07-08T11:55:00+05:30,5090.0,5091.0,5087.0,5087.5,1458
2025-07-08T11:56:00+05:30,5089.0,5090.0,5088.5,5089.5,174
2025-07-08T11:57:00+05:30,5090.0,5101.0,5089.5,5099.0,6972
2025-07-08T11:58:00+05:30,5099.0,5099.0,5095.5,5098.5,1970
2025-07-08T11:59:00+05:30,5098.0,5102.5,5093.5,5099.0,24841
2025-07-08T12:00:00+05:30,5101.0,5108.0,5101.0,5108.0,1653
2025-07-08T12:01:00+05:30,5109.5,5124.0,5109.5,5123.0,2445
2025-07-08T12:02:00+05:30,5121.5,5128.0,5119.0,5122.5,3160
2025-07-08T12:03:00+05:30,5121.0,5124.0,5114.0,5117.0,2631
2025-07-08T12:04:00+05:30,5118.0,5125.0,5109.5,5125.0,13021
2025-07-08T12:05:00+05:30,5124.5,5127.5,5113.5,5124.0,3650
2025-07-08T12:06:00+05:30,5123.5,5135.0,5120.0,5134.5,17468
2025-07-08T12:07:00+05:30,5135.0,5145.0,5133.5,5144.0,4246
2025-07-08T12:08:00+05:30,5144.0,5144.5,5141.5,5143.0,1443
2025-07-08T12:09:00+05:30,5142.0,5143.0,5135.0,5138.5,693
2025-07-08T12:10:00+05:30,5138.5,5139.0,5116.5,5119.0,2906
2025-07-08T12:11:00+05:30,5117.5,5118.5,5112.0,5116.5,709
2025-07-08T12:12:00+05:30,5115.5,5120.0,5115.5,5116.0,1415
2025-07-08T12:13:00+05:30,5116.0,5116.5,5111.0,5111.0,625
2025-07-08T12:14:00+05:30,5111.0,5113.0,5110.0,5111.5,417
2025-07-08T12:15:00+05:30,5111.0,5111.5,5105.0,5110.5,481
2025-07-08T12:16:00+05:30,5111.0,5114.5,5110.5,5112.0,784
2025-07-08T12:17:00+05:30,5111.5,5114.0,5111.0,5113.5,561
2025-07-08T12:18:00+05:30,5113.5,5130.0,5113.0,5129.5,3063
2025-07-08T12:19:00+05:30,5130.0,5130.0,5124.5,5124.5,705
2025-07-08T12:20:00+05:30,5125.0,5129.0,5123.0,5127.5,468
2025-07-08T12:21:00+05:30,5128.0,5129.5,5124.5,5125.5,428
2025-07-08T12:22:00+05:30,5125.0,5130.0,5124.5,5130.0,822
2025-07-08T12:23:00+05:30,5130.0,5135.0,5129.5,5134.0,3316
2025-07-08T12:24:00+05:30,5134.5,5141.0,5134.0,5140.0,18336
2025-07-08T12:25:00+05:30,5140.0,5151.0,5134.5,5150.0,13580
2025-07-08T12:26:00+05:30,5149.0,5151.0,5143.5,5147.5,1513
2025-07-08T12:27:00+05:30,5150.0,5159.5,5148.0,5155.5,2270
2025-07-08T12:28:00+05:30,5156.0,5156.0,5150.0,5151.0,824
2025-07-08T12:29:00+05:30,5151.5,5160.0,5149.5,5159.0,3222
2025-07-08T12:30:00+05:30,5160.0,5163.0,5155.5,5155.5,4445
2025-07-08T12:31:00+05:30,5156.5,5166.0,5155.0,5161.0,3615
2025-07-08T12:32:00+05:30,5162.0,5168.0,5159.0,5166.5,2265
2025-07-08T12:33:00+05:30,5167.5,5169.0,5160.0,5160.5,3653
2025-07-08T12:34:00+05:30,5160.5,5168.5,5160.5,5168.0,1535
2025-07-08T12:35:00+05:30,5167.5,5169.0,5162.0,5162.0,3183
2025-07-08T12:36:00+05:30,5162.5,5163.5,5152.5,5152.5,21905
2025-07-08T12:37:00+05:30,5153.0,5157.0,5151.5,5157.0,760
2025-07-08T12:38:00+05:30,5156.5,5157.0,5147.0,5147.0,2343
2025-07-08T12:39:00+05:30,5149.5,5149.5,5145.0,5146.5,1287
2025-07-08T12:40:00+05:30,5146.5,5150.0,5145.0,5148.0,1431
2025-07-08T12:41:00+05:30,5148.0,5148.5,5140.0,5141.5,2008
2025-07-08T12:42:00+05:30,5140.5,5148.0,5140.0,5147.0,15028
2025-07-08T12:43:00+05:30,5146.5,5150.0,5144.0,5148.5,8435
2025-07-08T12:44:00+05:30,5148.0,5153.0,5144.0,5145.0,8357
2025-07-08T12:45:00+05:30,5146.5,5152.5,5144.0,5147.5,5253
2025-07-08T12:46:00+05:30,5145.0,5147.5,5137.0,5138.5,3737
2025-07-08T12:47:00+05:30,5138.0,5138.5,5136.5,5137.0,523
2025-07-08T12:48:00+05:30,5137.5,5140.0,5137.0,5140.0,1510
2025-07-08T12:49:00+05:30,5140.0,5144.0,5139.5,5143.5,637
2025-07-08T12:50:00+05:30,5144.0,5152.0,5143.5,5150.5,11782
2025-07-08T12:51:00+05:30,5152.0,5158.0,5150.0,5154.0,2477
2025-07-08T12:52:00+05:30,5155.0,5159.0,5154.5,5158.5,673
2025-07-08T12:53:00+05:30,5159.0,5160.0,5153.5,5154.0,2454
2025-07-08T12:54:00+05:30,5155.0,5158.5,5155.0,5155.5,1032
2025-07-08T12:55:00+05:30,5155.5,5156.0,5148.0,5148.0,2557
2025-07-08T12:56:00+05:30,5150.5,5160.0,5149.5,5156.0,2402
2025-07-08T12:57:00+05:30,5157.5,5163.0,5156.5,5159.0,2596
2025-07-08T12:58:00+05:30,5159.0,5160.0,5153.5,5157.0,1873
2025-07-08T12:59:00+05:30,5157.5,5159.0,5154.5,5159.0,613
2025-07-08T13:00:00+05:30,5158.5,5158.5,5142.0,5151.0,15362
2025-07-08T13:01:00+05:30,5151.0,5151.5,5143.0,5145.5,1334
2025-07-08T13:02:00+05:30,5145.5,5148.5,5144.0,5145.5,588
2025-07-08T13:03:00+05:30,5146.5,5149.5,5145.0,5149.0,570
2025-07-08T13:04:00+05:30,5149.5,5151.0,5144.0,5144.5,2059
2025-07-08T13:05:00+05:30,5144.5,5145.0,5143.0,5144.0,1041
2025-07-08T13:06:00+05:30,5144.5,5148.0,5140.5,5144.5,2326
2025-07-08T13:07:00+05:30,5145.0,5145.0,5144.5,5144.5,1425
2025-07-08T13:08:00+05:30,5145.0,5145.0,5144.5,5144.5,987
2025-07-08T13:09:00+05:30,5144.5,5144.5,5139.0,5142.0,1331
2025-07-08T13:10:00+05:30,5142.5,5144.0,5141.5,5141.5,1284
2025-07-08T13:11:00+05:30,5141.5,5142.0,5141.0,5141.0,555
2025-07-08T13:12:00+05:30,5141.5,5145.0,5138.0,5144.0,2497
2025-07-08T13:13:00+05:30,5144.5,5145.0,5144.0,5144.0,1419
2025-07-08T13:14:00+05:30,5144.5,5145.0,5142.5,5144.5,910
2025-07-08T13:15:00+05:30,5145.0,5148.5,5144.0,5144.5,8438
2025-07-08T13:16:00+05:30,5145.0,5145.0,5143.5,5143.5,789
2025-07-08T13:17:00+05:30,5145.0,5145.0,5143.5,5144.5,641
2025-07-08T13:18:00+05:30,5145.0,5153.5,5144.0,5150.0,5416
2025-07-08T13:19:00+05:30,5151.5,5153.0,5146.5,5146.5,991
2025-07-08T13:20:00+05:30,5148.5,5154.0,5145.5,5145.5,910
2025-07-08T13:21:00+05:30,5146.0,5146.5,5140.0,5140.0,1143
2025-07-08T13:22:00+05:30,5141.5,5143.5,5140.0,5140.0,1056
2025-07-08T13:23:00+05:30,5140.5,5141.5,5139.5,5140.5,409
2025-07-08T13:24:00+05:30,5141.0,5141.0,5135.5,5137.0,1162
2025-07-08T13:25:00+05:30,5135.0,5141.5,5134.5,5138.5,1321
2025-07-08T13:26:00+05:30,5140.0,5140.0,5136.5,5136.5,703
2025-07-08T13:27:00+05:30,5137.0,5139.5,5132.5,5133.0,1330
2025-07-08T13:28:00+05:30,5134.0,5134.5,5131.0,5131.5,543
2025-07-08T13:29:00+05:30,5133.0,5135.0,5131.5,5134.0,506
2025-07-08T13:30:00+05:30,5134.5,5136.5,5132.5,5135.0,496
2025-07-08T13:31:00+05:30,5135.5,5135.5,5132.5,5132.5,589
2025-07-08T13:32:00+05:30,5133.0,5136.5,5132.0,5134.0,637
2025-07-08T13:33:00+05:30,5135.0,5135.5,5132.0,5132.5,545
2025-07-08T13:34:00+05:30,5133.5,5135.0,5132.0,5132.0,723
2025-07-08T13:35:00+05:30,5133.0,5134.0,5130.0,5130.0,644
2025-07-08T13:36:00+05:30,5131.0,5134.5,5131.0,5132.5,795
2025-07-08T13:37:00+05:30,5133.0,5133.5,5131.0,5132.0,460
2025-07-08T13:38:00+05:30,5132.0,5134.0,5131.0,5131.0,665
2025-07-08T13:39:00+05:30,5131.5,5132.5,5128.5,5128.5,621
2025-07-08T13:40:00+05:30,5129.0,5131.0,5125.5,5127.0,1775
2025-07-08T13:41:00+05:30,5127.5,5132.5,5125.0,5131.0,2344
2025-07-08T13:42:00+05:30,5131.0,5138.5,5129.0,5133.5,1327
2025-07-08T13:43:00+05:30,5135.0,5137.0,5130.5,5134.5,537
2025-07-08T13:44:00+05:30,5135.5,5140.0,5135.0,5135.0,626
2025-07-08T13:45:00+05:30,5137.5,5144.0,5134.5,5140.0,1257
2025-07-08T13:46:00+05:30,5142.0,5144.0,5137.0,5137.0,810
2025-07-08T13:47:00+05:30,5137.5,5140.0,5134.0,5136.0,845
2025-07-08T13:48:00+05:30,5137.5,5142.0,5127.5,5129.0,9495
2025-07-08T13:49:00+05:30,5129.5,5130.0,5122.5,5124.0,2115
2025-07-08T13:50:00+05:30,5125.5,5127.0,5121.0,5121.0,968
2025-07-08T13:51:00+05:30,5121.5,5123.0,5120.0,5120.0,906
2025-07-08T13:52:00+05:30,5120.5,5122.0,5115.5,5121.5,1571
2025-07-08T13:53:00+05:30,5120.0,5123.5,5118.0,5121.5,1590
2025-07-08T13:54:00+05:30,5122.5,5125.5,5119.5,5124.0,708
2025-07-08T13:55:00+05:30,5124.0,5124.5,5116.5,5117.0,633
2025-07-08T13:56:00+05:30,5117.0,5118.0,5115.0,5116.0,834
2025-07-08T13:57:00+05:30,5116.5,5120.0,5112.5,5117.5,666
2025-07-08T13:58:00+05:30,5117.5,5118.0,5115.0,5116.0,514
2025-07-08T13:59:00+05:30,5116.5,5117.0,5113.0,5116.0,800
2025-07-08T14:00:00+05:30,5116.5,5116.5,5113.0,5113.5,550
2025-07-08T14:01:00+05:30,5114.5,5117.5,5112.5,5114.5,589
2025-07-08T14:02:00+05:30,5115.0,5117.5,5113.5,5115.0,444
2025-07-08T14:03:00+05:30,5116.5,5117.5,5114.0,5114.0,747
2025-07-08T14:04:00+05:30,5115.5,5115.5,5111.0,5111.5,1183
2025-07-08T14:05:00+05:30,5113.5,5114.0,5110.0,5111.5,652
2025-07-08T14:06:00+05:30,5112.0,5112.5,5110.0,5111.5,1041
2025-07-08T14:07:00+05:30,5112.0,5113.5,5104.5,5111.0,7501
2025-07-08T14:08:00+05:30,5111.5,5117.0,5111.5,5116.0,767
2025-07-08T14:09:00+05:30,5116.5,5118.0,5113.0,5116.5,519
2025-07-08T14:10:00+05:30,5117.0,5118.0,5116.0,5117.0,766
2025-07-08T14:11:00+05:30,5117.5,5118.0,5113.0,5114.0,573
2025-07-08T14:12:00+05:30,5114.5,5116.0,5112.5,5113.0,539
2025-07-08T14:13:00+05:30,5115.0,5116.5,5112.5,5115.0,700
2025-07-08T14:14:00+05:30,5115.5,5116.0,5111.5,5111.5,631
2025-07-08T14:15:00+05:30,5113.5,5114.0,5095.5,5096.0,2660
2025-07-08T14:16:00+05:30,5098.0,5102.0,5097.5,5100.0,724
2025-07-08T14:17:00+05:30,5100.5,5104.0,5098.0,5101.0,712
2025-07-08T14:18:00+05:30,5102.0,5102.0,5090.0,5097.5,1207
2025-07-08T14:19:00+05:30,5097.0,5105.0,5096.0,5101.5,794
2025-07-08T14:20:00+05:30,5100.0,5100.0,5097.0,5099.0,468
2025-07-08T14:21:00+05:30,5099.0,5100.0,5098.0,5100.0,713
2025-07-08T14:22:00+05:30,5101.5,5102.0,5100.0,5100.0,558
2025-07-08T14:23:00+05:30,5100.5,5102.0,5099.5,5100.0,646
2025-07-08T14:24:00+05:30,5099.5,5102.0,5099.0,5101.0,498
2025-07-08T14:25:00+05:30,5101.5,5104.5,5100.0,5100.0,1206
2025-07-08T14:26:00+05:30,5100.0,5112.5,5099.5,5109.0,1479
2025-07-08T14:27:00+05:30,5111.0,5113.0,5106.5,5110.5,1192
2025-07-08T14:28:00+05:30,5111.0,5115.5,5110.0,5110.5,3065
2025-07-08T14:29:00+05:30,5112.0,5112.5,5107.5,5107.5,609
2025-07-08T14:30:00+05:30,5108.0,5110.0,5104.0,5109.5,993
2025-07-08T14:31:00+05:30,5109.5,5110.0,5107.5,5109.5,1125
2025-07-08T14:32:00+05:30,5110.0,5110.0,5103.5,5104.5,1192
2025-07-08T14:33:00+05:30,5105.0,5105.0,5102.5,5102.5,1085
2025-07-08T14:34:00+05:30,5103.0,5105.0,5100.0,5101.5,2590
2025-07-08T14:35:00+05:30,5103.0,5104.5,5102.5,5102.5,792
2025-07-08T14:36:00+05:30,5102.5,5104.0,5099.5,5100.0,2463
2025-07-08T14:37:00+05:30,5099.5,5100.0,5099.5,5099.5,472
2025-07-08T14:38:00+05:30,5100.0,5100.0,5098.5,5100.0,540
2025-07-08T14:39:00+05:30,5100.0,5103.0,5098.5,5098.5,3198
2025-07-08T14:40:00+05:30,5099.0,5100.0,5093.5,5100.0,2769
2025-07-08T14:41:00+05:30,5099.5,5100.0,5095.5,5097.0,1396
2025-07-08T14:42:00+05:30,5097.0,5100.0,5095.0,5100.0,1996
2025-07-08T14:43:00+05:30,5099.5,5100.0,5098.0,5098.5,1120
2025-07-08T14:44:00+05:30,5099.5,5100.0,5098.0,5098.5,1120
2025-07-08T14:45:00+05:30,5099.0,5100.0,5098.5,5099.0,956
2025-07-08T14:46:00+05:30,5099.0,5100.0,5099.0,5099.5,2635
2025-07-08T14:47:00+05:30,5099.5,5106.0,5099.0,5104.0,1530
2025-07-08T14:48:00+05:30,5105.5,5108.5,5101.5,5105.5,1720
2025-07-08T14:49:00+05:30,5106.0,5112.0,5102.5,5108.5,2034
2025-07-08T14:50:00+05:30,5108.5,5108.5,5095.0,5098.0,11333
2025-07-08T14:51:00+05:30,5098.0,5108.0,5095.0,5108.0,5029
2025-07-08T14:52:00+05:30,5106.5,5108.0,5103.5,5104.0,2129
2025-07-08T14:53:00+05:30,5102.0,5102.5,5093.5,5094.0,2551
2025-07-08T14:54:00+05:30,5094.5,5095.0,5094.5,5094.5,575
2025-07-08T14:55:00+05:30,5095.0,5099.5,5094.5,5099.0,2145
2025-07-08T14:56:00+05:30,5099.5,5100.0,5095.0,5095.5,2092
2025-07-08T14:57:00+05:30,5096.5,5098.0,5095.0,5097.0,1955
2025-07-08T14:58:00+05:30,5097.5,5100.0,5096.0,5098.5,2855
2025-07-08T14:59:00+05:30,5099.0,5108.5,5096.0,5106.0,4437
2025-07-08T15:00:00+05:30,5106.0,5108.5,5102.5,5105.5,3016
2025-07-08T15:01:00+05:30,5107.5,5111.0,5105.5,5109.5,2531
2025-07-08T15:02:00+05:30,5109.5,5110.0,5108.5,5109.0,1118
2025-07-08T15:03:00+05:30,5109.5,5111.0,5109.0,5109.5,1150
2025-07-08T15:04:00+05:30,5109.5,5110.0,5103.5,5104.0,3160
2025-07-08T15:05:00+05:30,5105.0,5109.0,5105.0,5107.0,4477
2025-07-08T15:06:00+05:30,5107.5,5107.5,5103.5,5105.5,2036
2025-07-08T15:07:00+05:30,5106.0,5107.5,5103.5,5103.5,4845
2025-07-08T15:08:00+05:30,5105.5,5107.5,5101.5,5106.5,2770
2025-07-08T15:09:00+05:30,5107.5,5118.0,5106.5,5116.0,2367
2025-07-08T15:10:00+05:30,5116.5,5119.0,5115.5,5117.0,2642
2025-07-08T15:11:00+05:30,5117.5,5118.0,5114.0,5115.5,3241
2025-07-08T15:12:00+05:30,5115.5,5117.5,5115.0,5117.0,1449
2025-07-08T15:13:00+05:30,5117.0,5119.0,5117.0,5118.5,1360
2025-07-08T15:14:00+05:30,5118.5,5123.5,5118.5,5121.5,3290
2025-07-08T15:15:00+05:30,5123.0,5126.0,5098.5,5111.0,20390
2025-07-08T15:16:00+05:30,5111.0,5119.5,5111.0,5114.5,3286
2025-07-08T15:17:00+05:30,5115.5,5120.5,5114.0,5119.5,1657
2025-07-08T15:18:00+05:30,5120.0,5120.5,5105.0,5105.0,7405
2025-07-08T15:19:00+05:30,5105.0,5111.0,5104.5,5109.0,9192
2025-07-08T15:20:00+05:30,5109.0,5111.5,5105.0,5109.5,7568
2025-07-08T15:21:00+05:30,5109.5,5110.5,5103.0,5103.0,4569
2025-07-08T15:22:00+05:30,5105.0,5107.0,5099.5,5099.5,7638
2025-07-08T15:23:00+05:30,5100.0,5106.0,5099.5,5104.5,3825
2025-07-08T15:24:00+05:30,5106.0,5113.0,5104.5,5106.0,5224
2025-07-08T15:25:00+05:30,5106.5,5109.0,5101.5,5109.0,5625
2025-07-08T15:26:00+05:30,5107.0,5109.5,5100.0,5104.0,4887
2025-07-08T15:27:00+05:30,5104.0,5116.0,5096.5,5115.0,10600
2025-07-08T15:28:00+05:30,5114.0,5121.0,5111.0,5120.0,2283
2025-07-08T15:29:00+05:30,5120.5,5126.0,5115.0,5126.0,1370
