time,open,high,low,close,volume
2025-06-09T09:15:00+05:30,4300.4,4304.8,4276.9,4300.3,6859
2025-06-09T09:16:00+05:30,4300.0,4301.9,4275.0,4284.8,9463
2025-06-09T09:17:00+05:30,4286.9,4298.3,4285.3,4296.0,3316
2025-06-09T09:18:00+05:30,4296.3,4307.5,4295.1,4303.4,3221
2025-06-09T09:19:00+05:30,4303.3,4312.0,4303.3,4311.8,3540
2025-06-09T09:20:00+05:30,4309.6,4316.0,4306.0,4309.0,5692
2025-06-09T09:21:00+05:30,4309.0,4320.0,4308.4,4318.8,5491
2025-06-09T09:22:00+05:30,4318.9,4321.6,4311.3,4313.0,6633
2025-06-09T09:23:00+05:30,4312.0,4313.4,4302.1,4302.4,3755
2025-06-09T09:24:00+05:30,4303.5,4305.0,4297.0,4305.0,4975
2025-06-09T09:25:00+05:30,4303.1,4305.0,4298.0,4302.3,1821
2025-06-09T09:26:00+05:30,4302.2,4303.4,4295.0,4302.1,3607
2025-06-09T09:27:00+05:30,4302.1,4302.9,4299.6,4301.6,1096
2025-06-09T09:28:00+05:30,4301.6,4301.6,4285.6,4290.2,3762
2025-06-09T09:29:00+05:30,4291.5,4291.5,4281.5,4284.7,3724
2025-06-09T09:30:00+05:30,4283.6,4286.9,4282.1,4284.7,3469
2025-06-09T09:31:00+05:30,4286.0,4290.0,4285.2,4290.0,1826
2025-06-09T09:32:00+05:30,4290.0,4302.0,4290.0,4301.6,3794
2025-06-09T09:33:00+05:30,4302.0,4302.9,4293.1,4296.5,1590
2025-06-09T09:34:00+05:30,4296.6,4300.0,4295.0,4296.5,737
2025-06-09T09:35:00+05:30,4295.6,4300.0,4294.2,4294.9,1005
2025-06-09T09:36:00+05:30,4295.8,4295.8,4291.5,4294.9,1016
2025-06-09T09:37:00+05:30,4294.9,4296.2,4288.4,4289.5,1290
2025-06-09T09:38:00+05:30,4290.0,4291.6,4286.9,4291.4,1927
2025-06-09T09:39:00+05:30,4291.1,4292.4,4289.1,4292.4,782
2025-06-09T09:40:00+05:30,4292.4,4292.4,4286.3,4289.0,1407
2025-06-09T09:41:00+05:30,4287.6,4289.8,4286.0,4289.7,713
2025-06-09T09:42:00+05:30,4289.6,4291.7,4285.3,4289.3,1238
2025-06-09T09:43:00+05:30,4288.0,4288.2,4285.0,4286.9,1168
2025-06-09T09:44:00+05:30,4287.1,4289.1,4285.4,4286.9,1399
2025-06-09T09:45:00+05:30,4286.9,4293.1,4286.9,4292.7,635
2025-06-09T09:46:00+05:30,4293.1,4293.1,4287.0,4288.2,746
2025-06-09T09:47:00+05:30,4288.2,4288.2,4287.0,4287.9,580
2025-06-09T09:48:00+05:30,4287.9,4287.9,4286.0,4286.0,262
2025-06-09T09:49:00+05:30,4287.1,4288.0,4285.8,4287.9,348
2025-06-09T09:50:00+05:30,4287.9,4292.9,4287.0,4292.9,360
2025-06-09T09:51:00+05:30,4293.7,4293.9,4290.5,4292.8,584
2025-06-09T09:52:00+05:30,4292.8,4293.6,4288.7,4288.7,1226
2025-06-09T09:53:00+05:30,4290.5,4293.8,4290.0,4293.8,639
2025-06-09T09:54:00+05:30,4291.9,4295.0,4291.7,4292.8,1109
2025-06-09T09:55:00+05:30,4292.8,4292.8,4290.0,4290.1,310
2025-06-09T09:56:00+05:30,4291.1,4291.1,4290.0,4290.2,258
2025-06-09T09:57:00+05:30,4290.9,4291.0,4287.0,4288.0,1085
2025-06-09T09:58:00+05:30,4288.0,4291.1,4288.0,4289.8,217
2025-06-09T09:59:00+05:30,4289.8,4289.9,4285.4,4288.1,1296
2025-06-09T10:00:00+05:30,4288.2,4289.2,4277.0,4277.0,2663
2025-06-09T10:01:00+05:30,4277.0,4285.5,4276.0,4285.0,1515
2025-06-09T10:02:00+05:30,4285.5,4288.0,4285.0,4286.9,777
2025-06-09T10:03:00+05:30,4288.0,4290.0,4288.0,4290.0,315
2025-06-09T10:04:00+05:30,4290.0,4292.5,4289.6,4292.5,598
2025-06-09T10:05:00+05:30,4292.5,4295.0,4291.2,4291.4,1057
2025-06-09T10:06:00+05:30,4291.4,4292.1,4289.0,4290.8,795
2025-06-09T10:07:00+05:30,4290.8,4295.0,4290.2,4293.4,726
2025-06-09T10:08:00+05:30,4292.6,4292.6,4285.8,4285.8,972
2025-06-09T10:09:00+05:30,4285.8,4286.1,4283.7,4286.1,911
2025-06-09T10:10:00+05:30,4286.1,4292.0,4285.5,4291.3,833
2025-06-09T10:11:00+05:30,4291.2,4291.2,4287.1,4288.3,557
2025-06-09T10:12:00+05:30,4288.0,4288.3,4285.1,4285.4,529
2025-06-09T10:13:00+05:30,4287.1,4287.3,4285.0,4285.8,355
2025-06-09T10:14:00+05:30,4285.8,4286.9,4285.0,4286.3,668
2025-06-09T10:15:00+05:30,4286.3,4286.3,4285.0,4285.8,261
2025-06-09T10:16:00+05:30,4285.6,4288.5,4283.0,4284.2,1241
2025-06-09T10:17:00+05:30,4283.1,4284.2,4280.7,4281.9,1092
2025-06-09T10:18:00+05:30,4283.1,4290.2,4280.9,4290.2,2794
2025-06-09T10:19:00+05:30,4290.2,4296.0,4290.0,4290.9,8301
2025-06-09T10:20:00+05:30,4292.3,4293.3,4290.0,4293.3,709
2025-06-09T10:21:00+05:30,4293.4,4294.9,4292.1,4292.1,825
2025-06-09T10:22:00+05:30,4292.1,4300.0,4290.5,4300.0,3287
2025-06-09T10:23:00+05:30,4300.0,4303.8,4298.0,4300.2,2025
2025-06-09T10:24:00+05:30,4300.2,4302.1,4297.0,4297.0,610
2025-06-09T10:25:00+05:30,4297.8,4299.8,4294.4,4297.1,456
2025-06-09T10:26:00+05:30,4297.2,4298.7,4294.8,4297.7,376
2025-06-09T10:27:00+05:30,4297.7,4299.9,4294.6,4294.8,1818
2025-06-09T10:28:00+05:30,4294.8,4298.8,4294.8,4296.9,1205
2025-06-09T10:29:00+05:30,4296.4,4297.8,4294.8,4296.0,359
2025-06-09T10:30:00+05:30,4297.8,4298.7,4296.0,4298.0,500
2025-06-09T10:31:00+05:30,4297.1,4300.0,4297.0,4300.0,557
2025-06-09T10:32:00+05:30,4300.0,4300.0,4294.4,4294.4,1307
2025-06-09T10:33:00+05:30,4295.9,4299.0,4294.4,4296.9,1273
2025-06-09T10:34:00+05:30,4298.0,4301.0,4297.9,4299.8,2417
2025-06-09T10:35:00+05:30,4299.8,4299.8,4295.1,4295.1,619
2025-06-09T10:36:00+05:30,4295.3,4297.5,4290.0,4291.1,1793
2025-06-09T10:37:00+05:30,4293.7,4293.7,4289.9,4292.4,408
2025-06-09T10:38:00+05:30,4292.4,4294.0,4291.5,4292.4,294
2025-06-09T10:39:00+05:30,4293.1,4293.6,4291.4,4291.8,318
2025-06-09T10:40:00+05:30,4291.8,4293.4,4289.3,4293.2,889
2025-06-09T10:41:00+05:30,4291.8,4296.1,4291.7,4296.0,1464
2025-06-09T10:42:00+05:30,4295.1,4296.7,4293.0,4296.7,2826
2025-06-09T10:43:00+05:30,4296.4,4298.0,4295.5,4297.5,328
2025-06-09T10:44:00+05:30,4297.5,4299.9,4296.7,4299.9,458
2025-06-09T10:45:00+05:30,4299.9,4303.6,4299.9,4302.2,2380
2025-06-09T10:46:00+05:30,4302.0,4303.5,4300.0,4301.5,756
2025-06-09T10:47:00+05:30,4302.1,4302.1,4300.0,4301.5,398
2025-06-09T10:48:00+05:30,4301.5,4301.5,4300.0,4301.3,326
2025-06-09T10:49:00+05:30,4301.5,4301.6,4300.0,4300.1,1098
2025-06-09T10:50:00+05:30,4300.1,4300.5,4298.1,4299.4,498
2025-06-09T10:51:00+05:30,4299.4,4300.0,4298.1,4300.0,214
2025-06-09T10:52:00+05:30,4299.8,4299.9,4298.0,4299.8,260
2025-06-09T10:53:00+05:30,4299.5,4299.9,4298.0,4298.1,293
2025-06-09T10:54:00+05:30,4298.1,4298.1,4295.0,4296.7,452
2025-06-09T10:55:00+05:30,4296.6,4296.9,4295.0,4296.1,327
2025-06-09T10:56:00+05:30,4296.9,4298.0,4296.1,4296.8,283
2025-06-09T10:57:00+05:30,4297.9,4300.0,4297.9,4298.0,533
2025-06-09T10:58:00+05:30,4298.4,4299.1,4297.1,4299.0,426
2025-06-09T10:59:00+05:30,4299.1,4299.6,4297.2,4299.6,385
2025-06-09T11:00:00+05:30,4299.9,4300.1,4299.0,4299.1,116
2025-06-09T11:01:00+05:30,4300.1,4300.8,4297.0,4297.1,835
2025-06-09T11:02:00+05:30,4298.6,4298.7,4296.5,4296.5,171
2025-06-09T11:03:00+05:30,4296.5,4297.7,4296.0,4297.4,140
2025-06-09T11:04:00+05:30,4296.1,4297.7,4296.1,4297.2,289
2025-06-09T11:05:00+05:30,4297.1,4298.3,4294.8,4297.5,528
2025-06-09T11:06:00+05:30,4298.3,4300.0,4297.5,4300.0,333
2025-06-09T11:07:00+05:30,4300.0,4300.1,4298.0,4298.0,373
2025-06-09T11:08:00+05:30,4298.0,4299.4,4297.4,4297.7,86
2025-06-09T11:09:00+05:30,4299.2,4299.2,4297.7,4298.3,142
2025-06-09T11:10:00+05:30,4299.2,4299.2,4296.9,4298.4,281
2025-06-09T11:11:00+05:30,4298.4,4301.0,4298.4,4300.0,570
2025-06-09T11:12:00+05:30,4301.0,4301.1,4299.6,4300.8,109
2025-06-09T11:13:00+05:30,4300.8,4305.0,4299.0,4300.0,1447
2025-06-09T11:14:00+05:30,4300.0,4300.0,4297.0,4298.4,387
2025-06-09T11:15:00+05:30,4297.8,4298.5,4295.5,4297.0,369
2025-06-09T11:16:00+05:30,4297.0,4297.0,4296.2,4297.0,103
2025-06-09T11:17:00+05:30,4297.8,4298.2,4295.2,4295.2,306
2025-06-09T11:18:00+05:30,4297.2,4298.1,4295.6,4297.8,102
2025-06-09T11:19:00+05:30,4297.8,4298.2,4297.1,4298.2,265
2025-06-09T11:20:00+05:30,4298.2,4302.6,4298.2,4302.5,248
2025-06-09T11:21:00+05:30,4302.5,4305.0,4302.1,4303.4,419
2025-06-09T11:22:00+05:30,4303.6,4303.6,4300.5,4300.5,190
2025-06-09T11:23:00+05:30,4302.7,4306.5,4302.0,4306.5,1863
2025-06-09T11:24:00+05:30,4306.4,4306.7,4305.0,4306.5,461
2025-06-09T11:25:00+05:30,4306.5,4308.7,4306.0,4307.8,673
2025-06-09T11:26:00+05:30,4308.2,4308.6,4306.0,4307.5,261
2025-06-09T11:27:00+05:30,4308.0,4309.0,4306.6,4308.3,1289
2025-06-09T11:28:00+05:30,4308.3,4309.0,4308.0,4309.0,443
2025-06-09T11:29:00+05:30,4308.5,4309.1,4303.7,4308.1,2627
2025-06-09T11:30:00+05:30,4309.1,4309.2,4306.6,4309.0,489
2025-06-09T11:31:00+05:30,4308.9,4314.5,4308.1,4312.1,4009
2025-06-09T11:32:00+05:30,4313.9,4317.0,4312.4,4316.2,1507
2025-06-09T11:33:00+05:30,4315.7,4318.0,4315.1,4316.0,899
2025-06-09T11:34:00+05:30,4317.3,4321.6,4317.3,4320.0,4251
2025-06-09T11:35:00+05:30,4319.5,4320.6,4316.1,4319.5,2337
2025-06-09T11:36:00+05:30,4319.5,4323.0,4318.4,4323.0,3007
2025-06-09T11:37:00+05:30,4322.6,4327.7,4321.0,4323.4,3187
2025-06-09T11:38:00+05:30,4322.6,4325.8,4322.0,4325.6,1244
2025-06-09T11:39:00+05:30,4325.6,4329.8,4325.1,4327.5,3427
2025-06-09T11:40:00+05:30,4326.1,4328.6,4325.1,4327.6,1299
2025-06-09T11:41:00+05:30,4328.6,4329.0,4325.1,4327.9,1870
2025-06-09T11:42:00+05:30,4326.4,4329.0,4322.0,4322.0,1384
2025-06-09T11:43:00+05:30,4322.0,4322.5,4320.3,4321.0,762
2025-06-09T11:44:00+05:30,4321.7,4322.0,4318.6,4322.0,1290
2025-06-09T11:45:00+05:30,4320.9,4323.6,4319.5,4320.2,1081
2025-06-09T11:46:00+05:30,4320.2,4321.6,4314.0,4314.0,2110
2025-06-09T11:47:00+05:30,4315.0,4315.2,4312.2,4313.1,465
2025-06-09T11:48:00+05:30,4313.9,4318.6,4313.9,4318.5,714
2025-06-09T11:49:00+05:30,4318.5,4319.3,4318.5,4318.9,180
2025-06-09T11:50:00+05:30,4318.9,4318.9,4315.0,4318.3,1178
2025-06-09T11:51:00+05:30,4318.5,4319.6,4317.4,4319.6,594
2025-06-09T11:52:00+05:30,4319.6,4319.7,4318.0,4319.5,882
2025-06-09T11:53:00+05:30,4319.5,4320.2,4315.8,4318.5,291
2025-06-09T11:54:00+05:30,4318.2,4320.6,4316.3,4319.7,1269
2025-06-09T11:55:00+05:30,4319.7,4319.8,4317.1,4318.9,735
2025-06-09T11:56:00+05:30,4318.2,4320.2,4317.0,4319.9,700
2025-06-09T11:57:00+05:30,4320.0,4320.0,4318.3,4318.4,115
2025-06-09T11:58:00+05:30,4319.9,4320.5,4318.8,4320.0,665
2025-06-09T11:59:00+05:30,4320.0,4320.6,4319.2,4320.6,351
2025-06-09T12:00:00+05:30,4320.6,4320.6,4318.0,4320.1,490
2025-06-09T12:01:00+05:30,4320.5,4320.6,4318.6,4318.8,540
2025-06-09T12:02:00+05:30,4320.5,4321.0,4318.0,4319.1,1256
2025-06-09T12:03:00+05:30,4319.8,4320.7,4318.7,4320.2,1091
2025-06-09T12:04:00+05:30,4320.2,4321.0,4318.6,4318.6,1449
2025-06-09T12:05:00+05:30,4318.6,4320.7,4318.5,4320.0,968
2025-06-09T12:06:00+05:30,4320.7,4321.0,4319.0,4321.0,335
2025-06-09T12:07:00+05:30,4321.0,4321.0,4318.2,4320.7,1370
2025-06-09T12:08:00+05:30,4320.0,4321.5,4318.5,4321.5,1264
2025-06-09T12:09:00+05:30,4321.1,4322.0,4321.0,4322.0,508
2025-06-09T12:10:00+05:30,4322.8,4322.9,4318.3,4319.7,703
2025-06-09T12:11:00+05:30,4318.2,4319.8,4317.0,4317.5,732
2025-06-09T12:12:00+05:30,4317.4,4319.6,4315.5,4318.9,878
2025-06-09T12:13:00+05:30,4318.5,4319.6,4318.0,4319.2,137
2025-06-09T12:14:00+05:30,4319.6,4321.5,4319.6,4321.3,318
2025-06-09T12:15:00+05:30,4321.3,4324.9,4321.0,4322.3,1629
2025-06-09T12:16:00+05:30,4322.4,4322.4,4321.1,4321.9,413
2025-06-09T12:17:00+05:30,4322.3,4324.0,4321.8,4324.0,635
2025-06-09T12:18:00+05:30,4323.0,4328.0,4323.0,4328.0,1350
2025-06-09T12:19:00+05:30,4328.0,4329.9,4326.1,4329.1,1153
2025-06-09T12:20:00+05:30,4329.1,4332.0,4328.3,4328.9,1838
2025-06-09T12:21:00+05:30,4328.9,4328.9,4325.2,4328.9,773
2025-06-09T12:22:00+05:30,4327.7,4327.8,4326.0,4327.4,375
2025-06-09T12:23:00+05:30,4327.6,4327.7,4325.0,4326.7,589
2025-06-09T12:24:00+05:30,4327.1,4327.1,4325.2,4326.9,291
2025-06-09T12:25:00+05:30,4326.5,4326.5,4325.0,4325.5,170
2025-06-09T12:26:00+05:30,4325.0,4327.3,4325.0,4327.0,1813
2025-06-09T12:27:00+05:30,4327.3,4327.4,4326.0,4326.0,252
2025-06-09T12:28:00+05:30,4326.5,4328.9,4325.4,4328.9,701
2025-06-09T12:29:00+05:30,4328.9,4329.0,4328.1,4329.0,224
2025-06-09T12:30:00+05:30,4329.0,4332.0,4328.4,4330.0,2008
2025-06-09T12:31:00+05:30,4330.3,4331.9,4330.0,4330.0,743
2025-06-09T12:32:00+05:30,4331.0,4339.9,4330.5,4333.6,4597
2025-06-09T12:33:00+05:30,4333.1,4338.2,4333.1,4336.9,621
2025-06-09T12:34:00+05:30,4336.9,4338.6,4334.7,4337.0,1887
2025-06-09T12:35:00+05:30,4337.0,4342.0,4337.0,4340.8,2469
2025-06-09T12:36:00+05:30,4340.1,4340.8,4336.5,4338.0,1489
2025-06-09T12:37:00+05:30,4338.3,4338.8,4336.0,4336.0,821
2025-06-09T12:38:00+05:30,4336.9,4336.9,4333.8,4336.5,496
2025-06-09T12:39:00+05:30,4336.5,4338.3,4335.4,4336.1,602
2025-06-09T12:40:00+05:30,4337.7,4337.7,4336.0,4337.5,252
2025-06-09T12:41:00+05:30,4336.6,4337.0,4335.1,4336.9,536
2025-06-09T12:42:00+05:30,4336.9,4336.9,4335.5,4336.7,212
2025-06-09T12:43:00+05:30,4336.7,4336.7,4334.0,4334.2,210
2025-06-09T12:44:00+05:30,4334.1,4335.0,4333.2,4333.2,371
2025-06-09T12:45:00+05:30,4334.3,4340.5,4334.3,4335.2,3589
2025-06-09T12:46:00+05:30,4335.0,4338.2,4335.0,4338.2,179
2025-06-09T12:47:00+05:30,4338.0,4338.0,4335.0,4336.0,920
2025-06-09T12:48:00+05:30,4336.0,4336.4,4335.0,4335.2,239
2025-06-09T12:49:00+05:30,4335.2,4336.0,4335.0,4335.2,227
2025-06-09T12:50:00+05:30,4335.2,4337.0,4335.0,4335.0,827
2025-06-09T12:51:00+05:30,4335.1,4337.8,4334.0,4337.5,1636
2025-06-09T12:52:00+05:30,4337.0,4337.5,4335.3,4337.0,252
2025-06-09T12:53:00+05:30,4337.0,4339.6,4336.2,4339.0,1203
2025-06-09T12:54:00+05:30,4339.0,4340.9,4338.4,4340.0,1423
2025-06-09T12:55:00+05:30,4340.9,4341.6,4340.0,4341.4,823
2025-06-09T12:56:00+05:30,4340.9,4342.9,4340.0,4341.6,1849
2025-06-09T12:57:00+05:30,4342.9,4343.0,4340.9,4342.7,692
2025-06-09T12:58:00+05:30,4342.7,4343.0,4340.2,4340.2,411
2025-06-09T12:59:00+05:30,4341.0,4341.0,4340.1,4340.2,128
2025-06-09T13:00:00+05:30,4340.1,4340.2,4340.0,4340.1,1115
2025-06-09T13:01:00+05:30,4340.0,4340.2,4340.0,4340.2,338
2025-06-09T13:02:00+05:30,4340.2,4340.2,4338.0,4338.0,1315
2025-06-09T13:03:00+05:30,4338.3,4340.2,4338.0,4340.0,1617
2025-06-09T13:04:00+05:30,4339.9,4340.0,4338.0,4340.0,1032
2025-06-09T13:05:00+05:30,4340.0,4341.0,4340.0,4341.0,1120
2025-06-09T13:06:00+05:30,4341.0,4341.3,4340.0,4340.0,411
2025-06-09T13:07:00+05:30,4341.0,4341.2,4340.0,4340.0,617
2025-06-09T13:08:00+05:30,4340.1,4343.0,4340.0,4341.1,1660
2025-06-09T13:09:00+05:30,4341.9,4345.0,4340.7,4343.4,1658
2025-06-09T13:10:00+05:30,4344.9,4345.0,4341.8,4344.3,2235
2025-06-09T13:11:00+05:30,4342.8,4344.5,4342.2,4342.2,565
2025-06-09T13:12:00+05:30,4343.0,4343.8,4341.5,4341.5,717
2025-06-09T13:13:00+05:30,4342.1,4342.8,4340.0,4342.7,594
2025-06-09T13:14:00+05:30,4342.8,4344.7,4341.1,4344.7,1108
2025-06-09T13:15:00+05:30,4344.1,4345.0,4343.1,4343.6,922
2025-06-09T13:16:00+05:30,4344.9,4344.9,4342.9,4344.9,584
2025-06-09T13:17:00+05:30,4344.9,4345.0,4344.2,4344.3,661
2025-06-09T13:18:00+05:30,4344.3,4345.0,4344.3,4345.0,1122
2025-06-09T13:19:00+05:30,4345.3,4349.0,4344.1,4349.0,2872
2025-06-09T13:20:00+05:30,4349.0,4350.0,4346.2,4349.8,2889
2025-06-09T13:21:00+05:30,4348.3,4350.0,4347.9,4349.4,1407
2025-06-09T13:22:00+05:30,4349.5,4350.0,4347.5,4349.0,1130
2025-06-09T13:23:00+05:30,4349.0,4350.3,4347.3,4350.0,9874
2025-06-09T13:24:00+05:30,4350.1,4350.9,4349.3,4350.0,1526
2025-06-09T13:25:00+05:30,4350.7,4351.7,4349.8,4350.5,1312
2025-06-09T13:26:00+05:30,4350.8,4353.1,4350.6,4352.6,1360
2025-06-09T13:27:00+05:30,4353.0,4353.1,4352.0,4352.1,639
2025-06-09T13:28:00+05:30,4353.0,4354.0,4352.1,4353.8,4288
2025-06-09T13:29:00+05:30,4353.8,4353.8,4351.9,4352.4,837
2025-06-09T13:30:00+05:30,4352.4,4353.0,4350.5,4351.2,2083
2025-06-09T13:31:00+05:30,4352.4,4356.8,4351.2,4356.5,2550
2025-06-09T13:32:00+05:30,4354.8,4356.7,4354.0,4354.0,898
2025-06-09T13:33:00+05:30,4354.6,4356.7,4354.0,4354.0,812
2025-06-09T13:34:00+05:30,4354.3,4355.9,4354.0,4354.0,329
2025-06-09T13:35:00+05:30,4354.0,4354.8,4353.0,4353.1,986
2025-06-09T13:36:00+05:30,4353.7,4354.0,4353.1,4353.9,388
2025-06-09T13:37:00+05:30,4353.9,4355.0,4350.5,4353.4,1193
2025-06-09T13:38:00+05:30,4352.7,4353.4,4351.4,4352.3,1160
2025-06-09T13:39:00+05:30,4353.0,4353.4,4351.6,4352.2,1421
2025-06-09T13:40:00+05:30,4353.4,4353.4,4351.6,4353.0,650
2025-06-09T13:41:00+05:30,4352.9,4354.0,4351.5,4352.0,984
2025-06-09T13:42:00+05:30,4352.7,4353.0,4351.6,4351.9,593
2025-06-09T13:43:00+05:30,4351.9,4351.9,4348.3,4349.2,1779
2025-06-09T13:44:00+05:30,4349.0,4350.0,4348.4,4348.4,678
2025-06-09T13:45:00+05:30,4348.8,4349.0,4347.0,4347.2,918
2025-06-09T13:46:00+05:30,4347.3,4348.3,4345.3,4347.1,2533
2025-06-09T13:47:00+05:30,4346.9,4346.9,4343.7,4345.5,2854
2025-06-09T13:48:00+05:30,4345.8,4346.8,4345.1,4345.7,270
2025-06-09T13:49:00+05:30,4345.8,4348.2,4345.8,4347.8,333
2025-06-09T13:50:00+05:30,4348.2,4349.3,4347.3,4348.8,324
2025-06-09T13:51:00+05:30,4349.0,4352.0,4349.0,4350.9,601
2025-06-09T13:52:00+05:30,4350.9,4354.0,4349.4,4353.3,1987
2025-06-09T13:53:00+05:30,4353.3,4355.0,4352.9,4352.9,818
2025-06-09T13:54:00+05:30,4353.2,4353.2,4352.0,4353.0,446
2025-06-09T13:55:00+05:30,4353.0,4353.8,4352.2,4353.2,288
2025-06-09T13:56:00+05:30,4352.3,4354.0,4352.2,4353.8,273
2025-06-09T13:57:00+05:30,4353.8,4354.0,4352.2,4354.0,549
2025-06-09T13:58:00+05:30,4353.8,4355.1,4352.6,4355.1,659
2025-06-09T13:59:00+05:30,4355.0,4355.4,4354.0,4354.0,3840
2025-06-09T14:00:00+05:30,4354.0,4355.4,4352.1,4354.3,544
2025-06-09T14:01:00+05:30,4354.3,4354.7,4353.0,4353.2,242
2025-06-09T14:02:00+05:30,4353.2,4354.6,4353.0,4353.9,1042
2025-06-09T14:03:00+05:30,4353.9,4353.9,4353.0,4353.2,417
2025-06-09T14:04:00+05:30,4353.1,4354.0,4351.8,4353.3,3721
2025-06-09T14:05:00+05:30,4354.0,4354.3,4353.5,4354.3,148
2025-06-09T14:06:00+05:30,4354.1,4354.3,4353.0,4353.1,2168
2025-06-09T14:07:00+05:30,4353.0,4353.2,4352.3,4352.9,500
2025-06-09T14:08:00+05:30,4352.6,4353.2,4352.6,4353.0,1138
2025-06-09T14:09:00+05:30,4353.1,4354.6,4353.0,4353.7,485
2025-06-09T14:10:00+05:30,4354.6,4355.2,4353.0,4355.0,908
2025-06-09T14:11:00+05:30,4355.0,4355.2,4353.1,4355.0,740
2025-06-09T14:12:00+05:30,4354.8,4354.9,4353.0,4353.1,294
2025-06-09T14:13:00+05:30,4353.3,4354.8,4353.0,4354.8,349
2025-06-09T14:14:00+05:30,4355.0,4356.8,4353.0,4355.3,1530
2025-06-09T14:15:00+05:30,4355.3,4355.4,4351.0,4353.3,1352
2025-06-09T14:16:00+05:30,4352.8,4355.5,4352.8,4354.6,1149
2025-06-09T14:17:00+05:30,4354.6,4356.0,4354.0,4355.6,632
2025-06-09T14:18:00+05:30,4355.6,4359.0,4355.0,4358.5,1500
2025-06-09T14:19:00+05:30,4358.8,4359.8,4357.7,4358.9,1060
2025-06-09T14:20:00+05:30,4359.1,4359.1,4357.5,4359.0,1087
2025-06-09T14:21:00+05:30,4358.6,4359.5,4357.0,4357.0,657
2025-06-09T14:22:00+05:30,4357.0,4359.0,4356.5,4359.0,1368
2025-06-09T14:23:00+05:30,4358.7,4360.0,4357.9,4358.9,1606
2025-06-09T14:24:00+05:30,4358.7,4358.7,4353.2,4355.6,2501
2025-06-09T14:25:00+05:30,4355.6,4357.5,4354.4,4357.5,954
2025-06-09T14:26:00+05:30,4357.5,4357.5,4355.3,4356.2,936
2025-06-09T14:27:00+05:30,4356.6,4357.3,4355.4,4356.7,448
2025-06-09T14:28:00+05:30,4356.7,4358.0,4356.2,4358.0,748
2025-06-09T14:29:00+05:30,4358.4,4359.8,4358.0,4359.0,1082
2025-06-09T14:30:00+05:30,4359.6,4359.6,4358.1,4358.1,288
2025-06-09T14:31:00+05:30,4358.5,4359.0,4358.1,4358.8,460
2025-06-09T14:32:00+05:30,4358.8,4359.9,4358.1,4358.2,2087
2025-06-09T14:33:00+05:30,4358.2,4359.0,4358.0,4358.1,983
2025-06-09T14:34:00+05:30,4358.1,4359.6,4358.1,4359.4,1468
2025-06-09T14:35:00+05:30,4359.4,4359.5,4354.2,4356.6,1267
2025-06-09T14:36:00+05:30,4356.2,4356.6,4352.7,4354.2,1788
2025-06-09T14:37:00+05:30,4354.2,4354.8,4353.5,4354.0,587
2025-06-09T14:38:00+05:30,4354.2,4354.6,4353.5,4354.0,580
2025-06-09T14:39:00+05:30,4354.0,4354.8,4353.5,4354.3,1084
2025-06-09T14:40:00+05:30,4354.5,4354.5,4353.5,4354.1,369
2025-06-09T14:41:00+05:30,4354.1,4354.2,4353.5,4354.2,657
2025-06-09T14:42:00+05:30,4354.3,4354.8,4353.5,4354.0,414
2025-06-09T14:43:00+05:30,4354.0,4354.3,4353.0,4353.5,866
2025-06-09T14:44:00+05:30,4353.5,4354.8,4353.5,4354.0,1453
2025-06-09T14:45:00+05:30,4354.0,4354.0,4352.1,4353.2,1998
2025-06-09T14:46:00+05:30,4353.2,4353.4,4351.3,4351.3,2107
2025-06-09T14:47:00+05:30,4351.4,4352.9,4351.4,4352.6,1917
2025-06-09T14:48:00+05:30,4353.0,4353.5,4352.6,4352.9,1107
2025-06-09T14:49:00+05:30,4352.9,4352.9,4352.0,4352.0,757
2025-06-09T14:50:00+05:30,4352.6,4353.3,4351.0,4353.3,3659
2025-06-09T14:51:00+05:30,4352.9,4355.0,4352.0,4354.0,3062
2025-06-09T14:52:00+05:30,4354.0,4354.7,4352.2,4354.0,1110
2025-06-09T14:53:00+05:30,4353.9,4354.4,4352.1,4353.1,1134
2025-06-09T14:54:00+05:30,4354.0,4354.7,4352.3,4354.6,1287
2025-06-09T14:55:00+05:30,4354.0,4355.0,4354.0,4354.6,1133
2025-06-09T14:56:00+05:30,4354.6,4355.2,4353.3,4354.4,1130
2025-06-09T14:57:00+05:30,4355.0,4355.9,4353.9,4355.0,633
2025-06-09T14:58:00+05:30,4355.0,4355.0,4353.1,4354.0,463
2025-06-09T14:59:00+05:30,4354.3,4356.7,4354.2,4355.4,693
2025-06-09T15:00:00+05:30,4356.6,4356.7,4355.2,4356.3,512
2025-06-09T15:01:00+05:30,4356.3,4356.5,4355.0,4355.7,1880
2025-06-09T15:02:00+05:30,4355.7,4355.7,4354.5,4354.9,1110
2025-06-09T15:03:00+05:30,4354.5,4355.4,4352.7,4353.2,3266
2025-06-09T15:04:00+05:30,4353.2,4354.6,4353.2,4354.2,1968
2025-06-09T15:05:00+05:30,4354.1,4354.7,4352.0,4352.7,2183
2025-06-09T15:06:00+05:30,4352.6,4354.9,4352.6,4353.7,2898
2025-06-09T15:07:00+05:30,4353.5,4353.7,4351.0,4351.3,2195
2025-06-09T15:08:00+05:30,4351.3,4352.0,4351.0,4351.6,2166
2025-06-09T15:09:00+05:30,4351.6,4351.7,4350.0,4351.0,2887
2025-06-09T15:10:00+05:30,4350.4,4351.2,4350.2,4350.7,1195
2025-06-09T15:11:00+05:30,4350.7,4352.7,4350.7,4350.8,3124
2025-06-09T15:12:00+05:30,4350.7,4351.7,4344.9,4349.9,5462
2025-06-09T15:13:00+05:30,4349.9,4352.4,4349.0,4351.7,4183
2025-06-09T15:14:00+05:30,4351.7,4352.0,4348.0,4349.2,2143
2025-06-09T15:15:00+05:30,4349.1,4352.2,4347.2,4349.8,2805
2025-06-09T15:16:00+05:30,4351.8,4351.8,4348.0,4348.1,1764
2025-06-09T15:17:00+05:30,4349.3,4350.0,4346.3,4349.6,1918
2025-06-09T15:18:00+05:30,4349.9,4350.2,4346.7,4346.7,2546
2025-06-09T15:19:00+05:30,4347.9,4347.9,4346.4,4347.0,421
2025-06-09T15:20:00+05:30,4347.0,4350.3,4346.7,4347.2,1349
2025-06-09T15:21:00+05:30,4347.2,4348.4,4343.4,4345.7,4766
2025-06-09T15:22:00+05:30,4345.5,4345.9,4344.0,4344.5,945
2025-06-09T15:23:00+05:30,4344.3,4344.7,4344.3,4344.7,809
2025-06-09T15:24:00+05:30,4344.6,4344.7,4342.4,4343.0,2886
2025-06-09T15:25:00+05:30,4343.0,4346.2,4341.0,4343.8,7326
2025-06-09T15:26:00+05:30,4344.2,4344.8,4340.5,4341.9,1100
2025-06-09T15:27:00+05:30,4344.1,4345.0,4342.2,4343.0,711
2025-06-09T15:28:00+05:30,4342.0,4343.0,4341.1,4341.3,700
2025-06-09T15:29:00+05:30,4343.0,4343.0,4341.1,4342.0,777
2025-06-10T09:15:00+05:30,4370.1,4371.8,4345.0,4349.4,6874
2025-06-10T09:16:00+05:30,4349.2,4355.2,4343.1,4346.1,5721
2025-06-10T09:17:00+05:30,4346.0,4358.8,4344.5,4357.9,1537
2025-06-10T09:18:00+05:30,4357.8,4363.7,4357.1,4359.9,1381
2025-06-10T09:19:00+05:30,4361.5,4362.0,4359.1,4361.1,2394
2025-06-10T09:20:00+05:30,4361.1,4361.1,4354.8,4354.8,2208
2025-06-10T09:21:00+05:30,4352.6,4354.8,4350.0,4352.8,1822
2025-06-10T09:22:00+05:30,4352.8,4355.9,4343.0,4343.0,2208
2025-06-10T09:23:00+05:30,4343.0,4345.0,4340.0,4340.0,2345
2025-06-10T09:24:00+05:30,4340.0,4340.6,4335.2,4337.2,4079
2025-06-10T09:25:00+05:30,4337.2,4343.6,4335.0,4343.6,1355
2025-06-10T09:26:00+05:30,4343.6,4345.2,4339.0,4339.7,1493
2025-06-10T09:27:00+05:30,4340.0,4344.7,4339.0,4344.7,1591
2025-06-10T09:28:00+05:30,4343.0,4345.0,4342.0,4343.2,866
2025-06-10T09:29:00+05:30,4343.1,4343.9,4337.0,4339.1,1011
2025-06-10T09:30:00+05:30,4339.1,4353.1,4329.7,4350.0,7482
2025-06-10T09:31:00+05:30,4350.0,4357.2,4349.1,4353.5,1619
2025-06-10T09:32:00+05:30,4353.2,4358.4,4353.2,4354.7,1061
2025-06-10T09:33:00+05:30,4354.0,4360.0,4354.0,4359.6,1035
2025-06-10T09:34:00+05:30,4359.6,4361.0,4356.0,4358.0,1620
2025-06-10T09:35:00+05:30,4358.6,4358.8,4357.0,4358.0,1553
2025-06-10T09:36:00+05:30,4357.0,4358.7,4350.1,4350.1,715
2025-06-10T09:37:00+05:30,4351.6,4352.2,4349.7,4350.3,1257
2025-06-10T09:38:00+05:30,4350.7,4356.4,4350.0,4353.0,864
2025-06-10T09:39:00+05:30,4354.4,4355.2,4353.7,4355.0,379
2025-06-10T09:40:00+05:30,4355.0,4358.0,4355.0,4355.0,1513
2025-06-10T09:41:00+05:30,4355.1,4356.6,4355.0,4355.0,341
2025-06-10T09:42:00+05:30,4356.0,4356.3,4351.6,4353.4,1813
2025-06-10T09:43:00+05:30,4352.1,4353.4,4350.7,4352.2,306
2025-06-10T09:44:00+05:30,4352.0,4355.0,4352.0,4354.9,648
2025-06-10T09:45:00+05:30,4353.5,4354.7,4352.3,4352.3,385
2025-06-10T09:46:00+05:30,4353.1,4355.7,4352.3,4354.1,433
2025-06-10T09:47:00+05:30,4353.0,4355.0,4352.3,4354.0,708
2025-06-10T09:48:00+05:30,4355.0,4356.0,4354.0,4355.0,336
2025-06-10T09:49:00+05:30,4355.0,4355.3,4353.0,4353.0,501
2025-06-10T09:50:00+05:30,4354.2,4358.0,4353.1,4356.0,854
2025-06-10T09:51:00+05:30,4356.0,4356.0,4350.0,4350.0,1836
2025-06-10T09:52:00+05:30,4350.3,4353.2,4350.0,4352.1,790
2025-06-10T09:53:00+05:30,4352.2,4354.7,4350.4,4353.0,796
2025-06-10T09:54:00+05:30,4354.0,4355.5,4352.4,4352.9,387
2025-06-10T09:55:00+05:30,4352.9,4352.9,4350.0,4350.4,705
2025-06-10T09:56:00+05:30,4351.3,4353.0,4350.0,4352.4,500
2025-06-10T09:57:00+05:30,4352.4,4354.9,4351.1,4353.3,642
2025-06-10T09:58:00+05:30,4353.3,4354.5,4350.3,4350.5,197
2025-06-10T09:59:00+05:30,4351.4,4354.0,4350.0,4351.5,688
2025-06-10T10:00:00+05:30,4351.4,4355.2,4351.4,4355.2,421
2025-06-10T10:01:00+05:30,4355.0,4355.2,4353.1,4354.0,820
2025-06-10T10:02:00+05:30,4355.0,4355.2,4353.8,4355.0,400
2025-06-10T10:03:00+05:30,4353.8,4354.9,4353.7,4353.7,175
2025-06-10T10:04:00+05:30,4354.3,4356.6,4353.7,4356.0,536
2025-06-10T10:05:00+05:30,4356.0,4356.5,4354.2,4355.6,213
2025-06-10T10:06:00+05:30,4355.6,4355.6,4353.7,4353.8,332
2025-06-10T10:07:00+05:30,4354.8,4354.8,4353.7,4354.7,121
2025-06-10T10:08:00+05:30,4354.7,4356.6,4353.7,4356.6,877
2025-06-10T10:09:00+05:30,4356.2,4356.7,4352.4,4353.5,860
2025-06-10T10:10:00+05:30,4353.6,4353.9,4350.2,4351.4,492
2025-06-10T10:11:00+05:30,4350.6,4353.0,4350.4,4350.6,545
2025-06-10T10:12:00+05:30,4352.5,4357.0,4351.1,4355.0,1329
2025-06-10T10:13:00+05:30,4356.5,4357.0,4356.0,4356.3,463
2025-06-10T10:14:00+05:30,4357.0,4357.0,4356.3,4356.3,115
2025-06-10T10:15:00+05:30,4356.8,4356.8,4356.0,4356.0,175
2025-06-10T10:16:00+05:30,4356.4,4359.8,4355.0,4359.8,1616
2025-06-10T10:17:00+05:30,4359.5,4361.0,4355.0,4355.0,1401
2025-06-10T10:18:00+05:30,4355.0,4356.0,4354.0,4355.4,232
2025-06-10T10:19:00+05:30,4355.0,4357.5,4354.0,4355.6,413
2025-06-10T10:20:00+05:30,4357.1,4357.1,4355.0,4355.0,262
2025-06-10T10:21:00+05:30,4356.0,4356.0,4353.4,4355.0,349
2025-06-10T10:22:00+05:30,4355.0,4355.4,4352.9,4355.0,635
2025-06-10T10:23:00+05:30,4355.4,4355.4,4355.0,4355.4,259
2025-06-10T10:24:00+05:30,4355.4,4357.1,4355.4,4355.6,724
2025-06-10T10:25:00+05:30,4355.7,4357.0,4354.4,4356.0,753
2025-06-10T10:26:00+05:30,4356.0,4357.2,4356.0,4356.1,242
2025-06-10T10:27:00+05:30,4356.1,4357.0,4355.7,4357.0,249
2025-06-10T10:28:00+05:30,4357.0,4357.0,4355.0,4356.5,182
2025-06-10T10:29:00+05:30,4356.1,4356.5,4356.0,4356.2,285
2025-06-10T10:30:00+05:30,4356.0,4356.3,4355.0,4355.0,419
2025-06-10T10:31:00+05:30,4355.4,4355.4,4351.3,4351.5,446
2025-06-10T10:32:00+05:30,4352.8,4352.9,4351.0,4351.0,293
2025-06-10T10:33:00+05:30,4351.0,4353.9,4350.5,4351.7,704
2025-06-10T10:34:00+05:30,4352.4,4353.3,4350.5,4353.3,368
2025-06-10T10:35:00+05:30,4353.3,4355.1,4352.6,4354.4,321
2025-06-10T10:36:00+05:30,4355.0,4356.9,4353.8,4355.6,386
2025-06-10T10:37:00+05:30,4355.3,4356.7,4355.0,4355.0,344
2025-06-10T10:38:00+05:30,4355.6,4357.7,4353.6,4354.0,524
2025-06-10T10:39:00+05:30,4355.1,4357.4,4354.2,4357.2,370
2025-06-10T10:40:00+05:30,4355.8,4357.5,4355.8,4356.8,199
2025-06-10T10:41:00+05:30,4355.7,4357.4,4354.7,4355.1,320
2025-06-10T10:42:00+05:30,4355.1,4356.6,4355.0,4356.0,293
2025-06-10T10:43:00+05:30,4356.4,4356.4,4352.4,4354.0,849
2025-06-10T10:44:00+05:30,4353.9,4354.0,4350.1,4352.0,744
2025-06-10T10:45:00+05:30,4351.9,4351.9,4350.0,4350.0,509
2025-06-10T10:46:00+05:30,4350.2,4352.9,4350.0,4352.7,812
2025-06-10T10:47:00+05:30,4352.7,4353.0,4350.7,4351.6,470
2025-06-10T10:48:00+05:30,4351.2,4352.2,4350.0,4350.9,605
2025-06-10T10:49:00+05:30,4350.9,4356.0,4349.4,4354.9,2018
2025-06-10T10:50:00+05:30,4354.9,4354.9,4353.3,4354.9,375
2025-06-10T10:51:00+05:30,4354.5,4354.9,4351.1,4353.0,188
2025-06-10T10:52:00+05:30,4352.4,4353.0,4352.0,4352.0,181
2025-06-10T10:53:00+05:30,4352.0,4353.0,4350.9,4352.1,219
2025-06-10T10:54:00+05:30,4350.6,4354.7,4350.3,4352.8,579
2025-06-10T10:55:00+05:30,4352.6,4355.8,4352.6,4354.2,512
2025-06-10T10:56:00+05:30,4354.1,4358.9,4352.0,4358.0,2627
2025-06-10T10:57:00+05:30,4356.5,4360.8,4356.0,4359.0,2986
2025-06-10T10:58:00+05:30,4359.2,4361.0,4359.0,4360.0,749
2025-06-10T10:59:00+05:30,4361.0,4362.0,4360.0,4361.0,1058
2025-06-10T11:00:00+05:30,4361.0,4361.0,4359.9,4361.0,469
2025-06-10T11:01:00+05:30,4361.0,4361.0,4359.1,4360.0,152
2025-06-10T11:02:00+05:30,4360.0,4362.1,4360.0,4360.0,730
2025-06-10T11:03:00+05:30,4360.0,4360.5,4360.0,4360.4,179
2025-06-10T11:04:00+05:30,4360.4,4362.1,4359.4,4361.3,689
2025-06-10T11:05:00+05:30,4361.3,4362.7,4360.0,4360.7,266
2025-06-10T11:06:00+05:30,4360.0,4360.8,4359.4,4360.7,478
2025-06-10T11:07:00+05:30,4360.0,4360.7,4359.3,4360.0,194
2025-06-10T11:08:00+05:30,4360.3,4360.3,4360.0,4360.0,1428
2025-06-10T11:09:00+05:30,4360.0,4360.3,4360.0,4360.0,585
2025-06-10T11:10:00+05:30,4360.3,4360.3,4360.0,4360.3,817
2025-06-10T11:11:00+05:30,4360.3,4360.3,4360.0,4360.1,140
2025-06-10T11:12:00+05:30,4360.1,4360.1,4359.6,4360.0,955
2025-06-10T11:13:00+05:30,4360.0,4360.2,4357.6,4360.2,1694
2025-06-10T11:14:00+05:30,4360.2,4360.3,4360.0,4360.0,617
2025-06-10T11:15:00+05:30,4360.3,4361.0,4360.0,4361.0,249
2025-06-10T11:16:00+05:30,4360.8,4361.7,4360.0,4360.0,429
2025-06-10T11:17:00+05:30,4360.7,4361.5,4360.0,4361.1,357
2025-06-10T11:18:00+05:30,4360.0,4360.7,4360.0,4360.1,345
2025-06-10T11:19:00+05:30,4360.3,4360.7,4360.0,4360.0,358
2025-06-10T11:20:00+05:30,4360.1,4360.1,4358.4,4358.4,2103
2025-06-10T11:21:00+05:30,4360.0,4360.1,4359.7,4360.0,1865
2025-06-10T11:22:00+05:30,4360.1,4360.1,4358.8,4360.1,207
2025-06-10T11:23:00+05:30,4359.0,4360.5,4359.0,4360.0,464
2025-06-10T11:24:00+05:30,4360.0,4368.9,4358.5,4368.9,3200
2025-06-10T11:25:00+05:30,4368.8,4368.8,4366.4,4368.3,373
2025-06-10T11:26:00+05:30,4368.0,4369.0,4368.0,4368.3,287
2025-06-10T11:27:00+05:30,4368.3,4369.0,4368.0,4368.3,149
2025-06-10T11:28:00+05:30,4368.3,4369.0,4368.0,4368.0,502
2025-06-10T11:29:00+05:30,4368.0,4368.0,4367.1,4367.1,511
2025-06-10T11:30:00+05:30,4367.1,4368.0,4367.0,4367.2,253
2025-06-10T11:31:00+05:30,4367.2,4368.0,4366.2,4366.3,415
2025-06-10T11:32:00+05:30,4366.2,4367.1,4365.0,4367.1,695
2025-06-10T11:33:00+05:30,4366.2,4368.0,4365.4,4366.1,380
2025-06-10T11:34:00+05:30,4366.2,4367.0,4365.0,4365.2,213
2025-06-10T11:35:00+05:30,4365.2,4366.0,4364.4,4365.4,334
2025-06-10T11:36:00+05:30,4366.0,4368.0,4365.4,4366.1,297
2025-06-10T11:37:00+05:30,4366.1,4367.3,4365.8,4365.8,128
2025-06-10T11:38:00+05:30,4366.1,4367.3,4365.0,4366.0,551
2025-06-10T11:39:00+05:30,4367.3,4367.7,4365.8,4366.3,215
2025-06-10T11:40:00+05:30,4366.3,4368.2,4366.3,4366.5,202
2025-06-10T11:41:00+05:30,4366.5,4368.0,4365.0,4368.0,605
2025-06-10T11:42:00+05:30,4365.5,4370.8,4365.5,4367.0,4126
2025-06-10T11:43:00+05:30,4365.9,4366.2,4361.9,4365.0,1673
2025-06-10T11:44:00+05:30,4365.0,4367.1,4363.2,4365.0,763
2025-06-10T11:45:00+05:30,4365.0,4366.3,4363.7,4366.0,263
2025-06-10T11:46:00+05:30,4366.2,4366.3,4365.3,4366.0,76
2025-06-10T11:47:00+05:30,4366.3,4366.3,4366.0,4366.3,110
2025-06-10T11:48:00+05:30,4366.0,4366.1,4365.0,4365.0,122
2025-06-10T11:49:00+05:30,4365.0,4366.0,4365.0,4365.0,114
2025-06-10T11:50:00+05:30,4365.0,4365.9,4363.6,4365.0,347
2025-06-10T11:51:00+05:30,4365.0,4365.8,4365.0,4365.0,138
2025-06-10T11:52:00+05:30,4365.0,4368.0,4361.7,4368.0,3413
2025-06-10T11:53:00+05:30,4368.0,4374.0,4368.0,4372.4,4652
2025-06-10T11:54:00+05:30,4372.0,4373.8,4369.7,4373.8,1617
2025-06-10T11:55:00+05:30,4373.8,4376.2,4373.8,4376.1,2412
2025-06-10T11:56:00+05:30,4376.1,4378.0,4374.8,4376.7,1541
2025-06-10T11:57:00+05:30,4376.2,4382.0,4376.0,4380.7,4385
2025-06-10T11:58:00+05:30,4382.0,4383.0,4380.0,4381.7,2429
2025-06-10T11:59:00+05:30,4382.2,4385.0,4381.5,4385.0,2298
2025-06-10T12:00:00+05:30,4385.0,4387.6,4384.4,4387.0,2481
2025-06-10T12:01:00+05:30,4386.0,4390.0,4384.9,4384.9,5345
2025-06-10T12:02:00+05:30,4384.9,4385.6,4381.5,4381.7,2800
2025-06-10T12:03:00+05:30,4383.0,4383.0,4379.9,4380.6,2727
2025-06-10T12:04:00+05:30,4380.0,4381.6,4379.6,4381.5,813
2025-06-10T12:05:00+05:30,4380.7,4381.6,4380.0,4380.0,521
2025-06-10T12:06:00+05:30,4381.0,4381.4,4380.0,4381.0,371
2025-06-10T12:07:00+05:30,4381.0,4381.0,4379.9,4379.9,2343
2025-06-10T12:08:00+05:30,4379.9,4380.5,4379.9,4379.9,819
2025-06-10T12:09:00+05:30,4380.0,4380.5,4378.0,4380.5,4017
2025-06-10T12:10:00+05:30,4380.0,4381.0,4378.0,4380.0,1895
2025-06-10T12:11:00+05:30,4380.0,4380.6,4376.7,4380.0,3782
2025-06-10T12:12:00+05:30,4380.0,4380.6,4379.0,4380.5,628
2025-06-10T12:13:00+05:30,4380.0,4380.8,4380.0,4380.0,806
2025-06-10T12:14:00+05:30,4380.0,4381.0,4380.0,4380.0,454
2025-06-10T12:15:00+05:30,4381.0,4381.0,4380.0,4381.0,1141
2025-06-10T12:16:00+05:30,4381.0,4381.0,4380.0,4381.0,1247
2025-06-10T12:17:00+05:30,4381.0,4382.7,4381.0,4381.4,539
2025-06-10T12:18:00+05:30,4381.0,4381.0,4380.0,4380.1,1151
2025-06-10T12:19:00+05:30,4380.8,4385.0,4380.0,4385.0,1252
2025-06-10T12:20:00+05:30,4383.6,4385.0,4381.5,4383.6,1281
2025-06-10T12:21:00+05:30,4385.0,4386.2,4383.9,4386.0,804
2025-06-10T12:22:00+05:30,4386.0,4386.2,4384.2,4384.2,981
2025-06-10T12:23:00+05:30,4385.4,4385.5,4384.2,4384.3,681
2025-06-10T12:24:00+05:30,4385.4,4385.5,4384.1,4384.5,412
2025-06-10T12:25:00+05:30,4384.5,4385.4,4383.9,4385.4,1388
2025-06-10T12:26:00+05:30,4385.4,4386.0,4384.0,4385.0,1562
2025-06-10T12:27:00+05:30,4385.2,4387.5,4385.0,4387.0,855
2025-06-10T12:28:00+05:30,4386.6,4387.6,4385.3,4387.6,1438
2025-06-10T12:29:00+05:30,4387.6,4387.6,4387.0,4387.5,427
2025-06-10T12:30:00+05:30,4387.5,4391.0,4387.5,4389.0,3168
2025-06-10T12:31:00+05:30,4389.5,4391.0,4387.0,4387.0,741
2025-06-10T12:32:00+05:30,4387.0,4389.9,4386.1,4388.0,3258
2025-06-10T12:33:00+05:30,4388.0,4388.7,4386.3,4388.0,665
2025-06-10T12:34:00+05:30,4388.1,4388.1,4386.3,4387.0,1011
2025-06-10T12:35:00+05:30,4387.0,4388.1,4382.2,4382.2,1352
2025-06-10T12:36:00+05:30,4383.4,4383.4,4381.0,4382.0,597
2025-06-10T12:37:00+05:30,4382.0,4385.0,4381.1,4385.0,1255
2025-06-10T12:38:00+05:30,4386.5,4389.0,4385.0,4388.9,871
2025-06-10T12:39:00+05:30,4388.0,4390.5,4387.9,4390.1,2011
2025-06-10T12:40:00+05:30,4390.0,4390.2,4388.1,4390.0,484
2025-06-10T12:41:00+05:30,4390.0,4390.1,4387.2,4389.1,1651
2025-06-10T12:42:00+05:30,4389.1,4390.5,4388.3,4390.1,931
2025-06-10T12:43:00+05:30,4390.0,4390.1,4386.7,4386.7,711
2025-06-10T12:44:00+05:30,4388.0,4389.5,4385.5,4388.9,1309
2025-06-10T12:45:00+05:30,4388.9,4389.3,4387.0,4389.0,1092
2025-06-10T12:46:00+05:30,4389.0,4390.2,4387.5,4390.2,778
2025-06-10T12:47:00+05:30,4390.0,4390.2,4388.2,4389.3,956
2025-06-10T12:48:00+05:30,4389.8,4390.0,4387.4,4387.5,776
2025-06-10T12:49:00+05:30,4389.0,4390.9,4387.5,4389.0,1826
2025-06-10T12:50:00+05:30,4390.0,4390.4,4388.0,4388.1,784
2025-06-10T12:51:00+05:30,4388.0,4391.0,4388.0,4390.0,760
2025-06-10T12:52:00+05:30,4390.0,4391.0,4388.3,4390.0,543
2025-06-10T12:53:00+05:30,4390.0,4392.0,4388.2,4392.0,3057
2025-06-10T12:54:00+05:30,4390.0,4391.5,4390.0,4390.4,195
2025-06-10T12:55:00+05:30,4390.5,4391.5,4390.0,4390.0,592
2025-06-10T12:56:00+05:30,4390.0,4390.1,4389.0,4389.0,499
2025-06-10T12:57:00+05:30,4390.0,4390.1,4389.0,4390.1,818
2025-06-10T12:58:00+05:30,4390.0,4390.0,4388.2,4390.0,1106
2025-06-10T12:59:00+05:30,4390.0,4391.4,4389.0,4390.2,1073
2025-06-10T13:00:00+05:30,4390.2,4390.2,4388.2,4390.0,457
2025-06-10T13:01:00+05:30,4390.1,4390.2,4389.0,4390.2,348
2025-06-10T13:02:00+05:30,4390.2,4391.0,4389.4,4390.0,342
2025-06-10T13:03:00+05:30,4390.5,4391.0,4389.7,4390.0,811
2025-06-10T13:04:00+05:30,4390.1,4390.1,4387.2,4388.4,448
2025-06-10T13:05:00+05:30,4387.2,4388.3,4385.1,4387.7,1767
2025-06-10T13:06:00+05:30,4387.2,4390.1,4386.2,4390.0,892
2025-06-10T13:07:00+05:30,4390.0,4392.0,4390.0,4390.0,1669
2025-06-10T13:08:00+05:30,4390.6,4391.9,4389.8,4390.0,627
2025-06-10T13:09:00+05:30,4390.3,4390.3,4389.8,4390.3,245
2025-06-10T13:10:00+05:30,4390.3,4390.3,4387.7,4387.8,369
2025-06-10T13:11:00+05:30,4388.9,4388.9,4387.9,4388.0,262
2025-06-10T13:12:00+05:30,4388.0,4390.3,4387.2,4390.0,1043
2025-06-10T13:13:00+05:30,4390.0,4392.0,4390.0,4390.0,3473
2025-06-10T13:14:00+05:30,4390.4,4392.0,4390.0,4391.0,238
2025-06-10T13:15:00+05:30,4391.0,4392.0,4390.0,4390.1,608
2025-06-10T13:16:00+05:30,4390.1,4391.7,4390.1,4391.0,208
2025-06-10T13:17:00+05:30,4391.5,4391.5,4390.8,4391.5,200
2025-06-10T13:18:00+05:30,4391.5,4391.5,4390.0,4391.0,194
2025-06-10T13:19:00+05:30,4391.0,4392.0,4390.0,4391.8,1174
2025-06-10T13:20:00+05:30,4390.6,4392.0,4390.0,4390.8,846
2025-06-10T13:21:00+05:30,4390.8,4391.9,4385.8,4386.3,2812
2025-06-10T13:22:00+05:30,4387.7,4388.0,4385.1,4386.6,807
2025-06-10T13:23:00+05:30,4386.6,4390.0,4385.4,4388.2,1679
2025-06-10T13:24:00+05:30,4389.0,4389.0,4386.7,4387.9,330
2025-06-10T13:25:00+05:30,4386.7,4388.0,4386.5,4388.0,386
2025-06-10T13:26:00+05:30,4387.0,4390.0,4386.1,4386.7,1261
2025-06-10T13:27:00+05:30,4388.0,4388.0,4386.5,4386.8,251
2025-06-10T13:28:00+05:30,4388.0,4388.5,4385.4,4385.4,324
2025-06-10T13:29:00+05:30,4386.7,4386.7,4385.0,4386.7,500
2025-06-10T13:30:00+05:30,4386.7,4388.0,4386.5,4388.0,213
2025-06-10T13:31:00+05:30,4388.0,4388.1,4386.9,4387.0,347
2025-06-10T13:32:00+05:30,4387.9,4387.9,4386.4,4386.7,671
2025-06-10T13:33:00+05:30,4386.7,4387.9,4386.7,4387.9,272
2025-06-10T13:34:00+05:30,4387.0,4390.0,4386.0,4390.0,2284
2025-06-10T13:35:00+05:30,4390.0,4390.2,4388.9,4389.8,422
2025-06-10T13:36:00+05:30,4389.8,4390.3,4388.9,4390.0,419
2025-06-10T13:37:00+05:30,4390.0,4391.5,4388.1,4391.0,912
2025-06-10T13:38:00+05:30,4391.0,4391.5,4389.7,4390.0,293
2025-06-10T13:39:00+05:30,4390.1,4392.0,4390.1,4390.5,1034
2025-06-10T13:40:00+05:30,4390.5,4391.5,4390.5,4391.0,195
2025-06-10T13:41:00+05:30,4391.0,4391.5,4390.5,4390.8,600
2025-06-10T13:42:00+05:30,4390.8,4390.8,4390.0,4390.8,298
2025-06-10T13:43:00+05:30,4390.8,4390.8,4390.0,4390.0,480
2025-06-10T13:44:00+05:30,4390.2,4390.2,4389.0,4389.0,115
2025-06-10T13:45:00+05:30,4389.0,4389.0,4386.8,4387.0,674
2025-06-10T13:46:00+05:30,4388.6,4388.6,4386.3,4388.0,276
2025-06-10T13:47:00+05:30,4388.0,4388.0,4386.4,4386.4,218
2025-06-10T13:48:00+05:30,4386.9,4386.9,4385.4,4386.7,482
2025-06-10T13:49:00+05:30,4386.7,4386.9,4385.4,4386.9,272
2025-06-10T13:50:00+05:30,4386.9,4386.9,4385.5,4386.3,372
2025-06-10T13:51:00+05:30,4386.3,4386.3,4385.0,4385.5,430
2025-06-10T13:52:00+05:30,4385.5,4387.3,4385.0,4386.0,920
2025-06-10T13:53:00+05:30,4386.3,4386.3,4382.2,4382.2,811
2025-06-10T13:54:00+05:30,4382.2,4383.8,4382.0,4382.0,800
2025-06-10T13:55:00+05:30,4382.5,4382.6,4381.2,4381.2,1067
2025-06-10T13:56:00+05:30,4382.0,4383.5,4381.3,4382.1,391
2025-06-10T13:57:00+05:30,4383.5,4390.0,4382.2,4385.6,5767
2025-06-10T13:58:00+05:30,4385.6,4385.6,4382.5,4383.2,603
2025-06-10T13:59:00+05:30,4383.0,4387.2,4381.5,4385.0,1249
2025-06-10T14:00:00+05:30,4385.0,4385.0,4382.4,4382.4,223
2025-06-10T14:01:00+05:30,4382.4,4383.3,4381.1,4383.0,362
2025-06-10T14:02:00+05:30,4382.0,4385.0,4380.0,4380.0,3571
2025-06-10T14:03:00+05:30,4381.0,4381.0,4380.0,4380.0,1178
2025-06-10T14:04:00+05:30,4380.0,4380.1,4380.0,4380.0,1876
2025-06-10T14:05:00+05:30,4380.1,4382.0,4376.0,4380.9,5448
2025-06-10T14:06:00+05:30,4382.7,4383.4,4380.6,4383.4,313
2025-06-10T14:07:00+05:30,4382.7,4382.7,4380.3,4381.1,620
2025-06-10T14:08:00+05:30,4381.1,4385.0,4380.0,4382.1,2623
2025-06-10T14:09:00+05:30,4382.6,4384.3,4381.9,4383.0,357
2025-06-10T14:10:00+05:30,4382.8,4382.9,4381.1,4381.3,176
2025-06-10T14:11:00+05:30,4381.4,4382.6,4381.4,4381.4,94
2025-06-10T14:12:00+05:30,4381.4,4385.0,4381.1,4384.1,2270
2025-06-10T14:13:00+05:30,4384.3,4385.0,4383.1,4384.4,515
2025-06-10T14:14:00+05:30,4384.4,4384.7,4382.3,4383.0,225
2025-06-10T14:15:00+05:30,4382.1,4383.0,4380.0,4380.0,395
2025-06-10T14:16:00+05:30,4381.0,4381.0,4380.0,4380.4,336
2025-06-10T14:17:00+05:30,4380.4,4384.8,4380.4,4383.8,806
2025-06-10T14:18:00+05:30,4383.6,4383.6,4381.6,4383.0,161
2025-06-10T14:19:00+05:30,4382.0,4383.0,4382.0,4383.0,93
2025-06-10T14:20:00+05:30,4382.1,4383.0,4381.4,4381.5,919
2025-06-10T14:21:00+05:30,4381.5,4381.5,4381.4,4381.5,130
2025-06-10T14:22:00+05:30,4381.5,4381.5,4380.0,4380.3,1289
2025-06-10T14:23:00+05:30,4380.3,4380.3,4380.0,4380.3,546
2025-06-10T14:24:00+05:30,4380.3,4380.3,4378.0,4379.7,7430
2025-06-10T14:25:00+05:30,4379.5,4382.6,4377.6,4381.2,920
2025-06-10T14:26:00+05:30,4381.2,4383.0,4380.0,4383.0,938
2025-06-10T14:27:00+05:30,4382.2,4384.6,4381.1,4382.4,1100
2025-06-10T14:28:00+05:30,4383.6,4383.6,4380.1,4381.1,975
2025-06-10T14:29:00+05:30,4381.1,4381.1,4380.5,4380.5,163
2025-06-10T14:30:00+05:30,4380.5,4381.1,4380.0,4380.4,661
2025-06-10T14:31:00+05:30,4380.4,4380.4,4379.4,4380.0,556
2025-06-10T14:32:00+05:30,4380.0,4380.3,4379.2,4380.0,1607
2025-06-10T14:33:00+05:30,4380.0,4380.2,4380.0,4380.2,377
2025-06-10T14:34:00+05:30,4380.0,4381.0,4379.9,4379.9,1059
2025-06-10T14:35:00+05:30,4380.2,4382.8,4379.9,4380.1,1360
2025-06-10T14:36:00+05:30,4380.1,4384.8,4380.1,4383.3,525
2025-06-10T14:37:00+05:30,4384.4,4386.0,4382.9,4385.1,2855
2025-06-10T14:38:00+05:30,4385.1,4386.0,4385.1,4385.1,673
2025-06-10T14:39:00+05:30,4385.1,4387.0,4382.9,4386.4,1468
2025-06-10T14:40:00+05:30,4386.4,4387.0,4386.0,4386.4,243
2025-06-10T14:41:00+05:30,4386.4,4386.4,4385.3,4385.8,293
2025-06-10T14:42:00+05:30,4385.6,4386.0,4383.3,4383.3,573
2025-06-10T14:43:00+05:30,4382.9,4382.9,4380.0,4380.4,240
2025-06-10T14:44:00+05:30,4380.8,4385.6,4380.8,4382.9,2156
2025-06-10T14:45:00+05:30,4383.0,4386.0,4380.0,4380.6,1855
2025-06-10T14:46:00+05:30,4380.6,4381.7,4380.0,4380.2,1294
2025-06-10T14:47:00+05:30,4380.0,4380.9,4380.0,4380.0,1023
2025-06-10T14:48:00+05:30,4380.0,4380.4,4380.0,4380.0,676
2025-06-10T14:49:00+05:30,4380.0,4380.4,4378.1,4380.1,4513
2025-06-10T14:50:00+05:30,4380.0,4380.3,4380.0,4380.1,461
2025-06-10T14:51:00+05:30,4380.3,4381.7,4380.1,4381.0,666
2025-06-10T14:52:00+05:30,4381.0,4381.7,4381.0,4381.0,417
2025-06-10T14:53:00+05:30,4381.1,4386.0,4381.0,4383.3,1334
2025-06-10T14:54:00+05:30,4383.3,4383.4,4381.0,4381.0,839
2025-06-10T14:55:00+05:30,4381.0,4381.8,4380.3,4381.0,1558
2025-06-10T14:56:00+05:30,4381.0,4381.4,4375.0,4375.0,3459
2025-06-10T14:57:00+05:30,4375.0,4381.0,4371.8,4380.0,5427
2025-06-10T14:58:00+05:30,4380.4,4381.9,4379.8,4380.6,2074
2025-06-10T14:59:00+05:30,4380.0,4380.6,4379.0,4380.0,842
2025-06-10T15:00:00+05:30,4380.6,4380.6,4376.8,4378.9,2936
2025-06-10T15:01:00+05:30,4377.6,4378.9,4376.3,4378.5,2038
2025-06-10T15:02:00+05:30,4378.4,4380.5,4378.4,4380.5,3780
2025-06-10T15:03:00+05:30,4380.5,4380.6,4374.1,4377.6,3057
2025-06-10T15:04:00+05:30,4377.7,4378.0,4375.6,4376.8,1826
2025-06-10T15:05:00+05:30,4376.7,4378.8,4374.3,4374.3,4474
2025-06-10T15:06:00+05:30,4375.0,4376.9,4372.6,4373.7,2245
2025-06-10T15:07:00+05:30,4373.0,4374.6,4372.6,4374.6,1974
2025-06-10T15:08:00+05:30,4374.4,4375.0,4371.0,4371.1,2546
2025-06-10T15:09:00+05:30,4371.1,4377.5,4371.1,4376.8,2642
2025-06-10T15:10:00+05:30,4377.0,4382.1,4377.0,4378.9,4508
2025-06-10T15:11:00+05:30,4378.8,4382.6,4378.3,4381.9,2102
2025-06-10T15:12:00+05:30,4381.5,4381.5,4380.0,4380.4,5324
2025-06-10T15:13:00+05:30,4380.3,4380.5,4380.0,4380.3,2120
2025-06-10T15:14:00+05:30,4380.3,4383.5,4380.2,4383.2,2649
2025-06-10T15:15:00+05:30,4383.1,4383.4,4381.6,4382.7,1824
2025-06-10T15:16:00+05:30,4381.6,4382.8,4380.1,4382.2,3219
2025-06-10T15:17:00+05:30,4382.2,4382.8,4380.6,4380.6,2708
2025-06-10T15:18:00+05:30,4380.6,4381.1,4380.0,4380.2,3000
2025-06-10T15:19:00+05:30,4380.2,4380.4,4380.0,4380.0,3193
2025-06-10T15:20:00+05:30,4380.1,4380.5,4380.0,4380.0,7223
2025-06-10T15:21:00+05:30,4380.1,4380.2,4380.0,4380.2,2754
2025-06-10T15:22:00+05:30,4380.0,4380.2,4380.0,4380.0,3383
2025-06-10T15:23:00+05:30,4380.0,4380.1,4380.0,4380.1,2274
2025-06-10T15:24:00+05:30,4380.1,4380.3,4380.0,4380.1,3622
2025-06-10T15:25:00+05:30,4380.1,4381.0,4380.0,4380.3,3540
2025-06-10T15:26:00+05:30,4380.3,4380.4,4375.0,4375.0,4639
2025-06-10T15:27:00+05:30,4375.0,4377.5,4366.5,4368.0,2859
2025-06-10T15:28:00+05:30,4367.2,4380.5,4363.1,4380.0,11193
2025-06-10T15:29:00+05:30,4380.0,4380.8,4380.0,4380.0,3145
2025-06-11T09:15:00+05:30,4375.0,4396.0,4365.9,4394.5,3369
2025-06-11T09:16:00+05:30,4394.4,4397.3,4383.5,4385.8,3955
2025-06-11T09:17:00+05:30,4387.0,4406.7,4381.4,4406.0,4497
2025-06-11T09:18:00+05:30,4404.0,4407.0,4401.3,4401.3,4746
2025-06-11T09:19:00+05:30,4401.3,4406.1,4400.0,4402.5,2944
2025-06-11T09:20:00+05:30,4403.0,4414.0,4402.5,4414.0,4826
2025-06-11T09:21:00+05:30,4412.5,4414.0,4405.0,4412.0,6069
2025-06-11T09:22:00+05:30,4412.7,4420.8,4412.5,4415.7,6143
2025-06-11T09:23:00+05:30,4415.7,4418.0,4412.7,4414.1,5693
2025-06-11T09:24:00+05:30,4414.1,4418.0,4411.6,4411.6,2346
2025-06-11T09:25:00+05:30,4411.6,4413.0,4408.5,4408.8,2812
2025-06-11T09:26:00+05:30,4408.7,4412.4,4408.3,4410.5,1945
2025-06-11T09:27:00+05:30,4411.1,4412.6,4400.7,4400.8,2922
2025-06-11T09:28:00+05:30,4400.8,4402.6,4395.2,4400.9,4892
2025-06-11T09:29:00+05:30,4400.9,4402.0,4396.7,4399.2,1737
2025-06-11T09:30:00+05:30,4399.2,4401.6,4396.7,4398.0,2309
2025-06-11T09:31:00+05:30,4398.8,4398.8,4390.6,4391.3,3235
2025-06-11T09:32:00+05:30,4390.6,4392.5,4386.1,4392.0,2572
2025-06-11T09:33:00+05:30,4391.4,4398.7,4391.3,4398.7,1409
2025-06-11T09:34:00+05:30,4398.9,4404.2,4396.0,4402.3,2701
2025-06-11T09:35:00+05:30,4404.1,4407.0,4400.0,4400.3,3039
2025-06-11T09:36:00+05:30,4402.0,4402.5,4398.0,4399.0,1021
2025-06-11T09:37:00+05:30,4398.1,4408.8,4398.0,4407.0,2046
2025-06-11T09:38:00+05:30,4407.0,4415.0,4405.9,4415.0,8621
2025-06-11T09:39:00+05:30,4413.9,4418.0,4410.6,4418.0,7243
2025-06-11T09:40:00+05:30,4417.9,4417.9,4408.6,4415.0,8597
2025-06-11T09:41:00+05:30,4415.0,4422.0,4412.0,4420.0,12450
2025-06-11T09:42:00+05:30,4419.8,4424.7,4418.0,4420.0,6023
2025-06-11T09:43:00+05:30,4420.0,4423.0,4418.0,4422.0,3343
2025-06-11T09:44:00+05:30,4422.8,4426.0,4421.1,4425.4,6905
2025-06-11T09:45:00+05:30,4425.4,4427.0,4420.0,4421.6,4077
2025-06-11T09:46:00+05:30,4420.0,4424.1,4417.3,4423.6,3179
2025-06-11T09:47:00+05:30,4422.6,4429.5,4422.0,4429.5,4856
2025-06-11T09:48:00+05:30,4429.6,4435.8,4429.0,4435.0,6491
2025-06-11T09:49:00+05:30,4434.5,4443.0,4433.8,4439.9,7020
2025-06-11T09:50:00+05:30,4438.7,4443.0,4437.5,4443.0,5161
2025-06-11T09:51:00+05:30,4443.0,4443.8,4438.1,4438.1,4826
2025-06-11T09:52:00+05:30,4438.2,4446.0,4438.0,4445.0,7622
2025-06-11T09:53:00+05:30,4445.0,4447.0,4443.6,4445.9,4411
2025-06-11T09:54:00+05:30,4445.9,4448.0,4442.3,4446.5,5890
2025-06-11T09:55:00+05:30,4446.5,4448.0,4441.2,4443.1,3307
2025-06-11T09:56:00+05:30,4442.2,4449.4,4442.2,4449.0,3882
2025-06-11T09:57:00+05:30,4449.5,4455.1,4449.0,4455.1,12775
2025-06-11T09:58:00+05:30,4455.3,4459.0,4455.0,4458.0,10382
2025-06-11T09:59:00+05:30,4459.0,4466.8,4457.7,4466.8,18462
2025-06-11T10:00:00+05:30,4466.8,4469.0,4458.0,4465.4,18419
2025-06-11T10:01:00+05:30,4465.0,4469.0,4462.0,4468.0,4732
2025-06-11T10:02:00+05:30,4466.8,4472.8,4466.5,4472.0,14428
2025-06-11T10:03:00+05:30,4471.0,4474.0,4470.0,4471.0,10596
2025-06-11T10:04:00+05:30,4470.3,4477.0,4470.2,4476.0,12346
2025-06-11T10:05:00+05:30,4476.0,4478.0,4470.3,4475.2,12758
2025-06-11T10:06:00+05:30,4477.0,4478.0,4471.1,4475.1,7408
2025-06-11T10:07:00+05:30,4476.0,4479.0,4474.1,4476.1,7505
2025-06-11T10:08:00+05:30,4476.0,4479.8,4474.5,4474.9,5436
2025-06-11T10:09:00+05:30,4476.5,4477.6,4470.2,4473.6,7483
2025-06-11T10:10:00+05:30,4474.7,4475.3,4470.0,4472.0,7412
2025-06-11T10:11:00+05:30,4472.0,4473.0,4470.1,4471.1,2798
2025-06-11T10:12:00+05:30,4471.1,4474.0,4471.0,4473.9,3578
2025-06-11T10:13:00+05:30,4472.6,4473.5,4468.0,4470.0,7110
2025-06-11T10:14:00+05:30,4470.1,4477.4,4470.0,4475.2,5621
2025-06-11T10:15:00+05:30,4476.8,4477.0,4475.0,4476.9,1779
2025-06-11T10:16:00+05:30,4476.9,4479.9,4475.5,4479.9,6255
2025-06-11T10:17:00+05:30,4479.9,4486.7,4479.3,4486.6,20142
2025-06-11T10:18:00+05:30,4486.6,4486.7,4478.0,4480.0,8812
2025-06-11T10:19:00+05:30,4480.0,4480.0,4467.5,4475.2,13419
2025-06-11T10:20:00+05:30,4475.2,4477.2,4472.2,4474.7,3150
2025-06-11T10:21:00+05:30,4474.7,4477.4,4470.0,4470.9,3926
2025-06-11T10:22:00+05:30,4470.1,4477.6,4470.0,4477.0,2513
2025-06-11T10:23:00+05:30,4477.6,4478.4,4476.1,4476.5,1573
2025-06-11T10:24:00+05:30,4476.5,4479.5,4475.1,4479.2,3897
2025-06-11T10:25:00+05:30,4479.2,4481.0,4476.0,4479.0,5006
2025-06-11T10:26:00+05:30,4478.1,4479.7,4471.6,4473.0,3081
2025-06-11T10:27:00+05:30,4473.7,4476.0,4470.0,4470.2,4124
2025-06-11T10:28:00+05:30,4470.0,4475.8,4470.0,4475.3,3504
2025-06-11T10:29:00+05:30,4475.2,4477.2,4473.1,4475.3,1636
2025-06-11T10:30:00+05:30,4475.3,4475.3,4470.0,4471.1,3833
2025-06-11T10:31:00+05:30,4470.9,4475.5,4470.3,4472.0,2106
2025-06-11T10:32:00+05:30,4472.6,4472.9,4468.8,4470.0,5549
2025-06-11T10:33:00+05:30,4470.4,4472.0,4470.0,4471.0,1230
2025-06-11T10:34:00+05:30,4472.0,4472.9,4469.6,4471.0,2265
2025-06-11T10:35:00+05:30,4471.0,4471.3,4458.3,4463.0,14283
2025-06-11T10:36:00+05:30,4463.0,4466.7,4460.0,4462.1,11020
2025-06-11T10:37:00+05:30,4462.5,4465.0,4460.0,4463.0,7130
2025-06-11T10:38:00+05:30,4463.0,4473.9,4463.0,4470.0,5040
2025-06-11T10:39:00+05:30,4470.0,4471.6,4466.1,4467.2,3420
2025-06-11T10:40:00+05:30,4467.5,4470.9,4465.0,4466.7,13514
2025-06-11T10:41:00+05:30,4466.6,4473.0,4465.7,4473.0,6051
2025-06-11T10:42:00+05:30,4472.4,4475.0,4465.7,4467.7,2719
2025-06-11T10:43:00+05:30,4468.5,4472.0,4467.7,4472.0,3112
2025-06-11T10:44:00+05:30,4471.2,4474.9,4471.1,4474.1,3149
2025-06-11T10:45:00+05:30,4474.2,4480.2,4473.4,4476.5,10102
2025-06-11T10:46:00+05:30,4476.6,4481.0,4476.3,4480.0,4347
2025-06-11T10:47:00+05:30,4480.0,4481.0,4479.2,4480.2,2662
2025-06-11T10:48:00+05:30,4480.0,4480.2,4478.0,4478.4,1704
2025-06-11T10:49:00+05:30,4479.5,4480.0,4475.0,4478.8,5930
2025-06-11T10:50:00+05:30,4478.8,4481.0,4478.1,4480.6,4979
2025-06-11T10:51:00+05:30,4480.6,4483.0,4480.0,4481.0,5311
2025-06-11T10:52:00+05:30,4481.0,4482.6,4480.0,4482.4,2665
2025-06-11T10:53:00+05:30,4482.4,4484.2,4475.0,4475.0,5741
2025-06-11T10:54:00+05:30,4475.1,4478.0,4473.0,4477.8,3363
2025-06-11T10:55:00+05:30,4477.5,4478.0,4476.0,4476.8,1473
2025-06-11T10:56:00+05:30,4477.4,4479.8,4475.0,4476.0,2477
2025-06-11T10:57:00+05:30,4476.4,4476.4,4470.0,4471.7,3163
2025-06-11T10:58:00+05:30,4472.9,4474.5,4470.8,4473.7,1209
2025-06-11T10:59:00+05:30,4473.7,4473.7,4467.0,4468.9,5670
2025-06-11T11:00:00+05:30,4467.2,4468.8,4462.1,4462.5,3838
2025-06-11T11:01:00+05:30,4462.5,4463.7,4451.3,4453.8,9020
2025-06-11T11:02:00+05:30,4454.5,4460.4,4454.0,4459.7,4107
2025-06-11T11:03:00+05:30,4459.6,4459.9,4456.1,4458.3,2275
2025-06-11T11:04:00+05:30,4459.0,4464.8,4458.1,4463.3,2423
2025-06-11T11:05:00+05:30,4465.0,4465.9,4464.0,4464.5,1320
2025-06-11T11:06:00+05:30,4464.5,4464.6,4458.4,4460.0,2521
2025-06-11T11:07:00+05:30,4460.4,4461.0,4456.0,4456.2,1485
2025-06-11T11:08:00+05:30,4458.2,4458.6,4456.0,4457.5,1453
2025-06-11T11:09:00+05:30,4457.7,4458.6,4456.0,4457.9,1664
2025-06-11T11:10:00+05:30,4457.5,4460.0,4456.2,4457.4,1853
2025-06-11T11:11:00+05:30,4457.4,4463.0,4455.1,4463.0,2113
2025-06-11T11:12:00+05:30,4462.9,4468.0,4462.8,4466.4,1284
2025-06-11T11:13:00+05:30,4468.0,4474.0,4464.4,4470.2,3074
2025-06-11T11:14:00+05:30,4470.4,4471.5,4465.0,4465.0,1588
2025-06-11T11:15:00+05:30,4466.5,4470.0,4464.5,4467.5,1958
2025-06-11T11:16:00+05:30,4468.2,4473.5,4465.9,4470.0,4768
2025-06-11T11:17:00+05:30,4470.0,4470.0,4464.7,4466.5,1155
2025-06-11T11:18:00+05:30,4466.6,4466.6,4463.0,4465.3,3260
2025-06-11T11:19:00+05:30,4464.3,4467.0,4464.3,4467.0,1102
2025-06-11T11:20:00+05:30,4467.0,4470.0,4466.7,4468.3,1344
2025-06-11T11:21:00+05:30,4468.3,4469.0,4465.7,4465.7,2056
2025-06-11T11:22:00+05:30,4465.7,4467.9,4463.5,4467.1,1772
2025-06-11T11:23:00+05:30,4466.9,4467.4,4463.0,4465.2,3193
2025-06-11T11:24:00+05:30,4466.8,4467.0,4460.0,4461.3,1824
2025-06-11T11:25:00+05:30,4460.8,4462.0,4459.5,4459.5,1693
2025-06-11T11:26:00+05:30,4460.7,4462.9,4460.0,4460.7,2326
2025-06-11T11:27:00+05:30,4461.3,4461.4,4455.0,4457.8,3006
2025-06-11T11:28:00+05:30,4456.6,4460.9,4456.3,4458.7,3658
2025-06-11T11:29:00+05:30,4458.7,4461.6,4457.0,4461.6,1987
2025-06-11T11:30:00+05:30,4461.0,4462.4,4455.7,4457.3,2576
2025-06-11T11:31:00+05:30,4457.9,4459.6,4455.5,4456.5,1973
2025-06-11T11:32:00+05:30,4458.9,4460.4,4456.5,4460.4,1569
2025-06-11T11:33:00+05:30,4460.4,4465.1,4460.4,4463.1,1197
2025-06-11T11:34:00+05:30,4463.2,4463.4,4459.5,4459.5,1893
2025-06-11T11:35:00+05:30,4461.5,4463.0,4460.5,4461.0,883
2025-06-11T11:36:00+05:30,4462.0,4462.3,4457.3,4460.2,1390
2025-06-11T11:37:00+05:30,4460.1,4460.1,4456.5,4458.9,1105
2025-06-11T11:38:00+05:30,4460.0,4460.8,4456.7,4457.9,2231
2025-06-11T11:39:00+05:30,4458.5,4458.5,4456.2,4458.0,1691
2025-06-11T11:40:00+05:30,4457.9,4457.9,4456.2,4457.0,826
2025-06-11T11:41:00+05:30,4457.0,4457.6,4456.3,4457.1,907
2025-06-11T11:42:00+05:30,4456.8,4457.0,4450.2,4451.6,4082
2025-06-11T11:43:00+05:30,4450.5,4457.0,4448.3,4457.0,6060
2025-06-11T11:44:00+05:30,4456.0,4457.0,4455.0,4456.0,1131
2025-06-11T11:45:00+05:30,4456.0,4456.5,4453.2,4454.4,1924
2025-06-11T11:46:00+05:30,4455.1,4460.9,4455.1,4460.4,2785
2025-06-11T11:47:00+05:30,4459.7,4460.2,4453.0,4454.4,1628
2025-06-11T11:48:00+05:30,4454.1,4454.1,4444.0,4445.2,3926
2025-06-11T11:49:00+05:30,4445.6,4450.9,4444.0,4445.5,3099
2025-06-11T11:50:00+05:30,4445.5,4448.1,4443.2,4444.0,2836
2025-06-11T11:51:00+05:30,4444.0,4445.8,4442.0,4442.9,2539
2025-06-11T11:52:00+05:30,4442.0,4442.9,4435.5,4439.9,5391
2025-06-11T11:53:00+05:30,4438.5,4440.0,4435.0,4435.2,4693
2025-06-11T11:54:00+05:30,4435.0,4440.6,4435.0,4440.6,3395
2025-06-11T11:55:00+05:30,4440.8,4443.6,4435.0,4435.6,5726
2025-06-11T11:56:00+05:30,4435.0,4438.0,4435.0,4438.0,2070
2025-06-11T11:57:00+05:30,4437.9,4438.0,4435.2,4436.2,1296
2025-06-11T11:58:00+05:30,4437.8,4438.0,4435.5,4436.3,1051
2025-06-11T11:59:00+05:30,4435.5,4438.3,4435.5,4436.7,3632
2025-06-11T12:00:00+05:30,4436.5,4443.8,4434.9,4441.0,2838
2025-06-11T12:01:00+05:30,4442.6,4443.8,4441.4,4442.8,1222
2025-06-11T12:02:00+05:30,4443.1,4446.4,4438.1,4445.0,2372
2025-06-11T12:03:00+05:30,4444.0,4448.0,4444.0,4448.0,2406
2025-06-11T12:04:00+05:30,4448.0,4451.9,4447.2,4450.8,1846
2025-06-11T12:05:00+05:30,4450.8,4450.8,4446.0,4447.8,4284
2025-06-11T12:06:00+05:30,4447.4,4448.0,4446.6,4446.6,1085
2025-06-11T12:07:00+05:30,4448.0,4448.4,4446.4,4446.9,790
2025-06-11T12:08:00+05:30,4447.0,4447.8,4446.0,4446.0,684
2025-06-11T12:09:00+05:30,4447.5,4447.8,4445.2,4446.8,1303
2025-06-11T12:10:00+05:30,4446.2,4446.2,4443.1,4445.0,1148
2025-06-11T12:11:00+05:30,4445.0,4445.0,4440.0,4441.7,1349
2025-06-11T12:12:00+05:30,4441.0,4444.0,4440.0,4443.4,1432
2025-06-11T12:13:00+05:30,4443.1,4443.4,4440.5,4441.8,1586
2025-06-11T12:14:00+05:30,4442.0,4443.5,4440.4,4440.5,714
2025-06-11T12:15:00+05:30,4440.5,4443.6,4440.1,4443.0,1453
2025-06-11T12:16:00+05:30,4444.0,4445.7,4429.0,4433.0,7599
2025-06-11T12:17:00+05:30,4434.8,4445.6,4432.6,4441.4,19551
2025-06-11T12:18:00+05:30,4443.1,4443.4,4437.8,4440.3,1767
2025-06-11T12:19:00+05:30,4440.4,4442.1,4436.9,4438.0,1326
2025-06-11T12:20:00+05:30,4438.0,4446.0,4437.1,4445.3,4407
2025-06-11T12:21:00+05:30,4446.0,4450.0,4445.5,4449.9,2436
2025-06-11T12:22:00+05:30,4449.9,4450.0,4447.9,4449.2,1957
2025-06-11T12:23:00+05:30,4448.9,4451.0,4448.9,4450.0,860
2025-06-11T12:24:00+05:30,4450.9,4452.4,4449.5,4450.1,2784
2025-06-11T12:25:00+05:30,4450.0,4453.0,4449.7,4452.7,1886
2025-06-11T12:26:00+05:30,4453.0,4455.0,4453.0,4454.8,1469
2025-06-11T12:27:00+05:30,4454.9,4455.0,4450.0,4450.0,963
2025-06-11T12:28:00+05:30,4451.0,4451.0,4448.5,4448.7,709
2025-06-11T12:29:00+05:30,4448.7,4450.5,4447.9,4447.9,1329
2025-06-11T12:30:00+05:30,4449.0,4450.5,4447.9,4448.4,963
2025-06-11T12:31:00+05:30,4448.4,4450.0,4448.0,4448.6,752
2025-06-11T12:32:00+05:30,4448.9,4448.9,4447.8,4448.2,770
2025-06-11T12:33:00+05:30,4448.4,4449.7,4448.4,4448.9,1004
2025-06-11T12:34:00+05:30,4449.0,4449.5,4447.0,4447.2,2170
2025-06-11T12:35:00+05:30,4448.3,4449.7,4447.1,4449.7,1350
2025-06-11T12:36:00+05:30,4449.7,4450.5,4449.4,4450.3,732
2025-06-11T12:37:00+05:30,4450.3,4453.5,4450.0,4451.4,1782
2025-06-11T12:38:00+05:30,4451.4,4452.7,4451.0,4451.4,773
2025-06-11T12:39:00+05:30,4451.1,4451.8,4450.0,4450.3,1552
2025-06-11T12:40:00+05:30,4450.3,4450.9,4447.9,4447.9,1348
2025-06-11T12:41:00+05:30,4449.8,4450.0,4447.8,4449.3,1828
2025-06-11T12:42:00+05:30,4449.3,4449.3,4448.0,4448.0,634
2025-06-11T12:43:00+05:30,4448.8,4449.3,4447.3,4448.0,2717
2025-06-11T12:44:00+05:30,4447.8,4448.7,4445.1,4445.2,2331
2025-06-11T12:45:00+05:30,4445.5,4446.1,4443.2,4444.6,948
2025-06-11T12:46:00+05:30,4444.6,4444.7,4440.6,4442.0,1330
2025-06-11T12:47:00+05:30,4442.0,4448.5,4440.7,4448.5,4226
2025-06-11T12:48:00+05:30,4448.5,4449.0,4447.1,4449.0,756
2025-06-11T12:49:00+05:30,4449.0,4449.6,4444.6,4449.0,8330
2025-06-11T12:50:00+05:30,4449.0,4449.0,4445.0,4445.8,1593
2025-06-11T12:51:00+05:30,4446.5,4446.5,4442.4,4444.3,1013
2025-06-11T12:52:00+05:30,4444.3,4444.3,4441.3,4442.0,1165
2025-06-11T12:53:00+05:30,4441.6,4442.0,4441.0,4441.0,758
2025-06-11T12:54:00+05:30,4441.0,4441.5,4440.0,4441.5,1651
2025-06-11T12:55:00+05:30,4441.5,4443.2,4441.5,4443.0,875
2025-06-11T12:56:00+05:30,4443.1,4443.6,4441.0,4443.0,1184
2025-06-11T12:57:00+05:30,4443.0,4444.3,4442.0,4444.3,569
2025-06-11T12:58:00+05:30,4444.3,4444.3,4442.6,4443.6,1160
2025-06-11T12:59:00+05:30,4443.6,4445.0,4443.0,4445.0,1624
2025-06-11T13:00:00+05:30,4445.0,4447.2,4445.0,4447.2,852
2025-06-11T13:01:00+05:30,4447.2,4448.5,4446.3,4447.3,819
2025-06-11T13:02:00+05:30,4448.3,4448.3,4446.2,4447.6,635
2025-06-11T13:03:00+05:30,4446.2,4447.6,4446.1,4447.6,713
2025-06-11T13:04:00+05:30,4446.5,4447.6,4445.8,4446.3,2199
2025-06-11T13:05:00+05:30,4447.4,4450.0,4446.4,4448.2,1372
2025-06-11T13:06:00+05:30,4449.6,4450.9,4448.3,4449.6,1264
2025-06-11T13:07:00+05:30,4449.6,4449.6,4448.8,4449.1,698
2025-06-11T13:08:00+05:30,4449.1,4449.3,4446.1,4447.2,1273
2025-06-11T13:09:00+05:30,4447.2,4451.8,4446.1,4451.4,2168
2025-06-11T13:10:00+05:30,4451.0,4451.0,4447.6,4448.1,1009
2025-06-11T13:11:00+05:30,4449.0,4449.8,4448.1,4448.1,557
2025-06-11T13:12:00+05:30,4448.1,4448.5,4446.4,4446.8,1564
2025-06-11T13:13:00+05:30,4446.8,4446.8,4445.3,4445.7,2384
2025-06-11T13:14:00+05:30,4445.3,4445.7,4441.1,4442.2,4543
2025-06-11T13:15:00+05:30,4443.8,4446.9,4442.2,4446.2,1906
2025-06-11T13:16:00+05:30,4446.8,4449.7,4446.1,4447.8,1881
2025-06-11T13:17:00+05:30,4447.8,4448.0,4446.1,4446.6,786
2025-06-11T13:18:00+05:30,4446.6,4447.0,4446.0,4446.2,842
2025-06-11T13:19:00+05:30,4446.9,4446.9,4446.0,4446.9,709
2025-06-11T13:20:00+05:30,4446.9,4448.1,4445.8,4446.0,2361
2025-06-11T13:21:00+05:30,4446.0,4446.6,4444.1,4446.6,2503
2025-06-11T13:22:00+05:30,4446.0,4446.0,4444.1,4445.0,1245
2025-06-11T13:23:00+05:30,4445.0,4445.0,4443.0,4444.0,2323
2025-06-11T13:24:00+05:30,4444.0,4446.7,4443.0,4446.1,3581
2025-06-11T13:25:00+05:30,4446.1,4449.8,4443.6,4449.8,6346
2025-06-11T13:26:00+05:30,4449.8,4449.8,4444.1,4445.5,1483
2025-06-11T13:27:00+05:30,4444.3,4445.5,4441.7,4443.1,2044
2025-06-11T13:28:00+05:30,4442.1,4443.8,4441.4,4443.3,1728
2025-06-11T13:29:00+05:30,4443.3,4443.5,4441.3,4441.5,1283
2025-06-11T13:30:00+05:30,4441.3,4441.5,4440.1,4441.4,5544
2025-06-11T13:31:00+05:30,4441.4,4442.2,4440.1,4441.4,3608
2025-06-11T13:32:00+05:30,4441.4,4442.2,4435.6,4437.1,4025
2025-06-11T13:33:00+05:30,4437.1,4441.0,4436.1,4439.5,4704
2025-06-11T13:34:00+05:30,4440.5,4441.8,4439.1,4439.3,1862
2025-06-11T13:35:00+05:30,4439.1,4442.0,4439.1,4441.9,1854
2025-06-11T13:36:00+05:30,4441.9,4444.0,4441.5,4444.0,2519
2025-06-11T13:37:00+05:30,4444.0,4447.0,4444.0,4445.5,821
2025-06-11T13:38:00+05:30,4445.8,4446.4,4441.0,4443.9,1289
2025-06-11T13:39:00+05:30,4443.9,4444.0,4441.7,4442.6,1523
2025-06-11T13:40:00+05:30,4442.6,4446.0,4442.5,4445.4,2136
2025-06-11T13:41:00+05:30,4445.2,4445.2,4442.9,4444.8,842
2025-06-11T13:42:00+05:30,4444.8,4445.4,4442.8,4443.4,1482
2025-06-11T13:43:00+05:30,4444.3,4444.7,4441.2,4442.5,2701
2025-06-11T13:44:00+05:30,4442.6,4445.0,4441.9,4443.6,1840
2025-06-11T13:45:00+05:30,4442.4,4443.2,4441.2,4441.2,3747
2025-06-11T13:46:00+05:30,4441.2,4441.5,4438.1,4439.1,3373
2025-06-11T13:47:00+05:30,4438.9,4439.3,4437.3,4437.3,2927
2025-06-11T13:48:00+05:30,4437.9,4438.2,4435.0,4437.0,6300
2025-06-11T13:49:00+05:30,4437.0,4437.0,4435.2,4435.2,2676
2025-06-11T13:50:00+05:30,4435.2,4435.5,4430.6,4434.8,8229
2025-06-11T13:51:00+05:30,4434.7,4434.7,4427.6,4428.9,3493
2025-06-11T13:52:00+05:30,4428.4,4430.3,4427.6,4428.9,5000
2025-06-11T13:53:00+05:30,4428.8,4431.0,4427.1,4430.1,4058
2025-06-11T13:54:00+05:30,4430.3,4430.3,4426.2,4426.2,1741
2025-06-11T13:55:00+05:30,4426.1,4433.0,4425.6,4432.0,4859
2025-06-11T13:56:00+05:30,4432.0,4435.7,4431.0,4435.3,2089
2025-06-11T13:57:00+05:30,4435.5,4437.0,4433.4,4436.9,2217
2025-06-11T13:58:00+05:30,4436.9,4440.8,4436.2,4440.8,1652
2025-06-11T13:59:00+05:30,4439.9,4442.3,4437.5,4438.3,1927
2025-06-11T14:00:00+05:30,4438.1,4438.9,4433.5,4433.8,1341
2025-06-11T14:01:00+05:30,4433.9,4435.0,4432.5,4433.3,1200
2025-06-11T14:02:00+05:30,4432.9,4434.0,4432.3,4433.9,1290
2025-06-11T14:03:00+05:30,4433.2,4434.0,4431.0,4431.0,1915
2025-06-11T14:04:00+05:30,4431.0,4432.1,4426.3,4426.8,1969
2025-06-11T14:05:00+05:30,4427.7,4429.9,4426.0,4429.8,1669
2025-06-11T14:06:00+05:30,4429.7,4429.9,4427.7,4428.8,822
2025-06-11T14:07:00+05:30,4428.8,4428.8,4425.5,4426.0,1058
2025-06-11T14:08:00+05:30,4426.0,4427.4,4425.0,4425.1,1671
2025-06-11T14:09:00+05:30,4425.1,4426.4,4424.0,4424.3,1294
2025-06-11T14:10:00+05:30,4424.3,4428.0,4422.3,4427.9,2695
2025-06-11T14:11:00+05:30,4427.8,4427.8,4424.2,4424.7,1554
2025-06-11T14:12:00+05:30,4425.0,4425.0,4420.5,4425.0,4105
2025-06-11T14:13:00+05:30,4425.0,4428.0,4423.2,4427.3,1833
2025-06-11T14:14:00+05:30,4428.0,4428.0,4425.1,4425.3,1156
2025-06-11T14:15:00+05:30,4427.6,4427.6,4424.8,4427.6,998
2025-06-11T14:16:00+05:30,4427.6,4428.0,4426.8,4427.7,1165
2025-06-11T14:17:00+05:30,4427.9,4428.0,4425.7,4427.8,991
2025-06-11T14:18:00+05:30,4427.8,4432.3,4426.5,4428.8,3947
2025-06-11T14:19:00+05:30,4428.8,4432.4,4428.5,4430.9,1129
2025-06-11T14:20:00+05:30,4430.0,4430.9,4428.0,4429.9,786
2025-06-11T14:21:00+05:30,4429.7,4429.7,4426.8,4428.2,766
2025-06-11T14:22:00+05:30,4428.2,4430.4,4427.9,4430.4,856
2025-06-11T14:23:00+05:30,4430.0,4430.4,4428.1,4428.1,903
2025-06-11T14:24:00+05:30,4428.6,4429.7,4427.6,4428.9,783
2025-06-11T14:25:00+05:30,4428.9,4429.2,4425.0,4427.1,1668
2025-06-11T14:26:00+05:30,4427.2,4428.1,4422.0,4423.3,1516
2025-06-11T14:27:00+05:30,4423.5,4423.5,4421.7,4422.5,1555
2025-06-11T14:28:00+05:30,4422.5,4423.8,4419.5,4423.0,4570
2025-06-11T14:29:00+05:30,4423.0,4424.8,4421.2,4424.7,1073
2025-06-11T14:30:00+05:30,4424.7,4424.7,4422.5,4423.1,825
2025-06-11T14:31:00+05:30,4423.1,4423.1,4421.0,4422.7,2656
2025-06-11T14:32:00+05:30,4423.2,4424.0,4422.0,4423.0,1011
2025-06-11T14:33:00+05:30,4423.3,4423.4,4420.8,4422.6,1653
2025-06-11T14:34:00+05:30,4422.6,4422.9,4420.3,4422.1,2521
2025-06-11T14:35:00+05:30,4422.1,4422.8,4420.5,4422.0,1049
2025-06-11T14:36:00+05:30,4422.7,4423.0,4421.7,4422.0,1241
2025-06-11T14:37:00+05:30,4422.0,4424.0,4422.0,4422.2,785
2025-06-11T14:38:00+05:30,4422.2,4423.2,4420.0,4422.0,2172
2025-06-11T14:39:00+05:30,4422.5,4423.3,4421.3,4422.0,2392
2025-06-11T14:40:00+05:30,4422.8,4422.8,4420.3,4421.9,3899
2025-06-11T14:41:00+05:30,4422.1,4423.0,4420.4,4422.0,3615
2025-06-11T14:42:00+05:30,4422.0,4422.1,4419.5,4420.1,1816
2025-06-11T14:43:00+05:30,4420.1,4421.9,4417.0,4419.7,2191
2025-06-11T14:44:00+05:30,4420.0,4423.0,4420.0,4422.8,1862
2025-06-11T14:45:00+05:30,4422.8,4422.8,4421.8,4421.8,1269
2025-06-11T14:46:00+05:30,4421.5,4423.0,4419.4,4422.6,1892
2025-06-11T14:47:00+05:30,4422.6,4425.0,4420.5,4422.6,1941
2025-06-11T14:48:00+05:30,4424.2,4424.2,4422.3,4423.5,1059
2025-06-11T14:49:00+05:30,4423.4,4423.5,4419.0,4421.1,1765
2025-06-11T14:50:00+05:30,4421.5,4424.0,4421.0,4422.9,790
2025-06-11T14:51:00+05:30,4422.8,4425.0,4422.0,4423.6,1607
2025-06-11T14:52:00+05:30,4423.4,4424.4,4422.0,4423.1,1388
2025-06-11T14:53:00+05:30,4423.1,4424.3,4422.0,4423.1,1258
2025-06-11T14:54:00+05:30,4423.1,4423.1,4422.0,4422.0,988
2025-06-11T14:55:00+05:30,4422.1,4422.7,4422.0,4422.2,1522
2025-06-11T14:56:00+05:30,4422.2,4422.2,4419.0,4420.4,1630
2025-06-11T14:57:00+05:30,4420.4,4420.4,4419.0,4419.9,2138
2025-06-11T14:58:00+05:30,4420.0,4420.4,4419.0,4419.0,1577
2025-06-11T14:59:00+05:30,4419.3,4419.5,4415.2,4415.6,4581
2025-06-11T15:00:00+05:30,4416.9,4419.3,4415.2,4419.1,3472
2025-06-11T15:01:00+05:30,4418.9,4419.1,4417.1,4417.1,2126
2025-06-11T15:02:00+05:30,4417.1,4419.2,4416.5,4419.0,2792
2025-06-11T15:03:00+05:30,4418.9,4418.9,4417.5,4418.4,2056
2025-06-11T15:04:00+05:30,4418.3,4418.4,4412.6,4412.6,5425
2025-06-11T15:05:00+05:30,4413.1,4415.4,4412.1,4412.9,3522
2025-06-11T15:06:00+05:30,4412.9,4416.0,4412.3,4413.6,3889
2025-06-11T15:07:00+05:30,4414.8,4414.8,4413.0,4413.1,2513
2025-06-11T15:08:00+05:30,4413.0,4413.0,4411.1,4411.8,3214
2025-06-11T15:09:00+05:30,4411.8,4412.4,4411.1,4412.4,5393
2025-06-11T15:10:00+05:30,4412.0,4416.8,4412.0,4414.1,5215
2025-06-11T15:11:00+05:30,4414.1,4414.3,4412.1,4413.4,3061
2025-06-11T15:12:00+05:30,4413.4,4416.3,4411.6,4413.9,3859
2025-06-11T15:13:00+05:30,4414.0,4414.2,4412.1,4413.2,3609
2025-06-11T15:14:00+05:30,4413.2,4414.3,4412.9,4413.5,3688
2025-06-11T15:15:00+05:30,4414.0,4414.3,4412.5,4413.3,2249
2025-06-11T15:16:00+05:30,4413.2,4414.3,4408.2,4410.1,7640
2025-06-11T15:17:00+05:30,4408.8,4412.0,4408.8,4410.4,4270
2025-06-11T15:18:00+05:30,4410.4,4411.2,4408.6,4408.6,4416
2025-06-11T15:19:00+05:30,4409.0,4409.1,4406.1,4407.1,8672
2025-06-11T15:20:00+05:30,4407.7,4407.8,4406.1,4406.3,4969
2025-06-11T15:21:00+05:30,4406.5,4406.8,4406.1,4406.4,3785
2025-06-11T15:22:00+05:30,4406.3,4410.2,4406.3,4409.1,4232
2025-06-11T15:23:00+05:30,4409.1,4410.2,4408.5,4408.5,2020
2025-06-11T15:24:00+05:30,4408.5,4410.2,4406.1,4406.3,4506
2025-06-11T15:25:00+05:30,4406.1,4406.4,4400.9,4402.6,9869
2025-06-11T15:26:00+05:30,4402.8,4404.4,4400.0,4402.3,5904
2025-06-11T15:27:00+05:30,4402.3,4405.5,4402.3,4405.0,4242
2025-06-11T15:28:00+05:30,4404.9,4404.9,4403.0,4404.4,4296
2025-06-11T15:29:00+05:30,4404.1,4420.0,4401.1,4410.0,4805
2025-06-12T09:15:00+05:30,4410.3,4419.8,4396.6,4410.0,3371
2025-06-12T09:16:00+05:30,4410.6,4425.0,4410.6,4411.3,5008
2025-06-12T09:17:00+05:30,4413.3,4416.7,4411.0,4411.5,2670
2025-06-12T09:18:00+05:30,4412.9,4413.2,4407.0,4407.1,2402
2025-06-12T09:19:00+05:30,4408.5,4408.8,4402.1,4404.5,1803
2025-06-12T09:20:00+05:30,4403.4,4403.7,4387.6,4387.6,2196
2025-06-12T09:21:00+05:30,4388.2,4393.3,4375.0,4376.8,4602
2025-06-12T09:22:00+05:30,4375.0,4388.0,4375.0,4387.4,4141
2025-06-12T09:23:00+05:30,4387.5,4392.6,4385.9,4390.0,986
2025-06-12T09:24:00+05:30,4392.4,4394.3,4385.3,4388.6,2210
2025-06-12T09:25:00+05:30,4386.9,4387.0,4381.1,4382.1,2092
2025-06-12T09:26:00+05:30,4382.9,4388.0,4381.2,4387.8,1407
2025-06-12T09:27:00+05:30,4387.5,4388.0,4382.7,4385.5,1537
2025-06-12T09:28:00+05:30,4387.6,4390.7,4385.6,4387.6,991
2025-06-12T09:29:00+05:30,4387.6,4396.4,4387.0,4395.3,1546
2025-06-12T09:30:00+05:30,4394.3,4397.1,4394.0,4396.0,1383
2025-06-12T09:31:00+05:30,4395.0,4396.9,4393.4,4396.7,905
2025-06-12T09:32:00+05:30,4396.7,4400.0,4396.7,4399.0,1133
2025-06-12T09:33:00+05:30,4399.0,4403.8,4397.2,4400.0,3089
2025-06-12T09:34:00+05:30,4400.0,4403.5,4400.0,4401.8,886
2025-06-12T09:35:00+05:30,4400.7,4401.8,4396.7,4398.7,1555
2025-06-12T09:36:00+05:30,4399.6,4403.1,4399.6,4403.1,975
2025-06-12T09:37:00+05:30,4403.1,4403.4,4394.7,4394.7,1404
2025-06-12T09:38:00+05:30,4397.1,4399.0,4393.3,4396.5,803
2025-06-12T09:39:00+05:30,4396.7,4399.2,4392.1,4395.2,1661
2025-06-12T09:40:00+05:30,4394.9,4395.3,4390.0,4395.0,1360
2025-06-12T09:41:00+05:30,4394.8,4399.3,4392.9,4399.0,520
2025-06-12T09:42:00+05:30,4399.0,4400.0,4397.2,4399.3,640
2025-06-12T09:43:00+05:30,4397.2,4399.0,4390.0,4395.6,1914
2025-06-12T09:44:00+05:30,4395.0,4395.6,4391.0,4391.8,882
2025-06-12T09:45:00+05:30,4392.0,4395.5,4391.0,4393.0,733
2025-06-12T09:46:00+05:30,4391.7,4396.0,4391.0,4391.0,1303
2025-06-12T09:47:00+05:30,4391.8,4392.5,4387.2,4391.5,1334
2025-06-12T09:48:00+05:30,4391.5,4392.8,4387.8,4390.5,959
2025-06-12T09:49:00+05:30,4391.7,4394.0,4389.9,4393.7,940
2025-06-12T09:50:00+05:30,4391.9,4395.0,4391.9,4393.7,592
2025-06-12T09:51:00+05:30,4394.0,4401.6,4394.0,4400.7,1349
2025-06-12T09:52:00+05:30,4400.7,4401.0,4398.9,4400.7,318
2025-06-12T09:53:00+05:30,4400.7,4400.7,4396.3,4397.0,541
2025-06-12T09:54:00+05:30,4396.6,4396.8,4390.6,4390.6,482
2025-06-12T09:55:00+05:30,4392.7,4392.7,4387.1,4389.2,926
2025-06-12T09:56:00+05:30,4389.0,4390.8,4383.5,4385.2,2056
2025-06-12T09:57:00+05:30,4385.8,4391.8,4385.8,4389.0,1059
2025-06-12T09:58:00+05:30,4388.4,4390.2,4388.1,4388.5,318
2025-06-12T09:59:00+05:30,4389.0,4390.5,4389.0,4390.5,312
2025-06-12T10:00:00+05:30,4390.5,4392.0,4382.0,4382.0,1362
2025-06-12T10:01:00+05:30,4382.0,4389.8,4382.0,4385.8,947
2025-06-12T10:02:00+05:30,4386.2,4389.3,4385.0,4388.4,591
2025-06-12T10:03:00+05:30,4388.4,4389.3,4384.0,4385.0,462
2025-06-12T10:04:00+05:30,4384.0,4386.3,4382.1,4384.5,959
2025-06-12T10:05:00+05:30,4384.8,4389.2,4382.1,4385.1,4263
2025-06-12T10:06:00+05:30,4386.8,4393.0,4385.7,4391.8,890
2025-06-12T10:07:00+05:30,4392.2,4393.9,4390.3,4393.9,527
2025-06-12T10:08:00+05:30,4393.9,4397.6,4393.9,4397.3,599
2025-06-12T10:09:00+05:30,4397.3,4398.7,4395.0,4396.8,727
2025-06-12T10:10:00+05:30,4396.8,4397.8,4392.5,4394.1,717
2025-06-12T10:11:00+05:30,4394.1,4395.0,4386.0,4388.8,553
2025-06-12T10:12:00+05:30,4388.8,4393.2,4388.8,4392.0,720
2025-06-12T10:13:00+05:30,4392.7,4395.4,4390.5,4395.1,563
2025-06-12T10:14:00+05:30,4395.1,4395.3,4390.1,4391.2,687
2025-06-12T10:15:00+05:30,4391.6,4395.2,4391.4,4393.9,459
2025-06-12T10:16:00+05:30,4393.9,4396.5,4393.4,4395.3,632
2025-06-12T10:17:00+05:30,4396.0,4397.0,4394.5,4395.9,869
2025-06-12T10:18:00+05:30,4395.9,4396.9,4394.1,4396.3,749
2025-06-12T10:19:00+05:30,4396.3,4396.6,4392.4,4392.7,575
2025-06-12T10:20:00+05:30,4392.7,4394.4,4391.0,4392.0,709
2025-06-12T10:21:00+05:30,4392.0,4393.0,4388.0,4388.0,819
2025-06-12T10:22:00+05:30,4388.0,4393.0,4388.0,4391.8,493
2025-06-12T10:23:00+05:30,4391.8,4393.0,4390.7,4393.0,372
2025-06-12T10:24:00+05:30,4393.0,4393.5,4390.4,4392.7,505
2025-06-12T10:25:00+05:30,4392.7,4393.7,4389.6,4390.6,399
2025-06-12T10:26:00+05:30,4390.6,4394.1,4389.5,4393.4,665
2025-06-12T10:27:00+05:30,4392.4,4393.4,4390.7,4391.7,633
2025-06-12T10:28:00+05:30,4391.7,4391.9,4390.0,4390.2,418
2025-06-12T10:29:00+05:30,4390.6,4391.0,4390.1,4390.8,445
2025-06-12T10:30:00+05:30,4390.8,4391.0,4390.0,4391.0,673
2025-06-12T10:31:00+05:30,4390.9,4394.6,4390.9,4393.4,644
2025-06-12T10:32:00+05:30,4393.4,4399.0,4393.4,4398.0,1049
2025-06-12T10:33:00+05:30,4399.0,4400.0,4397.7,4398.0,527
2025-06-12T10:34:00+05:30,4398.3,4398.9,4397.0,4398.3,404
2025-06-12T10:35:00+05:30,4398.3,4399.7,4395.7,4398.2,1059
2025-06-12T10:36:00+05:30,4398.2,4399.2,4398.0,4399.1,328
2025-06-12T10:37:00+05:30,4399.1,4399.5,4395.1,4397.5,1394
2025-06-12T10:38:00+05:30,4398.3,4398.9,4396.0,4398.9,394
2025-06-12T10:39:00+05:30,4398.9,4401.6,4398.0,4400.0,892
2025-06-12T10:40:00+05:30,4401.4,4404.0,4401.2,4402.1,869
2025-06-12T10:41:00+05:30,4402.1,4404.0,4402.0,4402.1,626
2025-06-12T10:42:00+05:30,4402.1,4403.6,4401.2,4402.5,487
2025-06-12T10:43:00+05:30,4402.5,4402.5,4387.7,4391.3,1936
2025-06-12T10:44:00+05:30,4391.4,4392.2,4385.8,4385.8,1189
2025-06-12T10:45:00+05:30,4385.8,4388.5,4385.8,4386.0,584
2025-06-12T10:46:00+05:30,4386.0,4387.8,4385.0,4385.2,978
2025-06-12T10:47:00+05:30,4387.0,4389.0,4385.6,4389.0,1205
2025-06-12T10:48:00+05:30,4388.9,4389.0,4385.4,4385.4,521
2025-06-12T10:49:00+05:30,4386.9,4388.0,4385.3,4387.0,677
2025-06-12T10:50:00+05:30,4387.0,4387.6,4385.5,4387.1,415
2025-06-12T10:51:00+05:30,4387.3,4388.1,4386.0,4386.0,554
2025-06-12T10:52:00+05:30,4386.0,4392.9,4386.0,4392.9,4380
2025-06-12T10:53:00+05:30,4392.9,4397.0,4391.4,4392.8,854
2025-06-12T10:54:00+05:30,4392.8,4393.0,4390.0,4391.0,691
2025-06-12T10:55:00+05:30,4391.0,4391.5,4390.0,4390.0,544
2025-06-12T10:56:00+05:30,4390.9,4390.9,4390.0,4390.6,762
2025-06-12T10:57:00+05:30,4390.1,4390.7,4389.6,4390.1,4122
2025-06-12T10:58:00+05:30,4390.1,4390.1,4389.0,4390.1,4978
2025-06-12T10:59:00+05:30,4390.1,4390.1,4388.0,4388.9,1142
2025-06-12T11:00:00+05:30,4388.0,4388.9,4383.7,4385.0,1270
2025-06-12T11:01:00+05:30,4385.1,4390.0,4385.0,4386.8,499
2025-06-12T11:02:00+05:30,4388.3,4389.8,4384.0,4385.9,742
2025-06-12T11:03:00+05:30,4385.9,4386.0,4385.0,4385.7,454
2025-06-12T11:04:00+05:30,4385.2,4387.0,4385.0,4386.6,908
2025-06-12T11:05:00+05:30,4387.0,4387.7,4386.2,4387.7,484
2025-06-12T11:06:00+05:30,4386.7,4388.0,4386.1,4387.2,315
2025-06-12T11:07:00+05:30,4386.1,4388.0,4385.2,4385.2,308
2025-06-12T11:08:00+05:30,4385.9,4387.2,4385.1,4386.8,412
2025-06-12T11:09:00+05:30,4386.8,4387.2,4385.0,4386.8,500
2025-06-12T11:10:00+05:30,4386.7,4387.7,4386.5,4387.7,215
2025-06-12T11:11:00+05:30,4387.6,4388.0,4386.1,4387.2,327
2025-06-12T11:12:00+05:30,4386.2,4386.9,4385.0,4386.1,1316
2025-06-12T11:13:00+05:30,4386.1,4386.1,4381.2,4385.0,4725
2025-06-12T11:14:00+05:30,4385.0,4385.4,4385.0,4385.3,2894
2025-06-12T11:15:00+05:30,4385.3,4387.0,4385.0,4385.2,551
2025-06-12T11:16:00+05:30,4386.0,4386.0,4385.0,4385.8,358
2025-06-12T11:17:00+05:30,4385.9,4394.9,4385.0,4392.9,1494
2025-06-12T11:18:00+05:30,4393.6,4394.7,4392.9,4392.9,707
2025-06-12T11:19:00+05:30,4392.9,4394.9,4392.7,4392.8,441
2025-06-12T11:20:00+05:30,4392.8,4394.5,4388.0,4388.0,438
2025-06-12T11:21:00+05:30,4389.0,4391.6,4384.3,4391.6,1063
2025-06-12T11:22:00+05:30,4393.6,4397.0,4392.2,4397.0,604
2025-06-12T11:23:00+05:30,4397.0,4398.5,4397.0,4397.0,367
2025-06-12T11:24:00+05:30,4397.0,4397.3,4394.3,4396.0,517
2025-06-12T11:25:00+05:30,4396.0,4399.0,4394.4,4397.4,991
2025-06-12T11:26:00+05:30,4398.2,4398.6,4397.0,4397.7,365
2025-06-12T11:27:00+05:30,4397.6,4397.7,4395.1,4396.9,340
2025-06-12T11:28:00+05:30,4396.9,4397.5,4394.0,4395.7,389
2025-06-12T11:29:00+05:30,4395.8,4396.8,4392.0,4392.0,592
2025-06-12T11:30:00+05:30,4393.4,4393.4,4387.6,4389.4,503
2025-06-12T11:31:00+05:30,4388.0,4389.6,4386.5,4386.5,712
2025-06-12T11:32:00+05:30,4386.7,4388.3,4386.5,4386.8,679
2025-06-12T11:33:00+05:30,4387.8,4390.6,4387.3,4388.9,660
2025-06-12T11:34:00+05:30,4388.9,4389.0,4386.2,4387.7,577
2025-06-12T11:35:00+05:30,4387.7,4388.7,4386.1,4386.1,849
2025-06-12T11:36:00+05:30,4386.1,4386.5,4385.0,4385.6,363
2025-06-12T11:37:00+05:30,4385.6,4386.1,4385.0,4385.4,2213
2025-06-12T11:38:00+05:30,4385.4,4386.7,4384.7,4385.4,2444
2025-06-12T11:39:00+05:30,4385.0,4385.8,4385.0,4385.0,773
2025-06-12T11:40:00+05:30,4385.0,4386.1,4385.0,4385.0,738
2025-06-12T11:41:00+05:30,4385.0,4385.9,4378.0,4385.0,17652
2025-06-12T11:42:00+05:30,4385.0,4387.1,4384.2,4386.2,5541
2025-06-12T11:43:00+05:30,4386.2,4388.0,4380.0,4380.0,6181
2025-06-12T11:44:00+05:30,4379.8,4380.0,4367.4,4368.4,3852
2025-06-12T11:45:00+05:30,4368.4,4370.0,4367.0,4368.4,1917
2025-06-12T11:46:00+05:30,4368.4,4373.1,4367.9,4369.9,1588
2025-06-12T11:47:00+05:30,4369.9,4370.9,4368.4,4369.0,630
2025-06-12T11:48:00+05:30,4369.9,4372.8,4368.0,4370.0,1366
2025-06-12T11:49:00+05:30,4370.9,4371.3,4369.3,4370.8,373
2025-06-12T11:50:00+05:30,4370.8,4373.2,4370.2,4370.9,787
2025-06-12T11:51:00+05:30,4370.9,4371.2,4368.5,4369.2,539
2025-06-12T11:52:00+05:30,4369.4,4371.1,4369.0,4371.0,808
2025-06-12T11:53:00+05:30,4371.0,4371.0,4365.1,4365.1,1668
2025-06-12T11:54:00+05:30,4365.0,4368.9,4364.4,4368.9,1564
2025-06-12T11:55:00+05:30,4368.9,4369.6,4367.0,4367.1,449
2025-06-12T11:56:00+05:30,4367.0,4367.0,4364.0,4365.4,1438
2025-06-12T11:57:00+05:30,4365.4,4365.7,4359.0,4359.7,2457
2025-06-12T11:58:00+05:30,4359.0,4361.4,4358.5,4361.0,1566
2025-06-12T11:59:00+05:30,4360.0,4361.0,4356.0,4356.0,1068
2025-06-12T12:00:00+05:30,4356.9,4356.9,4351.4,4351.7,1173
2025-06-12T12:01:00+05:30,4352.4,4358.0,4351.1,4358.0,1327
2025-06-12T12:02:00+05:30,4356.5,4358.0,4354.8,4354.8,573
2025-06-12T12:03:00+05:30,4355.0,4361.4,4355.0,4359.7,1359
2025-06-12T12:04:00+05:30,4359.8,4363.2,4355.0,4360.4,3350
2025-06-12T12:05:00+05:30,4360.4,4360.7,4355.3,4356.0,690
2025-06-12T12:06:00+05:30,4357.3,4361.7,4356.5,4360.5,880
2025-06-12T12:07:00+05:30,4361.7,4365.6,4361.7,4365.3,2960
2025-06-12T12:08:00+05:30,4365.3,4376.6,4365.2,4374.0,7432
2025-06-12T12:09:00+05:30,4372.2,4374.3,4371.0,4371.0,921
2025-06-12T12:10:00+05:30,4371.7,4373.5,4370.0,4372.2,1078
2025-06-12T12:11:00+05:30,4372.2,4378.0,4372.1,4377.6,1519
2025-06-12T12:12:00+05:30,4377.3,4377.3,4375.0,4375.6,462
2025-06-12T12:13:00+05:30,4375.2,4376.7,4374.5,4376.2,2881
2025-06-12T12:14:00+05:30,4376.2,4380.2,4375.1,4380.2,2031
2025-06-12T12:15:00+05:30,4379.0,4382.0,4379.0,4381.6,1118
2025-06-12T12:16:00+05:30,4381.6,4382.9,4380.5,4382.9,527
2025-06-12T12:17:00+05:30,4382.9,4386.0,4382.9,4385.7,13932
2025-06-12T12:18:00+05:30,4385.7,4386.8,4383.9,4385.3,1608
2025-06-12T12:19:00+05:30,4385.0,4386.0,4384.4,4385.0,1437
2025-06-12T12:20:00+05:30,4385.5,4385.8,4385.0,4385.6,334
2025-06-12T12:21:00+05:30,4385.6,4385.6,4383.6,4385.0,825
2025-06-12T12:22:00+05:30,4385.0,4388.5,4385.0,4387.7,1652
2025-06-12T12:23:00+05:30,4387.1,4387.7,4385.0,4385.0,568
2025-06-12T12:24:00+05:30,4385.0,4386.7,4383.3,4386.3,1793
2025-06-12T12:25:00+05:30,4385.9,4386.2,4381.0,4382.2,1106
2025-06-12T12:26:00+05:30,4382.2,4385.8,4382.0,4385.8,1160
2025-06-12T12:27:00+05:30,4385.8,4386.0,4384.0,4384.0,845
2025-06-12T12:28:00+05:30,4384.0,4386.0,4384.0,4385.0,644
2025-06-12T12:29:00+05:30,4385.0,4385.3,4382.5,4383.8,5933
2025-06-12T12:30:00+05:30,4383.8,4385.5,4383.8,4385.0,1125
2025-06-12T12:31:00+05:30,4385.0,4385.5,4384.7,4385.3,863
2025-06-12T12:32:00+05:30,4385.5,4385.5,4385.0,4385.0,355
2025-06-12T12:33:00+05:30,4385.0,4391.9,4384.6,4390.4,5360
2025-06-12T12:34:00+05:30,4391.9,4391.9,4385.0,4386.4,714
2025-06-12T12:35:00+05:30,4386.4,4388.4,4384.9,4386.2,811
2025-06-12T12:36:00+05:30,4386.2,4387.1,4384.2,4385.0,949
2025-06-12T12:37:00+05:30,4385.0,4386.9,4382.5,4384.2,5670
2025-06-12T12:38:00+05:30,4384.0,4386.5,4384.0,4386.5,1375
2025-06-12T12:39:00+05:30,4386.3,4387.8,4385.0,4385.0,305
2025-06-12T12:40:00+05:30,4385.6,4387.8,4385.3,4387.1,436
2025-06-12T12:41:00+05:30,4387.8,4388.4,4385.9,4388.4,383
2025-06-12T12:42:00+05:30,4388.3,4390.4,4388.3,4390.4,1011
2025-06-12T12:43:00+05:30,4390.3,4390.9,4390.0,4390.0,446
2025-06-12T12:44:00+05:30,4390.1,4390.8,4390.0,4390.8,573
2025-06-12T12:45:00+05:30,4390.8,4392.9,4389.5,4392.3,729
2025-06-12T12:46:00+05:30,4392.3,4400.2,4392.3,4400.1,2803
2025-06-12T12:47:00+05:30,4400.1,4401.2,4398.7,4400.0,1619
2025-06-12T12:48:00+05:30,4400.1,4405.0,4400.0,4404.4,1847
2025-06-12T12:49:00+05:30,4404.4,4407.4,4403.0,4404.3,2278
2025-06-12T12:50:00+05:30,4404.7,4405.9,4402.9,4404.7,1111
2025-06-12T12:51:00+05:30,4404.5,4407.2,4403.3,4405.7,1050
2025-06-12T12:52:00+05:30,4405.7,4408.0,4405.0,4407.1,2243
2025-06-12T12:53:00+05:30,4405.3,4407.1,4405.0,4405.0,904
2025-06-12T12:54:00+05:30,4405.5,4406.8,4404.0,4406.0,1379
2025-06-12T12:55:00+05:30,4406.0,4406.2,4405.0,4406.2,639
2025-06-12T12:56:00+05:30,4406.2,4408.4,4404.4,4406.5,2626
2025-06-12T12:57:00+05:30,4406.5,4408.4,4404.4,4408.4,5885
2025-06-12T12:58:00+05:30,4408.4,4410.0,4408.2,4409.5,5874
2025-06-12T12:59:00+05:30,4409.9,4410.6,4404.3,4406.2,5954
2025-06-12T13:00:00+05:30,4406.2,4407.0,4393.7,4393.7,2498
2025-06-12T13:01:00+05:30,4393.7,4395.2,4387.4,4390.0,1675
2025-06-12T13:02:00+05:30,4390.0,4392.6,4386.2,4386.8,1584
2025-06-12T13:03:00+05:30,4387.0,4390.2,4386.6,4388.0,1531
2025-06-12T13:04:00+05:30,4388.9,4389.4,4387.8,4389.4,614
2025-06-12T13:05:00+05:30,4389.4,4391.9,4388.1,4391.9,989
2025-06-12T13:06:00+05:30,4391.9,4394.9,4391.9,4394.9,1143
2025-06-12T13:07:00+05:30,4394.9,4397.0,4392.2,4395.0,1263
2025-06-12T13:08:00+05:30,4395.0,4397.7,4393.6,4396.0,1471
2025-06-12T13:09:00+05:30,4396.0,4398.6,4395.7,4398.3,678
2025-06-12T13:10:00+05:30,4398.6,4403.3,4398.6,4403.3,1202
2025-06-12T13:11:00+05:30,4401.6,4404.7,4401.1,4403.1,937
2025-06-12T13:12:00+05:30,4404.7,4404.7,4397.3,4403.2,1654
2025-06-12T13:13:00+05:30,4402.7,4402.7,4400.0,4400.2,682
2025-06-12T13:14:00+05:30,4401.6,4402.0,4400.0,4400.3,772
2025-06-12T13:15:00+05:30,4400.3,4401.6,4397.4,4399.0,2246
2025-06-12T13:16:00+05:30,4399.0,4399.5,4397.4,4398.3,601
2025-06-12T13:17:00+05:30,4398.3,4398.9,4397.3,4397.3,721
2025-06-12T13:18:00+05:30,4397.2,4397.2,4396.5,4396.5,625
2025-06-12T13:19:00+05:30,4396.6,4397.0,4395.5,4395.5,723
2025-06-12T13:20:00+05:30,4396.1,4398.5,4396.1,4396.7,852
2025-06-12T13:21:00+05:30,4396.6,4397.8,4395.5,4395.5,1120
2025-06-12T13:22:00+05:30,4395.6,4395.6,4394.0,4395.3,994
2025-06-12T13:23:00+05:30,4395.3,4401.9,4394.2,4401.9,2686
2025-06-12T13:24:00+05:30,4401.9,4404.0,4400.3,4401.8,1638
2025-06-12T13:25:00+05:30,4401.7,4407.8,4400.3,4406.1,2864
2025-06-12T13:26:00+05:30,4405.8,4410.3,4403.3,4406.1,9660
2025-06-12T13:27:00+05:30,4405.9,4410.3,4399.2,4402.0,21220
2025-06-12T13:28:00+05:30,4402.0,4405.1,4399.8,4400.0,4365
2025-06-12T13:29:00+05:30,4400.0,4402.1,4398.1,4400.0,2602
2025-06-12T13:30:00+05:30,4400.0,4400.1,4392.0,4395.4,11603
2025-06-12T13:31:00+05:30,4396.0,4400.5,4395.5,4400.0,11434
2025-06-12T13:32:00+05:30,4400.0,4400.0,4395.0,4395.2,2872
2025-06-12T13:33:00+05:30,4395.2,4395.6,4389.1,4391.8,8235
2025-06-12T13:34:00+05:30,4391.8,4393.2,4386.3,4393.2,3710
2025-06-12T13:35:00+05:30,4393.2,4393.8,4389.3,4391.6,2007
2025-06-12T13:36:00+05:30,4391.6,4392.5,4387.4,4387.4,512
2025-06-12T13:37:00+05:30,4387.0,4389.3,4380.8,4380.8,4256
2025-06-12T13:38:00+05:30,4380.9,4381.1,4376.2,4378.6,1446
2025-06-12T13:39:00+05:30,4378.6,4379.0,4375.0,4375.1,1533
2025-06-12T13:40:00+05:30,4375.1,4377.2,4375.0,4375.2,1143
2025-06-12T13:41:00+05:30,4375.2,4376.2,4370.0,4371.0,1633
2025-06-12T13:42:00+05:30,4371.0,4383.3,4371.0,4381.0,2232
2025-06-12T13:43:00+05:30,4381.0,4383.2,4381.0,4382.4,3075
2025-06-12T13:44:00+05:30,4382.9,4385.0,4378.2,4379.0,1753
2025-06-12T13:45:00+05:30,4379.0,4381.0,4373.0,4380.4,6301
2025-06-12T13:46:00+05:30,4380.0,4384.6,4376.3,4376.3,11321
2025-06-12T13:47:00+05:30,4376.3,4384.6,4375.0,4375.0,14507
2025-06-12T13:48:00+05:30,4375.0,4377.6,4375.0,4377.1,1310
2025-06-12T13:49:00+05:30,4377.1,4380.8,4377.0,4377.0,3410
2025-06-12T13:50:00+05:30,4377.0,4377.5,4375.1,4376.1,3437
2025-06-12T13:51:00+05:30,4376.1,4380.0,4376.1,4377.0,5072
2025-06-12T13:52:00+05:30,4377.0,4381.7,4377.0,4380.6,3071
2025-06-12T13:53:00+05:30,4380.6,4385.0,4380.6,4381.5,2394
2025-06-12T13:54:00+05:30,4381.9,4386.5,4380.0,4382.8,1840
2025-06-12T13:55:00+05:30,4382.8,4386.8,4381.2,4381.9,4421
2025-06-12T13:56:00+05:30,4381.9,4385.3,4381.1,4383.1,1970
2025-06-12T13:57:00+05:30,4383.1,4383.6,4380.0,4380.0,1949
2025-06-12T13:58:00+05:30,4380.0,4381.5,4375.0,4380.2,10249
2025-06-12T13:59:00+05:30,4380.1,4381.9,4380.0,4380.7,706
2025-06-12T14:00:00+05:30,4380.7,4381.1,4376.1,4376.1,3998
2025-06-12T14:01:00+05:30,4376.2,4378.5,4366.2,4366.2,2596
2025-06-12T14:02:00+05:30,4366.2,4376.1,4366.2,4375.0,5051
2025-06-12T14:03:00+05:30,4375.0,4376.1,4370.7,4375.1,2676
2025-06-12T14:04:00+05:30,4375.1,4376.1,4371.4,4372.1,8305
2025-06-12T14:05:00+05:30,4372.5,4372.5,4362.5,4363.0,2578
2025-06-12T14:06:00+05:30,4362.2,4363.0,4355.2,4357.8,2991
2025-06-12T14:07:00+05:30,4357.8,4359.9,4348.3,4349.9,6575
2025-06-12T14:08:00+05:30,4348.5,4351.1,4344.0,4345.3,2463
2025-06-12T14:09:00+05:30,4345.0,4346.0,4340.0,4340.0,2353
2025-06-12T14:10:00+05:30,4340.0,4351.3,4340.0,4350.3,15017
2025-06-12T14:11:00+05:30,4350.4,4357.9,4348.7,4356.4,2381
2025-06-12T14:12:00+05:30,4356.4,4360.6,4352.2,4359.0,3567
2025-06-12T14:13:00+05:30,4358.5,4361.4,4355.9,4356.1,1467
2025-06-12T14:14:00+05:30,4356.1,4358.6,4354.0,4358.6,2017
2025-06-12T14:15:00+05:30,4357.4,4358.6,4354.9,4355.9,1390
2025-06-12T14:16:00+05:30,4356.2,4365.0,4355.2,4364.5,2999
2025-06-12T14:17:00+05:30,4365.0,4368.0,4362.0,4367.7,2365
2025-06-12T14:18:00+05:30,4368.3,4368.4,4363.0,4365.5,1187
2025-06-12T14:19:00+05:30,4364.2,4367.0,4361.0,4366.9,2772
2025-06-12T14:20:00+05:30,4366.8,4373.1,4366.8,4372.7,4132
2025-06-12T14:21:00+05:30,4372.9,4374.2,4370.1,4374.1,6282
2025-06-12T14:22:00+05:30,4374.2,4376.3,4374.0,4376.2,2094
2025-06-12T14:23:00+05:30,4376.2,4376.9,4374.0,4374.0,4462
2025-06-12T14:24:00+05:30,4374.3,4377.0,4372.8,4374.0,6062
2025-06-12T14:25:00+05:30,4374.0,4375.0,4369.4,4369.4,3578
2025-06-12T14:26:00+05:30,4369.3,4369.3,4365.0,4365.0,1902
2025-06-12T14:27:00+05:30,4365.0,4366.5,4363.0,4365.3,1565
2025-06-12T14:28:00+05:30,4366.5,4366.5,4364.9,4365.0,1763
2025-06-12T14:29:00+05:30,4365.5,4369.4,4364.5,4367.9,2151
2025-06-12T14:30:00+05:30,4369.7,4377.1,4369.2,4376.8,2533
2025-06-12T14:31:00+05:30,4376.8,4378.9,4373.3,4378.6,2617
2025-06-12T14:32:00+05:30,4378.5,4379.9,4375.8,4377.5,2742
2025-06-12T14:33:00+05:30,4377.5,4379.8,4374.0,4378.9,2381
2025-06-12T14:34:00+05:30,4378.9,4379.9,4375.3,4379.9,2201
2025-06-12T14:35:00+05:30,4379.9,4379.9,4375.2,4377.3,2310
2025-06-12T14:36:00+05:30,4376.8,4377.3,4370.0,4372.0,1629
2025-06-12T14:37:00+05:30,4372.2,4374.6,4369.1,4372.8,1997
2025-06-12T14:38:00+05:30,4372.8,4374.3,4369.1,4369.8,1743
2025-06-12T14:39:00+05:30,4369.8,4369.9,4363.2,4364.3,2550
2025-06-12T14:40:00+05:30,4365.9,4375.2,4365.9,4372.5,1802
2025-06-12T14:41:00+05:30,4372.5,4373.0,4369.2,4370.4,1967
2025-06-12T14:42:00+05:30,4370.7,4373.0,4367.0,4368.5,2044
2025-06-12T14:43:00+05:30,4368.5,4369.5,4366.6,4369.5,1032
2025-06-12T14:44:00+05:30,4369.5,4374.5,4369.5,4371.4,1983
2025-06-12T14:45:00+05:30,4371.2,4373.9,4369.8,4372.5,1917
2025-06-12T14:46:00+05:30,4372.6,4375.0,4371.4,4372.6,2004
2025-06-12T14:47:00+05:30,4372.6,4373.4,4368.5,4370.2,2298
2025-06-12T14:48:00+05:30,4370.7,4375.3,4370.7,4374.5,2466
2025-06-12T14:49:00+05:30,4374.5,4375.1,4371.5,4374.8,1551
2025-06-12T14:50:00+05:30,4373.9,4375.1,4371.1,4371.1,2506
2025-06-12T14:51:00+05:30,4371.9,4371.9,4366.6,4368.6,1684
2025-06-12T14:52:00+05:30,4368.6,4372.0,4368.2,4371.7,1703
2025-06-12T14:53:00+05:30,4371.7,4371.7,4368.3,4368.7,1732
2025-06-12T14:54:00+05:30,4368.7,4369.0,4365.7,4366.9,2136
2025-06-12T14:55:00+05:30,4366.9,4367.3,4361.1,4363.1,3435
2025-06-12T14:56:00+05:30,4363.0,4364.2,4360.0,4362.2,2009
2025-06-12T14:57:00+05:30,4362.4,4366.2,4360.7,4364.5,3144
2025-06-12T14:58:00+05:30,4364.0,4365.4,4359.1,4360.0,5862
2025-06-12T14:59:00+05:30,4361.4,4369.0,4360.5,4364.6,1849
2025-06-12T15:00:00+05:30,4364.6,4368.7,4360.7,4363.3,5563
2025-06-12T15:01:00+05:30,4362.6,4369.0,4360.6,4366.9,5275
2025-06-12T15:02:00+05:30,4367.8,4370.0,4366.6,4367.7,3501
2025-06-12T15:03:00+05:30,4367.7,4367.7,4363.2,4363.6,3693
2025-06-12T15:04:00+05:30,4363.6,4364.8,4363.2,4364.8,2361
2025-06-12T15:05:00+05:30,4365.1,4365.4,4364.5,4365.2,2225
2025-06-12T15:06:00+05:30,4365.1,4365.5,4361.4,4362.1,2727
2025-06-12T15:07:00+05:30,4362.1,4364.2,4361.0,4364.2,3404
2025-06-12T15:08:00+05:30,4364.2,4364.4,4362.7,4363.9,2435
2025-06-12T15:09:00+05:30,4363.9,4368.8,4362.8,4366.5,7879
2025-06-12T15:10:00+05:30,4366.5,4366.5,4361.1,4362.6,3503
2025-06-12T15:11:00+05:30,4361.7,4365.0,4360.5,4362.8,4488
2025-06-12T15:12:00+05:30,4362.8,4362.9,4359.1,4359.2,3315
2025-06-12T15:13:00+05:30,4359.2,4364.2,4359.0,4362.2,2039
2025-06-12T15:14:00+05:30,4362.2,4372.0,4362.1,4366.8,4928
2025-06-12T15:15:00+05:30,4366.9,4367.0,4363.5,4365.0,3452
2025-06-12T15:16:00+05:30,4365.0,4365.0,4355.9,4359.5,4127
2025-06-12T15:17:00+05:30,4359.5,4362.1,4359.5,4362.0,2065
2025-06-12T15:18:00+05:30,4361.9,4362.3,4354.4,4361.3,4712
2025-06-12T15:19:00+05:30,4361.3,4362.6,4361.0,4361.2,3223
2025-06-12T15:20:00+05:30,4361.2,4364.3,4361.1,4362.0,4860
2025-06-12T15:21:00+05:30,4362.3,4364.2,4361.2,4364.1,3722
2025-06-12T15:22:00+05:30,4364.9,4365.0,4361.0,4361.2,3223
2025-06-12T15:23:00+05:30,4361.6,4362.0,4357.9,4359.9,3371
2025-06-12T15:24:00+05:30,4360.0,4361.5,4358.0,4359.0,2461
2025-06-12T15:25:00+05:30,4358.1,4360.0,4357.5,4359.0,1506
2025-06-12T15:26:00+05:30,4358.5,4359.0,4354.4,4354.8,2918
2025-06-12T15:27:00+05:30,4354.7,4357.5,4351.7,4354.0,2077
2025-06-12T15:28:00+05:30,4353.8,4354.7,4350.0,4354.7,1700
2025-06-12T15:29:00+05:30,4351.1,4355.0,4350.0,4350.1,758
2025-06-13T09:15:00+05:30,4266.1,4294.9,4251.4,4278.9,10205
2025-06-13T09:16:00+05:30,4281.6,4288.9,4274.0,4284.3,5457
2025-06-13T09:17:00+05:30,4281.4,4292.8,4280.7,4290.0,2754
2025-06-13T09:18:00+05:30,4290.0,4295.0,4282.7,4282.7,1656
2025-06-13T09:19:00+05:30,4284.7,4291.0,4278.7,4282.6,1761
2025-06-13T09:20:00+05:30,4282.9,4288.0,4278.7,4284.9,2760
2025-06-13T09:21:00+05:30,4284.7,4286.3,4280.9,4280.9,1273
2025-06-13T09:22:00+05:30,4281.8,4289.0,4280.1,4284.1,1554
2025-06-13T09:23:00+05:30,4285.9,4296.1,4285.9,4293.9,1843
2025-06-13T09:24:00+05:30,4293.8,4298.5,4288.4,4295.4,1359
2025-06-13T09:25:00+05:30,4295.1,4300.0,4292.0,4298.5,1412
2025-06-13T09:26:00+05:30,4297.5,4301.9,4291.4,4301.3,2627
2025-06-13T09:27:00+05:30,4302.0,4307.4,4298.8,4304.6,2550
2025-06-13T09:28:00+05:30,4305.2,4306.7,4301.0,4303.2,751
2025-06-13T09:29:00+05:30,4304.0,4305.0,4296.2,4300.6,752
2025-06-13T09:30:00+05:30,4297.8,4299.2,4294.7,4297.0,889
2025-06-13T09:31:00+05:30,4297.0,4297.0,4293.1,4294.6,1016
2025-06-13T09:32:00+05:30,4295.6,4295.6,4287.5,4289.4,1669
2025-06-13T09:33:00+05:30,4287.5,4288.4,4281.1,4283.5,1383
2025-06-13T09:34:00+05:30,4283.5,4286.9,4281.1,4284.4,1896
2025-06-13T09:35:00+05:30,4284.4,4285.4,4282.7,4283.2,604
2025-06-13T09:36:00+05:30,4285.0,4291.9,4283.4,4291.9,713
2025-06-13T09:37:00+05:30,4292.0,4297.0,4291.8,4297.0,620
2025-06-13T09:38:00+05:30,4297.0,4297.8,4287.1,4289.1,483
2025-06-13T09:39:00+05:30,4289.7,4293.9,4288.6,4292.0,431
2025-06-13T09:40:00+05:30,4293.0,4296.4,4288.0,4289.0,764
2025-06-13T09:41:00+05:30,4289.1,4299.0,4287.4,4298.6,2512
2025-06-13T09:42:00+05:30,4297.4,4304.0,4296.0,4302.0,2197
2025-06-13T09:43:00+05:30,4302.0,4307.4,4300.0,4302.0,1561
2025-06-13T09:44:00+05:30,4302.0,4306.3,4300.1,4300.1,825
2025-06-13T09:45:00+05:30,4300.9,4304.6,4294.0,4294.0,949
2025-06-13T09:46:00+05:30,4293.0,4294.5,4289.6,4291.6,1143
2025-06-13T09:47:00+05:30,4290.3,4290.3,4284.0,4284.0,1175
2025-06-13T09:48:00+05:30,4284.3,4287.6,4281.9,4285.1,705
2025-06-13T09:49:00+05:30,4285.4,4294.0,4285.4,4292.3,912
2025-06-13T09:50:00+05:30,4293.6,4298.7,4293.5,4298.6,684
2025-06-13T09:51:00+05:30,4298.6,4301.2,4296.1,4296.1,856
2025-06-13T09:52:00+05:30,4299.1,4304.0,4298.3,4302.6,608
2025-06-13T09:53:00+05:30,4302.6,4307.0,4300.9,4306.5,439
2025-06-13T09:54:00+05:30,4306.5,4309.0,4303.4,4309.0,791
2025-06-13T09:55:00+05:30,4308.8,4309.5,4305.0,4306.6,805
2025-06-13T09:56:00+05:30,4306.3,4308.5,4302.3,4304.5,806
2025-06-13T09:57:00+05:30,4304.5,4306.5,4302.3,4304.5,1386
2025-06-13T09:58:00+05:30,4305.6,4307.9,4303.7,4304.8,468
2025-06-13T09:59:00+05:30,4304.1,4305.9,4301.1,4301.1,1179
2025-06-13T10:00:00+05:30,4302.8,4305.7,4301.0,4301.0,995
2025-06-13T10:01:00+05:30,4301.1,4306.1,4301.1,4303.0,2829
2025-06-13T10:02:00+05:30,4303.0,4303.1,4300.0,4301.5,724
2025-06-13T10:03:00+05:30,4300.8,4301.8,4298.4,4300.2,808
2025-06-13T10:04:00+05:30,4300.1,4305.0,4298.6,4305.0,904
2025-06-13T10:05:00+05:30,4303.5,4308.0,4301.9,4301.9,1445
2025-06-13T10:06:00+05:30,4301.4,4303.3,4300.0,4300.8,503
2025-06-13T10:07:00+05:30,4300.6,4304.0,4300.1,4301.9,222
2025-06-13T10:08:00+05:30,4302.4,4302.4,4296.2,4302.2,3445
2025-06-13T10:09:00+05:30,4302.2,4304.8,4300.7,4301.6,741
2025-06-13T10:10:00+05:30,4301.6,4302.8,4301.2,4301.9,339
2025-06-13T10:11:00+05:30,4301.8,4306.1,4300.6,4303.3,709
2025-06-13T10:12:00+05:30,4304.4,4308.0,4302.8,4306.1,704
2025-06-13T10:13:00+05:30,4307.8,4308.0,4306.0,4307.0,766
2025-06-13T10:14:00+05:30,4307.1,4313.4,4306.2,4309.5,3570
2025-06-13T10:15:00+05:30,4309.5,4309.5,4303.0,4303.3,4008
2025-06-13T10:16:00+05:30,4303.3,4303.3,4301.0,4301.0,713
2025-06-13T10:17:00+05:30,4302.7,4305.0,4302.6,4304.1,767
2025-06-13T10:18:00+05:30,4304.1,4304.1,4302.6,4303.0,667
2025-06-13T10:19:00+05:30,4304.0,4306.2,4303.0,4304.2,527
2025-06-13T10:20:00+05:30,4305.0,4306.0,4302.6,4304.0,646
2025-06-13T10:21:00+05:30,4304.0,4304.9,4301.0,4304.9,858
2025-06-13T10:22:00+05:30,4304.9,4304.9,4303.0,4303.2,374
2025-06-13T10:23:00+05:30,4303.2,4304.1,4301.0,4303.0,942
2025-06-13T10:24:00+05:30,4303.0,4303.9,4301.0,4301.0,1036
2025-06-13T10:25:00+05:30,4302.0,4304.1,4301.0,4303.7,688
2025-06-13T10:26:00+05:30,4303.7,4303.7,4301.0,4301.2,1376
2025-06-13T10:27:00+05:30,4302.8,4302.8,4300.9,4300.9,1722
2025-06-13T10:28:00+05:30,4300.8,4300.8,4295.0,4296.4,4441
2025-06-13T10:29:00+05:30,4296.5,4300.9,4296.5,4300.9,1022
2025-06-13T10:30:00+05:30,4300.9,4300.9,4296.1,4297.9,1242
2025-06-13T10:31:00+05:30,4297.9,4302.0,4296.0,4300.0,441
2025-06-13T10:32:00+05:30,4300.2,4301.9,4300.0,4301.2,287
2025-06-13T10:33:00+05:30,4301.2,4303.4,4299.5,4302.5,1030
2025-06-13T10:34:00+05:30,4302.8,4305.0,4301.2,4303.1,948
2025-06-13T10:35:00+05:30,4303.1,4305.9,4301.3,4305.9,757
2025-06-13T10:36:00+05:30,4305.1,4305.9,4303.2,4305.0,1214
2025-06-13T10:37:00+05:30,4305.7,4306.3,4303.4,4306.3,694
2025-06-13T10:38:00+05:30,4306.5,4307.2,4300.8,4301.5,929
2025-06-13T10:39:00+05:30,4303.1,4305.6,4302.1,4304.4,792
2025-06-13T10:40:00+05:30,4304.4,4306.4,4303.2,4303.2,892
2025-06-13T10:41:00+05:30,4304.3,4304.3,4302.9,4303.1,1085
2025-06-13T10:42:00+05:30,4303.1,4306.7,4302.9,4306.0,2328
2025-06-13T10:43:00+05:30,4307.0,4312.8,4306.6,4310.2,3162
2025-06-13T10:44:00+05:30,4311.0,4313.0,4310.1,4312.1,621
2025-06-13T10:45:00+05:30,4312.6,4312.8,4310.5,4312.0,388
2025-06-13T10:46:00+05:30,4312.0,4312.8,4310.0,4312.0,714
2025-06-13T10:47:00+05:30,4312.8,4312.8,4309.0,4309.0,2365
2025-06-13T10:48:00+05:30,4309.5,4312.2,4309.5,4310.5,1229
2025-06-13T10:49:00+05:30,4310.3,4310.7,4304.0,4310.0,8327
2025-06-13T10:50:00+05:30,4310.7,4311.3,4310.0,4310.0,692
2025-06-13T10:51:00+05:30,4310.0,4310.0,4301.4,4302.8,2149
2025-06-13T10:52:00+05:30,4301.9,4304.3,4301.4,4304.3,562
2025-06-13T10:53:00+05:30,4304.1,4304.1,4298.4,4298.4,1312
2025-06-13T10:54:00+05:30,4297.5,4299.7,4295.3,4296.2,1583
2025-06-13T10:55:00+05:30,4298.4,4299.5,4295.4,4295.8,521
2025-06-13T10:56:00+05:30,4295.8,4298.4,4295.0,4296.6,625
2025-06-13T10:57:00+05:30,4296.6,4296.9,4293.1,4294.5,957
2025-06-13T10:58:00+05:30,4294.5,4302.5,4292.0,4300.9,2473
2025-06-13T10:59:00+05:30,4302.4,4305.0,4301.0,4304.9,663
2025-06-13T11:00:00+05:30,4304.9,4304.9,4303.1,4304.2,346
2025-06-13T11:01:00+05:30,4304.2,4304.2,4301.5,4302.8,587
2025-06-13T11:02:00+05:30,4303.8,4303.8,4300.4,4300.6,668
2025-06-13T11:03:00+05:30,4301.0,4301.5,4300.0,4301.5,693
2025-06-13T11:04:00+05:30,4301.9,4301.9,4300.0,4300.0,570
2025-06-13T11:05:00+05:30,4300.3,4301.0,4300.0,4300.3,428
2025-06-13T11:06:00+05:30,4300.6,4302.8,4299.5,4302.8,1277
2025-06-13T11:07:00+05:30,4302.6,4303.6,4299.8,4300.8,1206
2025-06-13T11:08:00+05:30,4300.8,4302.0,4300.0,4300.9,371
2025-06-13T11:09:00+05:30,4301.7,4301.8,4299.5,4300.0,708
2025-06-13T11:10:00+05:30,4300.0,4301.6,4300.0,4300.0,732
2025-06-13T11:11:00+05:30,4300.0,4300.8,4296.0,4296.4,8604
2025-06-13T11:12:00+05:30,4297.0,4300.0,4292.0,4293.0,2755
2025-06-13T11:13:00+05:30,4292.9,4292.9,4290.0,4291.5,884
2025-06-13T11:14:00+05:30,4290.6,4300.4,4286.4,4300.4,8992
2025-06-13T11:15:00+05:30,4299.7,4302.5,4297.5,4299.7,4869
2025-06-13T11:16:00+05:30,4299.4,4300.0,4290.2,4291.1,6111
2025-06-13T11:17:00+05:30,4290.9,4294.1,4288.8,4288.8,722
2025-06-13T11:18:00+05:30,4289.0,4299.1,4286.9,4296.0,4260
2025-06-13T11:19:00+05:30,4297.7,4304.0,4297.7,4302.6,2907
2025-06-13T11:20:00+05:30,4302.6,4304.0,4300.0,4302.7,1951
2025-06-13T11:21:00+05:30,4302.7,4306.0,4300.9,4303.8,765
2025-06-13T11:22:00+05:30,4303.7,4303.7,4300.0,4300.0,636
2025-06-13T11:23:00+05:30,4301.2,4304.0,4300.0,4302.4,472
2025-06-13T11:24:00+05:30,4302.3,4303.5,4300.0,4301.5,730
2025-06-13T11:25:00+05:30,4303.0,4303.9,4301.2,4301.2,421
2025-06-13T11:26:00+05:30,4301.3,4302.7,4299.9,4302.0,719
2025-06-13T11:27:00+05:30,4300.9,4302.6,4300.2,4301.6,577
2025-06-13T11:28:00+05:30,4301.6,4302.2,4300.0,4300.0,972
2025-06-13T11:29:00+05:30,4299.6,4300.8,4299.5,4300.8,1350
2025-06-13T11:30:00+05:30,4300.7,4300.7,4300.0,4300.0,1506
2025-06-13T11:31:00+05:30,4300.7,4302.1,4300.0,4302.0,909
2025-06-13T11:32:00+05:30,4301.7,4301.8,4300.0,4300.0,501
2025-06-13T11:33:00+05:30,4300.9,4301.0,4299.6,4300.0,1457
2025-06-13T11:34:00+05:30,4300.0,4300.8,4298.0,4300.0,1640
2025-06-13T11:35:00+05:30,4300.8,4300.8,4300.0,4300.0,365
2025-06-13T11:36:00+05:30,4300.0,4300.6,4300.0,4300.5,1073
2025-06-13T11:37:00+05:30,4300.6,4300.8,4300.0,4300.1,296
2025-06-13T11:38:00+05:30,4300.1,4301.3,4300.0,4300.9,378
2025-06-13T11:39:00+05:30,4301.3,4301.3,4300.1,4300.1,322
2025-06-13T11:40:00+05:30,4300.2,4301.0,4300.0,4300.2,439
2025-06-13T11:41:00+05:30,4300.6,4300.6,4296.8,4298.3,1732
2025-06-13T11:42:00+05:30,4298.3,4298.6,4292.5,4293.3,499
2025-06-13T11:43:00+05:30,4293.6,4303.0,4291.9,4301.3,1420
2025-06-13T11:44:00+05:30,4302.4,4302.4,4298.2,4298.4,1782
2025-06-13T11:45:00+05:30,4300.0,4302.0,4300.0,4300.7,395
2025-06-13T11:46:00+05:30,4302.0,4302.0,4300.0,4301.1,626
2025-06-13T11:47:00+05:30,4302.0,4302.0,4300.0,4300.0,641
2025-06-13T11:48:00+05:30,4301.1,4301.3,4299.5,4300.0,1760
2025-06-13T11:49:00+05:30,4301.0,4301.5,4300.0,4300.5,1065
2025-06-13T11:50:00+05:30,4300.5,4302.0,4300.0,4301.8,568
2025-06-13T11:51:00+05:30,4301.6,4303.4,4300.2,4303.4,1376
2025-06-13T11:52:00+05:30,4303.9,4305.9,4303.5,4305.0,490
2025-06-13T11:53:00+05:30,4305.0,4305.0,4300.9,4302.4,455
2025-06-13T11:54:00+05:30,4302.0,4302.8,4301.5,4301.5,227
2025-06-13T11:55:00+05:30,4302.0,4304.9,4301.2,4302.1,781
2025-06-13T11:56:00+05:30,4303.8,4304.0,4300.0,4301.0,414
2025-06-13T11:57:00+05:30,4301.9,4302.2,4300.0,4301.4,486
2025-06-13T11:58:00+05:30,4301.4,4302.5,4300.8,4300.8,341
2025-06-13T11:59:00+05:30,4302.0,4302.0,4300.1,4300.8,250
2025-06-13T12:00:00+05:30,4301.9,4303.6,4300.3,4301.2,1652
2025-06-13T12:01:00+05:30,4301.7,4302.8,4300.2,4300.2,371
2025-06-13T12:02:00+05:30,4301.0,4303.8,4300.4,4301.5,647
2025-06-13T12:03:00+05:30,4302.8,4303.0,4301.1,4302.6,260
2025-06-13T12:04:00+05:30,4302.2,4303.7,4301.1,4303.7,719
2025-06-13T12:05:00+05:30,4303.7,4303.7,4300.8,4302.7,548
2025-06-13T12:06:00+05:30,4301.9,4304.1,4300.9,4302.4,306
2025-06-13T12:07:00+05:30,4301.0,4302.5,4300.0,4301.0,486
2025-06-13T12:08:00+05:30,4301.0,4301.0,4300.0,4300.0,720
2025-06-13T12:09:00+05:30,4300.1,4302.9,4300.0,4301.4,583
2025-06-13T12:10:00+05:30,4301.4,4306.0,4300.0,4305.5,2371
2025-06-13T12:11:00+05:30,4305.5,4306.0,4302.4,4304.2,573
2025-06-13T12:12:00+05:30,4305.5,4305.5,4301.5,4303.7,469
2025-06-13T12:13:00+05:30,4303.5,4304.0,4300.8,4302.3,339
2025-06-13T12:14:00+05:30,4302.3,4302.8,4301.1,4301.1,242
2025-06-13T12:15:00+05:30,4301.1,4304.0,4300.1,4302.6,816
2025-06-13T12:16:00+05:30,4302.9,4306.0,4301.6,4306.0,560
2025-06-13T12:17:00+05:30,4305.9,4308.8,4304.0,4305.3,802
2025-06-13T12:18:00+05:30,4305.3,4306.1,4303.1,4305.0,685
2025-06-13T12:19:00+05:30,4305.9,4307.0,4303.6,4306.6,391
2025-06-13T12:20:00+05:30,4307.7,4307.7,4305.0,4305.2,391
2025-06-13T12:21:00+05:30,4304.8,4305.0,4302.3,4305.0,357
2025-06-13T12:22:00+05:30,4305.3,4305.3,4302.8,4303.5,305
2025-06-13T12:23:00+05:30,4303.5,4304.4,4302.0,4302.8,318
2025-06-13T12:24:00+05:30,4302.8,4303.2,4300.7,4302.2,627
2025-06-13T12:25:00+05:30,4301.9,4303.8,4300.2,4302.5,232
2025-06-13T12:26:00+05:30,4301.5,4303.4,4300.0,4301.8,670
2025-06-13T12:27:00+05:30,4301.8,4307.1,4301.8,4305.0,2820
2025-06-13T12:28:00+05:30,4303.6,4306.2,4302.7,4306.0,2795
2025-06-13T12:29:00+05:30,4306.3,4307.1,4303.4,4304.3,3933
2025-06-13T12:30:00+05:30,4304.3,4306.0,4301.6,4301.8,537
2025-06-13T12:31:00+05:30,4301.9,4304.4,4301.0,4304.4,474
2025-06-13T12:32:00+05:30,4303.4,4306.8,4302.5,4303.9,979
2025-06-13T12:33:00+05:30,4303.5,4303.9,4300.2,4302.7,1089
2025-06-13T12:34:00+05:30,4302.7,4303.2,4300.3,4301.3,440
2025-06-13T12:35:00+05:30,4301.5,4302.8,4300.0,4300.2,925
2025-06-13T12:36:00+05:30,4300.2,4301.8,4299.5,4301.6,841
2025-06-13T12:37:00+05:30,4301.5,4301.8,4300.1,4301.5,352
2025-06-13T12:38:00+05:30,4301.0,4301.0,4300.0,4300.1,287
2025-06-13T12:39:00+05:30,4300.1,4303.4,4300.1,4301.0,1141
2025-06-13T12:40:00+05:30,4300.9,4301.6,4300.0,4301.2,724
2025-06-13T12:41:00+05:30,4301.3,4303.0,4300.0,4301.6,1001
2025-06-13T12:42:00+05:30,4301.6,4301.9,4300.2,4300.3,198
2025-06-13T12:43:00+05:30,4301.0,4302.4,4300.0,4301.9,822
2025-06-13T12:44:00+05:30,4301.9,4301.9,4300.0,4301.0,552
2025-06-13T12:45:00+05:30,4300.8,4301.4,4300.0,4300.1,326
2025-06-13T12:46:00+05:30,4300.1,4301.0,4300.0,4300.9,1698
2025-06-13T12:47:00+05:30,4300.9,4304.9,4300.9,4302.3,997
2025-06-13T12:48:00+05:30,4303.6,4304.7,4300.6,4302.0,648
2025-06-13T12:49:00+05:30,4301.5,4302.9,4300.0,4301.1,817
2025-06-13T12:50:00+05:30,4301.1,4302.3,4300.9,4302.0,296
2025-06-13T12:51:00+05:30,4302.3,4302.7,4300.7,4302.0,217
2025-06-13T12:52:00+05:30,4302.0,4302.0,4300.3,4301.3,335
2025-06-13T12:53:00+05:30,4301.3,4301.3,4299.6,4301.0,4451
2025-06-13T12:54:00+05:30,4301.0,4301.6,4300.0,4300.3,901
2025-06-13T12:55:00+05:30,4301.6,4301.7,4300.0,4300.2,960
2025-06-13T12:56:00+05:30,4301.4,4302.0,4300.1,4301.7,550
2025-06-13T12:57:00+05:30,4301.4,4302.9,4300.1,4302.0,593
2025-06-13T12:58:00+05:30,4301.9,4302.4,4300.3,4301.9,371
2025-06-13T12:59:00+05:30,4302.0,4302.0,4300.0,4301.0,463
2025-06-13T13:00:00+05:30,4301.0,4301.0,4300.0,4301.0,812
2025-06-13T13:01:00+05:30,4300.6,4301.2,4300.1,4301.0,522
2025-06-13T13:02:00+05:30,4300.1,4301.2,4299.9,4300.3,3041
2025-06-13T13:03:00+05:30,4300.5,4300.5,4291.5,4292.9,1473
2025-06-13T13:04:00+05:30,4292.9,4295.0,4290.0,4290.4,1075
2025-06-13T13:05:00+05:30,4291.7,4294.2,4290.0,4293.8,492
2025-06-13T13:06:00+05:30,4293.1,4303.7,4290.3,4292.0,16706
2025-06-13T13:07:00+05:30,4292.1,4292.1,4285.7,4287.0,1193
2025-06-13T13:08:00+05:30,4285.8,4290.9,4285.5,4287.1,893
2025-06-13T13:09:00+05:30,4287.1,4300.4,4285.1,4291.5,11895
2025-06-13T13:10:00+05:30,4293.4,4300.4,4288.8,4296.0,11404
2025-06-13T13:11:00+05:30,4296.8,4297.2,4290.9,4293.3,635
2025-06-13T13:12:00+05:30,4293.3,4293.5,4290.1,4291.5,240
2025-06-13T13:13:00+05:30,4291.5,4304.0,4290.3,4303.9,8749
2025-06-13T13:14:00+05:30,4303.9,4305.0,4302.1,4304.0,942
2025-06-13T13:15:00+05:30,4304.0,4304.0,4301.1,4302.7,354
2025-06-13T13:16:00+05:30,4301.4,4303.8,4301.2,4303.4,575
2025-06-13T13:17:00+05:30,4303.4,4303.4,4300.6,4301.7,146
2025-06-13T13:18:00+05:30,4301.7,4305.9,4300.6,4304.6,1021
2025-06-13T13:19:00+05:30,4304.0,4307.7,4302.2,4307.7,677
2025-06-13T13:20:00+05:30,4307.7,4307.7,4305.0,4305.0,315
2025-06-13T13:21:00+05:30,4304.8,4307.7,4304.8,4305.7,1933
2025-06-13T13:22:00+05:30,4305.7,4305.9,4303.2,4304.8,92
2025-06-13T13:23:00+05:30,4304.8,4304.8,4303.9,4304.3,108
2025-06-13T13:24:00+05:30,4304.0,4304.6,4302.1,4304.5,228
2025-06-13T13:25:00+05:30,4304.8,4305.0,4303.4,4304.7,228
2025-06-13T13:26:00+05:30,4305.0,4307.0,4304.4,4305.8,1607
2025-06-13T13:27:00+05:30,4305.7,4309.0,4303.6,4304.6,2518
2025-06-13T13:28:00+05:30,4304.4,4307.8,4303.6,4305.0,2167
2025-06-13T13:29:00+05:30,4305.4,4306.7,4304.0,4304.8,489
2025-06-13T13:30:00+05:30,4304.0,4305.5,4304.0,4304.3,204
2025-06-13T13:31:00+05:30,4303.9,4307.0,4303.9,4306.0,816
2025-06-13T13:32:00+05:30,4307.0,4307.3,4305.1,4306.0,534
2025-06-13T13:33:00+05:30,4306.4,4308.5,4305.4,4306.6,253
2025-06-13T13:34:00+05:30,4306.8,4308.0,4306.8,4308.0,235
2025-06-13T13:35:00+05:30,4307.2,4312.2,4307.2,4311.0,3608
2025-06-13T13:36:00+05:30,4310.9,4312.8,4310.0,4311.8,554
2025-06-13T13:37:00+05:30,4311.1,4312.8,4310.4,4312.0,636
2025-06-13T13:38:00+05:30,4312.1,4318.4,4312.1,4318.4,1707
2025-06-13T13:39:00+05:30,4318.4,4324.5,4318.4,4321.7,2793
2025-06-13T13:40:00+05:30,4321.8,4324.5,4318.7,4320.0,2302
2025-06-13T13:41:00+05:30,4320.1,4322.2,4318.4,4319.1,731
2025-06-13T13:42:00+05:30,4318.7,4321.4,4318.1,4319.1,345
2025-06-13T13:43:00+05:30,4318.6,4320.0,4318.6,4320.0,266
2025-06-13T13:44:00+05:30,4319.9,4324.4,4319.9,4323.0,1469
2025-06-13T13:45:00+05:30,4322.2,4325.0,4322.2,4323.8,694
2025-06-13T13:46:00+05:30,4323.8,4326.0,4322.8,4325.0,727
2025-06-13T13:47:00+05:30,4325.0,4326.0,4322.0,4323.5,805
2025-06-13T13:48:00+05:30,4323.4,4325.0,4321.9,4323.3,1299
2025-06-13T13:49:00+05:30,4322.8,4325.0,4322.5,4322.8,826
2025-06-13T13:50:00+05:30,4323.2,4324.2,4319.5,4321.7,1526
2025-06-13T13:51:00+05:30,4323.4,4325.0,4321.9,4323.4,590
2025-06-13T13:52:00+05:30,4321.7,4323.9,4319.6,4321.8,2298
2025-06-13T13:53:00+05:30,4321.8,4323.5,4320.5,4320.5,379
2025-06-13T13:54:00+05:30,4321.1,4323.0,4318.5,4321.0,933
2025-06-13T13:55:00+05:30,4320.0,4320.0,4313.4,4315.2,1129
2025-06-13T13:56:00+05:30,4315.2,4316.3,4311.6,4315.0,653
2025-06-13T13:57:00+05:30,4316.0,4317.8,4313.2,4317.0,1013
2025-06-13T13:58:00+05:30,4315.7,4317.0,4313.5,4316.2,445
2025-06-13T13:59:00+05:30,4316.2,4316.3,4313.8,4314.0,55
2025-06-13T14:00:00+05:30,4315.5,4316.0,4314.1,4315.7,557
2025-06-13T14:01:00+05:30,4315.6,4319.8,4313.8,4318.6,1715
2025-06-13T14:02:00+05:30,4318.6,4320.3,4316.7,4320.2,509
2025-06-13T14:03:00+05:30,4320.2,4321.2,4316.9,4320.8,1287
2025-06-13T14:04:00+05:30,4320.9,4322.0,4317.6,4319.1,347
2025-06-13T14:05:00+05:30,4319.1,4321.8,4317.4,4319.8,1667
2025-06-13T14:06:00+05:30,4318.0,4319.8,4315.0,4316.4,502
2025-06-13T14:07:00+05:30,4316.4,4316.4,4312.5,4313.1,291
2025-06-13T14:08:00+05:30,4313.9,4321.8,4313.9,4321.8,514
2025-06-13T14:09:00+05:30,4320.1,4321.3,4318.6,4319.1,42
2025-06-13T14:10:00+05:30,4319.3,4323.5,4319.3,4322.6,323
2025-06-13T14:11:00+05:30,4320.3,4322.7,4319.4,4322.4,312
2025-06-13T14:12:00+05:30,4320.6,4322.4,4319.0,4320.9,399
2025-06-13T14:13:00+05:30,4321.1,4322.7,4319.5,4320.6,323
2025-06-13T14:14:00+05:30,4322.0,4323.5,4320.5,4323.2,651
2025-06-13T14:15:00+05:30,4323.2,4323.5,4317.1,4318.7,906
2025-06-13T14:16:00+05:30,4317.0,4321.3,4315.7,4316.3,2069
2025-06-13T14:17:00+05:30,4318.5,4320.4,4316.2,4319.5,941
2025-06-13T14:18:00+05:30,4317.9,4317.9,4314.9,4315.9,488
2025-06-13T14:19:00+05:30,4316.0,4316.0,4313.4,4316.0,1337
2025-06-13T14:20:00+05:30,4316.0,4316.0,4312.6,4315.0,747
2025-06-13T14:21:00+05:30,4314.4,4316.0,4312.4,4316.0,493
2025-06-13T14:22:00+05:30,4316.1,4317.2,4314.1,4315.4,563
2025-06-13T14:23:00+05:30,4314.5,4318.7,4314.5,4317.0,1165
2025-06-13T14:24:00+05:30,4317.0,4318.3,4312.6,4317.6,2730
2025-06-13T14:25:00+05:30,4317.3,4320.5,4314.9,4317.0,949
2025-06-13T14:26:00+05:30,4315.6,4319.6,4315.0,4316.6,603
2025-06-13T14:27:00+05:30,4315.0,4318.4,4315.0,4318.4,290
2025-06-13T14:28:00+05:30,4318.5,4318.5,4315.4,4317.1,585
2025-06-13T14:29:00+05:30,4316.0,4317.2,4313.7,4316.1,704
2025-06-13T14:30:00+05:30,4315.9,4320.0,4315.1,4319.9,2105
2025-06-13T14:31:00+05:30,4318.2,4319.6,4316.0,4317.3,775
2025-06-13T14:32:00+05:30,4316.0,4317.2,4312.6,4314.2,695
2025-06-13T14:33:00+05:30,4313.0,4314.0,4309.7,4311.7,849
2025-06-13T14:34:00+05:30,4311.7,4315.0,4311.3,4315.0,804
2025-06-13T14:35:00+05:30,4315.0,4316.6,4312.6,4315.3,432
2025-06-13T14:36:00+05:30,4315.3,4315.3,4311.3,4313.7,442
2025-06-13T14:37:00+05:30,4313.6,4316.7,4310.5,4314.3,654
2025-06-13T14:38:00+05:30,4315.5,4321.4,4312.9,4320.5,3813
2025-06-13T14:39:00+05:30,4320.5,4320.5,4315.7,4318.1,1370
2025-06-13T14:40:00+05:30,4318.1,4318.1,4314.8,4316.7,597
2025-06-13T14:41:00+05:30,4313.8,4317.9,4313.8,4317.7,288
2025-06-13T14:42:00+05:30,4316.6,4316.6,4312.3,4315.2,697
2025-06-13T14:43:00+05:30,4314.1,4314.6,4312.0,4312.6,120
2025-06-13T14:44:00+05:30,4312.0,4312.2,4309.0,4309.0,871
2025-06-13T14:45:00+05:30,4310.4,4313.4,4308.9,4313.4,1194
2025-06-13T14:46:00+05:30,4312.9,4313.4,4309.6,4310.9,365
2025-06-13T14:47:00+05:30,4309.9,4311.3,4308.1,4311.3,946
2025-06-13T14:48:00+05:30,4311.2,4312.0,4308.4,4310.8,522
2025-06-13T14:49:00+05:30,4310.8,4311.8,4310.0,4310.8,343
2025-06-13T14:50:00+05:30,4311.7,4311.8,4309.0,4311.0,669
2025-06-13T14:51:00+05:30,4310.7,4310.7,4307.5,4309.4,1195
2025-06-13T14:52:00+05:30,4309.3,4311.0,4308.1,4310.2,1240
2025-06-13T14:53:00+05:30,4310.2,4310.8,4307.8,4309.8,485
2025-06-13T14:54:00+05:30,4309.8,4310.8,4308.4,4310.8,312
2025-06-13T14:55:00+05:30,4310.6,4314.9,4310.3,4313.5,485
2025-06-13T14:56:00+05:30,4313.5,4314.2,4310.2,4313.5,765
2025-06-13T14:57:00+05:30,4311.8,4312.9,4309.1,4309.1,482
2025-06-13T14:58:00+05:30,4309.0,4310.4,4309.0,4309.6,413
2025-06-13T14:59:00+05:30,4309.8,4312.4,4309.0,4309.1,1244
2025-06-13T15:00:00+05:30,4309.1,4314.2,4309.1,4312.7,2475
2025-06-13T15:01:00+05:30,4312.7,4317.0,4310.6,4317.0,2535
2025-06-13T15:02:00+05:30,4317.4,4319.2,4316.6,4316.6,2681
2025-06-13T15:03:00+05:30,4317.5,4323.6,4316.8,4323.0,2165
2025-06-13T15:04:00+05:30,4323.6,4331.0,4322.9,4331.0,7384
2025-06-13T15:05:00+05:30,4331.5,4335.4,4330.0,4335.4,3907
2025-06-13T15:06:00+05:30,4335.9,4337.0,4334.5,4335.7,2249
2025-06-13T15:07:00+05:30,4335.8,4339.0,4335.8,4336.3,2478
2025-06-13T15:08:00+05:30,4336.2,4338.9,4333.6,4337.0,2384
2025-06-13T15:09:00+05:30,4337.3,4344.9,4336.6,4344.6,5360
2025-06-13T15:10:00+05:30,4342.6,4344.4,4339.6,4341.1,3144
2025-06-13T15:11:00+05:30,4340.8,4341.3,4339.5,4340.0,2673
2025-06-13T15:12:00+05:30,4340.2,4340.9,4337.6,4340.7,2489
2025-06-13T15:13:00+05:30,4340.8,4344.7,4340.5,4343.5,2262
2025-06-13T15:14:00+05:30,4343.0,4347.0,4342.2,4342.2,4687
2025-06-13T15:15:00+05:30,4342.3,4342.3,4335.7,4336.3,3512
2025-06-13T15:16:00+05:30,4336.9,4338.2,4334.5,4336.5,2711
2025-06-13T15:17:00+05:30,4336.6,4336.8,4332.7,4334.2,3013
2025-06-13T15:18:00+05:30,4334.2,4337.7,4333.7,4337.3,3043
2025-06-13T15:19:00+05:30,4337.2,4338.2,4332.1,4333.4,2740
2025-06-13T15:20:00+05:30,4334.5,4339.0,4334.5,4336.0,3989
2025-06-13T15:21:00+05:30,4336.0,4337.7,4334.1,4337.7,3089
2025-06-13T15:22:00+05:30,4337.6,4338.0,4332.2,4332.8,2425
2025-06-13T15:23:00+05:30,4332.8,4334.0,4330.6,4331.5,2461
2025-06-13T15:24:00+05:30,4331.9,4333.6,4331.5,4333.1,2135
2025-06-13T15:25:00+05:30,4333.0,4334.6,4332.5,4334.6,1867
2025-06-13T15:26:00+05:30,4334.5,4337.5,4334.1,4334.3,1878
2025-06-13T15:27:00+05:30,4335.4,4337.9,4328.1,4333.8,2539
2025-06-13T15:28:00+05:30,4330.2,4339.0,4330.2,4334.0,1983
2025-06-13T15:29:00+05:30,4338.9,4340.0,4320.0,4338.9,1598
2025-06-16T09:15:00+05:30,4316.0,4333.2,4316.0,4333.2,2367
2025-06-16T09:16:00+05:30,4330.6,4348.0,4330.6,4338.7,3583
2025-06-16T09:17:00+05:30,4338.1,4344.8,4336.6,4340.4,1678
2025-06-16T09:18:00+05:30,4339.8,4345.1,4339.2,4342.3,1345
2025-06-16T09:19:00+05:30,4342.2,4344.9,4336.0,4337.3,2284
2025-06-16T09:20:00+05:30,4338.4,4340.4,4335.3,4336.6,865
2025-06-16T09:21:00+05:30,4339.2,4339.3,4328.7,4329.0,1077
2025-06-16T09:22:00+05:30,4329.0,4333.8,4325.2,4325.2,1395
2025-06-16T09:23:00+05:30,4325.2,4331.5,4325.0,4328.0,1378
2025-06-16T09:24:00+05:30,4327.7,4336.6,4326.1,4334.9,1362
2025-06-16T09:25:00+05:30,4334.3,4338.5,4331.8,4336.9,1660
2025-06-16T09:26:00+05:30,4335.8,4337.6,4331.3,4335.0,486
2025-06-16T09:27:00+05:30,4334.9,4335.0,4325.7,4328.9,965
2025-06-16T09:28:00+05:30,4329.8,4332.4,4327.2,4327.6,1476
2025-06-16T09:29:00+05:30,4329.0,4329.0,4324.4,4326.7,1626
2025-06-16T09:30:00+05:30,4326.7,4327.1,4320.9,4320.9,598
2025-06-16T09:31:00+05:30,4320.9,4322.8,4315.9,4322.4,2057
2025-06-16T09:32:00+05:30,4322.4,4328.4,4322.0,4322.0,1008
2025-06-16T09:33:00+05:30,4322.0,4329.1,4322.0,4326.8,1223
2025-06-16T09:34:00+05:30,4326.7,4332.1,4324.7,4326.1,1127
2025-06-16T09:35:00+05:30,4326.1,4327.9,4321.1,4322.5,527
2025-06-16T09:36:00+05:30,4322.4,4323.2,4315.5,4316.8,1802
2025-06-16T09:37:00+05:30,4316.8,4324.6,4316.2,4323.4,798
2025-06-16T09:38:00+05:30,4324.3,4328.0,4321.3,4326.7,631
2025-06-16T09:39:00+05:30,4326.7,4329.7,4320.0,4320.0,1197
2025-06-16T09:40:00+05:30,4320.9,4322.1,4316.4,4319.9,940
2025-06-16T09:41:00+05:30,4320.2,4321.1,4316.5,4316.5,640
2025-06-16T09:42:00+05:30,4318.5,4322.0,4317.1,4321.7,2990
2025-06-16T09:43:00+05:30,4321.0,4324.0,4320.1,4324.0,559
2025-06-16T09:44:00+05:30,4322.6,4324.5,4320.0,4321.3,228
2025-06-16T09:45:00+05:30,4321.6,4321.6,4318.5,4321.0,692
2025-06-16T09:46:00+05:30,4319.7,4322.8,4318.3,4322.8,407
2025-06-16T09:47:00+05:30,4322.7,4322.7,4318.6,4322.5,392
2025-06-16T09:48:00+05:30,4322.5,4322.8,4316.1,4316.1,856
2025-06-16T09:49:00+05:30,4316.1,4317.7,4312.5,4317.2,2155
2025-06-16T09:50:00+05:30,4317.0,4318.0,4314.1,4318.0,637
2025-06-16T09:51:00+05:30,4317.4,4322.8,4316.7,4322.8,1408
2025-06-16T09:52:00+05:30,4323.5,4332.1,4322.4,4328.4,2232
2025-06-16T09:53:00+05:30,4327.8,4330.5,4325.0,4329.4,344
2025-06-16T09:54:00+05:30,4327.5,4329.1,4325.0,4325.9,420
2025-06-16T09:55:00+05:30,4326.6,4326.6,4324.0,4326.6,158
2025-06-16T09:56:00+05:30,4326.0,4336.0,4325.0,4336.0,1351
2025-06-16T09:57:00+05:30,4335.0,4335.8,4328.0,4328.0,1229
2025-06-16T09:58:00+05:30,4328.9,4330.8,4327.0,4327.0,483
2025-06-16T09:59:00+05:30,4328.4,4328.4,4324.0,4327.5,258
2025-06-16T10:00:00+05:30,4328.3,4329.3,4325.0,4327.0,642
2025-06-16T10:01:00+05:30,4327.0,4327.0,4324.7,4327.0,325
2025-06-16T10:02:00+05:30,4326.1,4328.0,4324.0,4327.0,435
2025-06-16T10:03:00+05:30,4327.8,4330.8,4327.4,4330.8,343
2025-06-16T10:04:00+05:30,4330.6,4330.6,4328.8,4329.3,214
2025-06-16T10:05:00+05:30,4329.3,4335.9,4327.4,4334.4,356
2025-06-16T10:06:00+05:30,4334.7,4339.0,4333.2,4335.4,865
2025-06-16T10:07:00+05:30,4335.4,4343.2,4335.2,4341.0,1712
2025-06-16T10:08:00+05:30,4341.0,4342.1,4338.8,4342.1,358
2025-06-16T10:09:00+05:30,4342.5,4345.0,4335.6,4343.2,3543
2025-06-16T10:10:00+05:30,4344.4,4344.7,4342.0,4343.0,378
2025-06-16T10:11:00+05:30,4342.9,4344.0,4342.3,4343.2,601
2025-06-16T10:12:00+05:30,4343.2,4343.2,4340.0,4340.6,331
2025-06-16T10:13:00+05:30,4340.7,4340.7,4340.0,4340.0,81
2025-06-16T10:14:00+05:30,4340.0,4340.8,4333.8,4335.5,1384
2025-06-16T10:15:00+05:30,4338.1,4343.0,4338.1,4341.5,193
2025-06-16T10:16:00+05:30,4340.4,4343.7,4340.0,4341.7,540
2025-06-16T10:17:00+05:30,4340.1,4341.3,4338.1,4341.3,268
2025-06-16T10:18:00+05:30,4340.4,4343.7,4339.8,4342.1,276
2025-06-16T10:19:00+05:30,4340.8,4341.9,4340.7,4340.8,53
2025-06-16T10:20:00+05:30,4341.9,4341.9,4340.8,4341.7,90
2025-06-16T10:21:00+05:30,4341.8,4341.9,4339.1,4340.7,310
2025-06-16T10:22:00+05:30,4340.8,4343.1,4340.7,4341.5,971
2025-06-16T10:23:00+05:30,4343.0,4343.0,4341.0,4341.5,204
2025-06-16T10:24:00+05:30,4341.5,4342.3,4340.6,4341.4,136
2025-06-16T10:25:00+05:30,4340.0,4341.3,4339.4,4339.9,149
2025-06-16T10:26:00+05:30,4341.1,4345.0,4341.1,4341.7,495
2025-06-16T10:27:00+05:30,4343.3,4344.9,4342.2,4344.9,67
2025-06-16T10:28:00+05:30,4344.0,4347.9,4344.0,4344.0,1134
2025-06-16T10:29:00+05:30,4345.3,4352.6,4345.3,4350.4,2922
2025-06-16T10:30:00+05:30,4352.6,4352.6,4349.7,4351.9,667
2025-06-16T10:31:00+05:30,4351.9,4355.0,4350.4,4353.9,2658
2025-06-16T10:32:00+05:30,4353.9,4359.9,4353.7,4358.8,2610
2025-06-16T10:33:00+05:30,4357.5,4358.6,4351.4,4358.6,1812
2025-06-16T10:34:00+05:30,4355.9,4357.0,4350.5,4354.8,381
2025-06-16T10:35:00+05:30,4353.9,4354.0,4351.3,4353.9,283
2025-06-16T10:36:00+05:30,4353.9,4354.0,4350.1,4351.6,151
2025-06-16T10:37:00+05:30,4351.0,4351.0,4349.8,4350.0,1459
2025-06-16T10:38:00+05:30,4350.9,4352.0,4348.9,4350.8,394
2025-06-16T10:39:00+05:30,4349.1,4351.9,4349.1,4351.9,162
2025-06-16T10:40:00+05:30,4350.6,4353.4,4350.1,4353.4,1351
2025-06-16T10:41:00+05:30,4352.2,4354.5,4351.3,4351.5,286
2025-06-16T10:42:00+05:30,4351.1,4353.0,4350.3,4353.0,71
2025-06-16T10:43:00+05:30,4352.9,4353.0,4350.3,4350.3,141
2025-06-16T10:44:00+05:30,4350.3,4354.0,4350.0,4354.0,199
2025-06-16T10:45:00+05:30,4353.2,4359.5,4352.5,4359.5,983
2025-06-16T10:46:00+05:30,4359.5,4360.4,4356.9,4360.4,1056
2025-06-16T10:47:00+05:30,4360.4,4361.3,4357.7,4360.7,519
2025-06-16T10:48:00+05:30,4360.8,4360.8,4357.9,4359.6,532
2025-06-16T10:49:00+05:30,4360.0,4360.3,4357.5,4360.3,577
2025-06-16T10:50:00+05:30,4360.2,4360.2,4356.0,4359.0,612
2025-06-16T10:51:00+05:30,4359.0,4359.6,4356.8,4356.8,288
2025-06-16T10:52:00+05:30,4358.2,4359.6,4357.3,4359.6,260
2025-06-16T10:53:00+05:30,4359.2,4359.6,4353.5,4355.0,419
2025-06-16T10:54:00+05:30,4355.0,4359.3,4353.4,4359.3,526
2025-06-16T10:55:00+05:30,4359.3,4363.0,4357.7,4363.0,1585
2025-06-16T10:56:00+05:30,4363.1,4365.0,4362.9,4362.9,454
2025-06-16T10:57:00+05:30,4364.0,4365.0,4360.8,4362.7,253
2025-06-16T10:58:00+05:30,4362.4,4365.7,4360.8,4365.7,401
2025-06-16T10:59:00+05:30,4365.5,4379.0,4365.5,4379.0,3695
2025-06-16T11:00:00+05:30,4379.2,4380.0,4376.6,4379.9,493
2025-06-16T11:01:00+05:30,4378.5,4382.1,4377.7,4382.1,1578
2025-06-16T11:02:00+05:30,4382.1,4385.0,4382.1,4382.5,912
2025-06-16T11:03:00+05:30,4383.9,4387.4,4382.5,4382.5,2508
2025-06-16T11:04:00+05:30,4383.2,4384.8,4379.7,4379.7,662
2025-06-16T11:05:00+05:30,4381.0,4382.1,4374.1,4376.6,1141
2025-06-16T11:06:00+05:30,4376.3,4377.7,4375.9,4375.9,381
2025-06-16T11:07:00+05:30,4376.9,4380.6,4375.4,4380.6,708
2025-06-16T11:08:00+05:30,4381.0,4385.0,4378.0,4385.0,438
2025-06-16T11:09:00+05:30,4386.0,4395.7,4386.0,4392.2,21733
2025-06-16T11:10:00+05:30,4392.0,4397.4,4391.4,4393.9,2889
2025-06-16T11:11:00+05:30,4395.0,4399.9,4394.0,4399.9,2733
2025-06-16T11:12:00+05:30,4399.9,4403.8,4396.0,4400.6,4772
2025-06-16T11:13:00+05:30,4400.6,4402.9,4398.3,4402.9,597
2025-06-16T11:14:00+05:30,4403.0,4408.0,4402.0,4406.4,3744
2025-06-16T11:15:00+05:30,4407.9,4407.9,4401.0,4403.8,1770
2025-06-16T11:16:00+05:30,4402.5,4407.5,4402.5,4407.5,1203
2025-06-16T11:17:00+05:30,4407.5,4407.9,4405.3,4406.0,758
2025-06-16T11:18:00+05:30,4405.9,4407.0,4405.1,4406.0,1354
2025-06-16T11:19:00+05:30,4407.4,4414.1,4406.0,4409.7,5977
2025-06-16T11:20:00+05:30,4409.5,4410.0,4407.0,4408.9,1654
2025-06-16T11:21:00+05:30,4410.0,4411.1,4406.8,4410.2,2043
2025-06-16T11:22:00+05:30,4411.1,4412.0,4407.9,4409.0,1844
2025-06-16T11:23:00+05:30,4408.0,4410.0,4406.0,4406.9,2074
2025-06-16T11:24:00+05:30,4408.0,4408.0,4403.0,4403.7,1765
2025-06-16T11:25:00+05:30,4403.7,4410.0,4403.7,4409.6,1257
2025-06-16T11:26:00+05:30,4410.0,4411.6,4408.3,4411.6,1005
2025-06-16T11:27:00+05:30,4411.2,4411.6,4410.0,4411.0,842
2025-06-16T11:28:00+05:30,4411.0,4411.8,4407.7,4407.7,1751
2025-06-16T11:29:00+05:30,4409.5,4410.0,4406.5,4408.5,610
2025-06-16T11:30:00+05:30,4409.3,4409.5,4406.2,4407.9,905
2025-06-16T11:31:00+05:30,4407.9,4411.0,4406.8,4409.6,1554
2025-06-16T11:32:00+05:30,4411.0,4412.9,4409.7,4411.3,1046
2025-06-16T11:33:00+05:30,4412.6,4414.1,4408.0,4409.9,2317
2025-06-16T11:34:00+05:30,4409.9,4409.9,4399.0,4399.0,3548
2025-06-16T11:35:00+05:30,4399.0,4400.2,4396.6,4397.5,2787
2025-06-16T11:36:00+05:30,4397.5,4400.7,4394.0,4396.9,3953
2025-06-16T11:37:00+05:30,4396.9,4397.0,4393.0,4393.2,1056
2025-06-16T11:38:00+05:30,4395.2,4397.9,4393.4,4397.6,758
2025-06-16T11:39:00+05:30,4397.6,4398.3,4395.3,4397.2,399
2025-06-16T11:40:00+05:30,4396.6,4396.9,4393.0,4396.9,1518
2025-06-16T11:41:00+05:30,4396.9,4400.0,4396.9,4399.5,762
2025-06-16T11:42:00+05:30,4399.5,4399.5,4396.0,4398.2,501
2025-06-16T11:43:00+05:30,4396.1,4398.1,4396.0,4396.5,451
2025-06-16T11:44:00+05:30,4396.5,4398.0,4395.0,4396.0,1040
2025-06-16T11:45:00+05:30,4397.1,4398.0,4387.6,4389.0,1805
2025-06-16T11:46:00+05:30,4389.0,4389.7,4385.6,4388.5,2857
2025-06-16T11:47:00+05:30,4388.5,4389.8,4377.8,4379.0,4088
2025-06-16T11:48:00+05:30,4377.6,4379.1,4376.8,4377.0,860
2025-06-16T11:49:00+05:30,4378.5,4379.0,4372.0,4372.2,2352
2025-06-16T11:50:00+05:30,4373.0,4373.3,4369.8,4372.3,1557
2025-06-16T11:51:00+05:30,4372.0,4372.0,4364.0,4365.0,809
2025-06-16T11:52:00+05:30,4366.4,4367.8,4365.0,4366.0,464
2025-06-16T11:53:00+05:30,4366.0,4367.8,4363.4,4367.3,513
2025-06-16T11:54:00+05:30,4367.4,4367.5,4362.0,4365.0,635
2025-06-16T11:55:00+05:30,4364.9,4365.0,4361.0,4361.7,1086
2025-06-16T11:56:00+05:30,4362.0,4365.0,4361.0,4363.6,457
2025-06-16T11:57:00+05:30,4363.6,4372.3,4363.6,4370.0,3493
2025-06-16T11:58:00+05:30,4371.0,4371.6,4370.0,4371.3,209
2025-06-16T11:59:00+05:30,4371.7,4374.0,4370.9,4372.7,521
2025-06-16T12:00:00+05:30,4374.0,4377.5,4372.7,4377.5,480
2025-06-16T12:01:00+05:30,4377.4,4378.5,4375.2,4377.0,520
2025-06-16T12:02:00+05:30,4375.6,4378.4,4375.0,4376.4,1618
2025-06-16T12:03:00+05:30,4375.1,4376.3,4375.0,4375.1,472
2025-06-16T12:04:00+05:30,4375.2,4376.6,4375.0,4376.0,47
2025-06-16T12:05:00+05:30,4375.1,4377.7,4375.0,4376.6,442
2025-06-16T12:06:00+05:30,4376.1,4377.4,4376.1,4377.0,301
2025-06-16T12:07:00+05:30,4376.3,4377.0,4376.1,4376.8,52
2025-06-16T12:08:00+05:30,4376.3,4376.8,4376.1,4376.8,143
2025-06-16T12:09:00+05:30,4376.8,4378.0,4376.2,4377.1,206
2025-06-16T12:10:00+05:30,4377.1,4377.1,4376.1,4376.4,222
2025-06-16T12:11:00+05:30,4376.4,4378.1,4376.2,4378.1,297
2025-06-16T12:12:00+05:30,4378.1,4378.4,4377.0,4377.0,234
2025-06-16T12:13:00+05:30,4377.0,4382.0,4376.9,4382.0,538
2025-06-16T12:14:00+05:30,4381.3,4387.0,4381.0,4386.8,923
2025-06-16T12:15:00+05:30,4386.8,4386.9,4384.5,4384.5,1355
2025-06-16T12:16:00+05:30,4386.0,4386.0,4385.0,4386.0,1718
2025-06-16T12:17:00+05:30,4386.0,4386.0,4385.0,4385.8,273
2025-06-16T12:18:00+05:30,4385.7,4386.0,4385.0,4386.0,381
2025-06-16T12:19:00+05:30,4386.0,4386.0,4385.1,4385.1,21
2025-06-16T12:20:00+05:30,4385.2,4386.0,4378.1,4379.8,5824
2025-06-16T12:21:00+05:30,4379.9,4380.1,4375.0,4375.0,428
2025-06-16T12:22:00+05:30,4375.0,4376.4,4374.7,4376.4,140
2025-06-16T12:23:00+05:30,4376.4,4376.5,4374.4,4376.0,222
2025-06-16T12:24:00+05:30,4376.0,4376.0,4375.0,4375.9,30
2025-06-16T12:25:00+05:30,4375.9,4375.9,4373.6,4373.6,134
2025-06-16T12:26:00+05:30,4374.1,4374.1,4371.4,4373.0,442
2025-06-16T12:27:00+05:30,4372.0,4375.8,4372.0,4375.2,571
2025-06-16T12:28:00+05:30,4375.0,4375.8,4373.8,4375.8,1002
2025-06-16T12:29:00+05:30,4375.8,4375.8,4374.4,4374.4,31
2025-06-16T12:30:00+05:30,4374.4,4375.6,4373.5,4375.4,172
2025-06-16T12:31:00+05:30,4375.4,4378.4,4375.4,4376.1,586
2025-06-16T12:32:00+05:30,4377.3,4377.3,4376.1,4376.3,74
2025-06-16T12:33:00+05:30,4377.3,4378.4,4375.9,4378.4,300
2025-06-16T12:34:00+05:30,4377.3,4382.7,4377.1,4382.5,430
2025-06-16T12:35:00+05:30,4382.7,4382.8,4381.2,4381.3,124
2025-06-16T12:36:00+05:30,4380.3,4381.3,4380.3,4380.7,53
2025-06-16T12:37:00+05:30,4380.7,4381.8,4380.4,4381.8,104
2025-06-16T12:38:00+05:30,4381.8,4384.2,4381.8,4383.8,428
2025-06-16T12:39:00+05:30,4383.8,4389.4,4381.8,4388.9,838
2025-06-16T12:40:00+05:30,4389.6,4389.9,4385.4,4387.3,493
2025-06-16T12:41:00+05:30,4384.7,4385.7,4384.1,4385.2,79
2025-06-16T12:42:00+05:30,4385.1,4389.0,4383.8,4388.7,936
2025-06-16T12:43:00+05:30,4388.8,4389.0,4387.0,4389.0,172
2025-06-16T12:44:00+05:30,4389.0,4389.0,4387.1,4388.6,158
2025-06-16T12:45:00+05:30,4388.0,4388.8,4386.7,4388.5,192
2025-06-16T12:46:00+05:30,4388.8,4389.0,4388.5,4389.0,124
2025-06-16T12:47:00+05:30,4388.5,4389.0,4386.1,4386.2,585
2025-06-16T12:48:00+05:30,4386.0,4386.0,4384.0,4384.5,174
2025-06-16T12:49:00+05:30,4384.5,4385.0,4383.1,4385.0,190
2025-06-16T12:50:00+05:30,4385.0,4386.2,4384.5,4386.2,145
2025-06-16T12:51:00+05:30,4386.2,4386.2,4383.6,4385.6,185
2025-06-16T12:52:00+05:30,4385.6,4387.2,4385.5,4387.2,947
2025-06-16T12:53:00+05:30,4387.6,4389.0,4386.6,4388.6,153
2025-06-16T12:54:00+05:30,4388.9,4389.0,4387.1,4388.3,331
2025-06-16T12:55:00+05:30,4387.2,4389.0,4386.0,4387.0,395
2025-06-16T12:56:00+05:30,4385.6,4387.0,4385.6,4386.2,81
2025-06-16T12:57:00+05:30,4385.6,4386.2,4383.7,4386.2,261
2025-06-16T12:58:00+05:30,4386.1,4386.8,4386.1,4386.5,181
2025-06-16T12:59:00+05:30,4386.8,4387.0,4386.1,4387.0,260
2025-06-16T13:00:00+05:30,4387.0,4388.8,4386.6,4387.5,334
2025-06-16T13:01:00+05:30,4387.5,4387.8,4386.6,4387.5,197
2025-06-16T13:02:00+05:30,4387.8,4389.0,4387.8,4389.0,60
2025-06-16T13:03:00+05:30,4389.0,4389.0,4387.5,4388.5,124
2025-06-16T13:04:00+05:30,4388.5,4388.5,4383.1,4383.1,649
2025-06-16T13:05:00+05:30,4383.1,4384.0,4382.0,4382.8,224
2025-06-16T13:06:00+05:30,4382.8,4383.0,4381.3,4383.0,262
2025-06-16T13:07:00+05:30,4382.7,4382.7,4380.5,4382.0,155
2025-06-16T13:08:00+05:30,4382.0,4382.0,4380.7,4381.2,90
2025-06-16T13:09:00+05:30,4381.2,4382.0,4379.1,4379.1,533
2025-06-16T13:10:00+05:30,4379.1,4379.9,4376.4,4379.9,1240
2025-06-16T13:11:00+05:30,4379.4,4379.9,4378.6,4378.6,87
2025-06-16T13:12:00+05:30,4379.5,4379.5,4375.5,4375.5,272
2025-06-16T13:13:00+05:30,4376.8,4378.8,4375.8,4378.8,189
2025-06-16T13:14:00+05:30,4378.4,4378.4,4376.3,4377.5,70
2025-06-16T13:15:00+05:30,4377.5,4386.9,4377.3,4381.4,1591
2025-06-16T13:16:00+05:30,4380.5,4385.4,4380.5,4384.0,815
2025-06-16T13:17:00+05:30,4384.6,4384.6,4383.0,4383.1,196
2025-06-16T13:18:00+05:30,4383.1,4383.1,4383.0,4383.1,100
2025-06-16T13:19:00+05:30,4383.1,4383.2,4383.0,4383.2,186
2025-06-16T13:20:00+05:30,4383.2,4385.0,4381.0,4381.7,617
2025-06-16T13:21:00+05:30,4383.1,4383.1,4380.4,4382.8,320
2025-06-16T13:22:00+05:30,4382.2,4383.1,4381.1,4383.1,249
2025-06-16T13:23:00+05:30,4383.4,4385.0,4383.4,4384.7,107
2025-06-16T13:24:00+05:30,4384.1,4385.0,4382.8,4382.9,307
2025-06-16T13:25:00+05:30,4382.9,4383.0,4382.2,4383.0,154
2025-06-16T13:26:00+05:30,4383.0,4383.0,4383.0,4383.0,93
2025-06-16T13:27:00+05:30,4383.0,4384.3,4381.2,4381.2,226
2025-06-16T13:28:00+05:30,4381.9,4381.9,4378.0,4379.4,77
2025-06-16T13:29:00+05:30,4379.4,4379.6,4378.0,4379.6,590
2025-06-16T13:30:00+05:30,4379.6,4381.4,4379.6,4380.9,277
2025-06-16T13:31:00+05:30,4380.9,4380.9,4378.0,4379.0,94
2025-06-16T13:32:00+05:30,4378.0,4379.0,4378.0,4378.9,209
2025-06-16T13:33:00+05:30,4379.0,4381.5,4379.0,4381.5,230
2025-06-16T13:34:00+05:30,4381.5,4381.5,4380.6,4380.7,153
2025-06-16T13:35:00+05:30,4380.8,4381.7,4379.5,4381.2,373
2025-06-16T13:36:00+05:30,4381.2,4381.2,4379.3,4381.1,133
2025-06-16T13:37:00+05:30,4380.1,4381.2,4379.9,4381.2,204
2025-06-16T13:38:00+05:30,4379.8,4381.7,4379.8,4381.7,132
2025-06-16T13:39:00+05:30,4381.7,4386.7,4381.7,4385.8,844
2025-06-16T13:40:00+05:30,4385.8,4385.8,4382.6,4384.6,263
2025-06-16T13:41:00+05:30,4384.6,4387.1,4383.7,4385.7,302
2025-06-16T13:42:00+05:30,4385.7,4387.6,4385.7,4385.8,164
2025-06-16T13:43:00+05:30,4385.8,4385.8,4381.3,4383.0,156
2025-06-16T13:44:00+05:30,4383.0,4383.0,4380.7,4382.1,153
2025-06-16T13:45:00+05:30,4381.6,4381.8,4381.6,4381.8,83
2025-06-16T13:46:00+05:30,4381.7,4382.7,4381.7,4382.7,145
2025-06-16T13:47:00+05:30,4382.6,4382.7,4378.7,4382.7,1086
2025-06-16T13:48:00+05:30,4382.7,4385.2,4382.1,4383.3,1180
2025-06-16T13:49:00+05:30,4382.5,4382.5,4379.9,4379.9,269
2025-06-16T13:50:00+05:30,4382.1,4382.1,4380.5,4380.6,74
2025-06-16T13:51:00+05:30,4380.6,4382.2,4380.6,4382.2,348
2025-06-16T13:52:00+05:30,4382.0,4382.2,4381.1,4382.2,140
2025-06-16T13:53:00+05:30,4381.7,4384.5,4381.7,4384.0,376
2025-06-16T13:54:00+05:30,4384.0,4384.5,4382.1,4383.9,229
2025-06-16T13:55:00+05:30,4384.0,4385.5,4382.4,4384.1,202
2025-06-16T13:56:00+05:30,4384.1,4384.1,4383.0,4383.2,193
2025-06-16T13:57:00+05:30,4383.2,4384.2,4383.1,4384.0,70
2025-06-16T13:58:00+05:30,4384.2,4384.8,4383.6,4384.8,135
2025-06-16T13:59:00+05:30,4384.8,4384.8,4384.1,4384.4,150
2025-06-16T14:00:00+05:30,4384.4,4384.9,4384.0,4384.9,126
2025-06-16T14:01:00+05:30,4384.8,4386.6,4384.8,4385.5,354
2025-06-16T14:02:00+05:30,4386.3,4386.3,4383.8,4386.2,204
2025-06-16T14:03:00+05:30,4386.1,4387.0,4385.8,4386.9,623
2025-06-16T14:04:00+05:30,4386.3,4386.9,4385.0,4385.9,119
2025-06-16T14:05:00+05:30,4385.9,4387.0,4383.5,4385.0,479
2025-06-16T14:06:00+05:30,4385.0,4386.0,4385.0,4386.0,138
2025-06-16T14:07:00+05:30,4385.0,4386.0,4385.0,4386.0,152
2025-06-16T14:08:00+05:30,4385.1,4386.0,4384.0,4384.0,110
2025-06-16T14:09:00+05:30,4384.0,4385.9,4383.0,4385.9,289
2025-06-16T14:10:00+05:30,4385.0,4385.9,4384.5,4385.0,154
2025-06-16T14:11:00+05:30,4385.0,4385.0,4383.7,4384.6,122
2025-06-16T14:12:00+05:30,4384.6,4385.0,4384.5,4384.7,260
2025-06-16T14:13:00+05:30,4384.7,4385.0,4383.1,4385.0,664
2025-06-16T14:14:00+05:30,4384.4,4386.6,4384.3,4384.5,1278
2025-06-16T14:15:00+05:30,4385.0,4385.0,4383.2,4385.0,221
2025-06-16T14:16:00+05:30,4385.0,4385.0,4382.9,4384.9,517
2025-06-16T14:17:00+05:30,4383.5,4384.2,4382.7,4382.7,86
2025-06-16T14:18:00+05:30,4383.8,4383.8,4382.7,4383.8,114
2025-06-16T14:19:00+05:30,4383.5,4383.5,4380.6,4382.5,284
2025-06-16T14:20:00+05:30,4382.2,4382.7,4380.0,4382.7,372
2025-06-16T14:21:00+05:30,4382.7,4382.7,4382.1,4382.7,136
2025-06-16T14:22:00+05:30,4382.6,4384.2,4382.0,4383.1,377
2025-06-16T14:23:00+05:30,4383.7,4384.0,4382.0,4383.0,610
2025-06-16T14:24:00+05:30,4382.8,4383.0,4382.1,4382.1,138
2025-06-16T14:25:00+05:30,4382.8,4383.7,4380.0,4381.9,306
2025-06-16T14:26:00+05:30,4382.9,4383.9,4381.4,4382.8,2592
2025-06-16T14:27:00+05:30,4382.8,4382.8,4381.3,4382.8,172
2025-06-16T14:28:00+05:30,4382.8,4382.8,4381.5,4381.6,232
2025-06-16T14:29:00+05:30,4381.6,4381.6,4381.0,4381.6,202
2025-06-16T14:30:00+05:30,4381.6,4384.0,4381.5,4384.0,531
2025-06-16T14:31:00+05:30,4384.0,4384.1,4381.9,4384.0,212
2025-06-16T14:32:00+05:30,4383.8,4385.0,4381.7,4384.0,1335
2025-06-16T14:33:00+05:30,4384.7,4384.7,4383.0,4383.4,463
2025-06-16T14:34:00+05:30,4383.4,4383.4,4382.3,4382.3,151
2025-06-16T14:35:00+05:30,4382.3,4382.3,4381.7,4381.8,158
2025-06-16T14:36:00+05:30,4382.0,4382.0,4381.0,4381.1,285
2025-06-16T14:37:00+05:30,4381.1,4382.3,4380.3,4380.3,629
2025-06-16T14:38:00+05:30,4380.7,4381.0,4380.6,4381.0,200
2025-06-16T14:39:00+05:30,4380.7,4381.0,4380.0,4380.0,361
2025-06-16T14:40:00+05:30,4380.0,4380.2,4378.9,4379.4,424
2025-06-16T14:41:00+05:30,4380.0,4380.0,4378.0,4378.1,262
2025-06-16T14:42:00+05:30,4379.0,4380.7,4377.5,4380.6,1328
2025-06-16T14:43:00+05:30,4380.4,4381.8,4379.5,4381.0,477
2025-06-16T14:44:00+05:30,4380.3,4381.3,4378.5,4379.0,345
2025-06-16T14:45:00+05:30,4379.5,4380.3,4375.0,4375.2,713
2025-06-16T14:46:00+05:30,4375.5,4376.4,4375.0,4375.1,363
2025-06-16T14:47:00+05:30,4375.1,4379.1,4374.5,4377.2,986
2025-06-16T14:48:00+05:30,4378.5,4378.7,4375.5,4376.2,705
2025-06-16T14:49:00+05:30,4376.4,4378.3,4375.1,4378.1,596
2025-06-16T14:50:00+05:30,4376.9,4378.5,4376.8,4377.0,396
2025-06-16T14:51:00+05:30,4377.0,4378.6,4375.5,4378.5,611
2025-06-16T14:52:00+05:30,4378.5,4378.5,4376.4,4377.5,625
2025-06-16T14:53:00+05:30,4377.5,4382.3,4377.5,4380.2,1155
2025-06-16T14:54:00+05:30,4380.2,4380.2,4377.0,4377.4,754
2025-06-16T14:55:00+05:30,4377.7,4380.1,4375.4,4380.1,858
2025-06-16T14:56:00+05:30,4380.1,4380.4,4377.5,4377.5,628
2025-06-16T14:57:00+05:30,4377.8,4380.5,4377.5,4379.5,685
2025-06-16T14:58:00+05:30,4379.5,4381.0,4379.4,4380.0,616
2025-06-16T14:59:00+05:30,4381.0,4381.0,4379.0,4380.7,490
2025-06-16T15:00:00+05:30,4380.7,4381.7,4377.6,4379.1,2314
2025-06-16T15:01:00+05:30,4379.1,4379.3,4375.7,4375.7,2662
2025-06-16T15:02:00+05:30,4375.8,4375.8,4367.2,4369.0,5751
2025-06-16T15:03:00+05:30,4369.4,4369.4,4365.8,4368.1,1669
2025-06-16T15:04:00+05:30,4369.0,4369.6,4366.5,4369.6,1623
2025-06-16T15:05:00+05:30,4369.6,4369.8,4368.2,4368.8,1698
2025-06-16T15:06:00+05:30,4368.9,4368.9,4368.7,4368.8,1689
2025-06-16T15:07:00+05:30,4368.8,4368.8,4368.7,4368.7,2547
2025-06-16T15:08:00+05:30,4368.8,4368.8,4367.6,4367.7,1075
2025-06-16T15:09:00+05:30,4367.8,4370.0,4367.7,4369.7,4487
2025-06-16T15:10:00+05:30,4370.0,4370.0,4367.4,4367.5,1535
2025-06-16T15:11:00+05:30,4368.0,4368.0,4366.9,4366.9,1691
2025-06-16T15:12:00+05:30,4367.1,4367.1,4365.1,4365.8,1050
2025-06-16T15:13:00+05:30,4366.5,4366.5,4363.4,4363.8,1937
2025-06-16T15:14:00+05:30,4365.5,4365.6,4363.1,4363.4,1683
2025-06-16T15:15:00+05:30,4363.8,4363.8,4361.6,4363.0,2215
2025-06-16T15:16:00+05:30,4363.0,4363.0,4361.9,4362.7,2495
2025-06-16T15:17:00+05:30,4362.7,4363.2,4362.2,4362.7,3222
2025-06-16T15:18:00+05:30,4362.7,4362.8,4360.0,4360.0,2476
2025-06-16T15:19:00+05:30,4360.2,4360.2,4358.0,4358.5,1796
2025-06-16T15:20:00+05:30,4358.5,4359.1,4357.6,4358.0,3752
2025-06-16T15:21:00+05:30,4358.0,4359.3,4357.8,4359.0,3971
2025-06-16T15:22:00+05:30,4359.1,4359.1,4357.5,4357.7,1305
2025-06-16T15:23:00+05:30,4357.8,4361.0,4357.5,4358.7,3265
2025-06-16T15:24:00+05:30,4358.7,4358.7,4355.9,4356.2,2237
2025-06-16T15:25:00+05:30,4356.1,4360.2,4355.8,4360.0,3125
2025-06-16T15:26:00+05:30,4360.1,4361.6,4359.7,4361.2,2135
2025-06-16T15:27:00+05:30,4361.3,4361.3,4358.8,4359.8,2702
2025-06-16T15:28:00+05:30,4359.7,4359.8,4358.6,4359.5,1835
2025-06-16T15:29:00+05:30,4359.5,4361.3,4355.3,4360.0,1334
2025-06-17T09:15:00+05:30,4370.0,4375.0,4349.5,4351.1,3463
2025-06-17T09:16:00+05:30,4351.2,4358.3,4351.0,4356.0,1040
2025-06-17T09:17:00+05:30,4357.2,4357.4,4347.0,4351.3,1160
2025-06-17T09:18:00+05:30,4351.3,4354.4,4349.1,4349.1,757
2025-06-17T09:19:00+05:30,4349.0,4352.1,4345.3,4350.6,1044
2025-06-17T09:20:00+05:30,4352.0,4357.1,4350.8,4353.4,1783
2025-06-17T09:21:00+05:30,4352.5,4355.4,4345.6,4345.6,1493
2025-06-17T09:22:00+05:30,4345.5,4346.9,4341.6,4341.9,710
2025-06-17T09:23:00+05:30,4341.9,4341.9,4333.8,4339.3,2072
2025-06-17T09:24:00+05:30,4340.8,4342.9,4339.6,4342.0,781
2025-06-17T09:25:00+05:30,4342.0,4346.3,4340.0,4342.0,1179
2025-06-17T09:26:00+05:30,4340.3,4344.4,4340.0,4342.7,954
2025-06-17T09:27:00+05:30,4342.7,4342.9,4338.1,4338.1,771
2025-06-17T09:28:00+05:30,4338.2,4348.3,4338.1,4342.8,1185
2025-06-17T09:29:00+05:30,4342.8,4349.8,4341.7,4348.1,881
2025-06-17T09:30:00+05:30,4349.7,4351.3,4341.3,4343.9,2609
2025-06-17T09:31:00+05:30,4346.7,4346.7,4340.4,4343.0,875
2025-06-17T09:32:00+05:30,4341.4,4349.8,4341.4,4346.8,718
2025-06-17T09:33:00+05:30,4347.4,4347.5,4343.4,4344.8,3690
2025-06-17T09:34:00+05:30,4344.6,4350.7,4341.6,4346.3,6481
2025-06-17T09:35:00+05:30,4347.3,4351.0,4346.3,4348.1,820
2025-06-17T09:36:00+05:30,4347.9,4352.7,4346.4,4351.1,965
2025-06-17T09:37:00+05:30,4352.0,4357.4,4352.0,4355.7,831
2025-06-17T09:38:00+05:30,4356.6,4373.8,4356.4,4372.9,3195
2025-06-17T09:39:00+05:30,4372.9,4375.4,4369.6,4371.6,3386
2025-06-17T09:40:00+05:30,4371.6,4371.6,4356.0,4356.1,2408
2025-06-17T09:41:00+05:30,4356.4,4362.8,4356.2,4362.8,1076
2025-06-17T09:42:00+05:30,4362.8,4364.3,4360.1,4362.0,227
2025-06-17T09:43:00+05:30,4362.3,4363.8,4360.3,4362.1,411
2025-06-17T09:44:00+05:30,4360.9,4367.9,4360.1,4367.1,2769
2025-06-17T09:45:00+05:30,4365.5,4368.4,4362.8,4367.4,3171
2025-06-17T09:46:00+05:30,4366.0,4369.1,4365.3,4369.1,568
2025-06-17T09:47:00+05:30,4369.1,4372.0,4367.3,4367.3,806
2025-06-17T09:48:00+05:30,4367.5,4372.0,4367.5,4372.0,745
2025-06-17T09:49:00+05:30,4372.0,4372.8,4370.0,4372.6,666
2025-06-17T09:50:00+05:30,4372.2,4372.4,4370.8,4372.4,188
2025-06-17T09:51:00+05:30,4372.4,4380.0,4372.0,4380.0,1830
2025-06-17T09:52:00+05:30,4379.1,4381.0,4373.3,4375.7,1273
2025-06-17T09:53:00+05:30,4375.7,4375.8,4374.1,4375.8,183
2025-06-17T09:54:00+05:30,4375.8,4375.8,4370.2,4370.2,404
2025-06-17T09:55:00+05:30,4370.1,4371.8,4370.0,4371.7,84
2025-06-17T09:56:00+05:30,4371.1,4372.7,4370.8,4372.2,920
2025-06-17T09:57:00+05:30,4372.7,4372.7,4371.0,4371.0,237
2025-06-17T09:58:00+05:30,4371.0,4375.8,4371.0,4375.3,659
2025-06-17T09:59:00+05:30,4375.8,4375.8,4373.8,4374.1,256
2025-06-17T10:00:00+05:30,4374.0,4374.9,4372.8,4373.0,87
2025-06-17T10:01:00+05:30,4373.1,4378.0,4373.1,4377.0,1200
2025-06-17T10:02:00+05:30,4375.8,4376.7,4371.0,4371.0,411
2025-06-17T10:03:00+05:30,4371.0,4371.0,4367.8,4367.8,341
2025-06-17T10:04:00+05:30,4367.7,4369.5,4367.1,4368.9,154
2025-06-17T10:05:00+05:30,4368.9,4371.4,4367.8,4371.4,425
2025-06-17T10:06:00+05:30,4371.4,4372.5,4370.2,4370.4,132
2025-06-17T10:07:00+05:30,4369.8,4370.8,4369.7,4370.6,76
2025-06-17T10:08:00+05:30,4369.8,4370.6,4369.0,4370.6,251
2025-06-17T10:09:00+05:30,4370.6,4371.5,4368.6,4370.2,529
2025-06-17T10:10:00+05:30,4370.2,4371.0,4368.0,4368.9,229
2025-06-17T10:11:00+05:30,4368.9,4368.9,4366.0,4367.5,809
2025-06-17T10:12:00+05:30,4366.4,4367.0,4364.5,4365.0,287
2025-06-17T10:13:00+05:30,4365.9,4366.8,4364.6,4364.9,154
2025-06-17T10:14:00+05:30,4365.0,4368.9,4365.0,4367.9,1221
2025-06-17T10:15:00+05:30,4368.9,4369.4,4366.4,4369.4,406
2025-06-17T10:16:00+05:30,4369.5,4371.1,4368.0,4371.1,437
2025-06-17T10:17:00+05:30,4370.7,4374.0,4370.7,4374.0,194
2025-06-17T10:18:00+05:30,4373.5,4374.0,4372.6,4372.6,157
2025-06-17T10:19:00+05:30,4372.6,4372.6,4370.9,4371.5,89
2025-06-17T10:20:00+05:30,4371.0,4371.5,4369.0,4369.1,420
2025-06-17T10:21:00+05:30,4369.9,4370.9,4368.4,4370.9,335
2025-06-17T10:22:00+05:30,4370.9,4370.9,4369.5,4370.0,51
2025-06-17T10:23:00+05:30,4370.0,4370.8,4370.0,4370.0,221
2025-06-17T10:24:00+05:30,4370.8,4370.9,4370.0,4370.5,215
2025-06-17T10:25:00+05:30,4370.9,4371.5,4370.0,4370.5,123
2025-06-17T10:26:00+05:30,4370.5,4371.5,4370.0,4371.5,188
2025-06-17T10:27:00+05:30,4371.5,4371.5,4369.7,4371.5,915
2025-06-17T10:28:00+05:30,4370.9,4371.5,4370.0,4371.3,228
2025-06-17T10:29:00+05:30,4371.4,4371.5,4370.4,4370.4,1065
2025-06-17T10:30:00+05:30,4370.6,4371.2,4369.1,4371.2,303
2025-06-17T10:31:00+05:30,4371.2,4380.1,4371.0,4378.5,1847
2025-06-17T10:32:00+05:30,4379.9,4379.9,4376.4,4379.5,473
2025-06-17T10:33:00+05:30,4379.0,4379.8,4377.8,4378.4,299
2025-06-17T10:34:00+05:30,4378.8,4379.9,4376.4,4378.2,203
2025-06-17T10:35:00+05:30,4377.8,4378.9,4377.8,4378.9,164
2025-06-17T10:36:00+05:30,4378.8,4379.3,4377.0,4377.9,250
2025-06-17T10:37:00+05:30,4379.2,4382.7,4378.4,4381.5,1476
2025-06-17T10:38:00+05:30,4382.6,4384.7,4381.0,4382.0,1106
2025-06-17T10:39:00+05:30,4383.2,4383.2,4380.0,4381.0,772
2025-06-17T10:40:00+05:30,4381.0,4381.0,4380.0,4381.0,246
2025-06-17T10:41:00+05:30,4381.4,4382.8,4379.5,4379.5,845
2025-06-17T10:42:00+05:30,4379.0,4379.0,4375.0,4375.0,732
2025-06-17T10:43:00+05:30,4377.4,4377.5,4376.2,4377.5,86
2025-06-17T10:44:00+05:30,4377.5,4377.5,4376.0,4376.0,287
2025-06-17T10:45:00+05:30,4376.8,4376.8,4374.2,4374.4,713
2025-06-17T10:46:00+05:30,4376.0,4377.5,4375.2,4375.3,366
2025-06-17T10:47:00+05:30,4376.5,4376.5,4374.2,4374.4,87
2025-06-17T10:48:00+05:30,4375.3,4376.2,4374.5,4374.9,131
2025-06-17T10:49:00+05:30,4374.9,4374.9,4371.2,4371.2,396
2025-06-17T10:50:00+05:30,4371.8,4373.3,4369.5,4370.6,916
2025-06-17T10:51:00+05:30,4371.2,4372.1,4369.8,4370.0,281
2025-06-17T10:52:00+05:30,4370.7,4370.7,4364.5,4364.9,1876
2025-06-17T10:53:00+05:30,4366.0,4366.7,4364.9,4364.9,223
2025-06-17T10:54:00+05:30,4365.5,4365.5,4361.0,4361.7,974
2025-06-17T10:55:00+05:30,4361.1,4361.9,4357.0,4361.0,1452
2025-06-17T10:56:00+05:30,4361.3,4362.0,4360.0,4361.5,380
2025-06-17T10:57:00+05:30,4360.6,4365.2,4360.6,4362.0,1718
2025-06-17T10:58:00+05:30,4362.5,4367.8,4362.0,4365.5,481
2025-06-17T10:59:00+05:30,4367.5,4369.7,4366.6,4367.4,416
2025-06-17T11:00:00+05:30,4368.7,4368.9,4366.6,4368.4,133
2025-06-17T11:01:00+05:30,4368.9,4372.9,4367.2,4372.9,779
2025-06-17T11:02:00+05:30,4372.8,4373.9,4371.2,4373.0,567
2025-06-17T11:03:00+05:30,4373.0,4376.4,4373.0,4375.7,373
2025-06-17T11:04:00+05:30,4376.1,4376.8,4374.2,4376.8,784
2025-06-17T11:05:00+05:30,4376.8,4379.6,4376.3,4378.3,1567
2025-06-17T11:06:00+05:30,4378.4,4378.4,4376.0,4376.0,205
2025-06-17T11:07:00+05:30,4376.6,4378.3,4376.0,4377.9,225
2025-06-17T11:08:00+05:30,4377.6,4379.6,4376.0,4378.1,385
2025-06-17T11:09:00+05:30,4379.3,4379.7,4378.2,4379.1,405
2025-06-17T11:10:00+05:30,4379.2,4379.2,4378.0,4378.0,484
2025-06-17T11:11:00+05:30,4378.4,4378.4,4374.5,4374.5,621
2025-06-17T11:12:00+05:30,4374.8,4376.7,4372.0,4372.3,226
2025-06-17T11:13:00+05:30,4372.3,4374.1,4372.0,4374.0,211
2025-06-17T11:14:00+05:30,4374.2,4374.6,4372.9,4372.9,216
2025-06-17T11:15:00+05:30,4373.2,4373.2,4370.0,4370.2,667
2025-06-17T11:16:00+05:30,4371.5,4371.5,4365.7,4368.7,1031
2025-06-17T11:17:00+05:30,4368.0,4368.7,4367.4,4367.9,86
2025-06-17T11:18:00+05:30,4368.5,4368.5,4364.9,4366.8,333
2025-06-17T11:19:00+05:30,4367.2,4367.7,4366.7,4367.7,43
2025-06-17T11:20:00+05:30,4367.7,4367.7,4366.3,4367.7,77
2025-06-17T11:21:00+05:30,4367.7,4372.8,4367.7,4372.6,1586
2025-06-17T11:22:00+05:30,4372.1,4376.1,4371.8,4375.2,733
2025-06-17T11:23:00+05:30,4373.6,4375.2,4371.5,4371.5,130
2025-06-17T11:24:00+05:30,4371.5,4373.4,4371.1,4371.1,229
2025-06-17T11:25:00+05:30,4372.6,4373.3,4370.8,4372.9,379
2025-06-17T11:26:00+05:30,4372.9,4375.8,4371.8,4375.0,269
2025-06-17T11:27:00+05:30,4374.3,4375.6,4373.8,4374.3,106
2025-06-17T11:28:00+05:30,4373.8,4374.6,4372.5,4374.3,138
2025-06-17T11:29:00+05:30,4374.3,4374.3,4373.1,4373.1,117
2025-06-17T11:30:00+05:30,4374.2,4374.2,4372.5,4373.0,90
2025-06-17T11:31:00+05:30,4373.0,4373.7,4370.0,4373.7,761
2025-06-17T11:32:00+05:30,4371.7,4373.3,4371.7,4373.0,127
2025-06-17T11:33:00+05:30,4373.0,4374.2,4372.3,4372.3,594
2025-06-17T11:34:00+05:30,4374.0,4374.3,4372.3,4373.0,209
2025-06-17T11:35:00+05:30,4374.8,4376.5,4373.6,4376.4,599
2025-06-17T11:36:00+05:30,4376.4,4376.4,4375.0,4375.9,213
2025-06-17T11:37:00+05:30,4375.0,4376.0,4374.3,4375.0,440
2025-06-17T11:38:00+05:30,4374.4,4375.8,4374.3,4374.3,302
2025-06-17T11:39:00+05:30,4375.0,4375.4,4374.2,4374.3,328
2025-06-17T11:40:00+05:30,4375.4,4378.7,4374.9,4378.7,726
2025-06-17T11:41:00+05:30,4377.9,4378.5,4374.9,4375.0,181
2025-06-17T11:42:00+05:30,4376.9,4378.0,4375.3,4377.8,180
2025-06-17T11:43:00+05:30,4377.9,4379.0,4376.5,4379.0,617
2025-06-17T11:44:00+05:30,4378.9,4381.0,4378.1,4381.0,1585
2025-06-17T11:45:00+05:30,4381.0,4382.5,4378.9,4380.0,1051
2025-06-17T11:46:00+05:30,4380.0,4382.0,4380.0,4381.0,168
2025-06-17T11:47:00+05:30,4381.0,4381.8,4380.6,4381.5,258
2025-06-17T11:48:00+05:30,4380.6,4381.3,4378.5,4380.5,258
2025-06-17T11:49:00+05:30,4378.9,4380.6,4378.1,4380.3,499
2025-06-17T11:50:00+05:30,4378.6,4380.3,4378.5,4380.0,187
2025-06-17T11:51:00+05:30,4380.0,4380.3,4378.0,4378.8,261
2025-06-17T11:52:00+05:30,4377.2,4378.8,4376.9,4377.0,139
2025-06-17T11:53:00+05:30,4378.6,4379.2,4377.1,4377.2,907
2025-06-17T11:54:00+05:30,4379.1,4379.1,4375.0,4375.0,146
2025-06-17T11:55:00+05:30,4375.0,4376.1,4373.5,4375.0,308
2025-06-17T11:56:00+05:30,4375.0,4375.8,4373.4,4375.1,194
2025-06-17T11:57:00+05:30,4373.7,4373.7,4371.4,4373.6,175
2025-06-17T11:58:00+05:30,4373.6,4373.6,4372.0,4372.5,440
2025-06-17T11:59:00+05:30,4372.2,4373.0,4371.1,4371.3,330
2025-06-17T12:00:00+05:30,4372.0,4372.7,4371.3,4372.1,305
2025-06-17T12:01:00+05:30,4373.3,4373.3,4371.1,4371.1,846
2025-06-17T12:02:00+05:30,4372.0,4373.5,4371.0,4373.5,289
2025-06-17T12:03:00+05:30,4372.6,4374.5,4372.2,4372.4,270
2025-06-17T12:04:00+05:30,4373.0,4373.0,4372.0,4373.0,350
2025-06-17T12:05:00+05:30,4372.6,4373.0,4372.0,4372.4,140
2025-06-17T12:06:00+05:30,4372.0,4372.0,4370.1,4370.1,278
2025-06-17T12:07:00+05:30,4370.2,4371.6,4370.0,4371.4,273
2025-06-17T12:08:00+05:30,4371.3,4371.4,4370.0,4370.2,895
2025-06-17T12:09:00+05:30,4370.2,4372.5,4370.0,4372.5,2344
2025-06-17T12:10:00+05:30,4372.4,4373.9,4370.9,4373.9,281
2025-06-17T12:11:00+05:30,4372.5,4374.0,4372.1,4373.0,216
2025-06-17T12:12:00+05:30,4373.8,4375.0,4373.0,4374.2,642
2025-06-17T12:13:00+05:30,4375.0,4376.0,4373.1,4374.9,778
2025-06-17T12:14:00+05:30,4373.4,4374.7,4373.1,4374.0,186
2025-06-17T12:15:00+05:30,4373.1,4373.8,4372.5,4373.1,205
2025-06-17T12:16:00+05:30,4373.1,4373.1,4370.5,4371.5,343
2025-06-17T12:17:00+05:30,4371.5,4373.1,4371.5,4372.0,390
2025-06-17T12:18:00+05:30,4372.2,4374.9,4372.2,4373.9,407
2025-06-17T12:19:00+05:30,4374.0,4375.0,4373.9,4375.0,353
2025-06-17T12:20:00+05:30,4375.2,4375.2,4372.3,4373.7,557
2025-06-17T12:21:00+05:30,4373.7,4375.1,4371.6,4375.1,1570
2025-06-17T12:22:00+05:30,4375.1,4375.1,4373.9,4374.1,327
2025-06-17T12:23:00+05:30,4374.7,4378.5,4373.6,4376.7,692
2025-06-17T12:24:00+05:30,4376.7,4377.4,4374.4,4376.3,212
2025-06-17T12:25:00+05:30,4376.3,4376.3,4374.5,4374.6,202
2025-06-17T12:26:00+05:30,4375.8,4375.8,4374.3,4375.0,297
2025-06-17T12:27:00+05:30,4374.7,4375.8,4374.5,4374.5,386
2025-06-17T12:28:00+05:30,4375.0,4375.7,4371.8,4372.2,341
2025-06-17T12:29:00+05:30,4372.1,4373.5,4371.8,4373.5,291
2025-06-17T12:30:00+05:30,4373.5,4374.6,4372.6,4374.6,322
2025-06-17T12:31:00+05:30,4374.6,4374.9,4373.9,4374.0,275
2025-06-17T12:32:00+05:30,4373.9,4380.0,4373.2,4373.3,3326
2025-06-17T12:33:00+05:30,4375.1,4381.8,4373.3,4380.0,3505
2025-06-17T12:34:00+05:30,4379.9,4389.2,4379.0,4386.0,2207
2025-06-17T12:35:00+05:30,4386.0,4390.0,4385.0,4389.7,1569
2025-06-17T12:36:00+05:30,4389.7,4390.0,4383.6,4383.6,501
2025-06-17T12:37:00+05:30,4384.9,4385.0,4382.0,4382.0,776
2025-06-17T12:38:00+05:30,4382.6,4384.2,4381.0,4383.4,471
2025-06-17T12:39:00+05:30,4383.4,4383.4,4379.0,4379.8,278
2025-06-17T12:40:00+05:30,4379.8,4381.4,4379.0,4380.6,476
2025-06-17T12:41:00+05:30,4380.6,4380.6,4379.5,4379.5,377
2025-06-17T12:42:00+05:30,4379.5,4380.5,4379.0,4380.1,123
2025-06-17T12:43:00+05:30,4380.0,4380.9,4379.0,4379.6,309
2025-06-17T12:44:00+05:30,4379.6,4381.5,4374.0,4375.4,4220
2025-06-17T12:45:00+05:30,4374.0,4381.7,4372.6,4380.0,3222
2025-06-17T12:46:00+05:30,4380.0,4381.7,4379.9,4380.0,205
2025-06-17T12:47:00+05:30,4380.0,4380.9,4379.2,4379.6,440
2025-06-17T12:48:00+05:30,4380.0,4380.7,4379.5,4380.2,196
2025-06-17T12:49:00+05:30,4379.6,4379.7,4379.0,4379.0,554
2025-06-17T12:50:00+05:30,4379.4,4379.4,4374.2,4375.8,3346
2025-06-17T12:51:00+05:30,4374.3,4376.4,4372.0,4376.4,1668
2025-06-17T12:52:00+05:30,4375.4,4377.8,4372.3,4374.0,946
2025-06-17T12:53:00+05:30,4373.9,4373.9,4370.3,4370.6,711
2025-06-17T12:54:00+05:30,4371.5,4373.5,4370.0,4371.0,1218
2025-06-17T12:55:00+05:30,4371.0,4371.0,4370.0,4370.1,2083
2025-06-17T12:56:00+05:30,4370.0,4370.1,4366.2,4369.9,9799
2025-06-17T12:57:00+05:30,4369.9,4370.1,4368.4,4370.0,325
2025-06-17T12:58:00+05:30,4369.2,4371.5,4369.2,4370.7,465
2025-06-17T12:59:00+05:30,4370.7,4372.8,4370.7,4372.8,372
2025-06-17T13:00:00+05:30,4372.8,4374.3,4372.3,4374.3,901
2025-06-17T13:01:00+05:30,4374.9,4376.0,4373.4,4376.0,598
2025-06-17T13:02:00+05:30,4376.0,4378.0,4374.8,4375.5,601
2025-06-17T13:03:00+05:30,4376.2,4376.4,4374.9,4376.4,223
2025-06-17T13:04:00+05:30,4376.4,4379.0,4375.4,4377.6,505
2025-06-17T13:05:00+05:30,4377.6,4380.0,4377.4,4380.0,310
2025-06-17T13:06:00+05:30,4380.2,4381.8,4379.5,4380.7,657
2025-06-17T13:07:00+05:30,4380.6,4381.0,4379.5,4381.0,520
2025-06-17T13:08:00+05:30,4381.0,4383.4,4380.7,4380.7,451
2025-06-17T13:09:00+05:30,4380.7,4381.7,4380.2,4381.4,266
2025-06-17T13:10:00+05:30,4381.4,4382.4,4379.8,4382.2,553
2025-06-17T13:11:00+05:30,4382.2,4383.4,4381.0,4383.4,455
2025-06-17T13:12:00+05:30,4383.0,4383.4,4381.4,4382.3,315
2025-06-17T13:13:00+05:30,4382.1,4385.0,4381.6,4384.3,618
2025-06-17T13:14:00+05:30,4384.0,4384.8,4382.9,4383.2,690
2025-06-17T13:15:00+05:30,4383.2,4383.7,4382.4,4382.9,208
2025-06-17T13:16:00+05:30,4382.7,4382.8,4382.0,4382.0,195
2025-06-17T13:17:00+05:30,4382.6,4382.6,4380.6,4381.3,556
2025-06-17T13:18:00+05:30,4380.8,4381.3,4380.8,4380.8,196
2025-06-17T13:19:00+05:30,4380.8,4380.9,4379.4,4380.6,449
2025-06-17T13:20:00+05:30,4380.0,4380.1,4377.3,4378.9,319
2025-06-17T13:21:00+05:30,4378.8,4379.6,4377.7,4379.6,1046
2025-06-17T13:22:00+05:30,4379.5,4379.6,4377.7,4379.3,539
2025-06-17T13:23:00+05:30,4379.3,4380.0,4378.1,4378.9,484
2025-06-17T13:24:00+05:30,4379.8,4382.4,4379.0,4382.4,877
2025-06-17T13:25:00+05:30,4382.4,4384.0,4381.1,4383.8,1497
2025-06-17T13:26:00+05:30,4383.8,4385.0,4383.6,4383.6,240
2025-06-17T13:27:00+05:30,4383.6,4383.6,4379.4,4379.8,381
2025-06-17T13:28:00+05:30,4379.9,4385.0,4379.9,4381.0,712
2025-06-17T13:29:00+05:30,4381.0,4381.0,4379.2,4379.2,563
2025-06-17T13:30:00+05:30,4380.1,4381.4,4378.5,4381.4,452
2025-06-17T13:31:00+05:30,4381.4,4381.4,4380.5,4380.5,150
2025-06-17T13:32:00+05:30,4380.9,4380.9,4380.2,4380.9,303
2025-06-17T13:33:00+05:30,4380.9,4380.9,4380.0,4380.7,220
2025-06-17T13:34:00+05:30,4380.7,4380.7,4379.7,4379.9,219
2025-06-17T13:35:00+05:30,4379.8,4379.8,4377.7,4378.5,653
2025-06-17T13:36:00+05:30,4378.5,4379.4,4377.5,4378.5,615
2025-06-17T13:37:00+05:30,4378.5,4380.7,4377.6,4380.5,416
2025-06-17T13:38:00+05:30,4380.5,4380.5,4379.4,4379.6,343
2025-06-17T13:39:00+05:30,4380.4,4381.7,4380.4,4381.0,440
2025-06-17T13:40:00+05:30,4380.9,4381.3,4379.4,4381.3,242
2025-06-17T13:41:00+05:30,4380.8,4381.0,4378.8,4379.0,250
2025-06-17T13:42:00+05:30,4379.6,4379.6,4378.0,4378.3,191
2025-06-17T13:43:00+05:30,4378.3,4379.0,4377.3,4379.0,368
2025-06-17T13:44:00+05:30,4379.0,4380.3,4377.7,4378.6,312
2025-06-17T13:45:00+05:30,4378.6,4379.2,4377.0,4377.2,265
2025-06-17T13:46:00+05:30,4376.9,4378.3,4376.1,4376.1,290
2025-06-17T13:47:00+05:30,4376.1,4376.5,4375.0,4375.9,347
2025-06-17T13:48:00+05:30,4375.9,4375.9,4372.9,4374.0,316
2025-06-17T13:49:00+05:30,4373.9,4377.2,4372.7,4377.2,617
2025-06-17T13:50:00+05:30,4377.1,4377.8,4376.0,4377.8,153
2025-06-17T13:51:00+05:30,4377.8,4378.6,4377.7,4378.4,344
2025-06-17T13:52:00+05:30,4378.3,4379.1,4378.0,4378.3,320
2025-06-17T13:53:00+05:30,4378.3,4382.0,4376.1,4381.0,897
2025-06-17T13:54:00+05:30,4381.0,4382.0,4378.5,4379.6,433
2025-06-17T13:55:00+05:30,4379.6,4380.7,4378.5,4380.2,276
2025-06-17T13:56:00+05:30,4380.1,4380.7,4378.6,4379.7,423
2025-06-17T13:57:00+05:30,4380.0,4380.7,4379.1,4379.1,208
2025-06-17T13:58:00+05:30,4379.1,4380.4,4379.0,4379.2,465
2025-06-17T13:59:00+05:30,4380.1,4380.6,4379.1,4379.2,157
2025-06-17T14:00:00+05:30,4379.5,4379.5,4376.6,4377.1,392
2025-06-17T14:01:00+05:30,4377.1,4378.0,4376.2,4376.5,447
2025-06-17T14:02:00+05:30,4376.6,4377.4,4376.2,4377.0,325
2025-06-17T14:03:00+05:30,4377.3,4378.0,4376.1,4377.3,199
2025-06-17T14:04:00+05:30,4377.2,4380.6,4376.6,4380.2,1125
2025-06-17T14:05:00+05:30,4380.2,4381.4,4380.0,4380.4,280
2025-06-17T14:06:00+05:30,4381.2,4381.5,4380.0,4380.2,240
2025-06-17T14:07:00+05:30,4380.1,4381.2,4380.0,4381.0,450
2025-06-17T14:08:00+05:30,4381.0,4381.3,4380.0,4380.2,219
2025-06-17T14:09:00+05:30,4380.1,4381.4,4380.0,4381.4,445
2025-06-17T14:10:00+05:30,4381.4,4382.0,4380.4,4380.7,245
2025-06-17T14:11:00+05:30,4380.4,4381.0,4380.0,4380.1,375
2025-06-17T14:12:00+05:30,4380.7,4380.7,4380.0,4380.0,366
2025-06-17T14:13:00+05:30,4380.8,4381.7,4380.8,4381.0,292
2025-06-17T14:14:00+05:30,4381.0,4382.1,4380.8,4380.8,230
2025-06-17T14:15:00+05:30,4380.8,4381.4,4380.0,4380.1,323
2025-06-17T14:16:00+05:30,4380.1,4380.8,4380.0,4380.0,402
2025-06-17T14:17:00+05:30,4380.0,4381.0,4380.0,4380.1,490
2025-06-17T14:18:00+05:30,4380.2,4381.1,4380.1,4380.2,361
2025-06-17T14:19:00+05:30,4380.2,4381.3,4376.6,4376.6,2148
2025-06-17T14:20:00+05:30,4376.6,4377.5,4376.2,4376.2,496
2025-06-17T14:21:00+05:30,4376.0,4376.0,4373.6,4375.6,432
2025-06-17T14:22:00+05:30,4374.6,4376.2,4373.0,4373.0,385
2025-06-17T14:23:00+05:30,4374.4,4377.7,4373.0,4375.2,1134
2025-06-17T14:24:00+05:30,4376.1,4376.4,4373.5,4375.0,483
2025-06-17T14:25:00+05:30,4374.1,4376.3,4373.5,4375.2,435
2025-06-17T14:26:00+05:30,4374.4,4374.5,4373.0,4373.1,289
2025-06-17T14:27:00+05:30,4373.8,4373.8,4372.6,4372.7,286
2025-06-17T14:28:00+05:30,4372.6,4373.2,4370.4,4371.8,565
2025-06-17T14:29:00+05:30,4371.8,4372.9,4371.0,4371.3,360
2025-06-17T14:30:00+05:30,4371.8,4373.2,4371.3,4372.2,460
2025-06-17T14:31:00+05:30,4373.2,4373.6,4370.8,4371.6,768
2025-06-17T14:32:00+05:30,4371.2,4372.9,4371.2,4372.0,310
2025-06-17T14:33:00+05:30,4372.0,4375.0,4371.8,4374.0,841
2025-06-17T14:34:00+05:30,4374.0,4375.6,4372.9,4373.0,658
2025-06-17T14:35:00+05:30,4373.0,4374.2,4370.7,4370.7,224
2025-06-17T14:36:00+05:30,4371.6,4371.6,4369.8,4370.0,2475
2025-06-17T14:37:00+05:30,4370.0,4371.7,4370.0,4370.6,401
2025-06-17T14:38:00+05:30,4371.0,4371.0,4370.0,4370.0,356
2025-06-17T14:39:00+05:30,4370.0,4370.9,4370.0,4370.0,377
2025-06-17T14:40:00+05:30,4370.0,4370.7,4370.0,4370.0,239
2025-06-17T14:41:00+05:30,4370.3,4370.5,4370.0,4370.0,289
2025-06-17T14:42:00+05:30,4370.1,4370.2,4369.9,4369.9,2800
2025-06-17T14:43:00+05:30,4370.0,4370.6,4370.0,4370.6,951
2025-06-17T14:44:00+05:30,4370.6,4371.5,4370.0,4371.5,547
2025-06-17T14:45:00+05:30,4371.3,4374.0,4371.3,4373.4,462
2025-06-17T14:46:00+05:30,4374.7,4375.0,4372.5,4374.7,451
2025-06-17T14:47:00+05:30,4374.5,4376.0,4373.5,4374.9,238
2025-06-17T14:48:00+05:30,4374.7,4374.9,4371.9,4373.0,454
2025-06-17T14:49:00+05:30,4371.9,4374.9,4371.1,4374.9,1056
2025-06-17T14:50:00+05:30,4374.7,4374.7,4372.8,4372.8,427
2025-06-17T14:51:00+05:30,4372.8,4374.3,4370.3,4372.5,427
2025-06-17T14:52:00+05:30,4371.2,4372.4,4370.0,4370.8,597
2025-06-17T14:53:00+05:30,4371.8,4371.8,4370.1,4370.4,252
2025-06-17T14:54:00+05:30,4370.1,4371.3,4370.1,4370.3,420
2025-06-17T14:55:00+05:30,4370.1,4370.2,4370.0,4370.0,521
2025-06-17T14:56:00+05:30,4370.0,4370.1,4369.6,4370.0,3325
2025-06-17T14:57:00+05:30,4370.1,4370.9,4370.0,4370.9,672
2025-06-17T14:58:00+05:30,4370.7,4370.9,4370.0,4370.1,437
2025-06-17T14:59:00+05:30,4370.0,4370.1,4370.0,4370.0,1495
2025-06-17T15:00:00+05:30,4370.1,4371.2,4370.0,4370.9,3239
2025-06-17T15:01:00+05:30,4371.0,4372.6,4370.9,4372.0,2038
2025-06-17T15:02:00+05:30,4372.0,4372.6,4372.0,4372.6,1192
2025-06-17T15:03:00+05:30,4372.5,4372.6,4372.0,4372.3,1548
2025-06-17T15:04:00+05:30,4372.3,4372.3,4370.0,4370.0,1371
2025-06-17T15:05:00+05:30,4370.0,4370.5,4370.0,4370.5,1718
2025-06-17T15:06:00+05:30,4370.4,4370.8,4370.0,4370.2,1872
2025-06-17T15:07:00+05:30,4370.1,4379.1,4370.0,4371.2,11983
2025-06-17T15:08:00+05:30,4371.2,4371.2,4370.1,4370.4,1492
2025-06-17T15:09:00+05:30,4370.3,4376.5,4370.0,4375.6,6575
2025-06-17T15:10:00+05:30,4374.6,4375.5,4371.1,4372.7,2547
2025-06-17T15:11:00+05:30,4372.7,4374.2,4372.7,4374.2,2172
2025-06-17T15:12:00+05:30,4374.2,4374.7,4371.4,4371.7,1527
2025-06-17T15:13:00+05:30,4371.4,4371.7,4371.0,4371.1,2226
2025-06-17T15:14:00+05:30,4371.1,4371.1,4370.0,4370.0,2906
2025-06-17T15:15:00+05:30,4370.0,4370.1,4370.0,4370.0,2621
2025-06-17T15:16:00+05:30,4370.0,4370.1,4370.0,4370.1,3811
2025-06-17T15:17:00+05:30,4370.0,4370.1,4370.0,4370.1,2734
2025-06-17T15:18:00+05:30,4370.1,4370.1,4370.0,4370.0,2569
2025-06-17T15:19:00+05:30,4370.1,4370.1,4364.6,4364.8,3961
2025-06-17T15:20:00+05:30,4364.7,4365.3,4364.1,4365.2,3882
2025-06-17T15:21:00+05:30,4365.1,4370.0,4365.0,4370.0,3119
2025-06-17T15:22:00+05:30,4370.0,4371.6,4369.9,4371.4,2864
2025-06-17T15:23:00+05:30,4371.5,4372.8,4371.4,4371.6,2776
2025-06-17T15:24:00+05:30,4371.5,4371.6,4370.0,4370.1,5316
2025-06-17T15:25:00+05:30,4370.1,4370.8,4370.0,4370.3,4617
2025-06-17T15:26:00+05:30,4370.1,4370.1,4370.0,4370.1,1445
2025-06-17T15:27:00+05:30,4370.0,4371.1,4370.0,4371.1,2202
2025-06-17T15:28:00+05:30,4371.0,4375.0,4371.0,4374.2,2072
2025-06-17T15:29:00+05:30,4371.1,4372.0,4370.0,4370.0,2141
2025-06-18T09:15:00+05:30,4355.0,4369.9,4350.0,4356.9,2215
2025-06-18T09:16:00+05:30,4356.9,4380.0,4356.9,4374.7,2808
2025-06-18T09:17:00+05:30,4373.1,4378.4,4367.7,4367.7,1119
2025-06-18T09:18:00+05:30,4369.7,4369.9,4365.0,4366.2,925
2025-06-18T09:19:00+05:30,4366.2,4366.3,4361.1,4363.6,1081
2025-06-18T09:20:00+05:30,4363.6,4370.9,4361.4,4369.7,737
2025-06-18T09:21:00+05:30,4370.5,4375.9,4369.7,4374.5,1401
2025-06-18T09:22:00+05:30,4375.0,4392.7,4374.0,4387.9,2276
2025-06-18T09:23:00+05:30,4389.2,4394.6,4387.7,4390.1,2819
2025-06-18T09:24:00+05:30,4390.0,4391.5,4385.7,4387.8,1264
2025-06-18T09:25:00+05:30,4386.2,4391.7,4386.0,4391.7,726
2025-06-18T09:26:00+05:30,4391.7,4396.9,4391.1,4394.6,1174
2025-06-18T09:27:00+05:30,4394.2,4399.8,4393.9,4398.1,1250
2025-06-18T09:28:00+05:30,4398.1,4404.7,4398.1,4402.3,1525
2025-06-18T09:29:00+05:30,4402.3,4404.0,4400.0,4400.0,683
2025-06-18T09:30:00+05:30,4400.0,4404.3,4399.1,4402.2,1123
2025-06-18T09:31:00+05:30,4402.4,4412.0,4400.4,4411.2,3477
2025-06-18T09:32:00+05:30,4410.1,4414.0,4408.7,4410.5,2862
2025-06-18T09:33:00+05:30,4410.5,4411.1,4402.0,4406.7,1732
2025-06-18T09:34:00+05:30,4406.8,4410.0,4404.6,4408.0,1697
2025-06-18T09:35:00+05:30,4409.7,4410.7,4407.0,4407.2,874
2025-06-18T09:36:00+05:30,4407.0,4407.8,4405.3,4406.0,1332
2025-06-18T09:37:00+05:30,4406.0,4408.0,4406.0,4407.4,299
2025-06-18T09:38:00+05:30,4408.0,4409.0,4403.0,4405.0,1929
2025-06-18T09:39:00+05:30,4403.1,4410.0,4402.5,4409.4,2053
2025-06-18T09:40:00+05:30,4409.3,4417.9,4409.3,4412.5,6221
2025-06-18T09:41:00+05:30,4413.6,4413.9,4410.4,4411.6,1752
2025-06-18T09:42:00+05:30,4413.1,4419.0,4413.1,4415.4,2639
2025-06-18T09:43:00+05:30,4415.4,4416.3,4413.5,4415.4,1198
2025-06-18T09:44:00+05:30,4415.5,4418.9,4414.3,4418.9,3380
2025-06-18T09:45:00+05:30,4418.9,4423.0,4418.9,4423.0,3425
2025-06-18T09:46:00+05:30,4423.0,4423.5,4416.8,4419.0,2237
2025-06-18T09:47:00+05:30,4418.0,4419.6,4412.3,4419.0,1521
2025-06-18T09:48:00+05:30,4419.0,4422.4,4418.3,4420.0,1060
2025-06-18T09:49:00+05:30,4418.8,4420.0,4417.6,4419.1,687
2025-06-18T09:50:00+05:30,4419.1,4423.5,4418.5,4423.5,2012
2025-06-18T09:51:00+05:30,4422.8,4425.0,4419.6,4419.8,3844
2025-06-18T09:52:00+05:30,4419.8,4421.9,4414.7,4418.0,2457
2025-06-18T09:53:00+05:30,4418.0,4421.9,4418.0,4420.0,2633
2025-06-18T09:54:00+05:30,4420.0,4423.0,4420.0,4422.0,1467
2025-06-18T09:55:00+05:30,4422.0,4423.9,4420.2,4421.0,3155
2025-06-18T09:56:00+05:30,4420.4,4422.0,4418.0,4420.5,1590
2025-06-18T09:57:00+05:30,4419.2,4420.5,4419.0,4420.3,615
2025-06-18T09:58:00+05:30,4420.0,4424.6,4420.0,4424.6,1798
2025-06-18T09:59:00+05:30,4422.0,4427.7,4421.9,4427.4,3931
2025-06-18T10:00:00+05:30,4427.4,4430.0,4425.0,4425.7,2443
2025-06-18T10:01:00+05:30,4426.8,4426.8,4418.0,4420.0,2193
2025-06-18T10:02:00+05:30,4420.3,4424.3,4420.0,4422.0,1735
2025-06-18T10:03:00+05:30,4422.0,4426.5,4422.0,4426.3,1842
2025-06-18T10:04:00+05:30,4426.3,4426.5,4423.0,4424.7,858
2025-06-18T10:05:00+05:30,4424.7,4425.0,4422.6,4422.7,634
2025-06-18T10:06:00+05:30,4422.6,4426.5,4420.4,4420.4,2747
2025-06-18T10:07:00+05:30,4421.1,4425.9,4420.0,4422.0,1287
2025-06-18T10:08:00+05:30,4422.0,4424.7,4420.1,4422.3,487
2025-06-18T10:09:00+05:30,4423.2,4426.0,4421.9,4426.0,683
2025-06-18T10:10:00+05:30,4426.0,4426.8,4423.2,4424.0,778
2025-06-18T10:11:00+05:30,4424.3,4428.8,4424.3,4426.7,836
2025-06-18T10:12:00+05:30,4426.7,4427.0,4424.3,4424.9,416
2025-06-18T10:13:00+05:30,4424.3,4426.1,4421.6,4424.7,827
2025-06-18T10:14:00+05:30,4424.8,4427.0,4421.6,4427.0,1929
2025-06-18T10:15:00+05:30,4426.0,4426.5,4425.0,4426.4,706
2025-06-18T10:16:00+05:30,4425.6,4427.9,4425.0,4427.9,886
2025-06-18T10:17:00+05:30,4427.9,4432.0,4427.0,4431.4,3805
2025-06-18T10:18:00+05:30,4431.4,4432.0,4429.3,4431.5,1365
2025-06-18T10:19:00+05:30,4431.5,4431.5,4422.5,4422.6,1338
2025-06-18T10:20:00+05:30,4422.3,4422.6,4416.0,4417.2,2505
2025-06-18T10:21:00+05:30,4417.6,4426.0,4417.6,4424.5,3846
2025-06-18T10:22:00+05:30,4424.9,4425.3,4420.0,4421.1,1364
2025-06-18T10:23:00+05:30,4421.1,4421.1,4417.5,4417.5,969
2025-06-18T10:24:00+05:30,4418.4,4419.5,4416.5,4416.5,526
2025-06-18T10:25:00+05:30,4415.0,4415.0,4408.0,4409.3,2820
2025-06-18T10:26:00+05:30,4409.9,4411.4,4405.1,4406.8,1353
2025-06-18T10:27:00+05:30,4406.4,4411.5,4403.9,4411.5,2235
2025-06-18T10:28:00+05:30,4410.6,4412.6,4410.5,4412.0,489
2025-06-18T10:29:00+05:30,4411.0,4411.9,4408.2,4408.2,1246
2025-06-18T10:30:00+05:30,4408.0,4409.5,4405.0,4405.0,422
2025-06-18T10:31:00+05:30,4405.0,4409.1,4402.1,4407.7,1709
2025-06-18T10:32:00+05:30,4405.1,4408.9,4405.1,4405.1,479
2025-06-18T10:33:00+05:30,4407.2,4409.0,4405.0,4405.0,372
2025-06-18T10:34:00+05:30,4404.0,4404.2,4393.0,4396.4,3755
2025-06-18T10:35:00+05:30,4396.4,4398.1,4394.0,4396.2,655
2025-06-18T10:36:00+05:30,4395.8,4398.9,4395.0,4397.0,1921
2025-06-18T10:37:00+05:30,4397.9,4400.0,4397.1,4399.8,632
2025-06-18T10:38:00+05:30,4399.0,4404.4,4398.9,4403.7,934
2025-06-18T10:39:00+05:30,4403.1,4406.1,4402.4,4405.6,1387
2025-06-18T10:40:00+05:30,4404.5,4409.8,4404.5,4408.0,829
2025-06-18T10:41:00+05:30,4408.0,4408.1,4404.2,4404.2,796
2025-06-18T10:42:00+05:30,4404.1,4407.9,4400.8,4400.8,1367
2025-06-18T10:43:00+05:30,4402.1,4403.3,4400.0,4402.5,860
2025-06-18T10:44:00+05:30,4401.7,4405.0,4401.0,4401.1,2024
2025-06-18T10:45:00+05:30,4401.1,4403.5,4401.0,4403.5,229
2025-06-18T10:46:00+05:30,4403.3,4405.0,4402.1,4403.3,313
2025-06-18T10:47:00+05:30,4403.3,4404.7,4402.0,4403.0,364
2025-06-18T10:48:00+05:30,4403.0,4403.9,4396.9,4396.9,993
2025-06-18T10:49:00+05:30,4398.3,4398.3,4391.9,4392.7,2014
2025-06-18T10:50:00+05:30,4392.9,4394.5,4391.4,4392.6,809
2025-06-18T10:51:00+05:30,4393.7,4395.2,4392.0,4392.4,593
2025-06-18T10:52:00+05:30,4392.4,4392.5,4388.0,4389.6,1011
2025-06-18T10:53:00+05:30,4388.4,4389.6,4385.0,4389.4,933
2025-06-18T10:54:00+05:30,4389.1,4389.1,4386.1,4386.3,698
2025-06-18T10:55:00+05:30,4387.0,4392.4,4387.0,4390.1,393
2025-06-18T10:56:00+05:30,4390.2,4392.8,4388.0,4390.6,461
2025-06-18T10:57:00+05:30,4390.0,4391.2,4389.9,4391.0,265
2025-06-18T10:58:00+05:30,4391.2,4394.0,4391.0,4391.7,126
2025-06-18T10:59:00+05:30,4391.1,4392.8,4391.0,4391.9,289
2025-06-18T11:00:00+05:30,4391.9,4391.9,4388.2,4390.0,354
2025-06-18T11:01:00+05:30,4388.6,4390.0,4387.8,4388.7,68
2025-06-18T11:02:00+05:30,4388.2,4390.5,4387.0,4387.9,699
2025-06-18T11:03:00+05:30,4389.1,4390.0,4387.7,4388.9,442
2025-06-18T11:04:00+05:30,4388.9,4390.0,4388.9,4388.9,342
2025-06-18T11:05:00+05:30,4390.0,4390.0,4388.1,4388.9,82
2025-06-18T11:06:00+05:30,4388.1,4388.9,4388.1,4388.4,278
2025-06-18T11:07:00+05:30,4388.4,4388.7,4385.2,4385.2,617
2025-06-18T11:08:00+05:30,4385.6,4388.4,4385.5,4387.9,369
2025-06-18T11:09:00+05:30,4388.9,4391.7,4388.9,4390.7,517
2025-06-18T11:10:00+05:30,4389.6,4392.6,4388.3,4390.0,483
2025-06-18T11:11:00+05:30,4388.3,4390.2,4388.1,4389.0,643
2025-06-18T11:12:00+05:30,4389.7,4394.5,4389.7,4394.5,276
2025-06-18T11:13:00+05:30,4392.9,4393.3,4391.4,4393.3,116
2025-06-18T11:14:00+05:30,4392.1,4395.7,4392.1,4394.5,473
2025-06-18T11:15:00+05:30,4394.5,4394.8,4391.9,4393.9,303
2025-06-18T11:16:00+05:30,4392.9,4392.9,4388.2,4388.8,448
2025-06-18T11:17:00+05:30,4388.8,4391.1,4388.2,4388.2,354
2025-06-18T11:18:00+05:30,4389.5,4394.5,4389.5,4392.1,1074
2025-06-18T11:19:00+05:30,4392.1,4393.2,4390.4,4390.4,171
2025-06-18T11:20:00+05:30,4390.0,4391.2,4388.3,4391.2,390
2025-06-18T11:21:00+05:30,4391.0,4391.0,4386.0,4386.0,310
2025-06-18T11:22:00+05:30,4386.0,4387.9,4386.0,4387.9,286
2025-06-18T11:23:00+05:30,4387.8,4388.7,4380.6,4380.7,1290
2025-06-18T11:24:00+05:30,4380.6,4390.0,4380.6,4385.3,2454
2025-06-18T11:25:00+05:30,4384.0,4386.2,4381.7,4383.7,371
2025-06-18T11:26:00+05:30,4384.0,4384.0,4381.4,4381.4,362
2025-06-18T11:27:00+05:30,4381.7,4383.0,4380.7,4380.7,89
2025-06-18T11:28:00+05:30,4382.0,4384.4,4380.6,4383.0,502
2025-06-18T11:29:00+05:30,4383.1,4386.9,4383.1,4386.2,92
2025-06-18T11:30:00+05:30,4384.8,4384.9,4382.2,4382.9,123
2025-06-18T11:31:00+05:30,4384.3,4385.1,4380.6,4380.6,232
2025-06-18T11:32:00+05:30,4380.6,4382.3,4378.0,4380.0,2482
2025-06-18T11:33:00+05:30,4381.0,4381.0,4376.3,4380.2,2902
2025-06-18T11:34:00+05:30,4380.0,4380.2,4378.6,4380.0,622
2025-06-18T11:35:00+05:30,4379.3,4380.8,4378.1,4380.0,877
2025-06-18T11:36:00+05:30,4380.0,4380.9,4378.0,4378.9,769
2025-06-18T11:37:00+05:30,4378.1,4383.2,4377.5,4383.2,814
2025-06-18T11:38:00+05:30,4383.0,4387.9,4383.0,4385.6,693
2025-06-18T11:39:00+05:30,4385.3,4389.9,4385.3,4389.7,251
2025-06-18T11:40:00+05:30,4389.9,4392.3,4388.4,4392.1,433
2025-06-18T11:41:00+05:30,4390.1,4395.6,4390.0,4394.0,315
2025-06-18T11:42:00+05:30,4394.0,4398.0,4394.0,4397.0,674
2025-06-18T11:43:00+05:30,4397.0,4398.0,4395.0,4397.0,1486
2025-06-18T11:44:00+05:30,4395.0,4395.5,4394.0,4395.0,296
2025-06-18T11:45:00+05:30,4394.0,4394.9,4392.0,4392.0,150
2025-06-18T11:46:00+05:30,4392.0,4392.0,4390.0,4391.5,652
2025-06-18T11:47:00+05:30,4390.3,4390.3,4388.1,4388.3,230
2025-06-18T11:48:00+05:30,4388.3,4389.0,4385.7,4388.1,405
2025-06-18T11:49:00+05:30,4388.1,4392.9,4388.1,4391.1,601
2025-06-18T11:50:00+05:30,4390.1,4392.9,4388.1,4392.9,138
2025-06-18T11:51:00+05:30,4390.8,4391.0,4388.2,4390.8,150
2025-06-18T11:52:00+05:30,4390.7,4390.7,4388.8,4388.8,57
2025-06-18T11:53:00+05:30,4388.4,4389.7,4387.1,4388.3,133
2025-06-18T11:54:00+05:30,4388.3,4388.3,4384.0,4386.0,1384
2025-06-18T11:55:00+05:30,4385.0,4385.9,4382.0,4383.8,218
2025-06-18T11:56:00+05:30,4382.0,4383.0,4381.7,4382.8,153
2025-06-18T11:57:00+05:30,4382.8,4383.1,4381.1,4382.8,290
2025-06-18T11:58:00+05:30,4382.9,4384.4,4381.0,4383.1,389
2025-06-18T11:59:00+05:30,4383.1,4385.0,4381.8,4383.9,180
2025-06-18T12:00:00+05:30,4383.8,4388.0,4383.8,4384.0,313
2025-06-18T12:01:00+05:30,4385.0,4385.0,4384.0,4384.9,269
2025-06-18T12:02:00+05:30,4384.9,4385.5,4382.6,4385.5,513
2025-06-18T12:03:00+05:30,4385.2,4388.3,4383.5,4387.1,245
2025-06-18T12:04:00+05:30,4385.9,4387.1,4385.9,4386.8,113
2025-06-18T12:05:00+05:30,4387.1,4387.1,4383.0,4384.2,343
2025-06-18T12:06:00+05:30,4383.3,4385.9,4383.0,4383.0,441
2025-06-18T12:07:00+05:30,4383.2,4386.4,4383.2,4384.6,301
2025-06-18T12:08:00+05:30,4385.5,4385.5,4383.7,4385.2,99
2025-06-18T12:09:00+05:30,4385.0,4387.7,4385.0,4385.1,214
2025-06-18T12:10:00+05:30,4385.3,4385.5,4383.0,4383.0,282
2025-06-18T12:11:00+05:30,4383.1,4383.1,4378.5,4380.0,1479
2025-06-18T12:12:00+05:30,4378.7,4381.1,4378.6,4380.4,1855
2025-06-18T12:13:00+05:30,4380.4,4383.9,4380.3,4383.8,784
2025-06-18T12:14:00+05:30,4382.2,4383.1,4380.8,4382.1,723
2025-06-18T12:15:00+05:30,4382.1,4383.1,4379.3,4380.0,5559
2025-06-18T12:16:00+05:30,4380.0,4382.9,4380.0,4382.9,297
2025-06-18T12:17:00+05:30,4381.1,4382.8,4381.1,4381.2,69
2025-06-18T12:18:00+05:30,4381.9,4381.9,4381.3,4381.4,79
2025-06-18T12:19:00+05:30,4381.8,4385.7,4381.5,4385.5,521
2025-06-18T12:20:00+05:30,4384.6,4387.1,4382.6,4383.0,1227
2025-06-18T12:21:00+05:30,4383.3,4383.3,4383.0,4383.3,69
2025-06-18T12:22:00+05:30,4383.3,4383.3,4379.5,4379.5,1649
2025-06-18T12:23:00+05:30,4379.4,4380.0,4379.3,4379.5,208
2025-06-18T12:24:00+05:30,4380.0,4382.1,4379.1,4380.2,298
2025-06-18T12:25:00+05:30,4380.0,4380.2,4379.0,4380.0,363
2025-06-18T12:26:00+05:30,4380.0,4381.0,4380.0,4380.1,76
2025-06-18T12:27:00+05:30,4380.0,4380.0,4377.7,4378.0,683
2025-06-18T12:28:00+05:30,4378.0,4380.0,4377.0,4379.7,863
2025-06-18T12:29:00+05:30,4378.2,4380.0,4375.6,4378.5,1394
2025-06-18T12:30:00+05:30,4376.5,4378.8,4375.8,4377.2,555
2025-06-18T12:31:00+05:30,4377.2,4379.9,4377.0,4379.0,473
2025-06-18T12:32:00+05:30,4379.0,4382.6,4378.9,4382.6,114
2025-06-18T12:33:00+05:30,4382.0,4383.4,4380.0,4381.5,822
2025-06-18T12:34:00+05:30,4380.0,4381.4,4380.0,4380.0,50
2025-06-18T12:35:00+05:30,4380.0,4381.0,4380.0,4380.0,104
2025-06-18T12:36:00+05:30,4380.0,4380.8,4380.0,4380.8,91
2025-06-18T12:37:00+05:30,4380.0,4380.7,4379.1,4380.0,161
2025-06-18T12:38:00+05:30,4380.0,4385.3,4380.0,4382.5,6781
2025-06-18T12:39:00+05:30,4383.0,4386.9,4381.0,4386.7,2868
2025-06-18T12:40:00+05:30,4385.0,4386.1,4384.0,4384.8,2866
2025-06-18T12:41:00+05:30,4384.0,4384.8,4384.0,4384.0,485
2025-06-18T12:42:00+05:30,4384.8,4384.8,4384.0,4384.4,1035
2025-06-18T12:43:00+05:30,4384.6,4384.9,4384.0,4384.0,400
2025-06-18T12:44:00+05:30,4384.0,4384.7,4383.0,4384.0,840
2025-06-18T12:45:00+05:30,4384.2,4385.5,4384.0,4385.0,2066
2025-06-18T12:46:00+05:30,4385.2,4386.4,4381.0,4381.1,1545
2025-06-18T12:47:00+05:30,4380.9,4386.1,4380.8,4381.0,521
2025-06-18T12:48:00+05:30,4381.0,4384.8,4381.0,4381.0,488
2025-06-18T12:49:00+05:30,4380.9,4380.9,4377.0,4377.7,523
2025-06-18T12:50:00+05:30,4378.7,4382.9,4378.7,4382.7,279
2025-06-18T12:51:00+05:30,4381.2,4382.5,4380.3,4380.9,96
2025-06-18T12:52:00+05:30,4381.9,4382.7,4380.3,4381.7,76
2025-06-18T12:53:00+05:30,4380.7,4381.7,4378.8,4379.0,347
2025-06-18T12:54:00+05:30,4380.0,4380.9,4380.0,4380.0,181
2025-06-18T12:55:00+05:30,4380.0,4380.4,4379.4,4380.0,104
2025-06-18T12:56:00+05:30,4380.0,4380.0,4379.1,4380.0,293
2025-06-18T12:57:00+05:30,4380.0,4381.6,4380.0,4381.6,115
2025-06-18T12:58:00+05:30,4380.5,4380.5,4378.3,4378.3,250
2025-06-18T12:59:00+05:30,4378.6,4383.0,4378.6,4382.6,207
2025-06-18T13:00:00+05:30,4382.8,4382.8,4380.3,4380.3,114
2025-06-18T13:01:00+05:30,4380.4,4383.0,4380.0,4383.0,338
2025-06-18T13:02:00+05:30,4383.7,4385.0,4382.1,4384.2,181
2025-06-18T13:03:00+05:30,4384.2,4388.0,4383.7,4388.0,587
2025-06-18T13:04:00+05:30,4388.2,4388.7,4386.0,4387.4,573
2025-06-18T13:05:00+05:30,4388.2,4389.6,4388.2,4389.5,327
2025-06-18T13:06:00+05:30,4388.9,4389.5,4388.3,4389.3,157
2025-06-18T13:07:00+05:30,4388.8,4390.7,4388.5,4389.4,366
2025-06-18T13:08:00+05:30,4389.4,4391.0,4385.3,4385.3,1410
2025-06-18T13:09:00+05:30,4385.3,4386.2,4383.5,4386.2,284
2025-06-18T13:10:00+05:30,4385.5,4387.8,4385.5,4386.4,246
2025-06-18T13:11:00+05:30,4386.4,4391.6,4386.3,4391.6,416
2025-06-18T13:12:00+05:30,4391.8,4392.0,4390.6,4390.9,259
2025-06-18T13:13:00+05:30,4390.9,4390.9,4389.1,4390.1,239
2025-06-18T13:14:00+05:30,4390.1,4392.9,4390.1,4391.1,476
2025-06-18T13:15:00+05:30,4391.2,4392.8,4390.6,4391.3,318
2025-06-18T13:16:00+05:30,4391.0,4392.0,4387.9,4388.0,491
2025-06-18T13:17:00+05:30,4388.0,4388.1,4385.5,4386.0,528
2025-06-18T13:18:00+05:30,4386.4,4386.9,4382.7,4383.7,393
2025-06-18T13:19:00+05:30,4382.3,4384.5,4381.3,4384.5,500
2025-06-18T13:20:00+05:30,4382.3,4386.6,4382.3,4386.6,609
2025-06-18T13:21:00+05:30,4386.6,4387.3,4382.8,4383.6,376
2025-06-18T13:22:00+05:30,4383.7,4386.1,4382.4,4384.3,455
2025-06-18T13:23:00+05:30,4382.8,4385.2,4374.1,4374.3,10617
2025-06-18T13:24:00+05:30,4374.1,4379.3,4373.1,4376.1,1130
2025-06-18T13:25:00+05:30,4376.1,4379.9,4376.1,4379.3,366
2025-06-18T13:26:00+05:30,4378.1,4380.0,4378.1,4380.0,489
2025-06-18T13:27:00+05:30,4379.0,4379.6,4378.5,4379.0,443
2025-06-18T13:28:00+05:30,4379.2,4379.4,4377.2,4378.5,436
2025-06-18T13:29:00+05:30,4378.5,4378.5,4377.0,4378.3,354
2025-06-18T13:30:00+05:30,4378.3,4379.0,4377.0,4379.0,257
2025-06-18T13:31:00+05:30,4378.2,4378.2,4377.0,4377.2,369
2025-06-18T13:32:00+05:30,4378.0,4382.8,4378.0,4381.0,505
2025-06-18T13:33:00+05:30,4381.0,4383.6,4381.0,4381.8,534
2025-06-18T13:34:00+05:30,4381.5,4381.5,4380.4,4380.4,173
2025-06-18T13:35:00+05:30,4381.4,4383.3,4380.0,4380.0,551
2025-06-18T13:36:00+05:30,4380.5,4382.8,4380.1,4381.6,296
2025-06-18T13:37:00+05:30,4381.6,4382.8,4381.6,4382.2,201
2025-06-18T13:38:00+05:30,4382.1,4383.6,4378.5,4378.9,717
2025-06-18T13:39:00+05:30,4379.0,4381.7,4379.0,4380.4,390
2025-06-18T13:40:00+05:30,4380.4,4382.1,4378.4,4382.1,438
2025-06-18T13:41:00+05:30,4382.1,4382.1,4380.4,4380.5,269
2025-06-18T13:42:00+05:30,4380.5,4381.4,4378.2,4378.2,372
2025-06-18T13:43:00+05:30,4380.3,4380.4,4378.0,4379.1,661
2025-06-18T13:44:00+05:30,4379.3,4380.0,4377.9,4379.0,374
2025-06-18T13:45:00+05:30,4378.1,4378.6,4377.0,4378.2,670
2025-06-18T13:46:00+05:30,4377.8,4378.9,4377.0,4378.2,287
2025-06-18T13:47:00+05:30,4378.1,4378.1,4372.7,4374.0,666
2025-06-18T13:48:00+05:30,4373.6,4374.8,4370.0,4370.1,1167
2025-06-18T13:49:00+05:30,4370.9,4371.7,4366.0,4366.0,1154
2025-06-18T13:50:00+05:30,4366.0,4366.9,4364.6,4365.2,1043
2025-06-18T13:51:00+05:30,4364.7,4365.2,4364.6,4365.0,394
2025-06-18T13:52:00+05:30,4364.6,4368.3,4364.6,4367.5,864
2025-06-18T13:53:00+05:30,4367.5,4369.7,4366.6,4366.7,526
2025-06-18T13:54:00+05:30,4367.7,4369.3,4367.0,4369.2,375
2025-06-18T13:55:00+05:30,4368.0,4369.3,4367.5,4367.5,747
2025-06-18T13:56:00+05:30,4367.0,4371.9,4365.7,4370.3,2100
2025-06-18T13:57:00+05:30,4369.2,4371.2,4368.7,4370.9,451
2025-06-18T13:58:00+05:30,4369.4,4372.4,4369.3,4370.3,645
2025-06-18T13:59:00+05:30,4370.3,4374.2,4369.5,4372.3,410
2025-06-18T14:00:00+05:30,4372.5,4373.3,4371.2,4372.9,366
2025-06-18T14:01:00+05:30,4371.2,4372.3,4370.1,4371.7,349
2025-06-18T14:02:00+05:30,4372.6,4374.4,4370.9,4374.1,761
2025-06-18T14:03:00+05:30,4373.9,4373.9,4371.0,4371.7,430
2025-06-18T14:04:00+05:30,4371.2,4371.7,4369.1,4371.0,383
2025-06-18T14:05:00+05:30,4371.6,4371.8,4369.0,4370.4,483
2025-06-18T14:06:00+05:30,4370.1,4370.3,4368.4,4370.0,505
2025-06-18T14:07:00+05:30,4370.3,4370.4,4368.3,4369.8,591
2025-06-18T14:08:00+05:30,4371.1,4371.2,4368.9,4370.9,346
2025-06-18T14:09:00+05:30,4371.1,4373.9,4369.0,4372.5,360
2025-06-18T14:10:00+05:30,4372.0,4373.2,4371.1,4371.1,258
2025-06-18T14:11:00+05:30,4371.1,4371.9,4369.6,4370.0,547
2025-06-18T14:12:00+05:30,4371.1,4371.7,4368.4,4369.7,490
2025-06-18T14:13:00+05:30,4369.7,4371.1,4367.2,4368.2,876
2025-06-18T14:14:00+05:30,4369.2,4369.2,4364.6,4365.4,1201
2025-06-18T14:15:00+05:30,4364.6,4365.4,4361.4,4361.4,597
2025-06-18T14:16:00+05:30,4361.4,4364.0,4355.0,4363.7,4733
2025-06-18T14:17:00+05:30,4362.8,4364.2,4361.4,4362.0,417
2025-06-18T14:18:00+05:30,4363.3,4364.0,4361.7,4362.0,285
2025-06-18T14:19:00+05:30,4362.7,4365.6,4361.7,4364.3,790
2025-06-18T14:20:00+05:30,4364.3,4366.0,4362.6,4364.7,387
2025-06-18T14:21:00+05:30,4365.7,4365.7,4361.3,4364.0,865
2025-06-18T14:22:00+05:30,4364.5,4369.5,4363.7,4369.4,708
2025-06-18T14:23:00+05:30,4367.4,4371.6,4364.8,4364.8,1171
2025-06-18T14:24:00+05:30,4365.1,4366.0,4362.0,4365.7,563
2025-06-18T14:25:00+05:30,4365.3,4369.5,4365.0,4365.9,640
2025-06-18T14:26:00+05:30,4366.8,4371.0,4366.1,4368.5,684
2025-06-18T14:27:00+05:30,4368.5,4370.4,4367.7,4369.9,559
2025-06-18T14:28:00+05:30,4369.9,4369.9,4368.0,4368.2,266
2025-06-18T14:29:00+05:30,4369.0,4372.0,4368.9,4371.7,1165
2025-06-18T14:30:00+05:30,4371.7,4374.7,4370.3,4372.1,734
2025-06-18T14:31:00+05:30,4372.5,4374.4,4372.5,4373.5,443
2025-06-18T14:32:00+05:30,4373.7,4378.2,4373.7,4375.1,783
2025-06-18T14:33:00+05:30,4376.1,4377.0,4375.5,4376.0,439
2025-06-18T14:34:00+05:30,4376.9,4377.0,4376.0,4376.7,346
2025-06-18T14:35:00+05:30,4376.0,4376.5,4371.6,4373.3,1432
2025-06-18T14:36:00+05:30,4373.3,4373.5,4371.1,4373.3,401
2025-06-18T14:37:00+05:30,4373.3,4373.3,4370.0,4370.0,525
2025-06-18T14:38:00+05:30,4370.0,4370.9,4368.6,4369.7,319
2025-06-18T14:39:00+05:30,4370.0,4371.4,4367.0,4367.3,291
2025-06-18T14:40:00+05:30,4368.4,4368.4,4363.6,4365.6,371
2025-06-18T14:41:00+05:30,4366.1,4369.2,4364.9,4368.1,618
2025-06-18T14:42:00+05:30,4367.3,4368.2,4365.0,4366.0,309
2025-06-18T14:43:00+05:30,4366.8,4369.5,4365.9,4366.5,572
2025-06-18T14:44:00+05:30,4367.3,4367.3,4365.0,4365.9,299
2025-06-18T14:45:00+05:30,4365.9,4369.0,4365.9,4367.1,593
2025-06-18T14:46:00+05:30,4368.5,4369.9,4367.7,4369.1,277
2025-06-18T14:47:00+05:30,4369.1,4370.4,4368.2,4369.8,968
2025-06-18T14:48:00+05:30,4370.2,4376.7,4370.2,4375.4,538
2025-06-18T14:49:00+05:30,4375.2,4375.2,4370.8,4373.5,871
2025-06-18T14:50:00+05:30,4371.5,4372.9,4369.0,4372.5,565
2025-06-18T14:51:00+05:30,4371.0,4372.4,4368.7,4370.8,428
2025-06-18T14:52:00+05:30,4370.8,4371.8,4368.7,4369.5,472
2025-06-18T14:53:00+05:30,4369.6,4370.2,4368.9,4370.0,505
2025-06-18T14:54:00+05:30,4370.2,4370.2,4367.2,4368.8,699
2025-06-18T14:55:00+05:30,4368.8,4369.7,4368.0,4368.5,585
2025-06-18T14:56:00+05:30,4369.6,4369.6,4363.0,4363.8,1051
2025-06-18T14:57:00+05:30,4363.8,4366.9,4363.6,4364.8,1102
2025-06-18T14:58:00+05:30,4365.9,4366.4,4363.9,4366.4,542
2025-06-18T14:59:00+05:30,4366.4,4367.5,4365.0,4365.1,416
2025-06-18T15:00:00+05:30,4365.6,4368.3,4361.1,4365.8,1596
2025-06-18T15:01:00+05:30,4365.6,4365.6,4363.5,4364.6,917
2025-06-18T15:02:00+05:30,4365.0,4365.6,4363.6,4363.6,915
2025-06-18T15:03:00+05:30,4363.7,4363.7,4360.0,4360.0,870
2025-06-18T15:04:00+05:30,4360.6,4360.6,4358.9,4358.9,558
2025-06-18T15:05:00+05:30,4359.0,4360.5,4358.0,4359.0,1207
2025-06-18T15:06:00+05:30,4359.1,4360.9,4359.0,4359.5,803
2025-06-18T15:07:00+05:30,4360.4,4361.3,4358.0,4358.0,1226
2025-06-18T15:08:00+05:30,4358.1,4360.8,4355.9,4357.7,2390
2025-06-18T15:09:00+05:30,4358.6,4365.2,4356.6,4360.9,2778
2025-06-18T15:10:00+05:30,4361.6,4362.1,4357.7,4358.3,1031
2025-06-18T15:11:00+05:30,4359.3,4359.3,4356.1,4356.4,2651
2025-06-18T15:12:00+05:30,4357.3,4358.4,4356.1,4358.4,1440
2025-06-18T15:13:00+05:30,4358.7,4358.7,4357.3,4357.4,862
2025-06-18T15:14:00+05:30,4357.5,4358.7,4357.3,4358.3,1341
2025-06-18T15:15:00+05:30,4358.2,4360.8,4357.3,4360.1,3383
2025-06-18T15:16:00+05:30,4360.1,4360.7,4359.2,4359.2,1932
2025-06-18T15:17:00+05:30,4359.6,4359.7,4357.5,4357.6,1370
2025-06-18T15:18:00+05:30,4357.8,4357.9,4355.2,4356.8,4293
2025-06-18T15:19:00+05:30,4357.2,4357.4,4356.0,4356.3,1951
2025-06-18T15:20:00+05:30,4356.4,4356.5,4355.0,4355.8,2188
2025-06-18T15:21:00+05:30,4355.8,4356.0,4353.7,4354.8,1358
2025-06-18T15:22:00+05:30,4355.2,4358.0,4354.6,4356.9,1725
2025-06-18T15:23:00+05:30,4356.9,4358.4,4356.0,4357.8,1387
2025-06-18T15:24:00+05:30,4358.0,4358.6,4356.0,4356.8,1680
2025-06-18T15:25:00+05:30,4357.3,4358.0,4353.8,4353.8,1416
2025-06-18T15:26:00+05:30,4354.6,4355.2,4350.2,4354.8,3922
2025-06-18T15:27:00+05:30,4354.6,4358.4,4354.6,4356.2,1862
2025-06-18T15:28:00+05:30,4357.2,4357.2,4354.0,4356.4,1260
2025-06-18T15:29:00+05:30,4356.4,4360.0,4355.9,4360.0,1122
2025-06-19T09:15:00+05:30,4374.0,4393.5,4365.0,4390.2,8646
2025-06-19T09:16:00+05:30,4391.0,4398.8,4387.1,4392.2,6182
2025-06-19T09:17:00+05:30,4394.0,4396.0,4391.9,4394.4,4449
2025-06-19T09:18:00+05:30,4394.0,4395.1,4376.1,4379.7,7988
2025-06-19T09:19:00+05:30,4378.1,4404.0,4378.0,4388.3,19394
2025-06-19T09:20:00+05:30,4389.6,4389.6,4365.2,4367.8,5935
2025-06-19T09:21:00+05:30,4367.9,4380.1,4367.3,4376.4,3805
2025-06-19T09:22:00+05:30,4376.4,4378.0,4373.2,4376.0,1556
2025-06-19T09:23:00+05:30,4374.8,4381.6,4371.0,4380.8,2028
2025-06-19T09:24:00+05:30,4379.6,4383.9,4375.6,4383.1,918
2025-06-19T09:25:00+05:30,4382.1,4383.9,4371.2,4373.4,1582
2025-06-19T09:26:00+05:30,4372.6,4374.5,4368.2,4374.0,937
2025-06-19T09:27:00+05:30,4374.0,4378.3,4369.7,4375.0,1277
2025-06-19T09:28:00+05:30,4375.0,4378.8,4370.3,4374.9,1205
2025-06-19T09:29:00+05:30,4373.4,4375.0,4371.0,4373.2,558
2025-06-19T09:30:00+05:30,4373.8,4377.4,4373.8,4376.0,1461
2025-06-19T09:31:00+05:30,4377.0,4380.9,4373.0,4380.9,1911
2025-06-19T09:32:00+05:30,4381.9,4386.0,4379.7,4382.7,4091
2025-06-19T09:33:00+05:30,4383.5,4384.0,4381.5,4382.7,450
2025-06-19T09:34:00+05:30,4383.4,4384.1,4380.7,4381.9,519
2025-06-19T09:35:00+05:30,4381.8,4384.5,4381.2,4383.7,341
2025-06-19T09:36:00+05:30,4383.4,4384.8,4381.0,4381.0,852
2025-06-19T09:37:00+05:30,4381.2,4384.9,4381.0,4384.0,690
2025-06-19T09:38:00+05:30,4384.6,4385.3,4382.1,4383.0,665
2025-06-19T09:39:00+05:30,4383.0,4384.3,4381.0,4381.0,1018
2025-06-19T09:40:00+05:30,4381.0,4382.9,4380.5,4381.3,677
2025-06-19T09:41:00+05:30,4382.9,4382.9,4376.1,4378.5,815
2025-06-19T09:42:00+05:30,4378.9,4382.5,4378.8,4379.5,848
2025-06-19T09:43:00+05:30,4379.4,4383.0,4379.4,4382.1,414
2025-06-19T09:44:00+05:30,4382.1,4385.0,4381.2,4385.0,325
2025-06-19T09:45:00+05:30,4385.0,4385.7,4380.9,4385.7,1235
2025-06-19T09:46:00+05:30,4384.9,4392.5,4384.9,4392.2,3205
2025-06-19T09:47:00+05:30,4390.6,4393.1,4389.7,4391.8,978
2025-06-19T09:48:00+05:30,4391.8,4393.1,4385.0,4385.1,2884
2025-06-19T09:49:00+05:30,4387.2,4388.6,4385.9,4388.5,613
2025-06-19T09:50:00+05:30,4388.6,4388.6,4386.1,4387.1,144
2025-06-19T09:51:00+05:30,4387.1,4388.7,4385.9,4386.4,921
2025-06-19T09:52:00+05:30,4386.4,4392.9,4385.4,4389.6,1529
2025-06-19T09:53:00+05:30,4390.9,4392.0,4390.0,4391.3,228
2025-06-19T09:54:00+05:30,4390.0,4393.0,4390.0,4393.0,1197
2025-06-19T09:55:00+05:30,4393.0,4393.0,4390.4,4391.8,332
2025-06-19T09:56:00+05:30,4391.8,4391.9,4388.0,4388.7,784
2025-06-19T09:57:00+05:30,4388.7,4390.1,4388.0,4389.7,179
2025-06-19T09:58:00+05:30,4389.8,4398.0,4389.5,4397.2,1348
2025-06-19T09:59:00+05:30,4397.3,4399.9,4395.0,4399.7,1569
2025-06-19T10:00:00+05:30,4399.2,4400.0,4391.9,4392.6,2807
2025-06-19T10:01:00+05:30,4392.5,4395.7,4391.2,4395.3,925
2025-06-19T10:02:00+05:30,4395.8,4395.8,4392.6,4392.7,427
2025-06-19T10:03:00+05:30,4395.0,4398.4,4393.5,4398.0,1628
2025-06-19T10:04:00+05:30,4396.2,4398.0,4391.4,4394.4,1349
2025-06-19T10:05:00+05:30,4394.3,4395.8,4391.5,4391.5,383
2025-06-19T10:06:00+05:30,4391.7,4393.2,4390.8,4391.4,573
2025-06-19T10:07:00+05:30,4391.7,4392.2,4390.5,4391.7,234
2025-06-19T10:08:00+05:30,4391.7,4391.7,4387.4,4388.9,1746
2025-06-19T10:09:00+05:30,4389.2,4391.5,4389.0,4390.0,733
2025-06-19T10:10:00+05:30,4389.3,4394.0,4388.4,4393.2,730
2025-06-19T10:11:00+05:30,4393.2,4397.7,4393.1,4393.7,466
2025-06-19T10:12:00+05:30,4393.9,4395.2,4392.5,4394.3,463
2025-06-19T10:13:00+05:30,4394.4,4398.0,4394.3,4398.0,391
2025-06-19T10:14:00+05:30,4398.0,4398.7,4394.3,4394.5,3007
2025-06-19T10:15:00+05:30,4396.3,4397.0,4394.0,4396.4,244
2025-06-19T10:16:00+05:30,4395.2,4397.0,4392.3,4392.6,426
2025-06-19T10:17:00+05:30,4392.5,4395.1,4388.0,4389.7,949
2025-06-19T10:18:00+05:30,4390.7,4392.1,4388.1,4391.3,320
2025-06-19T10:19:00+05:30,4389.7,4394.0,4386.8,4394.0,966
2025-06-19T10:20:00+05:30,4393.3,4394.6,4391.8,4393.7,312
2025-06-19T10:21:00+05:30,4392.4,4392.4,4387.6,4390.2,929
2025-06-19T10:22:00+05:30,4391.9,4392.0,4388.1,4388.3,439
2025-06-19T10:23:00+05:30,4388.2,4389.3,4386.1,4386.1,575
2025-06-19T10:24:00+05:30,4386.1,4386.1,4383.2,4384.0,1208
2025-06-19T10:25:00+05:30,4384.0,4384.9,4381.0,4381.8,1346
2025-06-19T10:26:00+05:30,4381.7,4382.9,4375.0,4376.5,2148
2025-06-19T10:27:00+05:30,4375.3,4382.0,4375.3,4382.0,740
2025-06-19T10:28:00+05:30,4380.9,4383.5,4380.9,4382.0,543
2025-06-19T10:29:00+05:30,4381.3,4383.3,4380.8,4383.3,812
2025-06-19T10:30:00+05:30,4383.0,4383.3,4380.7,4381.1,472
2025-06-19T10:31:00+05:30,4382.4,4382.5,4380.1,4380.7,306
2025-06-19T10:32:00+05:30,4381.0,4381.0,4378.2,4379.2,364
2025-06-19T10:33:00+05:30,4379.0,4380.0,4375.0,4378.9,474
2025-06-19T10:34:00+05:30,4378.9,4380.0,4377.3,4378.4,411
2025-06-19T10:35:00+05:30,4379.3,4379.9,4376.0,4376.8,396
2025-06-19T10:36:00+05:30,4377.5,4377.5,4375.0,4375.0,464
2025-06-19T10:37:00+05:30,4375.0,4377.5,4375.0,4376.4,596
2025-06-19T10:38:00+05:30,4377.0,4381.0,4377.0,4380.5,267
2025-06-19T10:39:00+05:30,4378.4,4380.0,4376.7,4377.0,228
2025-06-19T10:40:00+05:30,4376.7,4378.8,4376.1,4378.8,232
2025-06-19T10:41:00+05:30,4378.1,4379.0,4377.1,4377.1,320
2025-06-19T10:42:00+05:30,4378.9,4382.0,4377.4,4379.8,381
2025-06-19T10:43:00+05:30,4381.3,4383.0,4381.3,4383.0,460
2025-06-19T10:44:00+05:30,4383.0,4383.0,4378.4,4379.9,1242
2025-06-19T10:45:00+05:30,4379.8,4380.0,4378.5,4379.7,371
2025-06-19T10:46:00+05:30,4379.1,4384.0,4379.1,4380.7,1310
2025-06-19T10:47:00+05:30,4380.9,4382.0,4379.1,4380.4,197
2025-06-19T10:48:00+05:30,4381.4,4382.6,4376.4,4378.3,623
2025-06-19T10:49:00+05:30,4377.0,4380.4,4376.6,4378.5,165
2025-06-19T10:50:00+05:30,4378.4,4380.0,4377.0,4378.6,404
2025-06-19T10:51:00+05:30,4378.6,4380.1,4377.4,4380.0,440
2025-06-19T10:52:00+05:30,4379.9,4380.0,4377.8,4377.8,108
2025-06-19T10:53:00+05:30,4379.2,4380.0,4378.7,4380.0,139
2025-06-19T10:54:00+05:30,4379.8,4382.7,4379.0,4381.0,363
2025-06-19T10:55:00+05:30,4382.2,4387.9,4381.7,4385.7,1211
2025-06-19T10:56:00+05:30,4385.7,4387.6,4384.9,4386.7,227
2025-06-19T10:57:00+05:30,4386.0,4390.0,4385.9,4386.8,780
2025-06-19T10:58:00+05:30,4387.9,4388.0,4383.0,4383.0,241
2025-06-19T10:59:00+05:30,4383.0,4384.0,4381.6,4384.0,392
2025-06-19T11:00:00+05:30,4383.5,4383.5,4380.1,4381.1,319
2025-06-19T11:01:00+05:30,4381.1,4382.3,4380.0,4381.0,489
2025-06-19T11:02:00+05:30,4381.0,4382.3,4380.1,4380.6,252
2025-06-19T11:03:00+05:30,4381.9,4381.9,4379.0,4380.2,538
2025-06-19T11:04:00+05:30,4379.1,4379.1,4377.0,4377.0,404
2025-06-19T11:05:00+05:30,4377.0,4377.8,4375.0,4377.2,554
2025-06-19T11:06:00+05:30,4377.4,4377.4,4373.0,4376.9,2691
2025-06-19T11:07:00+05:30,4376.4,4379.7,4376.4,4379.7,720
2025-06-19T11:08:00+05:30,4379.7,4383.8,4379.1,4382.0,286
2025-06-19T11:09:00+05:30,4381.9,4381.9,4378.0,4378.0,172
2025-06-19T11:10:00+05:30,4378.1,4380.0,4377.0,4380.0,520
2025-06-19T11:11:00+05:30,4380.0,4384.7,4379.8,4381.0,2398
2025-06-19T11:12:00+05:30,4380.5,4382.4,4380.0,4380.2,426
2025-06-19T11:13:00+05:30,4381.3,4382.8,4380.3,4381.9,110
2025-06-19T11:14:00+05:30,4381.9,4382.0,4380.1,4380.7,135
2025-06-19T11:15:00+05:30,4380.7,4381.3,4377.0,4377.9,356
2025-06-19T11:16:00+05:30,4377.6,4382.2,4377.2,4382.2,239
2025-06-19T11:17:00+05:30,4382.5,4382.5,4378.8,4380.6,283
2025-06-19T11:18:00+05:30,4380.1,4380.1,4376.5,4377.6,337
2025-06-19T11:19:00+05:30,4378.0,4378.0,4376.0,4376.0,1089
2025-06-19T11:20:00+05:30,4376.0,4376.8,4375.0,4376.4,227
2025-06-19T11:21:00+05:30,4376.4,4378.0,4375.0,4378.0,409
2025-06-19T11:22:00+05:30,4378.0,4379.0,4376.7,4378.8,188
2025-06-19T11:23:00+05:30,4377.6,4378.8,4376.9,4378.4,244
2025-06-19T11:24:00+05:30,4378.5,4378.5,4375.0,4375.0,259
2025-06-19T11:25:00+05:30,4375.0,4376.7,4372.8,4372.8,374
2025-06-19T11:26:00+05:30,4372.8,4373.0,4370.0,4371.0,986
2025-06-19T11:27:00+05:30,4370.1,4375.0,4370.1,4374.5,481
2025-06-19T11:28:00+05:30,4374.4,4374.5,4366.1,4366.3,3061
2025-06-19T11:29:00+05:30,4367.0,4367.0,4355.1,4361.2,3444
2025-06-19T11:30:00+05:30,4359.9,4362.2,4359.5,4362.2,665
2025-06-19T11:31:00+05:30,4363.0,4370.0,4362.0,4370.0,947
2025-06-19T11:32:00+05:30,4370.0,4372.2,4366.8,4366.9,853
2025-06-19T11:33:00+05:30,4367.7,4369.6,4366.5,4368.0,258
2025-06-19T11:34:00+05:30,4369.6,4370.7,4368.2,4368.8,344
2025-06-19T11:35:00+05:30,4368.7,4370.3,4368.1,4369.1,347
2025-06-19T11:36:00+05:30,4369.9,4369.9,4368.4,4368.6,197
2025-06-19T11:37:00+05:30,4369.1,4370.0,4365.3,4365.3,459
2025-06-19T11:38:00+05:30,4367.1,4368.8,4365.0,4367.1,2293
2025-06-19T11:39:00+05:30,4368.0,4374.5,4367.4,4373.4,29114
2025-06-19T11:40:00+05:30,4373.8,4376.9,4372.9,4376.9,659
2025-06-19T11:41:00+05:30,4376.9,4377.8,4373.9,4373.9,429
2025-06-19T11:42:00+05:30,4375.2,4376.6,4373.0,4373.5,450
2025-06-19T11:43:00+05:30,4374.9,4374.9,4371.6,4372.2,111
2025-06-19T11:44:00+05:30,4373.2,4373.4,4371.3,4373.0,173
2025-06-19T11:45:00+05:30,4373.0,4376.6,4371.3,4376.6,525
2025-06-19T11:46:00+05:30,4376.1,4378.0,4376.0,4376.6,708
2025-06-19T11:47:00+05:30,4377.4,4377.4,4376.0,4376.0,511
2025-06-19T11:48:00+05:30,4376.0,4377.4,4374.0,4376.4,905
2025-06-19T11:49:00+05:30,4376.5,4379.9,4376.4,4377.2,1718
2025-06-19T11:50:00+05:30,4377.1,4377.6,4375.3,4375.8,191
2025-06-19T11:51:00+05:30,4377.5,4377.5,4374.8,4376.3,126
2025-06-19T11:52:00+05:30,4376.1,4378.0,4375.5,4378.0,195
2025-06-19T11:53:00+05:30,4378.0,4378.0,4375.7,4376.3,200
2025-06-19T11:54:00+05:30,4377.3,4377.3,4373.8,4375.3,135
2025-06-19T11:55:00+05:30,4376.2,4376.3,4373.2,4374.2,156
2025-06-19T11:56:00+05:30,4375.0,4375.0,4372.1,4374.1,104
2025-06-19T11:57:00+05:30,4374.2,4374.2,4370.7,4373.2,636
2025-06-19T11:58:00+05:30,4371.6,4373.3,4370.5,4370.7,208
2025-06-19T11:59:00+05:30,4372.5,4372.5,4370.1,4371.7,207
2025-06-19T12:00:00+05:30,4371.6,4371.6,4366.0,4368.3,486
2025-06-19T12:01:00+05:30,4368.1,4369.8,4367.4,4369.8,231
2025-06-19T12:02:00+05:30,4369.8,4371.4,4369.2,4370.6,194
2025-06-19T12:03:00+05:30,4370.6,4371.5,4369.3,4371.1,295
2025-06-19T12:04:00+05:30,4371.6,4375.0,4371.0,4373.6,253
2025-06-19T12:05:00+05:30,4373.6,4375.3,4370.3,4375.3,183
2025-06-19T12:06:00+05:30,4375.2,4378.5,4374.1,4378.0,543
2025-06-19T12:07:00+05:30,4376.9,4378.0,4376.3,4378.0,168
2025-06-19T12:08:00+05:30,4377.7,4377.9,4376.1,4377.7,109
2025-06-19T12:09:00+05:30,4377.6,4377.9,4374.9,4374.9,299
2025-06-19T12:10:00+05:30,4375.9,4377.3,4375.3,4377.0,100
2025-06-19T12:11:00+05:30,4375.9,4382.6,4375.3,4381.3,2488
2025-06-19T12:12:00+05:30,4380.0,4381.3,4380.0,4380.0,2379
2025-06-19T12:13:00+05:30,4380.5,4381.0,4380.0,4381.0,203
2025-06-19T12:14:00+05:30,4380.6,4381.0,4380.0,4380.8,2095
2025-06-19T12:15:00+05:30,4380.3,4380.3,4374.4,4374.4,7511
2025-06-19T12:16:00+05:30,4375.7,4379.5,4374.4,4379.2,357
2025-06-19T12:17:00+05:30,4379.2,4379.5,4377.9,4379.4,205
2025-06-19T12:18:00+05:30,4378.7,4380.0,4375.3,4380.0,317
2025-06-19T12:19:00+05:30,4380.0,4380.0,4377.2,4379.4,146
2025-06-19T12:20:00+05:30,4380.0,4380.0,4377.4,4379.5,331
2025-06-19T12:21:00+05:30,4378.6,4379.5,4376.9,4379.0,179
2025-06-19T12:22:00+05:30,4379.0,4379.0,4375.8,4377.7,180
2025-06-19T12:23:00+05:30,4377.8,4379.4,4375.5,4377.2,1158
2025-06-19T12:24:00+05:30,4376.1,4379.4,4375.2,4376.5,327
2025-06-19T12:25:00+05:30,4375.5,4377.7,4374.6,4375.9,432
2025-06-19T12:26:00+05:30,4375.9,4377.1,4372.0,4375.1,297
2025-06-19T12:27:00+05:30,4375.2,4376.7,4374.3,4376.4,247
2025-06-19T12:28:00+05:30,4376.4,4376.5,4374.6,4375.1,224
2025-06-19T12:29:00+05:30,4375.1,4376.9,4375.1,4376.0,140
2025-06-19T12:30:00+05:30,4376.0,4376.9,4374.0,4376.0,335
2025-06-19T12:31:00+05:30,4375.9,4376.0,4372.0,4374.0,219
2025-06-19T12:32:00+05:30,4372.0,4373.0,4370.5,4372.0,182
2025-06-19T12:33:00+05:30,4372.3,4372.3,4369.5,4370.3,213
2025-06-19T12:34:00+05:30,4370.3,4371.0,4369.0,4370.2,98
2025-06-19T12:35:00+05:30,4370.3,4370.3,4369.0,4370.2,123
2025-06-19T12:36:00+05:30,4370.1,4370.1,4365.3,4365.4,373
2025-06-19T12:37:00+05:30,4366.2,4366.2,4362.0,4363.3,786
2025-06-19T12:38:00+05:30,4363.3,4363.6,4361.0,4363.1,280
2025-06-19T12:39:00+05:30,4363.6,4364.3,4361.8,4363.0,269
2025-06-19T12:40:00+05:30,4363.5,4364.4,4360.4,4361.2,849
2025-06-19T12:41:00+05:30,4361.2,4361.2,4359.2,4360.3,493
2025-06-19T12:42:00+05:30,4360.3,4363.1,4360.0,4362.5,1539
2025-06-19T12:43:00+05:30,4362.0,4370.2,4360.0,4365.9,5676
2025-06-19T12:44:00+05:30,4365.5,4370.7,4365.5,4370.1,3513
2025-06-19T12:45:00+05:30,4370.1,4370.1,4368.7,4370.0,3536
2025-06-19T12:46:00+05:30,4369.7,4370.8,4367.4,4370.0,5414
2025-06-19T12:47:00+05:30,4370.1,4370.9,4368.7,4370.1,682
2025-06-19T12:48:00+05:30,4370.2,4370.6,4367.4,4370.0,7709
2025-06-19T12:49:00+05:30,4370.1,4371.0,4370.0,4371.0,1201
2025-06-19T12:50:00+05:30,4370.4,4372.0,4370.0,4371.1,635
2025-06-19T12:51:00+05:30,4371.0,4371.3,4350.3,4354.6,5389
2025-06-19T12:52:00+05:30,4355.5,4355.5,4352.0,4354.7,722
2025-06-19T12:53:00+05:30,4354.7,4356.2,4353.0,4356.2,771
2025-06-19T12:54:00+05:30,4355.8,4363.0,4355.3,4356.9,421
2025-06-19T12:55:00+05:30,4358.4,4358.4,4354.6,4355.9,402
2025-06-19T12:56:00+05:30,4355.9,4356.3,4352.0,4354.0,478
2025-06-19T12:57:00+05:30,4354.0,4354.0,4352.1,4352.7,292
2025-06-19T12:58:00+05:30,4352.8,4353.2,4351.1,4352.6,461
2025-06-19T12:59:00+05:30,4353.0,4353.0,4351.1,4352.0,255
2025-06-19T13:00:00+05:30,4352.0,4372.0,4351.1,4370.0,3156
2025-06-19T13:01:00+05:30,4370.0,4372.0,4370.0,4370.1,674
2025-06-19T13:02:00+05:30,4370.0,4372.0,4368.4,4372.0,1266
2025-06-19T13:03:00+05:30,4371.0,4371.9,4370.0,4370.0,368
2025-06-19T13:04:00+05:30,4370.0,4371.7,4369.2,4370.1,290
2025-06-19T13:05:00+05:30,4370.2,4371.9,4368.5,4370.5,741
2025-06-19T13:06:00+05:30,4369.8,4371.0,4369.8,4370.2,720
2025-06-19T13:07:00+05:30,4370.2,4373.9,4370.1,4370.3,877
2025-06-19T13:08:00+05:30,4370.3,4371.9,4370.0,4370.7,386
2025-06-19T13:09:00+05:30,4370.7,4370.7,4370.0,4370.0,288
2025-06-19T13:10:00+05:30,4370.7,4370.7,4368.9,4369.1,693
2025-06-19T13:11:00+05:30,4369.2,4370.3,4369.0,4370.0,956
2025-06-19T13:12:00+05:30,4369.9,4370.3,4369.1,4370.0,439
2025-06-19T13:13:00+05:30,4370.0,4370.1,4368.1,4369.4,1325
2025-06-19T13:14:00+05:30,4369.2,4370.1,4369.1,4370.1,398
2025-06-19T13:15:00+05:30,4369.2,4370.1,4368.5,4368.5,353
2025-06-19T13:16:00+05:30,4368.6,4370.1,4366.6,4368.8,4173
2025-06-19T13:17:00+05:30,4367.6,4370.0,4361.7,4363.8,4446
2025-06-19T13:18:00+05:30,4362.2,4367.9,4359.3,4367.9,765
2025-06-19T13:19:00+05:30,4368.0,4369.2,4366.0,4366.0,431
2025-06-19T13:20:00+05:30,4366.0,4367.6,4364.8,4365.0,360
2025-06-19T13:21:00+05:30,4365.0,4369.1,4365.0,4368.3,585
2025-06-19T13:22:00+05:30,4368.3,4368.8,4366.0,4366.0,348
2025-06-19T13:23:00+05:30,4368.3,4370.0,4366.0,4368.1,400
2025-06-19T13:24:00+05:30,4369.9,4370.0,4367.8,4367.8,429
2025-06-19T13:25:00+05:30,4367.8,4370.0,4367.8,4370.0,387
2025-06-19T13:26:00+05:30,4370.0,4370.0,4364.0,4364.0,990
2025-06-19T13:27:00+05:30,4364.0,4368.0,4363.4,4366.4,569
2025-06-19T13:28:00+05:30,4366.4,4369.0,4365.9,4367.0,344
2025-06-19T13:29:00+05:30,4367.0,4368.5,4365.1,4368.0,394
2025-06-19T13:30:00+05:30,4368.5,4368.9,4365.3,4368.1,377
2025-06-19T13:31:00+05:30,4368.4,4370.0,4365.5,4369.0,364
2025-06-19T13:32:00+05:30,4369.0,4370.0,4367.6,4367.6,502
2025-06-19T13:33:00+05:30,4367.6,4369.3,4366.7,4368.3,317
2025-06-19T13:34:00+05:30,4369.0,4369.2,4366.7,4366.8,352
2025-06-19T13:35:00+05:30,4366.9,4369.9,4366.9,4369.6,596
2025-06-19T13:36:00+05:30,4369.6,4369.8,4367.1,4369.1,339
2025-06-19T13:37:00+05:30,4369.5,4369.9,4366.7,4367.1,342
2025-06-19T13:38:00+05:30,4367.9,4371.0,4366.6,4370.0,1232
2025-06-19T13:39:00+05:30,4370.0,4373.9,4368.5,4371.4,471
2025-06-19T13:40:00+05:30,4371.6,4373.0,4370.0,4370.0,239
2025-06-19T13:41:00+05:30,4370.1,4370.3,4370.0,4370.0,266
2025-06-19T13:42:00+05:30,4370.0,4370.6,4369.6,4370.0,286
2025-06-19T13:43:00+05:30,4370.0,4370.1,4370.0,4370.1,267
2025-06-19T13:44:00+05:30,4370.0,4370.5,4368.6,4370.5,469
2025-06-19T13:45:00+05:30,4370.0,4370.5,4370.0,4370.0,114
2025-06-19T13:46:00+05:30,4370.0,4370.2,4370.0,4370.0,323
2025-06-19T13:47:00+05:30,4370.0,4370.1,4369.1,4370.0,260
2025-06-19T13:48:00+05:30,4370.0,4371.6,4370.0,4371.5,241
2025-06-19T13:49:00+05:30,4371.5,4371.5,4370.0,4370.1,252
2025-06-19T13:50:00+05:30,4370.2,4370.8,4370.1,4370.2,170
2025-06-19T13:51:00+05:30,4370.2,4373.5,4370.1,4373.3,381
2025-06-19T13:52:00+05:30,4374.0,4376.0,4372.9,4373.2,934
2025-06-19T13:53:00+05:30,4373.2,4374.9,4373.2,4373.6,373
2025-06-19T13:54:00+05:30,4375.0,4380.4,4374.7,4379.8,2405
2025-06-19T13:55:00+05:30,4379.8,4379.8,4376.1,4377.3,301
2025-06-19T13:56:00+05:30,4377.3,4378.4,4376.3,4376.9,193
2025-06-19T13:57:00+05:30,4376.9,4378.0,4375.9,4376.4,330
2025-06-19T13:58:00+05:30,4377.0,4379.1,4376.4,4379.1,2839
2025-06-19T13:59:00+05:30,4379.1,4382.0,4378.5,4382.0,1087
2025-06-19T14:00:00+05:30,4383.0,4384.0,4380.9,4383.9,796
2025-06-19T14:01:00+05:30,4384.0,4384.7,4381.6,4383.5,316
2025-06-19T14:02:00+05:30,4383.0,4387.0,4383.0,4386.4,1005
2025-06-19T14:03:00+05:30,4386.4,4386.4,4383.9,4384.8,345
2025-06-19T14:04:00+05:30,4385.7,4385.7,4384.8,4384.8,424
2025-06-19T14:05:00+05:30,4384.8,4386.4,4384.8,4385.0,604
2025-06-19T14:06:00+05:30,4385.0,4385.6,4383.7,4384.1,318
2025-06-19T14:07:00+05:30,4384.4,4384.8,4380.9,4383.7,930
2025-06-19T14:08:00+05:30,4383.8,4385.1,4383.0,4383.8,469
2025-06-19T14:09:00+05:30,4383.0,4384.0,4383.0,4383.4,288
2025-06-19T14:10:00+05:30,4383.0,4383.3,4380.9,4380.9,670
2025-06-19T14:11:00+05:30,4380.9,4382.2,4380.1,4380.2,477
2025-06-19T14:12:00+05:30,4380.3,4381.7,4379.2,4380.0,188
2025-06-19T14:13:00+05:30,4379.8,4379.8,4377.7,4377.9,584
2025-06-19T14:14:00+05:30,4378.0,4379.5,4375.8,4379.5,457
2025-06-19T14:15:00+05:30,4379.5,4379.5,4375.9,4377.2,561
2025-06-19T14:16:00+05:30,4377.2,4380.0,4376.8,4378.9,310
2025-06-19T14:17:00+05:30,4378.9,4380.0,4378.5,4380.0,474
2025-06-19T14:18:00+05:30,4380.0,4384.0,4380.0,4384.0,769
2025-06-19T14:19:00+05:30,4383.4,4384.0,4382.4,4382.9,294
2025-06-19T14:20:00+05:30,4382.9,4383.7,4380.9,4383.0,325
2025-06-19T14:21:00+05:30,4383.7,4387.6,4383.7,4385.3,809
2025-06-19T14:22:00+05:30,4385.2,4385.2,4382.0,4383.0,358
2025-06-19T14:23:00+05:30,4383.0,4384.6,4382.9,4383.4,229
2025-06-19T14:24:00+05:30,4384.0,4386.8,4383.3,4383.6,890
2025-06-19T14:25:00+05:30,4383.5,4384.0,4383.0,4384.0,179
2025-06-19T14:26:00+05:30,4384.0,4384.0,4383.0,4383.8,141
2025-06-19T14:27:00+05:30,4383.8,4384.0,4380.7,4382.0,354
2025-06-19T14:28:00+05:30,4382.0,4382.7,4380.8,4381.0,139
2025-06-19T14:29:00+05:30,4381.0,4381.8,4380.0,4380.6,189
2025-06-19T14:30:00+05:30,4380.6,4383.5,4380.6,4382.1,507
2025-06-19T14:31:00+05:30,4382.1,4384.0,4381.2,4382.8,431
2025-06-19T14:32:00+05:30,4382.8,4384.0,4382.3,4383.7,469
2025-06-19T14:33:00+05:30,4384.0,4387.0,4382.7,4384.9,932
2025-06-19T14:34:00+05:30,4386.6,4386.6,4383.9,4384.9,345
2025-06-19T14:35:00+05:30,4386.0,4388.0,4384.9,4386.1,493
2025-06-19T14:36:00+05:30,4386.2,4387.4,4384.9,4384.9,296
2025-06-19T14:37:00+05:30,4386.3,4387.0,4384.9,4384.9,586
2025-06-19T14:38:00+05:30,4386.0,4387.1,4384.9,4386.3,492
2025-06-19T14:39:00+05:30,4385.5,4387.6,4385.5,4387.5,660
2025-06-19T14:40:00+05:30,4387.3,4388.0,4384.9,4384.9,399
2025-06-19T14:41:00+05:30,4384.9,4384.9,4378.3,4381.2,2664
2025-06-19T14:42:00+05:30,4379.7,4382.3,4378.1,4378.3,1803
2025-06-19T14:43:00+05:30,4378.2,4384.9,4378.2,4380.3,1232
2025-06-19T14:44:00+05:30,4380.5,4384.0,4378.9,4383.2,623
2025-06-19T14:45:00+05:30,4382.3,4386.2,4381.1,4384.2,391
2025-06-19T14:46:00+05:30,4384.2,4384.2,4381.3,4381.5,352
2025-06-19T14:47:00+05:30,4382.8,4383.5,4381.2,4381.2,374
2025-06-19T14:48:00+05:30,4382.3,4383.0,4380.2,4380.2,712
2025-06-19T14:49:00+05:30,4381.5,4381.5,4378.4,4378.4,338
2025-06-19T14:50:00+05:30,4378.5,4382.7,4378.5,4380.7,938
2025-06-19T14:51:00+05:30,4381.0,4382.5,4379.7,4380.4,343
2025-06-19T14:52:00+05:30,4380.3,4382.0,4380.2,4380.2,294
2025-06-19T14:53:00+05:30,4380.2,4382.6,4380.2,4382.1,308
2025-06-19T14:54:00+05:30,4382.1,4383.3,4380.1,4381.5,891
2025-06-19T14:55:00+05:30,4381.8,4382.2,4380.3,4381.2,471
2025-06-19T14:56:00+05:30,4381.2,4384.1,4381.2,4383.1,690
2025-06-19T14:57:00+05:30,4383.2,4387.5,4382.8,4387.5,1186
2025-06-19T14:58:00+05:30,4386.7,4391.6,4386.7,4390.3,3653
2025-06-19T14:59:00+05:30,4390.3,4391.1,4389.1,4389.2,545
2025-06-19T15:00:00+05:30,4390.4,4392.8,4386.3,4386.3,3671
2025-06-19T15:01:00+05:30,4386.0,4388.8,4385.0,4388.4,1270
2025-06-19T15:02:00+05:30,4388.4,4388.7,4387.6,4388.6,1425
2025-06-19T15:03:00+05:30,4388.6,4388.7,4384.8,4384.8,842
2025-06-19T15:04:00+05:30,4384.6,4385.9,4380.8,4383.3,1204
2025-06-19T15:05:00+05:30,4383.2,4383.9,4380.1,4383.1,1377
2025-06-19T15:06:00+05:30,4383.0,4386.1,4383.0,4383.1,1452
2025-06-19T15:07:00+05:30,4383.2,4384.8,4382.7,4383.8,916
2025-06-19T15:08:00+05:30,4383.8,4385.0,4383.1,4384.4,1538
2025-06-19T15:09:00+05:30,4384.3,4389.5,4382.7,4388.8,4457
2025-06-19T15:10:00+05:30,4389.1,4393.0,4386.1,4386.1,5560
2025-06-19T15:11:00+05:30,4386.2,4386.6,4385.7,4385.8,1941
2025-06-19T15:12:00+05:30,4385.7,4385.8,4382.0,4382.7,2486
2025-06-19T15:13:00+05:30,4383.1,4386.4,4382.7,4384.6,2320
2025-06-19T15:14:00+05:30,4384.8,4385.2,4383.0,4383.6,4139
2025-06-19T15:15:00+05:30,4384.2,4385.6,4382.9,4383.1,3787
2025-06-19T15:16:00+05:30,4384.7,4385.0,4383.0,4384.7,2507
2025-06-19T15:17:00+05:30,4385.0,4386.4,4382.5,4383.1,2199
2025-06-19T15:18:00+05:30,4382.5,4384.4,4381.0,4381.1,2322
2025-06-19T15:19:00+05:30,4381.2,4388.0,4381.1,4386.0,3277
2025-06-19T15:20:00+05:30,4386.0,4389.9,4386.0,4387.3,3426
2025-06-19T15:21:00+05:30,4387.3,4388.0,4385.7,4385.9,1483
2025-06-19T15:22:00+05:30,4386.0,4386.8,4384.8,4385.0,1877
2025-06-19T15:23:00+05:30,4385.0,4387.5,4383.4,4384.1,4169
2025-06-19T15:24:00+05:30,4383.7,4384.7,4374.0,4374.0,2512
2025-06-19T15:25:00+05:30,4374.0,4377.1,4372.1,4374.2,2109
2025-06-19T15:26:00+05:30,4374.7,4378.1,4373.6,4373.6,2056
2025-06-19T15:27:00+05:30,4374.3,4380.0,4372.1,4372.6,1958
2025-06-19T15:28:00+05:30,4372.6,4379.9,4372.4,4372.9,1740
2025-06-19T15:29:00+05:30,4374.0,4380.0,4370.8,4370.8,958
2025-06-20T09:15:00+05:30,4381.0,4382.4,4204.9,4249.0,34432
2025-06-20T09:16:00+05:30,4248.8,4304.1,4242.4,4278.6,39756
2025-06-20T09:17:00+05:30,4275.3,4316.7,4275.3,4302.8,12741
2025-06-20T09:18:00+05:30,4302.8,4305.4,4290.0,4293.8,5438
2025-06-20T09:19:00+05:30,4297.0,4297.0,4280.0,4295.0,8308
2025-06-20T09:20:00+05:30,4296.0,4309.4,4295.3,4300.9,3985
2025-06-20T09:21:00+05:30,4300.5,4303.9,4295.0,4295.0,3857
2025-06-20T09:22:00+05:30,4294.5,4300.0,4277.6,4284.7,40697
2025-06-20T09:23:00+05:30,4282.9,4301.2,4277.3,4282.4,34919
2025-06-20T09:24:00+05:30,4284.3,4287.9,4272.2,4286.9,6927
2025-06-20T09:25:00+05:30,4285.9,4297.9,4280.5,4297.5,6015
2025-06-20T09:26:00+05:30,4297.2,4302.8,4293.2,4295.4,4837
2025-06-20T09:27:00+05:30,4294.4,4297.7,4291.9,4296.7,1714
2025-06-20T09:28:00+05:30,4296.8,4297.0,4288.0,4288.0,3626
2025-06-20T09:29:00+05:30,4289.3,4296.6,4285.0,4292.0,3645
2025-06-20T09:30:00+05:30,4294.8,4301.7,4292.0,4296.0,3871
2025-06-20T09:31:00+05:30,4295.9,4306.9,4288.0,4305.3,15134
2025-06-20T09:32:00+05:30,4307.0,4312.2,4294.2,4300.8,8325
2025-06-20T09:33:00+05:30,4300.0,4304.4,4296.6,4304.0,5846
2025-06-20T09:34:00+05:30,4304.0,4309.0,4300.1,4307.2,1965
2025-06-20T09:35:00+05:30,4306.2,4319.0,4306.2,4313.9,4771
2025-06-20T09:36:00+05:30,4316.5,4316.5,4303.0,4303.0,3153
2025-06-20T09:37:00+05:30,4303.0,4305.5,4302.3,4303.4,763
2025-06-20T09:38:00+05:30,4303.3,4310.5,4302.5,4308.3,878
2025-06-20T09:39:00+05:30,4308.3,4308.3,4304.6,4305.8,373
2025-06-20T09:40:00+05:30,4305.0,4306.9,4300.0,4301.4,1913
2025-06-20T09:41:00+05:30,4301.4,4308.0,4301.4,4306.3,568
2025-06-20T09:42:00+05:30,4304.6,4308.0,4301.3,4307.4,1238
2025-06-20T09:43:00+05:30,4309.0,4309.0,4304.3,4307.8,662
2025-06-20T09:44:00+05:30,4307.0,4309.2,4304.7,4308.3,751
2025-06-20T09:45:00+05:30,4307.1,4312.0,4306.0,4306.0,1555
2025-06-20T09:46:00+05:30,4305.9,4306.0,4300.0,4300.0,1413
2025-06-20T09:47:00+05:30,4300.4,4304.4,4300.0,4301.8,1865
2025-06-20T09:48:00+05:30,4301.0,4304.2,4289.0,4292.7,3136
2025-06-20T09:49:00+05:30,4292.9,4293.5,4286.0,4288.4,3057
2025-06-20T09:50:00+05:30,4289.0,4295.0,4288.5,4290.0,31352
2025-06-20T09:51:00+05:30,4290.3,4290.3,4280.3,4283.0,11813
2025-06-20T09:52:00+05:30,4283.0,4288.1,4280.3,4288.1,1313
2025-06-20T09:53:00+05:30,4286.5,4287.8,4278.0,4278.0,3416
2025-06-20T09:54:00+05:30,4277.9,4281.0,4269.9,4280.4,5523
2025-06-20T09:55:00+05:30,4280.6,4285.0,4279.0,4282.8,1111
2025-06-20T09:56:00+05:30,4281.4,4281.4,4276.1,4280.0,1997
2025-06-20T09:57:00+05:30,4278.6,4281.4,4277.1,4277.1,671
2025-06-20T09:58:00+05:30,4278.3,4280.9,4277.0,4278.0,568
2025-06-20T09:59:00+05:30,4278.5,4278.5,4270.9,4271.6,3338
2025-06-20T10:00:00+05:30,4271.6,4278.4,4271.5,4277.0,695
2025-06-20T10:01:00+05:30,4277.0,4277.7,4274.9,4276.8,539
2025-06-20T10:02:00+05:30,4276.9,4280.0,4272.9,4277.0,966
2025-06-20T10:03:00+05:30,4277.3,4284.7,4275.0,4280.9,1351
2025-06-20T10:04:00+05:30,4280.9,4281.9,4272.8,4275.0,1547
2025-06-20T10:05:00+05:30,4276.5,4277.8,4271.0,4271.8,1477
2025-06-20T10:06:00+05:30,4271.4,4276.5,4270.0,4271.4,2476
2025-06-20T10:07:00+05:30,4271.4,4271.4,4266.3,4267.0,2701
2025-06-20T10:08:00+05:30,4267.1,4275.0,4267.0,4273.5,1209
2025-06-20T10:09:00+05:30,4273.7,4276.4,4271.9,4275.0,601
2025-06-20T10:10:00+05:30,4272.4,4275.0,4270.8,4271.8,950
2025-06-20T10:11:00+05:30,4270.8,4276.0,4270.0,4276.0,1161
2025-06-20T10:12:00+05:30,4276.0,4283.8,4276.0,4283.2,1251
2025-06-20T10:13:00+05:30,4283.2,4293.0,4282.2,4288.7,5995
2025-06-20T10:14:00+05:30,4288.7,4290.4,4278.6,4282.4,3474
2025-06-20T10:15:00+05:30,4282.1,4288.0,4279.5,4284.9,1720
2025-06-20T10:16:00+05:30,4286.1,4287.5,4280.9,4282.3,1001
2025-06-20T10:17:00+05:30,4282.3,4289.6,4282.0,4284.4,925
2025-06-20T10:18:00+05:30,4285.7,4287.0,4283.1,4284.5,1066
2025-06-20T10:19:00+05:30,4284.4,4286.3,4281.7,4285.0,1089
2025-06-20T10:20:00+05:30,4285.5,4288.0,4285.0,4285.4,651
2025-06-20T10:21:00+05:30,4285.1,4287.9,4284.3,4286.9,1528
2025-06-20T10:22:00+05:30,4287.4,4287.9,4285.0,4286.7,654
2025-06-20T10:23:00+05:30,4286.7,4288.0,4283.2,4284.2,1850
2025-06-20T10:24:00+05:30,4284.2,4286.5,4284.2,4285.1,1019
2025-06-20T10:25:00+05:30,4285.6,4285.8,4280.0,4281.3,1661
2025-06-20T10:26:00+05:30,4280.6,4285.0,4280.3,4284.5,871
2025-06-20T10:27:00+05:30,4284.6,4296.0,4284.4,4291.8,2999
2025-06-20T10:28:00+05:30,4291.6,4291.9,4288.1,4290.9,980
2025-06-20T10:29:00+05:30,4290.9,4296.0,4290.0,4295.7,1586
2025-06-20T10:30:00+05:30,4296.0,4296.0,4288.4,4290.3,3138
2025-06-20T10:31:00+05:30,4290.3,4291.8,4288.2,4288.2,1542
2025-06-20T10:32:00+05:30,4288.8,4288.8,4285.0,4285.2,1672
2025-06-20T10:33:00+05:30,4285.2,4288.3,4284.5,4286.5,805
2025-06-20T10:34:00+05:30,4286.5,4288.1,4285.0,4286.9,946
2025-06-20T10:35:00+05:30,4287.8,4289.9,4287.8,4288.0,430
2025-06-20T10:36:00+05:30,4288.5,4288.5,4284.5,4284.6,1207
2025-06-20T10:37:00+05:30,4284.6,4287.3,4280.0,4287.3,1760
2025-06-20T10:38:00+05:30,4287.4,4288.0,4283.6,4283.6,403
2025-06-20T10:39:00+05:30,4283.6,4291.0,4282.0,4289.0,2421
2025-06-20T10:40:00+05:30,4289.1,4292.0,4289.0,4289.8,1070
2025-06-20T10:41:00+05:30,4290.1,4290.1,4289.0,4289.4,309
2025-06-20T10:42:00+05:30,4289.2,4291.1,4288.9,4289.1,3552
2025-06-20T10:43:00+05:30,4288.9,4290.7,4288.9,4290.6,434
2025-06-20T10:44:00+05:30,4290.0,4290.6,4288.0,4288.9,4242
2025-06-20T10:45:00+05:30,4289.0,4291.0,4287.1,4288.7,6142
2025-06-20T10:46:00+05:30,4288.8,4289.2,4288.0,4288.9,4534
2025-06-20T10:47:00+05:30,4288.9,4289.2,4275.0,4275.2,5294
2025-06-20T10:48:00+05:30,4275.2,4281.5,4273.3,4280.0,4896
2025-06-20T10:49:00+05:30,4280.1,4283.0,4280.0,4281.3,1241
2025-06-20T10:50:00+05:30,4281.2,4282.0,4280.0,4280.8,842
2025-06-20T10:51:00+05:30,4280.5,4282.0,4280.4,4281.5,718
2025-06-20T10:52:00+05:30,4281.2,4288.0,4280.0,4285.7,1280
2025-06-20T10:53:00+05:30,4286.5,4287.1,4284.0,4285.1,547
2025-06-20T10:54:00+05:30,4284.0,4287.9,4283.6,4286.7,577
2025-06-20T10:55:00+05:30,4287.6,4287.6,4282.0,4282.7,859
2025-06-20T10:56:00+05:30,4282.6,4286.9,4282.0,4283.1,29316
2025-06-20T10:57:00+05:30,4283.1,4283.8,4282.0,4282.0,598
2025-06-20T10:58:00+05:30,4282.0,4282.0,4278.0,4279.4,1332
2025-06-20T10:59:00+05:30,4279.4,4279.4,4275.0,4275.0,2223
2025-06-20T11:00:00+05:30,4274.4,4279.2,4273.7,4276.6,4645
2025-06-20T11:01:00+05:30,4276.4,4281.1,4275.6,4280.0,3101
2025-06-20T11:02:00+05:30,4280.0,4280.7,4276.4,4278.5,9856
2025-06-20T11:03:00+05:30,4278.5,4278.5,4272.0,4275.0,2413
2025-06-20T11:04:00+05:30,4274.6,4275.2,4272.4,4275.0,2107
2025-06-20T11:05:00+05:30,4274.0,4277.3,4273.5,4276.0,11729
2025-06-20T11:06:00+05:30,4276.1,4277.2,4275.2,4276.3,536
2025-06-20T11:07:00+05:30,4276.3,4288.2,4276.3,4288.1,3159
2025-06-20T11:08:00+05:30,4285.4,4288.4,4285.1,4287.1,1654
2025-06-20T11:09:00+05:30,4288.1,4289.0,4284.5,4286.5,1247
2025-06-20T11:10:00+05:30,4285.3,4286.5,4284.0,4285.2,730
2025-06-20T11:11:00+05:30,4284.7,4289.0,4284.2,4286.3,965
2025-06-20T11:12:00+05:30,4287.4,4289.7,4286.2,4287.1,537
2025-06-20T11:13:00+05:30,4289.1,4291.0,4287.8,4290.0,2167
2025-06-20T11:14:00+05:30,4290.2,4291.2,4290.0,4290.0,1277
2025-06-20T11:15:00+05:30,4290.0,4290.1,4285.5,4290.0,1955
2025-06-20T11:16:00+05:30,4290.1,4294.2,4289.0,4293.3,1082
2025-06-20T11:17:00+05:30,4292.3,4292.7,4289.0,4290.0,1028
2025-06-20T11:18:00+05:30,4290.0,4292.7,4289.0,4292.5,1455
2025-06-20T11:19:00+05:30,4292.5,4293.6,4290.4,4290.5,2017
2025-06-20T11:20:00+05:30,4290.5,4291.2,4289.0,4290.0,925
2025-06-20T11:21:00+05:30,4290.0,4290.0,4285.9,4287.7,1699
2025-06-20T11:22:00+05:30,4287.6,4288.7,4286.6,4288.3,253
2025-06-20T11:23:00+05:30,4287.8,4288.4,4286.8,4287.1,193
2025-06-20T11:24:00+05:30,4287.1,4289.9,4287.1,4288.1,886
2025-06-20T11:25:00+05:30,4288.1,4289.1,4287.0,4287.0,131
2025-06-20T11:26:00+05:30,4287.0,4289.7,4287.0,4289.7,310
2025-06-20T11:27:00+05:30,4288.2,4289.7,4288.0,4289.7,226
2025-06-20T11:28:00+05:30,4288.8,4289.7,4288.0,4288.0,342
2025-06-20T11:29:00+05:30,4288.1,4289.3,4288.0,4288.7,194
2025-06-20T11:30:00+05:30,4289.7,4290.0,4288.0,4289.2,556
2025-06-20T11:31:00+05:30,4289.0,4289.7,4288.0,4288.7,366
2025-06-20T11:32:00+05:30,4289.3,4290.0,4289.0,4290.0,162
2025-06-20T11:33:00+05:30,4289.9,4290.0,4289.0,4289.8,178
2025-06-20T11:34:00+05:30,4289.4,4294.9,4289.3,4292.8,3242
2025-06-20T11:35:00+05:30,4292.8,4294.0,4292.4,4293.9,596
2025-06-20T11:36:00+05:30,4293.9,4294.9,4290.1,4292.5,1144
2025-06-20T11:37:00+05:30,4293.8,4303.0,4293.8,4299.7,5613
2025-06-20T11:38:00+05:30,4299.7,4305.0,4299.7,4303.1,2091
2025-06-20T11:39:00+05:30,4303.1,4308.8,4301.5,4306.3,2412
2025-06-20T11:40:00+05:30,4307.4,4314.6,4306.2,4311.2,4596
2025-06-20T11:41:00+05:30,4311.2,4324.2,4311.2,4321.1,7642
2025-06-20T11:42:00+05:30,4322.0,4325.0,4320.5,4323.0,4260
2025-06-20T11:43:00+05:30,4322.6,4333.0,4320.7,4329.7,5850
2025-06-20T11:44:00+05:30,4331.1,4333.1,4327.9,4330.1,2594
2025-06-20T11:45:00+05:30,4331.2,4333.0,4325.6,4326.8,1802
2025-06-20T11:46:00+05:30,4326.8,4328.8,4323.9,4328.7,2867
2025-06-20T11:47:00+05:30,4328.1,4330.0,4327.1,4329.7,1347
2025-06-20T11:48:00+05:30,4329.7,4338.9,4329.7,4335.0,3696
2025-06-20T11:49:00+05:30,4336.1,4344.0,4336.1,4341.8,3887
2025-06-20T11:50:00+05:30,4341.8,4341.8,4337.8,4339.5,866
2025-06-20T11:51:00+05:30,4339.5,4341.8,4336.1,4338.8,3237
2025-06-20T11:52:00+05:30,4338.8,4345.0,4338.8,4342.8,2181
2025-06-20T11:53:00+05:30,4343.6,4345.0,4338.1,4338.6,1752
2025-06-20T11:54:00+05:30,4338.8,4344.1,4338.6,4342.9,1263
2025-06-20T11:55:00+05:30,4344.0,4350.0,4342.0,4349.2,5612
2025-06-20T11:56:00+05:30,4347.0,4349.5,4343.4,4344.8,1536
2025-06-20T11:57:00+05:30,4344.8,4350.0,4344.8,4349.6,2275
2025-06-20T11:58:00+05:30,4349.9,4354.9,4349.6,4350.2,3851
2025-06-20T11:59:00+05:30,4352.4,4352.4,4344.0,4345.8,1623
2025-06-20T12:00:00+05:30,4346.6,4348.2,4345.8,4346.4,727
2025-06-20T12:01:00+05:30,4346.4,4348.6,4345.3,4347.2,1467
2025-06-20T12:02:00+05:30,4347.0,4349.0,4346.6,4346.8,1585
2025-06-20T12:03:00+05:30,4346.0,4353.0,4345.5,4353.0,1554
2025-06-20T12:04:00+05:30,4353.0,4355.0,4353.0,4355.0,618
2025-06-20T12:05:00+05:30,4354.8,4355.0,4349.0,4350.0,1046
2025-06-20T12:06:00+05:30,4350.0,4350.0,4340.1,4340.7,1698
2025-06-20T12:07:00+05:30,4340.0,4340.0,4330.6,4337.2,3056
2025-06-20T12:08:00+05:30,4337.5,4341.7,4337.2,4340.0,2500
2025-06-20T12:09:00+05:30,4339.9,4341.9,4339.3,4341.9,638
2025-06-20T12:10:00+05:30,4341.0,4342.8,4338.9,4342.1,453
2025-06-20T12:11:00+05:30,4341.4,4342.0,4338.4,4338.4,320
2025-06-20T12:12:00+05:30,4338.4,4342.0,4336.3,4340.3,639
2025-06-20T12:13:00+05:30,4340.3,4341.7,4338.7,4338.7,763
2025-06-20T12:14:00+05:30,4338.8,4341.6,4338.6,4339.8,349
2025-06-20T12:15:00+05:30,4338.7,4341.1,4338.7,4339.8,335
2025-06-20T12:16:00+05:30,4339.8,4340.0,4333.0,4333.0,1016
2025-06-20T12:17:00+05:30,4334.3,4337.4,4332.8,4334.5,1839
2025-06-20T12:18:00+05:30,4334.5,4334.9,4333.0,4333.0,297
2025-06-20T12:19:00+05:30,4333.0,4333.6,4326.0,4326.4,1535
2025-06-20T12:20:00+05:30,4326.4,4327.1,4316.4,4318.1,9902
2025-06-20T12:21:00+05:30,4316.1,4321.6,4315.7,4319.7,2324
2025-06-20T12:22:00+05:30,4319.5,4324.1,4317.4,4322.0,636
2025-06-20T12:23:00+05:30,4322.1,4322.9,4320.1,4320.1,325
2025-06-20T12:24:00+05:30,4320.1,4321.1,4316.1,4317.0,539
2025-06-20T12:25:00+05:30,4317.0,4317.0,4306.8,4310.0,1624
2025-06-20T12:26:00+05:30,4311.4,4311.4,4305.0,4306.8,3274
2025-06-20T12:27:00+05:30,4306.8,4309.1,4301.2,4303.7,2614
2025-06-20T12:28:00+05:30,4303.7,4308.5,4303.1,4308.5,594
2025-06-20T12:29:00+05:30,4308.5,4309.5,4306.0,4307.7,1364
2025-06-20T12:30:00+05:30,4308.4,4309.5,4304.0,4304.0,2212
2025-06-20T12:31:00+05:30,4305.4,4305.4,4296.0,4296.0,3231
2025-06-20T12:32:00+05:30,4296.7,4298.0,4291.2,4291.2,1278
2025-06-20T12:33:00+05:30,4292.0,4295.0,4290.0,4295.0,1643
2025-06-20T12:34:00+05:30,4293.2,4295.0,4291.4,4292.3,564
2025-06-20T12:35:00+05:30,4292.0,4293.8,4290.2,4293.8,1168
2025-06-20T12:36:00+05:30,4293.3,4297.0,4290.0,4296.0,1847
2025-06-20T12:37:00+05:30,4296.2,4296.5,4293.0,4294.0,1535
2025-06-20T12:38:00+05:30,4293.6,4296.6,4293.0,4295.3,902
2025-06-20T12:39:00+05:30,4295.7,4302.4,4295.1,4297.3,1344
2025-06-20T12:40:00+05:30,4297.7,4299.3,4295.2,4295.2,1463
2025-06-20T12:41:00+05:30,4296.0,4298.6,4295.0,4297.7,765
2025-06-20T12:42:00+05:30,4298.4,4303.3,4296.1,4300.4,807
2025-06-20T12:43:00+05:30,4301.0,4306.0,4300.9,4303.1,1828
2025-06-20T12:44:00+05:30,4303.6,4310.0,4303.1,4310.0,1783
2025-06-20T12:45:00+05:30,4308.5,4310.0,4306.9,4310.0,1105
2025-06-20T12:46:00+05:30,4311.6,4313.3,4310.0,4311.8,1091
2025-06-20T12:47:00+05:30,4313.3,4318.0,4313.3,4315.2,1023
2025-06-20T12:48:00+05:30,4315.2,4316.0,4312.3,4315.0,920
2025-06-20T12:49:00+05:30,4314.3,4314.3,4307.2,4307.2,1035
2025-06-20T12:50:00+05:30,4308.6,4312.1,4307.0,4310.0,1464
2025-06-20T12:51:00+05:30,4311.6,4315.0,4311.3,4314.0,910
2025-06-20T12:52:00+05:30,4314.5,4315.0,4309.0,4309.0,954
2025-06-20T12:53:00+05:30,4309.1,4310.0,4307.2,4308.9,1120
2025-06-20T12:54:00+05:30,4307.4,4313.0,4307.4,4312.9,1315
2025-06-20T12:55:00+05:30,4312.7,4313.2,4307.8,4308.0,775
2025-06-20T12:56:00+05:30,4308.6,4311.4,4308.0,4308.0,546
2025-06-20T12:57:00+05:30,4308.0,4310.9,4304.2,4307.1,1113
2025-06-20T12:58:00+05:30,4307.1,4309.6,4307.1,4309.1,516
2025-06-20T12:59:00+05:30,4309.2,4310.0,4305.6,4307.0,1150
2025-06-20T13:00:00+05:30,4306.9,4307.1,4302.1,4305.4,730
2025-06-20T13:01:00+05:30,4305.1,4310.0,4304.1,4310.0,906
2025-06-20T13:02:00+05:30,4309.3,4313.5,4308.0,4310.2,688
2025-06-20T13:03:00+05:30,4312.2,4312.2,4310.0,4311.4,769
2025-06-20T13:04:00+05:30,4310.8,4313.2,4310.2,4310.2,816
2025-06-20T13:05:00+05:30,4310.2,4313.5,4310.0,4311.9,943
2025-06-20T13:06:00+05:30,4311.9,4313.4,4310.3,4313.2,246
2025-06-20T13:07:00+05:30,4313.5,4316.1,4313.5,4314.6,1169
2025-06-20T13:08:00+05:30,4314.6,4315.0,4313.3,4315.0,339
2025-06-20T13:09:00+05:30,4314.9,4323.0,4314.9,4319.4,4142
2025-06-20T13:10:00+05:30,4320.0,4325.0,4319.8,4323.7,642
2025-06-20T13:11:00+05:30,4324.4,4325.0,4320.5,4320.6,723
2025-06-20T13:12:00+05:30,4322.1,4324.8,4321.5,4324.1,694
2025-06-20T13:13:00+05:30,4324.3,4324.9,4321.0,4321.0,732
2025-06-20T13:14:00+05:30,4321.0,4323.2,4320.0,4321.2,738
2025-06-20T13:15:00+05:30,4321.0,4321.2,4317.8,4318.1,994
2025-06-20T13:16:00+05:30,4318.2,4319.3,4316.6,4317.5,1276
2025-06-20T13:17:00+05:30,4317.9,4319.5,4310.0,4313.5,1001
2025-06-20T13:18:00+05:30,4312.7,4320.2,4312.0,4317.1,1730
2025-06-20T13:19:00+05:30,4318.0,4318.5,4316.0,4316.9,556
2025-06-20T13:20:00+05:30,4317.0,4317.6,4312.5,4315.7,834
2025-06-20T13:21:00+05:30,4315.7,4318.5,4315.0,4315.7,740
2025-06-20T13:22:00+05:30,4315.8,4318.5,4315.2,4316.0,906
2025-06-20T13:23:00+05:30,4315.9,4319.0,4315.9,4318.6,574
2025-06-20T13:24:00+05:30,4318.6,4319.1,4316.4,4317.2,1344
2025-06-20T13:25:00+05:30,4316.5,4317.6,4315.0,4315.2,771
2025-06-20T13:26:00+05:30,4315.1,4321.6,4315.1,4320.3,496
2025-06-20T13:27:00+05:30,4320.2,4320.2,4317.5,4317.8,622
2025-06-20T13:28:00+05:30,4317.9,4319.7,4316.4,4317.6,714
2025-06-20T13:29:00+05:30,4319.0,4319.9,4316.7,4319.0,431
2025-06-20T13:30:00+05:30,4319.0,4320.3,4318.3,4320.1,735
2025-06-20T13:31:00+05:30,4320.1,4320.3,4318.4,4318.6,792
2025-06-20T13:32:00+05:30,4319.5,4321.9,4317.7,4318.0,600
2025-06-20T13:33:00+05:30,4318.1,4319.6,4317.0,4317.0,479
2025-06-20T13:34:00+05:30,4317.0,4317.0,4312.7,4312.7,719
2025-06-20T13:35:00+05:30,4312.5,4315.3,4312.2,4314.0,597
2025-06-20T13:36:00+05:30,4314.7,4314.9,4309.1,4310.1,1306
2025-06-20T13:37:00+05:30,4311.1,4314.1,4309.9,4312.1,598
2025-06-20T13:38:00+05:30,4312.2,4314.9,4311.6,4312.9,740
2025-06-20T13:39:00+05:30,4312.7,4314.2,4311.4,4311.4,746
2025-06-20T13:40:00+05:30,4311.5,4312.5,4308.4,4308.9,1030
2025-06-20T13:41:00+05:30,4308.4,4309.2,4305.0,4306.9,1246
2025-06-20T13:42:00+05:30,4305.6,4308.7,4305.6,4306.6,300
2025-06-20T13:43:00+05:30,4307.4,4312.0,4307.4,4312.0,688
2025-06-20T13:44:00+05:30,4312.0,4312.3,4310.2,4310.2,339
2025-06-20T13:45:00+05:30,4310.3,4311.8,4309.0,4309.0,628
2025-06-20T13:46:00+05:30,4310.2,4311.8,4308.0,4309.7,587
2025-06-20T13:47:00+05:30,4309.8,4312.6,4309.6,4310.8,447
2025-06-20T13:48:00+05:30,4312.2,4312.5,4307.7,4310.2,622
2025-06-20T13:49:00+05:30,4309.5,4312.5,4309.5,4311.7,233
2025-06-20T13:50:00+05:30,4312.2,4312.8,4308.9,4309.0,485
2025-06-20T13:51:00+05:30,4309.1,4312.8,4309.1,4312.7,297
2025-06-20T13:52:00+05:30,4312.8,4315.0,4312.8,4314.3,750
2025-06-20T13:53:00+05:30,4314.4,4319.0,4314.0,4318.2,666
2025-06-20T13:54:00+05:30,4318.8,4320.0,4317.3,4317.8,753
2025-06-20T13:55:00+05:30,4317.3,4320.0,4315.2,4316.2,538
2025-06-20T13:56:00+05:30,4316.9,4318.5,4313.2,4314.1,942
2025-06-20T13:57:00+05:30,4315.4,4315.4,4310.6,4310.6,1122
2025-06-20T13:58:00+05:30,4310.6,4312.2,4310.0,4312.2,556
2025-06-20T13:59:00+05:30,4312.2,4313.3,4310.0,4311.2,490
2025-06-20T14:00:00+05:30,4310.9,4313.1,4310.6,4312.4,420
2025-06-20T14:01:00+05:30,4312.4,4315.1,4311.5,4312.4,506
2025-06-20T14:02:00+05:30,4313.3,4314.8,4311.0,4312.4,418
2025-06-20T14:03:00+05:30,4312.1,4314.2,4311.0,4311.2,705
2025-06-20T14:04:00+05:30,4311.3,4312.0,4310.5,4310.5,880
2025-06-20T14:05:00+05:30,4310.0,4311.4,4307.3,4311.4,675
2025-06-20T14:06:00+05:30,4311.3,4314.2,4311.1,4312.8,519
2025-06-20T14:07:00+05:30,4312.7,4314.7,4303.1,4303.4,2374
2025-06-20T14:08:00+05:30,4303.9,4306.8,4300.0,4302.0,2356
2025-06-20T14:09:00+05:30,4301.1,4303.8,4300.9,4301.9,842
2025-06-20T14:10:00+05:30,4301.9,4302.9,4300.0,4300.1,775
2025-06-20T14:11:00+05:30,4300.1,4302.9,4299.1,4302.6,2340
2025-06-20T14:12:00+05:30,4302.5,4302.9,4300.2,4302.9,1002
2025-06-20T14:13:00+05:30,4302.3,4308.4,4302.3,4306.9,708
2025-06-20T14:14:00+05:30,4306.9,4307.6,4303.7,4305.5,829
2025-06-20T14:15:00+05:30,4305.5,4311.2,4305.1,4309.0,671
2025-06-20T14:16:00+05:30,4308.3,4310.9,4307.5,4307.9,805
2025-06-20T14:17:00+05:30,4309.4,4310.0,4307.4,4309.0,343
2025-06-20T14:18:00+05:30,4308.0,4312.0,4307.4,4307.9,1128
2025-06-20T14:19:00+05:30,4307.3,4310.4,4306.4,4308.3,599
2025-06-20T14:20:00+05:30,4308.1,4310.5,4307.6,4309.6,529
2025-06-20T14:21:00+05:30,4310.5,4310.5,4308.2,4310.3,497
2025-06-20T14:22:00+05:30,4310.3,4310.5,4308.4,4308.9,651
2025-06-20T14:23:00+05:30,4309.4,4312.7,4309.4,4310.0,673
2025-06-20T14:24:00+05:30,4310.0,4311.9,4309.4,4309.7,681
2025-06-20T14:25:00+05:30,4309.7,4311.2,4308.0,4309.6,352
2025-06-20T14:26:00+05:30,4309.4,4309.4,4305.7,4308.3,495
2025-06-20T14:27:00+05:30,4308.3,4308.3,4305.0,4306.3,829
2025-06-20T14:28:00+05:30,4305.5,4307.0,4304.3,4304.6,595
2025-06-20T14:29:00+05:30,4304.6,4306.1,4301.8,4305.2,1241
2025-06-20T14:30:00+05:30,4305.2,4306.2,4303.4,4306.2,263
2025-06-20T14:31:00+05:30,4306.1,4307.0,4304.5,4305.0,882
2025-06-20T14:32:00+05:30,4305.0,4305.1,4303.3,4304.4,674
2025-06-20T14:33:00+05:30,4304.4,4306.9,4304.2,4306.9,570
2025-06-20T14:34:00+05:30,4305.1,4307.0,4300.9,4300.9,909
2025-06-20T14:35:00+05:30,4301.8,4310.3,4300.6,4310.3,2483
2025-06-20T14:36:00+05:30,4310.4,4310.9,4306.4,4309.5,1331
2025-06-20T14:37:00+05:30,4309.0,4311.0,4309.0,4310.0,1011
2025-06-20T14:38:00+05:30,4310.9,4311.2,4310.0,4311.2,1058
2025-06-20T14:39:00+05:30,4311.9,4313.0,4310.4,4311.4,694
2025-06-20T14:40:00+05:30,4311.8,4314.0,4310.1,4311.1,735
2025-06-20T14:41:00+05:30,4311.1,4316.3,4311.1,4314.5,901
2025-06-20T14:42:00+05:30,4313.9,4315.3,4312.6,4312.6,604
2025-06-20T14:43:00+05:30,4312.6,4313.7,4312.0,4312.6,378
2025-06-20T14:44:00+05:30,4312.5,4314.1,4312.5,4313.1,626
2025-06-20T14:45:00+05:30,4313.1,4313.3,4310.6,4311.8,481
2025-06-20T14:46:00+05:30,4311.4,4312.1,4309.1,4309.1,572
2025-06-20T14:47:00+05:30,4309.1,4310.7,4306.2,4309.5,1021
2025-06-20T14:48:00+05:30,4308.6,4313.7,4308.6,4311.5,703
2025-06-20T14:49:00+05:30,4312.6,4313.6,4311.1,4311.1,518
2025-06-20T14:50:00+05:30,4312.5,4314.8,4311.1,4311.9,575
2025-06-20T14:51:00+05:30,4311.0,4313.5,4310.0,4311.3,1472
2025-06-20T14:52:00+05:30,4311.2,4315.2,4311.2,4315.2,1248
2025-06-20T14:53:00+05:30,4315.0,4315.1,4313.7,4315.0,557
2025-06-20T14:54:00+05:30,4315.0,4316.0,4314.5,4315.5,653
2025-06-20T14:55:00+05:30,4315.5,4316.4,4315.2,4315.2,766
2025-06-20T14:56:00+05:30,4315.2,4316.0,4313.5,4316.0,806
2025-06-20T14:57:00+05:30,4314.9,4318.1,4313.8,4314.4,1450
2025-06-20T14:58:00+05:30,4314.6,4315.9,4314.4,4315.0,1002
2025-06-20T14:59:00+05:30,4315.8,4316.0,4312.8,4315.0,728
2025-06-20T15:00:00+05:30,4314.9,4345.5,4313.4,4334.2,21157
2025-06-20T15:01:00+05:30,4335.6,4342.8,4330.0,4336.8,12722
2025-06-20T15:02:00+05:30,4336.8,4342.0,4335.4,4340.2,11315
2025-06-20T15:03:00+05:30,4340.2,4341.6,4334.7,4336.1,9729
2025-06-20T15:04:00+05:30,4336.0,4345.0,4335.2,4344.7,8584
2025-06-20T15:05:00+05:30,4343.5,4347.0,4340.8,4343.1,9890
2025-06-20T15:06:00+05:30,4343.8,4352.9,4342.7,4350.0,9952
2025-06-20T15:07:00+05:30,4348.6,4350.9,4346.5,4349.5,9459
2025-06-20T15:08:00+05:30,4348.3,4362.0,4348.3,4360.0,11179
2025-06-20T15:09:00+05:30,4359.8,4361.6,4348.7,4348.7,13246
2025-06-20T15:10:00+05:30,4349.5,4356.8,4342.5,4345.5,14320
2025-06-20T15:11:00+05:30,4344.4,4346.1,4330.0,4337.3,21958
2025-06-20T15:12:00+05:30,4336.3,4337.3,4326.8,4327.2,15172
2025-06-20T15:13:00+05:30,4327.2,4337.0,4326.8,4332.1,11441
2025-06-20T15:14:00+05:30,4332.8,4336.9,4330.5,4332.4,11486
2025-06-20T15:15:00+05:30,4333.3,4334.3,4328.0,4328.2,11187
2025-06-20T15:16:00+05:30,4330.3,4338.0,4327.5,4330.9,11361
2025-06-20T15:17:00+05:30,4330.9,4333.3,4328.2,4329.0,11517
2025-06-20T15:18:00+05:30,4329.1,4332.5,4325.0,4332.5,10879
2025-06-20T15:19:00+05:30,4330.8,4336.4,4329.3,4335.9,14776
2025-06-20T15:20:00+05:30,4333.5,4342.6,4332.2,4339.2,18808
2025-06-20T15:21:00+05:30,4339.5,4354.7,4338.8,4350.8,15282
2025-06-20T15:22:00+05:30,4350.8,4357.8,4347.0,4350.6,16533
2025-06-20T15:23:00+05:30,4350.6,4352.0,4340.1,4340.2,12445
2025-06-20T15:24:00+05:30,4342.7,4342.7,4331.8,4333.0,13454
2025-06-20T15:25:00+05:30,4333.0,4337.2,4330.5,4333.1,11046
2025-06-20T15:26:00+05:30,4335.3,4337.3,4323.5,4327.9,13471
2025-06-20T15:27:00+05:30,4327.9,4347.3,4324.6,4344.4,14142
2025-06-20T15:28:00+05:30,4344.4,4345.3,4329.0,4329.0,5229
2025-06-20T15:29:00+05:30,4329.0,4335.4,4325.0,4331.1,3296
2025-06-23T09:15:00+05:30,4320.1,4324.7,4292.8,4294.5,3441
2025-06-23T09:16:00+05:30,4297.1,4306.2,4288.4,4295.8,3764
2025-06-23T09:17:00+05:30,4296.0,4301.4,4285.7,4288.2,4091
2025-06-23T09:18:00+05:30,4288.9,4292.1,4281.1,4285.0,3249
2025-06-23T09:19:00+05:30,4286.0,4294.4,4284.6,4291.2,989
2025-06-23T09:20:00+05:30,4290.1,4297.0,4286.0,4295.3,2623
2025-06-23T09:21:00+05:30,4295.0,4296.0,4285.0,4287.9,2763
2025-06-23T09:22:00+05:30,4286.1,4289.3,4285.3,4286.1,977
2025-06-23T09:23:00+05:30,4287.9,4291.1,4286.0,4287.0,1394
2025-06-23T09:24:00+05:30,4288.0,4290.4,4284.6,4285.4,1667
2025-06-23T09:25:00+05:30,4285.3,4286.3,4277.1,4278.0,3071
2025-06-23T09:26:00+05:30,4278.0,4279.2,4266.9,4269.5,4901
2025-06-23T09:27:00+05:30,4269.4,4269.9,4264.3,4267.5,2682
2025-06-23T09:28:00+05:30,4267.3,4279.6,4263.2,4278.1,4249
2025-06-23T09:29:00+05:30,4276.3,4279.6,4272.7,4273.2,1249
2025-06-23T09:30:00+05:30,4273.5,4278.5,4270.6,4275.1,3390
2025-06-23T09:31:00+05:30,4275.0,4281.9,4275.0,4280.0,2027
2025-06-23T09:32:00+05:30,4280.0,4283.3,4275.3,4277.0,1504
2025-06-23T09:33:00+05:30,4277.0,4277.0,4270.0,4270.8,2112
2025-06-23T09:34:00+05:30,4270.8,4271.7,4265.4,4270.6,1354
2025-06-23T09:35:00+05:30,4270.6,4273.5,4269.0,4270.5,889
2025-06-23T09:36:00+05:30,4270.5,4277.7,4269.2,4277.7,587
2025-06-23T09:37:00+05:30,4277.7,4280.0,4275.0,4276.0,837
2025-06-23T09:38:00+05:30,4276.0,4277.0,4271.0,4273.7,1288
2025-06-23T09:39:00+05:30,4274.0,4278.1,4273.7,4277.0,709
2025-06-23T09:40:00+05:30,4276.0,4277.4,4271.3,4273.5,922
2025-06-23T09:41:00+05:30,4273.4,4273.4,4267.0,4267.0,2343
2025-06-23T09:42:00+05:30,4267.0,4268.7,4261.1,4261.4,8393
2025-06-23T09:43:00+05:30,4262.0,4263.0,4260.0,4262.2,4211
2025-06-23T09:44:00+05:30,4262.2,4267.1,4260.3,4266.9,2367
2025-06-23T09:45:00+05:30,4267.2,4267.2,4257.9,4258.4,3538
2025-06-23T09:46:00+05:30,4258.5,4260.1,4256.4,4257.5,1167
2025-06-23T09:47:00+05:30,4258.5,4259.2,4252.3,4254.1,2485
2025-06-23T09:48:00+05:30,4252.3,4258.0,4251.0,4256.3,1816
2025-06-23T09:49:00+05:30,4257.9,4258.9,4255.1,4258.0,1086
2025-06-23T09:50:00+05:30,4257.7,4261.6,4255.1,4260.3,833
2025-06-23T09:51:00+05:30,4260.7,4267.5,4257.7,4261.9,1741
2025-06-23T09:52:00+05:30,4261.9,4268.4,4261.9,4266.6,531
2025-06-23T09:53:00+05:30,4265.8,4269.1,4265.0,4267.2,978
2025-06-23T09:54:00+05:30,4268.0,4272.0,4266.0,4268.3,1341
2025-06-23T09:55:00+05:30,4266.8,4269.9,4265.0,4268.9,609
2025-06-23T09:56:00+05:30,4268.3,4268.9,4267.6,4268.7,341
2025-06-23T09:57:00+05:30,4267.8,4272.5,4267.8,4269.4,647
2025-06-23T09:58:00+05:30,4269.8,4274.2,4269.1,4269.1,2017
2025-06-23T09:59:00+05:30,4270.0,4270.0,4265.7,4265.8,1061
2025-06-23T10:00:00+05:30,4265.8,4267.2,4265.1,4265.1,649
2025-06-23T10:01:00+05:30,4265.3,4268.8,4265.1,4268.7,692
2025-06-23T10:02:00+05:30,4268.8,4269.9,4265.8,4267.1,761
2025-06-23T10:03:00+05:30,4267.2,4268.0,4265.1,4265.1,986
2025-06-23T10:04:00+05:30,4266.7,4267.5,4260.3,4262.0,2069
2025-06-23T10:05:00+05:30,4263.7,4267.2,4261.0,4266.9,650
2025-06-23T10:06:00+05:30,4266.4,4267.2,4262.3,4266.0,879
2025-06-23T10:07:00+05:30,4266.4,4266.4,4263.1,4264.9,384
2025-06-23T10:08:00+05:30,4266.0,4269.2,4264.0,4267.8,999
2025-06-23T10:09:00+05:30,4267.8,4269.6,4265.0,4269.6,467
2025-06-23T10:10:00+05:30,4267.7,4274.0,4267.7,4270.9,1157
2025-06-23T10:11:00+05:30,4270.0,4274.0,4270.0,4272.3,1208
2025-06-23T10:12:00+05:30,4271.3,4273.7,4270.1,4272.0,502
2025-06-23T10:13:00+05:30,4273.4,4273.7,4270.7,4270.7,635
2025-06-23T10:14:00+05:30,4272.4,4274.7,4271.8,4274.0,252
2025-06-23T10:15:00+05:30,4274.0,4276.0,4272.8,4274.9,1688
2025-06-23T10:16:00+05:30,4276.0,4289.5,4272.9,4288.1,3994
2025-06-23T10:17:00+05:30,4287.6,4288.2,4283.2,4285.0,1650
2025-06-23T10:18:00+05:30,4285.0,4287.0,4285.0,4286.1,711
2025-06-23T10:19:00+05:30,4287.0,4287.0,4285.0,4287.0,1424
2025-06-23T10:20:00+05:30,4286.9,4292.1,4286.9,4290.0,6768
2025-06-23T10:21:00+05:30,4291.5,4292.0,4289.5,4292.0,623
2025-06-23T10:22:00+05:30,4291.1,4291.9,4285.0,4285.0,1533
2025-06-23T10:23:00+05:30,4285.0,4286.0,4282.6,4285.4,1809
2025-06-23T10:24:00+05:30,4285.0,4287.3,4282.8,4285.1,1360
2025-06-23T10:25:00+05:30,4286.1,4286.7,4278.2,4280.1,5457
2025-06-23T10:26:00+05:30,4281.0,4284.1,4279.5,4280.0,1355
2025-06-23T10:27:00+05:30,4279.7,4279.8,4272.0,4272.4,3042
2025-06-23T10:28:00+05:30,4272.0,4276.7,4270.7,4274.0,2744
2025-06-23T10:29:00+05:30,4274.7,4274.7,4265.2,4270.3,4885
2025-06-23T10:30:00+05:30,4269.5,4272.0,4265.9,4269.9,2859
2025-06-23T10:31:00+05:30,4269.4,4276.9,4269.3,4275.9,3636
2025-06-23T10:32:00+05:30,4276.0,4279.9,4274.0,4279.9,975
2025-06-23T10:33:00+05:30,4279.0,4280.9,4276.0,4278.3,1042
2025-06-23T10:34:00+05:30,4278.5,4280.8,4276.0,4276.4,455
2025-06-23T10:35:00+05:30,4277.5,4281.6,4276.0,4279.5,1299
2025-06-23T10:36:00+05:30,4279.2,4281.5,4277.1,4277.5,1759
2025-06-23T10:37:00+05:30,4278.8,4282.2,4277.1,4279.6,1154
2025-06-23T10:38:00+05:30,4279.9,4279.9,4277.9,4279.9,509
2025-06-23T10:39:00+05:30,4278.5,4283.8,4278.5,4279.7,855
2025-06-23T10:40:00+05:30,4281.5,4281.5,4278.0,4278.0,372
2025-06-23T10:41:00+05:30,4278.0,4281.4,4278.0,4281.4,251
2025-06-23T10:42:00+05:30,4280.0,4285.0,4280.0,4284.9,490
2025-06-23T10:43:00+05:30,4283.2,4288.0,4283.1,4285.2,539
2025-06-23T10:44:00+05:30,4286.5,4289.0,4285.0,4287.6,597
2025-06-23T10:45:00+05:30,4288.0,4290.0,4286.1,4288.6,2030
2025-06-23T10:46:00+05:30,4289.5,4295.1,4288.5,4292.0,3104
2025-06-23T10:47:00+05:30,4293.0,4295.8,4291.0,4295.2,1426
2025-06-23T10:48:00+05:30,4295.2,4295.8,4292.0,4295.0,1501
2025-06-23T10:49:00+05:30,4295.0,4296.0,4291.2,4292.3,636
2025-06-23T10:50:00+05:30,4292.1,4293.0,4287.0,4287.0,586
2025-06-23T10:51:00+05:30,4287.0,4289.3,4285.0,4287.3,368
2025-06-23T10:52:00+05:30,4287.6,4288.6,4284.0,4284.0,568
2025-06-23T10:53:00+05:30,4284.8,4285.0,4280.0,4280.0,762
2025-06-23T10:54:00+05:30,4280.1,4280.1,4274.3,4275.0,1753
2025-06-23T10:55:00+05:30,4275.0,4279.7,4274.2,4275.2,1166
2025-06-23T10:56:00+05:30,4275.6,4280.4,4274.4,4279.6,635
2025-06-23T10:57:00+05:30,4278.0,4282.1,4275.7,4276.0,481
2025-06-23T10:58:00+05:30,4275.6,4277.4,4275.0,4275.0,851
2025-06-23T10:59:00+05:30,4274.9,4277.1,4272.2,4277.1,1005
2025-06-23T11:00:00+05:30,4277.1,4280.0,4276.4,4278.1,607
2025-06-23T11:01:00+05:30,4277.6,4282.7,4277.2,4279.9,872
2025-06-23T11:02:00+05:30,4280.3,4282.0,4278.2,4279.4,163
2025-06-23T11:03:00+05:30,4280.1,4281.4,4278.4,4281.4,308
2025-06-23T11:04:00+05:30,4280.8,4280.8,4278.2,4278.8,564
2025-06-23T11:05:00+05:30,4278.8,4280.3,4275.5,4275.7,335
2025-06-23T11:06:00+05:30,4275.2,4275.6,4271.0,4271.0,776
2025-06-23T11:07:00+05:30,4271.0,4272.7,4269.9,4271.0,2396
2025-06-23T11:08:00+05:30,4270.1,4271.6,4269.0,4269.5,335
2025-06-23T11:09:00+05:30,4270.0,4273.5,4268.4,4269.0,416
2025-06-23T11:10:00+05:30,4268.0,4272.2,4268.0,4270.8,411
2025-06-23T11:11:00+05:30,4270.8,4273.3,4269.3,4269.3,459
2025-06-23T11:12:00+05:30,4269.0,4271.4,4269.0,4270.5,726
2025-06-23T11:13:00+05:30,4270.7,4270.7,4269.2,4270.1,234
2025-06-23T11:14:00+05:30,4270.1,4270.5,4269.1,4269.7,550
2025-06-23T11:15:00+05:30,4269.7,4269.8,4267.0,4268.0,1025
2025-06-23T11:16:00+05:30,4268.5,4270.8,4267.0,4269.4,1545
2025-06-23T11:17:00+05:30,4267.5,4273.4,4267.0,4272.8,1033
2025-06-23T11:18:00+05:30,4271.3,4272.0,4269.0,4269.0,223
2025-06-23T11:19:00+05:30,4269.5,4272.5,4269.0,4270.8,375
2025-06-23T11:20:00+05:30,4270.5,4270.8,4268.2,4270.6,667
2025-06-23T11:21:00+05:30,4270.0,4270.0,4268.8,4268.8,132
2025-06-23T11:22:00+05:30,4268.7,4272.5,4268.7,4271.8,670
2025-06-23T11:23:00+05:30,4271.8,4271.8,4268.7,4269.0,565
2025-06-23T11:24:00+05:30,4268.7,4272.6,4268.7,4272.6,494
2025-06-23T11:25:00+05:30,4272.8,4276.0,4270.7,4276.0,712
2025-06-23T11:26:00+05:30,4276.0,4277.5,4275.3,4275.5,681
2025-06-23T11:27:00+05:30,4275.4,4276.6,4272.3,4274.5,443
2025-06-23T11:28:00+05:30,4275.1,4278.9,4274.3,4278.2,220
2025-06-23T11:29:00+05:30,4278.2,4278.9,4273.5,4275.5,783
2025-06-23T11:30:00+05:30,4276.3,4278.0,4275.1,4276.7,291
2025-06-23T11:31:00+05:30,4277.1,4279.0,4276.2,4278.7,571
2025-06-23T11:32:00+05:30,4278.7,4281.0,4278.0,4279.0,554
2025-06-23T11:33:00+05:30,4279.0,4280.0,4278.5,4279.4,251
2025-06-23T11:34:00+05:30,4279.0,4281.6,4278.4,4281.6,495
2025-06-23T11:35:00+05:30,4281.6,4282.1,4280.0,4281.6,299
2025-06-23T11:36:00+05:30,4281.6,4281.9,4280.7,4281.8,169
2025-06-23T11:37:00+05:30,4281.5,4281.8,4279.0,4279.4,656
2025-06-23T11:38:00+05:30,4278.8,4279.4,4276.4,4278.1,405
2025-06-23T11:39:00+05:30,4278.1,4278.1,4276.0,4276.6,455
2025-06-23T11:40:00+05:30,4276.7,4279.2,4276.6,4278.0,529
2025-06-23T11:41:00+05:30,4278.3,4281.9,4278.3,4280.0,1299
2025-06-23T11:42:00+05:30,4280.3,4281.7,4279.0,4279.0,725
2025-06-23T11:43:00+05:30,4279.0,4280.8,4279.0,4279.8,459
2025-06-23T11:44:00+05:30,4279.0,4279.8,4279.0,4279.6,650
2025-06-23T11:45:00+05:30,4279.7,4281.8,4276.0,4279.3,7108
2025-06-23T11:46:00+05:30,4279.0,4280.9,4279.0,4279.3,396
2025-06-23T11:47:00+05:30,4279.3,4280.3,4279.0,4279.1,443
2025-06-23T11:48:00+05:30,4279.1,4279.7,4276.0,4276.5,6068
2025-06-23T11:49:00+05:30,4276.5,4276.5,4270.0,4271.6,1123
2025-06-23T11:50:00+05:30,4272.8,4273.0,4267.8,4268.5,2109
2025-06-23T11:51:00+05:30,4268.5,4269.1,4265.0,4265.9,1721
2025-06-23T11:52:00+05:30,4265.9,4268.3,4265.9,4266.8,402
2025-06-23T11:53:00+05:30,4266.8,4270.7,4259.3,4270.0,16745
2025-06-23T11:54:00+05:30,4270.0,4270.2,4268.0,4268.0,6553
2025-06-23T11:55:00+05:30,4268.0,4270.0,4265.0,4268.6,3043
2025-06-23T11:56:00+05:30,4268.6,4273.8,4268.1,4271.6,903
2025-06-23T11:57:00+05:30,4272.0,4274.4,4271.5,4273.0,1880
2025-06-23T11:58:00+05:30,4274.2,4274.2,4273.0,4273.0,2394
2025-06-23T11:59:00+05:30,4273.1,4275.1,4273.0,4275.0,1434
2025-06-23T12:00:00+05:30,4275.1,4275.5,4275.0,4275.5,788
2025-06-23T12:01:00+05:30,4275.8,4276.0,4274.1,4276.0,413
2025-06-23T12:02:00+05:30,4275.6,4276.0,4274.0,4275.4,677
2025-06-23T12:03:00+05:30,4275.4,4275.4,4273.0,4273.1,7561
2025-06-23T12:04:00+05:30,4273.0,4273.0,4270.0,4270.0,2621
2025-06-23T12:05:00+05:30,4270.2,4270.8,4270.0,4270.7,196
2025-06-23T12:06:00+05:30,4270.1,4270.1,4265.3,4267.0,842
2025-06-23T12:07:00+05:30,4266.0,4266.9,4262.4,4265.6,527
2025-06-23T12:08:00+05:30,4264.7,4276.0,4264.7,4273.6,15583
2025-06-23T12:09:00+05:30,4274.1,4278.0,4270.5,4276.5,4028
2025-06-23T12:10:00+05:30,4276.5,4277.4,4276.0,4276.0,1717
2025-06-23T12:11:00+05:30,4276.2,4277.2,4275.0,4276.0,819
2025-06-23T12:12:00+05:30,4277.1,4277.2,4274.7,4275.2,2388
2025-06-23T12:13:00+05:30,4275.2,4275.2,4274.5,4275.2,1947
2025-06-23T12:14:00+05:30,4275.2,4276.9,4274.5,4274.5,2007
2025-06-23T12:15:00+05:30,4274.5,4277.0,4270.1,4271.0,4612
2025-06-23T12:16:00+05:30,4270.5,4271.6,4266.0,4267.0,900
2025-06-23T12:17:00+05:30,4267.0,4270.1,4267.0,4269.3,126
2025-06-23T12:18:00+05:30,4269.1,4274.8,4269.0,4272.2,2373
2025-06-23T12:19:00+05:30,4271.7,4273.4,4268.8,4271.0,1309
2025-06-23T12:20:00+05:30,4271.9,4271.9,4271.0,4271.4,242
2025-06-23T12:21:00+05:30,4271.4,4271.4,4268.5,4271.1,3096
2025-06-23T12:22:00+05:30,4271.2,4271.6,4270.0,4271.0,778
2025-06-23T12:23:00+05:30,4271.3,4272.3,4271.0,4271.8,153
2025-06-23T12:24:00+05:30,4271.8,4273.0,4268.1,4271.0,4191
2025-06-23T12:25:00+05:30,4271.5,4271.5,4265.1,4266.8,1877
2025-06-23T12:26:00+05:30,4266.1,4268.6,4265.0,4266.1,1029
2025-06-23T12:27:00+05:30,4266.8,4269.5,4264.0,4266.3,1093
2025-06-23T12:28:00+05:30,4266.4,4268.5,4266.0,4266.3,290
2025-06-23T12:29:00+05:30,4266.1,4268.9,4266.1,4268.0,531
2025-06-23T12:30:00+05:30,4268.0,4271.9,4266.3,4266.3,6001
2025-06-23T12:31:00+05:30,4266.9,4267.7,4266.1,4266.1,185
2025-06-23T12:32:00+05:30,4266.7,4268.7,4264.0,4264.0,890
2025-06-23T12:33:00+05:30,4264.3,4270.0,4264.0,4264.8,6569
2025-06-23T12:34:00+05:30,4266.0,4266.9,4263.2,4263.3,1319
2025-06-23T12:35:00+05:30,4263.3,4264.5,4262.0,4262.0,607
2025-06-23T12:36:00+05:30,4262.0,4264.9,4260.0,4263.5,2909
2025-06-23T12:37:00+05:30,4265.0,4267.2,4263.0,4267.2,1762
2025-06-23T12:38:00+05:30,4267.4,4267.4,4260.3,4260.9,5644
2025-06-23T12:39:00+05:30,4262.0,4262.9,4257.0,4262.4,8492
2025-06-23T12:40:00+05:30,4262.4,4262.4,4259.0,4259.5,3333
2025-06-23T12:41:00+05:30,4259.5,4262.9,4259.5,4262.0,739
2025-06-23T12:42:00+05:30,4262.0,4262.0,4259.0,4260.4,4124
2025-06-23T12:43:00+05:30,4260.4,4260.4,4259.2,4259.9,1395
2025-06-23T12:44:00+05:30,4259.9,4261.4,4259.0,4261.1,1269
2025-06-23T12:45:00+05:30,4261.1,4261.4,4260.6,4261.4,273
2025-06-23T12:46:00+05:30,4261.3,4264.6,4261.3,4263.8,551
2025-06-23T12:47:00+05:30,4263.8,4263.9,4260.6,4260.6,584
2025-06-23T12:48:00+05:30,4260.6,4261.3,4255.2,4255.2,2416
2025-06-23T12:49:00+05:30,4255.8,4260.6,4255.0,4259.5,1286
2025-06-23T12:50:00+05:30,4259.5,4260.7,4256.7,4258.3,588
2025-06-23T12:51:00+05:30,4259.0,4261.8,4257.6,4261.1,792
2025-06-23T12:52:00+05:30,4261.8,4266.7,4261.8,4266.7,1387
2025-06-23T12:53:00+05:30,4266.7,4267.0,4265.2,4265.2,368
2025-06-23T12:54:00+05:30,4266.9,4267.0,4265.0,4266.0,217
2025-06-23T12:55:00+05:30,4267.0,4268.4,4265.0,4265.1,281
2025-06-23T12:56:00+05:30,4265.0,4265.7,4265.0,4265.5,168
2025-06-23T12:57:00+05:30,4265.4,4265.5,4265.0,4265.1,182
2025-06-23T12:58:00+05:30,4265.0,4265.1,4265.0,4265.1,201
2025-06-23T12:59:00+05:30,4265.1,4265.1,4265.0,4265.1,487
2025-06-23T13:00:00+05:30,4265.1,4266.0,4265.0,4265.7,234
2025-06-23T13:01:00+05:30,4265.7,4265.8,4265.0,4265.1,184
2025-06-23T13:02:00+05:30,4265.1,4267.2,4265.0,4266.4,486
2025-06-23T13:03:00+05:30,4266.4,4267.3,4266.0,4266.6,139
2025-06-23T13:04:00+05:30,4266.6,4267.1,4266.0,4266.3,303
2025-06-23T13:05:00+05:30,4266.3,4266.6,4265.0,4265.0,201
2025-06-23T13:06:00+05:30,4265.0,4265.9,4265.0,4265.4,313
2025-06-23T13:07:00+05:30,4265.9,4266.5,4265.4,4265.9,313
2025-06-23T13:08:00+05:30,4265.4,4266.4,4265.0,4265.8,135
2025-06-23T13:09:00+05:30,4265.1,4266.0,4265.0,4265.7,328
2025-06-23T13:10:00+05:30,4265.4,4268.4,4265.4,4265.6,913
2025-06-23T13:11:00+05:30,4266.6,4267.5,4265.0,4265.0,306
2025-06-23T13:12:00+05:30,4265.0,4265.2,4265.0,4265.2,145
2025-06-23T13:13:00+05:30,4265.6,4267.3,4265.2,4265.5,185
2025-06-23T13:14:00+05:30,4265.8,4268.5,4265.8,4268.0,165
2025-06-23T13:15:00+05:30,4268.0,4274.0,4268.0,4270.6,3602
2025-06-23T13:16:00+05:30,4270.8,4272.0,4268.5,4269.1,2738
2025-06-23T13:17:00+05:30,4270.0,4271.8,4265.9,4268.2,1693
2025-06-23T13:18:00+05:30,4268.2,4269.0,4263.6,4263.6,1437
2025-06-23T13:19:00+05:30,4263.6,4265.2,4263.2,4265.2,403
2025-06-23T13:20:00+05:30,4267.2,4268.4,4265.2,4265.8,593
2025-06-23T13:21:00+05:30,4265.8,4269.8,4265.5,4269.6,462
2025-06-23T13:22:00+05:30,4269.1,4273.5,4268.8,4270.5,806
2025-06-23T13:23:00+05:30,4271.6,4274.0,4269.3,4272.9,752
2025-06-23T13:24:00+05:30,4272.9,4274.8,4271.3,4272.5,1140
2025-06-23T13:25:00+05:30,4273.1,4274.6,4272.9,4273.4,252
2025-06-23T13:26:00+05:30,4273.9,4273.9,4272.5,4272.9,134
2025-06-23T13:27:00+05:30,4273.2,4274.0,4273.0,4273.0,349
2025-06-23T13:28:00+05:30,4273.0,4273.2,4272.9,4272.9,254
2025-06-23T13:29:00+05:30,4273.0,4273.2,4272.9,4272.9,309
2025-06-23T13:30:00+05:30,4272.9,4274.8,4272.9,4274.3,373
2025-06-23T13:31:00+05:30,4274.3,4274.8,4272.9,4273.5,744
2025-06-23T13:32:00+05:30,4273.5,4274.5,4272.9,4273.0,698
2025-06-23T13:33:00+05:30,4273.2,4273.6,4271.1,4271.2,338
2025-06-23T13:34:00+05:30,4271.2,4273.8,4270.6,4273.8,438
2025-06-23T13:35:00+05:30,4273.8,4274.0,4271.9,4271.9,446
2025-06-23T13:36:00+05:30,4271.8,4272.0,4270.0,4270.0,919
2025-06-23T13:37:00+05:30,4270.0,4271.1,4267.7,4271.1,938
2025-06-23T13:38:00+05:30,4272.3,4272.3,4270.0,4271.5,590
2025-06-23T13:39:00+05:30,4271.5,4271.9,4270.0,4270.0,525
2025-06-23T13:40:00+05:30,4270.0,4272.0,4269.1,4269.1,1254
2025-06-23T13:41:00+05:30,4270.0,4270.5,4269.6,4270.4,357
2025-06-23T13:42:00+05:30,4270.0,4270.4,4268.7,4269.3,475
2025-06-23T13:43:00+05:30,4269.6,4271.0,4268.9,4270.6,212
2025-06-23T13:44:00+05:30,4270.3,4270.3,4266.9,4268.4,462
2025-06-23T13:45:00+05:30,4268.4,4269.8,4265.3,4265.3,988
2025-06-23T13:46:00+05:30,4265.5,4267.1,4264.0,4264.0,1045
2025-06-23T13:47:00+05:30,4264.0,4266.1,4264.0,4266.1,250
2025-06-23T13:48:00+05:30,4265.8,4267.1,4264.9,4264.9,428
2025-06-23T13:49:00+05:30,4265.2,4265.5,4262.7,4263.6,1075
2025-06-23T13:50:00+05:30,4263.5,4264.2,4262.0,4262.0,394
2025-06-23T13:51:00+05:30,4261.9,4265.4,4261.0,4264.6,306
2025-06-23T13:52:00+05:30,4263.7,4265.1,4261.3,4262.0,328
2025-06-23T13:53:00+05:30,4261.5,4264.3,4261.0,4264.1,1698
2025-06-23T13:54:00+05:30,4264.1,4265.4,4262.2,4265.4,2323
2025-06-23T13:55:00+05:30,4265.4,4269.0,4264.6,4266.1,1868
2025-06-23T13:56:00+05:30,4267.8,4269.0,4266.0,4266.6,580
2025-06-23T13:57:00+05:30,4266.2,4267.5,4264.6,4264.9,349
2025-06-23T13:58:00+05:30,4264.8,4267.1,4264.5,4265.1,257
2025-06-23T13:59:00+05:30,4265.8,4267.6,4261.6,4263.1,830
2025-06-23T14:00:00+05:30,4263.1,4263.6,4262.3,4262.9,147
2025-06-23T14:01:00+05:30,4263.0,4266.6,4262.9,4265.3,170
2025-06-23T14:02:00+05:30,4265.1,4266.8,4265.1,4265.8,199
2025-06-23T14:03:00+05:30,4265.8,4270.3,4265.1,4269.7,1763
2025-06-23T14:04:00+05:30,4269.7,4273.9,4269.7,4272.8,652
2025-06-23T14:05:00+05:30,4272.8,4273.2,4271.5,4272.8,1157
2025-06-23T14:06:00+05:30,4272.9,4273.5,4272.0,4272.1,1122
2025-06-23T14:07:00+05:30,4272.4,4273.5,4271.5,4271.7,1475
2025-06-23T14:08:00+05:30,4271.5,4274.3,4269.0,4269.0,5011
2025-06-23T14:09:00+05:30,4269.0,4269.8,4263.3,4265.6,780
2025-06-23T14:10:00+05:30,4265.3,4267.2,4264.2,4264.4,355
2025-06-23T14:11:00+05:30,4265.1,4268.0,4264.3,4265.5,262
2025-06-23T14:12:00+05:30,4265.0,4270.6,4265.0,4270.6,1187
2025-06-23T14:13:00+05:30,4269.4,4270.0,4267.3,4269.4,387
2025-06-23T14:14:00+05:30,4269.0,4270.0,4267.5,4268.1,598
2025-06-23T14:15:00+05:30,4268.1,4269.0,4265.0,4265.0,1689
2025-06-23T14:16:00+05:30,4265.0,4265.0,4260.2,4260.2,2451
2025-06-23T14:17:00+05:30,4260.2,4263.8,4260.2,4263.3,665
2025-06-23T14:18:00+05:30,4263.3,4265.0,4263.1,4263.6,190
2025-06-23T14:19:00+05:30,4263.6,4263.6,4260.2,4261.1,811
2025-06-23T14:20:00+05:30,4261.1,4265.1,4260.1,4260.8,984
2025-06-23T14:21:00+05:30,4262.1,4263.3,4261.1,4262.2,288
2025-06-23T14:22:00+05:30,4262.3,4263.0,4260.0,4260.0,1486
2025-06-23T14:23:00+05:30,4260.9,4262.9,4258.0,4260.8,1569
2025-06-23T14:24:00+05:30,4260.8,4260.9,4258.5,4259.1,449
2025-06-23T14:25:00+05:30,4259.4,4259.4,4256.5,4257.8,1189
2025-06-23T14:26:00+05:30,4257.8,4260.1,4256.0,4256.0,2749
2025-06-23T14:27:00+05:30,4256.0,4256.2,4252.0,4255.5,3417
2025-06-23T14:28:00+05:30,4255.5,4260.0,4255.0,4259.2,978
2025-06-23T14:29:00+05:30,4258.7,4260.3,4258.4,4260.3,468
2025-06-23T14:30:00+05:30,4260.3,4262.1,4259.1,4260.4,663
2025-06-23T14:31:00+05:30,4260.8,4261.4,4259.7,4260.4,431
2025-06-23T14:32:00+05:30,4260.4,4262.0,4260.0,4262.0,516
2025-06-23T14:33:00+05:30,4262.0,4264.9,4260.0,4263.0,1573
2025-06-23T14:34:00+05:30,4261.3,4263.9,4261.3,4263.6,348
2025-06-23T14:35:00+05:30,4263.6,4264.8,4262.4,4263.8,343
2025-06-23T14:36:00+05:30,4263.8,4263.8,4260.4,4263.4,420
2025-06-23T14:37:00+05:30,4263.4,4264.7,4262.5,4264.5,434
2025-06-23T14:38:00+05:30,4264.1,4264.1,4261.6,4263.0,532
2025-06-23T14:39:00+05:30,4263.0,4263.0,4259.5,4259.6,647
2025-06-23T14:40:00+05:30,4259.6,4263.0,4258.9,4262.5,362
2025-06-23T14:41:00+05:30,4261.9,4261.9,4258.8,4259.7,401
2025-06-23T14:42:00+05:30,4259.7,4261.5,4258.0,4260.3,1121
2025-06-23T14:43:00+05:30,4259.9,4261.0,4258.0,4258.0,279
2025-06-23T14:44:00+05:30,4258.4,4260.0,4257.0,4259.4,632
2025-06-23T14:45:00+05:30,4259.5,4259.9,4258.4,4259.5,264
2025-06-23T14:46:00+05:30,4259.9,4262.9,4259.5,4260.8,1648
2025-06-23T14:47:00+05:30,4260.4,4261.6,4258.0,4258.0,1890
2025-06-23T14:48:00+05:30,4258.7,4260.0,4255.9,4257.6,2140
2025-06-23T14:49:00+05:30,4257.6,4260.2,4257.1,4259.9,655
2025-06-23T14:50:00+05:30,4259.9,4262.0,4258.5,4260.0,2563
2025-06-23T14:51:00+05:30,4259.9,4262.0,4258.9,4260.0,3731
2025-06-23T14:52:00+05:30,4259.9,4260.0,4258.5,4259.5,1387
2025-06-23T14:53:00+05:30,4259.5,4260.0,4259.5,4260.0,393
2025-06-23T14:54:00+05:30,4260.0,4261.7,4260.0,4261.7,2391
2025-06-23T14:55:00+05:30,4261.7,4261.9,4260.5,4261.0,371
2025-06-23T14:56:00+05:30,4261.0,4261.9,4259.0,4259.9,2413
2025-06-23T14:57:00+05:30,4259.4,4260.5,4258.3,4259.7,270
2025-06-23T14:58:00+05:30,4260.0,4260.5,4259.7,4260.0,2140
2025-06-23T14:59:00+05:30,4260.0,4260.0,4258.0,4259.0,356
2025-06-23T15:00:00+05:30,4259.0,4260.0,4258.2,4258.2,1191
2025-06-23T15:01:00+05:30,4258.8,4259.3,4256.5,4257.9,1734
2025-06-23T15:02:00+05:30,4257.8,4259.0,4256.0,4257.1,837
2025-06-23T15:03:00+05:30,4257.1,4258.9,4256.2,4258.8,526
2025-06-23T15:04:00+05:30,4258.8,4258.9,4256.0,4257.1,1205
2025-06-23T15:05:00+05:30,4257.3,4258.0,4255.0,4256.0,1115
2025-06-23T15:06:00+05:30,4255.5,4257.4,4255.0,4255.5,2459
2025-06-23T15:07:00+05:30,4256.3,4256.3,4253.1,4254.0,2860
2025-06-23T15:08:00+05:30,4253.1,4257.2,4253.0,4254.0,2815
2025-06-23T15:09:00+05:30,4255.0,4264.0,4253.0,4257.9,8030
2025-06-23T15:10:00+05:30,4259.5,4262.2,4256.9,4259.9,4783
2025-06-23T15:11:00+05:30,4259.9,4262.0,4256.9,4261.1,3511
2025-06-23T15:12:00+05:30,4261.1,4261.8,4259.2,4259.2,1353
2025-06-23T15:13:00+05:30,4259.4,4260.7,4257.7,4259.3,2502
2025-06-23T15:14:00+05:30,4258.4,4259.3,4256.6,4256.9,1379
2025-06-23T15:15:00+05:30,4256.9,4257.0,4254.0,4255.1,3379
2025-06-23T15:16:00+05:30,4255.0,4255.1,4250.7,4250.7,8991
2025-06-23T15:17:00+05:30,4251.2,4255.4,4250.8,4254.8,1131
2025-06-23T15:18:00+05:30,4255.5,4255.9,4250.0,4250.7,13547
2025-06-23T15:19:00+05:30,4250.0,4253.7,4249.0,4252.0,3608
2025-06-23T15:20:00+05:30,4251.8,4254.4,4250.3,4252.4,4293
2025-06-23T15:21:00+05:30,4252.4,4252.5,4250.1,4250.7,2111
2025-06-23T15:22:00+05:30,4251.0,4251.4,4250.0,4250.9,2168
2025-06-23T15:23:00+05:30,4250.5,4250.8,4247.0,4248.0,1489
2025-06-23T15:24:00+05:30,4247.4,4249.3,4246.0,4246.0,3311
2025-06-23T15:25:00+05:30,4248.1,4248.9,4246.0,4246.1,3253
2025-06-23T15:26:00+05:30,4246.4,4247.8,4245.1,4247.8,2398
2025-06-23T15:27:00+05:30,4247.6,4247.6,4245.3,4246.6,2249
2025-06-23T15:28:00+05:30,4246.6,4247.0,4245.0,4245.7,3035
2025-06-23T15:29:00+05:30,4245.0,4247.2,4245.0,4247.2,2273
2025-06-24T09:15:00+05:30,4284.1,4300.4,4276.1,4282.5,14866
2025-06-24T09:16:00+05:30,4280.6,4283.9,4275.0,4281.0,3342
2025-06-24T09:17:00+05:30,4278.5,4282.6,4271.4,4274.6,4599
2025-06-24T09:18:00+05:30,4276.7,4276.9,4270.3,4276.2,2544
2025-06-24T09:19:00+05:30,4275.2,4277.0,4271.8,4272.3,4222
2025-06-24T09:20:00+05:30,4273.9,4289.0,4273.9,4286.4,2364
2025-06-24T09:21:00+05:30,4286.6,4292.0,4283.7,4288.0,1659
2025-06-24T09:22:00+05:30,4288.0,4292.0,4284.0,4285.0,2474
2025-06-24T09:23:00+05:30,4285.0,4289.6,4284.0,4288.9,774
2025-06-24T09:24:00+05:30,4288.8,4290.0,4282.7,4287.9,1764
2025-06-24T09:25:00+05:30,4287.9,4292.0,4282.7,4286.8,10867
2025-06-24T09:26:00+05:30,4285.2,4286.7,4275.0,4281.3,2031
2025-06-24T09:27:00+05:30,4277.9,4279.1,4274.2,4277.0,2541
2025-06-24T09:28:00+05:30,4277.6,4279.8,4275.6,4277.0,854
2025-06-24T09:29:00+05:30,4277.0,4278.4,4276.0,4277.0,430
2025-06-24T09:30:00+05:30,4276.5,4278.5,4273.9,4278.5,2193
2025-06-24T09:31:00+05:30,4278.3,4282.9,4275.6,4281.1,838
2025-06-24T09:32:00+05:30,4282.9,4284.1,4280.0,4282.0,5172
2025-06-24T09:33:00+05:30,4282.5,4284.7,4280.3,4282.5,1122
2025-06-24T09:34:00+05:30,4283.7,4285.0,4280.7,4284.4,2580
2025-06-24T09:35:00+05:30,4284.9,4285.0,4276.4,4277.1,2227
2025-06-24T09:36:00+05:30,4276.7,4279.3,4276.2,4277.2,509
2025-06-24T09:37:00+05:30,4276.7,4277.6,4267.0,4267.0,3019
2025-06-24T09:38:00+05:30,4268.4,4268.9,4262.0,4262.0,2001
2025-06-24T09:39:00+05:30,4263.0,4264.8,4262.0,4262.6,1543
2025-06-24T09:40:00+05:30,4263.2,4264.6,4263.0,4264.4,321
2025-06-24T09:41:00+05:30,4264.8,4267.9,4263.0,4267.9,880
2025-06-24T09:42:00+05:30,4267.1,4274.0,4267.0,4271.5,2214
2025-06-24T09:43:00+05:30,4271.9,4278.4,4271.6,4277.5,1738
2025-06-24T09:44:00+05:30,4275.9,4277.8,4271.5,4271.5,707
2025-06-24T09:45:00+05:30,4271.9,4274.6,4271.5,4271.5,319
2025-06-24T09:46:00+05:30,4272.1,4272.1,4270.4,4271.2,495
2025-06-24T09:47:00+05:30,4271.3,4272.9,4270.6,4272.0,142
2025-06-24T09:48:00+05:30,4272.4,4273.9,4270.6,4271.4,1226
2025-06-24T09:49:00+05:30,4270.5,4273.0,4270.5,4272.9,408
2025-06-24T09:50:00+05:30,4272.0,4280.0,4272.0,4280.0,1992
2025-06-24T09:51:00+05:30,4279.4,4282.0,4279.3,4280.8,667
2025-06-24T09:52:00+05:30,4282.0,4282.0,4280.0,4282.0,284
2025-06-24T09:53:00+05:30,4281.0,4281.9,4275.7,4278.3,382
2025-06-24T09:54:00+05:30,4276.8,4278.3,4273.7,4275.0,509
2025-06-24T09:55:00+05:30,4277.0,4281.0,4275.6,4281.0,1787
2025-06-24T09:56:00+05:30,4281.0,4282.8,4280.0,4282.3,2815
2025-06-24T09:57:00+05:30,4282.0,4290.0,4281.1,4289.0,1871
2025-06-24T09:58:00+05:30,4289.2,4291.0,4287.0,4287.0,2079
2025-06-24T09:59:00+05:30,4285.7,4285.7,4282.4,4284.7,1211
2025-06-24T10:00:00+05:30,4284.6,4287.2,4283.3,4287.2,1553
2025-06-24T10:01:00+05:30,4285.8,4293.9,4285.7,4290.0,4072
2025-06-24T10:02:00+05:30,4290.0,4293.0,4289.2,4292.3,1262
2025-06-24T10:03:00+05:30,4292.0,4292.6,4290.9,4291.2,540
2025-06-24T10:04:00+05:30,4291.2,4292.7,4289.3,4289.4,1442
2025-06-24T10:05:00+05:30,4289.4,4291.5,4289.4,4290.6,453
2025-06-24T10:06:00+05:30,4290.3,4294.0,4289.9,4293.8,1582
2025-06-24T10:07:00+05:30,4293.9,4295.0,4290.4,4292.1,812
2025-06-24T10:08:00+05:30,4291.6,4293.4,4290.3,4291.8,1267
2025-06-24T10:09:00+05:30,4291.9,4292.8,4290.0,4290.5,348
2025-06-24T10:10:00+05:30,4290.1,4303.1,4290.0,4298.7,11347
2025-06-24T10:11:00+05:30,4300.0,4305.0,4298.7,4305.0,6404
2025-06-24T10:12:00+05:30,4305.0,4305.7,4303.0,4303.3,2803
2025-06-24T10:13:00+05:30,4303.3,4306.3,4294.7,4295.1,2673
2025-06-24T10:14:00+05:30,4295.1,4299.0,4295.0,4296.0,894
2025-06-24T10:15:00+05:30,4296.9,4299.0,4296.1,4297.9,1619
2025-06-24T10:16:00+05:30,4297.1,4299.0,4296.8,4297.5,762
2025-06-24T10:17:00+05:30,4298.4,4300.6,4297.6,4298.1,1058
2025-06-24T10:18:00+05:30,4298.0,4299.8,4295.1,4295.1,536
2025-06-24T10:19:00+05:30,4295.1,4298.0,4293.7,4298.0,869
2025-06-24T10:20:00+05:30,4296.1,4298.6,4296.1,4297.7,750
2025-06-24T10:21:00+05:30,4298.2,4300.0,4295.5,4299.6,1668
2025-06-24T10:22:00+05:30,4299.9,4304.0,4298.3,4300.4,857
2025-06-24T10:23:00+05:30,4299.6,4301.0,4299.0,4300.9,472
2025-06-24T10:24:00+05:30,4299.6,4300.9,4295.4,4295.4,1316
2025-06-24T10:25:00+05:30,4295.1,4296.5,4295.0,4296.5,401
2025-06-24T10:26:00+05:30,4296.4,4296.4,4295.0,4295.0,657
2025-06-24T10:27:00+05:30,4295.6,4296.5,4292.6,4293.1,839
2025-06-24T10:28:00+05:30,4293.3,4294.5,4292.6,4293.6,500
2025-06-24T10:29:00+05:30,4293.3,4294.3,4292.5,4292.8,373
2025-06-24T10:30:00+05:30,4291.9,4298.9,4291.6,4297.1,2745
2025-06-24T10:31:00+05:30,4297.0,4300.0,4297.0,4299.2,309
2025-06-24T10:32:00+05:30,4299.9,4300.0,4298.0,4299.6,398
2025-06-24T10:33:00+05:30,4299.5,4299.6,4297.2,4298.7,759
2025-06-24T10:34:00+05:30,4299.1,4299.1,4293.5,4293.6,494
2025-06-24T10:35:00+05:30,4294.4,4295.2,4293.2,4294.3,175
2025-06-24T10:36:00+05:30,4294.4,4294.5,4291.6,4292.6,514
2025-06-24T10:37:00+05:30,4294.6,4294.6,4291.7,4291.7,182
2025-06-24T10:38:00+05:30,4291.6,4291.6,4286.8,4287.8,686
2025-06-24T10:39:00+05:30,4288.8,4292.5,4287.1,4288.7,1457
2025-06-24T10:40:00+05:30,4288.1,4295.2,4288.1,4291.5,1966
2025-06-24T10:41:00+05:30,4292.2,4292.9,4291.5,4291.5,214
2025-06-24T10:42:00+05:30,4291.6,4297.0,4291.4,4297.0,1041
2025-06-24T10:43:00+05:30,4297.0,4298.8,4296.6,4298.8,493
2025-06-24T10:44:00+05:30,4298.8,4300.0,4298.1,4300.0,2007
2025-06-24T10:45:00+05:30,4299.9,4300.0,4295.5,4296.4,1669
2025-06-24T10:46:00+05:30,4296.6,4305.0,4296.6,4304.5,1343
2025-06-24T10:47:00+05:30,4304.5,4305.0,4300.1,4303.2,962
2025-06-24T10:48:00+05:30,4303.5,4307.0,4302.0,4306.1,1970
2025-06-24T10:49:00+05:30,4307.0,4309.0,4303.3,4308.1,2071
2025-06-24T10:50:00+05:30,4307.7,4308.0,4302.7,4303.3,610
2025-06-24T10:51:00+05:30,4302.0,4306.0,4301.5,4305.6,568
2025-06-24T10:52:00+05:30,4305.9,4309.5,4305.9,4307.6,844
2025-06-24T10:53:00+05:30,4307.5,4309.0,4306.6,4308.8,527
2025-06-24T10:54:00+05:30,4308.8,4309.0,4306.5,4306.7,702
2025-06-24T10:55:00+05:30,4306.0,4306.2,4304.5,4306.0,631
2025-06-24T10:56:00+05:30,4306.2,4306.2,4303.6,4305.5,697
2025-06-24T10:57:00+05:30,4305.3,4305.3,4302.9,4302.9,236
2025-06-24T10:58:00+05:30,4303.5,4304.3,4302.6,4302.7,186
2025-06-24T10:59:00+05:30,4303.8,4305.0,4302.0,4302.8,703
2025-06-24T11:00:00+05:30,4303.4,4305.5,4302.9,4305.0,1353
2025-06-24T11:01:00+05:30,4305.0,4308.0,4304.8,4306.9,1518
2025-06-24T11:02:00+05:30,4306.9,4309.0,4306.6,4309.0,1612
2025-06-24T11:03:00+05:30,4309.0,4312.3,4308.7,4312.0,4818
2025-06-24T11:04:00+05:30,4312.3,4314.0,4311.2,4312.6,1079
2025-06-24T11:05:00+05:30,4312.6,4313.0,4310.9,4311.0,701
2025-06-24T11:06:00+05:30,4311.0,4313.9,4311.0,4313.9,902
2025-06-24T11:07:00+05:30,4314.0,4314.4,4312.0,4312.6,727
2025-06-24T11:08:00+05:30,4312.6,4313.0,4312.0,4312.0,328
2025-06-24T11:09:00+05:30,4313.0,4313.6,4312.0,4312.3,421
2025-06-24T11:10:00+05:30,4312.2,4312.3,4311.1,4311.1,955
2025-06-24T11:11:00+05:30,4311.0,4311.3,4310.0,4310.7,485
2025-06-24T11:12:00+05:30,4310.4,4311.0,4309.0,4310.2,530
2025-06-24T11:13:00+05:30,4309.8,4310.0,4309.5,4309.7,450
2025-06-24T11:14:00+05:30,4310.0,4311.3,4309.5,4311.3,672
2025-06-24T11:15:00+05:30,4311.3,4311.4,4310.1,4310.8,368
2025-06-24T11:16:00+05:30,4311.5,4311.5,4310.3,4311.0,215
2025-06-24T11:17:00+05:30,4311.3,4311.3,4309.5,4310.6,622
2025-06-24T11:18:00+05:30,4310.6,4312.0,4309.9,4311.4,485
2025-06-24T11:19:00+05:30,4311.4,4311.7,4309.1,4311.7,589
2025-06-24T11:20:00+05:30,4311.7,4312.8,4310.5,4312.0,982
2025-06-24T11:21:00+05:30,4312.0,4312.7,4311.3,4312.2,323
2025-06-24T11:22:00+05:30,4312.3,4315.0,4312.3,4314.5,2259
2025-06-24T11:23:00+05:30,4314.5,4315.8,4313.6,4315.8,946
2025-06-24T11:24:00+05:30,4315.8,4316.0,4314.0,4315.4,938
2025-06-24T11:25:00+05:30,4315.4,4316.0,4314.3,4315.0,402
2025-06-24T11:26:00+05:30,4315.4,4316.9,4315.0,4316.4,991
2025-06-24T11:27:00+05:30,4316.4,4317.0,4315.5,4317.0,1102
2025-06-24T11:28:00+05:30,4317.1,4319.0,4316.0,4319.0,501
2025-06-24T11:29:00+05:30,4319.0,4328.2,4319.0,4328.2,6583
2025-06-24T11:30:00+05:30,4327.6,4327.6,4314.6,4314.6,4725
2025-06-24T11:31:00+05:30,4314.7,4315.6,4310.0,4312.6,1019
2025-06-24T11:32:00+05:30,4313.0,4313.0,4308.7,4308.7,1043
2025-06-24T11:33:00+05:30,4308.7,4309.0,4303.9,4306.6,1720
2025-06-24T11:34:00+05:30,4306.6,4306.9,4305.0,4305.0,460
2025-06-24T11:35:00+05:30,4304.6,4304.9,4303.0,4303.1,475
2025-06-24T11:36:00+05:30,4304.1,4304.8,4300.0,4300.7,1374
2025-06-24T11:37:00+05:30,4300.7,4303.0,4299.9,4303.0,1346
2025-06-24T11:38:00+05:30,4303.7,4305.0,4301.8,4302.4,377
2025-06-24T11:39:00+05:30,4302.1,4305.4,4302.0,4304.4,1292
2025-06-24T11:40:00+05:30,4304.8,4306.0,4304.0,4304.7,1342
2025-06-24T11:41:00+05:30,4306.0,4308.6,4306.0,4307.6,1027
2025-06-24T11:42:00+05:30,4307.7,4307.7,4305.8,4307.7,95
2025-06-24T11:43:00+05:30,4307.7,4307.7,4299.6,4300.8,5095
2025-06-24T11:44:00+05:30,4300.2,4302.4,4299.6,4300.0,718
2025-06-24T11:45:00+05:30,4300.7,4300.8,4299.5,4300.1,5224
2025-06-24T11:46:00+05:30,4300.0,4301.2,4300.0,4301.2,557
2025-06-24T11:47:00+05:30,4301.2,4301.2,4300.0,4300.3,355
2025-06-24T11:48:00+05:30,4300.2,4300.2,4295.8,4298.9,5183
2025-06-24T11:49:00+05:30,4297.5,4298.7,4288.1,4293.4,2564
2025-06-24T11:50:00+05:30,4292.2,4294.2,4291.2,4292.8,1147
2025-06-24T11:51:00+05:30,4292.8,4297.9,4292.1,4296.7,567
2025-06-24T11:52:00+05:30,4296.5,4299.9,4294.1,4296.2,2668
2025-06-24T11:53:00+05:30,4296.4,4299.3,4295.0,4298.4,572
2025-06-24T11:54:00+05:30,4298.7,4300.0,4297.7,4300.0,724
2025-06-24T11:55:00+05:30,4299.4,4300.0,4298.1,4299.7,131
2025-06-24T11:56:00+05:30,4299.3,4314.2,4298.6,4312.3,3559
2025-06-24T11:57:00+05:30,4312.4,4314.2,4308.9,4310.0,1671
2025-06-24T11:58:00+05:30,4310.0,4316.0,4310.0,4311.9,1493
2025-06-24T11:59:00+05:30,4311.5,4312.4,4310.3,4310.3,526
2025-06-24T12:00:00+05:30,4311.0,4314.0,4310.3,4313.4,382
2025-06-24T12:01:00+05:30,4312.9,4313.4,4311.8,4311.9,652
2025-06-24T12:02:00+05:30,4311.9,4312.2,4309.8,4311.3,586
2025-06-24T12:03:00+05:30,4311.3,4311.3,4309.8,4311.2,136
2025-06-24T12:04:00+05:30,4311.3,4312.0,4310.0,4310.5,222
2025-06-24T12:05:00+05:30,4310.7,4311.6,4310.3,4310.6,308
2025-06-24T12:06:00+05:30,4311.5,4311.5,4311.0,4311.3,341
2025-06-24T12:07:00+05:30,4311.3,4315.0,4311.1,4312.6,938
2025-06-24T12:08:00+05:30,4312.5,4313.9,4312.0,4313.6,229
2025-06-24T12:09:00+05:30,4313.1,4317.0,4312.1,4315.0,1256
2025-06-24T12:10:00+05:30,4316.9,4319.8,4316.5,4319.8,992
2025-06-24T12:11:00+05:30,4319.8,4319.8,4318.0,4318.1,349
2025-06-24T12:12:00+05:30,4318.0,4323.4,4317.6,4323.2,2247
2025-06-24T12:13:00+05:30,4323.2,4323.2,4320.0,4321.0,301
2025-06-24T12:14:00+05:30,4320.7,4320.7,4318.5,4319.0,372
2025-06-24T12:15:00+05:30,4318.9,4319.9,4318.0,4318.8,719
2025-06-24T12:16:00+05:30,4319.2,4319.2,4318.0,4318.2,129
2025-06-24T12:17:00+05:30,4318.5,4318.5,4315.5,4316.8,225
2025-06-24T12:18:00+05:30,4316.7,4317.5,4313.6,4313.7,340
2025-06-24T12:19:00+05:30,4315.1,4315.9,4311.9,4314.8,315
2025-06-24T12:20:00+05:30,4314.7,4319.7,4313.0,4319.4,2503
2025-06-24T12:21:00+05:30,4319.2,4319.2,4316.6,4317.1,356
2025-06-24T12:22:00+05:30,4316.9,4317.2,4314.4,4316.1,265
2025-06-24T12:23:00+05:30,4315.4,4318.4,4315.4,4318.2,1730
2025-06-24T12:24:00+05:30,4318.4,4318.4,4315.3,4316.0,245
2025-06-24T12:25:00+05:30,4316.0,4318.2,4315.6,4318.1,936
2025-06-24T12:26:00+05:30,4318.0,4318.3,4315.9,4318.1,1121
2025-06-24T12:27:00+05:30,4317.9,4320.9,4317.9,4319.1,1343
2025-06-24T12:28:00+05:30,4318.7,4319.2,4316.0,4317.5,494
2025-06-24T12:29:00+05:30,4318.0,4318.7,4317.2,4318.6,187
2025-06-24T12:30:00+05:30,4318.4,4318.8,4317.2,4317.7,245
2025-06-24T12:31:00+05:30,4317.6,4319.0,4316.9,4318.7,661
2025-06-24T12:32:00+05:30,4318.1,4319.0,4318.1,4319.0,99
2025-06-24T12:33:00+05:30,4318.9,4319.0,4316.5,4319.0,402
2025-06-24T12:34:00+05:30,4318.4,4320.0,4317.8,4319.5,1557
2025-06-24T12:35:00+05:30,4319.1,4319.7,4317.8,4319.3,439
2025-06-24T12:36:00+05:30,4319.3,4321.0,4319.2,4321.0,1118
2025-06-24T12:37:00+05:30,4321.0,4324.0,4320.0,4322.9,2515
2025-06-24T12:38:00+05:30,4322.7,4324.8,4322.4,4324.8,1294
2025-06-24T12:39:00+05:30,4324.7,4327.0,4324.7,4326.6,1930
2025-06-24T12:40:00+05:30,4326.7,4327.0,4320.1,4322.6,1986
2025-06-24T12:41:00+05:30,4322.7,4325.5,4321.4,4325.0,1092
2025-06-24T12:42:00+05:30,4325.0,4325.0,4322.7,4325.0,985
2025-06-24T12:43:00+05:30,4325.0,4327.0,4324.0,4326.3,2189
2025-06-24T12:44:00+05:30,4326.2,4330.0,4325.0,4326.9,5568
2025-06-24T12:45:00+05:30,4326.9,4326.9,4319.0,4321.0,759
2025-06-24T12:46:00+05:30,4320.9,4322.7,4318.5,4320.0,1043
2025-06-24T12:47:00+05:30,4319.3,4325.6,4318.2,4325.0,1434
2025-06-24T12:48:00+05:30,4324.8,4325.0,4321.5,4322.8,693
2025-06-24T12:49:00+05:30,4322.6,4323.0,4320.6,4323.0,204
2025-06-24T12:50:00+05:30,4322.5,4322.8,4319.7,4320.2,1221
2025-06-24T12:51:00+05:30,4319.9,4320.2,4318.0,4318.6,506
2025-06-24T12:52:00+05:30,4318.8,4320.3,4318.4,4318.4,109
2025-06-24T12:53:00+05:30,4319.4,4320.3,4318.0,4318.2,279
2025-06-24T12:54:00+05:30,4318.9,4320.4,4318.9,4319.6,714
2025-06-24T12:55:00+05:30,4319.6,4320.4,4319.1,4319.4,236
2025-06-24T12:56:00+05:30,4319.7,4320.3,4318.2,4318.2,321
2025-06-24T12:57:00+05:30,4320.3,4320.3,4315.6,4316.5,821
2025-06-24T12:58:00+05:30,4316.8,4318.4,4316.2,4318.1,430
2025-06-24T12:59:00+05:30,4317.6,4318.4,4316.6,4316.7,96
2025-06-24T13:00:00+05:30,4316.8,4318.3,4315.5,4315.5,1018
2025-06-24T13:01:00+05:30,4315.5,4317.2,4315.5,4317.2,332
2025-06-24T13:02:00+05:30,4317.2,4318.0,4316.2,4316.6,361
2025-06-24T13:03:00+05:30,4316.5,4317.3,4316.1,4317.3,142
2025-06-24T13:04:00+05:30,4317.3,4318.3,4317.1,4317.3,329
2025-06-24T13:05:00+05:30,4318.0,4323.0,4317.8,4322.1,1322
2025-06-24T13:06:00+05:30,4322.5,4322.5,4320.3,4322.0,259
2025-06-24T13:07:00+05:30,4321.9,4322.0,4320.4,4321.1,213
2025-06-24T13:08:00+05:30,4321.1,4322.0,4321.0,4321.4,340
2025-06-24T13:09:00+05:30,4321.8,4321.8,4321.0,4321.1,134
2025-06-24T13:10:00+05:30,4321.5,4321.5,4320.3,4321.5,363
2025-06-24T13:11:00+05:30,4321.0,4321.0,4313.5,4314.6,1617
2025-06-24T13:12:00+05:30,4314.6,4321.0,4314.6,4320.5,1059
2025-06-24T13:13:00+05:30,4320.9,4321.2,4318.1,4319.8,826
2025-06-24T13:14:00+05:30,4319.1,4319.7,4316.1,4318.1,131
2025-06-24T13:15:00+05:30,4318.3,4320.0,4317.8,4319.9,290
2025-06-24T13:16:00+05:30,4319.9,4319.9,4316.6,4318.7,489
2025-06-24T13:17:00+05:30,4318.6,4319.4,4316.7,4318.8,483
2025-06-24T13:18:00+05:30,4318.8,4321.5,4317.6,4321.5,1930
2025-06-24T13:19:00+05:30,4321.3,4321.5,4318.9,4320.7,884
2025-06-24T13:20:00+05:30,4319.7,4321.2,4319.1,4320.6,642
2025-06-24T13:21:00+05:30,4321.0,4321.2,4318.2,4318.7,551
2025-06-24T13:22:00+05:30,4319.9,4319.9,4316.8,4317.9,390
2025-06-24T13:23:00+05:30,4317.9,4317.9,4313.0,4315.2,1690
2025-06-24T13:24:00+05:30,4313.9,4314.0,4310.0,4311.0,1076
2025-06-24T13:25:00+05:30,4310.7,4314.0,4310.4,4312.9,568
2025-06-24T13:26:00+05:30,4312.8,4313.9,4312.0,4312.3,299
2025-06-24T13:27:00+05:30,4312.3,4312.9,4310.0,4310.6,1319
2025-06-24T13:28:00+05:30,4310.4,4310.9,4308.1,4310.9,619
2025-06-24T13:29:00+05:30,4310.5,4310.5,4308.0,4309.1,234
2025-06-24T13:30:00+05:30,4309.0,4309.6,4307.9,4309.5,198
2025-06-24T13:31:00+05:30,4309.5,4310.1,4307.6,4307.8,387
2025-06-24T13:32:00+05:30,4307.5,4307.5,4301.7,4307.5,1629
2025-06-24T13:33:00+05:30,4307.3,4308.2,4303.6,4304.2,753
2025-06-24T13:34:00+05:30,4306.1,4306.2,4301.9,4304.2,253
2025-06-24T13:35:00+05:30,4304.1,4304.2,4302.1,4302.7,511
2025-06-24T13:36:00+05:30,4302.1,4303.8,4299.9,4300.5,3494
2025-06-24T13:37:00+05:30,4300.5,4302.9,4299.3,4300.1,1238
2025-06-24T13:38:00+05:30,4300.1,4301.6,4299.4,4301.3,814
2025-06-24T13:39:00+05:30,4301.0,4304.0,4299.6,4303.2,781
2025-06-24T13:40:00+05:30,4303.1,4303.6,4301.7,4303.4,224
2025-06-24T13:41:00+05:30,4303.6,4303.6,4302.7,4303.0,72
2025-06-24T13:42:00+05:30,4303.5,4304.0,4302.7,4303.6,195
2025-06-24T13:43:00+05:30,4303.4,4303.9,4300.6,4300.6,1040
2025-06-24T13:44:00+05:30,4301.0,4302.9,4300.0,4301.1,708
2025-06-24T13:45:00+05:30,4300.5,4300.7,4297.7,4298.9,1637
2025-06-24T13:46:00+05:30,4300.2,4301.0,4292.0,4292.3,1793
2025-06-24T13:47:00+05:30,4293.4,4294.8,4292.2,4294.3,1113
2025-06-24T13:48:00+05:30,4295.9,4296.9,4293.7,4293.7,828
2025-06-24T13:49:00+05:30,4295.0,4297.6,4292.3,4297.6,995
2025-06-24T13:50:00+05:30,4296.6,4298.3,4295.7,4296.5,1192
2025-06-24T13:51:00+05:30,4297.0,4299.5,4296.0,4298.8,185
2025-06-24T13:52:00+05:30,4298.8,4301.0,4296.2,4300.7,780
2025-06-24T13:53:00+05:30,4301.0,4301.0,4298.5,4300.0,598
2025-06-24T13:54:00+05:30,4300.0,4301.0,4298.8,4301.0,1334
2025-06-24T13:55:00+05:30,4300.9,4302.9,4298.9,4302.2,1035
2025-06-24T13:56:00+05:30,4301.5,4301.5,4297.4,4299.9,249
2025-06-24T13:57:00+05:30,4299.8,4300.4,4296.8,4297.0,154
2025-06-24T13:58:00+05:30,4298.1,4298.9,4295.0,4298.5,1529
2025-06-24T13:59:00+05:30,4298.4,4299.0,4296.6,4299.0,575
2025-06-24T14:00:00+05:30,4299.8,4301.1,4297.4,4301.1,304
2025-06-24T14:01:00+05:30,4301.0,4301.1,4298.3,4298.3,358
2025-06-24T14:02:00+05:30,4299.5,4300.1,4296.6,4297.1,716
2025-06-24T14:03:00+05:30,4298.5,4299.7,4297.4,4298.0,532
2025-06-24T14:04:00+05:30,4297.7,4298.9,4296.0,4297.1,1004
2025-06-24T14:05:00+05:30,4295.8,4297.4,4295.3,4295.6,322
2025-06-24T14:06:00+05:30,4295.7,4296.6,4292.9,4292.9,1011
2025-06-24T14:07:00+05:30,4293.9,4294.0,4293.0,4293.3,705
2025-06-24T14:08:00+05:30,4293.8,4295.7,4293.1,4295.4,1129
2025-06-24T14:09:00+05:30,4294.9,4296.7,4293.8,4294.3,1125
2025-06-24T14:10:00+05:30,4295.1,4295.9,4293.2,4294.7,529
2025-06-24T14:11:00+05:30,4293.5,4295.1,4292.4,4294.9,463
2025-06-24T14:12:00+05:30,4294.9,4295.5,4293.5,4295.5,411
2025-06-24T14:13:00+05:30,4295.3,4299.6,4294.9,4299.6,921
2025-06-24T14:14:00+05:30,4300.0,4302.2,4299.9,4301.3,1937
2025-06-24T14:15:00+05:30,4301.9,4302.2,4301.8,4302.1,389
2025-06-24T14:16:00+05:30,4302.0,4302.2,4300.1,4300.2,592
2025-06-24T14:17:00+05:30,4300.2,4301.0,4299.0,4299.7,228
2025-06-24T14:18:00+05:30,4299.7,4300.0,4299.0,4300.0,82
2025-06-24T14:19:00+05:30,4299.6,4300.0,4297.0,4298.8,667
2025-06-24T14:20:00+05:30,4298.7,4299.7,4298.0,4298.1,1118
2025-06-24T14:21:00+05:30,4298.1,4298.1,4288.2,4288.2,2503
2025-06-24T14:22:00+05:30,4288.2,4298.2,4288.2,4297.2,895
2025-06-24T14:23:00+05:30,4296.6,4298.8,4296.6,4297.2,250
2025-06-24T14:24:00+05:30,4297.6,4298.3,4296.6,4297.4,863
2025-06-24T14:25:00+05:30,4297.3,4298.4,4296.5,4298.2,719
2025-06-24T14:26:00+05:30,4297.5,4298.1,4295.0,4296.6,332
2025-06-24T14:27:00+05:30,4296.5,4298.7,4295.7,4296.9,1212
2025-06-24T14:28:00+05:30,4297.1,4297.1,4293.3,4294.8,2542
2025-06-24T14:29:00+05:30,4295.3,4301.5,4295.0,4300.2,2775
2025-06-24T14:30:00+05:30,4300.3,4306.2,4299.3,4301.5,1843
2025-06-24T14:31:00+05:30,4301.7,4305.0,4301.7,4305.0,564
2025-06-24T14:32:00+05:30,4305.0,4308.8,4305.0,4308.8,457
2025-06-24T14:33:00+05:30,4308.7,4310.0,4307.6,4308.7,838
2025-06-24T14:34:00+05:30,4309.8,4310.0,4306.7,4307.6,460
2025-06-24T14:35:00+05:30,4307.2,4307.9,4305.2,4306.8,539
2025-06-24T14:36:00+05:30,4307.1,4307.9,4304.8,4306.7,247
2025-06-24T14:37:00+05:30,4305.3,4305.3,4303.8,4305.0,273
2025-06-24T14:38:00+05:30,4304.9,4307.0,4304.9,4307.0,839
2025-06-24T14:39:00+05:30,4307.2,4308.5,4306.0,4306.4,462
2025-06-24T14:40:00+05:30,4306.4,4307.6,4305.1,4305.4,593
2025-06-24T14:41:00+05:30,4305.1,4305.6,4303.5,4305.3,486
2025-06-24T14:42:00+05:30,4305.2,4306.4,4303.3,4306.4,755
2025-06-24T14:43:00+05:30,4306.1,4306.4,4305.0,4305.4,152
2025-06-24T14:44:00+05:30,4305.4,4306.0,4303.0,4303.3,514
2025-06-24T14:45:00+05:30,4303.0,4303.7,4300.0,4300.8,470
2025-06-24T14:46:00+05:30,4300.5,4300.5,4292.8,4294.9,1947
2025-06-24T14:47:00+05:30,4295.7,4296.5,4294.9,4296.5,297
2025-06-24T14:48:00+05:30,4296.5,4296.5,4294.9,4295.1,192
2025-06-24T14:49:00+05:30,4295.0,4295.2,4293.4,4294.0,502
2025-06-24T14:50:00+05:30,4295.2,4299.3,4295.1,4297.1,919
2025-06-24T14:51:00+05:30,4299.0,4299.4,4295.6,4296.3,573
2025-06-24T14:52:00+05:30,4297.2,4299.4,4296.7,4296.7,192
2025-06-24T14:53:00+05:30,4298.5,4298.5,4295.2,4297.9,338
2025-06-24T14:54:00+05:30,4297.9,4299.1,4297.0,4298.7,806
2025-06-24T14:55:00+05:30,4298.6,4300.0,4297.6,4300.0,1010
2025-06-24T14:56:00+05:30,4299.6,4300.0,4296.9,4299.7,684
2025-06-24T14:57:00+05:30,4299.4,4299.4,4297.4,4298.2,753
2025-06-24T14:58:00+05:30,4298.8,4299.4,4297.7,4298.5,773
2025-06-24T14:59:00+05:30,4297.1,4298.7,4295.0,4296.7,665
2025-06-24T15:00:00+05:30,4296.7,4298.7,4296.5,4298.0,1994
2025-06-24T15:01:00+05:30,4298.0,4299.4,4294.0,4295.1,1595
2025-06-24T15:02:00+05:30,4294.9,4295.0,4290.3,4291.4,3107
2025-06-24T15:03:00+05:30,4291.4,4294.4,4291.1,4291.1,1757
2025-06-24T15:04:00+05:30,4291.0,4291.0,4290.0,4290.3,3710
2025-06-24T15:05:00+05:30,4290.0,4294.1,4290.0,4292.3,2257
2025-06-24T15:06:00+05:30,4292.3,4292.5,4290.0,4292.4,1896
2025-06-24T15:07:00+05:30,4292.4,4292.9,4291.8,4292.3,1582
2025-06-24T15:08:00+05:30,4292.1,4292.5,4290.4,4292.5,1772
2025-06-24T15:09:00+05:30,4292.5,4294.9,4291.9,4293.5,1656
2025-06-24T15:10:00+05:30,4293.3,4293.5,4291.1,4291.9,1508
2025-06-24T15:11:00+05:30,4291.9,4292.4,4290.7,4292.0,1659
2025-06-24T15:12:00+05:30,4291.7,4291.7,4290.4,4290.4,1854
2025-06-24T15:13:00+05:30,4290.4,4293.4,4290.4,4292.2,2754
2025-06-24T15:14:00+05:30,4292.2,4292.8,4290.0,4291.0,3105
2025-06-24T15:15:00+05:30,4290.7,4292.3,4290.7,4292.3,3816
2025-06-24T15:16:00+05:30,4292.1,4294.3,4292.1,4294.3,1708
2025-06-24T15:17:00+05:30,4294.1,4295.2,4292.2,4292.6,3950
2025-06-24T15:18:00+05:30,4292.4,4293.6,4292.1,4292.1,2936
2025-06-24T15:19:00+05:30,4292.1,4293.6,4291.8,4293.6,2444
2025-06-24T15:20:00+05:30,4293.6,4294.4,4292.2,4292.7,1734
2025-06-24T15:21:00+05:30,4293.1,4294.3,4292.5,4294.3,2440
2025-06-24T15:22:00+05:30,4294.3,4294.3,4292.7,4293.5,1625
2025-06-24T15:23:00+05:30,4293.6,4293.6,4293.4,4293.6,1642
2025-06-24T15:24:00+05:30,4293.6,4293.6,4292.9,4293.5,2613
2025-06-24T15:25:00+05:30,4292.9,4293.6,4290.0,4290.1,3819
2025-06-24T15:26:00+05:30,4290.5,4291.9,4290.1,4291.1,953
2025-06-24T15:27:00+05:30,4291.0,4291.9,4290.7,4291.1,1308
2025-06-24T15:28:00+05:30,4291.1,4292.2,4291.1,4291.7,1069
2025-06-24T15:29:00+05:30,4291.7,4292.2,4290.0,4290.0,1965
2025-06-25T09:15:00+05:30,4309.4,4317.6,4301.0,4314.9,2997
2025-06-25T09:16:00+05:30,4313.9,4319.9,4311.0,4319.0,3999
2025-06-25T09:17:00+05:30,4319.4,4330.0,4316.3,4327.3,2254
2025-06-25T09:18:00+05:30,4328.0,4339.4,4327.6,4337.1,5234
2025-06-25T09:19:00+05:30,4338.0,4347.0,4336.9,4342.9,4844
2025-06-25T09:20:00+05:30,4343.5,4355.4,4343.4,4355.0,6388
2025-06-25T09:21:00+05:30,4355.0,4357.9,4350.0,4350.2,6560
2025-06-25T09:22:00+05:30,4351.9,4355.4,4350.0,4354.2,6116
2025-06-25T09:23:00+05:30,4354.4,4355.0,4346.1,4348.9,8664
2025-06-25T09:24:00+05:30,4351.5,4353.2,4335.8,4341.8,12220
2025-06-25T09:25:00+05:30,4340.6,4342.7,4335.3,4337.4,5075
2025-06-25T09:26:00+05:30,4336.3,4343.6,4335.0,4341.4,2178
2025-06-25T09:27:00+05:30,4342.8,4343.4,4333.1,4337.4,2060
2025-06-25T09:28:00+05:30,4336.4,4337.6,4332.0,4334.0,1943
2025-06-25T09:29:00+05:30,4333.4,4334.1,4329.4,4332.0,1907
2025-06-25T09:30:00+05:30,4332.0,4341.0,4331.5,4334.8,2712
2025-06-25T09:31:00+05:30,4333.7,4336.2,4330.0,4331.7,2004
2025-06-25T09:32:00+05:30,4331.7,4333.0,4330.0,4331.6,952
2025-06-25T09:33:00+05:30,4331.6,4333.5,4330.0,4332.2,737
2025-06-25T09:34:00+05:30,4331.4,4333.4,4330.6,4331.5,486
2025-06-25T09:35:00+05:30,4332.1,4332.7,4320.0,4320.0,6923
2025-06-25T09:36:00+05:30,4320.0,4328.0,4316.1,4325.2,3888
2025-06-25T09:37:00+05:30,4324.5,4328.3,4324.5,4326.5,485
2025-06-25T09:38:00+05:30,4327.7,4328.9,4326.9,4326.9,343
2025-06-25T09:39:00+05:30,4327.5,4336.8,4327.0,4335.6,1581
2025-06-25T09:40:00+05:30,4335.6,4335.7,4333.0,4335.3,1123
2025-06-25T09:41:00+05:30,4335.3,4335.3,4333.0,4334.4,559
2025-06-25T09:42:00+05:30,4334.2,4335.2,4333.1,4334.4,282
2025-06-25T09:43:00+05:30,4334.4,4337.4,4333.0,4333.0,1017
2025-06-25T09:44:00+05:30,4333.7,4338.0,4331.8,4338.0,1200
2025-06-25T09:45:00+05:30,4338.0,4343.2,4337.3,4343.0,1686
2025-06-25T09:46:00+05:30,4342.8,4345.0,4342.0,4342.1,1750
2025-06-25T09:47:00+05:30,4342.1,4344.9,4340.6,4344.0,2386
2025-06-25T09:48:00+05:30,4344.0,4344.8,4342.2,4342.8,1434
2025-06-25T09:49:00+05:30,4343.4,4349.0,4337.0,4338.1,5698
2025-06-25T09:50:00+05:30,4339.0,4342.8,4338.9,4341.9,1634
2025-06-25T09:51:00+05:30,4342.8,4351.0,4342.8,4351.0,3703
2025-06-25T09:52:00+05:30,4349.9,4351.0,4349.0,4349.5,1435
2025-06-25T09:53:00+05:30,4350.0,4350.5,4344.1,4346.3,4728
2025-06-25T09:54:00+05:30,4346.6,4349.8,4344.1,4348.5,1524
2025-06-25T09:55:00+05:30,4349.1,4349.2,4345.5,4345.6,1132
2025-06-25T09:56:00+05:30,4346.2,4346.2,4344.1,4344.7,585
2025-06-25T09:57:00+05:30,4345.3,4347.0,4344.5,4347.0,587
2025-06-25T09:58:00+05:30,4347.5,4348.1,4344.9,4345.9,855
2025-06-25T09:59:00+05:30,4347.3,4347.3,4344.0,4344.2,1309
2025-06-25T10:00:00+05:30,4345.0,4345.0,4338.8,4341.6,1336
2025-06-25T10:01:00+05:30,4341.0,4341.0,4336.0,4336.0,2020
2025-06-25T10:02:00+05:30,4336.8,4337.3,4327.6,4333.0,2748
2025-06-25T10:03:00+05:30,4333.2,4334.6,4329.9,4332.3,2323
2025-06-25T10:04:00+05:30,4332.3,4332.3,4325.0,4326.9,1752
2025-06-25T10:05:00+05:30,4325.7,4330.9,4325.5,4327.1,990
2025-06-25T10:06:00+05:30,4327.1,4330.0,4325.0,4325.0,1954
2025-06-25T10:07:00+05:30,4325.5,4326.9,4321.0,4322.1,1412
2025-06-25T10:08:00+05:30,4322.1,4325.3,4321.1,4325.3,1210
2025-06-25T10:09:00+05:30,4324.3,4324.3,4322.0,4323.0,424
2025-06-25T10:10:00+05:30,4322.9,4323.7,4320.0,4323.1,2673
2025-06-25T10:11:00+05:30,4323.5,4324.5,4323.5,4324.3,455
2025-06-25T10:12:00+05:30,4324.4,4326.3,4324.3,4326.0,258
2025-06-25T10:13:00+05:30,4325.9,4325.9,4321.0,4321.3,1174
2025-06-25T10:14:00+05:30,4321.9,4323.2,4321.3,4321.9,664
2025-06-25T10:15:00+05:30,4321.9,4323.9,4321.3,4323.1,439
2025-06-25T10:16:00+05:30,4322.8,4324.0,4316.4,4320.7,2739
2025-06-25T10:17:00+05:30,4321.0,4321.1,4320.0,4320.6,1221
2025-06-25T10:18:00+05:30,4319.9,4320.0,4319.0,4319.1,562
2025-06-25T10:19:00+05:30,4318.8,4318.8,4315.0,4316.3,1396
2025-06-25T10:20:00+05:30,4316.1,4320.0,4315.6,4317.9,1468
2025-06-25T10:21:00+05:30,4318.6,4319.8,4318.3,4319.1,300
2025-06-25T10:22:00+05:30,4319.2,4325.0,4317.7,4325.0,1321
2025-06-25T10:23:00+05:30,4324.0,4330.3,4323.2,4326.5,2043
2025-06-25T10:24:00+05:30,4327.1,4330.0,4326.8,4330.0,658
2025-06-25T10:25:00+05:30,4330.0,4330.0,4322.0,4323.6,1055
2025-06-25T10:26:00+05:30,4323.4,4325.6,4321.6,4324.5,823
2025-06-25T10:27:00+05:30,4324.3,4325.0,4323.1,4323.1,484
2025-06-25T10:28:00+05:30,4323.8,4324.4,4321.6,4321.6,555
2025-06-25T10:29:00+05:30,4322.5,4322.8,4321.5,4322.5,239
2025-06-25T10:30:00+05:30,4322.5,4322.5,4320.7,4320.7,262
2025-06-25T10:31:00+05:30,4321.3,4322.2,4321.2,4321.8,362
2025-06-25T10:32:00+05:30,4322.2,4323.6,4321.8,4323.3,301
2025-06-25T10:33:00+05:30,4323.9,4324.0,4322.0,4322.2,368
2025-06-25T10:34:00+05:30,4322.5,4322.6,4320.9,4320.9,379
2025-06-25T10:35:00+05:30,4320.9,4320.9,4320.0,4320.1,261
2025-06-25T10:36:00+05:30,4320.3,4320.3,4318.5,4318.8,1736
2025-06-25T10:37:00+05:30,4318.8,4318.8,4318.0,4318.0,347
2025-06-25T10:38:00+05:30,4318.0,4318.7,4316.9,4317.3,710
2025-06-25T10:39:00+05:30,4317.5,4317.6,4312.7,4315.1,1763
2025-06-25T10:40:00+05:30,4314.7,4316.9,4314.0,4316.8,545
2025-06-25T10:41:00+05:30,4316.1,4316.2,4303.0,4304.1,3918
2025-06-25T10:42:00+05:30,4304.1,4304.1,4299.0,4301.7,3475
2025-06-25T10:43:00+05:30,4301.9,4302.6,4297.3,4302.6,1251
2025-06-25T10:44:00+05:30,4301.7,4302.5,4300.0,4301.0,669
2025-06-25T10:45:00+05:30,4301.6,4302.9,4295.2,4297.7,1649
2025-06-25T10:46:00+05:30,4299.6,4300.7,4295.9,4300.6,932
2025-06-25T10:47:00+05:30,4300.6,4304.5,4300.6,4304.5,675
2025-06-25T10:48:00+05:30,4304.5,4305.4,4302.4,4303.0,928
2025-06-25T10:49:00+05:30,4303.0,4304.9,4302.4,4304.9,466
2025-06-25T10:50:00+05:30,4303.9,4309.0,4303.0,4307.0,735
2025-06-25T10:51:00+05:30,4307.1,4307.4,4305.1,4307.0,289
2025-06-25T10:52:00+05:30,4306.9,4310.1,4306.9,4308.9,472
2025-06-25T10:53:00+05:30,4308.3,4308.5,4308.1,4308.5,275
2025-06-25T10:54:00+05:30,4308.4,4308.4,4307.0,4307.3,262
2025-06-25T10:55:00+05:30,4307.4,4312.8,4307.4,4312.1,1690
2025-06-25T10:56:00+05:30,4311.8,4311.8,4310.1,4310.2,289
2025-06-25T10:57:00+05:30,4310.1,4312.2,4309.2,4311.8,831
2025-06-25T10:58:00+05:30,4311.7,4313.2,4310.2,4310.9,195
2025-06-25T10:59:00+05:30,4311.6,4313.0,4311.6,4311.9,431
2025-06-25T11:00:00+05:30,4312.7,4313.0,4310.0,4311.0,914
2025-06-25T11:01:00+05:30,4311.0,4311.3,4310.9,4310.9,415
2025-06-25T11:02:00+05:30,4311.0,4311.8,4310.1,4311.7,531
2025-06-25T11:03:00+05:30,4311.7,4314.6,4311.5,4314.6,587
2025-06-25T11:04:00+05:30,4314.4,4314.5,4312.2,4312.2,182
2025-06-25T11:05:00+05:30,4313.2,4313.8,4311.8,4311.8,260
2025-06-25T11:06:00+05:30,4312.9,4312.9,4310.1,4311.9,617
2025-06-25T11:07:00+05:30,4311.7,4311.7,4305.9,4307.1,1435
2025-06-25T11:08:00+05:30,4307.2,4308.5,4305.9,4307.2,493
2025-06-25T11:09:00+05:30,4306.6,4306.6,4305.0,4305.0,893
2025-06-25T11:10:00+05:30,4305.5,4305.8,4302.0,4303.1,838
2025-06-25T11:11:00+05:30,4303.1,4304.8,4301.5,4304.0,574
2025-06-25T11:12:00+05:30,4304.0,4305.5,4302.0,4303.3,1035
2025-06-25T11:13:00+05:30,4303.2,4305.2,4303.1,4305.0,341
2025-06-25T11:14:00+05:30,4305.0,4305.0,4304.0,4304.1,126
2025-06-25T11:15:00+05:30,4304.4,4304.4,4301.1,4302.0,576
2025-06-25T11:16:00+05:30,4302.0,4302.1,4301.3,4301.3,108
2025-06-25T11:17:00+05:30,4301.4,4304.5,4300.0,4302.4,592
2025-06-25T11:18:00+05:30,4303.4,4306.0,4301.1,4306.0,223
2025-06-25T11:19:00+05:30,4306.8,4307.4,4305.1,4305.6,326
2025-06-25T11:20:00+05:30,4305.6,4305.7,4301.7,4302.2,465
2025-06-25T11:21:00+05:30,4302.3,4304.0,4302.0,4304.0,218
2025-06-25T11:22:00+05:30,4304.0,4304.1,4302.1,4303.0,1596
2025-06-25T11:23:00+05:30,4304.0,4304.1,4301.1,4301.1,296
2025-06-25T11:24:00+05:30,4301.8,4302.7,4301.2,4302.7,220
2025-06-25T11:25:00+05:30,4302.6,4302.6,4301.0,4301.8,539
2025-06-25T11:26:00+05:30,4301.8,4301.9,4298.1,4301.9,1722
2025-06-25T11:27:00+05:30,4301.9,4303.5,4301.9,4303.1,619
2025-06-25T11:28:00+05:30,4304.0,4306.2,4303.2,4306.1,287
2025-06-25T11:29:00+05:30,4305.1,4305.1,4302.0,4302.5,369
2025-06-25T11:30:00+05:30,4302.2,4302.4,4300.4,4301.5,395
2025-06-25T11:31:00+05:30,4301.6,4304.7,4300.8,4304.7,442
2025-06-25T11:32:00+05:30,4304.5,4305.4,4301.3,4301.3,197
2025-06-25T11:33:00+05:30,4302.7,4302.7,4302.1,4302.3,126
2025-06-25T11:34:00+05:30,4302.3,4302.3,4301.2,4301.7,265
2025-06-25T11:35:00+05:30,4301.6,4307.0,4301.2,4305.4,917
2025-06-25T11:36:00+05:30,4307.3,4307.8,4304.7,4307.5,561
2025-06-25T11:37:00+05:30,4307.4,4308.5,4307.4,4308.5,234
2025-06-25T11:38:00+05:30,4308.5,4308.5,4308.3,4308.4,426
2025-06-25T11:39:00+05:30,4308.4,4308.6,4308.4,4308.4,434
2025-06-25T11:40:00+05:30,4308.5,4308.5,4305.2,4307.9,1001
2025-06-25T11:41:00+05:30,4307.9,4307.9,4307.3,4307.4,68
2025-06-25T11:42:00+05:30,4307.4,4307.4,4306.7,4306.8,197
2025-06-25T11:43:00+05:30,4305.8,4306.6,4305.2,4305.2,369
2025-06-25T11:44:00+05:30,4305.3,4305.9,4304.7,4305.4,837
2025-06-25T11:45:00+05:30,4305.1,4306.5,4304.0,4306.3,697
2025-06-25T11:46:00+05:30,4306.9,4308.1,4306.4,4306.8,188
2025-06-25T11:47:00+05:30,4307.4,4308.4,4307.0,4308.4,141
2025-06-25T11:48:00+05:30,4308.4,4308.4,4308.2,4308.4,156
2025-06-25T11:49:00+05:30,4308.4,4309.7,4308.3,4309.0,342
2025-06-25T11:50:00+05:30,4309.1,4309.2,4307.5,4307.5,414
2025-06-25T11:51:00+05:30,4308.0,4309.5,4307.5,4308.9,695
2025-06-25T11:52:00+05:30,4308.8,4309.6,4308.7,4309.6,291
2025-06-25T11:53:00+05:30,4309.5,4312.0,4309.5,4309.8,2319
2025-06-25T11:54:00+05:30,4309.9,4309.9,4307.1,4307.1,260
2025-06-25T11:55:00+05:30,4308.9,4308.9,4307.1,4307.1,123
2025-06-25T11:56:00+05:30,4307.8,4307.9,4306.9,4307.3,178
2025-06-25T11:57:00+05:30,4307.2,4307.3,4304.2,4304.7,584
2025-06-25T11:58:00+05:30,4304.6,4305.7,4304.6,4305.2,284
2025-06-25T11:59:00+05:30,4305.4,4307.1,4304.1,4305.0,159
2025-06-25T12:00:00+05:30,4305.0,4305.6,4304.4,4304.7,159
2025-06-25T12:01:00+05:30,4304.4,4306.7,4301.2,4306.7,1684
2025-06-25T12:02:00+05:30,4306.2,4307.7,4306.2,4306.8,244
2025-06-25T12:03:00+05:30,4307.2,4307.2,4304.2,4304.8,180
2025-06-25T12:04:00+05:30,4304.9,4304.9,4304.2,4304.3,210
2025-06-25T12:05:00+05:30,4304.3,4304.4,4304.1,4304.3,181
2025-06-25T12:06:00+05:30,4304.4,4305.9,4304.2,4305.9,253
2025-06-25T12:07:00+05:30,4305.4,4305.8,4296.4,4298.4,1558
2025-06-25T12:08:00+05:30,4298.4,4298.4,4290.0,4290.7,3095
2025-06-25T12:09:00+05:30,4290.7,4292.7,4290.0,4291.2,1165
2025-06-25T12:10:00+05:30,4291.7,4292.1,4290.1,4291.6,1185
2025-06-25T12:11:00+05:30,4292.3,4292.4,4291.5,4292.0,364
2025-06-25T12:12:00+05:30,4292.0,4294.5,4291.8,4293.9,1195
2025-06-25T12:13:00+05:30,4293.4,4294.3,4292.0,4292.7,564
2025-06-25T12:14:00+05:30,4292.9,4293.2,4292.7,4292.7,254
2025-06-25T12:15:00+05:30,4292.8,4294.5,4292.7,4294.5,231
2025-06-25T12:16:00+05:30,4294.3,4295.0,4294.2,4295.0,185
2025-06-25T12:17:00+05:30,4295.3,4297.7,4295.0,4297.7,1007
2025-06-25T12:18:00+05:30,4297.0,4297.7,4296.3,4297.5,163
2025-06-25T12:19:00+05:30,4297.1,4298.4,4294.6,4297.9,1613
2025-06-25T12:20:00+05:30,4298.4,4299.0,4290.3,4295.9,2347
2025-06-25T12:21:00+05:30,4297.7,4298.3,4295.8,4296.4,209
2025-06-25T12:22:00+05:30,4297.0,4297.0,4294.6,4294.9,424
2025-06-25T12:23:00+05:30,4294.7,4294.9,4294.5,4294.6,187
2025-06-25T12:24:00+05:30,4294.5,4294.6,4294.0,4294.1,187
2025-06-25T12:25:00+05:30,4294.0,4294.1,4291.8,4291.8,270
2025-06-25T12:26:00+05:30,4291.5,4292.6,4291.0,4291.7,347
2025-06-25T12:27:00+05:30,4292.2,4292.6,4291.0,4291.4,248
2025-06-25T12:28:00+05:30,4292.4,4294.4,4291.3,4294.4,141
2025-06-25T12:29:00+05:30,4295.7,4296.5,4294.0,4294.5,540
2025-06-25T12:30:00+05:30,4295.1,4295.1,4294.5,4295.0,94
2025-06-25T12:31:00+05:30,4295.0,4295.6,4294.5,4295.6,350
2025-06-25T12:32:00+05:30,4295.3,4295.8,4294.4,4295.0,297
2025-06-25T12:33:00+05:30,4295.3,4296.9,4294.7,4296.9,159
2025-06-25T12:34:00+05:30,4296.8,4296.8,4295.5,4295.5,383
2025-06-25T12:35:00+05:30,4296.6,4296.6,4295.1,4296.2,252
2025-06-25T12:36:00+05:30,4295.7,4299.6,4295.1,4299.2,682
2025-06-25T12:37:00+05:30,4299.6,4301.2,4299.0,4300.0,733
2025-06-25T12:38:00+05:30,4300.3,4300.8,4299.3,4300.0,128
2025-06-25T12:39:00+05:30,4299.7,4300.7,4299.5,4300.1,199
2025-06-25T12:40:00+05:30,4300.1,4300.1,4299.0,4299.0,225
2025-06-25T12:41:00+05:30,4299.2,4302.0,4299.0,4299.2,1191
2025-06-25T12:42:00+05:30,4299.8,4299.8,4298.7,4299.6,384
2025-06-25T12:43:00+05:30,4299.6,4300.1,4299.5,4299.5,508
2025-06-25T12:44:00+05:30,4299.3,4300.2,4298.4,4299.3,303
2025-06-25T12:45:00+05:30,4299.1,4299.1,4296.9,4297.9,516
2025-06-25T12:46:00+05:30,4297.5,4298.1,4296.3,4297.3,577
2025-06-25T12:47:00+05:30,4297.7,4297.7,4295.3,4296.4,554
2025-06-25T12:48:00+05:30,4295.9,4296.8,4295.6,4296.4,713
2025-06-25T12:49:00+05:30,4296.4,4296.7,4295.1,4296.1,444
2025-06-25T12:50:00+05:30,4296.3,4296.3,4294.5,4294.9,1187
2025-06-25T12:51:00+05:30,4295.0,4295.8,4294.5,4294.9,403
2025-06-25T12:52:00+05:30,4294.9,4298.8,4294.9,4296.1,1190
2025-06-25T12:53:00+05:30,4297.5,4297.5,4296.0,4296.5,478
2025-06-25T12:54:00+05:30,4296.6,4299.0,4296.2,4298.4,736
2025-06-25T12:55:00+05:30,4298.4,4298.5,4298.4,4298.5,440
2025-06-25T12:56:00+05:30,4298.4,4305.0,4298.4,4304.5,1437
2025-06-25T12:57:00+05:30,4303.8,4306.0,4300.0,4300.0,3675
2025-06-25T12:58:00+05:30,4300.6,4301.0,4299.4,4299.8,350
2025-06-25T12:59:00+05:30,4299.7,4299.9,4297.9,4298.8,1014
2025-06-25T13:00:00+05:30,4299.8,4302.0,4299.3,4302.0,305
2025-06-25T13:01:00+05:30,4302.0,4302.0,4301.9,4302.0,529
2025-06-25T13:02:00+05:30,4302.0,4302.5,4300.6,4301.7,195
2025-06-25T13:03:00+05:30,4301.8,4301.8,4301.7,4301.8,72
2025-06-25T13:04:00+05:30,4301.8,4302.2,4300.8,4300.8,249
2025-06-25T13:05:00+05:30,4300.9,4303.0,4300.8,4302.6,623
2025-06-25T13:06:00+05:30,4303.0,4305.0,4302.8,4304.3,1489
2025-06-25T13:07:00+05:30,4304.3,4304.3,4303.5,4304.0,238
2025-06-25T13:08:00+05:30,4304.0,4305.7,4303.6,4305.7,960
2025-06-25T13:09:00+05:30,4305.6,4307.0,4305.5,4307.0,541
2025-06-25T13:10:00+05:30,4307.0,4309.8,4307.0,4309.6,348
2025-06-25T13:11:00+05:30,4309.7,4311.5,4309.5,4310.1,1221
2025-06-25T13:12:00+05:30,4309.8,4311.1,4308.2,4311.0,759
2025-06-25T13:13:00+05:30,4311.0,4313.1,4310.3,4311.3,1576
2025-06-25T13:14:00+05:30,4312.4,4312.9,4310.5,4312.8,1539
2025-06-25T13:15:00+05:30,4312.8,4313.7,4311.5,4313.2,1150
2025-06-25T13:16:00+05:30,4312.7,4312.7,4310.5,4310.9,527
2025-06-25T13:17:00+05:30,4310.9,4312.0,4310.9,4311.4,657
2025-06-25T13:18:00+05:30,4311.2,4311.3,4303.6,4303.8,1765
2025-06-25T13:19:00+05:30,4303.8,4306.1,4302.7,4302.8,1219
2025-06-25T13:20:00+05:30,4304.0,4305.0,4302.8,4304.5,750
2025-06-25T13:21:00+05:30,4304.9,4306.2,4304.0,4304.1,400
2025-06-25T13:22:00+05:30,4305.0,4307.0,4303.6,4305.2,374
2025-06-25T13:23:00+05:30,4305.8,4307.6,4304.3,4304.8,744
2025-06-25T13:24:00+05:30,4305.0,4305.8,4304.0,4305.8,355
2025-06-25T13:25:00+05:30,4305.8,4305.8,4305.0,4305.0,100
2025-06-25T13:26:00+05:30,4305.3,4305.7,4305.0,4305.6,272
2025-06-25T13:27:00+05:30,4305.3,4305.8,4305.0,4305.8,322
2025-06-25T13:28:00+05:30,4306.4,4307.2,4305.3,4306.2,729
2025-06-25T13:29:00+05:30,4307.0,4308.2,4306.6,4308.2,153
2025-06-25T13:30:00+05:30,4309.4,4309.6,4308.1,4309.6,672
2025-06-25T13:31:00+05:30,4309.7,4309.8,4308.0,4308.7,636
2025-06-25T13:32:00+05:30,4309.5,4311.8,4309.4,4309.5,898
2025-06-25T13:33:00+05:30,4309.9,4310.3,4307.2,4308.8,543
2025-06-25T13:34:00+05:30,4310.0,4312.5,4308.1,4308.1,890
2025-06-25T13:35:00+05:30,4309.4,4309.9,4308.0,4308.0,274
2025-06-25T13:36:00+05:30,4309.2,4309.2,4308.0,4308.0,253
2025-06-25T13:37:00+05:30,4308.6,4308.6,4306.9,4307.1,538
2025-06-25T13:38:00+05:30,4308.4,4312.2,4308.3,4311.0,2276
2025-06-25T13:39:00+05:30,4310.7,4312.3,4310.0,4310.6,505
2025-06-25T13:40:00+05:30,4310.5,4311.0,4309.8,4310.9,203
2025-06-25T13:41:00+05:30,4310.8,4311.1,4309.7,4310.6,211
2025-06-25T13:42:00+05:30,4311.0,4311.0,4309.8,4309.8,157
2025-06-25T13:43:00+05:30,4309.9,4311.4,4308.1,4308.7,1172
2025-06-25T13:44:00+05:30,4309.9,4313.4,4308.9,4310.9,904
2025-06-25T13:45:00+05:30,4312.3,4312.5,4310.8,4310.8,332
2025-06-25T13:46:00+05:30,4310.6,4310.7,4308.6,4308.6,180
2025-06-25T13:47:00+05:30,4308.5,4308.6,4306.1,4307.7,307
2025-06-25T13:48:00+05:30,4307.7,4308.5,4307.2,4308.5,358
2025-06-25T13:49:00+05:30,4308.5,4309.6,4306.1,4307.9,380
2025-06-25T13:50:00+05:30,4307.8,4307.8,4306.7,4307.5,177
2025-06-25T13:51:00+05:30,4307.4,4307.5,4306.8,4307.1,205
2025-06-25T13:52:00+05:30,4307.2,4307.2,4304.6,4305.1,541
2025-06-25T13:53:00+05:30,4305.8,4306.0,4304.8,4305.5,315
2025-06-25T13:54:00+05:30,4305.8,4306.7,4305.8,4306.7,117
2025-06-25T13:55:00+05:30,4306.7,4306.7,4304.7,4304.7,461
2025-06-25T13:56:00+05:30,4305.0,4305.0,4304.3,4304.5,204
2025-06-25T13:57:00+05:30,4304.4,4304.5,4302.3,4302.7,766
2025-06-25T13:58:00+05:30,4303.3,4303.5,4302.8,4303.4,167
2025-06-25T13:59:00+05:30,4303.4,4311.0,4302.4,4310.9,1239
2025-06-25T14:00:00+05:30,4310.8,4311.3,4305.6,4307.0,1167
2025-06-25T14:01:00+05:30,4307.3,4307.4,4305.7,4306.7,103
2025-06-25T14:02:00+05:30,4306.5,4306.5,4305.4,4305.4,112
2025-06-25T14:03:00+05:30,4305.6,4305.6,4296.9,4297.1,759
2025-06-25T14:04:00+05:30,4297.8,4302.0,4297.3,4301.1,978
2025-06-25T14:05:00+05:30,4301.3,4303.6,4301.2,4302.2,1290
2025-06-25T14:06:00+05:30,4302.2,4304.5,4302.1,4302.4,869
2025-06-25T14:07:00+05:30,4302.4,4302.6,4300.1,4301.5,319
2025-06-25T14:08:00+05:30,4301.6,4303.2,4300.7,4303.0,399
2025-06-25T14:09:00+05:30,4303.0,4305.0,4302.9,4305.0,258
2025-06-25T14:10:00+05:30,4305.0,4306.2,4303.6,4304.2,381
2025-06-25T14:11:00+05:30,4304.0,4304.7,4303.2,4304.2,152
2025-06-25T14:12:00+05:30,4304.2,4307.5,4304.0,4307.4,234
2025-06-25T14:13:00+05:30,4307.4,4307.4,4306.2,4306.2,115
2025-06-25T14:14:00+05:30,4306.8,4315.0,4306.2,4310.7,4040
2025-06-25T14:15:00+05:30,4310.7,4310.7,4305.4,4305.7,4948
2025-06-25T14:16:00+05:30,4306.3,4306.9,4304.8,4305.6,455
2025-06-25T14:17:00+05:30,4305.0,4310.2,4303.6,4309.9,3442
2025-06-25T14:18:00+05:30,4308.8,4309.7,4305.0,4305.8,615
2025-06-25T14:19:00+05:30,4306.2,4306.6,4305.0,4306.5,2281
2025-06-25T14:20:00+05:30,4306.5,4310.3,4306.4,4308.9,921
2025-06-25T14:21:00+05:30,4308.9,4308.9,4308.7,4308.9,107
2025-06-25T14:22:00+05:30,4308.8,4308.8,4307.6,4308.6,198
2025-06-25T14:23:00+05:30,4308.6,4308.6,4306.7,4307.6,157
2025-06-25T14:24:00+05:30,4307.6,4307.7,4306.8,4307.3,315
2025-06-25T14:25:00+05:30,4307.1,4307.3,4306.9,4306.9,162
2025-06-25T14:26:00+05:30,4307.1,4307.1,4305.9,4306.1,167
2025-06-25T14:27:00+05:30,4306.1,4306.4,4303.2,4303.2,1240
2025-06-25T14:28:00+05:30,4304.0,4305.0,4302.7,4304.9,485
2025-06-25T14:29:00+05:30,4304.9,4305.0,4302.6,4304.5,489
2025-06-25T14:30:00+05:30,4303.5,4304.5,4303.5,4304.3,358
2025-06-25T14:31:00+05:30,4304.3,4306.5,4303.2,4306.2,666
2025-06-25T14:32:00+05:30,4305.9,4306.3,4305.6,4305.9,157
2025-06-25T14:33:00+05:30,4305.6,4305.6,4298.9,4298.9,1715
2025-06-25T14:34:00+05:30,4298.9,4302.4,4298.9,4302.1,532
2025-06-25T14:35:00+05:30,4302.1,4304.1,4302.0,4303.2,494
2025-06-25T14:36:00+05:30,4303.2,4303.3,4300.2,4301.0,1081
2025-06-25T14:37:00+05:30,4300.6,4302.0,4300.1,4301.4,688
2025-06-25T14:38:00+05:30,4301.4,4301.4,4299.0,4299.8,416
2025-06-25T14:39:00+05:30,4299.4,4300.4,4298.8,4299.9,2886
2025-06-25T14:40:00+05:30,4299.9,4299.9,4295.4,4298.9,1059
2025-06-25T14:41:00+05:30,4298.8,4301.8,4297.6,4301.0,797
2025-06-25T14:42:00+05:30,4300.9,4300.9,4299.1,4300.3,219
2025-06-25T14:43:00+05:30,4300.3,4300.3,4296.8,4298.4,201
2025-06-25T14:44:00+05:30,4298.4,4298.4,4297.0,4298.1,366
2025-06-25T14:45:00+05:30,4298.1,4298.1,4295.9,4297.9,778
2025-06-25T14:46:00+05:30,4297.9,4297.9,4295.8,4297.7,489
2025-06-25T14:47:00+05:30,4297.7,4297.7,4294.2,4294.5,555
2025-06-25T14:48:00+05:30,4295.0,4296.8,4294.9,4296.6,396
2025-06-25T14:49:00+05:30,4296.5,4296.8,4295.7,4296.4,521
2025-06-25T14:50:00+05:30,4296.3,4296.4,4295.9,4296.0,323
2025-06-25T14:51:00+05:30,4296.0,4298.3,4295.0,4297.7,2674
2025-06-25T14:52:00+05:30,4297.6,4298.5,4295.2,4296.0,476
2025-06-25T14:53:00+05:30,4295.9,4298.0,4294.8,4296.5,1019
2025-06-25T14:54:00+05:30,4296.5,4298.0,4296.3,4297.4,930
2025-06-25T14:55:00+05:30,4297.2,4297.2,4295.9,4296.2,274
2025-06-25T14:56:00+05:30,4296.1,4297.9,4295.2,4295.9,689
2025-06-25T14:57:00+05:30,4295.9,4296.0,4293.1,4293.3,1947
2025-06-25T14:58:00+05:30,4293.3,4294.6,4293.1,4294.3,313
2025-06-25T14:59:00+05:30,4294.3,4294.3,4292.0,4292.0,442
2025-06-25T15:00:00+05:30,4292.1,4301.8,4292.1,4301.6,3050
2025-06-25T15:01:00+05:30,4301.6,4302.6,4300.7,4301.1,1511
2025-06-25T15:02:00+05:30,4300.9,4304.4,4300.9,4303.4,846
2025-06-25T15:03:00+05:30,4303.0,4304.6,4301.2,4302.4,1045
2025-06-25T15:04:00+05:30,4302.5,4302.7,4300.6,4302.7,1514
2025-06-25T15:05:00+05:30,4302.6,4304.5,4302.6,4303.4,1011
2025-06-25T15:06:00+05:30,4303.4,4304.5,4300.6,4302.4,1912
2025-06-25T15:07:00+05:30,4302.4,4302.9,4299.6,4300.9,1178
2025-06-25T15:08:00+05:30,4300.8,4301.2,4300.6,4300.6,892
2025-06-25T15:09:00+05:30,4300.6,4304.9,4299.1,4301.3,5015
2025-06-25T15:10:00+05:30,4301.4,4303.3,4299.1,4301.1,4766
2025-06-25T15:11:00+05:30,4301.3,4301.9,4300.1,4301.0,2120
2025-06-25T15:12:00+05:30,4300.9,4303.4,4300.2,4301.5,1321
2025-06-25T15:13:00+05:30,4301.1,4302.9,4300.4,4301.5,1947
2025-06-25T15:14:00+05:30,4301.4,4303.8,4300.2,4301.8,2357
2025-06-25T15:15:00+05:30,4301.9,4303.9,4300.8,4301.6,3041
2025-06-25T15:16:00+05:30,4301.6,4304.8,4300.8,4302.9,2689
2025-06-25T15:17:00+05:30,4302.4,4304.9,4302.2,4303.6,3512
2025-06-25T15:18:00+05:30,4304.2,4305.0,4301.2,4301.8,3842
2025-06-25T15:19:00+05:30,4301.8,4301.9,4296.7,4297.2,2589
2025-06-25T15:20:00+05:30,4298.0,4299.0,4295.6,4298.0,3746
2025-06-25T15:21:00+05:30,4297.9,4301.9,4297.8,4300.8,1705
2025-06-25T15:22:00+05:30,4300.8,4302.4,4300.7,4301.9,1100
2025-06-25T15:23:00+05:30,4301.8,4302.9,4301.6,4301.9,1077
2025-06-25T15:24:00+05:30,4301.9,4302.6,4297.8,4301.2,2046
2025-06-25T15:25:00+05:30,4301.4,4301.5,4297.8,4299.1,2209
2025-06-25T15:26:00+05:30,4299.3,4299.3,4297.8,4298.3,1704
2025-06-25T15:27:00+05:30,4298.3,4299.0,4297.8,4298.1,1016
2025-06-25T15:28:00+05:30,4298.1,4298.5,4294.1,4294.1,1560
2025-06-25T15:29:00+05:30,4294.1,4297.9,4293.0,4297.9,1490
2025-06-26T09:15:00+05:30,4305.9,4324.9,4305.9,4315.8,7278
2025-06-26T09:16:00+05:30,4313.8,4320.0,4311.0,4320.0,2857
2025-06-26T09:17:00+05:30,4320.0,4320.0,4307.3,4312.5,2762
2025-06-26T09:18:00+05:30,4312.6,4312.6,4304.1,4309.2,3127
2025-06-26T09:19:00+05:30,4310.0,4313.7,4309.0,4312.0,1974
2025-06-26T09:20:00+05:30,4313.5,4313.5,4308.9,4310.7,1871
2025-06-26T09:21:00+05:30,4311.0,4311.7,4306.0,4306.3,3591
2025-06-26T09:22:00+05:30,4307.6,4309.3,4306.4,4308.2,1642
2025-06-26T09:23:00+05:30,4308.3,4308.3,4300.8,4302.5,3686
2025-06-26T09:24:00+05:30,4302.6,4302.6,4300.0,4301.1,2867
2025-06-26T09:25:00+05:30,4301.1,4303.2,4300.0,4301.7,8597
2025-06-26T09:26:00+05:30,4301.6,4303.0,4300.0,4301.0,19330
2025-06-26T09:27:00+05:30,4301.5,4302.7,4293.1,4294.7,16780
2025-06-26T09:28:00+05:30,4293.2,4300.7,4292.5,4300.0,2636
2025-06-26T09:29:00+05:30,4299.8,4300.3,4295.0,4296.7,1921
2025-06-26T09:30:00+05:30,4296.7,4299.7,4295.4,4296.9,2519
2025-06-26T09:31:00+05:30,4297.8,4297.8,4293.5,4293.5,3322
2025-06-26T09:32:00+05:30,4293.4,4294.7,4282.6,4283.9,2824
2025-06-26T09:33:00+05:30,4282.4,4286.6,4281.4,4283.0,1980
2025-06-26T09:34:00+05:30,4282.9,4283.8,4279.2,4280.8,4011
2025-06-26T09:35:00+05:30,4280.0,4281.0,4271.0,4273.9,5744
2025-06-26T09:36:00+05:30,4274.1,4275.9,4271.8,4273.1,2811
2025-06-26T09:37:00+05:30,4274.6,4274.8,4271.4,4271.5,2177
2025-06-26T09:38:00+05:30,4271.5,4273.8,4271.0,4272.1,601
2025-06-26T09:39:00+05:30,4272.9,4273.3,4272.0,4272.4,978
2025-06-26T09:40:00+05:30,4272.6,4275.9,4272.3,4274.0,1410
2025-06-26T09:41:00+05:30,4275.1,4277.5,4273.0,4274.0,1856
2025-06-26T09:42:00+05:30,4274.3,4276.7,4267.1,4268.6,3595
2025-06-26T09:43:00+05:30,4268.0,4268.8,4263.5,4264.5,2377
2025-06-26T09:44:00+05:30,4264.5,4267.5,4255.0,4256.0,5685
2025-06-26T09:45:00+05:30,4256.2,4265.0,4256.2,4264.6,2479
2025-06-26T09:46:00+05:30,4265.0,4269.0,4262.9,4268.6,2082
2025-06-26T09:47:00+05:30,4268.8,4271.6,4266.4,4270.4,1315
2025-06-26T09:48:00+05:30,4271.4,4273.1,4261.5,4263.7,2780
2025-06-26T09:49:00+05:30,4263.3,4266.5,4260.0,4265.4,1533
2025-06-26T09:50:00+05:30,4265.4,4266.5,4262.4,4265.6,812
2025-06-26T09:51:00+05:30,4266.0,4267.1,4261.5,4263.5,955
2025-06-26T09:52:00+05:30,4264.0,4264.3,4258.7,4261.0,1852
2025-06-26T09:53:00+05:30,4262.5,4263.9,4258.5,4260.0,1429
2025-06-26T09:54:00+05:30,4260.0,4266.9,4258.3,4266.2,3755
2025-06-26T09:55:00+05:30,4266.3,4272.5,4266.3,4271.4,2133
2025-06-26T09:56:00+05:30,4271.4,4274.4,4268.0,4269.2,1719
2025-06-26T09:57:00+05:30,4270.8,4274.9,4269.5,4274.1,1422
2025-06-26T09:58:00+05:30,4274.2,4278.6,4272.1,4276.5,2617
2025-06-26T09:59:00+05:30,4276.6,4278.9,4274.1,4278.1,1409
2025-06-26T10:00:00+05:30,4278.1,4281.1,4275.1,4278.0,2658
2025-06-26T10:01:00+05:30,4278.2,4283.0,4275.0,4282.8,6468
2025-06-26T10:02:00+05:30,4282.8,4283.0,4280.1,4281.6,2275
2025-06-26T10:03:00+05:30,4281.6,4282.2,4274.3,4274.8,6550
2025-06-26T10:04:00+05:30,4276.3,4281.4,4274.2,4278.9,1511
2025-06-26T10:05:00+05:30,4278.9,4278.9,4272.9,4273.2,2807
2025-06-26T10:06:00+05:30,4273.2,4273.9,4267.6,4268.5,2042
2025-06-26T10:07:00+05:30,4269.7,4270.4,4267.5,4267.6,1155
2025-06-26T10:08:00+05:30,4269.3,4272.3,4268.3,4269.0,956
2025-06-26T10:09:00+05:30,4270.5,4270.8,4267.6,4268.0,1236
2025-06-26T10:10:00+05:30,4269.4,4269.4,4264.7,4268.0,2703
2025-06-26T10:11:00+05:30,4268.0,4268.9,4265.9,4267.4,1705
2025-06-26T10:12:00+05:30,4268.8,4270.3,4266.8,4270.0,988
2025-06-26T10:13:00+05:30,4270.0,4273.0,4269.1,4272.9,976
2025-06-26T10:14:00+05:30,4272.9,4273.6,4270.4,4270.4,962
2025-06-26T10:15:00+05:30,4271.0,4273.6,4269.5,4272.4,916
2025-06-26T10:16:00+05:30,4272.4,4273.0,4268.1,4268.2,1563
2025-06-26T10:17:00+05:30,4269.8,4269.9,4268.0,4269.2,1253
2025-06-26T10:18:00+05:30,4268.9,4268.9,4264.1,4265.4,1919
2025-06-26T10:19:00+05:30,4265.6,4266.3,4262.1,4264.0,2450
2025-06-26T10:20:00+05:30,4264.0,4265.5,4260.7,4260.7,1471
2025-06-26T10:21:00+05:30,4260.7,4264.0,4260.1,4264.0,1899
2025-06-26T10:22:00+05:30,4263.5,4265.0,4261.2,4262.8,961
2025-06-26T10:23:00+05:30,4262.8,4262.8,4261.0,4262.3,1821
2025-06-26T10:24:00+05:30,4262.4,4262.9,4260.1,4261.2,1185
2025-06-26T10:25:00+05:30,4261.7,4261.7,4260.1,4261.7,1027
2025-06-26T10:26:00+05:30,4260.5,4261.6,4260.1,4260.7,900
2025-06-26T10:27:00+05:30,4260.8,4261.2,4259.0,4260.1,2979
2025-06-26T10:28:00+05:30,4260.0,4260.8,4258.0,4260.1,1886
2025-06-26T10:29:00+05:30,4258.1,4260.1,4255.0,4256.8,7668
2025-06-26T10:30:00+05:30,4256.9,4258.5,4255.1,4258.0,2240
2025-06-26T10:31:00+05:30,4258.0,4258.7,4255.3,4258.4,1549
2025-06-26T10:32:00+05:30,4258.1,4260.9,4256.5,4259.7,1587
2025-06-26T10:33:00+05:30,4259.4,4259.7,4252.3,4254.0,3293
2025-06-26T10:34:00+05:30,4254.0,4259.9,4254.0,4259.6,2343
2025-06-26T10:35:00+05:30,4259.2,4260.4,4256.1,4260.1,2452
2025-06-26T10:36:00+05:30,4260.1,4261.6,4256.0,4261.6,3855
2025-06-26T10:37:00+05:30,4261.4,4264.1,4259.8,4263.8,1013
2025-06-26T10:38:00+05:30,4262.1,4263.9,4261.4,4263.0,789
2025-06-26T10:39:00+05:30,4263.0,4263.0,4260.5,4262.9,1073
2025-06-26T10:40:00+05:30,4263.0,4263.1,4261.0,4261.5,537
2025-06-26T10:41:00+05:30,4261.0,4262.2,4256.0,4257.2,3981
2025-06-26T10:42:00+05:30,4257.5,4259.5,4256.4,4257.2,892
2025-06-26T10:43:00+05:30,4257.2,4258.6,4256.0,4258.2,490
2025-06-26T10:44:00+05:30,4258.0,4258.0,4253.3,4254.0,1462
2025-06-26T10:45:00+05:30,4255.1,4256.5,4254.0,4255.2,545
2025-06-26T10:46:00+05:30,4254.7,4255.4,4252.0,4252.1,2492
2025-06-26T10:47:00+05:30,4252.8,4256.5,4252.1,4255.0,965
2025-06-26T10:48:00+05:30,4255.0,4258.8,4254.8,4256.8,773
2025-06-26T10:49:00+05:30,4256.9,4256.9,4254.5,4255.5,525
2025-06-26T10:50:00+05:30,4255.5,4258.0,4255.5,4257.1,554
2025-06-26T10:51:00+05:30,4257.1,4257.9,4256.0,4257.9,384
2025-06-26T10:52:00+05:30,4257.5,4258.0,4255.1,4255.3,715
2025-06-26T10:53:00+05:30,4256.1,4257.8,4255.0,4256.4,603
2025-06-26T10:54:00+05:30,4256.8,4257.1,4255.0,4257.1,496
2025-06-26T10:55:00+05:30,4257.4,4259.5,4257.4,4258.4,570
2025-06-26T10:56:00+05:30,4259.1,4260.8,4258.4,4260.7,908
2025-06-26T10:57:00+05:30,4260.2,4263.5,4260.2,4260.6,3323
2025-06-26T10:58:00+05:30,4261.8,4262.7,4261.3,4261.5,254
2025-06-26T10:59:00+05:30,4262.0,4262.0,4260.0,4260.0,320
2025-06-26T11:00:00+05:30,4260.0,4260.5,4259.3,4260.2,242
2025-06-26T11:01:00+05:30,4260.2,4268.9,4260.2,4266.5,2850
2025-06-26T11:02:00+05:30,4267.6,4267.6,4264.2,4266.3,691
2025-06-26T11:03:00+05:30,4266.7,4266.7,4265.0,4265.4,950
2025-06-26T11:04:00+05:30,4266.0,4268.1,4265.3,4268.1,671
2025-06-26T11:05:00+05:30,4268.1,4271.0,4268.1,4270.1,2932
2025-06-26T11:06:00+05:30,4270.8,4271.4,4269.0,4270.0,637
2025-06-26T11:07:00+05:30,4270.0,4272.0,4270.0,4271.8,781
2025-06-26T11:08:00+05:30,4271.6,4273.7,4271.6,4272.7,1229
2025-06-26T11:09:00+05:30,4272.6,4274.0,4271.6,4273.8,1375
2025-06-26T11:10:00+05:30,4273.1,4273.8,4273.0,4273.6,319
2025-06-26T11:11:00+05:30,4273.6,4273.8,4271.8,4273.7,719
2025-06-26T11:12:00+05:30,4273.7,4273.7,4270.0,4270.0,153
2025-06-26T11:13:00+05:30,4270.7,4270.7,4264.7,4266.4,516
2025-06-26T11:14:00+05:30,4266.4,4266.7,4264.0,4264.0,803
2025-06-26T11:15:00+05:30,4264.8,4264.9,4262.0,4262.9,408
2025-06-26T11:16:00+05:30,4262.0,4262.9,4261.0,4262.9,936
2025-06-26T11:17:00+05:30,4262.9,4266.0,4262.2,4265.8,418
2025-06-26T11:18:00+05:30,4265.9,4267.2,4265.5,4267.0,481
2025-06-26T11:19:00+05:30,4267.1,4267.1,4265.0,4265.6,155
2025-06-26T11:20:00+05:30,4265.6,4266.4,4263.7,4266.4,396
2025-06-26T11:21:00+05:30,4266.5,4267.8,4265.3,4266.6,718
2025-06-26T11:22:00+05:30,4266.7,4267.5,4266.6,4267.5,412
2025-06-26T11:23:00+05:30,4267.5,4270.5,4267.0,4268.0,3383
2025-06-26T11:24:00+05:30,4267.6,4273.0,4267.0,4273.0,1336
2025-06-26T11:25:00+05:30,4272.9,4272.9,4270.0,4271.0,464
2025-06-26T11:26:00+05:30,4270.9,4271.4,4270.0,4270.0,209
2025-06-26T11:27:00+05:30,4270.4,4271.1,4270.0,4271.1,382
2025-06-26T11:28:00+05:30,4271.1,4274.6,4270.6,4274.6,1101
2025-06-26T11:29:00+05:30,4274.6,4274.9,4273.1,4274.9,692
2025-06-26T11:30:00+05:30,4274.9,4279.8,4274.3,4278.3,2416
2025-06-26T11:31:00+05:30,4278.3,4278.9,4275.6,4277.0,2317
2025-06-26T11:32:00+05:30,4278.0,4278.3,4272.7,4276.3,3717
2025-06-26T11:33:00+05:30,4276.6,4282.0,4276.6,4280.8,3174
2025-06-26T11:34:00+05:30,4282.0,4284.6,4280.9,4283.5,2628
2025-06-26T11:35:00+05:30,4283.5,4284.0,4280.5,4282.8,988
2025-06-26T11:36:00+05:30,4282.7,4282.9,4280.1,4280.1,1545
2025-06-26T11:37:00+05:30,4281.0,4281.0,4280.0,4281.0,682
2025-06-26T11:38:00+05:30,4281.0,4281.0,4280.0,4280.4,237
2025-06-26T11:39:00+05:30,4280.0,4280.4,4276.0,4276.0,3765
2025-06-26T11:40:00+05:30,4276.0,4276.0,4272.6,4274.0,326
2025-06-26T11:41:00+05:30,4272.8,4273.0,4267.0,4267.2,1356
2025-06-26T11:42:00+05:30,4267.2,4275.0,4267.0,4274.9,2222
2025-06-26T11:43:00+05:30,4273.2,4275.2,4267.0,4267.0,5124
2025-06-26T11:44:00+05:30,4267.0,4267.6,4266.1,4267.1,174
2025-06-26T11:45:00+05:30,4267.6,4269.8,4266.2,4267.7,330
2025-06-26T11:46:00+05:30,4269.3,4269.7,4268.1,4268.4,117
2025-06-26T11:47:00+05:30,4268.3,4274.2,4268.3,4274.2,1029
2025-06-26T11:48:00+05:30,4274.2,4274.2,4267.8,4269.6,780
2025-06-26T11:49:00+05:30,4269.7,4270.9,4265.0,4266.3,2225
2025-06-26T11:50:00+05:30,4265.6,4265.6,4261.9,4264.3,775
2025-06-26T11:51:00+05:30,4263.3,4265.0,4262.4,4265.0,1116
2025-06-26T11:52:00+05:30,4263.5,4265.8,4262.5,4263.2,421
2025-06-26T11:53:00+05:30,4263.2,4270.7,4262.6,4270.6,3890
2025-06-26T11:54:00+05:30,4270.0,4270.1,4267.8,4269.6,331
2025-06-26T11:55:00+05:30,4269.6,4269.7,4268.0,4269.7,684
2025-06-26T11:56:00+05:30,4269.7,4270.1,4267.8,4268.9,385
2025-06-26T11:57:00+05:30,4268.9,4268.9,4265.5,4268.9,863
2025-06-26T11:58:00+05:30,4268.9,4268.9,4267.2,4268.6,371
2025-06-26T11:59:00+05:30,4268.6,4268.7,4265.1,4265.6,799
2025-06-26T12:00:00+05:30,4267.0,4267.1,4265.2,4267.0,150
2025-06-26T12:01:00+05:30,4267.6,4268.0,4265.0,4265.1,382
2025-06-26T12:02:00+05:30,4266.3,4266.8,4265.4,4265.4,78
2025-06-26T12:03:00+05:30,4265.1,4266.2,4265.0,4265.5,402
2025-06-26T12:04:00+05:30,4265.5,4268.5,4265.2,4267.8,2750
2025-06-26T12:05:00+05:30,4266.2,4267.9,4264.9,4265.1,1293
2025-06-26T12:06:00+05:30,4264.5,4267.0,4263.3,4263.3,898
2025-06-26T12:07:00+05:30,4263.2,4264.7,4262.8,4264.5,3058
2025-06-26T12:08:00+05:30,4264.6,4270.1,4262.0,4264.1,12672
2025-06-26T12:09:00+05:30,4262.8,4264.5,4262.1,4264.2,1569
2025-06-26T12:10:00+05:30,4263.5,4263.9,4262.0,4262.0,1090
2025-06-26T12:11:00+05:30,4262.0,4262.3,4257.0,4260.5,5234
2025-06-26T12:12:00+05:30,4260.0,4262.3,4257.4,4262.1,2321
2025-06-26T12:13:00+05:30,4262.0,4262.2,4258.0,4261.7,2231
2025-06-26T12:14:00+05:30,4261.5,4265.7,4261.5,4265.7,4506
2025-06-26T12:15:00+05:30,4265.0,4266.3,4262.7,4265.7,970
2025-06-26T12:16:00+05:30,4265.7,4269.6,4265.6,4267.3,1395
2025-06-26T12:17:00+05:30,4267.3,4268.4,4264.7,4266.3,851
2025-06-26T12:18:00+05:30,4266.3,4267.1,4260.9,4260.9,577
2025-06-26T12:19:00+05:30,4261.1,4262.6,4260.4,4260.5,2188
2025-06-26T12:20:00+05:30,4260.5,4261.4,4257.1,4260.1,2306
2025-06-26T12:21:00+05:30,4260.2,4261.4,4258.0,4259.1,780
2025-06-26T12:22:00+05:30,4258.0,4260.1,4257.7,4259.6,1466
2025-06-26T12:23:00+05:30,4259.3,4262.3,4257.8,4262.3,1069
2025-06-26T12:24:00+05:30,4262.1,4262.3,4260.1,4262.1,881
2025-06-26T12:25:00+05:30,4262.2,4263.4,4261.2,4263.3,2050
2025-06-26T12:26:00+05:30,4263.3,4263.3,4261.5,4262.4,812
2025-06-26T12:27:00+05:30,4262.5,4268.0,4261.4,4267.9,3456
2025-06-26T12:28:00+05:30,4267.9,4268.0,4264.3,4267.9,2138
2025-06-26T12:29:00+05:30,4268.0,4268.0,4266.0,4266.0,2264
2025-06-26T12:30:00+05:30,4265.7,4268.5,4265.7,4268.4,1323
2025-06-26T12:31:00+05:30,4268.2,4268.4,4266.8,4267.6,844
2025-06-26T12:32:00+05:30,4266.7,4268.5,4266.4,4268.3,2574
2025-06-26T12:33:00+05:30,4268.0,4268.9,4265.1,4266.3,1222
2025-06-26T12:34:00+05:30,4265.2,4267.7,4265.2,4266.5,3797
2025-06-26T12:35:00+05:30,4265.6,4267.7,4265.6,4267.6,923
2025-06-26T12:36:00+05:30,4267.7,4268.8,4267.4,4268.8,984
2025-06-26T12:37:00+05:30,4268.8,4268.9,4266.5,4267.9,674
2025-06-26T12:38:00+05:30,4267.4,4267.9,4266.0,4267.3,618
2025-06-26T12:39:00+05:30,4267.1,4268.9,4263.9,4264.6,965
2025-06-26T12:40:00+05:30,4264.6,4264.6,4259.4,4260.0,2417
2025-06-26T12:41:00+05:30,4259.0,4261.5,4259.0,4260.4,858
2025-06-26T12:42:00+05:30,4260.0,4260.4,4258.1,4259.5,351
2025-06-26T12:43:00+05:30,4259.1,4259.2,4258.0,4258.1,718
2025-06-26T12:44:00+05:30,4258.1,4261.5,4258.1,4261.4,1046
2025-06-26T12:45:00+05:30,4260.9,4262.2,4257.0,4260.0,2188
2025-06-26T12:46:00+05:30,4259.1,4260.0,4255.0,4255.6,3147
2025-06-26T12:47:00+05:30,4255.0,4256.0,4252.0,4254.9,3113
2025-06-26T12:48:00+05:30,4253.0,4256.5,4252.1,4253.8,2644
2025-06-26T12:49:00+05:30,4253.8,4255.2,4252.1,4254.3,1670
2025-06-26T12:50:00+05:30,4254.3,4254.3,4252.0,4253.9,1425
2025-06-26T12:51:00+05:30,4253.3,4255.1,4252.0,4254.3,1644
2025-06-26T12:52:00+05:30,4253.0,4255.8,4250.0,4250.8,3576
2025-06-26T12:53:00+05:30,4250.2,4251.0,4250.0,4250.0,2214
2025-06-26T12:54:00+05:30,4250.1,4253.7,4248.1,4253.4,4972
2025-06-26T12:55:00+05:30,4251.3,4257.3,4249.0,4250.0,3996
2025-06-26T12:56:00+05:30,4248.6,4253.0,4248.1,4250.0,1582
2025-06-26T12:57:00+05:30,4250.0,4253.0,4250.0,4250.6,1868
2025-06-26T12:58:00+05:30,4250.6,4253.8,4248.6,4250.7,2596
2025-06-26T12:59:00+05:30,4250.5,4251.7,4248.6,4250.8,1670
2025-06-26T13:00:00+05:30,4250.8,4259.2,4250.0,4258.1,1434
2025-06-26T13:01:00+05:30,4258.7,4262.0,4257.6,4258.9,2647
2025-06-26T13:02:00+05:30,4257.5,4261.8,4257.4,4258.7,2184
2025-06-26T13:03:00+05:30,4260.0,4260.8,4257.6,4259.1,1568
2025-06-26T13:04:00+05:30,4259.1,4261.0,4258.2,4260.1,1452
2025-06-26T13:05:00+05:30,4260.1,4260.5,4258.1,4260.0,376
2025-06-26T13:06:00+05:30,4260.2,4263.1,4259.8,4263.0,3305
2025-06-26T13:07:00+05:30,4263.0,4267.5,4262.2,4265.8,4571
2025-06-26T13:08:00+05:30,4265.9,4268.8,4265.6,4268.0,3199
2025-06-26T13:09:00+05:30,4267.1,4268.0,4261.1,4261.1,1453
2025-06-26T13:10:00+05:30,4261.0,4264.0,4260.3,4264.0,774
2025-06-26T13:11:00+05:30,4264.0,4266.3,4263.5,4265.9,1032
2025-06-26T13:12:00+05:30,4265.9,4268.0,4265.9,4267.8,1254
2025-06-26T13:13:00+05:30,4267.5,4268.2,4266.1,4267.3,1874
2025-06-26T13:14:00+05:30,4267.1,4268.7,4266.1,4268.7,832
2025-06-26T13:15:00+05:30,4268.7,4271.0,4268.0,4270.3,3339
2025-06-26T13:16:00+05:30,4270.3,4271.5,4267.5,4271.5,2608
2025-06-26T13:17:00+05:30,4271.5,4272.6,4268.1,4269.8,1381
2025-06-26T13:18:00+05:30,4269.3,4269.3,4264.1,4266.3,2250
2025-06-26T13:19:00+05:30,4266.5,4268.9,4265.7,4268.7,1292
2025-06-26T13:20:00+05:30,4268.9,4271.8,4268.7,4271.5,1461
2025-06-26T13:21:00+05:30,4271.4,4272.0,4269.1,4269.6,743
2025-06-26T13:22:00+05:30,4269.6,4270.0,4267.7,4267.7,899
2025-06-26T13:23:00+05:30,4267.6,4268.0,4266.4,4266.9,605
2025-06-26T13:24:00+05:30,4266.3,4267.0,4265.2,4265.5,606
2025-06-26T13:25:00+05:30,4265.8,4267.7,4264.6,4265.6,704
2025-06-26T13:26:00+05:30,4265.6,4266.6,4262.8,4263.4,674
2025-06-26T13:27:00+05:30,4262.4,4264.1,4260.9,4262.7,807
2025-06-26T13:28:00+05:30,4263.0,4264.7,4262.5,4264.5,777
2025-06-26T13:29:00+05:30,4264.5,4265.8,4262.8,4263.0,884
2025-06-26T13:30:00+05:30,4263.8,4263.8,4261.0,4262.8,620
2025-06-26T13:31:00+05:30,4263.1,4263.2,4260.6,4261.7,559
2025-06-26T13:32:00+05:30,4262.1,4262.8,4260.3,4260.9,1109
2025-06-26T13:33:00+05:30,4260.8,4262.7,4260.7,4261.2,437
2025-06-26T13:34:00+05:30,4261.2,4262.1,4260.1,4261.4,1416
2025-06-26T13:35:00+05:30,4261.4,4263.3,4256.9,4257.4,2030
2025-06-26T13:36:00+05:30,4259.5,4259.5,4255.0,4256.4,1317
2025-06-26T13:37:00+05:30,4256.1,4258.1,4256.0,4256.3,811
2025-06-26T13:38:00+05:30,4258.1,4260.0,4256.3,4260.0,716
2025-06-26T13:39:00+05:30,4260.0,4260.5,4257.8,4260.5,579
2025-06-26T13:40:00+05:30,4260.5,4261.4,4260.3,4261.4,428
2025-06-26T13:41:00+05:30,4261.4,4261.8,4260.3,4260.8,489
2025-06-26T13:42:00+05:30,4260.8,4261.1,4259.0,4260.0,656
2025-06-26T13:43:00+05:30,4259.3,4260.0,4257.7,4257.7,193
2025-06-26T13:44:00+05:30,4258.6,4258.6,4256.6,4257.6,392
2025-06-26T13:45:00+05:30,4258.5,4259.0,4256.3,4256.3,870
2025-06-26T13:46:00+05:30,4256.8,4261.7,4256.8,4261.4,2204
2025-06-26T13:47:00+05:30,4261.4,4261.7,4259.6,4259.6,414
2025-06-26T13:48:00+05:30,4260.0,4262.2,4259.1,4259.3,909
2025-06-26T13:49:00+05:30,4261.1,4261.1,4256.0,4258.8,1072
2025-06-26T13:50:00+05:30,4258.7,4258.8,4258.0,4258.7,447
2025-06-26T13:51:00+05:30,4258.0,4259.2,4256.4,4259.1,774
2025-06-26T13:52:00+05:30,4257.9,4257.9,4255.3,4257.6,827
2025-06-26T13:53:00+05:30,4257.8,4259.6,4257.8,4259.6,814
2025-06-26T13:54:00+05:30,4259.4,4261.5,4259.4,4260.6,1180
2025-06-26T13:55:00+05:30,4260.6,4262.8,4259.1,4262.6,2760
2025-06-26T13:56:00+05:30,4262.6,4265.1,4257.0,4261.7,9578
2025-06-26T13:57:00+05:30,4260.6,4261.2,4259.4,4261.1,730
2025-06-26T13:58:00+05:30,4261.1,4263.4,4260.2,4261.7,837
2025-06-26T13:59:00+05:30,4261.7,4262.4,4260.0,4260.3,656
2025-06-26T14:00:00+05:30,4261.4,4263.0,4260.3,4261.4,799
2025-06-26T14:01:00+05:30,4262.5,4268.9,4262.5,4268.9,3339
2025-06-26T14:02:00+05:30,4268.9,4270.2,4263.7,4263.7,2565
2025-06-26T14:03:00+05:30,4264.0,4266.1,4261.6,4263.9,1273
2025-06-26T14:04:00+05:30,4263.9,4264.4,4262.0,4262.0,419
2025-06-26T14:05:00+05:30,4262.5,4262.8,4258.0,4258.7,1737
2025-06-26T14:06:00+05:30,4258.9,4262.0,4256.9,4259.0,2570
2025-06-26T14:07:00+05:30,4259.0,4264.5,4258.9,4260.2,6309
2025-06-26T14:08:00+05:30,4262.3,4263.6,4260.1,4262.5,1128
2025-06-26T14:09:00+05:30,4261.7,4262.2,4258.0,4260.0,1205
2025-06-26T14:10:00+05:30,4260.0,4263.2,4259.3,4263.2,1493
2025-06-26T14:11:00+05:30,4263.1,4263.5,4259.0,4259.0,1079
2025-06-26T14:12:00+05:30,4259.0,4261.7,4258.6,4260.6,483
2025-06-26T14:13:00+05:30,4260.6,4265.7,4260.6,4263.6,987
2025-06-26T14:14:00+05:30,4265.0,4268.4,4262.4,4266.3,2098
2025-06-26T14:15:00+05:30,4266.6,4266.7,4263.8,4266.7,935
2025-06-26T14:16:00+05:30,4266.2,4266.9,4264.3,4266.9,953
2025-06-26T14:17:00+05:30,4266.9,4268.0,4266.0,4268.0,838
2025-06-26T14:18:00+05:30,4267.6,4269.8,4267.2,4268.9,1834
2025-06-26T14:19:00+05:30,4268.9,4269.9,4267.6,4268.2,818
2025-06-26T14:20:00+05:30,4268.8,4270.0,4268.4,4269.7,914
2025-06-26T14:21:00+05:30,4269.7,4269.7,4264.6,4266.0,1798
2025-06-26T14:22:00+05:30,4265.1,4269.7,4265.1,4269.7,1425
2025-06-26T14:23:00+05:30,4269.6,4270.3,4269.6,4270.2,1504
2025-06-26T14:24:00+05:30,4270.3,4271.4,4267.6,4269.6,1678
2025-06-26T14:25:00+05:30,4269.6,4270.2,4268.2,4269.2,541
2025-06-26T14:26:00+05:30,4269.5,4269.7,4267.1,4268.0,297
2025-06-26T14:27:00+05:30,4268.0,4270.0,4267.0,4267.1,989
2025-06-26T14:28:00+05:30,4267.0,4268.5,4266.0,4268.0,1191
2025-06-26T14:29:00+05:30,4267.9,4268.8,4265.9,4266.3,1265
2025-06-26T14:30:00+05:30,4266.6,4268.9,4263.0,4268.0,2784
2025-06-26T14:31:00+05:30,4266.9,4267.5,4264.2,4265.7,4694
2025-06-26T14:32:00+05:30,4264.4,4267.1,4263.0,4263.5,1964
2025-06-26T14:33:00+05:30,4263.5,4270.4,4263.5,4266.5,11228
2025-06-26T14:34:00+05:30,4266.5,4267.4,4264.2,4267.0,1390
2025-06-26T14:35:00+05:30,4267.0,4268.4,4261.1,4261.3,1167
2025-06-26T14:36:00+05:30,4261.3,4262.6,4261.1,4261.6,1270
2025-06-26T14:37:00+05:30,4261.6,4265.1,4261.1,4263.8,1068
2025-06-26T14:38:00+05:30,4263.8,4264.2,4262.0,4263.7,1094
2025-06-26T14:39:00+05:30,4263.7,4268.0,4262.5,4265.6,3096
2025-06-26T14:40:00+05:30,4266.8,4267.6,4264.0,4266.4,1280
2025-06-26T14:41:00+05:30,4266.3,4267.6,4265.2,4267.3,1052
2025-06-26T14:42:00+05:30,4267.2,4267.4,4264.7,4266.1,766
2025-06-26T14:43:00+05:30,4266.1,4268.5,4265.5,4267.5,1342
2025-06-26T14:44:00+05:30,4268.1,4268.2,4266.2,4267.6,638
2025-06-26T14:45:00+05:30,4267.0,4268.4,4265.7,4266.3,1554
2025-06-26T14:46:00+05:30,4266.3,4269.9,4266.3,4269.9,1743
2025-06-26T14:47:00+05:30,4269.9,4270.0,4265.5,4266.0,1906
2025-06-26T14:48:00+05:30,4268.3,4268.3,4264.6,4264.6,621
2025-06-26T14:49:00+05:30,4265.1,4267.5,4263.2,4263.2,1223
2025-06-26T14:50:00+05:30,4264.8,4267.9,4264.3,4266.1,1592
2025-06-26T14:51:00+05:30,4265.3,4265.8,4263.1,4263.2,652
2025-06-26T14:52:00+05:30,4264.2,4270.3,4263.0,4266.0,9645
2025-06-26T14:53:00+05:30,4266.0,4267.0,4263.4,4264.6,1171
2025-06-26T14:54:00+05:30,4264.6,4268.2,4264.6,4267.0,4276
2025-06-26T14:55:00+05:30,4267.0,4270.0,4265.8,4269.3,7613
2025-06-26T14:56:00+05:30,4268.0,4269.3,4266.5,4267.4,2333
2025-06-26T14:57:00+05:30,4268.2,4268.6,4265.5,4266.9,2850
2025-06-26T14:58:00+05:30,4267.7,4268.3,4265.5,4267.4,3345
2025-06-26T14:59:00+05:30,4267.1,4269.2,4266.4,4267.9,3102
2025-06-26T15:00:00+05:30,4267.6,4269.8,4264.0,4268.0,8185
2025-06-26T15:01:00+05:30,4267.7,4268.5,4266.5,4268.3,2280
2025-06-26T15:02:00+05:30,4268.3,4269.6,4267.9,4268.9,5890
2025-06-26T15:03:00+05:30,4268.9,4269.3,4268.2,4268.7,3544
2025-06-26T15:04:00+05:30,4268.7,4269.8,4268.6,4269.4,4667
2025-06-26T15:05:00+05:30,4269.8,4273.6,4268.6,4273.2,6559
2025-06-26T15:06:00+05:30,4273.2,4273.8,4270.3,4273.2,4150
2025-06-26T15:07:00+05:30,4273.2,4273.2,4272.0,4272.7,2862
2025-06-26T15:08:00+05:30,4272.6,4277.1,4272.4,4276.6,4938
2025-06-26T15:09:00+05:30,4275.2,4284.0,4274.1,4281.6,12819
2025-06-26T15:10:00+05:30,4281.7,4285.0,4281.0,4281.4,5094
2025-06-26T15:11:00+05:30,4281.4,4281.4,4276.2,4281.2,4446
2025-06-26T15:12:00+05:30,4281.2,4281.8,4277.6,4278.3,4178
2025-06-26T15:13:00+05:30,4278.3,4282.1,4277.6,4280.5,3826
2025-06-26T15:14:00+05:30,4280.1,4287.0,4280.1,4283.9,6074
2025-06-26T15:15:00+05:30,4284.6,4284.6,4281.1,4283.4,4181
2025-06-26T15:16:00+05:30,4282.9,4283.9,4280.0,4280.0,4659
2025-06-26T15:17:00+05:30,4279.6,4280.4,4278.0,4278.2,4808
2025-06-26T15:18:00+05:30,4278.0,4280.3,4277.0,4279.4,6796
2025-06-26T15:19:00+05:30,4279.3,4281.6,4279.0,4281.1,2880
2025-06-26T15:20:00+05:30,4281.3,4283.6,4281.0,4283.2,4144
2025-06-26T15:21:00+05:30,4283.1,4285.0,4280.5,4281.0,4332
2025-06-26T15:22:00+05:30,4281.2,4284.0,4280.3,4283.2,3316
2025-06-26T15:23:00+05:30,4283.2,4286.0,4283.2,4285.2,7252
2025-06-26T15:24:00+05:30,4285.2,4285.6,4283.3,4283.5,4371
2025-06-26T15:25:00+05:30,4283.5,4284.8,4280.0,4281.7,4188
2025-06-26T15:26:00+05:30,4281.9,4283.2,4281.0,4282.0,3164
2025-06-26T15:27:00+05:30,4281.8,4284.0,4280.0,4282.0,3370
2025-06-26T15:28:00+05:30,4282.0,4282.0,4275.0,4277.0,1541
2025-06-26T15:29:00+05:30,4277.0,4284.5,4273.0,4281.5,3229
2025-06-27T09:15:00+05:30,4293.1,4303.6,4285.0,4301.6,3513
2025-06-27T09:16:00+05:30,4299.9,4301.2,4294.8,4299.6,1298
2025-06-27T09:17:00+05:30,4299.5,4301.7,4294.5,4295.8,1076
2025-06-27T09:18:00+05:30,4295.8,4302.0,4294.8,4302.0,1347
2025-06-27T09:19:00+05:30,4300.1,4307.8,4298.9,4305.9,1207
2025-06-27T09:20:00+05:30,4305.4,4313.1,4304.3,4311.6,2753
2025-06-27T09:21:00+05:30,4311.6,4313.4,4310.4,4311.0,1204
2025-06-27T09:22:00+05:30,4311.4,4313.7,4308.0,4310.3,967
2025-06-27T09:23:00+05:30,4308.0,4313.2,4307.0,4313.2,791
2025-06-27T09:24:00+05:30,4313.2,4314.0,4310.7,4314.0,750
2025-06-27T09:25:00+05:30,4313.9,4318.0,4307.7,4317.0,2843
2025-06-27T09:26:00+05:30,4317.0,4318.5,4312.0,4313.9,1040
2025-06-27T09:27:00+05:30,4316.0,4316.1,4307.7,4308.3,989
2025-06-27T09:28:00+05:30,4309.9,4309.9,4305.6,4308.0,454
2025-06-27T09:29:00+05:30,4306.8,4309.3,4306.0,4306.6,372
2025-06-27T09:30:00+05:30,4306.6,4306.6,4303.1,4305.3,879
2025-06-27T09:31:00+05:30,4304.9,4306.0,4303.0,4305.0,866
2025-06-27T09:32:00+05:30,4305.9,4310.0,4304.5,4307.6,1334
2025-06-27T09:33:00+05:30,4307.6,4309.7,4306.3,4308.0,323
2025-06-27T09:34:00+05:30,4308.9,4315.0,4308.0,4315.0,461
2025-06-27T09:35:00+05:30,4314.9,4315.0,4311.5,4312.4,774
2025-06-27T09:36:00+05:30,4312.4,4313.6,4310.5,4312.3,840
2025-06-27T09:37:00+05:30,4312.0,4316.0,4310.6,4312.7,1036
2025-06-27T09:38:00+05:30,4312.2,4312.3,4309.3,4311.0,230
2025-06-27T09:39:00+05:30,4309.7,4311.0,4306.5,4307.9,1411
2025-06-27T09:40:00+05:30,4307.9,4309.0,4306.4,4308.2,449
2025-06-27T09:41:00+05:30,4306.7,4307.6,4303.8,4306.0,391
2025-06-27T09:42:00+05:30,4305.9,4306.1,4303.9,4305.8,558
2025-06-27T09:43:00+05:30,4305.8,4308.7,4304.3,4308.6,341
2025-06-27T09:44:00+05:30,4308.4,4308.9,4305.0,4305.2,78
2025-06-27T09:45:00+05:30,4303.8,4307.0,4302.5,4306.1,473
2025-06-27T09:46:00+05:30,4306.1,4309.0,4305.8,4307.3,341
2025-06-27T09:47:00+05:30,4308.6,4308.9,4303.6,4305.5,496
2025-06-27T09:48:00+05:30,4305.2,4305.2,4303.0,4303.2,166
2025-06-27T09:49:00+05:30,4303.0,4303.2,4300.3,4303.0,1395
2025-06-27T09:50:00+05:30,4303.0,4305.2,4302.8,4304.2,1121
2025-06-27T09:51:00+05:30,4304.5,4307.9,4302.9,4307.9,656
2025-06-27T09:52:00+05:30,4308.0,4312.0,4307.8,4312.0,1225
2025-06-27T09:53:00+05:30,4311.2,4314.7,4310.4,4311.3,2483
2025-06-27T09:54:00+05:30,4311.3,4320.3,4310.1,4317.8,5188
2025-06-27T09:55:00+05:30,4317.9,4320.0,4316.7,4317.5,762
2025-06-27T09:56:00+05:30,4317.7,4322.9,4317.7,4321.6,2080
2025-06-27T09:57:00+05:30,4320.9,4324.0,4320.0,4322.1,1109
2025-06-27T09:58:00+05:30,4321.6,4322.3,4317.2,4317.2,1578
2025-06-27T09:59:00+05:30,4317.7,4321.9,4317.7,4320.6,2237
2025-06-27T10:00:00+05:30,4321.0,4322.0,4316.8,4317.8,1356
2025-06-27T10:01:00+05:30,4318.0,4320.6,4316.6,4317.0,750
2025-06-27T10:02:00+05:30,4317.0,4324.7,4316.9,4322.0,1786
2025-06-27T10:03:00+05:30,4322.0,4323.3,4320.5,4322.5,935
2025-06-27T10:04:00+05:30,4322.5,4323.0,4320.8,4321.6,1043
2025-06-27T10:05:00+05:30,4321.6,4326.0,4320.9,4324.3,1849
2025-06-27T10:06:00+05:30,4324.8,4329.0,4321.6,4329.0,1845
2025-06-27T10:07:00+05:30,4328.2,4331.0,4320.0,4320.0,4467
2025-06-27T10:08:00+05:30,4320.3,4322.1,4314.2,4315.8,1225
2025-06-27T10:09:00+05:30,4315.8,4315.8,4312.0,4314.4,942
2025-06-27T10:10:00+05:30,4314.1,4320.7,4313.0,4318.2,4730
2025-06-27T10:11:00+05:30,4316.6,4318.4,4315.4,4318.4,714
2025-06-27T10:12:00+05:30,4318.5,4322.0,4316.3,4317.5,1755
2025-06-27T10:13:00+05:30,4317.4,4326.0,4317.4,4326.0,1362
2025-06-27T10:14:00+05:30,4324.7,4327.0,4324.3,4325.3,770
2025-06-27T10:15:00+05:30,4325.3,4325.3,4324.1,4324.8,413
2025-06-27T10:16:00+05:30,4325.1,4327.5,4322.3,4322.5,1103
2025-06-27T10:17:00+05:30,4322.5,4326.0,4322.2,4326.0,560
2025-06-27T10:18:00+05:30,4325.9,4327.2,4325.4,4327.0,567
2025-06-27T10:19:00+05:30,4327.0,4327.0,4324.9,4324.9,418
2025-06-27T10:20:00+05:30,4323.9,4325.1,4323.6,4325.0,298
2025-06-27T10:21:00+05:30,4324.4,4325.2,4323.1,4325.2,498
2025-06-27T10:22:00+05:30,4325.2,4326.0,4322.8,4322.8,314
2025-06-27T10:23:00+05:30,4323.0,4323.9,4322.0,4323.4,898
2025-06-27T10:24:00+05:30,4322.2,4323.5,4317.2,4317.2,349
2025-06-27T10:25:00+05:30,4318.8,4318.9,4317.1,4317.4,622
2025-06-27T10:26:00+05:30,4317.4,4324.0,4317.3,4323.0,909
2025-06-27T10:27:00+05:30,4324.1,4324.1,4320.6,4323.8,773
2025-06-27T10:28:00+05:30,4322.3,4324.0,4322.2,4322.6,253
2025-06-27T10:29:00+05:30,4322.7,4325.1,4320.6,4322.3,465
2025-06-27T10:30:00+05:30,4321.0,4325.0,4321.0,4322.3,656
2025-06-27T10:31:00+05:30,4322.4,4324.1,4321.8,4321.8,203
2025-06-27T10:32:00+05:30,4321.8,4322.0,4320.4,4321.9,425
2025-06-27T10:33:00+05:30,4321.9,4323.5,4321.0,4322.8,161
2025-06-27T10:34:00+05:30,4323.5,4323.5,4322.1,4322.1,136
2025-06-27T10:35:00+05:30,4322.8,4322.8,4315.5,4317.0,2164
2025-06-27T10:36:00+05:30,4316.3,4322.0,4316.3,4319.3,710
2025-06-27T10:37:00+05:30,4318.0,4318.7,4315.6,4317.1,1636
2025-06-27T10:38:00+05:30,4317.1,4319.6,4317.1,4318.9,199
2025-06-27T10:39:00+05:30,4319.0,4319.8,4318.0,4319.6,551
2025-06-27T10:40:00+05:30,4319.6,4319.6,4316.0,4316.0,376
2025-06-27T10:41:00+05:30,4317.0,4317.2,4316.8,4317.2,189
2025-06-27T10:42:00+05:30,4317.2,4317.6,4316.2,4316.3,414
2025-06-27T10:43:00+05:30,4317.5,4319.5,4317.2,4317.6,328
2025-06-27T10:44:00+05:30,4318.1,4318.6,4317.7,4317.7,236
2025-06-27T10:45:00+05:30,4318.4,4321.7,4318.4,4320.0,375
2025-06-27T10:46:00+05:30,4320.0,4322.0,4319.2,4322.0,506
2025-06-27T10:47:00+05:30,4321.1,4321.2,4321.0,4321.0,135
2025-06-27T10:48:00+05:30,4320.6,4322.0,4320.6,4322.0,689
2025-06-27T10:49:00+05:30,4322.0,4324.8,4321.6,4322.9,1115
2025-06-27T10:50:00+05:30,4322.9,4322.9,4321.0,4321.2,96
2025-06-27T10:51:00+05:30,4321.8,4321.9,4321.0,4321.9,177
2025-06-27T10:52:00+05:30,4321.2,4324.4,4319.5,4319.5,3011
2025-06-27T10:53:00+05:30,4320.4,4320.4,4319.0,4320.1,96
2025-06-27T10:54:00+05:30,4320.1,4322.4,4320.1,4320.8,335
2025-06-27T10:55:00+05:30,4320.8,4323.2,4320.7,4323.0,238
2025-06-27T10:56:00+05:30,4323.0,4324.1,4319.7,4319.7,402
2025-06-27T10:57:00+05:30,4320.0,4323.5,4320.0,4321.0,432
2025-06-27T10:58:00+05:30,4321.0,4321.0,4319.0,4320.0,474
2025-06-27T10:59:00+05:30,4318.8,4319.5,4318.1,4319.5,193
2025-06-27T11:00:00+05:30,4318.3,4319.5,4317.0,4317.0,871
2025-06-27T11:01:00+05:30,4317.7,4318.8,4316.7,4318.0,203
2025-06-27T11:02:00+05:30,4318.4,4318.9,4318.0,4318.2,333
2025-06-27T11:03:00+05:30,4319.0,4324.7,4319.0,4323.2,501
2025-06-27T11:04:00+05:30,4324.0,4324.0,4320.5,4322.5,618
2025-06-27T11:05:00+05:30,4321.1,4323.6,4320.9,4323.0,546
2025-06-27T11:06:00+05:30,4321.8,4324.7,4321.8,4324.0,587
2025-06-27T11:07:00+05:30,4323.7,4326.0,4323.7,4324.0,1669
2025-06-27T11:08:00+05:30,4324.0,4324.0,4323.3,4323.7,113
2025-06-27T11:09:00+05:30,4323.3,4323.7,4320.0,4320.1,333
2025-06-27T11:10:00+05:30,4320.0,4320.2,4319.0,4319.0,424
2025-06-27T11:11:00+05:30,4319.8,4322.0,4319.3,4320.5,407
2025-06-27T11:12:00+05:30,4320.5,4320.5,4319.2,4319.9,148
2025-06-27T11:13:00+05:30,4319.9,4320.2,4319.2,4320.0,132
2025-06-27T11:14:00+05:30,4320.2,4320.5,4320.0,4320.5,491
2025-06-27T11:15:00+05:30,4320.1,4320.5,4317.6,4320.4,1611
2025-06-27T11:16:00+05:30,4319.7,4322.2,4319.6,4322.2,578
2025-06-27T11:17:00+05:30,4321.0,4322.7,4321.0,4322.5,89
2025-06-27T11:18:00+05:30,4322.5,4323.0,4320.2,4321.8,558
2025-06-27T11:19:00+05:30,4319.7,4328.6,4319.2,4325.9,2988
2025-06-27T11:20:00+05:30,4325.9,4329.0,4324.6,4326.4,1883
2025-06-27T11:21:00+05:30,4325.2,4328.3,4325.2,4326.0,672
2025-06-27T11:22:00+05:30,4326.6,4327.2,4326.5,4327.2,173
2025-06-27T11:23:00+05:30,4327.2,4327.2,4323.7,4325.2,579
2025-06-27T11:24:00+05:30,4323.8,4325.2,4323.6,4324.4,186
2025-06-27T11:25:00+05:30,4324.4,4325.9,4323.9,4325.7,529
2025-06-27T11:26:00+05:30,4324.3,4328.6,4324.3,4328.4,384
2025-06-27T11:27:00+05:30,4328.4,4329.7,4325.9,4328.5,1454
2025-06-27T11:28:00+05:30,4328.6,4329.0,4327.3,4328.1,300
2025-06-27T11:29:00+05:30,4328.0,4333.0,4328.0,4332.8,3223
2025-06-27T11:30:00+05:30,4332.6,4339.0,4331.2,4338.7,3790
2025-06-27T11:31:00+05:30,4337.6,4338.8,4333.8,4334.8,584
2025-06-27T11:32:00+05:30,4333.7,4335.6,4333.0,4334.0,431
2025-06-27T11:33:00+05:30,4333.1,4334.3,4332.6,4334.0,493
2025-06-27T11:34:00+05:30,4334.3,4334.3,4331.8,4331.8,1262
2025-06-27T11:35:00+05:30,4333.1,4333.7,4331.5,4331.9,513
2025-06-27T11:36:00+05:30,4331.9,4331.9,4331.0,4331.8,236
2025-06-27T11:37:00+05:30,4331.8,4333.1,4331.8,4333.0,110
2025-06-27T11:38:00+05:30,4332.0,4333.9,4332.0,4332.9,302
2025-06-27T11:39:00+05:30,4332.8,4334.5,4332.7,4334.5,377
2025-06-27T11:40:00+05:30,4334.2,4334.6,4333.6,4334.5,140
2025-06-27T11:41:00+05:30,4334.5,4336.0,4334.4,4335.0,499
2025-06-27T11:42:00+05:30,4335.1,4336.0,4334.4,4334.4,356
2025-06-27T11:43:00+05:30,4333.2,4335.0,4333.2,4334.1,299
2025-06-27T11:44:00+05:30,4334.3,4336.0,4333.8,4335.6,570
2025-06-27T11:45:00+05:30,4335.4,4335.5,4333.2,4334.9,329
2025-06-27T11:46:00+05:30,4334.5,4335.6,4334.1,4334.6,163
2025-06-27T11:47:00+05:30,4334.9,4335.8,4334.9,4335.8,300
2025-06-27T11:48:00+05:30,4335.7,4335.8,4333.4,4333.7,522
2025-06-27T11:49:00+05:30,4333.3,4335.6,4331.8,4332.0,779
2025-06-27T11:50:00+05:30,4331.3,4332.1,4328.9,4331.8,1414
2025-06-27T11:51:00+05:30,4331.8,4331.9,4330.7,4331.9,268
2025-06-27T11:52:00+05:30,4331.3,4333.7,4330.7,4333.4,587
2025-06-27T11:53:00+05:30,4333.4,4335.0,4329.7,4334.4,1045
2025-06-27T11:54:00+05:30,4335.0,4335.1,4332.8,4334.6,843
2025-06-27T11:55:00+05:30,4334.1,4334.4,4332.0,4334.0,414
2025-06-27T11:56:00+05:30,4332.6,4336.0,4332.3,4336.0,2647
2025-06-27T11:57:00+05:30,4336.0,4339.0,4336.0,4339.0,1039
2025-06-27T11:58:00+05:30,4338.6,4338.7,4337.9,4337.9,395
2025-06-27T11:59:00+05:30,4338.7,4340.5,4337.9,4340.0,339
2025-06-27T12:00:00+05:30,4340.3,4345.0,4339.8,4340.0,5079
2025-06-27T12:01:00+05:30,4340.0,4340.9,4338.7,4339.8,235
2025-06-27T12:02:00+05:30,4339.7,4342.1,4339.7,4341.8,845
2025-06-27T12:03:00+05:30,4342.0,4343.8,4341.2,4341.7,1198
2025-06-27T12:04:00+05:30,4342.1,4342.3,4339.3,4340.8,532
2025-06-27T12:05:00+05:30,4340.0,4340.1,4339.1,4339.8,923
2025-06-27T12:06:00+05:30,4339.3,4340.0,4339.3,4340.0,487
2025-06-27T12:07:00+05:30,4340.0,4341.0,4339.1,4341.0,327
2025-06-27T12:08:00+05:30,4341.0,4342.0,4340.2,4341.8,1597
2025-06-27T12:09:00+05:30,4341.9,4344.0,4341.8,4344.0,2266
2025-06-27T12:10:00+05:30,4343.9,4345.1,4342.3,4343.0,2025
2025-06-27T12:11:00+05:30,4342.6,4343.9,4339.9,4343.8,7374
2025-06-27T12:12:00+05:30,4343.8,4345.4,4343.8,4345.4,1739
2025-06-27T12:13:00+05:30,4345.0,4345.4,4342.8,4343.4,838
2025-06-27T12:14:00+05:30,4343.4,4344.7,4342.1,4344.0,1117
2025-06-27T12:15:00+05:30,4343.6,4348.0,4343.5,4348.0,2265
2025-06-27T12:16:00+05:30,4348.0,4348.0,4345.5,4346.8,825
2025-06-27T12:17:00+05:30,4346.9,4346.9,4344.4,4346.1,828
2025-06-27T12:18:00+05:30,4346.1,4349.0,4344.2,4344.7,2574
2025-06-27T12:19:00+05:30,4344.1,4345.1,4343.0,4345.0,1889
2025-06-27T12:20:00+05:30,4345.0,4348.0,4345.0,4348.0,604
2025-06-27T12:21:00+05:30,4346.7,4349.7,4346.7,4349.4,601
2025-06-27T12:22:00+05:30,4349.6,4349.9,4347.7,4348.0,1797
2025-06-27T12:23:00+05:30,4349.0,4349.8,4345.7,4345.7,1326
2025-06-27T12:24:00+05:30,4346.3,4346.3,4343.2,4345.2,801
2025-06-27T12:25:00+05:30,4343.2,4344.7,4340.0,4342.0,1309
2025-06-27T12:26:00+05:30,4340.8,4341.5,4336.4,4339.8,747
2025-06-27T12:27:00+05:30,4339.5,4340.3,4337.1,4337.9,2164
2025-06-27T12:28:00+05:30,4338.2,4338.6,4333.5,4334.3,978
2025-06-27T12:29:00+05:30,4334.3,4335.0,4333.6,4333.9,637
2025-06-27T12:30:00+05:30,4333.7,4335.0,4333.0,4333.0,756
2025-06-27T12:31:00+05:30,4333.0,4334.8,4331.7,4332.3,1101
2025-06-27T12:32:00+05:30,4331.8,4334.8,4331.8,4333.9,638
2025-06-27T12:33:00+05:30,4333.9,4333.9,4331.4,4331.8,426
2025-06-27T12:34:00+05:30,4331.5,4337.8,4331.5,4334.9,1617
2025-06-27T12:35:00+05:30,4333.6,4338.2,4332.1,4336.4,893
2025-06-27T12:36:00+05:30,4339.2,4339.8,4336.5,4336.7,810
2025-06-27T12:37:00+05:30,4338.0,4338.1,4336.8,4337.0,536
2025-06-27T12:38:00+05:30,4336.8,4337.7,4335.7,4335.7,855
2025-06-27T12:39:00+05:30,4335.7,4336.0,4334.2,4334.9,799
2025-06-27T12:40:00+05:30,4335.3,4337.9,4334.2,4336.4,704
2025-06-27T12:41:00+05:30,4337.9,4343.0,4336.4,4342.6,1292
2025-06-27T12:42:00+05:30,4342.6,4343.0,4339.1,4342.4,1300
2025-06-27T12:43:00+05:30,4342.4,4342.4,4339.8,4340.8,936
2025-06-27T12:44:00+05:30,4342.0,4345.0,4341.0,4343.9,969
2025-06-27T12:45:00+05:30,4343.5,4344.6,4342.3,4342.7,501
2025-06-27T12:46:00+05:30,4342.7,4344.0,4341.7,4342.5,789
2025-06-27T12:47:00+05:30,4342.5,4342.8,4340.2,4340.3,1043
2025-06-27T12:48:00+05:30,4340.4,4341.4,4340.2,4341.1,403
2025-06-27T12:49:00+05:30,4340.1,4341.1,4339.7,4339.7,492
2025-06-27T12:50:00+05:30,4340.1,4340.1,4338.8,4339.8,359
2025-06-27T12:51:00+05:30,4339.8,4339.9,4338.5,4339.1,1001
2025-06-27T12:52:00+05:30,4339.0,4339.1,4339.0,4339.1,268
2025-06-27T12:53:00+05:30,4339.1,4346.0,4339.1,4345.4,3434
2025-06-27T12:54:00+05:30,4345.0,4345.2,4342.5,4345.0,988
2025-06-27T12:55:00+05:30,4344.0,4347.7,4343.8,4346.3,932
2025-06-27T12:56:00+05:30,4346.3,4347.4,4346.0,4346.6,815
2025-06-27T12:57:00+05:30,4345.3,4345.5,4343.4,4344.6,626
2025-06-27T12:58:00+05:30,4343.8,4347.0,4343.3,4347.0,658
2025-06-27T12:59:00+05:30,4346.7,4347.0,4345.0,4346.2,702
2025-06-27T13:00:00+05:30,4346.0,4346.3,4343.5,4343.5,481
2025-06-27T13:01:00+05:30,4343.4,4343.8,4338.1,4338.5,1063
2025-06-27T13:02:00+05:30,4337.1,4338.3,4336.6,4336.6,648
2025-06-27T13:03:00+05:30,4337.1,4338.3,4336.0,4338.0,454
2025-06-27T13:04:00+05:30,4337.1,4338.0,4334.0,4334.0,948
2025-06-27T13:05:00+05:30,4334.0,4340.0,4333.0,4338.4,1724
2025-06-27T13:06:00+05:30,4339.0,4339.8,4334.6,4334.7,721
2025-06-27T13:07:00+05:30,4334.7,4335.0,4331.0,4331.0,935
2025-06-27T13:08:00+05:30,4331.0,4331.0,4328.7,4329.5,1161
2025-06-27T13:09:00+05:30,4329.2,4329.4,4327.1,4329.4,1207
2025-06-27T13:10:00+05:30,4329.4,4329.4,4327.4,4329.2,421
2025-06-27T13:11:00+05:30,4328.3,4329.2,4322.9,4323.2,1631
2025-06-27T13:12:00+05:30,4322.9,4324.6,4322.9,4324.4,741
2025-06-27T13:13:00+05:30,4324.4,4324.4,4322.6,4323.1,779
2025-06-27T13:14:00+05:30,4323.5,4325.8,4323.1,4325.8,901
2025-06-27T13:15:00+05:30,4325.8,4325.9,4324.2,4325.1,685
2025-06-27T13:16:00+05:30,4325.1,4325.3,4325.0,4325.2,353
2025-06-27T13:17:00+05:30,4325.2,4327.9,4325.0,4327.9,827
2025-06-27T13:18:00+05:30,4327.9,4328.0,4325.0,4325.5,1161
2025-06-27T13:19:00+05:30,4325.0,4328.0,4325.0,4325.0,425
2025-06-27T13:20:00+05:30,4325.3,4325.4,4323.2,4324.3,2832
2025-06-27T13:21:00+05:30,4324.3,4325.3,4322.6,4322.6,788
2025-06-27T13:22:00+05:30,4322.7,4322.8,4321.2,4322.6,707
2025-06-27T13:23:00+05:30,4322.7,4327.0,4322.7,4325.2,1653
2025-06-27T13:24:00+05:30,4325.2,4326.5,4323.8,4323.8,772
2025-06-27T13:25:00+05:30,4324.2,4328.8,4324.2,4328.2,687
2025-06-27T13:26:00+05:30,4328.2,4331.5,4328.2,4330.1,765
2025-06-27T13:27:00+05:30,4330.2,4332.9,4329.0,4329.0,1052
2025-06-27T13:28:00+05:30,4329.9,4330.2,4329.0,4329.4,382
2025-06-27T13:29:00+05:30,4329.0,4331.9,4326.2,4331.3,1193
2025-06-27T13:30:00+05:30,4331.3,4333.7,4330.6,4333.4,625
2025-06-27T13:31:00+05:30,4333.8,4337.0,4333.2,4333.5,1009
2025-06-27T13:32:00+05:30,4334.4,4336.3,4333.2,4334.2,485
2025-06-27T13:33:00+05:30,4334.2,4335.0,4332.8,4334.1,966
2025-06-27T13:34:00+05:30,4333.5,4334.1,4331.5,4331.5,458
2025-06-27T13:35:00+05:30,4331.6,4332.8,4331.3,4332.8,718
2025-06-27T13:36:00+05:30,4332.0,4334.3,4330.6,4332.0,769
2025-06-27T13:37:00+05:30,4331.0,4335.0,4331.0,4334.5,623
2025-06-27T13:38:00+05:30,4333.3,4335.1,4333.3,4335.1,318
2025-06-27T13:39:00+05:30,4334.8,4335.0,4333.6,4333.9,740
2025-06-27T13:40:00+05:30,4333.7,4334.6,4333.5,4334.5,366
2025-06-27T13:41:00+05:30,4334.5,4335.0,4332.9,4333.0,571
2025-06-27T13:42:00+05:30,4332.9,4333.7,4332.1,4332.1,502
2025-06-27T13:43:00+05:30,4333.0,4333.1,4328.2,4330.4,949
2025-06-27T13:44:00+05:30,4330.4,4330.4,4328.1,4329.4,399
2025-06-27T13:45:00+05:30,4329.4,4329.7,4329.0,4329.7,425
2025-06-27T13:46:00+05:30,4329.7,4329.7,4327.9,4327.9,372
2025-06-27T13:47:00+05:30,4328.7,4328.7,4326.4,4328.6,388
2025-06-27T13:48:00+05:30,4328.6,4328.6,4326.5,4326.8,545
2025-06-27T13:49:00+05:30,4327.0,4330.2,4327.0,4328.4,353
2025-06-27T13:50:00+05:30,4329.9,4330.4,4328.0,4328.0,426
2025-06-27T13:51:00+05:30,4328.9,4329.0,4327.4,4328.9,303
2025-06-27T13:52:00+05:30,4328.9,4331.2,4328.1,4331.2,683
2025-06-27T13:53:00+05:30,4331.2,4332.0,4330.0,4331.9,344
2025-06-27T13:54:00+05:30,4331.9,4335.1,4331.0,4334.7,942
2025-06-27T13:55:00+05:30,4334.7,4334.7,4329.0,4329.4,4319
2025-06-27T13:56:00+05:30,4329.4,4331.9,4329.1,4329.9,1072
2025-06-27T13:57:00+05:30,4329.9,4333.5,4329.9,4332.6,406
2025-06-27T13:58:00+05:30,4332.6,4333.0,4331.7,4333.0,467
2025-06-27T13:59:00+05:30,4333.0,4334.8,4333.0,4333.6,760
2025-06-27T14:00:00+05:30,4333.1,4334.7,4332.2,4332.9,519
2025-06-27T14:01:00+05:30,4333.3,4333.3,4330.6,4331.2,344
2025-06-27T14:02:00+05:30,4330.3,4334.8,4329.9,4334.8,548
2025-06-27T14:03:00+05:30,4334.8,4334.8,4330.6,4330.6,1945
2025-06-27T14:04:00+05:30,4333.0,4335.0,4330.9,4334.2,1065
2025-06-27T14:05:00+05:30,4334.0,4335.0,4333.6,4334.6,439
2025-06-27T14:06:00+05:30,4333.7,4337.6,4333.6,4337.6,1424
2025-06-27T14:07:00+05:30,4337.8,4340.0,4335.9,4336.8,593
2025-06-27T14:08:00+05:30,4336.7,4336.8,4334.1,4336.2,789
2025-06-27T14:09:00+05:30,4335.4,4337.7,4332.7,4336.6,1256
2025-06-27T14:10:00+05:30,4336.6,4336.6,4333.1,4333.4,208
2025-06-27T14:11:00+05:30,4333.4,4333.6,4332.6,4333.5,1022
2025-06-27T14:12:00+05:30,4332.3,4333.4,4331.5,4331.5,293
2025-06-27T14:13:00+05:30,4331.6,4339.0,4330.2,4337.2,2907
2025-06-27T14:14:00+05:30,4337.2,4338.5,4336.2,4336.7,690
2025-06-27T14:15:00+05:30,4336.7,4337.9,4335.4,4336.5,531
2025-06-27T14:16:00+05:30,4335.3,4336.3,4333.7,4334.8,601
2025-06-27T14:17:00+05:30,4334.9,4334.9,4332.0,4334.0,920
2025-06-27T14:18:00+05:30,4334.0,4337.0,4334.0,4335.7,585
2025-06-27T14:19:00+05:30,4335.7,4336.0,4335.0,4335.1,818
2025-06-27T14:20:00+05:30,4335.0,4335.0,4333.1,4334.4,465
2025-06-27T14:21:00+05:30,4334.1,4336.2,4333.1,4336.0,972
2025-06-27T14:22:00+05:30,4334.6,4336.0,4332.0,4333.5,545
2025-06-27T14:23:00+05:30,4333.4,4333.6,4331.1,4333.6,730
2025-06-27T14:24:00+05:30,4334.4,4336.0,4333.6,4335.5,430
2025-06-27T14:25:00+05:30,4335.0,4335.2,4332.2,4333.5,392
2025-06-27T14:26:00+05:30,4332.7,4333.5,4331.1,4331.1,508
2025-06-27T14:27:00+05:30,4331.1,4333.2,4331.1,4332.4,1002
2025-06-27T14:28:00+05:30,4333.2,4334.3,4331.9,4332.5,598
2025-06-27T14:29:00+05:30,4333.8,4335.8,4332.8,4335.2,648
2025-06-27T14:30:00+05:30,4334.8,4334.8,4333.1,4334.6,322
2025-06-27T14:31:00+05:30,4334.6,4336.0,4333.2,4334.0,848
2025-06-27T14:32:00+05:30,4333.2,4336.0,4333.2,4336.0,522
2025-06-27T14:33:00+05:30,4334.6,4336.0,4333.8,4335.2,590
2025-06-27T14:34:00+05:30,4333.8,4335.3,4331.6,4331.6,893
2025-06-27T14:35:00+05:30,4331.6,4335.0,4331.6,4333.9,577
2025-06-27T14:36:00+05:30,4333.9,4334.0,4332.8,4333.7,526
2025-06-27T14:37:00+05:30,4333.7,4333.7,4330.0,4333.1,1035
2025-06-27T14:38:00+05:30,4331.1,4334.9,4330.8,4333.4,1039
2025-06-27T14:39:00+05:30,4331.2,4333.2,4330.6,4330.6,149
2025-06-27T14:40:00+05:30,4330.6,4335.3,4330.2,4334.5,1382
2025-06-27T14:41:00+05:30,4333.3,4335.7,4331.1,4332.1,3387
2025-06-27T14:42:00+05:30,4332.1,4332.6,4331.1,4332.1,980
2025-06-27T14:43:00+05:30,4332.6,4334.6,4332.6,4334.5,345
2025-06-27T14:44:00+05:30,4333.3,4335.0,4333.3,4334.0,423
2025-06-27T14:45:00+05:30,4335.0,4336.0,4334.0,4334.8,736
2025-06-27T14:46:00+05:30,4336.0,4336.0,4334.8,4335.9,368
2025-06-27T14:47:00+05:30,4335.8,4335.9,4331.8,4334.3,2298
2025-06-27T14:48:00+05:30,4332.3,4334.1,4332.0,4332.7,385
2025-06-27T14:49:00+05:30,4332.7,4336.1,4332.6,4336.1,896
2025-06-27T14:50:00+05:30,4336.2,4336.7,4333.3,4335.7,1522
2025-06-27T14:51:00+05:30,4335.3,4335.7,4334.0,4334.7,334
2025-06-27T14:52:00+05:30,4334.2,4336.7,4333.9,4334.5,1133
2025-06-27T14:53:00+05:30,4334.5,4335.1,4332.6,4335.1,1058
2025-06-27T14:54:00+05:30,4335.0,4335.1,4334.3,4334.3,278
2025-06-27T14:55:00+05:30,4334.3,4335.1,4334.1,4334.4,658
2025-06-27T14:56:00+05:30,4334.1,4334.4,4334.0,4334.3,416
2025-06-27T14:57:00+05:30,4334.0,4336.0,4333.7,4334.5,1057
2025-06-27T14:58:00+05:30,4335.4,4336.0,4334.7,4334.9,1084
2025-06-27T14:59:00+05:30,4334.9,4338.0,4334.9,4337.7,1786
2025-06-27T15:00:00+05:30,4337.0,4337.0,4325.0,4327.7,11900
2025-06-27T15:01:00+05:30,4327.7,4328.2,4323.1,4324.0,9301
2025-06-27T15:02:00+05:30,4323.9,4326.9,4321.6,4324.7,8318
2025-06-27T15:03:00+05:30,4322.9,4326.9,4321.6,4325.9,6356
2025-06-27T15:04:00+05:30,4325.9,4325.9,4320.5,4324.0,7907
2025-06-27T15:05:00+05:30,4324.1,4327.3,4320.9,4324.3,6621
2025-06-27T15:06:00+05:30,4324.3,4325.7,4321.0,4322.6,7464
2025-06-27T15:07:00+05:30,4322.6,4323.9,4320.6,4322.9,5825
2025-06-27T15:08:00+05:30,4322.9,4323.0,4319.3,4320.8,6695
2025-06-27T15:09:00+05:30,4320.8,4322.4,4316.0,4319.6,7319
2025-06-27T15:10:00+05:30,4319.6,4322.7,4317.6,4319.8,8157
2025-06-27T15:11:00+05:30,4319.8,4322.2,4316.9,4320.0,8010
2025-06-27T15:12:00+05:30,4320.0,4321.4,4316.7,4319.0,7691
2025-06-27T15:13:00+05:30,4318.7,4319.9,4314.8,4317.2,8363
2025-06-27T15:14:00+05:30,4317.9,4319.3,4314.8,4318.3,8814
2025-06-27T15:15:00+05:30,4318.1,4323.1,4315.7,4321.1,8248
2025-06-27T15:16:00+05:30,4321.1,4321.8,4316.6,4320.2,7017
2025-06-27T15:17:00+05:30,4321.4,4321.4,4317.0,4320.6,7977
2025-06-27T15:18:00+05:30,4320.6,4324.8,4318.1,4321.9,8424
2025-06-27T15:19:00+05:30,4321.9,4325.0,4318.0,4319.8,10132
2025-06-27T15:20:00+05:30,4319.8,4324.9,4317.0,4321.8,7052
2025-06-27T15:21:00+05:30,4321.3,4324.4,4317.9,4320.8,9610
2025-06-27T15:22:00+05:30,4320.8,4321.4,4317.7,4319.8,6054
2025-06-27T15:23:00+05:30,4319.8,4319.8,4316.1,4316.8,8754
2025-06-27T15:24:00+05:30,4316.8,4316.8,4313.3,4313.6,8330
2025-06-27T15:25:00+05:30,4313.6,4319.9,4313.1,4317.0,9475
2025-06-27T15:26:00+05:30,4317.0,4319.4,4312.6,4318.6,5844
2025-06-27T15:27:00+05:30,4316.2,4319.0,4312.2,4315.1,4744
2025-06-27T15:28:00+05:30,4316.5,4325.0,4315.1,4322.9,2410
2025-06-27T15:29:00+05:30,4320.0,4327.0,4317.6,4320.0,819
2025-06-30T09:15:00+05:30,4343.0,4343.0,4261.7,4274.9,9741
2025-06-30T09:16:00+05:30,4269.8,4280.0,4250.0,4266.8,23492
2025-06-30T09:17:00+05:30,4266.9,4267.0,4238.9,4244.2,15115
2025-06-30T09:18:00+05:30,4244.2,4252.0,4231.6,4240.0,17082
2025-06-30T09:19:00+05:30,4241.8,4246.1,4238.0,4244.8,7489
2025-06-30T09:20:00+05:30,4244.2,4245.9,4215.1,4228.5,29350
2025-06-30T09:21:00+05:30,4228.5,4232.2,4211.0,4231.5,19030
2025-06-30T09:22:00+05:30,4230.1,4231.9,4221.0,4229.3,11933
2025-06-30T09:23:00+05:30,4228.9,4230.9,4221.0,4228.6,8454
2025-06-30T09:24:00+05:30,4228.6,4237.7,4228.5,4237.0,5045
2025-06-30T09:25:00+05:30,4237.0,4240.0,4235.0,4237.7,8739
2025-06-30T09:26:00+05:30,4239.0,4245.0,4236.7,4244.0,4560
2025-06-30T09:27:00+05:30,4244.0,4249.0,4243.1,4246.5,6913
2025-06-30T09:28:00+05:30,4246.5,4247.4,4242.1,4244.0,3672
2025-06-30T09:29:00+05:30,4244.0,4244.3,4239.9,4242.0,4703
2025-06-30T09:30:00+05:30,4242.2,4242.8,4236.3,4238.0,4020
2025-06-30T09:31:00+05:30,4238.0,4240.0,4232.5,4236.8,4470
2025-06-30T09:32:00+05:30,4235.1,4240.0,4235.1,4239.8,1968
2025-06-30T09:33:00+05:30,4239.3,4243.9,4235.3,4241.1,5363
2025-06-30T09:34:00+05:30,4240.4,4245.0,4239.8,4244.7,2340
2025-06-30T09:35:00+05:30,4244.6,4246.0,4241.0,4242.0,5763
2025-06-30T09:36:00+05:30,4242.0,4242.5,4237.7,4240.7,2340
2025-06-30T09:37:00+05:30,4239.6,4239.9,4235.5,4238.0,2168
2025-06-30T09:38:00+05:30,4237.8,4240.1,4236.2,4240.1,1842
2025-06-30T09:39:00+05:30,4239.8,4241.9,4236.0,4238.1,2361
2025-06-30T09:40:00+05:30,4236.7,4238.1,4231.2,4236.9,4260
2025-06-30T09:41:00+05:30,4236.8,4241.7,4235.0,4235.7,3694
2025-06-30T09:42:00+05:30,4235.0,4236.6,4230.0,4230.9,7632
2025-06-30T09:43:00+05:30,4230.9,4236.0,4230.5,4232.9,2877
2025-06-30T09:44:00+05:30,4232.0,4235.0,4230.1,4233.0,2455
2025-06-30T09:45:00+05:30,4232.3,4232.6,4222.5,4225.2,19710
2025-06-30T09:46:00+05:30,4225.0,4229.2,4222.2,4226.5,3835
2025-06-30T09:47:00+05:30,4226.8,4234.9,4226.7,4233.2,1873
2025-06-30T09:48:00+05:30,4233.9,4234.3,4231.7,4231.7,931
2025-06-30T09:49:00+05:30,4231.7,4234.0,4230.1,4234.0,1442
2025-06-30T09:50:00+05:30,4234.0,4234.5,4232.0,4234.4,2031
2025-06-30T09:51:00+05:30,4234.3,4234.4,4230.0,4231.1,3164
2025-06-30T09:52:00+05:30,4231.1,4232.8,4230.0,4232.8,1308
2025-06-30T09:53:00+05:30,4232.7,4233.7,4231.5,4232.1,1682
2025-06-30T09:54:00+05:30,4232.1,4232.2,4230.0,4231.4,1331
2025-06-30T09:55:00+05:30,4231.4,4236.1,4231.3,4236.0,2198
2025-06-30T09:56:00+05:30,4236.1,4237.0,4235.1,4237.0,1499
2025-06-30T09:57:00+05:30,4237.0,4238.4,4236.5,4238.4,1427
2025-06-30T09:58:00+05:30,4238.0,4238.0,4235.0,4236.6,1630
2025-06-30T09:59:00+05:30,4237.0,4237.0,4231.4,4232.0,1550
2025-06-30T10:00:00+05:30,4232.0,4233.2,4221.2,4226.0,8453
2025-06-30T10:01:00+05:30,4225.5,4225.5,4218.0,4222.6,11471
2025-06-30T10:02:00+05:30,4222.5,4225.0,4221.9,4222.0,2042
2025-06-30T10:03:00+05:30,4222.0,4224.7,4221.6,4223.2,1932
2025-06-30T10:04:00+05:30,4224.7,4230.0,4222.1,4230.0,4526
2025-06-30T10:05:00+05:30,4229.6,4234.2,4228.5,4231.0,1568
2025-06-30T10:06:00+05:30,4231.0,4231.6,4227.0,4227.0,2290
2025-06-30T10:07:00+05:30,4227.0,4228.6,4225.7,4226.6,2040
2025-06-30T10:08:00+05:30,4226.0,4230.4,4224.1,4228.0,4074
2025-06-30T10:09:00+05:30,4227.5,4230.0,4226.0,4227.5,4069
2025-06-30T10:10:00+05:30,4227.5,4230.7,4226.0,4228.7,2511
2025-06-30T10:11:00+05:30,4229.2,4230.0,4227.4,4230.0,2058
2025-06-30T10:12:00+05:30,4230.0,4234.7,4229.7,4234.1,1542
2025-06-30T10:13:00+05:30,4234.9,4235.4,4233.2,4233.7,2909
2025-06-30T10:14:00+05:30,4234.0,4234.8,4230.5,4231.9,1427
2025-06-30T10:15:00+05:30,4232.1,4234.0,4230.6,4234.0,2503
2025-06-30T10:16:00+05:30,4234.0,4237.0,4230.0,4236.9,3884
2025-06-30T10:17:00+05:30,4236.9,4237.1,4235.7,4236.8,1096
2025-06-30T10:18:00+05:30,4236.8,4240.9,4236.0,4240.3,3856
2025-06-30T10:19:00+05:30,4240.3,4243.0,4239.9,4242.0,4345
2025-06-30T10:20:00+05:30,4242.5,4246.0,4241.7,4245.2,7050
2025-06-30T10:21:00+05:30,4244.0,4245.1,4237.4,4240.1,2707
2025-06-30T10:22:00+05:30,4240.7,4240.9,4237.4,4237.4,1805
2025-06-30T10:23:00+05:30,4238.7,4245.0,4237.1,4243.3,3856
2025-06-30T10:24:00+05:30,4244.0,4244.0,4240.3,4242.9,1857
2025-06-30T10:25:00+05:30,4242.8,4243.0,4240.2,4242.9,635
2025-06-30T10:26:00+05:30,4242.9,4242.9,4236.3,4237.8,1623
2025-06-30T10:27:00+05:30,4237.8,4237.9,4236.3,4236.8,360
2025-06-30T10:28:00+05:30,4236.8,4237.6,4234.0,4237.6,1802
2025-06-30T10:29:00+05:30,4235.7,4236.8,4233.7,4233.7,1341
2025-06-30T10:30:00+05:30,4233.1,4242.9,4233.1,4241.0,3193
2025-06-30T10:31:00+05:30,4241.7,4244.7,4239.8,4244.7,2707
2025-06-30T10:32:00+05:30,4244.5,4246.8,4243.1,4246.0,4581
2025-06-30T10:33:00+05:30,4244.9,4248.1,4244.3,4246.6,6136
2025-06-30T10:34:00+05:30,4246.6,4248.4,4246.1,4248.4,2975
2025-06-30T10:35:00+05:30,4248.3,4251.0,4247.2,4250.0,8409
2025-06-30T10:36:00+05:30,4249.2,4259.8,4248.1,4257.7,10461
2025-06-30T10:37:00+05:30,4256.9,4265.0,4256.6,4261.0,11498
2025-06-30T10:38:00+05:30,4261.9,4265.0,4254.3,4258.2,12766
2025-06-30T10:39:00+05:30,4260.9,4261.6,4259.0,4259.3,4451
2025-06-30T10:40:00+05:30,4259.0,4260.0,4252.9,4254.9,2321
2025-06-30T10:41:00+05:30,4254.3,4255.0,4245.3,4247.0,2976
2025-06-30T10:42:00+05:30,4247.3,4252.9,4247.3,4252.0,2095
2025-06-30T10:43:00+05:30,4252.9,4255.4,4248.7,4248.7,6568
2025-06-30T10:44:00+05:30,4250.4,4256.0,4249.0,4254.9,3519
2025-06-30T10:45:00+05:30,4255.0,4259.7,4254.7,4258.3,3584
2025-06-30T10:46:00+05:30,4258.6,4260.8,4257.0,4260.8,3251
2025-06-30T10:47:00+05:30,4260.3,4261.1,4259.0,4259.0,1744
2025-06-30T10:48:00+05:30,4259.9,4262.0,4258.6,4260.0,1187
2025-06-30T10:49:00+05:30,4261.2,4264.4,4260.0,4264.2,2612
2025-06-30T10:50:00+05:30,4264.2,4266.8,4263.0,4266.7,5344
2025-06-30T10:51:00+05:30,4266.8,4271.0,4265.1,4271.0,6390
2025-06-30T10:52:00+05:30,4271.0,4272.0,4267.3,4272.0,3980
2025-06-30T10:53:00+05:30,4272.0,4272.0,4269.3,4271.2,2723
2025-06-30T10:54:00+05:30,4271.0,4279.0,4270.0,4275.9,13445
2025-06-30T10:55:00+05:30,4277.0,4284.1,4275.9,4283.9,11218
2025-06-30T10:56:00+05:30,4283.9,4289.0,4281.1,4285.7,8830
2025-06-30T10:57:00+05:30,4285.0,4287.9,4279.9,4281.0,8174
2025-06-30T10:58:00+05:30,4280.0,4282.0,4272.3,4279.9,4805
2025-06-30T10:59:00+05:30,4279.9,4281.0,4278.2,4279.2,3619
2025-06-30T11:00:00+05:30,4279.2,4280.1,4270.6,4274.5,2918
2025-06-30T11:01:00+05:30,4274.4,4274.4,4264.7,4266.0,3312
2025-06-30T11:02:00+05:30,4265.9,4268.1,4261.5,4265.0,3284
2025-06-30T11:03:00+05:30,4265.0,4265.5,4258.9,4264.6,4284
2025-06-30T11:04:00+05:30,4264.6,4269.3,4263.6,4266.0,698
2025-06-30T11:05:00+05:30,4266.0,4266.2,4262.0,4262.0,425
2025-06-30T11:06:00+05:30,4264.0,4269.7,4262.6,4267.0,1350
2025-06-30T11:07:00+05:30,4267.2,4274.9,4266.8,4270.0,1503
2025-06-30T11:08:00+05:30,4270.0,4273.0,4265.7,4266.0,2612
2025-06-30T11:09:00+05:30,4266.3,4267.4,4264.5,4266.5,2124
2025-06-30T11:10:00+05:30,4266.2,4271.1,4265.8,4269.9,2304
2025-06-30T11:11:00+05:30,4270.0,4273.2,4270.0,4273.2,158
2025-06-30T11:12:00+05:30,4271.7,4275.0,4270.6,4274.2,1775
2025-06-30T11:13:00+05:30,4274.5,4274.6,4272.0,4272.9,748
2025-06-30T11:14:00+05:30,4273.0,4273.0,4270.0,4270.0,1481
2025-06-30T11:15:00+05:30,4270.6,4271.8,4268.0,4268.0,1793
2025-06-30T11:16:00+05:30,4268.3,4269.2,4268.0,4269.2,1102
2025-06-30T11:17:00+05:30,4269.5,4270.0,4266.0,4266.0,1538
2025-06-30T11:18:00+05:30,4266.0,4266.7,4260.6,4260.8,1600
2025-06-30T11:19:00+05:30,4262.0,4262.0,4260.3,4261.2,377
2025-06-30T11:20:00+05:30,4261.2,4262.0,4258.2,4258.2,782
2025-06-30T11:21:00+05:30,4258.5,4259.8,4257.0,4259.5,2070
2025-06-30T11:22:00+05:30,4258.9,4259.7,4258.0,4259.5,765
2025-06-30T11:23:00+05:30,4259.5,4260.6,4259.0,4260.0,430
2025-06-30T11:24:00+05:30,4260.0,4262.0,4259.5,4262.0,916
2025-06-30T11:25:00+05:30,4262.0,4263.6,4261.3,4263.3,418
2025-06-30T11:26:00+05:30,4263.0,4264.8,4261.6,4264.1,244
2025-06-30T11:27:00+05:30,4264.1,4264.9,4260.6,4262.3,489
2025-06-30T11:28:00+05:30,4260.9,4262.0,4257.0,4260.8,2816
2025-06-30T11:29:00+05:30,4259.9,4259.9,4259.0,4259.5,159
2025-06-30T11:30:00+05:30,4259.5,4262.0,4258.5,4262.0,1347
2025-06-30T11:31:00+05:30,4261.8,4264.0,4260.8,4262.5,541
2025-06-30T11:32:00+05:30,4262.5,4265.0,4260.1,4262.7,2516
2025-06-30T11:33:00+05:30,4262.7,4264.7,4260.4,4264.7,1224
2025-06-30T11:34:00+05:30,4264.7,4265.0,4263.2,4265.0,1064
2025-06-30T11:35:00+05:30,4265.0,4265.3,4264.3,4264.8,359
2025-06-30T11:36:00+05:30,4265.0,4265.0,4264.8,4264.8,182
2025-06-30T11:37:00+05:30,4264.8,4266.2,4262.9,4264.1,1263
2025-06-30T11:38:00+05:30,4263.0,4263.3,4259.4,4260.1,1744
2025-06-30T11:39:00+05:30,4259.7,4260.1,4258.0,4260.0,913
2025-06-30T11:40:00+05:30,4259.3,4259.9,4258.0,4259.5,423
2025-06-30T11:41:00+05:30,4258.2,4261.0,4258.2,4261.0,757
2025-06-30T11:42:00+05:30,4261.8,4262.3,4260.8,4261.1,309
2025-06-30T11:43:00+05:30,4260.8,4261.1,4258.7,4260.1,259
2025-06-30T11:44:00+05:30,4260.8,4263.7,4260.8,4263.5,444
2025-06-30T11:45:00+05:30,4263.4,4263.7,4262.1,4263.7,335
2025-06-30T11:46:00+05:30,4263.6,4263.7,4261.9,4263.5,769
2025-06-30T11:47:00+05:30,4263.4,4268.2,4263.4,4268.2,3304
2025-06-30T11:48:00+05:30,4268.1,4268.9,4265.2,4268.9,658
2025-06-30T11:49:00+05:30,4267.2,4268.0,4263.5,4263.5,930
2025-06-30T11:50:00+05:30,4264.4,4265.0,4257.0,4259.9,2405
2025-06-30T11:51:00+05:30,4260.2,4265.0,4260.0,4264.4,211
2025-06-30T11:52:00+05:30,4264.2,4267.0,4264.2,4264.9,655
2025-06-30T11:53:00+05:30,4264.0,4264.0,4261.8,4262.0,290
2025-06-30T11:54:00+05:30,4262.0,4264.7,4261.1,4263.5,663
2025-06-30T11:55:00+05:30,4263.5,4264.1,4261.5,4262.7,195
2025-06-30T11:56:00+05:30,4262.7,4264.4,4261.1,4262.6,1216
2025-06-30T11:57:00+05:30,4263.0,4263.2,4261.1,4262.7,912
2025-06-30T11:58:00+05:30,4261.1,4263.0,4261.1,4261.1,502
2025-06-30T11:59:00+05:30,4261.4,4262.0,4261.0,4262.0,362
2025-06-30T12:00:00+05:30,4261.8,4262.5,4259.9,4260.8,614
2025-06-30T12:01:00+05:30,4260.4,4261.0,4260.0,4260.8,652
2025-06-30T12:02:00+05:30,4260.3,4260.8,4257.3,4260.0,973
2025-06-30T12:03:00+05:30,4260.0,4261.8,4259.9,4261.8,271
2025-06-30T12:04:00+05:30,4260.8,4262.0,4260.8,4260.9,431
2025-06-30T12:05:00+05:30,4261.0,4261.3,4259.1,4260.9,622
2025-06-30T12:06:00+05:30,4260.9,4260.9,4260.0,4260.9,206
2025-06-30T12:07:00+05:30,4260.9,4262.6,4260.8,4262.0,451
2025-06-30T12:08:00+05:30,4261.4,4262.0,4260.0,4261.5,1829
2025-06-30T12:09:00+05:30,4261.5,4261.8,4261.5,4261.8,289
2025-06-30T12:10:00+05:30,4261.9,4263.0,4261.8,4263.0,91
2025-06-30T12:11:00+05:30,4263.0,4263.7,4261.8,4263.2,563
2025-06-30T12:12:00+05:30,4263.2,4263.6,4263.2,4263.6,201
2025-06-30T12:13:00+05:30,4263.7,4264.0,4263.4,4264.0,211
2025-06-30T12:14:00+05:30,4264.0,4264.6,4263.1,4264.0,284
2025-06-30T12:15:00+05:30,4264.5,4268.0,4263.1,4267.2,580
2025-06-30T12:16:00+05:30,4266.8,4267.4,4265.2,4266.8,412
2025-06-30T12:17:00+05:30,4266.9,4267.0,4265.0,4265.3,736
2025-06-30T12:18:00+05:30,4266.4,4266.4,4260.7,4260.7,434
2025-06-30T12:19:00+05:30,4260.5,4262.9,4260.3,4262.0,286
2025-06-30T12:20:00+05:30,4261.8,4262.0,4259.0,4259.6,1385
2025-06-30T12:21:00+05:30,4259.6,4260.0,4257.9,4260.0,158
2025-06-30T12:22:00+05:30,4259.9,4261.2,4257.9,4259.5,813
2025-06-30T12:23:00+05:30,4258.3,4259.4,4257.5,4259.1,604
2025-06-30T12:24:00+05:30,4258.1,4258.8,4257.0,4258.7,401
2025-06-30T12:25:00+05:30,4257.0,4258.3,4254.5,4256.3,3635
2025-06-30T12:26:00+05:30,4256.3,4257.9,4254.5,4256.1,2401
2025-06-30T12:27:00+05:30,4256.4,4256.7,4255.5,4256.0,417
2025-06-30T12:28:00+05:30,4256.7,4257.7,4256.0,4256.7,3202
2025-06-30T12:29:00+05:30,4256.8,4256.8,4253.0,4253.1,2569
2025-06-30T12:30:00+05:30,4254.2,4254.5,4250.0,4252.0,1890
2025-06-30T12:31:00+05:30,4252.0,4252.0,4248.0,4249.5,2654
2025-06-30T12:32:00+05:30,4250.7,4252.0,4248.3,4250.0,1139
2025-06-30T12:33:00+05:30,4250.0,4254.0,4249.9,4254.0,591
2025-06-30T12:34:00+05:30,4253.3,4253.4,4250.0,4251.5,535
2025-06-30T12:35:00+05:30,4252.0,4253.4,4251.3,4251.3,181
2025-06-30T12:36:00+05:30,4250.4,4251.7,4249.1,4249.1,585
2025-06-30T12:37:00+05:30,4249.1,4251.0,4249.1,4250.9,168
2025-06-30T12:38:00+05:30,4250.9,4253.7,4250.9,4253.5,601
2025-06-30T12:39:00+05:30,4253.5,4254.3,4252.2,4252.2,195
2025-06-30T12:40:00+05:30,4252.7,4255.8,4251.0,4255.7,239
2025-06-30T12:41:00+05:30,4255.0,4256.7,4253.4,4254.0,363
2025-06-30T12:42:00+05:30,4254.6,4256.5,4254.1,4254.9,779
2025-06-30T12:43:00+05:30,4254.5,4256.2,4254.0,4254.3,1105
2025-06-30T12:44:00+05:30,4254.3,4254.7,4250.0,4253.3,2620
2025-06-30T12:45:00+05:30,4252.5,4254.0,4252.5,4253.5,82
2025-06-30T12:46:00+05:30,4252.7,4254.0,4252.5,4253.9,154
2025-06-30T12:47:00+05:30,4252.6,4255.0,4252.0,4254.8,622
2025-06-30T12:48:00+05:30,4254.4,4257.0,4253.6,4256.8,273
2025-06-30T12:49:00+05:30,4254.8,4257.2,4254.3,4255.0,730
2025-06-30T12:50:00+05:30,4254.3,4255.4,4253.0,4255.1,363
2025-06-30T12:51:00+05:30,4254.9,4255.4,4253.0,4255.4,156
2025-06-30T12:52:00+05:30,4254.1,4255.9,4253.1,4255.6,513
2025-06-30T12:53:00+05:30,4254.9,4255.8,4254.9,4255.5,239
2025-06-30T12:54:00+05:30,4255.2,4256.0,4253.0,4253.0,259
2025-06-30T12:55:00+05:30,4253.0,4258.4,4253.0,4256.7,750
2025-06-30T12:56:00+05:30,4254.6,4256.0,4254.1,4256.0,159
2025-06-30T12:57:00+05:30,4254.7,4256.5,4254.3,4254.9,97
2025-06-30T12:58:00+05:30,4255.0,4256.0,4254.3,4255.2,386
2025-06-30T12:59:00+05:30,4254.9,4254.9,4250.7,4250.7,1188
2025-06-30T13:00:00+05:30,4250.2,4250.4,4247.7,4247.7,1414
2025-06-30T13:01:00+05:30,4247.4,4249.1,4243.5,4245.2,2822
2025-06-30T13:02:00+05:30,4245.5,4248.6,4245.2,4247.9,373
2025-06-30T13:03:00+05:30,4248.0,4248.0,4246.4,4248.0,246
2025-06-30T13:04:00+05:30,4248.0,4249.7,4247.3,4249.0,495
2025-06-30T13:05:00+05:30,4249.0,4249.9,4248.0,4249.9,178
2025-06-30T13:06:00+05:30,4249.9,4249.9,4247.3,4248.1,724
2025-06-30T13:07:00+05:30,4247.6,4247.6,4246.4,4247.0,170
2025-06-30T13:08:00+05:30,4246.9,4247.8,4245.0,4246.9,1031
2025-06-30T13:09:00+05:30,4247.0,4249.7,4246.4,4249.0,678
2025-06-30T13:10:00+05:30,4247.7,4250.7,4247.3,4250.7,475
2025-06-30T13:11:00+05:30,4249.4,4251.6,4249.2,4250.2,277
2025-06-30T13:12:00+05:30,4250.2,4251.0,4248.9,4250.0,347
2025-06-30T13:13:00+05:30,4248.9,4251.5,4247.2,4250.0,1308
2025-06-30T13:14:00+05:30,4248.7,4250.0,4248.4,4248.5,562
2025-06-30T13:15:00+05:30,4248.5,4249.6,4247.0,4248.0,631
2025-06-30T13:16:00+05:30,4247.0,4248.2,4247.0,4247.9,577
2025-06-30T13:17:00+05:30,4247.4,4249.0,4246.4,4248.0,512
2025-06-30T13:18:00+05:30,4248.0,4248.3,4246.0,4247.1,325
2025-06-30T13:19:00+05:30,4247.0,4248.2,4246.9,4248.2,489
2025-06-30T13:20:00+05:30,4248.3,4248.3,4244.0,4244.5,778
2025-06-30T13:21:00+05:30,4244.2,4245.0,4242.6,4244.5,739
2025-06-30T13:22:00+05:30,4243.6,4245.0,4243.3,4244.2,167
2025-06-30T13:23:00+05:30,4243.3,4244.2,4242.8,4243.0,340
2025-06-30T13:24:00+05:30,4243.0,4243.8,4240.3,4243.5,1359
2025-06-30T13:25:00+05:30,4243.8,4249.5,4243.0,4247.7,1667
2025-06-30T13:26:00+05:30,4247.8,4250.0,4247.5,4249.1,2894
2025-06-30T13:27:00+05:30,4249.0,4249.0,4246.0,4246.1,447
2025-06-30T13:28:00+05:30,4246.2,4248.0,4246.2,4247.5,280
2025-06-30T13:29:00+05:30,4246.3,4248.0,4246.0,4246.1,387
2025-06-30T13:30:00+05:30,4245.8,4248.0,4245.3,4245.4,300
2025-06-30T13:31:00+05:30,4245.3,4247.4,4245.0,4246.9,73
2025-06-30T13:32:00+05:30,4246.3,4248.3,4246.2,4246.2,737
2025-06-30T13:33:00+05:30,4246.2,4247.0,4244.9,4244.9,727
2025-06-30T13:34:00+05:30,4244.9,4245.8,4240.0,4241.0,1136
2025-06-30T13:35:00+05:30,4241.0,4243.5,4240.1,4241.6,436
2025-06-30T13:36:00+05:30,4241.1,4242.0,4240.0,4241.3,437
2025-06-30T13:37:00+05:30,4241.0,4241.3,4239.1,4239.1,2880
2025-06-30T13:38:00+05:30,4239.1,4239.1,4234.4,4235.7,2132
2025-06-30T13:39:00+05:30,4234.4,4236.9,4233.8,4234.5,2096
2025-06-30T13:40:00+05:30,4234.5,4237.3,4233.8,4237.3,364
2025-06-30T13:41:00+05:30,4237.0,4241.5,4237.0,4238.6,943
2025-06-30T13:42:00+05:30,4239.5,4240.0,4237.6,4239.5,431
2025-06-30T13:43:00+05:30,4239.5,4239.6,4237.1,4237.1,676
2025-06-30T13:44:00+05:30,4237.0,4237.4,4236.0,4237.4,292
2025-06-30T13:45:00+05:30,4237.2,4238.3,4237.2,4238.1,362
2025-06-30T13:46:00+05:30,4238.1,4239.0,4237.0,4237.8,899
2025-06-30T13:47:00+05:30,4237.8,4239.9,4237.8,4239.0,592
2025-06-30T13:48:00+05:30,4238.6,4238.8,4237.8,4237.9,425
2025-06-30T13:49:00+05:30,4237.8,4238.2,4237.8,4238.2,494
2025-06-30T13:50:00+05:30,4238.0,4239.9,4237.8,4237.8,655
2025-06-30T13:51:00+05:30,4238.2,4238.2,4233.0,4234.1,2624
2025-06-30T13:52:00+05:30,4234.7,4236.2,4233.0,4236.2,1219
2025-06-30T13:53:00+05:30,4235.3,4235.9,4231.0,4232.9,1385
2025-06-30T13:54:00+05:30,4232.0,4236.0,4231.9,4236.0,769
2025-06-30T13:55:00+05:30,4235.2,4236.7,4235.2,4235.2,436
2025-06-30T13:56:00+05:30,4235.2,4236.0,4235.0,4235.1,428
2025-06-30T13:57:00+05:30,4235.0,4235.1,4233.7,4234.8,913
2025-06-30T13:58:00+05:30,4234.2,4242.5,4234.2,4241.9,842
2025-06-30T13:59:00+05:30,4241.9,4242.9,4241.1,4242.7,320
2025-06-30T14:00:00+05:30,4242.3,4244.3,4241.9,4242.0,1272
2025-06-30T14:01:00+05:30,4241.9,4241.9,4240.5,4240.5,458
2025-06-30T14:02:00+05:30,4241.0,4241.0,4238.0,4238.7,525
2025-06-30T14:03:00+05:30,4238.7,4240.5,4238.0,4240.0,733
2025-06-30T14:04:00+05:30,4240.0,4240.0,4237.4,4239.6,675
2025-06-30T14:05:00+05:30,4239.5,4239.7,4239.5,4239.7,153
2025-06-30T14:06:00+05:30,4239.5,4239.7,4238.0,4239.0,203
2025-06-30T14:07:00+05:30,4239.0,4239.3,4237.8,4238.7,307
2025-06-30T14:08:00+05:30,4238.0,4240.5,4237.8,4240.5,364
2025-06-30T14:09:00+05:30,4240.5,4244.9,4240.5,4244.4,1279
2025-06-30T14:10:00+05:30,4244.1,4247.3,4242.7,4247.3,953
2025-06-30T14:11:00+05:30,4246.0,4247.2,4244.0,4244.0,6385
2025-06-30T14:12:00+05:30,4244.0,4245.0,4242.0,4242.0,345
2025-06-30T14:13:00+05:30,4242.0,4243.0,4241.4,4242.1,394
2025-06-30T14:14:00+05:30,4242.1,4243.0,4241.0,4242.4,246
2025-06-30T14:15:00+05:30,4241.0,4242.2,4241.0,4241.2,227
2025-06-30T14:16:00+05:30,4241.0,4241.2,4239.8,4240.8,625
2025-06-30T14:17:00+05:30,4240.0,4240.8,4237.8,4239.8,658
2025-06-30T14:18:00+05:30,4238.5,4239.5,4238.0,4238.0,310
2025-06-30T14:19:00+05:30,4238.0,4239.5,4237.5,4239.5,292
2025-06-30T14:20:00+05:30,4239.5,4240.6,4238.9,4239.5,461
2025-06-30T14:21:00+05:30,4238.9,4240.0,4237.8,4240.0,1137
2025-06-30T14:22:00+05:30,4239.9,4244.0,4239.0,4244.0,411
2025-06-30T14:23:00+05:30,4244.0,4244.9,4242.7,4244.1,460
2025-06-30T14:24:00+05:30,4244.0,4245.0,4242.6,4244.0,574
2025-06-30T14:25:00+05:30,4243.8,4247.0,4242.9,4247.0,465
2025-06-30T14:26:00+05:30,4247.0,4247.0,4244.3,4245.8,239
2025-06-30T14:27:00+05:30,4245.6,4245.8,4245.5,4245.7,108
2025-06-30T14:28:00+05:30,4245.6,4247.0,4244.9,4246.6,1287
2025-06-30T14:29:00+05:30,4245.2,4246.7,4243.1,4246.2,361
2025-06-30T14:30:00+05:30,4246.2,4247.0,4245.0,4246.1,855
2025-06-30T14:31:00+05:30,4246.0,4247.0,4245.0,4245.4,251
2025-06-30T14:32:00+05:30,4245.4,4246.8,4245.1,4246.0,280
2025-06-30T14:33:00+05:30,4245.8,4246.0,4245.1,4246.0,292
2025-06-30T14:34:00+05:30,4246.0,4246.0,4245.1,4246.0,168
2025-06-30T14:35:00+05:30,4246.0,4246.0,4242.8,4243.8,673
2025-06-30T14:36:00+05:30,4243.3,4243.3,4240.0,4240.0,1144
2025-06-30T14:37:00+05:30,4240.0,4240.2,4234.9,4235.0,3097
2025-06-30T14:38:00+05:30,4235.0,4235.9,4234.1,4234.5,1116
2025-06-30T14:39:00+05:30,4234.1,4237.2,4234.0,4235.0,1092
2025-06-30T14:40:00+05:30,4235.0,4236.4,4230.1,4230.1,2474
2025-06-30T14:41:00+05:30,4230.2,4232.0,4230.0,4230.3,3338
2025-06-30T14:42:00+05:30,4230.3,4233.0,4230.0,4233.0,1715
2025-06-30T14:43:00+05:30,4232.4,4238.2,4232.4,4237.0,302
2025-06-30T14:44:00+05:30,4237.0,4237.8,4236.0,4237.4,389
2025-06-30T14:45:00+05:30,4236.4,4240.0,4236.4,4239.5,540
2025-06-30T14:46:00+05:30,4239.0,4240.0,4238.3,4240.0,334
2025-06-30T14:47:00+05:30,4240.0,4240.9,4239.5,4240.7,102
2025-06-30T14:48:00+05:30,4240.4,4240.7,4236.8,4238.0,986
2025-06-30T14:49:00+05:30,4237.0,4238.4,4236.5,4238.0,273
2025-06-30T14:50:00+05:30,4238.5,4239.6,4236.0,4237.0,706
2025-06-30T14:51:00+05:30,4236.9,4241.0,4236.7,4239.2,2753
2025-06-30T14:52:00+05:30,4239.1,4239.2,4236.3,4238.2,1006
2025-06-30T14:53:00+05:30,4238.2,4238.2,4236.0,4237.6,1044
2025-06-30T14:54:00+05:30,4237.4,4239.3,4237.4,4238.9,334
2025-06-30T14:55:00+05:30,4238.1,4239.0,4237.5,4239.0,781
2025-06-30T14:56:00+05:30,4239.0,4239.1,4237.2,4238.6,1429
2025-06-30T14:57:00+05:30,4238.0,4238.6,4237.2,4238.0,590
2025-06-30T14:58:00+05:30,4237.9,4239.6,4237.9,4238.5,784
2025-06-30T14:59:00+05:30,4238.2,4238.6,4236.6,4238.5,612
2025-06-30T15:00:00+05:30,4238.4,4238.4,4236.3,4237.4,3480
2025-06-30T15:01:00+05:30,4237.4,4237.4,4236.1,4236.6,2269
2025-06-30T15:02:00+05:30,4236.5,4236.6,4233.2,4235.1,4167
2025-06-30T15:03:00+05:30,4235.1,4236.7,4234.8,4236.1,2237
2025-06-30T15:04:00+05:30,4236.1,4237.7,4236.1,4237.4,1933
2025-06-30T15:05:00+05:30,4237.4,4237.4,4236.0,4236.1,1937
2025-06-30T15:06:00+05:30,4236.1,4238.0,4236.0,4237.5,2521
2025-06-30T15:07:00+05:30,4237.5,4240.0,4237.4,4239.6,2087
2025-06-30T15:08:00+05:30,4239.6,4239.6,4238.6,4238.7,1091
2025-06-30T15:09:00+05:30,4238.7,4239.9,4238.2,4239.4,3129
2025-06-30T15:10:00+05:30,4239.1,4239.9,4231.9,4235.0,7309
2025-06-30T15:11:00+05:30,4235.0,4238.4,4234.8,4236.5,2931
2025-06-30T15:12:00+05:30,4236.5,4238.0,4234.9,4236.8,4145
2025-06-30T15:13:00+05:30,4236.8,4238.0,4236.3,4236.5,2188
2025-06-30T15:14:00+05:30,4236.5,4236.8,4234.5,4235.8,4429
2025-06-30T15:15:00+05:30,4235.8,4237.0,4233.0,4236.0,4954
2025-06-30T15:16:00+05:30,4237.0,4237.0,4235.9,4236.4,3467
2025-06-30T15:17:00+05:30,4236.4,4236.6,4236.2,4236.6,3570
2025-06-30T15:18:00+05:30,4236.7,4237.6,4236.4,4236.8,4523
2025-06-30T15:19:00+05:30,4236.8,4237.8,4236.5,4237.3,7711
2025-06-30T15:20:00+05:30,4237.8,4241.5,4237.5,4239.3,8766
2025-06-30T15:21:00+05:30,4240.6,4240.6,4238.2,4238.2,5244
2025-06-30T15:22:00+05:30,4238.5,4239.4,4238.1,4238.2,2795
2025-06-30T15:23:00+05:30,4238.3,4238.5,4238.3,4238.3,6632
2025-06-30T15:24:00+05:30,4238.4,4238.5,4237.2,4237.6,8759
2025-06-30T15:25:00+05:30,4237.6,4239.9,4237.0,4237.0,3943
2025-06-30T15:26:00+05:30,4236.8,4237.1,4236.5,4236.8,2978
2025-06-30T15:27:00+05:30,4236.7,4236.9,4236.0,4236.0,3418
2025-06-30T15:28:00+05:30,4236.0,4236.0,4233.2,4234.4,4964
2025-06-30T15:29:00+05:30,4234.4,4236.8,4234.0,4235.6,3084
2025-07-01T09:15:00+05:30,4258.3,4264.0,4239.2,4241.8,7482
2025-07-01T09:16:00+05:30,4241.7,4247.9,4240.7,4244.0,5131
2025-07-01T09:17:00+05:30,4244.0,4244.7,4231.3,4240.2,8309
2025-07-01T09:18:00+05:30,4240.0,4250.6,4236.0,4248.9,5598
2025-07-01T09:19:00+05:30,4248.3,4248.3,4240.1,4244.1,4733
2025-07-01T09:20:00+05:30,4245.1,4252.1,4244.2,4246.4,2564
2025-07-01T09:21:00+05:30,4246.4,4248.9,4242.8,4248.9,960
2025-07-01T09:22:00+05:30,4248.0,4250.0,4246.6,4250.0,657
2025-07-01T09:23:00+05:30,4250.0,4250.0,4246.5,4247.8,1182
2025-07-01T09:24:00+05:30,4247.7,4247.7,4240.3,4241.2,3469
2025-07-01T09:25:00+05:30,4243.6,4248.3,4241.4,4247.1,640
2025-07-01T09:26:00+05:30,4248.0,4252.0,4247.8,4252.0,640
2025-07-01T09:27:00+05:30,4252.0,4254.0,4248.7,4252.6,1472
2025-07-01T09:28:00+05:30,4251.2,4252.1,4250.0,4251.0,1638
2025-07-01T09:29:00+05:30,4252.1,4252.5,4248.9,4251.2,2035
2025-07-01T09:30:00+05:30,4250.9,4254.0,4250.9,4252.9,1350
2025-07-01T09:31:00+05:30,4253.8,4254.0,4243.5,4243.5,2253
2025-07-01T09:32:00+05:30,4245.0,4250.6,4243.7,4250.4,761
2025-07-01T09:33:00+05:30,4250.6,4252.5,4249.1,4250.0,184
2025-07-01T09:34:00+05:30,4250.0,4252.5,4248.0,4250.0,705
2025-07-01T09:35:00+05:30,4250.0,4252.8,4249.5,4250.7,534
2025-07-01T09:36:00+05:30,4252.0,4252.0,4246.8,4246.8,767
2025-07-01T09:37:00+05:30,4246.8,4248.0,4243.7,4243.7,1797
2025-07-01T09:38:00+05:30,4244.4,4245.1,4241.0,4242.9,1490
2025-07-01T09:39:00+05:30,4241.1,4241.9,4238.0,4241.8,2633
2025-07-01T09:40:00+05:30,4241.8,4242.0,4237.0,4237.9,1686
2025-07-01T09:41:00+05:30,4237.9,4241.1,4237.9,4241.0,599
2025-07-01T09:42:00+05:30,4241.0,4242.6,4241.0,4242.6,515
2025-07-01T09:43:00+05:30,4242.1,4244.7,4241.5,4244.7,1057
2025-07-01T09:44:00+05:30,4245.0,4245.7,4239.9,4240.8,1844
2025-07-01T09:45:00+05:30,4241.3,4241.3,4238.5,4238.5,455
2025-07-01T09:46:00+05:30,4240.1,4241.0,4238.0,4238.0,1004
2025-07-01T09:47:00+05:30,4238.0,4238.0,4235.5,4236.5,1210
2025-07-01T09:48:00+05:30,4236.5,4241.9,4235.8,4238.6,2394
2025-07-01T09:49:00+05:30,4239.8,4240.5,4237.5,4240.4,544
2025-07-01T09:50:00+05:30,4240.4,4241.0,4239.6,4240.7,593
2025-07-01T09:51:00+05:30,4240.7,4241.7,4238.0,4240.2,582
2025-07-01T09:52:00+05:30,4239.7,4239.7,4237.0,4238.7,506
2025-07-01T09:53:00+05:30,4238.7,4243.0,4237.5,4242.0,539
2025-07-01T09:54:00+05:30,4242.0,4243.0,4241.2,4241.8,971
2025-07-01T09:55:00+05:30,4241.9,4246.0,4241.8,4245.4,269
2025-07-01T09:56:00+05:30,4245.0,4246.2,4244.6,4245.3,412
2025-07-01T09:57:00+05:30,4245.3,4245.7,4245.1,4245.7,142
2025-07-01T09:58:00+05:30,4245.7,4248.0,4245.4,4248.0,405
2025-07-01T09:59:00+05:30,4248.0,4248.0,4247.0,4247.0,208
2025-07-01T10:00:00+05:30,4247.5,4249.0,4246.2,4246.5,953
2025-07-01T10:01:00+05:30,4246.1,4246.1,4241.3,4242.5,373
2025-07-01T10:02:00+05:30,4241.7,4242.5,4240.6,4241.1,390
2025-07-01T10:03:00+05:30,4241.1,4241.1,4238.0,4240.0,680
2025-07-01T10:04:00+05:30,4239.8,4243.0,4239.8,4241.6,295
2025-07-01T10:05:00+05:30,4241.6,4245.4,4240.7,4245.4,348
2025-07-01T10:06:00+05:30,4243.9,4249.5,4243.9,4249.2,644
2025-07-01T10:07:00+05:30,4249.5,4249.5,4247.2,4247.3,699
2025-07-01T10:08:00+05:30,4249.2,4249.2,4248.3,4249.0,702
2025-07-01T10:09:00+05:30,4248.3,4248.3,4243.3,4243.9,857
2025-07-01T10:10:00+05:30,4245.2,4245.2,4242.6,4242.9,140
2025-07-01T10:11:00+05:30,4242.9,4244.0,4241.8,4243.8,531
2025-07-01T10:12:00+05:30,4243.8,4243.8,4241.2,4242.1,150
2025-07-01T10:13:00+05:30,4242.1,4243.0,4241.2,4243.0,189
2025-07-01T10:14:00+05:30,4243.7,4248.0,4243.0,4247.3,738
2025-07-01T10:15:00+05:30,4247.2,4247.4,4244.1,4246.0,398
2025-07-01T10:16:00+05:30,4245.5,4246.0,4243.9,4245.8,81
2025-07-01T10:17:00+05:30,4245.8,4246.3,4245.4,4245.8,128
2025-07-01T10:18:00+05:30,4246.3,4247.2,4240.7,4241.6,507
2025-07-01T10:19:00+05:30,4240.0,4241.4,4238.4,4238.6,559
2025-07-01T10:20:00+05:30,4239.0,4239.7,4238.6,4239.0,136
2025-07-01T10:21:00+05:30,4239.0,4239.4,4227.6,4230.0,5135
2025-07-01T10:22:00+05:30,4230.0,4234.6,4223.8,4234.6,3646
2025-07-01T10:23:00+05:30,4234.6,4234.6,4231.3,4233.4,704
2025-07-01T10:24:00+05:30,4233.0,4234.3,4232.2,4233.7,847
2025-07-01T10:25:00+05:30,4233.6,4234.1,4230.6,4232.2,790
2025-07-01T10:26:00+05:30,4232.2,4232.7,4230.8,4231.0,1304
2025-07-01T10:27:00+05:30,4231.3,4231.6,4227.0,4228.4,1366
2025-07-01T10:28:00+05:30,4228.4,4230.0,4227.8,4229.4,829
2025-07-01T10:29:00+05:30,4229.4,4229.4,4222.0,4222.8,1372
2025-07-01T10:30:00+05:30,4222.8,4229.8,4222.8,4228.8,842
2025-07-01T10:31:00+05:30,4229.4,4230.0,4226.1,4226.1,1220
2025-07-01T10:32:00+05:30,4226.1,4227.1,4223.4,4226.1,1640
2025-07-01T10:33:00+05:30,4224.7,4227.2,4224.5,4227.2,311
2025-07-01T10:34:00+05:30,4227.1,4227.2,4221.0,4223.3,1350
2025-07-01T10:35:00+05:30,4223.3,4223.6,4221.9,4223.0,264
2025-07-01T10:36:00+05:30,4223.0,4223.6,4220.2,4220.3,1642
2025-07-01T10:37:00+05:30,4221.4,4223.6,4220.0,4220.0,1819
2025-07-01T10:38:00+05:30,4220.1,4225.1,4220.1,4225.1,289
2025-07-01T10:39:00+05:30,4223.6,4223.6,4215.2,4218.0,3553
2025-07-01T10:40:00+05:30,4218.5,4218.5,4217.0,4218.0,677
2025-07-01T10:41:00+05:30,4218.4,4218.7,4216.0,4216.7,964
2025-07-01T10:42:00+05:30,4216.8,4216.9,4212.5,4214.2,2559
2025-07-01T10:43:00+05:30,4214.6,4216.7,4213.7,4215.0,692
2025-07-01T10:44:00+05:30,4214.7,4216.3,4214.7,4215.5,423
2025-07-01T10:45:00+05:30,4215.5,4216.7,4212.5,4213.9,1961
2025-07-01T10:46:00+05:30,4213.9,4214.4,4212.0,4214.4,907
2025-07-01T10:47:00+05:30,4214.4,4214.4,4212.5,4213.3,353
2025-07-01T10:48:00+05:30,4212.6,4213.7,4211.2,4211.9,1453
2025-07-01T10:49:00+05:30,4212.8,4212.8,4210.2,4210.9,1604
2025-07-01T10:50:00+05:30,4211.7,4213.0,4210.9,4211.5,606
2025-07-01T10:51:00+05:30,4211.0,4214.7,4210.9,4213.8,699
2025-07-01T10:52:00+05:30,4213.8,4214.6,4209.0,4209.2,2583
2025-07-01T10:53:00+05:30,4209.9,4210.0,4208.1,4208.8,1287
2025-07-01T10:54:00+05:30,4208.8,4211.5,4208.5,4209.2,774
2025-07-01T10:55:00+05:30,4209.2,4209.2,4203.0,4203.3,2882
2025-07-01T10:56:00+05:30,4203.3,4205.2,4203.0,4203.2,1212
2025-07-01T10:57:00+05:30,4203.3,4203.3,4196.8,4199.2,8833
2025-07-01T10:58:00+05:30,4197.8,4200.0,4195.0,4197.1,2729
2025-07-01T10:59:00+05:30,4197.1,4198.3,4195.1,4196.3,1117
2025-07-01T11:00:00+05:30,4196.3,4199.8,4196.0,4199.3,2213
2025-07-01T11:01:00+05:30,4199.3,4199.6,4196.3,4197.6,1813
2025-07-01T11:02:00+05:30,4197.6,4199.8,4197.0,4197.0,2579
2025-07-01T11:03:00+05:30,4197.8,4197.8,4195.0,4195.2,2161
2025-07-01T11:04:00+05:30,4195.3,4195.3,4190.1,4192.9,3493
2025-07-01T11:05:00+05:30,4192.9,4197.3,4192.4,4196.4,574
2025-07-01T11:06:00+05:30,4196.1,4199.1,4195.0,4198.3,866
2025-07-01T11:07:00+05:30,4198.3,4204.5,4198.0,4202.6,1162
2025-07-01T11:08:00+05:30,4204.2,4205.0,4202.5,4203.5,716
2025-07-01T11:09:00+05:30,4203.5,4205.0,4203.5,4204.3,681
2025-07-01T11:10:00+05:30,4204.3,4205.0,4202.8,4204.0,1654
2025-07-01T11:11:00+05:30,4204.0,4206.0,4202.8,4202.8,662
2025-07-01T11:12:00+05:30,4203.3,4206.2,4202.5,4204.2,785
2025-07-01T11:13:00+05:30,4204.2,4204.2,4203.0,4203.3,238
2025-07-01T11:14:00+05:30,4203.6,4203.6,4201.1,4202.3,1522
2025-07-01T11:15:00+05:30,4202.6,4203.1,4201.5,4202.0,457
2025-07-01T11:16:00+05:30,4202.0,4203.6,4199.2,4199.2,1415
2025-07-01T11:17:00+05:30,4200.2,4205.9,4198.6,4204.6,612
2025-07-01T11:18:00+05:30,4204.6,4207.2,4202.6,4204.1,508
2025-07-01T11:19:00+05:30,4204.1,4205.2,4200.0,4200.6,1138
2025-07-01T11:20:00+05:30,4200.6,4203.0,4200.2,4201.6,446
2025-07-01T11:21:00+05:30,4201.6,4205.3,4201.1,4204.3,646
2025-07-01T11:22:00+05:30,4204.4,4205.4,4202.0,4202.4,758
2025-07-01T11:23:00+05:30,4202.5,4205.1,4202.1,4203.6,442
2025-07-01T11:24:00+05:30,4203.7,4206.3,4203.4,4205.0,423
2025-07-01T11:25:00+05:30,4205.0,4206.0,4204.1,4205.5,802
2025-07-01T11:26:00+05:30,4205.9,4208.0,4205.7,4208.0,756
2025-07-01T11:27:00+05:30,4207.9,4209.0,4207.9,4209.0,437
2025-07-01T11:28:00+05:30,4208.0,4209.8,4205.6,4206.1,1122
2025-07-01T11:29:00+05:30,4206.1,4208.4,4206.0,4208.0,280
2025-07-01T11:30:00+05:30,4208.0,4208.5,4206.5,4206.5,510
2025-07-01T11:31:00+05:30,4206.5,4208.2,4206.4,4207.7,680
2025-07-01T11:32:00+05:30,4207.0,4212.5,4206.8,4211.0,1815
2025-07-01T11:33:00+05:30,4210.9,4210.9,4206.6,4206.7,482
2025-07-01T11:34:00+05:30,4206.7,4206.9,4205.9,4205.9,394
2025-07-01T11:35:00+05:30,4205.9,4207.3,4205.9,4206.5,516
2025-07-01T11:36:00+05:30,4206.5,4208.9,4206.1,4207.8,353
2025-07-01T11:37:00+05:30,4207.8,4208.8,4207.3,4208.0,188
2025-07-01T11:38:00+05:30,4208.0,4208.8,4207.1,4207.1,231
2025-07-01T11:39:00+05:30,4207.1,4209.9,4206.2,4209.0,500
2025-07-01T11:40:00+05:30,4209.2,4209.2,4207.3,4207.3,347
2025-07-01T11:41:00+05:30,4207.3,4208.0,4206.0,4207.6,434
2025-07-01T11:42:00+05:30,4207.6,4209.8,4207.4,4208.4,223
2025-07-01T11:43:00+05:30,4208.4,4209.1,4206.4,4206.4,351
2025-07-01T11:44:00+05:30,4206.5,4206.5,4205.1,4206.0,435
2025-07-01T11:45:00+05:30,4206.1,4207.8,4205.7,4207.0,395
2025-07-01T11:46:00+05:30,4207.0,4208.2,4207.0,4207.0,336
2025-07-01T11:47:00+05:30,4207.0,4207.1,4206.5,4206.7,297
2025-07-01T11:48:00+05:30,4206.9,4209.7,4206.7,4209.4,453
2025-07-01T11:49:00+05:30,4209.1,4209.8,4208.6,4209.1,325
2025-07-01T11:50:00+05:30,4208.5,4209.8,4208.5,4208.6,486
2025-07-01T11:51:00+05:30,4209.1,4209.9,4208.5,4209.1,585
2025-07-01T11:52:00+05:30,4209.1,4209.9,4208.0,4208.0,575
2025-07-01T11:53:00+05:30,4208.5,4209.5,4206.5,4206.5,507
2025-07-01T11:54:00+05:30,4206.5,4206.7,4205.0,4205.2,348
2025-07-01T11:55:00+05:30,4205.2,4205.9,4205.0,4205.0,525
2025-07-01T11:56:00+05:30,4205.0,4206.0,4203.5,4205.0,1129
2025-07-01T11:57:00+05:30,4205.0,4205.9,4204.0,4205.4,2362
2025-07-01T11:58:00+05:30,4205.0,4205.3,4205.0,4205.0,815
2025-07-01T11:59:00+05:30,4205.1,4205.8,4205.0,4205.1,842
2025-07-01T12:00:00+05:30,4205.0,4205.2,4205.0,4205.0,329
2025-07-01T12:01:00+05:30,4205.1,4205.1,4205.0,4205.0,698
2025-07-01T12:02:00+05:30,4205.1,4205.1,4204.7,4205.0,2323
2025-07-01T12:03:00+05:30,4205.0,4205.8,4205.0,4205.1,672
2025-07-01T12:04:00+05:30,4205.2,4205.2,4205.0,4205.0,685
2025-07-01T12:05:00+05:30,4205.0,4205.2,4205.0,4205.0,329
2025-07-01T12:06:00+05:30,4205.1,4206.6,4204.8,4205.0,951
2025-07-01T12:07:00+05:30,4205.1,4205.1,4202.6,4205.0,4343
2025-07-01T12:08:00+05:30,4205.0,4205.1,4200.0,4200.0,4317
2025-07-01T12:09:00+05:30,4200.0,4200.6,4200.0,4200.1,367
2025-07-01T12:10:00+05:30,4200.3,4200.3,4200.0,4200.0,852
2025-07-01T12:11:00+05:30,4200.0,4201.4,4200.0,4201.4,618
2025-07-01T12:12:00+05:30,4201.8,4202.7,4200.4,4200.5,729
2025-07-01T12:13:00+05:30,4200.6,4204.0,4200.5,4201.9,790
2025-07-01T12:14:00+05:30,4203.0,4203.0,4201.7,4202.1,287
2025-07-01T12:15:00+05:30,4202.2,4204.2,4202.0,4204.0,1330
2025-07-01T12:16:00+05:30,4204.2,4204.2,4204.0,4204.1,579
2025-07-01T12:17:00+05:30,4204.1,4208.0,4204.0,4207.5,1412
2025-07-01T12:18:00+05:30,4208.0,4208.0,4205.9,4207.0,298
2025-07-01T12:19:00+05:30,4207.0,4207.8,4205.6,4207.8,743
2025-07-01T12:20:00+05:30,4208.2,4211.4,4208.0,4210.0,792
2025-07-01T12:21:00+05:30,4211.3,4211.4,4209.5,4210.7,578
2025-07-01T12:22:00+05:30,4210.7,4211.0,4209.3,4209.3,423
2025-07-01T12:23:00+05:30,4209.7,4211.0,4208.5,4208.5,587
2025-07-01T12:24:00+05:30,4208.8,4209.6,4208.0,4208.2,453
2025-07-01T12:25:00+05:30,4209.5,4210.8,4208.2,4209.1,593
2025-07-01T12:26:00+05:30,4210.6,4211.2,4208.7,4210.0,831
2025-07-01T12:27:00+05:30,4210.0,4211.5,4209.0,4211.1,740
2025-07-01T12:28:00+05:30,4211.0,4211.6,4210.1,4210.1,388
2025-07-01T12:29:00+05:30,4210.1,4210.4,4208.0,4208.0,543
2025-07-01T12:30:00+05:30,4208.0,4208.4,4206.3,4208.1,730
2025-07-01T12:31:00+05:30,4207.3,4208.0,4204.0,4204.0,5278
2025-07-01T12:32:00+05:30,4204.0,4205.6,4204.0,4205.0,2440
2025-07-01T12:33:00+05:30,4205.0,4208.0,4205.0,4208.0,321
2025-07-01T12:34:00+05:30,4207.6,4208.1,4205.0,4205.0,552
2025-07-01T12:35:00+05:30,4205.0,4205.3,4204.0,4204.3,818
2025-07-01T12:36:00+05:30,4204.9,4205.0,4204.0,4205.0,549
2025-07-01T12:37:00+05:30,4205.0,4205.1,4204.0,4205.0,1939
2025-07-01T12:38:00+05:30,4205.0,4209.7,4205.0,4206.4,647
2025-07-01T12:39:00+05:30,4206.4,4219.6,4205.9,4217.0,3119
2025-07-01T12:40:00+05:30,4217.0,4220.0,4216.8,4218.1,1112
2025-07-01T12:41:00+05:30,4218.1,4228.0,4217.9,4226.9,3106
2025-07-01T12:42:00+05:30,4227.7,4232.9,4225.1,4230.1,4284
2025-07-01T12:43:00+05:30,4230.1,4231.0,4227.1,4227.7,1585
2025-07-01T12:44:00+05:30,4227.3,4227.3,4220.8,4222.1,901
2025-07-01T12:45:00+05:30,4222.1,4222.1,4218.2,4218.2,528
2025-07-01T12:46:00+05:30,4218.5,4220.4,4215.0,4215.0,956
2025-07-01T12:47:00+05:30,4215.0,4215.4,4213.3,4214.3,625
2025-07-01T12:48:00+05:30,4214.3,4217.9,4213.5,4215.5,945
2025-07-01T12:49:00+05:30,4214.8,4217.8,4213.5,4217.6,922
2025-07-01T12:50:00+05:30,4217.4,4219.5,4213.8,4214.1,497
2025-07-01T12:51:00+05:30,4214.1,4214.8,4210.5,4210.5,861
2025-07-01T12:52:00+05:30,4211.3,4211.9,4210.5,4211.1,515
2025-07-01T12:53:00+05:30,4211.0,4211.9,4210.5,4210.5,211
2025-07-01T12:54:00+05:30,4210.6,4210.7,4210.5,4210.6,341
2025-07-01T12:55:00+05:30,4210.5,4211.1,4210.0,4210.0,694
2025-07-01T12:56:00+05:30,4210.0,4210.2,4209.8,4209.8,324
2025-07-01T12:57:00+05:30,4210.0,4211.2,4209.8,4209.8,557
2025-07-01T12:58:00+05:30,4210.0,4210.8,4209.0,4209.1,582
2025-07-01T12:59:00+05:30,4209.6,4210.8,4209.3,4209.8,390
2025-07-01T13:00:00+05:30,4209.9,4213.4,4209.8,4211.7,424
2025-07-01T13:01:00+05:30,4213.1,4214.9,4211.5,4211.5,1333
2025-07-01T13:02:00+05:30,4212.0,4212.2,4210.2,4211.3,372
2025-07-01T13:03:00+05:30,4211.3,4211.3,4210.0,4210.0,453
2025-07-01T13:04:00+05:30,4210.5,4211.2,4208.0,4208.0,440
2025-07-01T13:05:00+05:30,4209.5,4212.4,4207.8,4211.2,1046
2025-07-01T13:06:00+05:30,4212.4,4214.3,4211.1,4213.0,632
2025-07-01T13:07:00+05:30,4212.8,4214.5,4212.0,4212.0,677
2025-07-01T13:08:00+05:30,4212.0,4213.8,4211.2,4212.6,627
2025-07-01T13:09:00+05:30,4212.7,4214.1,4211.5,4211.8,523
2025-07-01T13:10:00+05:30,4212.3,4215.0,4211.8,4214.1,339
2025-07-01T13:11:00+05:30,4214.1,4215.0,4213.4,4214.0,547
2025-07-01T13:12:00+05:30,4214.0,4215.4,4212.2,4213.2,516
2025-07-01T13:13:00+05:30,4213.2,4213.7,4212.2,4213.6,450
2025-07-01T13:14:00+05:30,4213.6,4214.8,4213.1,4213.1,610
2025-07-01T13:15:00+05:30,4213.1,4214.1,4212.9,4213.4,423
2025-07-01T13:16:00+05:30,4213.5,4214.7,4212.9,4213.2,428
2025-07-01T13:17:00+05:30,4213.3,4213.6,4211.5,4211.5,502
2025-07-01T13:18:00+05:30,4211.5,4212.1,4207.1,4207.1,566
2025-07-01T13:19:00+05:30,4207.6,4210.1,4207.6,4208.5,869
2025-07-01T13:20:00+05:30,4208.5,4209.8,4208.5,4209.8,501
2025-07-01T13:21:00+05:30,4209.8,4210.1,4208.7,4209.0,330
2025-07-01T13:22:00+05:30,4209.0,4210.2,4207.8,4207.8,1367
2025-07-01T13:23:00+05:30,4207.8,4208.0,4206.7,4206.8,709
2025-07-01T13:24:00+05:30,4206.8,4209.1,4206.7,4206.8,2435
2025-07-01T13:25:00+05:30,4207.3,4208.3,4206.1,4206.3,562
2025-07-01T13:26:00+05:30,4206.4,4208.4,4206.3,4206.9,917
2025-07-01T13:27:00+05:30,4207.3,4207.3,4206.3,4207.0,244
2025-07-01T13:28:00+05:30,4207.0,4207.6,4207.0,4207.2,357
2025-07-01T13:29:00+05:30,4207.2,4207.8,4207.0,4207.8,747
2025-07-01T13:30:00+05:30,4207.9,4210.2,4207.7,4208.4,814
2025-07-01T13:31:00+05:30,4208.0,4208.9,4207.0,4208.3,939
2025-07-01T13:32:00+05:30,4207.8,4208.4,4206.5,4207.0,715
2025-07-01T13:33:00+05:30,4207.5,4207.8,4207.0,4207.0,498
2025-07-01T13:34:00+05:30,4207.0,4207.4,4206.2,4206.7,839
2025-07-01T13:35:00+05:30,4206.2,4206.7,4206.0,4206.2,496
2025-07-01T13:36:00+05:30,4206.2,4206.2,4205.0,4205.5,709
2025-07-01T13:37:00+05:30,4205.5,4205.9,4205.0,4205.0,515
2025-07-01T13:38:00+05:30,4205.0,4206.5,4205.0,4205.8,825
2025-07-01T13:39:00+05:30,4205.8,4207.4,4205.5,4205.5,527
2025-07-01T13:40:00+05:30,4205.6,4207.4,4205.6,4206.4,281
2025-07-01T13:41:00+05:30,4206.4,4207.4,4205.4,4206.3,405
2025-07-01T13:42:00+05:30,4206.3,4207.3,4205.7,4206.1,419
2025-07-01T13:43:00+05:30,4206.0,4207.3,4206.0,4206.0,340
2025-07-01T13:44:00+05:30,4206.0,4207.3,4206.0,4206.0,254
2025-07-01T13:45:00+05:30,4206.0,4206.2,4205.9,4206.1,410
2025-07-01T13:46:00+05:30,4206.1,4209.8,4206.1,4208.1,2724
2025-07-01T13:47:00+05:30,4208.1,4208.1,4205.0,4205.0,1132
2025-07-01T13:48:00+05:30,4205.0,4205.4,4203.0,4203.5,3626
2025-07-01T13:49:00+05:30,4203.5,4205.0,4203.0,4204.2,556
2025-07-01T13:50:00+05:30,4204.3,4205.0,4204.1,4204.1,918
2025-07-01T13:51:00+05:30,4204.1,4204.8,4202.7,4202.7,1166
2025-07-01T13:52:00+05:30,4202.7,4202.7,4201.0,4201.4,407
2025-07-01T13:53:00+05:30,4201.4,4202.0,4201.0,4201.2,548
2025-07-01T13:54:00+05:30,4201.2,4202.0,4201.0,4201.0,767
2025-07-01T13:55:00+05:30,4201.0,4201.3,4200.3,4200.4,250
2025-07-01T13:56:00+05:30,4200.4,4200.8,4200.0,4200.0,1732
2025-07-01T13:57:00+05:30,4200.1,4201.2,4200.0,4200.5,819
2025-07-01T13:58:00+05:30,4200.8,4201.3,4200.0,4201.3,593
2025-07-01T13:59:00+05:30,4201.2,4201.3,4201.0,4201.0,675
2025-07-01T14:00:00+05:30,4201.2,4202.0,4200.1,4201.2,1506
2025-07-01T14:01:00+05:30,4201.3,4204.0,4200.7,4200.7,531
2025-07-01T14:02:00+05:30,4200.7,4202.7,4200.1,4200.1,666
2025-07-01T14:03:00+05:30,4200.1,4203.2,4200.1,4201.0,1137
2025-07-01T14:04:00+05:30,4201.0,4202.0,4201.0,4201.3,289
2025-07-01T14:05:00+05:30,4201.1,4205.6,4201.1,4205.0,1194
2025-07-01T14:06:00+05:30,4205.0,4207.1,4205.0,4205.6,408
2025-07-01T14:07:00+05:30,4205.8,4207.0,4205.0,4205.4,533
2025-07-01T14:08:00+05:30,4205.4,4208.5,4204.9,4206.5,990
2025-07-01T14:09:00+05:30,4206.5,4207.8,4205.0,4206.3,1090
2025-07-01T14:10:00+05:30,4206.3,4208.0,4205.4,4205.4,451
2025-07-01T14:11:00+05:30,4205.4,4207.7,4205.0,4205.6,932
2025-07-01T14:12:00+05:30,4205.3,4208.0,4205.1,4205.9,467
2025-07-01T14:13:00+05:30,4205.9,4211.6,4205.6,4208.7,1948
2025-07-01T14:14:00+05:30,4208.7,4211.8,4208.3,4210.9,813
2025-07-01T14:15:00+05:30,4210.7,4212.7,4207.0,4209.1,850
2025-07-01T14:16:00+05:30,4207.8,4210.0,4207.0,4207.0,464
2025-07-01T14:17:00+05:30,4207.1,4208.3,4205.5,4206.5,708
2025-07-01T14:18:00+05:30,4206.5,4207.5,4205.4,4205.4,692
2025-07-01T14:19:00+05:30,4206.8,4208.3,4205.4,4205.4,771
2025-07-01T14:20:00+05:30,4205.3,4208.1,4205.3,4206.7,963
2025-07-01T14:21:00+05:30,4206.6,4208.0,4206.2,4207.0,292
2025-07-01T14:22:00+05:30,4207.0,4208.1,4206.4,4206.6,692
2025-07-01T14:23:00+05:30,4206.5,4208.0,4206.0,4206.5,487
2025-07-01T14:24:00+05:30,4206.3,4207.9,4205.7,4206.0,714
2025-07-01T14:25:00+05:30,4206.0,4207.3,4205.0,4205.0,760
2025-07-01T14:26:00+05:30,4205.0,4206.2,4205.0,4205.0,586
2025-07-01T14:27:00+05:30,4205.2,4206.3,4205.0,4205.0,689
2025-07-01T14:28:00+05:30,4205.0,4206.3,4204.5,4204.5,689
2025-07-01T14:29:00+05:30,4204.6,4204.9,4204.0,4204.2,912
2025-07-01T14:30:00+05:30,4204.2,4205.9,4204.2,4205.9,834
2025-07-01T14:31:00+05:30,4205.4,4206.3,4204.6,4205.1,1962
2025-07-01T14:32:00+05:30,4205.1,4207.4,4205.0,4205.1,449
2025-07-01T14:33:00+05:30,4205.4,4208.0,4204.9,4205.9,628
2025-07-01T14:34:00+05:30,4205.9,4210.9,4205.9,4208.0,1075
2025-07-01T14:35:00+05:30,4208.0,4210.2,4207.6,4208.1,441
2025-07-01T14:36:00+05:30,4207.6,4207.6,4193.1,4194.3,14075
2025-07-01T14:37:00+05:30,4194.1,4201.4,4191.5,4199.0,6363
2025-07-01T14:38:00+05:30,4199.0,4203.1,4199.0,4202.5,1347
2025-07-01T14:39:00+05:30,4202.5,4204.3,4202.5,4202.5,598
2025-07-01T14:40:00+05:30,4202.5,4203.2,4202.5,4202.5,349
2025-07-01T14:41:00+05:30,4202.5,4204.7,4202.5,4202.5,608
2025-07-01T14:42:00+05:30,4202.5,4203.9,4201.2,4201.8,1700
2025-07-01T14:43:00+05:30,4203.0,4203.1,4200.0,4200.2,648
2025-07-01T14:44:00+05:30,4200.3,4208.8,4200.2,4207.1,1895
2025-07-01T14:45:00+05:30,4207.1,4208.0,4205.3,4205.3,490
2025-07-01T14:46:00+05:30,4205.0,4206.9,4205.0,4205.5,1030
2025-07-01T14:47:00+05:30,4205.4,4205.8,4205.0,4205.0,302
2025-07-01T14:48:00+05:30,4205.0,4205.7,4205.0,4205.0,722
2025-07-01T14:49:00+05:30,4205.0,4205.7,4205.0,4205.7,246
2025-07-01T14:50:00+05:30,4205.7,4209.0,4205.7,4208.1,2360
2025-07-01T14:51:00+05:30,4208.1,4208.5,4205.9,4207.4,737
2025-07-01T14:52:00+05:30,4207.5,4210.0,4207.5,4208.8,1407
2025-07-01T14:53:00+05:30,4208.8,4210.0,4207.5,4207.5,720
2025-07-01T14:54:00+05:30,4207.2,4209.2,4206.9,4208.1,1090
2025-07-01T14:55:00+05:30,4208.1,4209.7,4207.8,4209.7,563
2025-07-01T14:56:00+05:30,4208.3,4209.9,4207.3,4208.4,662
2025-07-01T14:57:00+05:30,4208.4,4209.8,4208.2,4209.1,355
2025-07-01T14:58:00+05:30,4209.1,4210.9,4208.0,4208.0,2700
2025-07-01T14:59:00+05:30,4208.0,4208.6,4207.0,4208.0,1153
2025-07-01T15:00:00+05:30,4208.5,4213.7,4207.5,4213.3,3179
2025-07-01T15:01:00+05:30,4213.3,4214.9,4213.0,4213.9,2105
2025-07-01T15:02:00+05:30,4214.0,4216.6,4213.8,4216.5,1913
2025-07-01T15:03:00+05:30,4216.5,4217.9,4216.2,4217.8,1617
2025-07-01T15:04:00+05:30,4217.8,4218.1,4217.8,4218.1,1404
2025-07-01T15:05:00+05:30,4218.1,4220.0,4217.9,4218.8,4207
2025-07-01T15:06:00+05:30,4219.2,4219.2,4215.6,4217.1,3175
2025-07-01T15:07:00+05:30,4218.0,4218.1,4217.0,4217.8,1000
2025-07-01T15:08:00+05:30,4218.0,4218.0,4215.8,4218.0,2439
2025-07-01T15:09:00+05:30,4216.7,4225.0,4216.4,4224.8,11288
2025-07-01T15:10:00+05:30,4224.6,4225.0,4223.4,4223.9,2133
2025-07-01T15:11:00+05:30,4223.9,4224.9,4222.2,4224.2,3806
2025-07-01T15:12:00+05:30,4224.0,4226.0,4224.0,4225.0,3211
2025-07-01T15:13:00+05:30,4225.0,4225.8,4224.0,4225.0,2496
2025-07-01T15:14:00+05:30,4225.2,4226.0,4225.2,4225.9,3777
2025-07-01T15:15:00+05:30,4226.0,4229.0,4225.9,4228.9,7112
2025-07-01T15:16:00+05:30,4229.0,4229.1,4228.4,4228.9,3544
2025-07-01T15:17:00+05:30,4228.8,4229.0,4228.7,4229.0,1707
2025-07-01T15:18:00+05:30,4229.0,4229.7,4228.6,4228.7,3423
2025-07-01T15:19:00+05:30,4228.9,4232.0,4228.7,4231.6,4004
2025-07-01T15:20:00+05:30,4232.0,4235.6,4231.6,4234.9,5847
2025-07-01T15:21:00+05:30,4234.9,4237.0,4231.7,4231.7,3657
2025-07-01T15:22:00+05:30,4231.7,4233.9,4231.7,4233.2,1711
2025-07-01T15:23:00+05:30,4233.3,4233.9,4232.0,4232.9,5209
2025-07-01T15:24:00+05:30,4233.0,4233.0,4232.1,4232.5,2514
2025-07-01T15:25:00+05:30,4232.7,4237.0,4232.5,4233.7,7024
2025-07-01T15:26:00+05:30,4233.7,4235.6,4232.0,4232.5,1823
2025-07-01T15:27:00+05:30,4232.1,4233.0,4225.6,4230.0,3249
2025-07-01T15:28:00+05:30,4228.4,4230.1,4228.4,4229.8,2092
2025-07-01T15:29:00+05:30,4229.8,4230.0,4227.0,4229.0,1354
2025-07-02T09:15:00+05:30,4281.0,4324.6,4266.0,4272.4,57962
2025-07-02T09:16:00+05:30,4270.0,4271.3,4252.2,4258.7,19942
2025-07-02T09:17:00+05:30,4258.4,4261.4,4246.2,4249.6,14586
2025-07-02T09:18:00+05:30,4248.4,4276.5,4247.0,4273.0,16318
2025-07-02T09:19:00+05:30,4274.0,4276.9,4268.6,4274.0,13572
2025-07-02T09:20:00+05:30,4272.4,4277.0,4268.0,4274.9,8174
2025-07-02T09:21:00+05:30,4274.8,4276.0,4270.0,4271.4,4727
2025-07-02T09:22:00+05:30,4271.4,4272.4,4264.3,4266.6,4452
2025-07-02T09:23:00+05:30,4266.6,4270.4,4261.2,4264.0,3453
2025-07-02T09:24:00+05:30,4262.8,4268.0,4259.0,4265.2,4268
2025-07-02T09:25:00+05:30,4264.8,4268.1,4261.3,4266.0,2361
2025-07-02T09:26:00+05:30,4266.0,4270.0,4265.4,4269.0,2672
2025-07-02T09:27:00+05:30,4267.2,4270.0,4265.2,4268.8,2946
2025-07-02T09:28:00+05:30,4270.0,4274.7,4269.0,4270.8,4133
2025-07-02T09:29:00+05:30,4270.8,4272.6,4268.0,4271.4,3654
2025-07-02T09:30:00+05:30,4270.0,4271.2,4257.0,4257.0,6994
2025-07-02T09:31:00+05:30,4257.0,4260.0,4254.7,4260.0,2305
2025-07-02T09:32:00+05:30,4260.0,4269.0,4259.0,4268.4,2827
2025-07-02T09:33:00+05:30,4269.0,4272.0,4264.2,4265.5,2569
2025-07-02T09:34:00+05:30,4264.7,4265.5,4261.6,4264.6,1226
2025-07-02T09:35:00+05:30,4264.4,4265.5,4263.0,4264.5,1617
2025-07-02T09:36:00+05:30,4263.7,4265.0,4262.1,4263.0,1226
2025-07-02T09:37:00+05:30,4262.9,4263.6,4258.1,4263.6,3014
2025-07-02T09:38:00+05:30,4263.6,4268.9,4262.1,4266.9,1863
2025-07-02T09:39:00+05:30,4268.9,4269.9,4267.0,4269.9,1270
2025-07-02T09:40:00+05:30,4269.4,4269.9,4264.1,4265.2,2124
2025-07-02T09:41:00+05:30,4265.2,4267.1,4256.1,4256.1,3319
2025-07-02T09:42:00+05:30,4256.0,4258.0,4252.0,4257.0,4166
2025-07-02T09:43:00+05:30,4257.4,4258.7,4255.1,4258.6,468
2025-07-02T09:44:00+05:30,4258.6,4260.8,4257.7,4258.2,974
2025-07-02T09:45:00+05:30,4258.0,4263.9,4256.2,4261.7,2007
2025-07-02T09:46:00+05:30,4262.8,4263.0,4260.7,4261.6,476
2025-07-02T09:47:00+05:30,4262.9,4264.2,4261.4,4261.4,694
2025-07-02T09:48:00+05:30,4261.3,4262.7,4257.7,4260.0,1513
2025-07-02T09:49:00+05:30,4260.0,4263.8,4260.0,4262.2,764
2025-07-02T09:50:00+05:30,4260.8,4265.0,4260.8,4265.0,505
2025-07-02T09:51:00+05:30,4265.0,4266.4,4264.5,4265.6,722
2025-07-02T09:52:00+05:30,4265.6,4267.0,4264.3,4264.3,1118
2025-07-02T09:53:00+05:30,4265.0,4265.0,4263.1,4265.0,392
2025-07-02T09:54:00+05:30,4264.8,4265.9,4264.6,4264.7,1473
2025-07-02T09:55:00+05:30,4264.7,4266.6,4262.3,4263.3,2612
2025-07-02T09:56:00+05:30,4264.9,4264.9,4260.0,4260.1,1848
2025-07-02T09:57:00+05:30,4260.1,4262.5,4259.5,4259.5,1036
2025-07-02T09:58:00+05:30,4261.4,4262.0,4260.0,4261.9,431
2025-07-02T09:59:00+05:30,4261.9,4261.9,4261.0,4261.2,324
2025-07-02T10:00:00+05:30,4261.2,4262.2,4258.1,4258.8,3956
2025-07-02T10:01:00+05:30,4258.4,4260.0,4258.4,4260.0,511
2025-07-02T10:02:00+05:30,4260.0,4261.6,4259.1,4261.0,649
2025-07-02T10:03:00+05:30,4261.0,4262.2,4256.0,4256.0,1727
2025-07-02T10:04:00+05:30,4256.0,4256.0,4250.0,4253.2,4524
2025-07-02T10:05:00+05:30,4252.4,4253.5,4240.0,4240.0,7838
2025-07-02T10:06:00+05:30,4240.0,4246.0,4236.1,4237.9,9282
2025-07-02T10:07:00+05:30,4237.9,4242.6,4236.1,4240.6,3973
2025-07-02T10:08:00+05:30,4242.7,4242.7,4239.2,4241.0,5045
2025-07-02T10:09:00+05:30,4241.0,4241.0,4239.2,4239.7,3784
2025-07-02T10:10:00+05:30,4239.7,4241.0,4239.2,4241.0,4655
2025-07-02T10:11:00+05:30,4241.0,4246.4,4240.9,4246.4,4850
2025-07-02T10:12:00+05:30,4246.1,4248.0,4239.2,4239.7,8045
2025-07-02T10:13:00+05:30,4239.7,4241.5,4239.2,4240.1,4296
2025-07-02T10:14:00+05:30,4241.0,4242.4,4239.0,4240.0,1431
2025-07-02T10:15:00+05:30,4240.0,4240.0,4237.0,4238.6,1907
2025-07-02T10:16:00+05:30,4238.0,4238.0,4235.0,4236.1,2426
2025-07-02T10:17:00+05:30,4236.3,4239.0,4235.4,4239.0,608
2025-07-02T10:18:00+05:30,4237.5,4239.0,4236.6,4238.0,865
2025-07-02T10:19:00+05:30,4238.0,4239.0,4238.0,4239.0,161
2025-07-02T10:20:00+05:30,4239.0,4242.0,4239.0,4241.3,2635
2025-07-02T10:21:00+05:30,4241.3,4244.1,4240.5,4241.0,7247
2025-07-02T10:22:00+05:30,4240.6,4241.0,4240.5,4240.5,1114
2025-07-02T10:23:00+05:30,4241.0,4241.0,4240.0,4240.9,912
2025-07-02T10:24:00+05:30,4241.0,4245.0,4240.0,4241.0,2038
2025-07-02T10:25:00+05:30,4241.0,4241.0,4240.0,4241.0,1041
2025-07-02T10:26:00+05:30,4240.8,4241.0,4239.2,4239.2,213
2025-07-02T10:27:00+05:30,4239.2,4241.0,4239.1,4240.4,2030
2025-07-02T10:28:00+05:30,4240.4,4241.0,4240.4,4241.0,381
2025-07-02T10:29:00+05:30,4241.0,4241.0,4238.1,4241.0,1230
2025-07-02T10:30:00+05:30,4241.0,4241.0,4238.0,4238.8,498
2025-07-02T10:31:00+05:30,4238.8,4240.4,4235.1,4235.7,1788
2025-07-02T10:32:00+05:30,4235.8,4238.6,4235.3,4237.4,845
2025-07-02T10:33:00+05:30,4237.4,4238.4,4236.0,4237.3,554
2025-07-02T10:34:00+05:30,4237.8,4238.7,4237.2,4238.7,284
2025-07-02T10:35:00+05:30,4238.7,4240.4,4238.6,4240.4,563
2025-07-02T10:36:00+05:30,4240.4,4240.4,4239.1,4240.3,782
2025-07-02T10:37:00+05:30,4240.3,4241.0,4239.8,4240.3,535
2025-07-02T10:38:00+05:30,4240.3,4240.7,4239.8,4240.7,104
2025-07-02T10:39:00+05:30,4240.5,4241.0,4239.6,4241.0,1484
2025-07-02T10:40:00+05:30,4241.0,4241.4,4240.4,4240.9,770
2025-07-02T10:41:00+05:30,4240.5,4241.0,4239.9,4239.9,2732
2025-07-02T10:42:00+05:30,4240.9,4241.0,4240.1,4241.0,539
2025-07-02T10:43:00+05:30,4241.0,4243.0,4239.7,4239.8,2345
2025-07-02T10:44:00+05:30,4239.8,4240.9,4239.7,4240.9,153
2025-07-02T10:45:00+05:30,4240.0,4241.0,4239.7,4241.0,281
2025-07-02T10:46:00+05:30,4241.0,4241.0,4240.2,4240.9,312
2025-07-02T10:47:00+05:30,4240.9,4241.0,4240.6,4240.9,295
2025-07-02T10:48:00+05:30,4240.9,4241.0,4240.8,4240.9,518
2025-07-02T10:49:00+05:30,4241.0,4241.0,4239.3,4241.0,2111
2025-07-02T10:50:00+05:30,4241.0,4241.0,4239.6,4240.0,960
2025-07-02T10:51:00+05:30,4241.0,4241.0,4239.5,4241.0,312
2025-07-02T10:52:00+05:30,4241.0,4241.0,4239.5,4240.0,446
2025-07-02T10:53:00+05:30,4240.0,4241.2,4239.5,4239.9,1135
2025-07-02T10:54:00+05:30,4239.5,4241.0,4238.4,4240.9,416
2025-07-02T10:55:00+05:30,4240.9,4241.0,4240.5,4241.0,299
2025-07-02T10:56:00+05:30,4241.0,4241.0,4240.1,4240.2,302
2025-07-02T10:57:00+05:30,4240.6,4241.0,4240.2,4241.0,926
2025-07-02T10:58:00+05:30,4241.0,4243.0,4240.8,4242.2,1850
2025-07-02T10:59:00+05:30,4241.9,4242.2,4236.0,4236.0,1493
2025-07-02T11:00:00+05:30,4236.5,4236.5,4234.6,4235.3,1985
2025-07-02T11:01:00+05:30,4235.3,4237.6,4235.2,4235.9,1957
2025-07-02T11:02:00+05:30,4235.9,4235.9,4232.0,4233.6,2149
2025-07-02T11:03:00+05:30,4233.5,4233.9,4230.1,4231.0,2155
2025-07-02T11:04:00+05:30,4230.2,4233.6,4230.2,4233.6,575
2025-07-02T11:05:00+05:30,4233.6,4233.6,4231.2,4232.0,591
2025-07-02T11:06:00+05:30,4231.2,4235.0,4231.2,4235.0,793
2025-07-02T11:07:00+05:30,4234.0,4238.4,4234.0,4238.4,838
2025-07-02T11:08:00+05:30,4238.4,4238.4,4238.3,4238.3,436
2025-07-02T11:09:00+05:30,4238.4,4239.4,4238.0,4239.0,787
2025-07-02T11:10:00+05:30,4238.9,4242.5,4238.6,4242.4,989
2025-07-02T11:11:00+05:30,4241.1,4243.0,4241.1,4242.5,441
2025-07-02T11:12:00+05:30,4242.5,4243.0,4242.5,4243.0,566
2025-07-02T11:13:00+05:30,4243.0,4243.0,4242.1,4243.0,382
2025-07-02T11:14:00+05:30,4243.0,4243.0,4242.4,4243.0,614
2025-07-02T11:15:00+05:30,4243.0,4244.0,4241.0,4241.0,4153
2025-07-02T11:16:00+05:30,4241.0,4243.0,4241.0,4243.0,517
2025-07-02T11:17:00+05:30,4243.9,4245.2,4242.9,4244.0,4194
2025-07-02T11:18:00+05:30,4244.0,4246.0,4242.0,4244.6,666
2025-07-02T11:19:00+05:30,4244.5,4249.2,4244.1,4248.8,1842
2025-07-02T11:20:00+05:30,4248.5,4255.0,4248.5,4252.0,3169
2025-07-02T11:21:00+05:30,4252.0,4257.0,4251.5,4257.0,1357
2025-07-02T11:22:00+05:30,4256.5,4258.0,4256.3,4256.9,636
2025-07-02T11:23:00+05:30,4257.0,4258.0,4254.5,4255.5,1944
2025-07-02T11:24:00+05:30,4254.5,4255.4,4252.0,4254.0,1557
2025-07-02T11:25:00+05:30,4254.9,4256.4,4252.8,4254.6,2596
2025-07-02T11:26:00+05:30,4255.0,4256.3,4253.2,4255.2,1110
2025-07-02T11:27:00+05:30,4255.2,4256.9,4254.2,4255.0,545
2025-07-02T11:28:00+05:30,4254.4,4257.0,4254.4,4257.0,4470
2025-07-02T11:29:00+05:30,4255.8,4258.0,4255.7,4257.0,639
2025-07-02T11:30:00+05:30,4257.1,4258.0,4256.0,4256.5,671
2025-07-02T11:31:00+05:30,4256.1,4257.7,4254.7,4255.0,1165
2025-07-02T11:32:00+05:30,4255.0,4256.0,4254.6,4254.6,332
2025-07-02T11:33:00+05:30,4254.6,4255.6,4253.1,4253.1,351
2025-07-02T11:34:00+05:30,4252.9,4255.9,4252.4,4255.3,657
2025-07-02T11:35:00+05:30,4255.9,4258.0,4255.9,4257.3,836
2025-07-02T11:36:00+05:30,4257.3,4263.5,4257.2,4261.1,2544
2025-07-02T11:37:00+05:30,4261.2,4262.7,4260.6,4260.6,709
2025-07-02T11:38:00+05:30,4260.6,4261.5,4259.4,4259.4,647
2025-07-02T11:39:00+05:30,4259.7,4260.0,4258.5,4259.6,209
2025-07-02T11:40:00+05:30,4260.0,4261.1,4258.8,4258.8,632
2025-07-02T11:41:00+05:30,4258.9,4260.0,4258.2,4259.9,392
2025-07-02T11:42:00+05:30,4259.0,4259.0,4258.0,4258.1,109
2025-07-02T11:43:00+05:30,4258.1,4260.0,4258.0,4260.0,293
2025-07-02T11:44:00+05:30,4260.0,4260.9,4258.8,4260.9,584
2025-07-02T11:45:00+05:30,4261.0,4261.0,4256.8,4258.7,2437
2025-07-02T11:46:00+05:30,4258.7,4258.7,4256.8,4257.6,740
2025-07-02T11:47:00+05:30,4258.0,4261.6,4257.4,4261.0,1125
2025-07-02T11:48:00+05:30,4261.5,4261.5,4260.6,4261.4,348
2025-07-02T11:49:00+05:30,4261.4,4261.4,4260.3,4260.9,319
2025-07-02T11:50:00+05:30,4261.1,4265.0,4260.5,4260.5,3297
2025-07-02T11:51:00+05:30,4261.0,4261.0,4258.0,4258.0,628
2025-07-02T11:52:00+05:30,4258.2,4258.5,4256.8,4257.0,371
2025-07-02T11:53:00+05:30,4256.7,4258.4,4256.4,4258.4,609
2025-07-02T11:54:00+05:30,4257.6,4265.2,4257.6,4265.0,6677
2025-07-02T11:55:00+05:30,4265.1,4268.0,4264.1,4267.1,2909
2025-07-02T11:56:00+05:30,4267.8,4268.8,4266.8,4268.5,1348
2025-07-02T11:57:00+05:30,4268.5,4269.5,4266.8,4269.4,3769
2025-07-02T11:58:00+05:30,4268.7,4269.4,4266.0,4267.6,2684
2025-07-02T11:59:00+05:30,4267.6,4267.6,4262.3,4264.8,1219
2025-07-02T12:00:00+05:30,4266.2,4266.8,4263.6,4265.0,512
2025-07-02T12:01:00+05:30,4265.0,4265.0,4248.7,4248.7,17479
2025-07-02T12:02:00+05:30,4249.9,4251.8,4247.4,4250.0,1609
2025-07-02T12:03:00+05:30,4250.0,4251.9,4248.0,4251.9,889
2025-07-02T12:04:00+05:30,4250.3,4253.1,4250.3,4251.7,209
2025-07-02T12:05:00+05:30,4253.7,4254.6,4252.1,4254.6,466
2025-07-02T12:06:00+05:30,4254.6,4255.8,4250.6,4251.0,895
2025-07-02T12:07:00+05:30,4250.5,4254.1,4250.5,4254.1,68
2025-07-02T12:08:00+05:30,4252.6,4255.5,4252.1,4254.2,1567
2025-07-02T12:09:00+05:30,4254.4,4257.8,4254.2,4256.7,2300
2025-07-02T12:10:00+05:30,4256.8,4259.1,4256.6,4258.8,940
2025-07-02T12:11:00+05:30,4258.2,4258.3,4257.1,4257.1,1421
2025-07-02T12:12:00+05:30,4256.8,4256.8,4249.9,4251.6,3951
2025-07-02T12:13:00+05:30,4250.3,4252.6,4250.3,4252.0,171
2025-07-02T12:14:00+05:30,4252.6,4253.5,4249.7,4250.0,1639
2025-07-02T12:15:00+05:30,4250.0,4253.3,4249.9,4252.4,1716
2025-07-02T12:16:00+05:30,4252.2,4254.2,4249.7,4249.9,839
2025-07-02T12:17:00+05:30,4249.9,4250.9,4248.8,4250.0,1374
2025-07-02T12:18:00+05:30,4250.0,4250.9,4249.9,4250.0,833
2025-07-02T12:19:00+05:30,4250.0,4250.0,4248.3,4250.0,621
2025-07-02T12:20:00+05:30,4250.0,4251.6,4248.8,4250.3,644
2025-07-02T12:21:00+05:30,4251.6,4251.8,4249.7,4250.0,526
2025-07-02T12:22:00+05:30,4250.0,4250.0,4249.8,4250.0,236
2025-07-02T12:23:00+05:30,4250.0,4250.0,4249.6,4250.0,442
2025-07-02T12:24:00+05:30,4250.0,4252.9,4250.0,4252.2,754
2025-07-02T12:25:00+05:30,4252.9,4254.1,4251.5,4252.4,730
2025-07-02T12:26:00+05:30,4252.5,4252.5,4247.1,4250.4,1600
2025-07-02T12:27:00+05:30,4249.3,4251.5,4249.3,4251.5,274
2025-07-02T12:28:00+05:30,4251.5,4252.2,4250.0,4251.1,556
2025-07-02T12:29:00+05:30,4252.3,4254.2,4251.0,4252.7,203
2025-07-02T12:30:00+05:30,4252.7,4255.2,4252.6,4255.2,631
2025-07-02T12:31:00+05:30,4253.0,4254.1,4250.0,4250.0,732
2025-07-02T12:32:00+05:30,4250.0,4252.6,4250.0,4252.1,580
2025-07-02T12:33:00+05:30,4250.6,4253.1,4250.6,4251.8,421
2025-07-02T12:34:00+05:30,4251.8,4253.2,4251.7,4253.1,288
2025-07-02T12:35:00+05:30,4253.1,4253.4,4251.0,4251.1,541
2025-07-02T12:36:00+05:30,4252.8,4255.2,4252.8,4255.1,855
2025-07-02T12:37:00+05:30,4253.3,4255.9,4253.3,4254.0,363
2025-07-02T12:38:00+05:30,4254.0,4256.0,4254.0,4255.3,367
2025-07-02T12:39:00+05:30,4254.6,4254.6,4252.9,4254.0,421
2025-07-02T12:40:00+05:30,4254.0,4255.3,4253.5,4253.5,614
2025-07-02T12:41:00+05:30,4253.8,4253.9,4251.4,4252.9,1285
2025-07-02T12:42:00+05:30,4252.2,4253.7,4251.4,4251.5,452
2025-07-02T12:43:00+05:30,4251.6,4255.0,4251.6,4254.7,613
2025-07-02T12:44:00+05:30,4252.8,4254.4,4252.6,4254.1,191
2025-07-02T12:45:00+05:30,4254.3,4256.2,4252.5,4254.4,757
2025-07-02T12:46:00+05:30,4255.3,4255.7,4254.4,4254.5,206
2025-07-02T12:47:00+05:30,4255.5,4255.5,4254.2,4254.2,328
2025-07-02T12:48:00+05:30,4254.6,4255.4,4254.0,4254.1,663
2025-07-02T12:49:00+05:30,4254.1,4254.4,4253.7,4254.4,203
2025-07-02T12:50:00+05:30,4254.4,4254.4,4252.3,4252.6,1064
2025-07-02T12:51:00+05:30,4252.5,4252.5,4245.1,4248.3,1798
2025-07-02T12:52:00+05:30,4248.3,4248.3,4245.5,4246.5,217
2025-07-02T12:53:00+05:30,4246.5,4248.0,4246.2,4246.7,370
2025-07-02T12:54:00+05:30,4246.7,4248.0,4246.7,4246.8,164
2025-07-02T12:55:00+05:30,4246.8,4257.9,4246.3,4257.9,7269
2025-07-02T12:56:00+05:30,4257.1,4260.0,4257.0,4258.7,652
2025-07-02T12:57:00+05:30,4258.8,4262.0,4258.8,4261.4,1408
2025-07-02T12:58:00+05:30,4261.5,4261.5,4260.0,4260.0,672
2025-07-02T12:59:00+05:30,4260.3,4263.4,4259.2,4263.1,1238
2025-07-02T13:00:00+05:30,4261.4,4261.6,4260.4,4260.4,318
2025-07-02T13:01:00+05:30,4260.4,4266.0,4260.2,4266.0,6406
2025-07-02T13:02:00+05:30,4266.0,4266.0,4265.0,4265.0,1012
2025-07-02T13:03:00+05:30,4265.3,4265.3,4264.9,4264.9,1946
2025-07-02T13:04:00+05:30,4264.7,4264.9,4262.2,4262.6,650
2025-07-02T13:05:00+05:30,4262.4,4262.6,4260.2,4261.4,869
2025-07-02T13:06:00+05:30,4261.0,4262.0,4260.4,4261.1,369
2025-07-02T13:07:00+05:30,4261.2,4261.9,4260.9,4261.8,368
2025-07-02T13:08:00+05:30,4260.9,4272.0,4260.9,4270.0,6034
2025-07-02T13:09:00+05:30,4270.9,4271.2,4265.2,4266.2,1512
2025-07-02T13:10:00+05:30,4266.2,4266.4,4264.0,4265.9,782
2025-07-02T13:11:00+05:30,4265.3,4268.0,4265.0,4267.0,778
2025-07-02T13:12:00+05:30,4266.9,4267.6,4265.1,4265.1,1089
2025-07-02T13:13:00+05:30,4265.1,4266.9,4265.1,4265.1,522
2025-07-02T13:14:00+05:30,4265.1,4266.5,4264.8,4265.1,2640
2025-07-02T13:15:00+05:30,4265.1,4265.3,4263.4,4263.7,1943
2025-07-02T13:16:00+05:30,4263.3,4264.0,4262.4,4264.0,1472
2025-07-02T13:17:00+05:30,4263.4,4264.0,4263.2,4263.6,220
2025-07-02T13:18:00+05:30,4264.0,4264.0,4262.8,4262.8,348
2025-07-02T13:19:00+05:30,4264.0,4264.0,4254.6,4256.9,3233
2025-07-02T13:20:00+05:30,4257.3,4258.6,4255.2,4257.7,384
2025-07-02T13:21:00+05:30,4257.6,4266.2,4255.9,4260.8,2520
2025-07-02T13:22:00+05:30,4261.8,4261.8,4257.9,4258.7,502
2025-07-02T13:23:00+05:30,4258.7,4259.9,4258.3,4258.8,419
2025-07-02T13:24:00+05:30,4258.2,4260.6,4257.1,4258.1,697
2025-07-02T13:25:00+05:30,4258.6,4259.8,4257.3,4257.5,216
2025-07-02T13:26:00+05:30,4257.5,4258.0,4257.1,4257.3,500
2025-07-02T13:27:00+05:30,4257.3,4257.7,4255.0,4255.0,1274
2025-07-02T13:28:00+05:30,4255.0,4255.6,4255.0,4255.0,757
2025-07-02T13:29:00+05:30,4254.6,4255.6,4253.7,4253.9,395
2025-07-02T13:30:00+05:30,4253.7,4254.4,4250.0,4254.4,781
2025-07-02T13:31:00+05:30,4254.2,4254.2,4250.6,4251.8,625
2025-07-02T13:32:00+05:30,4251.9,4255.5,4251.7,4255.2,373
2025-07-02T13:33:00+05:30,4255.1,4259.0,4255.1,4258.2,1364
2025-07-02T13:34:00+05:30,4258.1,4258.1,4256.0,4256.8,547
2025-07-02T13:35:00+05:30,4256.7,4257.6,4255.0,4257.6,420
2025-07-02T13:36:00+05:30,4257.6,4257.9,4252.6,4255.8,1057
2025-07-02T13:37:00+05:30,4255.0,4257.7,4255.0,4257.7,431
2025-07-02T13:38:00+05:30,4258.0,4260.9,4258.0,4260.3,459
2025-07-02T13:39:00+05:30,4260.4,4260.9,4260.3,4260.3,284
2025-07-02T13:40:00+05:30,4260.4,4262.5,4260.2,4262.5,592
2025-07-02T13:41:00+05:30,4260.6,4263.0,4257.1,4257.4,856
2025-07-02T13:42:00+05:30,4257.3,4257.3,4255.2,4256.0,419
2025-07-02T13:43:00+05:30,4256.0,4257.2,4255.1,4255.1,304
2025-07-02T13:44:00+05:30,4255.0,4257.1,4254.9,4255.5,222
2025-07-02T13:45:00+05:30,4255.1,4255.9,4254.7,4254.7,162
2025-07-02T13:46:00+05:30,4254.7,4255.0,4253.4,4253.4,626
2025-07-02T13:47:00+05:30,4252.9,4254.8,4252.2,4253.2,646
2025-07-02T13:48:00+05:30,4253.2,4255.8,4253.2,4255.8,420
2025-07-02T13:49:00+05:30,4255.8,4258.1,4255.8,4257.4,269
2025-07-02T13:50:00+05:30,4257.6,4260.0,4257.6,4259.6,294
2025-07-02T13:51:00+05:30,4259.6,4260.0,4258.2,4259.0,795
2025-07-02T13:52:00+05:30,4259.0,4260.0,4258.0,4258.7,645
2025-07-02T13:53:00+05:30,4258.7,4260.0,4258.6,4259.0,172
2025-07-02T13:54:00+05:30,4259.0,4260.0,4258.5,4259.0,387
2025-07-02T13:55:00+05:30,4259.0,4260.0,4258.6,4259.0,190
2025-07-02T13:56:00+05:30,4259.0,4260.0,4259.0,4260.0,274
2025-07-02T13:57:00+05:30,4260.0,4260.0,4259.0,4259.0,271
2025-07-02T13:58:00+05:30,4259.0,4259.1,4258.1,4258.4,614
2025-07-02T13:59:00+05:30,4258.3,4259.0,4258.0,4258.2,210
2025-07-02T14:00:00+05:30,4259.0,4260.0,4258.2,4258.3,598
2025-07-02T14:01:00+05:30,4259.8,4259.8,4258.2,4258.4,222
2025-07-02T14:02:00+05:30,4258.9,4260.0,4258.4,4259.0,581
2025-07-02T14:03:00+05:30,4258.9,4260.2,4258.9,4260.2,706
2025-07-02T14:04:00+05:30,4260.0,4262.0,4260.0,4262.0,288
2025-07-02T14:05:00+05:30,4260.9,4262.8,4260.9,4262.6,410
2025-07-02T14:06:00+05:30,4262.6,4264.0,4262.6,4263.6,951
2025-07-02T14:07:00+05:30,4264.4,4265.8,4263.9,4263.9,686
2025-07-02T14:08:00+05:30,4265.0,4265.8,4264.0,4264.2,1272
2025-07-02T14:09:00+05:30,4264.2,4265.2,4263.6,4264.9,203
2025-07-02T14:10:00+05:30,4263.7,4264.9,4254.2,4256.8,6941
2025-07-02T14:11:00+05:30,4256.3,4256.6,4254.1,4255.1,244
2025-07-02T14:12:00+05:30,4255.0,4255.9,4253.2,4253.2,357
2025-07-02T14:13:00+05:30,4253.9,4255.9,4253.0,4253.5,398
2025-07-02T14:14:00+05:30,4253.8,4254.7,4253.0,4254.2,704
2025-07-02T14:15:00+05:30,4254.2,4258.3,4254.2,4258.3,363
2025-07-02T14:16:00+05:30,4258.1,4261.4,4258.1,4259.4,595
2025-07-02T14:17:00+05:30,4258.9,4259.0,4257.9,4257.9,210
2025-07-02T14:18:00+05:30,4257.6,4258.1,4256.3,4257.5,341
2025-07-02T14:19:00+05:30,4256.9,4258.7,4256.8,4257.8,363
2025-07-02T14:20:00+05:30,4258.5,4258.7,4258.2,4258.2,185
2025-07-02T14:21:00+05:30,4258.7,4259.0,4257.8,4258.0,304
2025-07-02T14:22:00+05:30,4257.8,4259.0,4257.8,4259.0,415
2025-07-02T14:23:00+05:30,4259.0,4259.9,4258.3,4258.3,392
2025-07-02T14:24:00+05:30,4258.4,4260.8,4258.3,4260.8,367
2025-07-02T14:25:00+05:30,4260.9,4262.1,4259.4,4259.9,559
2025-07-02T14:26:00+05:30,4261.8,4261.9,4260.0,4260.3,412
2025-07-02T14:27:00+05:30,4260.3,4261.7,4257.9,4257.9,1073
2025-07-02T14:28:00+05:30,4257.0,4258.5,4254.3,4254.4,1657
2025-07-02T14:29:00+05:30,4254.4,4259.0,4254.1,4258.8,1502
2025-07-02T14:30:00+05:30,4258.8,4259.0,4257.5,4258.2,500
2025-07-02T14:31:00+05:30,4258.8,4259.0,4258.4,4259.0,769
2025-07-02T14:32:00+05:30,4259.0,4259.0,4258.4,4258.5,172
2025-07-02T14:33:00+05:30,4258.5,4258.9,4254.3,4256.6,4562
2025-07-02T14:34:00+05:30,4254.9,4256.7,4254.6,4256.2,187
2025-07-02T14:35:00+05:30,4256.0,4256.7,4254.8,4255.0,913
2025-07-02T14:36:00+05:30,4255.2,4256.7,4255.0,4256.7,279
2025-07-02T14:37:00+05:30,4256.7,4257.5,4255.2,4256.3,455
2025-07-02T14:38:00+05:30,4256.3,4257.8,4255.1,4255.1,600
2025-07-02T14:39:00+05:30,4255.2,4255.7,4255.0,4255.7,407
2025-07-02T14:40:00+05:30,4255.7,4257.1,4253.3,4254.0,1274
2025-07-02T14:41:00+05:30,4253.4,4253.4,4250.5,4250.8,880
2025-07-02T14:42:00+05:30,4251.0,4251.8,4250.0,4250.4,1453
2025-07-02T14:43:00+05:30,4250.4,4253.6,4250.4,4252.4,996
2025-07-02T14:44:00+05:30,4253.0,4254.9,4252.7,4254.9,722
2025-07-02T14:45:00+05:30,4254.0,4256.5,4253.2,4254.8,749
2025-07-02T14:46:00+05:30,4254.8,4256.0,4254.0,4254.0,651
2025-07-02T14:47:00+05:30,4253.9,4256.0,4253.9,4255.6,779
2025-07-02T14:48:00+05:30,4255.2,4257.0,4255.0,4256.4,857
2025-07-02T14:49:00+05:30,4256.4,4256.4,4251.0,4251.3,1485
2025-07-02T14:50:00+05:30,4251.3,4252.9,4250.0,4250.0,1395
2025-07-02T14:51:00+05:30,4250.1,4250.4,4248.7,4250.4,1458
2025-07-02T14:52:00+05:30,4250.4,4251.9,4250.0,4251.3,1393
2025-07-02T14:53:00+05:30,4251.3,4251.7,4250.0,4250.1,983
2025-07-02T14:54:00+05:30,4250.1,4250.1,4250.0,4250.1,1346
2025-07-02T14:55:00+05:30,4250.1,4251.1,4246.0,4246.0,6609
2025-07-02T14:56:00+05:30,4246.3,4246.3,4242.0,4243.7,2944
2025-07-02T14:57:00+05:30,4244.0,4245.6,4242.0,4245.6,2660
2025-07-02T14:58:00+05:30,4243.6,4247.4,4242.5,4242.8,4912
2025-07-02T14:59:00+05:30,4242.8,4244.7,4242.8,4242.8,2769
2025-07-02T15:00:00+05:30,4242.9,4246.8,4242.9,4243.5,4080
2025-07-02T15:01:00+05:30,4244.0,4244.6,4243.1,4244.2,2914
2025-07-02T15:02:00+05:30,4244.2,4244.4,4242.8,4242.9,3873
2025-07-02T15:03:00+05:30,4243.9,4248.2,4243.9,4248.0,3598
2025-07-02T15:04:00+05:30,4247.7,4250.0,4247.7,4249.0,6000
2025-07-02T15:05:00+05:30,4249.4,4249.8,4246.2,4246.2,3099
2025-07-02T15:06:00+05:30,4247.0,4249.6,4245.0,4248.1,3798
2025-07-02T15:07:00+05:30,4248.2,4252.8,4248.1,4252.1,10983
2025-07-02T15:08:00+05:30,4252.1,4252.1,4248.0,4248.4,3075
2025-07-02T15:09:00+05:30,4248.4,4254.0,4248.3,4252.2,17583
2025-07-02T15:10:00+05:30,4252.2,4253.2,4247.7,4247.8,6168
2025-07-02T15:11:00+05:30,4247.8,4249.9,4247.3,4248.8,3171
2025-07-02T15:12:00+05:30,4248.8,4249.0,4246.3,4246.6,5046
2025-07-02T15:13:00+05:30,4246.5,4250.0,4246.3,4247.5,6478
2025-07-02T15:14:00+05:30,4248.3,4248.7,4245.0,4246.5,5887
2025-07-02T15:15:00+05:30,4245.5,4248.0,4245.5,4246.0,8577
2025-07-02T15:16:00+05:30,4246.1,4246.3,4240.0,4240.4,11812
2025-07-02T15:17:00+05:30,4240.3,4242.2,4238.7,4239.6,8368
2025-07-02T15:18:00+05:30,4239.6,4240.0,4234.6,4237.5,9602
2025-07-02T15:19:00+05:30,4238.0,4240.0,4236.8,4238.1,3560
2025-07-02T15:20:00+05:30,4238.1,4243.5,4237.1,4242.0,13545
2025-07-02T15:21:00+05:30,4242.0,4243.6,4241.1,4241.9,6246
2025-07-02T15:22:00+05:30,4241.9,4242.4,4238.0,4241.1,7337
2025-07-02T15:23:00+05:30,4241.1,4241.3,4236.0,4236.8,6900
2025-07-02T15:24:00+05:30,4236.8,4238.2,4235.5,4237.2,7075
2025-07-02T15:25:00+05:30,4236.6,4242.0,4236.6,4239.8,4829
2025-07-02T15:26:00+05:30,4239.9,4239.9,4237.0,4237.1,8071
2025-07-02T15:27:00+05:30,4237.4,4240.0,4236.9,4237.3,4753
2025-07-02T15:28:00+05:30,4237.3,4240.0,4237.0,4240.0,1739
2025-07-02T15:29:00+05:30,4240.0,4240.0,4237.0,4238.0,3163
2025-07-03T09:15:00+05:30,4248.9,4253.3,4238.0,4247.6,4167
2025-07-03T09:16:00+05:30,4249.8,4258.8,4247.4,4255.9,3252
2025-07-03T09:17:00+05:30,4258.2,4258.6,4250.3,4253.9,1510
2025-07-03T09:18:00+05:30,4253.8,4269.6,4251.7,4268.3,1882
2025-07-03T09:19:00+05:30,4268.4,4271.1,4263.4,4266.9,2542
2025-07-03T09:20:00+05:30,4266.9,4278.0,4265.9,4278.0,8744
2025-07-03T09:21:00+05:30,4278.0,4283.9,4272.6,4276.8,3979
2025-07-03T09:22:00+05:30,4276.8,4278.0,4266.5,4267.7,2502
2025-07-03T09:23:00+05:30,4268.8,4276.0,4265.8,4275.1,3151
2025-07-03T09:24:00+05:30,4275.6,4276.0,4271.4,4271.4,1295
2025-07-03T09:25:00+05:30,4271.5,4272.0,4265.1,4266.3,2943
2025-07-03T09:26:00+05:30,4265.9,4271.0,4265.9,4269.9,977
2025-07-03T09:27:00+05:30,4269.9,4271.0,4265.5,4265.8,1451
2025-07-03T09:28:00+05:30,4265.9,4267.5,4264.2,4264.9,1641
2025-07-03T09:29:00+05:30,4265.3,4265.3,4259.5,4262.8,5993
2025-07-03T09:30:00+05:30,4261.3,4262.9,4259.5,4260.7,1120
2025-07-03T09:31:00+05:30,4260.6,4260.9,4255.0,4255.4,1406
2025-07-03T09:32:00+05:30,4256.6,4264.4,4255.0,4260.6,1315
2025-07-03T09:33:00+05:30,4260.6,4268.0,4260.1,4268.0,1010
2025-07-03T09:34:00+05:30,4267.9,4269.0,4265.0,4269.0,521
2025-07-03T09:35:00+05:30,4268.1,4271.6,4268.1,4271.6,972
2025-07-03T09:36:00+05:30,4271.0,4275.0,4271.0,4275.0,3234
2025-07-03T09:37:00+05:30,4274.9,4285.0,4274.9,4282.4,9783
2025-07-03T09:38:00+05:30,4283.6,4284.0,4275.0,4275.3,1177
2025-07-03T09:39:00+05:30,4276.4,4278.1,4273.3,4273.9,1463
2025-07-03T09:40:00+05:30,4273.1,4279.6,4272.2,4278.6,1225
2025-07-03T09:41:00+05:30,4277.0,4283.4,4277.0,4282.8,770
2025-07-03T09:42:00+05:30,4283.0,4284.2,4280.9,4283.6,1671
2025-07-03T09:43:00+05:30,4283.2,4284.4,4275.8,4277.0,1815
2025-07-03T09:44:00+05:30,4277.4,4279.8,4276.1,4276.4,872
2025-07-03T09:45:00+05:30,4277.3,4279.2,4275.8,4278.1,410
2025-07-03T09:46:00+05:30,4278.3,4278.3,4272.4,4273.7,741
2025-07-03T09:47:00+05:30,4273.9,4275.0,4272.1,4272.4,340
2025-07-03T09:48:00+05:30,4272.4,4276.7,4272.4,4276.7,287
2025-07-03T09:49:00+05:30,4275.1,4277.0,4274.5,4275.0,263
2025-07-03T09:50:00+05:30,4276.9,4277.3,4272.0,4272.1,1091
2025-07-03T09:51:00+05:30,4272.0,4272.0,4270.3,4271.9,131
2025-07-03T09:52:00+05:30,4271.9,4272.0,4270.4,4271.1,340
2025-07-03T09:53:00+05:30,4271.9,4274.2,4271.1,4272.4,554
2025-07-03T09:54:00+05:30,4272.4,4276.8,4272.0,4276.4,559
2025-07-03T09:55:00+05:30,4276.7,4276.7,4273.6,4275.4,1121
2025-07-03T09:56:00+05:30,4275.9,4276.7,4273.9,4275.8,594
2025-07-03T09:57:00+05:30,4275.9,4276.9,4275.0,4276.3,1173
2025-07-03T09:58:00+05:30,4276.6,4281.1,4273.7,4280.3,6442
2025-07-03T09:59:00+05:30,4280.5,4283.4,4277.0,4283.2,895
2025-07-03T10:00:00+05:30,4283.3,4286.4,4283.0,4285.0,3692
2025-07-03T10:01:00+05:30,4285.0,4285.3,4280.9,4282.7,870
2025-07-03T10:02:00+05:30,4282.7,4284.3,4280.0,4282.7,969
2025-07-03T10:03:00+05:30,4283.0,4284.0,4280.8,4280.8,619
2025-07-03T10:04:00+05:30,4282.0,4282.6,4280.6,4280.8,795
2025-07-03T10:05:00+05:30,4280.9,4281.1,4279.3,4279.3,180
2025-07-03T10:06:00+05:30,4278.2,4282.0,4277.2,4281.6,1266
2025-07-03T10:07:00+05:30,4282.0,4284.0,4280.9,4282.9,1325
2025-07-03T10:08:00+05:30,4283.9,4286.0,4283.0,4285.5,2874
2025-07-03T10:09:00+05:30,4286.0,4288.9,4285.0,4288.1,5740
2025-07-03T10:10:00+05:30,4287.0,4287.2,4285.5,4286.7,1407
2025-07-03T10:11:00+05:30,4286.7,4287.7,4286.1,4286.6,836
2025-07-03T10:12:00+05:30,4286.6,4288.0,4286.2,4287.8,717
2025-07-03T10:13:00+05:30,4287.1,4288.0,4286.4,4286.9,1452
2025-07-03T10:14:00+05:30,4286.0,4287.0,4284.0,4286.0,678
2025-07-03T10:15:00+05:30,4287.0,4291.7,4286.0,4287.7,5167
2025-07-03T10:16:00+05:30,4289.2,4289.9,4287.1,4287.3,613
2025-07-03T10:17:00+05:30,4288.0,4289.0,4287.2,4289.0,1074
2025-07-03T10:18:00+05:30,4289.0,4289.0,4285.0,4285.0,2043
2025-07-03T10:19:00+05:30,4285.1,4285.9,4280.0,4280.1,2693
2025-07-03T10:20:00+05:30,4280.1,4282.5,4280.0,4281.4,220
2025-07-03T10:21:00+05:30,4281.5,4282.0,4281.0,4281.0,322
2025-07-03T10:22:00+05:30,4281.0,4282.0,4281.0,4281.3,287
2025-07-03T10:23:00+05:30,4282.0,4282.0,4280.3,4280.4,812
2025-07-03T10:24:00+05:30,4280.4,4283.0,4280.4,4283.0,613
2025-07-03T10:25:00+05:30,4284.0,4286.9,4284.0,4285.2,554
2025-07-03T10:26:00+05:30,4285.3,4286.4,4282.3,4284.2,460
2025-07-03T10:27:00+05:30,4285.0,4286.1,4282.3,4283.5,718
2025-07-03T10:28:00+05:30,4282.8,4284.5,4281.0,4282.2,163
2025-07-03T10:29:00+05:30,4282.4,4282.4,4281.3,4282.3,233
2025-07-03T10:30:00+05:30,4282.4,4282.4,4280.6,4282.0,678
2025-07-03T10:31:00+05:30,4282.1,4285.0,4281.7,4285.0,411
2025-07-03T10:32:00+05:30,4285.0,4287.0,4283.6,4287.0,979
2025-07-03T10:33:00+05:30,4287.0,4287.9,4284.1,4284.2,254
2025-07-03T10:34:00+05:30,4284.2,4285.0,4283.2,4283.2,426
2025-07-03T10:35:00+05:30,4283.2,4285.3,4282.6,4283.6,277
2025-07-03T10:36:00+05:30,4284.0,4285.0,4282.0,4283.4,501
2025-07-03T10:37:00+05:30,4283.4,4284.5,4280.4,4280.4,226
2025-07-03T10:38:00+05:30,4280.5,4283.9,4280.0,4283.9,1790
2025-07-03T10:39:00+05:30,4284.2,4285.0,4283.0,4283.6,241
2025-07-03T10:40:00+05:30,4285.0,4285.7,4283.0,4283.1,538
2025-07-03T10:41:00+05:30,4283.2,4283.8,4281.9,4283.1,681
2025-07-03T10:42:00+05:30,4283.1,4284.0,4282.5,4282.6,329
2025-07-03T10:43:00+05:30,4282.7,4283.9,4282.7,4283.7,241
2025-07-03T10:44:00+05:30,4283.9,4283.9,4283.6,4283.9,237
2025-07-03T10:45:00+05:30,4283.8,4283.9,4283.0,4283.9,373
2025-07-03T10:46:00+05:30,4283.3,4283.9,4282.2,4283.1,277
2025-07-03T10:47:00+05:30,4283.1,4288.0,4282.9,4288.0,1330
2025-07-03T10:48:00+05:30,4287.4,4288.0,4283.6,4286.8,568
2025-07-03T10:49:00+05:30,4285.9,4287.0,4283.3,4286.3,1244
2025-07-03T10:50:00+05:30,4285.1,4286.0,4282.6,4282.6,228
2025-07-03T10:51:00+05:30,4283.4,4284.5,4279.0,4280.3,672
2025-07-03T10:52:00+05:30,4280.7,4282.0,4279.0,4281.5,713
2025-07-03T10:53:00+05:30,4281.6,4282.8,4280.0,4280.1,261
2025-07-03T10:54:00+05:30,4281.1,4285.0,4281.0,4285.0,486
2025-07-03T10:55:00+05:30,4285.0,4285.3,4282.9,4282.9,312
2025-07-03T10:56:00+05:30,4283.0,4283.6,4281.5,4283.3,361
2025-07-03T10:57:00+05:30,4282.7,4283.0,4281.0,4282.3,386
2025-07-03T10:58:00+05:30,4282.6,4282.6,4280.0,4282.1,329
2025-07-03T10:59:00+05:30,4282.1,4282.5,4280.9,4281.8,345
2025-07-03T11:00:00+05:30,4282.5,4287.0,4282.5,4285.1,1415
2025-07-03T11:01:00+05:30,4286.4,4287.2,4285.2,4287.2,258
2025-07-03T11:02:00+05:30,4287.0,4287.4,4285.3,4286.2,205
2025-07-03T11:03:00+05:30,4286.3,4286.3,4285.7,4286.0,174
2025-07-03T11:04:00+05:30,4286.0,4287.3,4285.8,4287.2,257
2025-07-03T11:05:00+05:30,4287.4,4288.0,4286.0,4287.8,452
2025-07-03T11:06:00+05:30,4288.0,4288.0,4286.2,4286.2,399
2025-07-03T11:07:00+05:30,4287.9,4288.0,4286.8,4288.0,218
2025-07-03T11:08:00+05:30,4287.3,4289.0,4287.3,4289.0,1227
2025-07-03T11:09:00+05:30,4289.0,4289.0,4287.6,4288.0,326
2025-07-03T11:10:00+05:30,4287.9,4288.0,4286.2,4287.7,497
2025-07-03T11:11:00+05:30,4288.0,4289.0,4287.8,4287.9,388
2025-07-03T11:12:00+05:30,4287.8,4287.9,4286.0,4286.0,352
2025-07-03T11:13:00+05:30,4286.0,4286.7,4284.7,4285.5,477
2025-07-03T11:14:00+05:30,4285.7,4286.9,4284.2,4284.7,200
2025-07-03T11:15:00+05:30,4284.7,4286.7,4282.5,4284.0,363
2025-07-03T11:16:00+05:30,4282.8,4284.7,4282.8,4282.9,76
2025-07-03T11:17:00+05:30,4282.9,4284.8,4282.5,4282.5,456
2025-07-03T11:18:00+05:30,4283.9,4284.9,4283.0,4283.3,202
2025-07-03T11:19:00+05:30,4284.9,4285.0,4283.1,4284.3,95
2025-07-03T11:20:00+05:30,4284.9,4285.9,4284.8,4284.9,150
2025-07-03T11:21:00+05:30,4285.0,4285.9,4284.8,4285.1,186
2025-07-03T11:22:00+05:30,4285.1,4285.9,4285.1,4285.9,152
2025-07-03T11:23:00+05:30,4285.9,4287.9,4285.9,4286.9,451
2025-07-03T11:24:00+05:30,4286.9,4287.9,4286.9,4287.9,119
2025-07-03T11:25:00+05:30,4287.2,4288.0,4285.7,4287.7,259
2025-07-03T11:26:00+05:30,4287.7,4289.0,4287.7,4289.0,542
2025-07-03T11:27:00+05:30,4288.1,4289.0,4287.8,4288.3,373
2025-07-03T11:28:00+05:30,4288.0,4288.5,4285.9,4287.3,675
2025-07-03T11:29:00+05:30,4287.8,4288.0,4286.0,4286.0,2520
2025-07-03T11:30:00+05:30,4286.1,4287.9,4286.0,4286.1,332
2025-07-03T11:31:00+05:30,4287.2,4292.0,4287.1,4290.6,4231
2025-07-03T11:32:00+05:30,4290.8,4294.0,4290.8,4294.0,2084
2025-07-03T11:33:00+05:30,4294.0,4295.0,4290.9,4291.8,1256
2025-07-03T11:34:00+05:30,4290.2,4292.3,4290.2,4291.3,703
2025-07-03T11:35:00+05:30,4292.0,4294.0,4291.2,4293.0,1585
2025-07-03T11:36:00+05:30,4293.0,4293.0,4292.0,4292.2,390
2025-07-03T11:37:00+05:30,4293.0,4293.0,4292.0,4292.3,547
2025-07-03T11:38:00+05:30,4292.3,4294.0,4292.0,4292.0,915
2025-07-03T11:39:00+05:30,4292.8,4294.0,4292.7,4293.7,255
2025-07-03T11:40:00+05:30,4293.9,4294.2,4292.7,4293.0,1103
2025-07-03T11:41:00+05:30,4293.0,4294.6,4292.2,4294.6,1893
2025-07-03T11:42:00+05:30,4294.6,4295.0,4285.2,4286.7,2093
2025-07-03T11:43:00+05:30,4287.2,4287.6,4282.7,4286.7,1300
2025-07-03T11:44:00+05:30,4286.5,4288.6,4285.6,4286.9,627
2025-07-03T11:45:00+05:30,4287.9,4290.0,4287.9,4289.1,377
2025-07-03T11:46:00+05:30,4290.0,4291.0,4288.7,4290.0,1008
2025-07-03T11:47:00+05:30,4289.8,4290.0,4283.4,4284.3,640
2025-07-03T11:48:00+05:30,4285.0,4285.0,4281.0,4283.0,983
2025-07-03T11:49:00+05:30,4282.7,4286.9,4282.0,4286.9,1565
2025-07-03T11:50:00+05:30,4287.0,4287.7,4284.4,4285.9,293
2025-07-03T11:51:00+05:30,4285.8,4291.0,4285.8,4290.2,2108
2025-07-03T11:52:00+05:30,4291.0,4294.0,4291.0,4294.0,528
2025-07-03T11:53:00+05:30,4293.8,4295.0,4292.9,4295.0,914
2025-07-03T11:54:00+05:30,4294.9,4298.0,4294.9,4296.9,2232
2025-07-03T11:55:00+05:30,4296.5,4297.5,4295.2,4295.2,441
2025-07-03T11:56:00+05:30,4295.2,4296.9,4295.2,4296.4,268
2025-07-03T11:57:00+05:30,4296.9,4301.8,4296.6,4301.1,10959
2025-07-03T11:58:00+05:30,4300.8,4304.0,4299.9,4302.0,2042
2025-07-03T11:59:00+05:30,4301.2,4303.0,4300.8,4300.9,742
2025-07-03T12:00:00+05:30,4300.5,4300.9,4300.0,4300.0,723
2025-07-03T12:01:00+05:30,4300.1,4304.0,4300.1,4302.9,1029
2025-07-03T12:02:00+05:30,4301.0,4303.9,4300.0,4303.0,1676
2025-07-03T12:03:00+05:30,4302.2,4303.7,4300.0,4302.0,3137
2025-07-03T12:04:00+05:30,4302.1,4303.3,4301.9,4301.9,683
2025-07-03T12:05:00+05:30,4303.3,4305.0,4303.1,4303.2,1205
2025-07-03T12:06:00+05:30,4303.3,4308.0,4303.1,4308.0,2892
2025-07-03T12:07:00+05:30,4308.0,4308.8,4304.2,4307.3,1692
2025-07-03T12:08:00+05:30,4307.5,4312.0,4306.0,4311.8,4616
2025-07-03T12:09:00+05:30,4311.6,4314.9,4310.4,4310.9,1762
2025-07-03T12:10:00+05:30,4311.0,4314.2,4308.1,4308.2,2062
2025-07-03T12:11:00+05:30,4309.0,4312.0,4308.3,4310.3,872
2025-07-03T12:12:00+05:30,4310.3,4310.3,4307.3,4309.4,1601
2025-07-03T12:13:00+05:30,4309.4,4309.5,4306.5,4306.6,1009
2025-07-03T12:14:00+05:30,4306.6,4308.0,4305.3,4307.2,743
2025-07-03T12:15:00+05:30,4306.1,4317.0,4303.9,4313.3,5714
2025-07-03T12:16:00+05:30,4314.9,4315.3,4309.6,4313.1,1177
2025-07-03T12:17:00+05:30,4311.5,4316.9,4310.0,4313.8,2059
2025-07-03T12:18:00+05:30,4314.5,4314.5,4312.2,4314.3,892
2025-07-03T12:19:00+05:30,4314.1,4318.6,4312.6,4316.4,2390
2025-07-03T12:20:00+05:30,4316.3,4319.2,4315.7,4317.0,1154
2025-07-03T12:21:00+05:30,4317.0,4320.0,4315.0,4318.9,3569
2025-07-03T12:22:00+05:30,4317.7,4319.9,4316.8,4318.5,1267
2025-07-03T12:23:00+05:30,4319.6,4323.0,4318.6,4319.0,4519
2025-07-03T12:24:00+05:30,4320.0,4325.0,4319.8,4321.9,4338
2025-07-03T12:25:00+05:30,4321.1,4324.9,4319.3,4323.5,3413
2025-07-03T12:26:00+05:30,4324.4,4328.7,4323.0,4326.8,8971
2025-07-03T12:27:00+05:30,4327.0,4331.9,4326.1,4331.9,4942
2025-07-03T12:28:00+05:30,4331.1,4334.9,4331.0,4334.0,2592
2025-07-03T12:29:00+05:30,4334.0,4336.7,4331.3,4333.6,4783
2025-07-03T12:30:00+05:30,4332.2,4335.1,4326.9,4335.0,4859
2025-07-03T12:31:00+05:30,4334.1,4335.7,4331.3,4335.5,3966
2025-07-03T12:32:00+05:30,4335.5,4338.9,4333.8,4336.3,3776
2025-07-03T12:33:00+05:30,4336.3,4340.0,4335.0,4338.9,4711
2025-07-03T12:34:00+05:30,4337.4,4340.0,4336.4,4337.4,4072
2025-07-03T12:35:00+05:30,4336.3,4338.2,4331.7,4334.0,3210
2025-07-03T12:36:00+05:30,4333.9,4335.0,4331.0,4331.0,2787
2025-07-03T12:37:00+05:30,4331.1,4332.5,4330.1,4330.1,778
2025-07-03T12:38:00+05:30,4331.8,4332.5,4328.7,4332.5,1997
2025-07-03T12:39:00+05:30,4332.5,4334.9,4331.0,4331.8,1278
2025-07-03T12:40:00+05:30,4331.8,4337.5,4330.5,4337.5,2105
2025-07-03T12:41:00+05:30,4337.4,4349.0,4336.3,4346.4,10728
2025-07-03T12:42:00+05:30,4346.1,4348.0,4344.3,4347.9,4537
2025-07-03T12:43:00+05:30,4348.0,4349.0,4345.0,4348.1,4828
2025-07-03T12:44:00+05:30,4348.1,4350.0,4343.2,4346.7,5638
2025-07-03T12:45:00+05:30,4347.0,4349.0,4344.4,4349.0,3856
2025-07-03T12:46:00+05:30,4348.8,4348.8,4343.0,4344.1,2634
2025-07-03T12:47:00+05:30,4344.1,4347.0,4343.1,4345.7,2714
2025-07-03T12:48:00+05:30,4345.7,4349.7,4344.9,4349.1,3896
2025-07-03T12:49:00+05:30,4349.0,4349.6,4346.4,4347.5,2409
2025-07-03T12:50:00+05:30,4346.7,4349.7,4346.2,4347.3,2816
2025-07-03T12:51:00+05:30,4347.3,4348.2,4344.0,4344.1,1661
2025-07-03T12:52:00+05:30,4344.1,4346.2,4337.0,4337.8,3802
2025-07-03T12:53:00+05:30,4338.1,4339.8,4332.4,4339.6,4024
2025-07-03T12:54:00+05:30,4340.0,4340.0,4336.6,4338.6,1414
2025-07-03T12:55:00+05:30,4338.6,4338.6,4335.0,4336.9,2230
2025-07-03T12:56:00+05:30,4336.7,4338.0,4331.2,4334.3,2986
2025-07-03T12:57:00+05:30,4334.2,4337.9,4333.3,4334.8,1168
2025-07-03T12:58:00+05:30,4334.4,4334.8,4331.0,4331.1,1430
2025-07-03T12:59:00+05:30,4331.8,4331.8,4325.7,4327.5,2940
2025-07-03T13:00:00+05:30,4328.0,4333.5,4325.8,4332.8,2565
2025-07-03T13:01:00+05:30,4333.0,4337.6,4332.8,4335.4,2453
2025-07-03T13:02:00+05:30,4336.5,4336.9,4330.5,4331.1,984
2025-07-03T13:03:00+05:30,4331.6,4333.0,4330.0,4332.9,2720
2025-07-03T13:04:00+05:30,4332.4,4333.0,4330.0,4331.8,2723
2025-07-03T13:05:00+05:30,4332.2,4333.7,4331.2,4331.6,839
2025-07-03T13:06:00+05:30,4332.0,4334.0,4331.8,4334.0,403
2025-07-03T13:07:00+05:30,4334.0,4335.0,4332.6,4332.7,673
2025-07-03T13:08:00+05:30,4333.0,4333.3,4331.4,4332.5,495
2025-07-03T13:09:00+05:30,4333.0,4333.0,4332.0,4332.9,324
2025-07-03T13:10:00+05:30,4332.1,4333.0,4332.0,4332.9,431
2025-07-03T13:11:00+05:30,4332.9,4333.0,4330.2,4331.5,871
2025-07-03T13:12:00+05:30,4332.5,4332.5,4330.0,4330.7,1048
2025-07-03T13:13:00+05:30,4330.6,4332.5,4330.3,4330.5,632
2025-07-03T13:14:00+05:30,4332.5,4333.0,4331.7,4331.8,719
2025-07-03T13:15:00+05:30,4331.8,4333.0,4331.7,4332.0,970
2025-07-03T13:16:00+05:30,4332.1,4333.0,4323.7,4324.3,6155
2025-07-03T13:17:00+05:30,4324.4,4326.9,4321.4,4324.1,2756
2025-07-03T13:18:00+05:30,4324.1,4328.8,4323.1,4328.7,1044
2025-07-03T13:19:00+05:30,4328.2,4330.1,4328.0,4330.0,504
2025-07-03T13:20:00+05:30,4329.8,4331.0,4326.8,4329.2,1276
2025-07-03T13:21:00+05:30,4329.2,4330.5,4329.2,4330.5,210
2025-07-03T13:22:00+05:30,4330.4,4332.0,4329.3,4330.0,1049
2025-07-03T13:23:00+05:30,4329.4,4329.4,4326.5,4327.1,750
2025-07-03T13:24:00+05:30,4327.1,4329.0,4326.1,4329.0,1360
2025-07-03T13:25:00+05:30,4327.8,4329.2,4326.6,4328.8,599
2025-07-03T13:26:00+05:30,4328.8,4329.8,4327.7,4328.9,873
2025-07-03T13:27:00+05:30,4328.8,4330.5,4328.8,4329.7,314
2025-07-03T13:28:00+05:30,4330.6,4331.0,4329.4,4329.4,591
2025-07-03T13:29:00+05:30,4330.1,4331.0,4328.5,4330.8,1058
2025-07-03T13:30:00+05:30,4330.2,4331.0,4330.0,4330.1,398
2025-07-03T13:31:00+05:30,4330.1,4330.4,4328.0,4329.7,682
2025-07-03T13:32:00+05:30,4329.7,4329.7,4327.7,4327.7,469
2025-07-03T13:33:00+05:30,4328.8,4329.3,4327.1,4328.3,305
2025-07-03T13:34:00+05:30,4328.6,4333.0,4328.0,4331.8,1674
2025-07-03T13:35:00+05:30,4330.9,4338.0,4330.5,4338.0,3850
2025-07-03T13:36:00+05:30,4338.0,4340.0,4334.0,4340.0,2039
2025-07-03T13:37:00+05:30,4339.9,4340.0,4338.0,4339.0,813
2025-07-03T13:38:00+05:30,4339.0,4341.0,4338.0,4341.0,966
2025-07-03T13:39:00+05:30,4341.0,4342.0,4340.0,4341.3,1797
2025-07-03T13:40:00+05:30,4341.3,4344.0,4341.0,4344.0,2889
2025-07-03T13:41:00+05:30,4344.0,4345.0,4339.8,4341.0,1751
2025-07-03T13:42:00+05:30,4340.8,4340.8,4336.0,4338.7,1308
2025-07-03T13:43:00+05:30,4338.6,4339.9,4336.2,4337.5,457
2025-07-03T13:44:00+05:30,4337.0,4337.3,4335.0,4336.5,581
2025-07-03T13:45:00+05:30,4336.1,4337.0,4335.5,4335.8,1021
2025-07-03T13:46:00+05:30,4335.0,4335.5,4329.0,4330.5,2819
2025-07-03T13:47:00+05:30,4330.5,4330.5,4326.0,4328.1,1002
2025-07-03T13:48:00+05:30,4328.1,4330.0,4327.2,4328.0,750
2025-07-03T13:49:00+05:30,4328.0,4328.0,4323.5,4326.4,5222
2025-07-03T13:50:00+05:30,4326.2,4326.3,4316.5,4319.0,5184
2025-07-03T13:51:00+05:30,4317.6,4319.7,4311.2,4312.0,3892
2025-07-03T13:52:00+05:30,4312.4,4317.6,4309.2,4316.0,3475
2025-07-03T13:53:00+05:30,4316.0,4318.0,4315.0,4315.7,1674
2025-07-03T13:54:00+05:30,4315.7,4315.7,4313.8,4315.7,449
2025-07-03T13:55:00+05:30,4315.7,4316.0,4314.1,4314.8,934
2025-07-03T13:56:00+05:30,4314.0,4314.0,4310.0,4310.8,2051
2025-07-03T13:57:00+05:30,4310.8,4310.9,4305.5,4308.8,2580
2025-07-03T13:58:00+05:30,4309.6,4311.3,4308.8,4308.8,589
2025-07-03T13:59:00+05:30,4310.5,4312.0,4307.9,4311.3,1021
2025-07-03T14:00:00+05:30,4311.3,4313.4,4307.0,4312.3,7859
2025-07-03T14:01:00+05:30,4310.0,4311.7,4307.1,4308.8,5302
2025-07-03T14:02:00+05:30,4308.8,4309.1,4305.1,4306.8,3055
2025-07-03T14:03:00+05:30,4306.8,4310.2,4306.0,4310.1,7026
2025-07-03T14:04:00+05:30,4310.1,4311.0,4310.0,4310.1,633
2025-07-03T14:05:00+05:30,4310.0,4314.0,4310.0,4311.8,983
2025-07-03T14:06:00+05:30,4311.7,4312.2,4311.0,4311.3,618
2025-07-03T14:07:00+05:30,4311.3,4313.9,4310.1,4313.0,734
2025-07-03T14:08:00+05:30,4314.0,4316.4,4313.1,4315.3,1122
2025-07-03T14:09:00+05:30,4316.4,4317.4,4315.4,4315.4,878
2025-07-03T14:10:00+05:30,4316.1,4316.3,4314.1,4314.1,1165
2025-07-03T14:11:00+05:30,4315.9,4316.0,4314.3,4315.7,388
2025-07-03T14:12:00+05:30,4315.6,4316.7,4314.3,4315.1,376
2025-07-03T14:13:00+05:30,4316.4,4316.7,4314.0,4315.3,493
2025-07-03T14:14:00+05:30,4315.2,4316.3,4314.1,4314.9,233
2025-07-03T14:15:00+05:30,4315.7,4315.7,4312.7,4313.7,675
2025-07-03T14:16:00+05:30,4313.7,4316.0,4313.7,4314.9,395
2025-07-03T14:17:00+05:30,4315.7,4316.0,4314.7,4315.3,238
2025-07-03T14:18:00+05:30,4314.9,4316.0,4312.0,4313.9,718
2025-07-03T14:19:00+05:30,4315.7,4315.8,4311.0,4311.0,489
2025-07-03T14:20:00+05:30,4311.0,4312.3,4310.0,4311.4,3234
2025-07-03T14:21:00+05:30,4311.4,4314.5,4310.3,4310.5,853
2025-07-03T14:22:00+05:30,4311.8,4311.8,4310.0,4310.1,1884
2025-07-03T14:23:00+05:30,4310.0,4312.0,4310.0,4312.0,515
2025-07-03T14:24:00+05:30,4312.0,4313.8,4311.6,4313.2,419
2025-07-03T14:25:00+05:30,4313.1,4313.8,4310.0,4310.0,1423
2025-07-03T14:26:00+05:30,4310.0,4311.3,4310.0,4310.2,240
2025-07-03T14:27:00+05:30,4310.2,4312.0,4310.0,4311.6,447
2025-07-03T14:28:00+05:30,4312.0,4313.0,4311.6,4312.0,217
2025-07-03T14:29:00+05:30,4313.0,4314.5,4310.3,4310.4,756
2025-07-03T14:30:00+05:30,4310.3,4310.3,4307.6,4307.6,4486
2025-07-03T14:31:00+05:30,4307.6,4307.6,4300.2,4306.7,3364
2025-07-03T14:32:00+05:30,4305.6,4307.0,4305.0,4305.0,1144
2025-07-03T14:33:00+05:30,4305.2,4305.7,4305.0,4305.0,714
2025-07-03T14:34:00+05:30,4305.0,4310.8,4305.0,4310.1,1607
2025-07-03T14:35:00+05:30,4310.1,4312.1,4309.1,4310.8,1196
2025-07-03T14:36:00+05:30,4310.7,4310.7,4307.0,4307.0,276
2025-07-03T14:37:00+05:30,4306.5,4307.3,4301.1,4301.5,969
2025-07-03T14:38:00+05:30,4301.3,4303.0,4300.5,4302.3,796
2025-07-03T14:39:00+05:30,4302.5,4304.2,4301.2,4303.2,423
2025-07-03T14:40:00+05:30,4303.6,4306.0,4302.2,4304.0,426
2025-07-03T14:41:00+05:30,4304.8,4308.8,4304.0,4306.7,637
2025-07-03T14:42:00+05:30,4306.0,4307.1,4303.5,4303.8,1196
2025-07-03T14:43:00+05:30,4305.3,4305.6,4303.6,4304.4,463
2025-07-03T14:44:00+05:30,4306.0,4306.0,4303.0,4304.0,700
2025-07-03T14:45:00+05:30,4304.9,4305.2,4301.7,4302.7,1471
2025-07-03T14:46:00+05:30,4303.8,4309.1,4302.7,4308.0,938
2025-07-03T14:47:00+05:30,4308.0,4308.8,4306.3,4306.8,739
2025-07-03T14:48:00+05:30,4306.8,4306.8,4302.4,4303.1,934
2025-07-03T14:49:00+05:30,4303.1,4304.5,4302.0,4302.0,336
2025-07-03T14:50:00+05:30,4301.8,4303.0,4301.0,4302.2,859
2025-07-03T14:51:00+05:30,4301.0,4302.1,4297.5,4298.6,10492
2025-07-03T14:52:00+05:30,4299.0,4301.6,4298.3,4300.6,1473
2025-07-03T14:53:00+05:30,4300.0,4305.9,4300.0,4303.4,738
2025-07-03T14:54:00+05:30,4304.6,4306.4,4302.2,4305.0,3135
2025-07-03T14:55:00+05:30,4305.0,4309.8,4304.9,4306.9,1343
2025-07-03T14:56:00+05:30,4306.9,4308.3,4305.2,4306.0,1038
2025-07-03T14:57:00+05:30,4306.1,4307.5,4304.0,4305.6,1089
2025-07-03T14:58:00+05:30,4305.6,4305.7,4302.2,4302.5,4589
2025-07-03T14:59:00+05:30,4304.2,4306.4,4303.1,4303.1,1034
2025-07-03T15:00:00+05:30,4303.1,4306.3,4303.0,4305.9,1329
2025-07-03T15:01:00+05:30,4306.0,4306.1,4303.8,4304.4,1931
2025-07-03T15:02:00+05:30,4305.7,4307.0,4303.0,4304.5,1290
2025-07-03T15:03:00+05:30,4304.5,4306.8,4303.0,4306.0,2450
2025-07-03T15:04:00+05:30,4306.0,4309.8,4305.4,4306.2,2692
2025-07-03T15:05:00+05:30,4306.2,4306.8,4305.0,4305.0,1322
2025-07-03T15:06:00+05:30,4306.2,4306.4,4303.3,4304.9,2683
2025-07-03T15:07:00+05:30,4305.7,4306.1,4303.0,4303.5,1215
2025-07-03T15:08:00+05:30,4303.5,4306.4,4303.0,4305.5,1705
2025-07-03T15:09:00+05:30,4305.5,4306.0,4303.0,4304.6,1829
2025-07-03T15:10:00+05:30,4304.6,4306.7,4303.8,4304.5,2223
2025-07-03T15:11:00+05:30,4304.4,4304.9,4303.7,4304.6,1748
2025-07-03T15:12:00+05:30,4304.4,4304.7,4303.0,4303.0,1338
2025-07-03T15:13:00+05:30,4303.0,4303.5,4301.3,4303.0,3697
2025-07-03T15:14:00+05:30,4303.4,4304.9,4302.2,4304.4,2617
2025-07-03T15:15:00+05:30,4303.0,4306.4,4302.8,4306.1,3360
2025-07-03T15:16:00+05:30,4306.1,4306.4,4304.4,4305.8,6156
2025-07-03T15:17:00+05:30,4305.8,4306.4,4304.8,4304.9,1646
2025-07-03T15:18:00+05:30,4305.9,4308.1,4303.2,4307.6,3467
2025-07-03T15:19:00+05:30,4307.9,4315.0,4307.6,4313.9,4742
2025-07-03T15:20:00+05:30,4313.5,4323.0,4313.3,4318.6,5806
2025-07-03T15:21:00+05:30,4318.6,4321.9,4313.0,4314.4,4894
2025-07-03T15:22:00+05:30,4314.4,4321.0,4314.4,4320.6,1994
2025-07-03T15:23:00+05:30,4320.8,4323.3,4320.6,4320.7,3231
2025-07-03T15:24:00+05:30,4320.7,4322.0,4316.2,4317.0,5522
2025-07-03T15:25:00+05:30,4316.8,4319.7,4314.2,4315.5,6512
2025-07-03T15:26:00+05:30,4315.5,4318.2,4312.4,4312.4,5679
2025-07-03T15:27:00+05:30,4315.1,4319.0,4312.7,4315.5,2101
2025-07-03T15:28:00+05:30,4315.5,4319.0,4315.5,4318.0,1400
2025-07-03T15:29:00+05:30,4318.0,4318.0,4313.0,4318.0,1650
2025-07-04T09:15:00+05:30,4324.6,4347.5,4318.1,4336.4,3771
2025-07-04T09:16:00+05:30,4336.5,4339.8,4324.5,4339.8,2387
2025-07-04T09:17:00+05:30,4339.9,4346.0,4338.8,4344.1,4102
2025-07-04T09:18:00+05:30,4345.0,4347.0,4338.3,4338.6,3207
2025-07-04T09:19:00+05:30,4338.8,4341.3,4334.0,4335.0,1235
2025-07-04T09:20:00+05:30,4335.0,4335.0,4325.9,4330.0,7475
2025-07-04T09:21:00+05:30,4329.5,4332.0,4326.0,4327.0,679
2025-07-04T09:22:00+05:30,4327.0,4327.0,4310.5,4310.6,4770
2025-07-04T09:23:00+05:30,4311.9,4313.0,4308.0,4308.7,5358
2025-07-04T09:24:00+05:30,4309.8,4319.0,4308.7,4315.8,1690
2025-07-04T09:25:00+05:30,4315.8,4317.9,4312.5,4315.2,835
2025-07-04T09:26:00+05:30,4317.0,4318.1,4314.4,4317.0,789
2025-07-04T09:27:00+05:30,4318.1,4323.9,4318.1,4321.4,1924
2025-07-04T09:28:00+05:30,4321.4,4321.4,4317.1,4318.8,326
2025-07-04T09:29:00+05:30,4319.0,4321.8,4318.8,4321.5,1146
2025-07-04T09:30:00+05:30,4321.4,4323.9,4320.0,4320.0,427
2025-07-04T09:31:00+05:30,4320.1,4321.0,4318.3,4318.3,381
2025-07-04T09:32:00+05:30,4319.3,4320.3,4317.1,4317.1,299
2025-07-04T09:33:00+05:30,4317.1,4317.1,4314.0,4316.3,548
2025-07-04T09:34:00+05:30,4315.1,4319.7,4314.5,4317.7,1292
2025-07-04T09:35:00+05:30,4317.7,4317.7,4312.5,4316.3,640
2025-07-04T09:36:00+05:30,4313.8,4316.6,4313.0,4313.6,218
2025-07-04T09:37:00+05:30,4313.7,4316.0,4313.7,4315.8,445
2025-07-04T09:38:00+05:30,4314.0,4315.8,4314.0,4315.4,179
2025-07-04T09:39:00+05:30,4314.2,4314.2,4310.0,4310.0,1196
2025-07-04T09:40:00+05:30,4310.0,4310.5,4307.1,4310.5,1316
2025-07-04T09:41:00+05:30,4310.5,4312.7,4310.0,4312.4,462
2025-07-04T09:42:00+05:30,4314.0,4315.0,4310.0,4313.9,6923
2025-07-04T09:43:00+05:30,4315.0,4315.0,4313.4,4315.0,354
2025-07-04T09:44:00+05:30,4313.9,4315.0,4313.8,4313.8,104
2025-07-04T09:45:00+05:30,4314.0,4314.0,4310.0,4313.0,1083
2025-07-04T09:46:00+05:30,4312.8,4314.0,4312.7,4312.7,330
2025-07-04T09:47:00+05:30,4314.0,4314.0,4312.7,4313.9,156
2025-07-04T09:48:00+05:30,4313.0,4319.8,4313.0,4319.8,1515
2025-07-04T09:49:00+05:30,4320.0,4321.9,4318.4,4321.9,409
2025-07-04T09:50:00+05:30,4321.6,4321.6,4317.4,4317.4,1479
2025-07-04T09:51:00+05:30,4316.3,4322.7,4315.3,4322.7,592
2025-07-04T09:52:00+05:30,4322.6,4323.9,4320.7,4323.1,294
2025-07-04T09:53:00+05:30,4324.0,4339.5,4323.1,4338.0,3141
2025-07-04T09:54:00+05:30,4339.2,4339.4,4332.8,4335.2,4640
2025-07-04T09:55:00+05:30,4337.6,4338.0,4335.6,4336.3,394
2025-07-04T09:56:00+05:30,4336.3,4339.9,4332.8,4334.8,1866
2025-07-04T09:57:00+05:30,4334.0,4336.7,4332.8,4336.7,526
2025-07-04T09:58:00+05:30,4336.7,4337.0,4335.0,4336.0,857
2025-07-04T09:59:00+05:30,4336.0,4336.0,4334.1,4334.1,282
2025-07-04T10:00:00+05:30,4334.0,4335.9,4332.8,4332.8,2352
2025-07-04T10:01:00+05:30,4332.8,4334.7,4332.8,4332.8,706
2025-07-04T10:02:00+05:30,4332.8,4334.6,4332.0,4334.6,2715
2025-07-04T10:03:00+05:30,4334.6,4334.6,4333.1,4334.5,314
2025-07-04T10:04:00+05:30,4334.6,4335.7,4334.0,4334.6,653
2025-07-04T10:05:00+05:30,4335.3,4335.3,4334.0,4334.4,148
2025-07-04T10:06:00+05:30,4334.4,4335.0,4330.5,4334.9,1611
2025-07-04T10:07:00+05:30,4334.9,4335.0,4332.0,4332.9,573
2025-07-04T10:08:00+05:30,4332.9,4332.9,4331.0,4332.9,367
2025-07-04T10:09:00+05:30,4331.2,4334.5,4331.0,4334.5,544
2025-07-04T10:10:00+05:30,4334.9,4339.9,4334.5,4339.9,2062
2025-07-04T10:11:00+05:30,4339.9,4347.0,4338.2,4347.0,3335
2025-07-04T10:12:00+05:30,4347.0,4349.5,4346.0,4349.5,3860
2025-07-04T10:13:00+05:30,4349.5,4353.9,4349.0,4352.1,4979
2025-07-04T10:14:00+05:30,4353.2,4356.2,4349.5,4356.2,3788
2025-07-04T10:15:00+05:30,4356.2,4360.0,4355.2,4357.6,6686
2025-07-04T10:16:00+05:30,4357.8,4359.7,4354.0,4354.0,3267
2025-07-04T10:17:00+05:30,4354.0,4355.2,4345.1,4348.7,3908
2025-07-04T10:18:00+05:30,4348.9,4349.3,4345.0,4345.0,1745
2025-07-04T10:19:00+05:30,4345.0,4346.3,4343.0,4345.0,1770
2025-07-04T10:20:00+05:30,4345.0,4349.8,4345.0,4347.1,537
2025-07-04T10:21:00+05:30,4347.0,4348.7,4345.0,4347.9,674
2025-07-04T10:22:00+05:30,4348.4,4350.7,4347.9,4350.0,1765
2025-07-04T10:23:00+05:30,4350.0,4350.0,4347.8,4350.0,2046
2025-07-04T10:24:00+05:30,4349.1,4354.0,4349.0,4350.0,744
2025-07-04T10:25:00+05:30,4349.9,4351.2,4347.8,4349.1,603
2025-07-04T10:26:00+05:30,4348.0,4348.8,4343.2,4344.0,1874
2025-07-04T10:27:00+05:30,4343.7,4344.5,4340.2,4341.0,1532
2025-07-04T10:28:00+05:30,4340.7,4343.0,4340.0,4341.9,570
2025-07-04T10:29:00+05:30,4342.0,4343.9,4342.0,4343.9,200
2025-07-04T10:30:00+05:30,4343.9,4344.0,4342.8,4343.0,551
2025-07-04T10:31:00+05:30,4343.0,4344.0,4341.7,4343.8,627
2025-07-04T10:32:00+05:30,4343.3,4346.0,4342.2,4346.0,639
2025-07-04T10:33:00+05:30,4346.1,4348.7,4345.0,4348.7,425
2025-07-04T10:34:00+05:30,4346.9,4346.9,4344.0,4344.0,741
2025-07-04T10:35:00+05:30,4344.0,4345.0,4343.0,4343.1,700
2025-07-04T10:36:00+05:30,4343.0,4344.8,4343.0,4344.0,294
2025-07-04T10:37:00+05:30,4344.0,4346.4,4343.6,4346.0,369
2025-07-04T10:38:00+05:30,4346.0,4348.0,4345.0,4347.9,291
2025-07-04T10:39:00+05:30,4346.5,4348.9,4345.1,4347.4,306
2025-07-04T10:40:00+05:30,4347.0,4347.3,4346.0,4346.0,514
2025-07-04T10:41:00+05:30,4346.0,4348.8,4346.0,4348.8,1128
2025-07-04T10:42:00+05:30,4346.6,4348.8,4346.6,4348.6,519
2025-07-04T10:43:00+05:30,4348.9,4348.9,4347.3,4348.4,856
2025-07-04T10:44:00+05:30,4348.4,4352.0,4348.4,4352.0,1932
2025-07-04T10:45:00+05:30,4352.3,4355.0,4352.2,4355.0,1469
2025-07-04T10:46:00+05:30,4355.0,4355.5,4352.0,4353.3,1427
2025-07-04T10:47:00+05:30,4353.3,4362.8,4352.7,4360.0,9622
2025-07-04T10:48:00+05:30,4360.7,4365.0,4360.0,4360.8,3163
2025-07-04T10:49:00+05:30,4360.3,4361.1,4354.9,4360.6,1234
2025-07-04T10:50:00+05:30,4360.0,4364.9,4360.0,4364.7,1598
2025-07-04T10:51:00+05:30,4364.3,4364.9,4362.1,4363.1,1140
2025-07-04T10:52:00+05:30,4363.1,4366.2,4362.1,4366.0,4774
2025-07-04T10:53:00+05:30,4365.7,4372.0,4364.7,4371.4,5711
2025-07-04T10:54:00+05:30,4371.4,4374.7,4362.5,4364.4,5197
2025-07-04T10:55:00+05:30,4364.3,4365.9,4357.1,4357.1,1525
2025-07-04T10:56:00+05:30,4357.0,4370.0,4353.0,4365.8,4796
2025-07-04T10:57:00+05:30,4366.4,4367.9,4365.0,4367.0,781
2025-07-04T10:58:00+05:30,4367.0,4369.1,4365.0,4365.0,915
2025-07-04T10:59:00+05:30,4365.1,4365.1,4360.0,4361.3,7701
2025-07-04T11:00:00+05:30,4360.3,4363.0,4360.3,4363.0,357
2025-07-04T11:01:00+05:30,4362.8,4365.9,4362.8,4364.6,896
2025-07-04T11:02:00+05:30,4364.7,4365.9,4364.0,4364.6,236
2025-07-04T11:03:00+05:30,4365.0,4365.9,4364.6,4364.7,1150
2025-07-04T11:04:00+05:30,4365.9,4368.6,4362.6,4362.6,2478
2025-07-04T11:05:00+05:30,4362.6,4363.2,4356.8,4360.5,2650
2025-07-04T11:06:00+05:30,4360.7,4362.4,4360.0,4360.0,322
2025-07-04T11:07:00+05:30,4361.2,4361.7,4356.3,4358.6,519
2025-07-04T11:08:00+05:30,4358.3,4363.9,4358.0,4363.9,1375
2025-07-04T11:09:00+05:30,4363.0,4365.0,4355.0,4357.5,976
2025-07-04T11:10:00+05:30,4357.5,4357.5,4355.0,4356.0,259
2025-07-04T11:11:00+05:30,4356.0,4356.0,4353.7,4354.0,639
2025-07-04T11:12:00+05:30,4353.0,4355.4,4352.8,4355.4,429
2025-07-04T11:13:00+05:30,4355.4,4355.9,4353.1,4355.3,570
2025-07-04T11:14:00+05:30,4353.9,4354.3,4351.0,4352.7,890
2025-07-04T11:15:00+05:30,4352.7,4354.0,4348.6,4351.6,1472
2025-07-04T11:16:00+05:30,4351.6,4352.0,4350.3,4351.6,687
2025-07-04T11:17:00+05:30,4351.1,4352.0,4351.1,4351.9,267
2025-07-04T11:18:00+05:30,4351.9,4364.0,4351.3,4361.9,3196
2025-07-04T11:19:00+05:30,4362.0,4364.0,4359.5,4364.0,922
2025-07-04T11:20:00+05:30,4364.0,4367.6,4356.1,4367.6,9843
2025-07-04T11:21:00+05:30,4367.7,4369.4,4365.9,4366.5,3538
2025-07-04T11:22:00+05:30,4365.0,4365.9,4362.8,4364.5,598
2025-07-04T11:23:00+05:30,4363.0,4364.2,4358.1,4360.0,817
2025-07-04T11:24:00+05:30,4360.7,4361.4,4358.1,4360.1,508
2025-07-04T11:25:00+05:30,4361.2,4365.0,4360.0,4365.0,791
2025-07-04T11:26:00+05:30,4364.1,4366.6,4360.9,4362.9,833
2025-07-04T11:27:00+05:30,4363.2,4363.3,4361.2,4363.3,202
2025-07-04T11:28:00+05:30,4362.3,4363.5,4361.1,4363.0,342
2025-07-04T11:29:00+05:30,4362.7,4363.4,4361.1,4363.2,324
2025-07-04T11:30:00+05:30,4363.0,4364.0,4363.0,4363.5,399
2025-07-04T11:31:00+05:30,4364.5,4364.8,4363.5,4364.2,755
2025-07-04T11:32:00+05:30,4365.0,4368.0,4363.8,4367.5,3637
2025-07-04T11:33:00+05:30,4367.5,4368.0,4363.8,4364.5,1108
2025-07-04T11:34:00+05:30,4364.3,4366.6,4364.1,4366.0,379
2025-07-04T11:35:00+05:30,4365.9,4366.6,4360.0,4362.4,1220
2025-07-04T11:36:00+05:30,4362.6,4364.9,4360.3,4362.7,378
2025-07-04T11:37:00+05:30,4362.7,4364.9,4362.5,4362.6,245
2025-07-04T11:38:00+05:30,4364.0,4365.0,4360.8,4360.8,945
2025-07-04T11:39:00+05:30,4362.7,4367.2,4361.0,4364.2,1909
2025-07-04T11:40:00+05:30,4362.2,4364.1,4353.5,4354.7,841
2025-07-04T11:41:00+05:30,4355.0,4355.3,4349.7,4351.6,1246
2025-07-04T11:42:00+05:30,4351.4,4352.0,4347.8,4351.0,1857
2025-07-04T11:43:00+05:30,4349.2,4356.3,4348.9,4355.0,2416
2025-07-04T11:44:00+05:30,4355.0,4356.8,4353.6,4354.8,721
2025-07-04T11:45:00+05:30,4354.7,4356.7,4350.3,4350.5,1596
2025-07-04T11:46:00+05:30,4352.2,4353.2,4350.1,4350.9,524
2025-07-04T11:47:00+05:30,4350.1,4351.0,4344.1,4350.0,5385
2025-07-04T11:48:00+05:30,4350.9,4350.9,4348.7,4350.7,1161
2025-07-04T11:49:00+05:30,4350.9,4352.8,4350.5,4351.0,605
2025-07-04T11:50:00+05:30,4351.0,4355.2,4346.5,4348.9,3191
2025-07-04T11:51:00+05:30,4348.5,4349.8,4344.9,4349.8,1477
2025-07-04T11:52:00+05:30,4349.8,4349.9,4346.7,4346.7,177
2025-07-04T11:53:00+05:30,4346.8,4354.8,4346.8,4353.7,8923
2025-07-04T11:54:00+05:30,4353.0,4356.5,4352.2,4355.5,1144
2025-07-04T11:55:00+05:30,4353.3,4355.4,4352.0,4354.4,410
2025-07-04T11:56:00+05:30,4352.9,4355.0,4351.6,4353.6,664
2025-07-04T11:57:00+05:30,4354.3,4358.7,4352.7,4357.0,467
2025-07-04T11:58:00+05:30,4357.0,4357.7,4354.5,4355.3,938
2025-07-04T11:59:00+05:30,4355.1,4356.5,4353.1,4355.6,515
2025-07-04T12:00:00+05:30,4353.4,4355.3,4352.4,4354.0,135
2025-07-04T12:01:00+05:30,4355.0,4355.0,4351.3,4353.6,197
2025-07-04T12:02:00+05:30,4353.6,4359.0,4353.6,4357.0,966
2025-07-04T12:03:00+05:30,4357.0,4359.0,4355.0,4355.9,663
2025-07-04T12:04:00+05:30,4355.9,4356.8,4353.2,4354.9,95
2025-07-04T12:05:00+05:30,4355.0,4355.0,4353.0,4354.7,138
2025-07-04T12:06:00+05:30,4353.3,4354.8,4350.1,4350.8,200
2025-07-04T12:07:00+05:30,4350.8,4352.3,4350.0,4352.3,181
2025-07-04T12:08:00+05:30,4352.3,4354.9,4350.6,4352.4,376
2025-07-04T12:09:00+05:30,4353.3,4355.0,4352.9,4352.9,253
2025-07-04T12:10:00+05:30,4352.9,4354.8,4352.9,4354.0,106
2025-07-04T12:11:00+05:30,4353.0,4357.0,4353.0,4357.0,637
2025-07-04T12:12:00+05:30,4357.0,4359.0,4355.4,4357.9,755
2025-07-04T12:13:00+05:30,4357.9,4360.0,4357.4,4359.9,294
2025-07-04T12:14:00+05:30,4359.9,4361.8,4358.9,4361.3,656
2025-07-04T12:15:00+05:30,4361.1,4362.4,4358.4,4359.6,1027
2025-07-04T12:16:00+05:30,4359.6,4359.8,4357.8,4359.6,166
2025-07-04T12:17:00+05:30,4358.0,4359.9,4357.3,4359.6,210
2025-07-04T12:18:00+05:30,4357.9,4360.3,4357.1,4358.1,825
2025-07-04T12:19:00+05:30,4358.5,4360.8,4355.0,4360.0,1126
2025-07-04T12:20:00+05:30,4360.8,4365.0,4360.0,4363.8,1389
2025-07-04T12:21:00+05:30,4364.5,4367.4,4362.8,4366.5,1567
2025-07-04T12:22:00+05:30,4367.0,4368.0,4359.7,4359.8,1829
2025-07-04T12:23:00+05:30,4359.8,4359.8,4356.1,4358.3,329
2025-07-04T12:24:00+05:30,4358.3,4358.9,4355.0,4356.2,806
2025-07-04T12:25:00+05:30,4356.2,4358.0,4355.3,4355.9,279
2025-07-04T12:26:00+05:30,4355.9,4357.0,4353.9,4353.9,1010
2025-07-04T12:27:00+05:30,4353.9,4356.6,4353.0,4355.7,1099
2025-07-04T12:28:00+05:30,4355.7,4356.4,4353.3,4354.5,258
2025-07-04T12:29:00+05:30,4353.3,4356.0,4353.3,4356.0,56
2025-07-04T12:30:00+05:30,4356.0,4358.0,4354.6,4354.8,497
2025-07-04T12:31:00+05:30,4356.1,4356.6,4354.0,4354.9,187
2025-07-04T12:32:00+05:30,4355.0,4356.6,4354.5,4354.6,174
2025-07-04T12:33:00+05:30,4354.2,4356.0,4354.0,4356.0,146
2025-07-04T12:34:00+05:30,4355.1,4356.0,4355.1,4356.0,99
2025-07-04T12:35:00+05:30,4355.2,4356.0,4353.9,4353.9,349
2025-07-04T12:36:00+05:30,4353.9,4354.3,4352.0,4352.0,845
2025-07-04T12:37:00+05:30,4352.1,4353.0,4350.2,4351.0,878
2025-07-04T12:38:00+05:30,4350.2,4350.2,4345.4,4347.8,1810
2025-07-04T12:39:00+05:30,4346.1,4350.3,4345.7,4350.2,428
2025-07-04T12:40:00+05:30,4348.5,4350.7,4348.2,4348.7,209
2025-07-04T12:41:00+05:30,4348.8,4351.3,4348.5,4350.2,578
2025-07-04T12:42:00+05:30,4350.8,4350.8,4348.0,4350.5,651
2025-07-04T12:43:00+05:30,4350.5,4352.9,4350.1,4350.9,737
2025-07-04T12:44:00+05:30,4352.0,4352.0,4349.0,4351.6,134
2025-07-04T12:45:00+05:30,4350.3,4352.5,4349.5,4352.4,791
2025-07-04T12:46:00+05:30,4352.5,4355.0,4350.2,4350.3,386
2025-07-04T12:47:00+05:30,4352.1,4353.7,4350.2,4351.0,303
2025-07-04T12:48:00+05:30,4351.0,4352.4,4350.2,4351.2,64
2025-07-04T12:49:00+05:30,4351.4,4351.4,4348.2,4349.9,583
2025-07-04T12:50:00+05:30,4348.4,4352.1,4348.4,4349.1,743
2025-07-04T12:51:00+05:30,4349.1,4351.2,4348.4,4349.2,351
2025-07-04T12:52:00+05:30,4351.0,4351.2,4348.7,4349.0,152
2025-07-04T12:53:00+05:30,4350.1,4350.1,4348.7,4350.1,831
2025-07-04T12:54:00+05:30,4348.7,4350.3,4348.7,4350.1,253
2025-07-04T12:55:00+05:30,4350.3,4350.3,4349.0,4350.0,219
2025-07-04T12:56:00+05:30,4349.0,4350.3,4348.7,4349.3,243
2025-07-04T12:57:00+05:30,4349.3,4351.7,4349.2,4350.7,273
2025-07-04T12:58:00+05:30,4351.7,4352.0,4350.0,4350.3,42
2025-07-04T12:59:00+05:30,4350.0,4351.8,4349.5,4351.7,315
2025-07-04T13:00:00+05:30,4350.0,4351.6,4349.0,4349.0,46
2025-07-04T13:01:00+05:30,4349.0,4350.6,4348.7,4348.8,210
2025-07-04T13:02:00+05:30,4348.7,4351.0,4348.7,4350.9,376
2025-07-04T13:03:00+05:30,4350.9,4352.0,4348.7,4351.5,135
2025-07-04T13:04:00+05:30,4351.2,4353.0,4349.5,4350.2,342
2025-07-04T13:05:00+05:30,4350.2,4353.5,4350.2,4352.7,95
2025-07-04T13:06:00+05:30,4352.6,4354.8,4351.4,4352.4,253
2025-07-04T13:07:00+05:30,4352.4,4355.0,4352.4,4353.5,273
2025-07-04T13:08:00+05:30,4353.5,4355.0,4352.0,4352.0,417
2025-07-04T13:09:00+05:30,4353.2,4353.2,4350.4,4353.0,198
2025-07-04T13:10:00+05:30,4353.0,4353.2,4351.3,4352.7,86
2025-07-04T13:11:00+05:30,4351.3,4353.3,4350.9,4351.0,148
2025-07-04T13:12:00+05:30,4352.3,4353.0,4351.1,4352.1,220
2025-07-04T13:13:00+05:30,4352.1,4353.0,4351.1,4352.2,29
2025-07-04T13:14:00+05:30,4353.0,4354.0,4352.0,4352.0,404
2025-07-04T13:15:00+05:30,4350.5,4351.9,4348.0,4350.2,1309
2025-07-04T13:16:00+05:30,4349.2,4351.9,4349.2,4351.7,515
2025-07-04T13:17:00+05:30,4351.9,4351.9,4350.0,4351.2,437
2025-07-04T13:18:00+05:30,4350.0,4353.8,4348.0,4353.1,3394
2025-07-04T13:19:00+05:30,4351.8,4353.4,4351.8,4352.0,232
2025-07-04T13:20:00+05:30,4352.6,4354.0,4351.0,4351.2,798
2025-07-04T13:21:00+05:30,4351.3,4352.9,4350.0,4350.0,350
2025-07-04T13:22:00+05:30,4351.1,4351.2,4348.6,4351.1,240
2025-07-04T13:23:00+05:30,4351.2,4352.3,4350.0,4351.4,263
2025-07-04T13:24:00+05:30,4350.7,4352.5,4350.0,4350.0,223
2025-07-04T13:25:00+05:30,4351.2,4351.2,4350.0,4350.1,255
2025-07-04T13:26:00+05:30,4351.2,4351.3,4350.1,4351.0,210
2025-07-04T13:27:00+05:30,4351.0,4352.6,4349.3,4352.6,1069
2025-07-04T13:28:00+05:30,4352.8,4353.5,4350.4,4351.0,629
2025-07-04T13:29:00+05:30,4352.3,4352.9,4333.0,4333.0,6391
2025-07-04T13:30:00+05:30,4333.1,4338.0,4332.0,4335.9,7617
2025-07-04T13:31:00+05:30,4335.9,4339.2,4335.0,4335.4,7531
2025-07-04T13:32:00+05:30,4335.4,4340.0,4335.2,4340.0,644
2025-07-04T13:33:00+05:30,4341.1,4342.6,4337.7,4341.5,3099
2025-07-04T13:34:00+05:30,4341.0,4345.0,4340.1,4341.2,2296
2025-07-04T13:35:00+05:30,4341.2,4343.3,4338.1,4340.3,318
2025-07-04T13:36:00+05:30,4338.5,4340.5,4338.5,4340.5,152
2025-07-04T13:37:00+05:30,4340.4,4340.6,4337.3,4337.6,303
2025-07-04T13:38:00+05:30,4338.9,4339.2,4335.0,4337.0,624
2025-07-04T13:39:00+05:30,4337.0,4338.4,4335.9,4335.9,242
2025-07-04T13:40:00+05:30,4337.1,4337.1,4333.0,4334.3,398
2025-07-04T13:41:00+05:30,4333.0,4335.6,4332.3,4335.0,210
2025-07-04T13:42:00+05:30,4335.0,4336.1,4334.4,4334.4,197
2025-07-04T13:43:00+05:30,4334.4,4336.0,4333.5,4334.4,223
2025-07-04T13:44:00+05:30,4336.2,4336.9,4334.4,4336.0,451
2025-07-04T13:45:00+05:30,4336.0,4336.5,4334.4,4335.0,148
2025-07-04T13:46:00+05:30,4335.1,4336.0,4334.0,4334.8,277
2025-07-04T13:47:00+05:30,4335.0,4337.3,4334.8,4336.1,248
2025-07-04T13:48:00+05:30,4336.1,4337.7,4334.7,4337.7,227
2025-07-04T13:49:00+05:30,4336.4,4339.4,4336.4,4338.8,148
2025-07-04T13:50:00+05:30,4338.8,4339.7,4337.9,4339.7,162
2025-07-04T13:51:00+05:30,4339.2,4342.0,4339.2,4341.5,624
2025-07-04T13:52:00+05:30,4340.3,4342.6,4339.6,4339.6,457
2025-07-04T13:53:00+05:30,4341.6,4342.0,4337.9,4340.5,569
2025-07-04T13:54:00+05:30,4341.9,4343.8,4340.1,4340.3,443
2025-07-04T13:55:00+05:30,4340.4,4340.4,4338.0,4338.9,458
2025-07-04T13:56:00+05:30,4340.4,4340.4,4337.1,4337.7,823
2025-07-04T13:57:00+05:30,4337.7,4339.7,4337.0,4338.9,466
2025-07-04T13:58:00+05:30,4337.2,4339.3,4337.1,4337.4,240
2025-07-04T13:59:00+05:30,4339.4,4340.4,4338.8,4340.4,37
2025-07-04T14:00:00+05:30,4340.8,4342.6,4337.7,4339.4,777
2025-07-04T14:01:00+05:30,4339.4,4340.1,4337.2,4337.2,388
2025-07-04T14:02:00+05:30,4338.5,4338.5,4333.8,4334.7,994
2025-07-04T14:03:00+05:30,4334.0,4335.5,4334.0,4334.0,100
2025-07-04T14:04:00+05:30,4335.5,4336.7,4334.0,4334.8,269
2025-07-04T14:05:00+05:30,4334.9,4336.8,4334.5,4334.6,147
2025-07-04T14:06:00+05:30,4336.3,4340.0,4334.5,4336.5,2457
2025-07-04T14:07:00+05:30,4335.6,4338.0,4335.4,4335.4,377
2025-07-04T14:08:00+05:30,4335.4,4337.0,4333.1,4333.8,465
2025-07-04T14:09:00+05:30,4333.9,4335.7,4333.0,4333.7,647
2025-07-04T14:10:00+05:30,4335.6,4335.8,4333.0,4334.0,118
2025-07-04T14:11:00+05:30,4334.9,4334.9,4333.2,4333.4,100
2025-07-04T14:12:00+05:30,4334.9,4335.1,4332.0,4332.4,903
2025-07-04T14:13:00+05:30,4333.9,4333.9,4332.6,4332.9,72
2025-07-04T14:14:00+05:30,4332.9,4333.8,4332.0,4332.0,310
2025-07-04T14:15:00+05:30,4332.0,4333.7,4327.4,4333.1,4143
2025-07-04T14:16:00+05:30,4331.8,4336.7,4331.8,4334.9,328
2025-07-04T14:17:00+05:30,4335.1,4336.8,4335.1,4336.5,97
2025-07-04T14:18:00+05:30,4336.5,4336.8,4335.2,4335.4,134
2025-07-04T14:19:00+05:30,4335.4,4336.8,4335.4,4336.2,105
2025-07-04T14:20:00+05:30,4336.8,4340.2,4336.2,4340.2,335
2025-07-04T14:21:00+05:30,4339.1,4340.2,4339.1,4340.0,204
2025-07-04T14:22:00+05:30,4339.4,4342.8,4339.0,4339.5,810
2025-07-04T14:23:00+05:30,4339.1,4340.7,4338.3,4338.3,504
2025-07-04T14:24:00+05:30,4338.3,4340.9,4338.1,4339.9,440
2025-07-04T14:25:00+05:30,4338.5,4340.4,4338.0,4338.3,365
2025-07-04T14:26:00+05:30,4339.6,4340.0,4337.6,4339.9,176
2025-07-04T14:27:00+05:30,4339.7,4340.0,4338.1,4338.4,398
2025-07-04T14:28:00+05:30,4338.1,4340.0,4338.1,4338.6,164
2025-07-04T14:29:00+05:30,4340.0,4342.0,4338.3,4339.7,530
2025-07-04T14:30:00+05:30,4339.8,4341.3,4337.1,4338.1,429
2025-07-04T14:31:00+05:30,4339.8,4340.3,4337.8,4338.3,280
2025-07-04T14:32:00+05:30,4338.3,4343.7,4337.5,4343.7,348
2025-07-04T14:33:00+05:30,4342.1,4345.9,4341.3,4342.0,1778
2025-07-04T14:34:00+05:30,4342.0,4343.3,4340.1,4342.5,241
2025-07-04T14:35:00+05:30,4344.0,4348.7,4342.5,4346.0,455
2025-07-04T14:36:00+05:30,4346.9,4351.9,4346.2,4351.3,1091
2025-07-04T14:37:00+05:30,4350.9,4351.2,4345.2,4346.7,494
2025-07-04T14:38:00+05:30,4347.3,4348.7,4345.9,4346.8,238
2025-07-04T14:39:00+05:30,4346.8,4350.0,4346.8,4348.5,143
2025-07-04T14:40:00+05:30,4349.0,4351.9,4348.5,4351.2,656
2025-07-04T14:41:00+05:30,4351.2,4351.9,4347.5,4348.4,601
2025-07-04T14:42:00+05:30,4348.4,4352.0,4348.3,4349.2,598
2025-07-04T14:43:00+05:30,4350.8,4351.9,4349.2,4349.9,234
2025-07-04T14:44:00+05:30,4351.6,4351.6,4348.3,4349.4,285
2025-07-04T14:45:00+05:30,4349.4,4351.5,4349.1,4349.5,327
2025-07-04T14:46:00+05:30,4350.4,4350.4,4348.2,4348.6,633
2025-07-04T14:47:00+05:30,4348.7,4349.7,4345.0,4349.3,1096
2025-07-04T14:48:00+05:30,4348.0,4349.3,4345.0,4345.0,297
2025-07-04T14:49:00+05:30,4346.1,4347.0,4345.0,4345.8,1187
2025-07-04T14:50:00+05:30,4345.3,4347.3,4341.1,4341.6,407
2025-07-04T14:51:00+05:30,4341.6,4344.4,4341.6,4344.4,141
2025-07-04T14:52:00+05:30,4344.1,4345.2,4343.0,4344.0,266
2025-07-04T14:53:00+05:30,4343.1,4348.0,4343.1,4346.5,417
2025-07-04T14:54:00+05:30,4346.5,4347.4,4343.1,4346.0,1178
2025-07-04T14:55:00+05:30,4343.8,4346.0,4343.8,4344.9,199
2025-07-04T14:56:00+05:30,4346.0,4346.4,4344.5,4345.2,315
2025-07-04T14:57:00+05:30,4345.2,4346.5,4344.1,4344.1,252
2025-07-04T14:58:00+05:30,4344.1,4345.5,4343.0,4343.1,259
2025-07-04T14:59:00+05:30,4343.2,4348.0,4343.2,4348.0,162
2025-07-04T15:00:00+05:30,4347.8,4348.0,4344.8,4345.8,591
2025-07-04T15:01:00+05:30,4346.5,4346.7,4345.8,4345.8,326
2025-07-04T15:02:00+05:30,4345.9,4346.6,4344.8,4344.9,2511
2025-07-04T15:03:00+05:30,4344.5,4349.9,4344.5,4348.6,2111
2025-07-04T15:04:00+05:30,4348.8,4356.7,4345.7,4353.4,5733
2025-07-04T15:05:00+05:30,4353.4,4354.1,4347.1,4347.2,2554
2025-07-04T15:06:00+05:30,4349.0,4349.7,4345.9,4346.1,1023
2025-07-04T15:07:00+05:30,4347.7,4348.1,4347.7,4347.7,2589
2025-07-04T15:08:00+05:30,4347.8,4348.1,4347.7,4348.1,1078
2025-07-04T15:09:00+05:30,4348.1,4349.5,4348.0,4349.5,1371
2025-07-04T15:10:00+05:30,4348.9,4349.9,4348.9,4349.6,581
2025-07-04T15:11:00+05:30,4349.6,4349.8,4349.4,4349.6,348
2025-07-04T15:12:00+05:30,4349.6,4350.5,4346.8,4348.1,3701
2025-07-04T15:13:00+05:30,4347.8,4348.2,4345.3,4348.1,1938
2025-07-04T15:14:00+05:30,4348.0,4349.9,4346.1,4349.8,2074
2025-07-04T15:15:00+05:30,4349.8,4349.8,4347.0,4348.1,997
2025-07-04T15:16:00+05:30,4348.1,4348.3,4346.8,4347.7,543
2025-07-04T15:17:00+05:30,4347.0,4347.4,4343.0,4343.5,1485
2025-07-04T15:18:00+05:30,4343.8,4343.8,4341.0,4342.2,1138
2025-07-04T15:19:00+05:30,4342.2,4342.5,4342.1,4342.2,1237
2025-07-04T15:20:00+05:30,4342.2,4342.2,4337.6,4338.8,2327
2025-07-04T15:21:00+05:30,4338.8,4339.0,4338.0,4339.0,1220
2025-07-04T15:22:00+05:30,4339.0,4340.7,4335.7,4339.2,3394
2025-07-04T15:23:00+05:30,4339.2,4339.2,4338.1,4339.1,1650
2025-07-04T15:24:00+05:30,4339.2,4343.0,4338.5,4341.2,3389
2025-07-04T15:25:00+05:30,4340.1,4342.0,4340.1,4341.4,751
2025-07-04T15:26:00+05:30,4341.4,4341.4,4337.2,4337.9,1552
2025-07-04T15:27:00+05:30,4337.9,4340.9,4335.0,4340.2,1628
2025-07-04T15:28:00+05:30,4340.2,4340.9,4335.3,4339.9,1427
2025-07-04T15:29:00+05:30,4338.8,4340.0,4335.0,4337.8,1138
2025-07-07T09:15:00+05:30,4340.0,4347.2,4330.0,4344.2,4305
2025-07-07T09:16:00+05:30,4344.4,4346.0,4330.0,4330.8,1700
2025-07-07T09:17:00+05:30,4330.5,4334.3,4327.7,4334.3,2359
2025-07-07T09:18:00+05:30,4333.6,4335.0,4327.3,4333.2,1646
2025-07-07T09:19:00+05:30,4333.0,4345.2,4331.6,4345.2,1183
2025-07-07T09:20:00+05:30,4347.1,4349.3,4340.7,4341.4,1013
2025-07-07T09:21:00+05:30,4346.4,4349.3,4342.5,4345.0,3133
2025-07-07T09:22:00+05:30,4344.8,4344.8,4340.1,4341.0,786
2025-07-07T09:23:00+05:30,4339.7,4345.8,4338.0,4342.2,893
2025-07-07T09:24:00+05:30,4343.8,4344.1,4342.5,4342.6,482
2025-07-07T09:25:00+05:30,4342.5,4342.6,4340.3,4342.2,947
2025-07-07T09:26:00+05:30,4339.7,4341.0,4337.0,4339.0,597
2025-07-07T09:27:00+05:30,4337.7,4340.8,4334.1,4334.1,1348
2025-07-07T09:28:00+05:30,4335.4,4335.4,4333.0,4333.0,470
2025-07-07T09:29:00+05:30,4336.8,4336.8,4330.5,4330.5,1279
2025-07-07T09:30:00+05:30,4331.4,4342.4,4330.1,4340.3,1319
2025-07-07T09:31:00+05:30,4340.8,4343.4,4337.5,4342.5,913
2025-07-07T09:32:00+05:30,4342.7,4344.8,4341.2,4343.1,316
2025-07-07T09:33:00+05:30,4341.9,4342.0,4340.8,4341.0,196
2025-07-07T09:34:00+05:30,4341.0,4343.9,4340.7,4343.0,331
2025-07-07T09:35:00+05:30,4342.5,4342.9,4338.9,4340.8,1202
2025-07-07T09:36:00+05:30,4338.0,4348.7,4338.0,4347.3,1224
2025-07-07T09:37:00+05:30,4349.0,4354.6,4349.0,4353.3,1231
2025-07-07T09:38:00+05:30,4353.0,4353.0,4346.7,4349.8,1500
2025-07-07T09:39:00+05:30,4350.4,4351.5,4346.8,4347.5,631
2025-07-07T09:40:00+05:30,4345.7,4354.2,4345.0,4346.4,4039
2025-07-07T09:41:00+05:30,4346.2,4347.3,4345.2,4347.1,255
2025-07-07T09:42:00+05:30,4346.9,4346.9,4343.0,4344.0,466
2025-07-07T09:43:00+05:30,4343.6,4343.6,4340.0,4340.2,725
2025-07-07T09:44:00+05:30,4340.3,4340.3,4338.4,4340.0,508
2025-07-07T09:45:00+05:30,4340.0,4343.3,4339.3,4342.5,551
2025-07-07T09:46:00+05:30,4340.7,4341.8,4339.1,4340.3,422
2025-07-07T09:47:00+05:30,4339.6,4340.3,4338.5,4338.5,208
2025-07-07T09:48:00+05:30,4339.1,4339.1,4334.5,4335.0,1471
2025-07-07T09:49:00+05:30,4335.0,4336.0,4331.8,4336.0,831
2025-07-07T09:50:00+05:30,4333.0,4336.2,4333.0,4336.0,315
2025-07-07T09:51:00+05:30,4336.0,4338.2,4334.4,4337.7,375
2025-07-07T09:52:00+05:30,4349.4,4351.7,4349.4,4349.4,2263
2025-07-07T09:53:00+05:30,4348.7,4351.5,4348.0,4350.3,670
2025-07-07T09:54:00+05:30,4351.5,4353.0,4351.2,4351.6,471
2025-07-07T09:55:00+05:30,4351.0,4354.0,4351.0,4353.9,936
2025-07-07T09:56:00+05:30,4352.4,4355.0,4352.0,4355.0,536
2025-07-07T09:57:00+05:30,4356.2,4358.3,4352.2,4353.0,1186
2025-07-07T09:58:00+05:30,4353.0,4355.4,4351.2,4352.8,2063
2025-07-07T09:59:00+05:30,4352.6,4352.6,4348.5,4348.5,351
2025-07-07T10:00:00+05:30,4348.9,4351.2,4348.9,4351.0,3071
2025-07-07T10:01:00+05:30,4351.4,4359.6,4350.2,4350.2,2770
2025-07-07T10:02:00+05:30,4351.5,4357.4,4351.5,4355.5,880
2025-07-07T10:03:00+05:30,4355.5,4358.0,4352.5,4357.2,1494
2025-07-07T10:04:00+05:30,4356.3,4357.6,4353.4,4355.0,781
2025-07-07T10:05:00+05:30,4356.3,4357.3,4354.2,4354.7,563
2025-07-07T10:06:00+05:30,4355.7,4356.0,4351.0,4352.4,724
2025-07-07T10:07:00+05:30,4352.5,4353.8,4350.9,4352.5,702
2025-07-07T10:08:00+05:30,4352.6,4353.5,4347.4,4347.4,869
2025-07-07T10:09:00+05:30,4347.2,4349.1,4345.0,4345.0,516
2025-07-07T10:10:00+05:30,4345.0,4345.0,4342.2,4342.3,463
2025-07-07T10:11:00+05:30,4341.6,4343.0,4335.4,4343.0,1259
2025-07-07T10:12:00+05:30,4343.0,4344.3,4341.0,4341.0,486
2025-07-07T10:13:00+05:30,4341.2,4342.5,4341.2,4342.5,415
2025-07-07T10:14:00+05:30,4342.1,4342.9,4340.8,4340.8,275
2025-07-07T10:15:00+05:30,4341.0,4341.0,4339.5,4340.0,596
2025-07-07T10:16:00+05:30,4339.0,4343.6,4339.0,4343.6,522
2025-07-07T10:17:00+05:30,4344.5,4344.5,4340.0,4340.0,397
2025-07-07T10:18:00+05:30,4340.2,4342.0,4337.3,4337.3,1128
2025-07-07T10:19:00+05:30,4337.3,4337.8,4336.2,4336.4,643
2025-07-07T10:20:00+05:30,4337.1,4339.3,4336.0,4336.2,319
2025-07-07T10:21:00+05:30,4337.6,4337.6,4336.0,4336.2,349
2025-07-07T10:22:00+05:30,4336.0,4337.8,4331.1,4331.1,1143
2025-07-07T10:23:00+05:30,4332.5,4332.5,4327.0,4327.0,1047
2025-07-07T10:24:00+05:30,4328.1,4329.0,4327.4,4327.4,666
2025-07-07T10:25:00+05:30,4328.9,4328.9,4323.9,4327.1,1665
2025-07-07T10:26:00+05:30,4328.3,4328.3,4321.0,4323.0,1059
2025-07-07T10:27:00+05:30,4321.5,4323.9,4321.0,4322.1,1593
2025-07-07T10:28:00+05:30,4322.8,4322.8,4317.0,4317.0,1390
2025-07-07T10:29:00+05:30,4317.9,4324.3,4316.7,4323.6,639
2025-07-07T10:30:00+05:30,4322.7,4326.3,4322.7,4325.2,886
2025-07-07T10:31:00+05:30,4325.2,4328.0,4325.2,4327.3,1242
2025-07-07T10:32:00+05:30,4327.8,4327.8,4325.0,4325.2,673
2025-07-07T10:33:00+05:30,4325.9,4333.0,4325.6,4329.0,1128
2025-07-07T10:34:00+05:30,4329.4,4329.4,4324.3,4324.3,851
2025-07-07T10:35:00+05:30,4324.5,4324.5,4319.6,4319.6,468
2025-07-07T10:36:00+05:30,4319.6,4322.6,4317.6,4320.7,826
2025-07-07T10:37:00+05:30,4322.7,4322.7,4318.5,4320.7,326
2025-07-07T10:38:00+05:30,4321.0,4324.2,4321.0,4321.0,641
2025-07-07T10:39:00+05:30,4321.1,4324.7,4319.0,4324.7,849
2025-07-07T10:40:00+05:30,4324.1,4328.8,4324.1,4328.8,631
2025-07-07T10:41:00+05:30,4327.8,4329.2,4325.1,4325.3,464
2025-07-07T10:42:00+05:30,4325.4,4329.6,4325.4,4329.6,1030
2025-07-07T10:43:00+05:30,4330.0,4331.7,4328.3,4329.6,645
2025-07-07T10:44:00+05:30,4330.2,4331.5,4328.0,4328.0,918
2025-07-07T10:45:00+05:30,4326.5,4329.3,4326.5,4328.5,878
2025-07-07T10:46:00+05:30,4328.8,4328.8,4326.3,4326.9,837
2025-07-07T10:47:00+05:30,4326.4,4327.3,4326.0,4326.4,1081
2025-07-07T10:48:00+05:30,4326.4,4327.8,4326.4,4327.2,595
2025-07-07T10:49:00+05:30,4327.4,4328.5,4321.7,4322.2,975
2025-07-07T10:50:00+05:30,4322.3,4324.0,4321.0,4322.0,431
2025-07-07T10:51:00+05:30,4322.3,4329.3,4322.3,4329.3,966
2025-07-07T10:52:00+05:30,4329.3,4329.5,4327.1,4328.8,431
2025-07-07T10:53:00+05:30,4326.4,4328.1,4324.2,4326.3,428
2025-07-07T10:54:00+05:30,4324.5,4326.0,4324.2,4324.5,297
2025-07-07T10:55:00+05:30,4324.5,4325.0,4320.1,4323.9,1088
2025-07-07T10:56:00+05:30,4323.9,4324.5,4322.1,4324.3,666
2025-07-07T10:57:00+05:30,4324.3,4325.5,4324.3,4324.8,487
2025-07-07T10:58:00+05:30,4324.9,4325.3,4322.1,4323.5,553
2025-07-07T10:59:00+05:30,4323.5,4326.0,4323.5,4325.0,1660
2025-07-07T11:00:00+05:30,4326.7,4326.7,4324.6,4324.6,198
2025-07-07T11:01:00+05:30,4324.6,4326.8,4322.1,4325.8,596
2025-07-07T11:02:00+05:30,4326.8,4326.8,4325.6,4325.9,364
2025-07-07T11:03:00+05:30,4325.9,4326.0,4325.2,4325.3,377
2025-07-07T11:04:00+05:30,4325.0,4326.5,4325.0,4326.4,335
2025-07-07T11:05:00+05:30,4326.2,4327.6,4326.2,4327.6,561
2025-07-07T11:06:00+05:30,4327.6,4327.6,4327.0,4327.2,452
2025-07-07T11:07:00+05:30,4327.0,4328.0,4327.0,4327.0,424
2025-07-07T11:08:00+05:30,4327.5,4328.5,4326.2,4326.2,347
2025-07-07T11:09:00+05:30,4326.2,4326.2,4325.0,4325.4,344
2025-07-07T11:10:00+05:30,4325.4,4325.4,4324.5,4325.0,405
2025-07-07T11:11:00+05:30,4325.0,4325.9,4325.0,4325.1,311
2025-07-07T11:12:00+05:30,4324.1,4325.7,4324.1,4325.6,963
2025-07-07T11:13:00+05:30,4326.2,4328.8,4325.3,4327.8,407
2025-07-07T11:14:00+05:30,4327.9,4328.5,4326.9,4328.5,399
2025-07-07T11:15:00+05:30,4328.1,4328.3,4326.7,4326.7,282
2025-07-07T11:16:00+05:30,4326.8,4326.8,4325.0,4325.4,398
2025-07-07T11:17:00+05:30,4325.5,4326.8,4324.2,4324.9,374
2025-07-07T11:18:00+05:30,4324.9,4326.1,4324.2,4325.1,269
2025-07-07T11:19:00+05:30,4325.1,4326.4,4324.2,4324.2,349
2025-07-07T11:20:00+05:30,4324.9,4325.6,4324.3,4324.6,383
2025-07-07T11:21:00+05:30,4324.8,4326.1,4324.2,4324.2,458
2025-07-07T11:22:00+05:30,4324.3,4326.2,4324.2,4324.2,984
2025-07-07T11:23:00+05:30,4324.2,4327.2,4324.2,4327.2,2670
2025-07-07T11:24:00+05:30,4325.9,4327.5,4324.2,4324.3,301
2025-07-07T11:25:00+05:30,4325.1,4326.0,4324.4,4324.5,315
2025-07-07T11:26:00+05:30,4324.5,4325.4,4324.5,4325.1,378
2025-07-07T11:27:00+05:30,4325.5,4328.0,4325.5,4328.0,339
2025-07-07T11:28:00+05:30,4328.0,4328.0,4326.0,4326.0,293
2025-07-07T11:29:00+05:30,4327.4,4328.9,4325.7,4327.3,451
2025-07-07T11:30:00+05:30,4327.1,4328.9,4326.1,4326.1,310
2025-07-07T11:31:00+05:30,4326.1,4326.1,4325.9,4325.9,309
2025-07-07T11:32:00+05:30,4325.9,4326.1,4325.5,4325.5,430
2025-07-07T11:33:00+05:30,4325.5,4326.4,4325.5,4325.8,261
2025-07-07T11:34:00+05:30,4325.5,4326.6,4324.2,4324.3,762
2025-07-07T11:35:00+05:30,4324.4,4324.4,4324.2,4324.4,367
2025-07-07T11:36:00+05:30,4325.0,4325.9,4324.2,4324.4,494
2025-07-07T11:37:00+05:30,4326.1,4327.4,4324.2,4324.4,1080
2025-07-07T11:38:00+05:30,4324.4,4325.5,4324.3,4324.6,291
2025-07-07T11:39:00+05:30,4324.6,4327.1,4324.3,4324.3,443
2025-07-07T11:40:00+05:30,4324.6,4326.9,4324.2,4324.6,747
2025-07-07T11:41:00+05:30,4324.6,4325.9,4324.2,4324.2,504
2025-07-07T11:42:00+05:30,4324.2,4329.0,4324.2,4328.3,360
2025-07-07T11:43:00+05:30,4328.4,4328.4,4325.0,4325.0,450
2025-07-07T11:44:00+05:30,4325.0,4326.0,4324.2,4324.9,372
2025-07-07T11:45:00+05:30,4326.0,4326.2,4324.2,4324.2,393
2025-07-07T11:46:00+05:30,4324.2,4325.0,4324.2,4324.2,1291
2025-07-07T11:47:00+05:30,4324.2,4324.3,4323.2,4323.2,1234
2025-07-07T11:48:00+05:30,4323.2,4324.2,4323.2,4324.2,1771
2025-07-07T11:49:00+05:30,4324.2,4324.5,4324.2,4324.2,602
2025-07-07T11:50:00+05:30,4324.2,4326.0,4324.2,4324.2,505
2025-07-07T11:51:00+05:30,4324.3,4324.7,4324.2,4324.2,317
2025-07-07T11:52:00+05:30,4324.2,4324.2,4324.2,4324.2,480
2025-07-07T11:53:00+05:30,4324.2,4324.4,4324.2,4324.2,984
2025-07-07T11:54:00+05:30,4324.3,4324.3,4324.2,4324.2,1902
2025-07-07T11:55:00+05:30,4324.2,4324.3,4324.2,4324.3,1202
2025-07-07T11:56:00+05:30,4324.2,4324.3,4324.2,4324.2,392
2025-07-07T11:57:00+05:30,4324.2,4324.3,4324.2,4324.2,661
2025-07-07T11:58:00+05:30,4324.2,4324.9,4324.2,4324.3,390
2025-07-07T11:59:00+05:30,4324.3,4324.3,4324.2,4324.3,326
2025-07-07T12:00:00+05:30,4324.2,4324.4,4324.2,4324.2,3704
2025-07-07T12:01:00+05:30,4324.2,4324.6,4324.2,4324.3,951
2025-07-07T12:02:00+05:30,4324.2,4325.8,4320.0,4324.3,4141
2025-07-07T12:03:00+05:30,4325.0,4325.5,4324.2,4325.0,379
2025-07-07T12:04:00+05:30,4325.0,4326.2,4325.0,4326.0,393
2025-07-07T12:05:00+05:30,4326.1,4326.3,4326.0,4326.0,358
2025-07-07T12:06:00+05:30,4326.0,4326.3,4326.0,4326.3,349
2025-07-07T12:07:00+05:30,4326.0,4326.2,4326.0,4326.0,379
2025-07-07T12:08:00+05:30,4326.0,4326.1,4326.0,4326.0,353
2025-07-07T12:09:00+05:30,4326.1,4326.2,4326.0,4326.2,319
2025-07-07T12:10:00+05:30,4326.0,4326.2,4326.0,4326.0,395
2025-07-07T12:11:00+05:30,4326.0,4326.1,4326.0,4326.0,576
2025-07-07T12:12:00+05:30,4326.0,4328.7,4325.4,4328.6,1556
2025-07-07T12:13:00+05:30,4327.1,4328.3,4326.6,4326.6,402
2025-07-07T12:14:00+05:30,4326.0,4326.3,4326.0,4326.0,395
2025-07-07T12:15:00+05:30,4326.0,4326.4,4326.0,4326.1,453
2025-07-07T12:16:00+05:30,4326.0,4326.4,4326.0,4326.0,465
2025-07-07T12:17:00+05:30,4326.1,4326.7,4325.0,4325.0,1295
2025-07-07T12:18:00+05:30,4325.0,4326.1,4325.0,4325.0,1220
2025-07-07T12:19:00+05:30,4325.0,4325.2,4324.0,4324.0,5268
2025-07-07T12:20:00+05:30,4323.0,4323.0,4312.0,4315.4,7133
2025-07-07T12:21:00+05:30,4314.1,4322.8,4314.1,4318.0,941
2025-07-07T12:22:00+05:30,4318.5,4325.0,4317.3,4321.3,5566
2025-07-07T12:23:00+05:30,4321.3,4321.5,4320.0,4320.8,353
2025-07-07T12:24:00+05:30,4320.2,4326.1,4320.2,4322.7,3028
2025-07-07T12:25:00+05:30,4322.1,4323.8,4321.7,4322.7,420
2025-07-07T12:26:00+05:30,4322.7,4324.3,4322.7,4324.3,936
2025-07-07T12:27:00+05:30,4324.2,4324.3,4324.2,4324.2,423
2025-07-07T12:28:00+05:30,4324.2,4326.9,4324.2,4326.8,471
2025-07-07T12:29:00+05:30,4326.8,4327.2,4326.5,4327.0,335
2025-07-07T12:30:00+05:30,4329.4,4329.9,4327.2,4327.2,1817
2025-07-07T12:31:00+05:30,4328.8,4328.8,4326.8,4327.9,667
2025-07-07T12:32:00+05:30,4327.5,4327.5,4326.0,4326.2,381
2025-07-07T12:33:00+05:30,4326.5,4327.2,4326.2,4327.0,359
2025-07-07T12:34:00+05:30,4326.4,4327.1,4326.0,4326.0,2280
2025-07-07T12:35:00+05:30,4326.0,4326.1,4326.0,4326.0,311
2025-07-07T12:36:00+05:30,4326.0,4326.1,4324.9,4324.9,4946
2025-07-07T12:37:00+05:30,4323.8,4324.8,4320.4,4320.6,1287
2025-07-07T12:38:00+05:30,4320.6,4322.9,4320.6,4322.3,375
2025-07-07T12:39:00+05:30,4322.3,4322.5,4320.4,4320.4,773
2025-07-07T12:40:00+05:30,4320.1,4321.9,4320.0,4320.0,696
2025-07-07T12:41:00+05:30,4320.0,4320.0,4316.0,4316.0,381
2025-07-07T12:42:00+05:30,4316.0,4316.2,4316.0,4316.1,411
2025-07-07T12:43:00+05:30,4316.1,4316.9,4316.0,4316.2,449
2025-07-07T12:44:00+05:30,4316.0,4316.2,4311.2,4313.3,1441
2025-07-07T12:45:00+05:30,4311.5,4313.3,4311.5,4311.5,411
2025-07-07T12:46:00+05:30,4311.5,4313.5,4311.5,4312.1,1555
2025-07-07T12:47:00+05:30,4312.0,4313.4,4312.0,4312.3,453
2025-07-07T12:48:00+05:30,4312.3,4312.5,4310.0,4310.0,1271
2025-07-07T12:49:00+05:30,4310.0,4311.2,4310.0,4310.6,528
2025-07-07T12:50:00+05:30,4310.1,4310.1,4308.4,4308.4,545
2025-07-07T12:51:00+05:30,4308.4,4310.6,4308.4,4309.0,550
2025-07-07T12:52:00+05:30,4309.0,4311.7,4309.0,4311.7,496
2025-07-07T12:53:00+05:30,4311.7,4311.7,4309.3,4309.7,339
2025-07-07T12:54:00+05:30,4309.3,4311.0,4309.0,4309.0,457
2025-07-07T12:55:00+05:30,4309.0,4310.9,4309.0,4309.7,430
2025-07-07T12:56:00+05:30,4309.9,4311.4,4308.3,4310.3,573
2025-07-07T12:57:00+05:30,4310.3,4311.7,4310.2,4311.5,399
2025-07-07T12:58:00+05:30,4310.3,4311.1,4309.0,4309.1,443
2025-07-07T12:59:00+05:30,4309.1,4310.6,4308.6,4308.6,281
2025-07-07T13:00:00+05:30,4308.6,4308.6,4305.3,4305.3,830
2025-07-07T13:01:00+05:30,4305.4,4306.6,4303.9,4305.0,2298
2025-07-07T13:02:00+05:30,4305.0,4305.3,4302.3,4304.3,1032
2025-07-07T13:03:00+05:30,4300.1,4301.1,4300.0,4301.1,2763
2025-07-07T13:04:00+05:30,4301.0,4303.9,4301.0,4303.8,813
2025-07-07T13:05:00+05:30,4303.5,4304.6,4303.5,4304.0,561
2025-07-07T13:06:00+05:30,4304.2,4305.3,4303.5,4303.6,1067
2025-07-07T13:07:00+05:30,4305.2,4305.8,4301.4,4301.4,309
2025-07-07T13:08:00+05:30,4301.5,4302.9,4301.5,4302.5,609
2025-07-07T13:09:00+05:30,4302.5,4303.4,4302.5,4303.0,367
2025-07-07T13:10:00+05:30,4302.0,4302.0,4300.0,4300.0,2607
2025-07-07T13:11:00+05:30,4300.0,4301.8,4298.5,4300.9,1065
2025-07-07T13:12:00+05:30,4301.1,4305.1,4301.1,4305.1,642
2025-07-07T13:13:00+05:30,4305.1,4305.1,4303.4,4303.7,285
2025-07-07T13:14:00+05:30,4303.5,4304.5,4303.5,4304.2,290
2025-07-07T13:15:00+05:30,4304.2,4304.8,4304.0,4304.4,345
2025-07-07T13:16:00+05:30,4304.4,4304.4,4303.5,4303.5,312
2025-07-07T13:17:00+05:30,4303.7,4304.4,4303.5,4303.5,381
2025-07-07T13:18:00+05:30,4304.4,4309.1,4303.7,4308.8,1164
2025-07-07T13:19:00+05:30,4308.8,4309.0,4307.1,4307.4,360
2025-07-07T13:20:00+05:30,4307.4,4308.9,4307.1,4307.7,469
2025-07-07T13:21:00+05:30,4307.8,4308.4,4307.3,4307.3,279
2025-07-07T13:22:00+05:30,4306.6,4307.6,4306.3,4306.8,508
2025-07-07T13:23:00+05:30,4307.4,4309.0,4307.4,4308.3,499
2025-07-07T13:24:00+05:30,4308.0,4309.3,4308.0,4308.0,252
2025-07-07T13:25:00+05:30,4308.0,4310.2,4308.0,4308.2,454
2025-07-07T13:26:00+05:30,4308.4,4308.4,4308.0,4308.0,327
2025-07-07T13:27:00+05:30,4308.0,4308.3,4306.3,4306.4,1070
2025-07-07T13:28:00+05:30,4306.4,4308.6,4306.4,4307.1,400
2025-07-07T13:29:00+05:30,4307.1,4308.0,4306.1,4306.5,345
2025-07-07T13:30:00+05:30,4306.8,4308.2,4306.8,4308.0,411
2025-07-07T13:31:00+05:30,4308.0,4310.0,4308.0,4309.7,469
2025-07-07T13:32:00+05:30,4309.7,4310.3,4307.0,4307.0,592
2025-07-07T13:33:00+05:30,4307.0,4309.5,4307.0,4308.5,496
2025-07-07T13:34:00+05:30,4308.6,4309.5,4308.6,4309.4,547
2025-07-07T13:35:00+05:30,4309.2,4309.2,4308.0,4308.0,417
2025-07-07T13:36:00+05:30,4307.8,4309.3,4306.9,4306.9,576
2025-07-07T13:37:00+05:30,4306.9,4307.4,4306.5,4306.8,325
2025-07-07T13:38:00+05:30,4306.8,4306.9,4304.0,4304.0,329
2025-07-07T13:39:00+05:30,4304.0,4305.0,4303.5,4303.7,452
2025-07-07T13:40:00+05:30,4303.6,4304.3,4303.0,4303.4,334
2025-07-07T13:41:00+05:30,4303.4,4304.5,4303.3,4304.0,554
2025-07-07T13:42:00+05:30,4304.0,4304.0,4300.3,4300.6,602
2025-07-07T13:43:00+05:30,4300.6,4302.0,4300.6,4301.3,344
2025-07-07T13:44:00+05:30,4301.3,4302.0,4301.0,4301.0,327
2025-07-07T13:45:00+05:30,4300.3,4303.5,4300.2,4302.8,690
2025-07-07T13:46:00+05:30,4305.1,4305.1,4299.2,4300.8,3513
2025-07-07T13:47:00+05:30,4300.9,4302.0,4300.3,4300.7,454
2025-07-07T13:48:00+05:30,4301.0,4303.2,4300.7,4301.2,496
2025-07-07T13:49:00+05:30,4301.0,4302.9,4300.6,4300.6,333
2025-07-07T13:50:00+05:30,4300.4,4302.0,4300.0,4300.0,347
2025-07-07T13:51:00+05:30,4300.0,4301.5,4300.0,4300.1,408
2025-07-07T13:52:00+05:30,4300.1,4302.2,4300.1,4302.2,1217
2025-07-07T13:53:00+05:30,4302.3,4304.6,4302.3,4304.4,372
2025-07-07T13:54:00+05:30,4304.4,4305.0,4303.6,4304.7,353
2025-07-07T13:55:00+05:30,4303.8,4305.0,4303.6,4304.9,598
2025-07-07T13:56:00+05:30,4304.9,4305.0,4304.0,4304.0,331
2025-07-07T13:57:00+05:30,4304.0,4304.5,4304.0,4304.1,365
2025-07-07T13:58:00+05:30,4304.1,4304.4,4303.2,4303.2,416
2025-07-07T13:59:00+05:30,4303.2,4304.6,4302.5,4302.5,349
2025-07-07T14:00:00+05:30,4303.5,4303.5,4302.6,4302.6,551
2025-07-07T14:01:00+05:30,4302.9,4303.8,4302.9,4303.8,402
2025-07-07T14:02:00+05:30,4303.4,4303.8,4302.4,4303.5,340
2025-07-07T14:03:00+05:30,4303.5,4304.5,4302.5,4303.0,472
2025-07-07T14:04:00+05:30,4303.0,4303.5,4302.1,4302.4,375
2025-07-07T14:05:00+05:30,4302.4,4304.9,4302.4,4303.1,459
2025-07-07T14:06:00+05:30,4303.1,4304.0,4302.3,4303.0,332
2025-07-07T14:07:00+05:30,4302.9,4303.3,4302.2,4302.2,334
2025-07-07T14:08:00+05:30,4302.2,4303.9,4302.2,4303.3,409
2025-07-07T14:09:00+05:30,4303.9,4304.4,4303.3,4303.3,311
2025-07-07T14:10:00+05:30,4303.3,4303.3,4302.1,4302.1,406
2025-07-07T14:11:00+05:30,4302.3,4303.3,4302.0,4302.0,329
2025-07-07T14:12:00+05:30,4302.0,4303.8,4302.0,4302.4,395
2025-07-07T14:13:00+05:30,4302.9,4303.0,4301.4,4301.7,341
2025-07-07T14:14:00+05:30,4301.7,4302.9,4301.7,4302.4,378
2025-07-07T14:15:00+05:30,4302.5,4303.9,4302.1,4303.5,406
2025-07-07T14:16:00+05:30,4303.5,4303.9,4303.0,4303.0,384
2025-07-07T14:17:00+05:30,4303.0,4304.2,4303.0,4304.1,452
2025-07-07T14:18:00+05:30,4304.7,4304.9,4303.2,4304.8,443
2025-07-07T14:19:00+05:30,4304.1,4305.5,4303.6,4305.1,809
2025-07-07T14:20:00+05:30,4305.1,4306.3,4305.0,4305.8,442
2025-07-07T14:21:00+05:30,4306.0,4306.7,4304.8,4304.8,299
2025-07-07T14:22:00+05:30,4305.2,4306.4,4305.2,4306.2,392
2025-07-07T14:23:00+05:30,4306.2,4307.4,4305.3,4305.3,366
2025-07-07T14:24:00+05:30,4305.3,4307.0,4305.0,4305.0,503
2025-07-07T14:25:00+05:30,4305.6,4305.6,4304.0,4304.5,1907
2025-07-07T14:26:00+05:30,4304.7,4305.0,4304.0,4304.0,396
2025-07-07T14:27:00+05:30,4304.5,4304.5,4303.3,4304.0,441
2025-07-07T14:28:00+05:30,4304.0,4304.5,4301.3,4301.3,338
2025-07-07T14:29:00+05:30,4301.7,4302.3,4300.4,4301.1,462
2025-07-07T14:30:00+05:30,4302.1,4302.1,4300.8,4301.4,302
2025-07-07T14:31:00+05:30,4301.5,4301.5,4293.8,4294.6,2903
2025-07-07T14:32:00+05:30,4295.0,4300.0,4295.0,4298.1,793
2025-07-07T14:33:00+05:30,4299.2,4299.2,4295.7,4296.8,624
2025-07-07T14:34:00+05:30,4296.8,4298.4,4295.2,4296.1,1271
2025-07-07T14:35:00+05:30,4296.1,4298.3,4296.0,4297.6,371
2025-07-07T14:36:00+05:30,4297.5,4298.3,4297.4,4297.4,307
2025-07-07T14:37:00+05:30,4297.4,4298.1,4296.8,4297.0,723
2025-07-07T14:38:00+05:30,4298.0,4298.5,4297.1,4297.1,576
2025-07-07T14:39:00+05:30,4297.1,4297.6,4297.0,4297.0,345
2025-07-07T14:40:00+05:30,4295.5,4296.5,4295.5,4296.0,485
2025-07-07T14:41:00+05:30,4295.9,4297.8,4295.9,4296.4,340
2025-07-07T14:42:00+05:30,4296.3,4296.9,4295.9,4296.1,354
2025-07-07T14:43:00+05:30,4296.2,4296.7,4295.8,4296.7,568
2025-07-07T14:44:00+05:30,4296.7,4297.2,4295.5,4295.9,654
2025-07-07T14:45:00+05:30,4295.2,4295.2,4294.6,4294.6,1670
2025-07-07T14:46:00+05:30,4294.9,4295.3,4294.9,4295.0,598
2025-07-07T14:47:00+05:30,4295.0,4295.4,4293.0,4293.4,1571
2025-07-07T14:48:00+05:30,4293.4,4294.7,4293.2,4293.2,449
2025-07-07T14:49:00+05:30,4293.2,4295.8,4293.0,4293.7,754
2025-07-07T14:50:00+05:30,4293.7,4295.4,4293.5,4294.3,342
2025-07-07T14:51:00+05:30,4294.5,4295.4,4293.3,4295.4,561
2025-07-07T14:52:00+05:30,4295.8,4296.9,4295.0,4295.0,594
2025-07-07T14:53:00+05:30,4295.1,4297.0,4294.4,4296.6,690
2025-07-07T14:54:00+05:30,4295.2,4296.4,4294.1,4294.4,532
2025-07-07T14:55:00+05:30,4295.8,4296.0,4294.2,4294.9,751
2025-07-07T14:56:00+05:30,4294.7,4296.9,4294.7,4296.9,553
2025-07-07T14:57:00+05:30,4296.9,4296.9,4295.6,4296.0,569
2025-07-07T14:58:00+05:30,4296.4,4298.9,4295.2,4296.7,765
2025-07-07T14:59:00+05:30,4296.7,4297.5,4296.7,4296.9,397
2025-07-07T15:00:00+05:30,4297.1,4301.7,4297.1,4300.7,1978
2025-07-07T15:01:00+05:30,4300.7,4302.6,4300.5,4301.0,887
2025-07-07T15:02:00+05:30,4302.0,4302.0,4299.8,4299.9,1860
2025-07-07T15:03:00+05:30,4299.5,4300.9,4299.3,4299.5,1002
2025-07-07T15:04:00+05:30,4299.9,4300.8,4298.7,4298.7,1598
2025-07-07T15:05:00+05:30,4299.1,4299.6,4297.9,4299.6,1244
2025-07-07T15:06:00+05:30,4299.6,4299.6,4297.6,4299.0,1425
2025-07-07T15:07:00+05:30,4299.0,4299.4,4298.1,4299.4,1456
2025-07-07T15:08:00+05:30,4298.5,4299.8,4298.5,4298.9,1230
2025-07-07T15:09:00+05:30,4298.9,4306.7,4298.9,4306.7,11739
2025-07-07T15:10:00+05:30,4306.2,4306.2,4303.6,4303.6,6338
2025-07-07T15:11:00+05:30,4303.7,4303.7,4302.4,4303.1,2210
2025-07-07T15:12:00+05:30,4302.7,4302.7,4301.1,4301.1,1824
2025-07-07T15:13:00+05:30,4302.2,4303.8,4301.8,4302.9,2432
2025-07-07T15:14:00+05:30,4303.7,4303.7,4303.1,4303.2,777
2025-07-07T15:15:00+05:30,4302.1,4303.7,4302.1,4303.6,2437
2025-07-07T15:16:00+05:30,4303.1,4303.1,4302.9,4303.0,1423
2025-07-07T15:17:00+05:30,4303.0,4303.0,4302.8,4302.9,1406
2025-07-07T15:18:00+05:30,4302.6,4303.8,4301.9,4303.8,3997
2025-07-07T15:19:00+05:30,4303.8,4305.0,4303.6,4304.1,917
2025-07-07T15:20:00+05:30,4304.2,4307.4,4304.2,4307.4,3159
2025-07-07T15:21:00+05:30,4308.6,4308.9,4307.8,4307.8,2024
2025-07-07T15:22:00+05:30,4307.7,4307.9,4306.8,4306.8,1594
2025-07-07T15:23:00+05:30,4306.3,4308.9,4306.1,4308.9,2596
2025-07-07T15:24:00+05:30,4308.9,4308.9,4306.2,4307.4,1661
2025-07-07T15:25:00+05:30,4307.4,4319.3,4307.4,4317.0,5523
2025-07-07T15:26:00+05:30,4318.6,4323.6,4317.7,4322.0,5621
2025-07-07T15:27:00+05:30,4319.3,4320.7,4311.0,4311.1,1599
2025-07-07T15:28:00+05:30,4312.9,4312.9,4308.1,4309.0,1525
2025-07-07T15:29:00+05:30,4309.1,4313.0,4305.1,4305.1,711
2025-07-08T09:15:00+05:30,4305.1,4327.0,4305.1,4317.1,2637
2025-07-08T09:16:00+05:30,4316.2,4316.4,4308.1,4309.7,1216
2025-07-08T09:17:00+05:30,4310.8,4329.0,4309.8,4318.6,5404
2025-07-08T09:18:00+05:30,4318.6,4318.6,4306.4,4308.2,3430
2025-07-08T09:19:00+05:30,4308.3,4313.6,4308.1,4311.4,3367
2025-07-08T09:20:00+05:30,4310.4,4317.4,4310.0,4314.9,2123
2025-07-08T09:21:00+05:30,4314.8,4315.0,4306.8,4310.0,1091
2025-07-08T09:22:00+05:30,4308.8,4308.8,4304.0,4307.4,1247
2025-07-08T09:23:00+05:30,4307.9,4308.9,4304.0,4306.0,1804
2025-07-08T09:24:00+05:30,4306.6,4309.9,4305.1,4307.6,583
2025-07-08T09:25:00+05:30,4308.8,4310.1,4306.7,4306.9,591
2025-07-08T09:26:00+05:30,4306.9,4309.0,4306.0,4307.5,1106
2025-07-08T09:27:00+05:30,4308.0,4313.9,4308.0,4310.1,1480
2025-07-08T09:28:00+05:30,4310.1,4311.7,4308.0,4311.3,1623
2025-07-08T09:29:00+05:30,4311.3,4311.5,4307.3,4307.3,780
2025-07-08T09:30:00+05:30,4307.3,4315.9,4307.3,4315.3,2423
2025-07-08T09:31:00+05:30,4314.3,4315.9,4311.2,4312.8,298
2025-07-08T09:32:00+05:30,4311.2,4311.4,4309.0,4310.3,376
2025-07-08T09:33:00+05:30,4310.3,4310.3,4295.9,4295.9,3767
2025-07-08T09:34:00+05:30,4295.9,4302.8,4294.0,4297.4,1833
2025-07-08T09:35:00+05:30,4297.0,4297.4,4293.0,4293.4,957
2025-07-08T09:36:00+05:30,4293.7,4299.7,4293.3,4297.9,723
2025-07-08T09:37:00+05:30,4298.9,4298.9,4292.0,4292.6,2281
2025-07-08T09:38:00+05:30,4293.8,4298.5,4293.1,4297.1,1567
2025-07-08T09:39:00+05:30,4297.1,4303.5,4295.8,4303.2,489
2025-07-08T09:40:00+05:30,4303.3,4308.7,4303.3,4307.0,2991
2025-07-08T09:41:00+05:30,4308.1,4310.0,4303.5,4303.5,837
2025-07-08T09:42:00+05:30,4305.4,4307.0,4303.4,4303.8,716
2025-07-08T09:43:00+05:30,4304.0,4307.9,4304.0,4306.8,273
2025-07-08T09:44:00+05:30,4306.9,4307.8,4305.1,4305.9,305
2025-07-08T09:45:00+05:30,4306.5,4306.6,4301.7,4301.7,445
2025-07-08T09:46:00+05:30,4303.1,4305.7,4302.8,4304.6,149
2025-07-08T09:47:00+05:30,4302.3,4302.3,4301.1,4302.3,138
2025-07-08T09:48:00+05:30,4301.1,4301.7,4300.0,4300.0,193
2025-07-08T09:49:00+05:30,4301.4,4301.6,4297.9,4300.5,829
2025-07-08T09:50:00+05:30,4300.8,4303.1,4300.0,4302.8,235
2025-07-08T09:51:00+05:30,4302.8,4303.6,4296.3,4300.0,1649
2025-07-08T09:52:00+05:30,4301.5,4301.9,4295.1,4295.1,1385
2025-07-08T09:53:00+05:30,4295.1,4296.6,4293.5,4296.6,359
2025-07-08T09:54:00+05:30,4296.6,4297.3,4292.4,4294.8,812
2025-07-08T09:55:00+05:30,4295.8,4295.8,4291.0,4292.6,772
2025-07-08T09:56:00+05:30,4292.0,4294.6,4291.8,4294.6,404
2025-07-08T09:57:00+05:30,4294.6,4299.4,4294.6,4297.3,1113
2025-07-08T09:58:00+05:30,4295.8,4297.3,4294.5,4295.0,839
2025-07-08T09:59:00+05:30,4294.5,4294.5,4292.0,4293.0,309
2025-07-08T10:00:00+05:30,4292.9,4293.0,4282.1,4284.5,3551
2025-07-08T10:01:00+05:30,4282.9,4287.7,4280.2,4287.7,2974
2025-07-08T10:02:00+05:30,4287.7,4288.8,4285.1,4286.0,556
2025-07-08T10:03:00+05:30,4285.6,4286.3,4283.7,4285.1,1360
2025-07-08T10:04:00+05:30,4285.2,4285.4,4280.1,4280.1,691
2025-07-08T10:05:00+05:30,4281.4,4281.4,4273.0,4274.6,4103
2025-07-08T10:06:00+05:30,4272.6,4274.1,4268.1,4269.4,3691
2025-07-08T10:07:00+05:30,4268.3,4269.5,4261.5,4261.5,2551
2025-07-08T10:08:00+05:30,4261.8,4280.0,4261.8,4278.3,4268
2025-07-08T10:09:00+05:30,4279.9,4279.9,4273.5,4273.5,1119
2025-07-08T10:10:00+05:30,4274.0,4274.0,4271.3,4273.8,354
2025-07-08T10:11:00+05:30,4273.8,4276.6,4272.0,4272.9,382
2025-07-08T10:12:00+05:30,4272.7,4273.7,4270.4,4273.7,587
2025-07-08T10:13:00+05:30,4273.7,4274.9,4267.6,4270.8,1101
2025-07-08T10:14:00+05:30,4270.7,4274.9,4268.2,4274.9,585
2025-07-08T10:15:00+05:30,4273.4,4274.8,4267.2,4269.7,911
2025-07-08T10:16:00+05:30,4269.8,4269.9,4266.7,4269.8,747
2025-07-08T10:17:00+05:30,4268.1,4268.1,4265.2,4267.0,382
2025-07-08T10:18:00+05:30,4266.1,4269.0,4265.0,4269.0,617
2025-07-08T10:19:00+05:30,4269.0,4270.0,4268.3,4270.0,243
2025-07-08T10:20:00+05:30,4269.4,4269.4,4255.0,4257.3,3040
2025-07-08T10:21:00+05:30,4256.9,4258.9,4255.0,4256.7,1096
2025-07-08T10:22:00+05:30,4256.7,4269.9,4256.7,4269.1,1336
2025-07-08T10:23:00+05:30,4268.0,4268.0,4261.0,4262.7,500
2025-07-08T10:24:00+05:30,4262.0,4263.4,4259.7,4259.7,385
2025-07-08T10:25:00+05:30,4261.9,4264.1,4260.2,4264.1,229
2025-07-08T10:26:00+05:30,4264.9,4269.8,4264.2,4269.8,259
2025-07-08T10:27:00+05:30,4270.0,4270.0,4266.6,4268.1,418
2025-07-08T10:28:00+05:30,4269.0,4271.0,4267.8,4271.0,503
2025-07-08T10:29:00+05:30,4271.0,4271.5,4269.4,4270.9,127
2025-07-08T10:30:00+05:30,4271.0,4271.0,4270.0,4270.0,595
2025-07-08T10:31:00+05:30,4271.0,4271.0,4269.4,4269.4,118
2025-07-08T10:32:00+05:30,4269.4,4269.5,4268.6,4269.5,66
2025-07-08T10:33:00+05:30,4269.5,4269.9,4268.5,4269.3,212
2025-07-08T10:34:00+05:30,4269.3,4269.4,4266.6,4268.9,553
2025-07-08T10:35:00+05:30,4269.4,4269.4,4264.3,4266.3,964
2025-07-08T10:36:00+05:30,4266.5,4269.9,4264.6,4269.8,457
2025-07-08T10:37:00+05:30,4269.8,4269.8,4268.5,4269.5,72
2025-07-08T10:38:00+05:30,4269.4,4269.5,4265.0,4267.7,350
2025-07-08T10:39:00+05:30,4267.7,4271.1,4266.8,4271.1,557
2025-07-08T10:40:00+05:30,4270.7,4270.7,4269.1,4269.1,253
2025-07-08T10:41:00+05:30,4270.0,4270.6,4270.0,4270.5,300
2025-07-08T10:42:00+05:30,4270.0,4271.1,4267.8,4271.1,284
2025-07-08T10:43:00+05:30,4270.9,4271.2,4265.6,4268.6,1310
2025-07-08T10:44:00+05:30,4268.6,4269.1,4266.2,4268.2,464
2025-07-08T10:45:00+05:30,4268.2,4268.8,4267.0,4268.8,37
2025-07-08T10:46:00+05:30,4268.1,4274.1,4267.5,4272.2,3195
2025-07-08T10:47:00+05:30,4271.9,4271.9,4266.5,4268.0,732
2025-07-08T10:48:00+05:30,4267.4,4267.4,4260.2,4261.8,773
2025-07-08T10:49:00+05:30,4261.8,4264.5,4260.9,4263.8,325
2025-07-08T10:50:00+05:30,4263.8,4267.7,4263.8,4263.9,227
2025-07-08T10:51:00+05:30,4264.9,4265.1,4261.8,4261.8,285
2025-07-08T10:52:00+05:30,4261.8,4262.5,4256.0,4257.0,3165
2025-07-08T10:53:00+05:30,4256.0,4257.9,4256.0,4257.0,170
2025-07-08T10:54:00+05:30,4257.9,4259.5,4257.0,4258.2,698
2025-07-08T10:55:00+05:30,4258.2,4260.9,4258.2,4260.4,292
2025-07-08T10:56:00+05:30,4260.9,4262.0,4259.7,4262.0,161
2025-07-08T10:57:00+05:30,4262.0,4263.5,4260.6,4263.5,166
2025-07-08T10:58:00+05:30,4263.5,4266.1,4263.5,4265.0,260
2025-07-08T10:59:00+05:30,4265.0,4265.8,4260.9,4261.3,381
2025-07-08T11:00:00+05:30,4261.3,4261.9,4257.2,4259.1,570
2025-07-08T11:01:00+05:30,4258.7,4268.0,4256.6,4261.9,15383
2025-07-08T11:02:00+05:30,4262.0,4262.0,4257.9,4257.9,515
2025-07-08T11:03:00+05:30,4258.3,4259.4,4256.7,4258.6,419
2025-07-08T11:04:00+05:30,4258.6,4258.6,4250.0,4251.5,3341
2025-07-08T11:05:00+05:30,4251.6,4262.8,4250.0,4261.2,4948
2025-07-08T11:06:00+05:30,4261.2,4262.5,4259.7,4260.0,2130
2025-07-08T11:07:00+05:30,4261.1,4263.9,4256.2,4261.8,4887
2025-07-08T11:08:00+05:30,4261.8,4263.5,4248.0,4248.5,6457
2025-07-08T11:09:00+05:30,4250.3,4250.3,4240.0,4244.0,3689
2025-07-08T11:10:00+05:30,4242.9,4246.9,4240.0,4245.5,1600
2025-07-08T11:11:00+05:30,4247.0,4253.4,4241.0,4251.0,6952
2025-07-08T11:12:00+05:30,4251.4,4255.0,4246.0,4253.6,3581
2025-07-08T11:13:00+05:30,4254.9,4255.3,4252.0,4253.1,6502
2025-07-08T11:14:00+05:30,4253.0,4255.7,4246.2,4248.0,3462
2025-07-08T11:15:00+05:30,4249.1,4253.0,4248.9,4253.0,1895
2025-07-08T11:16:00+05:30,4254.5,4257.6,4254.5,4257.5,4641
2025-07-08T11:17:00+05:30,4257.5,4257.5,4256.0,4256.5,366
2025-07-08T11:18:00+05:30,4256.0,4257.3,4256.0,4257.2,412
2025-07-08T11:19:00+05:30,4257.2,4260.0,4256.0,4259.0,569
2025-07-08T11:20:00+05:30,4258.8,4261.5,4258.0,4259.9,5211
2025-07-08T11:21:00+05:30,4259.8,4260.0,4256.6,4257.0,4461
2025-07-08T11:22:00+05:30,4258.3,4258.3,4257.1,4258.3,54
2025-07-08T11:23:00+05:30,4258.3,4258.3,4254.3,4256.6,1328
2025-07-08T11:24:00+05:30,4256.6,4256.6,4251.5,4251.5,361
2025-07-08T11:25:00+05:30,4251.5,4253.0,4251.4,4252.1,440
2025-07-08T11:26:00+05:30,4253.4,4268.3,4252.1,4264.1,7644
2025-07-08T11:27:00+05:30,4263.0,4263.4,4260.8,4263.1,482
2025-07-08T11:28:00+05:30,4263.0,4265.0,4263.0,4264.9,552
2025-07-08T11:29:00+05:30,4265.0,4265.0,4264.9,4265.0,359
2025-07-08T11:30:00+05:30,4265.0,4270.0,4264.1,4266.1,3021
2025-07-08T11:31:00+05:30,4266.1,4267.1,4264.3,4266.0,1500
2025-07-08T11:32:00+05:30,4266.7,4269.4,4266.7,4268.5,1836
2025-07-08T11:33:00+05:30,4268.5,4271.0,4267.4,4271.0,1151
2025-07-08T11:34:00+05:30,4270.9,4279.0,4270.2,4278.0,2559
2025-07-08T11:35:00+05:30,4278.0,4284.3,4275.8,4282.1,2655
2025-07-08T11:36:00+05:30,4282.6,4282.6,4278.7,4280.0,485
2025-07-08T11:37:00+05:30,4280.0,4282.0,4279.2,4281.5,459
2025-07-08T11:38:00+05:30,4281.5,4284.5,4280.2,4281.0,1348
2025-07-08T11:39:00+05:30,4280.0,4283.0,4279.4,4282.8,716
2025-07-08T11:40:00+05:30,4282.8,4282.8,4281.5,4282.7,295
2025-07-08T11:41:00+05:30,4282.6,4286.7,4282.0,4284.3,1418
2025-07-08T11:42:00+05:30,4284.3,4291.1,4283.0,4290.7,6459
2025-07-08T11:43:00+05:30,4290.1,4293.4,4288.5,4292.6,2808
2025-07-08T11:44:00+05:30,4292.7,4292.8,4290.0,4290.2,1497
2025-07-08T11:45:00+05:30,4291.0,4292.4,4287.8,4290.4,2957
2025-07-08T11:46:00+05:30,4290.0,4290.6,4287.0,4288.7,4877
2025-07-08T11:47:00+05:30,4290.0,4290.2,4287.0,4289.0,3730
2025-07-08T11:48:00+05:30,4290.0,4290.3,4288.5,4289.1,1343
2025-07-08T11:49:00+05:30,4290.2,4290.5,4289.1,4289.7,2886
2025-07-08T11:50:00+05:30,4290.5,4290.5,4286.0,4289.3,3322
2025-07-08T11:51:00+05:30,4290.1,4291.8,4289.6,4291.4,2086
2025-07-08T11:52:00+05:30,4291.4,4291.9,4290.9,4291.7,188
2025-07-08T11:53:00+05:30,4291.7,4291.7,4290.0,4290.2,997
2025-07-08T11:54:00+05:30,4291.6,4291.7,4290.4,4290.7,79
2025-07-08T11:55:00+05:30,4291.7,4292.3,4291.5,4291.5,1619
2025-07-08T11:56:00+05:30,4291.7,4292.4,4291.0,4292.0,794
2025-07-08T11:57:00+05:30,4292.0,4292.9,4290.0,4290.0,2312
2025-07-08T11:58:00+05:30,4290.0,4291.0,4287.0,4290.0,6909
2025-07-08T11:59:00+05:30,4290.0,4292.3,4287.0,4292.3,4881
2025-07-08T12:00:00+05:30,4292.3,4292.4,4290.0,4290.0,4625
2025-07-08T12:01:00+05:30,4290.4,4290.5,4288.6,4290.0,1215
2025-07-08T12:02:00+05:30,4290.0,4290.7,4290.0,4290.5,790
2025-07-08T12:03:00+05:30,4290.5,4290.5,4290.0,4290.0,579
2025-07-08T12:04:00+05:30,4290.0,4290.5,4290.0,4290.4,325
2025-07-08T12:05:00+05:30,4290.0,4291.9,4290.0,4291.8,1598
2025-07-08T12:06:00+05:30,4291.5,4293.7,4291.3,4292.6,953
2025-07-08T12:07:00+05:30,4293.6,4299.0,4292.6,4298.2,1662
2025-07-08T12:08:00+05:30,4297.0,4298.5,4295.0,4297.0,746
2025-07-08T12:09:00+05:30,4296.9,4297.8,4295.5,4297.8,568
2025-07-08T12:10:00+05:30,4297.8,4298.4,4295.4,4297.7,667
2025-07-08T12:11:00+05:30,4295.8,4297.7,4295.8,4297.4,113
2025-07-08T12:12:00+05:30,4297.4,4299.1,4296.2,4299.1,2048
2025-07-08T12:13:00+05:30,4299.1,4299.2,4295.0,4296.5,2994
2025-07-08T12:14:00+05:30,4296.5,4298.0,4296.5,4297.0,517
2025-07-08T12:15:00+05:30,4297.7,4297.8,4295.0,4296.0,2158
2025-07-08T12:16:00+05:30,4296.0,4296.0,4292.5,4295.4,2536
2025-07-08T12:17:00+05:30,4295.4,4295.9,4295.0,4295.5,780
2025-07-08T12:18:00+05:30,4295.9,4296.0,4295.5,4296.0,82
2025-07-08T12:19:00+05:30,4295.9,4296.2,4295.5,4295.9,781
2025-07-08T12:20:00+05:30,4295.9,4299.0,4295.5,4298.2,1438
2025-07-08T12:21:00+05:30,4298.6,4299.2,4298.3,4298.3,392
2025-07-08T12:22:00+05:30,4298.4,4300.7,4293.5,4300.4,18978
2025-07-08T12:23:00+05:30,4300.4,4305.0,4300.4,4304.0,1673
2025-07-08T12:24:00+05:30,4304.0,4304.0,4302.2,4303.2,401
2025-07-08T12:25:00+05:30,4304.0,4305.4,4301.4,4302.8,2380
2025-07-08T12:26:00+05:30,4302.9,4303.0,4300.8,4302.8,413
2025-07-08T12:27:00+05:30,4302.4,4302.8,4302.2,4302.7,66
2025-07-08T12:28:00+05:30,4302.7,4302.7,4301.2,4301.3,306
2025-07-08T12:29:00+05:30,4302.7,4303.2,4301.1,4301.1,463
2025-07-08T12:30:00+05:30,4301.0,4302.5,4299.1,4301.7,808
2025-07-08T12:31:00+05:30,4301.7,4304.0,4298.7,4300.0,2779
2025-07-08T12:32:00+05:30,4301.1,4301.1,4295.1,4300.7,9291
2025-07-08T12:33:00+05:30,4300.7,4305.0,4300.1,4303.7,682
2025-07-08T12:34:00+05:30,4304.9,4305.0,4302.1,4304.0,231
2025-07-08T12:35:00+05:30,4303.9,4304.0,4303.5,4304.0,86
2025-07-08T12:36:00+05:30,4304.0,4307.0,4303.5,4306.7,1859
2025-07-08T12:37:00+05:30,4306.7,4308.0,4305.0,4308.0,497
2025-07-08T12:38:00+05:30,4308.0,4308.0,4307.0,4308.0,511
2025-07-08T12:39:00+05:30,4308.0,4308.0,4307.0,4307.0,182
2025-07-08T12:40:00+05:30,4308.0,4308.9,4306.8,4308.9,2125
2025-07-08T12:41:00+05:30,4308.9,4308.9,4300.2,4300.8,1036
2025-07-08T12:42:00+05:30,4300.7,4306.6,4300.6,4306.6,642
2025-07-08T12:43:00+05:30,4306.6,4309.9,4304.9,4309.2,654
2025-07-08T12:44:00+05:30,4309.9,4310.0,4309.2,4310.0,404
2025-07-08T12:45:00+05:30,4310.0,4311.4,4305.0,4308.9,1728
2025-07-08T12:46:00+05:30,4308.0,4308.8,4306.3,4307.9,356
2025-07-08T12:47:00+05:30,4308.2,4308.4,4306.3,4307.2,334
2025-07-08T12:48:00+05:30,4307.4,4307.5,4306.3,4307.4,318
2025-07-08T12:49:00+05:30,4307.5,4309.7,4306.6,4309.1,973
2025-07-08T12:50:00+05:30,4309.1,4309.3,4303.9,4308.9,1398
2025-07-08T12:51:00+05:30,4308.9,4308.9,4303.6,4306.8,644
2025-07-08T12:52:00+05:30,4306.8,4306.8,4305.1,4305.1,114
2025-07-08T12:53:00+05:30,4306.0,4306.5,4305.0,4306.0,202
2025-07-08T12:54:00+05:30,4305.9,4307.9,4304.9,4307.9,442
2025-07-08T12:55:00+05:30,4307.9,4309.3,4306.0,4309.3,924
2025-07-08T12:56:00+05:30,4308.7,4309.6,4304.7,4306.6,503
2025-07-08T12:57:00+05:30,4306.8,4307.1,4305.5,4307.1,90
2025-07-08T12:58:00+05:30,4307.0,4307.0,4303.0,4303.1,441
2025-07-08T12:59:00+05:30,4303.0,4303.9,4302.0,4302.0,170
2025-07-08T13:00:00+05:30,4303.5,4303.5,4300.3,4302.8,1102
2025-07-08T13:01:00+05:30,4302.0,4305.9,4300.4,4303.5,3500
2025-07-08T13:02:00+05:30,4305.6,4305.6,4302.7,4302.8,588
2025-07-08T13:03:00+05:30,4304.6,4304.6,4301.1,4301.1,251
2025-07-08T13:04:00+05:30,4302.8,4302.8,4300.5,4301.9,558
2025-07-08T13:05:00+05:30,4301.7,4303.3,4301.0,4303.2,601
2025-07-08T13:06:00+05:30,4303.2,4303.3,4302.1,4302.7,150
2025-07-08T13:07:00+05:30,4303.2,4303.3,4301.7,4303.3,243
2025-07-08T13:08:00+05:30,4303.4,4306.3,4303.4,4306.2,303
2025-07-08T13:09:00+05:30,4306.0,4306.4,4304.3,4304.3,403
2025-07-08T13:10:00+05:30,4305.0,4305.0,4303.4,4305.0,328
2025-07-08T13:11:00+05:30,4304.9,4305.0,4303.8,4304.6,121
2025-07-08T13:12:00+05:30,4304.5,4305.8,4304.4,4305.7,565
2025-07-08T13:13:00+05:30,4305.5,4305.7,4303.4,4305.5,173
2025-07-08T13:14:00+05:30,4305.0,4305.9,4304.0,4305.4,127
2025-07-08T13:15:00+05:30,4305.4,4305.6,4304.0,4305.4,189
2025-07-08T13:16:00+05:30,4305.4,4305.4,4301.3,4301.3,634
2025-07-08T13:17:00+05:30,4302.8,4304.5,4300.0,4302.6,1486
2025-07-08T13:18:00+05:30,4304.0,4304.0,4301.3,4303.0,196
2025-07-08T13:19:00+05:30,4303.0,4303.2,4300.5,4300.5,371
2025-07-08T13:20:00+05:30,4303.1,4303.8,4301.9,4303.8,151
2025-07-08T13:21:00+05:30,4303.8,4306.0,4302.1,4303.8,469
2025-07-08T13:22:00+05:30,4303.8,4304.3,4301.5,4303.4,167
2025-07-08T13:23:00+05:30,4303.1,4303.7,4301.1,4302.0,392
2025-07-08T13:24:00+05:30,4301.0,4302.7,4300.5,4300.7,208
2025-07-08T13:25:00+05:30,4301.2,4301.2,4300.0,4301.0,276
2025-07-08T13:26:00+05:30,4301.0,4303.4,4300.0,4301.9,786
2025-07-08T13:27:00+05:30,4303.4,4303.6,4301.6,4303.4,191
2025-07-08T13:28:00+05:30,4303.4,4303.4,4300.0,4301.1,680
2025-07-08T13:29:00+05:30,4301.3,4301.4,4300.0,4300.0,1547
2025-07-08T13:30:00+05:30,4300.7,4300.7,4294.0,4295.7,1849
2025-07-08T13:31:00+05:30,4295.7,4295.7,4288.4,4288.8,1620
2025-07-08T13:32:00+05:30,4289.4,4295.2,4289.2,4294.5,369
2025-07-08T13:33:00+05:30,4295.2,4295.2,4293.9,4295.0,80
2025-07-08T13:34:00+05:30,4295.2,4296.4,4294.1,4295.0,198
2025-07-08T13:35:00+05:30,4295.0,4295.0,4294.0,4295.0,270
2025-07-08T13:36:00+05:30,4295.0,4295.0,4293.4,4293.5,181
2025-07-08T13:37:00+05:30,4293.5,4293.5,4291.6,4291.6,475
2025-07-08T13:38:00+05:30,4292.4,4292.4,4287.1,4287.9,1296
2025-07-08T13:39:00+05:30,4287.9,4290.4,4287.9,4290.0,348
2025-07-08T13:40:00+05:30,4289.9,4292.3,4289.2,4292.3,355
2025-07-08T13:41:00+05:30,4292.3,4292.3,4290.1,4291.2,155
2025-07-08T13:42:00+05:30,4291.2,4292.3,4290.6,4292.3,191
2025-07-08T13:43:00+05:30,4292.3,4293.6,4289.8,4290.4,749
2025-07-08T13:44:00+05:30,4291.8,4292.6,4288.8,4290.9,419
2025-07-08T13:45:00+05:30,4290.9,4292.3,4290.4,4291.2,245
2025-07-08T13:46:00+05:30,4292.4,4293.4,4291.1,4292.4,352
2025-07-08T13:47:00+05:30,4292.4,4292.5,4289.8,4290.2,215
2025-07-08T13:48:00+05:30,4291.0,4291.0,4289.8,4290.8,199
2025-07-08T13:49:00+05:30,4290.8,4290.8,4289.9,4290.0,299
2025-07-08T13:50:00+05:30,4290.6,4292.5,4289.8,4291.4,878
2025-07-08T13:51:00+05:30,4290.4,4291.6,4287.1,4288.8,394
2025-07-08T13:52:00+05:30,4288.4,4288.6,4287.9,4288.6,129
2025-07-08T13:53:00+05:30,4288.6,4289.9,4287.1,4287.4,473
2025-07-08T13:54:00+05:30,4288.7,4289.9,4288.0,4289.9,140
2025-07-08T13:55:00+05:30,4289.9,4290.0,4288.4,4289.8,198
2025-07-08T13:56:00+05:30,4289.8,4289.8,4288.4,4289.6,376
2025-07-08T13:57:00+05:30,4289.6,4289.6,4287.1,4288.0,357
2025-07-08T13:58:00+05:30,4288.0,4289.6,4287.2,4287.6,299
2025-07-08T13:59:00+05:30,4287.9,4287.9,4283.0,4284.3,449
2025-07-08T14:00:00+05:30,4283.5,4285.0,4281.3,4282.6,195
2025-07-08T14:01:00+05:30,4282.4,4284.0,4281.9,4282.6,705
2025-07-08T14:02:00+05:30,4282.2,4284.3,4282.0,4284.3,669
2025-07-08T14:03:00+05:30,4285.0,4286.2,4283.0,4284.0,382
2025-07-08T14:04:00+05:30,4284.0,4286.1,4283.8,4285.4,264
2025-07-08T14:05:00+05:30,4285.3,4285.3,4282.9,4283.4,370
2025-07-08T14:06:00+05:30,4283.4,4283.4,4281.5,4282.4,155
2025-07-08T14:07:00+05:30,4282.4,4285.4,4282.4,4285.4,451
2025-07-08T14:08:00+05:30,4285.4,4286.1,4284.2,4285.9,209
2025-07-08T14:09:00+05:30,4285.9,4286.3,4284.9,4284.9,215
2025-07-08T14:10:00+05:30,4285.0,4285.0,4284.2,4285.0,247
2025-07-08T14:11:00+05:30,4285.0,4285.0,4277.9,4278.8,1606
2025-07-08T14:12:00+05:30,4280.0,4284.9,4280.0,4284.3,346
2025-07-08T14:13:00+05:30,4284.3,4284.5,4282.1,4283.5,102
2025-07-08T14:14:00+05:30,4283.5,4283.5,4282.4,4283.5,69
2025-07-08T14:15:00+05:30,4283.5,4283.5,4281.0,4283.1,123
2025-07-08T14:16:00+05:30,4283.1,4283.3,4281.0,4282.4,133
2025-07-08T14:17:00+05:30,4281.4,4282.3,4279.0,4281.5,328
2025-07-08T14:18:00+05:30,4281.6,4282.7,4280.2,4282.6,612
2025-07-08T14:19:00+05:30,4281.8,4282.7,4279.3,4280.1,318
2025-07-08T14:20:00+05:30,4281.8,4282.1,4279.8,4281.9,351
2025-07-08T14:21:00+05:30,4281.8,4282.0,4280.0,4282.0,112
2025-07-08T14:22:00+05:30,4282.7,4283.2,4281.5,4282.8,287
2025-07-08T14:23:00+05:30,4282.8,4283.2,4280.0,4281.4,231
2025-07-08T14:24:00+05:30,4281.4,4282.0,4281.0,4282.0,138
2025-07-08T14:25:00+05:30,4282.0,4283.9,4281.3,4282.9,422
2025-07-08T14:26:00+05:30,4282.8,4283.2,4281.1,4283.2,140
2025-07-08T14:27:00+05:30,4283.2,4283.5,4282.8,4283.5,228
2025-07-08T14:28:00+05:30,4283.5,4286.2,4283.5,4285.9,195
2025-07-08T14:29:00+05:30,4285.9,4286.1,4284.0,4286.1,244
2025-07-08T14:30:00+05:30,4284.1,4285.2,4282.5,4284.8,230
2025-07-08T14:31:00+05:30,4285.2,4287.0,4284.8,4287.0,170
2025-07-08T14:32:00+05:30,4286.0,4288.0,4285.2,4288.0,333
2025-07-08T14:33:00+05:30,4288.0,4288.9,4285.4,4287.1,321
2025-07-08T14:34:00+05:30,4287.2,4287.3,4285.4,4287.3,53
2025-07-08T14:35:00+05:30,4287.7,4288.5,4286.0,4287.8,214
2025-07-08T14:36:00+05:30,4286.8,4286.8,4281.3,4281.3,738
2025-07-08T14:37:00+05:30,4281.3,4283.0,4281.3,4283.0,151
2025-07-08T14:38:00+05:30,4284.3,4285.6,4282.6,4283.6,141
2025-07-08T14:39:00+05:30,4284.9,4285.6,4283.7,4285.6,67
2025-07-08T14:40:00+05:30,4284.4,4286.5,4284.4,4286.4,110
2025-07-08T14:41:00+05:30,4287.1,4287.2,4284.4,4286.6,39
2025-07-08T14:42:00+05:30,4286.7,4290.0,4285.0,4288.0,2959
2025-07-08T14:43:00+05:30,4288.0,4288.0,4284.4,4284.4,222
2025-07-08T14:44:00+05:30,4284.4,4286.0,4283.2,4283.2,34
2025-07-08T14:45:00+05:30,4284.5,4284.5,4283.2,4284.4,95
2025-07-08T14:46:00+05:30,4284.3,4285.5,4283.4,4285.5,375
2025-07-08T14:47:00+05:30,4285.5,4286.2,4285.5,4286.2,124
2025-07-08T14:48:00+05:30,4286.2,4287.1,4283.0,4284.1,653
2025-07-08T14:49:00+05:30,4285.7,4286.0,4284.0,4286.0,63
2025-07-08T14:50:00+05:30,4285.0,4285.9,4284.0,4284.0,338
2025-07-08T14:51:00+05:30,4283.9,4283.9,4283.0,4283.9,139
2025-07-08T14:52:00+05:30,4283.3,4283.9,4282.1,4283.8,359
2025-07-08T14:53:00+05:30,4282.3,4283.8,4281.8,4282.0,503
2025-07-08T14:54:00+05:30,4281.2,4282.0,4281.2,4282.0,167
2025-07-08T14:55:00+05:30,4282.0,4283.7,4281.0,4281.9,783
2025-07-08T14:56:00+05:30,4283.5,4283.5,4281.3,4283.0,169
2025-07-08T14:57:00+05:30,4283.0,4283.0,4281.1,4281.8,223
2025-07-08T14:58:00+05:30,4282.8,4283.5,4282.0,4283.5,275
2025-07-08T14:59:00+05:30,4283.5,4287.0,4282.9,4285.4,1174
2025-07-08T15:00:00+05:30,4285.8,4293.5,4284.8,4293.5,3409
2025-07-08T15:01:00+05:30,4293.5,4296.0,4292.9,4292.9,1355
2025-07-08T15:02:00+05:30,4294.3,4294.3,4293.1,4294.1,424
2025-07-08T15:03:00+05:30,4294.1,4296.3,4294.0,4295.9,859
2025-07-08T15:04:00+05:30,4295.9,4296.1,4293.8,4294.0,775
2025-07-08T15:05:00+05:30,4294.3,4296.2,4294.0,4295.8,1285
2025-07-08T15:06:00+05:30,4296.2,4297.8,4295.8,4297.8,783
2025-07-08T15:07:00+05:30,4297.7,4298.7,4296.9,4298.7,1064
2025-07-08T15:08:00+05:30,4298.7,4298.7,4295.8,4297.1,2046
2025-07-08T15:09:00+05:30,4298.0,4303.0,4297.1,4302.2,3467
2025-07-08T15:10:00+05:30,4302.0,4303.2,4300.0,4301.5,2497
2025-07-08T15:11:00+05:30,4301.3,4301.3,4298.7,4299.6,1392
2025-07-08T15:12:00+05:30,4299.9,4303.4,4299.6,4302.6,3152
2025-07-08T15:13:00+05:30,4303.4,4303.5,4300.3,4301.6,2764
2025-07-08T15:14:00+05:30,4301.5,4304.7,4300.8,4302.2,3497
2025-07-08T15:15:00+05:30,4302.4,4303.9,4301.3,4302.9,2378
2025-07-08T15:16:00+05:30,4302.9,4303.9,4301.8,4302.5,2380
2025-07-08T15:17:00+05:30,4302.5,4303.0,4302.4,4302.9,1314
2025-07-08T15:18:00+05:30,4302.7,4303.8,4302.7,4303.4,2388
2025-07-08T15:19:00+05:30,4303.7,4303.9,4303.0,4303.2,2665
2025-07-08T15:20:00+05:30,4303.1,4303.5,4302.2,4303.2,3555
2025-07-08T15:21:00+05:30,4303.1,4303.3,4302.2,4302.4,2012
2025-07-08T15:22:00+05:30,4302.6,4302.7,4300.2,4301.7,1571
2025-07-08T15:23:00+05:30,4301.6,4301.6,4300.0,4301.5,1531
2025-07-08T15:24:00+05:30,4301.5,4303.0,4301.4,4301.5,4766
2025-07-08T15:25:00+05:30,4302.1,4302.7,4301.5,4302.3,1512
2025-07-08T15:26:00+05:30,4302.2,4302.2,4298.6,4299.1,1428
2025-07-08T15:27:00+05:30,4299.1,4299.1,4298.0,4298.7,900
2025-07-08T15:28:00+05:30,4298.7,4298.9,4295.1,4295.1,842
2025-07-08T15:29:00+05:30,4297.9,4298.0,4295.1,4297.0,567
