time,open,high,low,close,volume
2025-06-09T09:15:00+05:30,3128.0,3129.9,3117.1,3129.2,40469
2025-06-09T09:16:00+05:30,3129.5,3135.0,3126.1,3135.0,36608
2025-06-09T09:17:00+05:30,3134.9,3141.0,3134.2,3134.7,33694
2025-06-09T09:18:00+05:30,3135.0,3136.9,3130.0,3130.3,17774
2025-06-09T09:19:00+05:30,3130.2,3132.9,3127.8,3129.5,7604
2025-06-09T09:20:00+05:30,3130.0,3130.6,3122.3,3124.4,13618
2025-06-09T09:21:00+05:30,3124.0,3128.9,3121.9,3124.9,3198
2025-06-09T09:22:00+05:30,3124.8,3129.9,3122.5,3129.6,10102
2025-06-09T09:23:00+05:30,3130.0,3133.5,3128.8,3133.5,7070
2025-06-09T09:24:00+05:30,3133.5,3135.0,3130.5,3131.1,6691
2025-06-09T09:25:00+05:30,3131.8,3131.8,3127.0,3129.0,5253
2025-06-09T09:26:00+05:30,3128.4,3131.6,3127.4,3129.0,6934
2025-06-09T09:27:00+05:30,3129.4,3129.4,3127.0,3127.7,3082
2025-06-09T09:28:00+05:30,3128.9,3129.0,3122.9,3123.2,4521
2025-06-09T09:29:00+05:30,3124.4,3124.6,3122.0,3123.2,4974
2025-06-09T09:30:00+05:30,3122.7,3124.0,3118.4,3120.0,10977
2025-06-09T09:31:00+05:30,3118.7,3120.0,3116.0,3117.9,11252
2025-06-09T09:32:00+05:30,3119.0,3124.0,3118.0,3124.0,7449
2025-06-09T09:33:00+05:30,3124.0,3126.8,3120.0,3121.6,4934
2025-06-09T09:34:00+05:30,3120.0,3124.9,3120.0,3123.4,2744
2025-06-09T09:35:00+05:30,3123.4,3125.0,3122.3,3123.4,3210
2025-06-09T09:36:00+05:30,3122.3,3125.0,3122.1,3124.8,3092
2025-06-09T09:37:00+05:30,3123.9,3124.9,3122.0,3122.0,3085
2025-06-09T09:38:00+05:30,3123.2,3125.0,3122.1,3125.0,4486
2025-06-09T09:39:00+05:30,3125.0,3125.0,3122.3,3123.8,1727
2025-06-09T09:40:00+05:30,3123.0,3124.6,3116.2,3119.4,14373
2025-06-09T09:41:00+05:30,3120.0,3121.4,3117.6,3118.0,3459
2025-06-09T09:42:00+05:30,3118.9,3119.7,3117.9,3119.7,2572
2025-06-09T09:43:00+05:30,3119.0,3123.3,3118.1,3120.5,44255
2025-06-09T09:44:00+05:30,3121.4,3123.0,3120.2,3122.0,3077
2025-06-09T09:45:00+05:30,3122.0,3124.9,3122.0,3123.2,3571
2025-06-09T09:46:00+05:30,3122.7,3123.4,3122.0,3122.4,1132
2025-06-09T09:47:00+05:30,3122.5,3123.0,3121.0,3121.0,4145
2025-06-09T09:48:00+05:30,3121.0,3122.2,3120.0,3120.9,1708
2025-06-09T09:49:00+05:30,3121.7,3123.0,3120.6,3121.8,2439
2025-06-09T09:50:00+05:30,3121.8,3123.0,3120.0,3120.9,1439
2025-06-09T09:51:00+05:30,3121.0,3125.0,3120.0,3125.0,5164
2025-06-09T09:52:00+05:30,3124.4,3125.0,3122.0,3124.0,3432
2025-06-09T09:53:00+05:30,3124.2,3124.2,3122.4,3122.7,2009
2025-06-09T09:54:00+05:30,3122.7,3124.3,3122.0,3122.6,6051
2025-06-09T09:55:00+05:30,3123.2,3123.9,3122.6,3123.9,793
2025-06-09T09:56:00+05:30,3123.9,3124.0,3122.6,3123.1,2541
2025-06-09T09:57:00+05:30,3122.6,3123.1,3121.0,3121.8,2525
2025-06-09T09:58:00+05:30,3121.3,3122.7,3121.3,3122.6,1406
2025-06-09T09:59:00+05:30,3122.6,3122.7,3120.8,3121.2,2335
2025-06-09T10:00:00+05:30,3122.4,3122.9,3120.2,3120.2,1832
2025-06-09T10:01:00+05:30,3120.8,3121.2,3120.1,3120.2,630
2025-06-09T10:02:00+05:30,3120.2,3121.9,3119.0,3120.0,11010
2025-06-09T10:03:00+05:30,3120.0,3121.0,3119.6,3120.8,9493
2025-06-09T10:04:00+05:30,3120.8,3120.8,3119.9,3120.2,4275
2025-06-09T10:05:00+05:30,3120.0,3122.0,3120.0,3120.7,1267
2025-06-09T10:06:00+05:30,3120.6,3120.6,3117.0,3117.0,12137
2025-06-09T10:07:00+05:30,3117.1,3119.0,3117.0,3117.0,3193
2025-06-09T10:08:00+05:30,3117.2,3117.7,3110.5,3111.1,15373
2025-06-09T10:09:00+05:30,3111.5,3112.0,3110.0,3111.5,5729
2025-06-09T10:10:00+05:30,3111.0,3114.3,3110.3,3113.1,4854
2025-06-09T10:11:00+05:30,3113.8,3113.8,3110.0,3110.4,3296
2025-06-09T10:12:00+05:30,3111.3,3111.5,3108.0,3109.7,5628
2025-06-09T10:13:00+05:30,3109.7,3109.8,3108.0,3108.8,2038
2025-06-09T10:14:00+05:30,3108.8,3109.8,3108.3,3109.1,1799
2025-06-09T10:15:00+05:30,3109.1,3109.6,3108.0,3108.1,2353
2025-06-09T10:16:00+05:30,3108.5,3111.3,3108.1,3108.6,5321
2025-06-09T10:17:00+05:30,3108.1,3108.6,3106.5,3108.0,6849
2025-06-09T10:18:00+05:30,3106.8,3108.6,3106.5,3106.5,2453
2025-06-09T10:19:00+05:30,3106.5,3110.1,3106.5,3110.1,2158
2025-06-09T10:20:00+05:30,3110.0,3112.7,3109.2,3112.7,2593
2025-06-09T10:21:00+05:30,3112.7,3114.3,3112.0,3112.1,3191
2025-06-09T10:22:00+05:30,3113.0,3115.0,3111.9,3115.0,1292
2025-06-09T10:23:00+05:30,3115.0,3115.8,3113.0,3113.9,4191
2025-06-09T10:24:00+05:30,3113.9,3114.8,3113.3,3114.1,1258
2025-06-09T10:25:00+05:30,3114.0,3114.0,3112.0,3113.3,2516
2025-06-09T10:26:00+05:30,3113.3,3113.6,3111.0,3111.1,4466
2025-06-09T10:27:00+05:30,3112.2,3113.8,3110.7,3112.6,2319
2025-06-09T10:28:00+05:30,3111.8,3112.7,3110.1,3110.1,980
2025-06-09T10:29:00+05:30,3111.0,3111.5,3110.0,3111.0,1491
2025-06-09T10:30:00+05:30,3111.0,3112.2,3110.3,3112.2,1436
2025-06-09T10:31:00+05:30,3112.2,3115.0,3111.8,3115.0,2304
2025-06-09T10:32:00+05:30,3115.0,3115.0,3112.0,3113.0,2538
2025-06-09T10:33:00+05:30,3113.1,3114.0,3111.6,3113.1,1202
2025-06-09T10:34:00+05:30,3113.5,3113.5,3110.7,3111.4,3099
2025-06-09T10:35:00+05:30,3110.7,3111.4,3107.0,3108.5,3237
2025-06-09T10:36:00+05:30,3107.8,3109.2,3106.2,3107.3,4628
2025-06-09T10:37:00+05:30,3106.2,3107.8,3106.0,3106.1,1599
2025-06-09T10:38:00+05:30,3106.1,3107.5,3105.0,3105.6,3139
2025-06-09T10:39:00+05:30,3105.6,3106.7,3103.3,3103.3,4270
2025-06-09T10:40:00+05:30,3103.3,3104.4,3096.3,3097.7,14725
2025-06-09T10:41:00+05:30,3097.7,3100.0,3096.0,3099.6,2082
2025-06-09T10:42:00+05:30,3099.6,3102.0,3099.0,3100.5,2349
2025-06-09T10:43:00+05:30,3101.1,3103.5,3100.5,3102.4,3149
2025-06-09T10:44:00+05:30,3102.8,3105.0,3101.4,3104.5,8080
2025-06-09T10:45:00+05:30,3105.0,3106.0,3101.7,3106.0,2144
2025-06-09T10:46:00+05:30,3104.7,3106.1,3103.2,3103.6,1400
2025-06-09T10:47:00+05:30,3103.9,3105.9,3103.2,3105.1,1122
2025-06-09T10:48:00+05:30,3105.0,3107.1,3104.0,3106.8,1659
2025-06-09T10:49:00+05:30,3106.7,3106.7,3104.5,3104.5,1172
2025-06-09T10:50:00+05:30,3105.3,3105.3,3103.6,3104.8,875
2025-06-09T10:51:00+05:30,3104.8,3107.2,3104.3,3105.5,1451
2025-06-09T10:52:00+05:30,3106.1,3106.1,3104.0,3104.0,2395
2025-06-09T10:53:00+05:30,3104.0,3104.0,3102.1,3102.5,1938
2025-06-09T10:54:00+05:30,3103.4,3103.6,3102.1,3102.5,1435
2025-06-09T10:55:00+05:30,3102.5,3103.5,3098.1,3098.9,8297
2025-06-09T10:56:00+05:30,3098.9,3099.7,3097.5,3097.5,3636
2025-06-09T10:57:00+05:30,3098.4,3098.8,3091.0,3091.9,12899
2025-06-09T10:58:00+05:30,3091.6,3092.7,3090.3,3091.0,6612
2025-06-09T10:59:00+05:30,3091.0,3091.4,3087.0,3088.0,9827
2025-06-09T11:00:00+05:30,3088.3,3090.2,3087.0,3090.2,3476
2025-06-09T11:01:00+05:30,3089.9,3095.5,3089.2,3094.1,4870
2025-06-09T11:02:00+05:30,3094.2,3094.2,3089.3,3089.7,4578
2025-06-09T11:03:00+05:30,3089.7,3090.8,3088.0,3089.5,2542
2025-06-09T11:04:00+05:30,3089.5,3093.0,3089.5,3090.3,3882
2025-06-09T11:05:00+05:30,3091.1,3092.7,3089.5,3089.5,4133
2025-06-09T11:06:00+05:30,3090.0,3090.7,3089.1,3090.7,1966
2025-06-09T11:07:00+05:30,3090.2,3091.0,3088.0,3088.6,2811
2025-06-09T11:08:00+05:30,3088.6,3090.6,3087.6,3090.6,1744
2025-06-09T11:09:00+05:30,3090.6,3092.0,3089.7,3091.0,1567
2025-06-09T11:10:00+05:30,3090.3,3092.6,3087.7,3091.7,5871
2025-06-09T11:11:00+05:30,3091.4,3091.9,3090.0,3091.8,2427
2025-06-09T11:12:00+05:30,3091.7,3093.0,3090.5,3091.8,3315
2025-06-09T11:13:00+05:30,3091.7,3093.2,3090.0,3090.9,4911
2025-06-09T11:14:00+05:30,3090.9,3092.0,3088.8,3090.3,4627
2025-06-09T11:15:00+05:30,3089.1,3091.0,3089.1,3089.7,2405
2025-06-09T11:16:00+05:30,3089.7,3091.1,3089.3,3089.3,2115
2025-06-09T11:17:00+05:30,3089.3,3090.2,3088.0,3089.4,3015
2025-06-09T11:18:00+05:30,3088.2,3092.7,3088.2,3090.9,4478
2025-06-09T11:19:00+05:30,3090.9,3091.1,3090.0,3090.3,1614
2025-06-09T11:20:00+05:30,3091.0,3092.0,3090.3,3091.0,1063
2025-06-09T11:21:00+05:30,3091.8,3093.4,3091.0,3092.3,1613
2025-06-09T11:22:00+05:30,3092.3,3093.4,3091.8,3092.6,1583
2025-06-09T11:23:00+05:30,3092.7,3097.2,3091.5,3096.1,20765
2025-06-09T11:24:00+05:30,3096.1,3096.8,3095.0,3095.9,2732
2025-06-09T11:25:00+05:30,3095.0,3096.7,3092.5,3096.7,15645
2025-06-09T11:26:00+05:30,3096.6,3097.1,3093.5,3094.2,7977
2025-06-09T11:27:00+05:30,3095.0,3096.3,3093.6,3095.8,2983
2025-06-09T11:28:00+05:30,3095.0,3095.8,3094.1,3094.6,2929
2025-06-09T11:29:00+05:30,3094.6,3095.2,3093.8,3095.1,2098
2025-06-09T11:30:00+05:30,3094.1,3095.2,3094.0,3095.1,997
2025-06-09T11:31:00+05:30,3095.1,3096.1,3095.0,3095.5,1520
2025-06-09T11:32:00+05:30,3095.5,3096.6,3095.0,3095.6,3422
2025-06-09T11:33:00+05:30,3095.5,3096.4,3094.9,3095.0,1867
2025-06-09T11:34:00+05:30,3095.0,3095.3,3094.0,3094.3,1346
2025-06-09T11:35:00+05:30,3094.3,3095.5,3093.5,3095.2,3207
2025-06-09T11:36:00+05:30,3095.3,3096.2,3094.5,3095.8,1136
2025-06-09T11:37:00+05:30,3095.2,3096.0,3095.0,3095.9,832
2025-06-09T11:38:00+05:30,3095.2,3096.7,3095.0,3096.1,3704
2025-06-09T11:39:00+05:30,3096.1,3096.3,3095.0,3095.0,1719
2025-06-09T11:40:00+05:30,3095.0,3096.0,3094.4,3096.0,1938
2025-06-09T11:41:00+05:30,3096.0,3096.1,3092.3,3092.3,8248
2025-06-09T11:42:00+05:30,3092.2,3093.4,3091.1,3091.7,1785
2025-06-09T11:43:00+05:30,3091.7,3092.8,3091.2,3091.7,1009
2025-06-09T11:44:00+05:30,3092.0,3093.0,3092.0,3092.0,1567
2025-06-09T11:45:00+05:30,3093.0,3093.0,3091.5,3092.4,1448
2025-06-09T11:46:00+05:30,3091.5,3093.8,3091.5,3093.0,1678
2025-06-09T11:47:00+05:30,3093.8,3094.4,3092.1,3094.4,1203
2025-06-09T11:48:00+05:30,3093.1,3094.7,3093.1,3094.0,2078
2025-06-09T11:49:00+05:30,3094.1,3094.9,3093.4,3094.6,737
2025-06-09T11:50:00+05:30,3094.6,3095.0,3093.3,3093.3,1431
2025-06-09T11:51:00+05:30,3093.3,3094.0,3092.0,3093.3,1968
2025-06-09T11:52:00+05:30,3092.6,3093.4,3092.1,3092.8,988
2025-06-09T11:53:00+05:30,3092.8,3093.2,3092.0,3093.1,979
2025-06-09T11:54:00+05:30,3093.0,3093.1,3092.0,3092.5,560
2025-06-09T11:55:00+05:30,3092.5,3093.3,3091.5,3092.2,1248
2025-06-09T11:56:00+05:30,3092.2,3093.4,3092.0,3092.0,1844
2025-06-09T11:57:00+05:30,3092.2,3092.6,3091.5,3092.5,1029
2025-06-09T11:58:00+05:30,3091.5,3093.4,3091.2,3092.4,1665
2025-06-09T11:59:00+05:30,3093.4,3093.5,3092.0,3092.2,1557
2025-06-09T12:00:00+05:30,3092.6,3093.3,3091.1,3091.2,1485
2025-06-09T12:01:00+05:30,3091.2,3092.0,3090.0,3090.5,3379
2025-06-09T12:02:00+05:30,3090.0,3092.1,3090.0,3091.8,1339
2025-06-09T12:03:00+05:30,3091.1,3092.0,3090.0,3090.3,2609
2025-06-09T12:04:00+05:30,3090.3,3091.7,3090.0,3090.0,2849
2025-06-09T12:05:00+05:30,3090.9,3091.8,3090.0,3090.1,1674
2025-06-09T12:06:00+05:30,3090.1,3092.0,3090.0,3091.0,1428
2025-06-09T12:07:00+05:30,3091.0,3091.0,3089.2,3089.2,900
2025-06-09T12:08:00+05:30,3089.2,3091.4,3089.0,3090.0,1216
2025-06-09T12:09:00+05:30,3090.5,3093.6,3090.0,3092.6,2431
2025-06-09T12:10:00+05:30,3092.1,3093.2,3091.3,3091.6,1308
2025-06-09T12:11:00+05:30,3091.5,3091.7,3090.2,3090.7,800
2025-06-09T12:12:00+05:30,3091.0,3091.7,3090.2,3090.3,1574
2025-06-09T12:13:00+05:30,3090.3,3091.4,3090.0,3090.0,2675
2025-06-09T12:14:00+05:30,3090.4,3090.5,3089.1,3089.3,1164
2025-06-09T12:15:00+05:30,3089.9,3090.9,3089.3,3089.8,998
2025-06-09T12:16:00+05:30,3089.8,3090.6,3089.0,3089.0,1305
2025-06-09T12:17:00+05:30,3089.1,3090.7,3088.8,3090.2,1303
2025-06-09T12:18:00+05:30,3089.1,3091.0,3089.0,3090.2,2128
2025-06-09T12:19:00+05:30,3090.2,3092.3,3089.0,3089.4,3640
2025-06-09T12:20:00+05:30,3090.6,3092.7,3090.0,3090.0,4873
2025-06-09T12:21:00+05:30,3091.0,3093.4,3090.0,3092.3,1394
2025-06-09T12:22:00+05:30,3092.3,3094.0,3092.2,3092.9,1337
2025-06-09T12:23:00+05:30,3093.0,3093.9,3092.1,3092.1,1056
2025-06-09T12:24:00+05:30,3092.1,3093.0,3090.0,3091.0,1660
2025-06-09T12:25:00+05:30,3091.0,3092.5,3090.0,3091.4,1318
2025-06-09T12:26:00+05:30,3091.9,3092.7,3091.5,3091.9,1428
2025-06-09T12:27:00+05:30,3092.6,3092.8,3091.0,3091.7,1098
2025-06-09T12:28:00+05:30,3091.6,3092.2,3090.2,3090.6,1260
2025-06-09T12:29:00+05:30,3090.5,3092.0,3090.5,3090.9,984
2025-06-09T12:30:00+05:30,3092.0,3093.0,3090.7,3092.2,2569
2025-06-09T12:31:00+05:30,3092.2,3093.6,3092.0,3093.6,1546
2025-06-09T12:32:00+05:30,3093.6,3094.0,3092.0,3092.1,1289
2025-06-09T12:33:00+05:30,3092.1,3093.9,3092.0,3092.8,1587
2025-06-09T12:34:00+05:30,3092.7,3094.7,3092.7,3094.7,2457
2025-06-09T12:35:00+05:30,3094.1,3094.8,3093.5,3093.5,1497
2025-06-09T12:36:00+05:30,3094.4,3094.4,3093.5,3093.5,758
2025-06-09T12:37:00+05:30,3093.5,3094.5,3093.0,3093.0,2640
2025-06-09T12:38:00+05:30,3093.0,3093.6,3092.4,3093.0,1980
2025-06-09T12:39:00+05:30,3093.0,3093.6,3092.3,3092.7,1094
2025-06-09T12:40:00+05:30,3092.7,3093.1,3092.0,3092.2,852
2025-06-09T12:41:00+05:30,3092.5,3092.5,3092.0,3092.0,924
2025-06-09T12:42:00+05:30,3092.0,3093.0,3091.0,3093.0,1848
2025-06-09T12:43:00+05:30,3093.0,3093.1,3092.0,3092.0,1685
2025-06-09T12:44:00+05:30,3092.0,3092.7,3091.1,3091.3,999
2025-06-09T12:45:00+05:30,3091.3,3092.4,3091.1,3092.2,791
2025-06-09T12:46:00+05:30,3092.0,3092.2,3090.9,3092.2,1619
2025-06-09T12:47:00+05:30,3091.9,3092.2,3090.9,3091.2,1059
2025-06-09T12:48:00+05:30,3091.9,3092.3,3091.1,3091.2,1375
2025-06-09T12:49:00+05:30,3091.2,3091.9,3090.0,3090.3,2499
2025-06-09T12:50:00+05:30,3090.6,3091.9,3090.1,3090.9,1367
2025-06-09T12:51:00+05:30,3091.5,3091.5,3090.0,3090.0,1187
2025-06-09T12:52:00+05:30,3090.0,3091.0,3090.0,3090.0,1289
2025-06-09T12:53:00+05:30,3090.0,3090.8,3087.3,3089.6,10182
2025-06-09T12:54:00+05:30,3089.6,3089.6,3087.5,3087.9,2391
2025-06-09T12:55:00+05:30,3087.9,3089.1,3087.3,3088.0,2696
2025-06-09T12:56:00+05:30,3087.5,3089.5,3087.4,3087.6,1456
2025-06-09T12:57:00+05:30,3087.6,3089.0,3087.2,3087.2,1568
2025-06-09T12:58:00+05:30,3087.2,3088.9,3087.2,3087.6,1038
2025-06-09T12:59:00+05:30,3088.4,3088.4,3087.0,3088.0,2439
2025-06-09T13:00:00+05:30,3088.0,3088.9,3087.0,3087.4,2249
2025-06-09T13:01:00+05:30,3087.4,3088.9,3087.0,3087.5,1995
2025-06-09T13:02:00+05:30,3087.5,3088.8,3087.0,3087.1,1984
2025-06-09T13:03:00+05:30,3087.0,3088.1,3083.2,3083.2,7711
2025-06-09T13:04:00+05:30,3083.2,3085.0,3081.9,3083.7,5041
2025-06-09T13:05:00+05:30,3083.7,3085.7,3083.4,3084.4,2266
2025-06-09T13:06:00+05:30,3084.9,3086.0,3083.6,3085.9,5418
2025-06-09T13:07:00+05:30,3084.5,3086.1,3084.5,3085.0,1391
2025-06-09T13:08:00+05:30,3085.0,3087.3,3084.7,3086.0,2072
2025-06-09T13:09:00+05:30,3087.3,3087.9,3085.9,3086.9,1146
2025-06-09T13:10:00+05:30,3086.9,3088.0,3085.0,3085.7,18885
2025-06-09T13:11:00+05:30,3086.6,3086.6,3081.9,3084.8,10685
2025-06-09T13:12:00+05:30,3084.7,3086.3,3082.0,3083.7,7104
2025-06-09T13:13:00+05:30,3083.7,3085.3,3083.7,3084.8,1910
2025-06-09T13:14:00+05:30,3084.8,3085.7,3083.9,3085.2,2237
2025-06-09T13:15:00+05:30,3085.2,3086.2,3084.6,3086.0,1467
2025-06-09T13:16:00+05:30,3086.0,3086.9,3085.0,3085.5,2077
2025-06-09T13:17:00+05:30,3085.5,3086.5,3084.9,3085.5,1367
2025-06-09T13:18:00+05:30,3085.5,3088.8,3084.9,3087.2,4789
2025-06-09T13:19:00+05:30,3087.2,3087.3,3084.0,3084.0,2606
2025-06-09T13:20:00+05:30,3084.0,3085.7,3082.0,3084.7,3457
2025-06-09T13:21:00+05:30,3085.6,3085.8,3084.0,3084.2,1308
2025-06-09T13:22:00+05:30,3084.2,3084.9,3083.1,3083.6,1232
2025-06-09T13:23:00+05:30,3084.5,3084.9,3083.1,3083.2,1439
2025-06-09T13:24:00+05:30,3083.2,3084.7,3083.1,3084.6,1593
2025-06-09T13:25:00+05:30,3084.0,3085.0,3084.0,3084.0,1178
2025-06-09T13:26:00+05:30,3084.2,3085.3,3084.2,3085.0,1183
2025-06-09T13:27:00+05:30,3085.0,3085.8,3084.3,3085.3,990
2025-06-09T13:28:00+05:30,3084.3,3085.7,3084.3,3084.4,1127
2025-06-09T13:29:00+05:30,3084.5,3086.1,3084.3,3085.1,1448
2025-06-09T13:30:00+05:30,3084.4,3086.9,3084.3,3085.0,2873
2025-06-09T13:31:00+05:30,3085.0,3085.5,3084.4,3084.4,1124
2025-06-09T13:32:00+05:30,3085.0,3085.0,3084.0,3084.1,1481
2025-06-09T13:33:00+05:30,3084.8,3085.0,3082.3,3083.9,2390
2025-06-09T13:34:00+05:30,3083.9,3084.6,3082.7,3083.7,1343
2025-06-09T13:35:00+05:30,3083.1,3085.4,3082.9,3084.0,1347
2025-06-09T13:36:00+05:30,3083.9,3085.9,3083.1,3084.7,2077
2025-06-09T13:37:00+05:30,3084.7,3087.0,3084.3,3085.0,2350
2025-06-09T13:38:00+05:30,3084.8,3085.8,3084.1,3084.5,1406
2025-06-09T13:39:00+05:30,3085.4,3085.7,3084.0,3085.6,1281
2025-06-09T13:40:00+05:30,3084.1,3085.5,3084.0,3084.1,1178
2025-06-09T13:41:00+05:30,3084.9,3085.9,3084.1,3084.3,1906
2025-06-09T13:42:00+05:30,3084.2,3085.4,3084.0,3084.0,949
2025-06-09T13:43:00+05:30,3084.0,3084.7,3083.3,3083.3,1358
2025-06-09T13:44:00+05:30,3083.2,3085.5,3083.0,3084.9,2282
2025-06-09T13:45:00+05:30,3085.2,3086.6,3084.4,3086.0,1524
2025-06-09T13:46:00+05:30,3086.0,3086.1,3084.0,3084.4,1137
2025-06-09T13:47:00+05:30,3084.4,3085.2,3083.4,3084.8,1071
2025-06-09T13:48:00+05:30,3084.0,3085.7,3084.0,3084.5,1280
2025-06-09T13:49:00+05:30,3084.2,3086.4,3084.0,3085.2,1656
2025-06-09T13:50:00+05:30,3086.2,3086.4,3084.6,3085.7,1934
2025-06-09T13:51:00+05:30,3085.7,3086.2,3085.0,3086.0,1744
2025-06-09T13:52:00+05:30,3085.1,3086.0,3085.0,3085.0,1082
2025-06-09T13:53:00+05:30,3085.0,3086.0,3084.9,3085.6,1212
2025-06-09T13:54:00+05:30,3085.6,3085.9,3084.3,3084.5,1445
2025-06-09T13:55:00+05:30,3084.6,3086.0,3084.0,3085.3,1746
2025-06-09T13:56:00+05:30,3085.6,3085.9,3084.1,3084.6,1151
2025-06-09T13:57:00+05:30,3084.5,3085.9,3084.4,3084.7,941
2025-06-09T13:58:00+05:30,3084.7,3085.9,3084.1,3084.1,1741
2025-06-09T13:59:00+05:30,3084.0,3085.7,3084.0,3084.0,1404
2025-06-09T14:00:00+05:30,3085.0,3085.6,3084.0,3084.3,1425
2025-06-09T14:01:00+05:30,3084.3,3085.6,3084.3,3084.8,1134
2025-06-09T14:02:00+05:30,3084.8,3087.0,3084.1,3086.4,1671
2025-06-09T14:03:00+05:30,3087.0,3087.5,3085.1,3086.2,1332
2025-06-09T14:04:00+05:30,3085.6,3086.2,3085.1,3085.2,969
2025-06-09T14:05:00+05:30,3085.2,3085.7,3084.4,3085.0,1048
2025-06-09T14:06:00+05:30,3085.0,3085.4,3084.0,3084.0,1452
2025-06-09T14:07:00+05:30,3084.0,3085.7,3084.0,3084.0,1560
2025-06-09T14:08:00+05:30,3084.3,3085.0,3084.0,3084.2,1286
2025-06-09T14:09:00+05:30,3084.2,3085.0,3084.0,3084.7,1319
2025-06-09T14:10:00+05:30,3084.1,3084.9,3084.0,3084.6,1270
2025-06-09T14:11:00+05:30,3084.8,3084.8,3084.0,3084.6,1046
2025-06-09T14:12:00+05:30,3084.6,3084.9,3083.1,3083.2,1790
2025-06-09T14:13:00+05:30,3083.2,3083.6,3082.1,3082.1,3040
2025-06-09T14:14:00+05:30,3083.1,3083.8,3082.0,3082.5,2178
2025-06-09T14:15:00+05:30,3082.1,3083.1,3078.5,3079.5,12957
2025-06-09T14:16:00+05:30,3079.9,3082.7,3078.7,3080.9,5386
2025-06-09T14:17:00+05:30,3080.7,3080.8,3079.5,3080.7,1699
2025-06-09T14:18:00+05:30,3079.9,3081.1,3079.9,3080.6,2032
2025-06-09T14:19:00+05:30,3080.6,3081.7,3080.1,3081.4,1680
2025-06-09T14:20:00+05:30,3081.4,3081.4,3080.0,3081.4,2555
2025-06-09T14:21:00+05:30,3080.3,3081.4,3080.0,3080.8,1897
2025-06-09T14:22:00+05:30,3080.7,3081.1,3080.0,3080.8,1704
2025-06-09T14:23:00+05:30,3080.9,3081.1,3079.2,3080.0,2045
2025-06-09T14:24:00+05:30,3080.0,3081.2,3078.3,3080.0,2905
2025-06-09T14:25:00+05:30,3080.0,3080.4,3078.0,3080.4,5659
2025-06-09T14:26:00+05:30,3080.4,3081.4,3079.3,3081.4,1967
2025-06-09T14:27:00+05:30,3081.4,3081.6,3079.3,3081.3,1816
2025-06-09T14:28:00+05:30,3081.2,3081.8,3079.8,3080.9,2194
2025-06-09T14:29:00+05:30,3080.9,3080.9,3079.9,3080.8,2081
2025-06-09T14:30:00+05:30,3080.8,3081.9,3080.7,3081.7,1567
2025-06-09T14:31:00+05:30,3081.6,3081.9,3080.7,3081.8,1414
2025-06-09T14:32:00+05:30,3081.9,3084.2,3081.7,3082.7,1683
2025-06-09T14:33:00+05:30,3083.5,3084.1,3082.7,3084.0,1606
2025-06-09T14:34:00+05:30,3083.9,3084.1,3082.3,3083.7,1423
2025-06-09T14:35:00+05:30,3082.5,3083.8,3081.9,3083.3,996
2025-06-09T14:36:00+05:30,3083.3,3083.3,3081.9,3082.3,1785
2025-06-09T14:37:00+05:30,3082.5,3083.3,3081.0,3082.1,1897
2025-06-09T14:38:00+05:30,3082.1,3082.7,3081.0,3081.1,1104
2025-06-09T14:39:00+05:30,3082.0,3082.7,3081.0,3082.6,1449
2025-06-09T14:40:00+05:30,3081.5,3083.9,3081.5,3083.7,2812
2025-06-09T14:41:00+05:30,3083.7,3085.4,3082.6,3085.4,5056
2025-06-09T14:42:00+05:30,3085.4,3085.9,3083.2,3085.0,2588
2025-06-09T14:43:00+05:30,3084.1,3087.0,3083.5,3083.5,4703
2025-06-09T14:44:00+05:30,3083.5,3085.8,3083.4,3085.4,1671
2025-06-09T14:45:00+05:30,3084.2,3085.4,3083.6,3083.6,1288
2025-06-09T14:46:00+05:30,3083.6,3085.7,3083.6,3085.5,3346
2025-06-09T14:47:00+05:30,3085.7,3086.0,3085.0,3085.1,1582
2025-06-09T14:48:00+05:30,3085.2,3085.5,3085.0,3085.4,1814
2025-06-09T14:49:00+05:30,3085.0,3085.9,3085.0,3085.5,1662
2025-06-09T14:50:00+05:30,3085.1,3085.6,3085.0,3085.3,2310
2025-06-09T14:51:00+05:30,3085.5,3085.8,3085.0,3085.1,1499
2025-06-09T14:52:00+05:30,3085.0,3085.5,3085.0,3085.5,1680
2025-06-09T14:53:00+05:30,3085.0,3085.5,3085.0,3085.5,1965
2025-06-09T14:54:00+05:30,3085.5,3085.5,3085.0,3085.3,1821
2025-06-09T14:55:00+05:30,3085.3,3085.5,3085.0,3085.5,3883
2025-06-09T14:56:00+05:30,3085.2,3085.6,3085.0,3085.2,1810
2025-06-09T14:57:00+05:30,3085.2,3085.5,3085.0,3085.2,1858
2025-06-09T14:58:00+05:30,3085.2,3085.5,3085.0,3085.1,3368
2025-06-09T14:59:00+05:30,3085.0,3085.2,3085.0,3085.2,2740
2025-06-09T15:00:00+05:30,3085.2,3086.0,3085.0,3085.8,5871
2025-06-09T15:01:00+05:30,3085.8,3086.1,3085.2,3085.9,2645
2025-06-09T15:02:00+05:30,3085.9,3086.4,3085.6,3086.2,3239
2025-06-09T15:03:00+05:30,3086.2,3086.6,3085.0,3086.0,4010
2025-06-09T15:04:00+05:30,3086.6,3087.2,3085.9,3087.2,2606
2025-06-09T15:05:00+05:30,3087.4,3089.0,3087.2,3087.3,8259
2025-06-09T15:06:00+05:30,3088.2,3088.5,3086.9,3088.0,4466
2025-06-09T15:07:00+05:30,3088.2,3088.2,3087.5,3088.0,3775
2025-06-09T15:08:00+05:30,3088.1,3088.2,3087.9,3088.0,2048
2025-06-09T15:09:00+05:30,3088.0,3088.2,3087.6,3088.1,3467
2025-06-09T15:10:00+05:30,3088.1,3089.9,3087.8,3089.5,13708
2025-06-09T15:11:00+05:30,3089.4,3089.4,3087.8,3088.7,4138
2025-06-09T15:12:00+05:30,3088.7,3088.9,3086.3,3086.8,4065
2025-06-09T15:13:00+05:30,3086.8,3087.7,3086.0,3086.1,5466
2025-06-09T15:14:00+05:30,3086.1,3087.8,3085.0,3087.0,5573
2025-06-09T15:15:00+05:30,3087.0,3088.0,3085.0,3087.0,15397
2025-06-09T15:16:00+05:30,3087.0,3087.8,3085.8,3086.7,7592
2025-06-09T15:17:00+05:30,3086.7,3086.9,3086.0,3086.5,3602
2025-06-09T15:18:00+05:30,3086.5,3087.3,3084.6,3086.8,13237
2025-06-09T15:19:00+05:30,3086.8,3087.0,3086.0,3086.7,4074
2025-06-09T15:20:00+05:30,3086.7,3088.9,3086.1,3088.9,9988
2025-06-09T15:21:00+05:30,3088.4,3089.0,3088.0,3088.5,4594
2025-06-09T15:22:00+05:30,3088.5,3089.0,3088.2,3089.0,3030
2025-06-09T15:23:00+05:30,3089.0,3089.3,3088.2,3089.2,6950
2025-06-09T15:24:00+05:30,3089.2,3089.3,3086.3,3088.9,8480
2025-06-09T15:25:00+05:30,3089.0,3089.3,3088.4,3088.4,8986
2025-06-09T15:26:00+05:30,3088.5,3088.5,3086.1,3087.1,4497
2025-06-09T15:27:00+05:30,3087.9,3088.0,3087.0,3087.0,3180
2025-06-09T15:28:00+05:30,3087.9,3089.0,3085.0,3085.6,6345
2025-06-09T15:29:00+05:30,3087.0,3088.9,3085.0,3085.0,3759
2025-06-10T09:15:00+05:30,3101.2,3102.0,3091.1,3094.7,27305
2025-06-10T09:16:00+05:30,3094.5,3099.5,3092.6,3094.3,20056
2025-06-10T09:17:00+05:30,3094.5,3100.0,3090.0,3099.0,9877
2025-06-10T09:18:00+05:30,3099.9,3101.9,3094.5,3097.9,7438
2025-06-10T09:19:00+05:30,3098.0,3101.4,3098.0,3099.6,4857
2025-06-10T09:20:00+05:30,3099.6,3100.5,3096.2,3100.5,6920
2025-06-10T09:21:00+05:30,3100.5,3103.0,3100.0,3102.3,14917
2025-06-10T09:22:00+05:30,3102.3,3102.3,3100.0,3101.0,6048
2025-06-10T09:23:00+05:30,3101.8,3104.0,3101.0,3102.0,5769
2025-06-10T09:24:00+05:30,3103.3,3106.0,3102.2,3104.0,4722
2025-06-10T09:25:00+05:30,3104.0,3106.8,3103.7,3106.7,3533
2025-06-10T09:26:00+05:30,3106.8,3106.9,3103.8,3105.8,4975
2025-06-10T09:27:00+05:30,3104.9,3106.0,3100.4,3100.9,3931
2025-06-10T09:28:00+05:30,3100.9,3102.0,3100.6,3101.5,2421
2025-06-10T09:29:00+05:30,3100.7,3102.4,3100.0,3100.2,36435
2025-06-10T09:30:00+05:30,3100.1,3100.1,3085.6,3091.3,54114
2025-06-10T09:31:00+05:30,3091.1,3097.8,3090.2,3095.8,5735
2025-06-10T09:32:00+05:30,3095.8,3096.3,3094.0,3094.0,4411
2025-06-10T09:33:00+05:30,3094.0,3096.0,3093.2,3094.7,5180
2025-06-10T09:34:00+05:30,3094.0,3095.9,3093.5,3095.4,3439
2025-06-10T09:35:00+05:30,3095.4,3095.5,3090.9,3092.9,3182
2025-06-10T09:36:00+05:30,3092.5,3094.2,3091.7,3091.8,2643
2025-06-10T09:37:00+05:30,3093.2,3099.0,3093.2,3098.5,7072
2025-06-10T09:38:00+05:30,3098.5,3101.9,3097.3,3101.2,4265
2025-06-10T09:39:00+05:30,3101.3,3102.3,3099.8,3100.0,7464
2025-06-10T09:40:00+05:30,3100.5,3102.0,3099.1,3100.0,3716
2025-06-10T09:41:00+05:30,3100.0,3100.5,3099.4,3100.0,3374
2025-06-10T09:42:00+05:30,3100.0,3100.9,3097.2,3099.0,4998
2025-06-10T09:43:00+05:30,3098.9,3100.1,3098.1,3099.6,3244
2025-06-10T09:44:00+05:30,3099.5,3099.5,3097.0,3098.9,1910
2025-06-10T09:45:00+05:30,3098.9,3100.1,3097.7,3100.0,3507
2025-06-10T09:46:00+05:30,3100.0,3100.7,3097.9,3098.4,3295
2025-06-10T09:47:00+05:30,3098.1,3100.1,3097.2,3098.6,4753
2025-06-10T09:48:00+05:30,3098.6,3100.1,3098.0,3100.0,1733
2025-06-10T09:49:00+05:30,3099.5,3100.6,3098.7,3100.2,1931
2025-06-10T09:50:00+05:30,3100.2,3100.3,3098.0,3098.7,1882
2025-06-10T09:51:00+05:30,3098.7,3101.8,3098.0,3100.0,4138
2025-06-10T09:52:00+05:30,3100.4,3100.5,3099.3,3100.5,3658
2025-06-10T09:53:00+05:30,3101.6,3101.6,3100.0,3100.8,1625
2025-06-10T09:54:00+05:30,3101.4,3101.4,3099.3,3100.0,1524
2025-06-10T09:55:00+05:30,3100.0,3100.6,3098.9,3099.9,3518
2025-06-10T09:56:00+05:30,3100.0,3101.4,3099.9,3100.3,6208
2025-06-10T09:57:00+05:30,3100.3,3100.4,3098.0,3100.0,5607
2025-06-10T09:58:00+05:30,3100.4,3101.8,3100.1,3100.8,604
2025-06-10T09:59:00+05:30,3100.8,3103.0,3100.5,3102.0,2158
2025-06-10T10:00:00+05:30,3102.6,3103.0,3101.4,3103.0,1920
2025-06-10T10:01:00+05:30,3103.0,3103.7,3101.6,3102.0,1474
2025-06-10T10:02:00+05:30,3103.1,3103.4,3101.6,3102.2,1599
2025-06-10T10:03:00+05:30,3103.4,3104.3,3102.2,3102.6,2277
2025-06-10T10:04:00+05:30,3103.4,3105.0,3102.0,3102.4,2660
2025-06-10T10:05:00+05:30,3103.0,3103.0,3100.8,3100.9,2350
2025-06-10T10:06:00+05:30,3100.9,3101.0,3100.2,3101.0,1543
2025-06-10T10:07:00+05:30,3100.9,3101.0,3100.9,3101.0,1876
2025-06-10T10:08:00+05:30,3101.0,3101.2,3100.9,3101.0,3613
2025-06-10T10:09:00+05:30,3101.0,3101.0,3100.0,3100.5,3671
2025-06-10T10:10:00+05:30,3100.1,3100.9,3100.0,3100.1,1652
2025-06-10T10:11:00+05:30,3100.1,3101.0,3099.9,3100.0,7352
2025-06-10T10:12:00+05:30,3100.0,3101.0,3100.0,3101.0,1642
2025-06-10T10:13:00+05:30,3101.0,3103.1,3100.5,3103.1,2606
2025-06-10T10:14:00+05:30,3103.1,3104.3,3102.0,3102.1,6061
2025-06-10T10:15:00+05:30,3102.0,3102.1,3102.0,3102.0,402
2025-06-10T10:16:00+05:30,3102.1,3102.1,3101.6,3101.6,686
2025-06-10T10:17:00+05:30,3102.0,3102.0,3101.6,3102.0,559
2025-06-10T10:18:00+05:30,3102.0,3102.0,3100.5,3101.7,4787
2025-06-10T10:19:00+05:30,3101.6,3101.6,3100.5,3101.6,391
2025-06-10T10:20:00+05:30,3101.6,3101.6,3100.6,3101.6,1320
2025-06-10T10:21:00+05:30,3101.6,3101.6,3100.2,3100.8,955
2025-06-10T10:22:00+05:30,3100.2,3103.0,3100.2,3102.8,5978
2025-06-10T10:23:00+05:30,3102.5,3102.8,3101.0,3102.1,656
2025-06-10T10:24:00+05:30,3101.8,3102.2,3100.0,3100.0,792
2025-06-10T10:25:00+05:30,3100.0,3100.9,3099.0,3099.9,2129
2025-06-10T10:26:00+05:30,3099.6,3099.9,3095.7,3098.0,4377
2025-06-10T10:27:00+05:30,3098.0,3098.0,3095.9,3097.7,10505
2025-06-10T10:28:00+05:30,3097.7,3097.7,3096.6,3096.9,1176
2025-06-10T10:29:00+05:30,3096.9,3096.9,3096.0,3096.8,746
2025-06-10T10:30:00+05:30,3096.8,3098.3,3096.4,3098.3,6677
2025-06-10T10:31:00+05:30,3098.3,3099.0,3097.5,3097.8,3074
2025-06-10T10:32:00+05:30,3097.9,3097.9,3096.3,3096.5,911
2025-06-10T10:33:00+05:30,3096.5,3096.9,3095.1,3096.4,21404
2025-06-10T10:34:00+05:30,3096.4,3100.0,3096.3,3099.9,10257
2025-06-10T10:35:00+05:30,3100.0,3100.0,3097.1,3097.1,419
2025-06-10T10:36:00+05:30,3097.3,3100.9,3097.1,3099.1,1367
2025-06-10T10:37:00+05:30,3099.1,3100.0,3098.2,3099.9,597
2025-06-10T10:38:00+05:30,3099.4,3099.9,3098.5,3098.9,488
2025-06-10T10:39:00+05:30,3098.8,3099.6,3097.6,3097.8,611
2025-06-10T10:40:00+05:30,3097.8,3099.0,3097.7,3098.8,929
2025-06-10T10:41:00+05:30,3098.6,3098.8,3096.6,3097.0,1722
2025-06-10T10:42:00+05:30,3097.9,3098.6,3096.3,3096.7,866
2025-06-10T10:43:00+05:30,3096.5,3097.9,3096.3,3097.0,444
2025-06-10T10:44:00+05:30,3097.0,3097.0,3096.8,3096.8,971
2025-06-10T10:45:00+05:30,3097.0,3097.4,3096.1,3096.1,2738
2025-06-10T10:46:00+05:30,3096.1,3097.9,3096.1,3097.6,1805
2025-06-10T10:47:00+05:30,3097.6,3097.6,3096.0,3096.0,896
2025-06-10T10:48:00+05:30,3096.7,3096.8,3095.6,3095.6,697
2025-06-10T10:49:00+05:30,3096.7,3096.7,3095.5,3096.0,1088
2025-06-10T10:50:00+05:30,3096.0,3096.2,3095.0,3096.2,1001
2025-06-10T10:51:00+05:30,3096.1,3096.3,3090.5,3090.5,5338
2025-06-10T10:52:00+05:30,3090.5,3092.2,3088.1,3090.2,5161
2025-06-10T10:53:00+05:30,3090.5,3093.2,3089.6,3092.0,2061
2025-06-10T10:54:00+05:30,3092.1,3092.3,3090.5,3091.6,2176
2025-06-10T10:55:00+05:30,3091.6,3092.9,3090.7,3092.9,2544
2025-06-10T10:56:00+05:30,3093.0,3093.0,3089.3,3089.3,2709
2025-06-10T10:57:00+05:30,3089.6,3090.5,3089.0,3090.5,696
2025-06-10T10:58:00+05:30,3090.5,3092.1,3090.5,3091.5,1628
2025-06-10T10:59:00+05:30,3092.0,3092.1,3091.1,3091.9,4299
2025-06-10T11:00:00+05:30,3091.9,3091.9,3090.0,3090.5,850
2025-06-10T11:01:00+05:30,3090.5,3091.9,3090.0,3091.8,517
2025-06-10T11:02:00+05:30,3091.5,3092.1,3088.1,3089.5,6608
2025-06-10T11:03:00+05:30,3089.9,3090.6,3089.6,3090.0,766
2025-06-10T11:04:00+05:30,3090.0,3090.9,3087.6,3090.4,3021
2025-06-10T11:05:00+05:30,3089.8,3090.3,3089.3,3090.0,1344
2025-06-10T11:06:00+05:30,3090.0,3091.0,3089.4,3089.4,933
2025-06-10T11:07:00+05:30,3090.1,3090.8,3089.3,3090.6,592
2025-06-10T11:08:00+05:30,3090.6,3091.0,3089.9,3091.0,912
2025-06-10T11:09:00+05:30,3090.4,3091.3,3088.6,3088.7,2622
2025-06-10T11:10:00+05:30,3088.8,3089.1,3087.3,3088.3,2590
2025-06-10T11:11:00+05:30,3088.3,3088.3,3086.0,3087.1,2552
2025-06-10T11:12:00+05:30,3087.0,3088.5,3086.4,3087.6,1118
2025-06-10T11:13:00+05:30,3087.6,3088.0,3086.7,3087.8,1395
2025-06-10T11:14:00+05:30,3087.6,3089.0,3087.6,3088.1,1935
2025-06-10T11:15:00+05:30,3087.9,3089.9,3087.6,3089.8,2644
2025-06-10T11:16:00+05:30,3089.6,3090.0,3089.0,3089.9,1513
2025-06-10T11:17:00+05:30,3089.5,3090.0,3088.7,3089.4,1281
2025-06-10T11:18:00+05:30,3089.3,3089.8,3088.0,3089.8,2685
2025-06-10T11:19:00+05:30,3089.7,3089.9,3087.0,3087.9,1107
2025-06-10T11:20:00+05:30,3087.9,3088.0,3087.0,3087.9,1151
2025-06-10T11:21:00+05:30,3088.0,3089.8,3087.0,3089.8,7895
2025-06-10T11:22:00+05:30,3089.2,3089.8,3087.7,3089.0,1167
2025-06-10T11:23:00+05:30,3089.1,3089.1,3087.4,3088.5,1040
2025-06-10T11:24:00+05:30,3088.5,3093.0,3088.5,3092.9,2272
2025-06-10T11:25:00+05:30,3093.4,3093.4,3090.5,3091.8,2370
2025-06-10T11:26:00+05:30,3091.8,3092.9,3091.1,3091.3,1184
2025-06-10T11:27:00+05:30,3091.3,3093.9,3091.0,3092.1,3770
2025-06-10T11:28:00+05:30,3092.2,3092.2,3091.0,3091.3,671
2025-06-10T11:29:00+05:30,3091.2,3091.3,3090.5,3091.0,722
2025-06-10T11:30:00+05:30,3090.9,3093.7,3090.9,3093.5,1680
2025-06-10T11:31:00+05:30,3093.6,3095.0,3093.1,3095.0,3787
2025-06-10T11:32:00+05:30,3094.9,3095.5,3094.9,3095.5,783
2025-06-10T11:33:00+05:30,3095.5,3095.5,3093.8,3093.8,840
2025-06-10T11:34:00+05:30,3093.8,3094.5,3092.6,3093.9,710
2025-06-10T11:35:00+05:30,3093.7,3094.0,3093.0,3093.9,371
2025-06-10T11:36:00+05:30,3094.0,3094.0,3093.3,3093.5,486
2025-06-10T11:37:00+05:30,3093.5,3093.8,3092.1,3093.1,1602
2025-06-10T11:38:00+05:30,3093.1,3093.8,3092.7,3093.3,500
2025-06-10T11:39:00+05:30,3093.3,3093.5,3091.9,3092.1,747
2025-06-10T11:40:00+05:30,3092.1,3092.5,3091.8,3092.0,412
2025-06-10T11:41:00+05:30,3092.0,3093.0,3091.5,3092.4,1144
2025-06-10T11:42:00+05:30,3092.3,3093.0,3090.0,3091.6,1998
2025-06-10T11:43:00+05:30,3091.6,3093.0,3090.1,3093.0,1120
2025-06-10T11:44:00+05:30,3092.9,3093.0,3091.6,3092.8,1431
2025-06-10T11:45:00+05:30,3093.0,3095.0,3092.0,3094.9,3314
2025-06-10T11:46:00+05:30,3095.0,3096.0,3094.2,3095.0,1036
2025-06-10T11:47:00+05:30,3094.8,3096.0,3094.0,3095.5,1614
2025-06-10T11:48:00+05:30,3095.6,3096.0,3094.7,3095.8,670
2025-06-10T11:49:00+05:30,3095.7,3097.6,3095.2,3096.7,3313
2025-06-10T11:50:00+05:30,3096.6,3097.0,3095.3,3097.0,896
2025-06-10T11:51:00+05:30,3096.9,3098.0,3096.9,3097.7,1700
2025-06-10T11:52:00+05:30,3097.9,3098.0,3095.4,3096.6,607
2025-06-10T11:53:00+05:30,3096.5,3097.0,3095.3,3096.9,811
2025-06-10T11:54:00+05:30,3096.9,3097.0,3096.0,3096.4,672
2025-06-10T11:55:00+05:30,3096.7,3096.7,3096.0,3096.2,397
2025-06-10T11:56:00+05:30,3096.2,3096.5,3095.0,3095.9,1083
2025-06-10T11:57:00+05:30,3095.8,3096.1,3095.0,3095.3,927
2025-06-10T11:58:00+05:30,3095.3,3097.0,3095.0,3096.2,1502
2025-06-10T11:59:00+05:30,3096.2,3098.0,3095.6,3098.0,895
2025-06-10T12:00:00+05:30,3098.0,3098.5,3095.0,3097.0,25973
2025-06-10T12:01:00+05:30,3097.5,3099.9,3097.0,3099.8,3009
2025-06-10T12:02:00+05:30,3099.9,3099.9,3096.4,3098.0,2878
2025-06-10T12:03:00+05:30,3097.9,3098.0,3094.8,3094.9,10985
2025-06-10T12:04:00+05:30,3094.9,3095.0,3092.5,3094.1,2166
2025-06-10T12:05:00+05:30,3093.9,3094.6,3090.2,3091.2,2496
2025-06-10T12:06:00+05:30,3091.1,3092.0,3090.0,3090.0,2214
2025-06-10T12:07:00+05:30,3090.0,3090.0,3089.4,3090.0,2474
2025-06-10T12:08:00+05:30,3090.0,3090.5,3089.2,3090.0,911
2025-06-10T12:09:00+05:30,3089.9,3090.0,3089.7,3090.0,1599
2025-06-10T12:10:00+05:30,3090.0,3090.5,3089.7,3090.3,5598
2025-06-10T12:11:00+05:30,3090.3,3090.3,3090.0,3090.3,1344
2025-06-10T12:12:00+05:30,3090.2,3090.3,3086.2,3088.0,7586
2025-06-10T12:13:00+05:30,3088.1,3090.0,3087.3,3090.0,1437
2025-06-10T12:14:00+05:30,3089.7,3094.8,3089.1,3094.6,3816
2025-06-10T12:15:00+05:30,3094.7,3095.3,3092.0,3093.8,2284
2025-06-10T12:16:00+05:30,3093.8,3095.0,3090.0,3090.8,24821
2025-06-10T12:17:00+05:30,3091.2,3093.4,3090.0,3092.9,1785
2025-06-10T12:18:00+05:30,3092.9,3092.9,3091.3,3092.0,1077
2025-06-10T12:19:00+05:30,3092.0,3092.0,3090.6,3091.3,1205
2025-06-10T12:20:00+05:30,3091.0,3092.0,3090.0,3091.5,3639
2025-06-10T12:21:00+05:30,3091.5,3092.1,3090.0,3090.6,1664
2025-06-10T12:22:00+05:30,3090.6,3091.2,3090.3,3091.0,938
2025-06-10T12:23:00+05:30,3091.0,3091.3,3090.0,3091.3,914
2025-06-10T12:24:00+05:30,3091.4,3091.5,3090.0,3090.2,1113
2025-06-10T12:25:00+05:30,3090.2,3091.8,3090.0,3091.3,3027
2025-06-10T12:26:00+05:30,3091.3,3092.8,3091.1,3092.0,2366
2025-06-10T12:27:00+05:30,3091.9,3092.8,3090.2,3092.0,5296
2025-06-10T12:28:00+05:30,3092.0,3092.5,3091.3,3092.0,3008
2025-06-10T12:29:00+05:30,3092.0,3093.6,3091.5,3091.5,5623
2025-06-10T12:30:00+05:30,3091.5,3092.0,3090.3,3091.0,1402
2025-06-10T12:31:00+05:30,3091.0,3091.0,3090.0,3090.3,795
2025-06-10T12:32:00+05:30,3090.3,3090.5,3089.0,3090.0,3647
2025-06-10T12:33:00+05:30,3090.0,3094.1,3089.9,3091.7,21929
2025-06-10T12:34:00+05:30,3091.8,3091.8,3088.2,3090.0,2374
2025-06-10T12:35:00+05:30,3090.0,3090.0,3088.6,3090.0,893
2025-06-10T12:36:00+05:30,3090.0,3090.0,3088.4,3089.5,810
2025-06-10T12:37:00+05:30,3089.2,3090.0,3088.1,3089.9,771
2025-06-10T12:38:00+05:30,3090.0,3090.0,3088.1,3089.3,608
2025-06-10T12:39:00+05:30,3089.2,3089.9,3088.5,3089.5,535
2025-06-10T12:40:00+05:30,3089.3,3090.0,3089.0,3090.0,839
2025-06-10T12:41:00+05:30,3089.9,3090.0,3087.7,3088.8,767
2025-06-10T12:42:00+05:30,3088.9,3089.3,3087.4,3088.0,922
2025-06-10T12:43:00+05:30,3088.5,3089.5,3087.5,3088.7,498
2025-06-10T12:44:00+05:30,3088.6,3088.8,3087.7,3088.2,503
2025-06-10T12:45:00+05:30,3088.5,3088.6,3087.5,3088.5,1247
2025-06-10T12:46:00+05:30,3088.5,3088.6,3088.0,3088.4,620
2025-06-10T12:47:00+05:30,3088.5,3088.7,3088.0,3088.5,719
2025-06-10T12:48:00+05:30,3088.5,3088.8,3087.2,3088.5,1299
2025-06-10T12:49:00+05:30,3088.4,3089.5,3088.3,3089.3,1040
2025-06-10T12:50:00+05:30,3089.5,3089.5,3087.6,3088.8,196
2025-06-10T12:51:00+05:30,3088.7,3090.3,3088.5,3090.0,1603
2025-06-10T12:52:00+05:30,3090.0,3090.1,3089.0,3089.4,872
2025-06-10T12:53:00+05:30,3089.6,3090.0,3088.2,3088.9,1474
2025-06-10T12:54:00+05:30,3089.0,3089.4,3088.2,3089.3,346
2025-06-10T12:55:00+05:30,3089.3,3089.9,3088.2,3089.9,720
2025-06-10T12:56:00+05:30,3089.4,3089.7,3087.6,3089.2,636
2025-06-10T12:57:00+05:30,3089.6,3090.0,3088.2,3089.2,1091
2025-06-10T12:58:00+05:30,3089.2,3090.0,3088.0,3089.0,4890
2025-06-10T12:59:00+05:30,3089.0,3091.4,3088.9,3090.7,2805
2025-06-10T13:00:00+05:30,3090.7,3092.0,3089.1,3090.1,2305
2025-06-10T13:01:00+05:30,3090.1,3090.4,3089.0,3089.9,707
2025-06-10T13:02:00+05:30,3089.9,3090.0,3089.0,3089.3,2839
2025-06-10T13:03:00+05:30,3089.3,3089.3,3087.1,3088.0,1827
2025-06-10T13:04:00+05:30,3088.7,3089.1,3087.2,3088.2,1096
2025-06-10T13:05:00+05:30,3088.4,3089.0,3087.0,3087.2,2377
2025-06-10T13:06:00+05:30,3087.4,3089.2,3086.3,3087.1,7605
2025-06-10T13:07:00+05:30,3087.2,3089.8,3086.5,3089.8,3210
2025-06-10T13:08:00+05:30,3089.4,3090.0,3087.6,3087.6,2126
2025-06-10T13:09:00+05:30,3087.6,3089.0,3086.0,3087.0,2945
2025-06-10T13:10:00+05:30,3087.0,3088.0,3086.0,3087.0,7489
2025-06-10T13:11:00+05:30,3087.0,3087.0,3086.1,3087.0,1365
2025-06-10T13:12:00+05:30,3087.0,3087.0,3085.8,3087.0,972
2025-06-10T13:13:00+05:30,3086.9,3088.0,3085.9,3087.3,1727
2025-06-10T13:14:00+05:30,3087.3,3088.0,3086.5,3088.0,524
2025-06-10T13:15:00+05:30,3088.0,3088.5,3087.0,3088.4,6966
2025-06-10T13:16:00+05:30,3088.3,3088.5,3086.0,3086.4,3626
2025-06-10T13:17:00+05:30,3086.3,3086.9,3085.1,3086.3,3251
2025-06-10T13:18:00+05:30,3086.3,3086.3,3085.2,3085.3,896
2025-06-10T13:19:00+05:30,3086.3,3086.4,3085.0,3086.3,2552
2025-06-10T13:20:00+05:30,3086.3,3086.3,3085.0,3086.3,1480
2025-06-10T13:21:00+05:30,3086.0,3086.3,3085.0,3085.4,837
2025-06-10T13:22:00+05:30,3085.4,3086.1,3084.8,3085.6,1370
2025-06-10T13:23:00+05:30,3085.6,3086.3,3084.6,3084.9,1873
2025-06-10T13:24:00+05:30,3084.8,3086.4,3083.0,3083.7,3274
2025-06-10T13:25:00+05:30,3083.7,3085.8,3082.5,3085.8,3865
2025-06-10T13:26:00+05:30,3085.5,3086.4,3084.6,3086.3,1487
2025-06-10T13:27:00+05:30,3086.3,3086.4,3085.0,3086.3,1055
2025-06-10T13:28:00+05:30,3086.3,3086.9,3085.0,3086.4,840
2025-06-10T13:29:00+05:30,3086.4,3086.5,3084.7,3085.1,796
2025-06-10T13:30:00+05:30,3085.1,3085.5,3082.6,3083.4,5387
2025-06-10T13:31:00+05:30,3084.7,3085.1,3082.0,3082.1,1436
2025-06-10T13:32:00+05:30,3083.0,3084.7,3082.6,3083.6,1350
2025-06-10T13:33:00+05:30,3083.8,3084.8,3082.1,3084.3,1077
2025-06-10T13:34:00+05:30,3084.3,3085.0,3083.0,3084.9,657
2025-06-10T13:35:00+05:30,3084.8,3085.0,3083.1,3084.5,438
2025-06-10T13:36:00+05:30,3084.6,3085.9,3084.5,3084.8,760
2025-06-10T13:37:00+05:30,3085.6,3085.8,3083.2,3084.1,1393
2025-06-10T13:38:00+05:30,3084.1,3085.0,3083.4,3084.6,881
2025-06-10T13:39:00+05:30,3085.0,3085.0,3084.1,3084.7,1488
2025-06-10T13:40:00+05:30,3084.4,3085.0,3084.0,3085.0,477
2025-06-10T13:41:00+05:30,3085.0,3085.0,3083.8,3084.8,738
2025-06-10T13:42:00+05:30,3085.0,3085.0,3084.1,3084.7,669
2025-06-10T13:43:00+05:30,3084.7,3085.0,3084.1,3085.0,482
2025-06-10T13:44:00+05:30,3084.9,3085.0,3083.6,3083.6,565
2025-06-10T13:45:00+05:30,3083.8,3084.9,3083.0,3084.6,562
2025-06-10T13:46:00+05:30,3084.6,3084.9,3083.4,3084.8,689
2025-06-10T13:47:00+05:30,3084.8,3085.0,3083.9,3084.8,1160
2025-06-10T13:48:00+05:30,3084.8,3084.8,3083.0,3084.1,1161
2025-06-10T13:49:00+05:30,3084.1,3085.0,3083.1,3085.0,974
2025-06-10T13:50:00+05:30,3085.0,3085.0,3083.6,3084.9,408
2025-06-10T13:51:00+05:30,3084.9,3085.0,3084.4,3085.0,428
2025-06-10T13:52:00+05:30,3085.0,3085.0,3084.6,3085.0,572
2025-06-10T13:53:00+05:30,3085.0,3085.0,3084.4,3085.0,495
2025-06-10T13:54:00+05:30,3084.9,3085.0,3084.2,3084.7,939
2025-06-10T13:55:00+05:30,3084.7,3084.9,3082.0,3082.6,2524
2025-06-10T13:56:00+05:30,3082.3,3084.9,3082.1,3083.0,2629
2025-06-10T13:57:00+05:30,3083.0,3085.0,3080.1,3082.9,15756
2025-06-10T13:58:00+05:30,3082.9,3084.4,3080.0,3084.4,8022
2025-06-10T13:59:00+05:30,3084.4,3085.0,3080.6,3084.3,7255
2025-06-10T14:00:00+05:30,3084.3,3086.0,3084.0,3085.5,655
2025-06-10T14:01:00+05:30,3085.3,3088.3,3085.1,3088.3,2031
2025-06-10T14:02:00+05:30,3088.3,3088.3,3084.8,3085.0,13385
2025-06-10T14:03:00+05:30,3085.0,3085.0,3082.8,3084.2,4677
2025-06-10T14:04:00+05:30,3084.9,3084.9,3082.4,3083.4,967
2025-06-10T14:05:00+05:30,3083.8,3084.7,3080.6,3084.7,8661
2025-06-10T14:06:00+05:30,3084.5,3084.8,3083.1,3083.8,672
2025-06-10T14:07:00+05:30,3084.5,3084.7,3082.4,3084.0,1179
2025-06-10T14:08:00+05:30,3083.8,3084.0,3082.0,3082.4,706
2025-06-10T14:09:00+05:30,3082.8,3083.4,3081.0,3082.0,5041
2025-06-10T14:10:00+05:30,3082.0,3086.7,3081.9,3085.7,20747
2025-06-10T14:11:00+05:30,3085.7,3086.0,3085.4,3085.9,708
2025-06-10T14:12:00+05:30,3085.9,3086.0,3083.8,3085.7,1823
2025-06-10T14:13:00+05:30,3085.6,3085.7,3083.5,3084.9,1361
2025-06-10T14:14:00+05:30,3084.8,3085.0,3084.2,3084.3,839
2025-06-10T14:15:00+05:30,3084.2,3085.0,3082.1,3084.4,1677
2025-06-10T14:16:00+05:30,3084.4,3084.4,3081.4,3083.5,10555
2025-06-10T14:17:00+05:30,3083.5,3083.7,3081.8,3083.4,709
2025-06-10T14:18:00+05:30,3083.0,3084.4,3082.2,3083.0,607
2025-06-10T14:19:00+05:30,3083.8,3084.0,3083.0,3083.3,543
2025-06-10T14:20:00+05:30,3083.7,3084.3,3082.5,3084.0,914
2025-06-10T14:21:00+05:30,3084.2,3084.3,3081.8,3082.0,1619
2025-06-10T14:22:00+05:30,3082.0,3083.0,3081.0,3082.9,3310
2025-06-10T14:23:00+05:30,3082.8,3083.5,3082.8,3083.5,3748
2025-06-10T14:24:00+05:30,3083.5,3083.8,3082.1,3083.7,1765
2025-06-10T14:25:00+05:30,3083.7,3084.0,3083.0,3083.8,1657
2025-06-10T14:26:00+05:30,3084.0,3084.0,3083.4,3084.0,1344
2025-06-10T14:27:00+05:30,3084.0,3084.0,3083.0,3083.7,1804
2025-06-10T14:28:00+05:30,3083.7,3083.7,3082.1,3083.3,1191
2025-06-10T14:29:00+05:30,3083.2,3083.4,3081.1,3082.0,1949
2025-06-10T14:30:00+05:30,3081.7,3082.0,3080.7,3082.0,1804
2025-06-10T14:31:00+05:30,3082.0,3082.0,3080.0,3081.8,4463
2025-06-10T14:32:00+05:30,3081.6,3082.5,3080.8,3082.5,1993
2025-06-10T14:33:00+05:30,3082.5,3082.5,3080.0,3081.2,2350
2025-06-10T14:34:00+05:30,3081.1,3082.4,3080.0,3081.4,3896
2025-06-10T14:35:00+05:30,3081.4,3082.5,3080.5,3081.7,5627
2025-06-10T14:36:00+05:30,3081.7,3083.0,3081.0,3082.5,3942
2025-06-10T14:37:00+05:30,3082.8,3083.0,3080.5,3081.8,3381
2025-06-10T14:38:00+05:30,3081.8,3082.1,3080.0,3080.7,1858
2025-06-10T14:39:00+05:30,3080.7,3080.9,3078.0,3079.0,5244
2025-06-10T14:40:00+05:30,3079.7,3080.4,3078.4,3078.4,3677
2025-06-10T14:41:00+05:30,3078.4,3078.7,3076.1,3078.3,7380
2025-06-10T14:42:00+05:30,3078.3,3078.5,3074.4,3075.1,14582
2025-06-10T14:43:00+05:30,3074.5,3075.3,3070.1,3071.0,9522
2025-06-10T14:44:00+05:30,3071.0,3073.5,3069.8,3073.4,8410
2025-06-10T14:45:00+05:30,3073.4,3075.0,3070.1,3070.1,18654
2025-06-10T14:46:00+05:30,3072.4,3074.2,3070.0,3074.0,15807
2025-06-10T14:47:00+05:30,3074.0,3074.2,3071.9,3071.9,6737
2025-06-10T14:48:00+05:30,3072.1,3074.7,3072.0,3073.9,3085
2025-06-10T14:49:00+05:30,3073.9,3075.0,3073.0,3074.5,2887
2025-06-10T14:50:00+05:30,3074.5,3074.5,3072.5,3073.0,4899
2025-06-10T14:51:00+05:30,3073.0,3073.3,3070.0,3071.0,30477
2025-06-10T14:52:00+05:30,3071.0,3072.7,3070.0,3072.6,9140
2025-06-10T14:53:00+05:30,3072.6,3073.4,3070.1,3071.9,9719
2025-06-10T14:54:00+05:30,3071.7,3072.5,3071.6,3072.0,3769
2025-06-10T14:55:00+05:30,3071.9,3072.5,3069.9,3069.9,6365
2025-06-10T14:56:00+05:30,3069.9,3072.0,3069.9,3070.7,9530
2025-06-10T14:57:00+05:30,3070.5,3071.4,3069.1,3071.3,7835
2025-06-10T14:58:00+05:30,3070.0,3071.8,3066.8,3068.6,15880
2025-06-10T14:59:00+05:30,3067.2,3069.4,3063.5,3064.3,9817
2025-06-10T15:00:00+05:30,3064.9,3066.8,3062.7,3063.5,32029
2025-06-10T15:01:00+05:30,3063.6,3066.2,3063.3,3064.0,22876
2025-06-10T15:02:00+05:30,3064.1,3064.1,3062.0,3062.9,21627
2025-06-10T15:03:00+05:30,3062.9,3066.3,3062.3,3065.0,16560
2025-06-10T15:04:00+05:30,3065.5,3065.6,3059.8,3062.9,33138
2025-06-10T15:05:00+05:30,3063.0,3063.2,3061.5,3062.9,13851
2025-06-10T15:06:00+05:30,3063.0,3067.9,3062.9,3066.5,14534
2025-06-10T15:07:00+05:30,3067.5,3068.5,3065.0,3067.7,21687
2025-06-10T15:08:00+05:30,3068.0,3068.0,3064.9,3065.3,15122
2025-06-10T15:09:00+05:30,3065.4,3070.9,3065.0,3069.9,36326
2025-06-10T15:10:00+05:30,3069.2,3070.0,3068.6,3070.0,13008
2025-06-10T15:11:00+05:30,3070.0,3072.2,3069.5,3071.7,18459
2025-06-10T15:12:00+05:30,3071.6,3071.8,3070.0,3070.3,13056
2025-06-10T15:13:00+05:30,3070.3,3070.3,3067.5,3068.0,9496
2025-06-10T15:14:00+05:30,3068.0,3068.0,3066.4,3067.0,14639
2025-06-10T15:15:00+05:30,3067.1,3070.6,3066.9,3070.5,17322
2025-06-10T15:16:00+05:30,3070.5,3071.0,3068.1,3070.7,17121
2025-06-10T15:17:00+05:30,3070.7,3070.7,3068.6,3068.8,17356
2025-06-10T15:18:00+05:30,3069.1,3069.1,3067.2,3068.8,11449
2025-06-10T15:19:00+05:30,3068.6,3068.8,3067.5,3067.6,10164
2025-06-10T15:20:00+05:30,3068.0,3068.0,3065.0,3067.0,27622
2025-06-10T15:21:00+05:30,3067.6,3070.5,3063.8,3069.3,48937
2025-06-10T15:22:00+05:30,3069.6,3070.2,3068.1,3068.1,12305
2025-06-10T15:23:00+05:30,3068.2,3068.3,3067.9,3068.3,8925
2025-06-10T15:24:00+05:30,3068.3,3068.5,3068.1,3068.5,8050
2025-06-10T15:25:00+05:30,3068.5,3069.4,3068.4,3068.9,8745
2025-06-10T15:26:00+05:30,3068.9,3073.5,3068.8,3072.0,16937
2025-06-10T15:27:00+05:30,3072.0,3077.5,3070.4,3077.5,13848
2025-06-10T15:28:00+05:30,3077.0,3079.0,3076.5,3077.1,10617
2025-06-10T15:29:00+05:30,3077.1,3083.5,3072.4,3075.2,11734
2025-06-11T09:15:00+05:30,3085.0,3093.3,3076.9,3091.5,16561
2025-06-11T09:16:00+05:30,3092.7,3099.1,3091.4,3093.9,17591
2025-06-11T09:17:00+05:30,3093.9,3104.4,3093.1,3102.0,32015
2025-06-11T09:18:00+05:30,3102.0,3108.0,3100.7,3106.7,19820
2025-06-11T09:19:00+05:30,3106.8,3107.6,3101.1,3101.7,11105
2025-06-11T09:20:00+05:30,3102.9,3110.0,3101.7,3104.1,18650
2025-06-11T09:21:00+05:30,3104.4,3105.1,3095.6,3098.4,16556
2025-06-11T09:22:00+05:30,3098.4,3104.6,3098.2,3102.8,37369
2025-06-11T09:23:00+05:30,3102.1,3104.0,3098.0,3098.6,11207
2025-06-11T09:24:00+05:30,3098.0,3101.0,3098.0,3100.5,5279
2025-06-11T09:25:00+05:30,3100.5,3102.7,3099.0,3099.3,5180
2025-06-11T09:26:00+05:30,3099.3,3099.9,3097.8,3097.8,6283
2025-06-11T09:27:00+05:30,3097.8,3103.0,3097.8,3102.2,6145
2025-06-11T09:28:00+05:30,3102.1,3104.0,3101.1,3101.7,7634
2025-06-11T09:29:00+05:30,3102.0,3104.0,3101.4,3104.0,2879
2025-06-11T09:30:00+05:30,3104.0,3104.0,3102.0,3103.7,2810
2025-06-11T09:31:00+05:30,3103.4,3103.4,3099.0,3100.2,3744
2025-06-11T09:32:00+05:30,3100.9,3102.4,3098.2,3101.5,4329
2025-06-11T09:33:00+05:30,3101.4,3103.0,3100.0,3101.5,3101
2025-06-11T09:34:00+05:30,3101.5,3108.0,3099.9,3106.1,13187
2025-06-11T09:35:00+05:30,3106.1,3112.0,3104.1,3105.4,20752
2025-06-11T09:36:00+05:30,3104.8,3106.2,3101.1,3102.5,11051
2025-06-11T09:37:00+05:30,3101.8,3102.5,3098.7,3100.5,6739
2025-06-11T09:38:00+05:30,3100.5,3101.6,3100.1,3100.8,3423
2025-06-11T09:39:00+05:30,3101.6,3103.9,3101.6,3102.8,1601
2025-06-11T09:40:00+05:30,3103.0,3103.1,3101.5,3102.1,3548
2025-06-11T09:41:00+05:30,3102.1,3102.2,3100.1,3100.1,1932
2025-06-11T09:42:00+05:30,3100.3,3102.7,3100.3,3100.6,2668
2025-06-11T09:43:00+05:30,3101.0,3102.9,3100.6,3102.7,1916
2025-06-11T09:44:00+05:30,3102.5,3105.0,3102.4,3104.0,2266
2025-06-11T09:45:00+05:30,3104.9,3105.2,3103.6,3104.2,3079
2025-06-11T09:46:00+05:30,3104.2,3105.0,3102.3,3103.5,3881
2025-06-11T09:47:00+05:30,3103.4,3105.0,3103.0,3104.0,2149
2025-06-11T09:48:00+05:30,3103.6,3104.7,3103.1,3103.9,1318
2025-06-11T09:49:00+05:30,3104.5,3104.7,3103.2,3103.7,1677
2025-06-11T09:50:00+05:30,3104.0,3105.7,3103.0,3104.6,5371
2025-06-11T09:51:00+05:30,3104.8,3105.4,3104.6,3105.0,1779
2025-06-11T09:52:00+05:30,3105.0,3106.7,3103.9,3105.3,2484
2025-06-11T09:53:00+05:30,3104.0,3112.0,3104.0,3111.5,11569
2025-06-11T09:54:00+05:30,3112.0,3114.9,3110.9,3113.2,30913
2025-06-11T09:55:00+05:30,3113.2,3117.7,3112.0,3116.0,20181
2025-06-11T09:56:00+05:30,3115.5,3118.0,3115.0,3118.0,12446
2025-06-11T09:57:00+05:30,3118.0,3118.2,3114.2,3118.2,10813
2025-06-11T09:58:00+05:30,3118.2,3119.6,3117.2,3119.1,15701
2025-06-11T09:59:00+05:30,3119.1,3120.0,3116.8,3116.8,25443
2025-06-11T10:00:00+05:30,3116.7,3119.1,3116.0,3119.1,7645
2025-06-11T10:01:00+05:30,3119.1,3122.0,3118.0,3122.0,14334
2025-06-11T10:02:00+05:30,3121.8,3124.0,3121.0,3123.8,10020
2025-06-11T10:03:00+05:30,3123.0,3123.9,3120.1,3121.3,9552
2025-06-11T10:04:00+05:30,3122.0,3123.0,3120.5,3121.3,7619
2025-06-11T10:05:00+05:30,3121.0,3122.7,3120.9,3121.7,4799
2025-06-11T10:06:00+05:30,3121.9,3122.0,3120.0,3121.1,5900
2025-06-11T10:07:00+05:30,3120.1,3121.8,3118.7,3121.0,8190
2025-06-11T10:08:00+05:30,3121.0,3123.0,3120.1,3121.7,5923
2025-06-11T10:09:00+05:30,3121.3,3123.0,3120.8,3122.0,3903
2025-06-11T10:10:00+05:30,3122.0,3122.9,3116.4,3116.8,9012
2025-06-11T10:11:00+05:30,3116.9,3120.0,3116.0,3120.0,7429
2025-06-11T10:12:00+05:30,3120.0,3120.0,3119.1,3119.5,2276
2025-06-11T10:13:00+05:30,3119.3,3119.5,3117.0,3118.6,4533
2025-06-11T10:14:00+05:30,3118.6,3118.9,3117.0,3117.5,4111
2025-06-11T10:15:00+05:30,3117.5,3117.5,3115.0,3115.7,23314
2025-06-11T10:16:00+05:30,3115.7,3116.9,3115.5,3116.6,1911
2025-06-11T10:17:00+05:30,3116.6,3116.8,3112.6,3113.7,7618
2025-06-11T10:18:00+05:30,3113.3,3113.8,3112.2,3112.6,2562
2025-06-11T10:19:00+05:30,3112.6,3113.5,3112.5,3113.2,8047
2025-06-11T10:20:00+05:30,3112.6,3113.3,3108.6,3109.0,5623
2025-06-11T10:21:00+05:30,3109.3,3111.0,3108.7,3111.0,3368
2025-06-11T10:22:00+05:30,3110.3,3111.4,3108.3,3108.3,6181
2025-06-11T10:23:00+05:30,3108.3,3108.5,3106.1,3106.7,7905
2025-06-11T10:24:00+05:30,3107.0,3109.6,3107.0,3108.4,2562
2025-06-11T10:25:00+05:30,3108.6,3109.4,3107.0,3108.0,3992
2025-06-11T10:26:00+05:30,3108.0,3108.2,3105.0,3106.0,3998
2025-06-11T10:27:00+05:30,3105.1,3106.9,3101.5,3102.4,18416
2025-06-11T10:28:00+05:30,3102.5,3105.0,3101.4,3105.0,3513
2025-06-11T10:29:00+05:30,3104.1,3104.9,3102.1,3102.6,4844
2025-06-11T10:30:00+05:30,3103.9,3103.9,3102.1,3102.7,1901
2025-06-11T10:31:00+05:30,3102.7,3102.7,3102.1,3102.3,1598
2025-06-11T10:32:00+05:30,3102.2,3102.3,3098.0,3100.3,10056
2025-06-11T10:33:00+05:30,3100.6,3102.6,3100.0,3101.5,5766
2025-06-11T10:34:00+05:30,3100.6,3102.0,3100.3,3100.5,1867
2025-06-11T10:35:00+05:30,3100.9,3101.0,3098.3,3098.3,3482
2025-06-11T10:36:00+05:30,3098.7,3098.9,3093.0,3093.9,9210
2025-06-11T10:37:00+05:30,3093.9,3094.2,3091.0,3092.4,6833
2025-06-11T10:38:00+05:30,3092.4,3095.3,3092.2,3093.2,4300
2025-06-11T10:39:00+05:30,3093.2,3094.0,3092.7,3092.9,2758
2025-06-11T10:40:00+05:30,3092.8,3093.9,3091.4,3091.4,3737
2025-06-11T10:41:00+05:30,3091.4,3092.2,3089.4,3090.7,4908
2025-06-11T10:42:00+05:30,3090.7,3099.7,3089.8,3098.8,6932
2025-06-11T10:43:00+05:30,3099.7,3100.8,3096.0,3100.8,6132
2025-06-11T10:44:00+05:30,3100.8,3103.3,3099.8,3103.0,2508
2025-06-11T10:45:00+05:30,3103.0,3106.1,3101.7,3103.9,16097
2025-06-11T10:46:00+05:30,3103.8,3105.6,3103.2,3105.6,5281
2025-06-11T10:47:00+05:30,3104.3,3108.0,3104.2,3105.7,7690
2025-06-11T10:48:00+05:30,3105.5,3106.2,3103.6,3104.4,3353
2025-06-11T10:49:00+05:30,3103.7,3104.4,3103.4,3103.9,1198
2025-06-11T10:50:00+05:30,3103.9,3105.4,3103.4,3105.0,1761
2025-06-11T10:51:00+05:30,3105.4,3106.0,3104.4,3105.0,1254
2025-06-11T10:52:00+05:30,3105.0,3105.0,3103.4,3104.0,1405
2025-06-11T10:53:00+05:30,3104.0,3104.6,3103.5,3104.5,1026
2025-06-11T10:54:00+05:30,3104.5,3104.5,3100.0,3100.0,5681
2025-06-11T10:55:00+05:30,3100.0,3100.1,3098.1,3099.1,3539
2025-06-11T10:56:00+05:30,3099.8,3099.8,3096.6,3097.4,6276
2025-06-11T10:57:00+05:30,3097.4,3100.1,3097.0,3098.9,2468
2025-06-11T10:58:00+05:30,3098.0,3102.4,3098.0,3102.4,1903
2025-06-11T10:59:00+05:30,3102.4,3103.1,3101.0,3101.8,2667
2025-06-11T11:00:00+05:30,3102.3,3102.3,3100.0,3100.1,2315
2025-06-11T11:01:00+05:30,3100.1,3100.1,3099.0,3099.6,1830
2025-06-11T11:02:00+05:30,3099.6,3101.0,3099.2,3101.0,736
2025-06-11T11:03:00+05:30,3100.2,3100.7,3100.2,3100.5,261
2025-06-11T11:04:00+05:30,3100.5,3100.8,3100.2,3100.6,917
2025-06-11T11:05:00+05:30,3100.3,3101.8,3100.0,3101.8,2531
2025-06-11T11:06:00+05:30,3101.1,3101.9,3100.7,3101.7,740
2025-06-11T11:07:00+05:30,3101.7,3102.3,3100.1,3101.2,2981
2025-06-11T11:08:00+05:30,3101.2,3101.2,3100.0,3100.0,1260
2025-06-11T11:09:00+05:30,3100.0,3100.4,3098.9,3099.1,1751
2025-06-11T11:10:00+05:30,3099.0,3100.0,3099.0,3100.0,2572
2025-06-11T11:11:00+05:30,3100.3,3100.7,3100.0,3100.6,1405
2025-06-11T11:12:00+05:30,3100.6,3101.0,3100.0,3100.2,1564
2025-06-11T11:13:00+05:30,3100.2,3101.7,3100.0,3101.7,535
2025-06-11T11:14:00+05:30,3101.7,3102.9,3100.6,3102.6,3569
2025-06-11T11:15:00+05:30,3102.6,3102.6,3102.0,3102.6,721
2025-06-11T11:16:00+05:30,3102.6,3106.0,3102.6,3105.6,5032
2025-06-11T11:17:00+05:30,3105.3,3105.5,3101.5,3102.9,4520
2025-06-11T11:18:00+05:30,3102.9,3102.9,3101.7,3101.9,800
2025-06-11T11:19:00+05:30,3102.2,3102.2,3100.3,3100.5,758
2025-06-11T11:20:00+05:30,3100.5,3102.0,3100.1,3100.1,1304
2025-06-11T11:21:00+05:30,3100.1,3102.2,3100.1,3102.0,1710
2025-06-11T11:22:00+05:30,3102.0,3102.1,3100.0,3100.0,4822
2025-06-11T11:23:00+05:30,3100.2,3101.5,3100.0,3101.5,1351
2025-06-11T11:24:00+05:30,3101.6,3103.4,3101.0,3102.6,1004
2025-06-11T11:25:00+05:30,3102.8,3105.4,3098.8,3100.1,33859
2025-06-11T11:26:00+05:30,3100.1,3101.3,3100.0,3100.9,698
2025-06-11T11:27:00+05:30,3100.0,3102.6,3100.0,3100.1,2147
2025-06-11T11:28:00+05:30,3100.8,3100.8,3098.0,3098.9,8518
2025-06-11T11:29:00+05:30,3099.0,3099.4,3098.0,3099.4,1824
2025-06-11T11:30:00+05:30,3099.2,3099.2,3098.0,3098.4,1668
2025-06-11T11:31:00+05:30,3098.4,3100.0,3097.5,3099.6,3211
2025-06-11T11:32:00+05:30,3099.1,3101.6,3098.4,3099.7,3103
2025-06-11T11:33:00+05:30,3100.7,3101.5,3098.5,3101.2,8896
2025-06-11T11:34:00+05:30,3101.4,3102.8,3098.0,3098.1,3529
2025-06-11T11:35:00+05:30,3099.0,3099.0,3095.6,3096.7,1931
2025-06-11T11:36:00+05:30,3096.8,3097.5,3096.1,3097.0,791
2025-06-11T11:37:00+05:30,3097.3,3097.8,3096.3,3097.8,507
2025-06-11T11:38:00+05:30,3098.7,3099.0,3097.9,3098.3,1822
2025-06-11T11:39:00+05:30,3098.3,3099.0,3098.3,3099.0,356
2025-06-11T11:40:00+05:30,3098.3,3099.0,3098.3,3099.0,627
2025-06-11T11:41:00+05:30,3099.0,3099.8,3098.5,3099.8,1863
2025-06-11T11:42:00+05:30,3099.9,3099.9,3097.0,3097.6,7817
2025-06-11T11:43:00+05:30,3098.2,3098.2,3096.9,3097.0,842
2025-06-11T11:44:00+05:30,3097.0,3097.8,3096.3,3096.4,1914
2025-06-11T11:45:00+05:30,3096.4,3097.2,3096.3,3097.0,802
2025-06-11T11:46:00+05:30,3097.0,3098.5,3096.8,3098.2,784
2025-06-11T11:47:00+05:30,3098.2,3098.8,3097.3,3098.1,875
2025-06-11T11:48:00+05:30,3098.1,3098.2,3096.3,3097.4,791
2025-06-11T11:49:00+05:30,3096.7,3097.7,3096.0,3096.0,1281
2025-06-11T11:50:00+05:30,3096.7,3098.0,3096.0,3098.0,869
2025-06-11T11:51:00+05:30,3098.0,3098.8,3098.0,3098.5,202
2025-06-11T11:52:00+05:30,3099.0,3099.0,3096.0,3096.9,2522
2025-06-11T11:53:00+05:30,3096.9,3097.6,3094.2,3097.0,5679
2025-06-11T11:54:00+05:30,3097.0,3102.0,3096.2,3102.0,8401
2025-06-11T11:55:00+05:30,3102.0,3102.0,3098.9,3099.2,3721
2025-06-11T11:56:00+05:30,3099.0,3099.0,3096.5,3098.6,4258
2025-06-11T11:57:00+05:30,3098.5,3098.8,3097.9,3097.9,1057
2025-06-11T11:58:00+05:30,3098.8,3098.8,3097.0,3098.2,1376
2025-06-11T11:59:00+05:30,3098.2,3098.7,3098.2,3098.7,1319
2025-06-11T12:00:00+05:30,3098.7,3100.0,3098.6,3098.8,1124
2025-06-11T12:01:00+05:30,3098.8,3099.8,3098.7,3099.5,325
2025-06-11T12:02:00+05:30,3099.6,3099.6,3099.0,3099.5,562
2025-06-11T12:03:00+05:30,3099.6,3099.6,3099.0,3099.5,1814
2025-06-11T12:04:00+05:30,3099.5,3099.6,3099.0,3099.2,412
2025-06-11T12:05:00+05:30,3099.2,3099.6,3099.1,3099.2,701
2025-06-11T12:06:00+05:30,3099.2,3099.6,3097.8,3099.2,1551
2025-06-11T12:07:00+05:30,3099.2,3099.6,3098.3,3099.5,726
2025-06-11T12:08:00+05:30,3099.5,3099.6,3098.4,3099.4,450
2025-06-11T12:09:00+05:30,3099.0,3099.4,3098.6,3099.4,235
2025-06-11T12:10:00+05:30,3099.4,3099.4,3099.0,3099.4,597
2025-06-11T12:11:00+05:30,3099.4,3099.4,3096.3,3097.9,1447
2025-06-11T12:12:00+05:30,3097.9,3099.0,3097.9,3098.8,144
2025-06-11T12:13:00+05:30,3098.9,3098.9,3098.8,3098.9,355
2025-06-11T12:14:00+05:30,3098.8,3100.0,3098.8,3100.0,1186
2025-06-11T12:15:00+05:30,3099.8,3100.0,3099.4,3099.4,1183
2025-06-11T12:16:00+05:30,3099.9,3099.9,3098.1,3098.1,1214
2025-06-11T12:17:00+05:30,3098.2,3099.2,3097.3,3097.3,872
2025-06-11T12:18:00+05:30,3098.1,3098.2,3095.1,3095.3,2135
2025-06-11T12:19:00+05:30,3095.3,3097.0,3092.3,3094.0,4949
2025-06-11T12:20:00+05:30,3094.0,3095.0,3093.5,3094.2,855
2025-06-11T12:21:00+05:30,3094.2,3095.0,3094.2,3094.2,1097
2025-06-11T12:22:00+05:30,3095.0,3095.0,3093.1,3094.9,3518
2025-06-11T12:23:00+05:30,3095.0,3095.3,3094.8,3095.3,4166
2025-06-11T12:24:00+05:30,3095.2,3096.8,3093.3,3094.4,4628
2025-06-11T12:25:00+05:30,3094.4,3094.8,3094.0,3094.7,823
2025-06-11T12:26:00+05:30,3094.0,3094.7,3093.0,3093.4,2033
2025-06-11T12:27:00+05:30,3093.4,3093.7,3092.0,3092.9,2092
2025-06-11T12:28:00+05:30,3092.9,3093.6,3092.0,3092.8,1442
2025-06-11T12:29:00+05:30,3092.8,3094.4,3092.8,3094.3,3251
2025-06-11T12:30:00+05:30,3094.3,3094.9,3093.0,3093.0,1937
2025-06-11T12:31:00+05:30,3093.0,3093.8,3092.6,3092.7,1360
2025-06-11T12:32:00+05:30,3093.8,3093.8,3092.6,3093.6,878
2025-06-11T12:33:00+05:30,3093.6,3093.8,3093.0,3093.1,613
2025-06-11T12:34:00+05:30,3093.1,3093.7,3090.9,3091.9,10242
2025-06-11T12:35:00+05:30,3091.4,3092.9,3090.8,3092.2,1358
2025-06-11T12:36:00+05:30,3092.2,3093.3,3091.1,3091.3,1744
2025-06-11T12:37:00+05:30,3091.1,3092.2,3090.2,3091.0,2459
2025-06-11T12:38:00+05:30,3092.0,3092.6,3091.0,3092.2,1507
2025-06-11T12:39:00+05:30,3092.2,3092.2,3091.0,3091.3,1026
2025-06-11T12:40:00+05:30,3091.0,3091.7,3090.1,3090.1,775
2025-06-11T12:41:00+05:30,3090.2,3090.8,3090.1,3090.2,1337
2025-06-11T12:42:00+05:30,3090.8,3091.8,3090.1,3091.3,1107
2025-06-11T12:43:00+05:30,3091.3,3091.3,3087.5,3088.0,5703
2025-06-11T12:44:00+05:30,3087.7,3089.4,3087.7,3088.0,5517
2025-06-11T12:45:00+05:30,3087.9,3090.0,3087.7,3088.5,7214
2025-06-11T12:46:00+05:30,3089.4,3090.3,3088.1,3088.5,2325
2025-06-11T12:47:00+05:30,3088.5,3089.7,3088.4,3089.7,4137
2025-06-11T12:48:00+05:30,3089.7,3091.5,3088.4,3090.0,6004
2025-06-11T12:49:00+05:30,3090.2,3092.1,3089.4,3090.0,4867
2025-06-11T12:50:00+05:30,3090.0,3090.8,3085.4,3088.3,27585
2025-06-11T12:51:00+05:30,3089.6,3090.1,3088.3,3089.0,1643
2025-06-11T12:52:00+05:30,3089.0,3091.4,3088.5,3091.4,3048
2025-06-11T12:53:00+05:30,3091.3,3091.4,3089.0,3089.8,2196
2025-06-11T12:54:00+05:30,3089.0,3089.4,3087.4,3088.0,3647
2025-06-11T12:55:00+05:30,3087.7,3088.0,3087.1,3088.0,1544
2025-06-11T12:56:00+05:30,3088.0,3088.0,3085.7,3087.0,3252
2025-06-11T12:57:00+05:30,3087.0,3088.8,3086.0,3088.8,6930
2025-06-11T12:58:00+05:30,3087.8,3089.0,3087.0,3089.0,4820
2025-06-11T12:59:00+05:30,3088.9,3091.0,3087.9,3087.9,2684
2025-06-11T13:00:00+05:30,3088.5,3089.0,3086.5,3087.0,6487
2025-06-11T13:01:00+05:30,3087.0,3087.0,3085.7,3086.8,1869
2025-06-11T13:02:00+05:30,3086.8,3087.5,3086.2,3087.2,5327
2025-06-11T13:03:00+05:30,3087.2,3090.2,3087.2,3089.6,4234
2025-06-11T13:04:00+05:30,3089.0,3089.8,3086.5,3086.6,11617
2025-06-11T13:05:00+05:30,3086.1,3087.0,3085.6,3087.0,3081
2025-06-11T13:06:00+05:30,3087.0,3087.0,3086.8,3086.8,2907
2025-06-11T13:07:00+05:30,3087.0,3088.3,3086.7,3087.0,2068
2025-06-11T13:08:00+05:30,3087.7,3090.0,3087.2,3090.0,903
2025-06-11T13:09:00+05:30,3090.0,3091.4,3089.7,3090.6,2045
2025-06-11T13:10:00+05:30,3090.6,3091.0,3087.0,3089.3,34660
2025-06-11T13:11:00+05:30,3089.3,3089.3,3088.2,3088.6,1432
2025-06-11T13:12:00+05:30,3089.2,3089.2,3086.6,3087.8,1744
2025-06-11T13:13:00+05:30,3087.5,3088.1,3086.4,3088.1,2042
2025-06-11T13:14:00+05:30,3088.1,3088.3,3086.4,3087.7,1873
2025-06-11T13:15:00+05:30,3086.6,3087.8,3085.1,3087.7,4974
2025-06-11T13:16:00+05:30,3087.0,3090.7,3086.2,3088.4,4838
2025-06-11T13:17:00+05:30,3088.4,3089.9,3087.5,3088.6,1077
2025-06-11T13:18:00+05:30,3089.0,3089.9,3088.4,3089.0,803
2025-06-11T13:19:00+05:30,3089.0,3090.0,3089.0,3090.0,1104
2025-06-11T13:20:00+05:30,3090.0,3091.3,3090.0,3091.2,1236
2025-06-11T13:21:00+05:30,3091.2,3091.3,3089.9,3090.0,1347
2025-06-11T13:22:00+05:30,3090.8,3090.8,3088.9,3089.7,1868
2025-06-11T13:23:00+05:30,3088.9,3090.0,3087.9,3088.3,500
2025-06-11T13:24:00+05:30,3088.3,3090.1,3087.5,3088.0,1582
2025-06-11T13:25:00+05:30,3087.9,3088.0,3086.7,3087.5,827
2025-06-11T13:26:00+05:30,3086.7,3087.5,3086.1,3086.9,700
2025-06-11T13:27:00+05:30,3086.2,3086.2,3085.1,3085.1,1019
2025-06-11T13:28:00+05:30,3085.3,3085.3,3082.8,3083.4,6184
2025-06-11T13:29:00+05:30,3083.4,3083.7,3082.2,3083.4,1743
2025-06-11T13:30:00+05:30,3083.4,3083.6,3081.7,3082.8,3135
2025-06-11T13:31:00+05:30,3082.5,3085.0,3081.5,3083.7,2004
2025-06-11T13:32:00+05:30,3083.7,3084.2,3082.1,3083.4,1849
2025-06-11T13:33:00+05:30,3083.3,3085.3,3083.0,3085.0,1142
2025-06-11T13:34:00+05:30,3085.0,3085.3,3084.1,3084.2,1719
2025-06-11T13:35:00+05:30,3084.3,3086.0,3084.2,3086.0,4001
2025-06-11T13:36:00+05:30,3085.4,3086.0,3085.3,3086.0,2588
2025-06-11T13:37:00+05:30,3086.0,3088.4,3085.4,3086.8,6946
2025-06-11T13:38:00+05:30,3086.8,3087.0,3085.4,3086.1,1155
2025-06-11T13:39:00+05:30,3086.1,3087.2,3085.1,3087.2,1477
2025-06-11T13:40:00+05:30,3086.7,3087.2,3086.7,3086.7,1532
2025-06-11T13:41:00+05:30,3086.7,3087.0,3086.1,3086.9,1286
2025-06-11T13:42:00+05:30,3086.9,3087.0,3086.0,3087.0,684
2025-06-11T13:43:00+05:30,3086.6,3087.0,3084.0,3084.8,9399
2025-06-11T13:44:00+05:30,3084.2,3087.0,3084.2,3085.9,8123
2025-06-11T13:45:00+05:30,3085.2,3085.2,3084.2,3085.2,1633
2025-06-11T13:46:00+05:30,3085.2,3085.4,3083.1,3085.4,2084
2025-06-11T13:47:00+05:30,3084.5,3085.2,3082.6,3083.1,1690
2025-06-11T13:48:00+05:30,3083.1,3084.2,3081.9,3082.7,3796
2025-06-11T13:49:00+05:30,3082.7,3083.7,3081.0,3083.0,2049
2025-06-11T13:50:00+05:30,3082.2,3084.0,3081.1,3083.8,2379
2025-06-11T13:51:00+05:30,3083.0,3084.5,3083.0,3083.8,713
2025-06-11T13:52:00+05:30,3084.8,3085.2,3081.6,3082.0,3021
2025-06-11T13:53:00+05:30,3082.0,3083.0,3082.0,3082.2,621
2025-06-11T13:54:00+05:30,3082.2,3082.9,3081.0,3081.0,1129
2025-06-11T13:55:00+05:30,3081.0,3085.0,3081.0,3084.7,2398
2025-06-11T13:56:00+05:30,3083.5,3085.3,3083.4,3085.3,1023
2025-06-11T13:57:00+05:30,3085.3,3087.0,3084.9,3086.9,681
2025-06-11T13:58:00+05:30,3086.9,3087.0,3085.7,3086.5,2269
2025-06-11T13:59:00+05:30,3086.5,3087.0,3086.0,3086.8,747
2025-06-11T14:00:00+05:30,3087.0,3087.0,3084.6,3085.3,1914
2025-06-11T14:01:00+05:30,3085.0,3085.3,3083.9,3084.7,1124
2025-06-11T14:02:00+05:30,3084.7,3087.0,3084.4,3086.7,602
2025-06-11T14:03:00+05:30,3086.7,3087.0,3084.9,3085.4,2011
2025-06-11T14:04:00+05:30,3084.5,3084.5,3083.4,3083.6,766
2025-06-11T14:05:00+05:30,3083.6,3084.1,3083.0,3084.0,519
2025-06-11T14:06:00+05:30,3083.4,3084.6,3082.5,3084.6,985
2025-06-11T14:07:00+05:30,3084.6,3084.6,3082.2,3084.2,704
2025-06-11T14:08:00+05:30,3084.0,3084.7,3082.4,3083.8,1093
2025-06-11T14:09:00+05:30,3083.8,3083.9,3082.9,3083.8,1000
2025-06-11T14:10:00+05:30,3082.9,3084.6,3082.9,3084.5,306
2025-06-11T14:11:00+05:30,3083.8,3084.9,3083.8,3084.5,1177
2025-06-11T14:12:00+05:30,3084.9,3084.9,3084.0,3084.0,1049
2025-06-11T14:13:00+05:30,3084.0,3085.0,3084.0,3085.0,2209
2025-06-11T14:14:00+05:30,3084.9,3085.0,3084.8,3085.0,1337
2025-06-11T14:15:00+05:30,3085.0,3085.0,3084.8,3085.0,1147
2025-06-11T14:16:00+05:30,3085.0,3085.0,3084.9,3085.0,1023
2025-06-11T14:17:00+05:30,3085.0,3086.5,3084.9,3085.0,6129
2025-06-11T14:18:00+05:30,3084.9,3085.0,3084.9,3085.0,1854
2025-06-11T14:19:00+05:30,3084.9,3085.0,3084.9,3085.0,3104
2025-06-11T14:20:00+05:30,3085.0,3086.4,3084.9,3085.0,2843
2025-06-11T14:21:00+05:30,3085.0,3087.0,3085.0,3086.7,1695
2025-06-11T14:22:00+05:30,3086.7,3087.0,3085.7,3086.8,1299
2025-06-11T14:23:00+05:30,3086.8,3087.0,3084.6,3085.0,5412
2025-06-11T14:24:00+05:30,3084.7,3085.0,3084.7,3085.0,2113
2025-06-11T14:25:00+05:30,3085.0,3085.0,3084.3,3084.3,1959
2025-06-11T14:26:00+05:30,3085.0,3085.0,3082.7,3083.3,1733
2025-06-11T14:27:00+05:30,3083.3,3083.5,3082.0,3082.7,1533
2025-06-11T14:28:00+05:30,3082.7,3082.9,3082.0,3082.1,749
2025-06-11T14:29:00+05:30,3082.1,3082.8,3082.1,3082.5,1257
2025-06-11T14:30:00+05:30,3082.5,3083.7,3082.5,3083.5,1590
2025-06-11T14:31:00+05:30,3083.5,3083.6,3082.7,3082.7,3678
2025-06-11T14:32:00+05:30,3083.2,3083.2,3082.7,3083.0,1079
2025-06-11T14:33:00+05:30,3083.0,3083.4,3082.2,3083.0,1140
2025-06-11T14:34:00+05:30,3083.0,3083.0,3082.2,3083.0,730
2025-06-11T14:35:00+05:30,3082.2,3083.5,3082.1,3083.5,1066
2025-06-11T14:36:00+05:30,3083.5,3083.5,3083.3,3083.5,397
2025-06-11T14:37:00+05:30,3083.5,3084.0,3083.5,3084.0,956
2025-06-11T14:38:00+05:30,3084.0,3084.0,3083.5,3083.5,1125
2025-06-11T14:39:00+05:30,3083.9,3084.0,3083.5,3083.7,493
2025-06-11T14:40:00+05:30,3083.7,3084.0,3083.5,3084.0,1070
2025-06-11T14:41:00+05:30,3084.0,3085.0,3083.7,3084.5,2321
2025-06-11T14:42:00+05:30,3084.5,3085.0,3084.0,3085.0,567
2025-06-11T14:43:00+05:30,3085.0,3085.0,3084.2,3084.7,958
2025-06-11T14:44:00+05:30,3084.7,3085.0,3084.3,3085.0,942
2025-06-11T14:45:00+05:30,3085.0,3085.0,3084.2,3085.0,935
2025-06-11T14:46:00+05:30,3085.0,3085.0,3084.4,3085.0,626
2025-06-11T14:47:00+05:30,3085.0,3085.0,3083.5,3084.8,1903
2025-06-11T14:48:00+05:30,3084.8,3085.0,3083.9,3084.8,4880
2025-06-11T14:49:00+05:30,3084.8,3085.0,3084.0,3084.8,1957
2025-06-11T14:50:00+05:30,3084.8,3085.0,3084.2,3085.0,1001
2025-06-11T14:51:00+05:30,3085.0,3085.0,3083.0,3084.6,2979
2025-06-11T14:52:00+05:30,3084.6,3084.6,3083.0,3084.1,760
2025-06-11T14:53:00+05:30,3084.0,3084.2,3081.4,3082.0,3248
2025-06-11T14:54:00+05:30,3082.0,3082.3,3080.8,3080.8,2752
2025-06-11T14:55:00+05:30,3080.8,3081.0,3080.3,3080.5,2361
2025-06-11T14:56:00+05:30,3081.0,3081.0,3080.2,3080.8,1274
2025-06-11T14:57:00+05:30,3080.8,3080.8,3078.0,3079.5,9828
2025-06-11T14:58:00+05:30,3079.5,3079.5,3078.6,3079.5,1895
2025-06-11T14:59:00+05:30,3079.5,3080.0,3079.0,3079.8,1661
2025-06-11T15:00:00+05:30,3079.8,3086.9,3079.8,3085.0,46655
2025-06-11T15:01:00+05:30,3085.0,3085.0,3081.3,3084.7,15379
2025-06-11T15:02:00+05:30,3084.0,3084.6,3084.0,3084.3,3300
2025-06-11T15:03:00+05:30,3084.4,3084.4,3082.6,3083.0,8346
2025-06-11T15:04:00+05:30,3083.6,3083.8,3083.0,3083.5,7789
2025-06-11T15:05:00+05:30,3083.5,3083.5,3080.0,3080.0,6743
2025-06-11T15:06:00+05:30,3080.0,3083.8,3080.0,3080.8,15570
2025-06-11T15:07:00+05:30,3080.8,3080.8,3080.3,3080.3,5106
2025-06-11T15:08:00+05:30,3080.4,3080.5,3080.2,3080.2,4434
2025-06-11T15:09:00+05:30,3080.3,3080.5,3080.0,3080.4,5895
2025-06-11T15:10:00+05:30,3080.4,3082.6,3080.4,3081.2,13225
2025-06-11T15:11:00+05:30,3081.2,3081.2,3079.3,3079.8,7033
2025-06-11T15:12:00+05:30,3079.5,3079.8,3078.8,3078.9,8846
2025-06-11T15:13:00+05:30,3078.9,3079.0,3078.3,3078.3,10622
2025-06-11T15:14:00+05:30,3078.3,3081.2,3078.0,3079.7,26323
2025-06-11T15:15:00+05:30,3079.7,3081.8,3078.9,3080.0,14195
2025-06-11T15:16:00+05:30,3080.0,3080.7,3076.0,3080.3,26488
2025-06-11T15:17:00+05:30,3080.3,3082.8,3080.0,3082.0,7894
2025-06-11T15:18:00+05:30,3082.0,3082.6,3080.1,3080.2,9264
2025-06-11T15:19:00+05:30,3080.1,3080.3,3079.8,3080.2,5699
2025-06-11T15:20:00+05:30,3079.8,3080.3,3079.0,3079.5,10472
2025-06-11T15:21:00+05:30,3080.2,3080.2,3079.0,3080.0,6562
2025-06-11T15:22:00+05:30,3080.0,3081.0,3079.7,3080.7,7277
2025-06-11T15:23:00+05:30,3080.7,3080.7,3080.1,3080.1,5561
2025-06-11T15:24:00+05:30,3080.3,3080.6,3079.7,3080.0,9881
2025-06-11T15:25:00+05:30,3079.7,3080.1,3078.8,3078.9,13380
2025-06-11T15:26:00+05:30,3079.2,3080.0,3078.8,3080.0,6782
2025-06-11T15:27:00+05:30,3079.6,3080.3,3078.9,3079.6,4655
2025-06-11T15:28:00+05:30,3079.0,3081.0,3078.9,3079.8,5088
2025-06-11T15:29:00+05:30,3079.8,3083.0,3078.0,3082.0,4544
2025-06-12T09:15:00+05:30,3088.0,3094.0,3066.6,3068.8,28067
2025-06-12T09:16:00+05:30,3069.2,3076.4,3068.1,3076.0,8552
2025-06-12T09:17:00+05:30,3075.0,3077.8,3073.7,3076.0,6416
2025-06-12T09:18:00+05:30,3076.0,3079.9,3076.0,3078.6,5213
2025-06-12T09:19:00+05:30,3078.6,3079.0,3078.0,3079.0,2337
2025-06-12T09:20:00+05:30,3078.6,3080.1,3075.0,3075.9,6958
2025-06-12T09:21:00+05:30,3075.9,3075.9,3068.1,3070.0,6659
2025-06-12T09:22:00+05:30,3070.0,3071.7,3066.0,3069.2,7777
2025-06-12T09:23:00+05:30,3069.0,3069.1,3062.2,3065.9,9215
2025-06-12T09:24:00+05:30,3065.9,3067.5,3064.5,3066.1,4897
2025-06-12T09:25:00+05:30,3065.9,3070.5,3064.3,3069.5,4537
2025-06-12T09:26:00+05:30,3070.0,3071.3,3067.9,3071.3,4104
2025-06-12T09:27:00+05:30,3070.4,3070.5,3068.7,3069.8,2404
2025-06-12T09:28:00+05:30,3069.7,3069.7,3065.5,3065.5,1771
2025-06-12T09:29:00+05:30,3066.4,3069.6,3065.7,3068.4,1635
2025-06-12T09:30:00+05:30,3068.4,3069.8,3066.0,3067.5,4645
2025-06-12T09:31:00+05:30,3067.5,3070.5,3067.3,3070.5,1825
2025-06-12T09:32:00+05:30,3070.5,3072.5,3069.6,3070.9,2163
2025-06-12T09:33:00+05:30,3070.9,3072.5,3070.9,3071.5,1345
2025-06-12T09:34:00+05:30,3072.0,3073.5,3071.5,3072.9,3670
2025-06-12T09:35:00+05:30,3072.5,3073.0,3072.0,3073.0,734
2025-06-12T09:36:00+05:30,3072.9,3075.8,3072.8,3074.1,7214
2025-06-12T09:37:00+05:30,3075.0,3075.0,3072.9,3074.0,5576
2025-06-12T09:38:00+05:30,3073.0,3073.2,3070.1,3070.5,2037
2025-06-12T09:39:00+05:30,3070.1,3070.1,3065.0,3065.1,7465
2025-06-12T09:40:00+05:30,3065.0,3065.8,3060.0,3061.1,11470
2025-06-12T09:41:00+05:30,3061.1,3063.5,3061.0,3063.0,3885
2025-06-12T09:42:00+05:30,3063.0,3063.5,3060.0,3060.4,2910
2025-06-12T09:43:00+05:30,3060.1,3060.1,3055.0,3056.6,12600
2025-06-12T09:44:00+05:30,3056.6,3058.4,3056.1,3056.7,2989
2025-06-12T09:45:00+05:30,3057.3,3062.0,3056.7,3057.1,2995
2025-06-12T09:46:00+05:30,3057.2,3059.7,3056.0,3056.4,3953
2025-06-12T09:47:00+05:30,3056.4,3058.0,3055.2,3056.2,3515
2025-06-12T09:48:00+05:30,3056.2,3057.9,3052.1,3056.3,9968
2025-06-12T09:49:00+05:30,3056.3,3059.5,3056.3,3058.1,2235
2025-06-12T09:50:00+05:30,3058.1,3059.6,3057.9,3058.4,2328
2025-06-12T09:51:00+05:30,3058.4,3060.5,3058.4,3060.1,1179
2025-06-12T09:52:00+05:30,3060.1,3061.2,3059.1,3060.2,2587
2025-06-12T09:53:00+05:30,3060.5,3061.8,3059.1,3061.0,2218
2025-06-12T09:54:00+05:30,3060.4,3062.7,3060.4,3062.7,1801
2025-06-12T09:55:00+05:30,3062.7,3063.4,3061.4,3062.9,1369
2025-06-12T09:56:00+05:30,3062.4,3064.3,3062.4,3063.0,2250
2025-06-12T09:57:00+05:30,3062.7,3063.0,3060.7,3061.3,2938
2025-06-12T09:58:00+05:30,3061.6,3061.6,3059.4,3060.2,2680
2025-06-12T09:59:00+05:30,3060.0,3060.4,3058.0,3058.5,3558
2025-06-12T10:00:00+05:30,3058.5,3059.0,3055.0,3055.0,4989
2025-06-12T10:01:00+05:30,3055.0,3056.5,3052.0,3055.0,8350
2025-06-12T10:02:00+05:30,3055.3,3057.9,3055.0,3055.6,2398
2025-06-12T10:03:00+05:30,3055.4,3056.9,3054.2,3054.8,2101
2025-06-12T10:04:00+05:30,3054.7,3056.5,3054.0,3055.5,1591
2025-06-12T10:05:00+05:30,3055.1,3057.0,3055.1,3056.2,2927
2025-06-12T10:06:00+05:30,3056.9,3059.0,3055.3,3059.0,2968
2025-06-12T10:07:00+05:30,3059.7,3060.0,3056.8,3057.9,2077
2025-06-12T10:08:00+05:30,3058.6,3059.9,3058.1,3059.6,1850
2025-06-12T10:09:00+05:30,3059.5,3060.6,3058.1,3059.1,2011
2025-06-12T10:10:00+05:30,3059.1,3060.0,3058.7,3059.7,710
2025-06-12T10:11:00+05:30,3059.5,3060.0,3058.1,3058.9,1471
2025-06-12T10:12:00+05:30,3058.9,3060.0,3058.4,3059.4,679
2025-06-12T10:13:00+05:30,3059.4,3059.9,3056.5,3059.9,5062
2025-06-12T10:14:00+05:30,3059.9,3060.6,3056.5,3058.4,865
2025-06-12T10:15:00+05:30,3058.4,3060.1,3056.2,3057.7,2924
2025-06-12T10:16:00+05:30,3057.6,3060.4,3057.0,3059.4,1945
2025-06-12T10:17:00+05:30,3060.0,3060.1,3056.1,3057.1,1236
2025-06-12T10:18:00+05:30,3057.1,3059.0,3057.1,3057.6,1726
2025-06-12T10:19:00+05:30,3058.6,3058.6,3057.6,3057.6,389
2025-06-12T10:20:00+05:30,3058.0,3058.0,3056.3,3057.4,1640
2025-06-12T10:21:00+05:30,3057.0,3057.4,3052.9,3053.7,4130
2025-06-12T10:22:00+05:30,3053.1,3057.0,3052.9,3054.0,3484
2025-06-12T10:23:00+05:30,3054.3,3055.9,3054.2,3054.6,962
2025-06-12T10:24:00+05:30,3054.9,3055.9,3054.2,3055.0,2106
2025-06-12T10:25:00+05:30,3055.7,3056.9,3055.0,3056.1,2875
2025-06-12T10:26:00+05:30,3055.4,3055.6,3053.5,3055.6,3402
2025-06-12T10:27:00+05:30,3054.5,3055.3,3054.2,3054.7,968
2025-06-12T10:28:00+05:30,3054.7,3055.4,3054.2,3055.4,861
2025-06-12T10:29:00+05:30,3055.4,3055.4,3053.0,3053.0,2184
2025-06-12T10:30:00+05:30,3053.3,3055.3,3053.0,3053.9,2065
2025-06-12T10:31:00+05:30,3053.9,3054.9,3052.6,3053.1,2194
2025-06-12T10:32:00+05:30,3053.9,3054.0,3052.9,3053.5,2989
2025-06-12T10:33:00+05:30,3053.6,3053.7,3051.0,3052.0,3261
2025-06-12T10:34:00+05:30,3052.0,3052.2,3050.0,3050.6,7850
2025-06-12T10:35:00+05:30,3050.6,3051.4,3048.5,3049.3,10739
2025-06-12T10:36:00+05:30,3049.3,3050.6,3048.6,3048.8,3822
2025-06-12T10:37:00+05:30,3048.6,3049.0,3046.6,3047.3,6565
2025-06-12T10:38:00+05:30,3047.1,3048.5,3046.6,3048.0,7910
2025-06-12T10:39:00+05:30,3048.3,3048.3,3047.3,3047.6,3202
2025-06-12T10:40:00+05:30,3047.6,3048.0,3047.6,3048.0,2536
2025-06-12T10:41:00+05:30,3048.0,3048.1,3047.6,3047.8,2746
2025-06-12T10:42:00+05:30,3048.0,3048.5,3047.3,3047.3,6779
2025-06-12T10:43:00+05:30,3047.6,3047.8,3046.0,3046.4,10294
2025-06-12T10:44:00+05:30,3046.9,3047.2,3041.8,3043.1,11829
2025-06-12T10:45:00+05:30,3042.2,3044.9,3041.8,3042.9,3619
2025-06-12T10:46:00+05:30,3042.9,3042.9,3042.0,3042.3,2438
2025-06-12T10:47:00+05:30,3042.2,3042.9,3042.2,3042.5,2698
2025-06-12T10:48:00+05:30,3042.7,3042.9,3041.0,3041.6,4741
2025-06-12T10:49:00+05:30,3041.0,3043.0,3041.0,3043.0,2467
2025-06-12T10:50:00+05:30,3042.5,3045.6,3042.5,3045.6,1710
2025-06-12T10:51:00+05:30,3045.6,3046.3,3043.7,3044.6,3153
2025-06-12T10:52:00+05:30,3044.6,3044.8,3041.0,3043.9,14238
2025-06-12T10:53:00+05:30,3043.9,3046.0,3040.6,3041.7,6772
2025-06-12T10:54:00+05:30,3041.4,3043.0,3040.0,3040.0,11066
2025-06-12T10:55:00+05:30,3040.0,3041.9,3040.0,3041.0,2370
2025-06-12T10:56:00+05:30,3041.3,3041.3,3040.7,3041.2,2547
2025-06-12T10:57:00+05:30,3041.2,3041.2,3039.0,3039.9,9613
2025-06-12T10:58:00+05:30,3039.9,3040.4,3037.5,3037.7,6588
2025-06-12T10:59:00+05:30,3037.7,3037.7,3035.3,3036.0,4785
2025-06-12T11:00:00+05:30,3035.9,3037.0,3035.0,3035.1,5418
2025-06-12T11:01:00+05:30,3035.0,3039.3,3035.0,3039.3,2465
2025-06-12T11:02:00+05:30,3038.6,3040.0,3037.8,3037.8,2798
2025-06-12T11:03:00+05:30,3037.9,3037.9,3037.0,3037.1,2655
2025-06-12T11:04:00+05:30,3037.0,3040.8,3036.8,3040.0,4992
2025-06-12T11:05:00+05:30,3040.0,3040.5,3038.2,3039.2,9135
2025-06-12T11:06:00+05:30,3039.1,3040.5,3039.0,3039.4,1070
2025-06-12T11:07:00+05:30,3039.4,3040.4,3038.6,3039.4,3102
2025-06-12T11:08:00+05:30,3039.3,3042.3,3039.2,3042.3,1966
2025-06-12T11:09:00+05:30,3041.4,3043.0,3040.3,3040.5,3692
2025-06-12T11:10:00+05:30,3040.4,3042.3,3040.3,3040.5,1588
2025-06-12T11:11:00+05:30,3040.5,3040.6,3038.0,3038.0,11071
2025-06-12T11:12:00+05:30,3038.0,3038.3,3035.8,3037.2,4475
2025-06-12T11:13:00+05:30,3037.5,3038.7,3037.0,3037.7,1957
2025-06-12T11:14:00+05:30,3037.3,3039.9,3037.3,3038.3,1623
2025-06-12T11:15:00+05:30,3038.3,3039.0,3038.3,3038.3,2122
2025-06-12T11:16:00+05:30,3038.3,3039.8,3038.3,3039.6,2156
2025-06-12T11:17:00+05:30,3039.7,3045.9,3038.4,3045.4,5306
2025-06-12T11:18:00+05:30,3044.3,3045.0,3043.7,3044.6,1766
2025-06-12T11:19:00+05:30,3044.6,3046.0,3044.4,3046.0,1902
2025-06-12T11:20:00+05:30,3045.4,3046.0,3043.8,3044.7,3936
2025-06-12T11:21:00+05:30,3044.8,3045.2,3043.1,3045.0,2126
2025-06-12T11:22:00+05:30,3044.8,3048.0,3044.3,3047.8,3156
2025-06-12T11:23:00+05:30,3047.0,3047.9,3046.1,3047.8,2304
2025-06-12T11:24:00+05:30,3047.9,3048.5,3045.2,3045.2,3150
2025-06-12T11:25:00+05:30,3045.0,3050.4,3045.0,3050.0,16961
2025-06-12T11:26:00+05:30,3050.0,3050.1,3048.3,3048.3,5344
2025-06-12T11:27:00+05:30,3048.2,3050.3,3047.9,3048.9,3519
2025-06-12T11:28:00+05:30,3048.8,3050.0,3048.3,3049.3,2313
2025-06-12T11:29:00+05:30,3049.3,3050.0,3046.9,3048.0,2128
2025-06-12T11:30:00+05:30,3047.6,3048.2,3047.0,3048.2,1761
2025-06-12T11:31:00+05:30,3048.2,3048.2,3046.6,3047.0,2179
2025-06-12T11:32:00+05:30,3047.1,3047.1,3046.1,3046.1,1552
2025-06-12T11:33:00+05:30,3046.5,3047.0,3046.5,3046.6,1722
2025-06-12T11:34:00+05:30,3046.5,3046.7,3046.0,3046.0,2466
2025-06-12T11:35:00+05:30,3046.0,3046.1,3045.0,3045.0,2657
2025-06-12T11:36:00+05:30,3045.0,3045.0,3043.0,3044.3,10864
2025-06-12T11:37:00+05:30,3044.3,3045.0,3043.0,3043.0,2367
2025-06-12T11:38:00+05:30,3043.1,3044.1,3042.3,3043.0,4209
2025-06-12T11:39:00+05:30,3043.1,3043.2,3040.7,3041.1,8754
2025-06-12T11:40:00+05:30,3041.0,3041.1,3038.3,3038.3,8463
2025-06-12T11:41:00+05:30,3038.4,3038.8,3036.0,3036.1,7351
2025-06-12T11:42:00+05:30,3036.1,3038.9,3035.5,3038.8,3219
2025-06-12T11:43:00+05:30,3038.6,3039.8,3036.8,3039.0,2519
2025-06-12T11:44:00+05:30,3039.1,3039.3,3037.9,3038.0,1211
2025-06-12T11:45:00+05:30,3037.9,3040.0,3037.0,3040.0,3963
2025-06-12T11:46:00+05:30,3040.0,3040.0,3037.5,3037.7,2412
2025-06-12T11:47:00+05:30,3037.7,3040.1,3037.5,3038.1,2437
2025-06-12T11:48:00+05:30,3038.2,3039.8,3038.1,3039.1,1560
2025-06-12T11:49:00+05:30,3039.1,3039.9,3038.4,3038.9,1727
2025-06-12T11:50:00+05:30,3039.0,3040.5,3038.6,3038.9,1102
2025-06-12T11:51:00+05:30,3038.9,3041.0,3038.7,3039.5,1773
2025-06-12T11:52:00+05:30,3039.6,3040.0,3039.0,3039.3,1535
2025-06-12T11:53:00+05:30,3039.3,3040.9,3038.6,3038.7,3424
2025-06-12T11:54:00+05:30,3038.7,3039.1,3038.6,3038.7,1396
2025-06-12T11:55:00+05:30,3038.6,3039.5,3038.5,3038.5,1760
2025-06-12T11:56:00+05:30,3038.6,3038.8,3038.3,3038.4,781
2025-06-12T11:57:00+05:30,3038.3,3038.5,3038.0,3038.0,2091
2025-06-12T11:58:00+05:30,3038.4,3038.7,3037.2,3037.9,2366
2025-06-12T11:59:00+05:30,3038.0,3038.6,3037.0,3037.0,1765
2025-06-12T12:00:00+05:30,3037.7,3038.0,3035.1,3035.9,4303
2025-06-12T12:01:00+05:30,3035.3,3038.5,3035.2,3038.5,2923
2025-06-12T12:02:00+05:30,3038.4,3038.4,3036.8,3037.0,1286
2025-06-12T12:03:00+05:30,3036.9,3039.9,3034.1,3036.5,9932
2025-06-12T12:04:00+05:30,3036.8,3038.2,3033.0,3037.4,13235
2025-06-12T12:05:00+05:30,3037.4,3038.5,3037.4,3038.5,1455
2025-06-12T12:06:00+05:30,3038.5,3042.4,3038.1,3040.5,12432
2025-06-12T12:07:00+05:30,3040.5,3042.0,3040.4,3040.4,2001
2025-06-12T12:08:00+05:30,3040.5,3042.1,3040.4,3041.7,2826
2025-06-12T12:09:00+05:30,3041.8,3042.0,3040.5,3041.0,1644
2025-06-12T12:10:00+05:30,3040.9,3044.0,3040.8,3044.0,1939
2025-06-12T12:11:00+05:30,3044.0,3044.7,3042.6,3044.7,3146
2025-06-12T12:12:00+05:30,3045.0,3045.0,3043.6,3044.6,1747
2025-06-12T12:13:00+05:30,3044.6,3045.0,3043.4,3043.7,935
2025-06-12T12:14:00+05:30,3043.7,3046.1,3043.7,3046.1,2351
2025-06-12T12:15:00+05:30,3046.0,3046.6,3045.1,3046.6,2039
2025-06-12T12:16:00+05:30,3046.2,3047.1,3044.8,3046.7,2483
2025-06-12T12:17:00+05:30,3046.5,3047.1,3044.2,3044.8,2702
2025-06-12T12:18:00+05:30,3044.9,3046.3,3044.6,3046.2,1122
2025-06-12T12:19:00+05:30,3046.3,3046.3,3045.5,3046.0,1369
2025-06-12T12:20:00+05:30,3046.0,3046.0,3043.6,3044.3,1474
2025-06-12T12:21:00+05:30,3044.3,3045.3,3044.1,3045.1,2099
2025-06-12T12:22:00+05:30,3045.0,3045.6,3044.1,3044.8,1186
2025-06-12T12:23:00+05:30,3044.2,3046.2,3044.0,3044.0,1862
2025-06-12T12:24:00+05:30,3044.1,3044.2,3044.0,3044.0,1485
2025-06-12T12:25:00+05:30,3044.0,3045.6,3043.6,3044.7,5794
2025-06-12T12:26:00+05:30,3044.6,3045.0,3043.0,3044.7,1813
2025-06-12T12:27:00+05:30,3044.7,3045.3,3044.7,3045.2,902
2025-06-12T12:28:00+05:30,3045.1,3045.2,3044.0,3044.4,1607
2025-06-12T12:29:00+05:30,3044.2,3044.7,3042.1,3042.7,1490
2025-06-12T12:30:00+05:30,3043.1,3053.0,3043.0,3049.5,12624
2025-06-12T12:31:00+05:30,3049.9,3052.9,3049.5,3050.9,5203
2025-06-12T12:32:00+05:30,3052.0,3058.0,3050.6,3054.4,15794
2025-06-12T12:33:00+05:30,3054.3,3054.9,3051.9,3054.3,2315
2025-06-12T12:34:00+05:30,3054.3,3056.9,3054.3,3056.0,2722
2025-06-12T12:35:00+05:30,3056.0,3056.0,3052.8,3052.8,3045
2025-06-12T12:36:00+05:30,3053.3,3054.8,3050.9,3051.0,6626
2025-06-12T12:37:00+05:30,3051.8,3055.0,3050.2,3050.4,5038
2025-06-12T12:38:00+05:30,3050.5,3052.0,3050.0,3050.8,1838
2025-06-12T12:39:00+05:30,3051.0,3051.6,3050.1,3050.1,1241
2025-06-12T12:40:00+05:30,3050.5,3052.5,3050.0,3052.5,1445
2025-06-12T12:41:00+05:30,3051.6,3052.5,3051.1,3051.6,2184
2025-06-12T12:42:00+05:30,3052.5,3054.1,3051.6,3053.9,1351
2025-06-12T12:43:00+05:30,3053.1,3053.9,3052.1,3052.1,1287
2025-06-12T12:44:00+05:30,3052.1,3054.9,3052.0,3053.8,2427
2025-06-12T12:45:00+05:30,3053.6,3056.9,3051.9,3054.6,4134
2025-06-12T12:46:00+05:30,3054.6,3055.6,3054.0,3054.2,1605
2025-06-12T12:47:00+05:30,3054.2,3056.4,3054.1,3054.6,1148
2025-06-12T12:48:00+05:30,3054.6,3058.0,3054.6,3058.0,2865
2025-06-12T12:49:00+05:30,3057.6,3058.8,3056.6,3058.5,5631
2025-06-12T12:50:00+05:30,3058.5,3058.5,3056.4,3058.0,4050
2025-06-12T12:51:00+05:30,3058.0,3058.8,3056.5,3058.3,4091
2025-06-12T12:52:00+05:30,3058.0,3058.0,3057.0,3057.0,1293
2025-06-12T12:53:00+05:30,3056.9,3058.0,3056.1,3056.3,1823
2025-06-12T12:54:00+05:30,3057.0,3058.0,3056.3,3056.9,898
2025-06-12T12:55:00+05:30,3056.9,3057.0,3056.3,3056.3,878
2025-06-12T12:56:00+05:30,3056.3,3056.9,3055.4,3056.0,2193
2025-06-12T12:57:00+05:30,3055.6,3057.0,3054.3,3055.0,2034
2025-06-12T12:58:00+05:30,3055.0,3057.0,3053.9,3056.1,4961
2025-06-12T12:59:00+05:30,3056.1,3056.8,3051.4,3053.4,3846
2025-06-12T13:00:00+05:30,3053.4,3055.0,3052.7,3053.6,1041
2025-06-12T13:01:00+05:30,3054.5,3054.5,3051.3,3052.1,3820
2025-06-12T13:02:00+05:30,3052.1,3053.0,3051.3,3053.0,1747
2025-06-12T13:03:00+05:30,3051.9,3052.8,3051.3,3052.0,1433
2025-06-12T13:04:00+05:30,3051.7,3052.9,3051.0,3051.2,4416
2025-06-12T13:05:00+05:30,3051.1,3051.2,3050.0,3051.0,3816
2025-06-12T13:06:00+05:30,3051.0,3052.0,3050.3,3052.0,1588
2025-06-12T13:07:00+05:30,3052.0,3052.0,3051.5,3051.6,1410
2025-06-12T13:08:00+05:30,3051.6,3052.0,3051.5,3051.5,1966
2025-06-12T13:09:00+05:30,3051.9,3053.5,3051.5,3052.0,2870
2025-06-12T13:10:00+05:30,3051.8,3052.0,3051.4,3051.4,1144
2025-06-12T13:11:00+05:30,3051.3,3052.0,3050.0,3050.9,1550
2025-06-12T13:12:00+05:30,3051.9,3053.5,3050.9,3052.0,3066
2025-06-12T13:13:00+05:30,3051.5,3052.0,3051.3,3051.5,1117
2025-06-12T13:14:00+05:30,3051.3,3052.0,3051.0,3052.0,1047
2025-06-12T13:15:00+05:30,3051.8,3052.1,3051.8,3051.9,2270
2025-06-12T13:16:00+05:30,3052.0,3052.0,3051.9,3052.0,1365
2025-06-12T13:17:00+05:30,3052.0,3053.5,3051.9,3051.9,4012
2025-06-12T13:18:00+05:30,3052.0,3052.2,3051.9,3052.0,2235
2025-06-12T13:19:00+05:30,3051.9,3052.0,3051.9,3052.0,951
2025-06-12T13:20:00+05:30,3051.9,3052.1,3051.9,3052.0,1139
2025-06-12T13:21:00+05:30,3052.0,3052.2,3051.1,3051.1,5579
2025-06-12T13:22:00+05:30,3051.1,3051.1,3050.0,3050.3,1109
2025-06-12T13:23:00+05:30,3050.0,3050.3,3049.9,3049.9,1791
2025-06-12T13:24:00+05:30,3050.0,3053.9,3048.6,3049.3,25638
2025-06-12T13:25:00+05:30,3049.0,3052.7,3048.9,3050.1,16368
2025-06-12T13:26:00+05:30,3049.5,3050.1,3046.0,3046.0,4706
2025-06-12T13:27:00+05:30,3046.1,3046.4,3040.7,3041.9,9380
2025-06-12T13:28:00+05:30,3041.7,3044.8,3040.0,3043.1,17714
2025-06-12T13:29:00+05:30,3042.6,3042.6,3038.5,3038.5,5867
2025-06-12T13:30:00+05:30,3038.5,3038.5,3031.1,3036.3,19830
2025-06-12T13:31:00+05:30,3036.3,3036.8,3034.0,3034.9,2980
2025-06-12T13:32:00+05:30,3033.7,3036.0,3033.5,3035.0,4427
2025-06-12T13:33:00+05:30,3034.9,3035.9,3030.5,3030.9,8692
2025-06-12T13:34:00+05:30,3031.7,3033.4,3028.0,3031.5,26732
2025-06-12T13:35:00+05:30,3030.6,3032.0,3028.0,3032.0,5238
2025-06-12T13:36:00+05:30,3032.0,3035.3,3030.0,3034.7,17210
2025-06-12T13:37:00+05:30,3034.0,3036.0,3032.2,3035.8,18985
2025-06-12T13:38:00+05:30,3035.0,3035.6,3032.3,3034.1,7386
2025-06-12T13:39:00+05:30,3034.1,3035.0,3032.8,3034.1,7016
2025-06-12T13:40:00+05:30,3034.0,3034.5,3032.8,3034.0,8961
2025-06-12T13:41:00+05:30,3034.0,3034.7,3032.2,3034.0,27838
2025-06-12T13:42:00+05:30,3034.4,3034.7,3033.1,3034.0,2726
2025-06-12T13:43:00+05:30,3034.0,3034.8,3032.0,3034.1,7243
2025-06-12T13:44:00+05:30,3034.1,3034.5,3031.9,3034.0,32090
2025-06-12T13:45:00+05:30,3034.1,3036.5,3031.7,3034.1,44182
2025-06-12T13:46:00+05:30,3034.0,3034.2,3031.3,3031.9,19494
2025-06-12T13:47:00+05:30,3033.4,3034.1,3022.3,3023.2,40643
2025-06-12T13:48:00+05:30,3023.2,3024.6,3023.0,3023.1,2368
2025-06-12T13:49:00+05:30,3023.1,3024.9,3019.0,3019.0,8165
2025-06-12T13:50:00+05:30,3019.4,3019.7,3017.7,3018.0,8041
2025-06-12T13:51:00+05:30,3018.0,3022.2,3017.7,3021.0,8493
2025-06-12T13:52:00+05:30,3021.0,3022.7,3018.8,3020.5,15093
2025-06-12T13:53:00+05:30,3020.4,3023.2,3019.4,3023.2,5333
2025-06-12T13:54:00+05:30,3021.4,3025.0,3021.1,3023.7,7012
2025-06-12T13:55:00+05:30,3023.7,3026.9,3022.5,3023.3,5866
2025-06-12T13:56:00+05:30,3023.3,3028.0,3021.5,3026.3,7145
2025-06-12T13:57:00+05:30,3027.0,3027.2,3023.1,3023.2,4466
2025-06-12T13:58:00+05:30,3023.2,3024.8,3021.2,3022.5,4279
2025-06-12T13:59:00+05:30,3022.7,3024.7,3020.6,3024.3,5601
2025-06-12T14:00:00+05:30,3024.7,3025.1,3023.0,3024.0,5258
2025-06-12T14:01:00+05:30,3024.0,3024.0,3018.1,3018.5,7128
2025-06-12T14:02:00+05:30,3018.2,3020.9,3018.0,3018.2,6764
2025-06-12T14:03:00+05:30,3018.1,3020.0,3018.0,3018.5,3611
2025-06-12T14:04:00+05:30,3018.5,3018.7,3016.0,3016.1,7032
2025-06-12T14:05:00+05:30,3016.6,3016.6,3014.2,3014.6,5894
2025-06-12T14:06:00+05:30,3014.6,3015.9,3013.0,3015.9,5578
2025-06-12T14:07:00+05:30,3015.9,3018.2,3015.0,3016.5,7471
2025-06-12T14:08:00+05:30,3016.5,3016.5,3014.7,3014.9,8564
2025-06-12T14:09:00+05:30,3014.8,3016.5,3014.7,3014.8,3249
2025-06-12T14:10:00+05:30,3014.8,3016.7,3014.6,3014.7,4006
2025-06-12T14:11:00+05:30,3014.6,3017.6,3013.6,3016.6,3141
2025-06-12T14:12:00+05:30,3016.0,3016.8,3014.1,3016.7,6146
2025-06-12T14:13:00+05:30,3016.7,3019.1,3016.7,3017.8,3378
2025-06-12T14:14:00+05:30,3017.5,3019.0,3015.0,3019.0,6870
2025-06-12T14:15:00+05:30,3018.2,3020.9,3018.2,3020.0,3869
2025-06-12T14:16:00+05:30,3020.0,3024.6,3020.0,3024.6,3357
2025-06-12T14:17:00+05:30,3024.3,3026.0,3023.0,3025.9,4881
2025-06-12T14:18:00+05:30,3025.9,3025.9,3023.6,3024.7,4920
2025-06-12T14:19:00+05:30,3024.1,3026.0,3022.5,3026.0,2167
2025-06-12T14:20:00+05:30,3026.0,3027.7,3024.9,3027.4,3615
2025-06-12T14:21:00+05:30,3026.3,3027.7,3024.0,3025.9,9156
2025-06-12T14:22:00+05:30,3025.9,3028.9,3024.2,3026.6,24066
2025-06-12T14:23:00+05:30,3027.3,3027.3,3023.0,3023.0,3245
2025-06-12T14:24:00+05:30,3022.9,3024.0,3021.7,3021.8,4217
2025-06-12T14:25:00+05:30,3022.4,3022.4,3018.0,3018.0,3364
2025-06-12T14:26:00+05:30,3018.0,3019.4,3017.0,3017.7,2804
2025-06-12T14:27:00+05:30,3017.7,3020.9,3017.6,3019.0,4738
2025-06-12T14:28:00+05:30,3019.0,3020.5,3018.0,3020.0,7969
2025-06-12T14:29:00+05:30,3018.9,3021.9,3018.9,3020.7,2090
2025-06-12T14:30:00+05:30,3020.8,3027.6,3020.8,3027.0,5520
2025-06-12T14:31:00+05:30,3027.6,3028.5,3025.0,3028.0,6577
2025-06-12T14:32:00+05:30,3027.4,3029.3,3025.0,3026.5,8597
2025-06-12T14:33:00+05:30,3026.4,3028.2,3023.8,3027.8,7557
2025-06-12T14:34:00+05:30,3028.3,3028.9,3024.4,3028.9,10387
2025-06-12T14:35:00+05:30,3029.0,3031.1,3024.9,3029.7,33093
2025-06-12T14:36:00+05:30,3028.4,3029.5,3025.0,3027.0,4598
2025-06-12T14:37:00+05:30,3027.0,3027.0,3023.2,3023.2,13758
2025-06-12T14:38:00+05:30,3024.0,3024.0,3020.8,3021.7,4521
2025-06-12T14:39:00+05:30,3021.5,3021.7,3018.6,3020.0,7691
2025-06-12T14:40:00+05:30,3019.7,3026.2,3019.4,3025.7,2987
2025-06-12T14:41:00+05:30,3024.9,3025.2,3022.8,3023.4,3601
2025-06-12T14:42:00+05:30,3023.8,3025.4,3022.0,3023.6,2307
2025-06-12T14:43:00+05:30,3023.8,3024.7,3022.8,3023.0,1631
2025-06-12T14:44:00+05:30,3023.2,3027.0,3023.2,3024.1,1775
2025-06-12T14:45:00+05:30,3024.1,3026.8,3023.0,3023.0,3804
2025-06-12T14:46:00+05:30,3023.5,3026.0,3022.1,3023.0,4472
2025-06-12T14:47:00+05:30,3024.1,3025.0,3022.1,3024.9,2861
2025-06-12T14:48:00+05:30,3024.4,3027.0,3022.8,3025.0,2273
2025-06-12T14:49:00+05:30,3025.0,3026.6,3023.9,3025.6,2544
2025-06-12T14:50:00+05:30,3024.5,3025.6,3022.7,3025.5,7718
2025-06-12T14:51:00+05:30,3025.6,3025.8,3022.3,3023.0,1467
2025-06-12T14:52:00+05:30,3023.0,3026.1,3022.5,3025.2,1485
2025-06-12T14:53:00+05:30,3025.2,3025.3,3024.1,3024.4,1368
2025-06-12T14:54:00+05:30,3024.2,3024.5,3023.1,3023.2,2469
2025-06-12T14:55:00+05:30,3023.5,3024.2,3022.0,3023.8,3853
2025-06-12T14:56:00+05:30,3023.0,3024.2,3021.3,3024.2,8496
2025-06-12T14:57:00+05:30,3023.9,3026.0,3023.9,3025.0,2892
2025-06-12T14:58:00+05:30,3025.0,3026.3,3024.0,3024.7,2963
2025-06-12T14:59:00+05:30,3024.7,3026.9,3023.9,3026.1,2118
2025-06-12T15:00:00+05:30,3026.2,3029.9,3026.1,3027.0,26941
2025-06-12T15:01:00+05:30,3027.1,3029.7,3026.1,3028.5,26456
2025-06-12T15:02:00+05:30,3028.4,3028.5,3023.4,3026.4,49480
2025-06-12T15:03:00+05:30,3026.4,3027.3,3023.3,3024.8,27367
2025-06-12T15:04:00+05:30,3024.8,3024.8,3018.0,3018.9,22468
2025-06-12T15:05:00+05:30,3018.9,3021.5,3017.5,3021.4,24722
2025-06-12T15:06:00+05:30,3021.4,3021.4,3015.1,3019.0,36528
2025-06-12T15:07:00+05:30,3019.3,3019.4,3015.0,3016.2,16813
2025-06-12T15:08:00+05:30,3016.2,3018.4,3013.4,3016.4,27168
2025-06-12T15:09:00+05:30,3016.4,3020.0,3016.1,3018.1,27129
2025-06-12T15:10:00+05:30,3018.6,3018.6,3014.5,3014.8,25012
2025-06-12T15:11:00+05:30,3014.7,3019.0,3013.1,3016.7,40345
2025-06-12T15:12:00+05:30,3016.9,3018.0,3016.2,3017.8,7575
2025-06-12T15:13:00+05:30,3017.8,3018.2,3017.6,3017.7,11024
2025-06-12T15:14:00+05:30,3017.7,3020.0,3017.0,3018.4,12131
2025-06-12T15:15:00+05:30,3018.4,3019.1,3015.7,3016.4,15870
2025-06-12T15:16:00+05:30,3016.2,3016.8,3016.2,3016.4,9316
2025-06-12T15:17:00+05:30,3016.3,3020.0,3016.0,3019.6,9699
2025-06-12T15:18:00+05:30,3019.3,3021.4,3018.2,3020.4,12238
2025-06-12T15:19:00+05:30,3020.5,3020.5,3019.0,3019.5,10757
2025-06-12T15:20:00+05:30,3019.7,3019.7,3018.3,3018.7,14921
2025-06-12T15:21:00+05:30,3018.7,3018.9,3017.5,3018.9,6435
2025-06-12T15:22:00+05:30,3018.9,3019.6,3018.6,3019.3,6298
2025-06-12T15:23:00+05:30,3019.4,3021.5,3019.2,3021.5,6646
2025-06-12T15:24:00+05:30,3021.5,3022.0,3019.3,3019.9,10120
2025-06-12T15:25:00+05:30,3019.9,3019.9,3013.0,3013.5,27004
2025-06-12T15:26:00+05:30,3013.5,3015.0,3013.0,3013.9,11483
2025-06-12T15:27:00+05:30,3014.0,3014.0,3009.6,3010.0,15591
2025-06-12T15:28:00+05:30,3009.9,3010.0,3007.5,3008.3,12136
2025-06-12T15:29:00+05:30,3008.6,3010.0,3007.0,3008.0,15758
2025-06-13T09:15:00+05:30,2935.0,2969.9,2933.0,2947.1,72840
2025-06-13T09:16:00+05:30,2947.1,2963.7,2944.2,2962.7,35253
2025-06-13T09:17:00+05:30,2961.6,2973.4,2961.6,2971.3,16321
2025-06-13T09:18:00+05:30,2972.0,2980.4,2970.0,2977.7,34358
2025-06-13T09:19:00+05:30,2978.0,2979.0,2970.0,2971.0,22522
2025-06-13T09:20:00+05:30,2970.9,2978.0,2968.3,2977.1,7624
2025-06-13T09:21:00+05:30,2978.7,2980.0,2970.0,2971.8,23782
2025-06-13T09:22:00+05:30,2972.0,2974.5,2968.6,2971.1,9449
2025-06-13T09:23:00+05:30,2971.5,2977.7,2971.4,2976.0,7721
2025-06-13T09:24:00+05:30,2976.0,2982.5,2975.1,2981.1,11064
2025-06-13T09:25:00+05:30,2981.2,2987.9,2981.1,2986.0,10939
2025-06-13T09:26:00+05:30,2985.2,2987.9,2983.1,2987.5,6705
2025-06-13T09:27:00+05:30,2987.5,2995.2,2987.2,2993.9,13166
2025-06-13T09:28:00+05:30,2992.9,2993.7,2989.3,2990.4,13529
2025-06-13T09:29:00+05:30,2990.0,2990.4,2982.3,2984.7,7742
2025-06-13T09:30:00+05:30,2984.8,2987.4,2980.6,2983.6,7081
2025-06-13T09:31:00+05:30,2983.6,2985.0,2981.2,2984.5,7071
2025-06-13T09:32:00+05:30,2984.1,2986.6,2981.8,2984.7,5531
2025-06-13T09:33:00+05:30,2984.0,2986.0,2982.2,2982.2,4478
2025-06-13T09:34:00+05:30,2983.4,2984.7,2980.2,2980.2,5055
2025-06-13T09:35:00+05:30,2980.2,2984.4,2980.2,2983.9,5375
2025-06-13T09:36:00+05:30,2983.9,2986.9,2983.5,2986.9,4319
2025-06-13T09:37:00+05:30,2986.9,2989.3,2984.6,2987.0,5435
2025-06-13T09:38:00+05:30,2989.2,2989.2,2985.3,2988.3,3888
2025-06-13T09:39:00+05:30,2988.3,2991.9,2987.0,2988.0,5724
2025-06-13T09:40:00+05:30,2988.0,2988.3,2982.9,2985.0,5347
2025-06-13T09:41:00+05:30,2985.6,2989.9,2985.6,2989.2,7765
2025-06-13T09:42:00+05:30,2988.9,2992.0,2985.9,2992.0,6202
2025-06-13T09:43:00+05:30,2992.0,2992.0,2983.2,2984.6,6022
2025-06-13T09:44:00+05:30,2984.7,2986.9,2983.6,2986.5,3161
2025-06-13T09:45:00+05:30,2986.5,2989.0,2983.0,2983.3,4924
2025-06-13T09:46:00+05:30,2983.3,2983.3,2980.2,2981.4,7129
2025-06-13T09:47:00+05:30,2980.6,2981.7,2975.9,2977.1,7193
2025-06-13T09:48:00+05:30,2978.0,2978.6,2973.5,2974.9,7494
2025-06-13T09:49:00+05:30,2975.0,2982.7,2974.9,2982.7,2520
2025-06-13T09:50:00+05:30,2982.7,2986.5,2980.7,2985.0,5814
2025-06-13T09:51:00+05:30,2985.0,2988.7,2984.7,2988.2,4213
2025-06-13T09:52:00+05:30,2987.3,2989.4,2986.5,2987.3,3418
2025-06-13T09:53:00+05:30,2987.1,2989.9,2987.1,2989.9,2360
2025-06-13T09:54:00+05:30,2989.8,2989.9,2985.7,2987.1,4751
2025-06-13T09:55:00+05:30,2988.0,2988.7,2988.0,2988.6,4404
2025-06-13T09:56:00+05:30,2988.6,2988.7,2986.3,2987.1,3341
2025-06-13T09:57:00+05:30,2987.5,2988.7,2986.5,2988.7,1252
2025-06-13T09:58:00+05:30,2988.3,2992.0,2988.2,2991.6,6639
2025-06-13T09:59:00+05:30,2990.5,2994.7,2989.8,2989.8,16077
2025-06-13T10:00:00+05:30,2990.8,2992.8,2988.5,2988.8,4200
2025-06-13T10:01:00+05:30,2988.8,2988.8,2984.2,2985.9,5106
2025-06-13T10:02:00+05:30,2985.5,2985.8,2982.0,2982.3,5814
2025-06-13T10:03:00+05:30,2982.2,2983.7,2981.7,2982.7,6315
2025-06-13T10:04:00+05:30,2982.7,2985.0,2982.3,2983.1,4007
2025-06-13T10:05:00+05:30,2983.9,2985.9,2982.2,2983.5,5493
2025-06-13T10:06:00+05:30,2983.5,2983.5,2982.0,2983.5,1709
2025-06-13T10:07:00+05:30,2983.5,2989.3,2983.5,2987.5,3813
2025-06-13T10:08:00+05:30,2987.5,2988.8,2986.2,2987.9,2663
2025-06-13T10:09:00+05:30,2988.3,2988.5,2984.7,2985.6,4746
2025-06-13T10:10:00+05:30,2985.6,2987.9,2984.5,2986.7,2035
2025-06-13T10:11:00+05:30,2986.7,2988.5,2985.4,2986.9,4080
2025-06-13T10:12:00+05:30,2986.9,2990.8,2986.9,2989.5,4311
2025-06-13T10:13:00+05:30,2989.5,2990.5,2987.5,2989.8,2446
2025-06-13T10:14:00+05:30,2989.9,2990.0,2987.8,2989.3,2975
2025-06-13T10:15:00+05:30,2989.3,2989.4,2987.5,2989.3,2918
2025-06-13T10:16:00+05:30,2989.3,2989.7,2987.0,2988.5,3303
2025-06-13T10:17:00+05:30,2988.5,2990.0,2988.5,2989.0,1975
2025-06-13T10:18:00+05:30,2989.0,2989.2,2987.0,2988.9,2521
2025-06-13T10:19:00+05:30,2989.0,2989.9,2985.7,2988.2,2870
2025-06-13T10:20:00+05:30,2987.9,2988.9,2985.4,2987.3,2751
2025-06-13T10:21:00+05:30,2987.3,2989.2,2986.5,2989.2,1594
2025-06-13T10:22:00+05:30,2989.2,2989.7,2987.0,2987.0,2921
2025-06-13T10:23:00+05:30,2988.0,2991.6,2986.8,2990.7,3298
2025-06-13T10:24:00+05:30,2990.1,2993.5,2989.5,2993.4,2734
2025-06-13T10:25:00+05:30,2993.4,2995.0,2993.0,2994.6,2481
2025-06-13T10:26:00+05:30,2994.6,2996.7,2991.9,2993.2,4517
2025-06-13T10:27:00+05:30,2993.0,2996.0,2992.0,2995.7,2425
2025-06-13T10:28:00+05:30,2995.7,2995.7,2993.0,2993.7,3416
2025-06-13T10:29:00+05:30,2993.3,2995.0,2993.3,2995.0,1439
2025-06-13T10:30:00+05:30,2994.9,2995.0,2993.0,2994.3,4111
2025-06-13T10:31:00+05:30,2994.6,2997.0,2993.8,2997.0,2834
2025-06-13T10:32:00+05:30,2997.0,2997.0,2995.6,2996.6,1793
2025-06-13T10:33:00+05:30,2996.6,2998.0,2996.0,2996.9,2319
2025-06-13T10:34:00+05:30,2996.0,2996.6,2992.6,2994.3,5322
2025-06-13T10:35:00+05:30,2994.3,2995.0,2994.0,2994.8,1853
2025-06-13T10:36:00+05:30,2994.8,2996.0,2993.0,2994.3,2889
2025-06-13T10:37:00+05:30,2994.3,2994.4,2993.0,2994.0,1943
2025-06-13T10:38:00+05:30,2994.0,2995.0,2991.2,2992.4,3763
2025-06-13T10:39:00+05:30,2992.0,2994.4,2990.4,2994.4,2891
2025-06-13T10:40:00+05:30,2993.9,2995.0,2992.0,2993.0,2192
2025-06-13T10:41:00+05:30,2993.0,2995.0,2992.0,2994.5,1479
2025-06-13T10:42:00+05:30,2995.0,2996.0,2994.5,2995.2,1489
2025-06-13T10:43:00+05:30,2996.0,2997.0,2995.2,2996.8,2874
2025-06-13T10:44:00+05:30,2996.8,2999.0,2995.5,2996.5,5596
2025-06-13T10:45:00+05:30,2996.5,2998.0,2995.8,2997.0,4621
2025-06-13T10:46:00+05:30,2997.7,3001.5,2997.0,3001.5,4530
2025-06-13T10:47:00+05:30,3001.5,3001.5,2998.2,2999.0,3135
2025-06-13T10:48:00+05:30,2999.0,3000.0,2998.3,2999.0,1871
2025-06-13T10:49:00+05:30,2999.3,2999.3,2997.5,2999.0,2453
2025-06-13T10:50:00+05:30,2999.0,3000.0,2998.2,3000.0,1359
2025-06-13T10:51:00+05:30,2999.9,3000.8,2999.1,3000.8,1448
2025-06-13T10:52:00+05:30,3000.8,3004.4,3000.0,3003.8,3283
2025-06-13T10:53:00+05:30,3003.1,3004.1,3002.0,3003.9,2570
2025-06-13T10:54:00+05:30,3004.1,3005.0,3001.3,3001.4,3209
2025-06-13T10:55:00+05:30,3001.3,3004.1,3001.3,3001.7,1972
2025-06-13T10:56:00+05:30,3001.7,3003.0,3001.0,3003.0,1681
2025-06-13T10:57:00+05:30,3003.0,3003.0,2996.9,2997.3,3729
2025-06-13T10:58:00+05:30,2997.2,3001.0,2996.9,2999.1,1552
2025-06-13T10:59:00+05:30,2999.1,2999.4,2996.8,2997.9,1191
2025-06-13T11:00:00+05:30,2998.8,2999.3,2996.1,2997.6,3354
2025-06-13T11:01:00+05:30,2997.6,2999.0,2996.0,2997.5,2750
2025-06-13T11:02:00+05:30,2997.5,2999.0,2996.5,2999.0,1340
2025-06-13T11:03:00+05:30,2999.0,2999.0,2995.0,2997.4,5028
2025-06-13T11:04:00+05:30,2998.0,2999.2,2997.4,2998.9,1869
2025-06-13T11:05:00+05:30,2997.9,2999.5,2997.7,2998.9,5115
2025-06-13T11:06:00+05:30,2998.5,2999.2,2997.0,2997.7,2239
2025-06-13T11:07:00+05:30,2997.7,2999.0,2994.0,2994.4,3202
2025-06-13T11:08:00+05:30,2995.3,2995.3,2994.0,2995.3,2168
2025-06-13T11:09:00+05:30,2995.0,2995.5,2994.0,2994.5,1569
2025-06-13T11:10:00+05:30,2994.4,2997.6,2994.0,2996.8,2542
2025-06-13T11:11:00+05:30,2995.5,2996.6,2990.5,2991.0,7488
2025-06-13T11:12:00+05:30,2991.0,2993.3,2986.5,2987.1,8648
2025-06-13T11:13:00+05:30,2988.0,2991.8,2988.0,2991.7,1533
2025-06-13T11:14:00+05:30,2991.7,2992.7,2990.2,2991.4,2435
2025-06-13T11:15:00+05:30,2992.3,2992.4,2991.1,2992.3,1340
2025-06-13T11:16:00+05:30,2992.0,2992.3,2991.1,2992.0,1744
2025-06-13T11:17:00+05:30,2992.0,2992.0,2983.4,2985.6,11607
2025-06-13T11:18:00+05:30,2985.9,2990.9,2985.8,2990.7,144298
2025-06-13T11:19:00+05:30,2990.6,2992.0,2990.0,2992.0,1059
2025-06-13T11:20:00+05:30,2992.0,2993.4,2991.7,2992.7,2861
2025-06-13T11:21:00+05:30,2992.0,2993.5,2992.0,2992.7,767
2025-06-13T11:22:00+05:30,2992.0,2993.1,2990.0,2990.0,2546
2025-06-13T11:23:00+05:30,2990.9,2990.9,2987.8,2990.0,2606
2025-06-13T11:24:00+05:30,2990.0,2990.7,2988.8,2989.2,4322
2025-06-13T11:25:00+05:30,2990.0,2990.5,2988.0,2989.0,2377
2025-06-13T11:26:00+05:30,2989.0,2989.5,2987.3,2989.4,2137
2025-06-13T11:27:00+05:30,2989.4,2989.7,2987.3,2989.4,3250
2025-06-13T11:28:00+05:30,2988.6,2989.5,2986.5,2989.4,3561
2025-06-13T11:29:00+05:30,2988.8,2989.5,2987.0,2988.0,2537
2025-06-13T11:30:00+05:30,2987.3,2989.6,2986.8,2989.5,3901
2025-06-13T11:31:00+05:30,2989.4,2990.0,2988.2,2989.5,3072
2025-06-13T11:32:00+05:30,2989.4,2990.0,2988.4,2989.5,2440
2025-06-13T11:33:00+05:30,2989.5,2989.5,2988.3,2989.0,2308
2025-06-13T11:34:00+05:30,2989.0,2989.0,2987.9,2988.9,2545
2025-06-13T11:35:00+05:30,2989.0,2989.1,2987.7,2988.6,3456
2025-06-13T11:36:00+05:30,2989.0,2989.3,2988.6,2988.9,2782
2025-06-13T11:37:00+05:30,2988.9,2989.0,2988.0,2989.0,2371
2025-06-13T11:38:00+05:30,2989.0,2989.8,2987.7,2989.0,2998
2025-06-13T11:39:00+05:30,2989.0,2989.5,2988.0,2988.9,4823
2025-06-13T11:40:00+05:30,2988.9,2989.3,2987.4,2987.4,2923
2025-06-13T11:41:00+05:30,2987.4,2988.5,2987.0,2988.5,2790
2025-06-13T11:42:00+05:30,2988.4,2989.5,2987.0,2988.5,2848
2025-06-13T11:43:00+05:30,2988.5,2989.1,2987.3,2989.0,2277
2025-06-13T11:44:00+05:30,2988.8,2989.2,2987.6,2987.6,2076
2025-06-13T11:45:00+05:30,2988.0,2992.0,2986.7,2990.7,8299
2025-06-13T11:46:00+05:30,2990.7,2990.9,2990.0,2990.0,2647
2025-06-13T11:47:00+05:30,2990.0,2990.6,2989.2,2990.0,1726
2025-06-13T11:48:00+05:30,2990.0,2990.4,2988.1,2990.0,3122
2025-06-13T11:49:00+05:30,2990.2,2990.2,2989.9,2990.2,1598
2025-06-13T11:50:00+05:30,2990.0,2990.2,2989.3,2990.1,2954
2025-06-13T11:51:00+05:30,2990.1,2990.2,2990.0,2990.1,1085
2025-06-13T11:52:00+05:30,2990.1,2990.2,2990.1,2990.2,1112
2025-06-13T11:53:00+05:30,2990.2,2990.2,2987.3,2988.7,4332
2025-06-13T11:54:00+05:30,2988.7,2989.0,2986.3,2987.8,4356
2025-06-13T11:55:00+05:30,2987.8,2989.9,2986.9,2989.9,2957
2025-06-13T11:56:00+05:30,2989.9,2990.1,2987.1,2987.4,3913
2025-06-13T11:57:00+05:30,2988.5,2988.5,2985.1,2986.2,5033
2025-06-13T11:58:00+05:30,2986.2,2988.0,2985.0,2986.4,3018
2025-06-13T11:59:00+05:30,2987.6,2987.6,2985.0,2986.6,2923
2025-06-13T12:00:00+05:30,2986.6,2988.6,2986.5,2988.5,2461
2025-06-13T12:01:00+05:30,2988.6,2989.8,2987.0,2989.8,3110
2025-06-13T12:02:00+05:30,2988.9,2990.4,2988.2,2990.2,1981
2025-06-13T12:03:00+05:30,2990.2,2990.2,2987.6,2987.7,3571
2025-06-13T12:04:00+05:30,2988.8,2988.9,2985.7,2988.0,4368
2025-06-13T12:05:00+05:30,2988.0,2989.1,2987.0,2989.1,2556
2025-06-13T12:06:00+05:30,2989.1,2989.9,2988.2,2988.7,3229
2025-06-13T12:07:00+05:30,2988.7,2990.5,2988.7,2988.9,3552
2025-06-13T12:08:00+05:30,2988.9,2989.5,2985.9,2987.8,3999
2025-06-13T12:09:00+05:30,2987.9,2988.4,2985.8,2987.1,3099
2025-06-13T12:10:00+05:30,2987.1,2989.3,2985.9,2988.5,3494
2025-06-13T12:11:00+05:30,2988.5,2989.1,2987.2,2988.4,2873
2025-06-13T12:12:00+05:30,2988.4,2989.0,2986.1,2988.6,2933
2025-06-13T12:13:00+05:30,2987.9,2989.5,2987.3,2989.5,3298
2025-06-13T12:14:00+05:30,2989.5,2989.5,2988.0,2989.1,2597
2025-06-13T12:15:00+05:30,2989.0,2990.0,2987.7,2989.4,2775
2025-06-13T12:16:00+05:30,2989.4,2990.7,2989.0,2990.4,2671
2025-06-13T12:17:00+05:30,2990.5,2992.0,2990.0,2990.9,3638
2025-06-13T12:18:00+05:30,2990.9,2991.6,2990.0,2990.4,2534
2025-06-13T12:19:00+05:30,2990.4,2990.9,2989.6,2990.7,2010
2025-06-13T12:20:00+05:30,2990.7,2990.7,2989.6,2990.0,3852
2025-06-13T12:21:00+05:30,2990.1,2990.5,2989.4,2990.5,2176
2025-06-13T12:22:00+05:30,2990.5,2990.6,2990.0,2990.0,1999
2025-06-13T12:23:00+05:30,2990.2,2990.2,2988.6,2989.4,3421
2025-06-13T12:24:00+05:30,2989.3,2990.3,2988.0,2990.3,3659
2025-06-13T12:25:00+05:30,2990.3,2990.8,2988.0,2990.0,2255
2025-06-13T12:26:00+05:30,2989.9,2990.5,2988.1,2989.6,4460
2025-06-13T12:27:00+05:30,2989.6,2990.1,2988.5,2989.8,1863
2025-06-13T12:28:00+05:30,2990.0,2990.1,2988.7,2990.1,3133
2025-06-13T12:29:00+05:30,2990.1,2990.2,2988.6,2990.2,3278
2025-06-13T12:30:00+05:30,2990.1,2990.2,2988.6,2990.0,3330
2025-06-13T12:31:00+05:30,2990.1,2990.1,2988.1,2990.1,8325
2025-06-13T12:32:00+05:30,2990.0,2991.0,2990.0,2991.0,2811
2025-06-13T12:33:00+05:30,2991.0,2991.0,2988.1,2990.0,3171
2025-06-13T12:34:00+05:30,2989.9,2990.1,2988.5,2988.5,2390
2025-06-13T12:35:00+05:30,2988.5,2991.0,2988.5,2990.2,2448
2025-06-13T12:36:00+05:30,2990.9,2991.0,2989.9,2990.3,2288
2025-06-13T12:37:00+05:30,2990.3,2990.6,2990.0,2990.1,1412
2025-06-13T12:38:00+05:30,2990.1,2990.1,2988.0,2989.7,2954
2025-06-13T12:39:00+05:30,2989.9,2990.1,2987.7,2989.0,3573
2025-06-13T12:40:00+05:30,2989.0,2989.0,2985.0,2986.2,3989
2025-06-13T12:41:00+05:30,2986.2,2987.2,2984.2,2984.2,4960
2025-06-13T12:42:00+05:30,2984.5,2985.6,2983.0,2985.6,3106
2025-06-13T12:43:00+05:30,2985.6,2988.1,2985.4,2988.0,2351
2025-06-13T12:44:00+05:30,2988.0,2988.0,2986.0,2987.2,2540
2025-06-13T12:45:00+05:30,2986.3,2988.4,2986.3,2988.4,3181
2025-06-13T12:46:00+05:30,2988.0,2990.6,2987.2,2990.6,7247
2025-06-13T12:47:00+05:30,2990.6,2992.0,2990.2,2991.8,2283
2025-06-13T12:48:00+05:30,2991.8,2992.0,2990.1,2991.2,1672
2025-06-13T12:49:00+05:30,2991.1,2991.2,2990.0,2990.6,2454
2025-06-13T12:50:00+05:30,2990.6,2990.7,2989.8,2990.0,1877
2025-06-13T12:51:00+05:30,2990.3,2991.9,2990.0,2990.6,2510
2025-06-13T12:52:00+05:30,2990.5,2990.6,2988.4,2989.6,3420
2025-06-13T12:53:00+05:30,2989.6,2990.3,2987.2,2989.1,2817
2025-06-13T12:54:00+05:30,2990.0,2990.3,2989.1,2990.2,1239
2025-06-13T12:55:00+05:30,2990.2,2990.3,2990.0,2990.1,1372
2025-06-13T12:56:00+05:30,2990.2,2990.5,2990.1,2990.4,923
2025-06-13T12:57:00+05:30,2990.3,2990.4,2990.0,2990.3,3369
2025-06-13T12:58:00+05:30,2990.0,2990.4,2990.0,2990.2,1961
2025-06-13T12:59:00+05:30,2990.0,2990.2,2988.4,2989.5,2350
2025-06-13T13:00:00+05:30,2989.5,2990.0,2988.9,2989.9,2837
2025-06-13T13:01:00+05:30,2990.0,2991.5,2989.9,2991.1,2492
2025-06-13T13:02:00+05:30,2991.5,2991.5,2988.9,2989.8,2410
2025-06-13T13:03:00+05:30,2989.8,2990.1,2989.7,2990.1,1176
2025-06-13T13:04:00+05:30,2990.1,2990.1,2988.9,2989.4,2629
2025-06-13T13:05:00+05:30,2990.0,2990.3,2988.9,2990.0,2048
2025-06-13T13:06:00+05:30,2990.1,2990.1,2990.0,2990.1,1782
2025-06-13T13:07:00+05:30,2990.1,2990.1,2990.0,2990.0,955
2025-06-13T13:08:00+05:30,2990.1,2991.6,2990.0,2990.7,1859
2025-06-13T13:09:00+05:30,2990.1,2991.0,2988.9,2989.5,4436
2025-06-13T13:10:00+05:30,2989.6,2990.1,2987.2,2990.1,2877
2025-06-13T13:11:00+05:30,2990.0,2990.2,2989.5,2990.1,1454
2025-06-13T13:12:00+05:30,2990.1,2990.1,2989.8,2990.1,1885
2025-06-13T13:13:00+05:30,2990.1,2990.1,2989.8,2990.1,1897
2025-06-13T13:14:00+05:30,2990.1,2991.0,2990.0,2990.5,2511
2025-06-13T13:15:00+05:30,2990.5,2991.0,2990.0,2991.0,1822
2025-06-13T13:16:00+05:30,2990.5,2991.0,2990.5,2991.0,1310
2025-06-13T13:17:00+05:30,2991.0,2991.0,2990.8,2991.0,1215
2025-06-13T13:18:00+05:30,2991.0,2992.0,2990.9,2991.9,1653
2025-06-13T13:19:00+05:30,2992.0,2992.7,2991.9,2992.7,2916
2025-06-13T13:20:00+05:30,2992.7,2994.6,2990.5,2991.9,18311
2025-06-13T13:21:00+05:30,2991.9,2992.0,2990.8,2990.9,1425
2025-06-13T13:22:00+05:30,2991.8,2991.8,2990.7,2991.7,1064
2025-06-13T13:23:00+05:30,2991.2,2991.7,2991.0,2991.6,1272
2025-06-13T13:24:00+05:30,2991.6,2991.7,2991.0,2991.7,2003
2025-06-13T13:25:00+05:30,2991.6,2991.8,2991.5,2991.8,1784
2025-06-13T13:26:00+05:30,2991.6,2991.8,2991.0,2991.4,2143
2025-06-13T13:27:00+05:30,2991.0,2991.5,2990.2,2991.1,1105
2025-06-13T13:28:00+05:30,2991.0,2991.1,2990.9,2991.1,1557
2025-06-13T13:29:00+05:30,2991.1,2993.5,2990.9,2993.3,2582
2025-06-13T13:30:00+05:30,2992.3,2993.1,2992.3,2992.7,1766
2025-06-13T13:31:00+05:30,2992.7,2996.9,2991.5,2996.0,3936
2025-06-13T13:32:00+05:30,2995.5,2998.3,2995.5,2998.3,3008
2025-06-13T13:33:00+05:30,2998.0,3001.0,2996.7,3000.1,4321
2025-06-13T13:34:00+05:30,3000.0,3000.3,2999.0,3000.0,2128
2025-06-13T13:35:00+05:30,2999.1,3003.0,2999.1,3002.0,3059
2025-06-13T13:36:00+05:30,3002.0,3002.5,3001.2,3002.4,2841
2025-06-13T13:37:00+05:30,3002.4,3002.5,3002.2,3002.4,506
2025-06-13T13:38:00+05:30,3002.4,3003.5,3002.2,3002.8,4888
2025-06-13T13:39:00+05:30,3002.8,3003.5,3001.7,3002.1,2264
2025-06-13T13:40:00+05:30,3002.1,3004.8,3002.1,3003.8,3213
2025-06-13T13:41:00+05:30,3003.4,3004.2,3002.6,3003.9,2393
2025-06-13T13:42:00+05:30,3004.2,3008.9,3003.9,3006.5,5961
2025-06-13T13:43:00+05:30,3006.5,3008.0,3006.2,3006.9,2700
2025-06-13T13:44:00+05:30,3006.2,3007.3,3005.3,3007.3,4422
2025-06-13T13:45:00+05:30,3006.9,3011.3,3006.9,3011.3,4855
2025-06-13T13:46:00+05:30,3010.3,3014.3,3010.3,3014.0,4378
2025-06-13T13:47:00+05:30,3013.9,3015.0,3012.0,3014.2,5580
2025-06-13T13:48:00+05:30,3013.1,3018.5,3013.1,3015.5,8361
2025-06-13T13:49:00+05:30,3015.5,3015.5,3012.2,3013.4,3809
2025-06-13T13:50:00+05:30,3013.4,3013.4,3012.0,3012.2,3498
2025-06-13T13:51:00+05:30,3012.6,3012.8,3008.3,3008.7,3650
2025-06-13T13:52:00+05:30,3008.6,3008.6,3005.4,3006.9,4111
2025-06-13T13:53:00+05:30,3006.9,3007.0,3006.2,3006.9,2698
2025-06-13T13:54:00+05:30,3006.9,3007.0,3004.5,3006.0,4624
2025-06-13T13:55:00+05:30,3005.8,3005.8,3003.1,3004.0,2697
2025-06-13T13:56:00+05:30,3003.2,3004.5,3001.9,3004.3,6026
2025-06-13T13:57:00+05:30,3004.5,3004.7,3001.9,3003.0,2399
2025-06-13T13:58:00+05:30,3003.1,3005.0,3003.0,3004.9,3159
2025-06-13T13:59:00+05:30,3004.9,3004.9,3003.1,3004.1,3116
2025-06-13T14:00:00+05:30,3004.2,3004.4,3001.5,3001.9,3164
2025-06-13T14:01:00+05:30,3001.9,3004.8,3001.5,3004.0,2070
2025-06-13T14:02:00+05:30,3004.0,3004.0,3002.7,3003.9,1587
2025-06-13T14:03:00+05:30,3003.9,3004.9,3003.7,3004.8,2254
2025-06-13T14:04:00+05:30,3004.8,3004.9,3002.7,3004.7,3485
2025-06-13T14:05:00+05:30,3004.1,3005.0,3004.1,3004.9,2011
2025-06-13T14:06:00+05:30,3004.7,3005.5,3003.0,3004.1,3244
2025-06-13T14:07:00+05:30,3004.1,3004.1,3000.0,3001.0,3274
2025-06-13T14:08:00+05:30,3001.0,3005.0,3000.2,3005.0,3231
2025-06-13T14:09:00+05:30,3005.0,3006.0,3004.1,3005.4,3977
2025-06-13T14:10:00+05:30,3004.5,3005.5,3004.2,3005.4,1887
2025-06-13T14:11:00+05:30,3005.4,3005.4,3004.5,3004.5,1670
2025-06-13T14:12:00+05:30,3004.7,3004.7,3003.8,3004.7,2184
2025-06-13T14:13:00+05:30,3004.7,3004.7,3002.6,3002.8,2619
2025-06-13T14:14:00+05:30,3002.8,3003.5,3002.2,3003.4,1782
2025-06-13T14:15:00+05:30,3003.3,3003.7,3003.0,3003.7,1916
2025-06-13T14:16:00+05:30,3003.6,3005.0,3002.3,3005.0,2143
2025-06-13T14:17:00+05:30,3005.0,3005.0,3003.1,3004.2,2347
2025-06-13T14:18:00+05:30,3003.5,3004.2,3003.3,3003.6,2156
2025-06-13T14:19:00+05:30,3003.6,3003.6,3001.2,3002.3,2481
2025-06-13T14:20:00+05:30,3001.6,3002.7,3001.0,3002.4,3625
2025-06-13T14:21:00+05:30,3002.4,3002.4,3000.5,3001.3,2830
2025-06-13T14:22:00+05:30,3001.3,3001.3,3000.0,3000.0,3404
2025-06-13T14:23:00+05:30,3000.8,3001.2,3000.0,3000.6,3097
2025-06-13T14:24:00+05:30,3000.6,3001.4,3000.0,3000.5,3492
2025-06-13T14:25:00+05:30,3000.0,3000.6,2998.9,3000.2,5089
2025-06-13T14:26:00+05:30,3000.2,3000.3,2999.6,3000.3,3150
2025-06-13T14:27:00+05:30,3000.3,3000.7,2999.6,3000.7,2840
2025-06-13T14:28:00+05:30,3000.4,3001.0,2999.6,3000.8,3066
2025-06-13T14:29:00+05:30,2999.7,3001.0,2999.3,2999.3,3192
2025-06-13T14:30:00+05:30,2999.8,3005.5,2999.3,3004.9,3992
2025-06-13T14:31:00+05:30,3003.7,3005.2,3002.7,3003.2,5220
2025-06-13T14:32:00+05:30,3003.2,3004.4,3002.4,3003.4,3509
2025-06-13T14:33:00+05:30,3003.4,3003.6,3001.3,3001.5,3825
2025-06-13T14:34:00+05:30,3001.5,3003.7,3001.0,3003.1,2648
2025-06-13T14:35:00+05:30,3003.1,3003.5,3002.4,3003.4,1725
2025-06-13T14:36:00+05:30,3003.3,3003.5,3001.8,3002.9,4643
2025-06-13T14:37:00+05:30,3002.9,3003.0,3002.0,3002.1,1447
2025-06-13T14:38:00+05:30,3002.1,3002.6,3000.8,3002.0,2737
2025-06-13T14:39:00+05:30,3002.0,3004.0,3001.1,3003.2,2635
2025-06-13T14:40:00+05:30,3003.2,3003.4,3002.8,3003.0,1841
2025-06-13T14:41:00+05:30,3003.0,3003.5,3002.1,3003.2,1601
2025-06-13T14:42:00+05:30,3003.2,3003.7,3000.6,3003.7,3524
2025-06-13T14:43:00+05:30,3003.5,3003.7,3002.7,3003.0,1757
2025-06-13T14:44:00+05:30,3003.0,3003.0,3000.0,3001.9,3802
2025-06-13T14:45:00+05:30,3001.9,3002.2,3001.2,3002.0,2899
2025-06-13T14:46:00+05:30,3002.0,3003.1,3000.8,3001.4,3013
2025-06-13T14:47:00+05:30,3001.4,3001.7,3000.3,3001.2,4096
2025-06-13T14:48:00+05:30,3001.1,3001.2,3000.0,3001.0,3041
2025-06-13T14:49:00+05:30,3001.0,3001.1,3000.0,3001.0,2047
2025-06-13T14:50:00+05:30,3001.0,3001.0,2999.0,3000.5,7232
2025-06-13T14:51:00+05:30,3000.5,3000.9,2999.1,3000.9,3038
2025-06-13T14:52:00+05:30,3000.9,3004.6,3000.8,3004.1,8598
2025-06-13T14:53:00+05:30,3004.1,3004.2,3002.4,3002.8,5173
2025-06-13T14:54:00+05:30,3002.8,3005.0,3002.8,3004.8,5828
2025-06-13T14:55:00+05:30,3005.0,3005.0,3001.0,3001.4,3385
2025-06-13T14:56:00+05:30,3001.4,3001.5,2996.6,2997.7,9116
2025-06-13T14:57:00+05:30,2997.7,2998.8,2996.0,2997.1,5406
2025-06-13T14:58:00+05:30,2996.2,2996.9,2992.0,2992.7,8028
2025-06-13T14:59:00+05:30,2993.7,2994.6,2990.2,2993.0,8310
2025-06-13T15:00:00+05:30,2993.5,3000.2,2993.0,3000.2,12675
2025-06-13T15:01:00+05:30,3000.5,3005.0,2999.1,3003.4,21584
2025-06-13T15:02:00+05:30,3003.4,3005.5,3003.4,3003.6,17055
2025-06-13T15:03:00+05:30,3003.4,3005.6,3002.1,3005.5,15248
2025-06-13T15:04:00+05:30,3005.5,3005.8,3005.4,3005.5,15385
2025-06-13T15:05:00+05:30,3005.5,3014.4,3005.4,3012.4,30132
2025-06-13T15:06:00+05:30,3012.4,3012.4,3009.6,3011.2,12644
2025-06-13T15:07:00+05:30,3011.4,3012.0,3011.2,3011.5,13627
2025-06-13T15:08:00+05:30,3011.7,3012.2,3007.5,3011.4,14140
2025-06-13T15:09:00+05:30,3011.6,3012.1,3010.2,3011.7,13614
2025-06-13T15:10:00+05:30,3011.7,3011.8,3005.4,3006.6,22237
2025-06-13T15:11:00+05:30,3006.0,3008.1,3005.0,3006.2,16712
2025-06-13T15:12:00+05:30,3005.8,3007.3,3005.4,3007.1,11105
2025-06-13T15:13:00+05:30,3007.0,3007.6,3005.7,3005.8,12959
2025-06-13T15:14:00+05:30,3005.7,3006.3,3005.7,3005.7,10804
2025-06-13T15:15:00+05:30,3006.2,3006.7,3000.7,3002.0,16524
2025-06-13T15:16:00+05:30,3002.0,3004.4,3001.5,3004.2,13670
2025-06-13T15:17:00+05:30,3004.3,3004.4,3001.0,3002.6,12867
2025-06-13T15:18:00+05:30,3003.1,3004.1,3002.6,3004.1,12605
2025-06-13T15:19:00+05:30,3004.1,3005.2,3001.8,3002.9,12186
2025-06-13T15:20:00+05:30,3002.9,3007.1,3002.3,3006.5,16083
2025-06-13T15:21:00+05:30,3006.0,3006.6,3004.1,3005.5,11467
2025-06-13T15:22:00+05:30,3005.5,3006.5,3005.5,3006.2,10760
2025-06-13T15:23:00+05:30,3006.3,3006.5,3006.1,3006.4,10646
2025-06-13T15:24:00+05:30,3006.4,3007.8,3005.3,3006.5,14417
2025-06-13T15:25:00+05:30,3006.8,3006.8,3003.9,3004.2,11410
2025-06-13T15:26:00+05:30,3004.2,3004.9,3004.1,3004.6,9727
2025-06-13T15:27:00+05:30,3005.0,3005.9,3003.6,3004.5,10804
2025-06-13T15:28:00+05:30,3004.9,3005.9,3000.0,3005.9,10622
2025-06-13T15:29:00+05:30,3005.4,3012.0,3003.0,3005.9,4317
2025-06-16T09:15:00+05:30,3000.9,3003.1,2988.1,2995.6,21459
2025-06-16T09:16:00+05:30,2996.3,3003.0,2991.7,2995.0,15841
2025-06-16T09:17:00+05:30,2995.7,2999.6,2993.8,2998.2,9501
2025-06-16T09:18:00+05:30,2998.4,2999.0,2990.9,2990.9,11851
2025-06-16T09:19:00+05:30,2990.9,2995.4,2990.1,2992.6,8573
2025-06-16T09:20:00+05:30,2992.5,2996.7,2992.0,2996.1,8606
2025-06-16T09:21:00+05:30,2996.1,3002.0,2994.9,2999.5,9541
2025-06-16T09:22:00+05:30,2999.5,3001.6,2998.0,2998.7,8489
2025-06-16T09:23:00+05:30,2998.0,3000.9,2997.4,2997.4,5708
2025-06-16T09:24:00+05:30,2998.5,3008.7,2998.1,3006.8,27645
2025-06-16T09:25:00+05:30,3007.8,3008.1,3003.0,3004.0,5374
2025-06-16T09:26:00+05:30,3003.1,3005.0,2999.3,3002.2,7057
2025-06-16T09:27:00+05:30,3002.2,3003.9,3000.6,3003.7,4233
2025-06-16T09:28:00+05:30,3002.5,3003.6,3000.6,3002.3,3456
2025-06-16T09:29:00+05:30,3002.2,3003.9,2998.5,3001.1,4243
2025-06-16T09:30:00+05:30,3001.0,3001.6,2997.1,2997.1,4840
2025-06-16T09:31:00+05:30,2997.4,2999.3,2995.1,2997.2,5776
2025-06-16T09:32:00+05:30,2997.2,3002.4,2997.0,2999.1,5008
2025-06-16T09:33:00+05:30,2999.1,3001.0,2998.8,2999.7,3244
2025-06-16T09:34:00+05:30,2999.3,3011.2,2998.5,3007.6,14158
2025-06-16T09:35:00+05:30,3007.2,3007.2,3001.5,3002.3,3783
2025-06-16T09:36:00+05:30,3003.0,3003.0,2999.0,3000.1,2779
2025-06-16T09:37:00+05:30,3001.0,3005.0,3000.5,3003.1,5712
2025-06-16T09:38:00+05:30,3002.9,3004.4,3002.0,3003.4,2019
2025-06-16T09:39:00+05:30,3003.3,3004.6,2999.8,2999.9,2163
2025-06-16T09:40:00+05:30,2999.8,3003.2,2999.2,3003.2,3392
2025-06-16T09:41:00+05:30,3002.9,3003.2,3000.8,3001.3,2218
2025-06-16T09:42:00+05:30,3001.0,3002.3,3001.0,3001.8,2665
2025-06-16T09:43:00+05:30,3001.5,3004.8,3001.5,3003.8,3792
2025-06-16T09:44:00+05:30,3003.6,3003.8,3001.5,3002.2,1870
2025-06-16T09:45:00+05:30,3002.2,3004.7,3001.6,3002.1,2914
2025-06-16T09:46:00+05:30,3002.9,3002.9,3000.2,3002.6,4942
2025-06-16T09:47:00+05:30,3002.4,3002.4,2997.1,2998.3,5279
2025-06-16T09:48:00+05:30,2998.3,2998.4,2993.0,2993.0,6002
2025-06-16T09:49:00+05:30,2993.5,2994.1,2990.6,2993.1,5665
2025-06-16T09:50:00+05:30,2992.1,2997.2,2991.1,2996.1,3664
2025-06-16T09:51:00+05:30,2996.1,2998.0,2995.6,2996.6,3866
2025-06-16T09:52:00+05:30,2996.6,2998.0,2995.3,2996.0,2196
2025-06-16T09:53:00+05:30,2996.4,2999.0,2996.2,2997.9,2746
2025-06-16T09:54:00+05:30,2997.3,2999.5,2996.0,2999.5,2096
2025-06-16T09:55:00+05:30,2998.9,2998.9,2997.0,2998.8,1760
2025-06-16T09:56:00+05:30,2997.8,2999.9,2996.4,2996.7,1857
2025-06-16T09:57:00+05:30,2997.6,2999.0,2997.1,2998.3,1451
2025-06-16T09:58:00+05:30,2998.5,3001.5,2998.3,3000.1,4764
2025-06-16T09:59:00+05:30,3000.1,3002.6,3000.0,3001.7,2361
2025-06-16T10:00:00+05:30,3001.7,3003.1,2999.2,2999.9,4801
2025-06-16T10:01:00+05:30,2999.8,3001.0,2997.1,3000.8,3253
2025-06-16T10:02:00+05:30,3000.7,3001.7,3000.1,3001.4,1751
2025-06-16T10:03:00+05:30,3001.0,3001.0,2999.3,3000.9,1056
2025-06-16T10:04:00+05:30,3000.6,3001.5,3000.1,3001.0,2015
2025-06-16T10:05:00+05:30,3001.2,3002.9,3001.0,3002.4,3430
2025-06-16T10:06:00+05:30,3002.7,3005.0,3002.0,3002.5,2408
2025-06-16T10:07:00+05:30,3002.1,3004.0,2999.7,3003.9,16065
2025-06-16T10:08:00+05:30,3003.1,3006.5,3002.3,3005.0,5492
2025-06-16T10:09:00+05:30,3005.0,3005.0,3001.8,3002.7,2314
2025-06-16T10:10:00+05:30,3002.7,3003.0,3000.8,3001.2,953
2025-06-16T10:11:00+05:30,3001.7,3004.1,3001.3,3004.1,3101
2025-06-16T10:12:00+05:30,3004.1,3005.0,3003.6,3005.0,1155
2025-06-16T10:13:00+05:30,3005.0,3006.8,3004.6,3006.8,3102
2025-06-16T10:14:00+05:30,3006.1,3006.1,3003.4,3003.4,1696
2025-06-16T10:15:00+05:30,3004.1,3008.6,3004.0,3008.4,2447
2025-06-16T10:16:00+05:30,3008.6,3009.0,3005.0,3005.5,4355
2025-06-16T10:17:00+05:30,3006.1,3006.1,3003.1,3003.6,2323
2025-06-16T10:18:00+05:30,3003.6,3005.6,3003.2,3003.5,2395
2025-06-16T10:19:00+05:30,3003.7,3004.0,3003.2,3003.9,1717
2025-06-16T10:20:00+05:30,3004.4,3004.9,3002.5,3003.9,2102
2025-06-16T10:21:00+05:30,3004.2,3005.8,3002.9,3004.7,2336
2025-06-16T10:22:00+05:30,3004.7,3005.7,3003.4,3004.0,2231
2025-06-16T10:23:00+05:30,3004.0,3004.7,3003.9,3004.5,2036
2025-06-16T10:24:00+05:30,3004.7,3004.7,3004.1,3004.2,1168
2025-06-16T10:25:00+05:30,3004.2,3005.2,3003.9,3005.2,2934
2025-06-16T10:26:00+05:30,3004.4,3008.0,3004.4,3007.8,3711
2025-06-16T10:27:00+05:30,3007.8,3009.8,3006.4,3008.9,5142
2025-06-16T10:28:00+05:30,3008.9,3011.8,3005.0,3006.0,11270
2025-06-16T10:29:00+05:30,3006.0,3009.6,3005.0,3009.6,5304
2025-06-16T10:30:00+05:30,3009.5,3014.8,3008.9,3014.8,7130
2025-06-16T10:31:00+05:30,3013.9,3020.0,3013.9,3020.0,10842
2025-06-16T10:32:00+05:30,3020.0,3022.9,3018.2,3022.0,8847
2025-06-16T10:33:00+05:30,3022.3,3024.3,3020.1,3020.2,3370
2025-06-16T10:34:00+05:30,3021.0,3021.7,3018.2,3020.4,4396
2025-06-16T10:35:00+05:30,3021.5,3021.5,3020.4,3020.4,2097
2025-06-16T10:36:00+05:30,3021.0,3023.0,3018.2,3019.0,4589
2025-06-16T10:37:00+05:30,3019.5,3020.9,3018.8,3019.3,3110
2025-06-16T10:38:00+05:30,3019.3,3023.0,3019.2,3022.9,2797
2025-06-16T10:39:00+05:30,3021.9,3027.4,3021.8,3026.4,7890
2025-06-16T10:40:00+05:30,3026.4,3027.7,3024.4,3027.2,4578
2025-06-16T10:41:00+05:30,3027.3,3028.6,3024.4,3025.8,3519
2025-06-16T10:42:00+05:30,3026.0,3029.9,3026.0,3029.5,4877
2025-06-16T10:43:00+05:30,3029.5,3029.9,3027.1,3027.7,2869
2025-06-16T10:44:00+05:30,3027.8,3033.6,3027.6,3031.8,7534
2025-06-16T10:45:00+05:30,3032.5,3034.9,3031.9,3033.9,3706
2025-06-16T10:46:00+05:30,3034.5,3036.7,3032.1,3034.5,9727
2025-06-16T10:47:00+05:30,3034.9,3036.8,3034.0,3034.4,6280
2025-06-16T10:48:00+05:30,3034.4,3035.8,3032.3,3032.9,11905
2025-06-16T10:49:00+05:30,3032.9,3032.9,3029.5,3030.7,4180
2025-06-16T10:50:00+05:30,3030.6,3032.0,3029.9,3030.1,3361
2025-06-16T10:51:00+05:30,3030.5,3031.5,3028.2,3028.9,3600
2025-06-16T10:52:00+05:30,3029.8,3029.9,3028.1,3028.8,1718
2025-06-16T10:53:00+05:30,3028.9,3030.0,3028.1,3029.8,2802
2025-06-16T10:54:00+05:30,3029.8,3030.0,3029.0,3029.0,2274
2025-06-16T10:55:00+05:30,3029.4,3029.4,3028.3,3028.9,3380
2025-06-16T10:56:00+05:30,3029.2,3029.4,3028.1,3028.3,2487
2025-06-16T10:57:00+05:30,3028.3,3028.8,3026.3,3026.3,4661
2025-06-16T10:58:00+05:30,3027.1,3029.0,3026.3,3027.7,2544
2025-06-16T10:59:00+05:30,3027.5,3028.0,3025.1,3026.2,3495
2025-06-16T11:00:00+05:30,3026.6,3028.9,3026.5,3027.5,2291
2025-06-16T11:01:00+05:30,3027.5,3029.8,3027.0,3028.9,3661
2025-06-16T11:02:00+05:30,3029.0,3030.0,3027.8,3029.2,2187
2025-06-16T11:03:00+05:30,3029.2,3033.1,3028.9,3031.4,3383
2025-06-16T11:04:00+05:30,3032.0,3032.0,3031.1,3031.1,1623
2025-06-16T11:05:00+05:30,3031.5,3032.1,3029.4,3030.7,6596
2025-06-16T11:06:00+05:30,3030.7,3035.0,3029.6,3034.7,3650
2025-06-16T11:07:00+05:30,3035.0,3035.0,3032.7,3032.7,1935
2025-06-16T11:08:00+05:30,3033.6,3035.0,3032.0,3034.0,3727
2025-06-16T11:09:00+05:30,3034.0,3035.0,3033.1,3034.2,2654
2025-06-16T11:10:00+05:30,3035.0,3035.0,3032.5,3034.6,4844
2025-06-16T11:11:00+05:30,3034.6,3034.9,3032.5,3032.6,2046
2025-06-16T11:12:00+05:30,3032.7,3035.0,3032.6,3033.5,2316
2025-06-16T11:13:00+05:30,3033.8,3034.6,3033.2,3034.0,2258
2025-06-16T11:14:00+05:30,3034.6,3034.6,3032.5,3032.5,4782
2025-06-16T11:15:00+05:30,3033.0,3033.7,3032.5,3033.7,1932
2025-06-16T11:16:00+05:30,3033.6,3033.6,3030.1,3030.8,2046
2025-06-16T11:17:00+05:30,3031.4,3031.5,3030.1,3031.5,4415
2025-06-16T11:18:00+05:30,3031.5,3031.5,3029.3,3029.7,3552
2025-06-16T11:19:00+05:30,3030.4,3030.4,3028.1,3028.6,5119
2025-06-16T11:20:00+05:30,3028.6,3029.6,3028.3,3028.4,2422
2025-06-16T11:21:00+05:30,3028.6,3031.0,3028.3,3029.5,4413
2025-06-16T11:22:00+05:30,3029.8,3029.8,3027.1,3027.7,4705
2025-06-16T11:23:00+05:30,3027.9,3030.9,3027.7,3029.2,2705
2025-06-16T11:24:00+05:30,3029.9,3031.8,3028.2,3028.3,5339
2025-06-16T11:25:00+05:30,3029.2,3032.3,3028.0,3032.3,4089
2025-06-16T11:26:00+05:30,3033.0,3033.0,3029.8,3030.2,2938
2025-06-16T11:27:00+05:30,3031.0,3031.0,3029.3,3029.6,1827
2025-06-16T11:28:00+05:30,3030.0,3032.1,3026.6,3026.6,4988
2025-06-16T11:29:00+05:30,3026.6,3027.5,3026.0,3026.3,2312
2025-06-16T11:30:00+05:30,3026.3,3026.8,3025.0,3025.3,2429
2025-06-16T11:31:00+05:30,3026.0,3027.5,3025.2,3027.0,3066
2025-06-16T11:32:00+05:30,3027.5,3028.5,3027.0,3027.7,1746
2025-06-16T11:33:00+05:30,3028.5,3029.9,3027.8,3028.9,1305
2025-06-16T11:34:00+05:30,3028.9,3028.9,3026.3,3028.0,3577
2025-06-16T11:35:00+05:30,3028.0,3029.9,3027.7,3028.5,2580
2025-06-16T11:36:00+05:30,3028.5,3029.1,3027.4,3028.5,1583
2025-06-16T11:37:00+05:30,3028.5,3030.0,3027.7,3029.0,1602
2025-06-16T11:38:00+05:30,3029.0,3030.3,3028.8,3030.1,1809
2025-06-16T11:39:00+05:30,3030.3,3030.9,3030.1,3030.9,1791
2025-06-16T11:40:00+05:30,3030.9,3033.0,3027.9,3032.2,6478
2025-06-16T11:41:00+05:30,3033.0,3033.0,3031.5,3032.3,1846
2025-06-16T11:42:00+05:30,3032.8,3032.8,3030.5,3031.5,2217
2025-06-16T11:43:00+05:30,3031.5,3034.0,3030.7,3032.7,2821
2025-06-16T11:44:00+05:30,3033.6,3036.0,3032.7,3035.6,4368
2025-06-16T11:45:00+05:30,3035.6,3036.5,3034.5,3036.1,3135
2025-06-16T11:46:00+05:30,3036.5,3038.0,3036.0,3037.0,3717
2025-06-16T11:47:00+05:30,3037.1,3037.6,3036.4,3036.7,1926
2025-06-16T11:48:00+05:30,3036.7,3039.0,3036.5,3038.4,4052
2025-06-16T11:49:00+05:30,3039.2,3039.6,3038.4,3038.7,1461
2025-06-16T11:50:00+05:30,3038.7,3039.5,3037.6,3037.6,3153
2025-06-16T11:51:00+05:30,3037.6,3039.8,3037.6,3039.8,3792
2025-06-16T11:52:00+05:30,3039.9,3039.9,3037.8,3037.9,2821
2025-06-16T11:53:00+05:30,3037.8,3037.8,3036.3,3036.4,1869
2025-06-16T11:54:00+05:30,3036.4,3036.4,3032.7,3032.8,3560
2025-06-16T11:55:00+05:30,3033.0,3033.8,3032.7,3033.2,2556
2025-06-16T11:56:00+05:30,3033.5,3033.7,3031.2,3032.4,3215
2025-06-16T11:57:00+05:30,3032.4,3032.9,3031.2,3032.9,1951
2025-06-16T11:58:00+05:30,3032.9,3032.9,3032.0,3032.5,1347
2025-06-16T11:59:00+05:30,3032.6,3033.6,3032.5,3032.8,2526
2025-06-16T12:00:00+05:30,3033.6,3035.2,3032.9,3034.4,1826
2025-06-16T12:01:00+05:30,3034.9,3035.2,3033.0,3034.6,1459
2025-06-16T12:02:00+05:30,3034.7,3035.4,3033.7,3034.7,1841
2025-06-16T12:03:00+05:30,3034.7,3034.8,3032.8,3034.1,1857
2025-06-16T12:04:00+05:30,3034.1,3035.6,3033.5,3034.4,1725
2025-06-16T12:05:00+05:30,3035.0,3035.0,3032.7,3033.1,1546
2025-06-16T12:06:00+05:30,3033.1,3034.0,3032.3,3033.9,1793
2025-06-16T12:07:00+05:30,3034.0,3035.0,3033.6,3034.8,2136
2025-06-16T12:08:00+05:30,3034.9,3034.9,3034.1,3034.9,1236
2025-06-16T12:09:00+05:30,3034.9,3037.0,3034.1,3036.6,2742
2025-06-16T12:10:00+05:30,3037.0,3038.0,3036.5,3037.4,2048
2025-06-16T12:11:00+05:30,3038.0,3038.0,3036.4,3037.9,1973
2025-06-16T12:12:00+05:30,3038.0,3038.0,3036.2,3036.2,1477
2025-06-16T12:13:00+05:30,3037.0,3043.2,3036.3,3043.1,11083
2025-06-16T12:14:00+05:30,3042.0,3045.0,3042.0,3044.7,4003
2025-06-16T12:15:00+05:30,3045.0,3045.0,3043.4,3043.5,2580
2025-06-16T12:16:00+05:30,3044.0,3044.0,3040.0,3040.0,2334
2025-06-16T12:17:00+05:30,3041.0,3041.0,3039.0,3040.4,2245
2025-06-16T12:18:00+05:30,3040.4,3041.5,3039.5,3041.0,1944
2025-06-16T12:19:00+05:30,3041.3,3042.7,3040.4,3041.2,2015
2025-06-16T12:20:00+05:30,3041.7,3042.0,3039.9,3041.7,3070
2025-06-16T12:21:00+05:30,3041.7,3042.0,3039.4,3040.7,1754
2025-06-16T12:22:00+05:30,3040.7,3040.7,3037.0,3037.2,1611
2025-06-16T12:23:00+05:30,3037.3,3038.0,3035.5,3035.5,9039
2025-06-16T12:24:00+05:30,3035.8,3035.8,3032.4,3033.0,5678
2025-06-16T12:25:00+05:30,3033.0,3035.9,3032.5,3035.9,2226
2025-06-16T12:26:00+05:30,3034.8,3036.1,3033.3,3034.0,2999
2025-06-16T12:27:00+05:30,3034.5,3036.0,3034.0,3034.2,1876
2025-06-16T12:28:00+05:30,3034.3,3034.4,3034.0,3034.3,1671
2025-06-16T12:29:00+05:30,3034.4,3035.7,3032.8,3033.0,4904
2025-06-16T12:30:00+05:30,3033.1,3033.1,3031.0,3031.8,2430
2025-06-16T12:31:00+05:30,3033.0,3035.7,3032.6,3035.7,2115
2025-06-16T12:32:00+05:30,3035.4,3035.4,3032.9,3033.8,1917
2025-06-16T12:33:00+05:30,3035.0,3035.4,3033.3,3034.4,1817
2025-06-16T12:34:00+05:30,3034.4,3036.8,3033.8,3035.9,2505
2025-06-16T12:35:00+05:30,3035.7,3036.1,3033.4,3033.6,1578
2025-06-16T12:36:00+05:30,3033.6,3034.9,3033.1,3033.1,1726
2025-06-16T12:37:00+05:30,3033.1,3035.9,3032.9,3034.4,1659
2025-06-16T12:38:00+05:30,3035.9,3036.0,3034.0,3034.5,1549
2025-06-16T12:39:00+05:30,3035.8,3036.0,3033.2,3035.9,2462
2025-06-16T12:40:00+05:30,3036.0,3036.0,3034.3,3034.6,1540
2025-06-16T12:41:00+05:30,3035.3,3035.6,3033.5,3033.9,2305
2025-06-16T12:42:00+05:30,3033.9,3035.5,3033.6,3034.2,2112
2025-06-16T12:43:00+05:30,3034.2,3035.5,3033.8,3034.9,1901
2025-06-16T12:44:00+05:30,3034.9,3034.9,3033.1,3034.7,1651
2025-06-16T12:45:00+05:30,3034.7,3034.9,3033.3,3034.9,1549
2025-06-16T12:46:00+05:30,3034.9,3035.6,3033.8,3034.3,2349
2025-06-16T12:47:00+05:30,3035.3,3035.5,3033.2,3033.2,1998
2025-06-16T12:48:00+05:30,3034.3,3034.3,3033.0,3033.0,1669
2025-06-16T12:49:00+05:30,3033.9,3033.9,3032.5,3032.5,2449
2025-06-16T12:50:00+05:30,3032.5,3033.4,3032.0,3033.2,2615
2025-06-16T12:51:00+05:30,3033.2,3033.2,3032.0,3032.2,1805
2025-06-16T12:52:00+05:30,3032.0,3032.2,3027.0,3027.1,5666
2025-06-16T12:53:00+05:30,3028.2,3028.3,3027.0,3027.5,1873
2025-06-16T12:54:00+05:30,3027.5,3029.0,3026.9,3028.0,2940
2025-06-16T12:55:00+05:30,3028.0,3028.1,3026.4,3027.0,1812
2025-06-16T12:56:00+05:30,3027.0,3027.0,3025.8,3026.0,2553
2025-06-16T12:57:00+05:30,3026.9,3026.9,3025.5,3025.5,2641
2025-06-16T12:58:00+05:30,3025.6,3025.6,3022.9,3023.8,4266
2025-06-16T12:59:00+05:30,3024.6,3027.5,3023.1,3025.4,4479
2025-06-16T13:00:00+05:30,3025.6,3026.7,3025.2,3026.6,1960
2025-06-16T13:01:00+05:30,3026.6,3026.9,3025.2,3025.3,2191
2025-06-16T13:02:00+05:30,3025.7,3026.5,3025.0,3025.5,2012
2025-06-16T13:03:00+05:30,3025.5,3025.5,3017.9,3019.4,30792
2025-06-16T13:04:00+05:30,3020.3,3021.1,3018.0,3020.1,11996
2025-06-16T13:05:00+05:30,3020.1,3021.1,3016.0,3021.0,25951
2025-06-16T13:06:00+05:30,3020.5,3022.5,3018.1,3019.6,3641
2025-06-16T13:07:00+05:30,3020.8,3020.8,3019.2,3020.8,1842
2025-06-16T13:08:00+05:30,3020.9,3023.0,3019.7,3019.8,4896
2025-06-16T13:09:00+05:30,3020.9,3020.9,3019.2,3020.4,2178
2025-06-16T13:10:00+05:30,3020.5,3023.4,3020.4,3023.2,1841
2025-06-16T13:11:00+05:30,3023.1,3023.4,3021.1,3022.0,3219
2025-06-16T13:12:00+05:30,3021.9,3022.3,3021.0,3022.3,2042
2025-06-16T13:13:00+05:30,3021.1,3022.9,3020.9,3022.7,1892
2025-06-16T13:14:00+05:30,3022.7,3023.5,3022.2,3023.0,1506
2025-06-16T13:15:00+05:30,3023.0,3025.6,3021.9,3023.7,9001
2025-06-16T13:16:00+05:30,3023.0,3024.2,3023.0,3023.9,1826
2025-06-16T13:17:00+05:30,3023.9,3024.8,3023.0,3024.8,1845
2025-06-16T13:18:00+05:30,3024.8,3026.6,3023.0,3023.1,4226
2025-06-16T13:19:00+05:30,3023.1,3024.2,3023.0,3024.2,1944
2025-06-16T13:20:00+05:30,3024.2,3024.3,3023.1,3023.8,1623
2025-06-16T13:21:00+05:30,3024.2,3024.2,3023.0,3023.9,2768
2025-06-16T13:22:00+05:30,3023.9,3024.0,3020.6,3022.8,7555
2025-06-16T13:23:00+05:30,3023.3,3026.0,3021.2,3021.5,4737
2025-06-16T13:24:00+05:30,3021.4,3022.0,3020.9,3021.5,2162
2025-06-16T13:25:00+05:30,3021.5,3021.5,3019.4,3019.9,3668
2025-06-16T13:26:00+05:30,3019.6,3019.9,3019.5,3019.8,3425
2025-06-16T13:27:00+05:30,3019.9,3019.9,3018.2,3019.0,4702
2025-06-16T13:28:00+05:30,3018.9,3020.0,3018.7,3019.6,9455
2025-06-16T13:29:00+05:30,3019.6,3019.9,3019.0,3019.3,3087
2025-06-16T13:30:00+05:30,3019.8,3019.8,3017.8,3018.1,2584
2025-06-16T13:31:00+05:30,3018.4,3018.5,3017.8,3017.9,1883
2025-06-16T13:32:00+05:30,3017.9,3018.7,3016.7,3016.7,2829
2025-06-16T13:33:00+05:30,3016.8,3018.0,3016.5,3017.1,2023
2025-06-16T13:34:00+05:30,3017.1,3019.0,3016.9,3018.3,2495
2025-06-16T13:35:00+05:30,3018.5,3019.9,3018.2,3019.3,2041
2025-06-16T13:36:00+05:30,3019.9,3020.4,3018.9,3019.9,2432
2025-06-16T13:37:00+05:30,3019.9,3019.9,3019.3,3019.5,1792
2025-06-16T13:38:00+05:30,3019.6,3022.8,3019.3,3022.0,5764
2025-06-16T13:39:00+05:30,3022.8,3025.8,3021.9,3025.8,3009
2025-06-16T13:40:00+05:30,3025.8,3025.8,3024.9,3025.8,2636
2025-06-16T13:41:00+05:30,3025.8,3028.3,3023.3,3028.3,4081
2025-06-16T13:42:00+05:30,3028.9,3030.1,3026.2,3026.7,4473
2025-06-16T13:43:00+05:30,3027.9,3027.9,3023.5,3026.1,2853
2025-06-16T13:44:00+05:30,3026.4,3026.4,3022.0,3023.4,6390
2025-06-16T13:45:00+05:30,3022.7,3023.5,3022.5,3023.0,2278
2025-06-16T13:46:00+05:30,3023.0,3023.8,3022.0,3022.1,2314
2025-06-16T13:47:00+05:30,3022.2,3022.2,3020.4,3021.0,2379
2025-06-16T13:48:00+05:30,3021.0,3021.9,3020.3,3020.6,2098
2025-06-16T13:49:00+05:30,3020.8,3022.1,3020.2,3021.4,2259
2025-06-16T13:50:00+05:30,3021.4,3021.6,3019.5,3020.6,4470
2025-06-16T13:51:00+05:30,3020.6,3023.0,3020.3,3022.1,2290
2025-06-16T13:52:00+05:30,3022.2,3023.0,3021.9,3022.2,3339
2025-06-16T13:53:00+05:30,3022.2,3023.5,3021.1,3022.2,3478
2025-06-16T13:54:00+05:30,3022.2,3023.2,3020.4,3021.9,4076
2025-06-16T13:55:00+05:30,3022.5,3022.6,3021.7,3021.7,3146
2025-06-16T13:56:00+05:30,3021.9,3022.6,3020.8,3021.3,2767
2025-06-16T13:57:00+05:30,3022.5,3023.4,3021.1,3021.8,3072
2025-06-16T13:58:00+05:30,3021.8,3022.7,3020.5,3020.6,4016
2025-06-16T13:59:00+05:30,3020.6,3021.7,3020.2,3020.5,3768
2025-06-16T14:00:00+05:30,3020.5,3024.4,3020.4,3024.3,3399
2025-06-16T14:01:00+05:30,3024.4,3024.8,3022.6,3023.4,2009
2025-06-16T14:02:00+05:30,3023.2,3024.4,3023.0,3023.1,1726
2025-06-16T14:03:00+05:30,3023.1,3025.0,3022.6,3024.7,2320
2025-06-16T14:04:00+05:30,3024.8,3024.9,3024.4,3024.4,2039
2025-06-16T14:05:00+05:30,3024.6,3024.9,3022.5,3024.8,3040
2025-06-16T14:06:00+05:30,3024.0,3025.0,3023.3,3023.9,3354
2025-06-16T14:07:00+05:30,3023.9,3024.0,3022.2,3022.2,3320
2025-06-16T14:08:00+05:30,3022.2,3022.9,3021.2,3022.9,2825
2025-06-16T14:09:00+05:30,3022.9,3023.7,3021.5,3021.7,3440
2025-06-16T14:10:00+05:30,3022.4,3023.9,3021.4,3022.0,2578
2025-06-16T14:11:00+05:30,3022.0,3023.8,3021.4,3023.0,3813
2025-06-16T14:12:00+05:30,3023.1,3023.4,3022.0,3022.9,2371
2025-06-16T14:13:00+05:30,3022.9,3023.7,3021.8,3022.2,2733
2025-06-16T14:14:00+05:30,3023.1,3023.4,3021.9,3022.7,2738
2025-06-16T14:15:00+05:30,3023.0,3023.0,3022.1,3022.4,2564
2025-06-16T14:16:00+05:30,3022.4,3023.4,3021.4,3023.4,3159
2025-06-16T14:17:00+05:30,3022.8,3023.4,3021.3,3022.6,2689
2025-06-16T14:18:00+05:30,3022.6,3022.6,3021.0,3021.0,3298
2025-06-16T14:19:00+05:30,3021.0,3021.3,3019.5,3021.3,3356
2025-06-16T14:20:00+05:30,3021.6,3021.6,3020.0,3021.0,2658
2025-06-16T14:21:00+05:30,3021.0,3021.9,3019.5,3020.0,2980
2025-06-16T14:22:00+05:30,3020.6,3020.8,3019.6,3020.2,4810
2025-06-16T14:23:00+05:30,3020.2,3020.2,3020.0,3020.1,2660
2025-06-16T14:24:00+05:30,3020.2,3020.2,3019.8,3019.8,2981
2025-06-16T14:25:00+05:30,3019.9,3021.4,3019.7,3019.9,3137
2025-06-16T14:26:00+05:30,3020.1,3020.9,3019.0,3019.3,2293
2025-06-16T14:27:00+05:30,3019.3,3020.0,3019.1,3020.0,3621
2025-06-16T14:28:00+05:30,3019.7,3020.9,3019.6,3019.7,2494
2025-06-16T14:29:00+05:30,3019.8,3019.8,3019.2,3019.3,3023
2025-06-16T14:30:00+05:30,3019.4,3019.8,3019.3,3019.6,2164
2025-06-16T14:31:00+05:30,3019.6,3019.6,3018.4,3018.4,2843
2025-06-16T14:32:00+05:30,3018.5,3019.2,3018.0,3018.1,3105
2025-06-16T14:33:00+05:30,3018.9,3018.9,3017.5,3018.1,2660
2025-06-16T14:34:00+05:30,3018.7,3018.7,3015.8,3016.5,4572
2025-06-16T14:35:00+05:30,3016.4,3016.4,3015.6,3015.8,2724
2025-06-16T14:36:00+05:30,3015.7,3017.5,3015.4,3016.0,5474
2025-06-16T14:37:00+05:30,3016.0,3016.5,3015.6,3016.5,4061
2025-06-16T14:38:00+05:30,3016.5,3017.5,3015.4,3017.2,5845
2025-06-16T14:39:00+05:30,3017.2,3017.8,3015.6,3016.9,3105
2025-06-16T14:40:00+05:30,3016.9,3019.4,3015.6,3018.8,4314
2025-06-16T14:41:00+05:30,3018.8,3018.8,3016.7,3016.7,4239
2025-06-16T14:42:00+05:30,3017.1,3018.6,3016.6,3018.3,3777
2025-06-16T14:43:00+05:30,3018.3,3020.0,3017.2,3019.9,3172
2025-06-16T14:44:00+05:30,3019.9,3021.2,3018.5,3021.2,2876
2025-06-16T14:45:00+05:30,3020.8,3021.4,3019.3,3020.6,3657
2025-06-16T14:46:00+05:30,3020.6,3020.6,3018.2,3018.9,3523
2025-06-16T14:47:00+05:30,3018.9,3019.8,3017.5,3018.4,4940
2025-06-16T14:48:00+05:30,3018.9,3021.8,3018.4,3021.0,4216
2025-06-16T14:49:00+05:30,3021.5,3021.5,3020.3,3020.5,3750
2025-06-16T14:50:00+05:30,3020.6,3021.0,3018.9,3019.0,3855
2025-06-16T14:51:00+05:30,3018.9,3019.9,3018.7,3019.5,4844
2025-06-16T14:52:00+05:30,3019.9,3019.9,3018.2,3019.2,5495
2025-06-16T14:53:00+05:30,3019.2,3019.9,3018.7,3019.9,4807
2025-06-16T14:54:00+05:30,3019.9,3019.9,3019.0,3019.4,4622
2025-06-16T14:55:00+05:30,3019.5,3019.9,3018.5,3019.9,4772
2025-06-16T14:56:00+05:30,3019.9,3019.9,3018.6,3019.8,5104
2025-06-16T14:57:00+05:30,3019.8,3020.0,3018.5,3019.7,4428
2025-06-16T14:58:00+05:30,3019.7,3019.9,3018.9,3019.6,3649
2025-06-16T14:59:00+05:30,3019.9,3022.0,3019.1,3021.8,6073
2025-06-16T15:00:00+05:30,3021.9,3024.1,3020.1,3023.9,22648
2025-06-16T15:01:00+05:30,3024.0,3024.0,3021.9,3022.1,10655
2025-06-16T15:02:00+05:30,3022.1,3022.1,3019.1,3019.4,9189
2025-06-16T15:03:00+05:30,3019.5,3019.6,3019.4,3019.6,8203
2025-06-16T15:04:00+05:30,3019.6,3021.4,3019.4,3019.9,10568
2025-06-16T15:05:00+05:30,3020.0,3021.0,3020.0,3020.8,12634
2025-06-16T15:06:00+05:30,3020.9,3022.7,3020.8,3021.9,13838
2025-06-16T15:07:00+05:30,3021.9,3021.9,3021.7,3021.8,8415
2025-06-16T15:08:00+05:30,3021.9,3021.9,3020.3,3020.4,12624
2025-06-16T15:09:00+05:30,3020.7,3022.0,3020.3,3022.0,13480
2025-06-16T15:10:00+05:30,3021.9,3022.6,3021.1,3022.5,15380
2025-06-16T15:11:00+05:30,3022.6,3023.3,3021.5,3022.5,20576
2025-06-16T15:12:00+05:30,3023.0,3024.0,3022.5,3024.0,14329
2025-06-16T15:13:00+05:30,3024.0,3028.1,3023.9,3027.6,14344
2025-06-16T15:14:00+05:30,3027.8,3029.1,3027.4,3028.5,13408
2025-06-16T15:15:00+05:30,3028.5,3032.2,3028.3,3031.2,18786
2025-06-16T15:16:00+05:30,3031.2,3031.6,3028.0,3029.3,13529
2025-06-16T15:17:00+05:30,3029.3,3029.3,3024.4,3025.4,11264
2025-06-16T15:18:00+05:30,3025.4,3027.4,3024.3,3027.4,15110
2025-06-16T15:19:00+05:30,3027.3,3027.3,3025.3,3026.0,9392
2025-06-16T15:20:00+05:30,3026.0,3026.0,3023.8,3023.8,10555
2025-06-16T15:21:00+05:30,3024.3,3024.3,3022.7,3023.4,10532
2025-06-16T15:22:00+05:30,3023.4,3023.4,3023.0,3023.4,7338
2025-06-16T15:23:00+05:30,3023.4,3023.4,3022.6,3022.6,7047
2025-06-16T15:24:00+05:30,3023.0,3023.0,3022.0,3022.6,8565
2025-06-16T15:25:00+05:30,3022.6,3022.7,3022.5,3022.7,7863
2025-06-16T15:26:00+05:30,3022.7,3022.8,3021.0,3021.8,10433
2025-06-16T15:27:00+05:30,3021.8,3024.0,3020.1,3022.7,14064
2025-06-16T15:28:00+05:30,3022.2,3025.0,3022.2,3023.1,6503
2025-06-16T15:29:00+05:30,3023.1,3025.0,3020.3,3021.0,3779
2025-06-17T09:15:00+05:30,3040.2,3042.9,3019.6,3020.0,32239
2025-06-17T09:16:00+05:30,3019.8,3031.6,3019.8,3025.8,11098
2025-06-17T09:17:00+05:30,3026.0,3030.7,3024.2,3027.6,8435
2025-06-17T09:18:00+05:30,3026.6,3027.9,3015.6,3015.7,9338
2025-06-17T09:19:00+05:30,3015.9,3016.6,3009.0,3012.5,16597
2025-06-17T09:20:00+05:30,3012.7,3014.6,3006.6,3007.6,8776
2025-06-17T09:21:00+05:30,3007.6,3010.0,3003.2,3004.5,7610
2025-06-17T09:22:00+05:30,3003.1,3004.8,3000.5,3000.5,8266
2025-06-17T09:23:00+05:30,3000.3,3003.0,3000.0,3002.6,5047
2025-06-17T09:24:00+05:30,3003.0,3008.0,3003.0,3007.4,5998
2025-06-17T09:25:00+05:30,3007.6,3012.3,3007.6,3010.9,5913
2025-06-17T09:26:00+05:30,3011.0,3013.0,3010.9,3011.6,3959
2025-06-17T09:27:00+05:30,3011.6,3011.6,3006.3,3007.0,7659
2025-06-17T09:28:00+05:30,3007.0,3010.0,3005.7,3006.7,3731
2025-06-17T09:29:00+05:30,3006.7,3008.5,3006.1,3006.5,3456
2025-06-17T09:30:00+05:30,3006.4,3007.0,3003.0,3004.1,4531
2025-06-17T09:31:00+05:30,3003.8,3008.9,3003.8,3005.8,3009
2025-06-17T09:32:00+05:30,3005.3,3008.8,3004.7,3006.7,4613
2025-06-17T09:33:00+05:30,3006.7,3011.4,3006.4,3006.8,2586
2025-06-17T09:34:00+05:30,3006.0,3007.6,3004.5,3004.5,4707
2025-06-17T09:35:00+05:30,3004.7,3007.7,3003.6,3004.3,6315
2025-06-17T09:36:00+05:30,3004.6,3006.8,3004.6,3005.5,3090
2025-06-17T09:37:00+05:30,3005.0,3011.5,3005.0,3008.5,3115
2025-06-17T09:38:00+05:30,3008.5,3013.9,3007.1,3013.9,2919
2025-06-17T09:39:00+05:30,3013.6,3014.8,3010.0,3010.1,8622
2025-06-17T09:40:00+05:30,3010.0,3010.6,3008.1,3009.0,3541
2025-06-17T09:41:00+05:30,3008.9,3009.7,3006.1,3006.1,7286
2025-06-17T09:42:00+05:30,3006.2,3006.2,3004.0,3004.2,4363
2025-06-17T09:43:00+05:30,3004.1,3007.2,3004.0,3006.8,1324
2025-06-17T09:44:00+05:30,3006.2,3008.6,3004.5,3007.3,2043
2025-06-17T09:45:00+05:30,3006.8,3008.4,3004.1,3004.1,2270
2025-06-17T09:46:00+05:30,3004.1,3006.5,3003.1,3005.2,3003
2025-06-17T09:47:00+05:30,3005.1,3006.5,3005.0,3005.3,1762
2025-06-17T09:48:00+05:30,3005.3,3007.5,3005.3,3005.3,1851
2025-06-17T09:49:00+05:30,3005.3,3006.1,3004.2,3005.7,1763
2025-06-17T09:50:00+05:30,3005.6,3008.6,3005.6,3008.3,1760
2025-06-17T09:51:00+05:30,3008.4,3012.6,3008.3,3012.5,2476
2025-06-17T09:52:00+05:30,3012.4,3014.0,3008.2,3008.6,5248
2025-06-17T09:53:00+05:30,3008.6,3009.8,3006.1,3006.3,2052
2025-06-17T09:54:00+05:30,3006.6,3009.8,3006.6,3007.2,2151
2025-06-17T09:55:00+05:30,3007.3,3009.1,3006.1,3008.0,1108
2025-06-17T09:56:00+05:30,3007.9,3009.6,3007.6,3009.1,1341
2025-06-17T09:57:00+05:30,3008.9,3009.8,3008.2,3008.2,1532
2025-06-17T09:58:00+05:30,3008.2,3010.8,3008.1,3010.3,1070
2025-06-17T09:59:00+05:30,3010.1,3012.0,3010.1,3011.5,1289
2025-06-17T10:00:00+05:30,3011.5,3011.7,3008.4,3009.4,6878
2025-06-17T10:01:00+05:30,3009.5,3011.0,3009.4,3010.4,924
2025-06-17T10:02:00+05:30,3010.3,3010.8,3008.0,3010.8,2234
2025-06-17T10:03:00+05:30,3010.9,3010.9,3008.0,3008.8,2594
2025-06-17T10:04:00+05:30,3008.9,3009.6,3008.1,3008.1,987
2025-06-17T10:05:00+05:30,3008.2,3009.1,3008.1,3008.9,815
2025-06-17T10:06:00+05:30,3009.0,3010.0,3008.0,3008.0,953
2025-06-17T10:07:00+05:30,3008.3,3008.8,3007.0,3007.1,2679
2025-06-17T10:08:00+05:30,3007.2,3008.7,3006.8,3006.8,1606
2025-06-17T10:09:00+05:30,3006.8,3006.8,3004.0,3004.0,2885
2025-06-17T10:10:00+05:30,3004.0,3004.2,3001.0,3001.0,8383
2025-06-17T10:11:00+05:30,3001.0,3005.7,3001.0,3005.3,2514
2025-06-17T10:12:00+05:30,3005.3,3006.0,3005.1,3006.0,1166
2025-06-17T10:13:00+05:30,3005.8,3006.7,3005.1,3005.2,2287
2025-06-17T10:14:00+05:30,3005.1,3006.3,3004.0,3004.6,2459
2025-06-17T10:15:00+05:30,3004.5,3006.4,3004.5,3006.4,1328
2025-06-17T10:16:00+05:30,3006.3,3009.4,3006.2,3008.0,6049
2025-06-17T10:17:00+05:30,3008.0,3010.6,3007.3,3010.1,2808
2025-06-17T10:18:00+05:30,3009.8,3014.0,3009.6,3012.7,8849
2025-06-17T10:19:00+05:30,3012.7,3013.8,3012.0,3012.5,2191
2025-06-17T10:20:00+05:30,3013.0,3013.5,3012.0,3012.0,2982
2025-06-17T10:21:00+05:30,3012.0,3012.8,3012.0,3012.0,1268
2025-06-17T10:22:00+05:30,3012.0,3014.0,3011.9,3013.4,2403
2025-06-17T10:23:00+05:30,3013.4,3014.0,3012.8,3014.0,5036
2025-06-17T10:24:00+05:30,3013.6,3014.0,3013.2,3013.9,3085
2025-06-17T10:25:00+05:30,3013.9,3017.1,3013.9,3015.3,10390
2025-06-17T10:26:00+05:30,3015.4,3016.0,3014.0,3015.0,2637
2025-06-17T10:27:00+05:30,3015.0,3015.2,3011.9,3012.1,3604
2025-06-17T10:28:00+05:30,3012.1,3012.9,3011.2,3012.1,1756
2025-06-17T10:29:00+05:30,3012.1,3012.2,3009.4,3010.9,2213
2025-06-17T10:30:00+05:30,3009.8,3011.0,3009.3,3009.5,1931
2025-06-17T10:31:00+05:30,3009.5,3009.6,3009.0,3009.2,1229
2025-06-17T10:32:00+05:30,3009.2,3009.3,3007.3,3008.4,1580
2025-06-17T10:33:00+05:30,3008.3,3010.0,3008.0,3009.4,1185
2025-06-17T10:34:00+05:30,3009.8,3010.9,3008.4,3009.7,1803
2025-06-17T10:35:00+05:30,3009.8,3012.0,3009.5,3010.4,1779
2025-06-17T10:36:00+05:30,3010.4,3011.9,3009.2,3010.7,1661
2025-06-17T10:37:00+05:30,3010.7,3012.0,3009.9,3011.7,1501
2025-06-17T10:38:00+05:30,3011.7,3012.0,3008.2,3009.1,4158
2025-06-17T10:39:00+05:30,3009.1,3009.8,3006.8,3007.5,2699
2025-06-17T10:40:00+05:30,3007.5,3009.0,3007.4,3008.5,1126
2025-06-17T10:41:00+05:30,3008.4,3013.5,3008.4,3012.2,1623
2025-06-17T10:42:00+05:30,3012.0,3015.5,3010.6,3011.1,5966
2025-06-17T10:43:00+05:30,3011.1,3012.5,3010.3,3011.3,1827
2025-06-17T10:44:00+05:30,3011.2,3011.6,3010.9,3011.5,1275
2025-06-17T10:45:00+05:30,3011.4,3014.0,3011.4,3012.9,1530
2025-06-17T10:46:00+05:30,3012.8,3014.8,3012.1,3013.2,2292
2025-06-17T10:47:00+05:30,3012.7,3013.5,3012.1,3012.9,1193
2025-06-17T10:48:00+05:30,3012.9,3014.0,3010.8,3011.0,2547
2025-06-17T10:49:00+05:30,3011.2,3013.0,3010.4,3010.4,4794
2025-06-17T10:50:00+05:30,3010.4,3011.5,3010.4,3011.4,1123
2025-06-17T10:51:00+05:30,3011.5,3013.0,3010.4,3011.2,2936
2025-06-17T10:52:00+05:30,3011.2,3011.2,3010.0,3010.8,1597
2025-06-17T10:53:00+05:30,3010.7,3013.5,3010.2,3012.3,1183
2025-06-17T10:54:00+05:30,3012.4,3013.0,3012.3,3012.5,1507
2025-06-17T10:55:00+05:30,3012.5,3012.5,3010.8,3012.5,1471
2025-06-17T10:56:00+05:30,3011.6,3013.5,3011.2,3011.6,1640
2025-06-17T10:57:00+05:30,3011.6,3015.0,3011.5,3014.7,1730
2025-06-17T10:58:00+05:30,3014.7,3015.0,3013.0,3013.4,2760
2025-06-17T10:59:00+05:30,3013.4,3014.6,3013.1,3014.6,3431
2025-06-17T11:00:00+05:30,3014.6,3015.0,3013.0,3013.6,4090
2025-06-17T11:01:00+05:30,3013.7,3014.5,3013.0,3013.0,3291
2025-06-17T11:02:00+05:30,3013.1,3013.4,3013.0,3013.0,2890
2025-06-17T11:03:00+05:30,3013.0,3013.6,3011.0,3011.2,9283
2025-06-17T11:04:00+05:30,3011.2,3012.5,3010.2,3011.5,2568
2025-06-17T11:05:00+05:30,3011.5,3012.6,3010.1,3011.0,5451
2025-06-17T11:06:00+05:30,3011.0,3012.4,3010.8,3011.0,3045
2025-06-17T11:07:00+05:30,3011.1,3012.9,3011.0,3011.8,1333
2025-06-17T11:08:00+05:30,3011.8,3011.9,3011.8,3011.9,1327
2025-06-17T11:09:00+05:30,3011.8,3011.9,3011.0,3011.0,1723
2025-06-17T11:10:00+05:30,3011.0,3011.1,3010.1,3010.4,1594
2025-06-17T11:11:00+05:30,3010.4,3011.4,3010.1,3010.5,2097
2025-06-17T11:12:00+05:30,3010.5,3011.3,3010.1,3010.1,1258
2025-06-17T11:13:00+05:30,3010.1,3010.8,3009.7,3010.8,2202
2025-06-17T11:14:00+05:30,3010.8,3011.6,3010.8,3010.9,1231
2025-06-17T11:15:00+05:30,3010.9,3011.6,3010.8,3011.1,1184
2025-06-17T11:16:00+05:30,3011.0,3011.1,3009.0,3010.0,1501
2025-06-17T11:17:00+05:30,3009.8,3010.4,3009.7,3009.7,776
2025-06-17T11:18:00+05:30,3009.7,3011.0,3009.7,3010.9,675
2025-06-17T11:19:00+05:30,3010.9,3012.0,3010.9,3011.0,1900
2025-06-17T11:20:00+05:30,3011.0,3012.3,3011.0,3012.2,803
2025-06-17T11:21:00+05:30,3012.6,3014.5,3012.3,3014.4,4104
2025-06-17T11:22:00+05:30,3014.3,3014.4,3012.3,3014.0,2213
2025-06-17T11:23:00+05:30,3013.2,3013.3,3011.6,3012.8,1105
2025-06-17T11:24:00+05:30,3012.7,3013.8,3012.7,3012.8,1923
2025-06-17T11:25:00+05:30,3012.8,3012.9,3011.9,3012.6,1033
2025-06-17T11:26:00+05:30,3012.5,3014.0,3012.2,3013.8,1129
2025-06-17T11:27:00+05:30,3013.8,3014.0,3012.3,3012.8,4985
2025-06-17T11:28:00+05:30,3012.8,3013.5,3012.5,3013.5,864
2025-06-17T11:29:00+05:30,3012.5,3013.2,3012.5,3013.1,586
2025-06-17T11:30:00+05:30,3013.1,3013.6,3013.1,3013.2,703
2025-06-17T11:31:00+05:30,3013.2,3014.5,3013.2,3013.9,5622
2025-06-17T11:32:00+05:30,3013.9,3014.0,3013.9,3014.0,507
2025-06-17T11:33:00+05:30,3013.9,3014.0,3013.9,3013.9,767
2025-06-17T11:34:00+05:30,3013.9,3014.0,3013.9,3014.0,1520
2025-06-17T11:35:00+05:30,3013.9,3014.0,3013.9,3013.9,643
2025-06-17T11:36:00+05:30,3013.9,3014.1,3013.3,3013.4,1156
2025-06-17T11:37:00+05:30,3013.3,3014.5,3012.1,3013.4,3883
2025-06-17T11:38:00+05:30,3013.0,3014.0,3013.0,3013.9,812
2025-06-17T11:39:00+05:30,3013.9,3015.0,3013.9,3014.2,1921
2025-06-17T11:40:00+05:30,3013.9,3016.9,3013.9,3016.8,4299
2025-06-17T11:41:00+05:30,3016.8,3017.1,3016.0,3016.4,1791
2025-06-17T11:42:00+05:30,3016.4,3016.6,3014.7,3016.4,1582
2025-06-17T11:43:00+05:30,3015.9,3016.5,3015.9,3016.5,1025
2025-06-17T11:44:00+05:30,3016.0,3018.0,3016.0,3017.9,2123
2025-06-17T11:45:00+05:30,3017.9,3018.8,3017.8,3018.3,2207
2025-06-17T11:46:00+05:30,3018.2,3019.0,3018.1,3018.8,1246
2025-06-17T11:47:00+05:30,3018.7,3019.9,3018.1,3019.6,4174
2025-06-17T11:48:00+05:30,3018.8,3019.9,3016.8,3016.9,3133
2025-06-17T11:49:00+05:30,3016.9,3019.2,3016.9,3018.4,1048
2025-06-17T11:50:00+05:30,3018.2,3018.9,3016.9,3017.3,1395
2025-06-17T11:51:00+05:30,3017.0,3018.9,3016.0,3016.2,6089
2025-06-17T11:52:00+05:30,3016.2,3016.9,3015.4,3016.8,2427
2025-06-17T11:53:00+05:30,3016.8,3016.9,3015.0,3015.4,2996
2025-06-17T11:54:00+05:30,3015.4,3016.3,3014.1,3015.1,3367
2025-06-17T11:55:00+05:30,3014.3,3016.1,3014.3,3014.9,1164
2025-06-17T11:56:00+05:30,3014.9,3016.3,3014.9,3015.0,1573
2025-06-17T11:57:00+05:30,3015.0,3015.1,3013.9,3013.9,1494
2025-06-17T11:58:00+05:30,3013.9,3014.0,3011.6,3012.0,1791
2025-06-17T11:59:00+05:30,3012.0,3013.8,3012.0,3013.4,1121
2025-06-17T12:00:00+05:30,3013.0,3014.3,3012.1,3012.6,2238
2025-06-17T12:01:00+05:30,3012.8,3013.7,3011.8,3013.4,2776
2025-06-17T12:02:00+05:30,3013.4,3015.0,3013.0,3013.3,2483
2025-06-17T12:03:00+05:30,3013.3,3013.4,3011.9,3012.6,1461
2025-06-17T12:04:00+05:30,3012.1,3012.4,3012.0,3012.2,1607
2025-06-17T12:05:00+05:30,3012.2,3013.0,3012.0,3012.8,1472
2025-06-17T12:06:00+05:30,3012.7,3014.8,3012.6,3013.0,2607
2025-06-17T12:07:00+05:30,3012.8,3014.4,3012.5,3013.7,1329
2025-06-17T12:08:00+05:30,3014.1,3015.9,3011.9,3012.8,5800
2025-06-17T12:09:00+05:30,3011.8,3014.0,3011.6,3013.4,2502
2025-06-17T12:10:00+05:30,3012.8,3014.2,3012.8,3014.1,960
2025-06-17T12:11:00+05:30,3014.1,3015.0,3014.1,3014.2,1158
2025-06-17T12:12:00+05:30,3014.2,3014.2,3012.1,3012.8,1312
2025-06-17T12:13:00+05:30,3012.7,3013.7,3011.9,3013.4,2356
2025-06-17T12:14:00+05:30,3012.5,3014.0,3011.9,3012.0,1836
2025-06-17T12:15:00+05:30,3011.9,3013.0,3011.0,3011.7,2446
2025-06-17T12:16:00+05:30,3011.7,3015.7,3011.1,3013.0,12724
2025-06-17T12:17:00+05:30,3013.0,3013.7,3012.4,3013.3,1165
2025-06-17T12:18:00+05:30,3013.3,3015.2,3013.3,3014.1,1281
2025-06-17T12:19:00+05:30,3014.1,3015.6,3014.1,3014.4,1470
2025-06-17T12:20:00+05:30,3014.4,3015.7,3013.1,3013.3,4977
2025-06-17T12:21:00+05:30,3013.0,3014.2,3011.8,3011.8,5128
2025-06-17T12:22:00+05:30,3011.8,3013.2,3011.0,3011.3,4243
2025-06-17T12:23:00+05:30,3011.3,3011.7,3009.9,3010.0,3672
2025-06-17T12:24:00+05:30,3010.0,3010.3,3009.2,3010.3,1134
2025-06-17T12:25:00+05:30,3009.4,3010.0,3008.0,3008.0,4445
2025-06-17T12:26:00+05:30,3008.0,3008.1,3006.1,3006.3,2176
2025-06-17T12:27:00+05:30,3006.3,3006.8,3005.0,3006.6,4153
2025-06-17T12:28:00+05:30,3006.6,3007.1,3005.5,3005.8,3499
2025-06-17T12:29:00+05:30,3005.9,3007.1,3005.7,3007.1,1257
2025-06-17T12:30:00+05:30,3006.0,3009.0,3005.8,3008.8,2272
2025-06-17T12:31:00+05:30,3008.6,3009.5,3006.6,3007.1,3522
2025-06-17T12:32:00+05:30,3007.0,3007.3,3005.9,3006.3,2258
2025-06-17T12:33:00+05:30,3006.5,3006.8,3005.5,3005.5,737
2025-06-17T12:34:00+05:30,3005.5,3007.2,3005.5,3005.9,1394
2025-06-17T12:35:00+05:30,3005.9,3007.2,3005.9,3006.8,3427
2025-06-17T12:36:00+05:30,3006.3,3007.0,3005.5,3007.0,6673
2025-06-17T12:37:00+05:30,3007.0,3007.9,3005.0,3007.0,5148
2025-06-17T12:38:00+05:30,3007.0,3009.1,3007.0,3008.7,1464
2025-06-17T12:39:00+05:30,3008.3,3008.4,3007.0,3007.4,1452
2025-06-17T12:40:00+05:30,3007.4,3008.7,3007.4,3007.9,697
2025-06-17T12:41:00+05:30,3007.9,3008.5,3006.3,3007.2,2982
2025-06-17T12:42:00+05:30,3007.1,3008.8,3006.1,3007.3,7456
2025-06-17T12:43:00+05:30,3007.3,3007.4,3006.0,3006.1,4035
2025-06-17T12:44:00+05:30,3006.0,3006.8,3003.1,3003.2,6904
2025-06-17T12:45:00+05:30,3003.2,3004.7,3002.0,3003.9,3367
2025-06-17T12:46:00+05:30,3003.9,3004.9,3002.2,3004.1,10144
2025-06-17T12:47:00+05:30,3002.9,3004.8,3001.2,3001.3,3275
2025-06-17T12:48:00+05:30,3001.5,3003.3,3000.6,3001.5,8061
2025-06-17T12:49:00+05:30,3001.5,3002.0,3001.1,3001.1,1862
2025-06-17T12:50:00+05:30,3001.1,3002.0,3001.1,3001.5,1050
2025-06-17T12:51:00+05:30,3001.5,3001.9,3000.0,3000.0,13100
2025-06-17T12:52:00+05:30,3000.0,3000.4,2996.0,2997.1,10249
2025-06-17T12:53:00+05:30,2997.3,2999.7,2997.1,2998.7,1964
2025-06-17T12:54:00+05:30,2998.7,2999.9,2998.0,2998.1,1299
2025-06-17T12:55:00+05:30,2998.0,2998.1,2994.0,2994.8,12991
2025-06-17T12:56:00+05:30,2994.8,2995.0,2994.0,2994.9,2489
2025-06-17T12:57:00+05:30,2994.9,2995.0,2994.1,2994.6,4899
2025-06-17T12:58:00+05:30,2994.6,2995.0,2994.1,2994.6,1442
2025-06-17T12:59:00+05:30,2994.6,2996.0,2994.6,2995.4,11020
2025-06-17T13:00:00+05:30,2995.3,2996.5,2995.0,2995.8,2354
2025-06-17T13:01:00+05:30,2995.8,2997.8,2995.7,2997.0,1078
2025-06-17T13:02:00+05:30,2996.4,2998.1,2996.3,2996.3,1806
2025-06-17T13:03:00+05:30,2996.6,2998.2,2996.0,2996.7,1905
2025-06-17T13:04:00+05:30,2996.5,2998.1,2996.5,2997.1,1123
2025-06-17T13:05:00+05:30,2997.1,2998.6,2997.0,2998.1,1046
2025-06-17T13:06:00+05:30,2998.4,3000.0,2996.0,2998.1,6957
2025-06-17T13:07:00+05:30,2998.1,2999.6,2997.8,2999.0,1580
2025-06-17T13:08:00+05:30,2999.0,3001.9,2999.0,3001.0,5220
2025-06-17T13:09:00+05:30,3000.2,3000.5,3000.0,3000.1,945
2025-06-17T13:10:00+05:30,3000.0,3001.6,3000.0,3000.7,1315
2025-06-17T13:11:00+05:30,3000.7,3000.8,3000.0,3000.0,1572
2025-06-17T13:12:00+05:30,3000.0,3001.2,2997.1,2999.0,6204
2025-06-17T13:13:00+05:30,2998.9,3000.7,2998.0,2999.6,1084
2025-06-17T13:14:00+05:30,2999.8,3000.1,2998.5,3000.1,1706
2025-06-17T13:15:00+05:30,2999.2,2999.6,2997.4,2998.6,874
2025-06-17T13:16:00+05:30,2998.7,3000.0,2998.6,2999.4,799
2025-06-17T13:17:00+05:30,2999.4,3000.6,2999.3,3000.1,1128
2025-06-17T13:18:00+05:30,3000.0,3000.3,2999.0,2999.2,683
2025-06-17T13:19:00+05:30,2999.1,3000.8,2999.0,2999.4,1160
2025-06-17T13:20:00+05:30,2999.0,2999.4,2999.0,2999.0,1127
2025-06-17T13:21:00+05:30,2999.0,3000.0,2998.6,2999.3,1231
2025-06-17T13:22:00+05:30,2999.3,3000.0,2999.3,2999.9,886
2025-06-17T13:23:00+05:30,2999.9,2999.9,2997.0,2998.0,7176
2025-06-17T13:24:00+05:30,2998.1,2999.4,2997.1,2997.5,1255
2025-06-17T13:25:00+05:30,2997.5,3000.0,2997.5,3000.0,1528
2025-06-17T13:26:00+05:30,2999.9,3001.0,2999.1,3000.2,1786
2025-06-17T13:27:00+05:30,3000.2,3001.7,3000.2,3000.5,1230
2025-06-17T13:28:00+05:30,3000.4,3001.5,3000.2,3000.6,981
2025-06-17T13:29:00+05:30,3000.8,3001.0,3000.0,3000.0,1055
2025-06-17T13:30:00+05:30,3000.1,3001.9,2999.4,3001.0,1614
2025-06-17T13:31:00+05:30,3000.4,3001.0,3000.3,3000.6,1112
2025-06-17T13:32:00+05:30,3000.4,3002.0,3000.4,3000.5,941
2025-06-17T13:33:00+05:30,3000.5,3002.5,3000.5,3001.7,1524
2025-06-17T13:34:00+05:30,3001.6,3003.0,3001.5,3001.9,1064
2025-06-17T13:35:00+05:30,3001.8,3003.0,3001.2,3001.4,1990
2025-06-17T13:36:00+05:30,3001.6,3003.0,3001.3,3001.6,999
2025-06-17T13:37:00+05:30,3001.6,3002.9,3001.6,3001.6,774
2025-06-17T13:38:00+05:30,3001.8,3003.0,3001.8,3002.9,896
2025-06-17T13:39:00+05:30,3002.9,3003.0,3002.2,3002.2,1195
2025-06-17T13:40:00+05:30,3002.2,3003.0,3002.2,3002.9,640
2025-06-17T13:41:00+05:30,3002.9,3003.0,3002.0,3002.2,1316
2025-06-17T13:42:00+05:30,3002.2,3003.0,3001.9,3003.0,1728
2025-06-17T13:43:00+05:30,3002.2,3003.0,3001.7,3002.4,1346
2025-06-17T13:44:00+05:30,3002.4,3003.5,3002.0,3003.4,768
2025-06-17T13:45:00+05:30,3003.3,3003.5,3002.2,3002.9,1096
2025-06-17T13:46:00+05:30,3002.7,3003.2,3001.9,3002.0,1252
2025-06-17T13:47:00+05:30,3002.1,3003.3,3001.9,3002.9,1180
2025-06-17T13:48:00+05:30,3002.1,3002.9,3002.0,3002.3,1089
2025-06-17T13:49:00+05:30,3002.3,3002.7,3001.5,3002.7,981
2025-06-17T13:50:00+05:30,3002.6,3003.2,3002.1,3003.1,836
2025-06-17T13:51:00+05:30,3002.9,3003.2,3002.5,3002.9,1099
2025-06-17T13:52:00+05:30,3002.9,3005.0,3002.6,3004.3,2287
2025-06-17T13:53:00+05:30,3003.5,3005.0,3003.3,3003.5,2004
2025-06-17T13:54:00+05:30,3003.5,3005.0,3003.5,3003.9,10157
2025-06-17T13:55:00+05:30,3003.9,3004.0,3002.8,3003.1,1216
2025-06-17T13:56:00+05:30,3003.1,3003.5,3002.0,3002.2,2026
2025-06-17T13:57:00+05:30,3002.1,3003.1,3000.0,3001.0,2746
2025-06-17T13:58:00+05:30,3001.0,3001.8,3001.0,3001.4,906
2025-06-17T13:59:00+05:30,3001.4,3002.3,3001.3,3002.3,1099
2025-06-17T14:00:00+05:30,3002.3,3003.0,3001.3,3001.5,2512
2025-06-17T14:01:00+05:30,3001.5,3002.4,3001.1,3002.0,1109
2025-06-17T14:02:00+05:30,3002.0,3002.6,3002.0,3002.5,1427
2025-06-17T14:03:00+05:30,3002.3,3002.5,3001.4,3002.2,3236
2025-06-17T14:04:00+05:30,3002.3,3002.6,3001.2,3001.8,2766
2025-06-17T14:05:00+05:30,3001.7,3003.6,3001.2,3002.9,1513
2025-06-17T14:06:00+05:30,3002.9,3003.0,3001.2,3002.4,1894
2025-06-17T14:07:00+05:30,3001.8,3003.2,3001.8,3002.5,1045
2025-06-17T14:08:00+05:30,3002.1,3002.5,3000.0,3000.3,2425
2025-06-17T14:09:00+05:30,3000.5,3003.0,3000.3,3003.0,1975
2025-06-17T14:10:00+05:30,3002.7,3004.3,3002.7,3003.7,1806
2025-06-17T14:11:00+05:30,3003.5,3004.7,3003.5,3003.9,5400
2025-06-17T14:12:00+05:30,3003.9,3004.4,3002.3,3004.2,2949
2025-06-17T14:13:00+05:30,3004.4,3004.5,3002.8,3003.9,1619
2025-06-17T14:14:00+05:30,3003.9,3005.0,3003.9,3004.7,1596
2025-06-17T14:15:00+05:30,3004.4,3005.0,3004.3,3004.9,1588
2025-06-17T14:16:00+05:30,3004.7,3005.0,3004.5,3005.0,2172
2025-06-17T14:17:00+05:30,3004.7,3005.0,3004.1,3004.4,1425
2025-06-17T14:18:00+05:30,3004.4,3005.0,3004.0,3004.2,1309
2025-06-17T14:19:00+05:30,3004.2,3005.0,3003.6,3004.4,1951
2025-06-17T14:20:00+05:30,3004.4,3005.0,3003.5,3003.6,2003
2025-06-17T14:21:00+05:30,3003.6,3004.7,3003.1,3004.3,2261
2025-06-17T14:22:00+05:30,3003.6,3004.6,3003.1,3004.6,1497
2025-06-17T14:23:00+05:30,3003.9,3005.0,3003.5,3005.0,1510
2025-06-17T14:24:00+05:30,3004.7,3005.4,3004.1,3005.0,5440
2025-06-17T14:25:00+05:30,3005.1,3007.1,3005.0,3005.2,2525
2025-06-17T14:26:00+05:30,3005.2,3006.1,3003.7,3005.0,3747
2025-06-17T14:27:00+05:30,3005.0,3007.4,3005.0,3005.0,4227
2025-06-17T14:28:00+05:30,3005.0,3006.5,3005.0,3005.9,2070
2025-06-17T14:29:00+05:30,3005.9,3006.5,3005.0,3005.0,2533
2025-06-17T14:30:00+05:30,3005.1,3006.0,3005.0,3005.0,1463
2025-06-17T14:31:00+05:30,3005.1,3007.0,3005.0,3005.3,1639
2025-06-17T14:32:00+05:30,3005.3,3006.4,3005.0,3005.0,1832
2025-06-17T14:33:00+05:30,3005.0,3006.3,3005.0,3005.1,1580
2025-06-17T14:34:00+05:30,3005.0,3006.1,3005.0,3005.0,2358
2025-06-17T14:35:00+05:30,3005.0,3006.0,3004.5,3004.8,4141
2025-06-17T14:36:00+05:30,3004.8,3005.3,3003.4,3004.3,2552
2025-06-17T14:37:00+05:30,3004.4,3005.4,3003.0,3003.4,3367
2025-06-17T14:38:00+05:30,3003.7,3005.8,3003.4,3005.0,3251
2025-06-17T14:39:00+05:30,3005.1,3006.0,3003.5,3004.6,3343
2025-06-17T14:40:00+05:30,3004.5,3005.3,3003.0,3004.4,3053
2025-06-17T14:41:00+05:30,3004.4,3005.7,3003.1,3005.0,2740
2025-06-17T14:42:00+05:30,3004.7,3005.7,3003.4,3005.0,2389
2025-06-17T14:43:00+05:30,3005.0,3006.0,3004.1,3006.0,3003
2025-06-17T14:44:00+05:30,3006.2,3007.0,3005.9,3006.6,1671
2025-06-17T14:45:00+05:30,3006.5,3007.0,3006.1,3006.1,1654
2025-06-17T14:46:00+05:30,3006.3,3007.5,3005.0,3006.6,2577
2025-06-17T14:47:00+05:30,3006.7,3007.1,3005.0,3006.0,4728
2025-06-17T14:48:00+05:30,3006.1,3007.1,3006.0,3006.2,1577
2025-06-17T14:49:00+05:30,3006.3,3007.2,3006.0,3006.6,1379
2025-06-17T14:50:00+05:30,3006.6,3007.0,3006.3,3006.8,1430
2025-06-17T14:51:00+05:30,3006.8,3007.0,3006.1,3006.5,1801
2025-06-17T14:52:00+05:30,3006.5,3008.0,3006.0,3007.3,4114
2025-06-17T14:53:00+05:30,3007.3,3007.8,3006.0,3006.4,4519
2025-06-17T14:54:00+05:30,3006.4,3007.2,3004.7,3005.3,5289
2025-06-17T14:55:00+05:30,3005.1,3006.5,3004.1,3004.1,2140
2025-06-17T14:56:00+05:30,3004.2,3006.1,3004.0,3005.0,5581
2025-06-17T14:57:00+05:30,3005.0,3006.0,3005.0,3005.0,3489
2025-06-17T14:58:00+05:30,3005.0,3007.2,3004.3,3004.5,7940
2025-06-17T14:59:00+05:30,3004.3,3007.0,3003.2,3005.3,5488
2025-06-17T15:00:00+05:30,3005.3,3008.9,3005.2,3007.6,10343
2025-06-17T15:01:00+05:30,3007.6,3010.0,3004.5,3005.0,27252
2025-06-17T15:02:00+05:30,3005.0,3009.0,3004.2,3008.3,10421
2025-06-17T15:03:00+05:30,3008.2,3012.7,3008.2,3008.8,26987
2025-06-17T15:04:00+05:30,3009.0,3009.3,3007.1,3007.2,9558
2025-06-17T15:05:00+05:30,3007.1,3009.3,3007.1,3009.0,6490
2025-06-17T15:06:00+05:30,3009.0,3010.0,3007.2,3008.1,13424
2025-06-17T15:07:00+05:30,3008.1,3011.0,3008.0,3010.4,10116
2025-06-17T15:08:00+05:30,3010.4,3011.0,3009.1,3010.0,17459
2025-06-17T15:09:00+05:30,3009.9,3010.3,3006.8,3007.3,16608
2025-06-17T15:10:00+05:30,3007.3,3009.8,3004.1,3006.6,26423
2025-06-17T15:11:00+05:30,3006.5,3009.6,3005.7,3009.1,13300
2025-06-17T15:12:00+05:30,3009.0,3010.1,3008.2,3009.3,22488
2025-06-17T15:13:00+05:30,3009.3,3009.3,3007.6,3008.8,10569
2025-06-17T15:14:00+05:30,3008.9,3010.4,3007.0,3009.7,26481
2025-06-17T15:15:00+05:30,3009.4,3009.7,3006.2,3008.0,12488
2025-06-17T15:16:00+05:30,3008.0,3010.0,3005.0,3009.5,27550
2025-06-17T15:17:00+05:30,3009.4,3010.0,3007.9,3009.5,14069
2025-06-17T15:18:00+05:30,3009.5,3009.5,3007.2,3007.8,13255
2025-06-17T15:19:00+05:30,3007.9,3007.9,3003.6,3005.0,19746
2025-06-17T15:20:00+05:30,3005.8,3008.4,3005.0,3007.7,9137
2025-06-17T15:21:00+05:30,3007.7,3008.8,3005.0,3005.9,7971
2025-06-17T15:22:00+05:30,3005.9,3006.5,3005.0,3006.3,8751
2025-06-17T15:23:00+05:30,3006.3,3006.5,3003.1,3004.0,13425
2025-06-17T15:24:00+05:30,3004.0,3004.0,3001.1,3002.2,9648
2025-06-17T15:25:00+05:30,3002.1,3002.6,3000.0,3001.5,15213
2025-06-17T15:26:00+05:30,3001.4,3001.4,2998.6,2998.8,9149
2025-06-17T15:27:00+05:30,2998.6,3001.0,2998.0,3000.5,8497
2025-06-17T15:28:00+05:30,3000.5,3007.3,2998.8,3007.0,7113
2025-06-17T15:29:00+05:30,3006.0,3009.0,3005.0,3008.0,2082
2025-06-18T09:15:00+05:30,2999.8,2999.9,2988.5,2988.7,25198
2025-06-18T09:16:00+05:30,2988.7,3002.2,2986.6,3002.2,34934
2025-06-18T09:17:00+05:30,3002.7,3004.5,2999.4,3000.1,9683
2025-06-18T09:18:00+05:30,3000.1,3006.4,2999.4,3005.6,5602
2025-06-18T09:19:00+05:30,3005.3,3014.0,3005.3,3013.9,7520
2025-06-18T09:20:00+05:30,3013.7,3023.0,3012.9,3022.7,17827
2025-06-18T09:21:00+05:30,3021.4,3027.4,3021.3,3025.4,13392
2025-06-18T09:22:00+05:30,3024.8,3033.0,3024.8,3032.9,11062
2025-06-18T09:23:00+05:30,3032.9,3037.9,3032.4,3034.5,12181
2025-06-18T09:24:00+05:30,3034.3,3039.3,3033.6,3039.3,8896
2025-06-18T09:25:00+05:30,3039.0,3043.7,3035.2,3043.5,19261
2025-06-18T09:26:00+05:30,3043.5,3046.0,3042.9,3045.6,18064
2025-06-18T09:27:00+05:30,3045.0,3051.0,3044.7,3051.0,18541
2025-06-18T09:28:00+05:30,3051.0,3051.0,3045.2,3048.9,20444
2025-06-18T09:29:00+05:30,3048.9,3053.0,3047.3,3051.2,20122
2025-06-18T09:30:00+05:30,3051.2,3051.9,3048.0,3048.8,12285
2025-06-18T09:31:00+05:30,3048.5,3054.9,3048.5,3054.0,13814
2025-06-18T09:32:00+05:30,3054.2,3056.8,3053.8,3056.2,15696
2025-06-18T09:33:00+05:30,3056.2,3058.7,3055.0,3057.5,11033
2025-06-18T09:34:00+05:30,3057.0,3063.8,3056.7,3062.4,23643
2025-06-18T09:35:00+05:30,3062.4,3067.7,3061.3,3066.9,18048
2025-06-18T09:36:00+05:30,3066.9,3067.4,3061.9,3062.4,11640
2025-06-18T09:37:00+05:30,3062.4,3064.0,3060.0,3064.0,7322
2025-06-18T09:38:00+05:30,3064.0,3064.9,3060.8,3062.5,7075
2025-06-18T09:39:00+05:30,3062.0,3064.6,3061.8,3063.6,6432
2025-06-18T09:40:00+05:30,3063.6,3065.0,3062.5,3064.9,3234
2025-06-18T09:41:00+05:30,3064.9,3066.0,3063.5,3065.8,12926
2025-06-18T09:42:00+05:30,3065.9,3066.9,3062.6,3063.0,18752
2025-06-18T09:43:00+05:30,3062.6,3063.0,3057.9,3060.7,19417
2025-06-18T09:44:00+05:30,3059.7,3063.1,3059.4,3060.0,11194
2025-06-18T09:45:00+05:30,3059.9,3063.0,3059.7,3062.9,12389
2025-06-18T09:46:00+05:30,3062.8,3063.0,3061.0,3061.6,6508
2025-06-18T09:47:00+05:30,3061.6,3069.0,3061.6,3067.5,13616
2025-06-18T09:48:00+05:30,3067.5,3067.9,3063.3,3065.6,9928
2025-06-18T09:49:00+05:30,3065.6,3066.2,3063.1,3064.9,7418
2025-06-18T09:50:00+05:30,3064.9,3067.0,3064.5,3065.6,5382
2025-06-18T09:51:00+05:30,3064.6,3067.0,3063.0,3063.8,5926
2025-06-18T09:52:00+05:30,3063.4,3064.8,3062.0,3064.0,4660
2025-06-18T09:53:00+05:30,3063.0,3065.5,3061.3,3065.2,2836
2025-06-18T09:54:00+05:30,3065.2,3065.5,3062.5,3063.3,3546
2025-06-18T09:55:00+05:30,3063.3,3063.5,3057.7,3063.4,14870
2025-06-18T09:56:00+05:30,3063.4,3064.8,3061.3,3063.3,7405
2025-06-18T09:57:00+05:30,3064.0,3065.6,3063.0,3064.0,3453
2025-06-18T09:58:00+05:30,3063.1,3065.0,3062.6,3065.0,3070
2025-06-18T09:59:00+05:30,3064.5,3067.0,3064.3,3067.0,6912
2025-06-18T10:00:00+05:30,3066.6,3069.9,3066.6,3067.0,10396
2025-06-18T10:01:00+05:30,3067.0,3068.6,3063.5,3064.4,6780
2025-06-18T10:02:00+05:30,3064.4,3064.4,3063.1,3063.5,3674
2025-06-18T10:03:00+05:30,3063.1,3064.2,3062.4,3064.0,4188
2025-06-18T10:04:00+05:30,3063.9,3067.2,3063.2,3067.2,7499
2025-06-18T10:05:00+05:30,3067.3,3067.8,3063.1,3063.9,6999
2025-06-18T10:06:00+05:30,3063.8,3067.0,3063.2,3064.0,11052
2025-06-18T10:07:00+05:30,3064.0,3067.0,3064.0,3066.7,4475
2025-06-18T10:08:00+05:30,3066.7,3066.7,3060.0,3060.7,6683
2025-06-18T10:09:00+05:30,3060.7,3063.4,3059.0,3063.0,7025
2025-06-18T10:10:00+05:30,3062.9,3065.5,3061.7,3062.9,2565
2025-06-18T10:11:00+05:30,3063.0,3063.9,3061.5,3063.9,2102
2025-06-18T10:12:00+05:30,3063.5,3064.0,3062.3,3063.9,2158
2025-06-18T10:13:00+05:30,3063.7,3067.0,3062.8,3066.9,5913
2025-06-18T10:14:00+05:30,3066.9,3067.0,3064.4,3067.0,4207
2025-06-18T10:15:00+05:30,3066.2,3068.0,3066.1,3068.0,5103
2025-06-18T10:16:00+05:30,3068.0,3073.0,3067.8,3073.0,23701
2025-06-18T10:17:00+05:30,3072.5,3074.9,3071.5,3072.7,11679
2025-06-18T10:18:00+05:30,3072.0,3073.3,3069.5,3069.9,7692
2025-06-18T10:19:00+05:30,3069.9,3070.0,3067.0,3067.8,3274
2025-06-18T10:20:00+05:30,3067.5,3067.8,3062.1,3064.5,6033
2025-06-18T10:21:00+05:30,3063.5,3067.4,3063.2,3066.9,5124
2025-06-18T10:22:00+05:30,3066.9,3069.4,3066.4,3066.6,5276
2025-06-18T10:23:00+05:30,3066.6,3066.6,3064.1,3064.9,4758
2025-06-18T10:24:00+05:30,3064.9,3067.3,3064.4,3065.2,3930
2025-06-18T10:25:00+05:30,3065.2,3065.9,3062.1,3063.1,3521
2025-06-18T10:26:00+05:30,3062.7,3063.1,3062.0,3062.1,3292
2025-06-18T10:27:00+05:30,3062.1,3062.9,3061.0,3062.9,3295
2025-06-18T10:28:00+05:30,3063.0,3064.1,3061.3,3061.3,3485
2025-06-18T10:29:00+05:30,3061.6,3062.1,3060.4,3062.1,3192
2025-06-18T10:30:00+05:30,3062.7,3063.5,3061.0,3061.6,2397
2025-06-18T10:31:00+05:30,3061.0,3061.6,3060.5,3061.0,2141
2025-06-18T10:32:00+05:30,3061.0,3061.2,3055.0,3055.7,12978
2025-06-18T10:33:00+05:30,3055.0,3056.8,3053.4,3055.3,10237
2025-06-18T10:34:00+05:30,3055.0,3055.1,3050.1,3051.5,11968
2025-06-18T10:35:00+05:30,3051.5,3051.5,3048.4,3049.6,10927
2025-06-18T10:36:00+05:30,3049.6,3049.6,3046.6,3047.7,5970
2025-06-18T10:37:00+05:30,3046.7,3048.2,3046.0,3046.4,4216
2025-06-18T10:38:00+05:30,3046.4,3051.3,3046.0,3051.0,9559
2025-06-18T10:39:00+05:30,3050.8,3053.7,3050.8,3053.4,5471
2025-06-18T10:40:00+05:30,3053.4,3057.3,3053.0,3055.3,5238
2025-06-18T10:41:00+05:30,3055.1,3055.1,3053.1,3055.0,2643
2025-06-18T10:42:00+05:30,3055.0,3055.0,3048.8,3049.7,9856
2025-06-18T10:43:00+05:30,3049.0,3050.0,3048.3,3049.7,2106
2025-06-18T10:44:00+05:30,3049.7,3050.0,3048.3,3050.0,3336
2025-06-18T10:45:00+05:30,3049.9,3051.6,3049.5,3051.6,18631
2025-06-18T10:46:00+05:30,3051.6,3053.0,3050.1,3051.1,4313
2025-06-18T10:47:00+05:30,3051.1,3051.9,3050.6,3051.9,1548
2025-06-18T10:48:00+05:30,3051.9,3052.0,3047.0,3048.6,5539
2025-06-18T10:49:00+05:30,3048.6,3050.4,3048.0,3049.8,2452
2025-06-18T10:50:00+05:30,3049.8,3050.9,3048.2,3050.5,2354
2025-06-18T10:51:00+05:30,3050.2,3051.0,3048.8,3049.0,2119
2025-06-18T10:52:00+05:30,3048.9,3049.0,3048.0,3048.3,6331
2025-06-18T10:53:00+05:30,3048.3,3050.0,3048.3,3049.2,1771
2025-06-18T10:54:00+05:30,3049.2,3050.0,3048.1,3049.5,7589
2025-06-18T10:55:00+05:30,3048.9,3051.9,3048.9,3051.9,17123
2025-06-18T10:56:00+05:30,3051.1,3052.5,3050.3,3051.5,1967
2025-06-18T10:57:00+05:30,3051.5,3052.3,3050.2,3052.1,3520
2025-06-18T10:58:00+05:30,3052.1,3053.2,3049.3,3052.1,22092
2025-06-18T10:59:00+05:30,3052.1,3053.9,3051.5,3053.9,2433
2025-06-18T11:00:00+05:30,3053.9,3054.2,3053.1,3054.2,1736
2025-06-18T11:01:00+05:30,3054.5,3054.9,3054.3,3054.9,2982
2025-06-18T11:02:00+05:30,3054.9,3056.4,3050.0,3056.4,26230
2025-06-18T11:03:00+05:30,3056.2,3056.3,3054.0,3054.5,2821
2025-06-18T11:04:00+05:30,3054.0,3055.3,3053.5,3055.3,4268
2025-06-18T11:05:00+05:30,3054.9,3054.9,3052.1,3053.1,1982
2025-06-18T11:06:00+05:30,3053.0,3053.9,3052.5,3053.7,1349
2025-06-18T11:07:00+05:30,3052.6,3053.7,3051.9,3053.0,1595
2025-06-18T11:08:00+05:30,3052.5,3053.0,3052.1,3052.7,2394
2025-06-18T11:09:00+05:30,3052.7,3053.0,3052.0,3053.0,1728
2025-06-18T11:10:00+05:30,3053.0,3053.5,3052.2,3053.5,6018
2025-06-18T11:11:00+05:30,3053.0,3053.5,3051.1,3052.5,2249
2025-06-18T11:12:00+05:30,3051.5,3052.5,3049.8,3050.0,6970
2025-06-18T11:13:00+05:30,3049.9,3050.0,3049.1,3050.0,2653
2025-06-18T11:14:00+05:30,3049.9,3051.5,3049.9,3051.5,5091
2025-06-18T11:15:00+05:30,3051.4,3051.5,3050.5,3051.5,1727
2025-06-18T11:16:00+05:30,3051.5,3051.5,3049.4,3050.0,2296
2025-06-18T11:17:00+05:30,3049.9,3050.0,3049.3,3049.6,1297
2025-06-18T11:18:00+05:30,3049.6,3049.8,3045.0,3047.3,8331
2025-06-18T11:19:00+05:30,3047.3,3047.3,3044.1,3044.2,13193
2025-06-18T11:20:00+05:30,3044.2,3045.5,3044.0,3045.1,1496
2025-06-18T11:21:00+05:30,3045.1,3045.1,3042.6,3043.9,3813
2025-06-18T11:22:00+05:30,3043.6,3043.9,3041.8,3042.0,2560
2025-06-18T11:23:00+05:30,3042.1,3043.5,3041.8,3042.1,2338
2025-06-18T11:24:00+05:30,3041.6,3042.4,3041.4,3042.4,637
2025-06-18T11:25:00+05:30,3042.3,3042.3,3039.7,3040.2,9663
2025-06-18T11:26:00+05:30,3040.5,3040.8,3039.1,3039.3,2284
2025-06-18T11:27:00+05:30,3039.3,3039.5,3036.8,3038.5,4885
2025-06-18T11:28:00+05:30,3039.0,3040.3,3036.9,3036.9,2509
2025-06-18T11:29:00+05:30,3038.2,3038.4,3034.2,3037.0,53943
2025-06-18T11:30:00+05:30,3036.9,3037.4,3033.6,3037.2,2981
2025-06-18T11:31:00+05:30,3037.3,3038.8,3036.0,3036.6,1471
2025-06-18T11:32:00+05:30,3036.6,3036.8,3033.6,3035.9,2147
2025-06-18T11:33:00+05:30,3035.2,3036.1,3032.5,3033.5,2760
2025-06-18T11:34:00+05:30,3034.5,3035.7,3032.6,3035.6,2146
2025-06-18T11:35:00+05:30,3035.3,3035.5,3033.8,3033.8,2465
2025-06-18T11:36:00+05:30,3033.8,3034.1,3031.2,3032.0,2604
2025-06-18T11:37:00+05:30,3031.9,3033.9,3031.0,3033.9,2674
2025-06-18T11:38:00+05:30,3033.9,3035.0,3033.3,3034.5,3677
2025-06-18T11:39:00+05:30,3035.0,3039.2,3034.5,3037.5,5406
2025-06-18T11:40:00+05:30,3037.5,3039.7,3036.4,3039.1,2233
2025-06-18T11:41:00+05:30,3039.0,3042.9,3038.7,3041.3,7112
2025-06-18T11:42:00+05:30,3041.6,3043.9,3041.3,3042.3,2979
2025-06-18T11:43:00+05:30,3043.0,3043.0,3040.2,3041.3,1565
2025-06-18T11:44:00+05:30,3041.5,3042.7,3039.0,3042.7,2585
2025-06-18T11:45:00+05:30,3042.0,3042.7,3040.0,3041.5,1255
2025-06-18T11:46:00+05:30,3041.5,3042.0,3038.2,3039.3,1909
2025-06-18T11:47:00+05:30,3039.8,3040.5,3038.6,3040.5,979
2025-06-18T11:48:00+05:30,3040.5,3040.5,3038.6,3039.9,888
2025-06-18T11:49:00+05:30,3039.5,3041.5,3039.5,3041.1,1020
2025-06-18T11:50:00+05:30,3040.7,3041.3,3039.4,3040.7,2055
2025-06-18T11:51:00+05:30,3040.7,3041.0,3039.2,3039.7,1067
2025-06-18T11:52:00+05:30,3039.7,3040.5,3039.1,3040.4,735
2025-06-18T11:53:00+05:30,3040.3,3040.4,3038.9,3039.6,1058
2025-06-18T11:54:00+05:30,3038.9,3040.0,3038.5,3040.0,1191
2025-06-18T11:55:00+05:30,3039.9,3041.3,3039.4,3040.6,1557
2025-06-18T11:56:00+05:30,3040.4,3041.4,3039.5,3041.4,834
2025-06-18T11:57:00+05:30,3041.4,3041.8,3040.0,3040.9,1746
2025-06-18T11:58:00+05:30,3040.1,3040.9,3040.0,3040.0,682
2025-06-18T11:59:00+05:30,3040.1,3040.5,3040.0,3040.0,1183
2025-06-18T12:00:00+05:30,3040.0,3041.9,3039.7,3041.9,1132
2025-06-18T12:01:00+05:30,3041.3,3041.6,3039.1,3039.1,1454
2025-06-18T12:02:00+05:30,3039.9,3041.6,3039.1,3041.6,749
2025-06-18T12:03:00+05:30,3041.9,3043.5,3040.5,3042.0,3406
2025-06-18T12:04:00+05:30,3041.9,3043.4,3041.2,3042.6,814
2025-06-18T12:05:00+05:30,3042.7,3044.1,3035.0,3044.1,109457
2025-06-18T12:06:00+05:30,3044.3,3046.1,3043.7,3046.1,3187
2025-06-18T12:07:00+05:30,3046.1,3046.5,3044.5,3046.5,3490
2025-06-18T12:08:00+05:30,3046.4,3048.0,3046.4,3047.9,4115
2025-06-18T12:09:00+05:30,3047.9,3048.6,3047.0,3047.7,2269
2025-06-18T12:10:00+05:30,3047.7,3047.7,3045.5,3046.5,1141
2025-06-18T12:11:00+05:30,3046.0,3046.6,3041.1,3041.7,2023
2025-06-18T12:12:00+05:30,3041.3,3042.1,3041.0,3041.9,5689
2025-06-18T12:13:00+05:30,3042.0,3042.0,3041.9,3042.0,1168
2025-06-18T12:14:00+05:30,3042.0,3042.3,3040.9,3042.2,2676
2025-06-18T12:15:00+05:30,3042.3,3042.9,3042.3,3042.9,1223
2025-06-18T12:16:00+05:30,3042.9,3042.9,3041.5,3041.5,871
2025-06-18T12:17:00+05:30,3042.8,3042.8,3040.3,3040.9,1035
2025-06-18T12:18:00+05:30,3041.0,3042.0,3040.0,3042.0,2355
2025-06-18T12:19:00+05:30,3042.0,3042.0,3040.0,3040.0,2081
2025-06-18T12:20:00+05:30,3040.3,3041.7,3037.7,3041.6,3591
2025-06-18T12:21:00+05:30,3041.2,3041.6,3039.8,3041.1,772
2025-06-18T12:22:00+05:30,3041.0,3041.1,3037.9,3038.4,1450
2025-06-18T12:23:00+05:30,3038.7,3040.4,3038.1,3040.0,1062
2025-06-18T12:24:00+05:30,3040.0,3041.9,3038.7,3039.9,1827
2025-06-18T12:25:00+05:30,3039.9,3041.8,3039.9,3040.8,898
2025-06-18T12:26:00+05:30,3040.7,3041.1,3039.2,3039.3,1031
2025-06-18T12:27:00+05:30,3039.4,3040.6,3038.3,3039.6,3029
2025-06-18T12:28:00+05:30,3039.5,3040.9,3039.5,3040.0,11884
2025-06-18T12:29:00+05:30,3039.9,3040.0,3038.8,3040.0,1249
2025-06-18T12:30:00+05:30,3040.0,3040.1,3039.1,3040.1,555
2025-06-18T12:31:00+05:30,3040.0,3040.1,3039.3,3040.0,955
2025-06-18T12:32:00+05:30,3040.0,3041.4,3038.4,3041.4,1543
2025-06-18T12:33:00+05:30,3041.5,3042.2,3040.8,3041.4,939
2025-06-18T12:34:00+05:30,3041.7,3042.9,3041.4,3042.6,1513
2025-06-18T12:35:00+05:30,3042.6,3042.9,3042.2,3042.4,1774
2025-06-18T12:36:00+05:30,3042.4,3042.4,3038.8,3038.8,2289
2025-06-18T12:37:00+05:30,3039.0,3039.8,3038.5,3039.1,1017
2025-06-18T12:38:00+05:30,3039.3,3040.0,3037.0,3039.8,1814
2025-06-18T12:39:00+05:30,3039.9,3040.0,3038.9,3040.0,661
2025-06-18T12:40:00+05:30,3039.9,3040.0,3038.3,3039.0,1737
2025-06-18T12:41:00+05:30,3039.3,3039.9,3038.5,3039.7,854
2025-06-18T12:42:00+05:30,3039.1,3039.9,3038.5,3038.9,1673
2025-06-18T12:43:00+05:30,3038.7,3039.0,3037.2,3037.8,1844
2025-06-18T12:44:00+05:30,3037.2,3038.9,3036.3,3036.3,1422
2025-06-18T12:45:00+05:30,3036.3,3036.9,3035.0,3035.7,3029
2025-06-18T12:46:00+05:30,3035.7,3037.0,3035.4,3036.4,1683
2025-06-18T12:47:00+05:30,3036.5,3037.5,3036.2,3037.0,1513
2025-06-18T12:48:00+05:30,3037.4,3037.4,3035.4,3036.1,3399
2025-06-18T12:49:00+05:30,3036.1,3036.1,3032.9,3034.8,4118
2025-06-18T12:50:00+05:30,3034.8,3036.3,3032.8,3036.0,2590
2025-06-18T12:51:00+05:30,3036.6,3037.4,3034.6,3035.8,3083
2025-06-18T12:52:00+05:30,3035.8,3037.0,3033.8,3036.9,3134
2025-06-18T12:53:00+05:30,3037.0,3037.0,3036.2,3037.0,641
2025-06-18T12:54:00+05:30,3037.0,3037.5,3036.2,3036.6,1303
2025-06-18T12:55:00+05:30,3036.2,3037.1,3035.3,3036.8,2019
2025-06-18T12:56:00+05:30,3036.8,3037.3,3035.0,3037.3,2366
2025-06-18T12:57:00+05:30,3037.3,3037.9,3037.0,3037.5,3182
2025-06-18T12:58:00+05:30,3037.5,3037.5,3037.0,3037.5,932
2025-06-18T12:59:00+05:30,3037.4,3037.7,3035.4,3036.7,1330
2025-06-18T13:00:00+05:30,3036.7,3038.9,3034.3,3038.6,4783
2025-06-18T13:01:00+05:30,3038.0,3042.8,3038.0,3042.8,6453
2025-06-18T13:02:00+05:30,3042.0,3045.5,3040.3,3045.0,4735
2025-06-18T13:03:00+05:30,3045.0,3045.9,3041.8,3041.8,4104
2025-06-18T13:04:00+05:30,3042.0,3044.4,3041.8,3044.0,692
2025-06-18T13:05:00+05:30,3044.0,3045.0,3043.1,3044.3,1299
2025-06-18T13:06:00+05:30,3044.3,3046.1,3043.3,3045.8,922
2025-06-18T13:07:00+05:30,3045.9,3046.1,3045.0,3046.1,883
2025-06-18T13:08:00+05:30,3046.0,3046.1,3045.0,3045.4,1139
2025-06-18T13:09:00+05:30,3045.4,3046.1,3044.2,3046.1,1272
2025-06-18T13:10:00+05:30,3046.1,3049.5,3045.8,3049.5,5330
2025-06-18T13:11:00+05:30,3049.3,3050.3,3049.3,3050.2,4665
2025-06-18T13:12:00+05:30,3050.4,3051.2,3050.3,3051.2,2946
2025-06-18T13:13:00+05:30,3051.1,3051.9,3050.4,3050.4,2566
2025-06-18T13:14:00+05:30,3051.0,3051.0,3049.5,3050.3,1964
2025-06-18T13:15:00+05:30,3050.7,3052.8,3050.7,3051.8,2225
2025-06-18T13:16:00+05:30,3052.4,3052.9,3039.7,3046.6,29239
2025-06-18T13:17:00+05:30,3047.1,3047.7,3044.7,3046.1,4207
2025-06-18T13:18:00+05:30,3046.2,3049.4,3046.2,3046.9,2664
2025-06-18T13:19:00+05:30,3046.9,3048.8,3046.9,3048.2,1425
2025-06-18T13:20:00+05:30,3048.2,3049.4,3047.5,3048.8,1119
2025-06-18T13:21:00+05:30,3049.4,3050.1,3039.6,3044.6,28371
2025-06-18T13:22:00+05:30,3044.8,3048.5,3043.7,3047.0,3068
2025-06-18T13:23:00+05:30,3046.9,3048.1,3041.2,3041.2,2644
2025-06-18T13:24:00+05:30,3041.8,3042.0,3041.0,3042.0,1237
2025-06-18T13:25:00+05:30,3042.0,3042.0,3041.6,3042.0,1681
2025-06-18T13:26:00+05:30,3041.9,3042.0,3041.9,3042.0,869
2025-06-18T13:27:00+05:30,3042.0,3042.0,3040.0,3040.5,1516
2025-06-18T13:28:00+05:30,3040.5,3041.0,3039.1,3039.5,1555
2025-06-18T13:29:00+05:30,3039.1,3039.8,3038.0,3038.2,1764
2025-06-18T13:30:00+05:30,3038.0,3039.9,3038.0,3038.9,1309
2025-06-18T13:31:00+05:30,3038.6,3039.8,3038.1,3039.5,1247
2025-06-18T13:32:00+05:30,3039.5,3040.0,3039.3,3039.9,911
2025-06-18T13:33:00+05:30,3039.8,3040.0,3039.0,3039.5,879
2025-06-18T13:34:00+05:30,3039.8,3040.0,3039.1,3039.4,1235
2025-06-18T13:35:00+05:30,3039.3,3040.0,3039.1,3039.1,1122
2025-06-18T13:36:00+05:30,3039.4,3040.0,3039.0,3039.5,1909
2025-06-18T13:37:00+05:30,3039.5,3040.0,3039.5,3040.0,830
2025-06-18T13:38:00+05:30,3040.0,3040.0,3039.2,3039.2,786
2025-06-18T13:39:00+05:30,3039.2,3040.0,3038.6,3038.8,1357
2025-06-18T13:40:00+05:30,3038.6,3040.0,3038.1,3038.4,3509
2025-06-18T13:41:00+05:30,3039.6,3039.8,3038.0,3038.6,1386
2025-06-18T13:42:00+05:30,3039.5,3039.7,3038.0,3038.0,1058
2025-06-18T13:43:00+05:30,3038.0,3038.3,3035.8,3036.1,3005
2025-06-18T13:44:00+05:30,3036.1,3037.6,3035.9,3035.9,973
2025-06-18T13:45:00+05:30,3036.2,3037.5,3035.7,3036.2,1169
2025-06-18T13:46:00+05:30,3036.4,3037.0,3035.5,3036.4,1115
2025-06-18T13:47:00+05:30,3036.3,3037.0,3034.1,3034.3,1451
2025-06-18T13:48:00+05:30,3035.0,3036.0,3034.4,3035.8,920
2025-06-18T13:49:00+05:30,3036.0,3036.0,3033.8,3033.9,2831
2025-06-18T13:50:00+05:30,3033.9,3034.5,3032.0,3032.0,2519
2025-06-18T13:51:00+05:30,3032.0,3034.6,3032.0,3034.4,2398
2025-06-18T13:52:00+05:30,3033.9,3034.2,3032.4,3032.9,1636
2025-06-18T13:53:00+05:30,3033.1,3035.1,3030.6,3031.0,5541
2025-06-18T13:54:00+05:30,3030.6,3031.0,3028.9,3030.0,12080
2025-06-18T13:55:00+05:30,3030.0,3030.5,3029.3,3030.4,3911
2025-06-18T13:56:00+05:30,3030.3,3030.5,3030.1,3030.3,2926
2025-06-18T13:57:00+05:30,3030.5,3030.5,3029.6,3030.2,1661
2025-06-18T13:58:00+05:30,3030.1,3030.8,3030.0,3030.6,889
2025-06-18T13:59:00+05:30,3030.8,3033.8,3029.7,3033.8,4007
2025-06-18T14:00:00+05:30,3033.9,3035.5,3033.3,3034.9,2673
2025-06-18T14:01:00+05:30,3034.9,3035.3,3032.3,3034.6,1327
2025-06-18T14:02:00+05:30,3034.6,3035.8,3033.2,3034.9,1509
2025-06-18T14:03:00+05:30,3034.6,3036.8,3034.3,3036.8,2458
2025-06-18T14:04:00+05:30,3035.7,3036.9,3034.7,3035.8,1347
2025-06-18T14:05:00+05:30,3035.9,3035.9,3034.7,3035.7,1148
2025-06-18T14:06:00+05:30,3035.7,3037.5,3034.7,3037.0,1623
2025-06-18T14:07:00+05:30,3037.0,3038.3,3036.1,3038.3,1619
2025-06-18T14:08:00+05:30,3038.5,3039.2,3037.3,3038.6,2254
2025-06-18T14:09:00+05:30,3038.6,3039.0,3036.0,3036.5,3906
2025-06-18T14:10:00+05:30,3036.0,3037.0,3035.0,3035.7,1295
2025-06-18T14:11:00+05:30,3036.2,3037.0,3035.3,3035.9,1133
2025-06-18T14:12:00+05:30,3036.0,3036.7,3029.9,3033.5,24782
2025-06-18T14:13:00+05:30,3033.8,3034.7,3032.1,3034.2,2389
2025-06-18T14:14:00+05:30,3033.9,3035.0,3032.8,3032.8,2245
2025-06-18T14:15:00+05:30,3033.7,3034.0,3030.8,3031.4,1716
2025-06-18T14:16:00+05:30,3031.7,3032.5,3030.9,3031.8,1063
2025-06-18T14:17:00+05:30,3031.9,3032.4,3031.1,3031.3,854
2025-06-18T14:18:00+05:30,3031.7,3033.2,3031.3,3032.8,1235
2025-06-18T14:19:00+05:30,3032.5,3033.9,3032.5,3032.9,952
2025-06-18T14:20:00+05:30,3033.0,3034.7,3032.9,3033.8,1244
2025-06-18T14:21:00+05:30,3034.6,3034.6,3032.1,3033.3,1314
2025-06-18T14:22:00+05:30,3033.5,3033.9,3032.4,3033.3,1250
2025-06-18T14:23:00+05:30,3033.3,3033.7,3031.5,3031.7,2752
2025-06-18T14:24:00+05:30,3031.3,3032.2,3029.0,3030.0,3243
2025-06-18T14:25:00+05:30,3030.4,3032.2,3029.8,3030.2,3950
2025-06-18T14:26:00+05:30,3030.2,3037.0,3029.7,3035.9,57357
2025-06-18T14:27:00+05:30,3035.8,3037.0,3035.3,3036.3,1427
2025-06-18T14:28:00+05:30,3036.1,3037.0,3035.7,3035.8,2915
2025-06-18T14:29:00+05:30,3036.6,3037.0,3030.0,3033.8,32634
2025-06-18T14:30:00+05:30,3033.9,3037.0,3032.7,3035.9,12566
2025-06-18T14:31:00+05:30,3035.9,3036.4,3034.0,3035.8,5127
2025-06-18T14:32:00+05:30,3036.0,3039.2,3035.8,3037.8,4296
2025-06-18T14:33:00+05:30,3037.2,3038.0,3035.8,3036.0,8830
2025-06-18T14:34:00+05:30,3036.2,3037.0,3035.1,3036.6,1814
2025-06-18T14:35:00+05:30,3036.7,3037.1,3036.1,3037.1,3911
2025-06-18T14:36:00+05:30,3037.1,3037.1,3036.1,3036.9,2671
2025-06-18T14:37:00+05:30,3036.9,3037.0,3036.1,3036.4,2042
2025-06-18T14:38:00+05:30,3036.1,3036.8,3035.5,3035.6,2900
2025-06-18T14:39:00+05:30,3036.0,3036.9,3032.9,3032.9,10160
2025-06-18T14:40:00+05:30,3033.0,3033.0,3031.6,3031.6,1643
2025-06-18T14:41:00+05:30,3031.8,3032.5,3031.8,3032.4,4383
2025-06-18T14:42:00+05:30,3032.2,3032.5,3029.9,3031.5,12115
2025-06-18T14:43:00+05:30,3031.7,3031.8,3031.4,3031.5,1628
2025-06-18T14:44:00+05:30,3031.5,3032.0,3031.3,3031.3,1445
2025-06-18T14:45:00+05:30,3031.6,3034.3,3031.3,3034.1,10284
2025-06-18T14:46:00+05:30,3034.1,3035.9,3033.7,3035.3,3000
2025-06-18T14:47:00+05:30,3035.0,3036.0,3033.8,3035.4,2610
2025-06-18T14:48:00+05:30,3035.5,3037.4,3035.5,3036.6,2795
2025-06-18T14:49:00+05:30,3036.6,3036.6,3033.2,3033.9,7556
2025-06-18T14:50:00+05:30,3034.0,3034.0,3033.1,3033.7,3996
2025-06-18T14:51:00+05:30,3033.9,3033.9,3033.0,3033.5,1219
2025-06-18T14:52:00+05:30,3033.4,3034.0,3030.4,3032.9,5094
2025-06-18T14:53:00+05:30,3033.9,3034.0,3032.9,3034.0,3624
2025-06-18T14:54:00+05:30,3033.9,3034.0,3033.5,3033.8,2581
2025-06-18T14:55:00+05:30,3034.0,3037.7,3033.9,3036.3,4806
2025-06-18T14:56:00+05:30,3036.3,3037.4,3034.9,3035.1,2292
2025-06-18T14:57:00+05:30,3035.1,3037.8,3035.1,3036.6,1821
2025-06-18T14:58:00+05:30,3035.9,3037.0,3035.9,3036.6,1068
2025-06-18T14:59:00+05:30,3036.5,3037.5,3034.5,3036.0,2477
2025-06-18T15:00:00+05:30,3035.7,3039.5,3034.8,3038.6,11186
2025-06-18T15:01:00+05:30,3038.5,3040.1,3038.5,3039.9,9490
2025-06-18T15:02:00+05:30,3039.9,3040.9,3039.6,3040.2,12053
2025-06-18T15:03:00+05:30,3040.5,3042.2,3040.2,3040.5,7458
2025-06-18T15:04:00+05:30,3040.6,3040.8,3040.0,3040.0,6919
2025-06-18T15:05:00+05:30,3040.7,3040.9,3040.0,3040.4,5470
2025-06-18T15:06:00+05:30,3040.3,3040.5,3039.9,3040.3,4210
2025-06-18T15:07:00+05:30,3040.3,3040.8,3039.5,3039.5,7216
2025-06-18T15:08:00+05:30,3039.9,3040.8,3037.8,3038.7,5681
2025-06-18T15:09:00+05:30,3038.8,3039.9,3038.0,3039.8,5779
2025-06-18T15:10:00+05:30,3039.5,3039.7,3036.1,3038.0,10323
2025-06-18T15:11:00+05:30,3038.8,3038.8,3036.6,3037.9,5465
2025-06-18T15:12:00+05:30,3037.8,3037.9,3036.9,3037.8,5939
2025-06-18T15:13:00+05:30,3037.7,3039.5,3037.6,3039.2,7937
2025-06-18T15:14:00+05:30,3039.2,3039.9,3038.9,3038.9,7432
2025-06-18T15:15:00+05:30,3038.9,3042.2,3038.9,3040.7,15250
2025-06-18T15:16:00+05:30,3040.7,3042.0,3039.9,3041.5,13531
2025-06-18T15:17:00+05:30,3041.4,3041.9,3040.3,3040.5,11311
2025-06-18T15:18:00+05:30,3041.8,3042.0,3039.7,3042.0,9995
2025-06-18T15:19:00+05:30,3042.0,3042.0,3041.3,3041.7,6620
2025-06-18T15:20:00+05:30,3041.7,3042.3,3039.9,3042.2,20752
2025-06-18T15:21:00+05:30,3042.3,3044.1,3041.3,3043.2,10451
2025-06-18T15:22:00+05:30,3043.8,3044.2,3042.3,3042.8,11549
2025-06-18T15:23:00+05:30,3044.1,3044.3,3042.9,3043.7,9065
2025-06-18T15:24:00+05:30,3044.1,3044.1,3042.4,3044.0,9026
2025-06-18T15:25:00+05:30,3044.0,3044.9,3042.8,3044.1,12999
2025-06-18T15:26:00+05:30,3044.0,3044.1,3041.2,3042.8,6359
2025-06-18T15:27:00+05:30,3042.9,3046.0,3041.0,3045.0,7336
2025-06-18T15:28:00+05:30,3045.2,3045.5,3042.0,3044.0,4344
2025-06-18T15:29:00+05:30,3045.2,3045.4,3038.0,3038.0,4612
2025-06-19T09:15:00+05:30,3035.1,3045.6,3034.2,3045.6,5215
2025-06-19T09:16:00+05:30,3044.5,3058.2,3043.9,3058.2,10513
2025-06-19T09:17:00+05:30,3059.0,3059.0,3042.0,3042.7,11955
2025-06-19T09:18:00+05:30,3042.8,3043.3,3034.5,3041.6,4346
2025-06-19T09:19:00+05:30,3041.1,3046.2,3039.8,3044.9,3842
2025-06-19T09:20:00+05:30,3044.9,3044.9,3040.8,3042.1,2868
2025-06-19T09:21:00+05:30,3043.4,3053.0,3042.2,3053.0,3814
2025-06-19T09:22:00+05:30,3053.0,3055.3,3052.2,3055.3,4074
2025-06-19T09:23:00+05:30,3054.0,3056.3,3053.3,3055.0,6388
2025-06-19T09:24:00+05:30,3056.0,3059.0,3054.5,3059.0,4665
2025-06-19T09:25:00+05:30,3058.4,3063.0,3057.6,3063.0,9370
2025-06-19T09:26:00+05:30,3062.9,3065.0,3060.1,3063.0,16228
2025-06-19T09:27:00+05:30,3063.0,3065.0,3062.0,3064.9,2117
2025-06-19T09:28:00+05:30,3064.6,3065.0,3062.0,3063.0,4257
2025-06-19T09:29:00+05:30,3063.0,3068.0,3062.1,3067.0,10370
2025-06-19T09:30:00+05:30,3067.0,3068.0,3064.0,3068.0,10277
2025-06-19T09:31:00+05:30,3067.6,3071.8,3066.1,3068.3,15410
2025-06-19T09:32:00+05:30,3068.3,3072.5,3068.3,3072.5,6351
2025-06-19T09:33:00+05:30,3072.1,3072.6,3070.3,3072.0,6117
2025-06-19T09:34:00+05:30,3072.0,3074.8,3072.0,3073.1,10874
2025-06-19T09:35:00+05:30,3073.3,3073.5,3070.0,3071.1,6288
2025-06-19T09:36:00+05:30,3071.1,3072.0,3065.8,3068.7,10244
2025-06-19T09:37:00+05:30,3068.7,3069.1,3065.3,3066.9,4018
2025-06-19T09:38:00+05:30,3066.9,3066.9,3061.0,3061.0,8341
2025-06-19T09:39:00+05:30,3061.5,3065.0,3061.0,3063.9,6560
2025-06-19T09:40:00+05:30,3063.9,3065.9,3062.9,3063.0,4909
2025-06-19T09:41:00+05:30,3063.0,3065.0,3060.3,3064.0,12058
2025-06-19T09:42:00+05:30,3064.9,3067.4,3062.1,3064.9,3916
2025-06-19T09:43:00+05:30,3064.9,3064.9,3060.2,3062.6,6808
2025-06-19T09:44:00+05:30,3063.1,3065.0,3062.5,3063.5,2164
2025-06-19T09:45:00+05:30,3064.0,3067.1,3060.4,3061.5,7480
2025-06-19T09:46:00+05:30,3061.6,3065.0,3060.0,3063.9,5205
2025-06-19T09:47:00+05:30,3063.9,3064.0,3061.5,3062.7,1278
2025-06-19T09:48:00+05:30,3061.5,3062.2,3058.0,3058.5,4844
2025-06-19T09:49:00+05:30,3058.5,3065.6,3058.0,3062.0,10049
2025-06-19T09:50:00+05:30,3061.9,3062.5,3059.0,3060.0,9644
2025-06-19T09:51:00+05:30,3060.1,3062.8,3060.1,3060.9,2112
2025-06-19T09:52:00+05:30,3062.0,3065.0,3061.6,3063.1,7931
2025-06-19T09:53:00+05:30,3063.0,3063.0,3060.6,3061.0,1114
2025-06-19T09:54:00+05:30,3061.4,3063.0,3061.4,3063.0,2700
2025-06-19T09:55:00+05:30,3062.2,3064.4,3062.2,3062.6,9776
2025-06-19T09:56:00+05:30,3063.8,3063.8,3060.9,3061.2,3704
2025-06-19T09:57:00+05:30,3061.2,3064.0,3061.2,3063.6,1161
2025-06-19T09:58:00+05:30,3063.1,3067.8,3062.6,3067.1,4696
2025-06-19T09:59:00+05:30,3067.8,3069.9,3067.0,3068.8,3628
2025-06-19T10:00:00+05:30,3068.9,3069.5,3067.0,3067.5,3309
2025-06-19T10:01:00+05:30,3067.8,3073.0,3066.1,3070.4,18348
2025-06-19T10:02:00+05:30,3070.1,3070.8,3069.7,3070.0,2645
2025-06-19T10:03:00+05:30,3070.6,3070.8,3068.0,3068.7,2258
2025-06-19T10:04:00+05:30,3068.0,3068.0,3065.6,3066.3,2119
2025-06-19T10:05:00+05:30,3065.9,3066.2,3063.8,3064.1,3121
2025-06-19T10:06:00+05:30,3064.5,3064.5,3061.2,3062.6,1951
2025-06-19T10:07:00+05:30,3062.0,3062.6,3061.5,3062.3,1036
2025-06-19T10:08:00+05:30,3062.5,3064.9,3061.1,3064.1,2618
2025-06-19T10:09:00+05:30,3064.8,3064.8,3063.0,3063.4,1194
2025-06-19T10:10:00+05:30,3063.4,3067.2,3063.4,3066.9,2350
2025-06-19T10:11:00+05:30,3066.9,3069.0,3066.9,3068.0,2765
2025-06-19T10:12:00+05:30,3068.3,3068.4,3066.1,3067.0,1540
2025-06-19T10:13:00+05:30,3066.5,3068.4,3066.5,3067.5,1077
2025-06-19T10:14:00+05:30,3067.6,3067.7,3067.5,3067.5,1207
2025-06-19T10:15:00+05:30,3067.3,3067.9,3067.1,3067.9,1835
2025-06-19T10:16:00+05:30,3067.7,3068.0,3065.5,3066.0,3680
2025-06-19T10:17:00+05:30,3066.0,3066.4,3065.0,3066.4,1680
2025-06-19T10:18:00+05:30,3066.3,3066.3,3065.0,3065.5,770
2025-06-19T10:19:00+05:30,3065.0,3065.1,3064.0,3064.2,1041
2025-06-19T10:20:00+05:30,3064.2,3064.2,3064.1,3064.1,407
2025-06-19T10:21:00+05:30,3064.2,3064.2,3059.0,3061.1,14788
2025-06-19T10:22:00+05:30,3062.0,3062.0,3059.9,3060.6,1478
2025-06-19T10:23:00+05:30,3060.6,3060.6,3059.9,3059.9,1075
2025-06-19T10:24:00+05:30,3060.0,3062.1,3059.1,3061.3,6944
2025-06-19T10:25:00+05:30,3061.0,3062.1,3059.5,3061.4,2144
2025-06-19T10:26:00+05:30,3061.4,3061.9,3059.5,3059.5,2968
2025-06-19T10:27:00+05:30,3060.0,3063.6,3060.0,3063.2,4509
2025-06-19T10:28:00+05:30,3062.3,3063.3,3061.2,3062.0,2917
2025-06-19T10:29:00+05:30,3062.0,3062.9,3060.3,3061.9,3880
2025-06-19T10:30:00+05:30,3062.0,3063.4,3061.1,3062.0,3796
2025-06-19T10:31:00+05:30,3062.0,3062.8,3060.0,3062.5,2026
2025-06-19T10:32:00+05:30,3062.5,3062.5,3060.4,3061.1,1507
2025-06-19T10:33:00+05:30,3061.6,3061.7,3060.7,3061.7,1347
2025-06-19T10:34:00+05:30,3061.8,3063.5,3060.2,3060.3,5125
2025-06-19T10:35:00+05:30,3060.4,3062.1,3060.4,3061.0,966
2025-06-19T10:36:00+05:30,3061.0,3061.0,3060.0,3060.0,2937
2025-06-19T10:37:00+05:30,3060.0,3061.0,3059.7,3061.0,4253
2025-06-19T10:38:00+05:30,3061.0,3061.0,3060.5,3061.0,3958
2025-06-19T10:39:00+05:30,3060.7,3061.0,3060.7,3061.0,12587
2025-06-19T10:40:00+05:30,3061.0,3061.0,3060.1,3060.2,3159
2025-06-19T10:41:00+05:30,3060.9,3063.0,3060.1,3062.1,9827
2025-06-19T10:42:00+05:30,3062.1,3063.0,3061.3,3061.7,2470
2025-06-19T10:43:00+05:30,3061.7,3063.0,3061.7,3061.8,2340
2025-06-19T10:44:00+05:30,3062.2,3063.3,3061.8,3062.0,3170
2025-06-19T10:45:00+05:30,3062.0,3062.0,3061.0,3061.5,2628
2025-06-19T10:46:00+05:30,3061.1,3061.5,3060.9,3061.5,1673
2025-06-19T10:47:00+05:30,3061.5,3061.5,3061.0,3061.2,1491
2025-06-19T10:48:00+05:30,3061.4,3065.0,3060.6,3062.0,16600
2025-06-19T10:49:00+05:30,3062.0,3063.9,3061.0,3062.7,8646
2025-06-19T10:50:00+05:30,3062.8,3062.9,3061.6,3062.0,932
2025-06-19T10:51:00+05:30,3062.1,3062.8,3061.5,3062.0,1499
2025-06-19T10:52:00+05:30,3062.7,3062.8,3060.8,3061.5,2561
2025-06-19T10:53:00+05:30,3061.5,3061.5,3060.8,3061.5,1029
2025-06-19T10:54:00+05:30,3061.5,3062.0,3061.3,3061.5,5724
2025-06-19T10:55:00+05:30,3061.6,3062.5,3060.9,3062.5,4152
2025-06-19T10:56:00+05:30,3062.5,3062.5,3061.4,3062.5,1820
2025-06-19T10:57:00+05:30,3062.5,3062.5,3061.6,3062.5,1650
2025-06-19T10:58:00+05:30,3062.5,3062.8,3061.9,3062.7,1951
2025-06-19T10:59:00+05:30,3061.9,3066.0,3061.8,3065.0,21273
2025-06-19T11:00:00+05:30,3064.9,3065.8,3064.2,3065.8,1458
2025-06-19T11:01:00+05:30,3065.8,3065.9,3064.7,3065.3,1699
2025-06-19T11:02:00+05:30,3065.3,3065.5,3064.6,3065.5,627
2025-06-19T11:03:00+05:30,3065.5,3070.0,3064.5,3069.9,4258
2025-06-19T11:04:00+05:30,3070.0,3071.0,3068.0,3068.0,15367
2025-06-19T11:05:00+05:30,3068.0,3069.0,3068.0,3068.4,1550
2025-06-19T11:06:00+05:30,3068.6,3068.6,3065.3,3066.3,2067
2025-06-19T11:07:00+05:30,3067.0,3067.0,3065.2,3067.0,1205
2025-06-19T11:08:00+05:30,3067.0,3067.6,3065.0,3066.5,22221
2025-06-19T11:09:00+05:30,3066.2,3066.5,3065.0,3065.4,1112
2025-06-19T11:10:00+05:30,3065.3,3065.9,3065.3,3065.9,3322
2025-06-19T11:11:00+05:30,3065.9,3069.0,3065.8,3069.0,2651
2025-06-19T11:12:00+05:30,3069.0,3070.0,3068.7,3069.0,1687
2025-06-19T11:13:00+05:30,3069.0,3072.0,3069.0,3071.0,6957
2025-06-19T11:14:00+05:30,3070.6,3071.2,3067.3,3069.0,3421
2025-06-19T11:15:00+05:30,3069.0,3069.1,3066.0,3066.5,2147
2025-06-19T11:16:00+05:30,3066.9,3068.0,3066.3,3068.0,3282
2025-06-19T11:17:00+05:30,3067.9,3069.8,3067.5,3068.0,3139
2025-06-19T11:18:00+05:30,3068.0,3068.0,3067.9,3068.0,1130
2025-06-19T11:19:00+05:30,3068.0,3068.0,3067.9,3068.0,877
2025-06-19T11:20:00+05:30,3067.9,3068.0,3067.9,3067.9,1355
2025-06-19T11:21:00+05:30,3068.0,3068.0,3067.9,3068.0,1227
2025-06-19T11:22:00+05:30,3068.0,3068.0,3067.9,3068.0,545
2025-06-19T11:23:00+05:30,3068.0,3068.9,3067.9,3068.9,1978
2025-06-19T11:24:00+05:30,3068.8,3070.0,3068.0,3068.0,14210
2025-06-19T11:25:00+05:30,3069.0,3069.0,3066.0,3066.6,807
2025-06-19T11:26:00+05:30,3066.0,3066.2,3062.5,3063.0,9590
2025-06-19T11:27:00+05:30,3063.0,3066.3,3062.0,3066.3,3487
2025-06-19T11:28:00+05:30,3066.3,3066.5,3063.0,3064.8,3309
2025-06-19T11:29:00+05:30,3063.7,3067.3,3063.7,3065.2,4759
2025-06-19T11:30:00+05:30,3065.7,3067.3,3065.1,3066.3,1564
2025-06-19T11:31:00+05:30,3067.3,3067.3,3066.3,3066.9,574
2025-06-19T11:32:00+05:30,3066.9,3068.9,3066.9,3068.5,2958
2025-06-19T11:33:00+05:30,3068.5,3068.5,3065.0,3066.4,9935
2025-06-19T11:34:00+05:30,3065.6,3066.4,3064.0,3064.4,3268
2025-06-19T11:35:00+05:30,3064.4,3064.6,3061.4,3062.9,4674
2025-06-19T11:36:00+05:30,3061.9,3063.0,3061.9,3062.5,890
2025-06-19T11:37:00+05:30,3062.9,3063.7,3062.7,3063.7,1201
2025-06-19T11:38:00+05:30,3063.7,3063.7,3062.2,3063.3,3729
2025-06-19T11:39:00+05:30,3063.1,3063.6,3062.2,3063.4,2460
2025-06-19T11:40:00+05:30,3063.5,3065.8,3063.0,3063.4,5976
2025-06-19T11:41:00+05:30,3063.5,3067.8,3063.5,3067.7,3969
2025-06-19T11:42:00+05:30,3067.7,3068.9,3066.1,3068.0,4439
2025-06-19T11:43:00+05:30,3067.9,3068.0,3067.5,3068.0,1364
2025-06-19T11:44:00+05:30,3068.0,3068.6,3066.1,3066.1,3114
2025-06-19T11:45:00+05:30,3067.5,3069.0,3065.5,3069.0,2626
2025-06-19T11:46:00+05:30,3069.0,3069.0,3067.4,3068.8,1683
2025-06-19T11:47:00+05:30,3068.8,3069.0,3068.2,3068.8,1552
2025-06-19T11:48:00+05:30,3068.9,3068.9,3065.8,3068.1,3466
2025-06-19T11:49:00+05:30,3068.3,3069.0,3068.3,3069.0,4458
2025-06-19T11:50:00+05:30,3069.0,3070.0,3067.9,3069.9,5260
2025-06-19T11:51:00+05:30,3070.0,3070.0,3067.5,3068.0,2687
2025-06-19T11:52:00+05:30,3068.8,3070.0,3068.0,3069.9,2056
2025-06-19T11:53:00+05:30,3070.0,3071.9,3067.5,3069.6,3824
2025-06-19T11:54:00+05:30,3069.4,3069.4,3066.7,3068.8,19816
2025-06-19T11:55:00+05:30,3068.7,3069.9,3068.2,3069.8,1469
2025-06-19T11:56:00+05:30,3069.4,3070.0,3069.0,3069.9,995
2025-06-19T11:57:00+05:30,3069.9,3069.9,3068.0,3068.8,1040
2025-06-19T11:58:00+05:30,3068.8,3068.8,3066.9,3068.2,1410
2025-06-19T11:59:00+05:30,3068.3,3069.0,3067.9,3069.0,2513
2025-06-19T12:00:00+05:30,3069.0,3069.0,3067.7,3068.9,1805
2025-06-19T12:01:00+05:30,3069.0,3069.0,3067.5,3068.8,1317
2025-06-19T12:02:00+05:30,3068.0,3069.0,3067.2,3068.9,2344
2025-06-19T12:03:00+05:30,3068.5,3068.9,3067.1,3068.0,1615
2025-06-19T12:04:00+05:30,3068.0,3069.0,3067.5,3067.5,2634
2025-06-19T12:05:00+05:30,3069.0,3070.5,3067.6,3070.5,4821
2025-06-19T12:06:00+05:30,3070.5,3073.0,3070.2,3073.0,10208
2025-06-19T12:07:00+05:30,3073.0,3073.0,3068.3,3069.7,5668
2025-06-19T12:08:00+05:30,3070.9,3072.5,3069.8,3071.8,7834
2025-06-19T12:09:00+05:30,3071.8,3071.8,3069.3,3070.9,3746
2025-06-19T12:10:00+05:30,3070.9,3071.9,3069.0,3071.3,7379
2025-06-19T12:11:00+05:30,3072.0,3073.0,3071.4,3072.9,2675
2025-06-19T12:12:00+05:30,3072.9,3073.0,3072.3,3072.9,1637
2025-06-19T12:13:00+05:30,3072.9,3073.0,3071.9,3072.4,2397
2025-06-19T12:14:00+05:30,3073.0,3073.7,3072.1,3073.4,2861
2025-06-19T12:15:00+05:30,3073.2,3073.8,3071.3,3073.3,2699
2025-06-19T12:16:00+05:30,3073.5,3075.0,3072.8,3075.0,10329
2025-06-19T12:17:00+05:30,3075.0,3077.0,3075.0,3077.0,15478
2025-06-19T12:18:00+05:30,3077.0,3077.0,3074.6,3076.8,4720
2025-06-19T12:19:00+05:30,3076.8,3077.0,3075.4,3076.5,1716
2025-06-19T12:20:00+05:30,3076.5,3076.9,3074.6,3076.1,3424
2025-06-19T12:21:00+05:30,3076.1,3076.1,3073.6,3075.6,3037
2025-06-19T12:22:00+05:30,3075.6,3075.6,3073.3,3074.0,3314
2025-06-19T12:23:00+05:30,3073.9,3074.0,3072.8,3074.0,1775
2025-06-19T12:24:00+05:30,3074.0,3074.8,3073.2,3074.8,4155
2025-06-19T12:25:00+05:30,3074.8,3078.9,3074.3,3078.0,13504
2025-06-19T12:26:00+05:30,3078.0,3078.3,3076.4,3077.1,2675
2025-06-19T12:27:00+05:30,3078.0,3078.8,3077.0,3078.8,2338
2025-06-19T12:28:00+05:30,3078.8,3079.9,3077.6,3079.1,4530
2025-06-19T12:29:00+05:30,3079.3,3079.9,3078.0,3079.3,4245
2025-06-19T12:30:00+05:30,3079.3,3079.9,3078.4,3079.8,2711
2025-06-19T12:31:00+05:30,3079.8,3079.9,3078.5,3079.8,2352
2025-06-19T12:32:00+05:30,3079.8,3079.8,3077.5,3079.4,2809
2025-06-19T12:33:00+05:30,3079.5,3079.5,3077.5,3079.2,1706
2025-06-19T12:34:00+05:30,3079.2,3079.2,3076.5,3077.1,2495
2025-06-19T12:35:00+05:30,3077.0,3077.6,3075.0,3076.0,3284
2025-06-19T12:36:00+05:30,3075.7,3078.0,3075.0,3076.0,10289
2025-06-19T12:37:00+05:30,3076.0,3076.0,3075.0,3075.8,1484
2025-06-19T12:38:00+05:30,3075.8,3075.8,3072.1,3074.9,4541
2025-06-19T12:39:00+05:30,3074.9,3075.0,3073.3,3074.9,3134
2025-06-19T12:40:00+05:30,3074.9,3075.9,3073.7,3074.4,1972
2025-06-19T12:41:00+05:30,3074.4,3077.3,3074.0,3076.5,6107
2025-06-19T12:42:00+05:30,3077.0,3078.0,3075.8,3077.0,3432
2025-06-19T12:43:00+05:30,3076.8,3077.5,3075.1,3076.2,4447
2025-06-19T12:44:00+05:30,3075.5,3076.2,3072.6,3075.0,2595
2025-06-19T12:45:00+05:30,3075.9,3075.9,3072.4,3073.7,3009
2025-06-19T12:46:00+05:30,3073.4,3074.5,3071.0,3071.0,6003
2025-06-19T12:47:00+05:30,3071.0,3071.0,3068.7,3070.5,5160
2025-06-19T12:48:00+05:30,3070.2,3070.8,3068.3,3069.8,3123
2025-06-19T12:49:00+05:30,3069.8,3070.9,3069.0,3070.9,1746
2025-06-19T12:50:00+05:30,3070.0,3070.8,3068.3,3069.0,1789
2025-06-19T12:51:00+05:30,3069.0,3069.3,3066.5,3068.1,5691
2025-06-19T12:52:00+05:30,3067.4,3068.7,3066.5,3066.9,2423
2025-06-19T12:53:00+05:30,3066.9,3067.7,3064.8,3066.3,10040
2025-06-19T12:54:00+05:30,3066.3,3070.0,3066.0,3068.7,3511
2025-06-19T12:55:00+05:30,3069.0,3070.5,3067.5,3069.4,3686
2025-06-19T12:56:00+05:30,3069.9,3070.3,3067.6,3070.0,2918
2025-06-19T12:57:00+05:30,3070.0,3070.3,3068.9,3070.2,2394
2025-06-19T12:58:00+05:30,3070.2,3070.5,3068.0,3070.5,2090
2025-06-19T12:59:00+05:30,3070.5,3071.5,3069.0,3070.3,3505
2025-06-19T13:00:00+05:30,3070.5,3074.0,3068.1,3073.9,4984
2025-06-19T13:01:00+05:30,3074.0,3074.0,3070.5,3072.6,4428
2025-06-19T13:02:00+05:30,3072.0,3074.0,3070.5,3074.0,3928
2025-06-19T13:03:00+05:30,3073.0,3074.0,3070.0,3072.5,3887
2025-06-19T13:04:00+05:30,3072.3,3072.7,3070.6,3072.7,3552
2025-06-19T13:05:00+05:30,3072.7,3072.8,3071.6,3071.6,964
2025-06-19T13:06:00+05:30,3071.7,3072.0,3070.4,3072.0,1478
2025-06-19T13:07:00+05:30,3072.0,3075.0,3072.0,3075.0,5680
2025-06-19T13:08:00+05:30,3075.0,3076.6,3073.2,3076.2,6947
2025-06-19T13:09:00+05:30,3076.0,3076.7,3075.0,3076.0,1541
2025-06-19T13:10:00+05:30,3075.0,3076.0,3074.8,3075.9,668
2025-06-19T13:11:00+05:30,3075.9,3078.0,3074.1,3076.0,9509
2025-06-19T13:12:00+05:30,3076.0,3077.0,3074.5,3075.5,5873
2025-06-19T13:13:00+05:30,3075.5,3077.0,3073.7,3077.0,1982
2025-06-19T13:14:00+05:30,3077.0,3080.0,3076.0,3079.7,22588
2025-06-19T13:15:00+05:30,3079.5,3079.5,3076.5,3077.0,4970
2025-06-19T13:16:00+05:30,3076.9,3077.0,3073.5,3075.1,8792
2025-06-19T13:17:00+05:30,3075.1,3075.5,3073.0,3074.5,3446
2025-06-19T13:18:00+05:30,3074.5,3075.1,3073.4,3075.0,2666
2025-06-19T13:19:00+05:30,3075.1,3077.2,3075.0,3075.0,4348
2025-06-19T13:20:00+05:30,3075.8,3076.5,3075.8,3076.5,1488
2025-06-19T13:21:00+05:30,3076.8,3078.0,3076.0,3077.1,2458
2025-06-19T13:22:00+05:30,3077.1,3077.3,3076.0,3076.9,776
2025-06-19T13:23:00+05:30,3076.9,3079.0,3076.9,3078.0,2679
2025-06-19T13:24:00+05:30,3078.0,3083.0,3078.0,3082.2,19789
2025-06-19T13:25:00+05:30,3082.3,3082.5,3080.4,3082.1,3946
2025-06-19T13:26:00+05:30,3082.0,3083.0,3078.0,3078.9,3180
2025-06-19T13:27:00+05:30,3078.9,3081.0,3078.4,3080.7,1408
2025-06-19T13:28:00+05:30,3080.4,3081.0,3078.0,3078.0,3959
2025-06-19T13:29:00+05:30,3078.0,3079.1,3076.2,3078.8,1497
2025-06-19T13:30:00+05:30,3078.8,3079.5,3078.1,3079.0,1090
2025-06-19T13:31:00+05:30,3079.0,3079.0,3078.1,3078.5,809
2025-06-19T13:32:00+05:30,3078.4,3078.5,3075.7,3076.1,8727
2025-06-19T13:33:00+05:30,3076.8,3080.0,3076.0,3079.5,10208
2025-06-19T13:34:00+05:30,3079.0,3079.5,3076.7,3078.3,623
2025-06-19T13:35:00+05:30,3079.0,3079.0,3078.0,3079.0,910
2025-06-19T13:36:00+05:30,3079.0,3079.0,3077.3,3078.9,895
2025-06-19T13:37:00+05:30,3078.9,3079.0,3077.6,3078.5,741
2025-06-19T13:38:00+05:30,3078.4,3078.9,3077.9,3078.3,469
2025-06-19T13:39:00+05:30,3078.9,3080.1,3078.3,3080.0,5821
2025-06-19T13:40:00+05:30,3080.0,3081.0,3079.3,3081.0,2069
2025-06-19T13:41:00+05:30,3080.2,3082.0,3080.1,3081.4,2335
2025-06-19T13:42:00+05:30,3081.4,3082.0,3081.0,3081.0,2401
2025-06-19T13:43:00+05:30,3081.0,3083.0,3081.0,3082.9,2833
2025-06-19T13:44:00+05:30,3082.5,3086.0,3081.7,3083.6,26704
2025-06-19T13:45:00+05:30,3083.6,3083.6,3080.5,3081.0,3539
2025-06-19T13:46:00+05:30,3081.0,3083.0,3081.0,3081.7,2594
2025-06-19T13:47:00+05:30,3082.3,3082.7,3081.3,3081.3,886
2025-06-19T13:48:00+05:30,3081.9,3083.3,3081.2,3083.0,1119
2025-06-19T13:49:00+05:30,3083.0,3084.2,3081.6,3083.9,3434
2025-06-19T13:50:00+05:30,3083.9,3085.3,3082.0,3084.2,9149
2025-06-19T13:51:00+05:30,3084.2,3084.8,3083.1,3084.4,1665
2025-06-19T13:52:00+05:30,3084.2,3086.0,3083.8,3084.8,7710
2025-06-19T13:53:00+05:30,3083.8,3084.8,3083.2,3083.7,1610
2025-06-19T13:54:00+05:30,3083.7,3084.6,3083.2,3084.6,2500
2025-06-19T13:55:00+05:30,3084.2,3084.7,3083.0,3084.3,1608
2025-06-19T13:56:00+05:30,3084.3,3084.6,3083.0,3083.9,1126
2025-06-19T13:57:00+05:30,3083.9,3085.0,3082.7,3085.0,1850
2025-06-19T13:58:00+05:30,3085.0,3085.0,3083.0,3084.5,3238
2025-06-19T13:59:00+05:30,3084.8,3086.0,3084.4,3086.0,8631
2025-06-19T14:00:00+05:30,3086.0,3088.8,3085.6,3088.8,11080
2025-06-19T14:01:00+05:30,3088.8,3089.2,3087.0,3087.0,7129
2025-06-19T14:02:00+05:30,3087.4,3088.0,3087.0,3087.0,1314
2025-06-19T14:03:00+05:30,3087.0,3087.1,3084.2,3085.7,3790
2025-06-19T14:04:00+05:30,3085.7,3087.0,3085.1,3086.0,2594
2025-06-19T14:05:00+05:30,3086.8,3088.7,3085.2,3088.7,17179
2025-06-19T14:06:00+05:30,3088.7,3091.5,3087.8,3091.2,11687
2025-06-19T14:07:00+05:30,3091.1,3092.4,3090.0,3090.1,20012
2025-06-19T14:08:00+05:30,3090.1,3093.0,3090.0,3092.5,6876
2025-06-19T14:09:00+05:30,3092.8,3096.0,3092.7,3096.0,29091
2025-06-19T14:10:00+05:30,3096.0,3096.0,3092.7,3093.5,3773
2025-06-19T14:11:00+05:30,3093.9,3098.7,3093.5,3098.7,27081
2025-06-19T14:12:00+05:30,3098.7,3099.0,3097.0,3097.0,18669
2025-06-19T14:13:00+05:30,3097.8,3099.1,3095.1,3099.1,8873
2025-06-19T14:14:00+05:30,3098.8,3102.8,3097.4,3102.0,41458
2025-06-19T14:15:00+05:30,3102.0,3104.9,3100.0,3103.0,61562
2025-06-19T14:16:00+05:30,3102.3,3105.0,3102.2,3104.0,9882
2025-06-19T14:17:00+05:30,3104.0,3104.5,3101.2,3101.2,8689
2025-06-19T14:18:00+05:30,3101.5,3103.0,3098.2,3099.7,7948
2025-06-19T14:19:00+05:30,3101.0,3103.0,3099.7,3102.0,12686
2025-06-19T14:20:00+05:30,3102.1,3102.9,3101.1,3102.5,4375
2025-06-19T14:21:00+05:30,3102.0,3106.9,3102.0,3105.6,24996
2025-06-19T14:22:00+05:30,3105.6,3105.9,3103.0,3104.1,10693
2025-06-19T14:23:00+05:30,3105.0,3106.5,3103.0,3104.3,8503
2025-06-19T14:24:00+05:30,3104.5,3106.3,3103.6,3104.8,5696
2025-06-19T14:25:00+05:30,3104.5,3106.0,3103.4,3104.9,4741
2025-06-19T14:26:00+05:30,3103.6,3104.9,3101.3,3102.8,9301
2025-06-19T14:27:00+05:30,3102.8,3102.8,3098.0,3100.0,8591
2025-06-19T14:28:00+05:30,3099.8,3100.9,3098.8,3099.0,5822
2025-06-19T14:29:00+05:30,3098.8,3100.0,3098.0,3099.6,2883
2025-06-19T14:30:00+05:30,3099.6,3099.7,3095.7,3096.8,8116
2025-06-19T14:31:00+05:30,3096.4,3097.5,3093.2,3094.0,24716
2025-06-19T14:32:00+05:30,3094.0,3096.1,3093.2,3094.0,5979
2025-06-19T14:33:00+05:30,3094.1,3095.8,3093.8,3095.5,4682
2025-06-19T14:34:00+05:30,3094.7,3096.0,3094.0,3096.0,5248
2025-06-19T14:35:00+05:30,3095.7,3096.0,3092.8,3094.0,4905
2025-06-19T14:36:00+05:30,3094.0,3094.7,3092.7,3093.4,2389
2025-06-19T14:37:00+05:30,3093.4,3094.7,3092.7,3094.4,3258
2025-06-19T14:38:00+05:30,3093.5,3096.8,3093.5,3096.6,3414
2025-06-19T14:39:00+05:30,3096.6,3097.8,3095.4,3096.4,4733
2025-06-19T14:40:00+05:30,3095.5,3097.4,3092.8,3093.7,6627
2025-06-19T14:41:00+05:30,3092.8,3095.0,3090.2,3091.6,15579
2025-06-19T14:42:00+05:30,3091.6,3094.5,3091.5,3093.4,12663
2025-06-19T14:43:00+05:30,3093.0,3097.0,3092.3,3095.0,8455
2025-06-19T14:44:00+05:30,3095.1,3096.0,3094.7,3094.7,1946
2025-06-19T14:45:00+05:30,3095.2,3095.2,3093.0,3093.7,1403
2025-06-19T14:46:00+05:30,3093.7,3094.0,3092.6,3092.9,3180
2025-06-19T14:47:00+05:30,3093.0,3099.7,3092.9,3095.9,45648
2025-06-19T14:48:00+05:30,3096.9,3096.9,3094.7,3095.4,3491
2025-06-19T14:49:00+05:30,3095.4,3098.0,3095.0,3097.7,6713
2025-06-19T14:50:00+05:30,3097.7,3099.9,3097.0,3097.6,9641
2025-06-19T14:51:00+05:30,3098.0,3100.0,3097.7,3100.0,5780
2025-06-19T14:52:00+05:30,3099.9,3099.9,3098.0,3099.4,6920
2025-06-19T14:53:00+05:30,3099.5,3103.0,3099.1,3102.0,17592
2025-06-19T14:54:00+05:30,3102.5,3103.3,3101.0,3103.1,7881
2025-06-19T14:55:00+05:30,3103.2,3104.0,3102.4,3103.2,12692
2025-06-19T14:56:00+05:30,3103.2,3104.0,3099.4,3101.0,13124
2025-06-19T14:57:00+05:30,3101.0,3102.1,3100.9,3100.9,9727
2025-06-19T14:58:00+05:30,3100.9,3101.8,3100.4,3101.0,8094
2025-06-19T14:59:00+05:30,3101.0,3101.0,3099.0,3099.8,10397
2025-06-19T15:00:00+05:30,3099.7,3099.8,3095.7,3095.7,13659
2025-06-19T15:01:00+05:30,3095.7,3097.9,3094.9,3096.7,32244
2025-06-19T15:02:00+05:30,3095.9,3097.2,3093.7,3094.5,25142
2025-06-19T15:03:00+05:30,3094.5,3095.6,3094.2,3095.2,12624
2025-06-19T15:04:00+05:30,3095.1,3099.2,3095.0,3098.1,37053
2025-06-19T15:05:00+05:30,3098.0,3100.3,3097.0,3099.3,30130
2025-06-19T15:06:00+05:30,3099.1,3099.5,3094.8,3094.9,18636
2025-06-19T15:07:00+05:30,3094.9,3095.1,3093.0,3093.6,18482
2025-06-19T15:08:00+05:30,3093.7,3093.9,3091.7,3092.7,14217
2025-06-19T15:09:00+05:30,3092.6,3094.9,3092.0,3093.8,15733
2025-06-19T15:10:00+05:30,3093.8,3094.7,3092.0,3093.7,28197
2025-06-19T15:11:00+05:30,3093.8,3094.9,3092.0,3093.5,17235
2025-06-19T15:12:00+05:30,3093.5,3099.0,3093.3,3096.5,32093
2025-06-19T15:13:00+05:30,3097.3,3097.7,3092.3,3092.6,10562
2025-06-19T15:14:00+05:30,3092.5,3094.1,3092.0,3093.8,17644
2025-06-19T15:15:00+05:30,3092.7,3097.2,3092.4,3093.8,31297
2025-06-19T15:16:00+05:30,3094.1,3095.7,3092.0,3095.0,29031
2025-06-19T15:17:00+05:30,3094.5,3095.0,3093.0,3093.0,5788
2025-06-19T15:18:00+05:30,3093.0,3097.6,3093.0,3093.5,23976
2025-06-19T15:19:00+05:30,3093.2,3095.7,3093.0,3094.4,25730
2025-06-19T15:20:00+05:30,3094.8,3097.6,3094.4,3095.3,18869
2025-06-19T15:21:00+05:30,3095.3,3097.2,3095.1,3096.2,7972
2025-06-19T15:22:00+05:30,3096.2,3097.4,3094.8,3095.3,12128
2025-06-19T15:23:00+05:30,3095.3,3097.2,3092.8,3097.1,11811
2025-06-19T15:24:00+05:30,3096.8,3098.9,3092.3,3092.3,22263
2025-06-19T15:25:00+05:30,3092.4,3094.9,3091.5,3091.6,10729
2025-06-19T15:26:00+05:30,3092.4,3092.7,3088.9,3091.0,7422
2025-06-19T15:27:00+05:30,3089.9,3090.0,3086.3,3088.8,6162
2025-06-19T15:28:00+05:30,3087.6,3090.0,3083.7,3087.9,10867
2025-06-19T15:29:00+05:30,3085.4,3089.0,3082.0,3089.0,4748
2025-06-20T09:15:00+05:30,3099.9,3117.6,3090.3,3108.6,42814
2025-06-20T09:16:00+05:30,3107.9,3109.9,3105.1,3106.8,14019
2025-06-20T09:17:00+05:30,3106.4,3109.5,3105.2,3108.4,6569
2025-06-20T09:18:00+05:30,3108.8,3116.9,3108.8,3114.7,15664
2025-06-20T09:19:00+05:30,3114.7,3119.0,3112.1,3116.1,14905
2025-06-20T09:20:00+05:30,3117.0,3124.0,3116.4,3124.0,27806
2025-06-20T09:21:00+05:30,3123.1,3129.0,3117.2,3121.3,43206
2025-06-20T09:22:00+05:30,3122.0,3125.0,3120.6,3124.0,18462
2025-06-20T09:23:00+05:30,3124.0,3127.7,3122.3,3127.0,71097
2025-06-20T09:24:00+05:30,3126.8,3127.0,3122.4,3124.5,12492
2025-06-20T09:25:00+05:30,3124.5,3126.3,3118.2,3122.7,17485
2025-06-20T09:26:00+05:30,3123.6,3124.0,3119.4,3120.9,9021
2025-06-20T09:27:00+05:30,3122.3,3122.3,3117.1,3120.9,11880
2025-06-20T09:28:00+05:30,3120.1,3123.1,3119.8,3122.0,6371
2025-06-20T09:29:00+05:30,3122.8,3123.1,3119.0,3120.0,6541
2025-06-20T09:30:00+05:30,3120.2,3127.0,3118.2,3125.9,72624
2025-06-20T09:31:00+05:30,3125.7,3128.9,3124.1,3126.2,18657
2025-06-20T09:32:00+05:30,3127.0,3127.8,3120.0,3121.0,11284
2025-06-20T09:33:00+05:30,3120.5,3127.0,3120.4,3127.0,10004
2025-06-20T09:34:00+05:30,3126.9,3128.0,3123.9,3125.4,14010
2025-06-20T09:35:00+05:30,3126.9,3129.0,3125.0,3128.0,16076
2025-06-20T09:36:00+05:30,3129.0,3131.0,3128.0,3129.0,24838
2025-06-20T09:37:00+05:30,3128.9,3129.5,3127.0,3128.2,6526
2025-06-20T09:38:00+05:30,3127.6,3127.6,3125.0,3126.3,11136
2025-06-20T09:39:00+05:30,3127.0,3130.0,3126.3,3128.1,13615
2025-06-20T09:40:00+05:30,3129.0,3133.5,3127.7,3131.0,29431
2025-06-20T09:41:00+05:30,3131.0,3133.0,3129.5,3133.0,10764
2025-06-20T09:42:00+05:30,3132.0,3134.0,3131.0,3131.9,16785
2025-06-20T09:43:00+05:30,3131.3,3132.0,3125.6,3132.0,29012
2025-06-20T09:44:00+05:30,3131.7,3137.0,3130.1,3135.4,86127
2025-06-20T09:45:00+05:30,3135.4,3139.5,3134.5,3138.0,23195
2025-06-20T09:46:00+05:30,3139.0,3141.0,3137.9,3140.0,22824
2025-06-20T09:47:00+05:30,3140.0,3144.2,3139.7,3144.2,18736
2025-06-20T09:48:00+05:30,3143.1,3145.0,3142.3,3144.8,20044
2025-06-20T09:49:00+05:30,3144.8,3147.6,3144.0,3145.3,26399
2025-06-20T09:50:00+05:30,3145.3,3149.0,3145.0,3146.3,23432
2025-06-20T09:51:00+05:30,3146.3,3148.0,3145.1,3146.9,15157
2025-06-20T09:52:00+05:30,3146.9,3152.0,3146.9,3151.3,35363
2025-06-20T09:53:00+05:30,3152.0,3153.8,3148.5,3149.1,15486
2025-06-20T09:54:00+05:30,3149.3,3154.9,3149.1,3154.7,21141
2025-06-20T09:55:00+05:30,3154.0,3159.0,3153.1,3157.0,35378
2025-06-20T09:56:00+05:30,3157.5,3158.6,3155.0,3156.0,16169
2025-06-20T09:57:00+05:30,3157.0,3160.0,3155.9,3158.3,16720
2025-06-20T09:58:00+05:30,3159.5,3162.0,3158.3,3160.9,31606
2025-06-20T09:59:00+05:30,3161.0,3162.0,3159.8,3160.2,18414
2025-06-20T10:00:00+05:30,3161.4,3165.0,3160.3,3163.3,22777
2025-06-20T10:01:00+05:30,3164.8,3165.0,3155.6,3159.6,24420
2025-06-20T10:02:00+05:30,3159.6,3160.0,3155.0,3157.9,18409
2025-06-20T10:03:00+05:30,3156.7,3161.0,3155.5,3159.8,18254
2025-06-20T10:04:00+05:30,3159.6,3163.0,3158.4,3162.4,12460
2025-06-20T10:05:00+05:30,3162.1,3163.0,3160.0,3160.0,11901
2025-06-20T10:06:00+05:30,3160.4,3162.0,3159.0,3159.6,10690
2025-06-20T10:07:00+05:30,3159.2,3161.5,3157.0,3161.5,11990
2025-06-20T10:08:00+05:30,3161.3,3162.0,3157.2,3161.5,7243
2025-06-20T10:09:00+05:30,3161.9,3164.5,3160.4,3164.1,13601
2025-06-20T10:10:00+05:30,3163.9,3165.0,3161.2,3161.3,65456
2025-06-20T10:11:00+05:30,3162.4,3162.5,3156.0,3158.4,12733
2025-06-20T10:12:00+05:30,3159.0,3162.5,3158.8,3160.7,8680
2025-06-20T10:13:00+05:30,3160.3,3162.9,3160.0,3162.6,6258
2025-06-20T10:14:00+05:30,3162.5,3162.6,3160.1,3161.0,6849
2025-06-20T10:15:00+05:30,3161.1,3162.9,3160.7,3162.9,7382
2025-06-20T10:16:00+05:30,3162.0,3164.8,3161.9,3164.3,9122
2025-06-20T10:17:00+05:30,3164.3,3168.8,3164.3,3168.0,34235
2025-06-20T10:18:00+05:30,3168.2,3173.0,3168.0,3171.1,39309
2025-06-20T10:19:00+05:30,3170.1,3172.7,3170.0,3171.5,13353
2025-06-20T10:20:00+05:30,3170.5,3173.0,3168.2,3169.0,15791
2025-06-20T10:21:00+05:30,3168.4,3171.3,3168.0,3168.7,11653
2025-06-20T10:22:00+05:30,3168.7,3170.3,3168.0,3169.0,8764
2025-06-20T10:23:00+05:30,3168.9,3170.0,3166.0,3167.6,11076
2025-06-20T10:24:00+05:30,3168.0,3171.9,3167.6,3170.5,12453
2025-06-20T10:25:00+05:30,3170.5,3172.8,3170.5,3172.8,6866
2025-06-20T10:26:00+05:30,3172.5,3173.0,3168.0,3169.3,13900
2025-06-20T10:27:00+05:30,3168.9,3171.8,3168.9,3171.0,8127
2025-06-20T10:28:00+05:30,3170.9,3171.0,3166.0,3166.0,8369
2025-06-20T10:29:00+05:30,3166.0,3168.0,3166.0,3166.5,9840
2025-06-20T10:30:00+05:30,3166.5,3168.0,3166.0,3166.6,11005
2025-06-20T10:31:00+05:30,3166.5,3168.0,3166.2,3167.2,12882
2025-06-20T10:32:00+05:30,3167.1,3168.0,3162.7,3168.0,12781
2025-06-20T10:33:00+05:30,3167.6,3168.0,3162.7,3163.5,11400
2025-06-20T10:34:00+05:30,3163.4,3164.6,3162.6,3163.3,8869
2025-06-20T10:35:00+05:30,3163.3,3165.0,3163.3,3165.0,7386
2025-06-20T10:36:00+05:30,3164.6,3165.0,3164.0,3165.0,5792
2025-06-20T10:37:00+05:30,3164.6,3165.0,3163.1,3163.1,7692
2025-06-20T10:38:00+05:30,3163.3,3164.0,3163.0,3163.2,6690
2025-06-20T10:39:00+05:30,3163.3,3165.0,3163.2,3164.5,6632
2025-06-20T10:40:00+05:30,3164.4,3165.0,3163.7,3165.0,9260
2025-06-20T10:41:00+05:30,3165.0,3165.0,3164.3,3164.8,5014
2025-06-20T10:42:00+05:30,3164.8,3165.0,3164.1,3164.2,5282
2025-06-20T10:43:00+05:30,3165.0,3165.0,3164.2,3164.8,7006
2025-06-20T10:44:00+05:30,3164.8,3165.0,3163.0,3163.8,8047
2025-06-20T10:45:00+05:30,3164.2,3164.6,3162.0,3162.2,9902
2025-06-20T10:46:00+05:30,3162.2,3164.9,3162.0,3163.0,59453
2025-06-20T10:47:00+05:30,3162.7,3165.0,3162.3,3163.5,5663
2025-06-20T10:48:00+05:30,3163.5,3169.0,3163.5,3165.6,15243
2025-06-20T10:49:00+05:30,3166.4,3167.5,3164.7,3164.7,4456
2025-06-20T10:50:00+05:30,3164.8,3166.0,3163.6,3165.0,5318
2025-06-20T10:51:00+05:30,3165.0,3165.0,3163.5,3163.5,6280
2025-06-20T10:52:00+05:30,3163.8,3165.0,3163.5,3165.0,17978
2025-06-20T10:53:00+05:30,3165.0,3171.0,3164.4,3171.0,21289
2025-06-20T10:54:00+05:30,3170.0,3175.0,3170.0,3174.7,22663
2025-06-20T10:55:00+05:30,3174.8,3175.0,3171.3,3171.5,8881
2025-06-20T10:56:00+05:30,3172.0,3175.0,3170.0,3170.0,12024
2025-06-20T10:57:00+05:30,3170.4,3173.3,3168.6,3173.0,7346
2025-06-20T10:58:00+05:30,3173.0,3175.0,3172.4,3173.9,8111
2025-06-20T10:59:00+05:30,3173.9,3178.0,3172.3,3175.1,32038
2025-06-20T11:00:00+05:30,3176.0,3178.0,3174.0,3177.9,17845
2025-06-20T11:01:00+05:30,3177.7,3180.0,3177.1,3178.4,14277
2025-06-20T11:02:00+05:30,3178.5,3179.3,3175.0,3175.5,15568
2025-06-20T11:03:00+05:30,3176.1,3177.0,3174.7,3176.5,7210
2025-06-20T11:04:00+05:30,3176.0,3177.7,3173.2,3173.2,12031
2025-06-20T11:05:00+05:30,3173.9,3175.0,3172.0,3172.0,10735
2025-06-20T11:06:00+05:30,3172.0,3174.7,3172.0,3172.0,7679
2025-06-20T11:07:00+05:30,3173.0,3174.0,3172.0,3172.9,4623
2025-06-20T11:08:00+05:30,3172.9,3175.0,3172.6,3174.4,5429
2025-06-20T11:09:00+05:30,3174.8,3175.0,3173.9,3174.8,8719
2025-06-20T11:10:00+05:30,3174.9,3175.0,3174.0,3174.0,16065
2025-06-20T11:11:00+05:30,3174.4,3175.0,3172.6,3174.3,5635
2025-06-20T11:12:00+05:30,3174.3,3174.9,3172.5,3173.1,5124
2025-06-20T11:13:00+05:30,3173.1,3175.0,3173.1,3174.5,4906
2025-06-20T11:14:00+05:30,3175.0,3175.0,3174.5,3174.6,5270
2025-06-20T11:15:00+05:30,3175.0,3175.0,3174.0,3174.0,4979
2025-06-20T11:16:00+05:30,3174.0,3174.2,3171.0,3171.7,8745
2025-06-20T11:17:00+05:30,3172.1,3172.1,3170.6,3170.9,9387
2025-06-20T11:18:00+05:30,3171.0,3171.0,3167.2,3169.1,14791
2025-06-20T11:19:00+05:30,3169.1,3171.1,3168.3,3168.8,9266
2025-06-20T11:20:00+05:30,3168.8,3171.0,3168.8,3170.4,4982
2025-06-20T11:21:00+05:30,3170.4,3173.7,3170.4,3172.4,4508
2025-06-20T11:22:00+05:30,3172.4,3172.8,3168.7,3169.2,45084
2025-06-20T11:23:00+05:30,3169.2,3170.0,3168.5,3168.5,9184
2025-06-20T11:24:00+05:30,3169.0,3169.8,3167.2,3167.9,5713
2025-06-20T11:25:00+05:30,3167.7,3170.0,3167.2,3170.0,5175
2025-06-20T11:26:00+05:30,3169.8,3170.0,3167.9,3167.9,4924
2025-06-20T11:27:00+05:30,3168.1,3169.6,3166.1,3166.3,4601
2025-06-20T11:28:00+05:30,3167.0,3169.5,3166.3,3167.9,4874
2025-06-20T11:29:00+05:30,3168.0,3169.9,3166.8,3166.8,3428
2025-06-20T11:30:00+05:30,3166.9,3171.0,3166.8,3170.3,29262
2025-06-20T11:31:00+05:30,3171.0,3172.0,3170.1,3170.2,7172
2025-06-20T11:32:00+05:30,3170.2,3172.0,3169.2,3171.0,7635
2025-06-20T11:33:00+05:30,3171.0,3172.5,3170.0,3171.5,34550
2025-06-20T11:34:00+05:30,3171.5,3174.9,3171.5,3174.5,7457
2025-06-20T11:35:00+05:30,3174.7,3174.9,3172.1,3173.0,9693
2025-06-20T11:36:00+05:30,3173.0,3173.0,3171.5,3171.5,8416
2025-06-20T11:37:00+05:30,3172.4,3174.5,3170.9,3174.0,20617
2025-06-20T11:38:00+05:30,3173.3,3174.7,3173.1,3173.3,7978
2025-06-20T11:39:00+05:30,3173.6,3174.5,3173.6,3173.7,30409
2025-06-20T11:40:00+05:30,3174.0,3178.1,3172.7,3178.1,66784
2025-06-20T11:41:00+05:30,3177.8,3180.0,3177.5,3179.5,15759
2025-06-20T11:42:00+05:30,3179.5,3182.6,3179.5,3180.5,43584
2025-06-20T11:43:00+05:30,3180.2,3182.0,3179.5,3180.8,26576
2025-06-20T11:44:00+05:30,3180.1,3181.1,3179.5,3180.0,11094
2025-06-20T11:45:00+05:30,3179.5,3180.2,3179.5,3180.2,10300
2025-06-20T11:46:00+05:30,3180.0,3184.0,3179.9,3183.0,21367
2025-06-20T11:47:00+05:30,3182.9,3183.6,3181.0,3183.0,15461
2025-06-20T11:48:00+05:30,3183.0,3184.0,3182.1,3183.0,11875
2025-06-20T11:49:00+05:30,3183.0,3183.0,3181.1,3182.8,10713
2025-06-20T11:50:00+05:30,3182.9,3183.2,3182.3,3183.0,13617
2025-06-20T11:51:00+05:30,3183.0,3183.0,3182.2,3183.0,7302
2025-06-20T11:52:00+05:30,3183.0,3183.5,3182.9,3183.0,14551
2025-06-20T11:53:00+05:30,3183.0,3183.0,3182.7,3183.0,6158
2025-06-20T11:54:00+05:30,3182.7,3182.7,3180.0,3182.0,9429
2025-06-20T11:55:00+05:30,3182.0,3182.0,3175.0,3175.6,17887
2025-06-20T11:56:00+05:30,3175.0,3179.2,3175.0,3177.4,11764
2025-06-20T11:57:00+05:30,3177.1,3179.9,3177.1,3178.2,5737
2025-06-20T11:58:00+05:30,3178.2,3179.9,3177.8,3178.9,6134
2025-06-20T11:59:00+05:30,3179.0,3179.1,3176.4,3177.1,10017
2025-06-20T12:00:00+05:30,3177.0,3178.0,3174.1,3174.4,16263
2025-06-20T12:01:00+05:30,3174.1,3177.0,3174.0,3175.1,12533
2025-06-20T12:02:00+05:30,3175.9,3178.0,3175.1,3178.0,4922
2025-06-20T12:03:00+05:30,3178.0,3178.3,3176.5,3177.3,7206
2025-06-20T12:04:00+05:30,3177.3,3177.9,3173.4,3173.9,8707
2025-06-20T12:05:00+05:30,3174.0,3174.7,3173.0,3174.0,6168
2025-06-20T12:06:00+05:30,3174.0,3174.6,3172.6,3173.8,9907
2025-06-20T12:07:00+05:30,3173.8,3173.9,3168.2,3169.8,15799
2025-06-20T12:08:00+05:30,3169.4,3170.0,3169.0,3170.0,5449
2025-06-20T12:09:00+05:30,3169.9,3170.0,3168.8,3170.0,5973
2025-06-20T12:10:00+05:30,3170.0,3172.1,3169.5,3170.0,7757
2025-06-20T12:11:00+05:30,3169.9,3172.5,3169.7,3172.0,9569
2025-06-20T12:12:00+05:30,3172.0,3174.5,3171.8,3174.2,5071
2025-06-20T12:13:00+05:30,3173.2,3174.4,3170.9,3170.9,6225
2025-06-20T12:14:00+05:30,3170.9,3173.3,3170.3,3172.0,5992
2025-06-20T12:15:00+05:30,3172.2,3173.7,3171.6,3173.3,5115
2025-06-20T12:16:00+05:30,3173.3,3174.2,3172.4,3174.2,4748
2025-06-20T12:17:00+05:30,3174.2,3174.2,3172.9,3173.9,6456
2025-06-20T12:18:00+05:30,3173.9,3173.9,3171.7,3173.2,5593
2025-06-20T12:19:00+05:30,3173.2,3173.7,3171.0,3171.3,4723
2025-06-20T12:20:00+05:30,3171.0,3173.0,3171.0,3172.0,5064
2025-06-20T12:21:00+05:30,3172.0,3173.0,3170.9,3170.9,5963
2025-06-20T12:22:00+05:30,3171.0,3172.0,3170.0,3171.8,3675
2025-06-20T12:23:00+05:30,3171.8,3172.8,3169.0,3169.2,6796
2025-06-20T12:24:00+05:30,3169.0,3169.2,3165.0,3165.0,17168
2025-06-20T12:25:00+05:30,3165.6,3165.7,3163.1,3163.1,17836
2025-06-20T12:26:00+05:30,3163.1,3164.0,3158.3,3158.5,33746
2025-06-20T12:27:00+05:30,3158.5,3161.4,3158.1,3160.5,12984
2025-06-20T12:28:00+05:30,3159.7,3162.0,3159.1,3159.1,11251
2025-06-20T12:29:00+05:30,3159.3,3161.0,3159.0,3160.9,7030
2025-06-20T12:30:00+05:30,3160.9,3161.1,3159.5,3159.5,14356
2025-06-20T12:31:00+05:30,3159.5,3160.6,3158.8,3158.8,6665
2025-06-20T12:32:00+05:30,3158.9,3159.3,3155.7,3158.2,18143
2025-06-20T12:33:00+05:30,3157.8,3160.0,3156.7,3160.0,7819
2025-06-20T12:34:00+05:30,3159.2,3160.6,3157.4,3160.0,6472
2025-06-20T12:35:00+05:30,3159.0,3160.3,3157.1,3157.5,14994
2025-06-20T12:36:00+05:30,3157.5,3159.4,3157.4,3158.8,6707
2025-06-20T12:37:00+05:30,3159.0,3161.0,3158.1,3160.2,6670
2025-06-20T12:38:00+05:30,3161.0,3161.0,3158.0,3159.3,16837
2025-06-20T12:39:00+05:30,3159.2,3161.0,3158.5,3159.3,5320
2025-06-20T12:40:00+05:30,3159.3,3161.0,3159.3,3159.8,7787
2025-06-20T12:41:00+05:30,3159.7,3163.9,3159.0,3163.2,11818
2025-06-20T12:42:00+05:30,3163.7,3166.6,3161.9,3166.6,9265
2025-06-20T12:43:00+05:30,3166.7,3166.7,3162.7,3163.5,6223
2025-06-20T12:44:00+05:30,3163.5,3165.0,3163.5,3164.0,5172
2025-06-20T12:45:00+05:30,3164.6,3165.1,3164.2,3164.6,7868
2025-06-20T12:46:00+05:30,3164.6,3168.9,3164.6,3168.3,9664
2025-06-20T12:47:00+05:30,3168.9,3173.0,3168.9,3173.0,9692
2025-06-20T12:48:00+05:30,3173.0,3176.0,3171.8,3175.0,7965
2025-06-20T12:49:00+05:30,3175.7,3178.0,3174.3,3178.0,9858
2025-06-20T12:50:00+05:30,3176.9,3178.5,3175.0,3178.5,11339
2025-06-20T12:51:00+05:30,3178.5,3179.9,3177.7,3178.8,6523
2025-06-20T12:52:00+05:30,3178.8,3179.5,3176.9,3177.0,9467
2025-06-20T12:53:00+05:30,3177.0,3177.0,3174.0,3174.5,12218
2025-06-20T12:54:00+05:30,3175.0,3177.9,3174.5,3176.8,11381
2025-06-20T12:55:00+05:30,3177.0,3178.5,3175.9,3177.5,6287
2025-06-20T12:56:00+05:30,3177.7,3179.0,3176.6,3178.6,5189
2025-06-20T12:57:00+05:30,3178.6,3180.0,3177.1,3179.8,6009
2025-06-20T12:58:00+05:30,3180.0,3180.0,3177.7,3179.5,5195
2025-06-20T12:59:00+05:30,3179.5,3179.9,3176.0,3176.0,7112
2025-06-20T13:00:00+05:30,3176.0,3178.0,3176.0,3176.8,6918
2025-06-20T13:01:00+05:30,3177.6,3178.0,3175.0,3175.0,4913
2025-06-20T13:02:00+05:30,3175.4,3175.4,3173.1,3173.1,8151
2025-06-20T13:03:00+05:30,3173.1,3175.0,3173.1,3174.7,5341
2025-06-20T13:04:00+05:30,3174.9,3175.0,3173.2,3173.6,5298
2025-06-20T13:05:00+05:30,3173.8,3175.7,3173.6,3174.7,5257
2025-06-20T13:06:00+05:30,3174.7,3175.0,3173.9,3174.0,5290
2025-06-20T13:07:00+05:30,3173.9,3176.0,3173.9,3175.0,8177
2025-06-20T13:08:00+05:30,3175.0,3176.4,3174.3,3175.0,12169
2025-06-20T13:09:00+05:30,3174.6,3176.9,3174.6,3175.4,13080
2025-06-20T13:10:00+05:30,3176.3,3178.4,3175.6,3177.9,6677
2025-06-20T13:11:00+05:30,3178.0,3179.0,3177.1,3177.4,4114
2025-06-20T13:12:00+05:30,3177.4,3178.5,3177.1,3177.6,3728
2025-06-20T13:13:00+05:30,3177.5,3179.0,3175.0,3175.8,6273
2025-06-20T13:14:00+05:30,3175.8,3177.6,3174.7,3176.8,5341
2025-06-20T13:15:00+05:30,3176.1,3177.9,3176.1,3176.8,4007
2025-06-20T13:16:00+05:30,3176.8,3177.1,3175.9,3175.9,5133
2025-06-20T13:17:00+05:30,3175.9,3176.9,3175.9,3175.9,4001
2025-06-20T13:18:00+05:30,3175.9,3178.5,3175.7,3178.0,7256
2025-06-20T13:19:00+05:30,3177.4,3178.0,3176.7,3177.8,10394
2025-06-20T13:20:00+05:30,3178.0,3178.0,3176.0,3176.9,5511
2025-06-20T13:21:00+05:30,3176.9,3178.0,3176.4,3178.0,4865
2025-06-20T13:22:00+05:30,3177.1,3178.0,3177.1,3177.4,7161
2025-06-20T13:23:00+05:30,3177.7,3178.3,3177.3,3178.0,5972
2025-06-20T13:24:00+05:30,3178.0,3178.0,3175.4,3175.4,5308
2025-06-20T13:25:00+05:30,3175.4,3177.6,3175.0,3176.2,6900
2025-06-20T13:26:00+05:30,3176.5,3176.7,3175.3,3176.1,5478
2025-06-20T13:27:00+05:30,3176.1,3178.0,3176.1,3176.6,4904
2025-06-20T13:28:00+05:30,3176.6,3177.9,3176.0,3176.0,5293
2025-06-20T13:29:00+05:30,3176.3,3177.6,3176.0,3176.2,4654
2025-06-20T13:30:00+05:30,3176.2,3178.0,3176.0,3177.9,5513
2025-06-20T13:31:00+05:30,3177.8,3178.0,3174.0,3174.2,8228
2025-06-20T13:32:00+05:30,3175.0,3175.0,3172.0,3172.8,6682
2025-06-20T13:33:00+05:30,3172.8,3175.0,3172.6,3173.3,6071
2025-06-20T13:34:00+05:30,3173.9,3176.5,3173.2,3175.4,5786
2025-06-20T13:35:00+05:30,3176.0,3177.0,3175.0,3176.0,4077
2025-06-20T13:36:00+05:30,3176.0,3176.4,3173.5,3173.7,4923
2025-06-20T13:37:00+05:30,3173.7,3175.0,3173.3,3173.3,3249
2025-06-20T13:38:00+05:30,3173.3,3175.0,3173.3,3173.4,4007
2025-06-20T13:39:00+05:30,3174.8,3175.0,3172.0,3172.0,5261
2025-06-20T13:40:00+05:30,3172.5,3174.0,3172.0,3172.7,5310
2025-06-20T13:41:00+05:30,3172.7,3173.6,3171.5,3172.8,5014
2025-06-20T13:42:00+05:30,3172.5,3173.9,3171.2,3172.1,6024
2025-06-20T13:43:00+05:30,3172.5,3173.5,3171.7,3173.3,4030
2025-06-20T13:44:00+05:30,3173.3,3173.7,3171.5,3171.8,3949
2025-06-20T13:45:00+05:30,3171.8,3172.2,3170.1,3171.5,6954
2025-06-20T13:46:00+05:30,3171.5,3171.7,3170.1,3171.5,5113
2025-06-20T13:47:00+05:30,3171.5,3172.9,3170.5,3171.5,4863
2025-06-20T13:48:00+05:30,3172.9,3173.3,3171.0,3171.4,4504
2025-06-20T13:49:00+05:30,3171.0,3173.0,3170.9,3172.6,4173
2025-06-20T13:50:00+05:30,3172.5,3173.0,3170.2,3170.9,3854
2025-06-20T13:51:00+05:30,3171.2,3172.1,3170.1,3170.7,4047
2025-06-20T13:52:00+05:30,3171.3,3173.3,3170.8,3173.2,4427
2025-06-20T13:53:00+05:30,3172.5,3173.7,3172.2,3172.5,4719
2025-06-20T13:54:00+05:30,3172.5,3174.5,3172.1,3173.4,8272
2025-06-20T13:55:00+05:30,3173.5,3173.7,3171.2,3171.4,5068
2025-06-20T13:56:00+05:30,3171.2,3171.5,3168.5,3169.0,6955
2025-06-20T13:57:00+05:30,3168.9,3171.1,3168.5,3171.0,4682
2025-06-20T13:58:00+05:30,3170.7,3171.0,3167.5,3168.9,5574
2025-06-20T13:59:00+05:30,3168.4,3169.8,3168.0,3168.5,4154
2025-06-20T14:00:00+05:30,3168.5,3174.9,3168.5,3173.7,10276
2025-06-20T14:01:00+05:30,3173.9,3175.8,3172.7,3175.2,8753
2025-06-20T14:02:00+05:30,3175.6,3177.9,3175.2,3176.0,12299
2025-06-20T14:03:00+05:30,3176.0,3176.7,3174.5,3175.1,8318
2025-06-20T14:04:00+05:30,3175.9,3179.4,3175.0,3176.0,28815
2025-06-20T14:05:00+05:30,3176.0,3182.0,3173.1,3182.0,20809
2025-06-20T14:06:00+05:30,3182.0,3183.0,3180.8,3183.0,8635
2025-06-20T14:07:00+05:30,3183.0,3183.0,3180.4,3182.4,8309
2025-06-20T14:08:00+05:30,3182.6,3185.0,3182.4,3184.7,14826
2025-06-20T14:09:00+05:30,3184.7,3185.0,3182.4,3182.4,8772
2025-06-20T14:10:00+05:30,3182.4,3182.7,3179.2,3179.5,14879
2025-06-20T14:11:00+05:30,3180.7,3184.0,3179.5,3183.5,6435
2025-06-20T14:12:00+05:30,3184.0,3184.3,3181.3,3182.5,8438
2025-06-20T14:13:00+05:30,3182.6,3185.0,3181.7,3184.2,12331
2025-06-20T14:14:00+05:30,3184.2,3184.8,3182.8,3184.0,8679
2025-06-20T14:15:00+05:30,3184.0,3187.5,3183.6,3186.1,15338
2025-06-20T14:16:00+05:30,3187.0,3187.5,3186.1,3187.5,8542
2025-06-20T14:17:00+05:30,3187.5,3187.8,3185.6,3187.5,7230
2025-06-20T14:18:00+05:30,3187.5,3189.0,3186.6,3188.4,8857
2025-06-20T14:19:00+05:30,3188.9,3189.0,3185.5,3185.8,30409
2025-06-20T14:20:00+05:30,3186.0,3188.1,3185.8,3186.2,7759
2025-06-20T14:21:00+05:30,3186.9,3187.8,3185.5,3186.0,8206
2025-06-20T14:22:00+05:30,3187.0,3188.0,3186.0,3186.6,7796
2025-06-20T14:23:00+05:30,3187.1,3189.0,3186.6,3187.4,8250
2025-06-20T14:24:00+05:30,3187.4,3188.4,3186.0,3186.3,9549
2025-06-20T14:25:00+05:30,3187.0,3187.0,3182.1,3182.5,9502
2025-06-20T14:26:00+05:30,3182.5,3186.0,3182.1,3183.6,9895
2025-06-20T14:27:00+05:30,3184.4,3184.4,3181.6,3183.9,8190
2025-06-20T14:28:00+05:30,3183.9,3184.6,3182.0,3182.6,8533
2025-06-20T14:29:00+05:30,3182.8,3184.9,3182.6,3183.4,7829
2025-06-20T14:30:00+05:30,3183.6,3184.0,3181.5,3182.0,9314
2025-06-20T14:31:00+05:30,3182.0,3183.6,3181.5,3181.5,7900
2025-06-20T14:32:00+05:30,3181.5,3183.7,3181.5,3182.9,7946
2025-06-20T14:33:00+05:30,3182.6,3186.0,3182.6,3184.5,12204
2025-06-20T14:34:00+05:30,3185.5,3185.6,3182.6,3182.6,8536
2025-06-20T14:35:00+05:30,3183.1,3185.5,3183.0,3184.0,9138
2025-06-20T14:36:00+05:30,3184.4,3186.2,3184.0,3185.3,9789
2025-06-20T14:37:00+05:30,3185.9,3186.7,3185.1,3185.6,7808
2025-06-20T14:38:00+05:30,3186.2,3187.3,3184.7,3184.8,12156
2025-06-20T14:39:00+05:30,3186.0,3187.1,3184.8,3187.1,8153
2025-06-20T14:40:00+05:30,3187.0,3187.1,3185.0,3185.0,13449
2025-06-20T14:41:00+05:30,3185.9,3187.0,3185.1,3186.6,7440
2025-06-20T14:42:00+05:30,3187.0,3187.2,3186.0,3186.9,11401
2025-06-20T14:43:00+05:30,3186.1,3186.9,3186.0,3186.3,10605
2025-06-20T14:44:00+05:30,3186.3,3187.2,3182.2,3183.5,14588
2025-06-20T14:45:00+05:30,3183.0,3185.9,3183.0,3184.9,12253
2025-06-20T14:46:00+05:30,3184.8,3185.7,3183.0,3183.1,12516
2025-06-20T14:47:00+05:30,3183.4,3186.0,3183.2,3184.1,13566
2025-06-20T14:48:00+05:30,3184.5,3185.0,3184.1,3184.2,10991
2025-06-20T14:49:00+05:30,3185.0,3185.1,3183.4,3183.9,17263
2025-06-20T14:50:00+05:30,3185.0,3185.0,3183.0,3183.7,15037
2025-06-20T14:51:00+05:30,3183.7,3185.0,3183.0,3183.0,16426
2025-06-20T14:52:00+05:30,3184.2,3184.3,3180.0,3181.0,28349
2025-06-20T14:53:00+05:30,3182.2,3183.9,3181.0,3182.0,14249
2025-06-20T14:54:00+05:30,3182.7,3183.2,3181.1,3181.6,13571
2025-06-20T14:55:00+05:30,3182.0,3183.1,3180.0,3181.5,12458
2025-06-20T14:56:00+05:30,3180.9,3182.0,3180.1,3181.7,13511
2025-06-20T14:57:00+05:30,3181.8,3182.0,3178.1,3178.1,22774
2025-06-20T14:58:00+05:30,3178.1,3180.0,3177.0,3177.2,19104
2025-06-20T14:59:00+05:30,3177.5,3177.5,3173.2,3173.2,64382
2025-06-20T15:00:00+05:30,3173.8,3175.0,3166.8,3174.5,242208
2025-06-20T15:01:00+05:30,3174.6,3180.0,3172.7,3177.4,130127
2025-06-20T15:02:00+05:30,3177.4,3180.0,3174.1,3178.8,120442
2025-06-20T15:03:00+05:30,3178.8,3180.0,3175.0,3178.1,143996
2025-06-20T15:04:00+05:30,3178.7,3180.8,3175.4,3179.6,145861
2025-06-20T15:05:00+05:30,3178.6,3182.0,3178.0,3180.1,112997
2025-06-20T15:06:00+05:30,3181.2,3181.2,3177.1,3180.0,138132
2025-06-20T15:07:00+05:30,3180.0,3180.2,3177.1,3179.1,109432
2025-06-20T15:08:00+05:30,3179.1,3180.2,3178.0,3178.7,125958
2025-06-20T15:09:00+05:30,3178.6,3183.4,3177.8,3179.5,129536
2025-06-20T15:10:00+05:30,3180.3,3185.0,3179.5,3183.4,145318
2025-06-20T15:11:00+05:30,3183.6,3185.1,3181.8,3185.0,133123
2025-06-20T15:12:00+05:30,3184.6,3189.0,3184.3,3188.7,131708
2025-06-20T15:13:00+05:30,3187.6,3189.0,3182.8,3183.1,134284
2025-06-20T15:14:00+05:30,3183.6,3186.8,3183.1,3184.3,133504
2025-06-20T15:15:00+05:30,3184.2,3188.0,3183.9,3186.1,156829
2025-06-20T15:16:00+05:30,3185.8,3188.0,3183.2,3185.3,126701
2025-06-20T15:17:00+05:30,3185.3,3187.8,3181.9,3182.3,125821
2025-06-20T15:18:00+05:30,3182.3,3187.4,3182.1,3185.7,152937
2025-06-20T15:19:00+05:30,3186.1,3188.0,3185.6,3187.0,126417
2025-06-20T15:20:00+05:30,3186.8,3194.0,3186.8,3192.3,223055
2025-06-20T15:21:00+05:30,3192.6,3197.1,3192.5,3195.2,160554
2025-06-20T15:22:00+05:30,3195.3,3197.9,3192.8,3192.8,138879
2025-06-20T15:23:00+05:30,3192.8,3194.6,3190.3,3191.5,115244
2025-06-20T15:24:00+05:30,3191.7,3192.0,3187.6,3188.2,109179
2025-06-20T15:25:00+05:30,3187.7,3191.5,3187.5,3190.1,117191
2025-06-20T15:26:00+05:30,3191.1,3193.7,3190.0,3190.4,105897
2025-06-20T15:27:00+05:30,3190.3,3198.0,3189.3,3189.4,129622
2025-06-20T15:28:00+05:30,3190.1,3195.1,3186.7,3190.9,84377
2025-06-20T15:29:00+05:30,3191.1,3203.0,3179.1,3189.9,63897
2025-06-23T09:15:00+05:30,3163.7,3184.4,3160.0,3168.3,54622
2025-06-23T09:16:00+05:30,3168.3,3179.7,3167.6,3179.3,34939
2025-06-23T09:17:00+05:30,3178.2,3179.8,3168.0,3169.4,21701
2025-06-23T09:18:00+05:30,3168.0,3174.6,3167.0,3168.0,14269
2025-06-23T09:19:00+05:30,3168.2,3169.4,3166.1,3166.9,7066
2025-06-23T09:20:00+05:30,3166.7,3167.9,3163.0,3166.1,8281
2025-06-23T09:21:00+05:30,3166.1,3168.9,3163.6,3163.6,8205
2025-06-23T09:22:00+05:30,3163.6,3164.0,3156.0,3157.1,11994
2025-06-23T09:23:00+05:30,3156.0,3160.3,3152.2,3153.5,12166
2025-06-23T09:24:00+05:30,3153.5,3156.6,3152.2,3155.9,9444
2025-06-23T09:25:00+05:30,3154.9,3156.0,3150.1,3150.1,4912
2025-06-23T09:26:00+05:30,3151.4,3152.9,3149.9,3151.0,15182
2025-06-23T09:27:00+05:30,3151.0,3151.9,3146.2,3149.6,8786
2025-06-23T09:28:00+05:30,3149.2,3154.3,3147.0,3151.0,10396
2025-06-23T09:29:00+05:30,3151.3,3151.3,3146.0,3148.0,7451
2025-06-23T09:30:00+05:30,3148.3,3151.1,3147.0,3147.1,14174
2025-06-23T09:31:00+05:30,3147.6,3149.6,3143.0,3144.9,10836
2025-06-23T09:32:00+05:30,3145.0,3145.0,3141.4,3141.4,5725
2025-06-23T09:33:00+05:30,3141.4,3143.3,3137.1,3138.0,8332
2025-06-23T09:34:00+05:30,3138.4,3138.9,3135.2,3137.7,8180
2025-06-23T09:35:00+05:30,3137.7,3139.1,3135.0,3136.2,5945
2025-06-23T09:36:00+05:30,3136.0,3137.2,3131.5,3131.6,12009
2025-06-23T09:37:00+05:30,3131.7,3134.0,3130.0,3131.0,12730
2025-06-23T09:38:00+05:30,3131.0,3131.0,3129.7,3130.3,10828
2025-06-23T09:39:00+05:30,3130.3,3133.9,3129.0,3131.2,8194
2025-06-23T09:40:00+05:30,3132.0,3132.9,3129.2,3130.0,4717
2025-06-23T09:41:00+05:30,3130.3,3130.3,3126.0,3126.0,12155
2025-06-23T09:42:00+05:30,3126.1,3127.1,3125.0,3127.0,6718
2025-06-23T09:43:00+05:30,3127.0,3130.0,3125.4,3128.0,7626
2025-06-23T09:44:00+05:30,3127.0,3128.0,3125.4,3125.4,2447
2025-06-23T09:45:00+05:30,3126.0,3128.2,3122.7,3126.9,8077
2025-06-23T09:46:00+05:30,3126.9,3127.5,3124.6,3127.3,6808
2025-06-23T09:47:00+05:30,3127.0,3127.5,3124.3,3125.5,4523
2025-06-23T09:48:00+05:30,3125.1,3130.0,3125.1,3130.0,7871
2025-06-23T09:49:00+05:30,3129.0,3130.0,3126.8,3130.0,4843
2025-06-23T09:50:00+05:30,3130.0,3135.9,3129.6,3134.9,14359
2025-06-23T09:51:00+05:30,3134.9,3135.5,3131.0,3133.8,4974
2025-06-23T09:52:00+05:30,3134.2,3139.0,3133.4,3136.0,4295
2025-06-23T09:53:00+05:30,3136.0,3139.0,3133.1,3138.9,7500
2025-06-23T09:54:00+05:30,3139.8,3141.9,3135.0,3135.3,8940
2025-06-23T09:55:00+05:30,3134.2,3136.3,3132.7,3136.2,9595
2025-06-23T09:56:00+05:30,3135.1,3136.2,3130.0,3130.0,6936
2025-06-23T09:57:00+05:30,3130.0,3134.4,3130.0,3131.6,3611
2025-06-23T09:58:00+05:30,3130.4,3131.7,3128.1,3131.1,6852
2025-06-23T09:59:00+05:30,3129.8,3135.0,3129.6,3135.0,3685
2025-06-23T10:00:00+05:30,3134.6,3136.5,3132.1,3134.6,2949
2025-06-23T10:01:00+05:30,3134.1,3134.6,3130.0,3131.5,3111
2025-06-23T10:02:00+05:30,3132.6,3132.6,3127.1,3128.0,3787
2025-06-23T10:03:00+05:30,3127.1,3133.0,3127.1,3132.5,3037
2025-06-23T10:04:00+05:30,3133.4,3134.8,3127.2,3129.7,4451
2025-06-23T10:05:00+05:30,3130.1,3134.5,3129.7,3133.1,3788
2025-06-23T10:06:00+05:30,3132.1,3133.1,3130.0,3132.9,5577
2025-06-23T10:07:00+05:30,3132.9,3132.9,3130.0,3130.3,1539
2025-06-23T10:08:00+05:30,3130.3,3133.8,3130.0,3130.2,3702
2025-06-23T10:09:00+05:30,3130.3,3134.0,3129.8,3133.1,3099
2025-06-23T10:10:00+05:30,3134.0,3137.5,3133.3,3134.0,4636
2025-06-23T10:11:00+05:30,3134.5,3136.0,3130.9,3135.5,2653
2025-06-23T10:12:00+05:30,3135.4,3135.4,3129.7,3134.2,6108
2025-06-23T10:13:00+05:30,3135.5,3135.5,3131.0,3132.3,2906
2025-06-23T10:14:00+05:30,3132.3,3133.3,3131.1,3132.7,1738
2025-06-23T10:15:00+05:30,3132.0,3135.3,3130.7,3133.6,2121
2025-06-23T10:16:00+05:30,3134.3,3138.6,3133.0,3138.6,4337
2025-06-23T10:17:00+05:30,3138.7,3140.0,3135.1,3140.0,7309
2025-06-23T10:18:00+05:30,3140.0,3143.1,3137.6,3142.6,10239
2025-06-23T10:19:00+05:30,3141.8,3143.1,3140.0,3141.8,10265
2025-06-23T10:20:00+05:30,3142.6,3143.1,3140.0,3140.0,4614
2025-06-23T10:21:00+05:30,3140.1,3142.4,3138.0,3141.1,4376
2025-06-23T10:22:00+05:30,3140.9,3141.7,3138.3,3139.7,4986
2025-06-23T10:23:00+05:30,3140.6,3144.0,3139.7,3142.8,10211
2025-06-23T10:24:00+05:30,3142.8,3146.0,3142.0,3146.0,5475
2025-06-23T10:25:00+05:30,3146.0,3146.0,3142.0,3142.0,6275
2025-06-23T10:26:00+05:30,3142.0,3145.0,3142.0,3143.4,4278
2025-06-23T10:27:00+05:30,3144.4,3146.9,3143.1,3145.7,10449
2025-06-23T10:28:00+05:30,3145.7,3150.4,3145.0,3147.3,9681
2025-06-23T10:29:00+05:30,3148.6,3150.4,3146.2,3150.2,3018
2025-06-23T10:30:00+05:30,3149.8,3151.0,3147.0,3151.0,8245
2025-06-23T10:31:00+05:30,3150.9,3155.0,3149.0,3153.9,14914
2025-06-23T10:32:00+05:30,3153.9,3157.2,3151.0,3152.6,14496
2025-06-23T10:33:00+05:30,3152.6,3153.5,3150.0,3150.1,10650
2025-06-23T10:34:00+05:30,3150.9,3153.4,3150.0,3150.8,6729
2025-06-23T10:35:00+05:30,3150.8,3151.2,3146.4,3147.0,7001
2025-06-23T10:36:00+05:30,3147.0,3147.6,3143.4,3146.9,7921
2025-06-23T10:37:00+05:30,3147.0,3150.3,3146.7,3147.8,5292
2025-06-23T10:38:00+05:30,3147.3,3149.8,3145.6,3148.8,3278
2025-06-23T10:39:00+05:30,3149.1,3153.5,3149.1,3151.9,3920
2025-06-23T10:40:00+05:30,3151.7,3153.0,3150.2,3152.1,4392
2025-06-23T10:41:00+05:30,3152.1,3152.5,3150.0,3150.5,2259
2025-06-23T10:42:00+05:30,3150.0,3152.5,3150.0,3151.0,2227
2025-06-23T10:43:00+05:30,3151.0,3151.1,3147.0,3149.1,5415
2025-06-23T10:44:00+05:30,3149.1,3150.0,3147.5,3149.1,2097
2025-06-23T10:45:00+05:30,3149.1,3151.8,3148.0,3148.0,3430
2025-06-23T10:46:00+05:30,3148.0,3150.4,3147.5,3148.4,1348
2025-06-23T10:47:00+05:30,3148.6,3151.6,3146.2,3151.5,2856
2025-06-23T10:48:00+05:30,3150.2,3151.9,3147.0,3150.6,2663
2025-06-23T10:49:00+05:30,3150.2,3150.7,3147.7,3148.3,1772
2025-06-23T10:50:00+05:30,3148.3,3151.3,3147.2,3148.2,2809
2025-06-23T10:51:00+05:30,3148.1,3148.1,3144.0,3144.6,6352
2025-06-23T10:52:00+05:30,3144.6,3145.4,3138.0,3138.7,9423
2025-06-23T10:53:00+05:30,3138.5,3141.9,3137.4,3141.0,5169
2025-06-23T10:54:00+05:30,3140.5,3146.0,3140.5,3144.3,4507
2025-06-23T10:55:00+05:30,3144.3,3147.7,3141.0,3143.7,2318
2025-06-23T10:56:00+05:30,3144.1,3148.7,3143.2,3146.1,2513
2025-06-23T10:57:00+05:30,3146.1,3148.1,3144.1,3144.9,4318
2025-06-23T10:58:00+05:30,3144.1,3144.9,3141.0,3141.0,1633
2025-06-23T10:59:00+05:30,3141.0,3141.9,3140.4,3140.5,2018
2025-06-23T11:00:00+05:30,3140.5,3141.2,3138.2,3139.8,3684
2025-06-23T11:01:00+05:30,3139.2,3141.7,3138.5,3140.5,2005
2025-06-23T11:02:00+05:30,3141.6,3143.2,3139.1,3140.0,8960
2025-06-23T11:03:00+05:30,3140.0,3141.5,3135.7,3138.4,4121
2025-06-23T11:04:00+05:30,3138.3,3138.3,3134.2,3136.7,4010
2025-06-23T11:05:00+05:30,3136.8,3140.4,3136.2,3137.3,2231
2025-06-23T11:06:00+05:30,3137.3,3139.0,3132.1,3134.7,3322
2025-06-23T11:07:00+05:30,3134.7,3138.8,3134.5,3137.1,4156
2025-06-23T11:08:00+05:30,3137.4,3139.7,3135.8,3137.1,2033
2025-06-23T11:09:00+05:30,3138.4,3140.0,3136.0,3138.3,1944
2025-06-23T11:10:00+05:30,3138.3,3140.2,3136.4,3136.4,2641
2025-06-23T11:11:00+05:30,3136.4,3139.4,3135.5,3138.1,1402
2025-06-23T11:12:00+05:30,3138.1,3140.0,3137.8,3139.0,1952
2025-06-23T11:13:00+05:30,3139.1,3139.6,3137.6,3139.3,2284
2025-06-23T11:14:00+05:30,3138.5,3140.2,3137.9,3139.9,2516
2025-06-23T11:15:00+05:30,3140.1,3141.6,3137.4,3139.6,7050
2025-06-23T11:16:00+05:30,3138.6,3139.7,3135.0,3135.0,4412
2025-06-23T11:17:00+05:30,3135.0,3138.8,3134.4,3136.7,4554
2025-06-23T11:18:00+05:30,3135.8,3138.0,3135.2,3136.9,2171
2025-06-23T11:19:00+05:30,3137.6,3137.8,3135.0,3137.2,3931
2025-06-23T11:20:00+05:30,3137.2,3137.5,3135.8,3135.9,2294
2025-06-23T11:21:00+05:30,3136.0,3139.8,3136.0,3136.7,4711
2025-06-23T11:22:00+05:30,3136.7,3138.6,3135.0,3136.4,5311
2025-06-23T11:23:00+05:30,3135.2,3136.5,3134.0,3135.6,3777
2025-06-23T11:24:00+05:30,3135.6,3138.0,3134.6,3136.5,1191
2025-06-23T11:25:00+05:30,3136.5,3139.0,3135.4,3136.7,2384
2025-06-23T11:26:00+05:30,3136.9,3137.3,3136.0,3136.0,2278
2025-06-23T11:27:00+05:30,3136.8,3139.0,3135.5,3138.6,1437
2025-06-23T11:28:00+05:30,3137.2,3142.5,3137.0,3137.0,6299
2025-06-23T11:29:00+05:30,3137.0,3138.1,3135.2,3136.0,3075
2025-06-23T11:30:00+05:30,3136.8,3138.9,3136.0,3137.4,1557
2025-06-23T11:31:00+05:30,3136.6,3139.1,3136.6,3138.4,3112
2025-06-23T11:32:00+05:30,3137.0,3140.0,3137.0,3140.0,4565
2025-06-23T11:33:00+05:30,3140.0,3142.0,3139.0,3141.1,1598
2025-06-23T11:34:00+05:30,3141.1,3144.0,3141.1,3143.8,3138
2025-06-23T11:35:00+05:30,3143.8,3144.6,3142.2,3143.4,2914
2025-06-23T11:36:00+05:30,3143.4,3145.0,3143.0,3143.0,2835
2025-06-23T11:37:00+05:30,3143.0,3144.0,3141.5,3144.0,1736
2025-06-23T11:38:00+05:30,3144.0,3144.0,3143.4,3144.0,1264
2025-06-23T11:39:00+05:30,3143.8,3144.0,3140.6,3142.1,1464
2025-06-23T11:40:00+05:30,3142.8,3144.0,3142.1,3143.7,2156
2025-06-23T11:41:00+05:30,3143.7,3145.0,3142.2,3144.9,7381
2025-06-23T11:42:00+05:30,3144.8,3145.0,3142.0,3144.8,2275
2025-06-23T11:43:00+05:30,3145.0,3146.0,3144.7,3145.7,3483
2025-06-23T11:44:00+05:30,3145.6,3147.0,3145.0,3146.5,1484
2025-06-23T11:45:00+05:30,3147.0,3147.0,3143.0,3144.6,3498
2025-06-23T11:46:00+05:30,3145.0,3149.4,3144.6,3146.6,9050
2025-06-23T11:47:00+05:30,3145.5,3146.1,3140.5,3141.8,11481
2025-06-23T11:48:00+05:30,3143.0,3143.2,3140.6,3140.6,1976
2025-06-23T11:49:00+05:30,3141.0,3144.6,3140.6,3144.6,5415
2025-06-23T11:50:00+05:30,3143.9,3145.0,3142.0,3142.0,1527
2025-06-23T11:51:00+05:30,3141.9,3142.5,3137.5,3138.0,6706
2025-06-23T11:52:00+05:30,3138.8,3140.8,3137.8,3137.9,2410
2025-06-23T11:53:00+05:30,3138.0,3138.4,3136.0,3137.3,2533
2025-06-23T11:54:00+05:30,3138.0,3138.0,3134.7,3135.0,4882
2025-06-23T11:55:00+05:30,3134.4,3136.5,3134.4,3136.4,1509
2025-06-23T11:56:00+05:30,3136.4,3136.4,3135.0,3135.2,1522
2025-06-23T11:57:00+05:30,3135.2,3136.0,3135.2,3135.4,1018
2025-06-23T11:58:00+05:30,3136.0,3137.5,3135.4,3136.6,6920
2025-06-23T11:59:00+05:30,3136.5,3139.7,3136.0,3137.1,1914
2025-06-23T12:00:00+05:30,3137.1,3137.1,3134.1,3135.9,4461
2025-06-23T12:01:00+05:30,3136.5,3137.1,3133.2,3136.3,4912
2025-06-23T12:02:00+05:30,3136.4,3138.3,3134.0,3137.4,1836
2025-06-23T12:03:00+05:30,3136.5,3137.9,3134.0,3135.4,1448
2025-06-23T12:04:00+05:30,3134.3,3136.9,3134.0,3134.2,979
2025-06-23T12:05:00+05:30,3135.1,3135.1,3132.0,3132.0,5128
2025-06-23T12:06:00+05:30,3132.0,3135.3,3132.0,3134.6,7020
2025-06-23T12:07:00+05:30,3133.2,3136.1,3132.2,3133.1,4973
2025-06-23T12:08:00+05:30,3133.2,3135.0,3132.5,3134.1,3112
2025-06-23T12:09:00+05:30,3134.1,3134.9,3132.2,3133.6,1017
2025-06-23T12:10:00+05:30,3133.5,3135.6,3132.5,3133.5,2036
2025-06-23T12:11:00+05:30,3133.5,3135.0,3133.0,3134.7,1370
2025-06-23T12:12:00+05:30,3134.6,3134.6,3132.5,3132.5,1734
2025-06-23T12:13:00+05:30,3132.9,3133.6,3128.0,3128.6,16176
2025-06-23T12:14:00+05:30,3128.0,3132.2,3128.0,3130.0,3582
2025-06-23T12:15:00+05:30,3130.2,3133.5,3128.6,3133.1,3752
2025-06-23T12:16:00+05:30,3133.1,3133.7,3131.9,3132.6,1091
2025-06-23T12:17:00+05:30,3131.9,3133.5,3131.3,3132.0,650
2025-06-23T12:18:00+05:30,3132.1,3134.9,3131.8,3132.6,9927
2025-06-23T12:19:00+05:30,3132.5,3133.6,3131.3,3133.3,1047
2025-06-23T12:20:00+05:30,3133.0,3135.6,3131.4,3135.4,1764
2025-06-23T12:21:00+05:30,3135.4,3135.6,3132.3,3133.8,2326
2025-06-23T12:22:00+05:30,3133.6,3135.0,3133.0,3133.8,1872
2025-06-23T12:23:00+05:30,3133.9,3134.4,3131.8,3134.0,3006
2025-06-23T12:24:00+05:30,3134.0,3134.0,3129.6,3132.3,4273
2025-06-23T12:25:00+05:30,3132.3,3133.1,3130.3,3131.2,3160
2025-06-23T12:26:00+05:30,3130.3,3132.9,3130.2,3130.8,1323
2025-06-23T12:27:00+05:30,3130.8,3134.9,3130.5,3133.5,1177
2025-06-23T12:28:00+05:30,3133.5,3134.3,3131.8,3133.9,2131
2025-06-23T12:29:00+05:30,3133.9,3135.0,3132.3,3135.0,2271
2025-06-23T12:30:00+05:30,3135.0,3136.8,3134.4,3135.9,2453
2025-06-23T12:31:00+05:30,3134.6,3137.0,3134.4,3136.8,1794
2025-06-23T12:32:00+05:30,3136.8,3136.8,3133.2,3134.6,2672
2025-06-23T12:33:00+05:30,3133.4,3134.6,3130.7,3131.1,2062
2025-06-23T12:34:00+05:30,3131.8,3133.9,3130.0,3133.0,1756
2025-06-23T12:35:00+05:30,3133.0,3133.0,3131.3,3132.0,2849
2025-06-23T12:36:00+05:30,3132.0,3132.0,3130.0,3131.5,4868
2025-06-23T12:37:00+05:30,3130.2,3131.6,3129.0,3130.5,4602
2025-06-23T12:38:00+05:30,3130.4,3130.6,3128.0,3128.3,2267
2025-06-23T12:39:00+05:30,3128.7,3132.0,3128.4,3131.8,2213
2025-06-23T12:40:00+05:30,3131.8,3132.0,3128.5,3131.3,1706
2025-06-23T12:41:00+05:30,3130.7,3132.8,3130.5,3132.8,1285
2025-06-23T12:42:00+05:30,3132.7,3133.0,3131.3,3132.3,1121
2025-06-23T12:43:00+05:30,3132.3,3133.0,3131.0,3133.0,1611
2025-06-23T12:44:00+05:30,3132.3,3133.0,3131.7,3133.0,730
2025-06-23T12:45:00+05:30,3133.0,3133.0,3131.5,3131.5,1618
2025-06-23T12:46:00+05:30,3132.0,3132.5,3131.0,3132.4,1092
2025-06-23T12:47:00+05:30,3131.8,3132.2,3130.0,3131.0,2547
2025-06-23T12:48:00+05:30,3131.0,3131.9,3130.0,3130.0,2326
2025-06-23T12:49:00+05:30,3130.0,3131.0,3130.0,3130.7,1636
2025-06-23T12:50:00+05:30,3130.7,3131.9,3130.0,3131.5,3066
2025-06-23T12:51:00+05:30,3130.9,3132.6,3130.0,3130.1,1984
2025-06-23T12:52:00+05:30,3131.3,3131.9,3130.1,3131.0,581
2025-06-23T12:53:00+05:30,3131.4,3133.0,3131.4,3132.9,1334
2025-06-23T12:54:00+05:30,3132.8,3132.8,3130.0,3130.6,2270
2025-06-23T12:55:00+05:30,3130.6,3132.0,3129.2,3131.4,1810
2025-06-23T12:56:00+05:30,3130.7,3132.6,3129.9,3132.0,1107
2025-06-23T12:57:00+05:30,3131.2,3135.1,3130.9,3132.8,11120
2025-06-23T12:58:00+05:30,3132.9,3133.8,3128.2,3130.0,13664
2025-06-23T12:59:00+05:30,3131.0,3131.7,3129.6,3131.7,1038
2025-06-23T13:00:00+05:30,3131.8,3135.0,3131.2,3134.1,3645
2025-06-23T13:01:00+05:30,3134.0,3136.0,3133.4,3135.8,4206
2025-06-23T13:02:00+05:30,3135.7,3136.0,3134.6,3134.9,1727
2025-06-23T13:03:00+05:30,3135.1,3135.1,3131.7,3131.7,3226
2025-06-23T13:04:00+05:30,3132.9,3133.4,3129.4,3130.8,3733
2025-06-23T13:05:00+05:30,3130.5,3131.3,3129.1,3129.4,1650
2025-06-23T13:06:00+05:30,3130.7,3133.1,3130.4,3131.5,1022
2025-06-23T13:07:00+05:30,3132.2,3134.9,3131.5,3134.1,1298
2025-06-23T13:08:00+05:30,3133.4,3134.1,3132.0,3132.6,1299
2025-06-23T13:09:00+05:30,3132.5,3133.5,3130.5,3132.7,1493
2025-06-23T13:10:00+05:30,3132.7,3135.0,3131.6,3132.8,1431
2025-06-23T13:11:00+05:30,3132.7,3132.7,3131.0,3132.2,2039
2025-06-23T13:12:00+05:30,3132.0,3133.5,3130.8,3132.2,937
2025-06-23T13:13:00+05:30,3132.1,3134.4,3131.4,3132.8,1728
2025-06-23T13:14:00+05:30,3132.8,3134.6,3131.3,3132.8,1049
2025-06-23T13:15:00+05:30,3132.8,3134.9,3132.5,3134.3,837
2025-06-23T13:16:00+05:30,3134.5,3135.0,3132.0,3132.5,1549
2025-06-23T13:17:00+05:30,3132.5,3134.0,3131.0,3131.0,7182
2025-06-23T13:18:00+05:30,3131.0,3134.9,3131.0,3131.0,2307
2025-06-23T13:19:00+05:30,3131.1,3132.5,3131.0,3132.2,3370
2025-06-23T13:20:00+05:30,3133.8,3136.0,3132.6,3135.1,7834
2025-06-23T13:21:00+05:30,3135.0,3140.0,3135.0,3140.0,7085
2025-06-23T13:22:00+05:30,3140.5,3141.6,3137.8,3138.5,4300
2025-06-23T13:23:00+05:30,3138.5,3140.9,3137.7,3138.5,4586
2025-06-23T13:24:00+05:30,3139.5,3141.0,3138.0,3141.0,4450
2025-06-23T13:25:00+05:30,3140.2,3143.0,3140.0,3141.0,4251
2025-06-23T13:26:00+05:30,3140.8,3142.0,3140.3,3142.0,2885
2025-06-23T13:27:00+05:30,3141.4,3143.2,3141.4,3141.5,4257
2025-06-23T13:28:00+05:30,3142.2,3142.2,3141.0,3141.0,2844
2025-06-23T13:29:00+05:30,3141.8,3142.2,3141.0,3141.5,1177
2025-06-23T13:30:00+05:30,3141.8,3144.0,3141.0,3143.5,2516
2025-06-23T13:31:00+05:30,3143.9,3144.0,3142.2,3142.6,2007
2025-06-23T13:32:00+05:30,3142.0,3142.6,3141.5,3141.7,1567
2025-06-23T13:33:00+05:30,3141.0,3142.2,3140.0,3140.4,2298
2025-06-23T13:34:00+05:30,3140.4,3141.6,3139.4,3141.6,2819
2025-06-23T13:35:00+05:30,3140.8,3143.4,3140.8,3142.8,3100
2025-06-23T13:36:00+05:30,3142.1,3143.0,3141.1,3142.9,1983
2025-06-23T13:37:00+05:30,3142.9,3143.0,3142.0,3142.2,1078
2025-06-23T13:38:00+05:30,3142.2,3143.4,3142.1,3143.0,2038
2025-06-23T13:39:00+05:30,3143.0,3143.5,3142.8,3143.0,1246
2025-06-23T13:40:00+05:30,3143.0,3145.0,3143.0,3143.7,4638
2025-06-23T13:41:00+05:30,3143.2,3144.9,3141.9,3141.9,1887
2025-06-23T13:42:00+05:30,3142.1,3142.9,3141.9,3142.4,1063
2025-06-23T13:43:00+05:30,3142.3,3142.6,3140.3,3140.9,1065
2025-06-23T13:44:00+05:30,3140.9,3140.9,3138.5,3138.5,3968
2025-06-23T13:45:00+05:30,3139.6,3141.1,3138.6,3139.7,1701
2025-06-23T13:46:00+05:30,3140.4,3141.8,3139.3,3141.1,1658
2025-06-23T13:47:00+05:30,3140.6,3141.9,3140.6,3141.9,890
2025-06-23T13:48:00+05:30,3141.0,3141.8,3140.9,3141.3,1253
2025-06-23T13:49:00+05:30,3141.7,3144.9,3141.3,3143.5,5565
2025-06-23T13:50:00+05:30,3144.0,3144.3,3142.2,3142.3,1762
2025-06-23T13:51:00+05:30,3142.6,3144.5,3142.0,3144.5,1455
2025-06-23T13:52:00+05:30,3144.5,3144.5,3139.6,3141.7,2669
2025-06-23T13:53:00+05:30,3142.9,3143.9,3140.1,3141.5,1000
2025-06-23T13:54:00+05:30,3141.0,3142.3,3140.2,3141.5,1152
2025-06-23T13:55:00+05:30,3141.5,3143.5,3140.4,3140.4,2250
2025-06-23T13:56:00+05:30,3140.1,3143.5,3140.0,3142.4,2310
2025-06-23T13:57:00+05:30,3142.3,3143.0,3140.2,3140.8,1112
2025-06-23T13:58:00+05:30,3140.8,3142.3,3140.2,3142.3,1236
2025-06-23T13:59:00+05:30,3142.0,3142.1,3140.3,3142.0,1916
2025-06-23T14:00:00+05:30,3142.0,3143.0,3141.2,3142.5,1374
2025-06-23T14:01:00+05:30,3141.8,3144.6,3141.8,3144.6,5630
2025-06-23T14:02:00+05:30,3144.4,3147.0,3143.6,3146.4,4814
2025-06-23T14:03:00+05:30,3146.4,3147.6,3143.6,3144.9,4678
2025-06-23T14:04:00+05:30,3145.4,3148.0,3144.4,3147.3,3719
2025-06-23T14:05:00+05:30,3147.9,3149.0,3145.4,3145.4,3948
2025-06-23T14:06:00+05:30,3145.4,3147.0,3145.4,3146.6,2032
2025-06-23T14:07:00+05:30,3146.6,3148.8,3146.0,3147.9,2154
2025-06-23T14:08:00+05:30,3147.7,3149.0,3145.8,3147.3,4226
2025-06-23T14:09:00+05:30,3147.3,3149.8,3145.0,3148.9,3187
2025-06-23T14:10:00+05:30,3149.6,3149.6,3146.2,3146.5,1544
2025-06-23T14:11:00+05:30,3146.5,3148.4,3146.0,3147.1,2277
2025-06-23T14:12:00+05:30,3147.1,3147.8,3146.0,3146.3,2437
2025-06-23T14:13:00+05:30,3146.3,3146.5,3145.0,3146.1,2135
2025-06-23T14:14:00+05:30,3146.5,3147.8,3145.5,3146.6,1417
2025-06-23T14:15:00+05:30,3145.5,3146.6,3145.0,3145.3,1796
2025-06-23T14:16:00+05:30,3145.1,3149.0,3140.2,3141.1,8212
2025-06-23T14:17:00+05:30,3141.3,3142.9,3140.0,3142.4,2213
2025-06-23T14:18:00+05:30,3142.6,3142.7,3141.2,3141.2,1772
2025-06-23T14:19:00+05:30,3141.5,3142.3,3140.1,3140.1,1587
2025-06-23T14:20:00+05:30,3140.6,3141.2,3137.0,3140.3,4187
2025-06-23T14:21:00+05:30,3141.4,3143.0,3137.0,3140.8,7411
2025-06-23T14:22:00+05:30,3140.4,3142.9,3138.3,3138.4,3641
2025-06-23T14:23:00+05:30,3139.1,3142.0,3138.4,3139.2,1598
2025-06-23T14:24:00+05:30,3139.6,3141.4,3138.0,3139.1,2028
2025-06-23T14:25:00+05:30,3139.2,3141.0,3137.8,3139.1,2274
2025-06-23T14:26:00+05:30,3139.5,3140.3,3138.1,3139.2,1701
2025-06-23T14:27:00+05:30,3138.7,3138.7,3137.5,3138.4,1484
2025-06-23T14:28:00+05:30,3138.1,3139.0,3137.0,3138.5,3096
2025-06-23T14:29:00+05:30,3138.3,3138.9,3134.0,3138.3,5649
2025-06-23T14:30:00+05:30,3138.3,3138.3,3132.6,3133.6,4299
2025-06-23T14:31:00+05:30,3134.2,3136.3,3133.4,3134.4,2150
2025-06-23T14:32:00+05:30,3134.6,3137.0,3133.8,3137.0,4951
2025-06-23T14:33:00+05:30,3136.8,3137.3,3134.0,3135.0,1833
2025-06-23T14:34:00+05:30,3134.2,3135.2,3134.0,3134.1,1431
2025-06-23T14:35:00+05:30,3134.0,3134.9,3133.1,3134.9,3235
2025-06-23T14:36:00+05:30,3134.8,3136.6,3133.2,3134.4,2499
2025-06-23T14:37:00+05:30,3134.3,3136.7,3131.5,3131.8,9181
2025-06-23T14:38:00+05:30,3131.5,3133.7,3130.0,3132.4,4249
2025-06-23T14:39:00+05:30,3132.4,3132.4,3130.0,3131.0,3885
2025-06-23T14:40:00+05:30,3131.9,3134.5,3131.1,3133.9,2457
2025-06-23T14:41:00+05:30,3134.1,3135.7,3132.0,3133.9,4504
2025-06-23T14:42:00+05:30,3133.5,3134.7,3131.1,3134.4,2021
2025-06-23T14:43:00+05:30,3134.2,3135.0,3131.0,3131.1,2276
2025-06-23T14:44:00+05:30,3131.0,3134.4,3130.0,3133.3,2953
2025-06-23T14:45:00+05:30,3133.9,3135.6,3133.0,3133.6,1320
2025-06-23T14:46:00+05:30,3133.5,3134.7,3131.3,3133.5,3345
2025-06-23T14:47:00+05:30,3134.0,3134.2,3131.3,3132.2,2905
2025-06-23T14:48:00+05:30,3132.1,3134.8,3130.2,3130.2,4234
2025-06-23T14:49:00+05:30,3131.1,3134.1,3130.7,3133.0,2727
2025-06-23T14:50:00+05:30,3133.3,3134.7,3132.0,3132.0,2791
2025-06-23T14:51:00+05:30,3132.3,3132.3,3130.6,3130.6,2115
2025-06-23T14:52:00+05:30,3131.0,3132.9,3130.6,3130.8,2879
2025-06-23T14:53:00+05:30,3130.7,3131.9,3128.5,3131.8,6912
2025-06-23T14:54:00+05:30,3131.4,3133.0,3131.4,3133.0,1910
2025-06-23T14:55:00+05:30,3133.0,3133.8,3131.1,3132.1,6507
2025-06-23T14:56:00+05:30,3132.0,3132.1,3130.9,3131.7,2489
2025-06-23T14:57:00+05:30,3131.7,3132.0,3130.0,3130.1,1669
2025-06-23T14:58:00+05:30,3130.5,3133.9,3129.5,3133.2,4229
2025-06-23T14:59:00+05:30,3133.9,3134.9,3132.5,3134.1,4035
2025-06-23T15:00:00+05:30,3134.0,3134.1,3131.0,3132.3,5451
2025-06-23T15:01:00+05:30,3132.9,3136.8,3132.6,3136.3,9120
2025-06-23T15:02:00+05:30,3136.3,3138.5,3136.2,3138.3,5109
2025-06-23T15:03:00+05:30,3138.3,3138.3,3134.5,3134.5,5733
2025-06-23T15:04:00+05:30,3135.6,3135.6,3132.9,3133.9,3090
2025-06-23T15:05:00+05:30,3134.0,3136.1,3132.0,3135.5,4908
2025-06-23T15:06:00+05:30,3136.1,3138.0,3134.1,3135.5,4584
2025-06-23T15:07:00+05:30,3136.0,3136.9,3135.0,3135.3,3756
2025-06-23T15:08:00+05:30,3135.3,3137.0,3135.1,3135.9,5209
2025-06-23T15:09:00+05:30,3136.2,3137.0,3135.0,3135.4,8124
2025-06-23T15:10:00+05:30,3136.7,3137.0,3135.9,3135.9,4966
2025-06-23T15:11:00+05:30,3136.4,3138.0,3135.3,3137.3,11756
2025-06-23T15:12:00+05:30,3137.3,3137.6,3135.7,3135.8,7238
2025-06-23T15:13:00+05:30,3136.1,3137.0,3135.6,3136.1,6721
2025-06-23T15:14:00+05:30,3136.1,3137.2,3136.0,3136.4,7888
2025-06-23T15:15:00+05:30,3136.4,3137.0,3135.1,3135.1,9669
2025-06-23T15:16:00+05:30,3135.3,3136.3,3134.2,3135.4,10845
2025-06-23T15:17:00+05:30,3135.4,3136.4,3135.0,3135.0,7774
2025-06-23T15:18:00+05:30,3135.3,3135.7,3132.1,3132.1,9593
2025-06-23T15:19:00+05:30,3132.4,3135.0,3131.2,3134.0,9043
2025-06-23T15:20:00+05:30,3134.7,3134.7,3130.5,3133.2,9361
2025-06-23T15:21:00+05:30,3133.4,3135.0,3133.2,3134.7,4153
2025-06-23T15:22:00+05:30,3134.7,3136.6,3134.7,3135.8,6989
2025-06-23T15:23:00+05:30,3135.8,3136.2,3134.9,3135.1,4089
2025-06-23T15:24:00+05:30,3135.1,3135.1,3131.0,3132.9,9103
2025-06-23T15:25:00+05:30,3132.8,3134.8,3132.3,3133.8,6079
2025-06-23T15:26:00+05:30,3133.9,3134.2,3133.0,3133.9,7143
2025-06-23T15:27:00+05:30,3133.9,3134.1,3132.9,3133.8,5382
2025-06-23T15:28:00+05:30,3133.8,3138.0,3132.2,3138.0,12122
2025-06-23T15:29:00+05:30,3136.6,3138.0,3132.0,3136.0,3294
2025-06-24T09:15:00+05:30,3156.0,3182.3,3155.2,3180.6,36211
2025-06-24T09:16:00+05:30,3182.0,3193.5,3181.7,3187.8,31152
2025-06-24T09:17:00+05:30,3186.9,3192.7,3185.6,3186.9,20597
2025-06-24T09:18:00+05:30,3187.9,3189.9,3183.3,3187.7,10322
2025-06-24T09:19:00+05:30,3187.6,3192.6,3187.0,3191.0,14002
2025-06-24T09:20:00+05:30,3190.8,3197.4,3190.0,3196.5,15615
2025-06-24T09:21:00+05:30,3197.0,3202.5,3196.0,3201.0,25492
2025-06-24T09:22:00+05:30,3200.6,3205.0,3198.1,3205.0,22717
2025-06-24T09:23:00+05:30,3205.0,3209.5,3204.0,3208.2,19965
2025-06-24T09:24:00+05:30,3208.2,3213.3,3207.8,3210.7,26250
2025-06-24T09:25:00+05:30,3212.0,3214.4,3206.0,3208.7,22656
2025-06-24T09:26:00+05:30,3207.3,3212.2,3206.0,3207.7,19751
2025-06-24T09:27:00+05:30,3207.7,3207.8,3200.3,3207.0,18589
2025-06-24T09:28:00+05:30,3207.0,3210.0,3203.0,3208.4,12542
2025-06-24T09:29:00+05:30,3208.5,3212.5,3207.0,3211.6,16498
2025-06-24T09:30:00+05:30,3211.6,3215.9,3209.4,3215.9,20896
2025-06-24T09:31:00+05:30,3216.0,3216.6,3208.0,3209.2,20571
2025-06-24T09:32:00+05:30,3209.1,3209.3,3203.1,3203.4,20897
2025-06-24T09:33:00+05:30,3204.9,3204.9,3197.0,3198.9,27260
2025-06-24T09:34:00+05:30,3198.8,3203.5,3197.6,3200.4,19057
2025-06-24T09:35:00+05:30,3201.9,3202.5,3197.0,3197.0,10460
2025-06-24T09:36:00+05:30,3197.0,3197.9,3193.3,3195.0,13851
2025-06-24T09:37:00+05:30,3195.9,3195.9,3190.0,3190.1,11463
2025-06-24T09:38:00+05:30,3190.0,3193.9,3189.9,3191.2,15208
2025-06-24T09:39:00+05:30,3191.2,3191.4,3185.1,3187.7,9616
2025-06-24T09:40:00+05:30,3187.7,3189.3,3183.5,3183.5,8310
2025-06-24T09:41:00+05:30,3184.4,3190.0,3182.6,3189.8,5600
2025-06-24T09:42:00+05:30,3189.6,3192.7,3187.8,3191.8,13441
2025-06-24T09:43:00+05:30,3192.0,3196.8,3189.1,3196.2,8362
2025-06-24T09:44:00+05:30,3196.0,3196.3,3192.5,3195.6,5716
2025-06-24T09:45:00+05:30,3195.5,3195.8,3186.1,3187.8,9987
2025-06-24T09:46:00+05:30,3189.6,3189.6,3184.0,3184.9,7659
2025-06-24T09:47:00+05:30,3184.9,3189.0,3184.9,3186.0,3699
2025-06-24T09:48:00+05:30,3187.1,3187.5,3180.1,3180.3,10756
2025-06-24T09:49:00+05:30,3180.3,3184.4,3180.0,3182.7,7748
2025-06-24T09:50:00+05:30,3181.5,3187.8,3181.0,3187.8,3009
2025-06-24T09:51:00+05:30,3186.9,3190.7,3186.7,3188.6,8794
2025-06-24T09:52:00+05:30,3189.5,3191.7,3188.2,3191.0,1889
2025-06-24T09:53:00+05:30,3190.4,3191.9,3188.0,3189.0,8822
2025-06-24T09:54:00+05:30,3188.1,3189.7,3187.0,3188.5,2380
2025-06-24T09:55:00+05:30,3188.4,3189.5,3187.0,3188.5,2795
2025-06-24T09:56:00+05:30,3188.7,3190.9,3187.1,3189.6,3371
2025-06-24T09:57:00+05:30,3190.9,3196.6,3189.6,3196.0,9758
2025-06-24T09:58:00+05:30,3196.0,3198.0,3195.0,3196.0,3734
2025-06-24T09:59:00+05:30,3195.3,3196.3,3193.2,3193.9,7626
2025-06-24T10:00:00+05:30,3193.9,3196.4,3193.2,3195.9,3739
2025-06-24T10:01:00+05:30,3195.0,3196.5,3194.0,3194.5,2686
2025-06-24T10:02:00+05:30,3194.5,3198.5,3193.5,3197.9,4157
2025-06-24T10:03:00+05:30,3197.1,3198.9,3196.3,3198.0,3323
2025-06-24T10:04:00+05:30,3198.0,3201.9,3197.0,3201.0,12448
2025-06-24T10:05:00+05:30,3200.1,3203.0,3200.0,3202.9,3927
2025-06-24T10:06:00+05:30,3202.9,3204.8,3201.4,3204.0,5316
2025-06-24T10:07:00+05:30,3203.4,3204.6,3200.1,3201.0,3297
2025-06-24T10:08:00+05:30,3200.2,3203.4,3198.2,3201.2,8956
2025-06-24T10:09:00+05:30,3201.2,3202.0,3198.5,3201.0,5916
2025-06-24T10:10:00+05:30,3201.0,3206.8,3199.5,3205.8,10612
2025-06-24T10:11:00+05:30,3206.8,3212.7,3205.5,3210.4,25616
2025-06-24T10:12:00+05:30,3210.3,3214.0,3206.5,3213.4,18762
2025-06-24T10:13:00+05:30,3213.3,3213.3,3208.0,3208.8,3755
2025-06-24T10:14:00+05:30,3208.1,3211.6,3207.2,3209.1,5509
2025-06-24T10:15:00+05:30,3210.4,3213.0,3209.0,3212.0,5783
2025-06-24T10:16:00+05:30,3211.6,3212.5,3208.9,3209.3,3342
2025-06-24T10:17:00+05:30,3210.7,3210.7,3206.3,3208.7,3325
2025-06-24T10:18:00+05:30,3208.7,3208.7,3206.3,3207.0,1963
2025-06-24T10:19:00+05:30,3207.0,3208.0,3205.5,3206.3,2318
2025-06-24T10:20:00+05:30,3206.0,3206.0,3200.0,3201.9,7646
2025-06-24T10:21:00+05:30,3203.0,3203.5,3201.2,3202.9,2649
2025-06-24T10:22:00+05:30,3202.0,3208.0,3201.2,3205.2,9974
2025-06-24T10:23:00+05:30,3205.0,3208.5,3202.7,3206.3,2384
2025-06-24T10:24:00+05:30,3206.1,3207.9,3204.4,3207.0,2875
2025-06-24T10:25:00+05:30,3205.8,3207.0,3202.5,3204.0,1344
2025-06-24T10:26:00+05:30,3202.7,3205.5,3202.5,3205.3,1459
2025-06-24T10:27:00+05:30,3204.2,3206.8,3204.0,3205.0,1540
2025-06-24T10:28:00+05:30,3205.0,3205.0,3202.0,3204.3,2140
2025-06-24T10:29:00+05:30,3204.3,3205.0,3201.0,3202.2,4021
2025-06-24T10:30:00+05:30,3203.3,3204.9,3201.3,3202.6,3066
2025-06-24T10:31:00+05:30,3201.3,3204.5,3200.4,3203.2,3547
2025-06-24T10:32:00+05:30,3203.2,3203.2,3198.1,3200.7,4279
2025-06-24T10:33:00+05:30,3200.7,3202.0,3199.5,3199.9,2727
2025-06-24T10:34:00+05:30,3200.0,3201.0,3199.2,3200.6,1401
2025-06-24T10:35:00+05:30,3200.3,3201.9,3197.0,3201.0,4515
2025-06-24T10:36:00+05:30,3199.5,3200.0,3198.0,3198.8,1405
2025-06-24T10:37:00+05:30,3198.8,3200.0,3196.4,3198.0,2261
2025-06-24T10:38:00+05:30,3197.2,3199.7,3197.2,3198.8,2464
2025-06-24T10:39:00+05:30,3198.9,3199.4,3197.3,3198.5,677
2025-06-24T10:40:00+05:30,3198.0,3200.0,3197.4,3199.5,1539
2025-06-24T10:41:00+05:30,3199.5,3199.5,3194.7,3194.7,4194
2025-06-24T10:42:00+05:30,3195.0,3198.0,3193.8,3196.2,1962
2025-06-24T10:43:00+05:30,3196.0,3198.0,3196.0,3197.9,1202
2025-06-24T10:44:00+05:30,3197.5,3200.0,3196.6,3199.5,1006
2025-06-24T10:45:00+05:30,3200.0,3200.0,3197.8,3199.5,1550
2025-06-24T10:46:00+05:30,3198.0,3199.6,3197.3,3198.9,739
2025-06-24T10:47:00+05:30,3198.0,3199.9,3198.0,3199.6,880
2025-06-24T10:48:00+05:30,3199.6,3200.0,3198.0,3199.9,911
2025-06-24T10:49:00+05:30,3199.3,3199.3,3195.0,3195.0,1923
2025-06-24T10:50:00+05:30,3195.8,3195.9,3189.5,3190.8,8742
2025-06-24T10:51:00+05:30,3190.3,3193.0,3188.9,3193.0,2731
2025-06-24T10:52:00+05:30,3193.0,3195.0,3192.0,3195.0,1731
2025-06-24T10:53:00+05:30,3193.2,3197.0,3192.7,3195.0,2052
2025-06-24T10:54:00+05:30,3195.0,3197.0,3193.2,3195.4,941
2025-06-24T10:55:00+05:30,3196.4,3197.5,3194.9,3197.5,666
2025-06-24T10:56:00+05:30,3197.5,3198.8,3196.1,3198.8,1586
2025-06-24T10:57:00+05:30,3198.8,3203.6,3198.6,3202.2,6421
2025-06-24T10:58:00+05:30,3203.0,3205.0,3201.9,3203.8,3900
2025-06-24T10:59:00+05:30,3203.4,3204.0,3202.0,3202.5,2760
2025-06-24T11:00:00+05:30,3202.0,3205.0,3202.0,3204.6,1720
2025-06-24T11:01:00+05:30,3204.0,3206.6,3203.5,3205.9,4263
2025-06-24T11:02:00+05:30,3205.0,3205.0,3203.0,3204.0,824
2025-06-24T11:03:00+05:30,3204.0,3204.5,3201.9,3203.2,3018
2025-06-24T11:04:00+05:30,3203.2,3204.2,3201.9,3201.9,1973
2025-06-24T11:05:00+05:30,3202.5,3205.0,3201.9,3202.7,4983
2025-06-24T11:06:00+05:30,3202.7,3207.0,3202.7,3207.0,4756
2025-06-24T11:07:00+05:30,3207.0,3209.4,3205.7,3207.0,8407
2025-06-24T11:08:00+05:30,3207.0,3208.8,3205.0,3206.7,3524
2025-06-24T11:09:00+05:30,3206.7,3209.0,3204.6,3209.0,3446
2025-06-24T11:10:00+05:30,3209.0,3209.0,3205.6,3208.3,4699
2025-06-24T11:11:00+05:30,3207.5,3208.8,3206.7,3207.7,3406
2025-06-24T11:12:00+05:30,3207.1,3208.0,3206.0,3207.5,3954
2025-06-24T11:13:00+05:30,3207.5,3207.9,3206.0,3207.0,1440
2025-06-24T11:14:00+05:30,3207.5,3207.5,3205.6,3206.0,832
2025-06-24T11:15:00+05:30,3206.1,3208.0,3205.5,3205.9,4572
2025-06-24T11:16:00+05:30,3207.1,3207.8,3205.8,3207.8,1587
2025-06-24T11:17:00+05:30,3207.2,3207.8,3204.5,3205.5,1659
2025-06-24T11:18:00+05:30,3205.5,3207.0,3203.4,3207.0,2366
2025-06-24T11:19:00+05:30,3206.5,3207.0,3205.1,3206.8,1926
2025-06-24T11:20:00+05:30,3206.8,3206.8,3204.7,3205.8,1248
2025-06-24T11:21:00+05:30,3205.8,3206.8,3205.0,3206.8,1685
2025-06-24T11:22:00+05:30,3206.5,3207.0,3204.9,3206.0,3188
2025-06-24T11:23:00+05:30,3206.0,3207.0,3204.5,3207.0,2020
2025-06-24T11:24:00+05:30,3207.0,3208.2,3206.1,3208.0,3039
2025-06-24T11:25:00+05:30,3207.9,3208.8,3206.6,3208.7,2559
2025-06-24T11:26:00+05:30,3208.7,3209.1,3206.8,3208.1,3167
2025-06-24T11:27:00+05:30,3208.7,3212.0,3207.2,3208.9,29092
2025-06-24T11:28:00+05:30,3208.9,3209.0,3206.5,3207.7,6839
2025-06-24T11:29:00+05:30,3207.7,3207.9,3205.5,3205.9,4922
2025-06-24T11:30:00+05:30,3205.9,3206.1,3203.0,3203.9,4886
2025-06-24T11:31:00+05:30,3205.1,3205.1,3201.0,3205.1,3077
2025-06-24T11:32:00+05:30,3205.0,3210.9,3204.1,3207.0,28040
2025-06-24T11:33:00+05:30,3207.0,3209.0,3204.0,3208.7,2826
2025-06-24T11:34:00+05:30,3209.0,3209.9,3207.3,3208.6,2163
2025-06-24T11:35:00+05:30,3208.6,3209.5,3207.0,3209.1,4058
2025-06-24T11:36:00+05:30,3209.1,3209.6,3207.1,3209.0,2503
2025-06-24T11:37:00+05:30,3209.0,3209.9,3208.2,3209.5,2153
2025-06-24T11:38:00+05:30,3209.5,3212.0,3208.2,3209.0,9101
2025-06-24T11:39:00+05:30,3208.8,3210.3,3207.5,3209.7,4137
2025-06-24T11:40:00+05:30,3209.7,3210.0,3208.0,3209.1,1390
2025-06-24T11:41:00+05:30,3209.1,3210.0,3208.4,3209.9,2314
2025-06-24T11:42:00+05:30,3208.7,3209.9,3208.0,3208.5,1460
2025-06-24T11:43:00+05:30,3209.7,3210.0,3207.3,3208.3,4956
2025-06-24T11:44:00+05:30,3208.3,3209.9,3207.3,3209.2,1706
2025-06-24T11:45:00+05:30,3209.0,3209.2,3207.2,3208.2,2006
2025-06-24T11:46:00+05:30,3208.8,3208.8,3206.9,3207.1,914
2025-06-24T11:47:00+05:30,3207.1,3209.0,3206.2,3207.7,2557
2025-06-24T11:48:00+05:30,3207.7,3209.1,3206.4,3208.8,1813
2025-06-24T11:49:00+05:30,3208.6,3208.9,3206.1,3206.8,2070
2025-06-24T11:50:00+05:30,3208.0,3208.0,3206.1,3207.9,1211
2025-06-24T11:51:00+05:30,3207.9,3208.2,3206.8,3208.2,1869
2025-06-24T11:52:00+05:30,3208.2,3209.2,3207.0,3207.1,2813
2025-06-24T11:53:00+05:30,3208.0,3208.5,3206.9,3207.2,1154
2025-06-24T11:54:00+05:30,3207.2,3209.2,3207.0,3208.4,2683
2025-06-24T11:55:00+05:30,3208.4,3212.0,3208.1,3211.6,16565
2025-06-24T11:56:00+05:30,3212.0,3214.9,3210.6,3213.7,11336
2025-06-24T11:57:00+05:30,3214.8,3214.9,3213.0,3214.0,6681
2025-06-24T11:58:00+05:30,3213.1,3214.5,3211.1,3213.2,5587
2025-06-24T11:59:00+05:30,3213.3,3213.3,3210.1,3212.0,4901
2025-06-24T12:00:00+05:30,3212.0,3212.0,3210.0,3210.7,2531
2025-06-24T12:01:00+05:30,3211.0,3211.5,3210.0,3211.3,1759
2025-06-24T12:02:00+05:30,3211.4,3211.5,3210.0,3210.8,1512
2025-06-24T12:03:00+05:30,3211.2,3212.0,3210.0,3211.8,5575
2025-06-24T12:04:00+05:30,3211.8,3214.0,3211.5,3213.7,4834
2025-06-24T12:05:00+05:30,3213.9,3214.5,3213.3,3213.7,2669
2025-06-24T12:06:00+05:30,3214.0,3214.6,3213.4,3214.0,2904
2025-06-24T12:07:00+05:30,3214.0,3214.9,3213.0,3214.0,4407
2025-06-24T12:08:00+05:30,3214.0,3214.0,3211.0,3212.1,3047
2025-06-24T12:09:00+05:30,3212.1,3213.0,3211.0,3212.1,1712
2025-06-24T12:10:00+05:30,3212.6,3213.0,3211.0,3212.0,1771
2025-06-24T12:11:00+05:30,3211.9,3212.4,3208.5,3209.8,7157
2025-06-24T12:12:00+05:30,3210.6,3213.0,3209.7,3212.0,3955
2025-06-24T12:13:00+05:30,3213.0,3213.0,3211.0,3212.7,3127
2025-06-24T12:14:00+05:30,3212.8,3214.5,3211.7,3213.2,5275
2025-06-24T12:15:00+05:30,3213.8,3214.5,3213.0,3213.7,1534
2025-06-24T12:16:00+05:30,3213.7,3214.1,3211.5,3213.6,1916
2025-06-24T12:17:00+05:30,3213.8,3214.0,3208.8,3208.8,5973
2025-06-24T12:18:00+05:30,3209.6,3210.1,3207.2,3207.2,3736
2025-06-24T12:19:00+05:30,3207.2,3208.0,3204.0,3206.4,5576
2025-06-24T12:20:00+05:30,3206.4,3208.0,3205.5,3207.8,853
2025-06-24T12:21:00+05:30,3208.0,3208.6,3205.1,3206.5,2081
2025-06-24T12:22:00+05:30,3206.0,3206.9,3203.0,3204.8,2212
2025-06-24T12:23:00+05:30,3204.8,3207.0,3204.0,3207.0,2637
2025-06-24T12:24:00+05:30,3207.0,3208.4,3205.6,3205.9,1751
2025-06-24T12:25:00+05:30,3207.1,3207.4,3205.0,3206.5,1630
2025-06-24T12:26:00+05:30,3206.1,3207.0,3204.4,3206.0,2844
2025-06-24T12:27:00+05:30,3206.3,3208.1,3206.0,3207.4,667
2025-06-24T12:28:00+05:30,3207.5,3208.0,3204.5,3206.0,1293
2025-06-24T12:29:00+05:30,3206.5,3207.0,3204.3,3205.6,1517
2025-06-24T12:30:00+05:30,3207.0,3208.0,3205.0,3207.6,2166
2025-06-24T12:31:00+05:30,3207.8,3207.8,3205.0,3205.6,1493
2025-06-24T12:32:00+05:30,3205.6,3208.5,3205.6,3208.3,2552
2025-06-24T12:33:00+05:30,3207.2,3208.5,3205.6,3206.4,2265
2025-06-24T12:34:00+05:30,3207.1,3210.0,3206.6,3208.7,2235
2025-06-24T12:35:00+05:30,3209.6,3209.6,3207.0,3207.2,2005
2025-06-24T12:36:00+05:30,3207.7,3210.0,3204.6,3209.3,7943
2025-06-24T12:37:00+05:30,3208.1,3208.7,3203.4,3204.1,16812
2025-06-24T12:38:00+05:30,3203.9,3205.3,3201.2,3201.5,6435
2025-06-24T12:39:00+05:30,3203.3,3203.7,3201.0,3202.6,4337
2025-06-24T12:40:00+05:30,3201.9,3202.7,3193.6,3196.2,22040
2025-06-24T12:41:00+05:30,3196.0,3199.8,3194.7,3197.3,5545
2025-06-24T12:42:00+05:30,3197.2,3197.2,3190.1,3192.0,19146
2025-06-24T12:43:00+05:30,3192.7,3194.4,3184.2,3184.4,21750
2025-06-24T12:44:00+05:30,3184.5,3191.4,3183.0,3190.9,14481
2025-06-24T12:45:00+05:30,3190.3,3191.3,3185.0,3189.7,6564
2025-06-24T12:46:00+05:30,3189.7,3192.5,3189.7,3192.1,2244
2025-06-24T12:47:00+05:30,3192.1,3196.5,3190.6,3194.6,5112
2025-06-24T12:48:00+05:30,3194.6,3200.0,3194.6,3197.0,3340
2025-06-24T12:49:00+05:30,3197.5,3200.0,3196.7,3199.7,2889
2025-06-24T12:50:00+05:30,3198.6,3201.7,3197.8,3198.8,3901
2025-06-24T12:51:00+05:30,3197.8,3201.5,3197.8,3199.3,2051
2025-06-24T12:52:00+05:30,3199.2,3203.0,3199.2,3200.9,2127
2025-06-24T12:53:00+05:30,3201.9,3203.8,3198.7,3200.7,3392
2025-06-24T12:54:00+05:30,3199.4,3201.7,3198.0,3200.7,1728
2025-06-24T12:55:00+05:30,3200.7,3201.0,3199.4,3200.6,1020
2025-06-24T12:56:00+05:30,3200.6,3203.0,3199.5,3202.4,5311
2025-06-24T12:57:00+05:30,3202.4,3203.0,3200.1,3203.0,3084
2025-06-24T12:58:00+05:30,3202.3,3203.5,3199.9,3201.3,2783
2025-06-24T12:59:00+05:30,3201.3,3201.6,3198.0,3198.0,2676
2025-06-24T13:00:00+05:30,3199.0,3199.0,3192.2,3192.4,4642
2025-06-24T13:01:00+05:30,3193.0,3196.5,3192.2,3193.9,4986
2025-06-24T13:02:00+05:30,3193.9,3196.0,3192.5,3193.3,4026
2025-06-24T13:03:00+05:30,3193.3,3196.0,3193.2,3196.0,2820
2025-06-24T13:04:00+05:30,3196.2,3197.0,3194.0,3194.1,1251
2025-06-24T13:05:00+05:30,3194.0,3196.0,3193.6,3195.1,2559
2025-06-24T13:06:00+05:30,3194.4,3195.6,3193.6,3195.6,1714
2025-06-24T13:07:00+05:30,3195.1,3198.0,3195.1,3196.7,986
2025-06-24T13:08:00+05:30,3196.0,3197.5,3194.5,3196.2,969
2025-06-24T13:09:00+05:30,3196.2,3198.0,3195.6,3197.3,1545
2025-06-24T13:10:00+05:30,3197.3,3197.8,3196.3,3196.8,687
2025-06-24T13:11:00+05:30,3196.8,3196.8,3190.0,3190.9,10115
2025-06-24T13:12:00+05:30,3191.5,3195.3,3191.5,3193.1,4210
2025-06-24T13:13:00+05:30,3193.8,3194.9,3192.0,3192.7,1828
2025-06-24T13:14:00+05:30,3192.7,3193.0,3189.1,3189.6,6640
2025-06-24T13:15:00+05:30,3189.9,3190.6,3189.0,3189.4,6879
2025-06-24T13:16:00+05:30,3189.4,3190.7,3185.0,3186.0,7336
2025-06-24T13:17:00+05:30,3186.0,3188.9,3185.0,3185.6,5788
2025-06-24T13:18:00+05:30,3185.6,3191.5,3185.0,3190.6,2180
2025-06-24T13:19:00+05:30,3190.1,3191.0,3187.9,3187.9,4519
2025-06-24T13:20:00+05:30,3188.7,3190.0,3185.5,3185.7,2720
2025-06-24T13:21:00+05:30,3186.4,3187.1,3184.2,3185.2,5250
2025-06-24T13:22:00+05:30,3185.2,3186.5,3184.1,3186.0,3619
2025-06-24T13:23:00+05:30,3186.6,3186.8,3183.0,3184.1,6209
2025-06-24T13:24:00+05:30,3183.2,3184.1,3176.7,3177.2,15073
2025-06-24T13:25:00+05:30,3177.5,3181.4,3176.6,3180.3,7056
2025-06-24T13:26:00+05:30,3180.5,3184.4,3179.1,3179.6,4856
2025-06-24T13:27:00+05:30,3179.3,3181.1,3178.1,3181.1,3443
2025-06-24T13:28:00+05:30,3181.1,3182.3,3180.0,3180.0,2398
2025-06-24T13:29:00+05:30,3180.0,3182.9,3180.0,3182.0,4404
2025-06-24T13:30:00+05:30,3181.3,3184.2,3180.0,3182.9,3280
2025-06-24T13:31:00+05:30,3182.9,3183.8,3179.3,3179.3,7876
2025-06-24T13:32:00+05:30,3179.3,3179.5,3174.1,3176.0,9870
2025-06-24T13:33:00+05:30,3175.2,3178.5,3172.4,3174.1,10313
2025-06-24T13:34:00+05:30,3173.7,3176.7,3172.0,3174.5,9428
2025-06-24T13:35:00+05:30,3174.5,3176.1,3171.1,3171.6,5996
2025-06-24T13:36:00+05:30,3171.3,3172.1,3161.7,3166.7,28902
2025-06-24T13:37:00+05:30,3167.6,3169.5,3161.0,3161.7,15278
2025-06-24T13:38:00+05:30,3162.5,3167.7,3161.3,3166.6,13921
2025-06-24T13:39:00+05:30,3167.5,3167.9,3162.4,3164.7,13295
2025-06-24T13:40:00+05:30,3164.7,3166.3,3162.9,3165.9,5621
2025-06-24T13:41:00+05:30,3165.2,3170.7,3164.8,3170.7,8398
2025-06-24T13:42:00+05:30,3169.7,3169.7,3166.0,3167.0,4268
2025-06-24T13:43:00+05:30,3167.0,3167.0,3161.8,3162.8,11616
2025-06-24T13:44:00+05:30,3162.5,3164.4,3161.1,3162.9,7155
2025-06-24T13:45:00+05:30,3162.8,3165.1,3161.4,3162.1,6184
2025-06-24T13:46:00+05:30,3162.1,3163.9,3155.1,3157.0,17368
2025-06-24T13:47:00+05:30,3157.0,3160.9,3155.1,3159.6,9195
2025-06-24T13:48:00+05:30,3159.7,3163.9,3157.7,3158.5,9643
2025-06-24T13:49:00+05:30,3158.5,3160.6,3155.1,3157.1,16857
2025-06-24T13:50:00+05:30,3157.1,3160.7,3155.5,3159.1,6349
2025-06-24T13:51:00+05:30,3157.7,3161.9,3157.4,3159.1,3313
2025-06-24T13:52:00+05:30,3158.8,3163.3,3158.1,3160.7,5719
2025-06-24T13:53:00+05:30,3160.7,3163.0,3160.0,3163.0,4692
2025-06-24T13:54:00+05:30,3162.0,3165.5,3162.0,3163.2,4816
2025-06-24T13:55:00+05:30,3163.2,3163.2,3158.2,3160.7,9627
2025-06-24T13:56:00+05:30,3160.7,3162.9,3158.0,3160.4,8738
2025-06-24T13:57:00+05:30,3160.4,3163.7,3159.6,3160.8,2145
2025-06-24T13:58:00+05:30,3162.0,3163.5,3160.8,3161.0,1995
2025-06-24T13:59:00+05:30,3161.0,3163.1,3159.3,3162.8,4914
2025-06-24T14:00:00+05:30,3162.3,3164.0,3160.0,3162.6,2203
2025-06-24T14:01:00+05:30,3162.6,3163.6,3160.0,3160.3,1719
2025-06-24T14:02:00+05:30,3160.0,3161.2,3156.8,3156.8,5706
2025-06-24T14:03:00+05:30,3156.3,3156.3,3151.8,3151.8,14716
2025-06-24T14:04:00+05:30,3151.8,3152.0,3147.9,3149.0,9647
2025-06-24T14:05:00+05:30,3148.8,3149.5,3145.0,3146.0,6641
2025-06-24T14:06:00+05:30,3146.5,3148.0,3142.0,3145.0,13522
2025-06-24T14:07:00+05:30,3144.0,3146.9,3144.0,3144.0,10611
2025-06-24T14:08:00+05:30,3144.2,3148.1,3144.0,3147.4,5122
2025-06-24T14:09:00+05:30,3147.5,3149.4,3146.1,3148.1,1401
2025-06-24T14:10:00+05:30,3148.3,3149.7,3146.7,3146.8,2505
2025-06-24T14:11:00+05:30,3146.8,3147.0,3140.5,3141.4,11216
2025-06-24T14:12:00+05:30,3141.4,3145.8,3141.2,3142.4,9059
2025-06-24T14:13:00+05:30,3142.4,3147.9,3142.0,3146.8,23132
2025-06-24T14:14:00+05:30,3147.2,3148.9,3145.2,3147.4,1705
2025-06-24T14:15:00+05:30,3146.5,3149.0,3146.0,3148.1,4225
2025-06-24T14:16:00+05:30,3148.7,3150.9,3145.2,3145.2,6658
2025-06-24T14:17:00+05:30,3145.3,3149.4,3143.4,3148.2,6970
2025-06-24T14:18:00+05:30,3146.9,3149.2,3145.7,3146.5,2951
2025-06-24T14:19:00+05:30,3146.4,3146.6,3143.1,3145.3,3917
2025-06-24T14:20:00+05:30,3145.3,3147.7,3143.8,3144.8,4921
2025-06-24T14:21:00+05:30,3144.8,3144.8,3140.0,3140.0,16434
2025-06-24T14:22:00+05:30,3140.0,3146.0,3139.4,3145.4,4731
2025-06-24T14:23:00+05:30,3145.5,3147.8,3142.8,3143.6,3937
2025-06-24T14:24:00+05:30,3144.0,3145.5,3143.0,3145.0,3338
2025-06-24T14:25:00+05:30,3146.1,3146.8,3143.3,3145.0,3984
2025-06-24T14:26:00+05:30,3145.0,3145.6,3141.8,3144.4,3459
2025-06-24T14:27:00+05:30,3144.7,3145.7,3142.0,3142.8,3210
2025-06-24T14:28:00+05:30,3142.6,3142.6,3136.8,3137.6,11519
2025-06-24T14:29:00+05:30,3138.0,3143.5,3137.0,3143.3,5557
2025-06-24T14:30:00+05:30,3143.4,3145.3,3140.5,3144.0,2747
2025-06-24T14:31:00+05:30,3144.1,3149.7,3143.0,3146.9,10069
2025-06-24T14:32:00+05:30,3146.9,3149.9,3146.4,3149.8,12782
2025-06-24T14:33:00+05:30,3149.0,3151.7,3146.7,3147.2,8019
2025-06-24T14:34:00+05:30,3148.0,3149.8,3145.1,3148.8,7762
2025-06-24T14:35:00+05:30,3149.9,3154.8,3148.8,3152.9,5708
2025-06-24T14:36:00+05:30,3152.9,3153.0,3148.6,3149.4,5243
2025-06-24T14:37:00+05:30,3148.7,3151.5,3147.0,3150.1,4728
2025-06-24T14:38:00+05:30,3150.1,3150.9,3148.1,3149.2,2582
2025-06-24T14:39:00+05:30,3150.0,3151.9,3148.2,3150.5,6492
2025-06-24T14:40:00+05:30,3151.0,3151.6,3147.0,3148.4,6291
2025-06-24T14:41:00+05:30,3148.5,3149.9,3147.0,3147.0,3563
2025-06-24T14:42:00+05:30,3147.0,3150.4,3145.4,3148.0,4244
2025-06-24T14:43:00+05:30,3148.7,3149.6,3145.0,3145.0,2641
2025-06-24T14:44:00+05:30,3145.9,3148.4,3143.6,3146.7,6347
2025-06-24T14:45:00+05:30,3146.4,3146.7,3142.0,3142.0,2285
2025-06-24T14:46:00+05:30,3142.0,3145.1,3141.0,3143.9,14475
2025-06-24T14:47:00+05:30,3144.5,3147.9,3143.8,3147.8,3583
2025-06-24T14:48:00+05:30,3147.8,3148.0,3145.9,3147.7,2108
2025-06-24T14:49:00+05:30,3147.3,3147.7,3146.4,3147.5,1876
2025-06-24T14:50:00+05:30,3147.2,3149.0,3147.2,3149.0,2417
2025-06-24T14:51:00+05:30,3148.9,3149.0,3146.4,3147.8,1689
2025-06-24T14:52:00+05:30,3147.8,3149.9,3147.6,3148.5,1733
2025-06-24T14:53:00+05:30,3148.5,3149.0,3147.0,3148.0,1311
2025-06-24T14:54:00+05:30,3147.8,3150.0,3147.1,3150.0,6908
2025-06-24T14:55:00+05:30,3149.7,3150.5,3148.0,3148.0,7133
2025-06-24T14:56:00+05:30,3147.9,3148.5,3145.9,3146.4,1561
2025-06-24T14:57:00+05:30,3146.4,3148.3,3146.1,3146.1,2235
2025-06-24T14:58:00+05:30,3146.8,3148.4,3145.4,3145.5,2680
2025-06-24T14:59:00+05:30,3145.5,3145.5,3142.0,3143.3,4289
2025-06-24T15:00:00+05:30,3143.5,3149.2,3143.5,3149.1,17379
2025-06-24T15:01:00+05:30,3149.2,3149.7,3144.1,3144.5,28342
2025-06-24T15:02:00+05:30,3144.5,3147.7,3143.3,3147.7,25527
2025-06-24T15:03:00+05:30,3147.9,3148.2,3144.1,3144.2,17818
2025-06-24T15:04:00+05:30,3145.2,3149.0,3144.1,3148.9,21732
2025-06-24T15:05:00+05:30,3148.9,3151.4,3148.1,3150.2,16434
2025-06-24T15:06:00+05:30,3150.2,3150.7,3146.3,3148.6,17525
2025-06-24T15:07:00+05:30,3148.9,3149.9,3145.5,3146.1,22827
2025-06-24T15:08:00+05:30,3146.1,3146.8,3144.5,3145.7,11720
2025-06-24T15:09:00+05:30,3145.8,3149.2,3145.2,3148.1,11701
2025-06-24T15:10:00+05:30,3148.3,3149.7,3145.6,3148.4,23169
2025-06-24T15:11:00+05:30,3148.2,3148.7,3147.2,3147.5,15418
2025-06-24T15:12:00+05:30,3147.7,3149.9,3146.5,3148.3,14822
2025-06-24T15:13:00+05:30,3148.3,3149.9,3148.0,3149.9,11111
2025-06-24T15:14:00+05:30,3149.7,3149.9,3146.5,3149.5,23440
2025-06-24T15:15:00+05:30,3149.6,3149.8,3144.1,3145.4,41052
2025-06-24T15:16:00+05:30,3145.5,3151.5,3145.0,3151.0,28775
2025-06-24T15:17:00+05:30,3151.0,3151.3,3148.7,3150.3,17027
2025-06-24T15:18:00+05:30,3150.2,3150.3,3147.4,3150.0,21641
2025-06-24T15:19:00+05:30,3150.0,3152.5,3149.9,3152.2,43547
2025-06-24T15:20:00+05:30,3152.3,3154.3,3152.2,3154.0,25812
2025-06-24T15:21:00+05:30,3154.0,3157.2,3153.5,3153.5,18287
2025-06-24T15:22:00+05:30,3153.8,3157.7,3151.8,3157.7,21663
2025-06-24T15:23:00+05:30,3157.5,3158.6,3154.6,3156.0,19537
2025-06-24T15:24:00+05:30,3156.0,3160.0,3155.9,3159.2,16199
2025-06-24T15:25:00+05:30,3159.1,3159.1,3156.1,3158.3,16422
2025-06-24T15:26:00+05:30,3158.3,3160.0,3158.2,3159.5,14555
2025-06-24T15:27:00+05:30,3159.6,3162.9,3140.1,3150.0,66579
2025-06-24T15:28:00+05:30,3150.7,3155.9,3147.3,3148.6,35375
2025-06-24T15:29:00+05:30,3148.6,3156.2,3144.1,3156.2,17617
2025-06-25T09:15:00+05:30,3177.8,3183.9,3161.5,3168.4,54181
2025-06-25T09:16:00+05:30,3167.0,3170.3,3162.2,3164.2,12430
2025-06-25T09:17:00+05:30,3164.1,3165.0,3161.0,3165.0,9894
2025-06-25T09:18:00+05:30,3164.1,3167.9,3162.0,3167.1,17638
2025-06-25T09:19:00+05:30,3166.2,3175.0,3166.2,3171.5,11134
2025-06-25T09:20:00+05:30,3171.4,3174.8,3168.6,3170.4,11064
2025-06-25T09:21:00+05:30,3170.9,3176.7,3169.2,3175.0,8547
2025-06-25T09:22:00+05:30,3175.0,3175.5,3165.9,3169.4,24381
2025-06-25T09:23:00+05:30,3169.3,3172.3,3169.0,3171.0,4730
2025-06-25T09:24:00+05:30,3171.0,3172.9,3168.5,3170.0,4930
2025-06-25T09:25:00+05:30,3170.0,3178.0,3169.2,3176.9,6792
2025-06-25T09:26:00+05:30,3176.9,3179.0,3174.0,3174.4,4630
2025-06-25T09:27:00+05:30,3174.4,3177.1,3174.4,3176.2,6779
2025-06-25T09:28:00+05:30,3175.2,3176.1,3171.7,3171.7,8027
2025-06-25T09:29:00+05:30,3171.9,3172.7,3169.0,3172.0,4217
2025-06-25T09:30:00+05:30,3172.3,3176.0,3172.1,3174.5,4092
2025-06-25T09:31:00+05:30,3174.0,3177.1,3174.0,3177.1,2990
2025-06-25T09:32:00+05:30,3177.8,3180.0,3175.9,3178.3,6083
2025-06-25T09:33:00+05:30,3179.0,3182.5,3178.3,3181.0,10948
2025-06-25T09:34:00+05:30,3180.0,3183.8,3180.0,3182.2,5100
2025-06-25T09:35:00+05:30,3182.6,3183.1,3176.0,3177.0,15879
2025-06-25T09:36:00+05:30,3177.0,3177.0,3174.0,3176.9,3648
2025-06-25T09:37:00+05:30,3176.8,3182.0,3175.5,3180.5,3751
2025-06-25T09:38:00+05:30,3181.0,3181.0,3176.4,3176.7,2066
2025-06-25T09:39:00+05:30,3176.7,3177.7,3173.0,3173.4,3340
2025-06-25T09:40:00+05:30,3172.6,3175.0,3169.9,3175.0,4164
2025-06-25T09:41:00+05:30,3174.0,3175.0,3173.0,3175.0,2205
2025-06-25T09:42:00+05:30,3174.9,3176.8,3174.1,3176.0,3520
2025-06-25T09:43:00+05:30,3176.0,3176.8,3173.9,3176.2,4258
2025-06-25T09:44:00+05:30,3176.0,3178.9,3174.8,3177.0,2222
2025-06-25T09:45:00+05:30,3176.5,3181.0,3176.1,3181.0,2715
2025-06-25T09:46:00+05:30,3180.7,3181.0,3178.3,3178.3,2200
2025-06-25T09:47:00+05:30,3178.3,3180.0,3176.1,3176.9,3345
2025-06-25T09:48:00+05:30,3177.3,3178.4,3176.1,3177.4,2064
2025-06-25T09:49:00+05:30,3177.4,3179.8,3175.4,3176.0,1612
2025-06-25T09:50:00+05:30,3176.1,3178.1,3175.0,3178.1,2470
2025-06-25T09:51:00+05:30,3176.8,3179.0,3176.8,3179.0,592
2025-06-25T09:52:00+05:30,3178.6,3179.0,3176.0,3178.2,2148
2025-06-25T09:53:00+05:30,3178.2,3187.0,3178.2,3187.0,12193
2025-06-25T09:54:00+05:30,3186.3,3187.4,3179.2,3180.0,7785
2025-06-25T09:55:00+05:30,3180.0,3181.2,3178.1,3178.5,5749
2025-06-25T09:56:00+05:30,3178.5,3178.7,3174.4,3176.3,4330
2025-06-25T09:57:00+05:30,3176.3,3178.1,3175.1,3177.9,3163
2025-06-25T09:58:00+05:30,3177.9,3180.5,3177.9,3180.0,6110
2025-06-25T09:59:00+05:30,3179.9,3180.0,3175.4,3177.5,6623
2025-06-25T10:00:00+05:30,3178.5,3179.5,3175.9,3178.3,2129
2025-06-25T10:01:00+05:30,3177.7,3178.0,3175.4,3177.8,2315
2025-06-25T10:02:00+05:30,3178.0,3180.0,3177.8,3179.2,1818
2025-06-25T10:03:00+05:30,3179.8,3179.8,3176.6,3177.0,1652
2025-06-25T10:04:00+05:30,3176.7,3177.5,3176.0,3176.4,1101
2025-06-25T10:05:00+05:30,3176.0,3179.8,3175.0,3179.8,1071
2025-06-25T10:06:00+05:30,3180.0,3180.0,3172.6,3173.4,7243
2025-06-25T10:07:00+05:30,3173.4,3174.0,3170.0,3170.0,3215
2025-06-25T10:08:00+05:30,3170.1,3172.0,3165.0,3166.8,7912
2025-06-25T10:09:00+05:30,3166.8,3168.6,3163.5,3165.1,7266
2025-06-25T10:10:00+05:30,3165.0,3165.4,3162.1,3162.1,6749
2025-06-25T10:11:00+05:30,3162.1,3164.7,3160.5,3161.6,5540
2025-06-25T10:12:00+05:30,3161.6,3165.1,3161.0,3165.1,1999
2025-06-25T10:13:00+05:30,3165.3,3166.6,3163.0,3164.1,2974
2025-06-25T10:14:00+05:30,3164.0,3164.9,3163.2,3163.7,1609
2025-06-25T10:15:00+05:30,3163.7,3165.8,3161.0,3162.6,3161
2025-06-25T10:16:00+05:30,3161.4,3165.5,3161.2,3165.5,2795
2025-06-25T10:17:00+05:30,3164.2,3166.2,3163.9,3165.5,2263
2025-06-25T10:18:00+05:30,3166.3,3170.7,3166.3,3168.7,2913
2025-06-25T10:19:00+05:30,3168.7,3169.2,3167.6,3168.0,2189
2025-06-25T10:20:00+05:30,3168.0,3180.4,3168.0,3179.8,36106
2025-06-25T10:21:00+05:30,3180.4,3181.0,3178.0,3180.1,4202
2025-06-25T10:22:00+05:30,3181.0,3183.0,3180.1,3180.1,7516
2025-06-25T10:23:00+05:30,3180.8,3184.4,3180.5,3182.2,3752
2025-06-25T10:24:00+05:30,3183.0,3183.0,3180.2,3180.4,3063
2025-06-25T10:25:00+05:30,3181.0,3182.8,3180.5,3182.2,4214
2025-06-25T10:26:00+05:30,3182.3,3183.0,3178.1,3178.8,4546
2025-06-25T10:27:00+05:30,3178.1,3182.8,3177.9,3182.6,5480
2025-06-25T10:28:00+05:30,3182.6,3183.0,3177.4,3177.9,3217
2025-06-25T10:29:00+05:30,3177.7,3180.3,3177.7,3179.7,1412
2025-06-25T10:30:00+05:30,3179.4,3179.8,3175.9,3177.3,2755
2025-06-25T10:31:00+05:30,3177.3,3179.7,3175.7,3179.6,2648
2025-06-25T10:32:00+05:30,3178.5,3182.0,3178.5,3181.3,1637
2025-06-25T10:33:00+05:30,3182.0,3182.0,3178.5,3180.5,3142
2025-06-25T10:34:00+05:30,3180.5,3182.0,3179.2,3180.6,1717
2025-06-25T10:35:00+05:30,3179.4,3181.8,3179.3,3180.7,3099
2025-06-25T10:36:00+05:30,3180.9,3182.0,3179.0,3179.2,2971
2025-06-25T10:37:00+05:30,3179.9,3187.0,3179.2,3185.6,36615
2025-06-25T10:38:00+05:30,3186.0,3186.6,3185.0,3186.1,5744
2025-06-25T10:39:00+05:30,3186.0,3186.5,3185.0,3185.6,1560
2025-06-25T10:40:00+05:30,3185.7,3186.4,3185.0,3185.0,3173
2025-06-25T10:41:00+05:30,3185.5,3185.5,3185.0,3185.1,2135
2025-06-25T10:42:00+05:30,3185.2,3185.2,3185.0,3185.0,4965
2025-06-25T10:43:00+05:30,3185.0,3186.9,3184.0,3185.0,12935
2025-06-25T10:44:00+05:30,3185.0,3186.0,3185.0,3185.0,7719
2025-06-25T10:45:00+05:30,3185.0,3186.6,3182.4,3183.1,19087
2025-06-25T10:46:00+05:30,3183.5,3184.1,3182.0,3183.1,1941
2025-06-25T10:47:00+05:30,3183.1,3184.7,3181.3,3182.6,1637
2025-06-25T10:48:00+05:30,3181.9,3183.8,3181.0,3181.1,2002
2025-06-25T10:49:00+05:30,3180.3,3183.9,3180.1,3182.8,2786
2025-06-25T10:50:00+05:30,3183.0,3183.0,3180.0,3181.9,1995
2025-06-25T10:51:00+05:30,3181.8,3182.4,3180.0,3181.5,1642
2025-06-25T10:52:00+05:30,3180.4,3182.9,3179.9,3182.1,3253
2025-06-25T10:53:00+05:30,3182.1,3183.0,3180.2,3183.0,2346
2025-06-25T10:54:00+05:30,3183.0,3183.8,3181.5,3182.7,1486
2025-06-25T10:55:00+05:30,3182.6,3185.8,3182.6,3184.0,1408
2025-06-25T10:56:00+05:30,3184.0,3184.2,3181.1,3181.3,1480
2025-06-25T10:57:00+05:30,3181.9,3183.8,3181.3,3182.7,1286
2025-06-25T10:58:00+05:30,3182.7,3184.1,3181.9,3182.7,904
2025-06-25T10:59:00+05:30,3182.6,3184.0,3181.5,3182.6,1550
2025-06-25T11:00:00+05:30,3182.6,3184.0,3181.5,3181.8,2155
2025-06-25T11:01:00+05:30,3181.8,3183.3,3181.5,3183.1,1341
2025-06-25T11:02:00+05:30,3182.9,3184.2,3182.2,3183.9,2754
2025-06-25T11:03:00+05:30,3183.1,3184.8,3183.0,3183.1,1334
2025-06-25T11:04:00+05:30,3182.5,3182.7,3180.5,3181.3,1816
2025-06-25T11:05:00+05:30,3181.3,3184.0,3180.6,3183.2,1374
2025-06-25T11:06:00+05:30,3183.2,3185.0,3180.3,3183.9,2349
2025-06-25T11:07:00+05:30,3183.8,3183.9,3180.0,3180.3,2713
2025-06-25T11:08:00+05:30,3180.7,3182.8,3180.1,3180.6,2392
2025-06-25T11:09:00+05:30,3180.6,3181.1,3178.0,3178.6,2328
2025-06-25T11:10:00+05:30,3178.6,3181.0,3178.4,3179.8,1630
2025-06-25T11:11:00+05:30,3179.7,3180.0,3177.1,3178.7,2116
2025-06-25T11:12:00+05:30,3179.9,3181.2,3178.7,3181.2,1266
2025-06-25T11:13:00+05:30,3180.1,3182.5,3180.0,3181.8,1324
2025-06-25T11:14:00+05:30,3181.8,3182.9,3181.1,3182.8,3055
2025-06-25T11:15:00+05:30,3183.0,3184.1,3181.8,3183.6,3362
2025-06-25T11:16:00+05:30,3183.5,3183.5,3181.2,3183.2,1552
2025-06-25T11:17:00+05:30,3182.4,3183.8,3182.0,3182.9,1677
2025-06-25T11:18:00+05:30,3182.5,3182.6,3181.0,3181.3,2255
2025-06-25T11:19:00+05:30,3181.3,3183.5,3181.0,3183.0,3268
2025-06-25T11:20:00+05:30,3183.0,3183.1,3181.3,3182.8,1464
2025-06-25T11:21:00+05:30,3182.0,3183.7,3181.5,3183.7,1455
2025-06-25T11:22:00+05:30,3183.5,3183.5,3180.7,3180.7,1527
2025-06-25T11:23:00+05:30,3180.7,3182.0,3179.9,3182.0,1460
2025-06-25T11:24:00+05:30,3182.0,3182.5,3180.6,3181.0,1414
2025-06-25T11:25:00+05:30,3181.0,3182.9,3181.0,3181.8,1377
2025-06-25T11:26:00+05:30,3181.7,3184.0,3181.7,3184.0,1042
2025-06-25T11:27:00+05:30,3184.0,3184.0,3181.7,3182.6,1475
2025-06-25T11:28:00+05:30,3182.6,3183.9,3182.1,3183.1,1853
2025-06-25T11:29:00+05:30,3183.1,3184.0,3182.9,3184.0,3617
2025-06-25T11:30:00+05:30,3184.0,3184.0,3183.3,3183.9,1174
2025-06-25T11:31:00+05:30,3184.0,3185.6,3182.5,3185.0,7413
2025-06-25T11:32:00+05:30,3185.6,3186.5,3183.7,3185.4,2507
2025-06-25T11:33:00+05:30,3185.2,3185.5,3184.2,3185.1,1632
2025-06-25T11:34:00+05:30,3184.7,3185.5,3181.5,3182.0,4512
2025-06-25T11:35:00+05:30,3181.8,3183.7,3180.6,3182.6,1844
2025-06-25T11:36:00+05:30,3182.0,3182.5,3176.2,3177.4,3133
2025-06-25T11:37:00+05:30,3177.8,3178.4,3175.6,3177.2,2559
2025-06-25T11:38:00+05:30,3178.4,3179.0,3177.2,3178.5,1431
2025-06-25T11:39:00+05:30,3178.5,3179.9,3178.3,3179.3,1526
2025-06-25T11:40:00+05:30,3179.1,3179.1,3177.4,3178.0,1090
2025-06-25T11:41:00+05:30,3178.5,3180.0,3178.0,3180.0,1237
2025-06-25T11:42:00+05:30,3179.8,3179.9,3177.0,3179.9,3863
2025-06-25T11:43:00+05:30,3179.5,3180.0,3177.3,3179.0,2571
2025-06-25T11:44:00+05:30,3179.0,3179.8,3177.8,3179.6,1513
2025-06-25T11:45:00+05:30,3179.6,3179.6,3176.4,3176.4,1595
2025-06-25T11:46:00+05:30,3176.9,3177.4,3175.6,3176.1,2011
2025-06-25T11:47:00+05:30,3176.2,3178.5,3176.1,3178.3,2674
2025-06-25T11:48:00+05:30,3177.8,3177.8,3174.8,3176.0,2500
2025-06-25T11:49:00+05:30,3176.2,3177.0,3175.2,3175.9,1817
2025-06-25T11:50:00+05:30,3175.2,3178.0,3173.1,3178.0,3807
2025-06-25T11:51:00+05:30,3177.4,3178.0,3176.1,3177.4,1749
2025-06-25T11:52:00+05:30,3177.4,3177.6,3175.0,3175.6,2488
2025-06-25T11:53:00+05:30,3175.5,3176.7,3173.1,3176.5,1741
2025-06-25T11:54:00+05:30,3175.5,3175.6,3173.2,3173.5,1909
2025-06-25T11:55:00+05:30,3174.2,3175.0,3173.1,3173.7,1520
2025-06-25T11:56:00+05:30,3173.6,3177.8,3173.2,3177.1,3228
2025-06-25T11:57:00+05:30,3177.1,3177.8,3175.5,3176.9,1514
2025-06-25T11:58:00+05:30,3176.9,3179.9,3175.8,3179.9,2539
2025-06-25T11:59:00+05:30,3180.0,3180.0,3178.2,3178.8,1836
2025-06-25T12:00:00+05:30,3178.6,3179.9,3178.1,3179.0,1532
2025-06-25T12:01:00+05:30,3178.5,3179.0,3174.3,3177.2,2515
2025-06-25T12:02:00+05:30,3177.0,3178.0,3177.0,3177.0,1711
2025-06-25T12:03:00+05:30,3177.1,3177.2,3175.0,3175.8,1321
2025-06-25T12:04:00+05:30,3175.8,3176.7,3174.5,3176.2,1281
2025-06-25T12:05:00+05:30,3175.0,3176.5,3173.0,3173.0,1719
2025-06-25T12:06:00+05:30,3173.3,3174.7,3173.0,3174.4,2843
2025-06-25T12:07:00+05:30,3174.2,3175.0,3172.5,3173.9,1632
2025-06-25T12:08:00+05:30,3174.0,3174.0,3172.1,3173.5,1799
2025-06-25T12:09:00+05:30,3173.8,3174.0,3172.0,3173.4,1713
2025-06-25T12:10:00+05:30,3172.6,3175.6,3172.2,3175.6,1505
2025-06-25T12:11:00+05:30,3175.7,3176.0,3173.2,3175.3,1647
2025-06-25T12:12:00+05:30,3175.3,3175.6,3174.1,3175.0,2013
2025-06-25T12:13:00+05:30,3174.8,3174.8,3171.5,3172.1,2074
2025-06-25T12:14:00+05:30,3173.1,3175.4,3172.1,3174.0,1730
2025-06-25T12:15:00+05:30,3174.1,3176.0,3172.6,3176.0,1192
2025-06-25T12:16:00+05:30,3175.9,3178.5,3174.8,3178.2,4201
2025-06-25T12:17:00+05:30,3178.2,3178.9,3176.3,3177.4,2971
2025-06-25T12:18:00+05:30,3177.4,3177.9,3176.5,3177.0,1471
2025-06-25T12:19:00+05:30,3177.7,3177.7,3175.0,3175.8,1757
2025-06-25T12:20:00+05:30,3175.8,3177.0,3174.5,3176.9,945
2025-06-25T12:21:00+05:30,3176.1,3178.0,3175.8,3177.8,1110
2025-06-25T12:22:00+05:30,3177.7,3179.0,3176.3,3179.0,8265
2025-06-25T12:23:00+05:30,3178.9,3181.9,3177.2,3180.6,3549
2025-06-25T12:24:00+05:30,3180.6,3181.9,3179.9,3181.0,3584
2025-06-25T12:25:00+05:30,3180.9,3182.0,3179.8,3180.3,4774
2025-06-25T12:26:00+05:30,3180.4,3181.8,3179.7,3179.7,1458
2025-06-25T12:27:00+05:30,3179.7,3182.0,3177.9,3179.4,5579
2025-06-25T12:28:00+05:30,3179.5,3180.5,3177.5,3179.8,1493
2025-06-25T12:29:00+05:30,3179.8,3181.0,3178.0,3180.5,1412
2025-06-25T12:30:00+05:30,3180.5,3181.0,3179.1,3181.0,1424
2025-06-25T12:31:00+05:30,3181.0,3181.0,3180.1,3181.0,1642
2025-06-25T12:32:00+05:30,3180.9,3182.0,3179.1,3182.0,1970
2025-06-25T12:33:00+05:30,3182.0,3182.0,3180.6,3182.0,1619
2025-06-25T12:34:00+05:30,3182.0,3183.0,3180.9,3183.0,1869
2025-06-25T12:35:00+05:30,3183.0,3183.0,3180.9,3181.0,2141
2025-06-25T12:36:00+05:30,3181.0,3185.1,3180.9,3185.1,4793
2025-06-25T12:37:00+05:30,3185.1,3186.0,3185.0,3185.1,7717
2025-06-25T12:38:00+05:30,3185.9,3186.1,3185.0,3185.0,2571
2025-06-25T12:39:00+05:30,3185.9,3186.0,3185.0,3185.1,3496
2025-06-25T12:40:00+05:30,3186.0,3186.0,3182.8,3183.1,4947
2025-06-25T12:41:00+05:30,3184.5,3184.5,3182.4,3183.2,2089
2025-06-25T12:42:00+05:30,3184.0,3184.3,3181.4,3182.5,2000
2025-06-25T12:43:00+05:30,3182.8,3182.8,3181.0,3181.2,1430
2025-06-25T12:44:00+05:30,3181.2,3182.2,3181.0,3182.0,1343
2025-06-25T12:45:00+05:30,3182.0,3182.7,3181.0,3181.8,1448
2025-06-25T12:46:00+05:30,3182.7,3183.9,3181.6,3181.6,1697
2025-06-25T12:47:00+05:30,3182.2,3183.3,3181.4,3182.0,2163
2025-06-25T12:48:00+05:30,3182.9,3183.0,3180.9,3181.8,1104
2025-06-25T12:49:00+05:30,3182.4,3183.5,3181.6,3181.8,2254
2025-06-25T12:50:00+05:30,3181.8,3183.5,3181.6,3182.4,1216
2025-06-25T12:51:00+05:30,3182.8,3183.0,3181.2,3182.6,1997
2025-06-25T12:52:00+05:30,3182.6,3183.5,3181.0,3183.5,1398
2025-06-25T12:53:00+05:30,3182.8,3184.0,3181.5,3182.3,1546
2025-06-25T12:54:00+05:30,3183.0,3184.0,3181.8,3183.4,1638
2025-06-25T12:55:00+05:30,3183.5,3184.3,3182.0,3183.2,1356
2025-06-25T12:56:00+05:30,3183.2,3185.0,3182.5,3185.0,2246
2025-06-25T12:57:00+05:30,3185.0,3185.8,3183.8,3185.0,3543
2025-06-25T12:58:00+05:30,3185.8,3185.8,3184.3,3185.8,2037
2025-06-25T12:59:00+05:30,3185.0,3190.9,3184.3,3189.1,17782
2025-06-25T13:00:00+05:30,3189.1,3192.1,3187.2,3191.8,9745
2025-06-25T13:01:00+05:30,3191.9,3192.0,3187.4,3189.0,3705
2025-06-25T13:02:00+05:30,3189.0,3191.4,3187.8,3190.4,3264
2025-06-25T13:03:00+05:30,3190.4,3192.1,3190.1,3192.0,3143
2025-06-25T13:04:00+05:30,3192.0,3194.0,3191.2,3192.7,4130
2025-06-25T13:05:00+05:30,3194.0,3195.0,3193.2,3194.8,4049
2025-06-25T13:06:00+05:30,3194.8,3196.5,3193.9,3195.5,5185
2025-06-25T13:07:00+05:30,3196.0,3198.8,3195.3,3198.2,5305
2025-06-25T13:08:00+05:30,3198.8,3202.7,3198.6,3201.1,20244
2025-06-25T13:09:00+05:30,3201.9,3202.0,3198.8,3199.3,3298
2025-06-25T13:10:00+05:30,3199.3,3201.1,3197.5,3200.8,5566
2025-06-25T13:11:00+05:30,3200.9,3200.9,3198.1,3199.5,3042
2025-06-25T13:12:00+05:30,3199.9,3202.0,3198.4,3200.8,2568
2025-06-25T13:13:00+05:30,3201.0,3202.0,3200.1,3200.1,4178
2025-06-25T13:14:00+05:30,3201.0,3201.0,3198.3,3199.3,2140
2025-06-25T13:15:00+05:30,3199.2,3199.9,3197.4,3198.1,2733
2025-06-25T13:16:00+05:30,3199.0,3199.5,3197.3,3197.4,1880
2025-06-25T13:17:00+05:30,3199.0,3200.0,3197.0,3199.6,3416
2025-06-25T13:18:00+05:30,3199.5,3199.8,3197.1,3197.1,4517
2025-06-25T13:19:00+05:30,3197.3,3197.4,3194.5,3195.5,3487
2025-06-25T13:20:00+05:30,3196.2,3199.4,3195.6,3196.3,4672
2025-06-25T13:21:00+05:30,3196.3,3199.0,3195.7,3197.2,4810
2025-06-25T13:22:00+05:30,3198.6,3199.5,3196.2,3198.8,1738
2025-06-25T13:23:00+05:30,3199.5,3199.5,3197.1,3198.1,2603
2025-06-25T13:24:00+05:30,3198.1,3198.9,3196.9,3198.0,1852
2025-06-25T13:25:00+05:30,3198.0,3199.5,3197.2,3198.3,2542
2025-06-25T13:26:00+05:30,3198.2,3200.0,3197.1,3198.5,4746
2025-06-25T13:27:00+05:30,3200.0,3200.5,3198.6,3200.5,2374
2025-06-25T13:28:00+05:30,3200.5,3200.5,3198.5,3200.1,2143
2025-06-25T13:29:00+05:30,3200.5,3200.5,3198.4,3200.3,2230
2025-06-25T13:30:00+05:30,3200.3,3201.0,3199.4,3199.9,2585
2025-06-25T13:31:00+05:30,3199.4,3201.0,3198.6,3200.0,2983
2025-06-25T13:32:00+05:30,3200.0,3201.0,3199.0,3199.0,3520
2025-06-25T13:33:00+05:30,3199.9,3202.1,3198.6,3199.6,6672
2025-06-25T13:34:00+05:30,3200.3,3201.4,3199.4,3200.0,2169
2025-06-25T13:35:00+05:30,3199.8,3200.9,3198.0,3198.0,2770
2025-06-25T13:36:00+05:30,3198.8,3200.3,3197.6,3198.1,2106
2025-06-25T13:37:00+05:30,3199.7,3200.0,3197.6,3200.0,1734
2025-06-25T13:38:00+05:30,3199.9,3202.0,3198.3,3202.0,9334
2025-06-25T13:39:00+05:30,3202.1,3203.0,3201.9,3202.0,6413
2025-06-25T13:40:00+05:30,3202.0,3203.9,3201.2,3203.9,9249
2025-06-25T13:41:00+05:30,3203.3,3204.0,3200.5,3203.8,7224
2025-06-25T13:42:00+05:30,3203.8,3204.0,3201.7,3203.4,3014
2025-06-25T13:43:00+05:30,3202.9,3203.3,3201.1,3201.1,2388
2025-06-25T13:44:00+05:30,3202.3,3202.5,3198.9,3198.9,3031
2025-06-25T13:45:00+05:30,3201.0,3201.1,3197.0,3197.8,3423
2025-06-25T13:46:00+05:30,3197.8,3198.0,3195.2,3197.5,2444
2025-06-25T13:47:00+05:30,3197.7,3199.3,3196.2,3197.2,3782
2025-06-25T13:48:00+05:30,3198.0,3199.6,3197.0,3199.1,2548
2025-06-25T13:49:00+05:30,3199.1,3199.1,3196.0,3196.5,2893
2025-06-25T13:50:00+05:30,3197.8,3197.9,3196.5,3197.0,3641
2025-06-25T13:51:00+05:30,3197.1,3199.0,3196.0,3197.5,5229
2025-06-25T13:52:00+05:30,3197.5,3197.9,3196.1,3197.8,1747
2025-06-25T13:53:00+05:30,3197.8,3202.7,3196.9,3198.7,5174
2025-06-25T13:54:00+05:30,3198.5,3200.0,3197.6,3197.8,3149
2025-06-25T13:55:00+05:30,3197.6,3199.3,3196.2,3197.1,2310
2025-06-25T13:56:00+05:30,3198.5,3199.7,3197.1,3199.7,2876
2025-06-25T13:57:00+05:30,3199.7,3200.0,3198.3,3199.3,3900
2025-06-25T13:58:00+05:30,3199.3,3200.2,3198.3,3198.3,3726
2025-06-25T13:59:00+05:30,3198.4,3199.3,3198.2,3198.8,2210
2025-06-25T14:00:00+05:30,3198.8,3199.3,3196.4,3198.4,2990
2025-06-25T14:01:00+05:30,3198.4,3198.8,3196.7,3197.3,3075
2025-06-25T14:02:00+05:30,3197.3,3198.1,3194.9,3195.6,3967
2025-06-25T14:03:00+05:30,3196.0,3196.5,3194.6,3195.5,2716
2025-06-25T14:04:00+05:30,3195.6,3195.6,3193.1,3193.5,4061
2025-06-25T14:05:00+05:30,3193.5,3195.9,3193.0,3194.9,2915
2025-06-25T14:06:00+05:30,3194.9,3198.6,3194.9,3198.2,5939
2025-06-25T14:07:00+05:30,3198.0,3199.7,3197.6,3199.7,2291
2025-06-25T14:08:00+05:30,3199.7,3201.0,3199.0,3199.7,3490
2025-06-25T14:09:00+05:30,3199.7,3200.9,3199.4,3200.0,3045
2025-06-25T14:10:00+05:30,3200.3,3201.4,3200.0,3200.4,2395
2025-06-25T14:11:00+05:30,3201.0,3202.3,3200.0,3201.9,4229
2025-06-25T14:12:00+05:30,3200.9,3203.7,3200.9,3203.5,2193
2025-06-25T14:13:00+05:30,3203.7,3203.7,3200.6,3201.9,1939
2025-06-25T14:14:00+05:30,3201.9,3202.7,3201.1,3202.2,1969
2025-06-25T14:15:00+05:30,3202.5,3203.5,3200.7,3203.0,2888
2025-06-25T14:16:00+05:30,3203.0,3204.0,3201.5,3204.0,2533
2025-06-25T14:17:00+05:30,3204.0,3205.7,3203.8,3205.7,11020
2025-06-25T14:18:00+05:30,3205.7,3206.4,3204.5,3204.8,4679
2025-06-25T14:19:00+05:30,3204.8,3205.6,3203.1,3203.5,16103
2025-06-25T14:20:00+05:30,3204.2,3207.2,3203.9,3206.1,8418
2025-06-25T14:21:00+05:30,3206.0,3206.3,3203.6,3205.2,5772
2025-06-25T14:22:00+05:30,3205.2,3205.5,3203.9,3205.3,8858
2025-06-25T14:23:00+05:30,3205.3,3205.5,3204.3,3205.5,3358
2025-06-25T14:24:00+05:30,3205.5,3208.6,3205.5,3208.2,5029
2025-06-25T14:25:00+05:30,3208.3,3210.0,3208.0,3209.0,8917
2025-06-25T14:26:00+05:30,3209.9,3210.0,3207.7,3209.5,4646
2025-06-25T14:27:00+05:30,3209.5,3210.0,3207.6,3208.1,5027
2025-06-25T14:28:00+05:30,3208.1,3209.5,3206.9,3208.6,4400
2025-06-25T14:29:00+05:30,3208.6,3209.0,3207.1,3208.4,3059
2025-06-25T14:30:00+05:30,3209.3,3210.6,3207.0,3210.5,12300
2025-06-25T14:31:00+05:30,3210.5,3213.7,3209.4,3213.0,12535
2025-06-25T14:32:00+05:30,3213.1,3214.0,3212.0,3213.0,5045
2025-06-25T14:33:00+05:30,3213.3,3213.6,3210.5,3212.2,34171
2025-06-25T14:34:00+05:30,3212.8,3214.0,3211.7,3212.0,6023
2025-06-25T14:35:00+05:30,3212.7,3215.2,3212.2,3215.0,18352
2025-06-25T14:36:00+05:30,3215.0,3215.3,3211.4,3212.4,14865
2025-06-25T14:37:00+05:30,3213.2,3214.0,3212.1,3212.1,11039
2025-06-25T14:38:00+05:30,3213.0,3213.9,3212.0,3212.5,13959
2025-06-25T14:39:00+05:30,3212.9,3212.9,3207.2,3207.9,7459
2025-06-25T14:40:00+05:30,3207.9,3210.4,3207.5,3210.2,3016
2025-06-25T14:41:00+05:30,3210.2,3210.4,3208.8,3209.3,3531
2025-06-25T14:42:00+05:30,3209.3,3211.6,3208.0,3209.9,3594
2025-06-25T14:43:00+05:30,3209.9,3210.1,3207.2,3207.4,7051
2025-06-25T14:44:00+05:30,3207.4,3209.0,3207.0,3209.0,3297
2025-06-25T14:45:00+05:30,3209.0,3209.0,3207.0,3208.2,4602
2025-06-25T14:46:00+05:30,3208.2,3208.5,3206.2,3208.4,3137
2025-06-25T14:47:00+05:30,3208.4,3211.0,3206.9,3208.2,4902
2025-06-25T14:48:00+05:30,3208.2,3209.3,3207.5,3208.9,2173
2025-06-25T14:49:00+05:30,3208.9,3210.0,3206.1,3208.3,14172
2025-06-25T14:50:00+05:30,3207.7,3208.3,3205.1,3208.3,9517
2025-06-25T14:51:00+05:30,3208.3,3208.5,3204.2,3205.1,5562
2025-06-25T14:52:00+05:30,3205.8,3206.0,3202.7,3205.0,5552
2025-06-25T14:53:00+05:30,3205.0,3205.4,3203.3,3204.9,2905
2025-06-25T14:54:00+05:30,3204.9,3205.3,3203.5,3204.4,3419
2025-06-25T14:55:00+05:30,3204.4,3204.9,3203.0,3203.2,6026
2025-06-25T14:56:00+05:30,3203.8,3205.0,3202.3,3203.0,7529
2025-06-25T14:57:00+05:30,3203.0,3204.8,3202.2,3203.1,4224
2025-06-25T14:58:00+05:30,3203.1,3204.8,3201.3,3202.6,3683
2025-06-25T14:59:00+05:30,3202.6,3202.6,3200.4,3200.9,2698
2025-06-25T15:00:00+05:30,3200.9,3208.0,3200.8,3207.8,13314
2025-06-25T15:01:00+05:30,3207.9,3208.0,3205.9,3206.9,10181
2025-06-25T15:02:00+05:30,3206.6,3211.8,3206.6,3211.1,12159
2025-06-25T15:03:00+05:30,3210.6,3212.4,3210.6,3211.9,10919
2025-06-25T15:04:00+05:30,3211.8,3212.2,3210.0,3210.4,11847
2025-06-25T15:05:00+05:30,3210.4,3213.2,3209.2,3212.5,11319
2025-06-25T15:06:00+05:30,3212.5,3212.8,3211.7,3212.2,5876
2025-06-25T15:07:00+05:30,3212.3,3212.4,3210.3,3212.0,10194
2025-06-25T15:08:00+05:30,3212.0,3212.9,3211.7,3212.2,8549
2025-06-25T15:09:00+05:30,3212.3,3213.1,3212.2,3212.9,11101
2025-06-25T15:10:00+05:30,3213.0,3214.0,3212.8,3213.1,13184
2025-06-25T15:11:00+05:30,3213.2,3213.3,3212.0,3212.5,13022
2025-06-25T15:12:00+05:30,3212.5,3213.3,3212.0,3212.0,18681
2025-06-25T15:13:00+05:30,3212.2,3213.5,3210.9,3211.8,13760
2025-06-25T15:14:00+05:30,3211.8,3214.6,3211.6,3213.7,16575
2025-06-25T15:15:00+05:30,3213.7,3214.8,3212.2,3212.7,17077
2025-06-25T15:16:00+05:30,3212.8,3213.1,3212.5,3212.6,12430
2025-06-25T15:17:00+05:30,3212.6,3213.0,3210.7,3210.9,11494
2025-06-25T15:18:00+05:30,3210.8,3214.0,3210.5,3212.7,19187
2025-06-25T15:19:00+05:30,3212.7,3214.7,3211.5,3212.1,19391
2025-06-25T15:20:00+05:30,3213.0,3215.6,3212.2,3215.6,31115
2025-06-25T15:21:00+05:30,3215.6,3216.0,3214.7,3215.2,35518
2025-06-25T15:22:00+05:30,3215.5,3216.6,3215.3,3216.5,27845
2025-06-25T15:23:00+05:30,3216.6,3219.0,3216.5,3218.4,33324
2025-06-25T15:24:00+05:30,3218.7,3220.8,3218.3,3220.8,31653
2025-06-25T15:25:00+05:30,3220.8,3222.4,3220.7,3221.4,47911
2025-06-25T15:26:00+05:30,3221.6,3225.0,3220.3,3223.8,33028
2025-06-25T15:27:00+05:30,3224.1,3225.5,3222.0,3223.2,32719
2025-06-25T15:28:00+05:30,3223.2,3223.4,3214.0,3215.0,7523
2025-06-25T15:29:00+05:30,3215.0,3222.0,3214.0,3218.0,4159
2025-06-26T09:15:00+05:30,3225.9,3226.9,3211.2,3218.1,33074
2025-06-26T09:16:00+05:30,3218.0,3232.0,3215.0,3230.5,21525
2025-06-26T09:17:00+05:30,3230.5,3234.0,3223.4,3223.4,15964
2025-06-26T09:18:00+05:30,3223.5,3227.2,3220.9,3224.4,9475
2025-06-26T09:19:00+05:30,3223.2,3230.0,3222.0,3229.0,8098
2025-06-26T09:20:00+05:30,3229.0,3233.0,3228.3,3230.3,16933
2025-06-26T09:21:00+05:30,3230.9,3235.0,3230.6,3234.4,21462
2025-06-26T09:22:00+05:30,3235.0,3238.0,3233.1,3234.6,15401
2025-06-26T09:23:00+05:30,3234.5,3235.0,3221.3,3223.0,27250
2025-06-26T09:24:00+05:30,3222.9,3224.9,3218.6,3219.4,16433
2025-06-26T09:25:00+05:30,3219.0,3219.7,3208.2,3217.0,25018
2025-06-26T09:26:00+05:30,3217.0,3219.9,3216.0,3218.6,8225
2025-06-26T09:27:00+05:30,3218.6,3221.3,3218.0,3218.4,9982
2025-06-26T09:28:00+05:30,3219.3,3224.8,3218.4,3223.4,5899
2025-06-26T09:29:00+05:30,3223.4,3224.1,3221.5,3223.5,7148
2025-06-26T09:30:00+05:30,3223.5,3226.2,3220.0,3225.5,6407
2025-06-26T09:31:00+05:30,3225.5,3226.2,3223.9,3224.9,3145
2025-06-26T09:32:00+05:30,3224.9,3225.0,3221.4,3221.8,3203
2025-06-26T09:33:00+05:30,3222.0,3222.5,3219.0,3221.2,6886
2025-06-26T09:34:00+05:30,3221.6,3221.9,3215.0,3215.0,6439
2025-06-26T09:35:00+05:30,3215.0,3219.6,3215.0,3216.7,3812
2025-06-26T09:36:00+05:30,3216.7,3220.4,3212.2,3218.0,32647
2025-06-26T09:37:00+05:30,3218.0,3218.1,3208.0,3208.8,19926
2025-06-26T09:38:00+05:30,3208.8,3212.8,3208.5,3210.1,5658
2025-06-26T09:39:00+05:30,3210.1,3210.1,3203.3,3205.9,9440
2025-06-26T09:40:00+05:30,3205.2,3209.8,3204.4,3208.9,4272
2025-06-26T09:41:00+05:30,3208.9,3209.8,3205.2,3206.3,4259
2025-06-26T09:42:00+05:30,3206.1,3206.3,3203.5,3203.8,4332
2025-06-26T09:43:00+05:30,3205.0,3206.0,3204.0,3204.2,2785
2025-06-26T09:44:00+05:30,3204.3,3205.5,3202.2,3204.1,3746
2025-06-26T09:45:00+05:30,3203.6,3209.8,3203.1,3205.1,12319
2025-06-26T09:46:00+05:30,3204.2,3204.2,3200.0,3201.8,9229
2025-06-26T09:47:00+05:30,3202.2,3206.0,3200.0,3204.0,9803
2025-06-26T09:48:00+05:30,3204.0,3205.0,3202.4,3202.9,4204
2025-06-26T09:49:00+05:30,3202.9,3203.9,3200.4,3202.0,10370
2025-06-26T09:50:00+05:30,3202.0,3206.0,3201.6,3203.6,3171
2025-06-26T09:51:00+05:30,3203.6,3205.9,3201.0,3203.3,4357
2025-06-26T09:52:00+05:30,3203.3,3204.4,3200.3,3203.9,3801
2025-06-26T09:53:00+05:30,3204.1,3206.8,3204.1,3205.5,4097
2025-06-26T09:54:00+05:30,3205.5,3208.9,3205.3,3207.0,4471
2025-06-26T09:55:00+05:30,3207.0,3212.4,3206.1,3210.8,5774
2025-06-26T09:56:00+05:30,3210.8,3211.2,3209.0,3210.9,2970
2025-06-26T09:57:00+05:30,3210.8,3211.2,3209.0,3211.0,6729
2025-06-26T09:58:00+05:30,3211.0,3213.9,3210.2,3210.2,5530
2025-06-26T09:59:00+05:30,3210.2,3213.0,3207.1,3210.9,5526
2025-06-26T10:00:00+05:30,3211.1,3213.6,3206.2,3211.1,5254
2025-06-26T10:01:00+05:30,3211.3,3214.7,3211.0,3213.1,5971
2025-06-26T10:02:00+05:30,3213.1,3213.9,3210.7,3212.8,3332
2025-06-26T10:03:00+05:30,3212.8,3213.4,3211.2,3213.3,2413
2025-06-26T10:04:00+05:30,3213.4,3217.5,3213.3,3216.8,4210
2025-06-26T10:05:00+05:30,3216.4,3216.8,3213.0,3214.4,3804
2025-06-26T10:06:00+05:30,3214.4,3214.5,3208.4,3209.0,2474
2025-06-26T10:07:00+05:30,3209.0,3211.2,3207.8,3209.2,1924
2025-06-26T10:08:00+05:30,3209.1,3211.0,3206.4,3208.1,3792
2025-06-26T10:09:00+05:30,3208.1,3211.6,3206.1,3206.1,2516
2025-06-26T10:10:00+05:30,3206.1,3209.6,3206.1,3209.6,1607
2025-06-26T10:11:00+05:30,3209.6,3209.6,3207.0,3208.7,1144
2025-06-26T10:12:00+05:30,3209.2,3209.5,3207.2,3208.4,1629
2025-06-26T10:13:00+05:30,3208.3,3210.0,3207.3,3207.7,1855
2025-06-26T10:14:00+05:30,3207.7,3208.1,3205.0,3205.0,1673
2025-06-26T10:15:00+05:30,3205.9,3208.0,3203.2,3207.5,4041
2025-06-26T10:16:00+05:30,3206.6,3207.8,3205.6,3206.9,903
2025-06-26T10:17:00+05:30,3206.9,3207.2,3204.2,3205.3,2281
2025-06-26T10:18:00+05:30,3205.3,3205.3,3201.7,3204.2,3876
2025-06-26T10:19:00+05:30,3204.2,3206.6,3204.2,3205.0,1777
2025-06-26T10:20:00+05:30,3205.1,3206.5,3204.4,3204.4,1629
2025-06-26T10:21:00+05:30,3204.4,3205.0,3203.0,3204.0,2304
2025-06-26T10:22:00+05:30,3204.0,3206.6,3203.0,3203.0,1687
2025-06-26T10:23:00+05:30,3204.0,3204.5,3202.3,3203.5,2053
2025-06-26T10:24:00+05:30,3203.6,3205.6,3203.5,3204.4,1132
2025-06-26T10:25:00+05:30,3204.5,3207.9,3204.4,3206.5,1797
2025-06-26T10:26:00+05:30,3206.5,3206.9,3205.0,3205.5,1118
2025-06-26T10:27:00+05:30,3205.6,3205.6,3205.0,3205.4,1153
2025-06-26T10:28:00+05:30,3205.4,3205.5,3202.0,3202.7,2352
2025-06-26T10:29:00+05:30,3202.6,3203.0,3200.1,3200.2,2802
2025-06-26T10:30:00+05:30,3200.2,3203.9,3200.2,3203.1,2137
2025-06-26T10:31:00+05:30,3203.0,3203.6,3202.0,3202.3,875
2025-06-26T10:32:00+05:30,3202.3,3203.0,3201.6,3202.2,1608
2025-06-26T10:33:00+05:30,3202.4,3203.8,3200.5,3202.0,7347
2025-06-26T10:34:00+05:30,3202.0,3204.9,3201.7,3202.8,6618
2025-06-26T10:35:00+05:30,3202.7,3206.8,3202.6,3205.6,1442
2025-06-26T10:36:00+05:30,3205.6,3207.8,3205.1,3206.2,1928
2025-06-26T10:37:00+05:30,3206.2,3207.9,3205.3,3207.9,1231
2025-06-26T10:38:00+05:30,3207.2,3207.9,3205.0,3206.7,2299
2025-06-26T10:39:00+05:30,3206.6,3207.9,3205.2,3205.2,931
2025-06-26T10:40:00+05:30,3205.2,3205.7,3202.6,3202.6,1614
2025-06-26T10:41:00+05:30,3202.3,3202.3,3195.0,3196.8,17720
2025-06-26T10:42:00+05:30,3196.6,3200.3,3196.0,3196.9,4354
2025-06-26T10:43:00+05:30,3197.0,3199.4,3196.0,3197.4,3815
2025-06-26T10:44:00+05:30,3197.4,3199.4,3194.6,3195.8,8609
2025-06-26T10:45:00+05:30,3196.1,3198.2,3195.7,3197.0,2255
2025-06-26T10:46:00+05:30,3196.3,3197.2,3194.4,3194.4,12410
2025-06-26T10:47:00+05:30,3194.4,3195.8,3194.4,3195.0,2421
2025-06-26T10:48:00+05:30,3194.5,3197.5,3194.4,3195.0,3933
2025-06-26T10:49:00+05:30,3195.0,3199.4,3195.0,3198.4,2128
2025-06-26T10:50:00+05:30,3198.4,3200.5,3195.7,3199.0,7484
2025-06-26T10:51:00+05:30,3198.5,3199.6,3197.2,3199.0,2958
2025-06-26T10:52:00+05:30,3198.0,3199.2,3195.1,3195.3,2540
2025-06-26T10:53:00+05:30,3195.8,3196.9,3195.1,3196.3,2174
2025-06-26T10:54:00+05:30,3196.0,3197.4,3195.4,3196.3,1630
2025-06-26T10:55:00+05:30,3196.3,3197.5,3196.0,3197.2,980
2025-06-26T10:56:00+05:30,3196.3,3197.7,3195.6,3195.6,1954
2025-06-26T10:57:00+05:30,3195.7,3197.6,3195.6,3196.1,1448
2025-06-26T10:58:00+05:30,3196.3,3196.8,3194.9,3195.1,2852
2025-06-26T10:59:00+05:30,3195.0,3196.6,3194.7,3195.0,2442
2025-06-26T11:00:00+05:30,3195.0,3197.0,3194.6,3195.1,1906
2025-06-26T11:01:00+05:30,3195.1,3204.0,3195.1,3201.9,5885
2025-06-26T11:02:00+05:30,3201.8,3201.8,3198.0,3198.1,1370
2025-06-26T11:03:00+05:30,3198.0,3199.4,3196.1,3198.9,2256
2025-06-26T11:04:00+05:30,3198.8,3200.0,3196.8,3198.9,1333
2025-06-26T11:05:00+05:30,3199.2,3199.9,3197.8,3198.7,1026
2025-06-26T11:06:00+05:30,3198.7,3200.8,3198.3,3199.4,1249
2025-06-26T11:07:00+05:30,3199.4,3201.6,3198.0,3200.2,1337
2025-06-26T11:08:00+05:30,3199.9,3202.2,3199.9,3200.2,1959
2025-06-26T11:09:00+05:30,3200.0,3200.8,3196.4,3197.3,2320
2025-06-26T11:10:00+05:30,3197.4,3199.6,3196.9,3198.8,1183
2025-06-26T11:11:00+05:30,3199.0,3199.8,3196.4,3197.3,1388
2025-06-26T11:12:00+05:30,3197.5,3201.0,3197.3,3200.1,2049
2025-06-26T11:13:00+05:30,3199.7,3200.1,3197.0,3197.0,1783
2025-06-26T11:14:00+05:30,3197.2,3198.2,3196.4,3197.0,2418
2025-06-26T11:15:00+05:30,3197.6,3197.8,3196.6,3197.0,728
2025-06-26T11:16:00+05:30,3197.1,3197.8,3192.2,3193.2,5181
2025-06-26T11:17:00+05:30,3193.7,3194.7,3193.2,3194.4,1307
2025-06-26T11:18:00+05:30,3194.9,3196.5,3194.1,3195.0,3307
2025-06-26T11:19:00+05:30,3195.3,3196.8,3195.0,3195.2,1936
2025-06-26T11:20:00+05:30,3195.1,3195.5,3194.6,3195.3,1657
2025-06-26T11:21:00+05:30,3195.4,3197.4,3195.4,3196.5,1074
2025-06-26T11:22:00+05:30,3196.5,3197.0,3195.0,3195.0,1042
2025-06-26T11:23:00+05:30,3195.0,3199.8,3194.7,3198.9,5635
2025-06-26T11:24:00+05:30,3198.2,3201.6,3198.2,3201.6,3542
2025-06-26T11:25:00+05:30,3201.2,3201.6,3197.2,3199.2,3953
2025-06-26T11:26:00+05:30,3198.5,3200.8,3197.2,3197.4,2278
2025-06-26T11:27:00+05:30,3197.4,3199.6,3197.0,3199.2,1415
2025-06-26T11:28:00+05:30,3199.2,3199.8,3199.2,3199.7,1074
2025-06-26T11:29:00+05:30,3199.8,3199.9,3197.6,3199.3,1852
2025-06-26T11:30:00+05:30,3199.3,3202.0,3199.3,3202.0,1788
2025-06-26T11:31:00+05:30,3201.9,3204.5,3201.0,3203.3,4095
2025-06-26T11:32:00+05:30,3204.1,3204.1,3202.2,3202.2,838
2025-06-26T11:33:00+05:30,3202.2,3205.8,3202.2,3205.8,2453
2025-06-26T11:34:00+05:30,3205.7,3206.6,3203.5,3203.8,3681
2025-06-26T11:35:00+05:30,3203.8,3203.9,3200.8,3201.1,1053
2025-06-26T11:36:00+05:30,3201.1,3204.0,3201.1,3203.4,998
2025-06-26T11:37:00+05:30,3203.4,3203.5,3199.2,3200.0,2486
2025-06-26T11:38:00+05:30,3200.0,3200.3,3199.0,3199.6,1734
2025-06-26T11:39:00+05:30,3199.6,3200.5,3198.1,3198.7,2681
2025-06-26T11:40:00+05:30,3198.7,3198.8,3197.4,3197.4,1415
2025-06-26T11:41:00+05:30,3197.1,3197.9,3194.0,3194.4,7904
2025-06-26T11:42:00+05:30,3194.4,3197.5,3194.4,3196.2,2007
2025-06-26T11:43:00+05:30,3196.2,3196.2,3191.3,3191.3,8739
2025-06-26T11:44:00+05:30,3191.3,3194.9,3190.5,3194.1,3350
2025-06-26T11:45:00+05:30,3194.1,3195.7,3194.1,3195.7,2518
2025-06-26T11:46:00+05:30,3195.2,3195.7,3195.2,3195.7,1069
2025-06-26T11:47:00+05:30,3195.7,3198.0,3195.6,3198.0,2362
2025-06-26T11:48:00+05:30,3198.3,3200.8,3197.4,3198.3,4986
2025-06-26T11:49:00+05:30,3198.9,3200.0,3198.3,3198.5,2189
2025-06-26T11:50:00+05:30,3198.7,3199.8,3198.0,3199.8,1520
2025-06-26T11:51:00+05:30,3199.7,3200.0,3198.0,3198.0,2157
2025-06-26T11:52:00+05:30,3198.1,3199.3,3198.0,3198.0,2064
2025-06-26T11:53:00+05:30,3198.6,3199.1,3197.8,3198.4,1165
2025-06-26T11:54:00+05:30,3198.5,3198.5,3197.1,3197.9,1314
2025-06-26T11:55:00+05:30,3197.9,3198.5,3197.0,3197.9,1677
2025-06-26T11:56:00+05:30,3197.9,3198.4,3196.1,3196.7,1222
2025-06-26T11:57:00+05:30,3196.6,3198.1,3196.5,3197.6,1002
2025-06-26T11:58:00+05:30,3197.6,3198.0,3195.1,3197.1,4366
2025-06-26T11:59:00+05:30,3197.3,3198.0,3195.6,3198.0,1751
2025-06-26T12:00:00+05:30,3198.0,3198.2,3197.6,3197.8,793
2025-06-26T12:01:00+05:30,3197.8,3199.0,3197.7,3198.4,875
2025-06-26T12:02:00+05:30,3198.5,3198.5,3197.6,3197.6,1116
2025-06-26T12:03:00+05:30,3197.7,3199.7,3196.1,3199.2,1883
2025-06-26T12:04:00+05:30,3199.5,3203.9,3199.2,3203.7,6962
2025-06-26T12:05:00+05:30,3204.0,3205.3,3202.1,3203.1,6953
2025-06-26T12:06:00+05:30,3202.7,3203.1,3200.7,3202.4,2758
2025-06-26T12:07:00+05:30,3202.3,3202.4,3201.0,3201.2,1959
2025-06-26T12:08:00+05:30,3201.2,3203.1,3201.2,3203.1,1730
2025-06-26T12:09:00+05:30,3203.0,3203.9,3200.6,3200.8,2455
2025-06-26T12:10:00+05:30,3200.8,3200.8,3199.0,3199.3,1927
2025-06-26T12:11:00+05:30,3199.3,3201.8,3198.6,3199.9,1876
2025-06-26T12:12:00+05:30,3199.9,3202.0,3199.7,3201.1,1209
2025-06-26T12:13:00+05:30,3201.1,3201.3,3198.0,3199.6,8903
2025-06-26T12:14:00+05:30,3199.6,3202.1,3199.1,3201.9,1714
2025-06-26T12:15:00+05:30,3201.9,3202.1,3197.4,3198.5,5414
2025-06-26T12:16:00+05:30,3197.9,3202.6,3197.1,3201.1,3480
2025-06-26T12:17:00+05:30,3201.1,3201.1,3198.0,3198.5,1474
2025-06-26T12:18:00+05:30,3198.5,3200.2,3198.3,3198.5,1733
2025-06-26T12:19:00+05:30,3198.5,3198.5,3197.1,3197.3,2501
2025-06-26T12:20:00+05:30,3197.2,3197.5,3197.1,3197.4,596
2025-06-26T12:21:00+05:30,3197.4,3199.1,3197.4,3197.9,2751
2025-06-26T12:22:00+05:30,3197.9,3200.0,3197.3,3199.7,1850
2025-06-26T12:23:00+05:30,3199.6,3202.5,3198.1,3201.8,4487
2025-06-26T12:24:00+05:30,3201.8,3203.2,3201.2,3202.1,2251
2025-06-26T12:25:00+05:30,3202.1,3203.4,3201.7,3203.3,3768
2025-06-26T12:26:00+05:30,3203.2,3205.0,3203.2,3205.0,2103
2025-06-26T12:27:00+05:30,3205.0,3206.9,3204.0,3205.7,5953
2025-06-26T12:28:00+05:30,3205.7,3208.9,3205.0,3206.6,9858
2025-06-26T12:29:00+05:30,3206.6,3208.1,3206.0,3207.7,4569
2025-06-26T12:30:00+05:30,3207.5,3207.7,3206.5,3207.6,1724
2025-06-26T12:31:00+05:30,3207.6,3209.7,3207.4,3208.1,4907
2025-06-26T12:32:00+05:30,3207.7,3208.9,3206.8,3207.6,5178
2025-06-26T12:33:00+05:30,3207.6,3208.2,3207.1,3208.2,2612
2025-06-26T12:34:00+05:30,3208.2,3208.9,3206.3,3208.8,4167
2025-06-26T12:35:00+05:30,3208.8,3208.9,3207.0,3207.7,5059
2025-06-26T12:36:00+05:30,3207.7,3208.9,3207.0,3208.2,2747
2025-06-26T12:37:00+05:30,3208.2,3208.9,3207.9,3208.4,2777
2025-06-26T12:38:00+05:30,3208.2,3208.5,3207.3,3207.6,846
2025-06-26T12:39:00+05:30,3207.4,3207.7,3206.6,3207.5,2270
2025-06-26T12:40:00+05:30,3207.5,3208.6,3206.1,3208.0,7893
2025-06-26T12:41:00+05:30,3207.9,3208.6,3206.0,3208.1,4470
2025-06-26T12:42:00+05:30,3208.1,3208.2,3206.7,3208.1,2784
2025-06-26T12:43:00+05:30,3208.1,3209.0,3206.5,3209.0,2067
2025-06-26T12:44:00+05:30,3209.0,3209.0,3207.7,3209.0,2653
2025-06-26T12:45:00+05:30,3208.9,3209.0,3203.4,3205.0,15215
2025-06-26T12:46:00+05:30,3204.8,3204.8,3198.7,3201.1,26042
2025-06-26T12:47:00+05:30,3201.1,3201.4,3195.0,3197.4,14694
2025-06-26T12:48:00+05:30,3197.4,3198.1,3194.2,3196.5,14363
2025-06-26T12:49:00+05:30,3196.5,3198.4,3194.0,3196.2,20453
2025-06-26T12:50:00+05:30,3195.7,3197.4,3193.0,3195.4,16690
2025-06-26T12:51:00+05:30,3195.4,3195.4,3192.0,3193.5,14625
2025-06-26T12:52:00+05:30,3193.5,3195.4,3188.0,3190.7,23275
2025-06-26T12:53:00+05:30,3190.4,3192.5,3188.1,3191.3,17426
2025-06-26T12:54:00+05:30,3191.3,3192.9,3189.7,3191.0,26148
2025-06-26T12:55:00+05:30,3191.0,3192.0,3189.0,3190.0,14445
2025-06-26T12:56:00+05:30,3190.0,3192.3,3188.3,3190.3,20897
2025-06-26T12:57:00+05:30,3190.3,3190.3,3183.5,3187.3,30860
2025-06-26T12:58:00+05:30,3187.4,3188.4,3184.1,3186.6,17882
2025-06-26T12:59:00+05:30,3186.3,3189.4,3184.0,3187.9,24053
2025-06-26T13:00:00+05:30,3186.5,3191.0,3185.7,3188.7,15108
2025-06-26T13:01:00+05:30,3188.7,3191.7,3188.1,3188.5,4770
2025-06-26T13:02:00+05:30,3188.5,3190.8,3188.4,3190.8,2442
2025-06-26T13:03:00+05:30,3190.6,3193.7,3190.3,3191.3,2672
2025-06-26T13:04:00+05:30,3191.3,3192.4,3190.0,3191.4,3775
2025-06-26T13:05:00+05:30,3190.8,3194.2,3190.0,3190.9,9480
2025-06-26T13:06:00+05:30,3191.1,3192.2,3190.8,3191.0,1374
2025-06-26T13:07:00+05:30,3190.8,3193.8,3190.8,3193.2,2416
2025-06-26T13:08:00+05:30,3193.2,3193.7,3191.2,3192.0,3159
2025-06-26T13:09:00+05:30,3191.8,3193.6,3191.5,3191.8,1596
2025-06-26T13:10:00+05:30,3191.6,3194.2,3191.1,3193.6,4044
2025-06-26T13:11:00+05:30,3193.5,3195.0,3192.2,3192.9,4051
2025-06-26T13:12:00+05:30,3192.8,3197.3,3191.7,3197.1,13791
2025-06-26T13:13:00+05:30,3197.1,3197.1,3194.2,3195.1,7394
2025-06-26T13:14:00+05:30,3195.1,3198.5,3195.0,3196.1,11220
2025-06-26T13:15:00+05:30,3196.0,3200.9,3196.0,3198.2,29634
2025-06-26T13:16:00+05:30,3198.2,3203.3,3198.2,3203.3,8309
2025-06-26T13:17:00+05:30,3203.3,3204.3,3199.3,3200.3,7878
2025-06-26T13:18:00+05:30,3200.2,3202.4,3198.0,3202.0,14103
2025-06-26T13:19:00+05:30,3202.0,3202.1,3200.1,3201.4,4564
2025-06-26T13:20:00+05:30,3201.4,3203.1,3201.3,3203.0,4663
2025-06-26T13:21:00+05:30,3202.7,3204.4,3200.5,3201.7,4865
2025-06-26T13:22:00+05:30,3201.1,3201.7,3198.0,3198.1,2098
2025-06-26T13:23:00+05:30,3198.1,3200.7,3198.0,3198.6,22003
2025-06-26T13:24:00+05:30,3198.2,3200.6,3198.2,3200.1,17281
2025-06-26T13:25:00+05:30,3200.1,3200.7,3198.0,3200.1,8853
2025-06-26T13:26:00+05:30,3200.1,3200.5,3198.1,3199.1,9401
2025-06-26T13:27:00+05:30,3199.1,3200.3,3196.2,3199.2,15180
2025-06-26T13:28:00+05:30,3199.1,3201.1,3199.0,3200.1,10018
2025-06-26T13:29:00+05:30,3200.0,3200.1,3195.7,3197.1,32309
2025-06-26T13:30:00+05:30,3197.0,3197.4,3197.0,3197.1,4520
2025-06-26T13:31:00+05:30,3197.1,3197.1,3196.0,3196.2,4720
2025-06-26T13:32:00+05:30,3196.2,3196.3,3196.0,3196.2,1937
2025-06-26T13:33:00+05:30,3196.3,3196.3,3195.0,3195.1,5953
2025-06-26T13:34:00+05:30,3195.1,3195.8,3195.0,3195.1,7707
2025-06-26T13:35:00+05:30,3195.1,3199.6,3195.1,3198.1,12004
2025-06-26T13:36:00+05:30,3198.1,3199.9,3198.0,3198.7,3826
2025-06-26T13:37:00+05:30,3198.7,3202.0,3197.5,3201.0,4085
2025-06-26T13:38:00+05:30,3201.0,3203.5,3200.2,3202.1,3519
2025-06-26T13:39:00+05:30,3202.1,3203.7,3202.0,3202.5,2265
2025-06-26T13:40:00+05:30,3202.4,3202.8,3200.8,3201.4,3865
2025-06-26T13:41:00+05:30,3201.4,3203.0,3200.1,3202.1,4158
2025-06-26T13:42:00+05:30,3201.4,3203.0,3200.4,3202.7,2287
2025-06-26T13:43:00+05:30,3202.7,3202.7,3200.0,3200.6,2311
2025-06-26T13:44:00+05:30,3200.6,3202.1,3200.0,3201.9,2024
2025-06-26T13:45:00+05:30,3201.9,3203.0,3200.6,3201.5,2833
2025-06-26T13:46:00+05:30,3202.8,3205.0,3201.6,3202.3,6506
2025-06-26T13:47:00+05:30,3202.3,3204.6,3202.0,3202.2,2332
2025-06-26T13:48:00+05:30,3202.2,3203.1,3200.7,3202.1,8044
2025-06-26T13:49:00+05:30,3202.0,3202.1,3200.6,3201.2,1769
2025-06-26T13:50:00+05:30,3201.3,3202.7,3200.0,3202.5,4226
2025-06-26T13:51:00+05:30,3202.5,3204.7,3201.6,3204.0,2444
2025-06-26T13:52:00+05:30,3203.9,3204.0,3200.9,3203.2,2689
2025-06-26T13:53:00+05:30,3203.2,3205.0,3201.8,3204.5,3899
2025-06-26T13:54:00+05:30,3204.5,3204.5,3202.3,3203.5,2017
2025-06-26T13:55:00+05:30,3203.0,3203.7,3202.2,3202.4,1928
2025-06-26T13:56:00+05:30,3202.4,3203.6,3202.3,3203.5,2543
2025-06-26T13:57:00+05:30,3203.5,3204.7,3202.6,3204.4,2793
2025-06-26T13:58:00+05:30,3204.4,3207.3,3203.9,3205.0,5691
2025-06-26T13:59:00+05:30,3205.1,3206.6,3204.5,3206.6,3167
2025-06-26T14:00:00+05:30,3207.0,3207.5,3204.4,3205.6,20438
2025-06-26T14:01:00+05:30,3205.6,3209.1,3204.4,3207.9,9812
2025-06-26T14:02:00+05:30,3207.3,3209.0,3206.5,3207.0,5054
2025-06-26T14:03:00+05:30,3207.0,3209.9,3207.0,3209.3,6800
2025-06-26T14:04:00+05:30,3209.2,3210.4,3208.5,3210.3,9593
2025-06-26T14:05:00+05:30,3209.1,3210.0,3206.3,3207.8,4429
2025-06-26T14:06:00+05:30,3207.1,3209.2,3207.0,3207.2,4965
2025-06-26T14:07:00+05:30,3207.1,3208.0,3206.0,3207.2,4108
2025-06-26T14:08:00+05:30,3207.8,3209.4,3207.2,3208.4,4876
2025-06-26T14:09:00+05:30,3208.4,3209.8,3206.7,3207.7,4808
2025-06-26T14:10:00+05:30,3207.7,3209.8,3207.1,3209.7,5797
2025-06-26T14:11:00+05:30,3209.3,3210.0,3206.5,3207.8,11327
2025-06-26T14:12:00+05:30,3207.9,3210.4,3207.1,3210.0,7267
2025-06-26T14:13:00+05:30,3210.4,3211.0,3209.0,3210.1,5897
2025-06-26T14:14:00+05:30,3210.3,3211.0,3209.0,3209.9,3531
2025-06-26T14:15:00+05:30,3209.9,3210.3,3208.7,3210.3,4258
2025-06-26T14:16:00+05:30,3210.2,3211.4,3210.0,3211.1,7709
2025-06-26T14:17:00+05:30,3211.1,3211.7,3210.0,3210.4,3925
2025-06-26T14:18:00+05:30,3210.4,3212.0,3210.0,3211.7,4607
2025-06-26T14:19:00+05:30,3211.7,3212.2,3210.0,3210.7,4580
2025-06-26T14:20:00+05:30,3210.7,3211.7,3210.0,3211.2,5249
2025-06-26T14:21:00+05:30,3211.2,3211.2,3208.7,3208.9,15707
2025-06-26T14:22:00+05:30,3208.9,3210.8,3208.7,3210.8,3602
2025-06-26T14:23:00+05:30,3210.1,3211.0,3210.1,3210.8,2824
2025-06-26T14:24:00+05:30,3210.8,3211.7,3210.1,3210.9,2497
2025-06-26T14:25:00+05:30,3210.9,3212.8,3210.9,3212.7,3907
2025-06-26T14:26:00+05:30,3212.6,3212.8,3211.1,3211.6,4788
2025-06-26T14:27:00+05:30,3211.6,3212.2,3210.0,3210.1,2965
2025-06-26T14:28:00+05:30,3210.1,3210.8,3210.0,3210.0,4275
2025-06-26T14:29:00+05:30,3210.1,3211.9,3210.0,3210.8,4612
2025-06-26T14:30:00+05:30,3210.8,3211.3,3210.0,3210.4,4641
2025-06-26T14:31:00+05:30,3210.4,3210.4,3210.0,3210.2,13285
2025-06-26T14:32:00+05:30,3210.2,3211.0,3210.0,3210.3,6858
2025-06-26T14:33:00+05:30,3210.3,3210.9,3210.0,3210.0,6955
2025-06-26T14:34:00+05:30,3210.0,3210.3,3210.0,3210.1,11241
2025-06-26T14:35:00+05:30,3210.1,3210.7,3206.4,3206.4,7788
2025-06-26T14:36:00+05:30,3206.4,3209.6,3205.5,3209.0,5638
2025-06-26T14:37:00+05:30,3208.3,3210.0,3208.3,3209.0,3731
2025-06-26T14:38:00+05:30,3209.0,3209.8,3207.5,3208.9,5683
2025-06-26T14:39:00+05:30,3208.9,3209.6,3207.5,3208.4,7494
2025-06-26T14:40:00+05:30,3208.4,3208.7,3206.1,3207.6,4200
2025-06-26T14:41:00+05:30,3207.6,3207.9,3206.4,3207.1,4757
2025-06-26T14:42:00+05:30,3206.7,3209.0,3206.7,3208.9,4060
2025-06-26T14:43:00+05:30,3208.9,3210.9,3207.6,3208.4,6561
2025-06-26T14:44:00+05:30,3208.4,3208.7,3206.7,3207.6,6204
2025-06-26T14:45:00+05:30,3207.6,3207.7,3205.3,3206.3,13007
2025-06-26T14:46:00+05:30,3206.3,3207.5,3205.7,3207.0,5820
2025-06-26T14:47:00+05:30,3206.9,3207.6,3205.3,3206.8,6062
2025-06-26T14:48:00+05:30,3206.8,3207.0,3205.6,3206.8,5628
2025-06-26T14:49:00+05:30,3206.1,3206.6,3205.1,3206.3,5008
2025-06-26T14:50:00+05:30,3206.3,3207.2,3205.1,3205.4,5610
2025-06-26T14:51:00+05:30,3205.4,3205.6,3205.1,3205.2,5218
2025-06-26T14:52:00+05:30,3205.3,3205.8,3203.1,3205.0,10912
2025-06-26T14:53:00+05:30,3205.0,3208.0,3204.3,3207.2,7930
2025-06-26T14:54:00+05:30,3207.2,3208.0,3206.9,3208.0,5311
2025-06-26T14:55:00+05:30,3207.8,3213.6,3207.5,3212.2,17749
2025-06-26T14:56:00+05:30,3212.2,3215.0,3212.1,3213.7,12448
2025-06-26T14:57:00+05:30,3213.7,3214.5,3211.5,3212.7,9045
2025-06-26T14:58:00+05:30,3212.7,3214.8,3211.7,3213.7,6304
2025-06-26T14:59:00+05:30,3213.7,3215.3,3212.2,3214.4,11269
2025-06-26T15:00:00+05:30,3214.5,3222.0,3214.2,3219.8,48346
2025-06-26T15:01:00+05:30,3219.9,3220.0,3214.6,3218.8,21244
2025-06-26T15:02:00+05:30,3218.8,3219.9,3216.3,3217.7,36892
2025-06-26T15:03:00+05:30,3217.7,3218.9,3214.8,3218.8,33675
2025-06-26T15:04:00+05:30,3218.0,3220.8,3216.3,3218.7,59953
2025-06-26T15:05:00+05:30,3218.7,3219.9,3217.5,3217.7,34307
2025-06-26T15:06:00+05:30,3217.7,3217.7,3212.5,3213.6,54162
2025-06-26T15:07:00+05:30,3213.9,3214.8,3212.0,3213.3,20148
2025-06-26T15:08:00+05:30,3213.3,3217.8,3213.1,3215.4,47321
2025-06-26T15:09:00+05:30,3215.4,3220.0,3214.8,3217.3,38337
2025-06-26T15:10:00+05:30,3218.0,3218.5,3214.0,3215.9,35292
2025-06-26T15:11:00+05:30,3216.8,3218.6,3213.7,3215.8,44149
2025-06-26T15:12:00+05:30,3215.8,3216.6,3213.4,3215.2,19693
2025-06-26T15:13:00+05:30,3215.2,3216.0,3213.9,3215.3,22496
2025-06-26T15:14:00+05:30,3215.4,3217.8,3213.6,3216.6,25668
2025-06-26T15:15:00+05:30,3216.7,3217.4,3214.2,3215.6,21677
2025-06-26T15:16:00+05:30,3215.6,3216.0,3214.8,3214.9,28182
2025-06-26T15:17:00+05:30,3214.9,3215.2,3213.0,3214.3,21781
2025-06-26T15:18:00+05:30,3214.3,3216.0,3213.4,3213.9,24848
2025-06-26T15:19:00+05:30,3213.9,3214.4,3213.5,3213.5,18205
2025-06-26T15:20:00+05:30,3213.6,3216.0,3213.5,3215.9,23644
2025-06-26T15:21:00+05:30,3215.9,3218.0,3215.8,3217.2,23772
2025-06-26T15:22:00+05:30,3217.7,3218.8,3216.7,3216.9,26409
2025-06-26T15:23:00+05:30,3217.2,3218.0,3216.7,3216.9,22030
2025-06-26T15:24:00+05:30,3217.3,3218.0,3209.6,3210.0,39732
2025-06-26T15:25:00+05:30,3210.3,3210.6,3210.0,3210.3,11261
2025-06-26T15:26:00+05:30,3210.3,3212.9,3207.9,3211.6,16688
2025-06-26T15:27:00+05:30,3211.0,3211.7,3207.2,3208.4,24596
2025-06-26T15:28:00+05:30,3208.5,3212.0,3202.0,3207.1,15635
2025-06-26T15:29:00+05:30,3202.2,3206.7,3200.0,3203.2,3959
2025-06-27T09:15:00+05:30,3205.0,3227.0,3198.1,3221.3,40557
2025-06-27T09:16:00+05:30,3221.9,3224.6,3215.0,3223.0,12584
2025-06-27T09:17:00+05:30,3223.0,3227.0,3220.0,3222.7,15696
2025-06-27T09:18:00+05:30,3222.7,3235.0,3221.6,3232.4,24637
2025-06-27T09:19:00+05:30,3232.4,3240.0,3232.3,3237.7,26352
2025-06-27T09:20:00+05:30,3237.4,3241.5,3235.3,3238.8,16058
2025-06-27T09:21:00+05:30,3238.7,3239.7,3234.8,3235.5,7873
2025-06-27T09:22:00+05:30,3235.1,3239.8,3232.3,3234.7,14811
2025-06-27T09:23:00+05:30,3235.0,3237.6,3233.0,3234.1,3928
2025-06-27T09:24:00+05:30,3233.9,3233.9,3226.1,3231.0,8545
2025-06-27T09:25:00+05:30,3230.0,3231.0,3222.5,3223.2,6378
2025-06-27T09:26:00+05:30,3223.2,3225.0,3216.0,3216.0,5144
2025-06-27T09:27:00+05:30,3216.0,3216.5,3206.5,3209.8,8793
2025-06-27T09:28:00+05:30,3209.2,3209.8,3200.0,3203.9,11287
2025-06-27T09:29:00+05:30,3203.0,3205.7,3200.0,3200.2,6218
2025-06-27T09:30:00+05:30,3200.2,3200.5,3196.0,3197.7,10388
2025-06-27T09:31:00+05:30,3198.7,3198.7,3193.0,3197.0,5672
2025-06-27T09:32:00+05:30,3197.3,3202.6,3197.0,3202.6,5376
2025-06-27T09:33:00+05:30,3201.5,3208.1,3201.3,3206.2,8688
2025-06-27T09:34:00+05:30,3205.0,3208.1,3203.9,3207.9,7096
2025-06-27T09:35:00+05:30,3206.7,3210.0,3205.0,3210.0,5190
2025-06-27T09:36:00+05:30,3209.0,3210.0,3207.5,3209.3,4710
2025-06-27T09:37:00+05:30,3209.3,3212.7,3209.0,3210.2,5564
2025-06-27T09:38:00+05:30,3209.8,3214.9,3208.2,3214.4,5294
2025-06-27T09:39:00+05:30,3214.0,3215.0,3210.0,3210.5,4380
2025-06-27T09:40:00+05:30,3210.5,3214.8,3210.1,3212.2,6617
2025-06-27T09:41:00+05:30,3211.5,3214.5,3211.5,3213.5,4347
2025-06-27T09:42:00+05:30,3213.4,3214.0,3211.0,3211.6,1699
2025-06-27T09:43:00+05:30,3211.6,3212.0,3209.1,3211.5,13128
2025-06-27T09:44:00+05:30,3211.5,3211.7,3209.8,3211.6,8291
2025-06-27T09:45:00+05:30,3211.5,3211.6,3210.0,3211.5,8318
2025-06-27T09:46:00+05:30,3211.5,3214.7,3211.5,3211.5,3380
2025-06-27T09:47:00+05:30,3211.5,3212.0,3207.3,3209.2,4930
2025-06-27T09:48:00+05:30,3209.2,3212.9,3209.2,3212.7,2268
2025-06-27T09:49:00+05:30,3211.5,3217.4,3210.0,3217.4,4058
2025-06-27T09:50:00+05:30,3216.2,3217.7,3212.8,3214.8,5659
2025-06-27T09:51:00+05:30,3214.7,3215.0,3212.3,3213.0,941
2025-06-27T09:52:00+05:30,3213.3,3219.4,3212.8,3217.6,6551
2025-06-27T09:53:00+05:30,3216.7,3219.4,3215.2,3217.2,4633
2025-06-27T09:54:00+05:30,3216.4,3217.1,3213.1,3213.7,1416
2025-06-27T09:55:00+05:30,3213.1,3214.6,3213.1,3214.3,450
2025-06-27T09:56:00+05:30,3214.0,3214.3,3212.0,3213.9,1873
2025-06-27T09:57:00+05:30,3212.4,3213.9,3211.3,3212.6,4206
2025-06-27T09:58:00+05:30,3211.5,3213.0,3210.1,3213.0,2467
2025-06-27T09:59:00+05:30,3212.9,3218.0,3212.9,3217.0,2936
2025-06-27T10:00:00+05:30,3216.7,3218.0,3216.7,3217.1,1553
2025-06-27T10:01:00+05:30,3217.9,3218.0,3216.3,3217.9,1246
2025-06-27T10:02:00+05:30,3217.2,3217.9,3216.0,3217.4,1884
2025-06-27T10:03:00+05:30,3216.0,3217.4,3215.1,3216.9,2868
2025-06-27T10:04:00+05:30,3216.0,3218.9,3216.0,3218.0,7631
2025-06-27T10:05:00+05:30,3217.1,3221.9,3217.0,3220.1,20618
2025-06-27T10:06:00+05:30,3218.8,3220.2,3217.0,3217.5,17495
2025-06-27T10:07:00+05:30,3217.9,3217.9,3215.0,3216.0,1975
2025-06-27T10:08:00+05:30,3216.0,3216.2,3213.1,3215.0,9304
2025-06-27T10:09:00+05:30,3215.0,3217.2,3214.8,3217.0,2520
2025-06-27T10:10:00+05:30,3216.0,3218.0,3215.7,3215.7,2698
2025-06-27T10:11:00+05:30,3215.6,3216.0,3213.8,3215.0,5712
2025-06-27T10:12:00+05:30,3215.0,3215.7,3212.6,3215.5,4234
2025-06-27T10:13:00+05:30,3215.0,3215.5,3212.3,3214.4,3143
2025-06-27T10:14:00+05:30,3213.0,3214.3,3210.6,3212.0,5259
2025-06-27T10:15:00+05:30,3213.0,3215.0,3212.1,3213.9,3313
2025-06-27T10:16:00+05:30,3213.1,3214.9,3211.5,3214.9,3113
2025-06-27T10:17:00+05:30,3213.7,3216.3,3213.5,3215.0,3863
2025-06-27T10:18:00+05:30,3215.0,3216.0,3212.1,3213.8,3091
2025-06-27T10:19:00+05:30,3213.4,3215.5,3210.4,3214.1,8314
2025-06-27T10:20:00+05:30,3214.1,3214.6,3211.8,3214.0,3795
2025-06-27T10:21:00+05:30,3213.2,3214.0,3211.5,3212.0,4012
2025-06-27T10:22:00+05:30,3211.5,3215.0,3211.5,3213.3,2827
2025-06-27T10:23:00+05:30,3213.3,3214.0,3209.9,3212.7,32313
2025-06-27T10:24:00+05:30,3212.7,3214.0,3211.5,3212.0,3624
2025-06-27T10:25:00+05:30,3212.3,3212.8,3210.6,3212.1,3565
2025-06-27T10:26:00+05:30,3211.5,3212.3,3210.2,3211.5,5229
2025-06-27T10:27:00+05:30,3211.5,3213.8,3210.7,3213.6,9682
2025-06-27T10:28:00+05:30,3213.6,3214.2,3211.5,3212.6,3079
2025-06-27T10:29:00+05:30,3211.5,3212.6,3210.4,3211.9,3218
2025-06-27T10:30:00+05:30,3211.5,3212.0,3210.7,3211.7,3920
2025-06-27T10:31:00+05:30,3211.5,3211.7,3211.0,3211.5,7137
2025-06-27T10:32:00+05:30,3211.5,3211.7,3210.0,3211.5,16121
2025-06-27T10:33:00+05:30,3211.5,3215.0,3209.5,3214.4,18341
2025-06-27T10:34:00+05:30,3214.6,3214.6,3211.3,3212.4,2496
2025-06-27T10:35:00+05:30,3211.5,3212.7,3210.7,3212.6,3441
2025-06-27T10:36:00+05:30,3211.5,3213.0,3211.2,3211.5,5234
2025-06-27T10:37:00+05:30,3211.5,3212.8,3211.2,3212.8,2939
2025-06-27T10:38:00+05:30,3211.7,3213.0,3211.5,3212.0,3273
2025-06-27T10:39:00+05:30,3211.5,3213.0,3211.5,3211.8,1944
2025-06-27T10:40:00+05:30,3211.8,3213.0,3211.4,3212.7,3121
2025-06-27T10:41:00+05:30,3212.6,3213.0,3211.5,3212.4,3234
2025-06-27T10:42:00+05:30,3212.4,3214.9,3211.4,3213.4,6890
2025-06-27T10:43:00+05:30,3213.4,3215.0,3212.1,3213.9,3101
2025-06-27T10:44:00+05:30,3212.8,3216.1,3212.8,3214.2,4629
2025-06-27T10:45:00+05:30,3214.3,3215.6,3213.7,3214.6,2401
2025-06-27T10:46:00+05:30,3215.0,3215.5,3212.7,3214.6,2603
2025-06-27T10:47:00+05:30,3215.0,3215.6,3213.1,3213.9,1874
2025-06-27T10:48:00+05:30,3213.5,3216.0,3213.0,3215.2,3012
2025-06-27T10:49:00+05:30,3215.2,3215.2,3213.5,3215.0,2609
2025-06-27T10:50:00+05:30,3215.0,3215.4,3213.0,3214.1,2757
2025-06-27T10:51:00+05:30,3215.0,3216.1,3211.2,3213.6,7117
2025-06-27T10:52:00+05:30,3213.5,3215.6,3213.5,3215.2,2938
2025-06-27T10:53:00+05:30,3213.7,3215.6,3212.2,3215.0,4785
2025-06-27T10:54:00+05:30,3215.0,3216.8,3214.3,3215.1,4581
2025-06-27T10:55:00+05:30,3214.5,3217.5,3214.0,3215.9,2759
2025-06-27T10:56:00+05:30,3215.8,3216.3,3212.6,3215.5,3231
2025-06-27T10:57:00+05:30,3214.2,3216.1,3212.5,3215.0,3134
2025-06-27T10:58:00+05:30,3215.0,3217.2,3214.3,3214.7,3276
2025-06-27T10:59:00+05:30,3214.7,3216.1,3212.6,3212.6,5308
2025-06-27T11:00:00+05:30,3212.2,3213.7,3206.0,3212.0,11087
2025-06-27T11:01:00+05:30,3212.0,3215.2,3211.5,3214.1,2590
2025-06-27T11:02:00+05:30,3214.1,3214.7,3213.0,3214.4,3367
2025-06-27T11:03:00+05:30,3214.3,3217.3,3214.3,3216.3,3174
2025-06-27T11:04:00+05:30,3216.3,3217.9,3215.5,3215.5,3280
2025-06-27T11:05:00+05:30,3215.5,3219.0,3215.1,3216.1,5676
2025-06-27T11:06:00+05:30,3216.1,3219.0,3215.9,3217.9,3454
2025-06-27T11:07:00+05:30,3217.9,3220.0,3217.7,3219.6,4105
2025-06-27T11:08:00+05:30,3219.6,3220.0,3217.0,3217.2,11103
2025-06-27T11:09:00+05:30,3217.1,3218.0,3215.8,3215.8,3609
2025-06-27T11:10:00+05:30,3215.8,3216.0,3212.2,3212.8,3090
2025-06-27T11:11:00+05:30,3212.8,3216.0,3212.6,3215.0,3478
2025-06-27T11:12:00+05:30,3215.4,3216.0,3213.7,3214.4,2507
2025-06-27T11:13:00+05:30,3215.0,3216.7,3214.4,3215.5,3268
2025-06-27T11:14:00+05:30,3215.5,3217.2,3214.6,3215.8,3511
2025-06-27T11:15:00+05:30,3215.8,3217.0,3215.0,3216.4,3150
2025-06-27T11:16:00+05:30,3215.0,3216.5,3214.3,3215.3,2755
2025-06-27T11:17:00+05:30,3215.4,3216.5,3214.3,3214.5,2700
2025-06-27T11:18:00+05:30,3214.5,3217.0,3214.2,3216.0,3697
2025-06-27T11:19:00+05:30,3216.0,3216.8,3215.0,3215.1,3436
2025-06-27T11:20:00+05:30,3215.1,3216.7,3215.0,3215.0,2843
2025-06-27T11:21:00+05:30,3215.1,3217.0,3214.0,3214.9,2808
2025-06-27T11:22:00+05:30,3214.9,3216.8,3214.5,3215.3,3278
2025-06-27T11:23:00+05:30,3215.3,3216.1,3214.0,3214.1,2935
2025-06-27T11:24:00+05:30,3214.1,3214.9,3213.0,3214.5,3900
2025-06-27T11:25:00+05:30,3214.5,3214.8,3212.4,3212.6,3698
2025-06-27T11:26:00+05:30,3212.6,3214.1,3212.0,3212.1,3446
2025-06-27T11:27:00+05:30,3212.0,3213.4,3211.5,3212.0,3226
2025-06-27T11:28:00+05:30,3212.0,3214.2,3211.5,3212.6,3785
2025-06-27T11:29:00+05:30,3212.6,3215.9,3212.1,3215.0,3199
2025-06-27T11:30:00+05:30,3215.0,3216.6,3214.1,3215.2,2961
2025-06-27T11:31:00+05:30,3215.2,3216.0,3213.8,3215.0,3419
2025-06-27T11:32:00+05:30,3215.0,3216.3,3212.8,3215.4,6909
2025-06-27T11:33:00+05:30,3215.4,3215.9,3213.0,3214.0,3030
2025-06-27T11:34:00+05:30,3213.1,3215.0,3211.5,3213.3,4886
2025-06-27T11:35:00+05:30,3213.3,3214.1,3211.7,3211.8,3975
2025-06-27T11:36:00+05:30,3212.3,3214.1,3210.7,3213.3,4577
2025-06-27T11:37:00+05:30,3213.3,3214.9,3212.0,3214.0,4232
2025-06-27T11:38:00+05:30,3214.4,3214.6,3212.4,3213.9,3407
2025-06-27T11:39:00+05:30,3214.2,3215.5,3211.9,3215.0,5339
2025-06-27T11:40:00+05:30,3215.0,3215.4,3213.1,3215.4,3597
2025-06-27T11:41:00+05:30,3215.0,3215.9,3213.4,3213.8,4365
2025-06-27T11:42:00+05:30,3213.8,3214.9,3212.6,3214.3,5151
2025-06-27T11:43:00+05:30,3213.0,3214.8,3211.4,3212.2,3902
2025-06-27T11:44:00+05:30,3212.2,3212.7,3211.0,3211.6,3329
2025-06-27T11:45:00+05:30,3211.6,3212.7,3211.2,3211.5,3252
2025-06-27T11:46:00+05:30,3211.5,3212.9,3211.3,3211.7,2812
2025-06-27T11:47:00+05:30,3211.7,3212.8,3211.4,3211.5,3400
2025-06-27T11:48:00+05:30,3211.5,3213.3,3211.0,3211.5,3526
2025-06-27T11:49:00+05:30,3211.5,3212.8,3211.3,3211.5,2809
2025-06-27T11:50:00+05:30,3211.5,3213.1,3211.0,3211.5,3163
2025-06-27T11:51:00+05:30,3211.5,3212.7,3211.0,3211.5,3628
2025-06-27T11:52:00+05:30,3211.5,3212.7,3211.0,3211.5,3364
2025-06-27T11:53:00+05:30,3211.5,3212.0,3211.1,3211.6,2497
2025-06-27T11:54:00+05:30,3211.5,3213.6,3211.4,3211.8,3241
2025-06-27T11:55:00+05:30,3211.5,3213.0,3211.0,3211.6,2735
2025-06-27T11:56:00+05:30,3211.5,3214.7,3211.2,3213.3,8577
2025-06-27T11:57:00+05:30,3213.3,3214.2,3211.6,3212.0,6552
2025-06-27T11:58:00+05:30,3212.0,3213.3,3206.7,3206.9,8556
2025-06-27T11:59:00+05:30,3206.9,3208.5,3205.2,3205.2,4955
2025-06-27T12:00:00+05:30,3205.2,3205.3,3203.1,3203.7,7459
2025-06-27T12:01:00+05:30,3203.7,3205.0,3203.0,3203.8,3880
2025-06-27T12:02:00+05:30,3203.8,3205.0,3202.6,3203.7,3772
2025-06-27T12:03:00+05:30,3203.7,3204.8,3202.6,3202.6,3226
2025-06-27T12:04:00+05:30,3202.6,3204.0,3202.0,3203.6,3313
2025-06-27T12:05:00+05:30,3202.3,3204.0,3202.2,3202.3,3698
2025-06-27T12:06:00+05:30,3202.3,3203.2,3201.1,3202.2,3614
2025-06-27T12:07:00+05:30,3202.2,3204.0,3200.8,3203.0,7359
2025-06-27T12:08:00+05:30,3203.0,3204.7,3202.1,3202.1,5002
2025-06-27T12:09:00+05:30,3202.1,3203.4,3200.0,3201.0,8786
2025-06-27T12:10:00+05:30,3201.0,3202.0,3200.5,3201.0,5653
2025-06-27T12:11:00+05:30,3201.0,3202.0,3201.0,3201.6,3696
2025-06-27T12:12:00+05:30,3201.6,3202.0,3200.2,3201.2,3351
2025-06-27T12:13:00+05:30,3200.7,3201.1,3200.0,3200.0,3803
2025-06-27T12:14:00+05:30,3200.0,3200.1,3200.0,3200.1,2260
2025-06-27T12:15:00+05:30,3200.0,3201.9,3200.0,3200.9,5818
2025-06-27T12:16:00+05:30,3200.9,3201.0,3199.1,3200.5,5991
2025-06-27T12:17:00+05:30,3200.5,3201.3,3200.0,3200.1,3868
2025-06-27T12:18:00+05:30,3200.0,3204.4,3199.6,3203.3,6170
2025-06-27T12:19:00+05:30,3202.6,3204.4,3201.8,3204.4,3684
2025-06-27T12:20:00+05:30,3203.9,3204.7,3202.2,3202.6,3306
2025-06-27T12:21:00+05:30,3202.7,3204.0,3202.1,3203.3,3373
2025-06-27T12:22:00+05:30,3203.3,3205.0,3202.7,3204.9,6411
2025-06-27T12:23:00+05:30,3204.4,3204.9,3203.1,3204.5,2981
2025-06-27T12:24:00+05:30,3204.2,3207.1,3203.2,3207.1,5368
2025-06-27T12:25:00+05:30,3206.0,3207.8,3205.0,3205.0,3362
2025-06-27T12:26:00+05:30,3205.0,3207.6,3204.0,3206.8,4206
2025-06-27T12:27:00+05:30,3206.8,3208.0,3206.0,3206.0,3264
2025-06-27T12:28:00+05:30,3206.0,3207.0,3204.4,3204.6,5043
2025-06-27T12:29:00+05:30,3204.6,3206.2,3204.0,3204.9,3623
2025-06-27T12:30:00+05:30,3204.9,3208.5,3204.1,3206.8,3800
2025-06-27T12:31:00+05:30,3206.8,3209.0,3206.5,3209.0,3086
2025-06-27T12:32:00+05:30,3208.7,3208.7,3206.6,3206.9,3180
2025-06-27T12:33:00+05:30,3206.6,3207.9,3205.6,3206.0,3426
2025-06-27T12:34:00+05:30,3206.0,3208.0,3205.0,3205.2,3798
2025-06-27T12:35:00+05:30,3205.2,3208.0,3204.1,3207.4,4217
2025-06-27T12:36:00+05:30,3207.4,3207.7,3205.1,3205.6,3946
2025-06-27T12:37:00+05:30,3205.6,3206.0,3203.6,3203.8,6453
2025-06-27T12:38:00+05:30,3203.7,3206.6,3203.3,3204.6,6743
2025-06-27T12:39:00+05:30,3204.0,3207.0,3203.9,3206.2,3668
2025-06-27T12:40:00+05:30,3206.2,3208.7,3205.7,3207.2,3523
2025-06-27T12:41:00+05:30,3208.5,3210.0,3206.5,3209.0,4019
2025-06-27T12:42:00+05:30,3209.3,3210.0,3208.8,3209.1,4559
2025-06-27T12:43:00+05:30,3209.1,3211.5,3208.8,3209.0,6083
2025-06-27T12:44:00+05:30,3209.1,3215.0,3209.0,3211.0,28778
2025-06-27T12:45:00+05:30,3211.0,3211.5,3208.0,3211.4,5425
2025-06-27T12:46:00+05:30,3210.5,3211.5,3209.7,3210.8,5838
2025-06-27T12:47:00+05:30,3210.8,3211.5,3207.2,3207.7,11865
2025-06-27T12:48:00+05:30,3207.6,3208.7,3205.5,3205.9,2981
2025-06-27T12:49:00+05:30,3205.9,3207.9,3205.1,3206.3,3193
2025-06-27T12:50:00+05:30,3206.3,3208.0,3206.0,3208.0,2959
2025-06-27T12:51:00+05:30,3208.0,3208.0,3204.6,3205.6,3438
2025-06-27T12:52:00+05:30,3205.6,3206.8,3204.1,3204.5,3664
2025-06-27T12:53:00+05:30,3204.5,3206.0,3204.1,3205.3,3071
2025-06-27T12:54:00+05:30,3205.3,3206.9,3204.5,3206.8,2981
2025-06-27T12:55:00+05:30,3206.1,3215.3,3206.0,3215.0,34275
2025-06-27T12:56:00+05:30,3214.5,3222.0,3214.5,3217.5,26283
2025-06-27T12:57:00+05:30,3216.4,3220.0,3214.4,3216.6,11962
2025-06-27T12:58:00+05:30,3216.6,3219.5,3216.3,3219.5,4338
2025-06-27T12:59:00+05:30,3219.5,3219.5,3217.0,3217.4,3457
2025-06-27T13:00:00+05:30,3217.0,3218.5,3216.3,3217.4,3792
2025-06-27T13:01:00+05:30,3217.4,3221.0,3217.4,3220.6,6504
2025-06-27T13:02:00+05:30,3220.6,3221.0,3217.9,3220.0,3339
2025-06-27T13:03:00+05:30,3220.0,3220.9,3218.4,3220.3,5060
2025-06-27T13:04:00+05:30,3220.3,3220.3,3217.9,3219.5,3152
2025-06-27T13:05:00+05:30,3219.5,3221.5,3218.4,3221.5,7290
2025-06-27T13:06:00+05:30,3221.5,3221.5,3219.2,3219.5,3591
2025-06-27T13:07:00+05:30,3219.2,3220.7,3219.2,3220.7,4946
2025-06-27T13:08:00+05:30,3220.7,3224.0,3220.0,3222.5,13651
2025-06-27T13:09:00+05:30,3223.6,3225.5,3222.5,3224.7,9739
2025-06-27T13:10:00+05:30,3224.0,3224.7,3221.8,3223.1,6768
2025-06-27T13:11:00+05:30,3223.1,3223.7,3221.3,3221.6,3880
2025-06-27T13:12:00+05:30,3221.6,3222.8,3220.5,3220.5,4060
2025-06-27T13:13:00+05:30,3220.5,3221.2,3219.2,3220.8,3355
2025-06-27T13:14:00+05:30,3219.8,3221.9,3219.7,3220.4,3979
2025-06-27T13:15:00+05:30,3220.3,3221.5,3219.9,3220.8,3494
2025-06-27T13:16:00+05:30,3220.8,3222.4,3220.1,3220.5,4411
2025-06-27T13:17:00+05:30,3220.1,3223.0,3220.0,3222.4,4053
2025-06-27T13:18:00+05:30,3222.9,3224.5,3220.9,3220.9,5137
2025-06-27T13:19:00+05:30,3220.9,3223.3,3220.7,3221.7,4511
2025-06-27T13:20:00+05:30,3221.7,3223.0,3220.5,3222.2,5345
2025-06-27T13:21:00+05:30,3221.5,3221.9,3217.8,3218.5,4224
2025-06-27T13:22:00+05:30,3218.5,3218.9,3217.1,3217.2,3553
2025-06-27T13:23:00+05:30,3217.8,3219.0,3217.0,3217.9,3603
2025-06-27T13:24:00+05:30,3218.1,3219.0,3215.5,3215.5,3230
2025-06-27T13:25:00+05:30,3215.5,3218.5,3215.4,3217.5,3781
2025-06-27T13:26:00+05:30,3217.5,3218.5,3217.0,3217.9,2964
2025-06-27T13:27:00+05:30,3217.5,3220.0,3217.5,3219.7,4762
2025-06-27T13:28:00+05:30,3219.5,3223.9,3219.1,3222.3,3534
2025-06-27T13:29:00+05:30,3222.4,3224.9,3221.2,3223.3,5121
2025-06-27T13:30:00+05:30,3223.3,3225.0,3220.0,3220.0,7468
2025-06-27T13:31:00+05:30,3220.0,3222.3,3219.6,3219.7,2715
2025-06-27T13:32:00+05:30,3219.6,3222.4,3219.3,3220.9,3540
2025-06-27T13:33:00+05:30,3220.9,3223.4,3219.8,3220.0,3956
2025-06-27T13:34:00+05:30,3220.0,3221.8,3217.9,3218.1,2612
2025-06-27T13:35:00+05:30,3218.0,3220.3,3217.7,3217.8,4477
2025-06-27T13:36:00+05:30,3218.1,3220.1,3217.7,3218.0,3373
2025-06-27T13:37:00+05:30,3218.0,3220.9,3217.9,3218.9,3133
2025-06-27T13:38:00+05:30,3218.9,3220.4,3218.9,3219.6,3119
2025-06-27T13:39:00+05:30,3219.6,3221.3,3218.7,3220.4,4433
2025-06-27T13:40:00+05:30,3220.4,3220.8,3218.3,3218.7,3291
2025-06-27T13:41:00+05:30,3218.7,3220.1,3217.9,3220.0,3486
2025-06-27T13:42:00+05:30,3219.1,3220.6,3218.2,3218.2,2739
2025-06-27T13:43:00+05:30,3218.2,3218.2,3216.3,3217.2,3090
2025-06-27T13:44:00+05:30,3217.2,3218.2,3216.5,3216.7,3928
2025-06-27T13:45:00+05:30,3216.7,3218.6,3216.4,3217.1,3931
2025-06-27T13:46:00+05:30,3217.1,3218.4,3216.5,3217.6,3066
2025-06-27T13:47:00+05:30,3217.6,3218.2,3216.1,3216.8,3206
2025-06-27T13:48:00+05:30,3217.1,3220.5,3216.0,3219.4,5246
2025-06-27T13:49:00+05:30,3218.9,3220.5,3218.6,3219.8,4293
2025-06-27T13:50:00+05:30,3219.8,3220.5,3218.6,3219.4,3203
2025-06-27T13:51:00+05:30,3219.4,3220.5,3218.9,3218.9,5551
2025-06-27T13:52:00+05:30,3219.6,3221.0,3218.5,3219.0,3679
2025-06-27T13:53:00+05:30,3219.0,3220.0,3218.2,3219.5,3862
2025-06-27T13:54:00+05:30,3218.8,3219.9,3217.7,3218.2,2888
2025-06-27T13:55:00+05:30,3218.7,3219.9,3217.8,3218.4,4381
2025-06-27T13:56:00+05:30,3218.3,3220.5,3218.1,3219.9,5125
2025-06-27T13:57:00+05:30,3219.9,3220.9,3219.0,3219.5,3372
2025-06-27T13:58:00+05:30,3219.7,3221.6,3219.3,3220.8,3989
2025-06-27T13:59:00+05:30,3220.4,3221.4,3219.2,3220.6,6296
2025-06-27T14:00:00+05:30,3220.7,3221.0,3218.6,3218.7,3351
2025-06-27T14:01:00+05:30,3218.6,3220.2,3217.5,3219.3,4066
2025-06-27T14:02:00+05:30,3220.0,3220.9,3218.7,3220.2,4678
2025-06-27T14:03:00+05:30,3220.2,3221.0,3218.6,3218.7,3927
2025-06-27T14:04:00+05:30,3218.8,3221.0,3218.2,3219.8,5172
2025-06-27T14:05:00+05:30,3220.0,3221.0,3218.1,3219.3,4051
2025-06-27T14:06:00+05:30,3219.3,3219.8,3217.6,3219.0,5525
2025-06-27T14:07:00+05:30,3219.0,3220.3,3218.2,3219.5,4738
2025-06-27T14:08:00+05:30,3218.6,3220.4,3218.5,3220.1,4916
2025-06-27T14:09:00+05:30,3219.3,3221.0,3218.2,3219.5,4999
2025-06-27T14:10:00+05:30,3219.0,3220.0,3218.2,3218.9,5223
2025-06-27T14:11:00+05:30,3218.9,3219.9,3217.1,3217.7,4626
2025-06-27T14:12:00+05:30,3217.6,3218.3,3217.0,3218.0,5549
2025-06-27T14:13:00+05:30,3217.9,3219.0,3217.0,3218.1,5299
2025-06-27T14:14:00+05:30,3218.1,3219.0,3216.6,3216.6,5655
2025-06-27T14:15:00+05:30,3216.9,3217.6,3215.4,3215.5,5544
2025-06-27T14:16:00+05:30,3215.6,3215.6,3211.3,3212.3,7647
2025-06-27T14:17:00+05:30,3211.9,3212.5,3210.3,3210.3,8151
2025-06-27T14:18:00+05:30,3210.3,3212.9,3210.0,3210.4,8950
2025-06-27T14:19:00+05:30,3210.4,3211.6,3210.0,3210.1,5560
2025-06-27T14:20:00+05:30,3210.0,3210.1,3208.0,3209.3,9649
2025-06-27T14:21:00+05:30,3209.2,3210.1,3208.5,3208.8,6097
2025-06-27T14:22:00+05:30,3208.9,3210.0,3207.7,3208.3,5616
2025-06-27T14:23:00+05:30,3208.2,3210.0,3206.7,3209.6,7014
2025-06-27T14:24:00+05:30,3209.5,3210.0,3208.5,3208.9,7243
2025-06-27T14:25:00+05:30,3209.0,3209.3,3208.0,3208.8,8666
2025-06-27T14:26:00+05:30,3208.5,3211.1,3208.5,3209.0,11118
2025-06-27T14:27:00+05:30,3209.0,3209.4,3208.3,3208.5,6181
2025-06-27T14:28:00+05:30,3208.5,3209.8,3208.3,3209.0,7231
2025-06-27T14:29:00+05:30,3209.2,3209.2,3208.0,3208.5,5395
2025-06-27T14:30:00+05:30,3208.5,3209.2,3208.2,3208.5,9993
2025-06-27T14:31:00+05:30,3208.5,3208.7,3206.3,3208.6,35402
2025-06-27T14:32:00+05:30,3208.5,3208.6,3203.2,3203.4,21140
2025-06-27T14:33:00+05:30,3204.1,3206.8,3202.7,3203.8,14753
2025-06-27T14:34:00+05:30,3203.4,3203.9,3201.2,3201.3,16025
2025-06-27T14:35:00+05:30,3201.3,3204.5,3200.3,3201.7,14405
2025-06-27T14:36:00+05:30,3201.7,3202.9,3200.5,3200.9,15544
2025-06-27T14:37:00+05:30,3200.9,3201.6,3200.0,3200.8,11357
2025-06-27T14:38:00+05:30,3200.3,3201.0,3200.0,3200.3,13701
2025-06-27T14:39:00+05:30,3200.4,3200.4,3198.9,3199.6,12095
2025-06-27T14:40:00+05:30,3199.5,3200.2,3198.7,3199.1,10405
2025-06-27T14:41:00+05:30,3199.0,3200.0,3198.9,3199.7,14252
2025-06-27T14:42:00+05:30,3199.6,3199.7,3197.3,3198.7,11861
2025-06-27T14:43:00+05:30,3198.6,3200.0,3197.9,3199.4,11224
2025-06-27T14:44:00+05:30,3199.7,3200.0,3198.7,3198.8,11332
2025-06-27T14:45:00+05:30,3198.8,3198.9,3197.2,3197.6,11898
2025-06-27T14:46:00+05:30,3197.6,3197.6,3195.1,3196.5,13188
2025-06-27T14:47:00+05:30,3196.0,3197.0,3195.7,3197.0,11951
2025-06-27T14:48:00+05:30,3197.0,3199.5,3196.6,3198.7,12407
2025-06-27T14:49:00+05:30,3198.3,3198.7,3196.7,3197.5,12227
2025-06-27T14:50:00+05:30,3197.5,3199.7,3196.7,3198.6,14311
2025-06-27T14:51:00+05:30,3198.6,3198.9,3197.3,3198.1,15567
2025-06-27T14:52:00+05:30,3198.1,3199.7,3197.5,3198.6,11442
2025-06-27T14:53:00+05:30,3198.1,3199.7,3197.5,3199.7,13547
2025-06-27T14:54:00+05:30,3199.6,3199.7,3198.8,3199.3,10518
2025-06-27T14:55:00+05:30,3199.3,3201.4,3198.4,3200.0,16601
2025-06-27T14:56:00+05:30,3200.1,3200.1,3198.4,3199.1,13325
2025-06-27T14:57:00+05:30,3199.4,3199.7,3198.1,3199.5,14107
2025-06-27T14:58:00+05:30,3199.5,3201.7,3198.8,3199.6,16509
2025-06-27T14:59:00+05:30,3199.8,3200.2,3198.1,3198.1,16133
2025-06-27T15:00:00+05:30,3198.0,3198.4,3187.1,3190.2,126849
2025-06-27T15:01:00+05:30,3190.2,3194.8,3187.5,3192.3,118002
2025-06-27T15:02:00+05:30,3192.0,3193.9,3189.6,3193.5,127634
2025-06-27T15:03:00+05:30,3193.5,3197.0,3191.1,3193.0,105191
2025-06-27T15:04:00+05:30,3193.1,3199.6,3192.1,3199.0,107219
2025-06-27T15:05:00+05:30,3199.0,3203.9,3197.4,3202.9,111855
2025-06-27T15:06:00+05:30,3202.6,3205.5,3200.3,3202.1,107802
2025-06-27T15:07:00+05:30,3202.1,3204.0,3199.8,3202.6,106094
2025-06-27T15:08:00+05:30,3202.4,3203.3,3199.7,3200.0,106234
2025-06-27T15:09:00+05:30,3200.0,3203.0,3198.3,3202.9,35532
2025-06-27T15:10:00+05:30,3202.5,3210.0,3201.3,3209.2,191056
2025-06-27T15:11:00+05:30,3209.2,3209.6,3203.5,3204.8,107073
2025-06-27T15:12:00+05:30,3204.8,3205.3,3199.9,3200.1,101698
2025-06-27T15:13:00+05:30,3199.9,3200.1,3196.1,3198.2,111973
2025-06-27T15:14:00+05:30,3198.2,3208.7,3196.7,3206.0,103165
2025-06-27T15:15:00+05:30,3205.8,3212.8,3202.8,3210.5,107120
2025-06-27T15:16:00+05:30,3211.2,3212.8,3209.0,3209.5,60845
2025-06-27T15:17:00+05:30,3209.5,3210.9,3206.1,3206.4,127360
2025-06-27T15:18:00+05:30,3206.4,3214.4,3205.9,3212.8,103049
2025-06-27T15:19:00+05:30,3211.6,3212.8,3209.2,3210.8,95996
2025-06-27T15:20:00+05:30,3210.4,3212.8,3206.3,3206.4,95654
2025-06-27T15:21:00+05:30,3206.5,3208.9,3203.9,3206.8,105909
2025-06-27T15:22:00+05:30,3207.8,3209.4,3203.2,3207.3,93099
2025-06-27T15:23:00+05:30,3207.1,3211.8,3206.1,3207.3,91021
2025-06-27T15:24:00+05:30,3207.3,3210.5,3204.4,3209.8,93410
2025-06-27T15:25:00+05:30,3209.8,3215.0,3207.5,3211.9,84159
2025-06-27T15:26:00+05:30,3211.9,3216.0,3209.6,3214.9,78028
2025-06-27T15:27:00+05:30,3214.9,3216.5,3209.1,3212.5,73338
2025-06-27T15:28:00+05:30,3212.5,3219.1,3211.7,3217.7,33042
2025-06-27T15:29:00+05:30,3217.7,3221.9,3215.5,3220.0,13470
2025-06-30T09:15:00+05:30,3210.0,3219.8,3203.3,3212.8,28186
2025-06-30T09:16:00+05:30,3214.0,3214.0,3193.0,3198.0,20622
2025-06-30T09:17:00+05:30,3198.0,3198.4,3180.0,3182.4,20938
2025-06-30T09:18:00+05:30,3183.3,3185.2,3171.0,3173.9,19174
2025-06-30T09:19:00+05:30,3172.6,3176.7,3171.1,3175.0,13425
2025-06-30T09:20:00+05:30,3175.0,3176.0,3163.7,3168.6,18882
2025-06-30T09:21:00+05:30,3168.4,3168.9,3161.0,3168.1,11310
2025-06-30T09:22:00+05:30,3168.1,3176.5,3165.3,3176.5,13161
2025-06-30T09:23:00+05:30,3176.5,3177.6,3170.7,3173.9,15750
2025-06-30T09:24:00+05:30,3174.5,3179.9,3173.2,3177.4,7355
2025-06-30T09:25:00+05:30,3178.2,3180.0,3176.3,3178.4,8310
2025-06-30T09:26:00+05:30,3178.6,3184.9,3178.0,3184.9,11886
2025-06-30T09:27:00+05:30,3185.0,3190.0,3183.0,3186.3,11847
2025-06-30T09:28:00+05:30,3186.5,3189.0,3185.4,3189.0,3841
2025-06-30T09:29:00+05:30,3189.0,3189.5,3187.0,3188.3,5168
2025-06-30T09:30:00+05:30,3188.3,3190.0,3185.3,3188.0,7387
2025-06-30T09:31:00+05:30,3188.0,3191.8,3187.0,3190.5,3752
2025-06-30T09:32:00+05:30,3190.5,3194.0,3190.5,3193.0,4815
2025-06-30T09:33:00+05:30,3193.1,3193.1,3187.1,3191.5,5086
2025-06-30T09:34:00+05:30,3191.4,3192.5,3182.8,3186.0,10460
2025-06-30T09:35:00+05:30,3185.9,3187.0,3180.5,3184.5,15802
2025-06-30T09:36:00+05:30,3184.5,3194.7,3182.4,3194.7,8049
2025-06-30T09:37:00+05:30,3194.5,3194.5,3190.0,3192.0,3714
2025-06-30T09:38:00+05:30,3192.0,3192.0,3183.8,3185.3,15392
2025-06-30T09:39:00+05:30,3185.1,3188.2,3184.3,3185.0,8618
2025-06-30T09:40:00+05:30,3185.0,3192.5,3185.0,3192.5,9132
2025-06-30T09:41:00+05:30,3192.3,3193.0,3186.3,3188.0,14613
2025-06-30T09:42:00+05:30,3188.0,3189.9,3186.0,3186.2,2908
2025-06-30T09:43:00+05:30,3186.1,3190.9,3186.1,3190.0,2895
2025-06-30T09:44:00+05:30,3190.9,3191.5,3190.0,3191.0,2344
2025-06-30T09:45:00+05:30,3191.2,3193.1,3188.0,3192.8,6340
2025-06-30T09:46:00+05:30,3193.0,3195.0,3192.0,3193.3,5535
2025-06-30T09:47:00+05:30,3194.0,3197.3,3193.1,3196.1,12400
2025-06-30T09:48:00+05:30,3196.0,3196.0,3192.6,3193.9,4415
2025-06-30T09:49:00+05:30,3193.6,3194.7,3190.0,3190.1,3233
2025-06-30T09:50:00+05:30,3190.2,3192.8,3190.0,3192.0,2403
2025-06-30T09:51:00+05:30,3191.4,3192.4,3190.0,3190.3,5890
2025-06-30T09:52:00+05:30,3190.0,3193.0,3190.0,3192.3,22800
2025-06-30T09:53:00+05:30,3192.3,3192.3,3190.0,3190.0,2237
2025-06-30T09:54:00+05:30,3190.2,3190.5,3190.0,3190.1,1037
2025-06-30T09:55:00+05:30,3190.1,3190.1,3187.0,3187.3,20868
2025-06-30T09:56:00+05:30,3187.0,3187.7,3185.0,3185.4,10369
2025-06-30T09:57:00+05:30,3185.5,3185.5,3185.0,3185.0,2057
2025-06-30T09:58:00+05:30,3185.1,3186.8,3185.0,3185.0,1673
2025-06-30T09:59:00+05:30,3185.0,3187.7,3183.0,3184.9,8659
2025-06-30T10:00:00+05:30,3185.0,3186.7,3183.6,3185.1,3194
2025-06-30T10:01:00+05:30,3185.0,3185.0,3171.7,3172.6,16170
2025-06-30T10:02:00+05:30,3173.2,3176.1,3171.2,3175.1,4087
2025-06-30T10:03:00+05:30,3175.1,3179.3,3174.0,3176.5,3423
2025-06-30T10:04:00+05:30,3177.1,3179.1,3172.7,3172.7,8849
2025-06-30T10:05:00+05:30,3172.7,3175.0,3172.6,3174.3,2819
2025-06-30T10:06:00+05:30,3175.0,3176.6,3173.0,3175.6,11049
2025-06-30T10:07:00+05:30,3174.9,3176.2,3172.0,3172.0,2935
2025-06-30T10:08:00+05:30,3171.6,3173.9,3167.8,3172.1,13286
2025-06-30T10:09:00+05:30,3172.2,3172.9,3170.0,3172.9,6460
2025-06-30T10:10:00+05:30,3172.9,3173.6,3171.7,3173.4,3918
2025-06-30T10:11:00+05:30,3173.4,3178.0,3172.8,3178.0,2368
2025-06-30T10:12:00+05:30,3177.9,3178.6,3176.0,3177.4,3625
2025-06-30T10:13:00+05:30,3177.2,3179.4,3177.2,3178.7,1726
2025-06-30T10:14:00+05:30,3178.7,3179.4,3177.2,3177.2,2487
2025-06-30T10:15:00+05:30,3177.2,3179.6,3177.2,3179.6,3264
2025-06-30T10:16:00+05:30,3179.3,3180.0,3179.2,3180.0,3142
2025-06-30T10:17:00+05:30,3179.7,3181.8,3179.7,3181.0,3250
2025-06-30T10:18:00+05:30,3181.1,3181.9,3180.0,3180.6,1962
2025-06-30T10:19:00+05:30,3180.6,3185.0,3180.5,3184.3,2734
2025-06-30T10:20:00+05:30,3184.3,3184.3,3181.8,3182.8,2731
2025-06-30T10:21:00+05:30,3182.7,3182.9,3181.0,3182.0,2346
2025-06-30T10:22:00+05:30,3181.7,3184.7,3178.3,3181.2,5570
2025-06-30T10:23:00+05:30,3179.5,3181.7,3178.0,3178.5,4908
2025-06-30T10:24:00+05:30,3179.4,3179.6,3178.5,3179.1,1111
2025-06-30T10:25:00+05:30,3179.2,3180.9,3177.5,3179.7,1385
2025-06-30T10:26:00+05:30,3180.2,3180.2,3173.8,3179.3,17621
2025-06-30T10:27:00+05:30,3178.0,3179.6,3176.8,3178.5,7222
2025-06-30T10:28:00+05:30,3177.7,3179.8,3177.2,3178.1,1294
2025-06-30T10:29:00+05:30,3178.0,3179.4,3175.8,3177.9,2180
2025-06-30T10:30:00+05:30,3177.9,3178.0,3176.1,3176.3,1624
2025-06-30T10:31:00+05:30,3176.1,3176.3,3175.0,3175.0,1636
2025-06-30T10:32:00+05:30,3175.7,3177.0,3175.0,3175.9,1804
2025-06-30T10:33:00+05:30,3175.9,3177.6,3175.8,3176.3,1681
2025-06-30T10:34:00+05:30,3176.0,3177.0,3175.3,3176.5,1572
2025-06-30T10:35:00+05:30,3176.5,3178.5,3176.3,3178.3,1803
2025-06-30T10:36:00+05:30,3178.3,3179.0,3177.0,3179.0,1676
2025-06-30T10:37:00+05:30,3177.9,3180.4,3177.9,3178.3,2475
2025-06-30T10:38:00+05:30,3178.4,3180.1,3178.0,3179.2,1895
2025-06-30T10:39:00+05:30,3178.1,3178.1,3176.4,3177.0,1491
2025-06-30T10:40:00+05:30,3177.0,3177.5,3175.3,3175.4,1395
2025-06-30T10:41:00+05:30,3175.6,3175.9,3175.0,3175.6,1938
2025-06-30T10:42:00+05:30,3175.6,3175.7,3174.3,3175.0,2384
2025-06-30T10:43:00+05:30,3175.0,3175.5,3175.0,3175.2,2348
2025-06-30T10:44:00+05:30,3175.0,3175.2,3175.0,3175.0,2100
2025-06-30T10:45:00+05:30,3175.0,3176.1,3175.0,3176.1,2029
2025-06-30T10:46:00+05:30,3175.9,3177.7,3175.7,3176.5,2214
2025-06-30T10:47:00+05:30,3176.6,3178.0,3174.0,3175.5,8541
2025-06-30T10:48:00+05:30,3175.5,3176.2,3175.2,3175.3,4079
2025-06-30T10:49:00+05:30,3175.3,3175.5,3175.1,3175.1,2453
2025-06-30T10:50:00+05:30,3175.2,3175.9,3175.1,3175.6,2495
2025-06-30T10:51:00+05:30,3175.4,3175.9,3174.0,3175.9,7570
2025-06-30T10:52:00+05:30,3175.0,3175.9,3174.3,3175.4,2256
2025-06-30T10:53:00+05:30,3175.0,3179.1,3175.0,3178.3,5174
2025-06-30T10:54:00+05:30,3178.2,3180.3,3177.9,3179.9,2595
2025-06-30T10:55:00+05:30,3179.9,3181.3,3179.3,3179.4,3882
2025-06-30T10:56:00+05:30,3179.7,3180.6,3179.0,3180.2,2021
2025-06-30T10:57:00+05:30,3179.2,3181.4,3178.7,3180.5,3398
2025-06-30T10:58:00+05:30,3180.5,3181.0,3179.2,3179.8,2292
2025-06-30T10:59:00+05:30,3179.3,3183.0,3179.2,3182.2,3909
2025-06-30T11:00:00+05:30,3182.2,3185.0,3182.1,3184.5,3754
2025-06-30T11:01:00+05:30,3184.1,3184.5,3180.7,3181.8,2226
2025-06-30T11:02:00+05:30,3181.3,3182.4,3180.3,3181.5,2621
2025-06-30T11:03:00+05:30,3181.7,3183.1,3180.0,3181.8,6778
2025-06-30T11:04:00+05:30,3180.9,3182.4,3180.0,3180.0,4107
2025-06-30T11:05:00+05:30,3180.0,3181.8,3180.0,3181.3,1787
2025-06-30T11:06:00+05:30,3181.3,3183.6,3180.8,3182.4,2357
2025-06-30T11:07:00+05:30,3182.4,3182.8,3181.5,3181.9,1622
2025-06-30T11:08:00+05:30,3182.3,3182.3,3180.2,3181.6,3677
2025-06-30T11:09:00+05:30,3181.6,3182.8,3180.4,3182.8,1943
2025-06-30T11:10:00+05:30,3182.6,3182.9,3181.4,3182.9,1732
2025-06-30T11:11:00+05:30,3182.9,3183.5,3181.6,3182.0,3583
2025-06-30T11:12:00+05:30,3181.9,3183.0,3181.9,3182.9,7318
2025-06-30T11:13:00+05:30,3182.9,3183.0,3182.6,3182.9,1816
2025-06-30T11:14:00+05:30,3182.9,3183.0,3180.4,3180.8,6122
2025-06-30T11:15:00+05:30,3180.5,3185.7,3179.8,3185.0,10101
2025-06-30T11:16:00+05:30,3184.9,3185.9,3184.7,3184.8,7311
2025-06-30T11:17:00+05:30,3184.7,3184.7,3182.0,3184.0,2633
2025-06-30T11:18:00+05:30,3183.1,3184.3,3181.1,3182.2,1286
2025-06-30T11:19:00+05:30,3181.5,3184.5,3181.5,3183.1,1366
2025-06-30T11:20:00+05:30,3183.1,3184.1,3183.0,3183.9,1432
2025-06-30T11:21:00+05:30,3183.9,3184.1,3183.7,3184.1,1201
2025-06-30T11:22:00+05:30,3184.1,3186.6,3183.8,3184.8,4297
2025-06-30T11:23:00+05:30,3184.9,3191.0,3184.8,3191.0,12201
2025-06-30T11:24:00+05:30,3190.9,3192.0,3190.8,3192.0,5650
2025-06-30T11:25:00+05:30,3191.9,3194.8,3191.9,3194.7,9203
2025-06-30T11:26:00+05:30,3194.7,3196.3,3194.4,3196.3,11038
2025-06-30T11:27:00+05:30,3196.3,3197.5,3195.0,3195.0,9773
2025-06-30T11:28:00+05:30,3195.8,3195.8,3192.1,3193.0,4269
2025-06-30T11:29:00+05:30,3193.3,3195.0,3192.2,3192.2,1783
2025-06-30T11:30:00+05:30,3193.2,3194.7,3192.3,3194.0,1651
2025-06-30T11:31:00+05:30,3194.0,3195.0,3193.6,3195.0,1831
2025-06-30T11:32:00+05:30,3194.9,3195.0,3192.5,3192.6,2267
2025-06-30T11:33:00+05:30,3192.9,3192.9,3192.5,3192.8,1199
2025-06-30T11:34:00+05:30,3192.8,3194.0,3192.7,3194.0,1278
2025-06-30T11:35:00+05:30,3193.7,3193.8,3192.5,3193.0,2104
2025-06-30T11:36:00+05:30,3193.0,3196.0,3192.9,3194.0,5884
2025-06-30T11:37:00+05:30,3194.0,3194.2,3190.0,3190.6,4926
2025-06-30T11:38:00+05:30,3190.0,3193.0,3190.0,3190.7,1679
2025-06-30T11:39:00+05:30,3190.8,3191.0,3190.2,3190.7,1614
2025-06-30T11:40:00+05:30,3190.6,3190.8,3190.6,3190.8,1710
2025-06-30T11:41:00+05:30,3190.7,3191.9,3190.6,3191.4,1720
2025-06-30T11:42:00+05:30,3191.3,3193.0,3191.3,3191.8,2023
2025-06-30T11:43:00+05:30,3191.8,3192.1,3188.6,3190.2,3611
2025-06-30T11:44:00+05:30,3190.2,3190.5,3186.6,3188.1,3272
2025-06-30T11:45:00+05:30,3188.1,3191.0,3187.9,3190.6,4472
2025-06-30T11:46:00+05:30,3190.4,3190.4,3185.3,3187.3,6811
2025-06-30T11:47:00+05:30,3187.3,3187.3,3185.3,3186.1,1411
2025-06-30T11:48:00+05:30,3185.9,3186.9,3185.6,3186.4,1316
2025-06-30T11:49:00+05:30,3186.5,3190.0,3186.4,3189.8,5046
2025-06-30T11:50:00+05:30,3189.6,3191.4,3189.6,3191.1,3921
2025-06-30T11:51:00+05:30,3191.3,3193.0,3191.1,3192.7,2666
2025-06-30T11:52:00+05:30,3192.7,3194.9,3190.7,3193.9,15094
2025-06-30T11:53:00+05:30,3193.8,3194.6,3193.7,3193.9,5924
2025-06-30T11:54:00+05:30,3194.3,3196.6,3193.9,3196.4,5959
2025-06-30T11:55:00+05:30,3196.4,3197.0,3193.9,3197.0,7124
2025-06-30T11:56:00+05:30,3196.3,3197.0,3193.9,3196.6,4789
2025-06-30T11:57:00+05:30,3196.6,3196.8,3196.0,3196.5,5959
2025-06-30T11:58:00+05:30,3196.4,3196.5,3194.2,3196.0,2828
2025-06-30T11:59:00+05:30,3195.9,3196.0,3193.7,3195.0,3659
2025-06-30T12:00:00+05:30,3195.1,3195.3,3193.7,3194.0,3086
2025-06-30T12:01:00+05:30,3194.0,3194.1,3192.8,3192.9,2370
2025-06-30T12:02:00+05:30,3192.9,3194.6,3192.8,3194.6,1640
2025-06-30T12:03:00+05:30,3194.6,3194.8,3190.1,3194.2,12634
2025-06-30T12:04:00+05:30,3194.7,3194.8,3191.5,3192.3,7407
2025-06-30T12:05:00+05:30,3192.1,3192.1,3189.0,3189.5,3519
2025-06-30T12:06:00+05:30,3189.8,3190.0,3189.6,3189.8,3083
2025-06-30T12:07:00+05:30,3189.9,3190.0,3189.0,3189.1,2355
2025-06-30T12:08:00+05:30,3189.0,3189.9,3188.0,3188.1,2249
2025-06-30T12:09:00+05:30,3188.8,3188.8,3186.9,3187.4,1992
2025-06-30T12:10:00+05:30,3187.4,3189.8,3187.1,3188.6,3584
2025-06-30T12:11:00+05:30,3188.6,3188.8,3186.9,3187.4,1559
2025-06-30T12:12:00+05:30,3187.9,3190.0,3187.6,3189.4,1622
2025-06-30T12:13:00+05:30,3189.4,3189.9,3187.1,3187.8,2421
2025-06-30T12:14:00+05:30,3187.6,3189.4,3187.6,3188.9,2473
2025-06-30T12:15:00+05:30,3188.3,3189.7,3188.3,3189.7,1538
2025-06-30T12:16:00+05:30,3189.4,3191.1,3188.9,3189.9,2677
2025-06-30T12:17:00+05:30,3189.9,3193.6,3189.0,3193.5,5513
2025-06-30T12:18:00+05:30,3193.5,3194.3,3193.4,3194.0,2894
2025-06-30T12:19:00+05:30,3194.0,3196.7,3193.9,3195.7,3616
2025-06-30T12:20:00+05:30,3195.3,3196.2,3193.8,3195.9,4787
2025-06-30T12:21:00+05:30,3195.9,3195.9,3194.2,3195.0,2598
2025-06-30T12:22:00+05:30,3194.9,3196.6,3194.8,3196.6,2935
2025-06-30T12:23:00+05:30,3196.1,3196.6,3195.3,3196.4,2674
2025-06-30T12:24:00+05:30,3196.3,3196.8,3195.2,3196.5,2518
2025-06-30T12:25:00+05:30,3196.6,3196.7,3194.2,3196.4,2818
2025-06-30T12:26:00+05:30,3196.4,3196.8,3195.5,3196.6,2043
2025-06-30T12:27:00+05:30,3196.4,3196.4,3193.4,3194.0,2531
2025-06-30T12:28:00+05:30,3194.0,3194.5,3192.2,3192.3,2052
2025-06-30T12:29:00+05:30,3192.3,3194.1,3192.3,3194.1,1073
2025-06-30T12:30:00+05:30,3194.1,3194.1,3192.6,3192.8,1858
2025-06-30T12:31:00+05:30,3192.8,3193.1,3190.5,3191.1,1830
2025-06-30T12:32:00+05:30,3191.1,3192.0,3190.7,3191.9,1412
2025-06-30T12:33:00+05:30,3191.8,3192.6,3190.8,3190.9,1821
2025-06-30T12:34:00+05:30,3191.5,3191.5,3188.5,3188.8,2523
2025-06-30T12:35:00+05:30,3188.7,3189.8,3188.0,3188.6,1228
2025-06-30T12:36:00+05:30,3188.6,3188.7,3186.1,3187.5,1673
2025-06-30T12:37:00+05:30,3187.2,3187.8,3186.3,3187.8,1506
2025-06-30T12:38:00+05:30,3187.8,3188.3,3186.5,3186.9,1865
2025-06-30T12:39:00+05:30,3186.9,3187.0,3186.5,3186.5,1693
2025-06-30T12:40:00+05:30,3186.5,3187.3,3186.5,3186.6,1795
2025-06-30T12:41:00+05:30,3186.5,3187.2,3186.0,3186.0,1278
2025-06-30T12:42:00+05:30,3185.5,3185.8,3184.0,3185.0,5478
2025-06-30T12:43:00+05:30,3184.9,3185.8,3184.9,3185.8,2465
2025-06-30T12:44:00+05:30,3185.0,3185.6,3184.1,3184.1,1296
2025-06-30T12:45:00+05:30,3184.8,3185.7,3184.1,3185.4,1585
2025-06-30T12:46:00+05:30,3185.7,3187.7,3184.3,3187.7,2557
2025-06-30T12:47:00+05:30,3187.2,3188.9,3187.2,3187.7,2261
2025-06-30T12:48:00+05:30,3187.6,3190.0,3187.4,3187.4,2624
2025-06-30T12:49:00+05:30,3188.6,3188.6,3186.4,3187.6,1954
2025-06-30T12:50:00+05:30,3187.0,3187.5,3186.0,3187.0,1725
2025-06-30T12:51:00+05:30,3186.9,3186.9,3185.5,3186.7,1525
2025-06-30T12:52:00+05:30,3186.7,3186.7,3185.4,3186.0,1861
2025-06-30T12:53:00+05:30,3185.4,3187.1,3185.4,3187.1,2093
2025-06-30T12:54:00+05:30,3186.8,3187.6,3185.0,3185.0,1269
2025-06-30T12:55:00+05:30,3185.7,3185.8,3185.0,3185.0,1824
2025-06-30T12:56:00+05:30,3185.0,3186.2,3185.0,3185.8,1477
2025-06-30T12:57:00+05:30,3185.8,3187.2,3185.5,3186.5,1099
2025-06-30T12:58:00+05:30,3186.5,3187.1,3185.0,3187.1,3324
2025-06-30T12:59:00+05:30,3186.5,3187.1,3184.2,3184.2,3022
2025-06-30T13:00:00+05:30,3184.2,3187.2,3183.9,3183.9,6277
2025-06-30T13:01:00+05:30,3184.4,3185.9,3182.2,3185.0,15193
2025-06-30T13:02:00+05:30,3185.0,3185.8,3185.0,3185.2,2209
2025-06-30T13:03:00+05:30,3185.3,3186.0,3185.0,3185.0,2814
2025-06-30T13:04:00+05:30,3185.1,3185.3,3183.5,3185.0,5326
2025-06-30T13:05:00+05:30,3185.0,3186.0,3185.0,3185.1,1866
2025-06-30T13:06:00+05:30,3185.2,3186.5,3182.6,3185.2,10848
2025-06-30T13:07:00+05:30,3185.2,3185.3,3185.0,3185.2,2167
2025-06-30T13:08:00+05:30,3185.2,3186.4,3185.2,3185.5,2134
2025-06-30T13:09:00+05:30,3185.5,3186.0,3185.5,3185.9,1351
2025-06-30T13:10:00+05:30,3186.0,3186.6,3185.5,3185.9,1988
2025-06-30T13:11:00+05:30,3185.9,3186.9,3185.7,3186.6,1204
2025-06-30T13:12:00+05:30,3186.6,3186.8,3185.5,3186.6,1808
2025-06-30T13:13:00+05:30,3186.8,3187.1,3186.4,3186.8,1227
2025-06-30T13:14:00+05:30,3186.7,3189.3,3185.5,3186.5,2138
2025-06-30T13:15:00+05:30,3186.5,3186.8,3185.5,3185.5,3174
2025-06-30T13:16:00+05:30,3185.8,3186.6,3185.5,3185.5,1326
2025-06-30T13:17:00+05:30,3185.5,3186.0,3185.5,3185.5,1348
2025-06-30T13:18:00+05:30,3185.6,3187.0,3185.5,3186.2,2152
2025-06-30T13:19:00+05:30,3186.9,3186.9,3185.6,3186.5,1410
2025-06-30T13:20:00+05:30,3185.7,3186.5,3185.5,3185.5,1703
2025-06-30T13:21:00+05:30,3185.5,3186.3,3185.5,3186.0,1309
2025-06-30T13:22:00+05:30,3186.1,3187.0,3185.8,3187.0,1894
2025-06-30T13:23:00+05:30,3187.0,3187.1,3186.0,3186.2,1721
2025-06-30T13:24:00+05:30,3186.2,3186.5,3186.0,3186.0,4742
2025-06-30T13:25:00+05:30,3186.1,3186.1,3186.0,3186.0,6508
2025-06-30T13:26:00+05:30,3186.0,3186.3,3186.0,3186.2,2270
2025-06-30T13:27:00+05:30,3186.0,3187.3,3186.0,3186.5,2599
2025-06-30T13:28:00+05:30,3186.9,3186.9,3186.0,3186.0,1128
2025-06-30T13:29:00+05:30,3186.0,3186.3,3186.0,3186.0,1593
2025-06-30T13:30:00+05:30,3186.1,3186.2,3186.0,3186.1,2719
2025-06-30T13:31:00+05:30,3186.1,3186.8,3186.0,3186.0,2061
2025-06-30T13:32:00+05:30,3186.0,3186.7,3186.0,3186.0,1894
2025-06-30T13:33:00+05:30,3186.3,3186.4,3185.0,3185.1,2153
2025-06-30T13:34:00+05:30,3185.2,3185.8,3185.0,3185.3,2122
2025-06-30T13:35:00+05:30,3185.5,3185.6,3185.0,3185.3,1765
2025-06-30T13:36:00+05:30,3185.4,3185.5,3185.0,3185.2,1548
2025-06-30T13:37:00+05:30,3185.2,3185.6,3185.0,3185.5,2128
2025-06-30T13:38:00+05:30,3185.1,3185.4,3180.0,3180.3,113482
2025-06-30T13:39:00+05:30,3180.0,3182.0,3180.0,3182.0,4415
2025-06-30T13:40:00+05:30,3182.0,3183.0,3181.7,3182.0,1998
2025-06-30T13:41:00+05:30,3182.0,3184.8,3182.0,3182.4,3356
2025-06-30T13:42:00+05:30,3182.6,3184.0,3182.5,3183.2,2014
2025-06-30T13:43:00+05:30,3183.5,3183.5,3181.6,3182.7,1995
2025-06-30T13:44:00+05:30,3182.1,3182.7,3181.1,3181.9,1676
2025-06-30T13:45:00+05:30,3182.5,3182.9,3182.2,3182.7,1983
2025-06-30T13:46:00+05:30,3182.8,3182.9,3181.0,3181.6,1985
2025-06-30T13:47:00+05:30,3181.5,3182.8,3181.1,3182.6,3258
2025-06-30T13:48:00+05:30,3182.7,3182.7,3182.0,3182.0,2560
2025-06-30T13:49:00+05:30,3182.4,3182.4,3180.3,3180.6,4541
2025-06-30T13:50:00+05:30,3180.5,3180.6,3176.6,3177.3,4477
2025-06-30T13:51:00+05:30,3177.7,3177.7,3175.1,3176.8,2945
2025-06-30T13:52:00+05:30,3177.1,3177.4,3177.0,3177.2,1747
2025-06-30T13:53:00+05:30,3177.3,3177.4,3175.0,3176.4,2545
2025-06-30T13:54:00+05:30,3177.1,3180.5,3176.8,3179.7,6263
2025-06-30T13:55:00+05:30,3180.2,3180.2,3178.0,3179.6,1496
2025-06-30T13:56:00+05:30,3179.6,3179.6,3179.3,3179.3,1466
2025-06-30T13:57:00+05:30,3179.4,3179.4,3178.0,3178.7,1962
2025-06-30T13:58:00+05:30,3179.2,3183.0,3178.4,3183.0,1844
2025-06-30T13:59:00+05:30,3182.6,3183.0,3181.1,3182.4,2426
2025-06-30T14:00:00+05:30,3182.9,3182.9,3181.5,3182.7,1722
2025-06-30T14:01:00+05:30,3182.9,3182.9,3181.0,3181.3,2250
2025-06-30T14:02:00+05:30,3181.3,3181.3,3178.0,3178.2,2235
2025-06-30T14:03:00+05:30,3178.5,3179.6,3178.3,3179.1,1850
2025-06-30T14:04:00+05:30,3179.2,3179.5,3179.1,3179.5,1645
2025-06-30T14:05:00+05:30,3179.4,3179.4,3178.1,3178.3,1599
2025-06-30T14:06:00+05:30,3178.3,3178.3,3176.3,3177.7,2627
2025-06-30T14:07:00+05:30,3177.7,3179.9,3177.6,3178.1,2444
2025-06-30T14:08:00+05:30,3178.3,3179.7,3178.0,3178.4,2758
2025-06-30T14:09:00+05:30,3178.3,3179.5,3178.3,3179.1,1604
2025-06-30T14:10:00+05:30,3179.2,3179.2,3178.2,3178.5,2217
2025-06-30T14:11:00+05:30,3178.3,3178.6,3178.0,3178.3,2027
2025-06-30T14:12:00+05:30,3178.2,3178.9,3178.0,3178.0,2480
2025-06-30T14:13:00+05:30,3178.3,3178.3,3178.0,3178.1,1791
2025-06-30T14:14:00+05:30,3178.1,3178.8,3178.0,3178.1,2397
2025-06-30T14:15:00+05:30,3178.1,3178.3,3178.0,3178.1,1993
2025-06-30T14:16:00+05:30,3178.1,3178.3,3178.0,3178.0,2369
2025-06-30T14:17:00+05:30,3178.0,3178.2,3178.0,3178.0,2723
2025-06-30T14:18:00+05:30,3178.0,3178.3,3177.5,3178.3,5005
2025-06-30T14:19:00+05:30,3178.3,3178.3,3176.4,3178.1,3632
2025-06-30T14:20:00+05:30,3178.2,3178.3,3177.0,3177.1,2138
2025-06-30T14:21:00+05:30,3177.1,3177.7,3176.3,3177.1,2713
2025-06-30T14:22:00+05:30,3177.1,3177.6,3177.0,3177.2,2058
2025-06-30T14:23:00+05:30,3177.2,3177.5,3177.0,3177.0,2489
2025-06-30T14:24:00+05:30,3177.1,3178.1,3175.9,3177.0,4927
2025-06-30T14:25:00+05:30,3177.1,3177.5,3176.3,3177.1,2675
2025-06-30T14:26:00+05:30,3177.1,3177.4,3177.0,3177.0,1850
2025-06-30T14:27:00+05:30,3177.1,3177.5,3177.0,3177.0,2178
2025-06-30T14:28:00+05:30,3177.4,3177.4,3177.0,3177.3,2108
2025-06-30T14:29:00+05:30,3177.1,3178.8,3177.1,3178.8,2496
2025-06-30T14:30:00+05:30,3178.8,3178.8,3178.3,3178.6,2072
2025-06-30T14:31:00+05:30,3178.5,3178.6,3177.3,3177.6,1905
2025-06-30T14:32:00+05:30,3177.6,3178.0,3177.2,3177.2,1919
2025-06-30T14:33:00+05:30,3177.6,3178.0,3177.5,3177.5,2328
2025-06-30T14:34:00+05:30,3177.5,3177.7,3177.1,3177.1,2329
2025-06-30T14:35:00+05:30,3177.2,3177.4,3176.8,3177.2,3115
2025-06-30T14:36:00+05:30,3177.2,3177.4,3176.9,3177.0,2195
2025-06-30T14:37:00+05:30,3177.1,3177.2,3176.0,3176.1,3911
2025-06-30T14:38:00+05:30,3177.0,3177.6,3176.3,3177.1,2686
2025-06-30T14:39:00+05:30,3177.1,3178.6,3176.9,3177.1,2214
2025-06-30T14:40:00+05:30,3177.5,3177.6,3176.8,3177.0,2693
2025-06-30T14:41:00+05:30,3177.0,3177.2,3176.9,3177.1,2524
2025-06-30T14:42:00+05:30,3177.1,3177.4,3176.9,3177.3,3171
2025-06-30T14:43:00+05:30,3177.3,3180.0,3177.2,3178.2,11041
2025-06-30T14:44:00+05:30,3178.2,3179.1,3178.0,3178.4,4227
2025-06-30T14:45:00+05:30,3178.5,3178.5,3177.0,3177.1,2940
2025-06-30T14:46:00+05:30,3177.0,3179.1,3176.9,3178.0,3477
2025-06-30T14:47:00+05:30,3178.0,3178.9,3177.0,3177.0,3305
2025-06-30T14:48:00+05:30,3177.1,3182.2,3177.0,3182.0,12411
2025-06-30T14:49:00+05:30,3182.0,3182.3,3180.0,3180.2,5566
2025-06-30T14:50:00+05:30,3180.2,3181.2,3180.0,3180.2,3353
2025-06-30T14:51:00+05:30,3180.2,3185.0,3180.0,3184.9,8215
2025-06-30T14:52:00+05:30,3184.7,3185.1,3182.2,3183.1,21648
2025-06-30T14:53:00+05:30,3183.1,3184.3,3180.0,3181.3,3685
2025-06-30T14:54:00+05:30,3181.3,3184.9,3181.2,3182.5,5083
2025-06-30T14:55:00+05:30,3182.5,3185.0,3182.5,3184.8,5028
2025-06-30T14:56:00+05:30,3184.9,3185.0,3184.0,3184.1,7296
2025-06-30T14:57:00+05:30,3184.4,3185.8,3184.1,3185.8,7181
2025-06-30T14:58:00+05:30,3185.3,3186.5,3183.5,3184.9,4855
2025-06-30T14:59:00+05:30,3184.9,3185.1,3184.3,3184.5,6314
2025-06-30T15:00:00+05:30,3184.4,3184.5,3184.2,3184.3,11882
2025-06-30T15:01:00+05:30,3184.2,3184.3,3182.1,3182.5,15592
2025-06-30T15:02:00+05:30,3182.2,3182.5,3180.0,3180.3,23628
2025-06-30T15:03:00+05:30,3180.3,3180.3,3180.0,3180.1,15533
2025-06-30T15:04:00+05:30,3180.1,3180.1,3179.8,3179.9,12647
2025-06-30T15:05:00+05:30,3179.9,3179.9,3179.7,3179.7,11781
2025-06-30T15:06:00+05:30,3179.8,3184.9,3179.6,3183.7,29478
2025-06-30T15:07:00+05:30,3183.7,3187.0,3183.7,3185.6,28040
2025-06-30T15:08:00+05:30,3185.2,3185.2,3185.0,3185.0,14388
2025-06-30T15:09:00+05:30,3185.1,3187.0,3185.0,3186.1,17682
2025-06-30T15:10:00+05:30,3186.0,3186.1,3185.1,3185.3,14079
2025-06-30T15:11:00+05:30,3185.6,3185.6,3185.0,3185.1,19249
2025-06-30T15:12:00+05:30,3185.0,3185.1,3185.0,3185.1,15210
2025-06-30T15:13:00+05:30,3185.1,3185.4,3185.0,3185.0,19854
2025-06-30T15:14:00+05:30,3185.0,3185.2,3185.0,3185.1,16395
2025-06-30T15:15:00+05:30,3185.1,3185.2,3185.0,3185.1,20149
2025-06-30T15:16:00+05:30,3185.1,3185.1,3185.0,3185.1,15527
2025-06-30T15:17:00+05:30,3185.0,3185.1,3185.0,3185.1,17577
2025-06-30T15:18:00+05:30,3185.1,3185.1,3185.0,3185.1,19894
2025-06-30T15:19:00+05:30,3185.1,3185.1,3185.0,3185.1,17388
2025-06-30T15:20:00+05:30,3185.1,3185.1,3185.0,3185.1,14307
2025-06-30T15:21:00+05:30,3185.1,3185.1,3185.0,3185.0,19347
2025-06-30T15:22:00+05:30,3185.1,3185.1,3185.0,3185.0,13544
2025-06-30T15:23:00+05:30,3185.1,3185.1,3180.7,3180.9,19055
2025-06-30T15:24:00+05:30,3180.9,3181.2,3179.0,3180.0,20646
2025-06-30T15:25:00+05:30,3179.1,3180.1,3179.0,3179.6,17299
2025-06-30T15:26:00+05:30,3179.6,3180.9,3178.9,3179.9,14429
2025-06-30T15:27:00+05:30,3179.9,3179.9,3178.0,3178.1,14366
2025-06-30T15:28:00+05:30,3178.2,3178.4,3175.7,3178.0,9744
2025-06-30T15:29:00+05:30,3177.7,3179.9,3175.5,3178.8,6165
2025-07-01T09:15:00+05:30,3186.0,3190.7,3169.1,3172.8,29813
2025-07-01T09:16:00+05:30,3172.8,3181.1,3168.2,3175.9,22800
2025-07-01T09:17:00+05:30,3175.9,3181.9,3174.5,3181.3,13939
2025-07-01T09:18:00+05:30,3180.0,3185.1,3180.0,3184.6,8741
2025-07-01T09:19:00+05:30,3184.6,3185.9,3181.4,3185.3,4259
2025-07-01T09:20:00+05:30,3185.5,3190.0,3185.2,3189.2,10491
2025-07-01T09:21:00+05:30,3189.2,3199.1,3188.1,3199.1,8850
2025-07-01T09:22:00+05:30,3199.1,3201.4,3196.0,3197.3,25954
2025-07-01T09:23:00+05:30,3197.3,3199.8,3192.6,3195.3,21051
2025-07-01T09:24:00+05:30,3195.9,3196.7,3193.2,3194.6,3987
2025-07-01T09:25:00+05:30,3194.6,3198.3,3191.8,3197.4,5742
2025-07-01T09:26:00+05:30,3197.4,3201.8,3197.1,3200.9,5660
2025-07-01T09:27:00+05:30,3201.8,3204.9,3200.0,3203.8,7736
2025-07-01T09:28:00+05:30,3204.9,3205.0,3198.0,3201.2,8197
2025-07-01T09:29:00+05:30,3201.2,3203.5,3198.3,3203.4,3737
2025-07-01T09:30:00+05:30,3203.5,3205.0,3203.2,3204.9,3851
2025-07-01T09:31:00+05:30,3205.0,3205.0,3200.0,3201.0,6936
2025-07-01T09:32:00+05:30,3201.0,3203.2,3196.1,3203.2,8100
2025-07-01T09:33:00+05:30,3203.4,3205.0,3200.2,3200.8,3603
2025-07-01T09:34:00+05:30,3201.4,3201.6,3200.0,3200.6,1655
2025-07-01T09:35:00+05:30,3200.1,3202.0,3199.9,3202.0,4170
2025-07-01T09:36:00+05:30,3202.0,3204.0,3200.4,3204.0,2810
2025-07-01T09:37:00+05:30,3203.9,3204.8,3202.6,3204.7,3161
2025-07-01T09:38:00+05:30,3204.7,3205.0,3203.0,3203.6,3956
2025-07-01T09:39:00+05:30,3204.5,3205.0,3203.8,3205.0,2325
2025-07-01T09:40:00+05:30,3205.0,3207.5,3204.6,3205.2,6675
2025-07-01T09:41:00+05:30,3205.2,3206.4,3204.5,3205.8,2345
2025-07-01T09:42:00+05:30,3206.3,3210.0,3206.3,3208.8,7967
2025-07-01T09:43:00+05:30,3208.8,3211.0,3208.0,3211.0,17224
2025-07-01T09:44:00+05:30,3211.0,3214.0,3210.1,3212.1,9676
2025-07-01T09:45:00+05:30,3212.0,3212.2,3206.0,3206.3,6095
2025-07-01T09:46:00+05:30,3207.1,3207.1,3202.5,3205.2,4085
2025-07-01T09:47:00+05:30,3205.5,3209.0,3205.3,3209.0,2351
2025-07-01T09:48:00+05:30,3209.0,3211.1,3208.3,3211.0,1787
2025-07-01T09:49:00+05:30,3211.0,3212.0,3209.9,3211.1,1335
2025-07-01T09:50:00+05:30,3211.8,3212.0,3208.6,3208.6,3799
2025-07-01T09:51:00+05:30,3209.0,3211.0,3207.8,3211.0,3063
2025-07-01T09:52:00+05:30,3211.0,3212.7,3210.0,3211.0,1408
2025-07-01T09:53:00+05:30,3211.0,3213.0,3211.0,3211.5,1125
2025-07-01T09:54:00+05:30,3211.5,3212.0,3210.4,3212.0,1661
2025-07-01T09:55:00+05:30,3212.0,3214.8,3211.1,3214.5,6481
2025-07-01T09:56:00+05:30,3214.8,3216.1,3214.2,3215.0,7651
2025-07-01T09:57:00+05:30,3216.0,3216.0,3214.0,3215.2,2910
2025-07-01T09:58:00+05:30,3215.4,3216.9,3214.0,3215.0,4221
2025-07-01T09:59:00+05:30,3215.3,3216.3,3215.1,3216.0,2323
2025-07-01T10:00:00+05:30,3216.0,3218.0,3214.0,3214.6,6703
2025-07-01T10:01:00+05:30,3214.6,3215.0,3211.7,3214.4,5080
2025-07-01T10:02:00+05:30,3214.4,3214.8,3213.1,3214.4,1164
2025-07-01T10:03:00+05:30,3214.4,3215.0,3213.1,3215.0,3011
2025-07-01T10:04:00+05:30,3215.0,3215.0,3213.8,3215.0,2074
2025-07-01T10:05:00+05:30,3215.0,3218.0,3215.0,3217.1,6301
2025-07-01T10:06:00+05:30,3217.1,3218.0,3214.9,3216.0,4186
2025-07-01T10:07:00+05:30,3216.0,3217.6,3215.0,3217.0,1582
2025-07-01T10:08:00+05:30,3217.0,3217.9,3216.3,3217.8,2838
2025-07-01T10:09:00+05:30,3217.7,3217.8,3216.0,3216.0,1865
2025-07-01T10:10:00+05:30,3216.5,3216.5,3214.0,3214.0,4094
2025-07-01T10:11:00+05:30,3214.0,3214.0,3210.1,3211.0,4328
2025-07-01T10:12:00+05:30,3210.7,3211.0,3210.0,3210.8,6609
2025-07-01T10:13:00+05:30,3210.8,3213.1,3209.6,3212.3,7317
2025-07-01T10:14:00+05:30,3212.4,3212.6,3209.0,3209.7,2652
2025-07-01T10:15:00+05:30,3209.4,3210.0,3206.9,3210.0,4705
2025-07-01T10:16:00+05:30,3210.0,3210.0,3208.5,3210.0,2590
2025-07-01T10:17:00+05:30,3210.0,3212.0,3209.3,3210.0,8437
2025-07-01T10:18:00+05:30,3210.0,3210.0,3206.5,3206.6,2324
2025-07-01T10:19:00+05:30,3206.9,3206.9,3200.0,3200.0,9923
2025-07-01T10:20:00+05:30,3200.0,3202.4,3200.0,3200.4,3780
2025-07-01T10:21:00+05:30,3200.5,3200.9,3197.0,3198.7,4142
2025-07-01T10:22:00+05:30,3198.7,3200.0,3195.7,3198.6,7121
2025-07-01T10:23:00+05:30,3199.2,3199.8,3197.8,3197.9,1871
2025-07-01T10:24:00+05:30,3197.9,3197.9,3196.2,3196.6,688
2025-07-01T10:25:00+05:30,3196.5,3196.5,3193.4,3194.0,2884
2025-07-01T10:26:00+05:30,3194.1,3194.3,3189.1,3191.9,6969
2025-07-01T10:27:00+05:30,3191.9,3192.2,3190.0,3191.1,2587
2025-07-01T10:28:00+05:30,3192.0,3192.0,3188.1,3192.0,2122
2025-07-01T10:29:00+05:30,3192.0,3192.0,3188.3,3189.1,3813
2025-07-01T10:30:00+05:30,3190.0,3192.0,3188.0,3189.4,6620
2025-07-01T10:31:00+05:30,3189.3,3189.5,3185.0,3185.3,4410
2025-07-01T10:32:00+05:30,3185.3,3188.2,3185.0,3186.5,4621
2025-07-01T10:33:00+05:30,3186.5,3191.9,3186.3,3191.9,2407
2025-07-01T10:34:00+05:30,3191.9,3193.6,3190.8,3191.5,2534
2025-07-01T10:35:00+05:30,3191.5,3192.7,3190.9,3191.5,1475
2025-07-01T10:36:00+05:30,3192.0,3193.0,3191.4,3193.0,1172
2025-07-01T10:37:00+05:30,3193.0,3194.5,3191.9,3192.8,2333
2025-07-01T10:38:00+05:30,3192.7,3195.7,3192.1,3195.7,871
2025-07-01T10:39:00+05:30,3195.7,3196.5,3194.1,3194.1,2815
2025-07-01T10:40:00+05:30,3195.0,3196.0,3194.2,3195.3,1129
2025-07-01T10:41:00+05:30,3195.3,3196.0,3194.7,3196.0,1287
2025-07-01T10:42:00+05:30,3196.0,3197.0,3192.9,3194.0,3226
2025-07-01T10:43:00+05:30,3194.2,3195.0,3193.0,3195.0,1056
2025-07-01T10:44:00+05:30,3195.4,3195.6,3194.0,3194.0,2367
2025-07-01T10:45:00+05:30,3194.4,3194.6,3191.7,3192.8,1205
2025-07-01T10:46:00+05:30,3192.1,3192.1,3189.5,3191.2,3048
2025-07-01T10:47:00+05:30,3191.3,3191.6,3190.4,3191.6,497
2025-07-01T10:48:00+05:30,3191.6,3191.6,3190.2,3190.4,1260
2025-07-01T10:49:00+05:30,3190.4,3191.2,3190.0,3190.5,621
2025-07-01T10:50:00+05:30,3191.2,3191.2,3187.5,3188.7,1983
2025-07-01T10:51:00+05:30,3188.7,3188.7,3187.4,3187.5,706
2025-07-01T10:52:00+05:30,3187.9,3188.7,3185.3,3186.7,4403
2025-07-01T10:53:00+05:30,3186.7,3188.0,3186.3,3186.4,695
2025-07-01T10:54:00+05:30,3186.5,3187.8,3186.4,3187.8,433
2025-07-01T10:55:00+05:30,3187.0,3187.8,3184.8,3185.6,1261
2025-07-01T10:56:00+05:30,3185.8,3186.0,3184.6,3186.0,4184
2025-07-01T10:57:00+05:30,3186.0,3187.8,3185.8,3187.8,634
2025-07-01T10:58:00+05:30,3187.8,3188.0,3186.3,3186.3,1073
2025-07-01T10:59:00+05:30,3187.0,3187.5,3186.3,3187.4,711
2025-07-01T11:00:00+05:30,3187.4,3193.0,3187.0,3193.0,11422
2025-07-01T11:01:00+05:30,3192.6,3193.1,3192.0,3193.1,1474
2025-07-01T11:02:00+05:30,3193.8,3193.8,3191.7,3191.7,1253
2025-07-01T11:03:00+05:30,3191.6,3191.6,3190.0,3190.3,581
2025-07-01T11:04:00+05:30,3190.3,3190.4,3189.7,3189.9,569
2025-07-01T11:05:00+05:30,3189.9,3192.4,3189.9,3191.9,1925
2025-07-01T11:06:00+05:30,3190.5,3192.3,3190.4,3191.6,616
2025-07-01T11:07:00+05:30,3192.3,3192.3,3187.9,3191.5,2483
2025-07-01T11:08:00+05:30,3191.5,3191.6,3190.4,3190.8,757
2025-07-01T11:09:00+05:30,3191.5,3192.2,3191.3,3191.4,819
2025-07-01T11:10:00+05:30,3191.5,3192.0,3190.1,3191.0,589
2025-07-01T11:11:00+05:30,3191.0,3191.0,3190.3,3190.7,464
2025-07-01T11:12:00+05:30,3190.7,3191.0,3190.3,3190.8,841
2025-07-01T11:13:00+05:30,3190.8,3191.0,3190.7,3191.0,460
2025-07-01T11:14:00+05:30,3191.0,3191.1,3190.7,3190.8,672
2025-07-01T11:15:00+05:30,3191.1,3199.0,3191.0,3196.9,8714
2025-07-01T11:16:00+05:30,3197.0,3197.6,3187.0,3187.9,10079
2025-07-01T11:17:00+05:30,3187.9,3197.0,3187.8,3187.8,4743
2025-07-01T11:18:00+05:30,3189.1,3191.0,3181.0,3181.8,12114
2025-07-01T11:19:00+05:30,3182.7,3183.0,3177.5,3180.5,11511
2025-07-01T11:20:00+05:30,3179.3,3181.2,3177.5,3179.6,7943
2025-07-01T11:21:00+05:30,3180.5,3181.7,3177.0,3179.2,4706
2025-07-01T11:22:00+05:30,3179.2,3181.9,3178.2,3181.6,1991
2025-07-01T11:23:00+05:30,3181.6,3185.9,3180.3,3185.2,3681
2025-07-01T11:24:00+05:30,3185.5,3185.5,3179.0,3179.1,3717
2025-07-01T11:25:00+05:30,3179.9,3183.0,3179.0,3182.7,4234
2025-07-01T11:26:00+05:30,3182.7,3184.9,3181.9,3184.0,1322
2025-07-01T11:27:00+05:30,3183.6,3186.0,3183.5,3186.0,1464
2025-07-01T11:28:00+05:30,3186.0,3186.5,3185.0,3185.8,1538
2025-07-01T11:29:00+05:30,3185.8,3186.2,3184.0,3185.0,990
2025-07-01T11:30:00+05:30,3185.0,3187.3,3183.0,3185.5,2490
2025-07-01T11:31:00+05:30,3185.5,3187.0,3184.2,3186.6,2733
2025-07-01T11:32:00+05:30,3186.6,3189.5,3186.3,3188.2,1280
2025-07-01T11:33:00+05:30,3188.6,3189.4,3186.7,3188.0,763
2025-07-01T11:34:00+05:30,3188.0,3188.1,3187.1,3187.5,500
2025-07-01T11:35:00+05:30,3187.5,3188.6,3187.4,3188.5,873
2025-07-01T11:36:00+05:30,3188.7,3189.4,3187.9,3189.3,1055
2025-07-01T11:37:00+05:30,3189.4,3190.0,3188.0,3190.0,1301
2025-07-01T11:38:00+05:30,3190.0,3191.4,3189.9,3190.6,1987
2025-07-01T11:39:00+05:30,3190.6,3190.6,3189.7,3190.1,965
2025-07-01T11:40:00+05:30,3190.1,3190.1,3188.6,3189.8,1033
2025-07-01T11:41:00+05:30,3189.8,3191.0,3189.1,3191.0,1738
2025-07-01T11:42:00+05:30,3191.0,3192.7,3190.9,3192.7,560
2025-07-01T11:43:00+05:30,3192.7,3192.7,3189.3,3191.1,2923
2025-07-01T11:44:00+05:30,3191.1,3191.1,3185.7,3187.4,738
2025-07-01T11:45:00+05:30,3187.9,3190.4,3186.2,3190.4,6468
2025-07-01T11:46:00+05:30,3190.4,3190.4,3188.8,3188.8,1956
2025-07-01T11:47:00+05:30,3188.8,3189.7,3187.6,3188.2,700
2025-07-01T11:48:00+05:30,3187.7,3188.7,3187.6,3188.0,3751
2025-07-01T11:49:00+05:30,3188.0,3188.8,3187.6,3188.8,907
2025-07-01T11:50:00+05:30,3188.8,3188.9,3186.8,3188.0,2665
2025-07-01T11:51:00+05:30,3188.0,3189.0,3187.1,3188.9,692
2025-07-01T11:52:00+05:30,3188.9,3191.1,3188.5,3189.0,13449
2025-07-01T11:53:00+05:30,3189.0,3192.0,3185.1,3186.1,16309
2025-07-01T11:54:00+05:30,3186.6,3188.0,3185.6,3186.5,1908
2025-07-01T11:55:00+05:30,3187.1,3187.1,3185.1,3185.1,1728
2025-07-01T11:56:00+05:30,3185.6,3185.6,3182.9,3185.4,3274
2025-07-01T11:57:00+05:30,3185.6,3186.1,3183.5,3183.6,1881
2025-07-01T11:58:00+05:30,3184.2,3184.2,3180.8,3182.6,3082
2025-07-01T11:59:00+05:30,3182.6,3185.2,3182.6,3184.0,4570
2025-07-01T12:00:00+05:30,3184.0,3184.6,3182.8,3183.9,602
2025-07-01T12:01:00+05:30,3183.9,3185.4,3183.5,3184.8,1380
2025-07-01T12:02:00+05:30,3184.8,3185.0,3183.0,3183.4,1340
2025-07-01T12:03:00+05:30,3184.2,3185.8,3183.5,3185.5,460
2025-07-01T12:04:00+05:30,3185.9,3187.0,3185.6,3185.9,1079
2025-07-01T12:05:00+05:30,3186.5,3186.5,3184.8,3185.2,1926
2025-07-01T12:06:00+05:30,3185.2,3185.3,3184.2,3184.2,632
2025-07-01T12:07:00+05:30,3184.4,3186.6,3184.3,3186.5,1050
2025-07-01T12:08:00+05:30,3186.6,3186.6,3185.2,3185.9,929
2025-07-01T12:09:00+05:30,3185.9,3185.9,3183.5,3184.2,1694
2025-07-01T12:10:00+05:30,3185.4,3185.5,3183.7,3183.9,726
2025-07-01T12:11:00+05:30,3184.4,3185.5,3184.0,3185.5,777
2025-07-01T12:12:00+05:30,3185.5,3185.8,3183.5,3184.6,1867
2025-07-01T12:13:00+05:30,3185.8,3186.4,3184.8,3186.2,581
2025-07-01T12:14:00+05:30,3186.3,3187.0,3185.9,3186.9,988
2025-07-01T12:15:00+05:30,3186.9,3187.0,3186.4,3187.0,759
2025-07-01T12:16:00+05:30,3187.0,3187.0,3184.1,3184.1,2003
2025-07-01T12:17:00+05:30,3185.0,3186.6,3185.0,3186.5,479
2025-07-01T12:18:00+05:30,3186.5,3186.6,3185.4,3186.0,624
2025-07-01T12:19:00+05:30,3186.0,3189.0,3185.6,3188.6,1766
2025-07-01T12:20:00+05:30,3188.5,3191.7,3187.3,3187.9,8020
2025-07-01T12:21:00+05:30,3188.0,3189.9,3186.7,3187.0,3357
2025-07-01T12:22:00+05:30,3187.0,3189.8,3187.0,3187.7,845
2025-07-01T12:23:00+05:30,3187.7,3188.0,3187.0,3187.5,1725
2025-07-01T12:24:00+05:30,3187.0,3187.6,3186.2,3187.5,1071
2025-07-01T12:25:00+05:30,3187.5,3188.0,3186.8,3188.0,4065
2025-07-01T12:26:00+05:30,3188.0,3188.5,3187.4,3188.0,2124
2025-07-01T12:27:00+05:30,3188.0,3188.3,3187.3,3187.6,791
2025-07-01T12:28:00+05:30,3188.1,3188.1,3186.8,3187.3,1085
2025-07-01T12:29:00+05:30,3187.3,3187.9,3186.8,3187.3,462
2025-07-01T12:30:00+05:30,3187.3,3188.5,3187.2,3188.5,7445
2025-07-01T12:31:00+05:30,3188.5,3188.8,3185.1,3186.5,9514
2025-07-01T12:32:00+05:30,3186.2,3186.7,3185.4,3185.5,646
2025-07-01T12:33:00+05:30,3186.7,3186.7,3184.5,3185.3,1604
2025-07-01T12:34:00+05:30,3185.3,3186.0,3184.3,3186.0,1053
2025-07-01T12:35:00+05:30,3185.9,3187.4,3184.6,3186.3,1058
2025-07-01T12:36:00+05:30,3186.4,3187.8,3186.3,3187.8,713
2025-07-01T12:37:00+05:30,3187.7,3188.0,3186.3,3186.8,1702
2025-07-01T12:38:00+05:30,3186.8,3188.0,3186.6,3188.0,696
2025-07-01T12:39:00+05:30,3188.0,3188.0,3187.4,3187.4,1394
2025-07-01T12:40:00+05:30,3187.8,3187.8,3187.2,3187.4,707
2025-07-01T12:41:00+05:30,3187.6,3190.0,3187.4,3190.0,5428
2025-07-01T12:42:00+05:30,3190.0,3190.0,3187.2,3188.0,1875
2025-07-01T12:43:00+05:30,3188.0,3188.0,3187.5,3188.0,1502
2025-07-01T12:44:00+05:30,3188.0,3188.0,3187.6,3188.0,1595
2025-07-01T12:45:00+05:30,3188.0,3188.0,3187.3,3187.3,1321
2025-07-01T12:46:00+05:30,3187.5,3188.0,3185.9,3187.4,1730
2025-07-01T12:47:00+05:30,3187.4,3188.0,3187.3,3187.8,648
2025-07-01T12:48:00+05:30,3187.9,3188.0,3187.7,3187.9,677
2025-07-01T12:49:00+05:30,3187.9,3188.0,3187.7,3187.8,780
2025-07-01T12:50:00+05:30,3187.8,3188.0,3187.8,3188.0,934
2025-07-01T12:51:00+05:30,3188.0,3188.0,3187.0,3187.1,704
2025-07-01T12:52:00+05:30,3187.3,3187.5,3186.0,3186.2,1538
2025-07-01T12:53:00+05:30,3187.0,3187.4,3185.0,3185.5,738
2025-07-01T12:54:00+05:30,3185.4,3186.0,3184.5,3184.6,1713
2025-07-01T12:55:00+05:30,3184.6,3184.6,3184.5,3184.6,915
2025-07-01T12:56:00+05:30,3184.6,3184.6,3182.3,3182.3,1793
2025-07-01T12:57:00+05:30,3182.3,3184.5,3182.3,3184.5,1191
2025-07-01T12:58:00+05:30,3184.1,3185.9,3183.8,3185.5,1007
2025-07-01T12:59:00+05:30,3185.1,3186.1,3185.0,3185.9,871
2025-07-01T13:00:00+05:30,3185.7,3187.0,3185.0,3185.0,1928
2025-07-01T13:01:00+05:30,3185.0,3185.4,3185.0,3185.3,652
2025-07-01T13:02:00+05:30,3185.0,3185.3,3184.4,3184.4,746
2025-07-01T13:03:00+05:30,3184.4,3185.3,3184.1,3185.3,1453
2025-07-01T13:04:00+05:30,3185.1,3185.8,3182.9,3185.2,2811
2025-07-01T13:05:00+05:30,3184.6,3185.3,3183.8,3184.5,907
2025-07-01T13:06:00+05:30,3184.5,3184.9,3182.3,3182.6,1143
2025-07-01T13:07:00+05:30,3182.3,3183.9,3182.3,3182.8,1430
2025-07-01T13:08:00+05:30,3182.8,3183.0,3182.3,3182.4,605
2025-07-01T13:09:00+05:30,3182.5,3184.3,3182.5,3183.3,1152
2025-07-01T13:10:00+05:30,3183.4,3186.2,3183.4,3184.7,1015
2025-07-01T13:11:00+05:30,3184.5,3184.7,3183.8,3184.3,484
2025-07-01T13:12:00+05:30,3184.3,3184.7,3184.1,3184.3,774
2025-07-01T13:13:00+05:30,3184.7,3185.1,3184.2,3184.8,597
2025-07-01T13:14:00+05:30,3184.8,3185.1,3184.0,3184.1,1129
2025-07-01T13:15:00+05:30,3184.0,3184.9,3183.7,3184.1,589
2025-07-01T13:16:00+05:30,3184.0,3184.8,3182.8,3183.0,1036
2025-07-01T13:17:00+05:30,3182.9,3183.1,3182.6,3182.6,754
2025-07-01T13:18:00+05:30,3182.6,3184.1,3182.3,3182.3,1897
2025-07-01T13:19:00+05:30,3182.4,3183.1,3180.3,3181.5,8355
2025-07-01T13:20:00+05:30,3181.0,3181.5,3180.0,3180.0,1429
2025-07-01T13:21:00+05:30,3180.1,3182.0,3180.0,3182.0,725
2025-07-01T13:22:00+05:30,3181.7,3183.9,3181.6,3183.1,1539
2025-07-01T13:23:00+05:30,3183.2,3183.2,3182.0,3182.5,747
2025-07-01T13:24:00+05:30,3182.5,3183.8,3182.5,3182.5,647
2025-07-01T13:25:00+05:30,3182.6,3183.0,3182.0,3182.0,1113
2025-07-01T13:26:00+05:30,3182.1,3182.2,3181.8,3182.0,903
2025-07-01T13:27:00+05:30,3182.0,3182.0,3180.5,3180.8,833
2025-07-01T13:28:00+05:30,3180.8,3182.0,3180.5,3181.4,719
2025-07-01T13:29:00+05:30,3182.0,3183.0,3181.8,3182.5,1042
2025-07-01T13:30:00+05:30,3183.0,3183.0,3182.2,3182.6,3953
2025-07-01T13:31:00+05:30,3182.7,3183.0,3181.3,3182.0,1230
2025-07-01T13:32:00+05:30,3182.0,3182.0,3180.5,3182.0,811
2025-07-01T13:33:00+05:30,3182.0,3182.0,3180.6,3181.0,453
2025-07-01T13:34:00+05:30,3181.3,3181.9,3180.9,3181.3,702
2025-07-01T13:35:00+05:30,3181.3,3183.0,3180.5,3182.1,13134
2025-07-01T13:36:00+05:30,3183.0,3183.0,3181.2,3182.4,1044
2025-07-01T13:37:00+05:30,3182.8,3183.0,3182.2,3182.3,490
2025-07-01T13:38:00+05:30,3183.0,3183.0,3182.3,3182.6,552
2025-07-01T13:39:00+05:30,3182.7,3186.0,3182.7,3184.7,2570
2025-07-01T13:40:00+05:30,3184.7,3187.2,3184.6,3186.0,798
2025-07-01T13:41:00+05:30,3186.0,3186.7,3185.4,3185.8,899
2025-07-01T13:42:00+05:30,3185.8,3186.2,3185.8,3186.2,429
2025-07-01T13:43:00+05:30,3186.1,3186.6,3186.0,3186.4,604
2025-07-01T13:44:00+05:30,3186.0,3186.7,3185.9,3186.7,1003
2025-07-01T13:45:00+05:30,3187.0,3190.7,3187.0,3189.8,4366
2025-07-01T13:46:00+05:30,3190.2,3194.0,3189.3,3192.1,5547
2025-07-01T13:47:00+05:30,3192.6,3193.0,3191.6,3191.7,3882
2025-07-01T13:48:00+05:30,3191.9,3195.0,3191.6,3194.6,2113
2025-07-01T13:49:00+05:30,3194.8,3195.0,3193.0,3194.8,2662
2025-07-01T13:50:00+05:30,3194.9,3197.4,3194.9,3197.0,2641
2025-07-01T13:51:00+05:30,3197.1,3197.2,3196.5,3196.6,1546
2025-07-01T13:52:00+05:30,3197.2,3197.2,3193.1,3193.5,4629
2025-07-01T13:53:00+05:30,3194.9,3195.7,3194.5,3194.9,1587
2025-07-01T13:54:00+05:30,3195.2,3195.5,3192.9,3194.4,1881
2025-07-01T13:55:00+05:30,3194.0,3195.0,3194.0,3194.2,1693
2025-07-01T13:56:00+05:30,3194.4,3194.4,3188.9,3191.4,10346
2025-07-01T13:57:00+05:30,3190.6,3195.0,3190.4,3194.8,2564
2025-07-01T13:58:00+05:30,3194.3,3195.1,3193.8,3194.5,1419
2025-07-01T13:59:00+05:30,3194.5,3196.0,3194.3,3195.2,1470
2025-07-01T14:00:00+05:30,3195.4,3196.0,3195.2,3196.0,1056
2025-07-01T14:01:00+05:30,3196.0,3196.0,3188.0,3190.8,18395
2025-07-01T14:02:00+05:30,3190.1,3192.0,3190.0,3190.0,2210
2025-07-01T14:03:00+05:30,3190.0,3190.0,3187.2,3188.4,5167
2025-07-01T14:04:00+05:30,3189.0,3189.0,3186.2,3186.5,2704
2025-07-01T14:05:00+05:30,3186.9,3188.0,3186.1,3187.9,2273
2025-07-01T14:06:00+05:30,3188.0,3188.6,3187.8,3188.3,2108
2025-07-01T14:07:00+05:30,3188.6,3188.6,3187.9,3187.9,1940
2025-07-01T14:08:00+05:30,3188.0,3188.4,3187.9,3188.1,1275
2025-07-01T14:09:00+05:30,3188.4,3188.4,3187.7,3188.0,1715
2025-07-01T14:10:00+05:30,3188.4,3188.9,3187.7,3188.5,4122
2025-07-01T14:11:00+05:30,3188.5,3193.3,3187.9,3192.4,4557
2025-07-01T14:12:00+05:30,3192.3,3193.8,3191.8,3192.0,2030
2025-07-01T14:13:00+05:30,3192.5,3192.5,3189.5,3191.8,1914
2025-07-01T14:14:00+05:30,3192.2,3192.9,3191.2,3191.7,2182
2025-07-01T14:15:00+05:30,3192.0,3193.2,3191.2,3192.2,2024
2025-07-01T14:16:00+05:30,3192.2,3193.0,3191.0,3192.3,1696
2025-07-01T14:17:00+05:30,3192.3,3192.3,3190.0,3190.4,1710
2025-07-01T14:18:00+05:30,3190.4,3191.5,3186.0,3186.4,5843
2025-07-01T14:19:00+05:30,3186.4,3187.0,3185.1,3186.0,2319
2025-07-01T14:20:00+05:30,3186.4,3187.2,3185.2,3185.5,1569
2025-07-01T14:21:00+05:30,3186.0,3187.6,3185.9,3186.5,2921
2025-07-01T14:22:00+05:30,3187.5,3188.0,3186.5,3187.0,1548
2025-07-01T14:23:00+05:30,3187.1,3188.0,3187.0,3187.1,1672
2025-07-01T14:24:00+05:30,3187.3,3188.0,3187.0,3187.7,1668
2025-07-01T14:25:00+05:30,3187.8,3188.0,3187.1,3187.3,2077
2025-07-01T14:26:00+05:30,3187.3,3191.0,3187.3,3188.9,13401
2025-07-01T14:27:00+05:30,3189.0,3192.0,3188.9,3189.4,2263
2025-07-01T14:28:00+05:30,3189.6,3190.5,3189.3,3189.5,1982
2025-07-01T14:29:00+05:30,3190.3,3190.7,3189.5,3190.0,2116
2025-07-01T14:30:00+05:30,3190.0,3190.9,3189.2,3189.3,2931
2025-07-01T14:31:00+05:30,3189.4,3191.2,3189.3,3190.5,2868
2025-07-01T14:32:00+05:30,3190.0,3191.8,3189.2,3189.9,1856
2025-07-01T14:33:00+05:30,3189.9,3190.4,3188.7,3188.7,1806
2025-07-01T14:34:00+05:30,3188.8,3190.6,3188.2,3188.3,1509
2025-07-01T14:35:00+05:30,3188.5,3190.0,3188.1,3190.0,1937
2025-07-01T14:36:00+05:30,3190.0,3190.5,3187.1,3188.7,6722
2025-07-01T14:37:00+05:30,3189.4,3190.6,3187.9,3190.6,6404
2025-07-01T14:38:00+05:30,3190.6,3192.5,3189.8,3190.0,2337
2025-07-01T14:39:00+05:30,3190.0,3190.0,3188.8,3188.9,2150
2025-07-01T14:40:00+05:30,3189.2,3189.2,3186.7,3187.5,3100
2025-07-01T14:41:00+05:30,3187.4,3188.0,3187.0,3187.3,1507
2025-07-01T14:42:00+05:30,3187.4,3188.0,3187.2,3187.6,1612
2025-07-01T14:43:00+05:30,3187.7,3188.0,3186.4,3186.5,1734
2025-07-01T14:44:00+05:30,3187.2,3187.2,3186.0,3186.0,1048
2025-07-01T14:45:00+05:30,3186.3,3187.1,3185.6,3187.1,1753
2025-07-01T14:46:00+05:30,3187.9,3188.0,3186.8,3187.1,1541
2025-07-01T14:47:00+05:30,3187.7,3187.7,3186.0,3187.3,2425
2025-07-01T14:48:00+05:30,3187.4,3187.4,3185.7,3186.5,2241
2025-07-01T14:49:00+05:30,3187.3,3187.7,3185.9,3187.3,2373
2025-07-01T14:50:00+05:30,3187.3,3187.6,3186.1,3186.1,1551
2025-07-01T14:51:00+05:30,3187.0,3187.0,3185.4,3185.4,1433
2025-07-01T14:52:00+05:30,3185.6,3187.9,3185.3,3186.8,2693
2025-07-01T14:53:00+05:30,3186.8,3186.8,3185.7,3185.7,1660
2025-07-01T14:54:00+05:30,3185.9,3187.3,3185.6,3187.3,3520
2025-07-01T14:55:00+05:30,3187.3,3187.6,3185.8,3187.0,2628
2025-07-01T14:56:00+05:30,3185.9,3186.9,3183.3,3183.8,4999
2025-07-01T14:57:00+05:30,3184.0,3184.8,3183.1,3183.3,2831
2025-07-01T14:58:00+05:30,3183.9,3185.0,3181.0,3181.0,13889
2025-07-01T14:59:00+05:30,3181.0,3182.0,3180.0,3181.4,5495
2025-07-01T15:00:00+05:30,3181.5,3184.0,3176.4,3177.2,13313
2025-07-01T15:01:00+05:30,3177.1,3177.2,3175.5,3176.5,7203
2025-07-01T15:02:00+05:30,3175.8,3176.9,3175.7,3176.2,6921
2025-07-01T15:03:00+05:30,3176.1,3176.7,3176.0,3176.3,8808
2025-07-01T15:04:00+05:30,3176.3,3177.4,3176.2,3177.2,9945
2025-07-01T15:05:00+05:30,3177.2,3177.4,3175.7,3175.8,13568
2025-07-01T15:06:00+05:30,3175.8,3176.7,3175.3,3176.5,8912
2025-07-01T15:07:00+05:30,3176.4,3176.5,3176.0,3176.3,7072
2025-07-01T15:08:00+05:30,3176.3,3177.8,3176.3,3177.5,6998
2025-07-01T15:09:00+05:30,3177.5,3177.7,3176.7,3177.3,11164
2025-07-01T15:10:00+05:30,3177.3,3177.3,3176.9,3176.9,7087
2025-07-01T15:11:00+05:30,3177.0,3177.4,3176.9,3177.3,8631
2025-07-01T15:12:00+05:30,3177.3,3177.3,3176.8,3176.8,7455
2025-07-01T15:13:00+05:30,3176.8,3176.9,3176.2,3176.4,9211
2025-07-01T15:14:00+05:30,3176.4,3176.5,3176.0,3176.0,6505
2025-07-01T15:15:00+05:30,3176.0,3176.6,3175.0,3176.3,24981
2025-07-01T15:16:00+05:30,3176.1,3176.1,3174.6,3175.1,16648
2025-07-01T15:17:00+05:30,3175.1,3175.3,3174.8,3175.1,10300
2025-07-01T15:18:00+05:30,3175.2,3175.5,3174.8,3175.4,10450
2025-07-01T15:19:00+05:30,3175.3,3175.9,3175.3,3175.9,7419
2025-07-01T15:20:00+05:30,3175.5,3175.9,3175.3,3175.7,9746
2025-07-01T15:21:00+05:30,3175.7,3177.8,3175.2,3177.5,10739
2025-07-01T15:22:00+05:30,3177.3,3177.5,3176.9,3176.9,5724
2025-07-01T15:23:00+05:30,3176.9,3177.0,3175.4,3175.4,8470
2025-07-01T15:24:00+05:30,3175.4,3175.5,3173.7,3174.7,22044
2025-07-01T15:25:00+05:30,3174.6,3175.9,3174.3,3175.0,13832
2025-07-01T15:26:00+05:30,3174.8,3176.0,3174.5,3175.6,5098
2025-07-01T15:27:00+05:30,3175.8,3175.8,3175.0,3175.3,8276
2025-07-01T15:28:00+05:30,3175.1,3175.5,3174.9,3175.0,6524
2025-07-01T15:29:00+05:30,3175.4,3177.0,3174.2,3176.0,3341
2025-07-02T09:15:00+05:30,3168.0,3200.0,3165.0,3195.4,39285
2025-07-02T09:16:00+05:30,3195.1,3202.7,3191.0,3191.2,16665
2025-07-02T09:17:00+05:30,3192.6,3195.0,3188.7,3192.9,7351
2025-07-02T09:18:00+05:30,3193.9,3195.7,3189.6,3193.8,11331
2025-07-02T09:19:00+05:30,3193.8,3195.8,3185.9,3187.4,8517
2025-07-02T09:20:00+05:30,3185.9,3190.0,3185.0,3188.0,6707
2025-07-02T09:21:00+05:30,3188.0,3189.6,3183.5,3187.1,8560
2025-07-02T09:22:00+05:30,3187.1,3193.3,3186.4,3189.2,5435
2025-07-02T09:23:00+05:30,3189.2,3192.4,3186.8,3189.4,11561
2025-07-02T09:24:00+05:30,3189.4,3189.4,3183.7,3185.1,4955
2025-07-02T09:25:00+05:30,3184.3,3187.2,3183.2,3185.1,4383
2025-07-02T09:26:00+05:30,3184.9,3187.5,3183.0,3185.3,3813
2025-07-02T09:27:00+05:30,3185.3,3188.0,3184.3,3188.0,5636
2025-07-02T09:28:00+05:30,3188.0,3194.9,3188.0,3194.9,5170
2025-07-02T09:29:00+05:30,3193.6,3199.5,3193.1,3197.8,9684
2025-07-02T09:30:00+05:30,3197.4,3199.5,3191.7,3192.5,5867
2025-07-02T09:31:00+05:30,3194.0,3196.9,3191.8,3192.9,6761
2025-07-02T09:32:00+05:30,3192.9,3194.0,3191.1,3191.3,2074
2025-07-02T09:33:00+05:30,3191.7,3192.0,3187.3,3187.7,7456
2025-07-02T09:34:00+05:30,3187.7,3189.8,3185.0,3185.9,6494
2025-07-02T09:35:00+05:30,3185.8,3186.1,3182.1,3184.9,5447
2025-07-02T09:36:00+05:30,3184.9,3185.1,3182.1,3184.9,6825
2025-07-02T09:37:00+05:30,3183.7,3183.7,3176.7,3179.2,10807
2025-07-02T09:38:00+05:30,3178.0,3179.2,3175.0,3175.0,5519
2025-07-02T09:39:00+05:30,3175.3,3176.3,3171.0,3173.6,5522
2025-07-02T09:40:00+05:30,3173.5,3175.0,3172.0,3172.0,6524
2025-07-02T09:41:00+05:30,3172.6,3174.0,3171.0,3173.2,5341
2025-07-02T09:42:00+05:30,3173.2,3175.9,3171.0,3171.9,9967
2025-07-02T09:43:00+05:30,3171.9,3175.0,3171.1,3174.4,3708
2025-07-02T09:44:00+05:30,3174.7,3174.7,3172.0,3172.4,2590
2025-07-02T09:45:00+05:30,3172.5,3175.1,3172.0,3175.1,6101
2025-07-02T09:46:00+05:30,3174.6,3179.2,3173.9,3178.0,8727
2025-07-02T09:47:00+05:30,3177.9,3179.2,3177.0,3178.0,3241
2025-07-02T09:48:00+05:30,3178.4,3181.7,3177.0,3181.6,5825
2025-07-02T09:49:00+05:30,3180.8,3186.0,3180.0,3183.3,13921
2025-07-02T09:50:00+05:30,3183.2,3189.0,3183.1,3185.0,10205
2025-07-02T09:51:00+05:30,3184.5,3186.5,3184.2,3185.0,944
2025-07-02T09:52:00+05:30,3184.5,3186.0,3180.9,3180.9,3196
2025-07-02T09:53:00+05:30,3181.8,3184.7,3180.9,3182.6,3175
2025-07-02T09:54:00+05:30,3183.8,3184.5,3182.0,3182.1,2036
2025-07-02T09:55:00+05:30,3182.0,3184.4,3181.1,3184.4,1808
2025-07-02T09:56:00+05:30,3183.1,3185.4,3182.2,3183.9,3188
2025-07-02T09:57:00+05:30,3182.6,3183.9,3181.3,3182.7,1861
2025-07-02T09:58:00+05:30,3182.1,3182.1,3180.0,3180.5,2602
2025-07-02T09:59:00+05:30,3180.1,3180.5,3179.6,3180.5,1554
2025-07-02T10:00:00+05:30,3180.0,3180.5,3178.0,3178.0,1655
2025-07-02T10:01:00+05:30,3178.8,3179.4,3176.0,3177.0,2048
2025-07-02T10:02:00+05:30,3176.9,3180.5,3176.4,3180.0,1919
2025-07-02T10:03:00+05:30,3180.0,3181.3,3179.4,3180.0,1572
2025-07-02T10:04:00+05:30,3181.1,3181.2,3176.9,3176.9,673
2025-07-02T10:05:00+05:30,3176.9,3178.4,3176.0,3176.0,1233
2025-07-02T10:06:00+05:30,3176.7,3177.5,3165.0,3165.0,20951
2025-07-02T10:07:00+05:30,3166.1,3168.7,3165.0,3168.7,3500
2025-07-02T10:08:00+05:30,3168.7,3174.0,3168.1,3172.8,3299
2025-07-02T10:09:00+05:30,3172.7,3173.9,3171.1,3172.9,1486
2025-07-02T10:10:00+05:30,3172.9,3176.2,3172.8,3176.2,2935
2025-07-02T10:11:00+05:30,3176.2,3178.5,3176.1,3177.2,2207
2025-07-02T10:12:00+05:30,3178.1,3178.2,3175.5,3177.4,1909
2025-07-02T10:13:00+05:30,3177.2,3178.0,3175.7,3176.7,2449
2025-07-02T10:14:00+05:30,3177.5,3180.0,3176.5,3180.0,2259
2025-07-02T10:15:00+05:30,3180.0,3180.0,3172.8,3174.3,4038
2025-07-02T10:16:00+05:30,3175.3,3176.6,3172.0,3173.0,1404
2025-07-02T10:17:00+05:30,3174.4,3175.0,3173.1,3175.0,1207
2025-07-02T10:18:00+05:30,3175.6,3176.3,3173.3,3175.0,1319
2025-07-02T10:19:00+05:30,3175.0,3175.5,3174.2,3175.0,1376
2025-07-02T10:20:00+05:30,3175.6,3179.8,3175.6,3178.3,1247
2025-07-02T10:21:00+05:30,3178.3,3178.7,3175.9,3176.1,1749
2025-07-02T10:22:00+05:30,3177.4,3179.4,3177.0,3179.4,1139
2025-07-02T10:23:00+05:30,3179.4,3180.6,3177.3,3177.4,1131
2025-07-02T10:24:00+05:30,3177.8,3179.0,3177.0,3177.3,830
2025-07-02T10:25:00+05:30,3177.3,3179.8,3176.4,3178.2,1372
2025-07-02T10:26:00+05:30,3179.3,3179.9,3178.0,3179.0,1266
2025-07-02T10:27:00+05:30,3178.0,3180.7,3178.0,3179.9,1850
2025-07-02T10:28:00+05:30,3180.2,3181.0,3179.0,3179.8,2405
2025-07-02T10:29:00+05:30,3179.0,3182.7,3178.6,3182.0,3473
2025-07-02T10:30:00+05:30,3181.0,3181.8,3176.7,3177.0,1816
2025-07-02T10:31:00+05:30,3177.9,3179.2,3177.0,3177.4,1478
2025-07-02T10:32:00+05:30,3178.6,3178.8,3175.3,3177.0,2256
2025-07-02T10:33:00+05:30,3177.0,3178.4,3176.2,3177.2,1560
2025-07-02T10:34:00+05:30,3177.2,3177.8,3176.0,3176.4,2755
2025-07-02T10:35:00+05:30,3177.0,3177.5,3176.0,3176.1,1804
2025-07-02T10:36:00+05:30,3177.4,3177.4,3175.0,3176.3,1521
2025-07-02T10:37:00+05:30,3176.3,3177.8,3174.5,3175.0,2707
2025-07-02T10:38:00+05:30,3175.0,3175.1,3172.0,3173.7,2774
2025-07-02T10:39:00+05:30,3173.3,3175.0,3172.3,3174.8,1614
2025-07-02T10:40:00+05:30,3174.8,3174.8,3171.1,3172.7,1917
2025-07-02T10:41:00+05:30,3172.7,3172.9,3171.0,3172.0,2033
2025-07-02T10:42:00+05:30,3172.4,3176.1,3171.9,3174.0,2639
2025-07-02T10:43:00+05:30,3174.5,3176.2,3174.0,3175.5,972
2025-07-02T10:44:00+05:30,3176.2,3176.5,3174.7,3176.1,2101
2025-07-02T10:45:00+05:30,3176.1,3176.5,3174.6,3175.7,893
2025-07-02T10:46:00+05:30,3176.5,3177.0,3175.7,3176.7,2191
2025-07-02T10:47:00+05:30,3176.8,3179.0,3176.8,3177.9,1284
2025-07-02T10:48:00+05:30,3178.5,3181.5,3177.9,3181.4,4179
2025-07-02T10:49:00+05:30,3180.0,3181.1,3177.2,3177.2,3013
2025-07-02T10:50:00+05:30,3177.6,3180.0,3177.5,3180.0,1315
2025-07-02T10:51:00+05:30,3180.0,3182.0,3180.0,3181.3,2345
2025-07-02T10:52:00+05:30,3181.2,3181.6,3179.5,3180.4,1731
2025-07-02T10:53:00+05:30,3181.0,3181.3,3179.5,3181.0,2035
2025-07-02T10:54:00+05:30,3181.1,3184.0,3181.1,3184.0,2434
2025-07-02T10:55:00+05:30,3184.2,3185.8,3184.0,3185.5,5025
2025-07-02T10:56:00+05:30,3185.5,3187.0,3184.2,3187.0,2247
2025-07-02T10:57:00+05:30,3186.9,3188.0,3185.8,3187.0,5272
2025-07-02T10:58:00+05:30,3187.2,3189.0,3186.0,3187.5,3129
2025-07-02T10:59:00+05:30,3186.1,3187.8,3186.1,3186.3,908
2025-07-02T11:00:00+05:30,3186.8,3187.4,3182.8,3183.3,3408
2025-07-02T11:01:00+05:30,3184.1,3185.8,3182.4,3182.6,2754
2025-07-02T11:02:00+05:30,3182.8,3184.7,3182.3,3182.7,1177
2025-07-02T11:03:00+05:30,3183.1,3183.1,3180.1,3180.1,1095
2025-07-02T11:04:00+05:30,3180.3,3181.0,3180.0,3180.2,1556
2025-07-02T11:05:00+05:30,3180.0,3181.5,3179.5,3181.0,1607
2025-07-02T11:06:00+05:30,3181.0,3184.0,3180.0,3182.8,1923
2025-07-02T11:07:00+05:30,3183.2,3185.8,3183.2,3184.9,1560
2025-07-02T11:08:00+05:30,3184.6,3185.8,3182.5,3182.5,1845
2025-07-02T11:09:00+05:30,3184.0,3184.0,3180.6,3182.4,1739
2025-07-02T11:10:00+05:30,3182.3,3182.5,3180.0,3180.0,1114
2025-07-02T11:11:00+05:30,3180.7,3181.9,3180.0,3180.4,1934
2025-07-02T11:12:00+05:30,3180.7,3181.5,3178.2,3178.7,3021
2025-07-02T11:13:00+05:30,3179.1,3180.0,3178.0,3178.0,5543
2025-07-02T11:14:00+05:30,3179.0,3180.0,3177.4,3179.5,2514
2025-07-02T11:15:00+05:30,3180.0,3180.8,3179.3,3179.6,1947
2025-07-02T11:16:00+05:30,3179.6,3181.9,3179.2,3179.2,1735
2025-07-02T11:17:00+05:30,3179.5,3180.2,3178.0,3179.2,1596
2025-07-02T11:18:00+05:30,3179.8,3179.9,3177.2,3177.5,2055
2025-07-02T11:19:00+05:30,3178.4,3180.0,3176.4,3179.0,1579
2025-07-02T11:20:00+05:30,3179.4,3179.9,3178.4,3178.4,2175
2025-07-02T11:21:00+05:30,3178.3,3180.1,3177.4,3177.4,1745
2025-07-02T11:22:00+05:30,3178.0,3179.1,3176.5,3177.7,2091
2025-07-02T11:23:00+05:30,3177.8,3178.3,3175.0,3176.4,2619
2025-07-02T11:24:00+05:30,3177.4,3183.5,3176.9,3181.6,2873
2025-07-02T11:25:00+05:30,3181.2,3182.5,3180.0,3180.0,3178
2025-07-02T11:26:00+05:30,3180.2,3180.7,3177.8,3177.8,1350
2025-07-02T11:27:00+05:30,3177.8,3178.8,3177.6,3178.8,1847
2025-07-02T11:28:00+05:30,3178.3,3179.2,3176.0,3176.1,3685
2025-07-02T11:29:00+05:30,3177.3,3179.1,3176.5,3177.9,614
2025-07-02T11:30:00+05:30,3177.9,3178.9,3176.7,3178.0,721
2025-07-02T11:31:00+05:30,3178.0,3180.0,3176.2,3180.0,2088
2025-07-02T11:32:00+05:30,3180.0,3182.0,3177.2,3180.7,1860
2025-07-02T11:33:00+05:30,3181.4,3181.9,3178.7,3178.7,1200
2025-07-02T11:34:00+05:30,3178.9,3179.9,3177.9,3179.9,670
2025-07-02T11:35:00+05:30,3179.6,3181.3,3179.1,3179.9,871
2025-07-02T11:36:00+05:30,3181.3,3182.0,3180.2,3181.7,868
2025-07-02T11:37:00+05:30,3181.5,3181.5,3178.7,3179.0,1849
2025-07-02T11:38:00+05:30,3179.0,3180.2,3177.6,3180.0,1559
2025-07-02T11:39:00+05:30,3179.8,3179.8,3177.0,3177.0,1797
2025-07-02T11:40:00+05:30,3177.6,3177.8,3176.4,3176.6,2585
2025-07-02T11:41:00+05:30,3176.8,3178.1,3176.0,3176.0,2182
2025-07-02T11:42:00+05:30,3176.3,3177.4,3176.0,3177.2,1018
2025-07-02T11:43:00+05:30,3176.8,3178.0,3176.0,3176.1,1011
2025-07-02T11:44:00+05:30,3176.3,3177.6,3176.2,3176.4,1464
2025-07-02T11:45:00+05:30,3176.9,3179.0,3175.0,3175.0,4919
2025-07-02T11:46:00+05:30,3175.0,3178.3,3174.0,3174.0,11832
2025-07-02T11:47:00+05:30,3174.4,3176.8,3174.2,3176.0,9512
2025-07-02T11:48:00+05:30,3176.4,3177.3,3175.0,3177.3,1585
2025-07-02T11:49:00+05:30,3177.3,3177.9,3176.5,3176.5,745
2025-07-02T11:50:00+05:30,3176.6,3177.1,3175.3,3175.3,1456
2025-07-02T11:51:00+05:30,3175.9,3179.5,3175.0,3179.2,1578
2025-07-02T11:52:00+05:30,3178.1,3180.4,3178.1,3179.0,2601
2025-07-02T11:53:00+05:30,3179.4,3180.9,3178.8,3179.5,1067
2025-07-02T11:54:00+05:30,3179.9,3180.0,3177.9,3179.9,1163
2025-07-02T11:55:00+05:30,3179.3,3180.0,3177.3,3177.5,1190
2025-07-02T11:56:00+05:30,3178.4,3180.8,3177.9,3180.8,654
2025-07-02T11:57:00+05:30,3180.0,3181.0,3179.4,3180.6,1651
2025-07-02T11:58:00+05:30,3181.0,3181.9,3180.0,3180.9,1901
2025-07-02T11:59:00+05:30,3180.4,3181.2,3179.0,3179.5,824
2025-07-02T12:00:00+05:30,3179.8,3179.9,3177.2,3178.2,1517
2025-07-02T12:01:00+05:30,3178.4,3178.7,3175.4,3176.9,7321
2025-07-02T12:02:00+05:30,3177.1,3179.8,3176.4,3179.0,5853
2025-07-02T12:03:00+05:30,3179.0,3179.0,3176.0,3176.9,2302
2025-07-02T12:04:00+05:30,3178.0,3179.9,3177.6,3179.9,717
2025-07-02T12:05:00+05:30,3179.2,3180.5,3178.4,3180.5,866
2025-07-02T12:06:00+05:30,3180.0,3180.5,3179.2,3180.0,804
2025-07-02T12:07:00+05:30,3180.2,3181.0,3179.3,3181.0,1203
2025-07-02T12:08:00+05:30,3181.0,3183.0,3180.8,3182.9,1179
2025-07-02T12:09:00+05:30,3182.5,3184.4,3181.2,3184.4,2496
2025-07-02T12:10:00+05:30,3184.4,3186.0,3184.0,3186.0,4408
2025-07-02T12:11:00+05:30,3185.6,3186.0,3182.7,3183.0,5446
2025-07-02T12:12:00+05:30,3182.9,3183.0,3181.6,3182.8,1538
2025-07-02T12:13:00+05:30,3182.9,3182.9,3181.8,3182.9,312
2025-07-02T12:14:00+05:30,3182.9,3183.0,3181.9,3182.6,855
2025-07-02T12:15:00+05:30,3182.6,3183.0,3182.6,3183.0,3742
2025-07-02T12:16:00+05:30,3183.0,3183.0,3181.5,3183.0,1299
2025-07-02T12:17:00+05:30,3182.5,3182.7,3181.2,3181.9,1345
2025-07-02T12:18:00+05:30,3181.2,3181.9,3180.5,3181.3,1052
2025-07-02T12:19:00+05:30,3180.5,3183.0,3180.5,3182.2,2294
2025-07-02T12:20:00+05:30,3182.6,3182.9,3181.1,3182.6,3664
2025-07-02T12:21:00+05:30,3182.3,3183.0,3182.0,3182.2,1953
2025-07-02T12:22:00+05:30,3182.4,3182.8,3180.1,3181.5,353
2025-07-02T12:23:00+05:30,3181.4,3183.0,3181.4,3182.1,1295
2025-07-02T12:24:00+05:30,3182.5,3183.0,3181.7,3182.7,603
2025-07-02T12:25:00+05:30,3182.7,3183.0,3181.5,3182.7,814
2025-07-02T12:26:00+05:30,3182.3,3182.7,3181.0,3182.4,938
2025-07-02T12:27:00+05:30,3182.0,3183.0,3182.0,3183.0,3473
2025-07-02T12:28:00+05:30,3182.4,3185.9,3181.5,3185.9,10904
2025-07-02T12:29:00+05:30,3185.9,3186.0,3184.7,3185.9,2131
2025-07-02T12:30:00+05:30,3185.0,3185.9,3184.3,3185.0,497
2025-07-02T12:31:00+05:30,3185.0,3185.0,3184.4,3185.0,319
2025-07-02T12:32:00+05:30,3184.7,3185.0,3184.2,3184.9,1038
2025-07-02T12:33:00+05:30,3185.0,3185.8,3184.6,3185.8,798
2025-07-02T12:34:00+05:30,3185.8,3186.3,3185.1,3186.3,1283
2025-07-02T12:35:00+05:30,3185.7,3186.3,3183.5,3183.9,1257
2025-07-02T12:36:00+05:30,3184.4,3185.0,3184.0,3184.0,448
2025-07-02T12:37:00+05:30,3184.0,3184.1,3183.0,3183.5,1179
2025-07-02T12:38:00+05:30,3183.2,3184.0,3183.0,3183.6,1307
2025-07-02T12:39:00+05:30,3183.6,3184.4,3182.0,3183.6,1972
2025-07-02T12:40:00+05:30,3183.6,3184.4,3180.0,3180.8,11435
2025-07-02T12:41:00+05:30,3180.4,3184.9,3180.1,3184.9,4842
2025-07-02T12:42:00+05:30,3184.8,3185.0,3182.1,3182.5,2318
2025-07-02T12:43:00+05:30,3182.5,3184.2,3181.5,3182.0,1449
2025-07-02T12:44:00+05:30,3182.6,3183.8,3181.9,3183.8,1615
2025-07-02T12:45:00+05:30,3183.4,3183.8,3180.4,3180.4,3681
2025-07-02T12:46:00+05:30,3180.4,3182.4,3180.1,3180.2,2407
2025-07-02T12:47:00+05:30,3180.2,3180.9,3178.5,3180.7,2919
2025-07-02T12:48:00+05:30,3180.5,3181.0,3179.5,3179.5,1045
2025-07-02T12:49:00+05:30,3179.5,3181.0,3179.3,3180.0,2347
2025-07-02T12:50:00+05:30,3180.5,3181.0,3180.0,3180.5,711
2025-07-02T12:51:00+05:30,3180.4,3180.5,3177.1,3177.1,1202
2025-07-02T12:52:00+05:30,3177.1,3178.6,3177.0,3177.2,2639
2025-07-02T12:53:00+05:30,3177.5,3179.7,3177.2,3179.5,1986
2025-07-02T12:54:00+05:30,3179.4,3179.8,3177.3,3178.9,1297
2025-07-02T12:55:00+05:30,3178.0,3179.5,3177.0,3178.0,2452
2025-07-02T12:56:00+05:30,3177.7,3180.0,3177.4,3179.0,7783
2025-07-02T12:57:00+05:30,3177.7,3180.0,3177.0,3178.1,1538
2025-07-02T12:58:00+05:30,3178.1,3180.0,3177.0,3179.9,1021
2025-07-02T12:59:00+05:30,3179.3,3180.0,3177.6,3177.7,1459
2025-07-02T13:00:00+05:30,3178.5,3180.0,3177.0,3177.6,4435
2025-07-02T13:01:00+05:30,3178.0,3178.0,3177.3,3177.4,1935
2025-07-02T13:02:00+05:30,3177.6,3178.1,3176.0,3176.3,5706
2025-07-02T13:03:00+05:30,3176.3,3177.3,3175.9,3176.3,2107
2025-07-02T13:04:00+05:30,3176.7,3177.3,3176.0,3176.0,1330
2025-07-02T13:05:00+05:30,3176.0,3177.1,3175.2,3176.1,2661
2025-07-02T13:06:00+05:30,3176.9,3177.5,3175.7,3176.0,1977
2025-07-02T13:07:00+05:30,3176.2,3177.8,3176.0,3176.2,2172
2025-07-02T13:08:00+05:30,3176.5,3178.0,3176.2,3177.0,1482
2025-07-02T13:09:00+05:30,3177.7,3178.0,3176.9,3177.0,1204
2025-07-02T13:10:00+05:30,3177.0,3178.0,3177.0,3177.8,2118
2025-07-02T13:11:00+05:30,3177.8,3178.0,3177.4,3178.0,1802
2025-07-02T13:12:00+05:30,3177.9,3178.0,3177.0,3177.0,850
2025-07-02T13:13:00+05:30,3177.3,3178.0,3176.7,3177.7,1640
2025-07-02T13:14:00+05:30,3177.7,3178.0,3175.1,3176.1,2005
2025-07-02T13:15:00+05:30,3176.2,3176.4,3172.8,3174.9,8255
2025-07-02T13:16:00+05:30,3174.9,3174.9,3173.5,3174.0,2104
2025-07-02T13:17:00+05:30,3174.0,3174.5,3172.0,3172.1,4005
2025-07-02T13:18:00+05:30,3172.8,3172.9,3171.1,3171.2,4126
2025-07-02T13:19:00+05:30,3171.2,3172.8,3171.0,3171.8,3805
2025-07-02T13:20:00+05:30,3171.9,3172.1,3170.0,3170.4,6625
2025-07-02T13:21:00+05:30,3170.3,3172.0,3170.2,3170.5,2596
2025-07-02T13:22:00+05:30,3170.5,3172.5,3170.1,3170.7,2631
2025-07-02T13:23:00+05:30,3170.8,3172.3,3169.1,3169.4,2017
2025-07-02T13:24:00+05:30,3169.1,3170.0,3166.5,3167.1,8638
2025-07-02T13:25:00+05:30,3167.1,3168.2,3166.3,3167.2,2139
2025-07-02T13:26:00+05:30,3167.7,3168.0,3163.0,3164.0,8659
2025-07-02T13:27:00+05:30,3164.0,3164.9,3161.2,3161.8,8605
2025-07-02T13:28:00+05:30,3161.3,3164.3,3161.3,3162.1,3320
2025-07-02T13:29:00+05:30,3162.1,3162.1,3158.3,3159.1,11270
2025-07-02T13:30:00+05:30,3159.1,3160.4,3153.7,3158.0,6950
2025-07-02T13:31:00+05:30,3157.9,3158.0,3154.6,3157.7,3061
2025-07-02T13:32:00+05:30,3157.9,3159.0,3154.6,3157.7,2450
2025-07-02T13:33:00+05:30,3157.1,3159.0,3157.0,3158.0,2636
2025-07-02T13:34:00+05:30,3158.5,3158.9,3157.0,3158.0,1852
2025-07-02T13:35:00+05:30,3158.0,3160.6,3157.0,3159.5,3164
2025-07-02T13:36:00+05:30,3159.2,3161.8,3158.5,3161.8,1236
2025-07-02T13:37:00+05:30,3161.8,3164.2,3161.8,3163.5,4098
2025-07-02T13:38:00+05:30,3163.2,3164.7,3162.0,3163.1,1986
2025-07-02T13:39:00+05:30,3163.3,3164.5,3163.0,3163.2,1898
2025-07-02T13:40:00+05:30,3163.6,3164.2,3160.2,3160.7,7662
2025-07-02T13:41:00+05:30,3160.7,3162.0,3156.4,3156.4,8744
2025-07-02T13:42:00+05:30,3156.4,3157.3,3155.0,3155.0,4029
2025-07-02T13:43:00+05:30,3155.8,3158.4,3155.0,3157.1,1854
2025-07-02T13:44:00+05:30,3158.3,3159.6,3157.8,3159.0,1932
2025-07-02T13:45:00+05:30,3158.9,3160.0,3156.4,3156.6,6472
2025-07-02T13:46:00+05:30,3156.9,3157.6,3155.1,3155.1,3032
2025-07-02T13:47:00+05:30,3155.1,3157.4,3155.1,3157.2,2394
2025-07-02T13:48:00+05:30,3156.6,3159.1,3156.6,3158.1,5949
2025-07-02T13:49:00+05:30,3158.5,3160.0,3158.0,3159.4,20430
2025-07-02T13:50:00+05:30,3159.3,3159.6,3158.0,3158.9,3137
2025-07-02T13:51:00+05:30,3159.0,3159.0,3158.0,3158.6,1958
2025-07-02T13:52:00+05:30,3158.6,3159.0,3158.0,3158.4,2139
2025-07-02T13:53:00+05:30,3158.4,3159.0,3158.1,3158.5,2907
2025-07-02T13:54:00+05:30,3158.7,3159.3,3157.3,3158.4,3473
2025-07-02T13:55:00+05:30,3158.4,3160.0,3158.0,3159.7,3023
2025-07-02T13:56:00+05:30,3159.7,3160.0,3158.0,3160.0,2960
2025-07-02T13:57:00+05:30,3159.4,3160.0,3158.4,3159.8,2750
2025-07-02T13:58:00+05:30,3159.8,3160.0,3158.7,3159.1,1475
2025-07-02T13:59:00+05:30,3159.1,3160.0,3158.3,3159.4,1999
2025-07-02T14:00:00+05:30,3159.4,3160.0,3158.1,3158.4,3133
2025-07-02T14:01:00+05:30,3158.4,3160.0,3158.0,3159.7,1793
2025-07-02T14:02:00+05:30,3159.8,3160.0,3158.7,3159.4,3902
2025-07-02T14:03:00+05:30,3159.7,3160.0,3158.3,3160.0,3562
2025-07-02T14:04:00+05:30,3159.3,3163.9,3159.3,3163.3,5590
2025-07-02T14:05:00+05:30,3163.6,3164.3,3163.0,3163.1,2274
2025-07-02T14:06:00+05:30,3163.1,3165.0,3163.1,3164.6,2388
2025-07-02T14:07:00+05:30,3164.6,3164.8,3162.1,3163.0,3409
2025-07-02T14:08:00+05:30,3162.8,3166.5,3162.6,3165.3,3129
2025-07-02T14:09:00+05:30,3166.0,3166.6,3161.0,3162.3,7520
2025-07-02T14:10:00+05:30,3163.0,3163.9,3162.3,3162.7,6886
2025-07-02T14:11:00+05:30,3162.9,3163.5,3162.6,3162.9,5753
2025-07-02T14:12:00+05:30,3163.0,3163.0,3161.7,3162.4,6414
2025-07-02T14:13:00+05:30,3163.0,3163.0,3162.0,3163.0,2176
2025-07-02T14:14:00+05:30,3162.9,3165.0,3162.7,3163.7,4435
2025-07-02T14:15:00+05:30,3164.9,3165.0,3160.1,3160.8,12309
2025-07-02T14:16:00+05:30,3160.9,3164.0,3160.9,3162.0,14136
2025-07-02T14:17:00+05:30,3162.0,3162.0,3161.9,3162.0,3762
2025-07-02T14:18:00+05:30,3162.0,3162.0,3161.8,3162.0,1738
2025-07-02T14:19:00+05:30,3162.0,3162.8,3161.2,3162.5,1961
2025-07-02T14:20:00+05:30,3162.5,3164.0,3162.0,3162.8,3381
2025-07-02T14:21:00+05:30,3162.8,3165.0,3162.5,3162.6,1866
2025-07-02T14:22:00+05:30,3162.6,3164.3,3162.5,3162.5,1802
2025-07-02T14:23:00+05:30,3162.5,3163.5,3162.1,3162.5,2079
2025-07-02T14:24:00+05:30,3162.5,3163.6,3162.1,3162.7,1866
2025-07-02T14:25:00+05:30,3162.7,3163.3,3161.8,3162.6,2454
2025-07-02T14:26:00+05:30,3162.5,3163.7,3162.5,3163.6,1562
2025-07-02T14:27:00+05:30,3163.6,3165.0,3162.6,3163.1,2170
2025-07-02T14:28:00+05:30,3163.3,3163.5,3162.3,3163.5,3204
2025-07-02T14:29:00+05:30,3163.3,3165.0,3162.0,3162.2,2578
2025-07-02T14:30:00+05:30,3162.3,3165.0,3162.2,3163.4,1607
2025-07-02T14:31:00+05:30,3163.4,3165.6,3163.3,3164.3,3286
2025-07-02T14:32:00+05:30,3164.6,3166.0,3164.1,3165.2,3135
2025-07-02T14:33:00+05:30,3165.2,3166.3,3161.8,3164.6,16713
2025-07-02T14:34:00+05:30,3163.6,3164.4,3160.7,3161.9,9960
2025-07-02T14:35:00+05:30,3161.9,3164.5,3161.9,3163.2,5752
2025-07-02T14:36:00+05:30,3162.9,3164.7,3162.7,3164.7,1071
2025-07-02T14:37:00+05:30,3164.4,3166.1,3164.4,3164.6,4113
2025-07-02T14:38:00+05:30,3165.1,3165.4,3161.7,3162.2,2372
2025-07-02T14:39:00+05:30,3162.2,3162.7,3159.1,3160.1,3292
2025-07-02T14:40:00+05:30,3160.1,3160.1,3157.5,3157.8,6006
2025-07-02T14:41:00+05:30,3157.7,3160.0,3157.6,3159.0,8466
2025-07-02T14:42:00+05:30,3159.0,3162.9,3158.9,3159.0,20110
2025-07-02T14:43:00+05:30,3158.9,3160.1,3158.9,3160.0,2558
2025-07-02T14:44:00+05:30,3160.1,3160.1,3159.3,3160.0,2503
2025-07-02T14:45:00+05:30,3159.6,3160.1,3159.3,3160.1,1500
2025-07-02T14:46:00+05:30,3160.1,3164.0,3160.0,3162.9,4271
2025-07-02T14:47:00+05:30,3162.8,3163.3,3162.8,3163.1,818
2025-07-02T14:48:00+05:30,3163.2,3163.5,3163.0,3163.5,1373
2025-07-02T14:49:00+05:30,3163.1,3164.0,3161.6,3162.7,2745
2025-07-02T14:50:00+05:30,3162.7,3163.2,3162.1,3162.3,1486
2025-07-02T14:51:00+05:30,3162.5,3162.5,3162.0,3162.2,1203
2025-07-02T14:52:00+05:30,3162.1,3162.2,3162.0,3162.2,2131
2025-07-02T14:53:00+05:30,3162.1,3162.2,3162.0,3162.0,1271
2025-07-02T14:54:00+05:30,3162.1,3163.2,3162.0,3162.9,13491
2025-07-02T14:55:00+05:30,3162.9,3166.0,3162.8,3163.8,9628
2025-07-02T14:56:00+05:30,3163.7,3163.9,3163.5,3163.6,881
2025-07-02T14:57:00+05:30,3163.6,3164.0,3163.5,3163.7,1338
2025-07-02T14:58:00+05:30,3164.0,3166.0,3164.0,3165.9,4543
2025-07-02T14:59:00+05:30,3165.9,3166.4,3165.7,3166.0,2008
2025-07-02T15:00:00+05:30,3166.2,3166.5,3166.1,3166.4,7066
2025-07-02T15:01:00+05:30,3166.4,3166.5,3166.4,3166.5,6469
2025-07-02T15:02:00+05:30,3166.4,3167.6,3164.7,3165.1,21214
2025-07-02T15:03:00+05:30,3165.0,3165.3,3164.4,3165.3,6919
2025-07-02T15:04:00+05:30,3165.2,3165.4,3165.2,3165.4,6915
2025-07-02T15:05:00+05:30,3165.3,3165.5,3165.3,3165.4,9566
2025-07-02T15:06:00+05:30,3165.3,3165.4,3162.2,3162.5,16904
2025-07-02T15:07:00+05:30,3162.5,3164.0,3162.5,3163.9,10934
2025-07-02T15:08:00+05:30,3163.8,3166.9,3163.8,3165.0,14538
2025-07-02T15:09:00+05:30,3164.8,3166.4,3164.8,3166.4,7407
2025-07-02T15:10:00+05:30,3166.4,3167.0,3166.3,3167.0,10856
2025-07-02T15:11:00+05:30,3167.0,3167.2,3166.9,3167.0,7214
2025-07-02T15:12:00+05:30,3167.0,3167.1,3165.1,3165.8,19968
2025-07-02T15:13:00+05:30,3165.6,3166.3,3165.6,3165.7,9948
2025-07-02T15:14:00+05:30,3165.7,3166.3,3165.6,3166.1,9165
2025-07-02T15:15:00+05:30,3166.2,3166.3,3166.0,3166.3,10624
2025-07-02T15:16:00+05:30,3166.2,3166.3,3165.7,3165.9,14487
2025-07-02T15:17:00+05:30,3165.8,3165.9,3165.8,3165.8,6274
2025-07-02T15:18:00+05:30,3165.9,3165.9,3165.7,3165.8,11132
2025-07-02T15:19:00+05:30,3165.7,3165.8,3165.6,3165.7,9832
2025-07-02T15:20:00+05:30,3165.7,3165.7,3165.5,3165.5,11848
2025-07-02T15:21:00+05:30,3165.6,3165.6,3163.8,3164.2,11770
2025-07-02T15:22:00+05:30,3164.3,3164.3,3163.8,3163.9,9669
2025-07-02T15:23:00+05:30,3163.8,3164.0,3163.6,3163.7,9844
2025-07-02T15:24:00+05:30,3163.7,3163.7,3162.0,3163.0,24309
2025-07-02T15:25:00+05:30,3163.1,3165.0,3163.0,3165.0,10169
2025-07-02T15:26:00+05:30,3164.8,3165.7,3163.8,3163.9,10963
2025-07-02T15:27:00+05:30,3163.9,3164.6,3163.8,3164.2,9663
2025-07-02T15:28:00+05:30,3164.0,3166.2,3162.5,3163.1,8370
2025-07-02T15:29:00+05:30,3163.1,3165.8,3163.0,3164.8,4530
2025-07-03T09:15:00+05:30,3165.9,3180.7,3164.8,3177.0,22033
2025-07-03T09:16:00+05:30,3177.0,3185.8,3177.0,3185.8,9960
2025-07-03T09:17:00+05:30,3186.0,3187.8,3182.0,3184.5,7963
2025-07-03T09:18:00+05:30,3184.2,3189.5,3180.3,3188.5,11647
2025-07-03T09:19:00+05:30,3187.9,3196.3,3187.8,3192.0,22034
2025-07-03T09:20:00+05:30,3192.2,3209.0,3190.4,3207.1,47830
2025-07-03T09:21:00+05:30,3208.3,3210.0,3200.6,3201.0,24090
2025-07-03T09:22:00+05:30,3200.6,3201.3,3192.6,3194.9,14860
2025-07-03T09:23:00+05:30,3194.7,3198.0,3193.1,3195.2,9984
2025-07-03T09:24:00+05:30,3195.0,3197.0,3193.1,3194.4,8983
2025-07-03T09:25:00+05:30,3194.4,3195.5,3185.1,3186.5,6097
2025-07-03T09:26:00+05:30,3186.3,3190.1,3185.1,3187.9,7580
2025-07-03T09:27:00+05:30,3187.9,3188.9,3183.2,3185.5,6954
2025-07-03T09:28:00+05:30,3185.3,3186.7,3181.4,3181.7,3425
2025-07-03T09:29:00+05:30,3181.7,3182.6,3178.4,3178.6,11748
2025-07-03T09:30:00+05:30,3179.6,3182.0,3178.1,3180.3,4068
2025-07-03T09:31:00+05:30,3180.0,3182.3,3178.0,3178.1,5117
2025-07-03T09:32:00+05:30,3178.8,3185.5,3178.7,3184.9,5777
2025-07-03T09:33:00+05:30,3185.5,3190.0,3184.3,3189.3,10181
2025-07-03T09:34:00+05:30,3189.3,3193.3,3189.3,3192.0,6789
2025-07-03T09:35:00+05:30,3192.0,3196.4,3191.3,3196.0,3510
2025-07-03T09:36:00+05:30,3196.9,3199.0,3195.5,3198.0,8981
2025-07-03T09:37:00+05:30,3198.0,3203.0,3196.5,3200.9,11031
2025-07-03T09:38:00+05:30,3200.1,3200.9,3194.0,3194.8,4012
2025-07-03T09:39:00+05:30,3194.8,3196.0,3191.1,3193.0,2128
2025-07-03T09:40:00+05:30,3191.6,3195.0,3191.0,3195.0,8324
2025-07-03T09:41:00+05:30,3195.0,3196.8,3192.8,3196.4,3344
2025-07-03T09:42:00+05:30,3196.5,3200.5,3196.1,3200.1,10360
2025-07-03T09:43:00+05:30,3200.1,3202.9,3198.8,3202.9,4826
2025-07-03T09:44:00+05:30,3202.1,3208.0,3202.1,3207.0,16341
2025-07-03T09:45:00+05:30,3206.8,3209.3,3206.3,3209.0,17725
2025-07-03T09:46:00+05:30,3209.0,3209.9,3204.0,3204.8,7855
2025-07-03T09:47:00+05:30,3204.8,3207.4,3203.3,3204.1,10123
2025-07-03T09:48:00+05:30,3204.8,3207.9,3204.2,3206.9,6519
2025-07-03T09:49:00+05:30,3206.2,3208.0,3204.9,3204.9,7710
2025-07-03T09:50:00+05:30,3204.8,3205.3,3200.0,3200.0,3072
2025-07-03T09:51:00+05:30,3200.0,3203.2,3200.0,3202.3,9847
2025-07-03T09:52:00+05:30,3202.3,3202.3,3200.0,3200.0,8425
2025-07-03T09:53:00+05:30,3200.0,3201.8,3200.0,3201.0,2281
2025-07-03T09:54:00+05:30,3200.5,3203.8,3200.5,3202.5,2702
2025-07-03T09:55:00+05:30,3202.7,3203.8,3200.5,3201.1,1815
2025-07-03T09:56:00+05:30,3201.6,3203.6,3200.3,3202.3,2450
2025-07-03T09:57:00+05:30,3202.3,3206.2,3202.3,3205.8,5412
2025-07-03T09:58:00+05:30,3205.8,3207.0,3205.0,3205.3,6812
2025-07-03T09:59:00+05:30,3205.5,3208.8,3205.5,3208.8,5982
2025-07-03T10:00:00+05:30,3208.0,3212.0,3207.5,3211.0,20253
2025-07-03T10:01:00+05:30,3210.6,3213.8,3210.3,3213.0,10903
2025-07-03T10:02:00+05:30,3213.0,3213.0,3208.2,3209.3,4484
2025-07-03T10:03:00+05:30,3209.8,3209.9,3207.7,3208.9,3799
2025-07-03T10:04:00+05:30,3208.9,3209.5,3208.0,3209.0,4455
2025-07-03T10:05:00+05:30,3209.0,3209.4,3208.3,3208.8,2030
2025-07-03T10:06:00+05:30,3208.3,3208.8,3207.0,3208.0,8528
2025-07-03T10:07:00+05:30,3207.5,3208.0,3204.1,3207.0,11570
2025-07-03T10:08:00+05:30,3207.1,3208.8,3207.1,3208.5,923
2025-07-03T10:09:00+05:30,3208.8,3208.9,3207.5,3207.9,4195
2025-07-03T10:10:00+05:30,3207.5,3208.0,3206.0,3206.8,1027
2025-07-03T10:11:00+05:30,3206.0,3206.8,3204.3,3205.7,1488
2025-07-03T10:12:00+05:30,3205.0,3206.2,3205.0,3205.3,949
2025-07-03T10:13:00+05:30,3205.3,3205.5,3205.0,3205.1,1127
2025-07-03T10:14:00+05:30,3205.3,3205.3,3202.9,3203.2,3969
2025-07-03T10:15:00+05:30,3203.6,3208.1,3202.0,3207.9,8000
2025-07-03T10:16:00+05:30,3207.8,3207.9,3205.1,3206.8,3037
2025-07-03T10:17:00+05:30,3206.1,3207.7,3206.1,3207.6,1058
2025-07-03T10:18:00+05:30,3207.6,3207.7,3206.7,3206.7,1489
2025-07-03T10:19:00+05:30,3207.0,3207.0,3205.0,3205.0,1461
2025-07-03T10:20:00+05:30,3205.0,3205.8,3204.8,3204.8,1094
2025-07-03T10:21:00+05:30,3205.0,3205.0,3202.8,3203.0,1468
2025-07-03T10:22:00+05:30,3203.0,3204.9,3202.2,3204.9,2757
2025-07-03T10:23:00+05:30,3204.7,3205.0,3204.1,3204.9,981
2025-07-03T10:24:00+05:30,3204.9,3206.5,3204.8,3205.0,3053
2025-07-03T10:25:00+05:30,3204.9,3207.3,3204.8,3206.2,1512
2025-07-03T10:26:00+05:30,3206.2,3207.1,3206.0,3206.7,864
2025-07-03T10:27:00+05:30,3206.8,3207.5,3205.0,3205.1,1621
2025-07-03T10:28:00+05:30,3205.1,3205.9,3205.0,3205.5,1106
2025-07-03T10:29:00+05:30,3205.5,3205.8,3204.1,3205.0,1110
2025-07-03T10:30:00+05:30,3205.1,3215.1,3205.0,3213.6,85872
2025-07-03T10:31:00+05:30,3214.0,3215.8,3212.5,3214.6,7525
2025-07-03T10:32:00+05:30,3214.7,3215.7,3213.3,3214.5,11195
2025-07-03T10:33:00+05:30,3214.5,3215.0,3212.0,3212.0,6309
2025-07-03T10:34:00+05:30,3213.1,3213.1,3212.0,3212.5,967
2025-07-03T10:35:00+05:30,3212.5,3212.9,3212.0,3212.5,2405
2025-07-03T10:36:00+05:30,3212.6,3213.3,3212.0,3213.3,4765
2025-07-03T10:37:00+05:30,3213.6,3213.6,3211.9,3212.3,2918
2025-07-03T10:38:00+05:30,3213.0,3213.6,3212.0,3213.2,1035
2025-07-03T10:39:00+05:30,3213.2,3213.6,3212.7,3213.2,3342
2025-07-03T10:40:00+05:30,3213.2,3213.2,3211.1,3212.7,3288
2025-07-03T10:41:00+05:30,3213.0,3213.0,3212.0,3212.8,887
2025-07-03T10:42:00+05:30,3213.0,3213.0,3212.3,3212.7,864
2025-07-03T10:43:00+05:30,3212.0,3215.0,3212.0,3215.0,6205
2025-07-03T10:44:00+05:30,3214.4,3214.8,3213.1,3214.1,2387
2025-07-03T10:45:00+05:30,3214.1,3216.3,3213.9,3216.1,8257
2025-07-03T10:46:00+05:30,3215.9,3216.5,3213.6,3213.7,4846
2025-07-03T10:47:00+05:30,3214.5,3216.0,3214.0,3215.1,1173
2025-07-03T10:48:00+05:30,3215.5,3216.0,3215.1,3215.3,2016
2025-07-03T10:49:00+05:30,3215.5,3216.0,3214.1,3214.1,2559
2025-07-03T10:50:00+05:30,3215.0,3216.0,3214.0,3214.0,5353
2025-07-03T10:51:00+05:30,3214.0,3221.0,3213.0,3217.9,28405
2025-07-03T10:52:00+05:30,3219.3,3221.0,3216.0,3216.0,8233
2025-07-03T10:53:00+05:30,3216.9,3217.7,3214.4,3215.9,5581
2025-07-03T10:54:00+05:30,3215.1,3220.9,3215.1,3220.9,9842
2025-07-03T10:55:00+05:30,3220.1,3220.9,3217.3,3220.0,8708
2025-07-03T10:56:00+05:30,3220.2,3220.6,3216.9,3218.7,5756
2025-07-03T10:57:00+05:30,3218.7,3219.8,3218.0,3219.0,3474
2025-07-03T10:58:00+05:30,3218.2,3219.1,3216.8,3218.0,4419
2025-07-03T10:59:00+05:30,3218.0,3219.5,3217.2,3219.4,5343
2025-07-03T11:00:00+05:30,3219.5,3220.9,3218.0,3220.4,19177
2025-07-03T11:01:00+05:30,3219.9,3220.5,3216.1,3219.9,17749
2025-07-03T11:02:00+05:30,3219.9,3219.9,3217.1,3218.1,4593
2025-07-03T11:03:00+05:30,3218.6,3219.7,3217.3,3218.6,8541
2025-07-03T11:04:00+05:30,3218.7,3219.0,3210.1,3210.4,20395
2025-07-03T11:05:00+05:30,3210.5,3211.1,3209.1,3210.6,14278
2025-07-03T11:06:00+05:30,3210.0,3214.9,3209.1,3212.6,8683
2025-07-03T11:07:00+05:30,3212.6,3213.9,3211.1,3213.9,4976
2025-07-03T11:08:00+05:30,3213.6,3214.7,3210.5,3211.9,12839
2025-07-03T11:09:00+05:30,3212.9,3212.9,3211.0,3212.1,9037
2025-07-03T11:10:00+05:30,3212.1,3212.9,3212.0,3212.9,2247
2025-07-03T11:11:00+05:30,3212.7,3214.5,3212.5,3214.5,2688
2025-07-03T11:12:00+05:30,3214.8,3214.9,3209.1,3209.1,11488
2025-07-03T11:13:00+05:30,3209.9,3212.2,3209.7,3211.4,16632
2025-07-03T11:14:00+05:30,3212.2,3212.4,3209.7,3211.9,4561
2025-07-03T11:15:00+05:30,3212.0,3212.4,3210.1,3210.9,3070
2025-07-03T11:16:00+05:30,3210.8,3211.0,3209.5,3210.0,1619
2025-07-03T11:17:00+05:30,3209.7,3210.5,3209.0,3209.7,1680
2025-07-03T11:18:00+05:30,3209.9,3211.4,3209.7,3210.0,2045
2025-07-03T11:19:00+05:30,3210.0,3210.6,3210.0,3210.5,381
2025-07-03T11:20:00+05:30,3210.5,3210.9,3210.0,3210.9,791
2025-07-03T11:21:00+05:30,3210.0,3210.9,3210.0,3210.0,536
2025-07-03T11:22:00+05:30,3210.0,3210.1,3210.0,3210.1,911
2025-07-03T11:23:00+05:30,3210.0,3210.2,3210.0,3210.0,671
2025-07-03T11:24:00+05:30,3210.0,3210.2,3209.6,3209.9,999
2025-07-03T11:25:00+05:30,3210.1,3211.9,3209.9,3211.4,1191
2025-07-03T11:26:00+05:30,3211.4,3211.9,3211.1,3211.3,1045
2025-07-03T11:27:00+05:30,3211.8,3211.8,3210.0,3210.0,2339
2025-07-03T11:28:00+05:30,3209.9,3211.2,3209.8,3210.0,4091
2025-07-03T11:29:00+05:30,3210.0,3210.2,3205.2,3205.2,9148
2025-07-03T11:30:00+05:30,3205.6,3207.0,3205.2,3206.0,1349
2025-07-03T11:31:00+05:30,3207.0,3207.9,3206.0,3206.8,2387
2025-07-03T11:32:00+05:30,3206.8,3207.1,3205.3,3207.0,1509
2025-07-03T11:33:00+05:30,3206.6,3207.1,3205.4,3205.9,2206
2025-07-03T11:34:00+05:30,3205.9,3205.9,3205.3,3205.3,1214
2025-07-03T11:35:00+05:30,3205.5,3206.7,3205.3,3205.5,2300
2025-07-03T11:36:00+05:30,3206.0,3206.6,3203.3,3205.9,8787
2025-07-03T11:37:00+05:30,3206.4,3206.4,3205.3,3205.7,920
2025-07-03T11:38:00+05:30,3205.5,3205.6,3202.7,3204.1,4032
2025-07-03T11:39:00+05:30,3204.7,3204.7,3204.1,3204.4,1250
2025-07-03T11:40:00+05:30,3204.7,3204.8,3204.0,3204.0,2434
2025-07-03T11:41:00+05:30,3204.0,3204.8,3203.0,3203.2,2033
2025-07-03T11:42:00+05:30,3203.2,3203.9,3196.0,3200.8,18147
2025-07-03T11:43:00+05:30,3200.0,3200.9,3197.8,3199.3,7187
2025-07-03T11:44:00+05:30,3199.3,3200.8,3199.1,3200.0,2624
2025-07-03T11:45:00+05:30,3200.4,3202.0,3200.0,3200.9,3136
2025-07-03T11:46:00+05:30,3200.3,3200.9,3199.9,3200.0,2058
2025-07-03T11:47:00+05:30,3200.0,3200.0,3193.5,3194.3,11465
2025-07-03T11:48:00+05:30,3195.0,3196.9,3193.1,3194.9,16546
2025-07-03T11:49:00+05:30,3194.9,3198.4,3194.4,3198.3,7580
2025-07-03T11:50:00+05:30,3198.3,3199.4,3196.7,3198.4,2170
2025-07-03T11:51:00+05:30,3198.0,3200.0,3197.7,3200.0,1319
2025-07-03T11:52:00+05:30,3199.5,3200.0,3198.0,3198.3,1693
2025-07-03T11:53:00+05:30,3198.0,3198.4,3198.0,3198.2,957
2025-07-03T11:54:00+05:30,3198.2,3199.0,3197.0,3198.0,4580
2025-07-03T11:55:00+05:30,3198.0,3198.0,3195.6,3197.0,4394
2025-07-03T11:56:00+05:30,3197.0,3198.8,3196.8,3198.4,2436
2025-07-03T11:57:00+05:30,3198.4,3201.2,3198.4,3201.0,6507
2025-07-03T11:58:00+05:30,3200.7,3201.0,3200.1,3200.9,1422
2025-07-03T11:59:00+05:30,3200.9,3201.0,3198.2,3200.2,1131
2025-07-03T12:00:00+05:30,3200.1,3200.1,3198.9,3198.9,1217
2025-07-03T12:01:00+05:30,3198.9,3199.0,3196.1,3196.7,2200
2025-07-03T12:02:00+05:30,3196.2,3197.4,3195.0,3196.0,8619
2025-07-03T12:03:00+05:30,3195.8,3197.0,3195.8,3196.0,4171
2025-07-03T12:04:00+05:30,3196.0,3197.0,3195.8,3195.9,7628
2025-07-03T12:05:00+05:30,3195.9,3197.5,3195.8,3197.5,5769
2025-07-03T12:06:00+05:30,3197.4,3198.5,3196.0,3198.5,1376
2025-07-03T12:07:00+05:30,3197.8,3198.5,3195.6,3197.3,1291
2025-07-03T12:08:00+05:30,3197.0,3200.8,3197.0,3198.1,5363
2025-07-03T12:09:00+05:30,3198.1,3199.7,3198.1,3198.4,685
2025-07-03T12:10:00+05:30,3198.4,3199.4,3198.4,3199.4,585
2025-07-03T12:11:00+05:30,3199.3,3200.3,3197.9,3198.7,1121
2025-07-03T12:12:00+05:30,3197.7,3198.8,3197.5,3198.0,910
2025-07-03T12:13:00+05:30,3198.8,3199.4,3198.0,3199.4,989
2025-07-03T12:14:00+05:30,3199.0,3200.0,3198.2,3199.3,1431
2025-07-03T12:15:00+05:30,3198.2,3199.9,3197.1,3198.1,4624
2025-07-03T12:16:00+05:30,3198.3,3199.5,3198.0,3199.4,726
2025-07-03T12:17:00+05:30,3199.4,3200.1,3199.3,3200.1,1170
2025-07-03T12:18:00+05:30,3200.0,3200.9,3199.9,3200.9,1089
2025-07-03T12:19:00+05:30,3201.0,3201.0,3198.0,3199.1,2234
2025-07-03T12:20:00+05:30,3198.3,3200.6,3198.3,3200.1,1031
2025-07-03T12:21:00+05:30,3200.6,3200.6,3198.0,3199.9,1262
2025-07-03T12:22:00+05:30,3199.3,3200.0,3199.0,3199.7,971
2025-07-03T12:23:00+05:30,3200.0,3200.5,3198.7,3200.3,864
2025-07-03T12:24:00+05:30,3200.3,3201.1,3199.5,3199.9,1684
2025-07-03T12:25:00+05:30,3199.8,3200.8,3198.3,3200.1,2799
2025-07-03T12:26:00+05:30,3200.1,3200.5,3198.0,3199.1,2723
2025-07-03T12:27:00+05:30,3199.1,3201.9,3199.0,3201.9,2482
2025-07-03T12:28:00+05:30,3201.9,3203.8,3201.2,3203.3,2143
2025-07-03T12:29:00+05:30,3203.3,3205.0,3202.5,3204.0,1717
2025-07-03T12:30:00+05:30,3203.3,3204.8,3200.9,3203.0,3431
2025-07-03T12:31:00+05:30,3203.4,3204.5,3202.1,3202.4,1356
2025-07-03T12:32:00+05:30,3202.4,3203.6,3202.1,3203.4,770
2025-07-03T12:33:00+05:30,3203.5,3203.9,3202.0,3203.4,876
2025-07-03T12:34:00+05:30,3203.3,3203.8,3202.0,3202.8,2045
2025-07-03T12:35:00+05:30,3202.8,3203.4,3200.8,3201.7,2067
2025-07-03T12:36:00+05:30,3200.7,3202.0,3200.0,3201.2,1035
2025-07-03T12:37:00+05:30,3201.2,3202.4,3200.5,3202.2,2201
2025-07-03T12:38:00+05:30,3201.6,3203.4,3200.7,3203.3,1126
2025-07-03T12:39:00+05:30,3203.4,3203.4,3200.5,3202.9,1001
2025-07-03T12:40:00+05:30,3203.0,3203.7,3201.4,3203.6,2542
2025-07-03T12:41:00+05:30,3203.6,3206.9,3203.5,3206.4,7777
2025-07-03T12:42:00+05:30,3206.4,3206.5,3205.0,3205.3,1697
2025-07-03T12:43:00+05:30,3205.0,3205.3,3203.0,3204.9,1959
2025-07-03T12:44:00+05:30,3204.8,3204.9,3202.7,3204.5,927
2025-07-03T12:45:00+05:30,3204.5,3205.9,3204.0,3205.8,1403
2025-07-03T12:46:00+05:30,3205.8,3205.8,3203.8,3204.9,886
2025-07-03T12:47:00+05:30,3204.9,3206.2,3204.7,3205.5,549
2025-07-03T12:48:00+05:30,3205.1,3205.5,3204.9,3205.5,791
2025-07-03T12:49:00+05:30,3205.5,3206.1,3205.0,3205.7,1019
2025-07-03T12:50:00+05:30,3205.7,3206.0,3205.0,3205.4,473
2025-07-03T12:51:00+05:30,3205.4,3206.0,3205.0,3206.0,395
2025-07-03T12:52:00+05:30,3205.9,3206.0,3200.9,3202.7,11547
2025-07-03T12:53:00+05:30,3202.6,3202.6,3198.7,3199.5,7234
2025-07-03T12:54:00+05:30,3200.0,3200.0,3198.9,3199.9,1138
2025-07-03T12:55:00+05:30,3199.9,3200.5,3197.5,3199.0,4182
2025-07-03T12:56:00+05:30,3198.6,3199.9,3197.8,3199.9,3883
2025-07-03T12:57:00+05:30,3199.9,3199.9,3197.8,3198.9,2175
2025-07-03T12:58:00+05:30,3198.9,3199.0,3197.0,3198.0,3535
2025-07-03T12:59:00+05:30,3197.3,3199.2,3196.0,3198.8,4214
2025-07-03T13:00:00+05:30,3198.5,3198.6,3197.0,3197.8,2090
2025-07-03T13:01:00+05:30,3197.8,3198.1,3197.1,3197.8,533
2025-07-03T13:02:00+05:30,3197.5,3197.8,3197.0,3197.1,883
2025-07-03T13:03:00+05:30,3197.0,3197.8,3197.0,3197.5,442
2025-07-03T13:04:00+05:30,3197.5,3197.6,3196.0,3196.1,2537
2025-07-03T13:05:00+05:30,3196.1,3197.5,3196.0,3197.5,1213
2025-07-03T13:06:00+05:30,3197.5,3197.6,3196.1,3197.4,1448
2025-07-03T13:07:00+05:30,3197.4,3197.4,3196.0,3197.4,620
2025-07-03T13:08:00+05:30,3197.4,3197.8,3196.8,3197.7,991
2025-07-03T13:09:00+05:30,3196.9,3197.8,3196.1,3197.8,1347
2025-07-03T13:10:00+05:30,3197.2,3197.8,3196.1,3197.2,1335
2025-07-03T13:11:00+05:30,3197.2,3198.0,3196.3,3197.4,1072
2025-07-03T13:12:00+05:30,3197.4,3197.8,3197.0,3197.8,700
2025-07-03T13:13:00+05:30,3197.7,3198.1,3197.7,3197.9,1399
2025-07-03T13:14:00+05:30,3198.0,3198.7,3197.9,3198.0,1908
2025-07-03T13:15:00+05:30,3198.0,3198.5,3197.0,3198.0,2299
2025-07-03T13:16:00+05:30,3197.9,3198.0,3192.4,3194.8,12041
2025-07-03T13:17:00+05:30,3194.1,3194.8,3192.5,3193.4,4807
2025-07-03T13:18:00+05:30,3193.4,3197.2,3193.4,3197.2,1141
2025-07-03T13:19:00+05:30,3197.4,3198.0,3195.4,3195.6,2395
2025-07-03T13:20:00+05:30,3196.9,3198.2,3195.3,3197.1,1690
2025-07-03T13:21:00+05:30,3196.9,3197.5,3196.2,3197.3,661
2025-07-03T13:22:00+05:30,3197.3,3197.4,3196.4,3197.0,817
2025-07-03T13:23:00+05:30,3197.3,3197.7,3196.4,3197.5,1148
2025-07-03T13:24:00+05:30,3197.0,3197.6,3197.0,3197.2,555
2025-07-03T13:25:00+05:30,3197.2,3198.0,3197.0,3197.6,1242
2025-07-03T13:26:00+05:30,3197.8,3197.8,3197.0,3197.0,901
2025-07-03T13:27:00+05:30,3197.0,3197.9,3197.0,3197.5,716
2025-07-03T13:28:00+05:30,3197.6,3198.0,3197.5,3197.9,1059
2025-07-03T13:29:00+05:30,3198.0,3198.0,3197.0,3197.1,970
2025-07-03T13:30:00+05:30,3197.0,3198.0,3197.0,3198.0,584
2025-07-03T13:31:00+05:30,3198.0,3198.1,3196.4,3197.9,1312
2025-07-03T13:32:00+05:30,3197.9,3198.0,3197.9,3197.9,554
2025-07-03T13:33:00+05:30,3198.0,3199.0,3197.9,3199.0,1522
2025-07-03T13:34:00+05:30,3198.3,3202.0,3197.6,3202.0,16167
2025-07-03T13:35:00+05:30,3202.3,3206.9,3202.0,3206.6,9253
2025-07-03T13:36:00+05:30,3206.7,3210.1,3205.0,3210.1,13153
2025-07-03T13:37:00+05:30,3210.0,3211.9,3208.0,3211.0,9180
2025-07-03T13:38:00+05:30,3211.0,3212.2,3209.1,3210.0,4379
2025-07-03T13:39:00+05:30,3210.0,3213.5,3210.0,3212.0,5418
2025-07-03T13:40:00+05:30,3212.5,3216.9,3211.1,3216.8,9943
2025-07-03T13:41:00+05:30,3216.9,3218.0,3213.9,3216.4,7692
2025-07-03T13:42:00+05:30,3217.1,3219.0,3213.7,3216.0,5741
2025-07-03T13:43:00+05:30,3216.0,3217.0,3214.6,3216.0,2522
2025-07-03T13:44:00+05:30,3215.3,3216.0,3215.0,3216.0,1703
2025-07-03T13:45:00+05:30,3216.0,3216.6,3213.0,3213.1,3336
2025-07-03T13:46:00+05:30,3213.1,3213.1,3208.0,3209.1,2790
2025-07-03T13:47:00+05:30,3208.3,3208.3,3205.0,3206.4,3681
2025-07-03T13:48:00+05:30,3206.4,3209.3,3206.4,3207.3,2748
2025-07-03T13:49:00+05:30,3207.3,3207.6,3203.2,3204.7,15592
2025-07-03T13:50:00+05:30,3205.1,3205.9,3200.3,3204.5,7337
2025-07-03T13:51:00+05:30,3204.6,3206.4,3203.4,3204.8,1877
2025-07-03T13:52:00+05:30,3204.8,3204.8,3202.8,3203.9,1600
2025-07-03T13:53:00+05:30,3203.6,3203.9,3202.4,3203.3,707
2025-07-03T13:54:00+05:30,3202.7,3205.8,3202.7,3205.0,1576
2025-07-03T13:55:00+05:30,3205.5,3206.7,3205.0,3206.0,3257
2025-07-03T13:56:00+05:30,3206.0,3206.1,3202.0,3204.0,1411
2025-07-03T13:57:00+05:30,3204.0,3204.0,3198.0,3202.8,5238
2025-07-03T13:58:00+05:30,3202.8,3204.9,3202.4,3203.9,1663
2025-07-03T13:59:00+05:30,3203.9,3204.0,3201.2,3201.9,3611
2025-07-03T14:00:00+05:30,3201.9,3202.9,3200.0,3201.8,3467
2025-07-03T14:01:00+05:30,3202.0,3202.0,3201.2,3202.0,1737
2025-07-03T14:02:00+05:30,3201.9,3203.1,3201.9,3202.0,3515
2025-07-03T14:03:00+05:30,3202.0,3204.7,3199.0,3203.2,12045
2025-07-03T14:04:00+05:30,3204.1,3204.3,3202.9,3203.2,1849
2025-07-03T14:05:00+05:30,3203.5,3204.3,3200.1,3201.5,2512
2025-07-03T14:06:00+05:30,3201.5,3202.3,3199.8,3201.0,11149
2025-07-03T14:07:00+05:30,3201.0,3202.6,3200.0,3202.6,2376
2025-07-03T14:08:00+05:30,3201.4,3202.3,3200.1,3202.2,2092
2025-07-03T14:09:00+05:30,3200.7,3202.1,3200.0,3202.0,1656
2025-07-03T14:10:00+05:30,3201.9,3201.9,3200.0,3200.0,1713
2025-07-03T14:11:00+05:30,3200.2,3200.9,3200.0,3200.9,1849
2025-07-03T14:12:00+05:30,3200.9,3201.5,3200.0,3201.0,1279
2025-07-03T14:13:00+05:30,3201.0,3203.6,3200.1,3201.8,1485
2025-07-03T14:14:00+05:30,3201.0,3202.5,3200.1,3200.8,2884
2025-07-03T14:15:00+05:30,3202.0,3202.4,3200.3,3201.7,695
2025-07-03T14:16:00+05:30,3200.9,3201.6,3200.0,3200.4,1734
2025-07-03T14:17:00+05:30,3201.2,3201.2,3200.0,3200.0,1844
2025-07-03T14:18:00+05:30,3200.1,3202.4,3200.0,3201.5,2438
2025-07-03T14:19:00+05:30,3201.5,3202.0,3200.0,3200.1,4161
2025-07-03T14:20:00+05:30,3200.0,3200.9,3197.4,3199.0,6524
2025-07-03T14:21:00+05:30,3199.3,3200.0,3198.5,3199.7,2309
2025-07-03T14:22:00+05:30,3199.7,3201.0,3199.0,3200.1,4401
2025-07-03T14:23:00+05:30,3200.0,3200.9,3199.6,3200.2,1196
2025-07-03T14:24:00+05:30,3200.9,3202.0,3200.2,3200.8,3275
2025-07-03T14:25:00+05:30,3201.2,3202.2,3198.5,3199.7,5418
2025-07-03T14:26:00+05:30,3199.7,3200.0,3198.6,3199.6,1743
2025-07-03T14:27:00+05:30,3199.6,3199.6,3199.0,3199.2,2805
2025-07-03T14:28:00+05:30,3199.2,3199.4,3198.8,3199.2,2371
2025-07-03T14:29:00+05:30,3199.2,3199.5,3196.4,3197.0,12137
2025-07-03T14:30:00+05:30,3196.9,3196.9,3191.8,3191.8,19352
2025-07-03T14:31:00+05:30,3191.6,3192.0,3188.0,3192.0,14838
2025-07-03T14:32:00+05:30,3191.5,3192.0,3189.0,3190.0,3453
2025-07-03T14:33:00+05:30,3190.0,3190.6,3188.6,3190.0,5856
2025-07-03T14:34:00+05:30,3189.8,3192.0,3189.0,3190.0,4239
2025-07-03T14:35:00+05:30,3190.2,3190.2,3186.3,3187.2,6731
2025-07-03T14:36:00+05:30,3187.5,3190.0,3186.9,3187.2,5285
2025-07-03T14:37:00+05:30,3188.6,3188.6,3181.0,3183.1,9705
2025-07-03T14:38:00+05:30,3182.2,3183.5,3180.9,3182.9,6199
2025-07-03T14:39:00+05:30,3183.2,3184.2,3180.5,3183.1,9250
2025-07-03T14:40:00+05:30,3183.1,3185.7,3182.7,3183.5,7790
2025-07-03T14:41:00+05:30,3183.5,3185.2,3182.2,3183.3,3415
2025-07-03T14:42:00+05:30,3183.3,3183.9,3180.1,3180.7,6771
2025-07-03T14:43:00+05:30,3180.6,3182.1,3180.6,3182.0,2569
2025-07-03T14:44:00+05:30,3182.0,3182.1,3177.7,3178.0,22747
2025-07-03T14:45:00+05:30,3178.4,3182.0,3178.3,3180.5,6864
2025-07-03T14:46:00+05:30,3181.5,3185.9,3180.7,3185.2,8517
2025-07-03T14:47:00+05:30,3185.1,3185.5,3179.0,3179.6,3999
2025-07-03T14:48:00+05:30,3179.6,3179.9,3177.0,3177.7,6177
2025-07-03T14:49:00+05:30,3177.4,3178.0,3176.2,3176.5,4959
2025-07-03T14:50:00+05:30,3176.6,3178.8,3176.2,3177.0,8894
2025-07-03T14:51:00+05:30,3176.4,3176.8,3173.9,3175.9,9949
2025-07-03T14:52:00+05:30,3176.2,3176.9,3174.2,3176.1,2535
2025-07-03T14:53:00+05:30,3176.0,3178.0,3175.2,3176.9,13208
2025-07-03T14:54:00+05:30,3177.0,3178.9,3175.8,3177.4,4467
2025-07-03T14:55:00+05:30,3177.4,3177.6,3176.6,3177.0,4704
2025-07-03T14:56:00+05:30,3177.6,3178.0,3176.7,3177.7,3366
2025-07-03T14:57:00+05:30,3177.1,3178.0,3175.3,3177.1,7243
2025-07-03T14:58:00+05:30,3177.1,3180.9,3176.6,3180.3,8077
2025-07-03T14:59:00+05:30,3180.3,3180.5,3177.8,3179.0,7481
2025-07-03T15:00:00+05:30,3179.0,3180.3,3178.0,3178.4,8831
2025-07-03T15:01:00+05:30,3178.4,3178.7,3178.0,3178.5,8819
2025-07-03T15:02:00+05:30,3178.5,3178.7,3175.8,3176.7,8108
2025-07-03T15:03:00+05:30,3176.7,3178.8,3175.7,3176.6,6582
2025-07-03T15:04:00+05:30,3176.6,3177.0,3176.1,3176.9,9325
2025-07-03T15:05:00+05:30,3176.6,3176.9,3175.1,3176.2,16558
2025-07-03T15:06:00+05:30,3176.3,3176.4,3175.0,3175.3,9697
2025-07-03T15:07:00+05:30,3175.3,3175.8,3175.2,3175.5,10463
2025-07-03T15:08:00+05:30,3175.6,3176.7,3175.5,3176.6,6690
2025-07-03T15:09:00+05:30,3176.6,3176.7,3175.6,3175.6,9031
2025-07-03T15:10:00+05:30,3175.6,3177.2,3175.3,3177.1,17378
2025-07-03T15:11:00+05:30,3177.1,3177.2,3174.5,3176.0,13995
2025-07-03T15:12:00+05:30,3175.6,3175.8,3174.8,3174.8,6193
2025-07-03T15:13:00+05:30,3174.9,3175.2,3174.7,3175.0,6432
2025-07-03T15:14:00+05:30,3175.0,3175.1,3173.0,3173.1,14894
2025-07-03T15:15:00+05:30,3173.1,3173.7,3172.3,3173.6,17144
2025-07-03T15:16:00+05:30,3173.7,3173.7,3172.0,3172.7,15690
2025-07-03T15:17:00+05:30,3172.7,3174.2,3172.4,3172.9,13826
2025-07-03T15:18:00+05:30,3173.3,3173.3,3170.8,3172.4,27479
2025-07-03T15:19:00+05:30,3172.5,3173.1,3172.4,3173.1,8360
2025-07-03T15:20:00+05:30,3173.1,3173.1,3170.8,3171.8,12605
2025-07-03T15:21:00+05:30,3171.8,3171.8,3170.8,3171.1,9049
2025-07-03T15:22:00+05:30,3171.1,3172.5,3171.0,3172.4,14918
2025-07-03T15:23:00+05:30,3172.4,3173.9,3172.4,3173.1,8652
2025-07-03T15:24:00+05:30,3173.0,3173.5,3172.0,3172.6,12270
2025-07-03T15:25:00+05:30,3172.5,3174.5,3171.2,3174.5,15608
2025-07-03T15:26:00+05:30,3174.1,3174.8,3173.5,3174.0,5477
2025-07-03T15:27:00+05:30,3174.0,3176.5,3174.0,3175.6,8561
2025-07-03T15:28:00+05:30,3176.1,3176.1,3175.0,3175.8,8547
2025-07-03T15:29:00+05:30,3175.8,3178.0,3175.6,3175.6,3087
2025-07-04T09:15:00+05:30,3163.3,3163.3,3146.2,3160.0,32543
2025-07-04T09:16:00+05:30,3159.6,3160.0,3151.9,3153.5,10170
2025-07-04T09:17:00+05:30,3153.0,3158.4,3151.3,3155.3,8085
2025-07-04T09:18:00+05:30,3155.2,3161.9,3154.8,3158.0,5780
2025-07-04T09:19:00+05:30,3158.0,3160.5,3154.2,3154.2,8224
2025-07-04T09:20:00+05:30,3154.2,3158.5,3152.1,3158.3,6156
2025-07-04T09:21:00+05:30,3158.3,3162.2,3156.0,3158.1,5204
2025-07-04T09:22:00+05:30,3158.7,3159.4,3155.5,3156.2,3842
2025-07-04T09:23:00+05:30,3156.2,3159.1,3154.8,3158.0,3065
2025-07-04T09:24:00+05:30,3158.0,3165.0,3157.6,3164.5,3555
2025-07-04T09:25:00+05:30,3164.9,3169.0,3164.0,3168.9,6573
2025-07-04T09:26:00+05:30,3168.9,3174.9,3166.7,3174.8,19312
2025-07-04T09:27:00+05:30,3174.9,3177.0,3171.0,3171.1,9130
2025-07-04T09:28:00+05:30,3172.0,3175.9,3172.0,3175.0,12030
2025-07-04T09:29:00+05:30,3174.5,3175.4,3173.2,3175.0,1724
2025-07-04T09:30:00+05:30,3175.0,3175.0,3173.0,3173.9,1168
2025-07-04T09:31:00+05:30,3173.0,3173.9,3171.6,3172.9,2552
2025-07-04T09:32:00+05:30,3172.7,3174.6,3172.7,3174.6,3398
2025-07-04T09:33:00+05:30,3173.7,3173.7,3171.1,3171.4,2311
2025-07-04T09:34:00+05:30,3171.4,3173.5,3171.2,3172.1,799
2025-07-04T09:35:00+05:30,3173.0,3173.0,3171.4,3172.4,1090
2025-07-04T09:36:00+05:30,3173.0,3173.2,3172.0,3172.6,1345
2025-07-04T09:37:00+05:30,3172.6,3175.9,3172.6,3175.9,768
2025-07-04T09:38:00+05:30,3175.1,3176.4,3173.5,3175.0,3651
2025-07-04T09:39:00+05:30,3175.0,3175.0,3172.1,3173.1,2428
2025-07-04T09:40:00+05:30,3172.2,3173.1,3165.0,3168.9,9006
2025-07-04T09:41:00+05:30,3168.9,3175.3,3167.9,3175.3,2494
2025-07-04T09:42:00+05:30,3175.2,3177.0,3172.1,3175.7,6330
2025-07-04T09:43:00+05:30,3176.0,3177.0,3175.0,3175.0,4266
2025-07-04T09:44:00+05:30,3175.7,3176.8,3174.4,3175.6,3510
2025-07-04T09:45:00+05:30,3176.0,3176.7,3173.1,3175.0,1967
2025-07-04T09:46:00+05:30,3176.0,3176.4,3174.1,3175.0,902
2025-07-04T09:47:00+05:30,3175.9,3175.9,3173.1,3173.4,842
2025-07-04T09:48:00+05:30,3173.4,3173.4,3172.1,3173.0,608
2025-07-04T09:49:00+05:30,3173.3,3174.9,3171.5,3172.6,1712
2025-07-04T09:50:00+05:30,3172.8,3172.8,3169.0,3170.5,1017
2025-07-04T09:51:00+05:30,3170.0,3170.7,3168.5,3170.7,1778
2025-07-04T09:52:00+05:30,3169.8,3171.2,3169.5,3170.1,576
2025-07-04T09:53:00+05:30,3171.0,3172.5,3169.9,3170.0,512
2025-07-04T09:54:00+05:30,3170.7,3171.0,3168.6,3169.8,726
2025-07-04T09:55:00+05:30,3170.4,3172.0,3169.6,3170.5,1510
2025-07-04T09:56:00+05:30,3171.0,3172.1,3169.0,3170.0,1573
2025-07-04T09:57:00+05:30,3171.2,3171.2,3169.0,3170.5,810
2025-07-04T09:58:00+05:30,3171.0,3171.0,3169.6,3169.9,344
2025-07-04T09:59:00+05:30,3169.9,3171.0,3169.7,3169.9,468
2025-07-04T10:00:00+05:30,3171.0,3172.8,3170.0,3172.8,1221
2025-07-04T10:01:00+05:30,3172.8,3172.8,3168.0,3170.3,2935
2025-07-04T10:02:00+05:30,3170.3,3171.4,3169.1,3170.3,818
2025-07-04T10:03:00+05:30,3171.0,3172.1,3170.3,3171.8,504
2025-07-04T10:04:00+05:30,3171.8,3172.3,3171.1,3171.9,283
2025-07-04T10:05:00+05:30,3172.5,3172.5,3171.1,3172.5,1482
2025-07-04T10:06:00+05:30,3172.5,3172.6,3170.0,3170.1,502
2025-07-04T10:07:00+05:30,3170.0,3171.3,3167.3,3167.3,436
2025-07-04T10:08:00+05:30,3168.4,3168.4,3163.3,3164.1,4593
2025-07-04T10:09:00+05:30,3165.0,3166.4,3163.0,3165.7,1702
2025-07-04T10:10:00+05:30,3165.0,3165.3,3161.1,3163.3,1565
2025-07-04T10:11:00+05:30,3164.1,3164.6,3163.1,3164.0,851
2025-07-04T10:12:00+05:30,3164.0,3165.4,3163.5,3164.0,642
2025-07-04T10:13:00+05:30,3163.7,3164.7,3162.4,3163.8,977
2025-07-04T10:14:00+05:30,3163.9,3165.0,3163.0,3164.2,395
2025-07-04T10:15:00+05:30,3163.0,3165.0,3163.0,3164.2,552
2025-07-04T10:16:00+05:30,3165.0,3166.0,3163.9,3166.0,611
2025-07-04T10:17:00+05:30,3165.0,3166.5,3164.1,3164.9,1776
2025-07-04T10:18:00+05:30,3164.9,3164.9,3163.0,3163.9,776
2025-07-04T10:19:00+05:30,3163.9,3164.0,3161.0,3163.0,6444
2025-07-04T10:20:00+05:30,3164.0,3166.4,3162.9,3166.4,2659
2025-07-04T10:21:00+05:30,3166.4,3166.4,3163.0,3164.0,456
2025-07-04T10:22:00+05:30,3164.0,3164.6,3162.6,3162.7,722
2025-07-04T10:23:00+05:30,3164.0,3164.4,3162.7,3163.9,388
2025-07-04T10:24:00+05:30,3164.1,3164.2,3163.0,3164.0,511
2025-07-04T10:25:00+05:30,3164.0,3164.4,3162.8,3163.5,389
2025-07-04T10:26:00+05:30,3164.4,3164.4,3162.0,3162.4,983
2025-07-04T10:27:00+05:30,3163.4,3163.4,3161.2,3161.6,2074
2025-07-04T10:28:00+05:30,3161.6,3162.5,3158.0,3159.8,6205
2025-07-04T10:29:00+05:30,3160.4,3160.8,3159.0,3159.6,2157
2025-07-04T10:30:00+05:30,3159.6,3160.2,3159.0,3159.8,496
2025-07-04T10:31:00+05:30,3160.0,3161.0,3159.0,3159.3,1116
2025-07-04T10:32:00+05:30,3160.0,3160.2,3156.4,3156.9,3052
2025-07-04T10:33:00+05:30,3156.9,3160.1,3155.0,3160.1,3815
2025-07-04T10:34:00+05:30,3159.9,3160.0,3156.4,3157.9,1925
2025-07-04T10:35:00+05:30,3158.0,3159.6,3157.5,3159.6,282
2025-07-04T10:36:00+05:30,3160.0,3160.1,3159.0,3159.6,1032
2025-07-04T10:37:00+05:30,3160.0,3160.1,3158.1,3159.9,1352
2025-07-04T10:38:00+05:30,3159.2,3160.1,3158.5,3159.8,578
2025-07-04T10:39:00+05:30,3160.0,3160.1,3159.0,3160.0,549
2025-07-04T10:40:00+05:30,3160.1,3161.7,3160.0,3161.7,656
2025-07-04T10:41:00+05:30,3161.9,3162.5,3160.6,3162.5,1791
2025-07-04T10:42:00+05:30,3162.2,3162.5,3160.4,3162.0,1467
2025-07-04T10:43:00+05:30,3162.0,3162.5,3159.7,3161.0,653
2025-07-04T10:44:00+05:30,3161.1,3161.3,3160.0,3161.3,138
2025-07-04T10:45:00+05:30,3161.2,3161.8,3160.1,3161.0,435
2025-07-04T10:46:00+05:30,3161.0,3161.5,3160.5,3161.2,116
2025-07-04T10:47:00+05:30,3161.0,3161.5,3157.7,3159.9,3410
2025-07-04T10:48:00+05:30,3161.0,3162.4,3159.9,3162.4,657
2025-07-04T10:49:00+05:30,3162.2,3162.2,3159.0,3159.1,650
2025-07-04T10:50:00+05:30,3159.2,3159.2,3156.0,3156.0,966
2025-07-04T10:51:00+05:30,3157.1,3157.5,3156.0,3156.3,340
2025-07-04T10:52:00+05:30,3157.0,3157.3,3155.0,3155.5,3441
2025-07-04T10:53:00+05:30,3155.5,3157.8,3155.0,3157.8,946
2025-07-04T10:54:00+05:30,3157.9,3160.5,3155.5,3160.5,6027
2025-07-04T10:55:00+05:30,3160.5,3161.0,3158.9,3160.7,7491
2025-07-04T10:56:00+05:30,3160.0,3161.0,3160.0,3160.9,588
2025-07-04T10:57:00+05:30,3160.9,3161.2,3160.4,3161.2,1614
2025-07-04T10:58:00+05:30,3161.1,3161.1,3157.4,3158.6,2056
2025-07-04T10:59:00+05:30,3158.8,3160.0,3157.1,3160.0,1032
2025-07-04T11:00:00+05:30,3159.6,3160.0,3159.3,3159.3,221
2025-07-04T11:01:00+05:30,3159.8,3160.0,3158.0,3158.0,1412
2025-07-04T11:02:00+05:30,3158.0,3159.2,3157.6,3157.6,575
2025-07-04T11:03:00+05:30,3157.6,3159.0,3157.6,3159.0,1089
2025-07-04T11:04:00+05:30,3158.9,3159.0,3158.0,3158.9,497
2025-07-04T11:05:00+05:30,3159.0,3159.0,3157.0,3158.9,1052
2025-07-04T11:06:00+05:30,3158.9,3159.0,3158.0,3158.9,481
2025-07-04T11:07:00+05:30,3159.0,3159.0,3157.7,3158.1,756
2025-07-04T11:08:00+05:30,3158.9,3160.0,3157.9,3159.5,1578
2025-07-04T11:09:00+05:30,3159.5,3159.5,3157.1,3157.1,1082
2025-07-04T11:10:00+05:30,3158.3,3159.0,3157.0,3158.9,936
2025-07-04T11:11:00+05:30,3158.8,3158.9,3156.6,3157.5,981
2025-07-04T11:12:00+05:30,3158.6,3159.5,3157.5,3159.5,630
2025-07-04T11:13:00+05:30,3159.5,3160.0,3158.8,3159.9,411
2025-07-04T11:14:00+05:30,3160.0,3160.0,3159.9,3159.9,505
2025-07-04T11:15:00+05:30,3160.0,3160.0,3158.8,3159.7,1307
2025-07-04T11:16:00+05:30,3159.8,3159.9,3157.7,3159.0,829
2025-07-04T11:17:00+05:30,3158.9,3158.9,3157.0,3157.7,846
2025-07-04T11:18:00+05:30,3157.5,3158.9,3157.0,3158.7,729
2025-07-04T11:19:00+05:30,3158.7,3158.7,3157.2,3158.7,561
2025-07-04T11:20:00+05:30,3158.7,3160.0,3158.5,3159.7,337
2025-07-04T11:21:00+05:30,3159.7,3159.8,3157.3,3157.5,1074
2025-07-04T11:22:00+05:30,3157.4,3158.0,3156.3,3157.3,3576
2025-07-04T11:23:00+05:30,3157.4,3157.4,3155.6,3156.1,1500
2025-07-04T11:24:00+05:30,3156.1,3158.0,3155.2,3158.0,1813
2025-07-04T11:25:00+05:30,3158.0,3158.0,3156.5,3157.8,411
2025-07-04T11:26:00+05:30,3158.0,3158.0,3157.0,3158.0,449
2025-07-04T11:27:00+05:30,3157.4,3158.0,3157.1,3157.7,229
2025-07-04T11:28:00+05:30,3157.9,3158.0,3157.6,3157.9,392
2025-07-04T11:29:00+05:30,3157.9,3157.9,3157.5,3157.5,866
2025-07-04T11:30:00+05:30,3157.9,3157.9,3156.3,3156.4,546
2025-07-04T11:31:00+05:30,3157.4,3157.4,3156.2,3157.3,316
2025-07-04T11:32:00+05:30,3157.3,3157.3,3156.3,3157.1,253
2025-07-04T11:33:00+05:30,3157.3,3157.3,3156.0,3156.0,1294
2025-07-04T11:34:00+05:30,3157.0,3157.0,3156.0,3156.2,441
2025-07-04T11:35:00+05:30,3156.9,3156.9,3153.1,3153.5,4484
2025-07-04T11:36:00+05:30,3153.5,3156.0,3153.1,3156.0,7248
2025-07-04T11:37:00+05:30,3156.0,3156.9,3155.3,3156.2,711
2025-07-04T11:38:00+05:30,3156.2,3156.8,3156.2,3156.4,452
2025-07-04T11:39:00+05:30,3156.4,3156.4,3154.2,3155.8,2063
2025-07-04T11:40:00+05:30,3155.8,3156.0,3155.0,3155.7,4070
2025-07-04T11:41:00+05:30,3155.0,3155.0,3151.0,3151.0,16374
2025-07-04T11:42:00+05:30,3151.0,3151.9,3150.0,3151.1,9369
2025-07-04T11:43:00+05:30,3151.0,3153.0,3150.0,3151.3,4603
2025-07-04T11:44:00+05:30,3151.5,3154.3,3151.0,3153.2,3821
2025-07-04T11:45:00+05:30,3153.4,3153.4,3148.0,3148.0,9167
2025-07-04T11:46:00+05:30,3148.2,3149.2,3145.1,3147.1,8238
2025-07-04T11:47:00+05:30,3148.4,3148.4,3142.1,3144.8,9909
2025-07-04T11:48:00+05:30,3145.0,3145.6,3142.9,3143.6,2022
2025-07-04T11:49:00+05:30,3143.9,3145.4,3141.1,3142.3,4729
2025-07-04T11:50:00+05:30,3141.9,3142.3,3138.0,3138.8,7471
2025-07-04T11:51:00+05:30,3138.0,3140.8,3137.0,3140.0,2893
2025-07-04T11:52:00+05:30,3140.8,3143.7,3140.1,3141.7,2648
2025-07-04T11:53:00+05:30,3141.6,3144.1,3140.1,3143.7,3951
2025-07-04T11:54:00+05:30,3143.9,3145.0,3141.0,3141.8,1498
2025-07-04T11:55:00+05:30,3141.6,3141.6,3140.0,3140.8,457
2025-07-04T11:56:00+05:30,3140.8,3142.0,3139.9,3142.0,2971
2025-07-04T11:57:00+05:30,3142.0,3143.4,3141.3,3142.6,832
2025-07-04T11:58:00+05:30,3142.3,3142.8,3140.3,3141.2,1161
2025-07-04T11:59:00+05:30,3141.2,3141.2,3139.8,3140.2,1781
2025-07-04T12:00:00+05:30,3140.4,3140.9,3139.5,3139.5,988
2025-07-04T12:01:00+05:30,3139.9,3139.9,3138.1,3138.7,899
2025-07-04T12:02:00+05:30,3138.7,3140.0,3138.7,3140.0,1419
2025-07-04T12:03:00+05:30,3140.0,3140.9,3137.7,3138.0,2146
2025-07-04T12:04:00+05:30,3138.0,3138.0,3135.1,3136.0,2517
2025-07-04T12:05:00+05:30,3136.7,3138.9,3136.0,3137.1,1759
2025-07-04T12:06:00+05:30,3138.6,3138.7,3136.1,3136.1,1214
2025-07-04T12:07:00+05:30,3136.9,3136.9,3134.1,3134.9,2417
2025-07-04T12:08:00+05:30,3134.5,3136.6,3134.3,3136.6,1602
2025-07-04T12:09:00+05:30,3136.5,3137.9,3135.5,3137.9,1700
2025-07-04T12:10:00+05:30,3137.9,3138.6,3137.1,3137.5,4130
2025-07-04T12:11:00+05:30,3137.5,3138.4,3136.6,3138.0,1087
2025-07-04T12:12:00+05:30,3138.3,3138.9,3136.1,3137.8,932
2025-07-04T12:13:00+05:30,3138.3,3143.3,3137.6,3143.0,3039
2025-07-04T12:14:00+05:30,3142.7,3143.0,3140.1,3141.8,8107
2025-07-04T12:15:00+05:30,3141.8,3144.0,3140.9,3143.1,3618
2025-07-04T12:16:00+05:30,3143.9,3144.0,3143.2,3144.0,641
2025-07-04T12:17:00+05:30,3143.9,3144.0,3143.6,3143.9,1003
2025-07-04T12:18:00+05:30,3143.9,3146.0,3143.9,3146.0,5185
2025-07-04T12:19:00+05:30,3146.0,3146.0,3145.0,3145.1,366
2025-07-04T12:20:00+05:30,3145.1,3145.2,3141.9,3143.0,4610
2025-07-04T12:21:00+05:30,3143.0,3143.0,3142.0,3143.0,427
2025-07-04T12:22:00+05:30,3143.0,3144.0,3143.0,3144.0,1499
2025-07-04T12:23:00+05:30,3144.0,3144.0,3143.6,3143.9,751
2025-07-04T12:24:00+05:30,3143.9,3144.0,3142.9,3143.7,834
2025-07-04T12:25:00+05:30,3143.7,3148.5,3143.7,3148.4,16180
2025-07-04T12:26:00+05:30,3148.6,3153.2,3145.9,3147.1,13052
2025-07-04T12:27:00+05:30,3146.1,3148.5,3145.0,3146.0,472
2025-07-04T12:28:00+05:30,3146.0,3146.9,3143.8,3144.8,3365
2025-07-04T12:29:00+05:30,3144.8,3145.0,3143.0,3144.2,1174
2025-07-04T12:30:00+05:30,3144.2,3145.0,3144.1,3144.4,472
2025-07-04T12:31:00+05:30,3144.8,3145.0,3144.1,3144.9,343
2025-07-04T12:32:00+05:30,3144.9,3145.0,3143.4,3143.4,834
2025-07-04T12:33:00+05:30,3144.0,3144.0,3143.4,3144.0,5426
2025-07-04T12:34:00+05:30,3144.0,3144.0,3143.9,3143.9,809
2025-07-04T12:35:00+05:30,3144.0,3144.0,3143.9,3144.0,819
2025-07-04T12:36:00+05:30,3144.0,3144.0,3143.7,3143.9,667
2025-07-04T12:37:00+05:30,3143.7,3143.9,3142.8,3142.8,515
2025-07-04T12:38:00+05:30,3142.5,3143.1,3142.4,3142.4,684
2025-07-04T12:39:00+05:30,3142.4,3144.0,3142.2,3143.9,532
2025-07-04T12:40:00+05:30,3143.9,3144.0,3143.1,3143.4,710
2025-07-04T12:41:00+05:30,3143.4,3144.9,3143.2,3144.9,837
2025-07-04T12:42:00+05:30,3144.6,3145.0,3143.2,3143.6,573
2025-07-04T12:43:00+05:30,3143.4,3144.0,3143.1,3143.3,364
2025-07-04T12:44:00+05:30,3143.3,3143.8,3142.0,3143.0,2055
2025-07-04T12:45:00+05:30,3143.0,3144.0,3142.0,3144.0,931
2025-07-04T12:46:00+05:30,3143.9,3144.0,3141.1,3141.8,705
2025-07-04T12:47:00+05:30,3141.3,3141.9,3141.0,3141.0,1252
2025-07-04T12:48:00+05:30,3141.0,3142.1,3141.0,3142.0,774
2025-07-04T12:49:00+05:30,3142.1,3143.4,3142.0,3142.1,825
2025-07-04T12:50:00+05:30,3142.2,3143.3,3142.2,3142.3,506
2025-07-04T12:51:00+05:30,3142.4,3143.0,3141.1,3141.1,741
2025-07-04T12:52:00+05:30,3141.1,3141.7,3140.2,3140.6,895
2025-07-04T12:53:00+05:30,3140.6,3140.8,3140.2,3140.6,370
2025-07-04T12:54:00+05:30,3140.6,3140.9,3140.2,3140.2,861
2025-07-04T12:55:00+05:30,3140.2,3141.0,3140.2,3140.9,978
2025-07-04T12:56:00+05:30,3140.9,3142.7,3140.8,3141.6,7434
2025-07-04T12:57:00+05:30,3141.5,3142.0,3140.9,3141.2,582
2025-07-04T12:58:00+05:30,3141.9,3141.9,3140.5,3141.0,802
2025-07-04T12:59:00+05:30,3141.0,3141.1,3140.0,3140.0,554
2025-07-04T13:00:00+05:30,3140.5,3140.6,3140.0,3140.3,1973
2025-07-04T13:01:00+05:30,3140.3,3140.6,3140.0,3140.3,694
2025-07-04T13:02:00+05:30,3140.3,3141.9,3140.3,3141.0,1395
2025-07-04T13:03:00+05:30,3141.0,3142.1,3141.0,3141.4,997
2025-07-04T13:04:00+05:30,3141.3,3142.5,3141.0,3141.8,469
2025-07-04T13:05:00+05:30,3141.8,3149.5,3141.8,3149.5,16636
2025-07-04T13:06:00+05:30,3149.9,3155.0,3149.9,3154.3,4509
2025-07-04T13:07:00+05:30,3153.2,3156.0,3149.6,3149.6,14481
2025-07-04T13:08:00+05:30,3151.3,3154.4,3149.0,3149.0,7719
2025-07-04T13:09:00+05:30,3148.3,3149.8,3147.1,3147.8,1355
2025-07-04T13:10:00+05:30,3147.8,3149.1,3146.0,3146.0,694
2025-07-04T13:11:00+05:30,3146.0,3148.0,3145.0,3147.9,1053
2025-07-04T13:12:00+05:30,3147.9,3150.0,3147.9,3149.3,1687
2025-07-04T13:13:00+05:30,3148.7,3150.0,3148.0,3150.0,6042
2025-07-04T13:14:00+05:30,3149.3,3149.7,3147.7,3147.7,801
2025-07-04T13:15:00+05:30,3148.3,3148.3,3147.3,3147.9,614
2025-07-04T13:16:00+05:30,3147.6,3148.8,3147.1,3147.2,1220
2025-07-04T13:17:00+05:30,3147.1,3147.2,3145.0,3145.3,2084
2025-07-04T13:18:00+05:30,3145.4,3148.0,3145.4,3147.4,750
2025-07-04T13:19:00+05:30,3147.4,3147.9,3146.0,3146.0,258
2025-07-04T13:20:00+05:30,3146.0,3147.8,3145.9,3146.8,771
2025-07-04T13:21:00+05:30,3146.8,3147.8,3146.6,3146.7,635
2025-07-04T13:22:00+05:30,3146.7,3148.1,3146.5,3148.0,980
2025-07-04T13:23:00+05:30,3148.0,3148.8,3146.0,3146.8,826
2025-07-04T13:24:00+05:30,3146.0,3147.0,3146.0,3146.1,709
2025-07-04T13:25:00+05:30,3146.1,3146.5,3145.8,3145.9,433
2025-07-04T13:26:00+05:30,3145.9,3146.1,3145.0,3145.5,739
2025-07-04T13:27:00+05:30,3145.5,3146.4,3145.5,3146.2,505
2025-07-04T13:28:00+05:30,3146.2,3146.3,3145.0,3145.4,471
2025-07-04T13:29:00+05:30,3145.4,3146.1,3145.0,3145.0,2207
2025-07-04T13:30:00+05:30,3145.0,3145.5,3143.4,3143.4,4516
2025-07-04T13:31:00+05:30,3143.4,3145.6,3143.0,3144.5,785
2025-07-04T13:32:00+05:30,3144.4,3144.8,3143.0,3144.2,604
2025-07-04T13:33:00+05:30,3144.2,3146.4,3144.2,3145.6,406
2025-07-04T13:34:00+05:30,3145.6,3146.3,3144.2,3146.1,501
2025-07-04T13:35:00+05:30,3146.0,3146.1,3144.7,3145.1,454
2025-07-04T13:36:00+05:30,3145.1,3147.0,3145.1,3146.8,1048
2025-07-04T13:37:00+05:30,3146.7,3147.0,3144.9,3146.6,1014
2025-07-04T13:38:00+05:30,3146.6,3150.0,3146.6,3147.3,7501
2025-07-04T13:39:00+05:30,3147.3,3147.4,3145.8,3145.8,609
2025-07-04T13:40:00+05:30,3145.2,3146.1,3144.7,3145.1,826
2025-07-04T13:41:00+05:30,3145.1,3146.1,3145.1,3145.3,499
2025-07-04T13:42:00+05:30,3145.4,3146.0,3145.2,3145.6,480
2025-07-04T13:43:00+05:30,3145.6,3146.8,3145.6,3145.6,316
2025-07-04T13:44:00+05:30,3145.6,3147.0,3145.6,3145.7,789
2025-07-04T13:45:00+05:30,3145.7,3145.8,3145.7,3145.7,513
2025-07-04T13:46:00+05:30,3145.7,3145.7,3145.0,3145.0,477
2025-07-04T13:47:00+05:30,3145.0,3145.6,3144.9,3145.3,1165
2025-07-04T13:48:00+05:30,3145.3,3145.4,3144.6,3144.9,544
2025-07-04T13:49:00+05:30,3145.0,3145.7,3144.9,3145.1,903
2025-07-04T13:50:00+05:30,3145.2,3145.2,3144.0,3144.1,648
2025-07-04T13:51:00+05:30,3144.0,3145.1,3144.0,3144.2,586
2025-07-04T13:52:00+05:30,3144.3,3145.8,3144.3,3145.5,806
2025-07-04T13:53:00+05:30,3145.5,3146.8,3145.0,3145.0,612
2025-07-04T13:54:00+05:30,3145.0,3146.2,3144.8,3144.8,697
2025-07-04T13:55:00+05:30,3144.8,3149.0,3144.8,3148.9,6914
2025-07-04T13:56:00+05:30,3148.9,3149.8,3148.0,3148.0,718
2025-07-04T13:57:00+05:30,3148.0,3149.0,3148.0,3148.2,1087
2025-07-04T13:58:00+05:30,3148.0,3150.0,3148.0,3149.3,1570
2025-07-04T13:59:00+05:30,3149.3,3150.0,3148.6,3149.8,1298
2025-07-04T14:00:00+05:30,3149.9,3150.4,3149.7,3150.0,2609
2025-07-04T14:01:00+05:30,3149.9,3150.0,3148.5,3148.5,543
2025-07-04T14:02:00+05:30,3148.6,3149.0,3146.3,3146.3,4023
2025-07-04T14:03:00+05:30,3146.3,3148.0,3145.1,3147.7,832
2025-07-04T14:04:00+05:30,3147.6,3150.0,3146.8,3148.7,2395
2025-07-04T14:05:00+05:30,3148.7,3148.9,3146.1,3146.1,4349
2025-07-04T14:06:00+05:30,3146.0,3146.0,3144.5,3144.5,2135
2025-07-04T14:07:00+05:30,3145.0,3145.0,3144.0,3144.0,2815
2025-07-04T14:08:00+05:30,3143.9,3144.0,3143.1,3144.0,891
2025-07-04T14:09:00+05:30,3143.8,3143.8,3143.0,3143.0,532
2025-07-04T14:10:00+05:30,3143.4,3144.0,3143.0,3143.7,678
2025-07-04T14:11:00+05:30,3143.8,3143.8,3142.4,3142.4,1031
2025-07-04T14:12:00+05:30,3142.5,3144.0,3142.0,3143.9,1913
2025-07-04T14:13:00+05:30,3143.9,3144.0,3143.6,3144.0,1384
2025-07-04T14:14:00+05:30,3144.0,3144.5,3143.2,3144.5,5875
2025-07-04T14:15:00+05:30,3144.5,3144.5,3143.9,3144.0,2367
2025-07-04T14:16:00+05:30,3144.0,3144.0,3142.0,3142.0,1044
2025-07-04T14:17:00+05:30,3142.8,3142.9,3142.0,3142.7,907
2025-07-04T14:18:00+05:30,3142.4,3143.7,3142.0,3143.4,1123
2025-07-04T14:19:00+05:30,3143.7,3144.0,3143.0,3143.1,599
2025-07-04T14:20:00+05:30,3143.5,3143.5,3143.1,3143.3,570
2025-07-04T14:21:00+05:30,3143.1,3144.9,3143.1,3143.6,8173
2025-07-04T14:22:00+05:30,3144.0,3144.4,3143.1,3144.4,871
2025-07-04T14:23:00+05:30,3144.4,3144.4,3143.5,3144.4,1610
2025-07-04T14:24:00+05:30,3144.4,3144.7,3144.1,3144.6,4706
2025-07-04T14:25:00+05:30,3144.6,3144.9,3144.4,3144.9,1227
2025-07-04T14:26:00+05:30,3144.8,3144.9,3144.0,3144.0,1243
2025-07-04T14:27:00+05:30,3144.0,3145.5,3143.9,3144.0,7296
2025-07-04T14:28:00+05:30,3144.1,3145.5,3144.1,3145.5,2499
2025-07-04T14:29:00+05:30,3145.5,3146.4,3145.2,3145.4,3556
2025-07-04T14:30:00+05:30,3145.2,3145.4,3144.1,3145.0,1532
2025-07-04T14:31:00+05:30,3145.0,3145.0,3144.0,3144.1,1120
2025-07-04T14:32:00+05:30,3144.2,3146.6,3144.1,3146.6,4463
2025-07-04T14:33:00+05:30,3146.7,3147.7,3145.7,3147.6,2016
2025-07-04T14:34:00+05:30,3147.6,3150.0,3147.5,3149.1,1059
2025-07-04T14:35:00+05:30,3149.1,3154.0,3149.1,3153.0,2620
2025-07-04T14:36:00+05:30,3153.0,3157.0,3152.6,3157.0,6633
2025-07-04T14:37:00+05:30,3157.0,3157.0,3152.5,3154.7,2032
2025-07-04T14:38:00+05:30,3154.7,3155.8,3154.0,3155.5,1009
2025-07-04T14:39:00+05:30,3155.5,3157.0,3155.2,3155.2,1509
2025-07-04T14:40:00+05:30,3156.5,3160.0,3155.3,3156.7,4908
2025-07-04T14:41:00+05:30,3157.8,3157.8,3156.2,3157.2,1230
2025-07-04T14:42:00+05:30,3157.2,3158.5,3155.7,3155.7,3008
2025-07-04T14:43:00+05:30,3157.1,3158.5,3156.2,3158.5,2034
2025-07-04T14:44:00+05:30,3158.5,3159.6,3157.5,3159.1,2295
2025-07-04T14:45:00+05:30,3159.6,3165.0,3159.6,3163.0,10208
2025-07-04T14:46:00+05:30,3163.0,3163.0,3160.5,3161.9,2261
2025-07-04T14:47:00+05:30,3160.5,3162.0,3160.1,3161.5,1794
2025-07-04T14:48:00+05:30,3161.3,3161.5,3157.3,3158.6,5224
2025-07-04T14:49:00+05:30,3158.6,3160.0,3157.8,3160.0,2387
2025-07-04T14:50:00+05:30,3160.0,3160.5,3158.5,3158.9,1313
2025-07-04T14:51:00+05:30,3158.5,3159.5,3158.5,3158.5,869
2025-07-04T14:52:00+05:30,3158.8,3159.0,3158.5,3159.0,987
2025-07-04T14:53:00+05:30,3158.5,3159.8,3158.2,3159.8,1326
2025-07-04T14:54:00+05:30,3159.8,3159.9,3158.2,3159.4,1224
2025-07-04T14:55:00+05:30,3159.2,3159.5,3157.6,3158.2,2080
2025-07-04T14:56:00+05:30,3159.1,3159.3,3157.9,3159.0,1004
2025-07-04T14:57:00+05:30,3159.0,3159.0,3157.9,3159.0,1391
2025-07-04T14:58:00+05:30,3159.0,3159.5,3158.2,3159.1,3027
2025-07-04T14:59:00+05:30,3158.2,3159.4,3158.2,3159.3,1122
2025-07-04T15:00:00+05:30,3159.3,3159.3,3158.0,3158.2,3792
2025-07-04T15:01:00+05:30,3158.2,3158.2,3156.9,3156.9,2477
2025-07-04T15:02:00+05:30,3157.0,3161.7,3157.0,3161.7,8817
2025-07-04T15:03:00+05:30,3161.7,3162.0,3160.0,3161.8,3010
2025-07-04T15:04:00+05:30,3161.8,3161.9,3161.1,3161.8,1914
2025-07-04T15:05:00+05:30,3161.8,3161.8,3161.3,3161.7,2034
2025-07-04T15:06:00+05:30,3161.7,3161.9,3161.3,3161.9,2820
2025-07-04T15:07:00+05:30,3161.9,3161.9,3160.0,3160.0,3791
2025-07-04T15:08:00+05:30,3161.0,3161.9,3160.0,3161.9,5784
2025-07-04T15:09:00+05:30,3161.9,3161.9,3160.5,3160.9,3539
2025-07-04T15:10:00+05:30,3160.9,3161.8,3160.1,3161.6,6035
2025-07-04T15:11:00+05:30,3161.6,3162.0,3161.1,3162.0,4193
2025-07-04T15:12:00+05:30,3162.0,3162.0,3161.6,3162.0,3217
2025-07-04T15:13:00+05:30,3162.0,3165.9,3161.5,3164.3,9427
2025-07-04T15:14:00+05:30,3165.8,3166.8,3162.7,3165.9,9198
2025-07-04T15:15:00+05:30,3165.9,3166.6,3162.8,3165.4,13002
2025-07-04T15:16:00+05:30,3165.4,3165.6,3162.0,3165.4,7715
2025-07-04T15:17:00+05:30,3165.4,3165.6,3163.6,3164.1,4135
2025-07-04T15:18:00+05:30,3164.1,3164.2,3160.0,3160.4,3860
2025-07-04T15:19:00+05:30,3160.4,3165.2,3160.0,3164.7,7262
2025-07-04T15:20:00+05:30,3164.7,3165.2,3164.0,3165.2,8152
2025-07-04T15:21:00+05:30,3165.2,3165.2,3163.3,3163.8,3212
2025-07-04T15:22:00+05:30,3163.8,3163.8,3162.3,3162.6,2930
2025-07-04T15:23:00+05:30,3162.6,3162.6,3161.6,3162.0,3756
2025-07-04T15:24:00+05:30,3162.0,3162.0,3161.6,3161.8,3203
2025-07-04T15:25:00+05:30,3161.7,3161.8,3161.5,3161.6,2693
2025-07-04T15:26:00+05:30,3161.5,3163.8,3161.5,3162.0,7186
2025-07-04T15:27:00+05:30,3162.0,3163.2,3161.9,3163.0,2568
2025-07-04T15:28:00+05:30,3163.0,3163.2,3162.0,3162.9,3082
2025-07-04T15:29:00+05:30,3162.0,3165.4,3162.0,3162.0,3096
2025-07-07T09:15:00+05:30,3162.5,3170.8,3159.3,3161.1,10580
2025-07-07T09:16:00+05:30,3159.0,3160.2,3152.1,3155.0,4295
2025-07-07T09:17:00+05:30,3153.2,3158.2,3153.2,3158.2,3393
2025-07-07T09:18:00+05:30,3156.5,3156.5,3154.0,3155.3,2268
2025-07-07T09:19:00+05:30,3155.6,3164.4,3155.2,3164.4,3956
2025-07-07T09:20:00+05:30,3164.2,3167.0,3164.2,3164.8,3679
2025-07-07T09:21:00+05:30,3162.1,3164.8,3160.1,3164.8,4903
2025-07-07T09:22:00+05:30,3163.8,3166.2,3161.9,3164.6,2139
2025-07-07T09:23:00+05:30,3164.0,3164.0,3162.0,3164.0,2073
2025-07-07T09:24:00+05:30,3162.3,3165.0,3162.3,3162.3,1513
2025-07-07T09:25:00+05:30,3162.7,3164.4,3162.5,3163.5,2059
2025-07-07T09:26:00+05:30,3164.1,3167.0,3162.7,3167.0,2175
2025-07-07T09:27:00+05:30,3166.3,3169.6,3162.8,3162.8,4162
2025-07-07T09:28:00+05:30,3161.7,3161.7,3158.5,3158.5,4632
2025-07-07T09:29:00+05:30,3158.3,3158.3,3156.5,3156.5,6068
2025-07-07T09:30:00+05:30,3156.8,3159.9,3156.4,3159.6,3390
2025-07-07T09:31:00+05:30,3157.5,3157.9,3156.9,3157.3,2693
2025-07-07T09:32:00+05:30,3156.9,3160.5,3156.9,3159.8,1223
2025-07-07T09:33:00+05:30,3161.1,3162.0,3159.1,3161.3,588
2025-07-07T09:34:00+05:30,3162.0,3164.0,3161.6,3164.0,680
2025-07-07T09:35:00+05:30,3162.9,3163.3,3162.2,3162.7,957
2025-07-07T09:36:00+05:30,3162.0,3163.0,3160.7,3163.0,1953
2025-07-07T09:37:00+05:30,3164.0,3165.5,3164.0,3164.0,715
2025-07-07T09:38:00+05:30,3164.8,3165.2,3163.9,3165.2,4686
2025-07-07T09:39:00+05:30,3164.0,3165.0,3163.3,3164.8,318
2025-07-07T09:40:00+05:30,3163.6,3163.6,3160.9,3160.9,1349
2025-07-07T09:41:00+05:30,3160.9,3161.0,3156.6,3157.9,3721
2025-07-07T09:42:00+05:30,3159.0,3159.2,3156.1,3156.1,1396
2025-07-07T09:43:00+05:30,3155.4,3155.4,3153.6,3153.7,2735
2025-07-07T09:44:00+05:30,3154.8,3160.0,3154.8,3160.0,1405
2025-07-07T09:45:00+05:30,3159.1,3160.3,3157.1,3160.3,1225
2025-07-07T09:46:00+05:30,3159.8,3159.8,3158.0,3158.2,1306
2025-07-07T09:47:00+05:30,3159.2,3159.8,3157.1,3159.2,799
2025-07-07T09:48:00+05:30,3159.0,3159.7,3157.5,3159.2,878
2025-07-07T09:49:00+05:30,3159.5,3159.5,3157.6,3157.6,894
2025-07-07T09:50:00+05:30,3157.6,3159.0,3157.6,3159.0,2150
2025-07-07T09:51:00+05:30,3158.8,3159.0,3158.0,3158.9,898
2025-07-07T09:52:00+05:30,3158.9,3158.9,3158.0,3158.4,705
2025-07-07T09:53:00+05:30,3158.0,3161.0,3158.0,3161.0,4301
2025-07-07T09:54:00+05:30,3161.1,3163.0,3161.1,3163.0,532
2025-07-07T09:55:00+05:30,3161.9,3163.9,3161.9,3163.8,1251
2025-07-07T09:56:00+05:30,3164.0,3164.5,3164.0,3164.0,913
2025-07-07T09:57:00+05:30,3164.8,3165.0,3163.8,3165.0,3910
2025-07-07T09:58:00+05:30,3164.2,3165.2,3163.4,3163.4,2457
2025-07-07T09:59:00+05:30,3164.3,3167.3,3164.3,3165.0,2473
2025-07-07T10:00:00+05:30,3164.8,3165.6,3164.3,3165.5,632
2025-07-07T10:01:00+05:30,3166.0,3166.0,3164.0,3164.8,839
2025-07-07T10:02:00+05:30,3164.4,3164.8,3164.0,3164.0,360
2025-07-07T10:03:00+05:30,3164.8,3165.9,3164.4,3165.9,353
2025-07-07T10:04:00+05:30,3165.6,3165.6,3163.5,3165.1,985
2025-07-07T10:05:00+05:30,3165.0,3165.3,3164.1,3164.6,563
2025-07-07T10:06:00+05:30,3164.9,3165.0,3161.1,3161.1,906
2025-07-07T10:07:00+05:30,3160.8,3162.2,3160.0,3160.9,2000
2025-07-07T10:08:00+05:30,3161.8,3162.3,3160.0,3160.5,1120
2025-07-07T10:09:00+05:30,3160.0,3161.0,3160.0,3160.0,1076
2025-07-07T10:10:00+05:30,3160.5,3161.1,3160.0,3161.1,2770
2025-07-07T10:11:00+05:30,3160.2,3162.0,3160.0,3162.0,1343
2025-07-07T10:12:00+05:30,3163.0,3163.6,3161.0,3161.0,265
2025-07-07T10:13:00+05:30,3162.5,3164.8,3161.3,3164.8,524
2025-07-07T10:14:00+05:30,3165.0,3165.0,3163.3,3163.3,1985
2025-07-07T10:15:00+05:30,3163.3,3164.4,3161.0,3162.0,1242
2025-07-07T10:16:00+05:30,3162.0,3162.5,3161.1,3162.4,409
2025-07-07T10:17:00+05:30,3162.4,3162.4,3160.0,3160.7,398
2025-07-07T10:18:00+05:30,3160.3,3162.0,3160.3,3161.6,340
2025-07-07T10:19:00+05:30,3161.6,3161.6,3160.3,3161.0,357
2025-07-07T10:20:00+05:30,3161.0,3163.0,3160.3,3162.8,811
2025-07-07T10:21:00+05:30,3163.0,3163.5,3162.3,3162.9,841
2025-07-07T10:22:00+05:30,3162.9,3163.5,3161.9,3163.2,447
2025-07-07T10:23:00+05:30,3163.9,3165.5,3163.8,3165.0,1617
2025-07-07T10:24:00+05:30,3165.2,3165.5,3162.9,3163.0,738
2025-07-07T10:25:00+05:30,3164.4,3164.5,3163.2,3163.3,234
2025-07-07T10:26:00+05:30,3163.9,3163.9,3161.0,3161.0,545
2025-07-07T10:27:00+05:30,3162.2,3162.6,3161.0,3162.2,758
2025-07-07T10:28:00+05:30,3163.5,3163.5,3162.0,3162.2,363
2025-07-07T10:29:00+05:30,3162.1,3162.4,3161.7,3162.3,1035
2025-07-07T10:30:00+05:30,3162.5,3162.7,3161.0,3161.0,436
2025-07-07T10:31:00+05:30,3161.4,3162.5,3161.1,3161.9,819
2025-07-07T10:32:00+05:30,3161.9,3163.0,3161.5,3163.0,424
2025-07-07T10:33:00+05:30,3163.0,3164.5,3163.0,3163.8,2821
2025-07-07T10:34:00+05:30,3164.5,3164.5,3163.4,3163.4,1665
2025-07-07T10:35:00+05:30,3163.4,3164.0,3162.4,3162.8,97
2025-07-07T10:36:00+05:30,3162.9,3166.1,3162.4,3165.6,5669
2025-07-07T10:37:00+05:30,3165.6,3166.0,3165.2,3165.5,410
2025-07-07T10:38:00+05:30,3165.7,3167.0,3165.7,3166.3,2484
2025-07-07T10:39:00+05:30,3166.3,3166.3,3165.0,3165.0,724
2025-07-07T10:40:00+05:30,3165.0,3166.7,3165.0,3165.2,583
2025-07-07T10:41:00+05:30,3165.6,3166.5,3165.3,3165.3,256
2025-07-07T10:42:00+05:30,3166.2,3168.9,3165.6,3168.9,2238
2025-07-07T10:43:00+05:30,3168.9,3168.9,3167.3,3168.5,1032
2025-07-07T10:44:00+05:30,3168.6,3168.6,3166.6,3167.0,363
2025-07-07T10:45:00+05:30,3167.0,3168.9,3166.6,3168.9,1192
2025-07-07T10:46:00+05:30,3168.9,3168.9,3167.8,3168.4,769
2025-07-07T10:47:00+05:30,3168.5,3168.9,3167.2,3168.0,2321
2025-07-07T10:48:00+05:30,3167.8,3168.4,3166.6,3168.4,452
2025-07-07T10:49:00+05:30,3168.4,3168.8,3167.1,3167.8,3236
2025-07-07T10:50:00+05:30,3168.8,3172.9,3167.8,3172.3,6387
2025-07-07T10:51:00+05:30,3172.4,3173.0,3170.2,3172.0,1617
2025-07-07T10:52:00+05:30,3172.3,3172.3,3170.0,3170.3,1266
2025-07-07T10:53:00+05:30,3170.0,3170.4,3168.8,3168.8,629
2025-07-07T10:54:00+05:30,3169.4,3169.4,3168.0,3168.3,433
2025-07-07T10:55:00+05:30,3168.0,3168.0,3166.6,3166.6,818
2025-07-07T10:56:00+05:30,3166.5,3167.0,3166.0,3166.2,325
2025-07-07T10:57:00+05:30,3166.1,3166.1,3165.0,3165.1,18143
2025-07-07T10:58:00+05:30,3165.0,3167.8,3165.0,3166.2,803
2025-07-07T10:59:00+05:30,3166.7,3166.7,3165.3,3165.3,286
2025-07-07T11:00:00+05:30,3165.8,3167.0,3165.3,3165.6,1189
2025-07-07T11:01:00+05:30,3166.4,3166.7,3165.3,3166.2,368
2025-07-07T11:02:00+05:30,3166.1,3166.9,3165.8,3165.9,227
2025-07-07T11:03:00+05:30,3166.0,3166.1,3165.3,3166.1,289
2025-07-07T11:04:00+05:30,3166.2,3166.6,3166.0,3166.0,346
2025-07-07T11:05:00+05:30,3166.0,3166.6,3166.0,3166.6,810
2025-07-07T11:06:00+05:30,3166.7,3168.6,3166.6,3167.5,1030
2025-07-07T11:07:00+05:30,3167.5,3168.5,3166.7,3167.0,160
2025-07-07T11:08:00+05:30,3166.7,3167.3,3166.1,3166.6,495
2025-07-07T11:09:00+05:30,3167.3,3167.3,3166.4,3167.3,288
2025-07-07T11:10:00+05:30,3167.4,3167.8,3166.6,3167.4,163
2025-07-07T11:11:00+05:30,3166.6,3167.0,3166.6,3166.6,534
2025-07-07T11:12:00+05:30,3166.8,3167.7,3166.6,3167.4,188
2025-07-07T11:13:00+05:30,3167.7,3167.7,3166.9,3167.1,466
2025-07-07T11:14:00+05:30,3166.9,3167.7,3166.8,3167.7,508
2025-07-07T11:15:00+05:30,3167.1,3167.1,3166.9,3166.9,618
2025-07-07T11:16:00+05:30,3166.8,3167.5,3166.8,3167.2,374
2025-07-07T11:17:00+05:30,3167.5,3168.0,3167.0,3167.0,388
2025-07-07T11:18:00+05:30,3167.4,3167.4,3167.0,3167.2,215
2025-07-07T11:19:00+05:30,3167.4,3167.4,3167.2,3167.2,389
2025-07-07T11:20:00+05:30,3167.3,3167.3,3167.0,3167.0,494
2025-07-07T11:21:00+05:30,3167.0,3167.3,3167.0,3167.0,223
2025-07-07T11:22:00+05:30,3167.0,3167.1,3167.0,3167.0,1064
2025-07-07T11:23:00+05:30,3167.0,3167.2,3167.0,3167.0,1330
2025-07-07T11:24:00+05:30,3167.0,3167.2,3167.0,3167.1,610
2025-07-07T11:25:00+05:30,3167.0,3167.2,3167.0,3167.1,292
2025-07-07T11:26:00+05:30,3167.1,3167.2,3167.0,3167.1,945
2025-07-07T11:27:00+05:30,3167.0,3167.1,3167.0,3167.0,893
2025-07-07T11:28:00+05:30,3167.0,3167.0,3165.2,3165.2,5720
2025-07-07T11:29:00+05:30,3166.4,3167.1,3165.0,3167.0,8282
2025-07-07T11:30:00+05:30,3167.0,3167.3,3167.0,3167.3,817
2025-07-07T11:31:00+05:30,3167.3,3167.3,3167.0,3167.0,1065
2025-07-07T11:32:00+05:30,3167.3,3167.8,3167.0,3167.0,475
2025-07-07T11:33:00+05:30,3167.8,3167.9,3167.0,3167.0,249
2025-07-07T11:34:00+05:30,3167.0,3167.1,3167.0,3167.1,206
2025-07-07T11:35:00+05:30,3167.0,3167.1,3166.1,3167.0,1219
2025-07-07T11:36:00+05:30,3167.0,3167.2,3165.5,3167.0,3534
2025-07-07T11:37:00+05:30,3167.0,3168.1,3166.1,3168.1,5240
2025-07-07T11:38:00+05:30,3167.5,3168.4,3167.5,3167.5,294
2025-07-07T11:39:00+05:30,3167.5,3169.0,3167.5,3168.7,388
2025-07-07T11:40:00+05:30,3169.2,3170.0,3169.2,3169.8,3261
2025-07-07T11:41:00+05:30,3169.5,3170.6,3169.5,3169.8,1603
2025-07-07T11:42:00+05:30,3169.8,3169.9,3169.4,3169.4,347
2025-07-07T11:43:00+05:30,3169.4,3169.4,3165.0,3165.0,29185
2025-07-07T11:44:00+05:30,3166.2,3167.0,3165.2,3165.5,8637
2025-07-07T11:45:00+05:30,3165.6,3167.0,3165.0,3165.0,13019
2025-07-07T11:46:00+05:30,3165.3,3166.4,3165.0,3165.4,9955
2025-07-07T11:47:00+05:30,3165.3,3165.4,3165.0,3165.0,8225
2025-07-07T11:48:00+05:30,3165.3,3167.4,3165.3,3167.0,5153
2025-07-07T11:49:00+05:30,3167.1,3167.4,3164.0,3165.4,23551
2025-07-07T11:50:00+05:30,3165.5,3165.5,3160.0,3162.9,10620
2025-07-07T11:51:00+05:30,3162.9,3162.9,3162.4,3162.8,633
2025-07-07T11:52:00+05:30,3162.8,3162.8,3162.0,3162.5,320
2025-07-07T11:53:00+05:30,3162.8,3162.9,3161.6,3162.9,5052
2025-07-07T11:54:00+05:30,3163.0,3163.9,3161.1,3163.9,18496
2025-07-07T11:55:00+05:30,3164.3,3164.3,3162.1,3162.8,487
2025-07-07T11:56:00+05:30,3162.9,3163.5,3162.1,3163.5,1140
2025-07-07T11:57:00+05:30,3163.5,3166.0,3163.5,3166.0,2509
2025-07-07T11:58:00+05:30,3166.0,3167.4,3164.8,3167.0,5640
2025-07-07T11:59:00+05:30,3167.0,3167.2,3166.7,3166.7,265
2025-07-07T12:00:00+05:30,3166.8,3166.8,3165.7,3166.6,395
2025-07-07T12:01:00+05:30,3166.7,3166.7,3165.7,3166.0,193
2025-07-07T12:02:00+05:30,3166.0,3166.0,3164.5,3165.4,544
2025-07-07T12:03:00+05:30,3166.0,3166.0,3165.6,3165.8,95
2025-07-07T12:04:00+05:30,3165.8,3165.8,3164.6,3164.9,3178
2025-07-07T12:05:00+05:30,3164.5,3164.5,3162.0,3162.4,3397
2025-07-07T12:06:00+05:30,3164.0,3164.0,3162.0,3163.0,3620
2025-07-07T12:07:00+05:30,3163.0,3163.0,3162.0,3162.0,6991
2025-07-07T12:08:00+05:30,3162.0,3166.6,3162.0,3165.2,9510
2025-07-07T12:09:00+05:30,3165.9,3167.5,3165.1,3166.9,1183
2025-07-07T12:10:00+05:30,3166.2,3166.9,3165.3,3166.9,418
2025-07-07T12:11:00+05:30,3165.7,3167.3,3165.7,3167.3,753
2025-07-07T12:12:00+05:30,3167.5,3167.5,3167.0,3167.5,702
2025-07-07T12:13:00+05:30,3167.0,3168.8,3166.5,3168.8,1645
2025-07-07T12:14:00+05:30,3168.8,3169.4,3167.8,3169.4,799
2025-07-07T12:15:00+05:30,3169.0,3169.3,3167.9,3168.0,437
2025-07-07T12:16:00+05:30,3170.0,3170.0,3167.9,3168.8,7605
2025-07-07T12:17:00+05:30,3168.8,3168.8,3167.2,3167.2,683
2025-07-07T12:18:00+05:30,3167.0,3168.7,3166.3,3166.3,1982
2025-07-07T12:19:00+05:30,3166.6,3166.6,3165.0,3165.8,174
2025-07-07T12:20:00+05:30,3165.8,3166.8,3165.6,3166.8,378
2025-07-07T12:21:00+05:30,3166.4,3166.4,3165.3,3166.3,383
2025-07-07T12:22:00+05:30,3167.2,3167.2,3166.7,3166.7,180
2025-07-07T12:23:00+05:30,3167.8,3167.8,3167.1,3167.1,279
2025-07-07T12:24:00+05:30,3167.3,3167.6,3166.5,3167.6,760
2025-07-07T12:25:00+05:30,3167.8,3170.0,3167.8,3169.9,1112
2025-07-07T12:26:00+05:30,3169.5,3170.0,3169.5,3169.5,640
2025-07-07T12:27:00+05:30,3169.9,3171.6,3169.9,3171.0,2835
2025-07-07T12:28:00+05:30,3172.0,3172.0,3171.2,3171.8,1495
2025-07-07T12:29:00+05:30,3171.9,3172.0,3171.7,3171.8,988
2025-07-07T12:30:00+05:30,3171.8,3172.0,3171.3,3171.9,410
2025-07-07T12:31:00+05:30,3171.9,3172.0,3170.6,3170.9,207
2025-07-07T12:32:00+05:30,3170.9,3170.9,3170.3,3170.3,261
2025-07-07T12:33:00+05:30,3170.3,3170.3,3169.2,3170.0,559
2025-07-07T12:34:00+05:30,3170.0,3170.5,3169.5,3170.5,294
2025-07-07T12:35:00+05:30,3170.5,3171.0,3170.2,3170.5,541
2025-07-07T12:36:00+05:30,3170.2,3170.2,3169.8,3169.8,642
2025-07-07T12:37:00+05:30,3169.8,3170.1,3169.5,3169.9,673
2025-07-07T12:38:00+05:30,3170.0,3170.0,3168.7,3170.0,314
2025-07-07T12:39:00+05:30,3170.0,3170.0,3169.1,3170.0,156
2025-07-07T12:40:00+05:30,3169.9,3169.9,3169.5,3169.8,177
2025-07-07T12:41:00+05:30,3169.7,3170.1,3169.7,3170.1,841
2025-07-07T12:42:00+05:30,3170.1,3170.1,3168.0,3168.3,1420
2025-07-07T12:43:00+05:30,3168.3,3169.3,3168.0,3168.2,1731
2025-07-07T12:44:00+05:30,3168.3,3168.4,3168.0,3168.3,340
2025-07-07T12:45:00+05:30,3168.3,3168.7,3168.0,3168.3,313
2025-07-07T12:46:00+05:30,3168.0,3168.4,3168.0,3168.3,246
2025-07-07T12:47:00+05:30,3168.3,3168.3,3168.1,3168.3,475
2025-07-07T12:48:00+05:30,3168.1,3168.3,3167.8,3168.2,1765
2025-07-07T12:49:00+05:30,3168.3,3168.3,3167.1,3168.3,7075
2025-07-07T12:50:00+05:30,3168.3,3168.3,3166.0,3166.5,8965
2025-07-07T12:51:00+05:30,3166.5,3167.3,3166.0,3166.9,406
2025-07-07T12:52:00+05:30,3167.0,3167.0,3166.3,3166.3,458
2025-07-07T12:53:00+05:30,3166.3,3166.3,3166.3,3166.3,519
2025-07-07T12:54:00+05:30,3166.3,3166.3,3166.3,3166.3,194
2025-07-07T12:55:00+05:30,3166.3,3166.3,3166.0,3166.2,349
2025-07-07T12:56:00+05:30,3166.2,3166.3,3166.0,3166.3,686
2025-07-07T12:57:00+05:30,3166.3,3166.3,3166.1,3166.3,351
2025-07-07T12:58:00+05:30,3166.3,3166.3,3164.0,3165.0,6838
2025-07-07T12:59:00+05:30,3164.8,3165.1,3163.2,3165.1,10448
2025-07-07T13:00:00+05:30,3165.1,3165.2,3163.3,3164.6,2730
2025-07-07T13:01:00+05:30,3164.6,3164.6,3164.0,3164.3,733
2025-07-07T13:02:00+05:30,3164.3,3166.0,3164.3,3166.0,979
2025-07-07T13:03:00+05:30,3166.0,3166.2,3164.0,3165.9,1718
2025-07-07T13:04:00+05:30,3165.7,3166.1,3164.3,3165.0,1476
2025-07-07T13:05:00+05:30,3165.0,3165.2,3164.2,3164.5,504
2025-07-07T13:06:00+05:30,3164.5,3165.1,3164.0,3165.1,1526
2025-07-07T13:07:00+05:30,3165.1,3165.1,3165.0,3165.0,352
2025-07-07T13:08:00+05:30,3165.0,3165.0,3164.9,3165.0,875
2025-07-07T13:09:00+05:30,3165.0,3165.0,3164.0,3164.0,378
2025-07-07T13:10:00+05:30,3164.1,3164.6,3163.8,3164.6,671
2025-07-07T13:11:00+05:30,3165.0,3165.0,3164.0,3165.0,5369
2025-07-07T13:12:00+05:30,3165.0,3165.4,3164.0,3165.0,1013
2025-07-07T13:13:00+05:30,3164.5,3165.5,3164.5,3165.4,519
2025-07-07T13:14:00+05:30,3165.4,3166.4,3164.5,3165.0,768
2025-07-07T13:15:00+05:30,3164.7,3164.9,3164.6,3164.9,206
2025-07-07T13:16:00+05:30,3164.8,3166.6,3164.8,3166.6,939
2025-07-07T13:17:00+05:30,3166.6,3168.1,3166.4,3167.4,756
2025-07-07T13:18:00+05:30,3167.4,3169.0,3167.0,3169.0,612
2025-07-07T13:19:00+05:30,3169.0,3170.4,3168.9,3169.6,1071
2025-07-07T13:20:00+05:30,3169.6,3169.9,3169.0,3169.5,1031
2025-07-07T13:21:00+05:30,3169.5,3170.0,3169.5,3170.0,2094
2025-07-07T13:22:00+05:30,3170.0,3170.5,3169.2,3170.5,1323
2025-07-07T13:23:00+05:30,3170.9,3171.0,3170.0,3170.0,916
2025-07-07T13:24:00+05:30,3170.5,3171.0,3170.1,3171.0,490
2025-07-07T13:25:00+05:30,3171.0,3171.0,3169.2,3169.9,5988
2025-07-07T13:26:00+05:30,3169.1,3170.0,3169.0,3169.5,568
2025-07-07T13:27:00+05:30,3170.0,3170.0,3169.0,3170.0,353
2025-07-07T13:28:00+05:30,3170.0,3170.0,3169.0,3169.7,1148
2025-07-07T13:29:00+05:30,3170.0,3170.0,3169.0,3169.1,449
2025-07-07T13:30:00+05:30,3169.1,3169.1,3169.0,3169.0,690
2025-07-07T13:31:00+05:30,3169.0,3169.1,3169.0,3169.1,2142
2025-07-07T13:32:00+05:30,3169.1,3169.1,3169.0,3169.0,2469
2025-07-07T13:33:00+05:30,3168.9,3168.9,3168.2,3168.3,345
2025-07-07T13:34:00+05:30,3168.3,3169.0,3168.2,3169.0,432
2025-07-07T13:35:00+05:30,3169.0,3169.0,3168.0,3169.0,2140
2025-07-07T13:36:00+05:30,3169.0,3169.0,3168.0,3169.0,1302
2025-07-07T13:37:00+05:30,3169.0,3169.0,3168.9,3169.0,1076
2025-07-07T13:38:00+05:30,3169.0,3169.0,3168.0,3168.9,494
2025-07-07T13:39:00+05:30,3168.0,3169.0,3168.0,3168.1,517
2025-07-07T13:40:00+05:30,3169.0,3169.0,3168.0,3169.0,445
2025-07-07T13:41:00+05:30,3168.0,3169.0,3168.0,3169.0,554
2025-07-07T13:42:00+05:30,3168.5,3169.0,3168.1,3168.7,1394
2025-07-07T13:43:00+05:30,3168.9,3168.9,3168.0,3168.9,839
2025-07-07T13:44:00+05:30,3168.5,3169.0,3168.2,3168.2,674
2025-07-07T13:45:00+05:30,3169.0,3169.0,3168.0,3169.0,1028
2025-07-07T13:46:00+05:30,3168.5,3169.0,3168.0,3168.5,576
2025-07-07T13:47:00+05:30,3168.5,3169.0,3168.5,3169.0,605
2025-07-07T13:48:00+05:30,3168.6,3169.0,3168.6,3168.6,2600
2025-07-07T13:49:00+05:30,3168.2,3169.0,3168.1,3168.5,520
2025-07-07T13:50:00+05:30,3168.9,3169.0,3168.0,3169.0,1066
2025-07-07T13:51:00+05:30,3169.0,3169.0,3168.3,3168.3,633
2025-07-07T13:52:00+05:30,3168.5,3168.7,3168.0,3168.1,7202
2025-07-07T13:53:00+05:30,3168.3,3168.5,3168.0,3168.1,1318
2025-07-07T13:54:00+05:30,3168.5,3168.5,3168.0,3168.4,1464
2025-07-07T13:55:00+05:30,3168.4,3169.0,3168.0,3168.9,953
2025-07-07T13:56:00+05:30,3168.7,3169.0,3168.6,3169.0,1188
2025-07-07T13:57:00+05:30,3169.0,3169.0,3168.0,3168.0,2583
2025-07-07T13:58:00+05:30,3168.4,3169.0,3168.0,3168.3,1222
2025-07-07T13:59:00+05:30,3168.3,3169.0,3167.8,3168.3,714
2025-07-07T14:00:00+05:30,3168.3,3168.6,3168.0,3168.0,1758
2025-07-07T14:01:00+05:30,3168.6,3169.0,3166.9,3166.9,1765
2025-07-07T14:02:00+05:30,3166.9,3166.9,3163.0,3165.0,3085
2025-07-07T14:03:00+05:30,3164.9,3165.2,3163.3,3164.1,599
2025-07-07T14:04:00+05:30,3164.4,3164.7,3164.0,3164.4,720
2025-07-07T14:05:00+05:30,3164.4,3167.7,3164.0,3166.5,1965
2025-07-07T14:06:00+05:30,3166.0,3166.9,3166.0,3166.5,1559
2025-07-07T14:07:00+05:30,3166.0,3166.5,3166.0,3166.2,2224
2025-07-07T14:08:00+05:30,3165.2,3165.8,3164.0,3165.0,495
2025-07-07T14:09:00+05:30,3164.0,3164.4,3163.9,3163.9,793
2025-07-07T14:10:00+05:30,3163.9,3164.0,3162.8,3162.8,783
2025-07-07T14:11:00+05:30,3162.5,3163.8,3162.0,3163.7,1199
2025-07-07T14:12:00+05:30,3163.6,3166.9,3162.7,3164.4,3182
2025-07-07T14:13:00+05:30,3164.4,3166.6,3164.2,3165.4,1719
2025-07-07T14:14:00+05:30,3165.1,3166.5,3165.0,3165.0,1415
2025-07-07T14:15:00+05:30,3165.4,3165.8,3165.1,3165.8,612
2025-07-07T14:16:00+05:30,3165.6,3167.6,3165.0,3165.4,1602
2025-07-07T14:17:00+05:30,3165.1,3167.9,3165.0,3166.6,957
2025-07-07T14:18:00+05:30,3165.5,3167.0,3165.3,3167.0,1401
2025-07-07T14:19:00+05:30,3167.0,3167.7,3166.4,3166.9,844
2025-07-07T14:20:00+05:30,3166.9,3167.2,3165.6,3167.0,801
2025-07-07T14:21:00+05:30,3167.1,3167.8,3166.7,3167.8,1188
2025-07-07T14:22:00+05:30,3166.7,3167.9,3166.0,3167.3,1379
2025-07-07T14:23:00+05:30,3167.3,3167.8,3166.6,3167.7,796
2025-07-07T14:24:00+05:30,3167.8,3167.8,3166.0,3166.2,914
2025-07-07T14:25:00+05:30,3167.4,3168.0,3166.0,3167.4,3877
2025-07-07T14:26:00+05:30,3167.9,3167.9,3166.0,3167.3,1145
2025-07-07T14:27:00+05:30,3166.9,3167.5,3166.0,3166.4,661
2025-07-07T14:28:00+05:30,3167.0,3167.4,3166.3,3167.4,708
2025-07-07T14:29:00+05:30,3166.3,3166.9,3165.3,3166.2,1781
2025-07-07T14:30:00+05:30,3165.0,3166.7,3164.0,3164.3,1431
2025-07-07T14:31:00+05:30,3163.5,3163.5,3160.1,3160.1,9990
2025-07-07T14:32:00+05:30,3160.5,3164.2,3160.5,3162.8,3065
2025-07-07T14:33:00+05:30,3162.8,3163.3,3160.6,3161.0,1680
2025-07-07T14:34:00+05:30,3162.2,3163.3,3160.8,3162.2,1398
2025-07-07T14:35:00+05:30,3162.2,3163.4,3162.0,3162.7,1189
2025-07-07T14:36:00+05:30,3162.7,3163.0,3161.8,3162.5,1352
2025-07-07T14:37:00+05:30,3162.8,3163.5,3162.2,3162.7,788
2025-07-07T14:38:00+05:30,3162.0,3163.5,3162.0,3163.5,1100
2025-07-07T14:39:00+05:30,3162.9,3164.0,3162.2,3162.3,1255
2025-07-07T14:40:00+05:30,3162.3,3163.4,3162.0,3162.7,1177
2025-07-07T14:41:00+05:30,3162.7,3164.0,3162.0,3163.4,1036
2025-07-07T14:42:00+05:30,3162.6,3163.8,3162.0,3163.5,2142
2025-07-07T14:43:00+05:30,3163.8,3163.9,3163.0,3163.0,3263
2025-07-07T14:44:00+05:30,3163.1,3163.9,3163.0,3163.3,1430
2025-07-07T14:45:00+05:30,3163.0,3163.6,3163.0,3163.1,2127
2025-07-07T14:46:00+05:30,3163.1,3163.4,3160.2,3160.2,22055
2025-07-07T14:47:00+05:30,3160.4,3160.5,3160.0,3160.0,2255
2025-07-07T14:48:00+05:30,3159.4,3159.4,3156.5,3156.5,4059
2025-07-07T14:49:00+05:30,3156.1,3157.8,3155.5,3156.5,3918
2025-07-07T14:50:00+05:30,3157.1,3158.7,3156.2,3157.8,2301
2025-07-07T14:51:00+05:30,3158.5,3159.8,3156.9,3159.8,2052
2025-07-07T14:52:00+05:30,3159.9,3160.0,3159.0,3159.1,1563
2025-07-07T14:53:00+05:30,3159.1,3159.7,3159.0,3159.0,912
2025-07-07T14:54:00+05:30,3159.0,3160.0,3159.0,3159.2,1526
2025-07-07T14:55:00+05:30,3159.1,3159.6,3159.0,3159.0,2269
2025-07-07T14:56:00+05:30,3159.0,3160.2,3159.0,3159.7,2886
2025-07-07T14:57:00+05:30,3159.9,3159.9,3159.0,3159.0,827
2025-07-07T14:58:00+05:30,3159.8,3160.0,3159.0,3159.1,1149
2025-07-07T14:59:00+05:30,3159.1,3160.0,3159.1,3159.4,1577
2025-07-07T15:00:00+05:30,3160.0,3163.9,3160.0,3161.3,6581
2025-07-07T15:01:00+05:30,3161.4,3162.2,3160.6,3161.3,4169
2025-07-07T15:02:00+05:30,3161.6,3161.8,3160.7,3160.7,3531
2025-07-07T15:03:00+05:30,3160.4,3160.4,3157.4,3157.4,4049
2025-07-07T15:04:00+05:30,3157.9,3157.9,3155.7,3155.7,5419
2025-07-07T15:05:00+05:30,3155.7,3161.2,3155.6,3160.0,23150
2025-07-07T15:06:00+05:30,3160.0,3160.4,3160.0,3160.0,4106
2025-07-07T15:07:00+05:30,3160.0,3160.2,3160.0,3160.1,4715
2025-07-07T15:08:00+05:30,3160.0,3160.2,3160.0,3160.0,4208
2025-07-07T15:09:00+05:30,3160.1,3160.2,3160.0,3160.1,5197
2025-07-07T15:10:00+05:30,3160.9,3160.9,3160.3,3160.7,7376
2025-07-07T15:11:00+05:30,3160.8,3160.9,3160.6,3160.8,3369
2025-07-07T15:12:00+05:30,3160.7,3161.9,3160.7,3161.6,5245
2025-07-07T15:13:00+05:30,3161.5,3161.6,3159.5,3159.8,8145
2025-07-07T15:14:00+05:30,3159.9,3160.8,3158.5,3158.7,4919
2025-07-07T15:15:00+05:30,3158.7,3160.8,3158.7,3160.0,6533
2025-07-07T15:16:00+05:30,3160.7,3160.9,3159.5,3159.6,4066
2025-07-07T15:17:00+05:30,3159.7,3159.7,3159.4,3159.5,4106
2025-07-07T15:18:00+05:30,3159.0,3159.7,3158.4,3159.6,5386
2025-07-07T15:19:00+05:30,3159.5,3159.9,3157.0,3157.4,4916
2025-07-07T15:20:00+05:30,3157.4,3158.9,3156.6,3158.7,5397
2025-07-07T15:21:00+05:30,3158.7,3159.6,3158.7,3159.5,2529
2025-07-07T15:22:00+05:30,3159.5,3161.6,3159.2,3161.6,3529
2025-07-07T15:23:00+05:30,3161.3,3162.0,3158.9,3159.9,5402
2025-07-07T15:24:00+05:30,3159.9,3160.0,3158.5,3159.0,5076
2025-07-07T15:25:00+05:30,3159.9,3165.2,3159.4,3165.2,7153
2025-07-07T15:26:00+05:30,3164.6,3165.2,3162.5,3163.4,4335
2025-07-07T15:27:00+05:30,3164.6,3165.3,3163.0,3163.1,3645
2025-07-07T15:28:00+05:30,3164.0,3164.0,3160.0,3160.0,2768
2025-07-07T15:29:00+05:30,3160.0,3163.2,3158.0,3158.0,786
2025-07-08T09:15:00+05:30,3150.1,3168.0,3150.1,3164.0,24479
2025-07-08T09:16:00+05:30,3163.1,3163.3,3158.0,3162.6,13162
2025-07-08T09:17:00+05:30,3162.0,3165.2,3157.3,3157.7,21848
2025-07-08T09:18:00+05:30,3158.0,3158.5,3149.0,3150.3,15544
2025-07-08T09:19:00+05:30,3149.9,3151.5,3148.6,3149.5,22099
2025-07-08T09:20:00+05:30,3149.5,3149.8,3146.9,3149.4,6082
2025-07-08T09:21:00+05:30,3149.4,3150.4,3143.8,3149.6,14403
2025-07-08T09:22:00+05:30,3149.6,3151.7,3145.7,3148.4,17508
2025-07-08T09:23:00+05:30,3148.4,3148.5,3145.0,3146.0,4458
2025-07-08T09:24:00+05:30,3145.4,3146.0,3143.2,3144.3,8195
2025-07-08T09:25:00+05:30,3144.3,3145.1,3144.0,3145.0,4771
2025-07-08T09:26:00+05:30,3145.0,3145.8,3144.0,3145.8,6658
2025-07-08T09:27:00+05:30,3145.6,3147.0,3144.0,3145.0,3192
2025-07-08T09:28:00+05:30,3144.0,3145.2,3144.0,3144.8,1777
2025-07-08T09:29:00+05:30,3144.6,3145.8,3144.6,3145.2,1699
2025-07-08T09:30:00+05:30,3145.4,3149.8,3145.2,3147.8,4140
2025-07-08T09:31:00+05:30,3148.4,3149.6,3147.1,3148.0,2798
2025-07-08T09:32:00+05:30,3148.3,3148.9,3145.3,3145.3,2776
2025-07-08T09:33:00+05:30,3145.3,3146.4,3144.7,3145.2,2902
2025-07-08T09:34:00+05:30,3145.0,3145.3,3141.0,3141.5,6258
2025-07-08T09:35:00+05:30,3141.5,3142.5,3137.9,3141.0,11944
2025-07-08T09:36:00+05:30,3139.8,3142.0,3139.1,3140.0,2965
2025-07-08T09:37:00+05:30,3140.9,3143.1,3140.0,3142.5,2721
2025-07-08T09:38:00+05:30,3143.0,3143.1,3141.9,3143.1,1319
2025-07-08T09:39:00+05:30,3143.1,3147.5,3142.2,3145.4,3730
2025-07-08T09:40:00+05:30,3145.4,3146.8,3145.4,3145.4,1667
2025-07-08T09:41:00+05:30,3145.4,3147.5,3145.4,3145.9,1649
2025-07-08T09:42:00+05:30,3146.0,3146.6,3144.0,3145.0,3724
2025-07-08T09:43:00+05:30,3145.0,3145.9,3144.5,3145.8,1260
2025-07-08T09:44:00+05:30,3145.8,3146.3,3145.7,3145.9,1399
2025-07-08T09:45:00+05:30,3145.9,3145.9,3144.2,3145.0,1186
2025-07-08T09:46:00+05:30,3145.0,3146.1,3144.5,3145.2,1311
2025-07-08T09:47:00+05:30,3145.1,3147.5,3145.0,3145.2,4611
2025-07-08T09:48:00+05:30,3146.4,3146.7,3145.3,3146.6,722
2025-07-08T09:49:00+05:30,3146.7,3147.2,3145.8,3145.8,743
2025-07-08T09:50:00+05:30,3145.4,3145.4,3142.7,3144.2,2403
2025-07-08T09:51:00+05:30,3143.6,3145.3,3143.1,3145.3,1119
2025-07-08T09:52:00+05:30,3145.3,3145.5,3143.7,3145.3,865
2025-07-08T09:53:00+05:30,3145.0,3145.5,3143.7,3144.7,1996
2025-07-08T09:54:00+05:30,3144.7,3146.2,3144.7,3144.7,1270
2025-07-08T09:55:00+05:30,3144.0,3144.5,3142.7,3142.7,1583
2025-07-08T09:56:00+05:30,3143.8,3143.8,3142.7,3143.8,615
2025-07-08T09:57:00+05:30,3143.8,3150.0,3143.3,3149.3,13420
2025-07-08T09:58:00+05:30,3149.0,3150.0,3148.5,3148.8,4035
2025-07-08T09:59:00+05:30,3149.0,3149.0,3146.5,3147.9,1575
2025-07-08T10:00:00+05:30,3147.9,3148.0,3143.3,3145.0,2488
2025-07-08T10:01:00+05:30,3145.0,3146.5,3144.8,3146.5,1362
2025-07-08T10:02:00+05:30,3146.3,3146.4,3143.5,3144.6,1853
2025-07-08T10:03:00+05:30,3144.6,3145.9,3142.7,3144.4,4278
2025-07-08T10:04:00+05:30,3144.6,3144.8,3142.3,3142.9,806
2025-07-08T10:05:00+05:30,3142.9,3144.9,3140.3,3142.4,6797
2025-07-08T10:06:00+05:30,3143.7,3143.7,3141.4,3143.0,4325
2025-07-08T10:07:00+05:30,3143.0,3143.6,3140.3,3142.1,1276
2025-07-08T10:08:00+05:30,3141.7,3142.5,3140.5,3142.0,2209
2025-07-08T10:09:00+05:30,3142.5,3144.0,3138.3,3140.0,6006
2025-07-08T10:10:00+05:30,3139.5,3140.7,3136.0,3137.4,4212
2025-07-08T10:11:00+05:30,3137.5,3137.9,3132.1,3133.9,7462
2025-07-08T10:12:00+05:30,3133.9,3135.1,3133.6,3134.4,1586
2025-07-08T10:13:00+05:30,3134.7,3135.9,3126.2,3127.9,12014
2025-07-08T10:14:00+05:30,3127.9,3129.8,3126.0,3129.8,3325
2025-07-08T10:15:00+05:30,3129.8,3130.6,3125.1,3126.6,4791
2025-07-08T10:16:00+05:30,3126.8,3130.6,3126.7,3130.2,3462
2025-07-08T10:17:00+05:30,3130.3,3131.5,3129.1,3131.5,2131
2025-07-08T10:18:00+05:30,3131.1,3131.3,3129.4,3130.6,6816
2025-07-08T10:19:00+05:30,3131.1,3133.1,3130.2,3133.0,2046
2025-07-08T10:20:00+05:30,3132.5,3133.5,3128.6,3129.7,5928
2025-07-08T10:21:00+05:30,3129.0,3130.0,3123.1,3124.5,18678
2025-07-08T10:22:00+05:30,3124.3,3133.6,3123.0,3132.3,7712
2025-07-08T10:23:00+05:30,3132.3,3132.3,3129.3,3131.8,1340
2025-07-08T10:24:00+05:30,3131.7,3131.8,3130.7,3131.5,858
2025-07-08T10:25:00+05:30,3131.5,3134.4,3131.3,3134.1,1967
2025-07-08T10:26:00+05:30,3134.3,3136.9,3133.9,3136.5,1881
2025-07-08T10:27:00+05:30,3136.5,3137.5,3136.5,3137.2,1537
2025-07-08T10:28:00+05:30,3137.3,3138.7,3137.2,3138.1,2103
2025-07-08T10:29:00+05:30,3138.1,3141.1,3138.0,3140.8,3128
2025-07-08T10:30:00+05:30,3140.9,3141.8,3137.2,3137.5,4408
2025-07-08T10:31:00+05:30,3138.0,3138.9,3136.8,3137.8,3042
2025-07-08T10:32:00+05:30,3137.8,3140.0,3137.6,3139.1,2703
2025-07-08T10:33:00+05:30,3139.1,3139.9,3138.3,3139.5,2361
2025-07-08T10:34:00+05:30,3139.4,3139.9,3132.0,3133.1,6127
2025-07-08T10:35:00+05:30,3133.8,3136.3,3132.8,3135.0,3261
2025-07-08T10:36:00+05:30,3135.7,3136.1,3135.0,3135.0,1319
2025-07-08T10:37:00+05:30,3135.0,3136.1,3135.0,3136.0,3326
2025-07-08T10:38:00+05:30,3136.0,3136.1,3134.2,3135.0,2327
2025-07-08T10:39:00+05:30,3135.0,3135.8,3134.9,3134.9,477
2025-07-08T10:40:00+05:30,3135.0,3135.5,3134.1,3134.4,574
2025-07-08T10:41:00+05:30,3134.1,3135.0,3132.9,3133.7,1832
2025-07-08T10:42:00+05:30,3133.5,3134.4,3132.9,3134.4,1592
2025-07-08T10:43:00+05:30,3133.3,3135.0,3133.2,3133.2,2385
2025-07-08T10:44:00+05:30,3133.2,3134.2,3133.2,3133.8,438
2025-07-08T10:45:00+05:30,3133.9,3134.3,3133.1,3134.2,909
2025-07-08T10:46:00+05:30,3134.3,3135.4,3134.1,3135.0,4394
2025-07-08T10:47:00+05:30,3135.0,3136.0,3135.0,3135.1,1530
2025-07-08T10:48:00+05:30,3135.4,3136.5,3135.0,3136.0,1844
2025-07-08T10:49:00+05:30,3136.0,3136.5,3135.7,3136.0,1671
2025-07-08T10:50:00+05:30,3136.4,3136.5,3135.5,3135.5,1174
2025-07-08T10:51:00+05:30,3135.5,3136.4,3135.5,3135.8,1075
2025-07-08T10:52:00+05:30,3136.2,3136.4,3132.1,3133.2,2075
2025-07-08T10:53:00+05:30,3133.2,3133.4,3132.2,3132.8,1104
2025-07-08T10:54:00+05:30,3132.2,3133.4,3131.3,3132.0,1186
2025-07-08T10:55:00+05:30,3132.0,3133.6,3131.1,3133.3,3612
2025-07-08T10:56:00+05:30,3133.3,3134.4,3133.0,3134.0,1239
2025-07-08T10:57:00+05:30,3134.1,3136.0,3134.0,3135.0,1890
2025-07-08T10:58:00+05:30,3135.2,3136.1,3134.7,3134.8,1214
2025-07-08T10:59:00+05:30,3134.8,3136.1,3134.7,3136.1,493
2025-07-08T11:00:00+05:30,3136.0,3136.5,3135.1,3135.6,1343
2025-07-08T11:01:00+05:30,3135.1,3136.5,3135.1,3135.6,1331
2025-07-08T11:02:00+05:30,3135.6,3136.1,3133.4,3133.4,1464
2025-07-08T11:03:00+05:30,3133.9,3133.9,3131.2,3132.0,5267
2025-07-08T11:04:00+05:30,3132.0,3132.4,3130.4,3131.7,2209
2025-07-08T11:05:00+05:30,3132.3,3134.5,3131.3,3132.5,3405
2025-07-08T11:06:00+05:30,3133.0,3134.0,3132.2,3132.7,432
2025-07-08T11:07:00+05:30,3132.8,3133.3,3131.3,3131.6,1224
2025-07-08T11:08:00+05:30,3131.6,3132.0,3131.0,3132.0,972
2025-07-08T11:09:00+05:30,3131.2,3132.0,3129.8,3130.7,1560
2025-07-08T11:10:00+05:30,3130.7,3130.7,3128.4,3129.8,3242
2025-07-08T11:11:00+05:30,3129.8,3130.4,3128.6,3130.2,2314
2025-07-08T11:12:00+05:30,3130.0,3130.0,3125.3,3125.3,27177
2025-07-08T11:13:00+05:30,3125.8,3128.0,3125.3,3128.0,3763
2025-07-08T11:14:00+05:30,3128.0,3128.7,3127.0,3128.5,1450
2025-07-08T11:15:00+05:30,3128.5,3128.8,3127.7,3127.7,789
2025-07-08T11:16:00+05:30,3128.0,3128.0,3127.5,3127.5,301
2025-07-08T11:17:00+05:30,3127.4,3129.7,3127.4,3129.3,1092
2025-07-08T11:18:00+05:30,3129.7,3129.8,3127.5,3128.1,1172
2025-07-08T11:19:00+05:30,3128.1,3128.4,3127.0,3128.0,900
2025-07-08T11:20:00+05:30,3127.5,3128.4,3127.1,3127.9,471
2025-07-08T11:21:00+05:30,3127.1,3128.2,3127.1,3127.6,1279
2025-07-08T11:22:00+05:30,3128.0,3128.2,3126.1,3126.1,1702
2025-07-08T11:23:00+05:30,3126.1,3126.3,3125.0,3125.7,2852
2025-07-08T11:24:00+05:30,3125.6,3126.1,3125.0,3125.1,2691
2025-07-08T11:25:00+05:30,3125.1,3126.2,3125.0,3125.1,710
2025-07-08T11:26:00+05:30,3125.5,3126.0,3125.1,3125.4,1777
2025-07-08T11:27:00+05:30,3125.2,3125.6,3124.1,3125.2,4323
2025-07-08T11:28:00+05:30,3125.0,3125.2,3123.8,3125.2,2342
2025-07-08T11:29:00+05:30,3125.0,3125.4,3123.9,3125.3,2382
2025-07-08T11:30:00+05:30,3125.2,3125.6,3125.0,3125.0,1539
2025-07-08T11:31:00+05:30,3125.1,3126.0,3125.0,3125.1,1827
2025-07-08T11:32:00+05:30,3125.1,3126.0,3125.0,3125.6,429
2025-07-08T11:33:00+05:30,3125.6,3127.1,3125.1,3126.0,702
2025-07-08T11:34:00+05:30,3126.0,3126.7,3125.2,3125.5,1426
2025-07-08T11:35:00+05:30,3125.9,3126.9,3125.4,3126.2,382
2025-07-08T11:36:00+05:30,3125.6,3126.8,3125.6,3126.1,448
2025-07-08T11:37:00+05:30,3126.8,3127.0,3125.6,3126.5,1931
2025-07-08T11:38:00+05:30,3125.6,3126.5,3125.4,3125.9,866
2025-07-08T11:39:00+05:30,3125.9,3126.6,3125.2,3125.8,389
2025-07-08T11:40:00+05:30,3126.2,3127.1,3125.5,3125.6,1984
2025-07-08T11:41:00+05:30,3126.2,3127.5,3125.0,3126.0,2971
2025-07-08T11:42:00+05:30,3126.1,3126.3,3125.2,3125.5,1117
2025-07-08T11:43:00+05:30,3125.5,3126.9,3125.5,3125.7,343
2025-07-08T11:44:00+05:30,3126.6,3126.8,3125.5,3126.1,846
2025-07-08T11:45:00+05:30,3126.0,3127.7,3125.8,3127.4,1198
2025-07-08T11:46:00+05:30,3127.4,3128.0,3126.1,3127.8,670
2025-07-08T11:47:00+05:30,3127.8,3128.7,3127.0,3127.8,1356
2025-07-08T11:48:00+05:30,3127.7,3129.1,3127.7,3128.6,1204
2025-07-08T11:49:00+05:30,3128.6,3130.5,3128.6,3130.0,5112
2025-07-08T11:50:00+05:30,3130.0,3130.7,3129.5,3130.1,2458
2025-07-08T11:51:00+05:30,3130.0,3130.8,3130.0,3130.7,1533
2025-07-08T11:52:00+05:30,3130.8,3131.0,3130.7,3131.0,731
2025-07-08T11:53:00+05:30,3131.0,3131.2,3130.7,3130.8,880
2025-07-08T11:54:00+05:30,3130.8,3132.0,3130.8,3131.6,1394
2025-07-08T11:55:00+05:30,3131.6,3132.6,3131.5,3132.4,896
2025-07-08T11:56:00+05:30,3132.0,3132.5,3131.4,3132.4,518
2025-07-08T11:57:00+05:30,3131.4,3132.4,3131.0,3131.0,405
2025-07-08T11:58:00+05:30,3131.0,3132.3,3131.0,3131.2,1267
2025-07-08T11:59:00+05:30,3131.2,3132.3,3131.0,3131.7,376
2025-07-08T12:00:00+05:30,3131.8,3132.5,3131.0,3132.0,1010
2025-07-08T12:01:00+05:30,3132.0,3133.8,3132.0,3133.3,1133
2025-07-08T12:02:00+05:30,3133.2,3133.3,3132.0,3132.1,1767
2025-07-08T12:03:00+05:30,3132.7,3133.4,3132.0,3132.0,1696
2025-07-08T12:04:00+05:30,3132.1,3136.1,3132.0,3132.5,15655
2025-07-08T12:05:00+05:30,3132.8,3134.3,3132.2,3134.3,2400
2025-07-08T12:06:00+05:30,3133.1,3134.3,3132.8,3132.8,717
2025-07-08T12:07:00+05:30,3132.9,3134.3,3132.8,3133.0,561
2025-07-08T12:08:00+05:30,3133.1,3134.3,3132.9,3132.9,656
2025-07-08T12:09:00+05:30,3132.9,3136.0,3132.9,3135.2,4643
2025-07-08T12:10:00+05:30,3135.5,3137.2,3135.0,3135.0,4991
2025-07-08T12:11:00+05:30,3135.0,3138.2,3135.0,3138.0,10590
2025-07-08T12:12:00+05:30,3138.0,3138.1,3135.5,3135.7,1890
2025-07-08T12:13:00+05:30,3135.7,3138.1,3135.6,3138.0,2681
2025-07-08T12:14:00+05:30,3138.1,3139.9,3138.0,3138.0,3017
2025-07-08T12:15:00+05:30,3138.1,3140.8,3138.0,3140.2,11579
2025-07-08T12:16:00+05:30,3140.0,3141.1,3138.5,3140.0,37784
2025-07-08T12:17:00+05:30,3140.1,3141.0,3140.0,3140.0,2871
2025-07-08T12:18:00+05:30,3140.0,3141.6,3140.0,3140.0,3887
2025-07-08T12:19:00+05:30,3140.0,3140.5,3135.0,3135.0,9180
2025-07-08T12:20:00+05:30,3135.7,3137.5,3135.1,3135.1,2517
2025-07-08T12:21:00+05:30,3135.1,3137.9,3135.1,3136.4,1725
2025-07-08T12:22:00+05:30,3136.4,3137.5,3135.8,3137.5,2509
2025-07-08T12:23:00+05:30,3137.4,3139.9,3137.2,3138.4,2445
2025-07-08T12:24:00+05:30,3138.7,3140.9,3138.2,3140.9,3102
2025-07-08T12:25:00+05:30,3140.9,3143.0,3140.7,3142.6,5320
2025-07-08T12:26:00+05:30,3142.6,3144.5,3142.6,3143.2,2349
2025-07-08T12:27:00+05:30,3143.4,3145.8,3142.0,3143.0,4899
2025-07-08T12:28:00+05:30,3143.1,3144.5,3142.5,3143.5,2194
2025-07-08T12:29:00+05:30,3143.8,3145.0,3142.0,3142.3,8692
2025-07-08T12:30:00+05:30,3142.4,3142.4,3142.0,3142.2,2781
2025-07-08T12:31:00+05:30,3142.2,3146.0,3142.0,3144.1,8097
2025-07-08T12:32:00+05:30,3144.1,3145.8,3144.1,3145.2,3554
2025-07-08T12:33:00+05:30,3145.2,3145.7,3144.1,3145.4,1001
2025-07-08T12:34:00+05:30,3145.4,3145.9,3144.6,3145.2,485
2025-07-08T12:35:00+05:30,3145.2,3145.2,3144.1,3144.1,1601
2025-07-08T12:36:00+05:30,3144.1,3144.6,3141.9,3142.0,10930
2025-07-08T12:37:00+05:30,3142.0,3144.5,3141.0,3141.3,5175
2025-07-08T12:38:00+05:30,3141.0,3142.5,3139.6,3140.9,3063
2025-07-08T12:39:00+05:30,3140.1,3141.4,3139.3,3140.5,3417
2025-07-08T12:40:00+05:30,3140.5,3140.7,3138.4,3139.7,2273
2025-07-08T12:41:00+05:30,3139.7,3140.1,3135.4,3136.0,9993
2025-07-08T12:42:00+05:30,3136.0,3140.0,3136.0,3140.0,4196
2025-07-08T12:43:00+05:30,3139.8,3140.1,3139.1,3139.5,3713
2025-07-08T12:44:00+05:30,3139.2,3140.1,3137.8,3139.2,2952
2025-07-08T12:45:00+05:30,3139.2,3140.1,3137.8,3140.0,2808
2025-07-08T12:46:00+05:30,3140.0,3141.4,3139.5,3140.8,3626
2025-07-08T12:47:00+05:30,3140.5,3141.3,3139.5,3140.5,1212
2025-07-08T12:48:00+05:30,3140.5,3141.9,3140.0,3141.0,1183
2025-07-08T12:49:00+05:30,3141.1,3141.8,3140.0,3140.5,1396
2025-07-08T12:50:00+05:30,3141.2,3141.5,3140.5,3141.1,1342
2025-07-08T12:51:00+05:30,3141.0,3141.5,3140.0,3140.7,1181
2025-07-08T12:52:00+05:30,3140.0,3141.7,3140.0,3141.4,1532
2025-07-08T12:53:00+05:30,3141.4,3142.7,3140.6,3142.3,2306
2025-07-08T12:54:00+05:30,3142.6,3142.6,3140.5,3142.0,5312
2025-07-08T12:55:00+05:30,3142.0,3142.4,3142.0,3142.3,2157
2025-07-08T12:56:00+05:30,3142.0,3142.3,3139.8,3140.2,4117
2025-07-08T12:57:00+05:30,3140.1,3140.9,3139.0,3140.4,2518
2025-07-08T12:58:00+05:30,3140.0,3141.0,3139.1,3140.5,1394
2025-07-08T12:59:00+05:30,3140.0,3140.5,3139.8,3140.5,1540
2025-07-08T13:00:00+05:30,3140.0,3140.6,3138.7,3140.6,3015
2025-07-08T13:01:00+05:30,3140.5,3140.8,3138.2,3139.5,1832
2025-07-08T13:02:00+05:30,3139.0,3140.4,3138.6,3140.3,2991
2025-07-08T13:03:00+05:30,3140.1,3140.5,3139.0,3140.4,2400
2025-07-08T13:04:00+05:30,3140.4,3140.4,3138.4,3138.7,1058
2025-07-08T13:05:00+05:30,3138.7,3140.0,3138.1,3139.9,1610
2025-07-08T13:06:00+05:30,3139.9,3142.4,3138.6,3140.4,3489
2025-07-08T13:07:00+05:30,3140.4,3140.4,3138.0,3139.2,2198
2025-07-08T13:08:00+05:30,3139.3,3139.6,3138.0,3138.9,3542
2025-07-08T13:09:00+05:30,3138.9,3139.3,3138.0,3138.8,2123
2025-07-08T13:10:00+05:30,3138.5,3139.9,3138.1,3139.7,1906
2025-07-08T13:11:00+05:30,3139.7,3140.0,3138.0,3138.0,2110
2025-07-08T13:12:00+05:30,3138.0,3139.1,3136.1,3138.2,5034
2025-07-08T13:13:00+05:30,3137.9,3138.4,3137.3,3138.4,2639
2025-07-08T13:14:00+05:30,3138.0,3138.4,3136.8,3138.0,2425
2025-07-08T13:15:00+05:30,3138.4,3138.4,3136.0,3137.6,3890
2025-07-08T13:16:00+05:30,3136.4,3138.0,3136.3,3138.0,2679
2025-07-08T13:17:00+05:30,3138.0,3138.1,3136.4,3137.1,2481
2025-07-08T13:18:00+05:30,3137.1,3138.2,3137.1,3137.9,1483
2025-07-08T13:19:00+05:30,3137.9,3138.3,3135.1,3137.5,8285
2025-07-08T13:20:00+05:30,3137.5,3138.7,3136.2,3136.5,4294
2025-07-08T13:21:00+05:30,3136.9,3138.3,3136.5,3137.9,2021
2025-07-08T13:22:00+05:30,3138.3,3138.3,3136.8,3136.9,1393
2025-07-08T13:23:00+05:30,3136.9,3138.4,3136.8,3138.4,1546
2025-07-08T13:24:00+05:30,3138.4,3138.4,3136.0,3137.0,2482
2025-07-08T13:25:00+05:30,3138.0,3138.3,3136.4,3137.5,2267
2025-07-08T13:26:00+05:30,3137.1,3138.6,3137.1,3138.3,2434
2025-07-08T13:27:00+05:30,3138.3,3139.1,3137.1,3138.7,2427
2025-07-08T13:28:00+05:30,3138.7,3139.2,3137.4,3138.9,2720
2025-07-08T13:29:00+05:30,3138.5,3139.5,3137.6,3139.3,2090
2025-07-08T13:30:00+05:30,3137.9,3139.5,3137.9,3139.5,1762
2025-07-08T13:31:00+05:30,3139.5,3140.0,3138.0,3138.2,13157
2025-07-08T13:32:00+05:30,3138.4,3140.0,3138.3,3138.9,912
2025-07-08T13:33:00+05:30,3138.9,3139.8,3138.3,3139.6,866
2025-07-08T13:34:00+05:30,3139.6,3139.7,3138.4,3139.2,379
2025-07-08T13:35:00+05:30,3139.2,3139.6,3138.3,3139.0,462
2025-07-08T13:36:00+05:30,3138.6,3140.9,3138.0,3139.5,3330
2025-07-08T13:37:00+05:30,3139.2,3140.5,3139.0,3139.8,1128
2025-07-08T13:38:00+05:30,3140.1,3140.5,3139.0,3140.1,1228
2025-07-08T13:39:00+05:30,3139.8,3140.2,3139.0,3140.1,1666
2025-07-08T13:40:00+05:30,3139.0,3140.3,3139.0,3139.7,1785
2025-07-08T13:41:00+05:30,3139.7,3140.3,3139.0,3140.2,1489
2025-07-08T13:42:00+05:30,3139.1,3140.2,3139.0,3139.4,1551
2025-07-08T13:43:00+05:30,3139.4,3140.4,3139.0,3139.7,2656
2025-07-08T13:44:00+05:30,3140.4,3140.4,3139.6,3139.8,2006
2025-07-08T13:45:00+05:30,3139.6,3140.4,3139.4,3139.5,1017
2025-07-08T13:46:00+05:30,3139.9,3140.4,3139.0,3140.0,1802
2025-07-08T13:47:00+05:30,3140.1,3140.2,3138.7,3138.7,8426
2025-07-08T13:48:00+05:30,3139.9,3139.9,3137.7,3139.5,3275
2025-07-08T13:49:00+05:30,3138.6,3139.6,3138.0,3139.0,489
2025-07-08T13:50:00+05:30,3138.2,3139.0,3138.0,3138.7,295
2025-07-08T13:51:00+05:30,3138.7,3139.0,3138.5,3139.0,1315
2025-07-08T13:52:00+05:30,3138.5,3139.0,3138.5,3138.8,590
2025-07-08T13:53:00+05:30,3138.7,3138.8,3138.5,3138.5,442
2025-07-08T13:54:00+05:30,3138.5,3139.0,3138.5,3139.0,889
2025-07-08T13:55:00+05:30,3138.8,3139.0,3138.4,3138.8,612
2025-07-08T13:56:00+05:30,3138.7,3139.0,3138.5,3139.0,683
2025-07-08T13:57:00+05:30,3139.0,3139.1,3138.5,3139.1,1012
2025-07-08T13:58:00+05:30,3139.0,3140.0,3138.5,3139.9,3094
2025-07-08T13:59:00+05:30,3139.2,3140.0,3138.6,3139.2,614
2025-07-08T14:00:00+05:30,3139.7,3139.7,3138.5,3139.2,409
2025-07-08T14:01:00+05:30,3139.3,3139.7,3139.0,3139.7,251
2025-07-08T14:02:00+05:30,3139.8,3140.0,3138.5,3139.1,2016
2025-07-08T14:03:00+05:30,3139.1,3139.3,3138.5,3138.8,909
2025-07-08T14:04:00+05:30,3138.7,3138.9,3138.5,3138.8,637
2025-07-08T14:05:00+05:30,3138.5,3139.0,3138.5,3138.8,402
2025-07-08T14:06:00+05:30,3138.8,3138.9,3138.5,3138.7,393
2025-07-08T14:07:00+05:30,3138.9,3139.3,3138.5,3139.2,2860
2025-07-08T14:08:00+05:30,3138.9,3140.7,3138.5,3140.3,9094
2025-07-08T14:09:00+05:30,3140.5,3141.6,3140.0,3140.0,13413
2025-07-08T14:10:00+05:30,3140.1,3145.5,3140.0,3145.5,8743
2025-07-08T14:11:00+05:30,3145.5,3145.5,3140.4,3140.6,5167
2025-07-08T14:12:00+05:30,3141.8,3143.5,3141.0,3143.5,1180
2025-07-08T14:13:00+05:30,3143.5,3143.5,3141.3,3141.3,757
2025-07-08T14:14:00+05:30,3142.5,3143.4,3141.2,3142.9,1993
2025-07-08T14:15:00+05:30,3142.9,3143.3,3142.1,3143.1,405
2025-07-08T14:16:00+05:30,3143.1,3143.1,3142.6,3142.9,337
2025-07-08T14:17:00+05:30,3142.5,3142.9,3141.3,3141.3,777
2025-07-08T14:18:00+05:30,3142.5,3142.5,3141.2,3142.0,339
2025-07-08T14:19:00+05:30,3141.8,3142.0,3141.1,3141.4,236
2025-07-08T14:20:00+05:30,3141.4,3141.6,3139.9,3140.4,795
2025-07-08T14:21:00+05:30,3140.8,3143.0,3139.9,3143.0,2444
2025-07-08T14:22:00+05:30,3142.9,3143.3,3141.8,3143.3,687
2025-07-08T14:23:00+05:30,3143.2,3143.3,3142.4,3143.2,489
2025-07-08T14:24:00+05:30,3143.1,3144.8,3142.4,3144.1,2617
2025-07-08T14:25:00+05:30,3144.6,3144.9,3143.1,3143.1,1252
2025-07-08T14:26:00+05:30,3143.1,3143.9,3142.4,3143.6,955
2025-07-08T14:27:00+05:30,3143.6,3144.9,3142.7,3143.1,1001
2025-07-08T14:28:00+05:30,3143.8,3144.8,3143.0,3144.6,1716
2025-07-08T14:29:00+05:30,3143.3,3144.7,3141.4,3142.5,3451
2025-07-08T14:30:00+05:30,3142.0,3144.9,3142.0,3144.0,3192
2025-07-08T14:31:00+05:30,3144.0,3145.0,3143.1,3144.3,2812
2025-07-08T14:32:00+05:30,3144.3,3144.7,3143.7,3144.0,729
2025-07-08T14:33:00+05:30,3143.5,3144.8,3142.7,3144.0,2129
2025-07-08T14:34:00+05:30,3144.8,3144.8,3143.8,3144.2,1201
2025-07-08T14:35:00+05:30,3144.2,3144.7,3143.8,3144.3,659
2025-07-08T14:36:00+05:30,3144.3,3144.6,3142.4,3142.6,5704
2025-07-08T14:37:00+05:30,3142.7,3143.6,3142.2,3143.2,1941
2025-07-08T14:38:00+05:30,3143.2,3144.7,3142.3,3144.0,1664
2025-07-08T14:39:00+05:30,3144.0,3144.9,3143.2,3144.9,1638
2025-07-08T14:40:00+05:30,3145.0,3147.2,3144.6,3147.0,4824
2025-07-08T14:41:00+05:30,3147.0,3147.0,3145.9,3146.3,2250
2025-07-08T14:42:00+05:30,3145.8,3146.5,3144.2,3144.2,1256
2025-07-08T14:43:00+05:30,3144.8,3145.8,3143.9,3145.0,1796
2025-07-08T14:44:00+05:30,3145.8,3145.8,3142.3,3143.5,1241
2025-07-08T14:45:00+05:30,3142.4,3144.2,3141.2,3144.0,3143
2025-07-08T14:46:00+05:30,3144.0,3144.3,3143.7,3144.1,420
2025-07-08T14:47:00+05:30,3144.1,3144.5,3143.7,3144.5,949
2025-07-08T14:48:00+05:30,3144.5,3144.8,3143.7,3144.6,725
2025-07-08T14:49:00+05:30,3144.6,3146.0,3143.8,3145.3,1821
2025-07-08T14:50:00+05:30,3145.3,3145.3,3144.4,3145.0,472
2025-07-08T14:51:00+05:30,3145.3,3145.3,3144.4,3145.0,1781
2025-07-08T14:52:00+05:30,3145.1,3145.3,3144.3,3145.2,907
2025-07-08T14:53:00+05:30,3145.2,3145.3,3141.9,3143.5,2050
2025-07-08T14:54:00+05:30,3143.5,3145.1,3141.4,3143.4,3895
2025-07-08T14:55:00+05:30,3144.3,3145.1,3141.8,3141.9,3640
2025-07-08T14:56:00+05:30,3141.8,3143.2,3141.0,3143.2,967
2025-07-08T14:57:00+05:30,3143.2,3143.8,3142.1,3143.5,725
2025-07-08T14:58:00+05:30,3143.5,3143.6,3142.4,3143.0,694
2025-07-08T14:59:00+05:30,3143.0,3144.9,3142.8,3143.5,1803
2025-07-08T15:00:00+05:30,3143.5,3147.9,3141.5,3147.2,11736
2025-07-08T15:01:00+05:30,3147.5,3151.3,3146.7,3149.6,24164
2025-07-08T15:02:00+05:30,3149.6,3150.7,3148.1,3150.0,11541
2025-07-08T15:03:00+05:30,3150.0,3152.9,3149.8,3152.5,9467
2025-07-08T15:04:00+05:30,3152.4,3152.5,3150.1,3150.7,8888
2025-07-08T15:05:00+05:30,3150.3,3154.0,3150.3,3154.0,14105
2025-07-08T15:06:00+05:30,3153.9,3154.0,3152.1,3153.7,13662
2025-07-08T15:07:00+05:30,3153.8,3154.7,3153.4,3154.6,14809
2025-07-08T15:08:00+05:30,3154.6,3154.7,3149.0,3151.5,23749
2025-07-08T15:09:00+05:30,3151.5,3157.1,3151.5,3157.0,19343
2025-07-08T15:10:00+05:30,3157.1,3158.8,3156.1,3158.1,15196
2025-07-08T15:11:00+05:30,3158.1,3160.8,3157.3,3158.7,21685
2025-07-08T15:12:00+05:30,3159.7,3160.0,3157.4,3158.6,20523
2025-07-08T15:13:00+05:30,3158.4,3160.1,3158.4,3159.7,13894
2025-07-08T15:14:00+05:30,3159.7,3160.5,3159.6,3160.1,12124
2025-07-08T15:15:00+05:30,3160.8,3166.0,3160.2,3166.0,17496
2025-07-08T15:16:00+05:30,3165.9,3166.4,3159.9,3161.4,22381
2025-07-08T15:17:00+05:30,3161.9,3164.4,3161.4,3163.2,16973
2025-07-08T15:18:00+05:30,3163.3,3166.3,3163.1,3166.0,12431
2025-07-08T15:19:00+05:30,3166.0,3166.5,3163.3,3163.7,14040
2025-07-08T15:20:00+05:30,3163.7,3164.1,3163.3,3164.1,9248
2025-07-08T15:21:00+05:30,3164.1,3164.5,3162.3,3163.3,13686
2025-07-08T15:22:00+05:30,3163.3,3163.8,3161.1,3161.2,10259
2025-07-08T15:23:00+05:30,3161.3,3161.5,3159.1,3161.4,9226
2025-07-08T15:24:00+05:30,3161.4,3162.5,3157.8,3160.0,15629
2025-07-08T15:25:00+05:30,3160.5,3164.5,3157.8,3164.0,16292
2025-07-08T15:26:00+05:30,3164.0,3164.3,3161.0,3161.3,11499
2025-07-08T15:27:00+05:30,3161.6,3162.0,3160.1,3161.2,6415
2025-07-08T15:28:00+05:30,3161.2,3162.9,3160.0,3161.1,6059
2025-07-08T15:29:00+05:30,3161.1,3165.3,3157.8,3163.0,7506
