time,open,high,low,close,volume
2025-06-09T09:15:00+05:30,139760.0,140865.0,139760.0,140830.0,168
2025-06-09T09:16:00+05:30,140615.0,140845.0,140415.0,140545.0,70
2025-06-09T09:17:00+05:30,140545.0,140925.0,140465.0,140920.0,42
2025-06-09T09:18:00+05:30,140800.0,140985.0,140695.0,140985.0,36
2025-06-09T09:19:00+05:30,140920.0,141185.0,140840.0,140975.0,79
2025-06-09T09:20:00+05:30,140980.0,141250.0,140970.0,141250.0,53
2025-06-09T09:21:00+05:30,141250.0,141300.0,141015.0,141195.0,75
2025-06-09T09:22:00+05:30,141195.0,141285.0,140930.0,141285.0,83
2025-06-09T09:23:00+05:30,141170.0,141335.0,141170.0,141335.0,42
2025-06-09T09:24:00+05:30,141270.0,141335.0,141160.0,141160.0,20
2025-06-09T09:25:00+05:30,141190.0,141200.0,141135.0,141135.0,18
2025-06-09T09:26:00+05:30,141100.0,141180.0,141050.0,141145.0,17
2025-06-09T09:27:00+05:30,141100.0,141150.0,141070.0,141070.0,14
2025-06-09T09:28:00+05:30,141070.0,141140.0,141070.0,141140.0,13
2025-06-09T09:29:00+05:30,141070.0,141140.0,141010.0,141010.0,18
2025-06-09T09:30:00+05:30,141025.0,141030.0,141025.0,141030.0,2
2025-06-09T09:31:00+05:30,141130.0,141130.0,141000.0,141000.0,17
2025-06-09T09:32:00+05:30,140950.0,141000.0,140900.0,140900.0,13
2025-06-09T09:33:00+05:30,140900.0,141035.0,140900.0,141035.0,12
2025-06-09T09:34:00+05:30,141000.0,141000.0,140715.0,140845.0,24
2025-06-09T09:35:00+05:30,140715.0,140945.0,140715.0,140945.0,6
2025-06-09T09:36:00+05:30,140895.0,141040.0,140895.0,140930.0,30
2025-06-09T09:37:00+05:30,140895.0,140945.0,140895.0,140945.0,4
2025-06-09T09:38:00+05:30,140965.0,141125.0,140895.0,141060.0,16
2025-06-09T09:39:00+05:30,141060.0,141080.0,140505.0,140735.0,106
2025-06-09T09:40:00+05:30,140595.0,140990.0,140185.0,140850.0,113
2025-06-09T09:41:00+05:30,140870.0,141000.0,140335.0,140335.0,36
2025-06-09T09:42:00+05:30,140530.0,140765.0,140050.0,140050.0,143
2025-06-09T09:43:00+05:30,140310.0,140310.0,140100.0,140100.0,9
2025-06-09T09:44:00+05:30,140270.0,140270.0,140135.0,140135.0,4
2025-06-09T09:45:00+05:30,140150.0,140270.0,140010.0,140050.0,74
2025-06-09T09:46:00+05:30,140005.0,140215.0,139850.0,140000.0,111
2025-06-09T09:47:00+05:30,140055.0,140130.0,139555.0,139620.0,102
2025-06-09T09:48:00+05:30,139625.0,139795.0,139620.0,139630.0,25
2025-06-09T09:49:00+05:30,139785.0,139860.0,139690.0,139850.0,5
2025-06-09T09:50:00+05:30,139695.0,139745.0,139540.0,139550.0,67
2025-06-09T09:51:00+05:30,139725.0,139765.0,139570.0,139570.0,37
2025-06-09T09:52:00+05:30,139570.0,139755.0,139500.0,139655.0,112
2025-06-09T09:53:00+05:30,139505.0,139540.0,139325.0,139370.0,25
2025-06-09T09:54:00+05:30,139375.0,139515.0,139320.0,139320.0,21
2025-06-09T09:55:00+05:30,139320.0,139440.0,139320.0,139430.0,9
2025-06-09T09:56:00+05:30,139320.0,139615.0,139320.0,139465.0,66
2025-06-09T09:57:00+05:30,139520.0,139730.0,139460.0,139545.0,28
2025-06-09T09:58:00+05:30,139680.0,139850.0,139560.0,139590.0,52
2025-06-09T09:59:00+05:30,139700.0,139740.0,139600.0,139605.0,8
2025-06-09T10:00:00+05:30,139715.0,139740.0,139605.0,139605.0,17
2025-06-09T10:01:00+05:30,139715.0,139740.0,139605.0,139610.0,17
2025-06-09T10:02:00+05:30,139740.0,139750.0,139610.0,139740.0,24
2025-06-09T10:03:00+05:30,139620.0,139785.0,139620.0,139620.0,17
2025-06-09T10:04:00+05:30,139735.0,139900.0,139620.0,139740.0,30
2025-06-09T10:05:00+05:30,139855.0,139855.0,139740.0,139750.0,12
2025-06-09T10:06:00+05:30,139660.0,139660.0,139660.0,139660.0,4
2025-06-09T10:07:00+05:30,139765.0,139800.0,139670.0,139795.0,10
2025-06-09T10:08:00+05:30,139800.0,139800.0,139510.0,139510.0,59
2025-06-09T10:09:00+05:30,139635.0,139635.0,139510.0,139635.0,5
2025-06-09T10:10:00+05:30,139635.0,139765.0,139515.0,139515.0,23
2025-06-09T10:11:00+05:30,139655.0,139655.0,139515.0,139655.0,4
2025-06-09T10:12:00+05:30,139635.0,139710.0,139600.0,139655.0,10
2025-06-09T10:13:00+05:30,139515.0,139615.0,139515.0,139615.0,3
2025-06-09T10:14:00+05:30,139520.0,139660.0,139520.0,139535.0,5
2025-06-09T10:15:00+05:30,139530.0,139530.0,139525.0,139525.0,2
2025-06-09T10:16:00+05:30,139605.0,139640.0,139525.0,139525.0,8
2025-06-09T10:17:00+05:30,139525.0,139650.0,139525.0,139525.0,7
2025-06-09T10:18:00+05:30,139630.0,139630.0,139335.0,139445.0,104
2025-06-09T10:19:00+05:30,139615.0,139630.0,139520.0,139630.0,5
2025-06-09T10:20:00+05:30,139515.0,139630.0,139515.0,139525.0,28
2025-06-09T10:21:00+05:30,139630.0,139775.0,139535.0,139645.0,17
2025-06-09T10:22:00+05:30,139555.0,139645.0,139555.0,139645.0,3
2025-06-09T10:23:00+05:30,139645.0,139700.0,139600.0,139680.0,17
2025-06-09T10:24:00+05:30,139745.0,139770.0,139685.0,139690.0,9
2025-06-09T10:25:00+05:30,139695.0,139695.0,139695.0,139695.0,1
2025-06-09T10:26:00+05:30,139695.0,139695.0,139695.0,139695.0,1
2025-06-09T10:27:00+05:30,139775.0,139815.0,139700.0,139715.0,10
2025-06-09T10:28:00+05:30,139715.0,139800.0,139710.0,139720.0,6
2025-06-09T10:29:00+05:30,139815.0,139815.0,139735.0,139735.0,3
2025-06-09T10:30:00+05:30,139815.0,139815.0,139815.0,139815.0,2
2025-06-09T10:31:00+05:30,139710.0,139810.0,139710.0,139800.0,8
2025-06-09T10:32:00+05:30,139800.0,139800.0,139710.0,139710.0,3
2025-06-09T10:33:00+05:30,139710.0,139725.0,139710.0,139725.0,4
2025-06-09T10:34:00+05:30,139805.0,139805.0,139725.0,139795.0,3
2025-06-09T10:35:00+05:30,139750.0,139795.0,139745.0,139745.0,7
2025-06-09T10:36:00+05:30,139795.0,139810.0,139715.0,139750.0,16
2025-06-09T10:37:00+05:30,139815.0,139815.0,139815.0,139815.0,1
2025-06-09T10:38:00+05:30,139755.0,139840.0,139750.0,139840.0,10
2025-06-09T10:39:00+05:30,139760.0,139840.0,139760.0,139840.0,3
2025-06-09T10:40:00+05:30,139840.0,139840.0,139770.0,139770.0,2
2025-06-09T10:41:00+05:30,139760.0,139760.0,139760.0,139760.0,2
2025-06-09T10:42:00+05:30,139760.0,139760.0,139700.0,139700.0,13
2025-06-09T10:43:00+05:30,139760.0,139760.0,139760.0,139760.0,1
2025-06-09T10:44:00+05:30,139705.0,139780.0,139700.0,139700.0,12
2025-06-09T10:45:00+05:30,139800.0,139830.0,139715.0,139830.0,4
2025-06-09T10:46:00+05:30,139825.0,139830.0,139700.0,139700.0,16
2025-06-09T10:48:00+05:30,139795.0,139830.0,139700.0,139760.0,30
2025-06-09T10:49:00+05:30,139755.0,139755.0,139685.0,139685.0,9
2025-06-09T10:51:00+05:30,139690.0,139700.0,139685.0,139685.0,10
2025-06-09T10:52:00+05:30,139700.0,139750.0,139690.0,139690.0,4
2025-06-09T10:53:00+05:30,139755.0,139755.0,139685.0,139685.0,2
2025-06-09T10:54:00+05:30,139685.0,139685.0,139660.0,139660.0,7
2025-06-09T10:55:00+05:30,139650.0,139650.0,139530.0,139535.0,24
2025-06-09T10:56:00+05:30,139675.0,139725.0,139605.0,139605.0,11
2025-06-09T10:58:00+05:30,139610.0,139610.0,139605.0,139605.0,15
2025-06-09T11:00:00+05:30,139695.0,139695.0,139695.0,139695.0,1
2025-06-09T11:01:00+05:30,139700.0,139775.0,139685.0,139685.0,7
2025-06-09T11:02:00+05:30,139785.0,139820.0,139640.0,139735.0,17
2025-06-09T11:03:00+05:30,139830.0,139830.0,139730.0,139730.0,3
2025-06-09T11:04:00+05:30,139740.0,139820.0,139735.0,139820.0,3
2025-06-09T11:05:00+05:30,139820.0,139830.0,139735.0,139740.0,36
2025-06-09T11:06:00+05:30,139825.0,139825.0,139740.0,139740.0,3
2025-06-09T11:09:00+05:30,139820.0,139820.0,139820.0,139820.0,1
2025-06-09T11:10:00+05:30,139820.0,139820.0,139745.0,139745.0,4
2025-06-09T11:11:00+05:30,139740.0,139740.0,139640.0,139640.0,9
2025-06-09T11:12:00+05:30,139720.0,139720.0,139720.0,139720.0,1
2025-06-09T11:13:00+05:30,139720.0,139740.0,139640.0,139740.0,6
2025-06-09T11:14:00+05:30,139640.0,139645.0,139610.0,139610.0,11
2025-06-09T11:15:00+05:30,139730.0,139730.0,139635.0,139635.0,2
2025-06-09T11:16:00+05:30,139655.0,139745.0,139655.0,139660.0,4
2025-06-09T11:19:00+05:30,139760.0,139790.0,139680.0,139790.0,10
2025-06-09T11:20:00+05:30,139785.0,139790.0,139700.0,139700.0,4
2025-06-09T11:21:00+05:30,139705.0,139780.0,139700.0,139700.0,5
2025-06-09T11:23:00+05:30,139755.0,139755.0,139755.0,139755.0,1
2025-06-09T11:25:00+05:30,139700.0,139700.0,139700.0,139700.0,2
2025-06-09T11:26:00+05:30,139750.0,139750.0,139750.0,139750.0,1
2025-06-09T11:27:00+05:30,139750.0,139750.0,139750.0,139750.0,1
2025-06-09T11:28:00+05:30,139750.0,139750.0,139700.0,139700.0,3
2025-06-09T11:30:00+05:30,139700.0,139700.0,139645.0,139645.0,2
2025-06-09T11:31:00+05:30,139740.0,139740.0,139740.0,139740.0,1
2025-06-09T11:32:00+05:30,139735.0,139735.0,139655.0,139655.0,6
2025-06-09T11:33:00+05:30,139655.0,139655.0,139645.0,139650.0,11
2025-06-09T11:34:00+05:30,139650.0,139655.0,139650.0,139650.0,12
2025-06-09T11:36:00+05:30,139750.0,139750.0,139650.0,139650.0,5
2025-06-09T11:37:00+05:30,139795.0,139795.0,139650.0,139650.0,3
2025-06-09T11:38:00+05:30,139785.0,139785.0,139650.0,139770.0,6
2025-06-09T11:39:00+05:30,139800.0,139815.0,139700.0,139800.0,10
2025-06-09T11:40:00+05:30,139805.0,139950.0,139680.0,139860.0,43
2025-06-09T11:41:00+05:30,139895.0,139895.0,139870.0,139870.0,9
2025-06-09T11:42:00+05:30,139840.0,139970.0,139805.0,139805.0,7
2025-06-09T11:43:00+05:30,139800.0,139805.0,139800.0,139805.0,2
2025-06-09T11:45:00+05:30,139930.0,139930.0,139805.0,139810.0,3
2025-06-09T11:46:00+05:30,139810.0,139810.0,139700.0,139700.0,10
2025-06-09T11:47:00+05:30,139700.0,139700.0,139650.0,139650.0,12
2025-06-09T11:48:00+05:30,139660.0,139660.0,139660.0,139660.0,1
2025-06-09T11:49:00+05:30,139660.0,139795.0,139650.0,139795.0,14
2025-06-09T11:50:00+05:30,139790.0,139790.0,139655.0,139775.0,3
2025-06-09T11:51:00+05:30,139775.0,139775.0,139670.0,139670.0,7
2025-06-09T11:52:00+05:30,139670.0,139775.0,139670.0,139775.0,3
2025-06-09T11:55:00+05:30,139750.0,139750.0,139670.0,139670.0,3
2025-06-09T11:56:00+05:30,139750.0,139750.0,139670.0,139670.0,2
2025-06-09T11:57:00+05:30,139670.0,139670.0,139575.0,139575.0,67
2025-06-09T11:58:00+05:30,139560.0,139560.0,139475.0,139500.0,38
2025-06-09T11:59:00+05:30,139490.0,139490.0,139475.0,139475.0,5
2025-06-09T12:00:00+05:30,139645.0,139645.0,139645.0,139645.0,1
2025-06-09T12:02:00+05:30,139490.0,139490.0,139490.0,139490.0,1
2025-06-09T12:04:00+05:30,139610.0,139635.0,139490.0,139525.0,18
2025-06-09T12:05:00+05:30,139635.0,139635.0,139510.0,139555.0,5
2025-06-09T12:07:00+05:30,139555.0,139555.0,139475.0,139475.0,23
2025-06-09T12:09:00+05:30,139480.0,139480.0,139475.0,139475.0,2
2025-06-09T12:13:00+05:30,139595.0,139595.0,139500.0,139500.0,4
2025-06-09T12:14:00+05:30,139630.0,139630.0,139500.0,139500.0,5
2025-06-09T12:15:00+05:30,139500.0,139640.0,139500.0,139515.0,6
2025-06-09T12:16:00+05:30,139525.0,139525.0,139520.0,139520.0,2
2025-06-09T12:17:00+05:30,139520.0,139520.0,139520.0,139520.0,1
2025-06-09T12:18:00+05:30,139520.0,139520.0,139500.0,139500.0,4
2025-06-09T12:19:00+05:30,139500.0,139610.0,139500.0,139605.0,9
2025-06-09T12:20:00+05:30,139505.0,139610.0,139500.0,139610.0,5
2025-06-09T12:21:00+05:30,139550.0,139645.0,139500.0,139645.0,15
2025-06-09T12:22:00+05:30,139510.0,139510.0,139500.0,139500.0,6
2025-06-09T12:25:00+05:30,139520.0,139610.0,139500.0,139515.0,23
2025-06-09T12:26:00+05:30,139520.0,139520.0,139520.0,139520.0,1
2025-06-09T12:27:00+05:30,139525.0,139525.0,139525.0,139525.0,1
2025-06-09T12:28:00+05:30,139575.0,139590.0,139520.0,139520.0,5
2025-06-09T12:29:00+05:30,139525.0,139525.0,139520.0,139520.0,11
2025-06-09T12:30:00+05:30,139605.0,139615.0,139520.0,139525.0,6
2025-06-09T12:32:00+05:30,139645.0,139645.0,139560.0,139560.0,11
2025-06-09T12:34:00+05:30,139680.0,139680.0,139540.0,139540.0,22
2025-06-09T12:35:00+05:30,139525.0,139560.0,139525.0,139525.0,7
2025-06-09T12:36:00+05:30,139640.0,139655.0,139500.0,139500.0,14
2025-06-09T12:37:00+05:30,139650.0,139885.0,139505.0,139505.0,104
2025-06-09T12:38:00+05:30,139725.0,139725.0,139530.0,139530.0,8
2025-06-09T12:39:00+05:30,139725.0,139820.0,139550.0,139550.0,15
2025-06-09T12:40:00+05:30,139705.0,139705.0,139555.0,139560.0,7
2025-06-09T12:42:00+05:30,139695.0,139850.0,139630.0,139630.0,16
2025-06-09T12:43:00+05:30,139610.0,139610.0,139570.0,139570.0,2
2025-06-09T12:44:00+05:30,139575.0,139845.0,139575.0,139655.0,8
2025-06-09T12:45:00+05:30,139640.0,139640.0,139635.0,139640.0,4
2025-06-09T12:46:00+05:30,139750.0,139860.0,139600.0,139600.0,9
2025-06-09T12:47:00+05:30,139640.0,139640.0,139640.0,139640.0,1
2025-06-09T12:48:00+05:30,139605.0,139605.0,139605.0,139605.0,8
2025-06-09T12:51:00+05:30,139605.0,139605.0,139605.0,139605.0,1
2025-06-09T12:52:00+05:30,139695.0,139700.0,139605.0,139605.0,4
2025-06-09T12:53:00+05:30,139740.0,139740.0,139605.0,139605.0,2
2025-06-09T12:54:00+05:30,139735.0,139740.0,139615.0,139615.0,4
2025-06-09T12:55:00+05:30,139615.0,139615.0,139610.0,139615.0,11
2025-06-09T12:56:00+05:30,139615.0,139615.0,139550.0,139550.0,20
2025-06-09T12:58:00+05:30,139615.0,139615.0,139615.0,139615.0,3
2025-06-09T12:59:00+05:30,139555.0,139680.0,139555.0,139680.0,3
2025-06-09T13:01:00+05:30,139555.0,139555.0,139550.0,139550.0,3
2025-06-09T13:02:00+05:30,139550.0,139680.0,139550.0,139550.0,17
2025-06-09T13:03:00+05:30,139675.0,139675.0,139550.0,139550.0,9
2025-06-09T13:06:00+05:30,139670.0,139670.0,139670.0,139670.0,1
2025-06-09T13:08:00+05:30,139560.0,139560.0,139550.0,139550.0,3
2025-06-09T13:10:00+05:30,139550.0,139550.0,139550.0,139550.0,3
2025-06-09T13:11:00+05:30,139550.0,139685.0,139530.0,139555.0,21
2025-06-09T13:13:00+05:30,139675.0,139680.0,139560.0,139560.0,3
2025-06-09T13:14:00+05:30,139675.0,139695.0,139530.0,139690.0,10
2025-06-09T13:15:00+05:30,139690.0,139690.0,139525.0,139525.0,12
2025-06-09T13:16:00+05:30,139660.0,139660.0,139660.0,139660.0,1
2025-06-09T13:17:00+05:30,139530.0,139660.0,139530.0,139530.0,3
2025-06-09T13:18:00+05:30,139530.0,139530.0,139530.0,139530.0,1
2025-06-09T13:19:00+05:30,139530.0,139530.0,139500.0,139500.0,19
2025-06-09T13:20:00+05:30,139500.0,139500.0,139410.0,139415.0,31
2025-06-09T13:21:00+05:30,139575.0,139575.0,139415.0,139415.0,2
2025-06-09T13:22:00+05:30,139570.0,139570.0,139415.0,139415.0,3
2025-06-09T13:24:00+05:30,139415.0,139415.0,139250.0,139250.0,87
2025-06-09T13:25:00+05:30,139250.0,139250.0,139155.0,139170.0,38
2025-06-09T13:26:00+05:30,139295.0,139295.0,139170.0,139175.0,12
2025-06-09T13:27:00+05:30,139285.0,139345.0,139180.0,139180.0,10
2025-06-09T13:28:00+05:30,139320.0,139330.0,139205.0,139205.0,4
2025-06-09T13:29:00+05:30,139205.0,139350.0,139205.0,139350.0,2
2025-06-09T13:30:00+05:30,139205.0,139355.0,139205.0,139220.0,5
2025-06-09T13:31:00+05:30,139345.0,139360.0,139205.0,139205.0,10
2025-06-09T13:32:00+05:30,139300.0,139300.0,139210.0,139210.0,7
2025-06-09T13:33:00+05:30,139210.0,139355.0,139210.0,139355.0,6
2025-06-09T13:34:00+05:30,139350.0,139350.0,139210.0,139325.0,11
2025-06-09T13:35:00+05:30,139210.0,139210.0,139210.0,139210.0,2
2025-06-09T13:36:00+05:30,139210.0,139210.0,139210.0,139210.0,4
2025-06-09T13:37:00+05:30,139210.0,139210.0,139205.0,139205.0,3
2025-06-09T13:39:00+05:30,139300.0,139300.0,139210.0,139210.0,4
2025-06-09T13:42:00+05:30,139210.0,139290.0,139205.0,139290.0,3
2025-06-09T13:43:00+05:30,139290.0,139290.0,139210.0,139220.0,4
2025-06-09T13:44:00+05:30,139205.0,139205.0,139205.0,139205.0,6
2025-06-09T13:45:00+05:30,139205.0,139205.0,139200.0,139200.0,7
2025-06-09T13:47:00+05:30,139200.0,139295.0,139200.0,139200.0,7
2025-06-09T13:49:00+05:30,139290.0,139290.0,138800.0,138800.0,162
2025-06-09T13:50:00+05:30,138920.0,138920.0,138800.0,138805.0,20
2025-06-09T13:51:00+05:30,138900.0,138900.0,138650.0,138650.0,51
2025-06-09T13:52:00+05:30,138650.0,138735.0,138650.0,138650.0,33
2025-06-09T13:53:00+05:30,138660.0,139295.0,138650.0,139190.0,61
2025-06-09T13:54:00+05:30,139290.0,139390.0,139205.0,139240.0,50
2025-06-09T13:55:00+05:30,139165.0,139220.0,138730.0,138905.0,136
2025-06-09T13:56:00+05:30,138785.0,139020.0,138660.0,138680.0,36
2025-06-09T13:57:00+05:30,138705.0,138705.0,138705.0,138705.0,1
2025-06-09T13:58:00+05:30,138710.0,138885.0,138680.0,138695.0,43
2025-06-09T13:59:00+05:30,138885.0,138885.0,138680.0,138690.0,32
2025-06-09T14:00:00+05:30,138780.0,138865.0,138780.0,138855.0,3
2025-06-09T14:01:00+05:30,138705.0,138890.0,138705.0,138735.0,10
2025-06-09T14:02:00+05:30,138725.0,138725.0,138725.0,138725.0,1
2025-06-09T14:03:00+05:30,138840.0,138840.0,138840.0,138840.0,1
2025-06-09T14:04:00+05:30,138830.0,138830.0,138725.0,138725.0,3
2025-06-09T14:05:00+05:30,138790.0,138790.0,138725.0,138725.0,2
2025-06-09T14:06:00+05:30,138800.0,138800.0,138800.0,138800.0,1
2025-06-09T14:07:00+05:30,138795.0,138795.0,138725.0,138725.0,3
2025-06-09T14:08:00+05:30,138725.0,138800.0,138715.0,138715.0,6
2025-06-09T14:09:00+05:30,138825.0,138825.0,138715.0,138715.0,7
2025-06-09T14:10:00+05:30,138720.0,138720.0,138715.0,138715.0,3
2025-06-09T14:11:00+05:30,138820.0,138820.0,138820.0,138820.0,1
2025-06-09T14:13:00+05:30,138815.0,138815.0,138750.0,138750.0,3
2025-06-09T14:14:00+05:30,138800.0,138825.0,138800.0,138800.0,3
2025-06-09T14:15:00+05:30,138825.0,138825.0,138800.0,138800.0,4
2025-06-09T14:16:00+05:30,138890.0,138890.0,138760.0,138885.0,7
2025-06-09T14:18:00+05:30,138765.0,138885.0,138765.0,138765.0,9
2025-06-09T14:19:00+05:30,138880.0,138880.0,138880.0,138880.0,1
2025-06-09T14:20:00+05:30,138880.0,138880.0,138760.0,138880.0,3
2025-06-09T14:21:00+05:30,138875.0,138875.0,138875.0,138875.0,1
2025-06-09T14:22:00+05:30,138850.0,138880.0,138800.0,138800.0,5
2025-06-09T14:23:00+05:30,138880.0,138880.0,138805.0,138805.0,11
2025-06-09T14:26:00+05:30,138875.0,138875.0,138810.0,138875.0,4
2025-06-09T14:27:00+05:30,138875.0,138880.0,138805.0,138805.0,15
2025-06-09T14:28:00+05:30,138880.0,138880.0,138805.0,138880.0,8
2025-06-09T14:29:00+05:30,138805.0,138880.0,138805.0,138805.0,6
2025-06-09T14:30:00+05:30,138880.0,138880.0,138805.0,138805.0,3
2025-06-09T14:31:00+05:30,138870.0,138870.0,138805.0,138805.0,3
2025-06-09T14:32:00+05:30,138870.0,138870.0,138805.0,138805.0,3
2025-06-09T14:33:00+05:30,138870.0,138870.0,138870.0,138870.0,1
2025-06-09T14:34:00+05:30,138870.0,138880.0,138805.0,138805.0,6
2025-06-09T14:36:00+05:30,138900.0,138900.0,138900.0,138900.0,3
2025-06-09T14:37:00+05:30,138840.0,138840.0,138840.0,138840.0,2
2025-06-09T14:38:00+05:30,138815.0,138815.0,138805.0,138805.0,10
2025-06-09T14:39:00+05:30,138895.0,138900.0,138805.0,138900.0,13
2025-06-09T14:40:00+05:30,138900.0,138995.0,138840.0,138840.0,27
2025-06-09T14:42:00+05:30,138900.0,138900.0,138800.0,138800.0,21
2025-06-09T14:43:00+05:30,138800.0,138890.0,138780.0,138780.0,4
2025-06-09T14:44:00+05:30,138885.0,138890.0,138780.0,138890.0,5
2025-06-09T14:45:00+05:30,138890.0,138890.0,138800.0,138800.0,2
2025-06-09T14:47:00+05:30,138895.0,138900.0,138780.0,138780.0,13
2025-06-09T14:50:00+05:30,138870.0,138870.0,138870.0,138870.0,1
2025-06-09T14:51:00+05:30,138850.0,138850.0,138805.0,138835.0,3
2025-06-09T14:53:00+05:30,138835.0,138835.0,138835.0,138835.0,1
2025-06-09T14:54:00+05:30,138835.0,138835.0,138780.0,138780.0,6
2025-06-09T14:55:00+05:30,138835.0,138835.0,138780.0,138780.0,10
2025-06-09T14:56:00+05:30,138830.0,138885.0,138770.0,138825.0,12
2025-06-09T14:57:00+05:30,138830.0,138885.0,138830.0,138885.0,2
2025-06-09T14:58:00+05:30,138825.0,138825.0,138750.0,138755.0,12
2025-06-09T14:59:00+05:30,138760.0,138825.0,138755.0,138825.0,4
2025-06-09T15:00:00+05:30,138825.0,138825.0,138755.0,138755.0,4
2025-06-09T15:01:00+05:30,138755.0,138845.0,138750.0,138845.0,46
2025-06-09T15:02:00+05:30,138750.0,138890.0,138750.0,138775.0,20
2025-06-09T15:03:00+05:30,138765.0,138885.0,138750.0,138755.0,26
2025-06-09T15:04:00+05:30,138865.0,138865.0,138750.0,138750.0,41
2025-06-09T15:05:00+05:30,138750.0,138830.0,138750.0,138750.0,13
2025-06-09T15:06:00+05:30,138750.0,138750.0,138750.0,138750.0,2
2025-06-09T15:07:00+05:30,138750.0,138805.0,138750.0,138750.0,12
2025-06-09T15:08:00+05:30,138750.0,138750.0,138750.0,138750.0,3
2025-06-09T15:09:00+05:30,138750.0,138885.0,138750.0,138825.0,120
2025-06-09T15:10:00+05:30,138755.0,138875.0,138625.0,138670.0,90
2025-06-09T15:11:00+05:30,138675.0,138675.0,138500.0,138505.0,46
2025-06-09T15:12:00+05:30,138510.0,138600.0,138505.0,138600.0,7
2025-06-09T15:13:00+05:30,138505.0,138600.0,138400.0,138555.0,96
2025-06-09T15:14:00+05:30,138485.0,138640.0,138480.0,138555.0,26
2025-06-09T15:15:00+05:30,138605.0,138690.0,138480.0,138500.0,93
2025-06-09T15:16:00+05:30,138625.0,138855.0,138510.0,138630.0,90
2025-06-09T15:17:00+05:30,138530.0,138700.0,138530.0,138655.0,26
2025-06-09T15:18:00+05:30,138700.0,138700.0,138500.0,138515.0,93
2025-06-09T15:19:00+05:30,138515.0,138630.0,138510.0,138510.0,21
2025-06-09T15:20:00+05:30,138510.0,138590.0,138210.0,138575.0,168
2025-06-09T15:21:00+05:30,138535.0,138535.0,138500.0,138500.0,6
2025-06-09T15:22:00+05:30,138530.0,138575.0,138520.0,138575.0,6
2025-06-09T15:23:00+05:30,138530.0,138575.0,138500.0,138500.0,10
2025-06-09T15:24:00+05:30,138500.0,138570.0,138210.0,138500.0,81
2025-06-09T15:25:00+05:30,138500.0,138500.0,138460.0,138460.0,15
2025-06-09T15:26:00+05:30,138460.0,138500.0,138460.0,138470.0,7
2025-06-09T15:27:00+05:30,138470.0,138550.0,138450.0,138525.0,17
2025-06-09T15:28:00+05:30,138525.0,138600.0,138455.0,138600.0,38
2025-06-09T15:29:00+05:30,138590.0,138610.0,138500.0,138530.0,40
2025-06-10T09:15:00+05:30,139285.0,139395.0,138005.0,138005.0,133
2025-06-10T09:16:00+05:30,138010.0,138465.0,137370.0,137515.0,214
2025-06-10T09:17:00+05:30,137530.0,138055.0,137405.0,137855.0,163
2025-06-10T09:18:00+05:30,137810.0,138035.0,137490.0,137490.0,172
2025-06-10T09:19:00+05:30,137575.0,137795.0,137505.0,137555.0,96
2025-06-10T09:20:00+05:30,137570.0,137680.0,137500.0,137555.0,69
2025-06-10T09:21:00+05:30,137675.0,137755.0,137555.0,137585.0,69
2025-06-10T09:22:00+05:30,137585.0,137755.0,137585.0,137615.0,54
2025-06-10T09:23:00+05:30,137720.0,137750.0,137500.0,137570.0,42
2025-06-10T09:24:00+05:30,137595.0,137705.0,137495.0,137690.0,123
2025-06-10T09:25:00+05:30,137690.0,137745.0,137585.0,137645.0,29
2025-06-10T09:26:00+05:30,137565.0,137565.0,137500.0,137535.0,36
2025-06-10T09:27:00+05:30,137505.0,137505.0,137250.0,137250.0,98
2025-06-10T09:28:00+05:30,137260.0,137420.0,137210.0,137420.0,108
2025-06-10T09:29:00+05:30,137355.0,137500.0,137275.0,137355.0,28
2025-06-10T09:30:00+05:30,137420.0,137445.0,137155.0,137155.0,62
2025-06-10T09:31:00+05:30,137155.0,137205.0,137060.0,137075.0,101
2025-06-10T09:32:00+05:30,137150.0,137290.0,137075.0,137290.0,38
2025-06-10T09:33:00+05:30,137150.0,137265.0,137075.0,137115.0,30
2025-06-10T09:34:00+05:30,137185.0,137260.0,137025.0,137025.0,143
2025-06-10T09:35:00+05:30,137015.0,137185.0,137000.0,137185.0,124
2025-06-10T09:36:00+05:30,137185.0,137230.0,137050.0,137085.0,43
2025-06-10T09:37:00+05:30,137025.0,137160.0,137025.0,137100.0,21
2025-06-10T09:38:00+05:30,137160.0,137230.0,137055.0,137195.0,11
2025-06-10T09:39:00+05:30,137100.0,137315.0,137100.0,137130.0,31
2025-06-10T09:40:00+05:30,137225.0,137250.0,137050.0,137050.0,52
2025-06-10T09:41:00+05:30,137055.0,137230.0,137035.0,137180.0,30
2025-06-10T09:42:00+05:30,137170.0,137170.0,137100.0,137170.0,6
2025-06-10T09:43:00+05:30,137100.0,137315.0,137065.0,137205.0,22
2025-06-10T09:44:00+05:30,137340.0,137355.0,137210.0,137220.0,15
2025-06-10T09:45:00+05:30,137340.0,137340.0,137210.0,137210.0,17
2025-06-10T09:46:00+05:30,137210.0,137340.0,137200.0,137215.0,33
2025-06-10T09:47:00+05:30,137325.0,137340.0,137220.0,137300.0,16
2025-06-10T09:48:00+05:30,137300.0,137465.0,137300.0,137345.0,33
2025-06-10T09:49:00+05:30,137385.0,137465.0,137305.0,137410.0,28
2025-06-10T09:50:00+05:30,137350.0,137440.0,137335.0,137440.0,23
2025-06-10T09:51:00+05:30,137360.0,137435.0,137335.0,137435.0,6
2025-06-10T09:52:00+05:30,137435.0,137435.0,137330.0,137360.0,40
2025-06-10T09:53:00+05:30,137405.0,137410.0,137360.0,137410.0,4
2025-06-10T09:54:00+05:30,137410.0,137410.0,137300.0,137315.0,32
2025-06-10T09:55:00+05:30,137405.0,137405.0,137320.0,137320.0,3
2025-06-10T09:56:00+05:30,137405.0,137420.0,137250.0,137305.0,67
2025-06-10T09:57:00+05:30,137420.0,137500.0,137295.0,137500.0,37
2025-06-10T09:58:00+05:30,137395.0,137440.0,137325.0,137440.0,22
2025-06-10T09:59:00+05:30,137315.0,137440.0,137295.0,137395.0,16
2025-06-10T10:00:00+05:30,137440.0,137440.0,137350.0,137355.0,8
2025-06-10T10:01:00+05:30,137435.0,137480.0,137360.0,137480.0,11
2025-06-10T10:02:00+05:30,137475.0,137480.0,137365.0,137365.0,6
2025-06-10T10:03:00+05:30,137475.0,137475.0,137365.0,137445.0,4
2025-06-10T10:04:00+05:30,137450.0,137480.0,137375.0,137475.0,19
2025-06-10T10:05:00+05:30,137375.0,137480.0,137375.0,137400.0,12
2025-06-10T10:06:00+05:30,137490.0,137490.0,137400.0,137405.0,8
2025-06-10T10:07:00+05:30,137475.0,137500.0,137405.0,137500.0,28
2025-06-10T10:08:00+05:30,137410.0,137515.0,137405.0,137515.0,26
2025-06-10T10:09:00+05:30,137455.0,137560.0,137455.0,137485.0,21
2025-06-10T10:10:00+05:30,137570.0,137570.0,137405.0,137405.0,26
2025-06-10T10:11:00+05:30,137540.0,137550.0,137460.0,137545.0,7
2025-06-10T10:12:00+05:30,137540.0,137540.0,137405.0,137420.0,22
2025-06-10T10:13:00+05:30,137470.0,137470.0,137435.0,137435.0,2
2025-06-10T10:14:00+05:30,137535.0,137540.0,137440.0,137445.0,18
2025-06-10T10:15:00+05:30,137485.0,137535.0,137455.0,137455.0,10
2025-06-10T10:16:00+05:30,137530.0,137530.0,137455.0,137525.0,8
2025-06-10T10:17:00+05:30,137460.0,137530.0,137460.0,137475.0,19
2025-06-10T10:18:00+05:30,137530.0,137530.0,137480.0,137480.0,5
2025-06-10T10:19:00+05:30,137480.0,137480.0,137480.0,137480.0,2
2025-06-10T10:20:00+05:30,137530.0,137530.0,137480.0,137480.0,14
2025-06-10T10:21:00+05:30,137480.0,137530.0,137480.0,137530.0,24
2025-06-10T10:22:00+05:30,137530.0,137560.0,137420.0,137420.0,50
2025-06-10T10:23:00+05:30,137510.0,137510.0,137420.0,137420.0,2
2025-06-10T10:24:00+05:30,137530.0,137530.0,137420.0,137420.0,13
2025-06-10T10:26:00+05:30,137510.0,137510.0,137425.0,137510.0,5
2025-06-10T10:27:00+05:30,137510.0,137510.0,137425.0,137425.0,2
2025-06-10T10:28:00+05:30,137510.0,137510.0,137425.0,137430.0,6
2025-06-10T10:30:00+05:30,137450.0,137505.0,137430.0,137505.0,8
2025-06-10T10:31:00+05:30,137435.0,137505.0,137430.0,137430.0,6
2025-06-10T10:32:00+05:30,137500.0,137515.0,137430.0,137430.0,17
2025-06-10T10:33:00+05:30,137510.0,137510.0,137430.0,137435.0,6
2025-06-10T10:34:00+05:30,137435.0,137510.0,137435.0,137510.0,2
2025-06-10T10:35:00+05:30,137435.0,137515.0,137435.0,137435.0,5
2025-06-10T10:36:00+05:30,137515.0,137515.0,137440.0,137510.0,7
2025-06-10T10:37:00+05:30,137515.0,137515.0,137445.0,137445.0,4
2025-06-10T10:38:00+05:30,137515.0,137515.0,137445.0,137445.0,2
2025-06-10T10:39:00+05:30,137515.0,137515.0,137445.0,137515.0,4
2025-06-10T10:40:00+05:30,137510.0,137515.0,137450.0,137450.0,6
2025-06-10T10:41:00+05:30,137515.0,137525.0,137450.0,137450.0,13
2025-06-10T10:42:00+05:30,137510.0,137510.0,137430.0,137430.0,21
2025-06-10T10:43:00+05:30,137430.0,137430.0,137420.0,137420.0,10
2025-06-10T10:45:00+05:30,137420.0,137510.0,137420.0,137420.0,7
2025-06-10T10:46:00+05:30,137420.0,137510.0,137420.0,137510.0,4
2025-06-10T10:47:00+05:30,137480.0,137480.0,137425.0,137425.0,5
2025-06-10T10:48:00+05:30,137435.0,137445.0,137425.0,137425.0,3
2025-06-10T10:49:00+05:30,137445.0,137500.0,137425.0,137425.0,10
2025-06-10T10:50:00+05:30,137500.0,137500.0,137425.0,137425.0,24
2025-06-10T10:51:00+05:30,137500.0,137500.0,137420.0,137420.0,6
2025-06-10T10:52:00+05:30,137420.0,137470.0,137300.0,137300.0,42
2025-06-10T10:53:00+05:30,137300.0,137300.0,137295.0,137295.0,2
2025-06-10T10:54:00+05:30,137280.0,137290.0,137260.0,137290.0,7
2025-06-10T10:55:00+05:30,137290.0,137290.0,137260.0,137260.0,3
2025-06-10T10:56:00+05:30,137290.0,137290.0,137215.0,137250.0,7
2025-06-10T10:57:00+05:30,137210.0,137250.0,137200.0,137200.0,14
2025-06-10T10:58:00+05:30,137300.0,137300.0,137210.0,137210.0,3
2025-06-10T11:00:00+05:30,137300.0,137300.0,137225.0,137300.0,3
2025-06-10T11:01:00+05:30,137300.0,137300.0,137285.0,137285.0,3
2025-06-10T11:02:00+05:30,137300.0,137300.0,137300.0,137300.0,1
2025-06-10T11:03:00+05:30,137300.0,137380.0,137260.0,137380.0,3
2025-06-10T11:04:00+05:30,137275.0,137415.0,137275.0,137415.0,3
2025-06-10T11:05:00+05:30,137410.0,137410.0,137290.0,137290.0,6
2025-06-10T11:06:00+05:30,137405.0,137405.0,137405.0,137405.0,1
2025-06-10T11:07:00+05:30,137405.0,137405.0,137355.0,137395.0,3
2025-06-10T11:08:00+05:30,137405.0,137405.0,137405.0,137405.0,4
2025-06-10T11:09:00+05:30,137410.0,137450.0,137395.0,137395.0,5
2025-06-10T11:10:00+05:30,137395.0,137445.0,137395.0,137395.0,4
2025-06-10T11:11:00+05:30,137455.0,137455.0,137455.0,137455.0,1
2025-06-10T11:12:00+05:30,137460.0,137460.0,137390.0,137390.0,3
2025-06-10T11:14:00+05:30,137365.0,137485.0,137365.0,137485.0,4
2025-06-10T11:15:00+05:30,137485.0,137485.0,137370.0,137370.0,6
2025-06-10T11:17:00+05:30,137395.0,137435.0,137370.0,137435.0,4
2025-06-10T11:18:00+05:30,137435.0,137470.0,137300.0,137310.0,23
2025-06-10T11:21:00+05:30,137315.0,137365.0,137305.0,137305.0,6
2025-06-10T11:24:00+05:30,137305.0,137370.0,137300.0,137300.0,7
2025-06-10T11:25:00+05:30,137370.0,137370.0,137300.0,137300.0,2
2025-06-10T11:26:00+05:30,137400.0,137500.0,137305.0,137305.0,57
2025-06-10T11:27:00+05:30,137305.0,137475.0,137305.0,137385.0,23
2025-06-10T11:30:00+05:30,137455.0,137455.0,137345.0,137345.0,2
2025-06-10T11:31:00+05:30,137450.0,137450.0,137355.0,137355.0,2
2025-06-10T11:32:00+05:30,137355.0,137415.0,137305.0,137390.0,7
2025-06-10T11:33:00+05:30,137315.0,137385.0,137315.0,137320.0,3
2025-06-10T11:34:00+05:30,137390.0,137390.0,137320.0,137335.0,4
2025-06-10T11:35:00+05:30,137385.0,137385.0,137335.0,137335.0,2
2025-06-10T11:36:00+05:30,137335.0,137385.0,137335.0,137335.0,4
2025-06-10T11:37:00+05:30,137380.0,137400.0,137340.0,137340.0,10
2025-06-10T11:38:00+05:30,137340.0,137470.0,137325.0,137325.0,16
2025-06-10T11:39:00+05:30,137410.0,137410.0,137260.0,137260.0,29
2025-06-10T11:40:00+05:30,137260.0,137260.0,137145.0,137145.0,49
2025-06-10T11:41:00+05:30,137185.0,137200.0,137145.0,137200.0,7
2025-06-10T11:42:00+05:30,137205.0,137205.0,137145.0,137145.0,3
2025-06-10T11:43:00+05:30,137150.0,137205.0,137145.0,137205.0,3
2025-06-10T11:44:00+05:30,137295.0,137295.0,137295.0,137295.0,1
2025-06-10T11:45:00+05:30,137295.0,137295.0,137150.0,137295.0,3
2025-06-10T11:46:00+05:30,137310.0,137310.0,137165.0,137165.0,2
2025-06-10T11:48:00+05:30,137300.0,137300.0,137165.0,137175.0,10
2025-06-10T11:49:00+05:30,137305.0,137305.0,137185.0,137185.0,5
2025-06-10T11:50:00+05:30,137300.0,137300.0,137205.0,137210.0,3
2025-06-10T11:51:00+05:30,137210.0,137345.0,137065.0,137205.0,126
2025-06-10T11:52:00+05:30,137315.0,137315.0,137065.0,137195.0,17
2025-06-10T11:53:00+05:30,137170.0,137280.0,137060.0,137090.0,22
2025-06-10T11:54:00+05:30,137105.0,137230.0,137105.0,137230.0,9
2025-06-10T11:55:00+05:30,137105.0,137250.0,137105.0,137105.0,11
2025-06-10T11:56:00+05:30,137220.0,137260.0,137110.0,137145.0,13
2025-06-10T11:57:00+05:30,137260.0,137300.0,137145.0,137260.0,32
2025-06-10T11:58:00+05:30,137270.0,137270.0,137195.0,137270.0,3
2025-06-10T11:59:00+05:30,137345.0,137345.0,137265.0,137345.0,10
2025-06-10T12:00:00+05:30,137270.0,137345.0,137270.0,137345.0,4
2025-06-10T12:01:00+05:30,137275.0,137325.0,137230.0,137235.0,12
2025-06-10T12:03:00+05:30,137330.0,137330.0,137235.0,137235.0,2
2025-06-10T12:04:00+05:30,137235.0,137325.0,137235.0,137290.0,9
2025-06-10T12:05:00+05:30,137235.0,137235.0,137235.0,137235.0,2
2025-06-10T12:06:00+05:30,137290.0,137290.0,137290.0,137290.0,1
2025-06-10T12:08:00+05:30,137325.0,137345.0,137290.0,137290.0,6
2025-06-10T12:09:00+05:30,137300.0,137365.0,137300.0,137300.0,3
2025-06-10T12:10:00+05:30,137350.0,137350.0,137275.0,137335.0,13
2025-06-10T12:11:00+05:30,137235.0,137235.0,137205.0,137220.0,5
2025-06-10T12:12:00+05:30,137220.0,137235.0,137200.0,137200.0,16
2025-06-10T12:13:00+05:30,137200.0,137200.0,137150.0,137150.0,6
2025-06-10T12:14:00+05:30,137200.0,137200.0,137185.0,137190.0,5
2025-06-10T12:15:00+05:30,137195.0,137250.0,137100.0,137250.0,50
2025-06-10T12:16:00+05:30,137245.0,137245.0,137115.0,137230.0,10
2025-06-10T12:17:00+05:30,137235.0,137235.0,137130.0,137130.0,2
2025-06-10T12:18:00+05:30,137130.0,137240.0,137100.0,137100.0,43
2025-06-10T12:19:00+05:30,137100.0,137150.0,137060.0,137150.0,20
2025-06-10T12:20:00+05:30,137155.0,137215.0,137005.0,137150.0,98
2025-06-10T12:21:00+05:30,137080.0,137150.0,137080.0,137150.0,3
2025-06-10T12:22:00+05:30,137100.0,137250.0,137050.0,137055.0,39
2025-06-10T12:23:00+05:30,137100.0,137135.0,137085.0,137085.0,8
2025-06-10T12:24:00+05:30,137185.0,137185.0,137010.0,137150.0,50
2025-06-10T12:25:00+05:30,137145.0,137150.0,137025.0,137135.0,7
2025-06-10T12:26:00+05:30,137145.0,137145.0,137035.0,137060.0,5
2025-06-10T12:27:00+05:30,137130.0,137130.0,136990.0,136990.0,201
2025-06-10T12:28:00+05:30,137005.0,137100.0,136950.0,137000.0,212
2025-06-10T12:29:00+05:30,137000.0,137000.0,137000.0,137000.0,7
2025-06-10T12:30:00+05:30,137000.0,137040.0,137000.0,137000.0,5
2025-06-10T12:31:00+05:30,137040.0,137040.0,137005.0,137040.0,3
2025-06-10T12:32:00+05:30,137040.0,137100.0,136950.0,136950.0,47
2025-06-10T12:33:00+05:30,137000.0,137080.0,136825.0,136905.0,72
2025-06-10T12:34:00+05:30,136905.0,136905.0,136710.0,136710.0,94
2025-06-10T12:35:00+05:30,136800.0,136800.0,136555.0,136740.0,107
2025-06-10T12:36:00+05:30,136640.0,136745.0,136605.0,136655.0,19
2025-06-10T12:37:00+05:30,136720.0,136720.0,136585.0,136600.0,49
2025-06-10T12:38:00+05:30,136600.0,136650.0,136600.0,136600.0,14
2025-06-10T12:39:00+05:30,136720.0,136720.0,136600.0,136720.0,5
2025-06-10T12:40:00+05:30,136730.0,136765.0,136615.0,136765.0,10
2025-06-10T12:41:00+05:30,136800.0,136875.0,136650.0,136715.0,33
2025-06-10T12:42:00+05:30,136820.0,136820.0,136720.0,136805.0,8
2025-06-10T12:43:00+05:30,136725.0,136850.0,136720.0,136840.0,8
2025-06-10T12:44:00+05:30,136840.0,136840.0,136720.0,136750.0,6
2025-06-10T12:45:00+05:30,136750.0,136820.0,136750.0,136820.0,4
2025-06-10T12:46:00+05:30,136750.0,136845.0,136750.0,136750.0,9
2025-06-10T12:47:00+05:30,136755.0,136855.0,136750.0,136755.0,4
2025-06-10T12:48:00+05:30,136800.0,136925.0,136790.0,136875.0,17
2025-06-10T12:49:00+05:30,136870.0,136870.0,136795.0,136800.0,6
2025-06-10T12:50:00+05:30,136800.0,136860.0,136790.0,136790.0,24
2025-06-10T12:51:00+05:30,136765.0,136895.0,136750.0,136880.0,29
2025-06-10T12:52:00+05:30,136865.0,136900.0,136760.0,136765.0,12
2025-06-10T12:53:00+05:30,136860.0,136870.0,136780.0,136785.0,5
2025-06-10T12:54:00+05:30,136860.0,136860.0,136785.0,136785.0,7
2025-06-10T12:55:00+05:30,136890.0,136890.0,136850.0,136850.0,4
2025-06-10T12:56:00+05:30,136905.0,136905.0,136860.0,136860.0,2
2025-06-10T12:57:00+05:30,136905.0,136920.0,136860.0,136920.0,4
2025-06-10T12:58:00+05:30,136925.0,136940.0,136850.0,136850.0,10
2025-06-10T12:59:00+05:30,136900.0,136900.0,136865.0,136865.0,4
2025-06-10T13:00:00+05:30,136900.0,136905.0,136865.0,136865.0,6
2025-06-10T13:01:00+05:30,136905.0,136950.0,136905.0,136905.0,10
2025-06-10T13:02:00+05:30,136930.0,136995.0,136855.0,136855.0,25
2025-06-10T13:03:00+05:30,136935.0,136990.0,136860.0,136865.0,16
2025-06-10T13:04:00+05:30,136900.0,136900.0,136875.0,136875.0,6
2025-06-10T13:05:00+05:30,136885.0,136885.0,136885.0,136885.0,6
2025-06-10T13:06:00+05:30,136885.0,136885.0,136870.0,136870.0,15
2025-06-10T13:07:00+05:30,136890.0,136900.0,136870.0,136900.0,6
2025-06-10T13:08:00+05:30,136940.0,136940.0,136900.0,136900.0,6
2025-06-10T13:09:00+05:30,136900.0,136915.0,136870.0,136870.0,11
2025-06-10T13:10:00+05:30,136935.0,136935.0,136870.0,136870.0,3
2025-06-10T13:11:00+05:30,136885.0,136935.0,136880.0,136935.0,4
2025-06-10T13:12:00+05:30,136925.0,136925.0,136885.0,136885.0,2
2025-06-10T13:13:00+05:30,136925.0,136925.0,136885.0,136885.0,6
2025-06-10T13:14:00+05:30,136885.0,136885.0,136885.0,136885.0,2
2025-06-10T13:15:00+05:30,136885.0,136890.0,136850.0,136850.0,16
2025-06-10T13:16:00+05:30,136850.0,136850.0,136705.0,136720.0,79
2025-06-10T13:17:00+05:30,136830.0,136830.0,136665.0,136665.0,23
2025-06-10T13:18:00+05:30,136665.0,136790.0,136660.0,136790.0,11
2025-06-10T13:19:00+05:30,136660.0,136830.0,136660.0,136670.0,24
2025-06-10T13:20:00+05:30,136725.0,136830.0,136675.0,136830.0,10
2025-06-10T13:21:00+05:30,136815.0,136815.0,136705.0,136705.0,6
2025-06-10T13:22:00+05:30,136795.0,136830.0,136755.0,136755.0,4
2025-06-10T13:23:00+05:30,136755.0,136825.0,136755.0,136825.0,7
2025-06-10T13:24:00+05:30,136820.0,136820.0,136740.0,136780.0,6
2025-06-10T13:25:00+05:30,136780.0,136780.0,136755.0,136755.0,4
2025-06-10T13:26:00+05:30,136755.0,136870.0,136705.0,136870.0,24
2025-06-10T13:27:00+05:30,136785.0,136785.0,136785.0,136785.0,2
2025-06-10T13:28:00+05:30,136875.0,136920.0,136790.0,136805.0,7
2025-06-10T13:29:00+05:30,136805.0,136805.0,136760.0,136760.0,16
2025-06-10T13:30:00+05:30,136760.0,136760.0,136700.0,136705.0,13
2025-06-10T13:31:00+05:30,136750.0,136810.0,136705.0,136805.0,7
2025-06-10T13:32:00+05:30,136895.0,136895.0,136810.0,136810.0,3
2025-06-10T13:33:00+05:30,136810.0,136810.0,136810.0,136810.0,1
2025-06-10T13:34:00+05:30,136875.0,136875.0,136810.0,136810.0,7
2025-06-10T13:35:00+05:30,136875.0,136900.0,136810.0,136815.0,16
2025-06-10T13:36:00+05:30,136850.0,136895.0,136810.0,136815.0,6
2025-06-10T13:37:00+05:30,136890.0,136900.0,136810.0,136810.0,20
2025-06-10T13:38:00+05:30,136885.0,136885.0,136800.0,136800.0,6
2025-06-10T13:39:00+05:30,136885.0,136885.0,136800.0,136880.0,5
2025-06-10T13:40:00+05:30,136880.0,136885.0,136810.0,136810.0,5
2025-06-10T13:41:00+05:30,136885.0,136885.0,136815.0,136815.0,2
2025-06-10T13:42:00+05:30,136820.0,136890.0,136820.0,136875.0,23
2025-06-10T13:43:00+05:30,136890.0,136890.0,136875.0,136875.0,3
2025-06-10T13:44:00+05:30,136890.0,136890.0,136875.0,136890.0,3
2025-06-10T13:45:00+05:30,136875.0,136900.0,136875.0,136875.0,3
2025-06-10T13:46:00+05:30,136920.0,136925.0,136825.0,136845.0,9
2025-06-10T13:47:00+05:30,136815.0,136815.0,136815.0,136815.0,1
2025-06-10T13:49:00+05:30,136920.0,136925.0,136845.0,136920.0,5
2025-06-10T13:50:00+05:30,136850.0,136850.0,136850.0,136850.0,1
2025-06-10T13:51:00+05:30,136850.0,136850.0,136820.0,136820.0,4
2025-06-10T13:52:00+05:30,136825.0,136830.0,136820.0,136830.0,10
2025-06-10T13:53:00+05:30,136820.0,136820.0,136800.0,136800.0,18
2025-06-10T13:54:00+05:30,136835.0,136835.0,136745.0,136830.0,23
2025-06-10T13:55:00+05:30,136745.0,136835.0,136745.0,136760.0,20
2025-06-10T13:56:00+05:30,136835.0,136855.0,136800.0,136800.0,9
2025-06-10T13:57:00+05:30,136890.0,136890.0,136890.0,136890.0,1
2025-06-10T13:58:00+05:30,136905.0,136905.0,136805.0,136900.0,3
2025-06-10T13:59:00+05:30,136850.0,136895.0,136755.0,136800.0,19
2025-06-10T14:00:00+05:30,136800.0,136800.0,136800.0,136800.0,1
2025-06-10T14:01:00+05:30,136890.0,136890.0,136720.0,136765.0,36
2025-06-10T14:02:00+05:30,136765.0,136875.0,136750.0,136750.0,7
2025-06-10T14:03:00+05:30,136850.0,136865.0,136835.0,136845.0,21
2025-06-10T14:04:00+05:30,136900.0,137285.0,136900.0,137285.0,103
2025-06-10T14:05:00+05:30,137290.0,137400.0,137170.0,137400.0,57
2025-06-10T14:06:00+05:30,137395.0,137490.0,137290.0,137490.0,43
2025-06-10T14:07:00+05:30,137395.0,137700.0,137345.0,137600.0,149
2025-06-10T14:08:00+05:30,137585.0,137600.0,137420.0,137420.0,54
2025-06-10T14:09:00+05:30,137430.0,137510.0,137430.0,137510.0,10
2025-06-10T14:10:00+05:30,137435.0,137520.0,137435.0,137440.0,5
2025-06-10T14:11:00+05:30,137440.0,137515.0,137425.0,137425.0,7
2025-06-10T14:12:00+05:30,137510.0,137550.0,137425.0,137550.0,23
2025-06-10T14:13:00+05:30,137545.0,137550.0,137460.0,137465.0,8
2025-06-10T14:14:00+05:30,137465.0,137550.0,137465.0,137550.0,64
2025-06-10T14:15:00+05:30,137590.0,137800.0,137590.0,137770.0,90
2025-06-10T14:16:00+05:30,137750.0,137985.0,137750.0,137985.0,91
2025-06-10T14:17:00+05:30,137950.0,137950.0,137890.0,137905.0,20
2025-06-10T14:18:00+05:30,137905.0,138050.0,137665.0,138050.0,85
2025-06-10T14:19:00+05:30,138060.0,138150.0,137865.0,138110.0,136
2025-06-10T14:20:00+05:30,138100.0,138110.0,138000.0,138000.0,19
2025-06-10T14:21:00+05:30,138000.0,138055.0,137885.0,138000.0,16
2025-06-10T14:22:00+05:30,138000.0,138050.0,137960.0,138045.0,14
2025-06-10T14:23:00+05:30,137960.0,137995.0,137890.0,137900.0,15
2025-06-10T14:24:00+05:30,137900.0,137900.0,137900.0,137900.0,18
2025-06-10T14:25:00+05:30,137915.0,137990.0,137815.0,137860.0,18
2025-06-10T14:26:00+05:30,137865.0,137990.0,137865.0,137990.0,29
2025-06-10T14:27:00+05:30,137890.0,137995.0,137890.0,137895.0,14
2025-06-10T14:28:00+05:30,137895.0,137935.0,137865.0,137870.0,10
2025-06-10T14:29:00+05:30,137870.0,137940.0,137865.0,137940.0,12
2025-06-10T14:30:00+05:30,137945.0,137965.0,137710.0,137965.0,45
2025-06-10T14:31:00+05:30,137900.0,137925.0,137610.0,137770.0,68
2025-06-10T14:32:00+05:30,137800.0,137855.0,137605.0,137740.0,30
2025-06-10T14:33:00+05:30,137740.0,137840.0,137740.0,137750.0,5
2025-06-10T14:34:00+05:30,137750.0,137810.0,137680.0,137705.0,34
2025-06-10T14:35:00+05:30,137750.0,137750.0,137680.0,137740.0,12
2025-06-10T14:36:00+05:30,137750.0,137750.0,137680.0,137680.0,6
2025-06-10T14:37:00+05:30,137680.0,137780.0,137650.0,137780.0,51
2025-06-10T14:38:00+05:30,137790.0,137855.0,137780.0,137780.0,7
2025-06-10T14:39:00+05:30,137790.0,137850.0,137690.0,137690.0,14
2025-06-10T14:40:00+05:30,137720.0,137820.0,137720.0,137725.0,4
2025-06-10T14:41:00+05:30,137725.0,137805.0,137705.0,137785.0,5
2025-06-10T14:42:00+05:30,137695.0,137790.0,137695.0,137790.0,8
2025-06-10T14:43:00+05:30,137710.0,137710.0,137705.0,137705.0,4
2025-06-10T14:44:00+05:30,137705.0,137710.0,137705.0,137705.0,6
2025-06-10T14:45:00+05:30,137785.0,137790.0,137705.0,137705.0,9
2025-06-10T14:46:00+05:30,137785.0,137895.0,137705.0,137850.0,18
2025-06-10T14:47:00+05:30,137895.0,137895.0,137750.0,137750.0,7
2025-06-10T14:48:00+05:30,137750.0,137875.0,137750.0,137845.0,5
2025-06-10T14:49:00+05:30,137750.0,137750.0,137715.0,137715.0,9
2025-06-10T14:50:00+05:30,137715.0,137800.0,137715.0,137750.0,7
2025-06-10T14:51:00+05:30,137835.0,137835.0,137785.0,137785.0,2
2025-06-10T14:52:00+05:30,137750.0,137785.0,137700.0,137780.0,19
2025-06-10T14:53:00+05:30,137720.0,137780.0,137720.0,137780.0,7
2025-06-10T14:54:00+05:30,137770.0,137770.0,137670.0,137670.0,12
2025-06-10T14:55:00+05:30,137775.0,137780.0,137725.0,137780.0,6
2025-06-10T14:56:00+05:30,137685.0,137685.0,137680.0,137680.0,12
2025-06-10T14:57:00+05:30,137675.0,137760.0,137675.0,137760.0,4
2025-06-10T14:58:00+05:30,137755.0,137755.0,137670.0,137670.0,3
2025-06-10T14:59:00+05:30,137670.0,137670.0,137670.0,137670.0,1
2025-06-10T15:00:00+05:30,137670.0,138490.0,137400.0,138105.0,427
2025-06-10T15:01:00+05:30,138110.0,138270.0,138110.0,138245.0,49
2025-06-10T15:02:00+05:30,138180.0,138250.0,138080.0,138085.0,42
2025-06-10T15:03:00+05:30,138085.0,138130.0,137950.0,137955.0,74
2025-06-10T15:04:00+05:30,137970.0,138000.0,137970.0,137975.0,31
2025-06-10T15:05:00+05:30,137975.0,138000.0,137970.0,137970.0,13
2025-06-10T15:06:00+05:30,137970.0,137995.0,137970.0,137970.0,18
2025-06-10T15:07:00+05:30,137970.0,137990.0,137915.0,137915.0,64
2025-06-10T15:08:00+05:30,137945.0,137990.0,137915.0,137950.0,31
2025-06-10T15:09:00+05:30,137950.0,137990.0,137950.0,137975.0,24
2025-06-10T15:10:00+05:30,137975.0,138080.0,137905.0,137955.0,120
2025-06-10T15:11:00+05:30,137965.0,138000.0,137875.0,137950.0,49
2025-06-10T15:12:00+05:30,137955.0,137995.0,137905.0,137930.0,31
2025-06-10T15:13:00+05:30,137930.0,137930.0,137810.0,137865.0,98
2025-06-10T15:14:00+05:30,137895.0,137895.0,137820.0,137825.0,40
2025-06-10T15:15:00+05:30,137845.0,137855.0,137810.0,137855.0,43
2025-06-10T15:16:00+05:30,137855.0,137855.0,137795.0,137795.0,92
2025-06-10T15:17:00+05:30,137810.0,137840.0,137800.0,137800.0,37
2025-06-10T15:18:00+05:30,137800.0,137815.0,137605.0,137730.0,89
2025-06-10T15:19:00+05:30,137675.0,137910.0,137510.0,137865.0,84
2025-06-10T15:20:00+05:30,137805.0,137840.0,137510.0,137675.0,92
2025-06-10T15:21:00+05:30,137750.0,137785.0,137500.0,137675.0,38
2025-06-10T15:22:00+05:30,137580.0,137695.0,137580.0,137660.0,33
2025-06-10T15:23:00+05:30,137680.0,137690.0,137605.0,137685.0,38
2025-06-10T15:24:00+05:30,137605.0,137685.0,137500.0,137600.0,86
2025-06-10T15:25:00+05:30,137550.0,137610.0,137500.0,137560.0,27
2025-06-10T15:26:00+05:30,137560.0,137650.0,137500.0,137545.0,30
2025-06-10T15:27:00+05:30,137640.0,137640.0,137375.0,137475.0,58
2025-06-10T15:28:00+05:30,137475.0,137600.0,137285.0,137470.0,41
2025-06-10T15:29:00+05:30,137470.0,137660.0,137250.0,137460.0,41
2025-06-11T09:15:00+05:30,138060.0,139450.0,138005.0,138685.0,164
2025-06-11T09:16:00+05:30,138715.0,139100.0,138715.0,138870.0,59
2025-06-11T09:17:00+05:30,138980.0,139100.0,138825.0,139095.0,83
2025-06-11T09:18:00+05:30,139005.0,139185.0,138905.0,139035.0,53
2025-06-11T09:19:00+05:30,139040.0,139115.0,138900.0,138905.0,23
2025-06-11T09:20:00+05:30,138910.0,139010.0,138755.0,138900.0,86
2025-06-11T09:21:00+05:30,138860.0,138865.0,138795.0,138805.0,10
2025-06-11T09:22:00+05:30,138935.0,138935.0,138815.0,138935.0,14
2025-06-11T09:23:00+05:30,138825.0,139115.0,138820.0,139115.0,56
2025-06-11T09:24:00+05:30,138975.0,138975.0,138820.0,138835.0,22
2025-06-11T09:25:00+05:30,138820.0,138975.0,138800.0,138800.0,19
2025-06-11T09:26:00+05:30,138800.0,138890.0,138600.0,138600.0,94
2025-06-11T09:27:00+05:30,138600.0,138690.0,138510.0,138685.0,33
2025-06-11T09:28:00+05:30,138685.0,138690.0,138520.0,138690.0,23
2025-06-11T09:29:00+05:30,138690.0,138690.0,138555.0,138555.0,11
2025-06-11T09:30:00+05:30,138665.0,138665.0,138505.0,138505.0,8
2025-06-11T09:31:00+05:30,138500.0,138500.0,138305.0,138495.0,32
2025-06-11T09:32:00+05:30,138400.0,138460.0,138305.0,138315.0,26
2025-06-11T09:33:00+05:30,138315.0,138500.0,138305.0,138500.0,10
2025-06-11T09:34:00+05:30,138400.0,138680.0,138400.0,138525.0,39
2025-06-11T09:35:00+05:30,138530.0,138530.0,138500.0,138500.0,13
2025-06-11T09:36:00+05:30,138595.0,138595.0,138335.0,138445.0,35
2025-06-11T09:37:00+05:30,138500.0,138575.0,138355.0,138445.0,14
2025-06-11T09:38:00+05:30,138505.0,138700.0,138440.0,138505.0,49
2025-06-11T09:39:00+05:30,138505.0,138665.0,138500.0,138665.0,10
2025-06-11T09:40:00+05:30,138530.0,138590.0,138530.0,138530.0,6
2025-06-11T09:41:00+05:30,138615.0,138615.0,138515.0,138515.0,9
2025-06-11T09:42:00+05:30,138545.0,138660.0,138545.0,138660.0,2
2025-06-11T09:44:00+05:30,138545.0,138690.0,138545.0,138680.0,49
2025-06-11T09:45:00+05:30,138550.0,138550.0,138550.0,138550.0,3
2025-06-11T09:46:00+05:30,138600.0,138685.0,138600.0,138685.0,1
2025-06-11T09:47:00+05:30,138600.0,138600.0,138545.0,138600.0,13
2025-06-11T09:48:00+05:30,138600.0,138650.0,138405.0,138405.0,37
2025-06-11T09:49:00+05:30,138400.0,138400.0,138400.0,138400.0,2
2025-06-11T09:50:00+05:30,138400.0,138535.0,138400.0,138400.0,8
2025-06-11T09:51:00+05:30,138400.0,138595.0,138400.0,138400.0,23
2025-06-11T09:52:00+05:30,138400.0,138450.0,138295.0,138295.0,48
2025-06-11T09:53:00+05:30,138230.0,138350.0,138200.0,138350.0,17
2025-06-11T09:54:00+05:30,138400.0,138400.0,138400.0,138400.0,1
2025-06-11T09:55:00+05:30,138400.0,138400.0,138325.0,138325.0,5
2025-06-11T09:56:00+05:30,138335.0,138405.0,138325.0,138325.0,11
2025-06-11T09:57:00+05:30,138420.0,138515.0,138330.0,138500.0,5
2025-06-11T09:58:00+05:30,138520.0,138520.0,138360.0,138365.0,9
2025-06-11T09:59:00+05:30,138485.0,138485.0,138485.0,138485.0,1
2025-06-11T10:00:00+05:30,138395.0,138495.0,138395.0,138495.0,2
2025-06-11T10:01:00+05:30,138530.0,138530.0,138400.0,138400.0,7
2025-06-11T10:02:00+05:30,138485.0,138700.0,138405.0,138410.0,40
2025-06-11T10:03:00+05:30,138400.0,138595.0,138300.0,138415.0,48
2025-06-11T10:04:00+05:30,138400.0,138400.0,138400.0,138400.0,2
2025-06-11T10:05:00+05:30,138415.0,138430.0,138300.0,138370.0,40
2025-06-11T10:06:00+05:30,138370.0,138370.0,138370.0,138370.0,2
2025-06-11T10:07:00+05:30,138495.0,138500.0,138370.0,138500.0,9
2025-06-11T10:08:00+05:30,138495.0,138495.0,138200.0,138200.0,58
2025-06-11T10:09:00+05:30,138315.0,138415.0,138260.0,138335.0,12
2025-06-11T10:10:00+05:30,138210.0,138345.0,138210.0,138215.0,5
2025-06-11T10:11:00+05:30,138215.0,138340.0,138215.0,138215.0,7
2025-06-11T10:12:00+05:30,138215.0,138325.0,138200.0,138210.0,21
2025-06-11T10:13:00+05:30,138115.0,138260.0,138115.0,138240.0,11
2025-06-11T10:14:00+05:30,138200.0,138500.0,138100.0,138235.0,54
2025-06-11T10:15:00+05:30,138170.0,138280.0,138125.0,138125.0,18
2025-06-11T10:16:00+05:30,138325.0,138450.0,138255.0,138400.0,23
2025-06-11T10:17:00+05:30,138245.0,138400.0,138245.0,138400.0,19
2025-06-11T10:18:00+05:30,138390.0,138395.0,138305.0,138390.0,9
2025-06-11T10:19:00+05:30,138390.0,138395.0,138305.0,138395.0,6
2025-06-11T10:20:00+05:30,138400.0,138400.0,138310.0,138310.0,9
2025-06-11T10:21:00+05:30,138400.0,138500.0,138310.0,138375.0,75
2025-06-11T10:22:00+05:30,138375.0,138410.0,138310.0,138410.0,7
2025-06-11T10:23:00+05:30,138410.0,138410.0,138410.0,138410.0,1
2025-06-11T10:24:00+05:30,138400.0,138550.0,138395.0,138550.0,26
2025-06-11T10:25:00+05:30,138550.0,138600.0,138365.0,138600.0,29
2025-06-11T10:26:00+05:30,138600.0,138600.0,138390.0,138390.0,66
2025-06-11T10:28:00+05:30,138545.0,138550.0,138405.0,138495.0,21
2025-06-11T10:30:00+05:30,138495.0,138495.0,138395.0,138395.0,2
2025-06-11T10:31:00+05:30,138395.0,138395.0,138360.0,138360.0,8
2025-06-11T10:32:00+05:30,138400.0,138400.0,138400.0,138400.0,1
2025-06-11T10:33:00+05:30,138400.0,138400.0,138400.0,138400.0,8
2025-06-11T10:34:00+05:30,138490.0,138490.0,138400.0,138400.0,2
2025-06-11T10:35:00+05:30,138400.0,138600.0,138400.0,138460.0,34
2025-06-11T10:36:00+05:30,138400.0,138435.0,138400.0,138435.0,5
2025-06-11T10:37:00+05:30,138380.0,138500.0,138365.0,138365.0,7
2025-06-11T10:38:00+05:30,138500.0,138500.0,138365.0,138365.0,3
2025-06-11T10:39:00+05:30,138365.0,138365.0,138340.0,138340.0,82
2025-06-11T10:40:00+05:30,138300.0,138300.0,138200.0,138200.0,9
2025-06-11T10:41:00+05:30,138185.0,138255.0,138125.0,138245.0,22
2025-06-11T10:42:00+05:30,138125.0,138125.0,138125.0,138125.0,1
2025-06-11T10:43:00+05:30,138300.0,138300.0,138195.0,138210.0,6
2025-06-11T10:44:00+05:30,138210.0,138210.0,138160.0,138160.0,5
2025-06-11T10:45:00+05:30,138165.0,138210.0,138160.0,138195.0,12
2025-06-11T10:46:00+05:30,138320.0,138320.0,138195.0,138195.0,2
2025-06-11T10:47:00+05:30,138195.0,138315.0,138195.0,138315.0,2
2025-06-11T10:48:00+05:30,138315.0,138335.0,138200.0,138335.0,4
2025-06-11T10:49:00+05:30,138215.0,138215.0,138215.0,138215.0,1
2025-06-11T10:50:00+05:30,138215.0,138220.0,138215.0,138220.0,5
2025-06-11T10:51:00+05:30,138220.0,138300.0,138150.0,138150.0,33
2025-06-11T10:52:00+05:30,138230.0,138230.0,138125.0,138125.0,3
2025-06-11T10:53:00+05:30,138125.0,138125.0,138100.0,138100.0,9
2025-06-11T10:54:00+05:30,138105.0,138105.0,138105.0,138105.0,1
2025-06-11T10:55:00+05:30,138105.0,138105.0,138105.0,138105.0,1
2025-06-11T10:56:00+05:30,138110.0,138200.0,138055.0,138200.0,26
2025-06-11T10:57:00+05:30,138180.0,138200.0,138150.0,138150.0,7
2025-06-11T10:58:00+05:30,138150.0,138160.0,138150.0,138160.0,4
2025-06-11T11:01:00+05:30,138150.0,138225.0,138065.0,138225.0,18
2025-06-11T11:02:00+05:30,138140.0,138140.0,138140.0,138140.0,1
2025-06-11T11:03:00+05:30,138195.0,138195.0,138195.0,138195.0,1
2025-06-11T11:04:00+05:30,138110.0,138220.0,138110.0,138125.0,4
2025-06-11T11:05:00+05:30,138125.0,138235.0,138120.0,138235.0,5
2025-06-11T11:06:00+05:30,138195.0,138200.0,138115.0,138115.0,9
2025-06-11T11:07:00+05:30,138110.0,138110.0,138110.0,138110.0,1
2025-06-11T11:08:00+05:30,138110.0,138110.0,138110.0,138110.0,1
2025-06-11T11:09:00+05:30,138175.0,138175.0,138175.0,138175.0,1
2025-06-11T11:10:00+05:30,138195.0,138200.0,138195.0,138200.0,21
2025-06-11T11:11:00+05:30,138160.0,138200.0,138160.0,138200.0,39
2025-06-11T11:12:00+05:30,138200.0,138200.0,138120.0,138200.0,28
2025-06-11T11:14:00+05:30,138190.0,138200.0,138120.0,138120.0,7
2025-06-11T11:15:00+05:30,138120.0,138200.0,138115.0,138200.0,6
2025-06-11T11:16:00+05:30,138200.0,138200.0,138125.0,138200.0,7
2025-06-11T11:17:00+05:30,138240.0,138240.0,138115.0,138220.0,10
2025-06-11T11:18:00+05:30,138220.0,138290.0,138150.0,138285.0,17
2025-06-11T11:19:00+05:30,138285.0,138300.0,138155.0,138180.0,12
2025-06-11T11:21:00+05:30,138185.0,138190.0,138185.0,138190.0,2
2025-06-11T11:22:00+05:30,138280.0,138285.0,138170.0,138170.0,24
2025-06-11T11:23:00+05:30,138150.0,138150.0,138010.0,138085.0,33
2025-06-11T11:24:00+05:30,138085.0,138085.0,138085.0,138085.0,1
2025-06-11T11:25:00+05:30,138085.0,138085.0,138085.0,138085.0,1
2025-06-11T11:26:00+05:30,138225.0,138225.0,138225.0,138225.0,2
2025-06-11T11:27:00+05:30,138090.0,138250.0,138090.0,138250.0,4
2025-06-11T11:28:00+05:30,138115.0,138240.0,138105.0,138105.0,8
2025-06-11T11:29:00+05:30,138110.0,138110.0,138100.0,138100.0,4
2025-06-11T11:30:00+05:30,138085.0,138140.0,138020.0,138040.0,8
2025-06-11T11:31:00+05:30,138040.0,138040.0,138040.0,138040.0,3
2025-06-11T11:32:00+05:30,138045.0,138175.0,138045.0,138045.0,4
2025-06-11T11:33:00+05:30,138045.0,138045.0,138045.0,138045.0,1
2025-06-11T11:35:00+05:30,138170.0,138170.0,138170.0,138170.0,1
2025-06-11T11:36:00+05:30,138050.0,138050.0,138050.0,138050.0,2
2025-06-11T11:37:00+05:30,138170.0,138175.0,138170.0,138175.0,3
2025-06-11T11:38:00+05:30,138065.0,138065.0,138065.0,138065.0,1
2025-06-11T11:39:00+05:30,138070.0,138070.0,138070.0,138070.0,1
2025-06-11T11:40:00+05:30,138150.0,138150.0,138150.0,138150.0,2
2025-06-11T11:42:00+05:30,138070.0,138155.0,138070.0,138155.0,13
2025-06-11T11:43:00+05:30,138150.0,138160.0,138150.0,138155.0,4
2025-06-11T11:44:00+05:30,138155.0,138200.0,138155.0,138200.0,11
2025-06-11T11:45:00+05:30,138085.0,138085.0,138080.0,138080.0,11
2025-06-11T11:46:00+05:30,138080.0,138080.0,138080.0,138080.0,2
2025-06-11T11:47:00+05:30,138200.0,138200.0,138085.0,138085.0,5
2025-06-11T11:49:00+05:30,138200.0,138200.0,138195.0,138195.0,2
2025-06-11T11:50:00+05:30,138195.0,138195.0,138105.0,138105.0,6
2025-06-11T11:51:00+05:30,138200.0,138200.0,138200.0,138200.0,1
2025-06-11T11:52:00+05:30,138200.0,138200.0,138200.0,138200.0,1
2025-06-11T11:54:00+05:30,138200.0,138200.0,138110.0,138110.0,2
2025-06-11T11:55:00+05:30,138195.0,138195.0,138110.0,138110.0,5
2025-06-11T11:56:00+05:30,138110.0,138110.0,138110.0,138110.0,1
2025-06-11T11:57:00+05:30,138110.0,138110.0,138110.0,138110.0,1
2025-06-11T11:58:00+05:30,138120.0,138210.0,138120.0,138210.0,18
2025-06-11T11:59:00+05:30,138125.0,138195.0,138120.0,138120.0,14
2025-06-11T12:00:00+05:30,138115.0,138115.0,138115.0,138115.0,2
2025-06-11T12:01:00+05:30,138235.0,138235.0,138235.0,138235.0,1
2025-06-11T12:02:00+05:30,138235.0,138235.0,138235.0,138235.0,2
2025-06-11T12:03:00+05:30,138115.0,138235.0,138110.0,138110.0,12
2025-06-11T12:04:00+05:30,138230.0,138235.0,138230.0,138235.0,6
2025-06-11T12:05:00+05:30,138115.0,138235.0,138115.0,138235.0,4
2025-06-11T12:06:00+05:30,138115.0,138195.0,138080.0,138195.0,13
2025-06-11T12:07:00+05:30,138120.0,138120.0,138095.0,138095.0,6
2025-06-11T12:08:00+05:30,138095.0,138095.0,138095.0,138095.0,1
2025-06-11T12:10:00+05:30,138100.0,138100.0,138095.0,138095.0,5
2025-06-11T12:11:00+05:30,138095.0,138195.0,138095.0,138100.0,6
2025-06-11T12:12:00+05:30,138100.0,138100.0,138095.0,138095.0,3
2025-06-11T12:13:00+05:30,138200.0,138200.0,138200.0,138200.0,2
2025-06-11T12:14:00+05:30,138100.0,138100.0,138100.0,138100.0,5
2025-06-11T12:15:00+05:30,138235.0,138235.0,138235.0,138235.0,1
2025-06-11T12:18:00+05:30,138100.0,138230.0,138100.0,138105.0,7
2025-06-11T12:19:00+05:30,138105.0,138105.0,138105.0,138105.0,2
2025-06-11T12:21:00+05:30,138105.0,138195.0,138100.0,138195.0,11
2025-06-11T12:23:00+05:30,138100.0,138155.0,138100.0,138155.0,6
2025-06-11T12:26:00+05:30,138155.0,138155.0,138155.0,138155.0,8
2025-06-11T12:27:00+05:30,138095.0,138175.0,138080.0,138175.0,7
2025-06-11T12:28:00+05:30,138070.0,138070.0,138070.0,138070.0,1
2025-06-11T12:30:00+05:30,138085.0,138085.0,138085.0,138085.0,1
2025-06-11T12:31:00+05:30,138180.0,138180.0,138085.0,138085.0,2
2025-06-11T12:32:00+05:30,138070.0,138185.0,138070.0,138185.0,2
2025-06-11T12:33:00+05:30,138090.0,138090.0,138070.0,138070.0,17
2025-06-11T12:34:00+05:30,138055.0,138055.0,138040.0,138055.0,10
2025-06-11T12:35:00+05:30,138055.0,138095.0,138000.0,138000.0,71
2025-06-11T12:36:00+05:30,138000.0,138095.0,138000.0,138000.0,6
2025-06-11T12:37:00+05:30,138005.0,138005.0,138000.0,138000.0,7
2025-06-11T12:38:00+05:30,138000.0,138000.0,138000.0,138000.0,1
2025-06-11T12:39:00+05:30,138005.0,138005.0,137915.0,137915.0,77
2025-06-11T12:40:00+05:30,137900.0,137900.0,137660.0,137830.0,97
2025-06-11T12:41:00+05:30,137800.0,137800.0,137705.0,137800.0,3
2025-06-11T12:42:00+05:30,137800.0,137800.0,137705.0,137800.0,34
2025-06-11T12:43:00+05:30,137815.0,137945.0,137815.0,137825.0,5
2025-06-11T12:44:00+05:30,137830.0,137835.0,137830.0,137835.0,4
2025-06-11T12:45:00+05:30,137830.0,137945.0,137825.0,137840.0,30
2025-06-11T12:46:00+05:30,137950.0,137955.0,137830.0,137940.0,7
2025-06-11T12:47:00+05:30,137955.0,137985.0,137955.0,137985.0,7
2025-06-11T12:48:00+05:30,137900.0,137905.0,137900.0,137900.0,5
2025-06-11T12:49:00+05:30,137900.0,137965.0,137900.0,137965.0,3
2025-06-11T12:50:00+05:30,137885.0,137885.0,137885.0,137885.0,2
2025-06-11T12:51:00+05:30,137885.0,137965.0,137885.0,137965.0,9
2025-06-11T12:52:00+05:30,137890.0,137905.0,137835.0,137835.0,8
2025-06-11T12:53:00+05:30,137835.0,137835.0,137820.0,137820.0,4
2025-06-11T12:54:00+05:30,137815.0,137815.0,137815.0,137815.0,2
2025-06-11T12:55:00+05:30,137810.0,137820.0,137800.0,137800.0,41
2025-06-11T12:56:00+05:30,137805.0,137810.0,137805.0,137810.0,3
2025-06-11T12:57:00+05:30,137910.0,137915.0,137910.0,137915.0,2
2025-06-11T12:58:00+05:30,137810.0,137915.0,137810.0,137915.0,2
2025-06-11T12:59:00+05:30,137900.0,137900.0,137900.0,137900.0,1
2025-06-11T13:00:00+05:30,137825.0,137825.0,137825.0,137825.0,2
2025-06-11T13:01:00+05:30,137825.0,137825.0,137810.0,137810.0,6
2025-06-11T13:04:00+05:30,137810.0,137920.0,137810.0,137920.0,4
2025-06-11T13:05:00+05:30,137925.0,137925.0,137810.0,137915.0,4
2025-06-11T13:06:00+05:30,137820.0,137915.0,137820.0,137915.0,4
2025-06-11T13:07:00+05:30,137955.0,137955.0,137955.0,137955.0,1
2025-06-11T13:08:00+05:30,137860.0,137860.0,137860.0,137860.0,1
2025-06-11T13:09:00+05:30,137900.0,137900.0,137860.0,137860.0,6
2025-06-11T13:11:00+05:30,137960.0,137960.0,137895.0,137895.0,2
2025-06-11T13:12:00+05:30,137900.0,137965.0,137895.0,137900.0,10
2025-06-11T13:13:00+05:30,137900.0,137900.0,137880.0,137880.0,5
2025-06-11T13:14:00+05:30,137985.0,137985.0,137860.0,137860.0,2
2025-06-11T13:15:00+05:30,137860.0,137860.0,137750.0,137750.0,32
2025-06-11T13:16:00+05:30,137750.0,137825.0,137750.0,137825.0,2
2025-06-11T13:17:00+05:30,137825.0,137825.0,137825.0,137825.0,3
2025-06-11T13:18:00+05:30,137825.0,137825.0,137825.0,137825.0,2
2025-06-11T13:19:00+05:30,137835.0,137835.0,137750.0,137750.0,4
2025-06-11T13:20:00+05:30,137835.0,137860.0,137750.0,137750.0,3
2025-06-11T13:21:00+05:30,137780.0,137780.0,137780.0,137780.0,2
2025-06-11T13:22:00+05:30,137800.0,137885.0,137750.0,137760.0,12
2025-06-11T13:23:00+05:30,137775.0,137945.0,137775.0,137800.0,4
2025-06-11T13:24:00+05:30,137800.0,137800.0,137800.0,137800.0,16
2025-06-11T13:25:00+05:30,137800.0,137800.0,137800.0,137800.0,1
2025-06-11T13:26:00+05:30,137800.0,137800.0,137760.0,137760.0,10
2025-06-11T13:27:00+05:30,137870.0,137870.0,137870.0,137870.0,1
2025-06-11T13:28:00+05:30,137770.0,137860.0,137750.0,137750.0,3
2025-06-11T13:29:00+05:30,137755.0,137800.0,137755.0,137800.0,5
2025-06-11T13:30:00+05:30,137800.0,137800.0,137650.0,137650.0,31
2025-06-11T13:31:00+05:30,137600.0,137640.0,137515.0,137640.0,31
2025-06-11T13:32:00+05:30,137675.0,137675.0,137520.0,137600.0,29
2025-06-11T13:33:00+05:30,137650.0,137650.0,137550.0,137550.0,11
2025-06-11T13:34:00+05:30,137550.0,137550.0,137550.0,137550.0,10
2025-06-11T13:35:00+05:30,137550.0,137650.0,137550.0,137650.0,3
2025-06-11T13:36:00+05:30,137650.0,137650.0,137650.0,137650.0,2
2025-06-11T13:37:00+05:30,137650.0,137675.0,137650.0,137675.0,2
2025-06-11T13:38:00+05:30,137720.0,137730.0,137720.0,137730.0,2
2025-06-11T13:39:00+05:30,137700.0,137790.0,137700.0,137790.0,7
2025-06-11T13:40:00+05:30,137790.0,137790.0,137790.0,137790.0,2
2025-06-11T13:41:00+05:30,137790.0,137790.0,137790.0,137790.0,3
2025-06-11T13:42:00+05:30,137790.0,137790.0,137790.0,137790.0,1
2025-06-11T13:43:00+05:30,137790.0,137790.0,137555.0,137635.0,26
2025-06-11T13:44:00+05:30,137555.0,137575.0,137505.0,137505.0,24
2025-06-11T13:45:00+05:30,137505.0,137525.0,137505.0,137525.0,5
2025-06-11T13:46:00+05:30,137575.0,137575.0,137450.0,137450.0,56
2025-06-11T13:47:00+05:30,137455.0,137455.0,137350.0,137350.0,25
2025-06-11T13:48:00+05:30,137350.0,137535.0,137165.0,137510.0,89
2025-06-11T13:49:00+05:30,137495.0,137495.0,137435.0,137460.0,12
2025-06-11T13:50:00+05:30,137350.0,137350.0,137350.0,137350.0,1
2025-06-11T13:51:00+05:30,137460.0,137490.0,137455.0,137455.0,6
2025-06-11T13:52:00+05:30,137500.0,137500.0,137340.0,137425.0,19
2025-06-11T13:53:00+05:30,137355.0,137425.0,137355.0,137425.0,4
2025-06-11T13:54:00+05:30,137425.0,137425.0,137350.0,137350.0,5
2025-06-11T13:55:00+05:30,137425.0,137525.0,137355.0,137525.0,11
2025-06-11T13:56:00+05:30,137515.0,137515.0,137300.0,137435.0,50
2025-06-11T13:57:00+05:30,137435.0,137450.0,137370.0,137370.0,20
2025-06-11T13:58:00+05:30,137370.0,137495.0,137370.0,137445.0,15
2025-06-11T13:59:00+05:30,137370.0,137515.0,137370.0,137515.0,10
2025-06-11T14:00:00+05:30,137500.0,137500.0,137400.0,137400.0,4
2025-06-11T14:01:00+05:30,137500.0,137500.0,137350.0,137350.0,20
2025-06-11T14:02:00+05:30,137300.0,137380.0,137300.0,137305.0,8
2025-06-11T14:03:00+05:30,137305.0,137305.0,137250.0,137270.0,34
2025-06-11T14:04:00+05:30,137230.0,137285.0,137200.0,137200.0,19
2025-06-11T14:05:00+05:30,137200.0,137200.0,137170.0,137170.0,3
2025-06-11T14:06:00+05:30,137180.0,137275.0,137150.0,137150.0,3
2025-06-11T14:07:00+05:30,137180.0,137200.0,137180.0,137200.0,2
2025-06-11T14:08:00+05:30,137300.0,137335.0,137215.0,137215.0,11
2025-06-11T14:09:00+05:30,137295.0,137295.0,137210.0,137210.0,9
2025-06-11T14:10:00+05:30,137210.0,137295.0,137210.0,137210.0,10
2025-06-11T14:11:00+05:30,137215.0,137215.0,137215.0,137215.0,4
2025-06-11T14:12:00+05:30,137285.0,137295.0,137215.0,137295.0,7
2025-06-11T14:13:00+05:30,137215.0,137290.0,137215.0,137290.0,2
2025-06-11T14:14:00+05:30,137215.0,137295.0,137155.0,137215.0,49
2025-06-11T14:15:00+05:30,137210.0,137330.0,137210.0,137330.0,12
2025-06-11T14:16:00+05:30,137310.0,137310.0,137310.0,137310.0,2
2025-06-11T14:17:00+05:30,137285.0,137375.0,137285.0,137300.0,4
2025-06-11T14:18:00+05:30,137395.0,137395.0,137325.0,137330.0,5
2025-06-11T14:19:00+05:30,137445.0,137445.0,137330.0,137445.0,7
2025-06-11T14:20:00+05:30,137350.0,137440.0,137350.0,137440.0,5
2025-06-11T14:21:00+05:30,137430.0,137440.0,137430.0,137440.0,20
2025-06-11T14:22:00+05:30,137440.0,137440.0,137430.0,137430.0,3
2025-06-11T14:23:00+05:30,137430.0,137560.0,137390.0,137390.0,30
2025-06-11T14:24:00+05:30,137390.0,137485.0,137385.0,137485.0,3
2025-06-11T14:25:00+05:30,137465.0,137465.0,137385.0,137385.0,2
2025-06-11T14:26:00+05:30,137390.0,137490.0,137390.0,137425.0,14
2025-06-11T14:27:00+05:30,137390.0,137420.0,137380.0,137380.0,10
2025-06-11T14:28:00+05:30,137360.0,137370.0,137360.0,137370.0,4
2025-06-11T14:29:00+05:30,137350.0,137390.0,137330.0,137390.0,6
2025-06-11T14:30:00+05:30,137325.0,137325.0,137300.0,137300.0,3
2025-06-11T14:31:00+05:30,137300.0,137300.0,137300.0,137300.0,1
2025-06-11T14:32:00+05:30,137300.0,137300.0,137300.0,137300.0,1
2025-06-11T14:33:00+05:30,137300.0,137300.0,137300.0,137300.0,1
2025-06-11T14:34:00+05:30,137385.0,137385.0,137300.0,137300.0,5
2025-06-11T14:35:00+05:30,137300.0,137385.0,137300.0,137305.0,9
2025-06-11T14:36:00+05:30,137385.0,137385.0,137380.0,137380.0,2
2025-06-11T14:37:00+05:30,137380.0,137390.0,137305.0,137305.0,10
2025-06-11T14:39:00+05:30,137305.0,137305.0,137305.0,137305.0,1
2025-06-11T14:40:00+05:30,137375.0,137420.0,137305.0,137330.0,13
2025-06-11T14:41:00+05:30,137415.0,137415.0,137330.0,137395.0,12
2025-06-11T14:42:00+05:30,137395.0,137395.0,137395.0,137395.0,5
2025-06-11T14:43:00+05:30,137315.0,137315.0,137315.0,137315.0,3
2025-06-11T14:44:00+05:30,137385.0,137385.0,137385.0,137385.0,3
2025-06-11T14:45:00+05:30,137320.0,137380.0,137320.0,137320.0,5
2025-06-11T14:46:00+05:30,137380.0,137380.0,137380.0,137380.0,2
2025-06-11T14:47:00+05:30,137320.0,137320.0,137320.0,137320.0,2
2025-06-11T14:48:00+05:30,137375.0,137380.0,137320.0,137320.0,31
2025-06-11T14:49:00+05:30,137320.0,137320.0,137320.0,137320.0,4
2025-06-11T14:50:00+05:30,137320.0,137355.0,137320.0,137355.0,14
2025-06-11T14:51:00+05:30,137325.0,137380.0,137320.0,137375.0,18
2025-06-11T14:52:00+05:30,137380.0,137380.0,137330.0,137330.0,5
2025-06-11T14:53:00+05:30,137380.0,137445.0,137365.0,137370.0,6
2025-06-11T14:54:00+05:30,137370.0,137400.0,137370.0,137400.0,2
2025-06-11T14:55:00+05:30,137370.0,137370.0,137315.0,137315.0,8
2025-06-11T14:56:00+05:30,137315.0,137325.0,137315.0,137325.0,3
2025-06-11T14:57:00+05:30,137380.0,137380.0,137200.0,137200.0,17
2025-06-11T14:58:00+05:30,137215.0,137250.0,137155.0,137200.0,15
2025-06-11T14:59:00+05:30,137200.0,137200.0,137195.0,137195.0,4
2025-06-11T15:00:00+05:30,137175.0,137350.0,137000.0,137000.0,100
2025-06-11T15:01:00+05:30,137000.0,137020.0,137000.0,137015.0,42
2025-06-11T15:02:00+05:30,137015.0,137095.0,137015.0,137015.0,13
2025-06-11T15:03:00+05:30,137015.0,137060.0,137015.0,137030.0,16
2025-06-11T15:04:00+05:30,137030.0,137030.0,137015.0,137015.0,16
2025-06-11T15:05:00+05:30,137015.0,137130.0,137000.0,137095.0,30
2025-06-11T15:06:00+05:30,137000.0,137015.0,137000.0,137015.0,14
2025-06-11T15:07:00+05:30,137000.0,137010.0,137000.0,137000.0,34
2025-06-11T15:08:00+05:30,137000.0,137005.0,137000.0,137000.0,12
2025-06-11T15:09:00+05:30,137005.0,137030.0,137000.0,137005.0,19
2025-06-11T15:10:00+05:30,137030.0,137200.0,137010.0,137140.0,26
2025-06-11T15:11:00+05:30,137140.0,137205.0,137135.0,137190.0,10
2025-06-11T15:12:00+05:30,137185.0,137185.0,137095.0,137100.0,12
2025-06-11T15:13:00+05:30,137100.0,137175.0,137065.0,137175.0,41
2025-06-11T15:14:00+05:30,137105.0,137350.0,137050.0,137050.0,67
2025-06-11T15:15:00+05:30,137035.0,137150.0,137000.0,137035.0,58
2025-06-11T15:16:00+05:30,137040.0,137040.0,136600.0,136720.0,183
2025-06-11T15:17:00+05:30,136700.0,136720.0,136700.0,136700.0,19
2025-06-11T15:18:00+05:30,136700.0,136725.0,136505.0,136555.0,82
2025-06-11T15:19:00+05:30,136660.0,136735.0,136565.0,136735.0,54
2025-06-11T15:20:00+05:30,136710.0,136820.0,136500.0,136820.0,162
2025-06-11T15:21:00+05:30,136650.0,136730.0,136600.0,136730.0,21
2025-06-11T15:22:00+05:30,136730.0,136860.0,136730.0,136775.0,17
2025-06-11T15:23:00+05:30,136740.0,136790.0,136610.0,136670.0,44
2025-06-11T15:24:00+05:30,136625.0,136810.0,136615.0,136800.0,38
2025-06-11T15:25:00+05:30,136805.0,136865.0,136805.0,136865.0,13
2025-06-11T15:26:00+05:30,136850.0,136900.0,136850.0,136900.0,17
2025-06-11T15:27:00+05:30,136910.0,136930.0,136900.0,136930.0,31
2025-06-11T15:28:00+05:30,136950.0,137145.0,136935.0,137035.0,30
2025-06-11T15:29:00+05:30,137125.0,137150.0,136800.0,137045.0,48
2025-06-12T09:15:00+05:30,137480.0,137770.0,136530.0,136805.0,250
2025-06-12T09:16:00+05:30,136810.0,137075.0,135500.0,135610.0,255
2025-06-12T09:17:00+05:30,135605.0,136400.0,135500.0,136215.0,181
2025-06-12T09:18:00+05:30,136360.0,136420.0,135935.0,136050.0,164
2025-06-12T09:19:00+05:30,136050.0,136290.0,136000.0,136080.0,42
2025-06-12T09:20:00+05:30,136075.0,136185.0,136000.0,136000.0,53
2025-06-12T09:21:00+05:30,136000.0,136160.0,135875.0,136025.0,55
2025-06-12T09:22:00+05:30,136150.0,136155.0,135900.0,135915.0,46
2025-06-12T09:23:00+05:30,135905.0,136025.0,135875.0,135945.0,34
2025-06-12T09:24:00+05:30,135860.0,136015.0,135800.0,135905.0,58
2025-06-12T09:25:00+05:30,135800.0,135905.0,135800.0,135905.0,9
2025-06-12T09:26:00+05:30,135885.0,135905.0,135860.0,135870.0,35
2025-06-12T09:27:00+05:30,135915.0,135960.0,135830.0,135850.0,44
2025-06-12T09:28:00+05:30,135830.0,135850.0,135750.0,135810.0,48
2025-06-12T09:29:00+05:30,135815.0,135955.0,135810.0,135850.0,5
2025-06-12T09:30:00+05:30,135840.0,135985.0,135840.0,135950.0,34
2025-06-12T09:31:00+05:30,135860.0,136020.0,135860.0,136020.0,21
2025-06-12T09:32:00+05:30,136020.0,136045.0,135800.0,135915.0,27
2025-06-12T09:33:00+05:30,135915.0,135935.0,135840.0,135935.0,8
2025-06-12T09:34:00+05:30,135855.0,135985.0,135855.0,135870.0,5
2025-06-12T09:35:00+05:30,135990.0,136085.0,135915.0,135950.0,14
2025-06-12T09:36:00+05:30,136050.0,136115.0,135870.0,135870.0,62
2025-06-12T09:37:00+05:30,135855.0,135875.0,135840.0,135875.0,18
2025-06-12T09:38:00+05:30,135875.0,135905.0,135630.0,135735.0,98
2025-06-12T09:39:00+05:30,135800.0,135850.0,135655.0,135660.0,27
2025-06-12T09:40:00+05:30,135775.0,135775.0,135665.0,135670.0,11
2025-06-12T09:41:00+05:30,135775.0,135775.0,135670.0,135765.0,7
2025-06-12T09:42:00+05:30,135790.0,135790.0,135680.0,135790.0,11
2025-06-12T09:43:00+05:30,135680.0,135805.0,135625.0,135625.0,42
2025-06-12T09:44:00+05:30,135710.0,135745.0,135630.0,135735.0,7
2025-06-12T09:45:00+05:30,135740.0,135740.0,135640.0,135700.0,8
2025-06-12T09:46:00+05:30,135735.0,135740.0,135635.0,135635.0,8
2025-06-12T09:47:00+05:30,135740.0,135740.0,135635.0,135685.0,10
2025-06-12T09:48:00+05:30,135650.0,135730.0,135640.0,135730.0,5
2025-06-12T09:49:00+05:30,135640.0,136015.0,135620.0,135620.0,99
2025-06-12T09:50:00+05:30,135640.0,135810.0,135605.0,135640.0,57
2025-06-12T09:51:00+05:30,135750.0,135750.0,135600.0,135715.0,16
2025-06-12T09:52:00+05:30,135620.0,136095.0,135615.0,136030.0,33
2025-06-12T09:53:00+05:30,135925.0,136030.0,135895.0,136015.0,29
2025-06-12T09:54:00+05:30,136015.0,136030.0,135970.0,136030.0,5
2025-06-12T09:55:00+05:30,135980.0,136580.0,135915.0,136580.0,1110
2025-06-12T09:56:00+05:30,136460.0,136485.0,136085.0,136135.0,59
2025-06-12T09:57:00+05:30,136135.0,136335.0,136105.0,136220.0,23
2025-06-12T09:58:00+05:30,136220.0,136350.0,136130.0,136350.0,24
2025-06-12T09:59:00+05:30,136350.0,136350.0,136250.0,136250.0,3
2025-06-12T10:00:00+05:30,136350.0,136500.0,136350.0,136445.0,69
2025-06-12T10:01:00+05:30,136295.0,136445.0,136290.0,136325.0,24
2025-06-12T10:02:00+05:30,136265.0,136450.0,136265.0,136450.0,10
2025-06-12T10:03:00+05:30,136480.0,136480.0,136375.0,136465.0,7
2025-06-12T10:04:00+05:30,136465.0,136465.0,136460.0,136460.0,4
2025-06-12T10:05:00+05:30,136360.0,136360.0,136355.0,136355.0,4
2025-06-12T10:06:00+05:30,136355.0,136460.0,136345.0,136460.0,10
2025-06-12T10:07:00+05:30,136450.0,136450.0,136400.0,136400.0,2
2025-06-12T10:08:00+05:30,136375.0,136440.0,136375.0,136440.0,6
2025-06-12T10:09:00+05:30,136445.0,136445.0,136440.0,136445.0,3
2025-06-12T10:10:00+05:30,136445.0,136445.0,136445.0,136445.0,4
2025-06-12T10:11:00+05:30,136445.0,136445.0,136445.0,136445.0,4
2025-06-12T10:12:00+05:30,136380.0,136450.0,136375.0,136375.0,4
2025-06-12T10:13:00+05:30,136370.0,136445.0,136370.0,136445.0,3
2025-06-12T10:14:00+05:30,136440.0,136445.0,136440.0,136445.0,2
2025-06-12T10:16:00+05:30,136440.0,136440.0,136440.0,136440.0,3
2025-06-12T10:17:00+05:30,136445.0,136445.0,136445.0,136445.0,1
2025-06-12T10:20:00+05:30,136365.0,136365.0,136365.0,136365.0,1
2025-06-12T10:22:00+05:30,136435.0,136440.0,136365.0,136365.0,3
2025-06-12T10:24:00+05:30,136430.0,136440.0,136370.0,136370.0,8
2025-06-12T10:25:00+05:30,136370.0,136370.0,136370.0,136370.0,1
2025-06-12T10:27:00+05:30,136370.0,136370.0,136370.0,136370.0,2
2025-06-12T10:29:00+05:30,136365.0,136365.0,136350.0,136350.0,5
2025-06-12T10:30:00+05:30,136335.0,136350.0,136335.0,136350.0,2
2025-06-12T10:31:00+05:30,136365.0,136400.0,136365.0,136400.0,2
2025-06-12T10:33:00+05:30,136400.0,136400.0,136400.0,136400.0,1
2025-06-12T10:34:00+05:30,136400.0,136440.0,136400.0,136440.0,15
2025-06-12T10:36:00+05:30,136440.0,136450.0,136380.0,136450.0,7
2025-06-12T10:37:00+05:30,136440.0,136440.0,136440.0,136440.0,1
2025-06-12T10:38:00+05:30,136450.0,136450.0,136450.0,136450.0,1
2025-06-12T10:39:00+05:30,136445.0,136445.0,136445.0,136445.0,1
2025-06-12T10:40:00+05:30,136400.0,136400.0,136400.0,136400.0,2
2025-06-12T10:41:00+05:30,136445.0,136445.0,136400.0,136400.0,6
2025-06-12T10:42:00+05:30,136400.0,136835.0,136400.0,136835.0,1859
2025-06-12T10:43:00+05:30,136750.0,136835.0,136615.0,136685.0,22
2025-06-12T10:45:00+05:30,136630.0,136630.0,136510.0,136510.0,16
2025-06-12T10:46:00+05:30,136505.0,136635.0,136505.0,136635.0,5
2025-06-12T10:47:00+05:30,136530.0,136530.0,136530.0,136530.0,1
2025-06-12T10:49:00+05:30,136620.0,136620.0,136620.0,136620.0,1
2025-06-12T10:50:00+05:30,136620.0,136620.0,136620.0,136620.0,1
2025-06-12T10:51:00+05:30,136620.0,136620.0,136620.0,136620.0,2
2025-06-12T10:52:00+05:30,136560.0,136780.0,136510.0,136705.0,46
2025-06-12T10:53:00+05:30,136675.0,136785.0,136565.0,136785.0,21
2025-06-12T10:54:00+05:30,136790.0,136790.0,136790.0,136790.0,2
2025-06-12T10:55:00+05:30,136695.0,136695.0,136695.0,136695.0,2
2025-06-12T10:56:00+05:30,136700.0,136800.0,136700.0,136800.0,8
2025-06-12T10:57:00+05:30,136800.0,136830.0,136680.0,136680.0,9
2025-06-12T10:58:00+05:30,136795.0,136795.0,136685.0,136690.0,4
2025-06-12T10:59:00+05:30,136795.0,136955.0,136785.0,136835.0,24
2025-06-12T11:00:00+05:30,136955.0,136955.0,136850.0,136950.0,8
2025-06-12T11:01:00+05:30,136950.0,136955.0,136950.0,136950.0,28
2025-06-12T11:02:00+05:30,136950.0,136955.0,136865.0,136945.0,10
2025-06-12T11:03:00+05:30,136945.0,136945.0,136865.0,136945.0,5
2025-06-12T11:04:00+05:30,136945.0,136945.0,136860.0,136860.0,12
2025-06-12T11:05:00+05:30,136860.0,136900.0,136850.0,136850.0,4
2025-06-12T11:06:00+05:30,136850.0,136915.0,136850.0,136915.0,13
2025-06-12T11:07:00+05:30,136940.0,136945.0,136915.0,136945.0,5
2025-06-12T11:08:00+05:30,136915.0,136950.0,136915.0,136950.0,21
2025-06-12T11:09:00+05:30,136950.0,136955.0,136940.0,136955.0,3
2025-06-12T11:10:00+05:30,136940.0,137200.0,136940.0,137040.0,85
2025-06-12T11:11:00+05:30,137100.0,137200.0,137090.0,137200.0,23
2025-06-12T11:12:00+05:30,137105.0,137190.0,137070.0,137070.0,10
2025-06-12T11:13:00+05:30,137100.0,137195.0,137100.0,137100.0,8
2025-06-12T11:14:00+05:30,137085.0,137195.0,137085.0,137195.0,2
2025-06-12T11:15:00+05:30,137180.0,137180.0,137100.0,137100.0,7
2025-06-12T11:16:00+05:30,137100.0,137165.0,137100.0,137165.0,6
2025-06-12T11:17:00+05:30,137165.0,137165.0,137085.0,137085.0,2
2025-06-12T11:18:00+05:30,137100.0,137100.0,137100.0,137100.0,2
2025-06-12T11:19:00+05:30,137100.0,137160.0,137085.0,137160.0,10
2025-06-12T11:20:00+05:30,137160.0,137160.0,137080.0,137080.0,8
2025-06-12T11:21:00+05:30,137100.0,137100.0,137050.0,137050.0,5
2025-06-12T11:22:00+05:30,137050.0,137175.0,137050.0,137175.0,11
2025-06-12T11:23:00+05:30,137095.0,137165.0,137065.0,137065.0,6
2025-06-12T11:24:00+05:30,137070.0,137160.0,137070.0,137160.0,2
2025-06-12T11:25:00+05:30,137055.0,137170.0,137055.0,137170.0,2
2025-06-12T11:26:00+05:30,137065.0,137065.0,137065.0,137065.0,3
2025-06-12T11:28:00+05:30,137075.0,137075.0,137065.0,137075.0,3
2025-06-12T11:29:00+05:30,137165.0,137165.0,137165.0,137165.0,1
2025-06-12T11:31:00+05:30,137075.0,137160.0,137075.0,137160.0,2
2025-06-12T11:32:00+05:30,137160.0,137240.0,137125.0,137125.0,36
2025-06-12T11:33:00+05:30,137125.0,137150.0,137125.0,137125.0,4
2025-06-12T11:34:00+05:30,137125.0,137125.0,137125.0,137125.0,1
2025-06-12T11:35:00+05:30,137195.0,137265.0,137125.0,137125.0,10
2025-06-12T11:36:00+05:30,137135.0,137135.0,137105.0,137125.0,5
2025-06-12T11:37:00+05:30,137205.0,137240.0,137205.0,137240.0,4
2025-06-12T11:38:00+05:30,137130.0,137135.0,137080.0,137135.0,9
2025-06-12T11:39:00+05:30,137135.0,137135.0,137135.0,137135.0,1
2025-06-12T11:40:00+05:30,137085.0,137125.0,137000.0,137125.0,41
2025-06-12T11:41:00+05:30,137085.0,137085.0,137015.0,137015.0,5
2025-06-12T11:42:00+05:30,137100.0,137100.0,137100.0,137100.0,1
2025-06-12T11:43:00+05:30,137100.0,137200.0,137055.0,137200.0,7
2025-06-12T11:45:00+05:30,137150.0,137155.0,137150.0,137150.0,8
2025-06-12T11:46:00+05:30,137180.0,137180.0,137180.0,137180.0,1
2025-06-12T11:47:00+05:30,137070.0,137070.0,137000.0,137000.0,14
2025-06-12T11:48:00+05:30,137000.0,137000.0,137000.0,137000.0,2
2025-06-12T11:49:00+05:30,137000.0,137000.0,137000.0,137000.0,2
2025-06-12T11:51:00+05:30,137000.0,137180.0,137000.0,137180.0,10
2025-06-12T11:52:00+05:30,137175.0,137230.0,137000.0,137175.0,25
2025-06-12T11:53:00+05:30,137140.0,137140.0,137140.0,137140.0,1
2025-06-12T11:54:00+05:30,137200.0,137230.0,137075.0,137145.0,26
2025-06-12T11:55:00+05:30,137145.0,137145.0,137125.0,137125.0,2
2025-06-12T11:56:00+05:30,137125.0,137230.0,137125.0,137130.0,4
2025-06-12T11:57:00+05:30,137230.0,137230.0,137230.0,137230.0,10
2025-06-12T11:58:00+05:30,137135.0,137185.0,137135.0,137150.0,4
2025-06-12T11:59:00+05:30,137045.0,137150.0,137045.0,137150.0,2
2025-06-12T12:01:00+05:30,137130.0,137130.0,137130.0,137130.0,1
2025-06-12T12:02:00+05:30,137065.0,137150.0,137065.0,137070.0,9
2025-06-12T12:03:00+05:30,137060.0,137145.0,137050.0,137145.0,6
2025-06-12T12:04:00+05:30,137045.0,137045.0,137000.0,137000.0,19
2025-06-12T12:05:00+05:30,137000.0,137085.0,137000.0,137070.0,5
2025-06-12T12:06:00+05:30,137085.0,137110.0,137085.0,137110.0,3
2025-06-12T12:07:00+05:30,137000.0,137010.0,137000.0,137010.0,2
2025-06-12T12:09:00+05:30,137010.0,137010.0,137000.0,137000.0,2
2025-06-12T12:10:00+05:30,137000.0,137000.0,137000.0,137000.0,7
2025-06-12T12:11:00+05:30,137000.0,137000.0,137000.0,137000.0,1
2025-06-12T12:13:00+05:30,137000.0,137085.0,137000.0,137000.0,12
2025-06-12T12:15:00+05:30,137070.0,137070.0,137005.0,137005.0,3
2025-06-12T12:16:00+05:30,137005.0,137090.0,137005.0,137090.0,2
2025-06-12T12:17:00+05:30,137090.0,137090.0,137000.0,137000.0,4
2025-06-12T12:19:00+05:30,137005.0,137005.0,137000.0,137000.0,4
2025-06-12T12:20:00+05:30,137000.0,137000.0,137000.0,137000.0,1
2025-06-12T12:21:00+05:30,137000.0,137000.0,137000.0,137000.0,9
2025-06-12T12:22:00+05:30,137045.0,137045.0,137000.0,137000.0,4
2025-06-12T12:23:00+05:30,137000.0,137000.0,137000.0,137000.0,1
2025-06-12T12:24:00+05:30,137045.0,137045.0,137045.0,137045.0,1
2025-06-12T12:27:00+05:30,137110.0,137110.0,137045.0,137045.0,3
2025-06-12T12:28:00+05:30,137045.0,137045.0,137045.0,137045.0,1
2025-06-12T12:31:00+05:30,137005.0,137005.0,137000.0,137000.0,4
2025-06-12T12:32:00+05:30,137005.0,137005.0,137000.0,137000.0,6
2025-06-12T12:33:00+05:30,137000.0,137000.0,137000.0,137000.0,4
2025-06-12T12:34:00+05:30,137095.0,137100.0,137095.0,137100.0,3
2025-06-12T12:35:00+05:30,137015.0,137015.0,137015.0,137015.0,2
2025-06-12T12:37:00+05:30,137015.0,137015.0,137015.0,137015.0,2
2025-06-12T12:38:00+05:30,137010.0,137010.0,137010.0,137010.0,1
2025-06-12T12:42:00+05:30,137015.0,137015.0,137000.0,137000.0,2
2025-06-12T12:43:00+05:30,137000.0,137000.0,137000.0,137000.0,4
2025-06-12T12:44:00+05:30,137080.0,137080.0,137000.0,137000.0,3
2025-06-12T12:45:00+05:30,137000.0,137075.0,137000.0,137075.0,21
2025-06-12T12:48:00+05:30,137000.0,137000.0,137000.0,137000.0,1
2025-06-12T12:49:00+05:30,137000.0,137140.0,136795.0,136975.0,141
2025-06-12T12:50:00+05:30,137000.0,137200.0,137000.0,137100.0,19
2025-06-12T12:52:00+05:30,137090.0,137170.0,137090.0,137170.0,2
2025-06-12T12:54:00+05:30,137170.0,137170.0,137120.0,137120.0,5
2025-06-12T12:55:00+05:30,137120.0,137120.0,137045.0,137045.0,11
2025-06-12T12:57:00+05:30,137005.0,137005.0,137005.0,137005.0,1
2025-06-12T12:58:00+05:30,137005.0,137005.0,137005.0,137005.0,2
2025-06-12T13:00:00+05:30,137095.0,137095.0,137005.0,137005.0,3
2025-06-12T13:01:00+05:30,137005.0,137005.0,137005.0,137005.0,2
2025-06-12T13:02:00+05:30,137005.0,137075.0,137000.0,137075.0,16
2025-06-12T13:03:00+05:30,137075.0,137075.0,137075.0,137075.0,1
2025-06-12T13:04:00+05:30,137000.0,137000.0,137000.0,137000.0,3
2025-06-12T13:05:00+05:30,137070.0,137070.0,137070.0,137070.0,1
2025-06-12T13:06:00+05:30,137010.0,137010.0,137010.0,137010.0,1
2025-06-12T13:07:00+05:30,137010.0,137010.0,137010.0,137010.0,1
2025-06-12T13:08:00+05:30,137005.0,137005.0,137000.0,137000.0,5
2025-06-12T13:11:00+05:30,137000.0,137000.0,137000.0,137000.0,1
2025-06-12T13:12:00+05:30,137070.0,137070.0,137070.0,137070.0,1
2025-06-12T13:13:00+05:30,137000.0,137000.0,137000.0,137000.0,3
2025-06-12T13:14:00+05:30,137000.0,137000.0,137000.0,137000.0,1
2025-06-12T13:15:00+05:30,137065.0,137070.0,137065.0,137070.0,5
2025-06-12T13:16:00+05:30,137000.0,137000.0,137000.0,137000.0,1
2025-06-12T13:17:00+05:30,137000.0,137000.0,137000.0,137000.0,1
2025-06-12T13:18:00+05:30,137000.0,137000.0,137000.0,137000.0,6
2025-06-12T13:19:00+05:30,137000.0,137000.0,137000.0,137000.0,3
2025-06-12T13:22:00+05:30,137010.0,137010.0,137010.0,137010.0,2
2025-06-12T13:24:00+05:30,137065.0,137065.0,137065.0,137065.0,2
2025-06-12T13:25:00+05:30,137010.0,137065.0,137010.0,137010.0,3
2025-06-12T13:26:00+05:30,137010.0,137010.0,137010.0,137010.0,1
2025-06-12T13:27:00+05:30,137010.0,137010.0,137000.0,137000.0,7
2025-06-12T13:28:00+05:30,137000.0,137000.0,137000.0,137000.0,7
2025-06-12T13:29:00+05:30,137070.0,137070.0,137070.0,137070.0,1
2025-06-12T13:30:00+05:30,137060.0,137060.0,137060.0,137060.0,6
2025-06-12T13:31:00+05:30,137060.0,137100.0,137060.0,137100.0,15
2025-06-12T13:32:00+05:30,137180.0,137210.0,137180.0,137200.0,51
2025-06-12T13:33:00+05:30,137200.0,137200.0,137200.0,137200.0,5
2025-06-12T13:34:00+05:30,137200.0,137200.0,137100.0,137100.0,39
2025-06-12T13:35:00+05:30,137010.0,137185.0,137010.0,137185.0,4
2025-06-12T13:36:00+05:30,137095.0,137095.0,137090.0,137090.0,2
2025-06-12T13:37:00+05:30,137090.0,137090.0,137090.0,137090.0,3
2025-06-12T13:38:00+05:30,137145.0,137145.0,137050.0,137050.0,7
2025-06-12T13:39:00+05:30,137090.0,137090.0,137090.0,137090.0,3
2025-06-12T13:40:00+05:30,137090.0,137090.0,137050.0,137050.0,3
2025-06-12T13:41:00+05:30,137090.0,137090.0,137050.0,137090.0,5
2025-06-12T13:42:00+05:30,137050.0,137050.0,137015.0,137015.0,6
2025-06-12T13:43:00+05:30,137065.0,137065.0,137015.0,137015.0,3
2025-06-12T13:44:00+05:30,137010.0,137015.0,137000.0,137015.0,21
2025-06-12T13:45:00+05:30,137065.0,137090.0,137005.0,137005.0,7
2025-06-12T13:46:00+05:30,137005.0,137005.0,137000.0,137000.0,5
2025-06-12T13:47:00+05:30,137095.0,137095.0,137000.0,137000.0,148
2025-06-12T13:48:00+05:30,137000.0,137000.0,137000.0,137000.0,3
2025-06-12T13:49:00+05:30,137000.0,137000.0,137000.0,137000.0,4
2025-06-12T13:50:00+05:30,137000.0,137000.0,136800.0,136800.0,94
2025-06-12T13:51:00+05:30,136755.0,136920.0,136755.0,136815.0,11
2025-06-12T13:52:00+05:30,136815.0,136815.0,136720.0,136720.0,16
2025-06-12T13:53:00+05:30,136680.0,136950.0,136555.0,136795.0,41
2025-06-12T13:54:00+05:30,136690.0,136690.0,136690.0,136690.0,2
2025-06-12T13:55:00+05:30,136650.0,136765.0,136650.0,136700.0,7
2025-06-12T13:56:00+05:30,136700.0,136830.0,136700.0,136830.0,15
2025-06-12T13:57:00+05:30,136990.0,136990.0,136885.0,136885.0,4
2025-06-12T13:58:00+05:30,136960.0,136960.0,136855.0,136900.0,10
2025-06-12T13:59:00+05:30,136825.0,136900.0,136725.0,136725.0,13
2025-06-12T14:01:00+05:30,136880.0,136880.0,136755.0,136755.0,4
2025-06-12T14:02:00+05:30,136730.0,136730.0,136730.0,136730.0,1
2025-06-12T14:05:00+05:30,136670.0,136670.0,136670.0,136670.0,5
2025-06-12T14:06:00+05:30,136670.0,136730.0,136655.0,136660.0,24
2025-06-12T14:07:00+05:30,136570.0,136660.0,136485.0,136485.0,19
2025-06-12T14:08:00+05:30,136500.0,136500.0,136405.0,136405.0,3
2025-06-12T14:09:00+05:30,136440.0,136485.0,136400.0,136445.0,8
2025-06-12T14:10:00+05:30,136450.0,136450.0,136450.0,136450.0,1
2025-06-12T14:11:00+05:30,136500.0,136500.0,136450.0,136450.0,4
2025-06-12T14:12:00+05:30,136450.0,136500.0,136395.0,136395.0,5
2025-06-12T14:13:00+05:30,136395.0,136530.0,136390.0,136400.0,5
2025-06-12T14:14:00+05:30,136400.0,136400.0,136400.0,136400.0,1
2025-06-12T14:15:00+05:30,136375.0,136375.0,136375.0,136375.0,2
2025-06-12T14:16:00+05:30,136420.0,136600.0,136420.0,136500.0,14
2025-06-12T14:17:00+05:30,136515.0,136615.0,136465.0,136615.0,10
2025-06-12T14:18:00+05:30,136660.0,136695.0,136525.0,136670.0,12
2025-06-12T14:19:00+05:30,136575.0,136625.0,136350.0,136625.0,43
2025-06-12T14:20:00+05:30,136695.0,136720.0,136550.0,136690.0,19
2025-06-12T14:21:00+05:30,136560.0,136560.0,136550.0,136550.0,4
2025-06-12T14:22:00+05:30,136560.0,136685.0,136555.0,136620.0,12
2025-06-12T14:24:00+05:30,136705.0,136705.0,136705.0,136705.0,1
2025-06-12T14:25:00+05:30,136635.0,136635.0,136635.0,136635.0,1
2025-06-12T14:26:00+05:30,136635.0,136695.0,136460.0,136460.0,22
2025-06-12T14:27:00+05:30,136550.0,136550.0,136550.0,136550.0,1
2025-06-12T14:28:00+05:30,136500.0,136500.0,136500.0,136500.0,1
2025-06-12T14:29:00+05:30,136500.0,136550.0,136500.0,136550.0,2
2025-06-12T14:30:00+05:30,136585.0,136690.0,136585.0,136690.0,6
2025-06-12T14:31:00+05:30,136690.0,136690.0,136590.0,136590.0,3
2025-06-12T14:32:00+05:30,136705.0,136730.0,136705.0,136730.0,4
2025-06-12T14:33:00+05:30,136640.0,136730.0,136640.0,136730.0,5
2025-06-12T14:34:00+05:30,136730.0,136750.0,136730.0,136730.0,4
2025-06-12T14:36:00+05:30,136730.0,136730.0,136700.0,136700.0,9
2025-06-12T14:37:00+05:30,136700.0,136700.0,136690.0,136690.0,6
2025-06-12T14:38:00+05:30,136690.0,136690.0,136690.0,136690.0,1
2025-06-12T14:39:00+05:30,136590.0,136700.0,136405.0,136700.0,33
2025-06-12T14:40:00+05:30,136695.0,136695.0,136605.0,136605.0,2
2025-06-12T14:41:00+05:30,136695.0,136700.0,136605.0,136700.0,5
2025-06-12T14:42:00+05:30,136585.0,136585.0,136585.0,136585.0,1
2025-06-12T14:44:00+05:30,136585.0,136585.0,136585.0,136585.0,2
2025-06-12T14:45:00+05:30,136680.0,136680.0,136600.0,136680.0,7
2025-06-12T14:46:00+05:30,136605.0,136605.0,136605.0,136605.0,2
2025-06-12T14:47:00+05:30,136695.0,136695.0,136600.0,136600.0,11
2025-06-12T14:48:00+05:30,136585.0,136585.0,136585.0,136585.0,1
2025-06-12T14:49:00+05:30,136690.0,136690.0,136615.0,136615.0,3
2025-06-12T14:50:00+05:30,136690.0,136700.0,136665.0,136700.0,27
2025-06-12T14:51:00+05:30,136665.0,136665.0,136665.0,136665.0,1
2025-06-12T14:54:00+05:30,136620.0,136690.0,136620.0,136690.0,2
2025-06-12T14:56:00+05:30,136625.0,136690.0,136625.0,136625.0,11
2025-06-12T14:57:00+05:30,136735.0,136745.0,136735.0,136745.0,12
2025-06-12T14:58:00+05:30,136745.0,136795.0,136680.0,136680.0,12
2025-06-12T14:59:00+05:30,136780.0,136800.0,136740.0,136740.0,6
2025-06-12T15:00:00+05:30,136745.0,137100.0,136745.0,137000.0,152
2025-06-12T15:01:00+05:30,137005.0,137075.0,136970.0,136970.0,17
2025-06-12T15:02:00+05:30,136970.0,136975.0,136735.0,136735.0,35
2025-06-12T15:03:00+05:30,136700.0,136700.0,136600.0,136600.0,22
2025-06-12T15:04:00+05:30,136600.0,136600.0,136545.0,136545.0,26
2025-06-12T15:05:00+05:30,136545.0,136550.0,136470.0,136535.0,15
2025-06-12T15:06:00+05:30,136450.0,136895.0,136435.0,136595.0,66
2025-06-12T15:07:00+05:30,136600.0,136700.0,136600.0,136605.0,13
2025-06-12T15:08:00+05:30,136605.0,136690.0,136605.0,136605.0,7
2025-06-12T15:09:00+05:30,136600.0,136700.0,136585.0,136590.0,23
2025-06-12T15:10:00+05:30,136590.0,136590.0,136405.0,136440.0,27
2025-06-12T15:11:00+05:30,136405.0,136440.0,136395.0,136395.0,14
2025-06-12T15:12:00+05:30,136390.0,136395.0,136300.0,136300.0,10
2025-06-12T15:13:00+05:30,136275.0,136300.0,136205.0,136245.0,60
2025-06-12T15:14:00+05:30,136230.0,136325.0,136225.0,136300.0,13
2025-06-12T15:15:00+05:30,136300.0,136305.0,136200.0,136230.0,27
2025-06-12T15:16:00+05:30,136230.0,136230.0,136000.0,136080.0,55
2025-06-12T15:17:00+05:30,136155.0,136360.0,136005.0,136360.0,34
2025-06-12T15:18:00+05:30,136160.0,136620.0,136000.0,136125.0,80
2025-06-12T15:19:00+05:30,136125.0,136225.0,136125.0,136210.0,24
2025-06-12T15:20:00+05:30,136130.0,136200.0,136000.0,136000.0,62
2025-06-12T15:21:00+05:30,136025.0,136105.0,136000.0,136105.0,12
2025-06-12T15:22:00+05:30,136130.0,136130.0,136000.0,136050.0,12
2025-06-12T15:23:00+05:30,136050.0,136095.0,136000.0,136095.0,14
2025-06-12T15:24:00+05:30,136050.0,136120.0,136000.0,136010.0,47
2025-06-12T15:25:00+05:30,136055.0,136090.0,136010.0,136045.0,13
2025-06-12T15:26:00+05:30,136045.0,136090.0,136045.0,136050.0,11
2025-06-12T15:27:00+05:30,136050.0,136080.0,136045.0,136045.0,16
2025-06-12T15:28:00+05:30,136100.0,136350.0,135990.0,135990.0,54
2025-06-12T15:29:00+05:30,136000.0,136295.0,135900.0,135925.0,56
2025-06-13T09:15:00+05:30,135755.0,135785.0,135000.0,135785.0,189
2025-06-13T09:16:00+05:30,135795.0,136320.0,135650.0,136180.0,180
2025-06-13T09:17:00+05:30,136185.0,136390.0,135890.0,135940.0,113
2025-06-13T09:18:00+05:30,135940.0,136140.0,135830.0,136140.0,30
2025-06-13T09:19:00+05:30,136090.0,136170.0,136020.0,136020.0,22
2025-06-13T09:20:00+05:30,136065.0,136250.0,135995.0,136130.0,53
2025-06-13T09:21:00+05:30,136115.0,136205.0,136000.0,136000.0,39
2025-06-13T09:22:00+05:30,136000.0,136150.0,135920.0,136150.0,34
2025-06-13T09:23:00+05:30,136180.0,136275.0,136180.0,136275.0,29
2025-06-13T09:24:00+05:30,136160.0,136245.0,136070.0,136140.0,38
2025-06-13T09:25:00+05:30,136200.0,136200.0,136020.0,136100.0,16
2025-06-13T09:26:00+05:30,136015.0,136235.0,135850.0,135870.0,29
2025-06-13T09:27:00+05:30,135910.0,136000.0,135845.0,136000.0,9
2025-06-13T09:28:00+05:30,136030.0,136030.0,135910.0,135990.0,9
2025-06-13T09:29:00+05:30,135985.0,135995.0,135800.0,135800.0,24
2025-06-13T09:30:00+05:30,135800.0,135995.0,135785.0,135910.0,14
2025-06-13T09:31:00+05:30,135910.0,135910.0,135905.0,135910.0,4
2025-06-13T09:32:00+05:30,135910.0,135910.0,135905.0,135910.0,10
2025-06-13T09:33:00+05:30,135875.0,135915.0,135835.0,135890.0,22
2025-06-13T09:34:00+05:30,135870.0,135980.0,135870.0,135920.0,28
2025-06-13T09:35:00+05:30,135840.0,135920.0,135820.0,135820.0,13
2025-06-13T09:36:00+05:30,135830.0,135830.0,135565.0,135565.0,34
2025-06-13T09:37:00+05:30,135565.0,135690.0,135500.0,135600.0,51
2025-06-13T09:38:00+05:30,135690.0,135690.0,135485.0,135520.0,48
2025-06-13T09:39:00+05:30,135435.0,135540.0,135435.0,135500.0,22
2025-06-13T09:40:00+05:30,135500.0,135790.0,135500.0,135660.0,73
2025-06-13T09:41:00+05:30,135585.0,135645.0,135535.0,135645.0,15
2025-06-13T09:42:00+05:30,135655.0,135685.0,135655.0,135685.0,5
2025-06-13T09:43:00+05:30,135725.0,135815.0,135620.0,135620.0,22
2025-06-13T09:44:00+05:30,135665.0,135705.0,135610.0,135700.0,8
2025-06-13T09:45:00+05:30,135615.0,135615.0,135605.0,135615.0,6
2025-06-13T09:46:00+05:30,135685.0,135685.0,135505.0,135505.0,15
2025-06-13T09:47:00+05:30,135505.0,135505.0,135400.0,135400.0,34
2025-06-13T09:48:00+05:30,135385.0,135510.0,135385.0,135400.0,17
2025-06-13T09:49:00+05:30,135400.0,135485.0,135395.0,135395.0,7
2025-06-13T09:50:00+05:30,135480.0,135545.0,135430.0,135545.0,23
2025-06-13T09:52:00+05:30,135590.0,135590.0,135545.0,135545.0,6
2025-06-13T09:53:00+05:30,135655.0,135655.0,135595.0,135615.0,4
2025-06-13T09:54:00+05:30,135655.0,135785.0,135615.0,135745.0,17
2025-06-13T09:55:00+05:30,135635.0,135765.0,135635.0,135670.0,17
2025-06-13T09:56:00+05:30,135745.0,135745.0,135600.0,135600.0,12
2025-06-13T09:57:00+05:30,135600.0,135615.0,135600.0,135600.0,6
2025-06-13T09:58:00+05:30,135600.0,135730.0,135600.0,135700.0,21
2025-06-13T09:59:00+05:30,135745.0,135795.0,135710.0,135795.0,5
2025-06-13T10:00:00+05:30,135710.0,135790.0,135680.0,135680.0,16
2025-06-13T10:01:00+05:30,135685.0,135685.0,135570.0,135655.0,15
2025-06-13T10:02:00+05:30,135620.0,135620.0,135555.0,135555.0,11
2025-06-13T10:03:00+05:30,135545.0,135620.0,135545.0,135610.0,8
2025-06-13T10:04:00+05:30,135560.0,135610.0,135560.0,135610.0,11
2025-06-13T10:05:00+05:30,135610.0,135610.0,135600.0,135610.0,7
2025-06-13T10:06:00+05:30,135600.0,135600.0,135545.0,135600.0,14
2025-06-13T10:07:00+05:30,135610.0,135610.0,135555.0,135600.0,3
2025-06-13T10:08:00+05:30,135550.0,135550.0,135545.0,135550.0,23
2025-06-13T10:09:00+05:30,135550.0,135605.0,135545.0,135605.0,3
2025-06-13T10:10:00+05:30,135625.0,135625.0,135625.0,135625.0,1
2025-06-13T10:11:00+05:30,135620.0,135620.0,135545.0,135550.0,8
2025-06-13T10:12:00+05:30,135620.0,135660.0,135580.0,135660.0,11
2025-06-13T10:13:00+05:30,135660.0,135660.0,135655.0,135655.0,4
2025-06-13T10:14:00+05:30,135655.0,135720.0,135655.0,135720.0,4
2025-06-13T10:15:00+05:30,135700.0,135980.0,135700.0,135980.0,41
2025-06-13T10:16:00+05:30,135930.0,135930.0,135830.0,135830.0,21
2025-06-13T10:17:00+05:30,135925.0,135925.0,135925.0,135925.0,1
2025-06-13T10:19:00+05:30,135900.0,135900.0,135725.0,135795.0,17
2025-06-13T10:20:00+05:30,135730.0,135730.0,135725.0,135725.0,7
2025-06-13T10:21:00+05:30,135815.0,135815.0,135730.0,135730.0,2
2025-06-13T10:23:00+05:30,135790.0,135790.0,135740.0,135740.0,2
2025-06-13T10:24:00+05:30,135750.0,135820.0,135750.0,135820.0,9
2025-06-13T10:25:00+05:30,135850.0,135850.0,135795.0,135795.0,2
2025-06-13T10:26:00+05:30,135795.0,135795.0,135770.0,135770.0,4
2025-06-13T10:27:00+05:30,135860.0,135895.0,135800.0,135895.0,5
2025-06-13T10:29:00+05:30,135895.0,135900.0,135850.0,135850.0,5
2025-06-13T10:30:00+05:30,135890.0,136030.0,135855.0,135945.0,26
2025-06-13T10:31:00+05:30,135925.0,135925.0,135895.0,135900.0,4
2025-06-13T10:32:00+05:30,135900.0,135960.0,135860.0,135960.0,7
2025-06-13T10:33:00+05:30,135960.0,135960.0,135850.0,135850.0,9
2025-06-13T10:34:00+05:30,135850.0,135850.0,135850.0,135850.0,7
2025-06-13T10:35:00+05:30,135800.0,135900.0,135800.0,135900.0,3
2025-06-13T10:36:00+05:30,135900.0,135960.0,135855.0,135855.0,7
2025-06-13T10:37:00+05:30,135960.0,136000.0,135900.0,135900.0,14
2025-06-13T10:38:00+05:30,135995.0,136045.0,135930.0,136010.0,12
2025-06-13T10:39:00+05:30,136045.0,136050.0,135995.0,135995.0,3
2025-06-13T10:40:00+05:30,136000.0,136050.0,135995.0,135995.0,5
2025-06-13T10:43:00+05:30,136050.0,136050.0,136000.0,136000.0,4
2025-06-13T10:44:00+05:30,136050.0,136050.0,136000.0,136000.0,7
2025-06-13T10:45:00+05:30,136050.0,136095.0,136000.0,136095.0,6
2025-06-13T10:46:00+05:30,136095.0,136095.0,136000.0,136000.0,6
2025-06-13T10:47:00+05:30,136005.0,136005.0,136000.0,136000.0,5
2025-06-13T10:48:00+05:30,136000.0,136000.0,135875.0,135875.0,14
2025-06-13T10:49:00+05:30,135875.0,135875.0,135800.0,135800.0,12
2025-06-13T10:50:00+05:30,135805.0,135900.0,135780.0,135790.0,8
2025-06-13T10:53:00+05:30,135830.0,135885.0,135810.0,135885.0,11
2025-06-13T10:54:00+05:30,135810.0,135900.0,135810.0,135880.0,9
2025-06-13T10:55:00+05:30,135875.0,135875.0,135875.0,135875.0,1
2025-06-13T10:56:00+05:30,135880.0,135880.0,135875.0,135875.0,5
2025-06-13T10:57:00+05:30,135850.0,135850.0,135845.0,135845.0,5
2025-06-13T10:58:00+05:30,135805.0,135805.0,135800.0,135800.0,2
2025-06-13T10:59:00+05:30,135790.0,135815.0,135790.0,135815.0,4
2025-06-13T11:00:00+05:30,135835.0,135835.0,135835.0,135835.0,6
2025-06-13T11:01:00+05:30,135835.0,135875.0,135775.0,135775.0,8
2025-06-13T11:02:00+05:30,135780.0,135780.0,135780.0,135780.0,2
2025-06-13T11:03:00+05:30,135760.0,135760.0,135760.0,135760.0,2
2025-06-13T11:05:00+05:30,135780.0,135780.0,135755.0,135755.0,13
2025-06-13T11:06:00+05:30,135750.0,135750.0,135720.0,135720.0,6
2025-06-13T11:07:00+05:30,135720.0,135745.0,135690.0,135700.0,33
2025-06-13T11:08:00+05:30,135650.0,135650.0,135650.0,135650.0,6
2025-06-13T11:11:00+05:30,135600.0,135690.0,135595.0,135600.0,16
2025-06-13T11:12:00+05:30,135600.0,135680.0,135450.0,135490.0,39
2025-06-13T11:13:00+05:30,135485.0,135535.0,135485.0,135535.0,9
2025-06-13T11:14:00+05:30,135535.0,135605.0,135535.0,135605.0,3
2025-06-13T11:15:00+05:30,135550.0,135600.0,135505.0,135505.0,14
2025-06-13T11:16:00+05:30,135585.0,135585.0,135585.0,135585.0,3
2025-06-13T11:17:00+05:30,135550.0,135675.0,135550.0,135565.0,27
2025-06-13T11:18:00+05:30,135510.0,135560.0,135500.0,135500.0,19
2025-06-13T11:19:00+05:30,135500.0,135500.0,135480.0,135480.0,2
2025-06-13T11:20:00+05:30,135500.0,135500.0,135500.0,135500.0,2
2025-06-13T11:21:00+05:30,135540.0,135565.0,135500.0,135500.0,12
2025-06-13T11:22:00+05:30,135500.0,135580.0,135500.0,135580.0,10
2025-06-13T11:23:00+05:30,135580.0,135580.0,135580.0,135580.0,2
2025-06-13T11:24:00+05:30,135505.0,135605.0,135505.0,135605.0,2
2025-06-13T11:25:00+05:30,135610.0,135610.0,135610.0,135610.0,1
2025-06-13T11:26:00+05:30,135610.0,135610.0,135610.0,135610.0,2
2025-06-13T11:27:00+05:30,135615.0,135615.0,135530.0,135530.0,2
2025-06-13T11:28:00+05:30,135545.0,135645.0,135545.0,135545.0,8
2025-06-13T11:29:00+05:30,135545.0,135545.0,135545.0,135545.0,1
2025-06-13T11:32:00+05:30,135640.0,135670.0,135640.0,135670.0,6
2025-06-13T11:33:00+05:30,135595.0,135735.0,135595.0,135735.0,2
2025-06-13T11:34:00+05:30,135675.0,135675.0,135620.0,135675.0,6
2025-06-13T11:35:00+05:30,135730.0,135730.0,135730.0,135730.0,2
2025-06-13T11:36:00+05:30,135655.0,135745.0,135655.0,135745.0,7
2025-06-13T11:37:00+05:30,135655.0,135745.0,135655.0,135740.0,13
2025-06-13T11:38:00+05:30,135655.0,135655.0,135655.0,135655.0,1
2025-06-13T11:39:00+05:30,135655.0,135700.0,135655.0,135655.0,6
2025-06-13T11:40:00+05:30,135655.0,135655.0,135630.0,135630.0,3
2025-06-13T11:42:00+05:30,135630.0,135630.0,135545.0,135545.0,8
2025-06-13T11:44:00+05:30,135630.0,135630.0,135550.0,135550.0,6
2025-06-13T11:45:00+05:30,135550.0,135550.0,135550.0,135550.0,1
2025-06-13T11:48:00+05:30,135630.0,135630.0,135580.0,135580.0,6
2025-06-13T11:49:00+05:30,135570.0,135570.0,135550.0,135550.0,5
2025-06-13T11:51:00+05:30,135675.0,135675.0,135675.0,135675.0,3
2025-06-13T11:52:00+05:30,135675.0,135675.0,135675.0,135675.0,1
2025-06-13T11:53:00+05:30,135705.0,135705.0,135625.0,135650.0,5
2025-06-13T11:55:00+05:30,135655.0,135655.0,135655.0,135655.0,2
2025-06-13T11:56:00+05:30,135675.0,135675.0,135665.0,135665.0,7
2025-06-13T11:58:00+05:30,135665.0,135665.0,135660.0,135660.0,7
2025-06-13T11:59:00+05:30,135700.0,135700.0,135570.0,135590.0,18
2025-06-13T12:00:00+05:30,135590.0,135695.0,135565.0,135695.0,8
2025-06-13T12:01:00+05:30,135695.0,135705.0,135695.0,135705.0,4
2025-06-13T12:02:00+05:30,135745.0,135750.0,135745.0,135750.0,2
2025-06-13T12:03:00+05:30,135750.0,135750.0,135675.0,135690.0,10
2025-06-13T12:04:00+05:30,135775.0,135775.0,135775.0,135775.0,2
2025-06-13T12:05:00+05:30,135760.0,135790.0,135695.0,135790.0,4
2025-06-13T12:06:00+05:30,135790.0,135825.0,135745.0,135825.0,12
2025-06-13T12:07:00+05:30,135825.0,135825.0,135825.0,135825.0,2
2025-06-13T12:08:00+05:30,135825.0,135830.0,135760.0,135760.0,5
2025-06-13T12:09:00+05:30,135750.0,135840.0,135750.0,135820.0,5
2025-06-13T12:10:00+05:30,135820.0,135820.0,135815.0,135820.0,3
2025-06-13T12:11:00+05:30,135820.0,135985.0,135820.0,135855.0,20
2025-06-13T12:12:00+05:30,135850.0,135900.0,135825.0,135825.0,6
2025-06-13T12:13:00+05:30,135825.0,135870.0,135825.0,135870.0,3
2025-06-13T12:14:00+05:30,135935.0,135935.0,135710.0,135710.0,7
2025-06-13T12:15:00+05:30,135785.0,135915.0,135785.0,135915.0,4
2025-06-13T12:16:00+05:30,135910.0,135910.0,135800.0,135830.0,6
2025-06-13T12:17:00+05:30,135870.0,135885.0,135870.0,135885.0,2
2025-06-13T12:18:00+05:30,135895.0,135895.0,135820.0,135850.0,6
2025-06-13T12:19:00+05:30,135850.0,135885.0,135800.0,135885.0,3
2025-06-13T12:20:00+05:30,135885.0,135885.0,135795.0,135875.0,6
2025-06-13T12:21:00+05:30,135875.0,135885.0,135795.0,135885.0,4
2025-06-13T12:22:00+05:30,135890.0,135895.0,135890.0,135895.0,4
2025-06-13T12:23:00+05:30,135915.0,135930.0,135815.0,135850.0,15
2025-06-13T12:24:00+05:30,135915.0,135915.0,135830.0,135830.0,5
2025-06-13T12:25:00+05:30,135830.0,135915.0,135800.0,135915.0,10
2025-06-13T12:26:00+05:30,135905.0,135905.0,135830.0,135830.0,5
2025-06-13T12:27:00+05:30,135830.0,135830.0,135830.0,135830.0,2
2025-06-13T12:28:00+05:30,135830.0,135900.0,135800.0,135900.0,8
2025-06-13T12:29:00+05:30,135900.0,135915.0,135900.0,135915.0,5
2025-06-13T12:30:00+05:30,135915.0,135930.0,135850.0,135930.0,18
2025-06-13T12:31:00+05:30,135930.0,135950.0,135900.0,135950.0,10
2025-06-13T12:32:00+05:30,135950.0,135950.0,135855.0,135855.0,5
2025-06-13T12:33:00+05:30,135950.0,135950.0,135950.0,135950.0,5
2025-06-13T12:34:00+05:30,135890.0,135950.0,135890.0,135890.0,8
2025-06-13T12:35:00+05:30,135890.0,135890.0,135890.0,135890.0,3
2025-06-13T12:36:00+05:30,135890.0,135900.0,135890.0,135900.0,2
2025-06-13T12:37:00+05:30,135945.0,135945.0,135855.0,135855.0,5
2025-06-13T12:38:00+05:30,135855.0,135860.0,135855.0,135860.0,3
2025-06-13T12:39:00+05:30,135940.0,135940.0,135895.0,135895.0,9
2025-06-13T12:40:00+05:30,135920.0,135950.0,135920.0,135920.0,10
2025-06-13T12:41:00+05:30,135920.0,135950.0,135920.0,135940.0,15
2025-06-13T12:42:00+05:30,135895.0,135895.0,135805.0,135890.0,5
2025-06-13T12:43:00+05:30,135890.0,136000.0,135890.0,136000.0,10
2025-06-13T12:44:00+05:30,135930.0,136000.0,135930.0,136000.0,5
2025-06-13T12:45:00+05:30,136000.0,136000.0,136000.0,136000.0,6
2025-06-13T12:46:00+05:30,136000.0,136000.0,135915.0,135930.0,7
2025-06-13T12:47:00+05:30,135930.0,135990.0,135930.0,135990.0,3
2025-06-13T12:48:00+05:30,135990.0,136000.0,135955.0,135955.0,15
2025-06-13T12:49:00+05:30,136000.0,136000.0,135950.0,136000.0,14
2025-06-13T12:50:00+05:30,136000.0,136000.0,135955.0,136000.0,9
2025-06-13T12:51:00+05:30,135995.0,136000.0,135960.0,136000.0,5
2025-06-13T12:52:00+05:30,136000.0,136000.0,135955.0,135955.0,6
2025-06-13T12:53:00+05:30,136000.0,136000.0,135945.0,135955.0,9
2025-06-13T12:54:00+05:30,135955.0,136000.0,135955.0,136000.0,4
2025-06-13T12:55:00+05:30,136000.0,136000.0,135995.0,136000.0,3
2025-06-13T12:56:00+05:30,136000.0,136000.0,136000.0,136000.0,2
2025-06-13T12:57:00+05:30,136000.0,136000.0,135910.0,135910.0,12
2025-06-13T12:58:00+05:30,135995.0,135995.0,135910.0,135990.0,7
2025-06-13T12:59:00+05:30,135930.0,135990.0,135930.0,135955.0,6
2025-06-13T13:00:00+05:30,135995.0,136000.0,135975.0,136000.0,5
2025-06-13T13:01:00+05:30,136000.0,136000.0,135955.0,136000.0,10
2025-06-13T13:02:00+05:30,136000.0,136000.0,135950.0,135995.0,5
2025-06-13T13:03:00+05:30,135995.0,135995.0,135910.0,135910.0,5
2025-06-13T13:04:00+05:30,135910.0,135990.0,135910.0,135955.0,3
2025-06-13T13:05:00+05:30,135955.0,135985.0,135800.0,135945.0,28
2025-06-13T13:06:00+05:30,135980.0,135980.0,135890.0,135980.0,3
2025-06-13T13:07:00+05:30,135890.0,135965.0,135855.0,135960.0,6
2025-06-13T13:08:00+05:30,135960.0,135960.0,135935.0,135935.0,5
2025-06-13T13:09:00+05:30,135935.0,135935.0,135890.0,135935.0,5
2025-06-13T13:10:00+05:30,135975.0,135975.0,135975.0,135975.0,3
2025-06-13T13:11:00+05:30,135975.0,135980.0,135930.0,135930.0,7
2025-06-13T13:12:00+05:30,135930.0,135980.0,135930.0,135980.0,3
2025-06-13T13:13:00+05:30,135985.0,136040.0,135985.0,135990.0,61
2025-06-13T13:14:00+05:30,136090.0,136090.0,135975.0,136080.0,4
2025-06-13T13:15:00+05:30,136080.0,136095.0,136000.0,136090.0,8
2025-06-13T13:16:00+05:30,136090.0,136100.0,136090.0,136100.0,2
2025-06-13T13:17:00+05:30,136020.0,136095.0,135895.0,135985.0,20
2025-06-13T13:18:00+05:30,135985.0,135990.0,135915.0,135990.0,9
2025-06-13T13:19:00+05:30,135915.0,136045.0,135915.0,136000.0,9
2025-06-13T13:20:00+05:30,135955.0,136050.0,135955.0,136050.0,7
2025-06-13T13:21:00+05:30,136020.0,136095.0,136020.0,136025.0,4
2025-06-13T13:22:00+05:30,136080.0,136100.0,136080.0,136100.0,4
2025-06-13T13:23:00+05:30,136095.0,136095.0,136055.0,136095.0,8
2025-06-13T13:24:00+05:30,136100.0,136150.0,136100.0,136150.0,8
2025-06-13T13:25:00+05:30,136150.0,136190.0,136085.0,136150.0,13
2025-06-13T13:26:00+05:30,136095.0,136150.0,136050.0,136050.0,13
2025-06-13T13:27:00+05:30,136145.0,136145.0,135960.0,135960.0,12
2025-06-13T13:28:00+05:30,136070.0,136070.0,135955.0,136025.0,11
2025-06-13T13:29:00+05:30,136035.0,136035.0,135955.0,136035.0,3
2025-06-13T13:30:00+05:30,136050.0,136080.0,135970.0,136075.0,5
2025-06-13T13:31:00+05:30,136070.0,136070.0,135980.0,136065.0,6
2025-06-13T13:32:00+05:30,136070.0,136175.0,136065.0,136150.0,8
2025-06-13T13:33:00+05:30,136150.0,136150.0,136085.0,136150.0,4
2025-06-13T13:34:00+05:30,136150.0,136155.0,136100.0,136150.0,9
2025-06-13T13:35:00+05:30,136155.0,136185.0,136140.0,136150.0,8
2025-06-13T13:36:00+05:30,136110.0,136150.0,136110.0,136110.0,5
2025-06-13T13:37:00+05:30,136175.0,136175.0,136110.0,136175.0,8
2025-06-13T13:38:00+05:30,136190.0,136190.0,136040.0,136095.0,13
2025-06-13T13:39:00+05:30,136145.0,136160.0,136145.0,136160.0,8
2025-06-13T13:40:00+05:30,136160.0,136185.0,136160.0,136185.0,8
2025-06-13T13:41:00+05:30,136190.0,136250.0,136145.0,136235.0,24
2025-06-13T13:42:00+05:30,136230.0,136235.0,136150.0,136155.0,19
2025-06-13T13:43:00+05:30,136260.0,136260.0,136165.0,136240.0,6
2025-06-13T13:44:00+05:30,136240.0,136245.0,136240.0,136245.0,4
2025-06-13T13:45:00+05:30,136245.0,136250.0,136175.0,136250.0,7
2025-06-13T13:46:00+05:30,136240.0,136260.0,136105.0,136105.0,16
2025-06-13T13:47:00+05:30,136135.0,136265.0,136105.0,136180.0,8
2025-06-13T13:48:00+05:30,136245.0,136265.0,136105.0,136105.0,14
2025-06-13T13:49:00+05:30,136165.0,136230.0,136105.0,136230.0,3
2025-06-13T13:50:00+05:30,136120.0,136205.0,136085.0,136155.0,11
2025-06-13T13:51:00+05:30,136070.0,136145.0,136070.0,136070.0,6
2025-06-13T13:52:00+05:30,136070.0,136140.0,136070.0,136110.0,7
2025-06-13T13:53:00+05:30,136140.0,136140.0,136140.0,136140.0,3
2025-06-13T13:54:00+05:30,136140.0,136140.0,136070.0,136070.0,19
2025-06-13T13:55:00+05:30,136130.0,136145.0,136065.0,136125.0,13
2025-06-13T13:56:00+05:30,136145.0,136145.0,136125.0,136125.0,2
2025-06-13T13:57:00+05:30,136145.0,136145.0,136060.0,136065.0,9
2025-06-13T13:58:00+05:30,136070.0,136165.0,136070.0,136085.0,9
2025-06-13T13:59:00+05:30,136175.0,136175.0,136160.0,136160.0,2
2025-06-13T14:00:00+05:30,136160.0,136185.0,136095.0,136185.0,14
2025-06-13T14:01:00+05:30,136095.0,136185.0,136095.0,136180.0,4
2025-06-13T14:02:00+05:30,136155.0,136185.0,136100.0,136135.0,7
2025-06-13T14:03:00+05:30,136135.0,136200.0,136135.0,136200.0,3
2025-06-13T14:04:00+05:30,136250.0,136250.0,136120.0,136200.0,3
2025-06-13T14:05:00+05:30,136240.0,136255.0,136130.0,136250.0,10
2025-06-13T14:06:00+05:30,136245.0,136385.0,136245.0,136385.0,18
2025-06-13T14:07:00+05:30,136385.0,136450.0,136310.0,136450.0,37
2025-06-13T14:08:00+05:30,136485.0,136800.0,136485.0,136800.0,53
2025-06-13T14:09:00+05:30,136800.0,136900.0,136790.0,136795.0,32
2025-06-13T14:10:00+05:30,136795.0,136900.0,136725.0,136900.0,11
2025-06-13T14:11:00+05:30,136820.0,137000.0,136810.0,137000.0,54
2025-06-13T14:12:00+05:30,137000.0,137105.0,137000.0,137020.0,26
2025-06-13T14:13:00+05:30,137035.0,137035.0,136900.0,136900.0,22
2025-06-13T14:14:00+05:30,136900.0,136900.0,136835.0,136900.0,8
2025-06-13T14:15:00+05:30,136895.0,137000.0,136895.0,136990.0,32
2025-06-13T14:16:00+05:30,136935.0,137000.0,136915.0,136915.0,11
2025-06-13T14:17:00+05:30,136945.0,137025.0,136900.0,136900.0,16
2025-06-13T14:18:00+05:30,136920.0,137000.0,136855.0,136955.0,20
2025-06-13T14:19:00+05:30,136910.0,137000.0,136870.0,137000.0,14
2025-06-13T14:20:00+05:30,136960.0,137070.0,136930.0,137070.0,17
2025-06-13T14:21:00+05:30,137070.0,137080.0,136980.0,137075.0,11
2025-06-13T14:22:00+05:30,137085.0,137085.0,136980.0,137065.0,12
2025-06-13T14:23:00+05:30,137070.0,137070.0,137000.0,137000.0,3
2025-06-13T14:24:00+05:30,136995.0,137065.0,136845.0,136875.0,20
2025-06-13T14:25:00+05:30,136880.0,136975.0,136870.0,136920.0,9
2025-06-13T14:26:00+05:30,136895.0,136920.0,136835.0,136840.0,13
2025-06-13T14:27:00+05:30,136920.0,136920.0,136850.0,136920.0,4
2025-06-13T14:28:00+05:30,136920.0,137000.0,136890.0,136930.0,28
2025-06-13T14:29:00+05:30,136930.0,136995.0,136930.0,136930.0,4
2025-06-13T14:30:00+05:30,136990.0,136990.0,136900.0,136985.0,25
2025-06-13T14:31:00+05:30,136915.0,136985.0,136855.0,136875.0,14
2025-06-13T14:32:00+05:30,136975.0,137010.0,136975.0,137010.0,22
2025-06-13T14:33:00+05:30,137020.0,137025.0,137010.0,137010.0,13
2025-06-13T14:34:00+05:30,137010.0,137055.0,137010.0,137030.0,12
2025-06-13T14:35:00+05:30,137030.0,137055.0,137020.0,137055.0,6
2025-06-13T14:36:00+05:30,137020.0,137055.0,136985.0,136985.0,10
2025-06-13T14:37:00+05:30,137045.0,137050.0,136940.0,137035.0,10
2025-06-13T14:38:00+05:30,137035.0,137035.0,136945.0,136950.0,12
2025-06-13T14:39:00+05:30,136945.0,137040.0,136940.0,137040.0,8
2025-06-13T14:40:00+05:30,137025.0,137040.0,137000.0,137040.0,10
2025-06-13T14:41:00+05:30,137040.0,137050.0,137025.0,137025.0,11
2025-06-13T14:42:00+05:30,137025.0,137070.0,137025.0,137065.0,24
2025-06-13T14:43:00+05:30,137070.0,137070.0,137025.0,137060.0,10
2025-06-13T14:44:00+05:30,137000.0,137040.0,136950.0,136960.0,18
2025-06-13T14:45:00+05:30,137000.0,137125.0,137000.0,137125.0,77
2025-06-13T14:46:00+05:30,137135.0,137250.0,137105.0,137250.0,44
2025-06-13T14:47:00+05:30,137245.0,137245.0,137190.0,137195.0,19
2025-06-13T14:48:00+05:30,137195.0,137195.0,137185.0,137185.0,7
2025-06-13T14:49:00+05:30,137185.0,137185.0,137070.0,137070.0,16
2025-06-13T14:50:00+05:30,137100.0,137115.0,137020.0,137115.0,10
2025-06-13T14:51:00+05:30,137025.0,137115.0,136950.0,137060.0,37
2025-06-13T14:52:00+05:30,137095.0,137130.0,136990.0,137130.0,16
2025-06-13T14:53:00+05:30,137145.0,137145.0,137035.0,137035.0,13
2025-06-13T14:54:00+05:30,137035.0,137035.0,137035.0,137035.0,4
2025-06-13T14:55:00+05:30,137050.0,137150.0,137050.0,137150.0,21
2025-06-13T14:56:00+05:30,137085.0,137085.0,137080.0,137080.0,10
2025-06-13T14:57:00+05:30,137085.0,137145.0,136970.0,137065.0,21
2025-06-13T14:58:00+05:30,137065.0,137140.0,137035.0,137080.0,12
2025-06-13T14:59:00+05:30,137080.0,137125.0,137025.0,137050.0,15
2025-06-13T15:00:00+05:30,137130.0,137365.0,137130.0,137325.0,81
2025-06-13T15:01:00+05:30,137325.0,137490.0,137305.0,137410.0,47
2025-06-13T15:02:00+05:30,137490.0,137500.0,137295.0,137455.0,55
2025-06-13T15:03:00+05:30,137430.0,137500.0,137400.0,137495.0,28
2025-06-13T15:04:00+05:30,137490.0,137500.0,137240.0,137485.0,87
2025-06-13T15:05:00+05:30,137405.0,137485.0,137405.0,137420.0,21
2025-06-13T15:06:00+05:30,137450.0,137500.0,137450.0,137495.0,49
2025-06-13T15:07:00+05:30,137495.0,137500.0,137485.0,137500.0,19
2025-06-13T15:08:00+05:30,137500.0,137575.0,137495.0,137575.0,53
2025-06-13T15:09:00+05:30,137575.0,137640.0,137570.0,137635.0,42
2025-06-13T15:10:00+05:30,137635.0,137650.0,137510.0,137560.0,48
2025-06-13T15:11:00+05:30,137560.0,137620.0,137555.0,137555.0,36
2025-06-13T15:12:00+05:30,137560.0,137600.0,137555.0,137600.0,26
2025-06-13T15:13:00+05:30,137600.0,137620.0,137580.0,137610.0,44
2025-06-13T15:14:00+05:30,137610.0,138000.0,137610.0,137820.0,202
2025-06-13T15:15:00+05:30,137725.0,137805.0,137570.0,137675.0,89
2025-06-13T15:16:00+05:30,137680.0,137720.0,137575.0,137685.0,57
2025-06-13T15:17:00+05:30,137720.0,137800.0,137660.0,137730.0,46
2025-06-13T15:18:00+05:30,137730.0,137895.0,137715.0,137795.0,57
2025-06-13T15:19:00+05:30,137765.0,137850.0,137750.0,137790.0,58
2025-06-13T15:20:00+05:30,137815.0,137980.0,137750.0,137780.0,128
2025-06-13T15:21:00+05:30,137785.0,137850.0,137755.0,137755.0,39
2025-06-13T15:22:00+05:30,137765.0,137780.0,137660.0,137715.0,40
2025-06-13T15:23:00+05:30,137715.0,137765.0,137665.0,137665.0,44
2025-06-13T15:24:00+05:30,137705.0,137735.0,137580.0,137640.0,56
2025-06-13T15:25:00+05:30,137570.0,137695.0,137560.0,137665.0,23
2025-06-13T15:26:00+05:30,137700.0,137745.0,137620.0,137715.0,41
2025-06-13T15:27:00+05:30,137745.0,137745.0,137540.0,137555.0,29
2025-06-13T15:28:00+05:30,137550.0,137625.0,137225.0,137230.0,55
2025-06-13T15:29:00+05:30,137500.0,137535.0,137100.0,137105.0,20
2025-06-16T09:15:00+05:30,136935.0,137365.0,136855.0,137225.0,53
2025-06-16T09:16:00+05:30,137150.0,137445.0,137025.0,137025.0,82
2025-06-16T09:17:00+05:30,137025.0,137200.0,137000.0,137200.0,24
2025-06-16T09:18:00+05:30,137200.0,137295.0,137150.0,137225.0,22
2025-06-16T09:19:00+05:30,137070.0,137220.0,136905.0,137170.0,61
2025-06-16T09:20:00+05:30,137140.0,137210.0,137100.0,137100.0,70
2025-06-16T09:21:00+05:30,136950.0,136995.0,136855.0,136860.0,22
2025-06-16T09:22:00+05:30,136975.0,137400.0,136860.0,137190.0,102
2025-06-16T09:23:00+05:30,137065.0,137195.0,137065.0,137105.0,10
2025-06-16T09:24:00+05:30,137105.0,137105.0,137090.0,137090.0,13
2025-06-16T09:25:00+05:30,137170.0,137170.0,137060.0,137100.0,14
2025-06-16T09:26:00+05:30,137200.0,137200.0,137080.0,137200.0,18
2025-06-16T09:27:00+05:30,137125.0,137125.0,137000.0,137090.0,61
2025-06-16T09:28:00+05:30,137085.0,137090.0,136965.0,136965.0,9
2025-06-16T09:29:00+05:30,136960.0,137245.0,136850.0,137245.0,57
2025-06-16T09:30:00+05:30,137025.0,137025.0,136850.0,136855.0,22
2025-06-16T09:31:00+05:30,136855.0,136955.0,136650.0,136745.0,89
2025-06-16T09:32:00+05:30,136850.0,136895.0,136630.0,136895.0,22
2025-06-16T09:33:00+05:30,136800.0,136800.0,136750.0,136750.0,3
2025-06-16T09:34:00+05:30,136750.0,136750.0,136700.0,136700.0,5
2025-06-16T09:35:00+05:30,136700.0,136700.0,136510.0,136520.0,30
2025-06-16T09:36:00+05:30,136630.0,136630.0,136630.0,136630.0,2
2025-06-16T09:37:00+05:30,136550.0,136630.0,136525.0,136630.0,17
2025-06-16T09:38:00+05:30,136630.0,137270.0,136630.0,136800.0,66
2025-06-16T09:40:00+05:30,136800.0,136810.0,136700.0,136810.0,23
2025-06-16T09:41:00+05:30,136795.0,136795.0,136700.0,136700.0,5
2025-06-16T09:42:00+05:30,136700.0,136795.0,136600.0,136715.0,12
2025-06-16T09:43:00+05:30,136720.0,136790.0,136710.0,136790.0,7
2025-06-16T09:44:00+05:30,136790.0,136790.0,136720.0,136720.0,2
2025-06-16T09:45:00+05:30,136715.0,136715.0,136710.0,136710.0,4
2025-06-16T09:46:00+05:30,136715.0,136715.0,136615.0,136700.0,15
2025-06-16T09:47:00+05:30,136615.0,136700.0,136500.0,136600.0,49
2025-06-16T09:48:00+05:30,136505.0,136600.0,136495.0,136600.0,7
2025-06-16T09:49:00+05:30,136600.0,136600.0,136490.0,136490.0,8
2025-06-16T09:50:00+05:30,136595.0,136595.0,136470.0,136470.0,10
2025-06-16T09:51:00+05:30,136470.0,136500.0,136460.0,136460.0,9
2025-06-16T09:52:00+05:30,136500.0,136600.0,136460.0,136470.0,31
2025-06-16T09:53:00+05:30,136600.0,136680.0,136510.0,136670.0,16
2025-06-16T09:54:00+05:30,136630.0,136640.0,136630.0,136640.0,3
2025-06-16T09:56:00+05:30,136640.0,136640.0,136640.0,136640.0,5
2025-06-16T09:57:00+05:30,136605.0,136605.0,136600.0,136600.0,2
2025-06-16T09:58:00+05:30,136640.0,136830.0,136640.0,136830.0,17
2025-06-16T09:59:00+05:30,136710.0,136825.0,136705.0,136705.0,10
2025-06-16T10:00:00+05:30,136705.0,136795.0,136705.0,136795.0,2
2025-06-16T10:02:00+05:30,136780.0,136780.0,136780.0,136780.0,3
2025-06-16T10:03:00+05:30,136780.0,136850.0,136780.0,136850.0,5
2025-06-16T10:04:00+05:30,136850.0,136850.0,136800.0,136800.0,4
2025-06-16T10:05:00+05:30,136800.0,136900.0,136800.0,136900.0,7
2025-06-16T10:06:00+05:30,136940.0,136940.0,136840.0,136935.0,6
2025-06-16T10:07:00+05:30,136930.0,136940.0,136905.0,136940.0,6
2025-06-16T10:08:00+05:30,136930.0,136990.0,136930.0,136990.0,19
2025-06-16T10:09:00+05:30,136995.0,137050.0,136995.0,137050.0,12
2025-06-16T10:10:00+05:30,136995.0,136995.0,136995.0,136995.0,2
2025-06-16T10:11:00+05:30,136995.0,136995.0,136995.0,136995.0,2
2025-06-16T10:12:00+05:30,136990.0,136995.0,136990.0,136995.0,2
2025-06-16T10:13:00+05:30,136995.0,136995.0,136860.0,136860.0,11
2025-06-16T10:14:00+05:30,136995.0,136995.0,136995.0,136995.0,1
2025-06-16T10:15:00+05:30,136995.0,136995.0,136995.0,136995.0,3
2025-06-16T10:16:00+05:30,137020.0,137110.0,137020.0,137110.0,7
2025-06-16T10:17:00+05:30,137000.0,137095.0,137000.0,137090.0,5
2025-06-16T10:18:00+05:30,137090.0,137090.0,137090.0,137090.0,1
2025-06-16T10:19:00+05:30,137085.0,137085.0,137085.0,137085.0,1
2025-06-16T10:21:00+05:30,137000.0,137000.0,136995.0,136995.0,3
2025-06-16T10:22:00+05:30,137085.0,137085.0,136995.0,136995.0,3
2025-06-16T10:23:00+05:30,137085.0,137085.0,137085.0,137085.0,3
2025-06-16T10:24:00+05:30,136995.0,136995.0,136995.0,136995.0,1
2025-06-16T10:25:00+05:30,137000.0,137000.0,137000.0,137000.0,1
2025-06-16T10:26:00+05:30,137000.0,137000.0,136995.0,136995.0,2
2025-06-16T10:27:00+05:30,137000.0,137085.0,137000.0,137000.0,13
2025-06-16T10:28:00+05:30,137085.0,137180.0,137085.0,137180.0,27
2025-06-16T10:29:00+05:30,137040.0,137170.0,137040.0,137170.0,5
2025-06-16T10:30:00+05:30,137170.0,137170.0,137170.0,137170.0,3
2025-06-16T10:31:00+05:30,137045.0,137045.0,137040.0,137040.0,5
2025-06-16T10:32:00+05:30,137115.0,137115.0,137115.0,137115.0,2
2025-06-16T10:33:00+05:30,137110.0,137110.0,137110.0,137110.0,1
2025-06-16T10:34:00+05:30,137045.0,137080.0,137040.0,137080.0,6
2025-06-16T10:36:00+05:30,137080.0,137080.0,137080.0,137080.0,1
2025-06-16T10:37:00+05:30,137080.0,137100.0,137080.0,137100.0,2
2025-06-16T10:39:00+05:30,137115.0,137115.0,137115.0,137115.0,1
2025-06-16T10:40:00+05:30,137050.0,137050.0,137050.0,137050.0,1
2025-06-16T10:41:00+05:30,137115.0,137115.0,137035.0,137035.0,5
2025-06-16T10:42:00+05:30,137095.0,137095.0,137095.0,137095.0,2
2025-06-16T10:43:00+05:30,137120.0,137120.0,137120.0,137120.0,2
2025-06-16T10:44:00+05:30,137120.0,137150.0,137095.0,137150.0,3
2025-06-16T10:46:00+05:30,137150.0,137150.0,137095.0,137150.0,6
2025-06-16T10:47:00+05:30,137095.0,137150.0,137095.0,137150.0,12
2025-06-16T10:48:00+05:30,137150.0,137150.0,137150.0,137150.0,3
2025-06-16T10:49:00+05:30,137150.0,137150.0,137150.0,137150.0,1
2025-06-16T10:50:00+05:30,137135.0,137135.0,137135.0,137135.0,3
2025-06-16T10:51:00+05:30,137100.0,137100.0,137100.0,137100.0,1
2025-06-16T10:52:00+05:30,137135.0,137135.0,137135.0,137135.0,1
2025-06-16T10:55:00+05:30,137135.0,137135.0,137135.0,137135.0,1
2025-06-16T10:56:00+05:30,137100.0,137100.0,137025.0,137025.0,9
2025-06-16T10:57:00+05:30,137065.0,137065.0,137065.0,137065.0,1
2025-06-16T10:58:00+05:30,137000.0,137065.0,136955.0,137040.0,12
2025-06-16T11:00:00+05:30,137095.0,137145.0,137080.0,137080.0,45
2025-06-16T11:01:00+05:30,137125.0,137125.0,137080.0,137125.0,3
2025-06-16T11:02:00+05:30,137125.0,137160.0,137125.0,137160.0,6
2025-06-16T11:03:00+05:30,137180.0,137185.0,137085.0,137185.0,7
2025-06-16T11:04:00+05:30,137180.0,137180.0,137180.0,137180.0,2
2025-06-16T11:05:00+05:30,137180.0,137180.0,137180.0,137180.0,2
2025-06-16T11:06:00+05:30,137175.0,137175.0,137090.0,137090.0,2
2025-06-16T11:07:00+05:30,137170.0,137170.0,137080.0,137170.0,11
2025-06-16T11:09:00+05:30,137115.0,137115.0,137010.0,137010.0,6
2025-06-16T11:11:00+05:30,137100.0,137100.0,137010.0,137095.0,3
2025-06-16T11:12:00+05:30,137095.0,137095.0,137010.0,137010.0,3
2025-06-16T11:14:00+05:30,137010.0,137080.0,137010.0,137080.0,5
2025-06-16T11:15:00+05:30,137080.0,137295.0,137080.0,137290.0,22
2025-06-16T11:16:00+05:30,137285.0,137285.0,137285.0,137285.0,3
2025-06-16T11:17:00+05:30,137285.0,137285.0,137165.0,137165.0,2
2025-06-16T11:18:00+05:30,137170.0,137280.0,137170.0,137195.0,9
2025-06-16T11:19:00+05:30,137195.0,137275.0,137015.0,137015.0,18
2025-06-16T11:20:00+05:30,137115.0,137115.0,137000.0,137055.0,16
2025-06-16T11:21:00+05:30,137055.0,137055.0,136800.0,136825.0,23
2025-06-16T11:22:00+05:30,136825.0,136825.0,136640.0,136715.0,16
2025-06-16T11:23:00+05:30,136640.0,136645.0,136500.0,136620.0,16
2025-06-16T11:24:00+05:30,136500.0,136655.0,136470.0,136500.0,48
2025-06-16T11:25:00+05:30,136600.0,136600.0,136305.0,136380.0,51
2025-06-16T11:26:00+05:30,136305.0,136380.0,136300.0,136300.0,6
2025-06-16T11:27:00+05:30,136380.0,136380.0,136380.0,136380.0,2
2025-06-16T11:28:00+05:30,136320.0,136380.0,136300.0,136365.0,18
2025-06-16T11:29:00+05:30,136365.0,136365.0,136365.0,136365.0,5
2025-06-16T11:30:00+05:30,136315.0,136365.0,136300.0,136365.0,7
2025-06-16T11:31:00+05:30,136365.0,136440.0,136365.0,136440.0,29
2025-06-16T11:32:00+05:30,136440.0,136440.0,136440.0,136440.0,7
2025-06-16T11:33:00+05:30,136450.0,136600.0,136450.0,136600.0,10
2025-06-16T11:34:00+05:30,136595.0,136595.0,136480.0,136485.0,11
2025-06-16T11:35:00+05:30,136485.0,136590.0,136485.0,136590.0,3
2025-06-16T11:36:00+05:30,136585.0,136590.0,136585.0,136590.0,3
2025-06-16T11:37:00+05:30,136590.0,136600.0,136590.0,136600.0,2
2025-06-16T11:38:00+05:30,136590.0,136590.0,136590.0,136590.0,1
2025-06-16T11:39:00+05:30,136590.0,136590.0,136590.0,136590.0,5
2025-06-16T11:40:00+05:30,136600.0,136600.0,136600.0,136600.0,2
2025-06-16T11:41:00+05:30,136590.0,136590.0,136585.0,136585.0,6
2025-06-16T11:43:00+05:30,136530.0,136530.0,136530.0,136530.0,1
2025-06-16T11:44:00+05:30,136575.0,136575.0,136570.0,136570.0,6
2025-06-16T11:45:00+05:30,136575.0,136575.0,136575.0,136575.0,2
2025-06-16T11:46:00+05:30,136575.0,136575.0,136575.0,136575.0,4
2025-06-16T11:47:00+05:30,136585.0,136590.0,136585.0,136590.0,3
2025-06-16T11:48:00+05:30,136590.0,136600.0,136590.0,136600.0,31
2025-06-16T11:49:00+05:30,136700.0,136700.0,136675.0,136700.0,5
2025-06-16T11:50:00+05:30,136590.0,136695.0,136590.0,136695.0,2
2025-06-16T11:51:00+05:30,136685.0,136700.0,136685.0,136700.0,5
2025-06-16T11:52:00+05:30,136700.0,136700.0,136610.0,136610.0,4
2025-06-16T11:54:00+05:30,136615.0,136615.0,136615.0,136615.0,1
2025-06-16T11:55:00+05:30,136690.0,136690.0,136605.0,136605.0,3
2025-06-16T11:56:00+05:30,136600.0,136600.0,136600.0,136600.0,1
2025-06-16T11:57:00+05:30,136585.0,136585.0,136560.0,136560.0,3
2025-06-16T11:58:00+05:30,136515.0,136585.0,136510.0,136585.0,10
2025-06-16T11:59:00+05:30,136580.0,136580.0,136580.0,136580.0,2
2025-06-16T12:00:00+05:30,136505.0,136575.0,136505.0,136575.0,5
2025-06-16T12:01:00+05:30,136550.0,136550.0,136500.0,136500.0,11
2025-06-16T12:02:00+05:30,136500.0,136500.0,136500.0,136500.0,2
2025-06-16T12:03:00+05:30,136510.0,136510.0,136510.0,136510.0,1
2025-06-16T12:04:00+05:30,136555.0,136555.0,136500.0,136500.0,6
2025-06-16T12:05:00+05:30,136555.0,136555.0,136555.0,136555.0,1
2025-06-16T12:06:00+05:30,136550.0,136550.0,136550.0,136550.0,5
2025-06-16T12:07:00+05:30,136550.0,136550.0,136545.0,136545.0,2
2025-06-16T12:08:00+05:30,136545.0,136640.0,136545.0,136640.0,6
2025-06-16T12:09:00+05:30,136640.0,136640.0,136640.0,136640.0,1
2025-06-16T12:10:00+05:30,136655.0,136655.0,136655.0,136655.0,1
2025-06-16T12:11:00+05:30,136570.0,136570.0,136570.0,136570.0,3
2025-06-16T12:14:00+05:30,136635.0,136635.0,136635.0,136635.0,1
2025-06-16T12:15:00+05:30,136575.0,136575.0,136570.0,136570.0,5
2025-06-16T12:16:00+05:30,136635.0,136635.0,136635.0,136635.0,1
2025-06-16T12:17:00+05:30,136550.0,136550.0,136550.0,136550.0,1
2025-06-16T12:18:00+05:30,136620.0,136620.0,136355.0,136485.0,38
2025-06-16T12:19:00+05:30,136485.0,136615.0,136485.0,136505.0,14
2025-06-16T12:21:00+05:30,136515.0,136605.0,136515.0,136605.0,2
2025-06-16T12:22:00+05:30,136515.0,136515.0,136515.0,136515.0,2
2025-06-16T12:23:00+05:30,136505.0,136505.0,136470.0,136470.0,3
2025-06-16T12:24:00+05:30,136500.0,136500.0,136475.0,136475.0,3
2025-06-16T12:25:00+05:30,136470.0,136470.0,136470.0,136470.0,1
2025-06-16T12:26:00+05:30,136490.0,136500.0,136490.0,136500.0,7
2025-06-16T12:28:00+05:30,136455.0,136500.0,136455.0,136500.0,2
2025-06-16T12:29:00+05:30,136500.0,136500.0,136455.0,136455.0,5
2025-06-16T12:30:00+05:30,136455.0,136515.0,136455.0,136505.0,11
2025-06-16T12:34:00+05:30,136585.0,136585.0,136585.0,136585.0,1
2025-06-16T12:36:00+05:30,136585.0,136830.0,136585.0,136785.0,34
2025-06-16T12:37:00+05:30,136690.0,136750.0,136670.0,136750.0,5
2025-06-16T12:38:00+05:30,136685.0,136685.0,136595.0,136595.0,2
2025-06-16T12:39:00+05:30,136600.0,136600.0,136600.0,136600.0,2
2025-06-16T12:41:00+05:30,136600.0,136600.0,136600.0,136600.0,1
2025-06-16T12:42:00+05:30,136600.0,136600.0,136600.0,136600.0,3
2025-06-16T12:43:00+05:30,136600.0,136600.0,136590.0,136590.0,2
2025-06-16T12:45:00+05:30,136590.0,136590.0,136590.0,136590.0,7
2025-06-16T12:49:00+05:30,136595.0,136595.0,136595.0,136595.0,2
2025-06-16T12:50:00+05:30,136595.0,136595.0,136595.0,136595.0,2
2025-06-16T12:51:00+05:30,136595.0,136595.0,136595.0,136595.0,1
2025-06-16T12:54:00+05:30,136595.0,136600.0,136595.0,136600.0,11
2025-06-16T12:55:00+05:30,136600.0,136670.0,136600.0,136670.0,6
2025-06-16T12:56:00+05:30,136605.0,136640.0,136515.0,136640.0,16
2025-06-16T12:58:00+05:30,136630.0,136630.0,136600.0,136600.0,4
2025-06-16T13:00:00+05:30,136605.0,136620.0,136605.0,136620.0,5
2025-06-16T13:03:00+05:30,136620.0,136630.0,136620.0,136630.0,6
2025-06-16T13:04:00+05:30,136605.0,136735.0,136605.0,136735.0,3
2025-06-16T13:05:00+05:30,136735.0,136785.0,136635.0,136635.0,13
2025-06-16T13:06:00+05:30,136635.0,136635.0,136620.0,136620.0,2
2025-06-16T13:07:00+05:30,136700.0,136700.0,136700.0,136700.0,1
2025-06-16T13:08:00+05:30,136620.0,136700.0,136620.0,136700.0,3
2025-06-16T13:09:00+05:30,136620.0,136690.0,136620.0,136690.0,12
2025-06-16T13:10:00+05:30,136615.0,136615.0,136615.0,136615.0,3
2025-06-16T13:12:00+05:30,136690.0,136695.0,136690.0,136695.0,11
2025-06-16T13:13:00+05:30,136695.0,136695.0,136695.0,136695.0,1
2025-06-16T13:15:00+05:30,136615.0,136615.0,136615.0,136615.0,4
2025-06-16T13:17:00+05:30,136600.0,136600.0,136600.0,136600.0,1
2025-06-16T13:18:00+05:30,136610.0,136610.0,136600.0,136600.0,3
2025-06-16T13:21:00+05:30,136600.0,136600.0,136600.0,136600.0,3
2025-06-16T13:23:00+05:30,136615.0,136615.0,136615.0,136615.0,1
2025-06-16T13:24:00+05:30,136600.0,136600.0,136600.0,136600.0,2
2025-06-16T13:25:00+05:30,136615.0,136615.0,136600.0,136615.0,35
2025-06-16T13:28:00+05:30,136615.0,136615.0,136615.0,136615.0,1
2025-06-16T13:29:00+05:30,136615.0,136615.0,136615.0,136615.0,31
2025-06-16T13:31:00+05:30,136600.0,136615.0,136600.0,136615.0,2
2025-06-16T13:32:00+05:30,136615.0,136615.0,136615.0,136615.0,4
2025-06-16T13:33:00+05:30,136615.0,136615.0,136615.0,136615.0,5
2025-06-16T13:34:00+05:30,136615.0,136615.0,136615.0,136615.0,13
2025-06-16T13:35:00+05:30,136615.0,136640.0,136615.0,136640.0,12
2025-06-16T13:38:00+05:30,136640.0,136640.0,136640.0,136640.0,2
2025-06-16T13:39:00+05:30,136605.0,136640.0,136600.0,136640.0,9
2025-06-16T13:40:00+05:30,136605.0,136605.0,136605.0,136605.0,1
2025-06-16T13:42:00+05:30,136700.0,136715.0,136605.0,136605.0,27
2025-06-16T13:43:00+05:30,136680.0,136680.0,136680.0,136680.0,4
2025-06-16T13:45:00+05:30,136680.0,136680.0,136680.0,136680.0,1
2025-06-16T13:46:00+05:30,136680.0,136680.0,136680.0,136680.0,2
2025-06-16T13:47:00+05:30,136680.0,136680.0,136680.0,136680.0,6
2025-06-16T13:48:00+05:30,136680.0,136690.0,136680.0,136690.0,4
2025-06-16T13:50:00+05:30,136605.0,136605.0,136605.0,136605.0,9
2025-06-16T13:52:00+05:30,136645.0,136645.0,136605.0,136605.0,2
2025-06-16T13:53:00+05:30,136605.0,136605.0,136605.0,136605.0,10
2025-06-16T13:54:00+05:30,136625.0,136625.0,136625.0,136625.0,1
2025-06-16T13:56:00+05:30,136630.0,136630.0,136630.0,136630.0,1
2025-06-16T13:57:00+05:30,136610.0,136630.0,136610.0,136630.0,2
2025-06-16T13:59:00+05:30,136690.0,136695.0,136690.0,136695.0,2
2025-06-16T14:00:00+05:30,136695.0,136695.0,136695.0,136695.0,1
2025-06-16T14:01:00+05:30,136655.0,136695.0,136655.0,136695.0,2
2025-06-16T14:02:00+05:30,136695.0,136705.0,136695.0,136705.0,10
2025-06-16T14:03:00+05:30,136705.0,136705.0,136705.0,136705.0,1
2025-06-16T14:04:00+05:30,136705.0,136775.0,136705.0,136775.0,15
2025-06-16T14:05:00+05:30,136670.0,136780.0,136670.0,136780.0,10
2025-06-16T14:06:00+05:30,136790.0,136790.0,136790.0,136790.0,1
2025-06-16T14:07:00+05:30,136805.0,136805.0,136800.0,136800.0,5
2025-06-16T14:08:00+05:30,136800.0,136810.0,136800.0,136810.0,13
2025-06-16T14:09:00+05:30,136810.0,136850.0,136810.0,136850.0,6
2025-06-16T14:10:00+05:30,136850.0,136885.0,136850.0,136885.0,6
2025-06-16T14:11:00+05:30,136890.0,136895.0,136890.0,136895.0,3
2025-06-16T14:12:00+05:30,136805.0,136805.0,136805.0,136805.0,1
2025-06-16T14:14:00+05:30,136870.0,136960.0,136870.0,136960.0,15
2025-06-16T14:15:00+05:30,136985.0,136985.0,136925.0,136925.0,6
2025-06-16T14:16:00+05:30,136925.0,136925.0,136925.0,136925.0,3
2025-06-16T14:17:00+05:30,136925.0,136985.0,136925.0,136985.0,7
2025-06-16T14:18:00+05:30,136980.0,136985.0,136980.0,136985.0,6
2025-06-16T14:19:00+05:30,136985.0,136985.0,136930.0,136950.0,5
2025-06-16T14:20:00+05:30,136985.0,136985.0,136980.0,136985.0,5
2025-06-16T14:21:00+05:30,136925.0,136925.0,136890.0,136925.0,16
2025-06-16T14:22:00+05:30,136830.0,136930.0,136830.0,136835.0,12
2025-06-16T14:23:00+05:30,136835.0,136875.0,136835.0,136875.0,2
2025-06-16T14:24:00+05:30,136875.0,136875.0,136875.0,136875.0,1
2025-06-16T14:25:00+05:30,136835.0,136835.0,136835.0,136835.0,2
2025-06-16T14:26:00+05:30,136835.0,136835.0,136835.0,136835.0,6
2025-06-16T14:27:00+05:30,136895.0,136895.0,136895.0,136895.0,1
2025-06-16T14:29:00+05:30,136880.0,136880.0,136880.0,136880.0,1
2025-06-16T14:30:00+05:30,136865.0,136865.0,136825.0,136865.0,4
2025-06-16T14:32:00+05:30,136805.0,136805.0,136625.0,136625.0,17
2025-06-16T14:33:00+05:30,136730.0,136755.0,136730.0,136745.0,12
2025-06-16T14:34:00+05:30,136745.0,136745.0,136685.0,136745.0,7
2025-06-16T14:35:00+05:30,136795.0,136795.0,136795.0,136795.0,1
2025-06-16T14:36:00+05:30,136790.0,136810.0,136790.0,136810.0,7
2025-06-16T14:38:00+05:30,136825.0,136895.0,136815.0,136895.0,5
2025-06-16T14:39:00+05:30,136810.0,136810.0,136810.0,136810.0,1
2025-06-16T14:42:00+05:30,136810.0,136810.0,136810.0,136810.0,1
2025-06-16T14:43:00+05:30,136865.0,136885.0,136865.0,136885.0,3
2025-06-16T14:44:00+05:30,136885.0,136885.0,136850.0,136850.0,3
2025-06-16T14:45:00+05:30,136850.0,136850.0,136850.0,136850.0,1
2025-06-16T14:48:00+05:30,136885.0,136885.0,136885.0,136885.0,2
2025-06-16T14:49:00+05:30,136885.0,136900.0,136850.0,136850.0,8
2025-06-16T14:50:00+05:30,136800.0,136850.0,136800.0,136850.0,2
2025-06-16T14:51:00+05:30,136800.0,136800.0,136795.0,136795.0,2
2025-06-16T14:52:00+05:30,136795.0,136795.0,136795.0,136795.0,1
2025-06-16T14:53:00+05:30,136790.0,136790.0,136750.0,136750.0,4
2025-06-16T14:54:00+05:30,136785.0,136785.0,136785.0,136785.0,1
2025-06-16T14:55:00+05:30,136750.0,136780.0,136710.0,136780.0,6
2025-06-16T14:56:00+05:30,136710.0,136800.0,136710.0,136800.0,25
2025-06-16T14:57:00+05:30,136800.0,136800.0,136800.0,136800.0,1
2025-06-16T14:58:00+05:30,136745.0,136745.0,136740.0,136740.0,4
2025-06-16T14:59:00+05:30,136725.0,136725.0,136615.0,136615.0,9
2025-06-16T15:00:00+05:30,136740.0,136740.0,136350.0,136350.0,60
2025-06-16T15:01:00+05:30,136350.0,136350.0,136135.0,136145.0,84
2025-06-16T15:02:00+05:30,136170.0,136340.0,136170.0,136290.0,29
2025-06-16T15:03:00+05:30,136285.0,136285.0,136225.0,136285.0,11
2025-06-16T15:04:00+05:30,136285.0,136330.0,136260.0,136330.0,48
2025-06-16T15:05:00+05:30,136385.0,136450.0,136375.0,136415.0,16
2025-06-16T15:06:00+05:30,136405.0,136405.0,136300.0,136300.0,15
2025-06-16T15:07:00+05:30,136300.0,136300.0,136250.0,136250.0,15
2025-06-16T15:08:00+05:30,136250.0,136255.0,136225.0,136230.0,11
2025-06-16T15:09:00+05:30,136225.0,136405.0,136175.0,136405.0,71
2025-06-16T15:10:00+05:30,136400.0,136400.0,136305.0,136305.0,14
2025-06-16T15:11:00+05:30,136305.0,136385.0,136230.0,136230.0,16
2025-06-16T15:12:00+05:30,136240.0,136285.0,136100.0,136100.0,33
2025-06-16T15:13:00+05:30,136135.0,136160.0,135900.0,135900.0,126
2025-06-16T15:14:00+05:30,135900.0,136115.0,135900.0,136100.0,63
2025-06-16T15:15:00+05:30,136095.0,136155.0,135915.0,136090.0,128
2025-06-16T15:16:00+05:30,136000.0,136090.0,135900.0,136030.0,62
2025-06-16T15:17:00+05:30,136025.0,136065.0,135975.0,136065.0,34
2025-06-16T15:18:00+05:30,136005.0,136100.0,135900.0,136055.0,109
2025-06-16T15:19:00+05:30,136050.0,136105.0,135915.0,135955.0,68
2025-06-16T15:20:00+05:30,135955.0,136155.0,135950.0,136155.0,109
2025-06-16T15:21:00+05:30,136200.0,136200.0,136065.0,136155.0,28
2025-06-16T15:22:00+05:30,136155.0,136195.0,136155.0,136195.0,29
2025-06-16T15:23:00+05:30,136195.0,136285.0,136175.0,136175.0,27
2025-06-16T15:24:00+05:30,136180.0,136265.0,135990.0,136260.0,70
2025-06-16T15:25:00+05:30,136260.0,136260.0,136140.0,136145.0,28
2025-06-16T15:26:00+05:30,136245.0,136290.0,136145.0,136270.0,44
2025-06-16T15:27:00+05:30,136290.0,136350.0,136145.0,136300.0,36
2025-06-16T15:28:00+05:30,136300.0,136335.0,136100.0,136325.0,31
2025-06-16T15:29:00+05:30,136330.0,136330.0,136100.0,136120.0,39
2025-06-17T09:15:00+05:30,136300.0,136580.0,136055.0,136500.0,77
2025-06-17T09:16:00+05:30,136505.0,137030.0,136505.0,136980.0,54
2025-06-17T09:17:00+05:30,136980.0,136980.0,136795.0,136905.0,11
2025-06-17T09:18:00+05:30,136800.0,136820.0,136580.0,136580.0,35
2025-06-17T09:19:00+05:30,136580.0,136615.0,136435.0,136460.0,73
2025-06-17T09:20:00+05:30,136445.0,136450.0,136320.0,136320.0,23
2025-06-17T09:21:00+05:30,136320.0,136320.0,136110.0,136255.0,61
2025-06-17T09:22:00+05:30,136215.0,136320.0,136160.0,136225.0,13
2025-06-17T09:23:00+05:30,136225.0,136255.0,136110.0,136245.0,29
2025-06-17T09:24:00+05:30,136135.0,136445.0,136135.0,136390.0,33
2025-06-17T09:25:00+05:30,136385.0,136385.0,136175.0,136320.0,22
2025-06-17T09:26:00+05:30,136220.0,136450.0,136215.0,136450.0,31
2025-06-17T09:27:00+05:30,136435.0,136490.0,136320.0,136415.0,12
2025-06-17T09:28:00+05:30,136490.0,136520.0,136375.0,136400.0,19
2025-06-17T09:29:00+05:30,136405.0,136405.0,136400.0,136405.0,3
2025-06-17T09:30:00+05:30,136490.0,136500.0,136405.0,136405.0,5
2025-06-17T09:31:00+05:30,136405.0,136405.0,136405.0,136405.0,2
2025-06-17T09:32:00+05:30,136405.0,136525.0,136400.0,136400.0,18
2025-06-17T09:33:00+05:30,136505.0,136770.0,136400.0,136715.0,33
2025-06-17T09:34:00+05:30,136715.0,136775.0,136575.0,136630.0,17
2025-06-17T09:35:00+05:30,136630.0,136630.0,136520.0,136520.0,4
2025-06-17T09:36:00+05:30,136575.0,136645.0,136575.0,136645.0,3
2025-06-17T09:37:00+05:30,136520.0,136610.0,136520.0,136520.0,7
2025-06-17T09:38:00+05:30,136595.0,136645.0,136515.0,136645.0,8
2025-06-17T09:39:00+05:30,136640.0,136650.0,136515.0,136610.0,8
2025-06-17T09:40:00+05:30,136610.0,136610.0,136610.0,136610.0,1
2025-06-17T09:41:00+05:30,136515.0,136515.0,136515.0,136515.0,1
2025-06-17T09:42:00+05:30,136410.0,136495.0,136410.0,136420.0,7
2025-06-17T09:43:00+05:30,136420.0,136485.0,136405.0,136485.0,7
2025-06-17T09:44:00+05:30,136405.0,136495.0,136405.0,136405.0,4
2025-06-17T09:45:00+05:30,136490.0,136500.0,136490.0,136500.0,4
2025-06-17T09:46:00+05:30,136520.0,136555.0,136520.0,136555.0,5
2025-06-17T09:47:00+05:30,136625.0,136630.0,136620.0,136630.0,11
2025-06-17T09:48:00+05:30,136620.0,136620.0,136555.0,136555.0,8
2025-06-17T09:49:00+05:30,136615.0,136620.0,136555.0,136620.0,11
2025-06-17T09:50:00+05:30,136555.0,136555.0,136555.0,136555.0,2
2025-06-17T09:51:00+05:30,136610.0,136610.0,136610.0,136610.0,2
2025-06-17T09:53:00+05:30,136555.0,136585.0,136555.0,136585.0,5
2025-06-17T09:54:00+05:30,136585.0,136590.0,136585.0,136590.0,2
2025-06-17T09:55:00+05:30,136550.0,136590.0,136500.0,136500.0,6
2025-06-17T09:56:00+05:30,136500.0,136530.0,136500.0,136530.0,8
2025-06-17T09:57:00+05:30,136530.0,136530.0,136500.0,136500.0,2
2025-06-17T09:58:00+05:30,136500.0,136500.0,136500.0,136500.0,1
2025-06-17T09:59:00+05:30,136500.0,136500.0,136500.0,136500.0,1
2025-06-17T10:01:00+05:30,136435.0,136530.0,136435.0,136530.0,4
2025-06-17T10:02:00+05:30,136530.0,136530.0,136530.0,136530.0,5
2025-06-17T10:03:00+05:30,136530.0,136530.0,136530.0,136530.0,5
2025-06-17T10:04:00+05:30,136520.0,136535.0,136425.0,136535.0,7
2025-06-17T10:05:00+05:30,136510.0,136540.0,136500.0,136500.0,3
2025-06-17T10:06:00+05:30,136500.0,136540.0,136500.0,136540.0,2
2025-06-17T10:07:00+05:30,136500.0,136500.0,136500.0,136500.0,2
2025-06-17T10:09:00+05:30,136500.0,136500.0,136500.0,136500.0,1
2025-06-17T10:11:00+05:30,136540.0,136550.0,136540.0,136550.0,7
2025-06-17T10:12:00+05:30,136550.0,136560.0,136505.0,136555.0,4
2025-06-17T10:13:00+05:30,136555.0,136555.0,136555.0,136555.0,4
2025-06-17T10:14:00+05:30,136505.0,136595.0,136505.0,136595.0,11
2025-06-17T10:15:00+05:30,136540.0,136675.0,136540.0,136675.0,13
2025-06-17T10:16:00+05:30,136680.0,136750.0,136670.0,136670.0,8
2025-06-17T10:17:00+05:30,136670.0,136670.0,136635.0,136635.0,3
2025-06-17T10:18:00+05:30,136535.0,136535.0,136535.0,136535.0,2
2025-06-17T10:19:00+05:30,136655.0,136665.0,136655.0,136665.0,3
2025-06-17T10:20:00+05:30,136655.0,136655.0,136650.0,136650.0,2
2025-06-17T10:21:00+05:30,136650.0,136650.0,136650.0,136650.0,1
2025-06-17T10:22:00+05:30,136665.0,136665.0,136650.0,136650.0,2
2025-06-17T10:23:00+05:30,136640.0,136665.0,136640.0,136665.0,4
2025-06-17T10:24:00+05:30,136665.0,136665.0,136665.0,136665.0,1
2025-06-17T10:25:00+05:30,136695.0,136700.0,136695.0,136700.0,4
2025-06-17T10:26:00+05:30,136695.0,136695.0,136635.0,136690.0,5
2025-06-17T10:28:00+05:30,136510.0,136510.0,136510.0,136510.0,1
2025-06-17T10:29:00+05:30,136520.0,136640.0,136520.0,136640.0,8
2025-06-17T10:30:00+05:30,136635.0,136635.0,136635.0,136635.0,1
2025-06-17T10:31:00+05:30,136540.0,136635.0,136530.0,136635.0,8
2025-06-17T10:32:00+05:30,136550.0,136690.0,136550.0,136580.0,12
2025-06-17T10:33:00+05:30,136680.0,136685.0,136680.0,136685.0,2
2025-06-17T10:34:00+05:30,136685.0,136685.0,136685.0,136685.0,2
2025-06-17T10:35:00+05:30,136660.0,136685.0,136580.0,136580.0,9
2025-06-17T10:36:00+05:30,136680.0,136680.0,136570.0,136570.0,2
2025-06-17T10:38:00+05:30,136655.0,136655.0,136650.0,136650.0,2
2025-06-17T10:40:00+05:30,136670.0,136670.0,136575.0,136600.0,13
2025-06-17T10:41:00+05:30,136670.0,136785.0,136670.0,136735.0,107
2025-06-17T10:42:00+05:30,136785.0,136870.0,136785.0,136870.0,10
2025-06-17T10:43:00+05:30,136840.0,136840.0,136735.0,136755.0,13
2025-06-17T10:44:00+05:30,136830.0,136850.0,136765.0,136765.0,11
2025-06-17T10:45:00+05:30,136690.0,136700.0,136665.0,136700.0,5
2025-06-17T10:47:00+05:30,136700.0,136700.0,136625.0,136625.0,2
2025-06-17T10:48:00+05:30,136625.0,136625.0,136600.0,136600.0,5
2025-06-17T10:49:00+05:30,136550.0,136550.0,136500.0,136500.0,20
2025-06-17T10:50:00+05:30,136500.0,136570.0,136500.0,136570.0,2
2025-06-17T10:51:00+05:30,136570.0,136570.0,136535.0,136535.0,3
2025-06-17T10:52:00+05:30,136535.0,136535.0,136505.0,136505.0,3
2025-06-17T10:53:00+05:30,136510.0,136575.0,136505.0,136565.0,10
2025-06-17T10:54:00+05:30,136510.0,136510.0,136505.0,136505.0,3
2025-06-17T10:55:00+05:30,136510.0,136510.0,136510.0,136510.0,1
2025-06-17T10:56:00+05:30,136565.0,136585.0,136565.0,136585.0,3
2025-06-17T10:58:00+05:30,136510.0,136605.0,136510.0,136605.0,6
2025-06-17T10:59:00+05:30,136605.0,136625.0,136605.0,136625.0,6
2025-06-17T11:00:00+05:30,136625.0,136695.0,136625.0,136695.0,9
2025-06-17T11:01:00+05:30,136625.0,136625.0,136625.0,136625.0,1
2025-06-17T11:03:00+05:30,136625.0,136625.0,136625.0,136625.0,1
2025-06-17T11:04:00+05:30,136655.0,136655.0,136535.0,136535.0,6
2025-06-17T11:05:00+05:30,136540.0,136540.0,136540.0,136540.0,1
2025-06-17T11:06:00+05:30,136540.0,136540.0,136540.0,136540.0,1
2025-06-17T11:07:00+05:30,136600.0,136600.0,136600.0,136600.0,1
2025-06-17T11:08:00+05:30,136540.0,136540.0,136540.0,136540.0,1
2025-06-17T11:09:00+05:30,136600.0,136600.0,136540.0,136540.0,2
2025-06-17T11:10:00+05:30,136600.0,136600.0,136600.0,136600.0,1
2025-06-17T11:12:00+05:30,136600.0,136600.0,136600.0,136600.0,1
2025-06-17T11:15:00+05:30,136560.0,136560.0,136395.0,136395.0,24
2025-06-17T11:16:00+05:30,136400.0,136400.0,136400.0,136400.0,1
2025-06-17T11:17:00+05:30,136395.0,136445.0,136395.0,136445.0,2
2025-06-17T11:19:00+05:30,136450.0,136450.0,136390.0,136390.0,10
2025-06-17T11:20:00+05:30,136385.0,136390.0,136385.0,136390.0,5
2025-06-17T11:22:00+05:30,136390.0,136450.0,136390.0,136450.0,3
2025-06-17T11:23:00+05:30,136455.0,136455.0,136455.0,136455.0,1
2025-06-17T11:25:00+05:30,136455.0,136455.0,136390.0,136390.0,12
2025-06-17T11:26:00+05:30,136470.0,136480.0,136470.0,136480.0,2
2025-06-17T11:27:00+05:30,136405.0,136405.0,136390.0,136390.0,10
2025-06-17T11:29:00+05:30,136390.0,136390.0,136390.0,136390.0,3
2025-06-17T11:30:00+05:30,136465.0,136465.0,136465.0,136465.0,1
2025-06-17T11:31:00+05:30,136465.0,136465.0,136390.0,136390.0,3
2025-06-17T11:33:00+05:30,136390.0,136465.0,136390.0,136465.0,2
2025-06-17T11:34:00+05:30,136390.0,136390.0,136385.0,136385.0,3
2025-06-17T11:35:00+05:30,136385.0,136385.0,136385.0,136385.0,3
2025-06-17T11:36:00+05:30,136370.0,136370.0,136365.0,136365.0,2
2025-06-17T11:37:00+05:30,136370.0,136370.0,136370.0,136370.0,1
2025-06-17T11:40:00+05:30,136370.0,136370.0,136370.0,136370.0,2
2025-06-17T11:41:00+05:30,136370.0,136370.0,136370.0,136370.0,2
2025-06-17T11:42:00+05:30,136365.0,136365.0,136365.0,136365.0,2
2025-06-17T11:43:00+05:30,136310.0,136310.0,136205.0,136275.0,19
2025-06-17T11:44:00+05:30,136315.0,136495.0,136315.0,136375.0,31
2025-06-17T11:45:00+05:30,136375.0,136385.0,136310.0,136385.0,3
2025-06-17T11:46:00+05:30,136310.0,136310.0,136310.0,136310.0,1
2025-06-17T11:47:00+05:30,136310.0,136310.0,136305.0,136305.0,2
2025-06-17T11:48:00+05:30,136275.0,136275.0,136275.0,136275.0,2
2025-06-17T11:49:00+05:30,136275.0,136290.0,136200.0,136290.0,11
2025-06-17T11:50:00+05:30,136285.0,136285.0,136285.0,136285.0,1
2025-06-17T11:51:00+05:30,136305.0,136390.0,136285.0,136300.0,14
2025-06-17T11:52:00+05:30,136195.0,136300.0,136195.0,136300.0,2
2025-06-17T11:53:00+05:30,136300.0,136300.0,136300.0,136300.0,3
2025-06-17T11:55:00+05:30,136225.0,136225.0,136220.0,136220.0,2
2025-06-17T11:56:00+05:30,136200.0,136220.0,136170.0,136220.0,8
2025-06-17T11:57:00+05:30,136220.0,136225.0,136220.0,136225.0,4
2025-06-17T11:58:00+05:30,136250.0,136250.0,136250.0,136250.0,1
2025-06-17T12:00:00+05:30,136250.0,136250.0,136175.0,136175.0,12
2025-06-17T12:01:00+05:30,136180.0,136180.0,136155.0,136155.0,6
2025-06-17T12:02:00+05:30,136155.0,136260.0,136155.0,136250.0,4
2025-06-17T12:03:00+05:30,136200.0,136200.0,136200.0,136200.0,1
2025-06-17T12:04:00+05:30,136210.0,136290.0,136210.0,136290.0,5
2025-06-17T12:05:00+05:30,136215.0,136215.0,136200.0,136200.0,5
2025-06-17T12:06:00+05:30,136200.0,136200.0,136195.0,136195.0,2
2025-06-17T12:07:00+05:30,136150.0,136250.0,136150.0,136250.0,5
2025-06-17T12:08:00+05:30,136270.0,136270.0,136270.0,136270.0,1
2025-06-17T12:09:00+05:30,136275.0,136285.0,136275.0,136285.0,2
2025-06-17T12:10:00+05:30,136290.0,136290.0,136290.0,136290.0,1
2025-06-17T12:12:00+05:30,136290.0,136290.0,136290.0,136290.0,1
2025-06-17T12:14:00+05:30,136170.0,136170.0,136165.0,136165.0,2
2025-06-17T12:16:00+05:30,136175.0,136175.0,136175.0,136175.0,1
2025-06-17T12:17:00+05:30,136280.0,136290.0,136280.0,136290.0,3
2025-06-17T12:19:00+05:30,136290.0,136290.0,136290.0,136290.0,1
2025-06-17T12:21:00+05:30,136290.0,136290.0,136290.0,136290.0,2
2025-06-17T12:22:00+05:30,136290.0,136290.0,136290.0,136290.0,1
2025-06-17T12:24:00+05:30,136295.0,136325.0,136290.0,136290.0,9
2025-06-17T12:27:00+05:30,136340.0,136340.0,136340.0,136340.0,2
2025-06-17T12:28:00+05:30,136295.0,136295.0,136295.0,136295.0,1
2025-06-17T12:29:00+05:30,136295.0,136295.0,136295.0,136295.0,2
2025-06-17T12:30:00+05:30,136295.0,136355.0,136295.0,136355.0,4
2025-06-17T12:31:00+05:30,136290.0,136290.0,136290.0,136290.0,1
2025-06-17T12:32:00+05:30,136290.0,136340.0,136290.0,136290.0,6
2025-06-17T12:33:00+05:30,136290.0,136290.0,136290.0,136290.0,1
2025-06-17T12:34:00+05:30,136290.0,136290.0,136290.0,136290.0,5
2025-06-17T12:35:00+05:30,136290.0,136290.0,136290.0,136290.0,4
2025-06-17T12:36:00+05:30,136225.0,136225.0,136225.0,136225.0,2
2025-06-17T12:37:00+05:30,136205.0,136205.0,136205.0,136205.0,1
2025-06-17T12:40:00+05:30,136210.0,136210.0,136210.0,136210.0,2
2025-06-17T12:43:00+05:30,136300.0,136300.0,136300.0,136300.0,1
2025-06-17T12:44:00+05:30,136300.0,136300.0,136300.0,136300.0,1
2025-06-17T12:46:00+05:30,136300.0,136300.0,136300.0,136300.0,1
2025-06-17T12:47:00+05:30,136215.0,136215.0,136215.0,136215.0,1
2025-06-17T12:48:00+05:30,136240.0,136240.0,136240.0,136240.0,1
2025-06-17T12:49:00+05:30,136295.0,136295.0,136195.0,136195.0,20
2025-06-17T12:50:00+05:30,136205.0,136205.0,136195.0,136195.0,3
2025-06-17T12:51:00+05:30,136175.0,136175.0,136100.0,136100.0,22
2025-06-17T12:53:00+05:30,136100.0,136100.0,136005.0,136005.0,47
2025-06-17T12:54:00+05:30,136060.0,136345.0,136060.0,136165.0,36
2025-06-17T12:55:00+05:30,136165.0,136200.0,136165.0,136200.0,4
2025-06-17T12:58:00+05:30,136205.0,136205.0,136100.0,136100.0,2
2025-06-17T13:00:00+05:30,136105.0,136105.0,136100.0,136100.0,2
2025-06-17T13:02:00+05:30,136130.0,136130.0,136130.0,136130.0,3
2025-06-17T13:05:00+05:30,136200.0,136200.0,136200.0,136200.0,1
2025-06-17T13:08:00+05:30,136200.0,136210.0,136195.0,136210.0,3
2025-06-17T13:09:00+05:30,136195.0,136195.0,136195.0,136195.0,1
2025-06-17T13:10:00+05:30,136195.0,136195.0,136195.0,136195.0,1
2025-06-17T13:12:00+05:30,136195.0,136195.0,136195.0,136195.0,1
2025-06-17T13:14:00+05:30,136200.0,136200.0,136200.0,136200.0,2
2025-06-17T13:15:00+05:30,136200.0,136200.0,136200.0,136200.0,1
2025-06-17T13:16:00+05:30,136200.0,136200.0,136190.0,136190.0,2
2025-06-17T13:17:00+05:30,136220.0,136220.0,136220.0,136220.0,1
2025-06-17T13:18:00+05:30,136220.0,136220.0,136220.0,136220.0,1
2025-06-17T13:19:00+05:30,136190.0,136190.0,136180.0,136180.0,3
2025-06-17T13:22:00+05:30,136230.0,136235.0,136230.0,136235.0,2
2025-06-17T13:23:00+05:30,136180.0,136180.0,136180.0,136180.0,2
2025-06-17T13:24:00+05:30,136175.0,136175.0,136175.0,136175.0,1
2025-06-17T13:25:00+05:30,136160.0,136160.0,136160.0,136160.0,1
2025-06-17T13:27:00+05:30,136245.0,136245.0,136240.0,136245.0,10
2025-06-17T13:30:00+05:30,136245.0,136245.0,136245.0,136245.0,2
2025-06-17T13:35:00+05:30,136240.0,136240.0,136240.0,136240.0,1
2025-06-17T13:36:00+05:30,136250.0,136250.0,136250.0,136250.0,5
2025-06-17T13:37:00+05:30,136250.0,136250.0,136250.0,136250.0,1
2025-06-17T13:38:00+05:30,136250.0,136270.0,136250.0,136270.0,35
2025-06-17T13:41:00+05:30,136275.0,136275.0,136275.0,136275.0,2
2025-06-17T13:42:00+05:30,136275.0,136275.0,136195.0,136195.0,21
2025-06-17T13:43:00+05:30,136140.0,136140.0,136135.0,136135.0,10
2025-06-17T13:45:00+05:30,136195.0,136195.0,136195.0,136195.0,1
2025-06-17T13:47:00+05:30,136225.0,136225.0,136125.0,136125.0,2
2025-06-17T13:48:00+05:30,136125.0,136125.0,136125.0,136125.0,2
2025-06-17T13:49:00+05:30,136215.0,136215.0,136215.0,136215.0,1
2025-06-17T13:52:00+05:30,136215.0,136215.0,136215.0,136215.0,2
2025-06-17T13:54:00+05:30,136150.0,136150.0,136150.0,136150.0,1
2025-06-17T13:55:00+05:30,136150.0,136150.0,136125.0,136125.0,4
2025-06-17T13:56:00+05:30,136235.0,136240.0,136235.0,136240.0,3
2025-06-17T13:58:00+05:30,136235.0,136240.0,136235.0,136240.0,3
2025-06-17T13:59:00+05:30,136250.0,136330.0,136180.0,136180.0,19
2025-06-17T14:01:00+05:30,136285.0,136330.0,136240.0,136240.0,6
2025-06-17T14:02:00+05:30,136235.0,136315.0,136210.0,136315.0,4
2025-06-17T14:03:00+05:30,136330.0,136330.0,136200.0,136330.0,5
2025-06-17T14:06:00+05:30,136260.0,136260.0,136235.0,136235.0,3
2025-06-17T14:08:00+05:30,136205.0,136230.0,136205.0,136230.0,3
2025-06-17T14:09:00+05:30,136205.0,136205.0,136205.0,136205.0,1
2025-06-17T14:10:00+05:30,136230.0,136230.0,136230.0,136230.0,11
2025-06-17T14:11:00+05:30,136320.0,136320.0,136320.0,136320.0,1
2025-06-17T14:12:00+05:30,136220.0,136220.0,136220.0,136220.0,1
2025-06-17T14:15:00+05:30,136320.0,136320.0,136320.0,136320.0,10
2025-06-17T14:16:00+05:30,136315.0,136325.0,136305.0,136305.0,5
2025-06-17T14:18:00+05:30,136290.0,136290.0,136290.0,136290.0,1
2025-06-17T14:19:00+05:30,136290.0,136290.0,136290.0,136290.0,1
2025-06-17T14:21:00+05:30,136290.0,136290.0,136285.0,136285.0,2
2025-06-17T14:25:00+05:30,136215.0,136215.0,136205.0,136205.0,4
2025-06-17T14:26:00+05:30,136200.0,136200.0,136200.0,136200.0,3
2025-06-17T14:27:00+05:30,136195.0,136195.0,136195.0,136195.0,5
2025-06-17T14:28:00+05:30,136195.0,136285.0,136195.0,136285.0,2
2025-06-17T14:29:00+05:30,136210.0,136210.0,136210.0,136210.0,1
2025-06-17T14:30:00+05:30,136290.0,136340.0,136290.0,136300.0,24
2025-06-17T14:31:00+05:30,136255.0,136300.0,136205.0,136300.0,10
2025-06-17T14:32:00+05:30,136300.0,136300.0,136300.0,136300.0,2
2025-06-17T14:34:00+05:30,136280.0,136300.0,136280.0,136300.0,3
2025-06-17T14:35:00+05:30,136300.0,136300.0,136300.0,136300.0,1
2025-06-17T14:36:00+05:30,136220.0,136220.0,136220.0,136220.0,3
2025-06-17T14:38:00+05:30,136290.0,136290.0,136290.0,136290.0,6
2025-06-17T14:39:00+05:30,136220.0,136300.0,136220.0,136300.0,4
2025-06-17T14:40:00+05:30,136280.0,136280.0,136280.0,136280.0,2
2025-06-17T14:42:00+05:30,136200.0,136200.0,136200.0,136200.0,3
2025-06-17T14:43:00+05:30,136280.0,136300.0,136200.0,136200.0,9
2025-06-17T14:45:00+05:30,136280.0,136280.0,136225.0,136225.0,4
2025-06-17T14:46:00+05:30,136245.0,136245.0,136195.0,136195.0,3
2025-06-17T14:47:00+05:30,136195.0,136195.0,136195.0,136195.0,1
2025-06-17T14:48:00+05:30,136265.0,136265.0,136265.0,136265.0,1
2025-06-17T14:49:00+05:30,136260.0,136260.0,136250.0,136250.0,5
2025-06-17T14:50:00+05:30,136270.0,136270.0,136250.0,136250.0,2
2025-06-17T14:52:00+05:30,136255.0,136255.0,136255.0,136255.0,2
2025-06-17T14:53:00+05:30,136195.0,136195.0,136195.0,136195.0,2
2025-06-17T14:54:00+05:30,136195.0,136195.0,136195.0,136195.0,1
2025-06-17T14:55:00+05:30,136255.0,136255.0,136195.0,136240.0,8
2025-06-17T14:56:00+05:30,136255.0,136255.0,136255.0,136255.0,2
2025-06-17T14:58:00+05:30,136270.0,136270.0,136195.0,136195.0,5
2025-06-17T14:59:00+05:30,136260.0,136260.0,136195.0,136260.0,8
2025-06-17T15:00:00+05:30,136250.0,136600.0,136250.0,136355.0,92
2025-06-17T15:02:00+05:30,136400.0,136495.0,136400.0,136495.0,10
2025-06-17T15:03:00+05:30,136495.0,136500.0,136300.0,136450.0,28
2025-06-17T15:04:00+05:30,136455.0,136460.0,136445.0,136445.0,8
2025-06-17T15:05:00+05:30,136455.0,136485.0,136275.0,136275.0,15
2025-06-17T15:06:00+05:30,136275.0,136275.0,136275.0,136275.0,2
2025-06-17T15:07:00+05:30,136385.0,136420.0,136385.0,136420.0,6
2025-06-17T15:08:00+05:30,136440.0,136470.0,136420.0,136470.0,24
2025-06-17T15:09:00+05:30,136480.0,136535.0,136450.0,136480.0,14
2025-06-17T15:10:00+05:30,136530.0,136540.0,136515.0,136515.0,13
2025-06-17T15:11:00+05:30,136525.0,136525.0,136415.0,136415.0,8
2025-06-17T15:12:00+05:30,136415.0,136465.0,136345.0,136385.0,13
2025-06-17T15:13:00+05:30,136385.0,136495.0,136370.0,136370.0,8
2025-06-17T15:14:00+05:30,136475.0,136550.0,136375.0,136390.0,40
2025-06-17T15:15:00+05:30,136390.0,136400.0,136215.0,136220.0,38
2025-06-17T15:16:00+05:30,136220.0,136305.0,136220.0,136305.0,25
2025-06-17T15:17:00+05:30,136305.0,136385.0,136305.0,136335.0,6
2025-06-17T15:18:00+05:30,136420.0,136485.0,136235.0,136235.0,39
2025-06-17T15:19:00+05:30,136240.0,136325.0,136230.0,136325.0,9
2025-06-17T15:20:00+05:30,136340.0,136490.0,136220.0,136285.0,41
2025-06-17T15:21:00+05:30,136345.0,136400.0,136345.0,136400.0,12
2025-06-17T15:22:00+05:30,136400.0,136400.0,136340.0,136340.0,11
2025-06-17T15:23:00+05:30,136370.0,136380.0,136305.0,136360.0,9
2025-06-17T15:24:00+05:30,136380.0,136390.0,136220.0,136235.0,20
2025-06-17T15:25:00+05:30,136225.0,136300.0,136220.0,136220.0,25
2025-06-17T15:26:00+05:30,136220.0,136220.0,136150.0,136155.0,24
2025-06-17T15:27:00+05:30,136165.0,136240.0,136100.0,136210.0,34
2025-06-17T15:28:00+05:30,136210.0,136290.0,136100.0,136235.0,18
2025-06-17T15:29:00+05:30,136115.0,136235.0,136080.0,136080.0,18
2025-06-18T09:15:00+05:30,136100.0,136350.0,136100.0,136200.0,41
2025-06-18T09:16:00+05:30,136350.0,136490.0,136265.0,136380.0,25
2025-06-18T09:17:00+05:30,136450.0,136450.0,136265.0,136265.0,16
2025-06-18T09:18:00+05:30,136290.0,136375.0,136100.0,136345.0,52
2025-06-18T09:19:00+05:30,136310.0,136345.0,136220.0,136220.0,15
2025-06-18T09:20:00+05:30,136225.0,136295.0,136220.0,136295.0,7
2025-06-18T09:21:00+05:30,136215.0,136420.0,136175.0,136280.0,26
2025-06-18T09:22:00+05:30,136255.0,136395.0,136255.0,136280.0,13
2025-06-18T09:23:00+05:30,136395.0,136430.0,136300.0,136430.0,21
2025-06-18T09:24:00+05:30,136420.0,136460.0,136420.0,136460.0,8
2025-06-18T09:25:00+05:30,136430.0,136485.0,136430.0,136460.0,22
2025-06-18T09:26:00+05:30,136405.0,136490.0,136350.0,136380.0,17
2025-06-18T09:27:00+05:30,136500.0,136675.0,136495.0,136575.0,37
2025-06-18T09:28:00+05:30,136595.0,136595.0,136535.0,136565.0,15
2025-06-18T09:29:00+05:30,136500.0,136500.0,136500.0,136500.0,1
2025-06-18T09:30:00+05:30,136500.0,136500.0,136425.0,136425.0,3
2025-06-18T09:31:00+05:30,136475.0,136475.0,136475.0,136475.0,1
2025-06-18T09:32:00+05:30,136475.0,136560.0,136440.0,136555.0,8
2025-06-18T09:33:00+05:30,136555.0,136675.0,136520.0,136530.0,26
2025-06-18T09:34:00+05:30,136470.0,136555.0,136440.0,136440.0,8
2025-06-18T09:35:00+05:30,136535.0,136610.0,136535.0,136595.0,9
2025-06-18T09:37:00+05:30,136505.0,136505.0,136505.0,136505.0,3
2025-06-18T09:38:00+05:30,136505.0,136505.0,136505.0,136505.0,1
2025-06-18T09:39:00+05:30,136500.0,136505.0,136500.0,136505.0,2
2025-06-18T09:40:00+05:30,136505.0,136505.0,136505.0,136505.0,1
2025-06-18T09:41:00+05:30,136505.0,136505.0,136500.0,136500.0,2
2025-06-18T09:43:00+05:30,136510.0,136510.0,136500.0,136500.0,8
2025-06-18T09:45:00+05:30,136495.0,136495.0,136495.0,136495.0,1
2025-06-18T09:46:00+05:30,136490.0,136490.0,136490.0,136490.0,2
2025-06-18T09:47:00+05:30,136480.0,136480.0,136480.0,136480.0,1
2025-06-18T09:48:00+05:30,136480.0,136510.0,136450.0,136510.0,12
2025-06-18T09:49:00+05:30,136595.0,136880.0,136595.0,136880.0,77
2025-06-18T09:50:00+05:30,136870.0,136880.0,136835.0,136880.0,14
2025-06-18T09:51:00+05:30,136890.0,136890.0,136800.0,136880.0,20
2025-06-18T09:52:00+05:30,136785.0,136880.0,136715.0,136715.0,5
2025-06-18T09:53:00+05:30,136835.0,136835.0,136665.0,136665.0,10
2025-06-18T09:54:00+05:30,136710.0,136710.0,136710.0,136710.0,3
2025-06-18T09:55:00+05:30,136745.0,136865.0,136745.0,136865.0,7
2025-06-18T09:56:00+05:30,136860.0,136880.0,136785.0,136785.0,15
2025-06-18T09:57:00+05:30,136790.0,136885.0,136790.0,136795.0,7
2025-06-18T09:58:00+05:30,136820.0,136820.0,136820.0,136820.0,3
2025-06-18T09:59:00+05:30,136820.0,136885.0,136815.0,136885.0,5
2025-06-18T10:00:00+05:30,136765.0,136885.0,136760.0,136885.0,4
2025-06-18T10:01:00+05:30,136870.0,136870.0,136750.0,136750.0,3
2025-06-18T10:02:00+05:30,136750.0,136750.0,136745.0,136745.0,3
2025-06-18T10:03:00+05:30,136750.0,136750.0,136750.0,136750.0,9
2025-06-18T10:04:00+05:30,136750.0,136845.0,136750.0,136845.0,8
2025-06-18T10:05:00+05:30,136800.0,136800.0,136735.0,136735.0,9
2025-06-18T10:06:00+05:30,136710.0,136750.0,136710.0,136750.0,12
2025-06-18T10:07:00+05:30,136700.0,136750.0,136555.0,136750.0,21
2025-06-18T10:08:00+05:30,136725.0,136725.0,136725.0,136725.0,3
2025-06-18T10:09:00+05:30,136555.0,136720.0,136555.0,136585.0,14
2025-06-18T10:10:00+05:30,136700.0,136710.0,136700.0,136710.0,2
2025-06-18T10:11:00+05:30,136700.0,136715.0,136700.0,136715.0,2
2025-06-18T10:12:00+05:30,136600.0,136700.0,136585.0,136585.0,13
2025-06-18T10:13:00+05:30,136735.0,136735.0,136615.0,136735.0,4
2025-06-18T10:14:00+05:30,136625.0,136625.0,136625.0,136625.0,4
2025-06-18T10:15:00+05:30,136625.0,136625.0,136625.0,136625.0,1
2025-06-18T10:18:00+05:30,136730.0,136730.0,136630.0,136630.0,3
2025-06-18T10:19:00+05:30,136640.0,136640.0,136640.0,136640.0,2
2025-06-18T10:20:00+05:30,136700.0,136730.0,136700.0,136700.0,6
2025-06-18T10:21:00+05:30,136710.0,136750.0,136710.0,136750.0,15
2025-06-18T10:22:00+05:30,136750.0,136750.0,136750.0,136750.0,3
2025-06-18T10:23:00+05:30,136750.0,136750.0,136750.0,136750.0,9
2025-06-18T10:24:00+05:30,136750.0,137150.0,136750.0,137080.0,93
2025-06-18T10:25:00+05:30,137185.0,137195.0,137030.0,137030.0,12
2025-06-18T10:27:00+05:30,137100.0,137305.0,137100.0,137250.0,30
2025-06-18T10:28:00+05:30,137330.0,137390.0,137255.0,137345.0,13
2025-06-18T10:29:00+05:30,137345.0,137390.0,137285.0,137390.0,15
2025-06-18T10:30:00+05:30,137390.0,137390.0,137275.0,137275.0,9
2025-06-18T10:31:00+05:30,137275.0,137450.0,137275.0,137450.0,28
2025-06-18T10:32:00+05:30,137500.0,137500.0,137460.0,137495.0,13
2025-06-18T10:33:00+05:30,137455.0,137455.0,137265.0,137295.0,11
2025-06-18T10:34:00+05:30,137295.0,137295.0,137220.0,137255.0,6
2025-06-18T10:35:00+05:30,137350.0,137350.0,137255.0,137255.0,9
2025-06-18T10:36:00+05:30,137200.0,137200.0,137120.0,137200.0,9
2025-06-18T10:37:00+05:30,137150.0,137200.0,137150.0,137150.0,4
2025-06-18T10:38:00+05:30,137150.0,137260.0,137140.0,137260.0,18
2025-06-18T10:39:00+05:30,137260.0,137260.0,137195.0,137195.0,6
2025-06-18T10:40:00+05:30,137160.0,137245.0,137160.0,137245.0,2
2025-06-18T10:41:00+05:30,137200.0,137225.0,137165.0,137225.0,4
2025-06-18T10:42:00+05:30,137240.0,137240.0,137240.0,137240.0,5
2025-06-18T10:43:00+05:30,137250.0,137330.0,137250.0,137330.0,9
2025-06-18T10:44:00+05:30,137330.0,137330.0,137255.0,137255.0,2
2025-06-18T10:45:00+05:30,137250.0,137360.0,137250.0,137345.0,7
2025-06-18T10:47:00+05:30,137345.0,137345.0,137345.0,137345.0,1
2025-06-18T10:48:00+05:30,137265.0,137265.0,137255.0,137255.0,3
2025-06-18T10:49:00+05:30,137250.0,137350.0,137250.0,137350.0,17
2025-06-18T10:50:00+05:30,137250.0,137250.0,137250.0,137250.0,19
2025-06-18T10:51:00+05:30,137250.0,137250.0,137250.0,137250.0,25
2025-06-18T10:52:00+05:30,137250.0,137250.0,137250.0,137250.0,11
2025-06-18T10:53:00+05:30,137250.0,137250.0,137250.0,137250.0,4
2025-06-18T10:54:00+05:30,137325.0,137345.0,137250.0,137250.0,5
2025-06-18T10:55:00+05:30,137255.0,137255.0,137250.0,137250.0,10
2025-06-18T10:56:00+05:30,137300.0,137300.0,137250.0,137250.0,12
2025-06-18T10:58:00+05:30,137210.0,137250.0,137095.0,137250.0,13
2025-06-18T10:59:00+05:30,137155.0,137225.0,137155.0,137225.0,2
2025-06-18T11:01:00+05:30,137170.0,137170.0,137170.0,137170.0,1
2025-06-18T11:02:00+05:30,137060.0,137060.0,137060.0,137060.0,5
2025-06-18T11:03:00+05:30,137060.0,137500.0,137060.0,137155.0,90
2025-06-18T11:04:00+05:30,137155.0,137275.0,137155.0,137275.0,3
2025-06-18T11:05:00+05:30,137165.0,137165.0,137160.0,137160.0,2
2025-06-18T11:06:00+05:30,137270.0,137270.0,137270.0,137270.0,1
2025-06-18T11:08:00+05:30,137165.0,137165.0,137135.0,137135.0,3
2025-06-18T11:09:00+05:30,137130.0,137130.0,137130.0,137130.0,1
2025-06-18T11:11:00+05:30,137255.0,137255.0,137255.0,137255.0,1
2025-06-18T11:13:00+05:30,137140.0,137140.0,137095.0,137095.0,2
2025-06-18T11:14:00+05:30,137100.0,137100.0,137100.0,137100.0,1
2025-06-18T11:15:00+05:30,137090.0,137090.0,137090.0,137090.0,1
2025-06-18T11:16:00+05:30,137090.0,137090.0,137090.0,137090.0,1
2025-06-18T11:17:00+05:30,137090.0,137090.0,137090.0,137090.0,1
2025-06-18T11:18:00+05:30,137060.0,137120.0,137060.0,137120.0,2
2025-06-18T11:20:00+05:30,137065.0,137065.0,137065.0,137065.0,1
2025-06-18T11:21:00+05:30,137065.0,137065.0,137065.0,137065.0,9
2025-06-18T11:24:00+05:30,137100.0,137100.0,137065.0,137065.0,2
2025-06-18T11:25:00+05:30,137065.0,137065.0,137065.0,137065.0,1
2025-06-18T11:26:00+05:30,137060.0,137060.0,137060.0,137060.0,1
2025-06-18T11:27:00+05:30,137060.0,137060.0,137060.0,137060.0,1
2025-06-18T11:28:00+05:30,137060.0,137220.0,137060.0,137065.0,7
2025-06-18T11:29:00+05:30,137065.0,137065.0,137065.0,137065.0,1
2025-06-18T11:30:00+05:30,137100.0,137100.0,137065.0,137100.0,11
2025-06-18T11:32:00+05:30,137100.0,137100.0,137100.0,137100.0,1
2025-06-18T11:33:00+05:30,137065.0,137100.0,137065.0,137100.0,3
2025-06-18T11:36:00+05:30,137065.0,137100.0,137065.0,137100.0,5
2025-06-18T11:37:00+05:30,137100.0,137320.0,137065.0,137320.0,30
2025-06-18T11:39:00+05:30,137250.0,137320.0,137210.0,137210.0,15
2025-06-18T11:42:00+05:30,137220.0,137290.0,137220.0,137230.0,12
2025-06-18T11:43:00+05:30,137315.0,137315.0,137315.0,137315.0,3
2025-06-18T11:44:00+05:30,137235.0,137235.0,137235.0,137235.0,3
2025-06-18T11:45:00+05:30,137235.0,137315.0,137235.0,137315.0,2
2025-06-18T11:46:00+05:30,137235.0,137235.0,137225.0,137225.0,14
2025-06-18T11:48:00+05:30,137225.0,137315.0,137225.0,137315.0,10
2025-06-18T11:50:00+05:30,137225.0,137310.0,137225.0,137310.0,3
2025-06-18T11:51:00+05:30,137225.0,137310.0,137220.0,137220.0,5
2025-06-18T11:52:00+05:30,137310.0,137310.0,137310.0,137310.0,1
2025-06-18T11:55:00+05:30,137225.0,137225.0,137220.0,137220.0,3
2025-06-18T11:56:00+05:30,137220.0,137220.0,137220.0,137220.0,2
2025-06-18T11:57:00+05:30,137220.0,137220.0,137220.0,137220.0,2
2025-06-18T11:59:00+05:30,137220.0,137295.0,137220.0,137295.0,3
2025-06-18T12:00:00+05:30,137295.0,137295.0,137295.0,137295.0,1
2025-06-18T12:01:00+05:30,137220.0,137220.0,137220.0,137220.0,2
2025-06-18T12:02:00+05:30,137300.0,137305.0,137220.0,137220.0,9
2025-06-18T12:03:00+05:30,137220.0,137220.0,137220.0,137220.0,5
2025-06-18T12:04:00+05:30,137220.0,137220.0,137220.0,137220.0,2
2025-06-18T12:05:00+05:30,137215.0,137215.0,137215.0,137215.0,1
2025-06-18T12:06:00+05:30,137290.0,137500.0,137290.0,137345.0,41
2025-06-18T12:07:00+05:30,137425.0,137425.0,137310.0,137310.0,5
2025-06-18T12:08:00+05:30,137420.0,137420.0,137420.0,137420.0,3
2025-06-18T12:09:00+05:30,137420.0,137420.0,137300.0,137300.0,4
2025-06-18T12:10:00+05:30,137315.0,137320.0,137315.0,137315.0,5
2025-06-18T12:11:00+05:30,137320.0,137325.0,137300.0,137300.0,13
2025-06-18T12:13:00+05:30,137295.0,137295.0,137295.0,137295.0,1
2025-06-18T12:15:00+05:30,137285.0,137285.0,137200.0,137285.0,4
2025-06-18T12:16:00+05:30,137280.0,137500.0,137280.0,137500.0,146
2025-06-18T12:17:00+05:30,137500.0,137690.0,137495.0,137585.0,65
2025-06-18T12:18:00+05:30,137690.0,137690.0,137465.0,137470.0,33
2025-06-18T12:19:00+05:30,137470.0,137470.0,137470.0,137470.0,1
2025-06-18T12:20:00+05:30,137360.0,137390.0,137335.0,137390.0,6
2025-06-18T12:21:00+05:30,137390.0,137440.0,137305.0,137440.0,14
2025-06-18T12:22:00+05:30,137310.0,137310.0,137310.0,137310.0,1
2025-06-18T12:23:00+05:30,137305.0,137305.0,137285.0,137285.0,5
2025-06-18T12:24:00+05:30,137285.0,137285.0,137170.0,137180.0,8
2025-06-18T12:25:00+05:30,137155.0,137200.0,137155.0,137180.0,5
2025-06-18T12:26:00+05:30,137190.0,137190.0,137190.0,137190.0,1
2025-06-18T12:27:00+05:30,137190.0,137190.0,137190.0,137190.0,1
2025-06-18T12:28:00+05:30,137190.0,137190.0,137100.0,137190.0,23
2025-06-18T12:29:00+05:30,137170.0,137245.0,137170.0,137245.0,3
2025-06-18T12:30:00+05:30,137170.0,137245.0,137170.0,137245.0,3
2025-06-18T12:31:00+05:30,137245.0,137295.0,137245.0,137245.0,6
2025-06-18T12:36:00+05:30,137245.0,137245.0,137170.0,137170.0,2
2025-06-18T12:39:00+05:30,137195.0,137195.0,137195.0,137195.0,1
2025-06-18T12:40:00+05:30,137245.0,137245.0,137195.0,137195.0,3
2025-06-18T12:41:00+05:30,137195.0,137275.0,137195.0,137275.0,6
2025-06-18T12:44:00+05:30,137200.0,137200.0,137200.0,137200.0,3
2025-06-18T12:45:00+05:30,137270.0,137270.0,137270.0,137270.0,1
2025-06-18T12:46:00+05:30,137180.0,137180.0,137180.0,137180.0,1
2025-06-18T12:47:00+05:30,137180.0,137270.0,137180.0,137270.0,3
2025-06-18T12:48:00+05:30,137180.0,137270.0,137180.0,137270.0,4
2025-06-18T12:49:00+05:30,137180.0,137195.0,137170.0,137195.0,12
2025-06-18T12:50:00+05:30,137195.0,137195.0,137195.0,137195.0,2
2025-06-18T12:51:00+05:30,137120.0,137195.0,137100.0,137195.0,4
2025-06-18T12:53:00+05:30,137105.0,137105.0,137105.0,137105.0,1
2025-06-18T12:54:00+05:30,137200.0,137200.0,137200.0,137200.0,1
2025-06-18T12:55:00+05:30,137105.0,137105.0,137105.0,137105.0,1
2025-06-18T12:57:00+05:30,137105.0,137210.0,137100.0,137210.0,3
2025-06-18T12:58:00+05:30,137100.0,137100.0,137100.0,137100.0,3
2025-06-18T13:00:00+05:30,137195.0,137205.0,137195.0,137205.0,3
2025-06-18T13:01:00+05:30,137195.0,137195.0,137195.0,137195.0,1
2025-06-18T13:03:00+05:30,137195.0,137205.0,137195.0,137195.0,4
2025-06-18T13:04:00+05:30,137195.0,137270.0,137195.0,137205.0,3
2025-06-18T13:07:00+05:30,137250.0,137250.0,137250.0,137250.0,1
2025-06-18T13:11:00+05:30,137220.0,137250.0,137220.0,137250.0,2
2025-06-18T13:12:00+05:30,137250.0,137295.0,137220.0,137295.0,5
2025-06-18T13:13:00+05:30,137300.0,137300.0,137300.0,137300.0,3
2025-06-18T13:14:00+05:30,137205.0,137300.0,137205.0,137300.0,2
2025-06-18T13:15:00+05:30,137195.0,137195.0,137195.0,137195.0,1
2025-06-18T13:18:00+05:30,137195.0,137195.0,137195.0,137195.0,2
2025-06-18T13:22:00+05:30,137185.0,137185.0,137100.0,137100.0,7
2025-06-18T13:23:00+05:30,137185.0,137185.0,137185.0,137185.0,1
2025-06-18T13:28:00+05:30,137180.0,137180.0,137180.0,137180.0,2
2025-06-18T13:32:00+05:30,137180.0,137185.0,137180.0,137185.0,5
2025-06-18T13:34:00+05:30,137185.0,137195.0,137185.0,137195.0,2
2025-06-18T13:45:00+05:30,137125.0,137125.0,137125.0,137125.0,2
2025-06-18T13:49:00+05:30,137130.0,137130.0,137130.0,137130.0,1
2025-06-18T13:50:00+05:30,137175.0,137175.0,137105.0,137105.0,7
2025-06-18T13:53:00+05:30,137105.0,137105.0,137105.0,137105.0,1
2025-06-18T13:55:00+05:30,137175.0,137175.0,137175.0,137175.0,1
2025-06-18T13:56:00+05:30,137175.0,137175.0,136870.0,137000.0,54
2025-06-18T13:58:00+05:30,136980.0,137160.0,136895.0,137160.0,36
2025-06-18T13:59:00+05:30,137175.0,137400.0,137175.0,137400.0,48
2025-06-18T14:00:00+05:30,137330.0,137400.0,137330.0,137400.0,10
2025-06-18T14:01:00+05:30,137340.0,137450.0,137340.0,137445.0,14
2025-06-18T14:02:00+05:30,137435.0,137600.0,137435.0,137600.0,39
2025-06-18T14:03:00+05:30,137470.0,137475.0,137445.0,137475.0,16
2025-06-18T14:04:00+05:30,137495.0,137500.0,137400.0,137475.0,7
2025-06-18T14:05:00+05:30,137580.0,137580.0,137470.0,137525.0,4
2025-06-18T14:08:00+05:30,137395.0,137400.0,137395.0,137395.0,3
2025-06-18T14:09:00+05:30,137395.0,137500.0,137395.0,137395.0,8
2025-06-18T14:10:00+05:30,137390.0,137390.0,137260.0,137345.0,18
2025-06-18T14:12:00+05:30,137345.0,137375.0,137345.0,137375.0,2
2025-06-18T14:14:00+05:30,137295.0,137480.0,137285.0,137480.0,18
2025-06-18T14:15:00+05:30,137360.0,137360.0,137360.0,137360.0,1
2025-06-18T14:16:00+05:30,137475.0,137475.0,137470.0,137470.0,3
2025-06-18T14:17:00+05:30,137470.0,137470.0,137355.0,137355.0,4
2025-06-18T14:18:00+05:30,137465.0,137465.0,137465.0,137465.0,1
2025-06-18T14:19:00+05:30,137355.0,137465.0,137355.0,137360.0,6
2025-06-18T14:20:00+05:30,137360.0,137425.0,137355.0,137425.0,3
2025-06-18T14:21:00+05:30,137350.0,137450.0,137345.0,137445.0,13
2025-06-18T14:22:00+05:30,137330.0,137330.0,137330.0,137330.0,1
2025-06-18T14:24:00+05:30,137250.0,137260.0,137250.0,137260.0,2
2025-06-18T14:25:00+05:30,137315.0,137445.0,137255.0,137260.0,25
2025-06-18T14:26:00+05:30,137365.0,137450.0,137305.0,137445.0,8
2025-06-18T14:27:00+05:30,137325.0,137445.0,137325.0,137440.0,6
2025-06-18T14:29:00+05:30,137360.0,137445.0,137360.0,137445.0,6
2025-06-18T14:30:00+05:30,137450.0,137450.0,137400.0,137445.0,5
2025-06-18T14:31:00+05:30,137400.0,137445.0,137400.0,137445.0,7
2025-06-18T14:32:00+05:30,137445.0,137445.0,137445.0,137445.0,1
2025-06-18T14:33:00+05:30,137400.0,137400.0,137400.0,137400.0,1
2025-06-18T14:34:00+05:30,137440.0,137445.0,137310.0,137365.0,35
2025-06-18T14:35:00+05:30,137365.0,137440.0,137365.0,137440.0,3
2025-06-18T14:38:00+05:30,137430.0,137430.0,137430.0,137430.0,1
2025-06-18T14:39:00+05:30,137425.0,137430.0,137410.0,137430.0,5
2025-06-18T14:40:00+05:30,137430.0,137430.0,137430.0,137430.0,1
2025-06-18T14:41:00+05:30,137365.0,137365.0,137365.0,137365.0,2
2025-06-18T14:42:00+05:30,137365.0,137430.0,137365.0,137430.0,4
2025-06-18T14:43:00+05:30,137420.0,137420.0,137365.0,137365.0,2
2025-06-18T14:44:00+05:30,137430.0,137430.0,137430.0,137430.0,8
2025-06-18T14:45:00+05:30,137365.0,137480.0,137365.0,137480.0,39
2025-06-18T14:46:00+05:30,137405.0,137480.0,137405.0,137460.0,6
2025-06-18T14:47:00+05:30,137460.0,137460.0,137380.0,137380.0,4
2025-06-18T14:48:00+05:30,137370.0,137370.0,137370.0,137370.0,2
2025-06-18T14:49:00+05:30,137375.0,137375.0,137375.0,137375.0,3
2025-06-18T14:50:00+05:30,137370.0,137440.0,137370.0,137440.0,3
2025-06-18T14:51:00+05:30,137440.0,137500.0,137405.0,137405.0,23
2025-06-18T14:52:00+05:30,137500.0,137500.0,137400.0,137500.0,10
2025-06-18T14:53:00+05:30,137480.0,137660.0,137480.0,137660.0,68
2025-06-18T14:54:00+05:30,137650.0,137660.0,137590.0,137625.0,12
2025-06-18T14:55:00+05:30,137590.0,137590.0,137550.0,137590.0,17
2025-06-18T14:56:00+05:30,137590.0,137590.0,137500.0,137500.0,6
2025-06-18T14:57:00+05:30,137590.0,137590.0,137455.0,137550.0,12
2025-06-18T14:58:00+05:30,137470.0,137550.0,137445.0,137550.0,8
2025-06-18T14:59:00+05:30,137550.0,137650.0,137550.0,137650.0,41
2025-06-18T15:00:00+05:30,137635.0,137650.0,137510.0,137650.0,31
2025-06-18T15:01:00+05:30,137650.0,137850.0,137650.0,137745.0,136
2025-06-18T15:02:00+05:30,137800.0,137835.0,137675.0,137745.0,33
2025-06-18T15:03:00+05:30,137725.0,137750.0,137650.0,137685.0,30
2025-06-18T15:04:00+05:30,137610.0,137720.0,137445.0,137640.0,66
2025-06-18T15:05:00+05:30,137615.0,137680.0,137590.0,137590.0,30
2025-06-18T15:06:00+05:30,137600.0,137645.0,137590.0,137645.0,17
2025-06-18T15:07:00+05:30,137645.0,137750.0,137645.0,137710.0,25
2025-06-18T15:08:00+05:30,137710.0,137750.0,137680.0,137735.0,29
2025-06-18T15:09:00+05:30,137740.0,137750.0,137735.0,137740.0,25
2025-06-18T15:10:00+05:30,137750.0,137800.0,137745.0,137795.0,24
2025-06-18T15:11:00+05:30,137770.0,137800.0,137765.0,137780.0,20
2025-06-18T15:12:00+05:30,137780.0,137795.0,137770.0,137795.0,20
2025-06-18T15:13:00+05:30,137795.0,137800.0,137775.0,137795.0,45
2025-06-18T15:14:00+05:30,137845.0,137845.0,137780.0,137845.0,29
2025-06-18T15:15:00+05:30,137840.0,138000.0,137815.0,138000.0,103
2025-06-18T15:16:00+05:30,138000.0,138200.0,137995.0,138095.0,186
2025-06-18T15:17:00+05:30,138050.0,138130.0,138050.0,138105.0,43
2025-06-18T15:18:00+05:30,138130.0,138400.0,138085.0,138385.0,88
2025-06-18T15:19:00+05:30,138385.0,138440.0,138275.0,138440.0,75
2025-06-18T15:20:00+05:30,138395.0,138500.0,138295.0,138320.0,125
2025-06-18T15:21:00+05:30,138315.0,138380.0,138215.0,138230.0,28
2025-06-18T15:22:00+05:30,138205.0,138205.0,137955.0,137985.0,22
2025-06-18T15:23:00+05:30,137900.0,138185.0,137900.0,138055.0,58
2025-06-18T15:24:00+05:30,138055.0,138060.0,137890.0,137920.0,65
2025-06-18T15:25:00+05:30,138025.0,138040.0,137815.0,137915.0,32
2025-06-18T15:26:00+05:30,137920.0,138000.0,137910.0,137910.0,23
2025-06-18T15:27:00+05:30,137920.0,137920.0,137800.0,137810.0,32
2025-06-18T15:28:00+05:30,137815.0,138075.0,137630.0,137805.0,46
2025-06-18T15:29:00+05:30,138070.0,138070.0,137610.0,137620.0,25
2025-06-19T09:15:00+05:30,137620.0,137745.0,137060.0,137740.0,86
2025-06-19T09:16:00+05:30,137525.0,137935.0,137525.0,137935.0,45
2025-06-19T09:17:00+05:30,137930.0,137950.0,137755.0,137930.0,26
2025-06-19T09:18:00+05:30,137785.0,138430.0,137785.0,138340.0,77
2025-06-19T09:19:00+05:30,138330.0,138330.0,138170.0,138290.0,14
2025-06-19T09:20:00+05:30,138185.0,138185.0,138020.0,138020.0,22
2025-06-19T09:21:00+05:30,138020.0,138100.0,138020.0,138060.0,5
2025-06-19T09:22:00+05:30,138100.0,138255.0,138100.0,138255.0,3
2025-06-19T09:23:00+05:30,138255.0,138260.0,137985.0,137985.0,32
2025-06-19T09:24:00+05:30,138125.0,138235.0,138035.0,138095.0,14
2025-06-19T09:25:00+05:30,138110.0,138285.0,138050.0,138115.0,24
2025-06-19T09:26:00+05:30,138265.0,138265.0,138055.0,138235.0,9
2025-06-19T09:27:00+05:30,138115.0,138200.0,138100.0,138200.0,4
2025-06-19T09:28:00+05:30,138200.0,138230.0,138115.0,138230.0,18
2025-06-19T09:29:00+05:30,138230.0,138250.0,138120.0,138120.0,8
2025-06-19T09:30:00+05:30,138120.0,138220.0,138085.0,138220.0,3
2025-06-19T09:31:00+05:30,138085.0,138085.0,138085.0,138085.0,3
2025-06-19T09:32:00+05:30,138085.0,138205.0,138085.0,138205.0,3
2025-06-19T09:33:00+05:30,138205.0,138245.0,138075.0,138075.0,14
2025-06-19T09:34:00+05:30,138245.0,138245.0,138125.0,138245.0,3
2025-06-19T09:35:00+05:30,138125.0,138125.0,138125.0,138125.0,2
2025-06-19T09:36:00+05:30,138125.0,138125.0,138125.0,138125.0,1
2025-06-19T09:37:00+05:30,138235.0,138300.0,138145.0,138145.0,18
2025-06-19T09:38:00+05:30,138145.0,138145.0,138080.0,138080.0,11
2025-06-19T09:39:00+05:30,138250.0,138280.0,138250.0,138280.0,9
2025-06-19T09:40:00+05:30,138170.0,138265.0,138170.0,138180.0,4
2025-06-19T09:41:00+05:30,138265.0,138265.0,138165.0,138165.0,2
2025-06-19T09:43:00+05:30,138255.0,138260.0,138250.0,138260.0,6
2025-06-19T09:44:00+05:30,138250.0,138265.0,138165.0,138165.0,4
2025-06-19T09:45:00+05:30,138180.0,138195.0,138145.0,138145.0,9
2025-06-19T09:46:00+05:30,138185.0,138255.0,138125.0,138125.0,12
2025-06-19T09:47:00+05:30,138100.0,138225.0,138095.0,138220.0,9
2025-06-19T09:48:00+05:30,138195.0,138195.0,138140.0,138195.0,11
2025-06-19T09:49:00+05:30,138220.0,138225.0,138220.0,138225.0,2
2025-06-19T09:50:00+05:30,138195.0,138195.0,138150.0,138150.0,2
2025-06-19T09:51:00+05:30,138155.0,138155.0,138155.0,138155.0,1
2025-06-19T09:52:00+05:30,138155.0,138155.0,138155.0,138155.0,1
2025-06-19T09:53:00+05:30,138155.0,138155.0,138150.0,138150.0,4
2025-06-19T09:54:00+05:30,138200.0,138200.0,138200.0,138200.0,2
2025-06-19T09:55:00+05:30,138105.0,138120.0,138105.0,138120.0,2
2025-06-19T09:56:00+05:30,138120.0,138120.0,138105.0,138105.0,3
2025-06-19T09:57:00+05:30,138105.0,138155.0,138105.0,138150.0,10
2025-06-19T09:58:00+05:30,138150.0,138215.0,138150.0,138215.0,2
2025-06-19T09:59:00+05:30,138150.0,138150.0,138150.0,138150.0,4
2025-06-19T10:00:00+05:30,138160.0,138160.0,138160.0,138160.0,1
2025-06-19T10:01:00+05:30,138200.0,138200.0,138200.0,138200.0,2
2025-06-19T10:03:00+05:30,138200.0,138200.0,138160.0,138160.0,7
2025-06-19T10:04:00+05:30,138160.0,138160.0,138100.0,138100.0,123
2025-06-19T10:05:00+05:30,138100.0,138100.0,138100.0,138100.0,1
2025-06-19T10:06:00+05:30,138165.0,138165.0,138165.0,138165.0,2
2025-06-19T10:07:00+05:30,138100.0,138100.0,138100.0,138100.0,3
2025-06-19T10:08:00+05:30,138100.0,138105.0,138100.0,138100.0,139
2025-06-19T10:09:00+05:30,138105.0,138105.0,138020.0,138020.0,11
2025-06-19T10:10:00+05:30,138000.0,138170.0,138000.0,138100.0,54
2025-06-19T10:11:00+05:30,138100.0,138100.0,138100.0,138100.0,1
2025-06-19T10:12:00+05:30,138225.0,138225.0,138095.0,138095.0,3
2025-06-19T10:13:00+05:30,138210.0,138210.0,138210.0,138210.0,3
2025-06-19T10:15:00+05:30,138090.0,138095.0,138080.0,138080.0,4
2025-06-19T10:16:00+05:30,138080.0,138080.0,138080.0,138080.0,1
2025-06-19T10:17:00+05:30,138080.0,138080.0,138030.0,138030.0,4
2025-06-19T10:18:00+05:30,138035.0,138160.0,138025.0,138160.0,7
2025-06-19T10:19:00+05:30,138155.0,138420.0,138155.0,138245.0,195
2025-06-19T10:20:00+05:30,138245.0,138250.0,138235.0,138235.0,5
2025-06-19T10:21:00+05:30,138250.0,138255.0,138250.0,138255.0,7
2025-06-19T10:22:00+05:30,138255.0,138500.0,138255.0,138435.0,69
2025-06-19T10:23:00+05:30,138495.0,138500.0,138345.0,138475.0,16
2025-06-19T10:24:00+05:30,138500.0,138595.0,138430.0,138440.0,29
2025-06-19T10:25:00+05:30,138405.0,138500.0,138405.0,138450.0,5
2025-06-19T10:26:00+05:30,138450.0,138500.0,138400.0,138400.0,34
2025-06-19T10:27:00+05:30,138400.0,138400.0,138400.0,138400.0,7
2025-06-19T10:28:00+05:30,138400.0,138400.0,138400.0,138400.0,4
2025-06-19T10:29:00+05:30,138425.0,138445.0,138400.0,138400.0,3
2025-06-19T10:30:00+05:30,138400.0,138445.0,138400.0,138445.0,8
2025-06-19T10:31:00+05:30,138450.0,138450.0,138400.0,138400.0,18
2025-06-19T10:32:00+05:30,138405.0,138445.0,138400.0,138400.0,3
2025-06-19T10:33:00+05:30,138400.0,138400.0,138400.0,138400.0,16
2025-06-19T10:34:00+05:30,138400.0,138440.0,138400.0,138400.0,16
2025-06-19T10:35:00+05:30,138400.0,138440.0,138400.0,138440.0,8
2025-06-19T10:36:00+05:30,138440.0,138440.0,138250.0,138250.0,130
2025-06-19T10:37:00+05:30,138250.0,138250.0,138200.0,138200.0,6
2025-06-19T10:38:00+05:30,138200.0,138330.0,138200.0,138330.0,3
2025-06-19T10:39:00+05:30,138330.0,138440.0,138330.0,138440.0,16
2025-06-19T10:41:00+05:30,138245.0,138245.0,138245.0,138245.0,3
2025-06-19T10:42:00+05:30,138400.0,138400.0,138255.0,138260.0,4
2025-06-19T10:44:00+05:30,138280.0,138280.0,138245.0,138245.0,5
2025-06-19T10:45:00+05:30,138245.0,138365.0,138245.0,138250.0,9
2025-06-19T10:46:00+05:30,138370.0,138370.0,138270.0,138365.0,3
2025-06-19T10:47:00+05:30,138295.0,138295.0,138295.0,138295.0,2
2025-06-19T10:48:00+05:30,138275.0,138350.0,138275.0,138350.0,2
2025-06-19T10:49:00+05:30,138350.0,138350.0,138350.0,138350.0,1
2025-06-19T10:50:00+05:30,138350.0,138350.0,138350.0,138350.0,1
2025-06-19T10:51:00+05:30,138300.0,138350.0,138275.0,138350.0,3
2025-06-19T10:52:00+05:30,138275.0,138275.0,138275.0,138275.0,2
2025-06-19T10:53:00+05:30,138275.0,138275.0,138275.0,138275.0,1
2025-06-19T10:54:00+05:30,138245.0,138245.0,138245.0,138245.0,1
2025-06-19T10:55:00+05:30,138300.0,138300.0,138245.0,138245.0,3
2025-06-19T10:56:00+05:30,138250.0,138250.0,138250.0,138250.0,4
2025-06-19T10:58:00+05:30,138320.0,138320.0,138245.0,138245.0,4
2025-06-19T10:59:00+05:30,138250.0,138250.0,138245.0,138245.0,3
2025-06-19T11:01:00+05:30,138250.0,138250.0,138245.0,138245.0,2
2025-06-19T11:02:00+05:30,138320.0,138320.0,138320.0,138320.0,1
2025-06-19T11:05:00+05:30,138245.0,138245.0,138245.0,138245.0,2
2025-06-19T11:06:00+05:30,138245.0,138245.0,138245.0,138245.0,7
2025-06-19T11:07:00+05:30,138300.0,138300.0,138300.0,138300.0,1
2025-06-19T11:08:00+05:30,138250.0,138250.0,138245.0,138245.0,4
2025-06-19T11:09:00+05:30,138245.0,138245.0,138245.0,138245.0,3
2025-06-19T11:10:00+05:30,138300.0,138320.0,138245.0,138245.0,5
2025-06-19T11:11:00+05:30,138350.0,138500.0,138300.0,138415.0,36
2025-06-19T11:12:00+05:30,138350.0,138350.0,138350.0,138350.0,1
2025-06-19T11:13:00+05:30,138420.0,138420.0,138300.0,138300.0,4
2025-06-19T11:14:00+05:30,138300.0,138300.0,138300.0,138300.0,1
2025-06-19T11:17:00+05:30,138390.0,138395.0,138390.0,138395.0,2
2025-06-19T11:18:00+05:30,138320.0,138390.0,138320.0,138390.0,2
2025-06-19T11:19:00+05:30,138395.0,138395.0,138270.0,138270.0,5
2025-06-19T11:21:00+05:30,138370.0,138450.0,138370.0,138450.0,12
2025-06-19T11:22:00+05:30,138415.0,138450.0,138400.0,138450.0,11
2025-06-19T11:24:00+05:30,138400.0,138400.0,138400.0,138400.0,1
2025-06-19T11:25:00+05:30,138400.0,138400.0,138400.0,138400.0,5
2025-06-19T11:26:00+05:30,138400.0,138400.0,138400.0,138400.0,1
2025-06-19T11:28:00+05:30,138400.0,138400.0,138400.0,138400.0,2
2025-06-19T11:29:00+05:30,138400.0,138445.0,138400.0,138445.0,18
2025-06-19T11:30:00+05:30,138400.0,138400.0,138400.0,138400.0,12
2025-06-19T11:31:00+05:30,138445.0,138450.0,138400.0,138400.0,8
2025-06-19T11:32:00+05:30,138490.0,138490.0,138490.0,138490.0,1
2025-06-19T11:35:00+05:30,138400.0,138400.0,138400.0,138400.0,2
2025-06-19T11:36:00+05:30,138400.0,138400.0,138400.0,138400.0,1
2025-06-19T11:37:00+05:30,138400.0,138400.0,138400.0,138400.0,1
2025-06-19T11:38:00+05:30,138400.0,138400.0,138400.0,138400.0,3
2025-06-19T11:39:00+05:30,138400.0,138400.0,138400.0,138400.0,10
2025-06-19T11:40:00+05:30,138400.0,138400.0,138400.0,138400.0,1
2025-06-19T11:41:00+05:30,138400.0,138400.0,138400.0,138400.0,1
2025-06-19T11:42:00+05:30,138400.0,138400.0,138400.0,138400.0,2
2025-06-19T11:43:00+05:30,138400.0,138400.0,138400.0,138400.0,6
2025-06-19T11:44:00+05:30,138400.0,138400.0,138400.0,138400.0,3
2025-06-19T11:45:00+05:30,138400.0,138400.0,138400.0,138400.0,1
2025-06-19T11:46:00+05:30,138405.0,138405.0,138405.0,138405.0,1
2025-06-19T11:48:00+05:30,138400.0,138400.0,138400.0,138400.0,4
2025-06-19T11:49:00+05:30,138400.0,138400.0,138400.0,138400.0,2
2025-06-19T11:50:00+05:30,138400.0,138485.0,138400.0,138400.0,4
2025-06-19T11:51:00+05:30,138400.0,138400.0,138400.0,138400.0,1
2025-06-19T11:52:00+05:30,138400.0,138400.0,138400.0,138400.0,1
2025-06-19T11:53:00+05:30,138400.0,138490.0,138400.0,138400.0,3
2025-06-19T11:54:00+05:30,138490.0,138490.0,138400.0,138490.0,3
2025-06-19T11:55:00+05:30,138490.0,138490.0,138490.0,138490.0,1
2025-06-19T11:56:00+05:30,138400.0,138400.0,138400.0,138400.0,11
2025-06-19T11:57:00+05:30,138400.0,138400.0,138310.0,138310.0,81
2025-06-19T11:58:00+05:30,138310.0,138310.0,138300.0,138300.0,8
2025-06-19T11:59:00+05:30,138305.0,138305.0,138300.0,138300.0,9
2025-06-19T12:01:00+05:30,138300.0,138350.0,138300.0,138350.0,8
2025-06-19T12:02:00+05:30,138300.0,138300.0,138300.0,138300.0,2
2025-06-19T12:03:00+05:30,138350.0,138365.0,138300.0,138350.0,5
2025-06-19T12:04:00+05:30,138440.0,138440.0,138440.0,138440.0,1
2025-06-19T12:07:00+05:30,138345.0,138345.0,138305.0,138305.0,3
2025-06-19T12:09:00+05:30,138305.0,138305.0,138305.0,138305.0,1
2025-06-19T12:10:00+05:30,138305.0,138305.0,138305.0,138305.0,1
2025-06-19T12:11:00+05:30,138350.0,138350.0,138350.0,138350.0,2
2025-06-19T12:12:00+05:30,138300.0,138300.0,138300.0,138300.0,5
2025-06-19T12:13:00+05:30,138300.0,138300.0,138300.0,138300.0,21
2025-06-19T12:14:00+05:30,138300.0,138300.0,138300.0,138300.0,2
2025-06-19T12:15:00+05:30,138380.0,138380.0,138380.0,138380.0,2
2025-06-19T12:17:00+05:30,138380.0,138505.0,138380.0,138440.0,64
2025-06-19T12:18:00+05:30,138430.0,138495.0,138400.0,138400.0,9
2025-06-19T12:20:00+05:30,138400.0,138400.0,138400.0,138400.0,50
2025-06-19T12:21:00+05:30,138405.0,138405.0,138405.0,138405.0,1
2025-06-19T12:22:00+05:30,138400.0,138400.0,138400.0,138400.0,11
2025-06-19T12:23:00+05:30,138400.0,138430.0,138400.0,138430.0,5
2025-06-19T12:24:00+05:30,138430.0,138430.0,138430.0,138430.0,1
2025-06-19T12:25:00+05:30,138400.0,138400.0,138400.0,138400.0,3
2025-06-19T12:26:00+05:30,138405.0,138405.0,138405.0,138405.0,2
2025-06-19T12:27:00+05:30,138400.0,138400.0,138400.0,138400.0,3
2025-06-19T12:28:00+05:30,138400.0,138400.0,138400.0,138400.0,2
2025-06-19T12:29:00+05:30,138400.0,138400.0,138400.0,138400.0,11
2025-06-19T12:30:00+05:30,138415.0,138415.0,138415.0,138415.0,1
2025-06-19T12:31:00+05:30,138400.0,138400.0,138400.0,138400.0,1
2025-06-19T12:32:00+05:30,138400.0,138400.0,138400.0,138400.0,1
2025-06-19T12:33:00+05:30,138415.0,138415.0,138400.0,138400.0,9
2025-06-19T12:34:00+05:30,138400.0,138400.0,138400.0,138400.0,2
2025-06-19T12:35:00+05:30,138400.0,138400.0,138400.0,138400.0,8
2025-06-19T12:36:00+05:30,138400.0,138400.0,138300.0,138300.0,70
2025-06-19T12:37:00+05:30,138305.0,138305.0,138305.0,138305.0,2
2025-06-19T12:38:00+05:30,138305.0,138305.0,138305.0,138305.0,8
2025-06-19T12:40:00+05:30,138305.0,138305.0,138305.0,138305.0,2
2025-06-19T12:41:00+05:30,138360.0,138370.0,138305.0,138305.0,4
2025-06-19T12:42:00+05:30,138300.0,138300.0,138300.0,138300.0,2
2025-06-19T12:43:00+05:30,138300.0,138300.0,138300.0,138300.0,2
2025-06-19T12:45:00+05:30,138300.0,138300.0,138280.0,138280.0,15
2025-06-19T12:46:00+05:30,138280.0,138280.0,138280.0,138280.0,3
2025-06-19T12:47:00+05:30,138280.0,138280.0,138280.0,138280.0,7
2025-06-19T12:48:00+05:30,138280.0,138280.0,138280.0,138280.0,2
2025-06-19T12:50:00+05:30,138280.0,138280.0,138280.0,138280.0,1
2025-06-19T12:51:00+05:30,138280.0,138280.0,138280.0,138280.0,1
2025-06-19T12:52:00+05:30,138280.0,138280.0,138280.0,138280.0,3
2025-06-19T12:53:00+05:30,138280.0,138280.0,138280.0,138280.0,1
2025-06-19T12:54:00+05:30,138280.0,138280.0,138280.0,138280.0,2
2025-06-19T12:56:00+05:30,138280.0,138280.0,138280.0,138280.0,1
2025-06-19T12:57:00+05:30,138280.0,138280.0,138280.0,138280.0,4
2025-06-19T12:58:00+05:30,138280.0,138310.0,138280.0,138310.0,10
2025-06-19T12:59:00+05:30,138280.0,138280.0,138280.0,138280.0,1
2025-06-19T13:01:00+05:30,138285.0,138285.0,138280.0,138280.0,2
2025-06-19T13:02:00+05:30,138280.0,138310.0,138280.0,138310.0,18
2025-06-19T13:03:00+05:30,138290.0,138290.0,138290.0,138290.0,18
2025-06-19T13:05:00+05:30,138290.0,138290.0,138290.0,138290.0,5
2025-06-19T13:06:00+05:30,138290.0,138365.0,138290.0,138365.0,7
2025-06-19T13:07:00+05:30,138305.0,138305.0,138305.0,138305.0,2
2025-06-19T13:08:00+05:30,138375.0,138375.0,138375.0,138375.0,2
2025-06-19T13:10:00+05:30,138300.0,138375.0,138300.0,138375.0,9
2025-06-19T13:11:00+05:30,138305.0,138305.0,138305.0,138305.0,1
2025-06-19T13:12:00+05:30,138370.0,138370.0,138370.0,138370.0,1
2025-06-19T13:13:00+05:30,138365.0,138365.0,138310.0,138310.0,2
2025-06-19T13:15:00+05:30,138300.0,138365.0,138300.0,138365.0,8
2025-06-19T13:16:00+05:30,138305.0,138305.0,138300.0,138300.0,14
2025-06-19T13:17:00+05:30,138300.0,138300.0,138300.0,138300.0,6
2025-06-19T13:18:00+05:30,138305.0,138305.0,138305.0,138305.0,1
2025-06-19T13:19:00+05:30,138305.0,138305.0,138300.0,138305.0,1
2025-06-19T13:20:00+05:30,138350.0,138360.0,138350.0,138360.0,45
2025-06-19T13:21:00+05:30,138360.0,138360.0,138300.0,138300.0,5
2025-06-19T13:22:00+05:30,138300.0,138300.0,138300.0,138300.0,4
2025-06-19T13:23:00+05:30,138365.0,138370.0,138300.0,138370.0,6
2025-06-19T13:25:00+05:30,138300.0,138300.0,138300.0,138300.0,1
2025-06-19T13:26:00+05:30,138300.0,138300.0,138300.0,138300.0,17
2025-06-19T13:27:00+05:30,138300.0,138300.0,138300.0,138300.0,66
2025-06-19T13:28:00+05:30,138300.0,138355.0,138300.0,138355.0,7
2025-06-19T13:29:00+05:30,138300.0,138300.0,138300.0,138300.0,1
2025-06-19T13:30:00+05:30,138300.0,138300.0,138280.0,138280.0,30
2025-06-19T13:31:00+05:30,138280.0,138280.0,138280.0,138280.0,1
2025-06-19T13:32:00+05:30,138280.0,138280.0,138280.0,138280.0,5
2025-06-19T13:33:00+05:30,138280.0,138280.0,138280.0,138280.0,3
2025-06-19T13:34:00+05:30,138280.0,138280.0,138280.0,138280.0,13
2025-06-19T13:35:00+05:30,138280.0,138280.0,138280.0,138280.0,6
2025-06-19T13:36:00+05:30,138280.0,138280.0,138280.0,138280.0,94
2025-06-19T13:37:00+05:30,138280.0,138280.0,138050.0,138130.0,37
2025-06-19T13:38:00+05:30,138050.0,138050.0,137850.0,137850.0,18
2025-06-19T13:39:00+05:30,137810.0,138135.0,137800.0,138135.0,25
2025-06-19T13:40:00+05:30,138135.0,138135.0,138005.0,138005.0,2
2025-06-19T13:41:00+05:30,138130.0,138130.0,138130.0,138130.0,1
2025-06-19T13:42:00+05:30,138000.0,138000.0,137895.0,137910.0,5
2025-06-19T13:44:00+05:30,137915.0,137915.0,137900.0,137900.0,5
2025-06-19T13:46:00+05:30,137905.0,137905.0,137905.0,137905.0,3
2025-06-19T13:47:00+05:30,137910.0,137910.0,137905.0,137905.0,3
2025-06-19T13:48:00+05:30,137880.0,137880.0,137880.0,137880.0,4
2025-06-19T13:49:00+05:30,137880.0,137880.0,137880.0,137880.0,3
2025-06-19T13:50:00+05:30,137880.0,137880.0,137860.0,137860.0,10
2025-06-19T13:52:00+05:30,137830.0,137880.0,137830.0,137880.0,2
2025-06-19T13:54:00+05:30,137835.0,137855.0,137810.0,137810.0,5
2025-06-19T13:55:00+05:30,137800.0,137800.0,137710.0,137710.0,7
2025-06-19T13:56:00+05:30,137710.0,137830.0,137710.0,137830.0,23
2025-06-19T13:57:00+05:30,137835.0,137875.0,137835.0,137875.0,3
2025-06-19T13:58:00+05:30,137875.0,137875.0,137875.0,137875.0,2
2025-06-19T14:00:00+05:30,137880.0,137880.0,137880.0,137880.0,3
2025-06-19T14:01:00+05:30,137940.0,138145.0,137940.0,138145.0,12
2025-06-19T14:03:00+05:30,138010.0,138010.0,138010.0,138010.0,2
2025-06-19T14:04:00+05:30,138005.0,138005.0,137980.0,137980.0,10
2025-06-19T14:05:00+05:30,137940.0,138000.0,137940.0,138000.0,3
2025-06-19T14:07:00+05:30,137975.0,137975.0,137975.0,137975.0,1
2025-06-19T14:08:00+05:30,137975.0,137975.0,137880.0,137880.0,2
2025-06-19T14:09:00+05:30,137900.0,137980.0,137900.0,137980.0,3
2025-06-19T14:10:00+05:30,137980.0,137980.0,137980.0,137980.0,1
2025-06-19T14:11:00+05:30,137985.0,138135.0,137985.0,138135.0,12
2025-06-19T14:12:00+05:30,138145.0,138255.0,138145.0,138255.0,19
2025-06-19T14:13:00+05:30,138135.0,138315.0,138135.0,138315.0,7
2025-06-19T14:14:00+05:30,138315.0,138315.0,138170.0,138170.0,12
2025-06-19T14:15:00+05:30,138185.0,138185.0,138185.0,138185.0,1
2025-06-19T14:16:00+05:30,138280.0,138315.0,138280.0,138315.0,3
2025-06-19T14:17:00+05:30,138310.0,138310.0,138310.0,138310.0,1
2025-06-19T14:18:00+05:30,138220.0,138220.0,138220.0,138220.0,1
2025-06-19T14:20:00+05:30,138220.0,138220.0,138180.0,138180.0,7
2025-06-19T14:21:00+05:30,138210.0,138210.0,138210.0,138210.0,1
2025-06-19T14:22:00+05:30,138210.0,138210.0,138210.0,138210.0,1
2025-06-19T14:23:00+05:30,138250.0,138250.0,138250.0,138250.0,2
2025-06-19T14:25:00+05:30,138155.0,138155.0,138150.0,138150.0,3
2025-06-19T14:26:00+05:30,138150.0,138150.0,138150.0,138150.0,4
2025-06-19T14:27:00+05:30,138150.0,138150.0,138150.0,138150.0,1
2025-06-19T14:28:00+05:30,138105.0,138105.0,138105.0,138105.0,1
2025-06-19T14:29:00+05:30,138240.0,138240.0,138130.0,138130.0,2
2025-06-19T14:30:00+05:30,138125.0,138215.0,138125.0,138215.0,6
2025-06-19T14:31:00+05:30,138215.0,138215.0,138110.0,138120.0,3
2025-06-19T14:32:00+05:30,138120.0,138120.0,138120.0,138120.0,1
2025-06-19T14:33:00+05:30,138120.0,138120.0,138120.0,138120.0,7
2025-06-19T14:35:00+05:30,138200.0,138200.0,138200.0,138200.0,4
2025-06-19T14:36:00+05:30,138200.0,138310.0,138200.0,138310.0,22
2025-06-19T14:37:00+05:30,138295.0,138295.0,138225.0,138255.0,8
2025-06-19T14:38:00+05:30,138205.0,138205.0,138205.0,138205.0,9
2025-06-19T14:39:00+05:30,138205.0,138205.0,138205.0,138205.0,2
2025-06-19T14:41:00+05:30,138205.0,138250.0,138200.0,138200.0,3
2025-06-19T14:42:00+05:30,138200.0,138200.0,138200.0,138200.0,2
2025-06-19T14:43:00+05:30,138200.0,138200.0,138200.0,138200.0,1
2025-06-19T14:44:00+05:30,138200.0,138200.0,138200.0,138200.0,1
2025-06-19T14:45:00+05:30,138205.0,138205.0,138205.0,138205.0,1
2025-06-19T14:46:00+05:30,138205.0,138205.0,138205.0,138205.0,1
2025-06-19T14:49:00+05:30,138210.0,138215.0,138210.0,138215.0,2
2025-06-19T14:52:00+05:30,138210.0,138210.0,138210.0,138210.0,1
2025-06-19T14:53:00+05:30,138215.0,138215.0,138210.0,138215.0,8
2025-06-19T14:54:00+05:30,138215.0,138250.0,138215.0,138250.0,8
2025-06-19T14:55:00+05:30,138250.0,138480.0,138155.0,138480.0,32
2025-06-19T14:56:00+05:30,138270.0,138330.0,138200.0,138200.0,12
2025-06-19T14:59:00+05:30,138200.0,138250.0,138200.0,138200.0,3
2025-06-19T15:00:00+05:30,138250.0,138425.0,138215.0,138235.0,20
2025-06-19T15:01:00+05:30,138405.0,138405.0,138215.0,138220.0,7
2025-06-19T15:02:00+05:30,138340.0,138340.0,138230.0,138295.0,5
2025-06-19T15:03:00+05:30,138295.0,138335.0,138215.0,138215.0,4
2025-06-19T15:04:00+05:30,138315.0,138315.0,138215.0,138215.0,8
2025-06-19T15:05:00+05:30,138310.0,138330.0,138165.0,138330.0,9
2025-06-19T15:06:00+05:30,138325.0,138360.0,138160.0,138330.0,21
2025-06-19T15:07:00+05:30,138330.0,138330.0,138195.0,138215.0,5
2025-06-19T15:08:00+05:30,138320.0,138320.0,138200.0,138205.0,5
2025-06-19T15:09:00+05:30,138320.0,138650.0,138210.0,138340.0,169
2025-06-19T15:10:00+05:30,138345.0,138345.0,138200.0,138205.0,27
2025-06-19T15:11:00+05:30,138205.0,138255.0,138200.0,138200.0,11
2025-06-19T15:12:00+05:30,138255.0,138255.0,138200.0,138200.0,7
2025-06-19T15:13:00+05:30,138255.0,138325.0,138200.0,138200.0,10
2025-06-19T15:14:00+05:30,138250.0,138250.0,138110.0,138150.0,17
2025-06-19T15:15:00+05:30,138150.0,138185.0,138070.0,138070.0,13
2025-06-19T15:16:00+05:30,138175.0,138175.0,137905.0,137935.0,38
2025-06-19T15:17:00+05:30,138055.0,138055.0,137855.0,138020.0,18
2025-06-19T15:18:00+05:30,138065.0,138100.0,137855.0,137860.0,14
2025-06-19T15:19:00+05:30,138000.0,138055.0,137860.0,138055.0,10
2025-06-19T15:20:00+05:30,138050.0,138055.0,137660.0,137660.0,73
2025-06-19T15:21:00+05:30,137805.0,137805.0,137795.0,137795.0,3
2025-06-19T15:22:00+05:30,137800.0,137960.0,137705.0,137810.0,15
2025-06-19T15:23:00+05:30,137985.0,137985.0,137770.0,137830.0,19
2025-06-19T15:24:00+05:30,138000.0,138050.0,137750.0,137775.0,18
2025-06-19T15:25:00+05:30,137765.0,137830.0,137765.0,137830.0,6
2025-06-19T15:26:00+05:30,137760.0,137830.0,137760.0,137760.0,4
2025-06-19T15:27:00+05:30,137760.0,137880.0,137760.0,137800.0,6
2025-06-19T15:28:00+05:30,137800.0,137895.0,137745.0,137745.0,15
2025-06-19T15:29:00+05:30,137755.0,137890.0,137620.0,137620.0,15
2025-06-20T09:15:00+05:30,138505.0,138875.0,138185.0,138430.0,60
2025-06-20T09:16:00+05:30,138635.0,138800.0,138540.0,138800.0,56
2025-06-20T09:17:00+05:30,138715.0,138760.0,138555.0,138640.0,22
2025-06-20T09:18:00+05:30,138575.0,138615.0,138540.0,138600.0,18
2025-06-20T09:19:00+05:30,138595.0,138600.0,138290.0,138290.0,49
2025-06-20T09:20:00+05:30,138440.0,138445.0,138235.0,138370.0,37
2025-06-20T09:21:00+05:30,138260.0,138370.0,138255.0,138260.0,13
2025-06-20T09:22:00+05:30,138315.0,138315.0,138315.0,138315.0,3
2025-06-20T09:23:00+05:30,138315.0,138315.0,138260.0,138315.0,10
2025-06-20T09:24:00+05:30,138315.0,138315.0,138315.0,138315.0,5
2025-06-20T09:25:00+05:30,138315.0,138370.0,138315.0,138370.0,4
2025-06-20T09:26:00+05:30,138420.0,138445.0,138350.0,138350.0,23
2025-06-20T09:27:00+05:30,138420.0,138425.0,138360.0,138360.0,3
2025-06-20T09:28:00+05:30,138365.0,138365.0,138365.0,138365.0,2
2025-06-20T09:29:00+05:30,138370.0,138440.0,138315.0,138315.0,11
2025-06-20T09:30:00+05:30,138370.0,138405.0,138335.0,138405.0,5
2025-06-20T09:31:00+05:30,138405.0,138405.0,138315.0,138370.0,7
2025-06-20T09:32:00+05:30,138300.0,138300.0,138200.0,138235.0,14
2025-06-20T09:33:00+05:30,138175.0,138180.0,138050.0,138050.0,21
2025-06-20T09:34:00+05:30,138100.0,138100.0,138055.0,138055.0,4
2025-06-20T09:35:00+05:30,138100.0,138100.0,137500.0,137555.0,69
2025-06-20T09:36:00+05:30,137555.0,137555.0,137170.0,137170.0,54
2025-06-20T09:37:00+05:30,137215.0,137370.0,136955.0,137120.0,98
2025-06-20T09:38:00+05:30,137225.0,137255.0,137125.0,137205.0,23
2025-06-20T09:39:00+05:30,137225.0,137225.0,137150.0,137150.0,12
2025-06-20T09:40:00+05:30,137150.0,137175.0,137015.0,137060.0,23
2025-06-20T09:41:00+05:30,137100.0,137170.0,137100.0,137170.0,5
2025-06-20T09:42:00+05:30,137175.0,137200.0,137000.0,137060.0,19
2025-06-20T09:43:00+05:30,137060.0,137060.0,137000.0,137005.0,5
2025-06-20T09:44:00+05:30,137070.0,137070.0,136850.0,136850.0,23
2025-06-20T09:45:00+05:30,136925.0,137065.0,136925.0,137065.0,20
2025-06-20T09:46:00+05:30,137065.0,137135.0,137000.0,137095.0,17
2025-06-20T09:47:00+05:30,137000.0,137110.0,137000.0,137110.0,5
2025-06-20T09:48:00+05:30,137110.0,137110.0,137010.0,137060.0,5
2025-06-20T09:49:00+05:30,137070.0,137105.0,136860.0,136860.0,38
2025-06-20T09:50:00+05:30,136860.0,137020.0,136860.0,136890.0,14
2025-06-20T09:51:00+05:30,137005.0,137020.0,136940.0,136940.0,12
2025-06-20T09:52:00+05:30,136990.0,136990.0,136900.0,136900.0,25
2025-06-20T09:53:00+05:30,136990.0,137015.0,136900.0,136905.0,11
2025-06-20T09:54:00+05:30,137010.0,137010.0,136905.0,136920.0,3
2025-06-20T09:55:00+05:30,136925.0,136985.0,136865.0,136940.0,43
2025-06-20T09:56:00+05:30,136935.0,136940.0,136700.0,136735.0,67
2025-06-20T09:57:00+05:30,136740.0,136825.0,136500.0,136585.0,54
2025-06-20T09:58:00+05:30,136560.0,136560.0,136290.0,136290.0,94
2025-06-20T09:59:00+05:30,136470.0,136495.0,136355.0,136465.0,13
2025-06-20T10:00:00+05:30,136465.0,136465.0,136300.0,136445.0,17
2025-06-20T10:01:00+05:30,136390.0,136410.0,136285.0,136380.0,14
2025-06-20T10:02:00+05:30,136360.0,136375.0,136310.0,136310.0,10
2025-06-20T10:03:00+05:30,136310.0,136450.0,136310.0,136445.0,19
2025-06-20T10:04:00+05:30,136370.0,136550.0,136310.0,136400.0,39
2025-06-20T10:05:00+05:30,136470.0,136515.0,136430.0,136435.0,15
2025-06-20T10:06:00+05:30,136465.0,136465.0,136435.0,136435.0,5
2025-06-20T10:07:00+05:30,136435.0,136460.0,136300.0,136385.0,26
2025-06-20T10:08:00+05:30,136385.0,136385.0,136305.0,136380.0,9
2025-06-20T10:09:00+05:30,136305.0,136380.0,136280.0,136365.0,21
2025-06-20T10:10:00+05:30,136285.0,136365.0,136285.0,136360.0,5
2025-06-20T10:11:00+05:30,136360.0,136430.0,136290.0,136430.0,18
2025-06-20T10:12:00+05:30,136395.0,136600.0,136390.0,136415.0,19
2025-06-20T10:13:00+05:30,136520.0,136520.0,136420.0,136420.0,3
2025-06-20T10:14:00+05:30,136500.0,136500.0,136315.0,136415.0,16
2025-06-20T10:15:00+05:30,136320.0,136385.0,136320.0,136385.0,6
2025-06-20T10:16:00+05:30,136325.0,136325.0,136020.0,136025.0,74
2025-06-20T10:17:00+05:30,136105.0,136270.0,136020.0,136240.0,33
2025-06-20T10:18:00+05:30,136225.0,136280.0,136225.0,136230.0,29
2025-06-20T10:19:00+05:30,136300.0,136395.0,136300.0,136395.0,7
2025-06-20T10:20:00+05:30,136430.0,136450.0,136330.0,136440.0,34
2025-06-20T10:21:00+05:30,136410.0,136470.0,136330.0,136405.0,28
2025-06-20T10:22:00+05:30,136405.0,136405.0,136230.0,136260.0,21
2025-06-20T10:23:00+05:30,136335.0,136385.0,136335.0,136380.0,8
2025-06-20T10:24:00+05:30,136380.0,136380.0,136305.0,136305.0,7
2025-06-20T10:25:00+05:30,136380.0,136470.0,136255.0,136470.0,41
2025-06-20T10:26:00+05:30,136495.0,136960.0,136485.0,136780.0,116
2025-06-20T10:27:00+05:30,136795.0,136860.0,136550.0,136550.0,25
2025-06-20T10:28:00+05:30,136605.0,136630.0,136475.0,136475.0,21
2025-06-20T10:29:00+05:30,136480.0,136640.0,136475.0,136605.0,37
2025-06-20T10:30:00+05:30,136620.0,136645.0,136600.0,136600.0,3
2025-06-20T10:31:00+05:30,136645.0,136685.0,136600.0,136685.0,9
2025-06-20T10:32:00+05:30,136545.0,136790.0,136545.0,136790.0,9
2025-06-20T10:33:00+05:30,136645.0,136920.0,136645.0,136920.0,35
2025-06-20T10:34:00+05:30,136845.0,136930.0,136795.0,136895.0,24
2025-06-20T10:35:00+05:30,136800.0,136895.0,136755.0,136805.0,17
2025-06-20T10:36:00+05:30,136885.0,136885.0,136790.0,136850.0,11
2025-06-20T10:37:00+05:30,136790.0,136850.0,136790.0,136850.0,8
2025-06-20T10:38:00+05:30,136790.0,136850.0,136705.0,136705.0,10
2025-06-20T10:39:00+05:30,136805.0,136850.0,136800.0,136850.0,6
2025-06-20T10:40:00+05:30,136800.0,136830.0,136800.0,136830.0,4
2025-06-20T10:41:00+05:30,136845.0,136850.0,136800.0,136800.0,6
2025-06-20T10:42:00+05:30,136800.0,136835.0,136735.0,136835.0,7
2025-06-20T10:43:00+05:30,136740.0,136840.0,136740.0,136755.0,8
2025-06-20T10:44:00+05:30,136820.0,136820.0,136805.0,136805.0,3
2025-06-20T10:46:00+05:30,136805.0,136835.0,136760.0,136815.0,11
2025-06-20T10:47:00+05:30,136840.0,136900.0,136840.0,136870.0,7
2025-06-20T10:48:00+05:30,136895.0,136900.0,136820.0,136820.0,8
2025-06-20T10:49:00+05:30,136895.0,137040.0,136765.0,136985.0,131
2025-06-20T10:50:00+05:30,137040.0,137050.0,136850.0,136975.0,34
2025-06-20T10:51:00+05:30,136850.0,136920.0,136850.0,136920.0,4
2025-06-20T10:52:00+05:30,136855.0,136970.0,136855.0,136920.0,10
2025-06-20T10:53:00+05:30,136920.0,136985.0,136920.0,136985.0,3
2025-06-20T10:54:00+05:30,136975.0,137045.0,136970.0,137045.0,10
2025-06-20T10:55:00+05:30,137025.0,137080.0,136970.0,137045.0,22
2025-06-20T10:56:00+05:30,137045.0,137115.0,137030.0,137115.0,22
2025-06-20T10:57:00+05:30,137095.0,137095.0,137015.0,137015.0,3
2025-06-20T10:58:00+05:30,137020.0,137085.0,137000.0,137000.0,14
2025-06-20T10:59:00+05:30,136925.0,137015.0,136925.0,137015.0,3
2025-06-20T11:00:00+05:30,137005.0,137020.0,137005.0,137020.0,3
2025-06-20T11:02:00+05:30,137020.0,137080.0,137005.0,137005.0,11
2025-06-20T11:03:00+05:30,137075.0,137075.0,137005.0,137005.0,4
2025-06-20T11:04:00+05:30,137045.0,137085.0,137005.0,137085.0,15
2025-06-20T11:05:00+05:30,137050.0,137115.0,137050.0,137115.0,4
2025-06-20T11:06:00+05:30,137115.0,137115.0,137085.0,137085.0,3
2025-06-20T11:07:00+05:30,137110.0,137140.0,137085.0,137085.0,13
2025-06-20T11:08:00+05:30,137085.0,137090.0,137085.0,137090.0,2
2025-06-20T11:09:00+05:30,137140.0,137185.0,137140.0,137185.0,6
2025-06-20T11:10:00+05:30,137100.0,137125.0,137100.0,137125.0,2
2025-06-20T11:11:00+05:30,137185.0,137185.0,137125.0,137125.0,7
2025-06-20T11:12:00+05:30,137125.0,137125.0,137125.0,137125.0,8
2025-06-20T11:13:00+05:30,137125.0,137160.0,137085.0,137095.0,23
2025-06-20T11:14:00+05:30,137095.0,137095.0,137085.0,137085.0,4
2025-06-20T11:15:00+05:30,137085.0,137095.0,137000.0,137000.0,19
2025-06-20T11:16:00+05:30,137005.0,137005.0,137000.0,137005.0,6
2025-06-20T11:17:00+05:30,137005.0,137070.0,137000.0,137070.0,7
2025-06-20T11:18:00+05:30,137070.0,137070.0,137070.0,137070.0,1
2025-06-20T11:19:00+05:30,137005.0,137055.0,136920.0,137055.0,17
2025-06-20T11:20:00+05:30,136925.0,136925.0,136925.0,136925.0,1
2025-06-20T11:21:00+05:30,136930.0,136950.0,136930.0,136950.0,2
2025-06-20T11:22:00+05:30,137000.0,137015.0,136955.0,136955.0,7
2025-06-20T11:23:00+05:30,136970.0,136970.0,136955.0,136955.0,3
2025-06-20T11:24:00+05:30,137040.0,137040.0,136950.0,136950.0,5
2025-06-20T11:26:00+05:30,136950.0,136960.0,136950.0,136960.0,2
2025-06-20T11:27:00+05:30,137030.0,137030.0,137030.0,137030.0,1
2025-06-20T11:28:00+05:30,137015.0,137030.0,137015.0,137030.0,3
2025-06-20T11:30:00+05:30,137000.0,137000.0,137000.0,137000.0,3
2025-06-20T11:31:00+05:30,136955.0,136955.0,136955.0,136955.0,2
2025-06-20T11:33:00+05:30,136960.0,137000.0,136950.0,136950.0,9
2025-06-20T11:34:00+05:30,136950.0,136950.0,136925.0,136925.0,3
2025-06-20T11:35:00+05:30,137000.0,137000.0,136925.0,136925.0,7
2025-06-20T11:36:00+05:30,136925.0,136925.0,136925.0,136925.0,2
2025-06-20T11:39:00+05:30,136925.0,136975.0,136925.0,136975.0,3
2025-06-20T11:40:00+05:30,136995.0,136995.0,136995.0,136995.0,5
2025-06-20T11:41:00+05:30,137000.0,137000.0,137000.0,137000.0,2
2025-06-20T11:42:00+05:30,137000.0,137000.0,136975.0,136975.0,9
2025-06-20T11:43:00+05:30,136995.0,136995.0,136975.0,136975.0,3
2025-06-20T11:44:00+05:30,136990.0,136990.0,136990.0,136990.0,1
2025-06-20T11:45:00+05:30,136990.0,136995.0,136990.0,136995.0,2
2025-06-20T11:46:00+05:30,136990.0,137000.0,136990.0,137000.0,5
2025-06-20T11:47:00+05:30,136975.0,136985.0,136940.0,136985.0,5
2025-06-20T11:48:00+05:30,136980.0,136985.0,136925.0,136985.0,5
2025-06-20T11:50:00+05:30,136925.0,136980.0,136925.0,136980.0,3
2025-06-20T11:51:00+05:30,136980.0,136980.0,136980.0,136980.0,1
2025-06-20T11:52:00+05:30,136980.0,136980.0,136970.0,136970.0,8
2025-06-20T11:53:00+05:30,136965.0,136965.0,136880.0,136880.0,19
2025-06-20T11:54:00+05:30,136885.0,136920.0,136800.0,136800.0,32
2025-06-20T11:56:00+05:30,136800.0,136880.0,136800.0,136800.0,5
2025-06-20T11:57:00+05:30,136800.0,136800.0,136555.0,136655.0,24
2025-06-20T11:58:00+05:30,136635.0,136675.0,136555.0,136655.0,18
2025-06-20T11:59:00+05:30,136655.0,136670.0,136655.0,136670.0,3
2025-06-20T12:00:00+05:30,136660.0,136660.0,136660.0,136660.0,1
2025-06-20T12:01:00+05:30,136660.0,136700.0,136655.0,136700.0,5
2025-06-20T12:02:00+05:30,136700.0,136785.0,136650.0,136735.0,11
2025-06-20T12:03:00+05:30,136635.0,136735.0,136635.0,136715.0,4
2025-06-20T12:04:00+05:30,136670.0,136790.0,136670.0,136770.0,6
2025-06-20T12:05:00+05:30,136770.0,136770.0,136770.0,136770.0,2
2025-06-20T12:06:00+05:30,136780.0,136845.0,136780.0,136845.0,3
2025-06-20T12:07:00+05:30,136840.0,136840.0,136830.0,136830.0,5
2025-06-20T12:08:00+05:30,136830.0,136875.0,136830.0,136845.0,5
2025-06-20T12:09:00+05:30,136875.0,136930.0,136845.0,136845.0,4
2025-06-20T12:11:00+05:30,136930.0,136930.0,136755.0,136850.0,20
2025-06-20T12:12:00+05:30,136850.0,136850.0,136830.0,136830.0,2
2025-06-20T12:13:00+05:30,136855.0,136925.0,136855.0,136925.0,3
2025-06-20T12:14:00+05:30,136925.0,136925.0,136900.0,136900.0,6
2025-06-20T12:15:00+05:30,136945.0,136945.0,136900.0,136945.0,3
2025-06-20T12:17:00+05:30,136900.0,136900.0,136830.0,136900.0,10
2025-06-20T12:18:00+05:30,136900.0,136900.0,136900.0,136900.0,2
2025-06-20T12:19:00+05:30,136900.0,136945.0,136880.0,136945.0,7
2025-06-20T12:20:00+05:30,136880.0,136900.0,136830.0,136830.0,25
2025-06-20T12:21:00+05:30,136830.0,136900.0,136830.0,136900.0,3
2025-06-20T12:22:00+05:30,136830.0,136840.0,136705.0,136840.0,21
2025-06-20T12:23:00+05:30,136710.0,136710.0,136710.0,136710.0,1
2025-06-20T12:24:00+05:30,136710.0,136845.0,136710.0,136720.0,12
2025-06-20T12:27:00+05:30,136815.0,136830.0,136755.0,136830.0,6
2025-06-20T12:28:00+05:30,136755.0,136755.0,136755.0,136755.0,1
2025-06-20T12:29:00+05:30,136800.0,136800.0,136755.0,136755.0,5
2025-06-20T12:30:00+05:30,136800.0,136810.0,136755.0,136810.0,5
2025-06-20T12:32:00+05:30,136790.0,136795.0,136790.0,136795.0,3
2025-06-20T12:33:00+05:30,136785.0,136800.0,136775.0,136800.0,5
2025-06-20T12:34:00+05:30,136775.0,136775.0,136570.0,136730.0,62
2025-06-20T12:35:00+05:30,136650.0,136650.0,136650.0,136650.0,4
2025-06-20T12:36:00+05:30,136675.0,136735.0,136655.0,136735.0,8
2025-06-20T12:37:00+05:30,136760.0,136815.0,136715.0,136815.0,8
2025-06-20T12:38:00+05:30,136745.0,136745.0,136735.0,136735.0,2
2025-06-20T12:39:00+05:30,136735.0,136735.0,136735.0,136735.0,1
2025-06-20T12:40:00+05:30,136810.0,136810.0,136810.0,136810.0,1
2025-06-20T12:41:00+05:30,136800.0,136805.0,136735.0,136800.0,5
2025-06-20T12:42:00+05:30,136735.0,136865.0,136650.0,136865.0,30
2025-06-20T12:44:00+05:30,136895.0,136960.0,136880.0,136890.0,12
2025-06-20T12:45:00+05:30,136950.0,136950.0,136950.0,136950.0,2
2025-06-20T12:46:00+05:30,136890.0,136890.0,136890.0,136890.0,1
2025-06-20T12:47:00+05:30,136950.0,136955.0,136895.0,136895.0,4
2025-06-20T12:48:00+05:30,136975.0,136975.0,136970.0,136970.0,3
2025-06-20T12:50:00+05:30,136970.0,136970.0,136940.0,136940.0,8
2025-06-20T12:51:00+05:30,136940.0,136940.0,136940.0,136940.0,3
2025-06-20T12:52:00+05:30,136890.0,136960.0,136890.0,136955.0,7
2025-06-20T12:55:00+05:30,136900.0,136900.0,136900.0,136900.0,1
2025-06-20T12:56:00+05:30,136900.0,136905.0,136895.0,136900.0,7
2025-06-20T12:57:00+05:30,136905.0,136905.0,136905.0,136905.0,1
2025-06-20T12:59:00+05:30,136905.0,136905.0,136905.0,136905.0,1
2025-06-20T13:00:00+05:30,136925.0,136925.0,136905.0,136905.0,3
2025-06-20T13:01:00+05:30,136925.0,136945.0,136905.0,136905.0,7
2025-06-20T13:02:00+05:30,136900.0,136910.0,136890.0,136890.0,8
2025-06-20T13:03:00+05:30,136890.0,136890.0,136890.0,136890.0,1
2025-06-20T13:04:00+05:30,136895.0,136900.0,136805.0,136805.0,10
2025-06-20T13:06:00+05:30,136815.0,136815.0,136815.0,136815.0,1
2025-06-20T13:07:00+05:30,136875.0,136885.0,136845.0,136845.0,8
2025-06-20T13:08:00+05:30,136905.0,136940.0,136905.0,136940.0,2
2025-06-20T13:09:00+05:30,136905.0,136950.0,136905.0,136950.0,2
2025-06-20T13:10:00+05:30,136855.0,136950.0,136855.0,136950.0,4
2025-06-20T13:11:00+05:30,136870.0,136870.0,136860.0,136860.0,4
2025-06-20T13:13:00+05:30,136905.0,136980.0,136865.0,136865.0,12
2025-06-20T13:14:00+05:30,136865.0,136865.0,136865.0,136865.0,3
2025-06-20T13:16:00+05:30,136875.0,136875.0,136820.0,136820.0,5
2025-06-20T13:17:00+05:30,136880.0,136880.0,136880.0,136880.0,1
2025-06-20T13:20:00+05:30,136880.0,136890.0,136880.0,136885.0,9
2025-06-20T13:21:00+05:30,136890.0,136950.0,136815.0,136815.0,21
2025-06-20T13:22:00+05:30,136880.0,136880.0,136815.0,136815.0,2
2025-06-20T13:23:00+05:30,136815.0,136840.0,136815.0,136840.0,3
2025-06-20T13:24:00+05:30,136840.0,136840.0,136715.0,136715.0,4
2025-06-20T13:26:00+05:30,136780.0,136845.0,136780.0,136805.0,4
2025-06-20T13:27:00+05:30,136880.0,136940.0,136735.0,136735.0,10
2025-06-20T13:29:00+05:30,136740.0,136740.0,136660.0,136660.0,11
2025-06-20T13:30:00+05:30,136660.0,136660.0,136605.0,136605.0,6
2025-06-20T13:31:00+05:30,136660.0,136660.0,136660.0,136660.0,2
2025-06-20T13:32:00+05:30,136635.0,136635.0,136635.0,136635.0,1
2025-06-20T13:35:00+05:30,136710.0,136725.0,136675.0,136725.0,7
2025-06-20T13:36:00+05:30,136725.0,136725.0,136725.0,136725.0,1
2025-06-20T13:37:00+05:30,136725.0,136735.0,136695.0,136695.0,8
2025-06-20T13:38:00+05:30,136695.0,136695.0,136635.0,136680.0,13
2025-06-20T13:39:00+05:30,136680.0,136695.0,136680.0,136695.0,2
2025-06-20T13:40:00+05:30,136620.0,136675.0,136600.0,136675.0,5
2025-06-20T13:41:00+05:30,136670.0,136670.0,136670.0,136670.0,1
2025-06-20T13:42:00+05:30,136605.0,136665.0,136600.0,136600.0,8
2025-06-20T13:44:00+05:30,136670.0,136675.0,136670.0,136675.0,7
2025-06-20T13:45:00+05:30,136695.0,136695.0,136600.0,136675.0,10
2025-06-20T13:46:00+05:30,136670.0,136670.0,136600.0,136600.0,3
2025-06-20T13:47:00+05:30,136675.0,136675.0,136675.0,136675.0,1
2025-06-20T13:48:00+05:30,136685.0,136685.0,136685.0,136685.0,1
2025-06-20T13:50:00+05:30,136685.0,136685.0,136685.0,136685.0,1
2025-06-20T13:51:00+05:30,136600.0,136600.0,136600.0,136600.0,1
2025-06-20T13:52:00+05:30,136695.0,136695.0,136690.0,136690.0,9
2025-06-20T13:53:00+05:30,136690.0,136695.0,136685.0,136685.0,7
2025-06-20T13:54:00+05:30,136680.0,136695.0,136610.0,136695.0,13
2025-06-20T13:55:00+05:30,136680.0,136740.0,136650.0,136650.0,10
2025-06-20T13:56:00+05:30,136750.0,136910.0,136620.0,136650.0,18
2025-06-20T13:57:00+05:30,136760.0,136760.0,136630.0,136630.0,3
2025-06-20T13:59:00+05:30,136725.0,136725.0,136710.0,136710.0,2
2025-06-20T14:00:00+05:30,136700.0,136700.0,136645.0,136660.0,8
2025-06-20T14:01:00+05:30,136700.0,136745.0,136675.0,136675.0,6
2025-06-20T14:02:00+05:30,136755.0,136780.0,136755.0,136780.0,2
2025-06-20T14:03:00+05:30,136780.0,136780.0,136760.0,136760.0,3
2025-06-20T14:04:00+05:30,136800.0,136850.0,136760.0,136760.0,6
2025-06-20T14:05:00+05:30,136800.0,136805.0,136705.0,136705.0,11
2025-06-20T14:06:00+05:30,136810.0,136810.0,136810.0,136810.0,2
2025-06-20T14:07:00+05:30,136810.0,136810.0,136715.0,136715.0,2
2025-06-20T14:08:00+05:30,136840.0,136840.0,136840.0,136840.0,1
2025-06-20T14:09:00+05:30,136720.0,136720.0,136620.0,136710.0,19
2025-06-20T14:10:00+05:30,136710.0,136710.0,136615.0,136710.0,6
2025-06-20T14:11:00+05:30,136690.0,136690.0,136525.0,136635.0,24
2025-06-20T14:12:00+05:30,136600.0,136610.0,136530.0,136530.0,5
2025-06-20T14:13:00+05:30,136605.0,136610.0,136530.0,136610.0,4
2025-06-20T14:14:00+05:30,136650.0,136650.0,136650.0,136650.0,1
2025-06-20T14:15:00+05:30,136650.0,136650.0,136570.0,136650.0,5
2025-06-20T14:16:00+05:30,136650.0,136650.0,136555.0,136555.0,12
2025-06-20T14:17:00+05:30,136560.0,136635.0,136560.0,136635.0,4
2025-06-20T14:18:00+05:30,136655.0,136655.0,136610.0,136610.0,5
2025-06-20T14:19:00+05:30,136690.0,136715.0,136690.0,136715.0,5
2025-06-20T14:20:00+05:30,136755.0,136755.0,136635.0,136635.0,4
2025-06-20T14:21:00+05:30,136715.0,136715.0,136635.0,136635.0,4
2025-06-20T14:22:00+05:30,136735.0,136735.0,136735.0,136735.0,2
2025-06-20T14:23:00+05:30,136735.0,136765.0,136645.0,136765.0,18
2025-06-20T14:24:00+05:30,136760.0,136800.0,136760.0,136795.0,4
2025-06-20T14:25:00+05:30,136755.0,136755.0,136650.0,136655.0,6
2025-06-20T14:26:00+05:30,136755.0,136780.0,136755.0,136755.0,4
2025-06-20T14:27:00+05:30,136660.0,136700.0,136635.0,136635.0,22
2025-06-20T14:28:00+05:30,136715.0,136715.0,136715.0,136715.0,3
2025-06-20T14:29:00+05:30,136695.0,136695.0,136695.0,136695.0,2
2025-06-20T14:30:00+05:30,136635.0,136685.0,136635.0,136640.0,8
2025-06-20T14:31:00+05:30,136685.0,136685.0,136685.0,136685.0,2
2025-06-20T14:32:00+05:30,136700.0,136700.0,136685.0,136685.0,4
2025-06-20T14:33:00+05:30,136700.0,136705.0,136700.0,136705.0,4
2025-06-20T14:34:00+05:30,136710.0,136710.0,136700.0,136700.0,10
2025-06-20T14:35:00+05:30,136700.0,136715.0,136290.0,136290.0,108
2025-06-20T14:36:00+05:30,136290.0,136350.0,136200.0,136200.0,46
2025-06-20T14:37:00+05:30,136200.0,136280.0,136200.0,136280.0,17
2025-06-20T14:38:00+05:30,136280.0,136345.0,136235.0,136235.0,7
2025-06-20T14:39:00+05:30,136250.0,136355.0,136250.0,136260.0,6
2025-06-20T14:40:00+05:30,136255.0,136375.0,136255.0,136265.0,23
2025-06-20T14:41:00+05:30,136265.0,136350.0,136265.0,136350.0,12
2025-06-20T14:42:00+05:30,136350.0,136360.0,136350.0,136350.0,7
2025-06-20T14:43:00+05:30,136350.0,136350.0,136350.0,136350.0,3
2025-06-20T14:44:00+05:30,136350.0,136450.0,136350.0,136450.0,13
2025-06-20T14:45:00+05:30,136365.0,136380.0,136355.0,136380.0,8
2025-06-20T14:46:00+05:30,136420.0,136460.0,136410.0,136410.0,8
2025-06-20T14:47:00+05:30,136380.0,136425.0,136235.0,136265.0,53
2025-06-20T14:48:00+05:30,136365.0,136390.0,136295.0,136300.0,16
2025-06-20T14:49:00+05:30,136320.0,136380.0,136290.0,136380.0,15
2025-06-20T14:50:00+05:30,136380.0,136405.0,136320.0,136320.0,9
2025-06-20T14:51:00+05:30,136320.0,136325.0,136270.0,136320.0,9
2025-06-20T14:52:00+05:30,136320.0,136320.0,136260.0,136295.0,28
2025-06-20T14:53:00+05:30,136335.0,136355.0,136295.0,136335.0,12
2025-06-20T14:54:00+05:30,136320.0,136325.0,136300.0,136300.0,9
2025-06-20T14:55:00+05:30,136320.0,136375.0,136320.0,136370.0,14
2025-06-20T14:56:00+05:30,136370.0,136475.0,136370.0,136455.0,13
2025-06-20T14:57:00+05:30,136445.0,136555.0,136410.0,136535.0,31
2025-06-20T14:58:00+05:30,136465.0,136475.0,136400.0,136475.0,21
2025-06-20T14:59:00+05:30,136480.0,136480.0,136355.0,136450.0,21
2025-06-20T15:00:00+05:30,136345.0,136750.0,135950.0,135950.0,1033
2025-06-20T15:01:00+05:30,135995.0,135995.0,135320.0,135320.0,387
2025-06-20T15:02:00+05:30,135485.0,135490.0,134025.0,134230.0,642
2025-06-20T15:03:00+05:30,134240.0,134240.0,132740.0,132955.0,847
2025-06-20T15:04:00+05:30,132880.0,133930.0,132880.0,133425.0,648
2025-06-20T15:05:00+05:30,133415.0,134195.0,133160.0,133470.0,798
2025-06-20T15:06:00+05:30,133595.0,134020.0,133390.0,133660.0,916
2025-06-20T15:07:00+05:30,133770.0,134085.0,133500.0,133550.0,644
2025-06-20T15:08:00+05:30,133630.0,133765.0,133260.0,133530.0,458
2025-06-20T15:09:00+05:30,133530.0,133900.0,133450.0,133575.0,716
2025-06-20T15:10:00+05:30,133610.0,134000.0,133575.0,133900.0,743
2025-06-20T15:11:00+05:30,133900.0,134365.0,133815.0,134355.0,757
2025-06-20T15:12:00+05:30,134335.0,134600.0,134075.0,134565.0,596
2025-06-20T15:13:00+05:30,134645.0,135245.0,134645.0,135050.0,1178
2025-06-20T15:14:00+05:30,135000.0,135245.0,134870.0,135000.0,847
2025-06-20T15:15:00+05:30,135000.0,135080.0,134525.0,134525.0,666
2025-06-20T15:16:00+05:30,134640.0,134735.0,134275.0,134575.0,766
2025-06-20T15:17:00+05:30,134570.0,134710.0,134200.0,134450.0,760
2025-06-20T15:18:00+05:30,134465.0,134665.0,134270.0,134510.0,884
2025-06-20T15:19:00+05:30,134540.0,134680.0,134400.0,134520.0,628
2025-06-20T15:20:00+05:30,134580.0,135000.0,134425.0,134770.0,911
2025-06-20T15:21:00+05:30,134935.0,135100.0,134810.0,134980.0,668
2025-06-20T15:22:00+05:30,134910.0,134965.0,134550.0,134595.0,453
2025-06-20T15:23:00+05:30,134595.0,134735.0,134285.0,134500.0,642
2025-06-20T15:24:00+05:30,134420.0,134620.0,134205.0,134455.0,661
2025-06-20T15:25:00+05:30,134265.0,134510.0,134265.0,134455.0,524
2025-06-20T15:26:00+05:30,134460.0,134635.0,134200.0,134400.0,526
2025-06-20T15:27:00+05:30,134275.0,134450.0,134200.0,134450.0,585
2025-06-20T15:28:00+05:30,134500.0,134605.0,133720.0,134605.0,596
2025-06-20T15:29:00+05:30,134695.0,134955.0,134000.0,134500.0,118
2025-06-23T09:15:00+05:30,134500.0,135420.0,134455.0,135155.0,155
2025-06-23T09:16:00+05:30,135280.0,135400.0,134730.0,134730.0,112
2025-06-23T09:17:00+05:30,134900.0,135000.0,134650.0,134810.0,69
2025-06-23T09:18:00+05:30,134830.0,134995.0,134630.0,134800.0,51
2025-06-23T09:19:00+05:30,134880.0,135005.0,134785.0,134820.0,75
2025-06-23T09:20:00+05:30,134825.0,134855.0,134715.0,134855.0,14
2025-06-23T09:21:00+05:30,134850.0,134880.0,134635.0,134835.0,35
2025-06-23T09:22:00+05:30,134750.0,134855.0,134655.0,134730.0,26
2025-06-23T09:23:00+05:30,134735.0,134745.0,134650.0,134745.0,36
2025-06-23T09:24:00+05:30,134700.0,134725.0,134565.0,134600.0,48
2025-06-23T09:25:00+05:30,134605.0,134715.0,134560.0,134560.0,18
2025-06-23T09:26:00+05:30,134550.0,134745.0,134500.0,134560.0,36
2025-06-23T09:27:00+05:30,134550.0,134550.0,134400.0,134415.0,36
2025-06-23T09:28:00+05:30,134415.0,134600.0,134415.0,134600.0,32
2025-06-23T09:29:00+05:30,134565.0,134565.0,134530.0,134530.0,3
2025-06-23T09:30:00+05:30,134530.0,134660.0,134530.0,134660.0,19
2025-06-23T09:31:00+05:30,134660.0,134745.0,134605.0,134730.0,25
2025-06-23T09:32:00+05:30,134735.0,134735.0,134700.0,134700.0,5
2025-06-23T09:33:00+05:30,134705.0,134705.0,134600.0,134695.0,13
2025-06-23T09:34:00+05:30,134600.0,134695.0,134600.0,134695.0,2
2025-06-23T09:35:00+05:30,134690.0,134735.0,134690.0,134735.0,10
2025-06-23T09:36:00+05:30,134735.0,134800.0,134735.0,134800.0,9
2025-06-23T09:37:00+05:30,134800.0,134800.0,134800.0,134800.0,4
2025-06-23T09:38:00+05:30,134780.0,134860.0,134700.0,134860.0,3
2025-06-23T09:39:00+05:30,134760.0,134845.0,134760.0,134800.0,17
2025-06-23T09:40:00+05:30,134800.0,134830.0,134685.0,134685.0,13
2025-06-23T09:41:00+05:30,134685.0,134685.0,134650.0,134650.0,4
2025-06-23T09:42:00+05:30,134650.0,134650.0,134595.0,134600.0,12
2025-06-23T09:43:00+05:30,134600.0,134650.0,134595.0,134650.0,18
2025-06-23T09:44:00+05:30,134650.0,134730.0,134605.0,134730.0,4
2025-06-23T09:45:00+05:30,134650.0,134655.0,134550.0,134550.0,42
2025-06-23T09:46:00+05:30,134625.0,134625.0,134540.0,134620.0,4
2025-06-23T09:47:00+05:30,134505.0,134695.0,134505.0,134555.0,13
2025-06-23T09:48:00+05:30,134645.0,134700.0,134645.0,134700.0,7
2025-06-23T09:49:00+05:30,134640.0,134725.0,134635.0,134725.0,3
2025-06-23T09:50:00+05:30,134725.0,134820.0,134700.0,134820.0,15
2025-06-23T09:51:00+05:30,134820.0,134900.0,134770.0,134875.0,13
2025-06-23T09:52:00+05:30,134745.0,134830.0,134705.0,134705.0,14
2025-06-23T09:53:00+05:30,134705.0,134780.0,134705.0,134780.0,2
2025-06-23T09:55:00+05:30,134710.0,134765.0,134705.0,134765.0,5
2025-06-23T09:56:00+05:30,134675.0,134785.0,134660.0,134780.0,6
2025-06-23T09:57:00+05:30,134705.0,134790.0,134680.0,134780.0,9
2025-06-23T09:58:00+05:30,134790.0,134830.0,134790.0,134825.0,7
2025-06-23T09:59:00+05:30,134730.0,134730.0,134695.0,134695.0,7
2025-06-23T10:01:00+05:30,134700.0,134700.0,134700.0,134700.0,1
2025-06-23T10:02:00+05:30,134710.0,134805.0,134705.0,134805.0,4
2025-06-23T10:03:00+05:30,134805.0,134840.0,134800.0,134840.0,5
2025-06-23T10:04:00+05:30,134830.0,134830.0,134770.0,134775.0,10
2025-06-23T10:05:00+05:30,134845.0,134900.0,134745.0,134900.0,25
2025-06-23T10:06:00+05:30,134910.0,134910.0,134910.0,134910.0,1
2025-06-23T10:07:00+05:30,134985.0,135045.0,134910.0,135045.0,14
2025-06-23T10:08:00+05:30,135030.0,135045.0,135030.0,135045.0,14
2025-06-23T10:09:00+05:30,135045.0,135045.0,134865.0,134865.0,9
2025-06-23T10:10:00+05:30,134865.0,134865.0,134865.0,134865.0,2
2025-06-23T10:11:00+05:30,134870.0,134870.0,134850.0,134850.0,10
2025-06-23T10:12:00+05:30,134950.0,135000.0,134900.0,135000.0,7
2025-06-23T10:13:00+05:30,134905.0,134905.0,134905.0,134905.0,1
2025-06-23T10:14:00+05:30,134905.0,134905.0,134855.0,134900.0,4
2025-06-23T10:15:00+05:30,134900.0,135000.0,134900.0,135000.0,8
2025-06-23T10:16:00+05:30,135000.0,135000.0,134905.0,135000.0,5
2025-06-23T10:17:00+05:30,134905.0,134905.0,134900.0,134905.0,4
2025-06-23T10:19:00+05:30,134905.0,134905.0,134890.0,134890.0,3
2025-06-23T10:20:00+05:30,134890.0,134890.0,134890.0,134890.0,1
2025-06-23T10:21:00+05:30,134890.0,134890.0,134890.0,134890.0,2
2025-06-23T10:22:00+05:30,134895.0,134895.0,134895.0,134895.0,1
2025-06-23T10:24:00+05:30,134995.0,134995.0,134995.0,134995.0,2
2025-06-23T10:25:00+05:30,134900.0,135045.0,134900.0,135010.0,27
2025-06-23T10:26:00+05:30,135010.0,135010.0,135010.0,135010.0,3
2025-06-23T10:27:00+05:30,135085.0,135085.0,135085.0,135085.0,1
2025-06-23T10:28:00+05:30,135090.0,135195.0,135090.0,135090.0,17
2025-06-23T10:29:00+05:30,135090.0,135190.0,135075.0,135075.0,13
2025-06-23T10:30:00+05:30,135085.0,135085.0,135075.0,135075.0,3
2025-06-23T10:31:00+05:30,135080.0,135080.0,135080.0,135080.0,4
2025-06-23T10:32:00+05:30,135080.0,135080.0,135070.0,135070.0,4
2025-06-23T10:33:00+05:30,135150.0,135150.0,135010.0,135120.0,12
2025-06-23T10:34:00+05:30,135125.0,135170.0,135045.0,135045.0,11
2025-06-23T10:35:00+05:30,135060.0,135150.0,135060.0,135150.0,8
2025-06-23T10:36:00+05:30,135145.0,135145.0,135135.0,135145.0,5
2025-06-23T10:37:00+05:30,135140.0,135150.0,135135.0,135150.0,9
2025-06-23T10:38:00+05:30,135195.0,135555.0,135190.0,135555.0,59
2025-06-23T10:39:00+05:30,135480.0,135850.0,135360.0,135670.0,95
2025-06-23T10:40:00+05:30,135650.0,135695.0,135500.0,135500.0,24
2025-06-23T10:41:00+05:30,135500.0,135605.0,135500.0,135605.0,12
2025-06-23T10:42:00+05:30,135600.0,135695.0,135515.0,135515.0,16
2025-06-23T10:43:00+05:30,135630.0,135655.0,135390.0,135390.0,16
2025-06-23T10:44:00+05:30,135485.0,135515.0,135420.0,135515.0,8
2025-06-23T10:45:00+05:30,135515.0,135515.0,135400.0,135400.0,6
2025-06-23T10:46:00+05:30,135375.0,135375.0,135250.0,135250.0,13
2025-06-23T10:47:00+05:30,135375.0,135445.0,135375.0,135445.0,8
2025-06-23T10:48:00+05:30,135405.0,135405.0,135375.0,135405.0,88
2025-06-23T10:49:00+05:30,135330.0,135330.0,135330.0,135330.0,1
2025-06-23T10:50:00+05:30,135330.0,135330.0,135330.0,135330.0,1
2025-06-23T10:51:00+05:30,135440.0,135440.0,135340.0,135340.0,3
2025-06-23T10:52:00+05:30,135440.0,135490.0,135440.0,135450.0,6
2025-06-23T10:53:00+05:30,135495.0,135595.0,135440.0,135530.0,20
2025-06-23T10:54:00+05:30,135530.0,135575.0,135530.0,135570.0,4
2025-06-23T10:55:00+05:30,135570.0,135590.0,135485.0,135590.0,8
2025-06-23T10:56:00+05:30,135590.0,135595.0,135590.0,135595.0,5
2025-06-23T10:58:00+05:30,135600.0,135600.0,135595.0,135595.0,3
2025-06-23T10:59:00+05:30,135595.0,135595.0,135595.0,135595.0,2
2025-06-23T11:00:00+05:30,135595.0,135610.0,135505.0,135610.0,8
2025-06-23T11:01:00+05:30,135630.0,135685.0,135630.0,135685.0,5
2025-06-23T11:02:00+05:30,135685.0,135690.0,135630.0,135690.0,7
2025-06-23T11:03:00+05:30,135695.0,135800.0,135695.0,135800.0,14
2025-06-23T11:04:00+05:30,135800.0,135800.0,135670.0,135740.0,15
2025-06-23T11:05:00+05:30,135685.0,135685.0,135680.0,135680.0,2
2025-06-23T11:06:00+05:30,135630.0,135630.0,135510.0,135615.0,11
2025-06-23T11:07:00+05:30,135510.0,135510.0,135510.0,135510.0,2
2025-06-23T11:08:00+05:30,135510.0,135600.0,135485.0,135485.0,7
2025-06-23T11:09:00+05:30,135485.0,135485.0,135485.0,135485.0,1
2025-06-23T11:11:00+05:30,135500.0,135500.0,135460.0,135485.0,8
2025-06-23T11:12:00+05:30,135460.0,135460.0,135405.0,135405.0,6
2025-06-23T11:13:00+05:30,135405.0,135405.0,135400.0,135400.0,5
2025-06-23T11:16:00+05:30,135405.0,135510.0,135405.0,135510.0,4
2025-06-23T11:19:00+05:30,135405.0,135405.0,135405.0,135405.0,1
2025-06-23T11:21:00+05:30,135405.0,135405.0,135405.0,135405.0,2
2025-06-23T11:24:00+05:30,135495.0,135495.0,135495.0,135495.0,1
2025-06-23T11:25:00+05:30,135485.0,135490.0,135405.0,135405.0,3
2025-06-23T11:26:00+05:30,135400.0,135400.0,135400.0,135400.0,2
2025-06-23T11:28:00+05:30,135400.0,135400.0,135400.0,135400.0,3
2025-06-23T11:29:00+05:30,135400.0,135400.0,135400.0,135400.0,1
2025-06-23T11:30:00+05:30,135495.0,135495.0,135495.0,135495.0,1
2025-06-23T11:31:00+05:30,135490.0,135490.0,135490.0,135490.0,1
2025-06-23T11:32:00+05:30,135495.0,135495.0,135495.0,135495.0,2
2025-06-23T11:33:00+05:30,135495.0,135495.0,135405.0,135405.0,2
2025-06-23T11:34:00+05:30,135400.0,135400.0,135400.0,135400.0,3
2025-06-23T11:36:00+05:30,135445.0,135445.0,135350.0,135350.0,6
2025-06-23T11:37:00+05:30,135415.0,135415.0,135355.0,135355.0,2
2025-06-23T11:38:00+05:30,135355.0,135415.0,135350.0,135415.0,7
2025-06-23T11:39:00+05:30,135350.0,135350.0,135350.0,135350.0,2
2025-06-23T11:40:00+05:30,135415.0,135445.0,135415.0,135445.0,3
2025-06-23T11:41:00+05:30,135450.0,135450.0,135450.0,135450.0,2
2025-06-23T11:42:00+05:30,135450.0,135500.0,135450.0,135500.0,8
2025-06-23T11:43:00+05:30,135545.0,135590.0,135545.0,135550.0,5
2025-06-23T11:44:00+05:30,135550.0,135550.0,135505.0,135505.0,6
2025-06-23T11:46:00+05:30,135625.0,135635.0,135625.0,135635.0,3
2025-06-23T11:47:00+05:30,135640.0,135650.0,135640.0,135650.0,2
2025-06-23T11:49:00+05:30,135655.0,135655.0,135655.0,135655.0,3
2025-06-23T11:50:00+05:30,135655.0,135685.0,135555.0,135670.0,39
2025-06-23T11:51:00+05:30,135670.0,135735.0,135590.0,135670.0,17
2025-06-23T11:52:00+05:30,135670.0,135670.0,135605.0,135605.0,4
2025-06-23T11:53:00+05:30,135670.0,135670.0,135670.0,135670.0,1
2025-06-23T11:54:00+05:30,135670.0,135850.0,135670.0,135850.0,42
2025-06-23T11:55:00+05:30,135800.0,135995.0,135750.0,135900.0,45
2025-06-23T11:56:00+05:30,135890.0,135905.0,135700.0,135705.0,32
2025-06-23T11:57:00+05:30,135820.0,135820.0,135580.0,135580.0,16
2025-06-23T11:58:00+05:30,135585.0,135585.0,135560.0,135560.0,7
2025-06-23T11:59:00+05:30,135650.0,135650.0,135625.0,135625.0,3
2025-06-23T12:00:00+05:30,135625.0,135625.0,135545.0,135605.0,4
2025-06-23T12:01:00+05:30,135550.0,135590.0,135550.0,135590.0,3
2025-06-23T12:02:00+05:30,135585.0,135585.0,135585.0,135585.0,1
2025-06-23T12:03:00+05:30,135585.0,135585.0,135585.0,135585.0,10
2025-06-23T12:04:00+05:30,135530.0,135530.0,135530.0,135530.0,2
2025-06-23T12:05:00+05:30,135530.0,135530.0,135530.0,135530.0,1
2025-06-23T12:06:00+05:30,135500.0,135500.0,135500.0,135500.0,1
2025-06-23T12:07:00+05:30,135500.0,135500.0,135455.0,135455.0,3
2025-06-23T12:08:00+05:30,135435.0,135625.0,135400.0,135625.0,13
2025-06-23T12:09:00+05:30,135670.0,135670.0,135625.0,135625.0,3
2025-06-23T12:11:00+05:30,135600.0,135600.0,135600.0,135600.0,1
2025-06-23T12:12:00+05:30,135515.0,135515.0,135495.0,135495.0,2
2025-06-23T12:13:00+05:30,135590.0,135700.0,135580.0,135580.0,20
2025-06-23T12:14:00+05:30,135555.0,135555.0,135555.0,135555.0,1
2025-06-23T12:16:00+05:30,135670.0,135675.0,135570.0,135570.0,4
2025-06-23T12:17:00+05:30,135665.0,135665.0,135665.0,135665.0,1
2025-06-23T12:18:00+05:30,135575.0,135575.0,135575.0,135575.0,1
2025-06-23T12:19:00+05:30,135580.0,135580.0,135550.0,135550.0,6
2025-06-23T12:20:00+05:30,135550.0,135550.0,135550.0,135550.0,1
2025-06-23T12:22:00+05:30,135600.0,135600.0,135600.0,135600.0,1
2025-06-23T12:23:00+05:30,135650.0,135650.0,135650.0,135650.0,2
2025-06-23T12:24:00+05:30,135645.0,135645.0,135645.0,135645.0,2
2025-06-23T12:25:00+05:30,135645.0,135645.0,135645.0,135645.0,1
2025-06-23T12:26:00+05:30,135645.0,135645.0,135645.0,135645.0,1
2025-06-23T12:27:00+05:30,135645.0,135645.0,135645.0,135645.0,2
2025-06-23T12:28:00+05:30,135645.0,135645.0,135645.0,135645.0,1
2025-06-23T12:29:00+05:30,135640.0,135640.0,135640.0,135640.0,1
2025-06-23T12:30:00+05:30,135650.0,135650.0,135570.0,135570.0,6
2025-06-23T12:31:00+05:30,135600.0,135600.0,135585.0,135585.0,4
2025-06-23T12:33:00+05:30,135585.0,135585.0,135500.0,135500.0,8
2025-06-23T12:34:00+05:30,135500.0,135595.0,135500.0,135595.0,2
2025-06-23T12:37:00+05:30,135500.0,135500.0,135495.0,135495.0,3
2025-06-23T12:38:00+05:30,135555.0,135595.0,135555.0,135595.0,2
2025-06-23T12:39:00+05:30,135595.0,135595.0,135595.0,135595.0,1
2025-06-23T12:41:00+05:30,135595.0,135600.0,135595.0,135600.0,2
2025-06-23T12:42:00+05:30,135600.0,135600.0,135600.0,135600.0,1
2025-06-23T12:43:00+05:30,135660.0,135665.0,135600.0,135665.0,6
2025-06-23T12:44:00+05:30,135665.0,135665.0,135665.0,135665.0,1
2025-06-23T12:46:00+05:30,135665.0,135665.0,135665.0,135665.0,1
2025-06-23T12:47:00+05:30,135675.0,135675.0,135670.0,135670.0,3
2025-06-23T12:48:00+05:30,135670.0,135670.0,135670.0,135670.0,4
2025-06-23T12:51:00+05:30,135670.0,135670.0,135670.0,135670.0,1
2025-06-23T12:53:00+05:30,135560.0,135560.0,135550.0,135550.0,5
2025-06-23T12:54:00+05:30,135610.0,135610.0,135550.0,135550.0,4
2025-06-23T12:57:00+05:30,135640.0,135640.0,135640.0,135640.0,1
2025-06-23T12:58:00+05:30,135635.0,135635.0,135635.0,135635.0,1
2025-06-23T13:01:00+05:30,135635.0,135635.0,135555.0,135595.0,4
2025-06-23T13:02:00+05:30,135550.0,135550.0,135540.0,135540.0,12
2025-06-23T13:03:00+05:30,135505.0,135505.0,135505.0,135505.0,1
2025-06-23T13:04:00+05:30,135500.0,135500.0,135500.0,135500.0,1
2025-06-23T13:05:00+05:30,135480.0,135480.0,135475.0,135475.0,2
2025-06-23T13:07:00+05:30,135455.0,135455.0,135455.0,135455.0,1
2025-06-23T13:08:00+05:30,135455.0,135455.0,135455.0,135455.0,1
2025-06-23T13:09:00+05:30,135555.0,135555.0,135555.0,135555.0,1
2025-06-23T13:10:00+05:30,135565.0,135565.0,135565.0,135565.0,1
2025-06-23T13:11:00+05:30,135570.0,135570.0,135565.0,135570.0,3
2025-06-23T13:12:00+05:30,135570.0,135570.0,135570.0,135570.0,1
2025-06-23T13:13:00+05:30,135600.0,135620.0,135600.0,135620.0,2
2025-06-23T13:14:00+05:30,135580.0,135630.0,135580.0,135630.0,5
2025-06-23T13:16:00+05:30,135545.0,135545.0,135535.0,135535.0,3
2025-06-23T13:17:00+05:30,135625.0,135650.0,135625.0,135650.0,4
2025-06-23T13:18:00+05:30,135540.0,135540.0,135540.0,135540.0,1
2025-06-23T13:19:00+05:30,135635.0,135635.0,135535.0,135535.0,2
2025-06-23T13:20:00+05:30,135550.0,135550.0,135550.0,135550.0,1
2025-06-23T13:22:00+05:30,135645.0,135645.0,135645.0,135645.0,1
2025-06-23T13:23:00+05:30,135645.0,135645.0,135555.0,135555.0,3
2025-06-23T13:24:00+05:30,135555.0,135555.0,135555.0,135555.0,1
2025-06-23T13:25:00+05:30,135640.0,135640.0,135640.0,135640.0,2
2025-06-23T13:26:00+05:30,135550.0,135550.0,135545.0,135545.0,2
2025-06-23T13:27:00+05:30,135545.0,135545.0,135545.0,135545.0,1
2025-06-23T13:30:00+05:30,135615.0,135620.0,135615.0,135620.0,10
2025-06-23T13:31:00+05:30,135550.0,135620.0,135545.0,135620.0,4
2025-06-23T13:34:00+05:30,135535.0,135535.0,135535.0,135535.0,1
2025-06-23T13:35:00+05:30,135515.0,135535.0,135515.0,135535.0,2
2025-06-23T13:36:00+05:30,135625.0,135625.0,135625.0,135625.0,2
2025-06-23T13:38:00+05:30,135540.0,135540.0,135540.0,135540.0,1
2025-06-23T13:41:00+05:30,135625.0,135625.0,135535.0,135535.0,2
2025-06-23T13:42:00+05:30,135535.0,135535.0,135535.0,135535.0,1
2025-06-23T13:43:00+05:30,135625.0,135625.0,135625.0,135625.0,4
2025-06-23T13:45:00+05:30,135550.0,135625.0,135550.0,135625.0,3
2025-06-23T13:46:00+05:30,135560.0,135560.0,135560.0,135560.0,1
2025-06-23T13:47:00+05:30,135560.0,135560.0,135560.0,135560.0,1
2025-06-23T13:48:00+05:30,135560.0,135560.0,135520.0,135520.0,8
2025-06-23T13:49:00+05:30,135635.0,135640.0,135635.0,135640.0,3
2025-06-23T13:50:00+05:30,135535.0,135645.0,135520.0,135545.0,7
2025-06-23T13:52:00+05:30,135640.0,135640.0,135640.0,135640.0,2
2025-06-23T13:53:00+05:30,135635.0,135635.0,135635.0,135635.0,1
2025-06-23T13:57:00+05:30,135630.0,135670.0,135630.0,135670.0,7
2025-06-23T13:58:00+05:30,135670.0,135690.0,135670.0,135680.0,4
2025-06-23T13:59:00+05:30,135650.0,135680.0,135600.0,135680.0,3
2025-06-23T14:02:00+05:30,135675.0,135680.0,135675.0,135680.0,3
2025-06-23T14:03:00+05:30,135605.0,135605.0,135605.0,135605.0,1
2025-06-23T14:04:00+05:30,135605.0,135605.0,135605.0,135605.0,1
2025-06-23T14:05:00+05:30,135605.0,135605.0,135605.0,135605.0,2
2025-06-23T14:06:00+05:30,135605.0,135605.0,135605.0,135605.0,1
2025-06-23T14:07:00+05:30,135670.0,135670.0,135625.0,135625.0,2
2025-06-23T14:10:00+05:30,135670.0,135675.0,135670.0,135675.0,2
2025-06-23T14:12:00+05:30,135645.0,135645.0,135645.0,135645.0,1
2025-06-23T14:13:00+05:30,135615.0,135615.0,135615.0,135615.0,1
2025-06-23T14:14:00+05:30,135615.0,135615.0,135615.0,135615.0,1
2025-06-23T14:15:00+05:30,135675.0,135675.0,135675.0,135675.0,1
2025-06-23T14:16:00+05:30,135675.0,135675.0,135675.0,135675.0,1
2025-06-23T14:17:00+05:30,135675.0,135675.0,135675.0,135675.0,1
2025-06-23T14:18:00+05:30,135605.0,135605.0,135605.0,135605.0,2
2025-06-23T14:19:00+05:30,135670.0,135670.0,135670.0,135670.0,1
2025-06-23T14:20:00+05:30,135650.0,135650.0,135650.0,135650.0,1
2025-06-23T14:21:00+05:30,135590.0,135600.0,135510.0,135510.0,15
2025-06-23T14:22:00+05:30,135510.0,135600.0,135505.0,135505.0,5
2025-06-23T14:23:00+05:30,135585.0,135585.0,135500.0,135500.0,3
2025-06-23T14:24:00+05:30,135500.0,135500.0,135500.0,135500.0,1
2025-06-23T14:25:00+05:30,135500.0,135575.0,135490.0,135490.0,4
2025-06-23T14:26:00+05:30,135480.0,135480.0,135480.0,135480.0,6
2025-06-23T14:27:00+05:30,135480.0,135480.0,135480.0,135480.0,1
2025-06-23T14:28:00+05:30,135480.0,135500.0,135365.0,135390.0,27
2025-06-23T14:29:00+05:30,135460.0,135460.0,135325.0,135415.0,8
2025-06-23T14:30:00+05:30,135410.0,135410.0,135315.0,135360.0,4
2025-06-23T14:31:00+05:30,135375.0,135375.0,135375.0,135375.0,1
2025-06-23T14:32:00+05:30,135310.0,135475.0,135310.0,135385.0,6
2025-06-23T14:34:00+05:30,135475.0,135475.0,135475.0,135475.0,2
2025-06-23T14:35:00+05:30,135480.0,135480.0,135480.0,135480.0,2
2025-06-23T14:36:00+05:30,135480.0,135530.0,135480.0,135530.0,7
2025-06-23T14:37:00+05:30,135565.0,135565.0,135475.0,135475.0,6
2025-06-23T14:38:00+05:30,135535.0,135535.0,135470.0,135470.0,7
2025-06-23T14:39:00+05:30,135520.0,135520.0,135520.0,135520.0,1
2025-06-23T14:41:00+05:30,135520.0,135555.0,135520.0,135555.0,2
2025-06-23T14:42:00+05:30,135555.0,135580.0,135555.0,135565.0,4
2025-06-23T14:43:00+05:30,135525.0,135525.0,135525.0,135525.0,1
2025-06-23T14:44:00+05:30,135545.0,135590.0,135545.0,135590.0,3
2025-06-23T14:45:00+05:30,135590.0,135620.0,135540.0,135540.0,5
2025-06-23T14:46:00+05:30,135515.0,135620.0,135510.0,135620.0,11
2025-06-23T14:47:00+05:30,135615.0,135620.0,135615.0,135620.0,6
2025-06-23T14:48:00+05:30,135620.0,135620.0,135615.0,135615.0,2
2025-06-23T14:49:00+05:30,135615.0,135615.0,135560.0,135610.0,5
2025-06-23T14:50:00+05:30,135600.0,135610.0,135600.0,135610.0,2
2025-06-23T14:51:00+05:30,135595.0,135605.0,135595.0,135605.0,2
2025-06-23T14:52:00+05:30,135555.0,135555.0,135555.0,135555.0,1
2025-06-23T14:53:00+05:30,135595.0,135675.0,135590.0,135650.0,20
2025-06-23T14:54:00+05:30,135650.0,135650.0,135515.0,135515.0,16
2025-06-23T14:56:00+05:30,135650.0,135670.0,135650.0,135670.0,8
2025-06-23T14:57:00+05:30,135670.0,135670.0,135670.0,135670.0,2
2025-06-23T14:59:00+05:30,135665.0,135670.0,135570.0,135570.0,11
2025-06-23T15:00:00+05:30,135570.0,135845.0,135440.0,135585.0,97
2025-06-23T15:01:00+05:30,135485.0,135765.0,135485.0,135765.0,15
2025-06-23T15:02:00+05:30,135760.0,135760.0,135700.0,135700.0,15
2025-06-23T15:03:00+05:30,135685.0,135795.0,135685.0,135795.0,9
2025-06-23T15:04:00+05:30,135675.0,135750.0,135635.0,135635.0,9
2025-06-23T15:05:00+05:30,135635.0,135695.0,135575.0,135585.0,14
2025-06-23T15:06:00+05:30,135585.0,135695.0,135585.0,135680.0,8
2025-06-23T15:07:00+05:30,135585.0,135750.0,135585.0,135750.0,11
2025-06-23T15:08:00+05:30,135740.0,135750.0,135645.0,135675.0,12
2025-06-23T15:09:00+05:30,135630.0,135710.0,135595.0,135710.0,12
2025-06-23T15:10:00+05:30,135660.0,135750.0,135660.0,135735.0,15
2025-06-23T15:11:00+05:30,135700.0,135700.0,135670.0,135680.0,9
2025-06-23T15:12:00+05:30,135680.0,135710.0,135625.0,135625.0,11
2025-06-23T15:13:00+05:30,135625.0,135695.0,135580.0,135580.0,10
2025-06-23T15:14:00+05:30,135620.0,135665.0,135565.0,135655.0,13
2025-06-23T15:15:00+05:30,135590.0,135630.0,135530.0,135545.0,27
2025-06-23T15:16:00+05:30,135615.0,135855.0,135535.0,135705.0,119
2025-06-23T15:17:00+05:30,135705.0,135850.0,135700.0,135800.0,44
2025-06-23T15:18:00+05:30,135730.0,135795.0,135555.0,135630.0,43
2025-06-23T15:19:00+05:30,135555.0,135645.0,135540.0,135605.0,10
2025-06-23T15:20:00+05:30,135560.0,135785.0,135520.0,135785.0,70
2025-06-23T15:21:00+05:30,135600.0,135600.0,135595.0,135595.0,6
2025-06-23T15:22:00+05:30,135565.0,135595.0,135500.0,135595.0,14
2025-06-23T15:23:00+05:30,135540.0,135675.0,135535.0,135675.0,6
2025-06-23T15:24:00+05:30,135595.0,135665.0,135005.0,135435.0,114
2025-06-23T15:25:00+05:30,135440.0,135530.0,135360.0,135435.0,14
2025-06-23T15:26:00+05:30,135430.0,135455.0,135400.0,135455.0,27
2025-06-23T15:27:00+05:30,135455.0,135570.0,135455.0,135465.0,10
2025-06-23T15:28:00+05:30,135460.0,135480.0,135100.0,135100.0,44
2025-06-23T15:29:00+05:30,135205.0,135520.0,135005.0,135400.0,63
2025-06-24T09:15:00+05:30,136500.0,136660.0,136105.0,136305.0,62
2025-06-24T09:16:00+05:30,136380.0,136600.0,136175.0,136305.0,63
2025-06-24T09:17:00+05:30,136305.0,136480.0,136025.0,136115.0,63
2025-06-24T09:18:00+05:30,136165.0,136265.0,136025.0,136100.0,19
2025-06-24T09:19:00+05:30,136030.0,136030.0,135830.0,135870.0,82
2025-06-24T09:20:00+05:30,135905.0,136015.0,135905.0,136000.0,41
2025-06-24T09:21:00+05:30,136000.0,136000.0,135870.0,135985.0,41
2025-06-24T09:22:00+05:30,135985.0,135985.0,135900.0,135985.0,10
2025-06-24T09:23:00+05:30,135990.0,136185.0,135990.0,136175.0,31
2025-06-24T09:24:00+05:30,136145.0,136145.0,135995.0,136130.0,22
2025-06-24T09:25:00+05:30,136000.0,136140.0,136000.0,136105.0,9
2025-06-24T09:26:00+05:30,136140.0,136140.0,136005.0,136140.0,13
2025-06-24T09:27:00+05:30,136025.0,136025.0,136005.0,136005.0,3
2025-06-24T09:28:00+05:30,136005.0,136030.0,135950.0,136030.0,44
2025-06-24T09:29:00+05:30,135980.0,136010.0,135920.0,136010.0,4
2025-06-24T09:30:00+05:30,136010.0,136020.0,136010.0,136020.0,5
2025-06-24T09:31:00+05:30,136050.0,136150.0,136005.0,136150.0,21
2025-06-24T09:32:00+05:30,136090.0,136150.0,136030.0,136030.0,14
2025-06-24T09:33:00+05:30,136165.0,136170.0,136165.0,136170.0,5
2025-06-24T09:34:00+05:30,136185.0,136185.0,136005.0,136075.0,14
2025-06-24T09:35:00+05:30,136010.0,136075.0,136000.0,136000.0,11
2025-06-24T09:36:00+05:30,136070.0,136450.0,136055.0,136305.0,109
2025-06-24T09:37:00+05:30,136305.0,136310.0,135910.0,136010.0,50
2025-06-24T09:38:00+05:30,136115.0,136170.0,135940.0,136100.0,14
2025-06-24T09:39:00+05:30,136045.0,136050.0,135955.0,136050.0,18
2025-06-24T09:40:00+05:30,136050.0,136100.0,136045.0,136100.0,13
2025-06-24T09:41:00+05:30,136105.0,136345.0,136105.0,136325.0,30
2025-06-24T09:42:00+05:30,136325.0,136325.0,136090.0,136270.0,16
2025-06-24T09:43:00+05:30,136315.0,136500.0,136140.0,136275.0,71
2025-06-24T09:44:00+05:30,136450.0,136450.0,136350.0,136350.0,12
2025-06-24T09:45:00+05:30,136445.0,136445.0,136315.0,136415.0,9
2025-06-24T09:46:00+05:30,136395.0,136395.0,136275.0,136275.0,4
2025-06-24T09:47:00+05:30,136255.0,136350.0,136230.0,136230.0,8
2025-06-24T09:48:00+05:30,136320.0,136320.0,136150.0,136150.0,9
2025-06-24T09:49:00+05:30,136095.0,136145.0,136020.0,136020.0,23
2025-06-24T09:50:00+05:30,136025.0,136025.0,136005.0,136005.0,19
2025-06-24T09:51:00+05:30,136005.0,136125.0,136005.0,136125.0,10
2025-06-24T09:52:00+05:30,136150.0,136185.0,136150.0,136185.0,12
2025-06-24T09:53:00+05:30,136165.0,136190.0,136055.0,136190.0,8
2025-06-24T09:54:00+05:30,136190.0,136225.0,136085.0,136210.0,10
2025-06-24T09:55:00+05:30,136235.0,136235.0,136190.0,136225.0,9
2025-06-24T09:56:00+05:30,136225.0,136225.0,136200.0,136225.0,3
2025-06-24T09:57:00+05:30,136120.0,136210.0,136120.0,136210.0,4
2025-06-24T09:58:00+05:30,136200.0,136210.0,136105.0,136210.0,9
2025-06-24T09:59:00+05:30,136210.0,136210.0,136105.0,136105.0,8
2025-06-24T10:00:00+05:30,136205.0,136205.0,136205.0,136205.0,2
2025-06-24T10:01:00+05:30,136185.0,136185.0,136100.0,136100.0,4
2025-06-24T10:02:00+05:30,136100.0,136200.0,136100.0,136100.0,25
2025-06-24T10:03:00+05:30,136155.0,136160.0,136155.0,136160.0,12
2025-06-24T10:04:00+05:30,136200.0,136240.0,136115.0,136115.0,31
2025-06-24T10:05:00+05:30,136115.0,136115.0,136115.0,136115.0,1
2025-06-24T10:06:00+05:30,136115.0,136215.0,136115.0,136215.0,3
2025-06-24T10:07:00+05:30,136115.0,136115.0,135900.0,135900.0,47
2025-06-24T10:08:00+05:30,135900.0,136025.0,135900.0,136025.0,9
2025-06-24T10:09:00+05:30,136025.0,136100.0,136025.0,136025.0,7
2025-06-24T10:10:00+05:30,136025.0,136025.0,136025.0,136025.0,1
2025-06-24T10:11:00+05:30,136100.0,136100.0,136100.0,136100.0,1
2025-06-24T10:12:00+05:30,136080.0,136080.0,136080.0,136080.0,2
2025-06-24T10:13:00+05:30,136025.0,136080.0,135870.0,136025.0,52
2025-06-24T10:14:00+05:30,136025.0,136030.0,135935.0,136030.0,9
2025-06-24T10:15:00+05:30,136045.0,136065.0,136000.0,136065.0,7
2025-06-24T10:16:00+05:30,136065.0,136065.0,136065.0,136065.0,1
2025-06-24T10:17:00+05:30,136080.0,136120.0,136080.0,136120.0,5
2025-06-24T10:18:00+05:30,136140.0,136140.0,136065.0,136065.0,2
2025-06-24T10:19:00+05:30,136150.0,136150.0,136065.0,136065.0,3
2025-06-24T10:20:00+05:30,136065.0,136065.0,136000.0,136000.0,5
2025-06-24T10:21:00+05:30,136065.0,136065.0,136065.0,136065.0,2
2025-06-24T10:23:00+05:30,136010.0,136030.0,135915.0,135915.0,7
2025-06-24T10:24:00+05:30,135940.0,136030.0,135925.0,136030.0,9
2025-06-24T10:25:00+05:30,135900.0,136065.0,135900.0,136065.0,16
2025-06-24T10:26:00+05:30,136065.0,136065.0,135950.0,135950.0,3
2025-06-24T10:27:00+05:30,135925.0,135925.0,135925.0,135925.0,1
2025-06-24T10:28:00+05:30,135925.0,135925.0,135925.0,135925.0,1
2025-06-24T10:29:00+05:30,135925.0,136030.0,135925.0,135930.0,7
2025-06-24T10:30:00+05:30,136020.0,136020.0,135870.0,135870.0,10
2025-06-24T10:31:00+05:30,136000.0,136005.0,135870.0,136005.0,13
2025-06-24T10:32:00+05:30,135900.0,135900.0,135900.0,135900.0,2
2025-06-24T10:33:00+05:30,135900.0,135900.0,135890.0,135890.0,2
2025-06-24T10:34:00+05:30,136000.0,136000.0,135870.0,135980.0,8
2025-06-24T10:35:00+05:30,135870.0,136005.0,135870.0,136005.0,10
2025-06-24T10:36:00+05:30,135890.0,135890.0,135890.0,135890.0,1
2025-06-24T10:37:00+05:30,136005.0,136285.0,136005.0,136145.0,48
2025-06-24T10:38:00+05:30,136185.0,136245.0,136115.0,136115.0,12
2025-06-24T10:39:00+05:30,136200.0,136500.0,136200.0,136265.0,89
2025-06-24T10:40:00+05:30,136430.0,136465.0,136310.0,136385.0,25
2025-06-24T10:41:00+05:30,136305.0,136585.0,136270.0,136325.0,55
2025-06-24T10:42:00+05:30,136320.0,136450.0,136300.0,136420.0,26
2025-06-24T10:43:00+05:30,136290.0,136390.0,136290.0,136295.0,6
2025-06-24T10:44:00+05:30,136295.0,136295.0,136295.0,136295.0,1
2025-06-24T10:45:00+05:30,136295.0,136295.0,136280.0,136285.0,11
2025-06-24T10:46:00+05:30,136290.0,136290.0,136290.0,136290.0,1
2025-06-24T10:48:00+05:30,136255.0,136290.0,136245.0,136245.0,3
2025-06-24T10:50:00+05:30,136240.0,136240.0,136240.0,136240.0,1
2025-06-24T10:51:00+05:30,136225.0,136360.0,136210.0,136360.0,58
2025-06-24T10:52:00+05:30,136370.0,136390.0,136360.0,136360.0,10
2025-06-24T10:53:00+05:30,136400.0,136400.0,136360.0,136360.0,6
2025-06-24T10:54:00+05:30,136355.0,136355.0,136300.0,136300.0,2
2025-06-24T10:55:00+05:30,136300.0,136300.0,136300.0,136300.0,2
2025-06-24T10:58:00+05:30,136270.0,136270.0,136165.0,136270.0,16
2025-06-24T11:00:00+05:30,136270.0,136400.0,136270.0,136370.0,44
2025-06-24T11:01:00+05:30,136495.0,136710.0,136495.0,136710.0,106
2025-06-24T11:02:00+05:30,136710.0,136990.0,136710.0,136940.0,106
2025-06-24T11:03:00+05:30,136935.0,136950.0,136810.0,136920.0,14
2025-06-24T11:04:00+05:30,136810.0,136920.0,136810.0,136810.0,17
2025-06-24T11:05:00+05:30,136895.0,136895.0,136750.0,136795.0,11
2025-06-24T11:06:00+05:30,136750.0,136860.0,136685.0,136860.0,15
2025-06-24T11:07:00+05:30,136835.0,136865.0,136825.0,136825.0,9
2025-06-24T11:08:00+05:30,136825.0,136895.0,136825.0,136895.0,6
2025-06-24T11:09:00+05:30,136860.0,136895.0,136830.0,136830.0,5
2025-06-24T11:10:00+05:30,136830.0,136875.0,136830.0,136875.0,3
2025-06-24T11:11:00+05:30,136830.0,136830.0,136830.0,136830.0,4
2025-06-24T11:12:00+05:30,136830.0,136865.0,136830.0,136860.0,5
2025-06-24T11:13:00+05:30,136740.0,136745.0,136740.0,136745.0,2
2025-06-24T11:14:00+05:30,136685.0,136745.0,136685.0,136685.0,4
2025-06-24T11:15:00+05:30,136685.0,136765.0,136475.0,136730.0,62
2025-06-24T11:16:00+05:30,136785.0,136830.0,136685.0,136690.0,26
2025-06-24T11:17:00+05:30,136780.0,136805.0,136780.0,136800.0,3
2025-06-24T11:18:00+05:30,136795.0,136800.0,136685.0,136690.0,8
2025-06-24T11:19:00+05:30,136690.0,136690.0,136690.0,136690.0,1
2025-06-24T11:20:00+05:30,136690.0,136690.0,136690.0,136690.0,5
2025-06-24T11:22:00+05:30,136685.0,136750.0,136685.0,136695.0,15
2025-06-24T11:23:00+05:30,136695.0,136780.0,136690.0,136780.0,6
2025-06-24T11:24:00+05:30,136690.0,136775.0,136650.0,136750.0,17
2025-06-24T11:25:00+05:30,136780.0,136845.0,136780.0,136845.0,17
2025-06-24T11:27:00+05:30,136845.0,136845.0,136845.0,136845.0,1
2025-06-24T11:28:00+05:30,136800.0,136800.0,136800.0,136800.0,4
2025-06-24T11:29:00+05:30,136800.0,136800.0,136655.0,136715.0,13
2025-06-24T11:30:00+05:30,136755.0,136800.0,136655.0,136800.0,12
2025-06-24T11:31:00+05:30,136800.0,136810.0,136715.0,136715.0,11
2025-06-24T11:32:00+05:30,136790.0,136790.0,136790.0,136790.0,1
2025-06-24T11:33:00+05:30,136755.0,136950.0,136755.0,136950.0,53
2025-06-24T11:34:00+05:30,136950.0,137100.0,136950.0,137030.0,103
2025-06-24T11:35:00+05:30,137095.0,137100.0,136955.0,136955.0,14
2025-06-24T11:36:00+05:30,137060.0,137060.0,136960.0,136960.0,4
2025-06-24T11:37:00+05:30,136965.0,137065.0,136965.0,136975.0,6
2025-06-24T11:38:00+05:30,136970.0,136970.0,136890.0,136890.0,12
2025-06-24T11:39:00+05:30,136890.0,136935.0,136795.0,136920.0,11
2025-06-24T11:40:00+05:30,136945.0,136945.0,136920.0,136920.0,3
2025-06-24T11:42:00+05:30,136830.0,136830.0,136825.0,136825.0,3
2025-06-24T11:43:00+05:30,136825.0,136840.0,136825.0,136825.0,7
2025-06-24T11:44:00+05:30,136825.0,136850.0,136760.0,136760.0,7
2025-06-24T11:45:00+05:30,136850.0,136850.0,136750.0,136750.0,4
2025-06-24T11:46:00+05:30,136850.0,136850.0,136755.0,136755.0,2
2025-06-24T11:48:00+05:30,136820.0,136860.0,136820.0,136860.0,12
2025-06-24T11:49:00+05:30,136820.0,137125.0,136820.0,136950.0,31
2025-06-24T11:50:00+05:30,137000.0,137080.0,136950.0,137075.0,10
2025-06-24T11:51:00+05:30,137060.0,137060.0,136940.0,136940.0,2
2025-06-24T11:53:00+05:30,136930.0,136930.0,136905.0,136905.0,4
2025-06-24T11:54:00+05:30,136975.0,136975.0,136885.0,136885.0,4
2025-06-24T11:55:00+05:30,136970.0,136970.0,136835.0,136835.0,3
2025-06-24T11:56:00+05:30,136825.0,136825.0,136825.0,136825.0,2
2025-06-24T11:57:00+05:30,136825.0,136910.0,136820.0,136820.0,5
2025-06-24T11:58:00+05:30,136820.0,136820.0,136820.0,136820.0,1
2025-06-24T12:00:00+05:30,136820.0,136820.0,136820.0,136820.0,2
2025-06-24T12:02:00+05:30,136810.0,136860.0,136760.0,136815.0,13
2025-06-24T12:03:00+05:30,136815.0,136870.0,136815.0,136850.0,7
2025-06-24T12:05:00+05:30,136820.0,136850.0,136820.0,136850.0,2
2025-06-24T12:07:00+05:30,136815.0,136815.0,136815.0,136815.0,1
2025-06-24T12:08:00+05:30,136815.0,136850.0,136815.0,136850.0,7
2025-06-24T12:09:00+05:30,136850.0,136850.0,136850.0,136850.0,2
2025-06-24T12:10:00+05:30,136850.0,136890.0,136815.0,136815.0,7
2025-06-24T12:11:00+05:30,136885.0,136885.0,136885.0,136885.0,3
2025-06-24T12:12:00+05:30,136795.0,136885.0,136795.0,136885.0,2
2025-06-24T12:13:00+05:30,136790.0,136815.0,136790.0,136815.0,3
2025-06-24T12:14:00+05:30,136790.0,136900.0,136790.0,136900.0,13
2025-06-24T12:15:00+05:30,136905.0,137000.0,136890.0,136980.0,15
2025-06-24T12:16:00+05:30,136980.0,136980.0,136895.0,136975.0,3
2025-06-24T12:17:00+05:30,136980.0,137000.0,136865.0,136865.0,11
2025-06-24T12:18:00+05:30,136900.0,137000.0,136900.0,136935.0,10
2025-06-24T12:19:00+05:30,136935.0,136935.0,136905.0,136905.0,2
2025-06-24T12:20:00+05:30,136870.0,136935.0,136865.0,136870.0,5
2025-06-24T12:21:00+05:30,136870.0,136870.0,136870.0,136870.0,1
2025-06-24T12:22:00+05:30,136935.0,136935.0,136870.0,136870.0,3
2025-06-24T12:23:00+05:30,136925.0,136960.0,136865.0,136960.0,25
2025-06-24T12:24:00+05:30,136960.0,137000.0,136820.0,136820.0,12
2025-06-24T12:25:00+05:30,136925.0,136930.0,136820.0,136925.0,8
2025-06-24T12:26:00+05:30,136830.0,136830.0,136800.0,136800.0,4
2025-06-24T12:27:00+05:30,136765.0,136935.0,136765.0,136935.0,10
2025-06-24T12:28:00+05:30,136915.0,136915.0,136915.0,136915.0,1
2025-06-24T12:29:00+05:30,136875.0,136875.0,136875.0,136875.0,1
2025-06-24T12:30:00+05:30,136895.0,136990.0,136755.0,136985.0,45
2025-06-24T12:31:00+05:30,136960.0,136960.0,136795.0,136910.0,10
2025-06-24T12:32:00+05:30,136810.0,136815.0,136810.0,136815.0,2
2025-06-24T12:33:00+05:30,136905.0,136905.0,136905.0,136905.0,1
2025-06-24T12:34:00+05:30,136905.0,136905.0,136905.0,136905.0,2
2025-06-24T12:35:00+05:30,136830.0,136905.0,136830.0,136905.0,3
2025-06-24T12:36:00+05:30,136830.0,136900.0,136825.0,136825.0,5
2025-06-24T12:37:00+05:30,136900.0,136900.0,136740.0,136820.0,14
2025-06-24T12:38:00+05:30,136765.0,136775.0,136765.0,136775.0,9
2025-06-24T12:40:00+05:30,136760.0,136760.0,136750.0,136750.0,9
2025-06-24T12:41:00+05:30,136740.0,136785.0,136710.0,136785.0,10
2025-06-24T12:42:00+05:30,136780.0,136785.0,136725.0,136785.0,4
2025-06-24T12:43:00+05:30,136740.0,136750.0,136710.0,136710.0,6
2025-06-24T12:44:00+05:30,136725.0,136725.0,136650.0,136655.0,9
2025-06-24T12:45:00+05:30,136715.0,136715.0,136605.0,136715.0,6
2025-06-24T12:46:00+05:30,136695.0,136695.0,136695.0,136695.0,3
2025-06-24T12:47:00+05:30,136695.0,136695.0,136695.0,136695.0,1
2025-06-24T12:48:00+05:30,136710.0,136710.0,136655.0,136680.0,6
2025-06-24T12:50:00+05:30,136715.0,136790.0,136715.0,136735.0,14
2025-06-24T12:51:00+05:30,136720.0,136735.0,136720.0,136735.0,2
2025-06-24T12:52:00+05:30,136715.0,136770.0,136715.0,136770.0,2
2025-06-24T12:53:00+05:30,136770.0,136770.0,136770.0,136770.0,1
2025-06-24T12:54:00+05:30,136670.0,136670.0,136600.0,136660.0,12
2025-06-24T12:55:00+05:30,136650.0,136650.0,136650.0,136650.0,3
2025-06-24T12:56:00+05:30,136650.0,136650.0,136650.0,136650.0,1
2025-06-24T12:57:00+05:30,136610.0,136610.0,136600.0,136600.0,2
2025-06-24T12:58:00+05:30,136650.0,136650.0,136650.0,136650.0,1
2025-06-24T12:59:00+05:30,136570.0,136570.0,136555.0,136555.0,5
2025-06-24T13:00:00+05:30,136570.0,136570.0,136560.0,136560.0,4
2025-06-24T13:01:00+05:30,136555.0,136600.0,136555.0,136600.0,4
2025-06-24T13:03:00+05:30,136550.0,136550.0,136540.0,136540.0,4
2025-06-24T13:04:00+05:30,136580.0,136580.0,136400.0,136410.0,26
2025-06-24T13:05:00+05:30,136505.0,136600.0,136495.0,136600.0,19
2025-06-24T13:06:00+05:30,136490.0,136490.0,136480.0,136480.0,2
2025-06-24T13:07:00+05:30,136465.0,136480.0,136465.0,136465.0,5
2025-06-24T13:08:00+05:30,136470.0,136550.0,136470.0,136550.0,7
2025-06-24T13:09:00+05:30,136470.0,136470.0,136465.0,136465.0,3
2025-06-24T13:10:00+05:30,136475.0,136490.0,136415.0,136490.0,7
2025-06-24T13:11:00+05:30,136415.0,136480.0,136410.0,136480.0,3
2025-06-24T13:12:00+05:30,136470.0,136485.0,136470.0,136485.0,2
2025-06-24T13:13:00+05:30,136400.0,136400.0,136400.0,136400.0,1
2025-06-24T13:14:00+05:30,136400.0,136400.0,136400.0,136400.0,1
2025-06-24T13:18:00+05:30,136470.0,136470.0,136400.0,136400.0,3
2025-06-24T13:19:00+05:30,136470.0,136480.0,136470.0,136480.0,2
2025-06-24T13:20:00+05:30,136400.0,136465.0,136400.0,136465.0,18
2025-06-24T13:21:00+05:30,136450.0,136450.0,136450.0,136450.0,2
2025-06-24T13:22:00+05:30,136380.0,136470.0,136365.0,136470.0,12
2025-06-24T13:23:00+05:30,136410.0,136485.0,136375.0,136375.0,5
2025-06-24T13:25:00+05:30,136360.0,136360.0,136335.0,136335.0,3
2025-06-24T13:26:00+05:30,136335.0,136335.0,136330.0,136330.0,3
2025-06-24T13:27:00+05:30,136330.0,136330.0,136330.0,136330.0,2
2025-06-24T13:28:00+05:30,136305.0,136330.0,136235.0,136330.0,4
2025-06-24T13:30:00+05:30,136355.0,136355.0,136355.0,136355.0,2
2025-06-24T13:31:00+05:30,136350.0,136375.0,136350.0,136375.0,3
2025-06-24T13:32:00+05:30,136370.0,136370.0,136210.0,136210.0,11
2025-06-24T13:33:00+05:30,136265.0,136265.0,136130.0,136215.0,10
2025-06-24T13:34:00+05:30,136130.0,136245.0,136105.0,136245.0,6
2025-06-24T13:36:00+05:30,136115.0,136115.0,136050.0,136050.0,15
2025-06-24T13:37:00+05:30,136105.0,136180.0,136050.0,136175.0,31
2025-06-24T13:38:00+05:30,136055.0,136175.0,136050.0,136075.0,10
2025-06-24T13:40:00+05:30,136120.0,136120.0,136080.0,136080.0,3
2025-06-24T13:41:00+05:30,136120.0,136125.0,136120.0,136125.0,3
2025-06-24T13:42:00+05:30,136240.0,136240.0,136240.0,136240.0,2
2025-06-24T13:43:00+05:30,136160.0,136185.0,136075.0,136075.0,12
2025-06-24T13:44:00+05:30,136130.0,136170.0,136050.0,136050.0,8
2025-06-24T13:45:00+05:30,136150.0,136155.0,136050.0,136050.0,11
2025-06-24T13:46:00+05:30,136025.0,136025.0,135900.0,136005.0,29
2025-06-24T13:47:00+05:30,136005.0,136095.0,136005.0,136095.0,3
2025-06-24T13:48:00+05:30,136095.0,136095.0,136000.0,136000.0,16
2025-06-24T13:50:00+05:30,136000.0,136000.0,135965.0,135965.0,2
2025-06-24T13:51:00+05:30,136015.0,136015.0,135940.0,135940.0,2
2025-06-24T13:52:00+05:30,136015.0,136100.0,136015.0,136100.0,18
2025-06-24T13:53:00+05:30,136220.0,136240.0,136200.0,136240.0,7
2025-06-24T13:55:00+05:30,136250.0,136250.0,136165.0,136230.0,4
2025-06-24T13:56:00+05:30,136235.0,136235.0,136230.0,136235.0,3
2025-06-24T13:57:00+05:30,136235.0,136400.0,136180.0,136400.0,5
2025-06-24T13:58:00+05:30,136375.0,136375.0,136235.0,136315.0,15
2025-06-24T13:59:00+05:30,136355.0,136355.0,136355.0,136355.0,1
2025-06-24T14:00:00+05:30,136355.0,136355.0,136270.0,136270.0,4
2025-06-24T14:01:00+05:30,136365.0,136365.0,136275.0,136360.0,3
2025-06-24T14:02:00+05:30,136355.0,136360.0,136355.0,136360.0,3
2025-06-24T14:03:00+05:30,136280.0,136360.0,136275.0,136360.0,3
2025-06-24T14:04:00+05:30,136280.0,136280.0,136220.0,136220.0,11
2025-06-24T14:05:00+05:30,136290.0,136290.0,136290.0,136290.0,1
2025-06-24T14:06:00+05:30,136200.0,136240.0,136085.0,136240.0,20
2025-06-24T14:09:00+05:30,136170.0,136170.0,136170.0,136170.0,1
2025-06-24T14:11:00+05:30,136150.0,136150.0,136150.0,136150.0,2
2025-06-24T14:12:00+05:30,136200.0,136240.0,136200.0,136240.0,9
2025-06-24T14:13:00+05:30,136340.0,136340.0,136210.0,136210.0,3
2025-06-24T14:15:00+05:30,136315.0,136315.0,136225.0,136285.0,3
2025-06-24T14:16:00+05:30,136225.0,136230.0,136225.0,136230.0,2
2025-06-24T14:18:00+05:30,136280.0,136280.0,136280.0,136280.0,1
2025-06-24T14:19:00+05:30,136280.0,136280.0,136280.0,136280.0,1
2025-06-24T14:22:00+05:30,136225.0,136265.0,136225.0,136265.0,4
2025-06-24T14:23:00+05:30,136255.0,136255.0,136255.0,136255.0,1
2025-06-24T14:24:00+05:30,136255.0,136335.0,136255.0,136335.0,2
2025-06-24T14:25:00+05:30,136335.0,136335.0,136335.0,136335.0,2
2025-06-24T14:26:00+05:30,136335.0,136335.0,136255.0,136255.0,5
2025-06-24T14:27:00+05:30,136335.0,136335.0,136210.0,136210.0,8
2025-06-24T14:28:00+05:30,136265.0,136265.0,136265.0,136265.0,2
2025-06-24T14:29:00+05:30,136265.0,136265.0,136265.0,136265.0,2
2025-06-24T14:30:00+05:30,136215.0,136305.0,136215.0,136305.0,13
2025-06-24T14:31:00+05:30,136325.0,136430.0,136325.0,136430.0,36
2025-06-24T14:32:00+05:30,136475.0,136555.0,136475.0,136550.0,26
2025-06-24T14:33:00+05:30,136550.0,136550.0,136475.0,136550.0,7
2025-06-24T14:35:00+05:30,136510.0,136510.0,136510.0,136510.0,1
2025-06-24T14:36:00+05:30,136540.0,136600.0,136540.0,136600.0,21
2025-06-24T14:37:00+05:30,136565.0,136625.0,136565.0,136625.0,2
2025-06-24T14:38:00+05:30,136625.0,136625.0,136575.0,136575.0,5
2025-06-24T14:39:00+05:30,136575.0,136575.0,136575.0,136575.0,2
2025-06-24T14:40:00+05:30,136575.0,136610.0,136575.0,136610.0,4
2025-06-24T14:42:00+05:30,136610.0,136610.0,136595.0,136595.0,5
2025-06-24T14:44:00+05:30,136595.0,136595.0,136595.0,136595.0,2
2025-06-24T14:46:00+05:30,136575.0,136610.0,136570.0,136610.0,8
2025-06-24T14:47:00+05:30,136610.0,136610.0,136610.0,136610.0,1
2025-06-24T14:48:00+05:30,136610.0,136615.0,136550.0,136550.0,5
2025-06-24T14:49:00+05:30,136605.0,136605.0,136550.0,136550.0,6
2025-06-24T14:50:00+05:30,136550.0,136550.0,136550.0,136550.0,1
2025-06-24T14:51:00+05:30,136550.0,136550.0,136550.0,136550.0,1
2025-06-24T14:52:00+05:30,136505.0,136605.0,136505.0,136550.0,6
2025-06-24T14:53:00+05:30,136585.0,136585.0,136480.0,136570.0,8
2025-06-24T14:55:00+05:30,136470.0,136690.0,136470.0,136680.0,41
2025-06-24T14:56:00+05:30,136685.0,136690.0,136605.0,136605.0,11
2025-06-24T14:57:00+05:30,136675.0,136675.0,136600.0,136605.0,5
2025-06-24T14:58:00+05:30,136675.0,136675.0,136600.0,136600.0,3
2025-06-24T14:59:00+05:30,136600.0,136600.0,136595.0,136600.0,5
2025-06-24T15:00:00+05:30,136640.0,137100.0,136640.0,136985.0,148
2025-06-24T15:01:00+05:30,136970.0,136975.0,136810.0,136935.0,22
2025-06-24T15:02:00+05:30,136890.0,136890.0,136590.0,136590.0,28
2025-06-24T15:03:00+05:30,136570.0,136700.0,136570.0,136595.0,9
2025-06-24T15:04:00+05:30,136705.0,136705.0,136670.0,136705.0,12
2025-06-24T15:05:00+05:30,136670.0,136690.0,136605.0,136685.0,18
2025-06-24T15:06:00+05:30,136675.0,136690.0,136660.0,136660.0,13
2025-06-24T15:07:00+05:30,136660.0,136735.0,136660.0,136680.0,25
2025-06-24T15:08:00+05:30,136735.0,136765.0,136670.0,136670.0,17
2025-06-24T15:09:00+05:30,136680.0,136790.0,136680.0,136710.0,10
2025-06-24T15:10:00+05:30,136785.0,136880.0,136750.0,136750.0,53
2025-06-24T15:11:00+05:30,136725.0,136775.0,136695.0,136765.0,12
2025-06-24T15:12:00+05:30,136695.0,136750.0,136695.0,136705.0,15
2025-06-24T15:13:00+05:30,136750.0,136750.0,136700.0,136720.0,10
2025-06-24T15:14:00+05:30,136750.0,136785.0,136685.0,136685.0,40
2025-06-24T15:15:00+05:30,136685.0,136815.0,136610.0,136715.0,40
2025-06-24T15:16:00+05:30,136740.0,136740.0,136530.0,136565.0,50
2025-06-24T15:17:00+05:30,136690.0,136695.0,136580.0,136630.0,16
2025-06-24T15:18:00+05:30,136670.0,136690.0,136605.0,136615.0,27
2025-06-24T15:19:00+05:30,136615.0,136675.0,136605.0,136615.0,17
2025-06-24T15:20:00+05:30,136615.0,136665.0,136500.0,136510.0,38
2025-06-24T15:21:00+05:30,136515.0,136590.0,136435.0,136450.0,28
2025-06-24T15:22:00+05:30,136450.0,136555.0,136450.0,136460.0,10
2025-06-24T15:23:00+05:30,136525.0,136610.0,136455.0,136485.0,25
2025-06-24T15:24:00+05:30,136500.0,136615.0,136270.0,136445.0,46
2025-06-24T15:25:00+05:30,136405.0,136430.0,136320.0,136370.0,29
2025-06-24T15:26:00+05:30,136385.0,136385.0,136215.0,136215.0,18
2025-06-24T15:27:00+05:30,136285.0,136325.0,136210.0,136325.0,21
2025-06-24T15:28:00+05:30,136375.0,136515.0,136075.0,136285.0,64
2025-06-24T15:29:00+05:30,136285.0,136900.0,135900.0,136010.0,90
2025-06-25T09:15:00+05:30,137000.0,137325.0,136910.0,136910.0,48
2025-06-25T09:16:00+05:30,136910.0,136970.0,136690.0,136885.0,51
2025-06-25T09:17:00+05:30,136745.0,137000.0,136660.0,137000.0,38
2025-06-25T09:18:00+05:30,136940.0,137070.0,136880.0,136900.0,19
2025-06-25T09:19:00+05:30,136985.0,136985.0,136925.0,136925.0,3
2025-06-25T09:20:00+05:30,136925.0,137180.0,136925.0,137015.0,34
2025-06-25T09:21:00+05:30,137080.0,137120.0,136975.0,136975.0,21
2025-06-25T09:22:00+05:30,136955.0,136955.0,136900.0,136950.0,11
2025-06-25T09:23:00+05:30,136995.0,136995.0,136820.0,136935.0,19
2025-06-25T09:24:00+05:30,136850.0,136925.0,136850.0,136925.0,3
2025-06-25T09:25:00+05:30,136995.0,136995.0,136885.0,136885.0,4
2025-06-25T09:26:00+05:30,136890.0,136935.0,136850.0,136935.0,15
2025-06-25T09:27:00+05:30,136945.0,136945.0,136945.0,136945.0,2
2025-06-25T09:28:00+05:30,136865.0,136955.0,136855.0,136950.0,17
2025-06-25T09:29:00+05:30,136950.0,136985.0,136905.0,136985.0,13
2025-06-25T09:30:00+05:30,136985.0,136990.0,136920.0,136920.0,12
2025-06-25T09:31:00+05:30,136915.0,136930.0,136880.0,136930.0,11
2025-06-25T09:32:00+05:30,136935.0,136950.0,136850.0,136850.0,12
2025-06-25T09:33:00+05:30,136955.0,136955.0,136845.0,136845.0,2
2025-06-25T09:34:00+05:30,136850.0,136955.0,136845.0,136955.0,6
2025-06-25T09:35:00+05:30,136920.0,136920.0,136920.0,136920.0,1
2025-06-25T09:36:00+05:30,136955.0,136955.0,136895.0,136900.0,5
2025-06-25T09:37:00+05:30,136900.0,136900.0,136820.0,136820.0,3
2025-06-25T09:38:00+05:30,136845.0,136845.0,136845.0,136845.0,1
2025-06-25T09:39:00+05:30,136890.0,136890.0,136825.0,136825.0,7
2025-06-25T09:41:00+05:30,136885.0,136885.0,136825.0,136880.0,5
2025-06-25T09:42:00+05:30,136880.0,136880.0,136880.0,136880.0,3
2025-06-25T09:43:00+05:30,136880.0,136880.0,136800.0,136800.0,7
2025-06-25T09:45:00+05:30,136820.0,136880.0,136800.0,136800.0,10
2025-06-25T09:46:00+05:30,136800.0,136835.0,136800.0,136835.0,8
2025-06-25T09:47:00+05:30,136825.0,136880.0,136800.0,136875.0,10
2025-06-25T09:48:00+05:30,136800.0,136880.0,136800.0,136875.0,3
2025-06-25T09:49:00+05:30,136805.0,136805.0,136700.0,136700.0,29
2025-06-25T09:50:00+05:30,136680.0,136750.0,136680.0,136750.0,8
2025-06-25T09:51:00+05:30,136735.0,136750.0,136735.0,136750.0,6
2025-06-25T09:52:00+05:30,136700.0,136700.0,136695.0,136695.0,18
2025-06-25T09:53:00+05:30,136695.0,136720.0,136680.0,136680.0,9
2025-06-25T09:54:00+05:30,136680.0,136680.0,136680.0,136680.0,2
2025-06-25T09:55:00+05:30,136745.0,136920.0,136680.0,136855.0,62
2025-06-25T09:56:00+05:30,136940.0,136940.0,136800.0,136800.0,9
2025-06-25T09:58:00+05:30,136900.0,136900.0,136805.0,136805.0,2
2025-06-25T09:59:00+05:30,136815.0,136815.0,136600.0,136720.0,75
2025-06-25T10:00:00+05:30,136790.0,136790.0,136735.0,136735.0,3
2025-06-25T10:01:00+05:30,136735.0,136830.0,136735.0,136830.0,7
2025-06-25T10:02:00+05:30,136825.0,136860.0,136700.0,136775.0,11
2025-06-25T10:03:00+05:30,136740.0,136740.0,136740.0,136740.0,1
2025-06-25T10:04:00+05:30,136740.0,136740.0,136600.0,136710.0,15
2025-06-25T10:05:00+05:30,136695.0,136780.0,136645.0,136645.0,57
2025-06-25T10:06:00+05:30,136725.0,136725.0,136645.0,136700.0,4
2025-06-25T10:07:00+05:30,136735.0,136735.0,136635.0,136635.0,6
2025-06-25T10:08:00+05:30,136635.0,136635.0,136635.0,136635.0,1
2025-06-25T10:09:00+05:30,136710.0,136710.0,136710.0,136710.0,1
2025-06-25T10:10:00+05:30,136700.0,136710.0,136700.0,136710.0,3
2025-06-25T10:11:00+05:30,136710.0,136710.0,136710.0,136710.0,2
2025-06-25T10:12:00+05:30,136740.0,136740.0,136640.0,136640.0,4
2025-06-25T10:13:00+05:30,136720.0,136720.0,136720.0,136720.0,1
2025-06-25T10:14:00+05:30,136765.0,136765.0,136755.0,136755.0,3
2025-06-25T10:15:00+05:30,136780.0,136780.0,136780.0,136780.0,1
2025-06-25T10:16:00+05:30,136800.0,136800.0,136750.0,136750.0,11
2025-06-25T10:17:00+05:30,136780.0,136975.0,136745.0,136745.0,26
2025-06-25T10:18:00+05:30,136935.0,137100.0,136935.0,137075.0,36
2025-06-25T10:19:00+05:30,137030.0,137190.0,137000.0,137100.0,52
2025-06-25T10:20:00+05:30,137100.0,137100.0,137015.0,137015.0,11
2025-06-25T10:21:00+05:30,137015.0,137025.0,137015.0,137025.0,2
2025-06-25T10:22:00+05:30,137100.0,137100.0,137100.0,137100.0,1
2025-06-25T10:23:00+05:30,137050.0,137100.0,137040.0,137040.0,9
2025-06-25T10:24:00+05:30,137040.0,137095.0,137025.0,137025.0,11
2025-06-25T10:26:00+05:30,137025.0,137025.0,137025.0,137025.0,2
2025-06-25T10:28:00+05:30,137025.0,137065.0,137015.0,137065.0,10
2025-06-25T10:29:00+05:30,137045.0,137095.0,137045.0,137090.0,4
2025-06-25T10:30:00+05:30,137090.0,137090.0,137080.0,137080.0,5
2025-06-25T10:31:00+05:30,137095.0,137100.0,137030.0,137030.0,10
2025-06-25T10:32:00+05:30,137060.0,137060.0,137015.0,137015.0,6
2025-06-25T10:33:00+05:30,137065.0,137065.0,137015.0,137015.0,2
2025-06-25T10:34:00+05:30,137020.0,137020.0,137000.0,137000.0,7
2025-06-25T10:35:00+05:30,137000.0,137015.0,136975.0,136975.0,9
2025-06-25T10:37:00+05:30,136950.0,137015.0,136890.0,136980.0,14
2025-06-25T10:39:00+05:30,136905.0,136905.0,136905.0,136905.0,2
2025-06-25T10:40:00+05:30,136870.0,136975.0,136870.0,136910.0,8
2025-06-25T10:42:00+05:30,136965.0,136965.0,136870.0,136870.0,2
2025-06-25T10:43:00+05:30,136955.0,136955.0,136955.0,136955.0,2
2025-06-25T10:44:00+05:30,136870.0,136870.0,136870.0,136870.0,13
2025-06-25T10:45:00+05:30,136865.0,136865.0,136860.0,136860.0,4
2025-06-25T10:46:00+05:30,136850.0,136850.0,136800.0,136800.0,4
2025-06-25T10:47:00+05:30,136845.0,136845.0,136845.0,136845.0,2
2025-06-25T10:48:00+05:30,136845.0,136850.0,136800.0,136845.0,5
2025-06-25T10:49:00+05:30,136845.0,137200.0,136715.0,137185.0,93
2025-06-25T10:50:00+05:30,137120.0,137180.0,137000.0,137090.0,23
2025-06-25T10:51:00+05:30,137170.0,137170.0,137000.0,137000.0,10
2025-06-25T10:52:00+05:30,136995.0,137080.0,136995.0,137005.0,6
2025-06-25T10:53:00+05:30,137105.0,137105.0,137010.0,137010.0,4
2025-06-25T10:54:00+05:30,137075.0,137095.0,137075.0,137095.0,2
2025-06-25T10:55:00+05:30,137005.0,137080.0,137005.0,137080.0,5
2025-06-25T10:56:00+05:30,137005.0,137005.0,136875.0,136975.0,11
2025-06-25T10:57:00+05:30,137030.0,137090.0,136970.0,137035.0,19
2025-06-25T10:58:00+05:30,137095.0,137180.0,137055.0,137055.0,25
2025-06-25T10:59:00+05:30,137180.0,137180.0,137180.0,137180.0,4
2025-06-25T11:00:00+05:30,137180.0,137180.0,137180.0,137180.0,5
2025-06-25T11:01:00+05:30,137130.0,137175.0,137120.0,137175.0,6
2025-06-25T11:02:00+05:30,137130.0,137130.0,137105.0,137105.0,5
2025-06-25T11:03:00+05:30,137175.0,137175.0,137100.0,137100.0,3
2025-06-25T11:04:00+05:30,137095.0,137095.0,137095.0,137095.0,2
2025-06-25T11:05:00+05:30,137095.0,137170.0,137095.0,137170.0,3
2025-06-25T11:06:00+05:30,137170.0,137170.0,137170.0,137170.0,1
2025-06-25T11:07:00+05:30,137100.0,137100.0,137100.0,137100.0,1
2025-06-25T11:09:00+05:30,137100.0,137100.0,137100.0,137100.0,1
2025-06-25T11:11:00+05:30,137100.0,137100.0,137095.0,137095.0,5
2025-06-25T11:12:00+05:30,137090.0,137090.0,137005.0,137005.0,3
2025-06-25T11:13:00+05:30,137000.0,137070.0,137000.0,137070.0,3
2025-06-25T11:14:00+05:30,137070.0,137095.0,137070.0,137095.0,3
2025-06-25T11:15:00+05:30,137140.0,137140.0,137135.0,137135.0,4
2025-06-25T11:16:00+05:30,137135.0,137150.0,137120.0,137120.0,3
2025-06-25T11:18:00+05:30,137120.0,137120.0,137120.0,137120.0,2
2025-06-25T11:20:00+05:30,137120.0,137165.0,137080.0,137080.0,4
2025-06-25T11:23:00+05:30,137080.0,137080.0,137080.0,137080.0,1
2025-06-25T11:25:00+05:30,137045.0,137045.0,137045.0,137045.0,1
2025-06-25T11:29:00+05:30,137045.0,137125.0,137035.0,137125.0,7
2025-06-25T11:30:00+05:30,137040.0,137125.0,137040.0,137125.0,13
2025-06-25T11:31:00+05:30,137100.0,137100.0,137100.0,137100.0,1
2025-06-25T11:33:00+05:30,137130.0,137130.0,137100.0,137100.0,3
2025-06-25T11:34:00+05:30,137100.0,137100.0,137100.0,137100.0,1
2025-06-25T11:35:00+05:30,137100.0,137115.0,137005.0,137115.0,16
2025-06-25T11:36:00+05:30,137090.0,137130.0,137090.0,137130.0,2
2025-06-25T11:37:00+05:30,137130.0,137130.0,137090.0,137090.0,2
2025-06-25T11:39:00+05:30,137005.0,137005.0,137005.0,137005.0,1
2025-06-25T11:42:00+05:30,137015.0,137015.0,137015.0,137015.0,1
2025-06-25T11:45:00+05:30,137085.0,137125.0,137085.0,137125.0,4
2025-06-25T11:46:00+05:30,137025.0,137100.0,137010.0,137100.0,8
2025-06-25T11:47:00+05:30,137110.0,137110.0,137110.0,137110.0,2
2025-06-25T11:48:00+05:30,137125.0,137130.0,137075.0,137075.0,5
2025-06-25T11:49:00+05:30,137075.0,137240.0,137075.0,137240.0,42
2025-06-25T11:50:00+05:30,137165.0,137320.0,137125.0,137285.0,53
2025-06-25T11:51:00+05:30,137225.0,137240.0,137225.0,137240.0,8
2025-06-25T11:52:00+05:30,137310.0,137470.0,137310.0,137375.0,72
2025-06-25T11:53:00+05:30,137370.0,137390.0,137370.0,137390.0,6
2025-06-25T11:54:00+05:30,137380.0,137390.0,137365.0,137365.0,10
2025-06-25T11:55:00+05:30,137390.0,137700.0,137390.0,137620.0,92
2025-06-25T11:56:00+05:30,137660.0,137695.0,137545.0,137650.0,20
2025-06-25T11:57:00+05:30,137650.0,137670.0,137485.0,137560.0,36
2025-06-25T11:58:00+05:30,137640.0,137665.0,137550.0,137665.0,18
2025-06-25T11:59:00+05:30,137585.0,137630.0,137585.0,137630.0,3
2025-06-25T12:00:00+05:30,137630.0,137665.0,137595.0,137665.0,15
2025-06-25T12:01:00+05:30,137690.0,137800.0,137660.0,137700.0,35
2025-06-25T12:02:00+05:30,137750.0,137750.0,137700.0,137750.0,12
2025-06-25T12:03:00+05:30,137750.0,137750.0,137665.0,137670.0,6
2025-06-25T12:04:00+05:30,137665.0,137790.0,137665.0,137700.0,41
2025-06-25T12:05:00+05:30,137695.0,137695.0,137420.0,137695.0,34
2025-06-25T12:06:00+05:30,137550.0,137670.0,137520.0,137670.0,6
2025-06-25T12:07:00+05:30,137545.0,137650.0,137525.0,137540.0,10
2025-06-25T12:08:00+05:30,137525.0,137650.0,137525.0,137650.0,14
2025-06-25T12:09:00+05:30,137645.0,137745.0,137645.0,137745.0,28
2025-06-25T12:10:00+05:30,137645.0,137735.0,137620.0,137620.0,6
2025-06-25T12:11:00+05:30,137620.0,137675.0,137615.0,137630.0,5
2025-06-25T12:12:00+05:30,137520.0,137635.0,137520.0,137550.0,7
2025-06-25T12:13:00+05:30,137530.0,137600.0,137505.0,137545.0,13
2025-06-25T12:14:00+05:30,137635.0,137635.0,137475.0,137610.0,7
2025-06-25T12:15:00+05:30,137605.0,137605.0,137495.0,137590.0,8
2025-06-25T12:16:00+05:30,137605.0,137645.0,137570.0,137645.0,4
2025-06-25T12:17:00+05:30,137555.0,137655.0,137545.0,137545.0,4
2025-06-25T12:18:00+05:30,137625.0,137700.0,137550.0,137650.0,19
2025-06-25T12:19:00+05:30,137550.0,137700.0,137550.0,137590.0,18
2025-06-25T12:20:00+05:30,137620.0,137800.0,137610.0,137795.0,56
2025-06-25T12:21:00+05:30,137845.0,137845.0,137735.0,137735.0,10
2025-06-25T12:22:00+05:30,137730.0,137730.0,137715.0,137715.0,3
2025-06-25T12:23:00+05:30,137650.0,137730.0,137650.0,137715.0,4
2025-06-25T12:24:00+05:30,137655.0,137725.0,137650.0,137650.0,6
2025-06-25T12:25:00+05:30,137650.0,137650.0,137650.0,137650.0,3
2025-06-25T12:26:00+05:30,137650.0,137720.0,137575.0,137650.0,17
2025-06-25T12:27:00+05:30,137580.0,137700.0,137580.0,137700.0,10
2025-06-25T12:28:00+05:30,137650.0,137725.0,137650.0,137650.0,4
2025-06-25T12:29:00+05:30,137735.0,137735.0,137650.0,137650.0,7
2025-06-25T12:30:00+05:30,137650.0,137650.0,137650.0,137650.0,2
2025-06-25T12:31:00+05:30,137735.0,137825.0,137710.0,137710.0,41
2025-06-25T12:32:00+05:30,137710.0,137785.0,137620.0,137780.0,27
2025-06-25T12:33:00+05:30,137755.0,137755.0,137640.0,137745.0,7
2025-06-25T12:34:00+05:30,137745.0,137805.0,137695.0,137705.0,22
2025-06-25T12:35:00+05:30,137690.0,137760.0,137655.0,137700.0,19
2025-06-25T12:36:00+05:30,137700.0,137760.0,137700.0,137760.0,6
2025-06-25T12:37:00+05:30,137750.0,137750.0,137655.0,137750.0,3
2025-06-25T12:38:00+05:30,137655.0,137745.0,137655.0,137745.0,3
2025-06-25T12:39:00+05:30,137655.0,137800.0,137650.0,137755.0,18
2025-06-25T12:40:00+05:30,137725.0,137765.0,137645.0,137650.0,20
2025-06-25T12:41:00+05:30,137655.0,137740.0,137650.0,137660.0,5
2025-06-25T12:42:00+05:30,137665.0,137665.0,137665.0,137665.0,1
2025-06-25T12:43:00+05:30,137665.0,137755.0,137665.0,137745.0,13
2025-06-25T12:44:00+05:30,137665.0,137665.0,137665.0,137665.0,2
2025-06-25T12:45:00+05:30,137665.0,137745.0,137665.0,137745.0,3
2025-06-25T12:46:00+05:30,137745.0,137805.0,137670.0,137805.0,43
2025-06-25T12:47:00+05:30,137780.0,137805.0,137710.0,137800.0,50
2025-06-25T12:48:00+05:30,137725.0,137800.0,137725.0,137800.0,4
2025-06-25T12:49:00+05:30,137800.0,137800.0,137730.0,137730.0,5
2025-06-25T12:50:00+05:30,137730.0,137765.0,137675.0,137765.0,16
2025-06-25T12:51:00+05:30,137675.0,137675.0,137665.0,137675.0,4
2025-06-25T12:52:00+05:30,137665.0,137675.0,137665.0,137675.0,2
2025-06-25T12:53:00+05:30,137665.0,137800.0,137665.0,137800.0,22
2025-06-25T12:54:00+05:30,137715.0,137805.0,137715.0,137800.0,11
2025-06-25T12:55:00+05:30,137810.0,137815.0,137750.0,137750.0,4
2025-06-25T12:56:00+05:30,137745.0,137745.0,137740.0,137740.0,3
2025-06-25T12:57:00+05:30,137745.0,137800.0,137715.0,137715.0,5
2025-06-25T12:58:00+05:30,137670.0,137770.0,137670.0,137770.0,3
2025-06-25T12:59:00+05:30,137770.0,137815.0,137750.0,137810.0,24
2025-06-25T13:00:00+05:30,137755.0,137755.0,137720.0,137720.0,2
2025-06-25T13:01:00+05:30,137720.0,137995.0,137720.0,137960.0,100
2025-06-25T13:02:00+05:30,137960.0,138000.0,137905.0,137945.0,33
2025-06-25T13:03:00+05:30,138000.0,138000.0,137925.0,137925.0,6
2025-06-25T13:04:00+05:30,137990.0,137990.0,137905.0,137975.0,15
2025-06-25T13:05:00+05:30,137990.0,137990.0,137835.0,137835.0,13
2025-06-25T13:06:00+05:30,137905.0,137905.0,137820.0,137820.0,5
2025-06-25T13:07:00+05:30,137830.0,137905.0,137830.0,137905.0,3
2025-06-25T13:09:00+05:30,137900.0,138100.0,137870.0,138100.0,101
2025-06-25T13:10:00+05:30,138035.0,138100.0,137990.0,138095.0,39
2025-06-25T13:11:00+05:30,138090.0,138090.0,138005.0,138005.0,2
2025-06-25T13:12:00+05:30,138005.0,138085.0,138005.0,138085.0,11
2025-06-25T13:13:00+05:30,138005.0,138005.0,137995.0,137995.0,2
2025-06-25T13:14:00+05:30,137995.0,138045.0,137945.0,137945.0,12
2025-06-25T13:16:00+05:30,137990.0,138000.0,137980.0,137995.0,6
2025-06-25T13:17:00+05:30,137960.0,138020.0,137960.0,138020.0,11
2025-06-25T13:18:00+05:30,137950.0,138040.0,137950.0,138040.0,4
2025-06-25T13:19:00+05:30,138045.0,138175.0,137995.0,138175.0,41
2025-06-25T13:20:00+05:30,138135.0,138160.0,138035.0,138155.0,8
2025-06-25T13:21:00+05:30,138155.0,138160.0,138150.0,138150.0,9
2025-06-25T13:22:00+05:30,138150.0,138150.0,138145.0,138145.0,3
2025-06-25T13:23:00+05:30,138070.0,138145.0,138050.0,138050.0,13
2025-06-25T13:24:00+05:30,138100.0,138100.0,138050.0,138050.0,2
2025-06-25T13:25:00+05:30,138050.0,138140.0,138050.0,138055.0,5
2025-06-25T13:26:00+05:30,138135.0,138150.0,138030.0,138150.0,14
2025-06-25T13:27:00+05:30,138075.0,138160.0,138075.0,138160.0,7
2025-06-25T13:28:00+05:30,138165.0,138195.0,138080.0,138080.0,11
2025-06-25T13:29:00+05:30,138075.0,138120.0,138030.0,138120.0,10
2025-06-25T13:30:00+05:30,138155.0,138160.0,138025.0,138105.0,11
2025-06-25T13:31:00+05:30,138115.0,138130.0,138020.0,138130.0,9
2025-06-25T13:32:00+05:30,138130.0,138130.0,138040.0,138120.0,6
2025-06-25T13:34:00+05:30,138115.0,138160.0,138115.0,138160.0,6
2025-06-25T13:35:00+05:30,138175.0,138175.0,138100.0,138170.0,25
2025-06-25T13:36:00+05:30,138150.0,138175.0,138115.0,138115.0,7
2025-06-25T13:38:00+05:30,138190.0,138300.0,138190.0,138300.0,38
2025-06-25T13:39:00+05:30,138330.0,138330.0,138235.0,138235.0,2
2025-06-25T13:40:00+05:30,138235.0,138235.0,138220.0,138220.0,3
2025-06-25T13:42:00+05:30,138220.0,138300.0,138210.0,138220.0,17
2025-06-25T13:43:00+05:30,138215.0,138320.0,138215.0,138320.0,8
2025-06-25T13:44:00+05:30,138320.0,138400.0,138255.0,138350.0,39
2025-06-25T13:45:00+05:30,138400.0,138440.0,138350.0,138440.0,8
2025-06-25T13:46:00+05:30,138390.0,138450.0,138350.0,138360.0,17
2025-06-25T13:47:00+05:30,138440.0,138490.0,138440.0,138440.0,6
2025-06-25T13:48:00+05:30,138405.0,138405.0,138355.0,138390.0,7
2025-06-25T13:49:00+05:30,138395.0,138495.0,138395.0,138395.0,7
2025-06-25T13:50:00+05:30,138385.0,138460.0,138380.0,138380.0,6
2025-06-25T13:51:00+05:30,138390.0,138390.0,138390.0,138390.0,1
2025-06-25T13:52:00+05:30,138385.0,138485.0,138385.0,138390.0,11
2025-06-25T13:53:00+05:30,138455.0,138480.0,138390.0,138390.0,3
2025-06-25T13:54:00+05:30,138475.0,138490.0,138400.0,138480.0,14
2025-06-25T13:55:00+05:30,138400.0,138475.0,138380.0,138380.0,7
2025-06-25T13:56:00+05:30,138470.0,138470.0,138380.0,138460.0,3
2025-06-25T13:57:00+05:30,138360.0,138500.0,138360.0,138495.0,81
2025-06-25T13:58:00+05:30,138400.0,138455.0,138365.0,138365.0,4
2025-06-25T13:59:00+05:30,138455.0,138455.0,138455.0,138455.0,1
2025-06-25T14:00:00+05:30,138370.0,138370.0,138370.0,138370.0,1
2025-06-25T14:01:00+05:30,138375.0,138375.0,138375.0,138375.0,1
2025-06-25T14:02:00+05:30,138385.0,138450.0,138380.0,138450.0,6
2025-06-25T14:03:00+05:30,138435.0,138485.0,138375.0,138375.0,20
2025-06-25T14:04:00+05:30,138370.0,138465.0,138350.0,138465.0,5
2025-06-25T14:05:00+05:30,138380.0,138395.0,138380.0,138395.0,2
2025-06-25T14:07:00+05:30,138400.0,138445.0,138375.0,138375.0,6
2025-06-25T14:08:00+05:30,138380.0,138380.0,138380.0,138380.0,2
2025-06-25T14:09:00+05:30,138440.0,138440.0,138370.0,138370.0,7
2025-06-25T14:10:00+05:30,138375.0,138435.0,138375.0,138435.0,2
2025-06-25T14:11:00+05:30,138390.0,138435.0,138375.0,138430.0,7
2025-06-25T14:12:00+05:30,138400.0,138430.0,138400.0,138430.0,5
2025-06-25T14:13:00+05:30,138385.0,138430.0,138385.0,138430.0,9
2025-06-25T14:14:00+05:30,138390.0,138425.0,138385.0,138425.0,9
2025-06-25T14:15:00+05:30,138385.0,138425.0,138385.0,138385.0,16
2025-06-25T14:16:00+05:30,138380.0,138385.0,138350.0,138355.0,26
2025-06-25T14:17:00+05:30,138355.0,138385.0,138355.0,138385.0,5
2025-06-25T14:18:00+05:30,138355.0,138355.0,138355.0,138355.0,1
2025-06-25T14:19:00+05:30,138380.0,138400.0,138355.0,138400.0,14
2025-06-25T14:20:00+05:30,138400.0,138415.0,138380.0,138415.0,4
2025-06-25T14:21:00+05:30,138415.0,138415.0,138380.0,138380.0,2
2025-06-25T14:22:00+05:30,138380.0,138425.0,138360.0,138425.0,15
2025-06-25T14:23:00+05:30,138415.0,138490.0,138415.0,138475.0,46
2025-06-25T14:24:00+05:30,138475.0,138475.0,138450.0,138450.0,2
2025-06-25T14:25:00+05:30,138450.0,138450.0,138450.0,138450.0,3
2025-06-25T14:26:00+05:30,138450.0,138650.0,138450.0,138600.0,111
2025-06-25T14:27:00+05:30,138620.0,138620.0,138570.0,138570.0,10
2025-06-25T14:28:00+05:30,138535.0,138600.0,138535.0,138600.0,4
2025-06-25T14:29:00+05:30,138550.0,138600.0,138550.0,138600.0,2
2025-06-25T14:30:00+05:30,138555.0,138555.0,138555.0,138555.0,1
2025-06-25T14:31:00+05:30,138600.0,138600.0,138550.0,138600.0,6
2025-06-25T14:32:00+05:30,138560.0,138560.0,138560.0,138560.0,10
2025-06-25T14:33:00+05:30,138530.0,138600.0,138520.0,138600.0,11
2025-06-25T14:34:00+05:30,138595.0,138600.0,138595.0,138595.0,3
2025-06-25T14:35:00+05:30,138595.0,138645.0,138585.0,138640.0,17
2025-06-25T14:36:00+05:30,138650.0,138650.0,138650.0,138650.0,2
2025-06-25T14:37:00+05:30,138650.0,138800.0,138645.0,138800.0,42
2025-06-25T14:38:00+05:30,138800.0,138850.0,138700.0,138820.0,20
2025-06-25T14:39:00+05:30,138810.0,138820.0,138730.0,138820.0,15
2025-06-25T14:40:00+05:30,138840.0,138900.0,138775.0,138900.0,22
2025-06-25T14:41:00+05:30,138900.0,138935.0,138895.0,138900.0,32
2025-06-25T14:42:00+05:30,138890.0,138960.0,138890.0,138900.0,22
2025-06-25T14:43:00+05:30,138900.0,138925.0,138835.0,138900.0,11
2025-06-25T14:44:00+05:30,138835.0,138925.0,138835.0,138925.0,13
2025-06-25T14:45:00+05:30,138925.0,138945.0,138900.0,138930.0,17
2025-06-25T14:46:00+05:30,138930.0,138960.0,138900.0,138930.0,17
2025-06-25T14:47:00+05:30,138930.0,138930.0,138930.0,138930.0,7
2025-06-25T14:48:00+05:30,138960.0,138960.0,138910.0,138910.0,26
2025-06-25T14:49:00+05:30,138910.0,138965.0,138900.0,138945.0,15
2025-06-25T14:50:00+05:30,138945.0,138965.0,138910.0,138965.0,9
2025-06-25T14:51:00+05:30,138940.0,138975.0,138940.0,138975.0,31
2025-06-25T14:52:00+05:30,138975.0,138990.0,138940.0,138990.0,24
2025-06-25T14:53:00+05:30,138925.0,139235.0,138925.0,139235.0,119
2025-06-25T14:54:00+05:30,139140.0,139235.0,138995.0,139075.0,48
2025-06-25T14:55:00+05:30,139070.0,139250.0,139055.0,139165.0,38
2025-06-25T14:56:00+05:30,139195.0,139215.0,139100.0,139165.0,22
2025-06-25T14:57:00+05:30,139165.0,139215.0,139100.0,139215.0,21
2025-06-25T14:58:00+05:30,139215.0,139215.0,139095.0,139100.0,30
2025-06-25T14:59:00+05:30,139100.0,139160.0,139050.0,139050.0,13
2025-06-25T15:00:00+05:30,139160.0,139160.0,138870.0,138985.0,70
2025-06-25T15:01:00+05:30,138985.0,139155.0,138985.0,139055.0,27
2025-06-25T15:02:00+05:30,139140.0,139155.0,139050.0,139115.0,13
2025-06-25T15:03:00+05:30,139070.0,139155.0,139070.0,139150.0,17
2025-06-25T15:04:00+05:30,139155.0,139200.0,139070.0,139200.0,18
2025-06-25T15:05:00+05:30,139160.0,139225.0,139130.0,139225.0,29
2025-06-25T15:06:00+05:30,139225.0,139260.0,139225.0,139230.0,37
2025-06-25T15:07:00+05:30,139260.0,139290.0,139225.0,139290.0,18
2025-06-25T15:08:00+05:30,139295.0,139295.0,138915.0,139280.0,114
2025-06-25T15:09:00+05:30,139280.0,139390.0,139195.0,139390.0,34
2025-06-25T15:10:00+05:30,139380.0,139400.0,139325.0,139400.0,48
2025-06-25T15:11:00+05:30,139395.0,139500.0,139335.0,139495.0,42
2025-06-25T15:12:00+05:30,139500.0,139500.0,139405.0,139440.0,11
2025-06-25T15:13:00+05:30,139435.0,139440.0,139335.0,139415.0,29
2025-06-25T15:14:00+05:30,139400.0,139500.0,139400.0,139405.0,47
2025-06-25T15:15:00+05:30,139500.0,139500.0,139310.0,139495.0,106
2025-06-25T15:16:00+05:30,139500.0,139500.0,139385.0,139415.0,26
2025-06-25T15:17:00+05:30,139400.0,139500.0,139400.0,139440.0,33
2025-06-25T15:18:00+05:30,139400.0,139500.0,139400.0,139455.0,60
2025-06-25T15:19:00+05:30,139455.0,139500.0,139435.0,139470.0,58
2025-06-25T15:20:00+05:30,139450.0,139595.0,139325.0,139420.0,149
2025-06-25T15:21:00+05:30,139425.0,139460.0,139125.0,139140.0,59
2025-06-25T15:22:00+05:30,139190.0,139275.0,139130.0,139200.0,24
2025-06-25T15:23:00+05:30,139235.0,139240.0,139120.0,139195.0,22
2025-06-25T15:24:00+05:30,139195.0,139420.0,139140.0,139180.0,72
2025-06-25T15:25:00+05:30,139135.0,139190.0,139120.0,139155.0,31
2025-06-25T15:26:00+05:30,139150.0,139250.0,139150.0,139250.0,51
2025-06-25T15:27:00+05:30,139250.0,139280.0,138895.0,138945.0,62
2025-06-25T15:28:00+05:30,138855.0,139250.0,138600.0,138725.0,79
2025-06-25T15:29:00+05:30,138755.0,138810.0,138200.0,138200.0,53
2025-06-26T09:15:00+05:30,139405.0,139600.0,139400.0,139600.0,35
2025-06-26T09:16:00+05:30,139470.0,139570.0,139315.0,139570.0,44
2025-06-26T09:17:00+05:30,139455.0,139725.0,139370.0,139725.0,85
2025-06-26T09:18:00+05:30,139695.0,139700.0,139455.0,139600.0,35
2025-06-26T09:19:00+05:30,139510.0,139880.0,139455.0,139735.0,98
2025-06-26T09:20:00+05:30,139735.0,139735.0,139455.0,139455.0,34
2025-06-26T09:21:00+05:30,139445.0,139585.0,139445.0,139475.0,30
2025-06-26T09:22:00+05:30,139460.0,139460.0,139380.0,139380.0,22
2025-06-26T09:23:00+05:30,139380.0,139385.0,139305.0,139385.0,14
2025-06-26T09:24:00+05:30,139385.0,139545.0,139300.0,139345.0,43
2025-06-26T09:25:00+05:30,139345.0,139345.0,139270.0,139270.0,27
2025-06-26T09:26:00+05:30,139270.0,139320.0,139245.0,139245.0,4
2025-06-26T09:27:00+05:30,139300.0,139315.0,139240.0,139240.0,10
2025-06-26T09:28:00+05:30,139300.0,139320.0,139240.0,139300.0,15
2025-06-26T09:29:00+05:30,139295.0,139345.0,139295.0,139300.0,11
2025-06-26T09:30:00+05:30,139275.0,139275.0,139270.0,139270.0,6
2025-06-26T09:31:00+05:30,139270.0,139270.0,139060.0,139185.0,33
2025-06-26T09:32:00+05:30,139100.0,139200.0,139030.0,139065.0,14
2025-06-26T09:33:00+05:30,139065.0,139095.0,139005.0,139005.0,35
2025-06-26T09:34:00+05:30,139095.0,139095.0,138800.0,138805.0,31
2025-06-26T09:35:00+05:30,138800.0,138920.0,138800.0,138810.0,21
2025-06-26T09:36:00+05:30,138900.0,138900.0,138810.0,138895.0,12
2025-06-26T09:37:00+05:30,138810.0,138810.0,138800.0,138800.0,6
2025-06-26T09:38:00+05:30,138880.0,138880.0,138800.0,138880.0,10
2025-06-26T09:39:00+05:30,138880.0,139145.0,138880.0,139085.0,44
2025-06-26T09:40:00+05:30,138980.0,138980.0,138955.0,138955.0,6
2025-06-26T09:41:00+05:30,138910.0,139030.0,138800.0,138885.0,23
2025-06-26T09:42:00+05:30,139030.0,139030.0,138645.0,138700.0,47
2025-06-26T09:43:00+05:30,138625.0,138900.0,138625.0,138900.0,13
2025-06-26T09:45:00+05:30,138910.0,139000.0,138910.0,138945.0,24
2025-06-26T09:46:00+05:30,139060.0,139345.0,138960.0,139345.0,22
2025-06-26T09:47:00+05:30,139220.0,139300.0,139150.0,139300.0,20
2025-06-26T09:48:00+05:30,139300.0,139340.0,139170.0,139275.0,22
2025-06-26T09:49:00+05:30,139330.0,139410.0,139315.0,139390.0,7
2025-06-26T09:50:00+05:30,139385.0,139440.0,139385.0,139440.0,22
2025-06-26T09:51:00+05:30,139440.0,139500.0,139440.0,139500.0,7
2025-06-26T09:52:00+05:30,139480.0,139480.0,139380.0,139425.0,12
2025-06-26T09:53:00+05:30,139450.0,139450.0,139320.0,139425.0,13
2025-06-26T09:54:00+05:30,139425.0,139425.0,139425.0,139425.0,1
2025-06-26T09:55:00+05:30,139425.0,139425.0,139345.0,139345.0,13
2025-06-26T09:56:00+05:30,139320.0,139365.0,139260.0,139295.0,21
2025-06-26T09:57:00+05:30,139295.0,139400.0,139295.0,139320.0,12
2025-06-26T09:58:00+05:30,139300.0,139545.0,139265.0,139410.0,54
2025-06-26T09:59:00+05:30,139435.0,139435.0,139365.0,139365.0,7
2025-06-26T10:00:00+05:30,139430.0,139430.0,139305.0,139305.0,6
2025-06-26T10:01:00+05:30,139305.0,139305.0,139260.0,139260.0,2
2025-06-26T10:02:00+05:30,139235.0,139350.0,139235.0,139350.0,2
2025-06-26T10:03:00+05:30,139380.0,139380.0,139335.0,139335.0,2
2025-06-26T10:05:00+05:30,139280.0,139330.0,139280.0,139280.0,4
2025-06-26T10:06:00+05:30,139270.0,139270.0,139270.0,139270.0,1
2025-06-26T10:07:00+05:30,139270.0,139270.0,139270.0,139270.0,5
2025-06-26T10:08:00+05:30,139270.0,139270.0,139265.0,139265.0,2
2025-06-26T10:09:00+05:30,139280.0,139335.0,139205.0,139205.0,5
2025-06-26T10:10:00+05:30,139225.0,139235.0,139225.0,139235.0,4
2025-06-26T10:11:00+05:30,139235.0,139235.0,139235.0,139235.0,3
2025-06-26T10:12:00+05:30,139205.0,139205.0,139205.0,139205.0,1
2025-06-26T10:13:00+05:30,139230.0,139235.0,139230.0,139230.0,5
2025-06-26T10:15:00+05:30,139275.0,139585.0,139275.0,139540.0,33
2025-06-26T10:16:00+05:30,139540.0,139540.0,139410.0,139535.0,9
2025-06-26T10:17:00+05:30,139420.0,139425.0,139420.0,139425.0,6
2025-06-26T10:18:00+05:30,139420.0,139465.0,139310.0,139465.0,27
2025-06-26T10:19:00+05:30,139365.0,139365.0,139305.0,139305.0,6
2025-06-26T10:20:00+05:30,139425.0,139430.0,139425.0,139430.0,6
2025-06-26T10:21:00+05:30,139430.0,139495.0,139425.0,139475.0,7
2025-06-26T10:22:00+05:30,139405.0,139405.0,139405.0,139405.0,1
2025-06-26T10:23:00+05:30,139470.0,139475.0,139320.0,139320.0,14
2025-06-26T10:24:00+05:30,139320.0,139320.0,139320.0,139320.0,1
2025-06-26T10:25:00+05:30,139360.0,139360.0,139355.0,139360.0,9
2025-06-26T10:26:00+05:30,139325.0,139340.0,139315.0,139340.0,4
2025-06-26T10:27:00+05:30,139340.0,139345.0,139240.0,139250.0,4
2025-06-26T10:28:00+05:30,139250.0,139250.0,139250.0,139250.0,1
2025-06-26T10:29:00+05:30,139310.0,139310.0,139310.0,139310.0,1
2025-06-26T10:30:00+05:30,139265.0,139280.0,139265.0,139280.0,4
2025-06-26T10:31:00+05:30,139280.0,139280.0,139005.0,139100.0,51
2025-06-26T10:32:00+05:30,139100.0,139100.0,139045.0,139045.0,6
2025-06-26T10:33:00+05:30,139015.0,139015.0,139015.0,139015.0,1
2025-06-26T10:34:00+05:30,139100.0,139185.0,139000.0,139070.0,21
2025-06-26T10:35:00+05:30,139070.0,139190.0,139070.0,139190.0,5
2025-06-26T10:37:00+05:30,139080.0,139185.0,139080.0,139185.0,2
2025-06-26T10:38:00+05:30,139180.0,139180.0,139090.0,139090.0,2
2025-06-26T10:39:00+05:30,139095.0,139095.0,139095.0,139095.0,1
2025-06-26T10:40:00+05:30,139095.0,139185.0,139095.0,139155.0,8
2025-06-26T10:41:00+05:30,139190.0,139190.0,139155.0,139155.0,3
2025-06-26T10:42:00+05:30,139155.0,139200.0,139150.0,139200.0,5
2025-06-26T10:43:00+05:30,139200.0,139300.0,139200.0,139200.0,19
2025-06-26T10:44:00+05:30,139295.0,139690.0,139295.0,139650.0,136
2025-06-26T10:45:00+05:30,139690.0,139690.0,139360.0,139430.0,28
2025-06-26T10:46:00+05:30,139350.0,139950.0,139350.0,139895.0,117
2025-06-26T10:47:00+05:30,139840.0,139975.0,139810.0,139945.0,27
2025-06-26T10:48:00+05:30,139835.0,139835.0,139610.0,139670.0,33
2025-06-26T10:49:00+05:30,139750.0,139895.0,139750.0,139795.0,18
2025-06-26T10:50:00+05:30,139800.0,139800.0,139795.0,139795.0,7
2025-06-26T10:51:00+05:30,139650.0,139705.0,139505.0,139585.0,26
2025-06-26T10:52:00+05:30,139695.0,139695.0,139535.0,139685.0,4
2025-06-26T10:53:00+05:30,139540.0,139565.0,139540.0,139560.0,4
2025-06-26T10:54:00+05:30,139660.0,139685.0,139565.0,139565.0,5
2025-06-26T10:55:00+05:30,139685.0,139690.0,139515.0,139515.0,18
2025-06-26T10:56:00+05:30,139535.0,139635.0,139500.0,139635.0,15
2025-06-26T10:57:00+05:30,139630.0,139630.0,139630.0,139630.0,1
2025-06-26T10:58:00+05:30,139520.0,139700.0,139520.0,139700.0,34
2025-06-26T10:59:00+05:30,139700.0,139700.0,139635.0,139635.0,6
2025-06-26T11:00:00+05:30,139700.0,139705.0,139700.0,139705.0,12
2025-06-26T11:01:00+05:30,139775.0,139845.0,139725.0,139755.0,18
2025-06-26T11:03:00+05:30,139750.0,139840.0,139750.0,139840.0,4
2025-06-26T11:04:00+05:30,139840.0,139840.0,139760.0,139760.0,12
2025-06-26T11:05:00+05:30,139760.0,139840.0,139760.0,139760.0,3
2025-06-26T11:06:00+05:30,139760.0,139800.0,139760.0,139800.0,3
2025-06-26T11:07:00+05:30,139800.0,139840.0,139800.0,139840.0,11
2025-06-26T11:08:00+05:30,139840.0,139880.0,139840.0,139880.0,16
2025-06-26T11:09:00+05:30,139880.0,139900.0,139840.0,139840.0,7
2025-06-26T11:10:00+05:30,139815.0,139900.0,139815.0,139815.0,5
2025-06-26T11:11:00+05:30,139895.0,139905.0,139815.0,139905.0,28
2025-06-26T11:12:00+05:30,139905.0,140020.0,139830.0,140020.0,7
2025-06-26T11:13:00+05:30,140005.0,140300.0,139965.0,140200.0,303
2025-06-26T11:14:00+05:30,140210.0,140395.0,140200.0,140395.0,48
2025-06-26T11:15:00+05:30,140355.0,140425.0,140105.0,140425.0,120
2025-06-26T11:16:00+05:30,140425.0,140690.0,140425.0,140510.0,160
2025-06-26T11:17:00+05:30,140475.0,140575.0,140440.0,140440.0,42
2025-06-26T11:18:00+05:30,140440.0,140535.0,140440.0,140455.0,11
2025-06-26T11:19:00+05:30,140455.0,140455.0,140275.0,140325.0,40
2025-06-26T11:20:00+05:30,140340.0,140340.0,140190.0,140235.0,16
2025-06-26T11:21:00+05:30,140305.0,140410.0,140305.0,140325.0,11
2025-06-26T11:22:00+05:30,140325.0,140325.0,140265.0,140265.0,17
2025-06-26T11:23:00+05:30,140265.0,140320.0,140220.0,140320.0,9
2025-06-26T11:24:00+05:30,140320.0,140500.0,140280.0,140500.0,24
2025-06-26T11:25:00+05:30,140530.0,140570.0,140505.0,140570.0,25
2025-06-26T11:26:00+05:30,140500.0,140690.0,140500.0,140690.0,29
2025-06-26T11:27:00+05:30,140690.0,140760.0,140640.0,140755.0,27
2025-06-26T11:28:00+05:30,140755.0,140800.0,140695.0,140800.0,23
2025-06-26T11:29:00+05:30,140725.0,140795.0,140725.0,140785.0,10
2025-06-26T11:30:00+05:30,140790.0,141150.0,140735.0,141085.0,239
2025-06-26T11:31:00+05:30,141155.0,141300.0,141100.0,141200.0,75
2025-06-26T11:32:00+05:30,141295.0,141330.0,141165.0,141330.0,37
2025-06-26T11:33:00+05:30,141225.0,141390.0,141225.0,141245.0,54
2025-06-26T11:34:00+05:30,141305.0,141385.0,141245.0,141385.0,34
2025-06-26T11:35:00+05:30,141315.0,141380.0,141255.0,141255.0,23
2025-06-26T11:36:00+05:30,141280.0,141300.0,141225.0,141300.0,23
2025-06-26T11:37:00+05:30,141320.0,141380.0,141300.0,141350.0,25
2025-06-26T11:38:00+05:30,141350.0,141365.0,141300.0,141365.0,14
2025-06-26T11:39:00+05:30,141350.0,141385.0,141300.0,141380.0,29
2025-06-26T11:40:00+05:30,141310.0,141380.0,141300.0,141380.0,9
2025-06-26T11:41:00+05:30,141310.0,141370.0,141300.0,141300.0,23
2025-06-26T11:42:00+05:30,141290.0,141350.0,141135.0,141310.0,42
2025-06-26T11:43:00+05:30,141300.0,141615.0,141300.0,141490.0,212
2025-06-26T11:44:00+05:30,141490.0,141500.0,141435.0,141500.0,6
2025-06-26T11:45:00+05:30,141505.0,141740.0,141505.0,141635.0,87
2025-06-26T11:46:00+05:30,141585.0,141750.0,141585.0,141585.0,51
2025-06-26T11:47:00+05:30,141695.0,141695.0,141585.0,141680.0,22
2025-06-26T11:48:00+05:30,141600.0,141690.0,141255.0,141330.0,67
2025-06-26T11:49:00+05:30,141255.0,141450.0,141170.0,141450.0,31
2025-06-26T11:50:00+05:30,141420.0,141585.0,141365.0,141580.0,37
2025-06-26T11:51:00+05:30,141580.0,141630.0,141510.0,141630.0,21
2025-06-26T11:52:00+05:30,141535.0,141630.0,141530.0,141530.0,20
2025-06-26T11:53:00+05:30,141620.0,141620.0,141365.0,141395.0,20
2025-06-26T11:54:00+05:30,141360.0,141440.0,141305.0,141435.0,6
2025-06-26T11:55:00+05:30,141440.0,141445.0,141340.0,141445.0,8
2025-06-26T11:56:00+05:30,141445.0,141445.0,141355.0,141435.0,8
2025-06-26T11:57:00+05:30,141445.0,141445.0,141365.0,141365.0,9
2025-06-26T11:58:00+05:30,141445.0,141450.0,141275.0,141330.0,25
2025-06-26T11:59:00+05:30,141275.0,141300.0,141255.0,141300.0,19
2025-06-26T12:00:00+05:30,141300.0,141490.0,141300.0,141480.0,26
2025-06-26T12:01:00+05:30,141480.0,141500.0,141380.0,141500.0,28
2025-06-26T12:02:00+05:30,141485.0,141845.0,141475.0,141845.0,111
2025-06-26T12:03:00+05:30,141830.0,141900.0,141695.0,141820.0,36
2025-06-26T12:04:00+05:30,141840.0,141925.0,141755.0,141900.0,64
2025-06-26T12:05:00+05:30,141855.0,141900.0,141820.0,141820.0,32
2025-06-26T12:06:00+05:30,141825.0,141880.0,141705.0,141795.0,19
2025-06-26T12:07:00+05:30,141800.0,141875.0,141715.0,141715.0,27
2025-06-26T12:08:00+05:30,141800.0,141895.0,141735.0,141840.0,20
2025-06-26T12:09:00+05:30,141900.0,141900.0,141715.0,141730.0,17
2025-06-26T12:10:00+05:30,141800.0,141895.0,141775.0,141850.0,18
2025-06-26T12:11:00+05:30,141765.0,141885.0,141710.0,141775.0,20
2025-06-26T12:12:00+05:30,141760.0,141830.0,141705.0,141830.0,38
2025-06-26T12:13:00+05:30,141745.0,141835.0,141725.0,141825.0,15
2025-06-26T12:14:00+05:30,141820.0,141820.0,141725.0,141725.0,10
2025-06-26T12:15:00+05:30,141795.0,141835.0,141725.0,141835.0,11
2025-06-26T12:16:00+05:30,141835.0,141835.0,141725.0,141790.0,5
2025-06-26T12:17:00+05:30,141790.0,141830.0,141725.0,141750.0,10
2025-06-26T12:18:00+05:30,141800.0,141830.0,141750.0,141750.0,11
2025-06-26T12:19:00+05:30,141755.0,141825.0,141750.0,141750.0,10
2025-06-26T12:20:00+05:30,141730.0,141780.0,141720.0,141730.0,16
2025-06-26T12:21:00+05:30,141800.0,141820.0,141715.0,141820.0,16
2025-06-26T12:22:00+05:30,141720.0,141820.0,141720.0,141820.0,5
2025-06-26T12:23:00+05:30,141820.0,141850.0,141745.0,141850.0,46
2025-06-26T12:24:00+05:30,141845.0,141890.0,141835.0,141835.0,9
2025-06-26T12:25:00+05:30,141835.0,141835.0,141720.0,141750.0,19
2025-06-26T12:26:00+05:30,141835.0,141835.0,141745.0,141825.0,6
2025-06-26T12:27:00+05:30,141835.0,141870.0,141725.0,141840.0,22
2025-06-26T12:28:00+05:30,141870.0,141870.0,141775.0,141775.0,6
2025-06-26T12:29:00+05:30,141835.0,141880.0,141800.0,141850.0,18
2025-06-26T12:30:00+05:30,141880.0,141880.0,141800.0,141850.0,12
2025-06-26T12:31:00+05:30,141800.0,141850.0,141780.0,141780.0,13
2025-06-26T12:32:00+05:30,141780.0,141870.0,141780.0,141870.0,13
2025-06-26T12:33:00+05:30,141870.0,141875.0,141785.0,141875.0,6
2025-06-26T12:34:00+05:30,141875.0,141875.0,141785.0,141875.0,6
2025-06-26T12:35:00+05:30,141795.0,141875.0,141790.0,141790.0,8
2025-06-26T12:36:00+05:30,141870.0,141875.0,141785.0,141845.0,17
2025-06-26T12:37:00+05:30,141850.0,141865.0,141770.0,141780.0,13
2025-06-26T12:38:00+05:30,141840.0,141855.0,141770.0,141840.0,9
2025-06-26T12:39:00+05:30,141840.0,141845.0,141745.0,141745.0,13
2025-06-26T12:40:00+05:30,141815.0,141835.0,141725.0,141835.0,10
2025-06-26T12:41:00+05:30,141800.0,141835.0,141755.0,141755.0,16
2025-06-26T12:42:00+05:30,141845.0,141845.0,141745.0,141845.0,8
2025-06-26T12:43:00+05:30,141765.0,141835.0,141720.0,141720.0,9
2025-06-26T12:44:00+05:30,141750.0,141770.0,141680.0,141705.0,16
2025-06-26T12:45:00+05:30,141685.0,141765.0,141685.0,141765.0,6
2025-06-26T12:46:00+05:30,141785.0,141795.0,141690.0,141690.0,8
2025-06-26T12:47:00+05:30,141760.0,141795.0,141685.0,141795.0,11
2025-06-26T12:48:00+05:30,141685.0,141795.0,141685.0,141785.0,6
2025-06-26T12:49:00+05:30,141785.0,141785.0,141685.0,141765.0,15
2025-06-26T12:50:00+05:30,141680.0,141760.0,141680.0,141760.0,6
2025-06-26T12:51:00+05:30,141760.0,141780.0,141685.0,141740.0,9
2025-06-26T12:52:00+05:30,141690.0,141740.0,141610.0,141610.0,21
2025-06-26T12:53:00+05:30,141710.0,141710.0,141605.0,141630.0,11
2025-06-26T12:54:00+05:30,141630.0,141710.0,141630.0,141710.0,11
2025-06-26T12:55:00+05:30,141630.0,141685.0,141450.0,141680.0,72
2025-06-26T12:56:00+05:30,141685.0,141685.0,141565.0,141580.0,18
2025-06-26T12:57:00+05:30,141580.0,141640.0,141520.0,141635.0,16
2025-06-26T12:58:00+05:30,141635.0,141645.0,141550.0,141645.0,9
2025-06-26T12:59:00+05:30,141565.0,141645.0,141565.0,141565.0,11
2025-06-26T13:00:00+05:30,141565.0,141665.0,141550.0,141665.0,21
2025-06-26T13:01:00+05:30,141670.0,141675.0,141590.0,141600.0,6
2025-06-26T13:02:00+05:30,141600.0,141650.0,141545.0,141545.0,8
2025-06-26T13:03:00+05:30,141545.0,141585.0,141495.0,141495.0,26
2025-06-26T13:04:00+05:30,141500.0,141650.0,141500.0,141505.0,14
2025-06-26T13:05:00+05:30,141530.0,141640.0,141500.0,141640.0,17
2025-06-26T13:06:00+05:30,141645.0,141645.0,141525.0,141535.0,3
2025-06-26T13:07:00+05:30,141600.0,141600.0,141600.0,141600.0,7
2025-06-26T13:08:00+05:30,141625.0,141650.0,141625.0,141650.0,5
2025-06-26T13:09:00+05:30,141570.0,141600.0,141570.0,141570.0,4
2025-06-26T13:10:00+05:30,141555.0,141690.0,141555.0,141690.0,10
2025-06-26T13:11:00+05:30,141580.0,141685.0,141575.0,141575.0,7
2025-06-26T13:12:00+05:30,141680.0,141680.0,141575.0,141675.0,15
2025-06-26T13:13:00+05:30,141595.0,141655.0,141580.0,141580.0,19
2025-06-26T13:14:00+05:30,141650.0,141650.0,141575.0,141645.0,6
2025-06-26T13:15:00+05:30,141580.0,141685.0,141580.0,141685.0,30
2025-06-26T13:16:00+05:30,141685.0,141850.0,141685.0,141850.0,82
2025-06-26T13:17:00+05:30,141845.0,141925.0,141845.0,141925.0,65
2025-06-26T13:18:00+05:30,141950.0,142300.0,141895.0,142300.0,429
2025-06-26T13:19:00+05:30,142170.0,142280.0,142090.0,142225.0,40
2025-06-26T13:20:00+05:30,142255.0,142255.0,142100.0,142130.0,27
2025-06-26T13:21:00+05:30,142230.0,142265.0,142135.0,142220.0,37
2025-06-26T13:22:00+05:30,142170.0,142210.0,142140.0,142170.0,12
2025-06-26T13:23:00+05:30,142170.0,142250.0,142165.0,142170.0,24
2025-06-26T13:24:00+05:30,142170.0,142265.0,142165.0,142220.0,38
2025-06-26T13:25:00+05:30,142185.0,142245.0,142180.0,142230.0,9
2025-06-26T13:26:00+05:30,142230.0,142250.0,142230.0,142245.0,14
2025-06-26T13:27:00+05:30,142245.0,142300.0,142200.0,142300.0,30
2025-06-26T13:28:00+05:30,142300.0,142300.0,142215.0,142215.0,17
2025-06-26T13:29:00+05:30,142270.0,142270.0,142095.0,142095.0,24
2025-06-26T13:30:00+05:30,142160.0,142195.0,142085.0,142125.0,16
2025-06-26T13:31:00+05:30,142190.0,142200.0,142140.0,142195.0,24
2025-06-26T13:32:00+05:30,142250.0,142250.0,142210.0,142250.0,7
2025-06-26T13:33:00+05:30,142250.0,142270.0,142210.0,142265.0,15
2025-06-26T13:34:00+05:30,142210.0,142270.0,142210.0,142210.0,16
2025-06-26T13:35:00+05:30,142265.0,142295.0,142210.0,142295.0,16
2025-06-26T13:36:00+05:30,142270.0,142290.0,142210.0,142210.0,17
2025-06-26T13:37:00+05:30,142270.0,142290.0,142210.0,142270.0,9
2025-06-26T13:38:00+05:30,142210.0,142290.0,142210.0,142290.0,43
2025-06-26T13:39:00+05:30,142215.0,142290.0,142215.0,142220.0,9
2025-06-26T13:40:00+05:30,142220.0,142270.0,142220.0,142220.0,8
2025-06-26T13:41:00+05:30,142220.0,142220.0,142185.0,142185.0,18
2025-06-26T13:42:00+05:30,142150.0,142150.0,141795.0,141795.0,158
2025-06-26T13:43:00+05:30,141780.0,141940.0,141550.0,141580.0,121
2025-06-26T13:44:00+05:30,141535.0,141580.0,141430.0,141450.0,42
2025-06-26T13:45:00+05:30,141435.0,141580.0,141430.0,141490.0,35
2025-06-26T13:46:00+05:30,141510.0,141510.0,141370.0,141450.0,82
2025-06-26T13:47:00+05:30,141450.0,141450.0,141350.0,141380.0,51
2025-06-26T13:48:00+05:30,141400.0,141445.0,141120.0,141245.0,63
2025-06-26T13:49:00+05:30,141130.0,141135.0,141010.0,141080.0,44
2025-06-26T13:50:00+05:30,141080.0,141100.0,141050.0,141080.0,23
2025-06-26T13:51:00+05:30,141080.0,141100.0,141030.0,141040.0,29
2025-06-26T13:52:00+05:30,141090.0,141100.0,141030.0,141100.0,13
2025-06-26T13:53:00+05:30,141100.0,141105.0,141010.0,141080.0,85
2025-06-26T13:54:00+05:30,141095.0,141100.0,141000.0,141100.0,31
2025-06-26T13:55:00+05:30,141100.0,141100.0,141000.0,141100.0,26
2025-06-26T13:56:00+05:30,141100.0,141100.0,141090.0,141100.0,5
2025-06-26T13:57:00+05:30,141100.0,141100.0,141035.0,141100.0,7
2025-06-26T13:58:00+05:30,141030.0,141100.0,141015.0,141100.0,17
2025-06-26T13:59:00+05:30,141100.0,141100.0,141050.0,141100.0,10
2025-06-26T14:00:00+05:30,141050.0,141100.0,141050.0,141100.0,19
2025-06-26T14:01:00+05:30,141100.0,141100.0,141050.0,141100.0,24
2025-06-26T14:02:00+05:30,141030.0,141100.0,141010.0,141050.0,26
2025-06-26T14:03:00+05:30,141090.0,141090.0,141050.0,141090.0,8
2025-06-26T14:04:00+05:30,141090.0,141525.0,141000.0,141450.0,224
2025-06-26T14:05:00+05:30,141580.0,141625.0,141255.0,141365.0,55
2025-06-26T14:06:00+05:30,141260.0,141270.0,141210.0,141250.0,38
2025-06-26T14:07:00+05:30,141250.0,141250.0,141250.0,141250.0,7
2025-06-26T14:08:00+05:30,141250.0,141250.0,141150.0,141150.0,18
2025-06-26T14:09:00+05:30,141095.0,141460.0,141000.0,141460.0,456
2025-06-26T14:10:00+05:30,141495.0,141495.0,141450.0,141450.0,4
2025-06-26T14:11:00+05:30,141500.0,141500.0,141450.0,141500.0,10
2025-06-26T14:12:00+05:30,141500.0,141580.0,141460.0,141580.0,9
2025-06-26T14:13:00+05:30,141600.0,141600.0,141435.0,141505.0,12
2025-06-26T14:14:00+05:30,141560.0,141560.0,141415.0,141515.0,10
2025-06-26T14:15:00+05:30,141525.0,141530.0,141405.0,141405.0,11
2025-06-26T14:16:00+05:30,141435.0,141525.0,141415.0,141495.0,15
2025-06-26T14:17:00+05:30,141500.0,141515.0,141500.0,141515.0,3
2025-06-26T14:18:00+05:30,141520.0,141595.0,141430.0,141595.0,56
2025-06-26T14:19:00+05:30,141595.0,141780.0,141595.0,141750.0,39
2025-06-26T14:20:00+05:30,141750.0,141750.0,141680.0,141700.0,14
2025-06-26T14:21:00+05:30,141700.0,141750.0,141700.0,141750.0,4
2025-06-26T14:22:00+05:30,141745.0,141750.0,141710.0,141710.0,9
2025-06-26T14:23:00+05:30,141745.0,141780.0,141710.0,141710.0,7
2025-06-26T14:24:00+05:30,141780.0,141790.0,141750.0,141750.0,14
2025-06-26T14:25:00+05:30,141790.0,141790.0,141715.0,141790.0,6
2025-06-26T14:26:00+05:30,141790.0,141950.0,141755.0,141765.0,56
2025-06-26T14:27:00+05:30,141860.0,141895.0,141810.0,141890.0,7
2025-06-26T14:28:00+05:30,141890.0,141895.0,141790.0,141895.0,9
2025-06-26T14:29:00+05:30,141895.0,141895.0,141800.0,141850.0,8
2025-06-26T14:30:00+05:30,141805.0,141890.0,141805.0,141890.0,8
2025-06-26T14:31:00+05:30,141890.0,141895.0,141835.0,141895.0,7
2025-06-26T14:32:00+05:30,141900.0,141960.0,141840.0,141960.0,22
2025-06-26T14:33:00+05:30,141970.0,142000.0,141895.0,141970.0,16
2025-06-26T14:34:00+05:30,141970.0,141990.0,141955.0,141990.0,9
2025-06-26T14:35:00+05:30,141995.0,141995.0,141955.0,141960.0,18
2025-06-26T14:36:00+05:30,141960.0,141980.0,141960.0,141980.0,7
2025-06-26T14:37:00+05:30,141995.0,142000.0,141980.0,142000.0,9
2025-06-26T14:38:00+05:30,141960.0,142000.0,141955.0,141955.0,18
2025-06-26T14:39:00+05:30,141990.0,141995.0,141910.0,141960.0,17
2025-06-26T14:40:00+05:30,141900.0,141995.0,141895.0,141920.0,12
2025-06-26T14:41:00+05:30,141920.0,141995.0,141915.0,141915.0,12
2025-06-26T14:42:00+05:30,141915.0,141990.0,141915.0,141990.0,7
2025-06-26T14:43:00+05:30,141990.0,141990.0,141915.0,141915.0,8
2025-06-26T14:44:00+05:30,141915.0,141925.0,141830.0,141830.0,16
2025-06-26T14:45:00+05:30,141840.0,141890.0,141840.0,141840.0,4
2025-06-26T14:46:00+05:30,141840.0,141935.0,141810.0,141935.0,19
2025-06-26T14:47:00+05:30,141935.0,141950.0,141855.0,141855.0,5
2025-06-26T14:48:00+05:30,141925.0,141925.0,141855.0,141900.0,7
2025-06-26T14:49:00+05:30,141860.0,141900.0,141860.0,141900.0,3
2025-06-26T14:50:00+05:30,141840.0,141840.0,141840.0,141840.0,4
2025-06-26T14:52:00+05:30,141840.0,141895.0,141835.0,141835.0,13
2025-06-26T14:53:00+05:30,141835.0,141835.0,141835.0,141835.0,1
2025-06-26T14:54:00+05:30,141835.0,141895.0,141835.0,141895.0,11
2025-06-26T14:55:00+05:30,141895.0,141900.0,141835.0,141900.0,7
2025-06-26T14:56:00+05:30,141900.0,141925.0,141880.0,141880.0,8
2025-06-26T14:57:00+05:30,141900.0,141930.0,141900.0,141930.0,2
2025-06-26T14:58:00+05:30,141880.0,141930.0,141880.0,141930.0,4
2025-06-26T14:59:00+05:30,141930.0,141930.0,141880.0,141880.0,9
2025-06-26T15:00:00+05:30,141935.0,142690.0,141935.0,142690.0,525
2025-06-26T15:01:00+05:30,142600.0,143000.0,142600.0,142770.0,205
2025-06-26T15:02:00+05:30,142800.0,142800.0,142410.0,142450.0,78
2025-06-26T15:03:00+05:30,142500.0,142550.0,142410.0,142475.0,47
2025-06-26T15:04:00+05:30,142410.0,142500.0,142410.0,142500.0,24
2025-06-26T15:05:00+05:30,142500.0,142500.0,142450.0,142500.0,36
2025-06-26T15:06:00+05:30,142465.0,142490.0,142405.0,142435.0,47
2025-06-26T15:07:00+05:30,142435.0,142445.0,142350.0,142410.0,22
2025-06-26T15:08:00+05:30,142410.0,142450.0,142360.0,142450.0,19
2025-06-26T15:09:00+05:30,142450.0,142475.0,142250.0,142310.0,77
2025-06-26T15:10:00+05:30,142380.0,142380.0,142330.0,142350.0,28
2025-06-26T15:11:00+05:30,142310.0,142425.0,142310.0,142375.0,44
2025-06-26T15:12:00+05:30,142400.0,142490.0,142370.0,142470.0,21
2025-06-26T15:13:00+05:30,142385.0,142710.0,142385.0,142690.0,98
2025-06-26T15:14:00+05:30,142600.0,142715.0,142450.0,142465.0,83
2025-06-26T15:15:00+05:30,142475.0,142645.0,142415.0,142560.0,85
2025-06-26T15:16:00+05:30,142450.0,142645.0,142450.0,142560.0,47
2025-06-26T15:17:00+05:30,142535.0,142635.0,142525.0,142560.0,31
2025-06-26T15:18:00+05:30,142565.0,142800.0,142565.0,142615.0,117
2025-06-26T15:19:00+05:30,142690.0,142800.0,142545.0,142740.0,102
2025-06-26T15:20:00+05:30,142780.0,142900.0,142570.0,142635.0,136
2025-06-26T15:21:00+05:30,142630.0,142765.0,142410.0,142580.0,67
2025-06-26T15:22:00+05:30,142550.0,142585.0,142440.0,142470.0,20
2025-06-26T15:23:00+05:30,142480.0,142485.0,142400.0,142400.0,15
2025-06-26T15:24:00+05:30,142450.0,142700.0,142400.0,142460.0,62
2025-06-26T15:25:00+05:30,142495.0,142615.0,142465.0,142540.0,40
2025-06-26T15:26:00+05:30,142505.0,142600.0,142405.0,142405.0,58
2025-06-26T15:27:00+05:30,142400.0,142475.0,142255.0,142270.0,40
2025-06-26T15:28:00+05:30,142345.0,142385.0,142155.0,142250.0,56
2025-06-26T15:29:00+05:30,142300.0,142340.0,142065.0,142065.0,87
2025-06-27T09:15:00+05:30,142635.0,142895.0,142190.0,142445.0,112
2025-06-27T09:16:00+05:30,142280.0,142425.0,142065.0,142195.0,69
2025-06-27T09:17:00+05:30,142200.0,142335.0,141800.0,141800.0,69
2025-06-27T09:18:00+05:30,141800.0,142100.0,141720.0,141900.0,47
2025-06-27T09:19:00+05:30,142040.0,142040.0,141855.0,141975.0,31
2025-06-27T09:20:00+05:30,141910.0,141990.0,141855.0,141990.0,24
2025-06-27T09:21:00+05:30,141965.0,142000.0,141895.0,142000.0,17
2025-06-27T09:22:00+05:30,142000.0,142095.0,141945.0,141960.0,8
2025-06-27T09:23:00+05:30,142010.0,142080.0,141870.0,141945.0,38
2025-06-27T09:24:00+05:30,141865.0,141985.0,141790.0,141835.0,49
2025-06-27T09:25:00+05:30,141955.0,141995.0,141945.0,141995.0,14
2025-06-27T09:26:00+05:30,141985.0,142050.0,141865.0,142040.0,22
2025-06-27T09:27:00+05:30,142010.0,142500.0,141850.0,141940.0,87
2025-06-27T09:28:00+05:30,142070.0,142070.0,141900.0,142005.0,114
2025-06-27T09:29:00+05:30,142005.0,142005.0,141905.0,142005.0,7
2025-06-27T09:30:00+05:30,141905.0,141905.0,141725.0,141725.0,35
2025-06-27T09:31:00+05:30,141750.0,141750.0,141700.0,141700.0,19
2025-06-27T09:32:00+05:30,141705.0,141750.0,141705.0,141750.0,8
2025-06-27T09:33:00+05:30,141795.0,141900.0,141795.0,141850.0,10
2025-06-27T09:34:00+05:30,141885.0,141945.0,141885.0,141945.0,9
2025-06-27T09:35:00+05:30,141945.0,141945.0,141850.0,141850.0,5
2025-06-27T09:36:00+05:30,141925.0,141940.0,141835.0,141925.0,25
2025-06-27T09:37:00+05:30,141925.0,142065.0,141890.0,141890.0,19
2025-06-27T09:38:00+05:30,141895.0,141895.0,141890.0,141890.0,3
2025-06-27T09:39:00+05:30,141915.0,141915.0,141895.0,141900.0,5
2025-06-27T09:40:00+05:30,141900.0,141985.0,141850.0,141850.0,11
2025-06-27T09:41:00+05:30,141805.0,142350.0,141800.0,142350.0,12
2025-06-27T09:42:00+05:30,142365.0,142365.0,142080.0,142185.0,81
2025-06-27T09:43:00+05:30,142085.0,142195.0,142085.0,142085.0,4
2025-06-27T09:44:00+05:30,142090.0,142090.0,142025.0,142025.0,7
2025-06-27T09:45:00+05:30,142090.0,142090.0,142090.0,142090.0,1
2025-06-27T09:46:00+05:30,142105.0,142105.0,142005.0,142005.0,4
2025-06-27T09:47:00+05:30,142020.0,142125.0,142000.0,142125.0,76
2025-06-27T09:48:00+05:30,142125.0,142320.0,142035.0,142175.0,35
2025-06-27T09:49:00+05:30,142175.0,142495.0,142015.0,142160.0,73
2025-06-27T09:50:00+05:30,142165.0,142165.0,142155.0,142155.0,3
2025-06-27T09:51:00+05:30,142150.0,142260.0,142150.0,142255.0,7
2025-06-27T09:52:00+05:30,142255.0,142255.0,142255.0,142255.0,1
2025-06-27T09:53:00+05:30,142160.0,142305.0,142160.0,142300.0,11
2025-06-27T09:54:00+05:30,142295.0,142300.0,142295.0,142300.0,2
2025-06-27T09:55:00+05:30,142295.0,142295.0,142205.0,142205.0,3
2025-06-27T09:56:00+05:30,142275.0,142300.0,142210.0,142300.0,22
2025-06-27T09:57:00+05:30,142300.0,142340.0,142215.0,142325.0,24
2025-06-27T09:58:00+05:30,142215.0,142215.0,142205.0,142205.0,7
2025-06-27T10:00:00+05:30,142210.0,142210.0,142205.0,142205.0,3
2025-06-27T10:01:00+05:30,142205.0,142290.0,142205.0,142290.0,6
2025-06-27T10:02:00+05:30,142285.0,142290.0,142285.0,142290.0,5
2025-06-27T10:03:00+05:30,142205.0,142340.0,142200.0,142340.0,34
2025-06-27T10:04:00+05:30,142340.0,142340.0,142340.0,142340.0,1
2025-06-27T10:05:00+05:30,142290.0,142350.0,142285.0,142295.0,18
2025-06-27T10:06:00+05:30,142340.0,142500.0,142340.0,142465.0,43
2025-06-27T10:07:00+05:30,142465.0,142745.0,142380.0,142475.0,41
2025-06-27T10:08:00+05:30,142475.0,142540.0,142405.0,142490.0,12
2025-06-27T10:09:00+05:30,142530.0,142550.0,142525.0,142550.0,8
2025-06-27T10:10:00+05:30,142570.0,142685.0,142550.0,142560.0,21
2025-06-27T10:11:00+05:30,142685.0,142745.0,142585.0,142700.0,18
2025-06-27T10:12:00+05:30,142680.0,142705.0,142560.0,142580.0,22
2025-06-27T10:13:00+05:30,142545.0,142580.0,142540.0,142540.0,8
2025-06-27T10:14:00+05:30,142605.0,142605.0,142500.0,142500.0,4
2025-06-27T10:15:00+05:30,142500.0,142500.0,142355.0,142355.0,16
2025-06-27T10:16:00+05:30,142355.0,142470.0,142355.0,142355.0,9
2025-06-27T10:17:00+05:30,142355.0,142355.0,142350.0,142350.0,2
2025-06-27T10:18:00+05:30,142325.0,142325.0,142200.0,142205.0,26
2025-06-27T10:19:00+05:30,142205.0,142335.0,142205.0,142335.0,4
2025-06-27T10:20:00+05:30,142210.0,142310.0,142155.0,142155.0,12
2025-06-27T10:21:00+05:30,142160.0,142265.0,142155.0,142265.0,6
2025-06-27T10:22:00+05:30,142265.0,142265.0,142200.0,142200.0,3
2025-06-27T10:23:00+05:30,142200.0,142200.0,142180.0,142185.0,9
2025-06-27T10:24:00+05:30,142265.0,142265.0,142265.0,142265.0,1
2025-06-27T10:25:00+05:30,142195.0,142195.0,142195.0,142195.0,1
2025-06-27T10:26:00+05:30,142340.0,142435.0,142340.0,142435.0,10
2025-06-27T10:27:00+05:30,142335.0,142335.0,142330.0,142330.0,4
2025-06-27T10:28:00+05:30,142330.0,142330.0,142315.0,142315.0,3
2025-06-27T10:29:00+05:30,142315.0,142315.0,142315.0,142315.0,1
2025-06-27T10:30:00+05:30,142400.0,142405.0,142315.0,142315.0,5
2025-06-27T10:31:00+05:30,142400.0,142400.0,142320.0,142400.0,5
2025-06-27T10:32:00+05:30,142315.0,142315.0,142275.0,142275.0,8
2025-06-27T10:33:00+05:30,142275.0,142275.0,142265.0,142265.0,4
2025-06-27T10:35:00+05:30,142270.0,142270.0,142260.0,142260.0,3
2025-06-27T10:36:00+05:30,142260.0,142335.0,142260.0,142260.0,71
2025-06-27T10:37:00+05:30,142260.0,142460.0,142260.0,142460.0,10
2025-06-27T10:38:00+05:30,142460.0,142465.0,142350.0,142350.0,6
2025-06-27T10:39:00+05:30,142350.0,142350.0,142350.0,142350.0,1
2025-06-27T10:41:00+05:30,142345.0,142345.0,142330.0,142330.0,2
2025-06-27T10:42:00+05:30,142335.0,142335.0,142320.0,142320.0,3
2025-06-27T10:43:00+05:30,142445.0,142445.0,142445.0,142445.0,2
2025-06-27T10:44:00+05:30,142445.0,142445.0,142320.0,142320.0,4
2025-06-27T10:45:00+05:30,142355.0,142355.0,142355.0,142355.0,1
2025-06-27T10:47:00+05:30,142440.0,142440.0,142345.0,142345.0,3
2025-06-27T10:48:00+05:30,142345.0,142345.0,142345.0,142345.0,2
2025-06-27T10:49:00+05:30,142340.0,142340.0,142320.0,142320.0,2
2025-06-27T10:50:00+05:30,142315.0,142540.0,142265.0,142540.0,42
2025-06-27T10:51:00+05:30,142570.0,142595.0,142460.0,142465.0,15
2025-06-27T10:52:00+05:30,142595.0,142595.0,142500.0,142500.0,3
2025-06-27T10:53:00+05:30,142595.0,142595.0,142505.0,142510.0,5
2025-06-27T10:54:00+05:30,142590.0,142590.0,142510.0,142510.0,2
2025-06-27T10:55:00+05:30,142510.0,142510.0,142510.0,142510.0,4
2025-06-27T10:56:00+05:30,142510.0,142585.0,142500.0,142500.0,12
2025-06-27T10:57:00+05:30,142500.0,142500.0,142500.0,142500.0,7
2025-06-27T10:59:00+05:30,142595.0,142595.0,142500.0,142520.0,10
2025-06-27T11:00:00+05:30,142520.0,142520.0,142495.0,142495.0,2
2025-06-27T11:01:00+05:30,142500.0,142595.0,142500.0,142595.0,4
2025-06-27T11:02:00+05:30,142595.0,142595.0,142500.0,142500.0,7
2025-06-27T11:03:00+05:30,142590.0,142590.0,142590.0,142590.0,4
2025-06-27T11:04:00+05:30,142590.0,142590.0,142500.0,142500.0,10
2025-06-27T11:05:00+05:30,142490.0,142565.0,142460.0,142565.0,7
2025-06-27T11:06:00+05:30,142575.0,142575.0,142545.0,142550.0,5
2025-06-27T11:07:00+05:30,142550.0,142550.0,142455.0,142455.0,2
2025-06-27T11:08:00+05:30,142545.0,142625.0,142530.0,142540.0,50
2025-06-27T11:09:00+05:30,142535.0,142600.0,142535.0,142600.0,5
2025-06-27T11:10:00+05:30,142600.0,142600.0,142550.0,142600.0,4
2025-06-27T11:11:00+05:30,142635.0,142725.0,142600.0,142600.0,25
2025-06-27T11:12:00+05:30,142700.0,142700.0,142525.0,142670.0,21
2025-06-27T11:13:00+05:30,142535.0,142670.0,142535.0,142670.0,8
2025-06-27T11:14:00+05:30,142665.0,142665.0,142665.0,142665.0,3
2025-06-27T11:15:00+05:30,142670.0,142670.0,142665.0,142665.0,3
2025-06-27T11:16:00+05:30,142670.0,142735.0,142595.0,142595.0,13
2025-06-27T11:17:00+05:30,142595.0,142715.0,142595.0,142715.0,7
2025-06-27T11:18:00+05:30,142715.0,142715.0,142615.0,142615.0,9
2025-06-27T11:19:00+05:30,142705.0,142705.0,142615.0,142700.0,4
2025-06-27T11:20:00+05:30,142710.0,142800.0,142630.0,142795.0,85
2025-06-27T11:21:00+05:30,142810.0,142815.0,142730.0,142815.0,6
2025-06-27T11:22:00+05:30,142815.0,142815.0,142815.0,142815.0,7
2025-06-27T11:23:00+05:30,142815.0,142815.0,142815.0,142815.0,8
2025-06-27T11:24:00+05:30,142775.0,143055.0,142775.0,142970.0,245
2025-06-27T11:25:00+05:30,142970.0,143150.0,142965.0,143010.0,27
2025-06-27T11:26:00+05:30,143005.0,143135.0,143005.0,143040.0,19
2025-06-27T11:27:00+05:30,143095.0,143100.0,143040.0,143100.0,19
2025-06-27T11:28:00+05:30,143130.0,143140.0,143100.0,143140.0,8
2025-06-27T11:29:00+05:30,143140.0,143250.0,143125.0,143250.0,39
2025-06-27T11:30:00+05:30,143190.0,143250.0,143190.0,143205.0,20
2025-06-27T11:31:00+05:30,143210.0,143225.0,143150.0,143220.0,17
2025-06-27T11:32:00+05:30,143185.0,143200.0,143040.0,143100.0,25
2025-06-27T11:33:00+05:30,143050.0,143135.0,143040.0,143040.0,9
2025-06-27T11:34:00+05:30,143120.0,143130.0,143040.0,143115.0,12
2025-06-27T11:35:00+05:30,143115.0,143115.0,143050.0,143115.0,6
2025-06-27T11:36:00+05:30,143055.0,143440.0,143050.0,143370.0,76
2025-06-27T11:37:00+05:30,143400.0,143445.0,143280.0,143370.0,16
2025-06-27T11:38:00+05:30,143290.0,143315.0,143200.0,143205.0,105
2025-06-27T11:39:00+05:30,143215.0,143315.0,143215.0,143315.0,7
2025-06-27T11:40:00+05:30,143220.0,143255.0,143200.0,143200.0,14
2025-06-27T11:41:00+05:30,143200.0,143310.0,143200.0,143200.0,50
2025-06-27T11:42:00+05:30,143205.0,143205.0,143205.0,143205.0,4
2025-06-27T11:43:00+05:30,143205.0,143205.0,143200.0,143200.0,17
2025-06-27T11:44:00+05:30,143205.0,143205.0,143205.0,143205.0,1
2025-06-27T11:45:00+05:30,143205.0,143275.0,143205.0,143275.0,8
2025-06-27T11:46:00+05:30,143275.0,143285.0,143210.0,143210.0,8
2025-06-27T11:47:00+05:30,143210.0,143270.0,143210.0,143270.0,5
2025-06-27T11:48:00+05:30,143210.0,143270.0,143200.0,143200.0,11
2025-06-27T11:49:00+05:30,143270.0,143270.0,143205.0,143265.0,5
2025-06-27T11:50:00+05:30,143200.0,143200.0,143200.0,143200.0,1
2025-06-27T11:51:00+05:30,143250.0,143250.0,143205.0,143205.0,5
2025-06-27T11:52:00+05:30,143200.0,143200.0,143200.0,143200.0,20
2025-06-27T11:53:00+05:30,143200.0,143200.0,143100.0,143195.0,282
2025-06-27T11:54:00+05:30,143110.0,143185.0,143110.0,143185.0,8
2025-06-27T11:55:00+05:30,143185.0,143230.0,143115.0,143125.0,14
2025-06-27T11:56:00+05:30,143130.0,143195.0,143130.0,143140.0,4
2025-06-27T11:57:00+05:30,143230.0,143235.0,143200.0,143235.0,3
2025-06-27T11:58:00+05:30,143200.0,143310.0,143200.0,143310.0,10
2025-06-27T11:59:00+05:30,143305.0,143305.0,143305.0,143305.0,1
2025-06-27T12:00:00+05:30,143265.0,143270.0,143265.0,143270.0,3
2025-06-27T12:01:00+05:30,143265.0,143280.0,143205.0,143280.0,11
2025-06-27T12:02:00+05:30,143210.0,143400.0,143205.0,143315.0,47
2025-06-27T12:03:00+05:30,143300.0,143540.0,143300.0,143540.0,123
2025-06-27T12:04:00+05:30,143525.0,143620.0,143525.0,143620.0,20
2025-06-27T12:05:00+05:30,143620.0,143650.0,143580.0,143650.0,13
2025-06-27T12:06:00+05:30,143655.0,143675.0,143400.0,143500.0,33
2025-06-27T12:07:00+05:30,143500.0,143520.0,143500.0,143500.0,4
2025-06-27T12:08:00+05:30,143545.0,143545.0,143455.0,143545.0,8
2025-06-27T12:09:00+05:30,143490.0,143620.0,143490.0,143620.0,7
2025-06-27T12:10:00+05:30,143615.0,143645.0,143505.0,143625.0,11
2025-06-27T12:11:00+05:30,143510.0,143600.0,143510.0,143555.0,6
2025-06-27T12:12:00+05:30,143510.0,143595.0,143505.0,143595.0,8
2025-06-27T12:13:00+05:30,143580.0,143585.0,143500.0,143500.0,14
2025-06-27T12:14:00+05:30,143575.0,143590.0,143575.0,143585.0,7
2025-06-27T12:15:00+05:30,143585.0,143625.0,143585.0,143625.0,6
2025-06-27T12:16:00+05:30,143600.0,143700.0,143600.0,143660.0,33
2025-06-27T12:17:00+05:30,143700.0,143720.0,143660.0,143720.0,8
2025-06-27T12:18:00+05:30,143745.0,143815.0,143650.0,143795.0,19
2025-06-27T12:19:00+05:30,143795.0,143845.0,143700.0,143755.0,14
2025-06-27T12:20:00+05:30,143765.0,143765.0,143725.0,143765.0,5
2025-06-27T12:21:00+05:30,143770.0,143810.0,143710.0,143810.0,8
2025-06-27T12:22:00+05:30,143760.0,143840.0,143760.0,143810.0,14
2025-06-27T12:23:00+05:30,143845.0,143870.0,143815.0,143840.0,20
2025-06-27T12:24:00+05:30,143840.0,143870.0,143820.0,143870.0,13
2025-06-27T12:25:00+05:30,143815.0,143865.0,143815.0,143865.0,9
2025-06-27T12:26:00+05:30,143850.0,143865.0,143810.0,143810.0,10
2025-06-27T12:27:00+05:30,143865.0,143900.0,143810.0,143875.0,118
2025-06-27T12:28:00+05:30,143875.0,143950.0,143875.0,143920.0,11
2025-06-27T12:29:00+05:30,143910.0,143995.0,143890.0,143985.0,27
2025-06-27T12:30:00+05:30,143990.0,144100.0,143990.0,144005.0,160
2025-06-27T12:31:00+05:30,144100.0,144100.0,143810.0,143940.0,21
2025-06-27T12:32:00+05:30,143965.0,143965.0,143820.0,143820.0,7
2025-06-27T12:33:00+05:30,143935.0,143935.0,143710.0,143710.0,15
2025-06-27T12:34:00+05:30,143880.0,143995.0,143740.0,143995.0,19
2025-06-27T12:35:00+05:30,143950.0,143965.0,143860.0,143910.0,8
2025-06-27T12:36:00+05:30,143995.0,143995.0,143780.0,143895.0,19
2025-06-27T12:37:00+05:30,143820.0,143855.0,143705.0,143800.0,9
2025-06-27T12:38:00+05:30,143750.0,143800.0,143730.0,143800.0,6
2025-06-27T12:39:00+05:30,143800.0,143945.0,143800.0,143840.0,23
2025-06-27T12:40:00+05:30,143835.0,143885.0,143825.0,143825.0,7
2025-06-27T12:41:00+05:30,143850.0,143860.0,143840.0,143845.0,22
2025-06-27T12:42:00+05:30,143835.0,143840.0,143735.0,143840.0,6
2025-06-27T12:43:00+05:30,143790.0,143800.0,143730.0,143800.0,13
2025-06-27T12:44:00+05:30,143800.0,143865.0,143800.0,143865.0,23
2025-06-27T12:45:00+05:30,143845.0,143940.0,143840.0,143940.0,8
2025-06-27T12:46:00+05:30,143885.0,143945.0,143885.0,143945.0,16
2025-06-27T12:47:00+05:30,143915.0,143915.0,143815.0,143815.0,11
2025-06-27T12:48:00+05:30,143895.0,143895.0,143800.0,143895.0,7
2025-06-27T12:49:00+05:30,143820.0,143900.0,143815.0,143900.0,8
2025-06-27T12:50:00+05:30,143895.0,143930.0,143895.0,143930.0,9
2025-06-27T12:51:00+05:30,143935.0,143940.0,143900.0,143940.0,5
2025-06-27T12:52:00+05:30,143940.0,143945.0,143895.0,143945.0,7
2025-06-27T12:53:00+05:30,143905.0,144015.0,143905.0,144015.0,50
2025-06-27T12:54:00+05:30,144045.0,144045.0,143930.0,144010.0,8
2025-06-27T12:55:00+05:30,144015.0,144080.0,143975.0,144070.0,31
2025-06-27T12:56:00+05:30,144025.0,144075.0,143995.0,143995.0,6
2025-06-27T12:57:00+05:30,143995.0,144075.0,143985.0,144050.0,10
2025-06-27T12:58:00+05:30,144050.0,144050.0,143985.0,144045.0,7
2025-06-27T12:59:00+05:30,143985.0,144015.0,143850.0,143875.0,37
2025-06-27T13:00:00+05:30,143875.0,143965.0,143850.0,143895.0,13
2025-06-27T13:01:00+05:30,143850.0,143850.0,143745.0,143850.0,24
2025-06-27T13:02:00+05:30,143825.0,143855.0,143820.0,143845.0,6
2025-06-27T13:03:00+05:30,143825.0,143935.0,143800.0,143920.0,11
2025-06-27T13:04:00+05:30,143910.0,143935.0,143825.0,143825.0,5
2025-06-27T13:05:00+05:30,143915.0,144350.0,143815.0,144330.0,149
2025-06-27T13:06:00+05:30,144285.0,144390.0,144220.0,144340.0,49
2025-06-27T13:07:00+05:30,144385.0,144490.0,144285.0,144400.0,47
2025-06-27T13:08:00+05:30,144345.0,144595.0,144340.0,144595.0,102
2025-06-27T13:09:00+05:30,144600.0,144700.0,144500.0,144680.0,82
2025-06-27T13:10:00+05:30,144670.0,144760.0,144620.0,144670.0,103
2025-06-27T13:11:00+05:30,144710.0,144785.0,144675.0,144785.0,32
2025-06-27T13:12:00+05:30,144795.0,144830.0,144620.0,144680.0,43
2025-06-27T13:13:00+05:30,144745.0,144800.0,144665.0,144800.0,17
2025-06-27T13:14:00+05:30,144775.0,144815.0,144750.0,144775.0,30
2025-06-27T13:15:00+05:30,144790.0,144860.0,144790.0,144860.0,20
2025-06-27T13:16:00+05:30,144880.0,145000.0,144880.0,144995.0,142
2025-06-27T13:17:00+05:30,144995.0,145180.0,144995.0,145060.0,200
2025-06-27T13:18:00+05:30,145160.0,145385.0,145020.0,145350.0,107
2025-06-27T13:19:00+05:30,145320.0,145400.0,145300.0,145400.0,48
2025-06-27T13:20:00+05:30,145400.0,145400.0,145225.0,145265.0,51
2025-06-27T13:21:00+05:30,145345.0,145540.0,145225.0,145540.0,114
2025-06-27T13:22:00+05:30,145500.0,145700.0,145500.0,145600.0,53
2025-06-27T13:23:00+05:30,145645.0,145645.0,145510.0,145600.0,26
2025-06-27T13:24:00+05:30,145580.0,145665.0,145515.0,145665.0,40
2025-06-27T13:25:00+05:30,145630.0,145665.0,145450.0,145545.0,30
2025-06-27T13:26:00+05:30,145435.0,145525.0,144935.0,145005.0,181
2025-06-27T13:27:00+05:30,145090.0,145295.0,144940.0,145255.0,54
2025-06-27T13:28:00+05:30,145275.0,145295.0,145005.0,145005.0,33
2025-06-27T13:29:00+05:30,145120.0,145300.0,145005.0,145105.0,59
2025-06-27T13:30:00+05:30,145230.0,145230.0,145005.0,145030.0,36
2025-06-27T13:31:00+05:30,145175.0,145175.0,145030.0,145030.0,24
2025-06-27T13:32:00+05:30,145150.0,145175.0,145040.0,145175.0,11
2025-06-27T13:33:00+05:30,145175.0,145350.0,145160.0,145170.0,36
2025-06-27T13:34:00+05:30,145175.0,145255.0,145105.0,145215.0,13
2025-06-27T13:35:00+05:30,145110.0,145220.0,145075.0,145150.0,20
2025-06-27T13:36:00+05:30,145190.0,145195.0,145055.0,145190.0,25
2025-06-27T13:37:00+05:30,145195.0,145195.0,145060.0,145065.0,19
2025-06-27T13:38:00+05:30,145185.0,145185.0,145065.0,145155.0,14
2025-06-27T13:39:00+05:30,145160.0,145160.0,145060.0,145150.0,15
2025-06-27T13:40:00+05:30,145160.0,145350.0,144755.0,144755.0,195
2025-06-27T13:41:00+05:30,144760.0,144895.0,144700.0,144760.0,60
2025-06-27T13:42:00+05:30,144760.0,144780.0,144710.0,144745.0,16
2025-06-27T13:43:00+05:30,144780.0,144800.0,144705.0,144750.0,18
2025-06-27T13:44:00+05:30,144790.0,144790.0,144605.0,144685.0,35
2025-06-27T13:45:00+05:30,144675.0,144700.0,144600.0,144690.0,26
2025-06-27T13:46:00+05:30,144690.0,144795.0,144600.0,144705.0,50
2025-06-27T13:47:00+05:30,144710.0,144835.0,144695.0,144750.0,25
2025-06-27T13:48:00+05:30,144840.0,144885.0,144730.0,144775.0,32
2025-06-27T13:49:00+05:30,144820.0,144870.0,144745.0,144825.0,14
2025-06-27T13:50:00+05:30,144865.0,144870.0,144805.0,144805.0,13
2025-06-27T13:51:00+05:30,144870.0,144890.0,144790.0,144790.0,13
2025-06-27T13:52:00+05:30,144875.0,144880.0,144790.0,144875.0,15
2025-06-27T13:53:00+05:30,144875.0,144875.0,144800.0,144875.0,13
2025-06-27T13:54:00+05:30,144880.0,144880.0,144810.0,144840.0,13
2025-06-27T13:55:00+05:30,144870.0,144890.0,144810.0,144875.0,20
2025-06-27T13:56:00+05:30,144875.0,144885.0,144875.0,144880.0,11
2025-06-27T13:57:00+05:30,144885.0,144940.0,144850.0,144880.0,33
2025-06-27T13:58:00+05:30,144865.0,144885.0,144825.0,144885.0,15
2025-06-27T13:59:00+05:30,144900.0,144930.0,144850.0,144850.0,11
2025-06-27T14:00:00+05:30,144930.0,144965.0,144865.0,144965.0,12
2025-06-27T14:01:00+05:30,144960.0,144960.0,144850.0,144925.0,15
2025-06-27T14:02:00+05:30,144935.0,144995.0,144855.0,144935.0,22
2025-06-27T14:03:00+05:30,144935.0,145000.0,144895.0,144995.0,23
2025-06-27T14:04:00+05:30,145000.0,145000.0,144900.0,144900.0,37
2025-06-27T14:05:00+05:30,144920.0,144950.0,144725.0,144750.0,46
2025-06-27T14:06:00+05:30,144845.0,144850.0,144790.0,144850.0,13
2025-06-27T14:07:00+05:30,144880.0,144890.0,144765.0,144870.0,15
2025-06-27T14:08:00+05:30,144870.0,144870.0,144760.0,144820.0,11
2025-06-27T14:09:00+05:30,144860.0,144860.0,144780.0,144860.0,10
2025-06-27T14:10:00+05:30,144860.0,144865.0,144760.0,144800.0,32
2025-06-27T14:11:00+05:30,144860.0,144865.0,144755.0,144850.0,11
2025-06-27T14:12:00+05:30,144825.0,144865.0,144805.0,144805.0,30
2025-06-27T14:13:00+05:30,144865.0,144900.0,144835.0,144900.0,12
2025-06-27T14:14:00+05:30,144900.0,144900.0,144810.0,144850.0,23
2025-06-27T14:15:00+05:30,144880.0,144920.0,144880.0,144880.0,14
2025-06-27T14:16:00+05:30,144900.0,144900.0,144800.0,144850.0,18
2025-06-27T14:17:00+05:30,144885.0,144885.0,144800.0,144835.0,18
2025-06-27T14:18:00+05:30,144875.0,144915.0,144785.0,144915.0,14
2025-06-27T14:19:00+05:30,144920.0,144935.0,144835.0,144910.0,14
2025-06-27T14:20:00+05:30,144825.0,144915.0,144770.0,144880.0,21
2025-06-27T14:21:00+05:30,144915.0,144935.0,144785.0,144850.0,14
2025-06-27T14:22:00+05:30,144935.0,144935.0,144810.0,144895.0,17
2025-06-27T14:23:00+05:30,144925.0,144945.0,144765.0,144885.0,24
2025-06-27T14:24:00+05:30,144815.0,144940.0,144810.0,144940.0,15
2025-06-27T14:25:00+05:30,144895.0,144940.0,144805.0,144810.0,15
2025-06-27T14:26:00+05:30,144870.0,144920.0,144770.0,144860.0,25
2025-06-27T14:27:00+05:30,144865.0,144920.0,144820.0,144830.0,13
2025-06-27T14:28:00+05:30,144910.0,144920.0,144830.0,144915.0,13
2025-06-27T14:29:00+05:30,144830.0,144915.0,144805.0,144865.0,12
2025-06-27T14:30:00+05:30,144815.0,144910.0,144790.0,144900.0,12
2025-06-27T14:31:00+05:30,144915.0,144915.0,144900.0,144900.0,15
2025-06-27T14:32:00+05:30,144900.0,144915.0,144845.0,144900.0,12
2025-06-27T14:33:00+05:30,144880.0,144915.0,144855.0,144900.0,11
2025-06-27T14:34:00+05:30,144900.0,144940.0,144860.0,144940.0,11
2025-06-27T14:35:00+05:30,144900.0,144955.0,144855.0,144855.0,23
2025-06-27T14:36:00+05:30,144855.0,144925.0,144855.0,144925.0,16
2025-06-27T14:37:00+05:30,144900.0,144955.0,144900.0,144935.0,10
2025-06-27T14:38:00+05:30,144935.0,144955.0,144850.0,144900.0,25
2025-06-27T14:39:00+05:30,144900.0,144900.0,144850.0,144900.0,12
2025-06-27T14:40:00+05:30,144900.0,144900.0,144850.0,144900.0,14
2025-06-27T14:41:00+05:30,144900.0,144935.0,144850.0,144890.0,29
2025-06-27T14:42:00+05:30,144900.0,144900.0,144825.0,144895.0,15
2025-06-27T14:43:00+05:30,144895.0,144905.0,144805.0,144900.0,19
2025-06-27T14:44:00+05:30,144810.0,144950.0,144805.0,144900.0,28
2025-06-27T14:45:00+05:30,144900.0,144915.0,144815.0,144855.0,18
2025-06-27T14:46:00+05:30,144810.0,144870.0,144715.0,144775.0,41
2025-06-27T14:47:00+05:30,144775.0,144885.0,144750.0,144880.0,12
2025-06-27T14:48:00+05:30,144855.0,144870.0,144715.0,144785.0,26
2025-06-27T14:49:00+05:30,144855.0,144855.0,144555.0,144555.0,61
2025-06-27T14:50:00+05:30,144515.0,144525.0,144150.0,144380.0,133
2025-06-27T14:51:00+05:30,144450.0,144695.0,144450.0,144695.0,26
2025-06-27T14:52:00+05:30,144700.0,144730.0,144510.0,144625.0,72
2025-06-27T14:53:00+05:30,144630.0,144790.0,144550.0,144685.0,12
2025-06-27T14:54:00+05:30,144740.0,144785.0,144625.0,144770.0,16
2025-06-27T14:55:00+05:30,144770.0,144775.0,144700.0,144700.0,16
2025-06-27T14:56:00+05:30,144685.0,144790.0,144670.0,144730.0,23
2025-06-27T14:57:00+05:30,144795.0,144950.0,144665.0,144925.0,57
2025-06-27T14:58:00+05:30,144930.0,145120.0,144920.0,145000.0,194
2025-06-27T14:59:00+05:30,145000.0,145005.0,144405.0,144745.0,250
2025-06-27T15:00:00+05:30,144770.0,144770.0,144480.0,144605.0,425
2025-06-27T15:01:00+05:30,144605.0,144605.0,144235.0,144390.0,400
2025-06-27T15:02:00+05:30,144395.0,144490.0,144200.0,144445.0,331
2025-06-27T15:03:00+05:30,144445.0,144445.0,144070.0,144225.0,415
2025-06-27T15:04:00+05:30,144135.0,144135.0,143640.0,143765.0,379
2025-06-27T15:05:00+05:30,143775.0,143790.0,143420.0,143500.0,486
2025-06-27T15:06:00+05:30,143440.0,143440.0,143000.0,143085.0,372
2025-06-27T15:07:00+05:30,143070.0,143400.0,142780.0,143160.0,526
2025-06-27T15:08:00+05:30,142995.0,143350.0,142920.0,143120.0,498
2025-06-27T15:09:00+05:30,143105.0,143255.0,142810.0,143080.0,519
2025-06-27T15:10:00+05:30,143070.0,143115.0,142675.0,142740.0,523
2025-06-27T15:11:00+05:30,142605.0,143100.0,142555.0,143085.0,516
2025-06-27T15:12:00+05:30,143035.0,143095.0,142820.0,143080.0,420
2025-06-27T15:13:00+05:30,142960.0,143000.0,142700.0,142840.0,402
2025-06-27T15:14:00+05:30,142835.0,142930.0,142595.0,142825.0,390
2025-06-27T15:15:00+05:30,142820.0,143240.0,142620.0,143155.0,452
2025-06-27T15:16:00+05:30,143050.0,143100.0,142825.0,143100.0,466
2025-06-27T15:17:00+05:30,142990.0,143105.0,142700.0,143030.0,434
2025-06-27T15:18:00+05:30,142865.0,143500.0,142705.0,143340.0,477
2025-06-27T15:19:00+05:30,143340.0,143425.0,143010.0,143035.0,431
2025-06-27T15:20:00+05:30,143035.0,143495.0,142895.0,143190.0,491
2025-06-27T15:21:00+05:30,143160.0,143290.0,143005.0,143120.0,367
2025-06-27T15:22:00+05:30,143115.0,143305.0,142905.0,143010.0,340
2025-06-27T15:23:00+05:30,143005.0,143185.0,142800.0,143185.0,318
2025-06-27T15:24:00+05:30,143070.0,143070.0,142750.0,142975.0,212
2025-06-27T15:25:00+05:30,142845.0,143305.0,142755.0,143165.0,188
2025-06-27T15:26:00+05:30,143155.0,143195.0,142905.0,143160.0,226
2025-06-27T15:27:00+05:30,143160.0,143190.0,142915.0,143005.0,238
2025-06-27T15:28:00+05:30,143140.0,143500.0,142940.0,143165.0,172
2025-06-27T15:29:00+05:30,143180.0,143500.0,142830.0,142830.0,71
2025-06-30T09:15:00+05:30,144190.0,144490.0,143595.0,143940.0,91
2025-06-30T09:16:00+05:30,143995.0,144000.0,143645.0,143795.0,43
2025-06-30T09:17:00+05:30,143805.0,143985.0,143760.0,143820.0,31
2025-06-30T09:18:00+05:30,143905.0,143960.0,143685.0,143850.0,58
2025-06-30T09:19:00+05:30,143850.0,143940.0,143805.0,143940.0,18
2025-06-30T09:20:00+05:30,143805.0,144140.0,143805.0,144025.0,33
2025-06-30T09:21:00+05:30,144020.0,144165.0,143890.0,144010.0,27
2025-06-30T09:22:00+05:30,144130.0,144130.0,144050.0,144055.0,18
2025-06-30T09:23:00+05:30,144055.0,144115.0,144005.0,144055.0,16
2025-06-30T09:24:00+05:30,144040.0,144125.0,144000.0,144005.0,11
2025-06-30T09:25:00+05:30,144005.0,144025.0,143895.0,143990.0,17
2025-06-30T09:26:00+05:30,143895.0,143990.0,143825.0,143825.0,19
2025-06-30T09:27:00+05:30,143885.0,143980.0,143820.0,143980.0,9
2025-06-30T09:28:00+05:30,143980.0,144000.0,143890.0,144000.0,9
2025-06-30T09:29:00+05:30,144000.0,144005.0,143895.0,144005.0,13
2025-06-30T09:30:00+05:30,143990.0,144055.0,143890.0,143915.0,17
2025-06-30T09:31:00+05:30,143890.0,143965.0,143825.0,143965.0,19
2025-06-30T09:32:00+05:30,143845.0,143870.0,143730.0,143735.0,68
2025-06-30T09:33:00+05:30,143730.0,143830.0,143700.0,143775.0,20
2025-06-30T09:34:00+05:30,143775.0,143775.0,143695.0,143695.0,5
2025-06-30T09:35:00+05:30,143695.0,143805.0,143690.0,143695.0,9
2025-06-30T09:36:00+05:30,143690.0,143795.0,143630.0,143670.0,14
2025-06-30T09:37:00+05:30,143765.0,143780.0,143650.0,143690.0,12
2025-06-30T09:38:00+05:30,143690.0,143695.0,143605.0,143695.0,6
2025-06-30T09:39:00+05:30,143625.0,143765.0,143625.0,143715.0,11
2025-06-30T09:40:00+05:30,143715.0,143995.0,143715.0,143965.0,28
2025-06-30T09:41:00+05:30,143965.0,143965.0,143885.0,143885.0,4
2025-06-30T09:42:00+05:30,143995.0,144000.0,143890.0,143955.0,11
2025-06-30T09:43:00+05:30,144005.0,144005.0,143890.0,143895.0,8
2025-06-30T09:44:00+05:30,143890.0,143890.0,143860.0,143860.0,1
2025-06-30T09:45:00+05:30,143805.0,143835.0,143800.0,143835.0,11
2025-06-30T09:46:00+05:30,143755.0,143895.0,143755.0,143895.0,12
2025-06-30T09:47:00+05:30,143985.0,143995.0,143910.0,143910.0,8
2025-06-30T09:48:00+05:30,143910.0,143910.0,143900.0,143900.0,9
2025-06-30T09:49:00+05:30,143840.0,143840.0,143835.0,143835.0,3
2025-06-30T09:50:00+05:30,143850.0,144195.0,143850.0,144195.0,45
2025-06-30T09:51:00+05:30,144110.0,144400.0,144085.0,144360.0,24
2025-06-30T09:52:00+05:30,144310.0,144600.0,144310.0,144600.0,95
2025-06-30T09:53:00+05:30,144545.0,144875.0,144310.0,144785.0,141
2025-06-30T09:54:00+05:30,144640.0,144850.0,144635.0,144810.0,45
2025-06-30T09:55:00+05:30,144770.0,144800.0,144610.0,144610.0,15
2025-06-30T09:56:00+05:30,144610.0,144610.0,144500.0,144505.0,8
2025-06-30T09:57:00+05:30,144505.0,144505.0,144420.0,144420.0,7
2025-06-30T09:58:00+05:30,144425.0,144425.0,144350.0,144350.0,20
2025-06-30T09:59:00+05:30,144350.0,144350.0,144250.0,144250.0,20
2025-06-30T10:00:00+05:30,144260.0,144565.0,144260.0,144565.0,17
2025-06-30T10:01:00+05:30,144605.0,144645.0,144555.0,144605.0,15
2025-06-30T10:02:00+05:30,144550.0,144695.0,144550.0,144560.0,22
2025-06-30T10:03:00+05:30,144605.0,144645.0,144555.0,144645.0,5
2025-06-30T10:04:00+05:30,144640.0,144650.0,144555.0,144555.0,9
2025-06-30T10:05:00+05:30,144605.0,144630.0,144555.0,144560.0,8
2025-06-30T10:06:00+05:30,144560.0,144650.0,144560.0,144600.0,15
2025-06-30T10:07:00+05:30,144600.0,144610.0,144490.0,144495.0,15
2025-06-30T10:08:00+05:30,144495.0,144495.0,144495.0,144495.0,2
2025-06-30T10:09:00+05:30,144490.0,144555.0,144485.0,144485.0,5
2025-06-30T10:10:00+05:30,144485.0,144485.0,144485.0,144485.0,1
2025-06-30T10:11:00+05:30,144580.0,144620.0,144515.0,144515.0,7
2025-06-30T10:12:00+05:30,144510.0,144550.0,144510.0,144550.0,2
2025-06-30T10:13:00+05:30,144525.0,144550.0,144525.0,144550.0,2
2025-06-30T10:14:00+05:30,144500.0,144515.0,144465.0,144515.0,11
2025-06-30T10:16:00+05:30,144455.0,144515.0,144455.0,144455.0,4
2025-06-30T10:17:00+05:30,144455.0,144455.0,144455.0,144455.0,6
2025-06-30T10:18:00+05:30,144450.0,144450.0,144450.0,144450.0,12
2025-06-30T10:19:00+05:30,144450.0,144500.0,144450.0,144450.0,7
2025-06-30T10:20:00+05:30,144485.0,144485.0,144405.0,144470.0,8
2025-06-30T10:21:00+05:30,144410.0,144410.0,144315.0,144315.0,8
2025-06-30T10:22:00+05:30,144310.0,144345.0,144170.0,144285.0,50
2025-06-30T10:23:00+05:30,144285.0,144290.0,144215.0,144215.0,7
2025-06-30T10:24:00+05:30,144195.0,144295.0,144195.0,144290.0,8
2025-06-30T10:25:00+05:30,144290.0,144290.0,144220.0,144220.0,16
2025-06-30T10:26:00+05:30,144215.0,144240.0,144105.0,144230.0,21
2025-06-30T10:27:00+05:30,144230.0,144300.0,144140.0,144230.0,21
2025-06-30T10:28:00+05:30,144235.0,144235.0,144235.0,144235.0,1
2025-06-30T10:29:00+05:30,144250.0,144250.0,144250.0,144250.0,1
2025-06-30T10:30:00+05:30,144240.0,144240.0,144220.0,144220.0,6
2025-06-30T10:31:00+05:30,144220.0,144220.0,144200.0,144200.0,2
2025-06-30T10:32:00+05:30,144195.0,144195.0,144195.0,144195.0,1
2025-06-30T10:33:00+05:30,144310.0,144325.0,144235.0,144235.0,9
2025-06-30T10:34:00+05:30,144215.0,144215.0,144215.0,144215.0,5
2025-06-30T10:35:00+05:30,144315.0,144325.0,144220.0,144325.0,6
2025-06-30T10:36:00+05:30,144320.0,144320.0,144320.0,144320.0,1
2025-06-30T10:37:00+05:30,144230.0,144370.0,144230.0,144295.0,7
2025-06-30T10:38:00+05:30,144365.0,144380.0,144360.0,144380.0,5
2025-06-30T10:39:00+05:30,144380.0,144400.0,144380.0,144400.0,10
2025-06-30T10:40:00+05:30,144440.0,144535.0,144440.0,144500.0,9
2025-06-30T10:41:00+05:30,144430.0,144430.0,144230.0,144240.0,24
2025-06-30T10:42:00+05:30,144335.0,144335.0,144245.0,144335.0,3
2025-06-30T10:43:00+05:30,144245.0,144350.0,144245.0,144275.0,16
2025-06-30T10:44:00+05:30,144245.0,144245.0,144240.0,144240.0,3
2025-06-30T10:45:00+05:30,144240.0,144240.0,144240.0,144240.0,1
2025-06-30T10:46:00+05:30,144300.0,144300.0,144225.0,144225.0,3
2025-06-30T10:49:00+05:30,144205.0,144320.0,144205.0,144210.0,8
2025-06-30T10:50:00+05:30,144220.0,144220.0,144220.0,144220.0,1
2025-06-30T10:51:00+05:30,144300.0,144300.0,144235.0,144235.0,4
2025-06-30T10:52:00+05:30,144230.0,144335.0,144230.0,144335.0,2
2025-06-30T10:53:00+05:30,144245.0,144360.0,144245.0,144360.0,2
2025-06-30T10:54:00+05:30,144360.0,144420.0,144265.0,144420.0,25
2025-06-30T10:55:00+05:30,144405.0,144630.0,144400.0,144630.0,37
2025-06-30T10:56:00+05:30,144650.0,144680.0,144590.0,144590.0,15
2025-06-30T10:57:00+05:30,144655.0,144655.0,144655.0,144655.0,1
2025-06-30T10:58:00+05:30,144535.0,144535.0,144515.0,144515.0,2
2025-06-30T10:59:00+05:30,144515.0,144515.0,144515.0,144515.0,1
2025-06-30T11:01:00+05:30,144515.0,144600.0,144515.0,144535.0,4
2025-06-30T11:02:00+05:30,144630.0,144630.0,144600.0,144600.0,3
2025-06-30T11:03:00+05:30,144600.0,144600.0,144600.0,144600.0,2
2025-06-30T11:04:00+05:30,144540.0,144540.0,144540.0,144540.0,4
2025-06-30T11:05:00+05:30,144535.0,144535.0,144535.0,144535.0,2
2025-06-30T11:06:00+05:30,144500.0,144500.0,144500.0,144500.0,4
2025-06-30T11:07:00+05:30,144500.0,144500.0,144500.0,144500.0,1
2025-06-30T11:08:00+05:30,144500.0,144500.0,144500.0,144500.0,4
2025-06-30T11:09:00+05:30,144595.0,144595.0,144595.0,144595.0,1
2025-06-30T11:10:00+05:30,144500.0,144500.0,144500.0,144500.0,3
2025-06-30T11:11:00+05:30,144505.0,144590.0,144505.0,144505.0,4
2025-06-30T11:12:00+05:30,144500.0,144565.0,144500.0,144510.0,18
2025-06-30T11:13:00+05:30,144500.0,144500.0,144400.0,144400.0,160
2025-06-30T11:14:00+05:30,144440.0,144440.0,144275.0,144340.0,44
2025-06-30T11:15:00+05:30,144290.0,144390.0,144290.0,144385.0,3
2025-06-30T11:16:00+05:30,144305.0,144305.0,144305.0,144305.0,2
2025-06-30T11:19:00+05:30,144340.0,144370.0,144305.0,144305.0,7
2025-06-30T11:20:00+05:30,144305.0,144305.0,144305.0,144305.0,4
2025-06-30T11:21:00+05:30,144275.0,144275.0,144275.0,144275.0,1
2025-06-30T11:23:00+05:30,144280.0,144285.0,144275.0,144275.0,7
2025-06-30T11:25:00+05:30,144270.0,144270.0,144270.0,144270.0,2
2025-06-30T11:26:00+05:30,144270.0,144435.0,144270.0,144435.0,18
2025-06-30T11:27:00+05:30,144440.0,144600.0,144440.0,144505.0,41
2025-06-30T11:28:00+05:30,144505.0,144595.0,144500.0,144500.0,14
2025-06-30T11:29:00+05:30,144595.0,144625.0,144505.0,144625.0,15
2025-06-30T11:30:00+05:30,144600.0,144775.0,144600.0,144760.0,46
2025-06-30T11:31:00+05:30,144745.0,144745.0,144700.0,144700.0,8
2025-06-30T11:32:00+05:30,144700.0,144760.0,144700.0,144705.0,8
2025-06-30T11:33:00+05:30,144710.0,144750.0,144710.0,144750.0,5
2025-06-30T11:34:00+05:30,144750.0,144770.0,144650.0,144760.0,28
2025-06-30T11:35:00+05:30,144760.0,144770.0,144760.0,144770.0,6
2025-06-30T11:36:00+05:30,144770.0,144770.0,144695.0,144695.0,11
2025-06-30T11:37:00+05:30,144750.0,144750.0,144750.0,144750.0,1
2025-06-30T11:38:00+05:30,144655.0,144740.0,144655.0,144700.0,5
2025-06-30T11:39:00+05:30,144655.0,144655.0,144655.0,144655.0,1
2025-06-30T11:40:00+05:30,144655.0,144655.0,144655.0,144655.0,1
2025-06-30T11:41:00+05:30,144660.0,144740.0,144660.0,144660.0,3
2025-06-30T11:42:00+05:30,144700.0,144700.0,144595.0,144700.0,8
2025-06-30T11:43:00+05:30,144595.0,144700.0,144505.0,144670.0,23
2025-06-30T11:44:00+05:30,144670.0,144805.0,144670.0,144775.0,47
2025-06-30T11:45:00+05:30,144775.0,144780.0,144775.0,144780.0,2
2025-06-30T11:46:00+05:30,144795.0,144825.0,144795.0,144820.0,6
2025-06-30T11:47:00+05:30,144825.0,144900.0,144825.0,144900.0,35
2025-06-30T11:48:00+05:30,144900.0,144900.0,144860.0,144900.0,7
2025-06-30T11:50:00+05:30,144890.0,144890.0,144890.0,144890.0,1
2025-06-30T11:51:00+05:30,144885.0,144885.0,144870.0,144870.0,4
2025-06-30T11:52:00+05:30,144860.0,144860.0,144840.0,144840.0,5
2025-06-30T11:53:00+05:30,144840.0,145045.0,144840.0,145000.0,170
2025-06-30T11:54:00+05:30,145070.0,145070.0,145000.0,145000.0,12
2025-06-30T11:55:00+05:30,145000.0,145100.0,144920.0,144955.0,55
2025-06-30T11:56:00+05:30,145020.0,145020.0,144905.0,144905.0,9
2025-06-30T11:57:00+05:30,144905.0,144905.0,144865.0,144865.0,14
2025-06-30T11:58:00+05:30,144885.0,144900.0,144880.0,144900.0,23
2025-06-30T11:59:00+05:30,144900.0,144900.0,144665.0,144665.0,22
2025-06-30T12:00:00+05:30,144620.0,144630.0,144605.0,144620.0,4
2025-06-30T12:01:00+05:30,144625.0,144695.0,144625.0,144625.0,5
2025-06-30T12:03:00+05:30,144690.0,144690.0,144650.0,144650.0,7
2025-06-30T12:04:00+05:30,144695.0,144735.0,144695.0,144735.0,4
2025-06-30T12:05:00+05:30,144700.0,144700.0,144700.0,144700.0,8
2025-06-30T12:06:00+05:30,144650.0,144650.0,144650.0,144650.0,1
2025-06-30T12:07:00+05:30,144720.0,144725.0,144720.0,144725.0,2
2025-06-30T12:08:00+05:30,144655.0,144655.0,144590.0,144590.0,8
2025-06-30T12:09:00+05:30,144590.0,144590.0,144590.0,144590.0,2
2025-06-30T12:10:00+05:30,144590.0,144590.0,144590.0,144590.0,3
2025-06-30T12:11:00+05:30,144565.0,144605.0,144565.0,144605.0,4
2025-06-30T12:12:00+05:30,144665.0,144665.0,144570.0,144570.0,2
2025-06-30T12:13:00+05:30,144665.0,144670.0,144665.0,144670.0,2
2025-06-30T12:14:00+05:30,144580.0,144580.0,144565.0,144565.0,4
2025-06-30T12:15:00+05:30,144565.0,144610.0,144565.0,144610.0,2
2025-06-30T12:16:00+05:30,144530.0,144530.0,144530.0,144530.0,2
2025-06-30T12:17:00+05:30,144530.0,144630.0,144530.0,144550.0,4
2025-06-30T12:18:00+05:30,144530.0,144550.0,144530.0,144550.0,3
2025-06-30T12:20:00+05:30,144530.0,144530.0,144505.0,144505.0,5
2025-06-30T12:21:00+05:30,144505.0,144505.0,144505.0,144505.0,1
2025-06-30T12:22:00+05:30,144505.0,144630.0,144505.0,144630.0,6
2025-06-30T12:23:00+05:30,144625.0,144630.0,144540.0,144540.0,3
2025-06-30T12:24:00+05:30,144540.0,144680.0,144540.0,144640.0,18
2025-06-30T12:25:00+05:30,144625.0,144640.0,144625.0,144625.0,3
2025-06-30T12:26:00+05:30,144625.0,144700.0,144625.0,144630.0,16
2025-06-30T12:28:00+05:30,144605.0,144610.0,144605.0,144610.0,2
2025-06-30T12:29:00+05:30,144555.0,144695.0,144555.0,144580.0,21
2025-06-30T12:30:00+05:30,144685.0,144685.0,144670.0,144670.0,2
2025-06-30T12:31:00+05:30,144600.0,144600.0,144600.0,144600.0,4
2025-06-30T12:33:00+05:30,144555.0,144595.0,144510.0,144595.0,11
2025-06-30T12:35:00+05:30,144510.0,144510.0,144400.0,144400.0,24
2025-06-30T12:36:00+05:30,144400.0,144455.0,144400.0,144455.0,3
2025-06-30T12:39:00+05:30,144455.0,144455.0,144455.0,144455.0,2
2025-06-30T12:40:00+05:30,144455.0,144510.0,144455.0,144465.0,13
2025-06-30T12:42:00+05:30,144465.0,144465.0,144400.0,144460.0,5
2025-06-30T12:43:00+05:30,144400.0,144400.0,144400.0,144400.0,3
2025-06-30T12:44:00+05:30,144400.0,144400.0,144400.0,144400.0,3
2025-06-30T12:45:00+05:30,144410.0,144410.0,144400.0,144400.0,4
2025-06-30T12:46:00+05:30,144400.0,144400.0,144350.0,144350.0,11
2025-06-30T12:47:00+05:30,144395.0,144395.0,144300.0,144310.0,15
2025-06-30T12:48:00+05:30,144315.0,144435.0,144300.0,144435.0,21
2025-06-30T12:49:00+05:30,144310.0,144335.0,144310.0,144310.0,6
2025-06-30T12:50:00+05:30,144395.0,144395.0,144310.0,144310.0,2
2025-06-30T12:51:00+05:30,144315.0,144350.0,144300.0,144300.0,5
2025-06-30T12:52:00+05:30,144350.0,144350.0,144350.0,144350.0,1
2025-06-30T12:53:00+05:30,144305.0,144305.0,144305.0,144305.0,3
2025-06-30T12:55:00+05:30,144305.0,144305.0,144305.0,144305.0,1
2025-06-30T12:56:00+05:30,144325.0,144325.0,144325.0,144325.0,1
2025-06-30T12:57:00+05:30,144335.0,144335.0,144325.0,144325.0,6
2025-06-30T12:59:00+05:30,144325.0,144325.0,144220.0,144220.0,12
2025-06-30T13:00:00+05:30,144210.0,144210.0,144100.0,144100.0,41
2025-06-30T13:01:00+05:30,144065.0,144065.0,144000.0,144000.0,14
2025-06-30T13:02:00+05:30,144075.0,144240.0,144050.0,144165.0,25
2025-06-30T13:03:00+05:30,144085.0,144090.0,144085.0,144090.0,6
2025-06-30T13:04:00+05:30,144100.0,144260.0,144095.0,144100.0,16
2025-06-30T13:05:00+05:30,144230.0,144230.0,144100.0,144105.0,10
2025-06-30T13:06:00+05:30,144100.0,144215.0,144100.0,144210.0,6
2025-06-30T13:07:00+05:30,144185.0,144185.0,144185.0,144185.0,1
2025-06-30T13:08:00+05:30,144130.0,144130.0,144125.0,144125.0,8
2025-06-30T13:09:00+05:30,144125.0,144125.0,144055.0,144055.0,4
2025-06-30T13:10:00+05:30,144050.0,144075.0,144050.0,144050.0,8
2025-06-30T13:11:00+05:30,144095.0,144100.0,144095.0,144100.0,2
2025-06-30T13:12:00+05:30,144100.0,144100.0,144055.0,144055.0,6
2025-06-30T13:13:00+05:30,144075.0,144075.0,144075.0,144075.0,1
2025-06-30T13:14:00+05:30,144075.0,144100.0,144070.0,144100.0,5
2025-06-30T13:15:00+05:30,144100.0,144100.0,144050.0,144050.0,11
2025-06-30T13:16:00+05:30,144000.0,144065.0,144000.0,144065.0,7
2025-06-30T13:17:00+05:30,144060.0,144060.0,144060.0,144060.0,1
2025-06-30T13:19:00+05:30,144095.0,144515.0,144000.0,144000.0,70
2025-06-30T13:20:00+05:30,144000.0,144000.0,143900.0,143905.0,27
2025-06-30T13:21:00+05:30,143905.0,143905.0,143815.0,143815.0,16
2025-06-30T13:22:00+05:30,143840.0,143845.0,143840.0,143840.0,3
2025-06-30T13:23:00+05:30,143845.0,143910.0,143765.0,143850.0,36
2025-06-30T13:24:00+05:30,143850.0,144145.0,143850.0,144070.0,32
2025-06-30T13:25:00+05:30,144115.0,144115.0,144000.0,144000.0,4
2025-06-30T13:26:00+05:30,144000.0,144070.0,143995.0,143995.0,6
2025-06-30T13:27:00+05:30,143970.0,144035.0,143895.0,143925.0,12
2025-06-30T13:28:00+05:30,144000.0,144000.0,144000.0,144000.0,1
2025-06-30T13:29:00+05:30,144000.0,144000.0,144000.0,144000.0,1
2025-06-30T13:30:00+05:30,143930.0,143930.0,143820.0,143820.0,13
2025-06-30T13:33:00+05:30,143820.0,143820.0,143820.0,143820.0,1
2025-06-30T13:35:00+05:30,143820.0,143820.0,143750.0,143750.0,12
2025-06-30T13:36:00+05:30,143765.0,143765.0,143765.0,143765.0,2
2025-06-30T13:37:00+05:30,143880.0,143880.0,143880.0,143880.0,1
2025-06-30T13:38:00+05:30,143770.0,143780.0,143765.0,143780.0,6
2025-06-30T13:39:00+05:30,143740.0,143740.0,143705.0,143705.0,4
2025-06-30T13:40:00+05:30,143705.0,143705.0,143705.0,143705.0,2
2025-06-30T13:41:00+05:30,143765.0,143825.0,143680.0,143680.0,21
2025-06-30T13:42:00+05:30,143665.0,143795.0,143600.0,143690.0,36
2025-06-30T13:43:00+05:30,143775.0,143775.0,143600.0,143600.0,18
2025-06-30T13:44:00+05:30,143600.0,143600.0,143500.0,143500.0,11
2025-06-30T13:45:00+05:30,143500.0,143500.0,143380.0,143380.0,52
2025-06-30T13:46:00+05:30,143385.0,143385.0,143350.0,143350.0,6
2025-06-30T13:47:00+05:30,143350.0,143350.0,143140.0,143195.0,41
2025-06-30T13:48:00+05:30,143200.0,143305.0,143145.0,143305.0,16
2025-06-30T13:49:00+05:30,143310.0,143795.0,143295.0,143400.0,76
2025-06-30T13:50:00+05:30,143290.0,143340.0,143240.0,143240.0,14
2025-06-30T13:51:00+05:30,143220.0,143275.0,143150.0,143270.0,17
2025-06-30T13:52:00+05:30,143275.0,143325.0,143195.0,143325.0,7
2025-06-30T13:53:00+05:30,143200.0,143200.0,143105.0,143200.0,31
2025-06-30T13:54:00+05:30,143200.0,143200.0,143105.0,143105.0,7
2025-06-30T13:55:00+05:30,143105.0,143145.0,143105.0,143105.0,10
2025-06-30T13:56:00+05:30,143180.0,143230.0,143175.0,143230.0,5
2025-06-30T13:57:00+05:30,143230.0,143230.0,143110.0,143225.0,9
2025-06-30T13:58:00+05:30,143230.0,143230.0,143135.0,143225.0,5
2025-06-30T13:59:00+05:30,143230.0,143230.0,143135.0,143150.0,10
2025-06-30T14:00:00+05:30,143130.0,143235.0,143130.0,143230.0,12
2025-06-30T14:01:00+05:30,143135.0,143230.0,143100.0,143225.0,28
2025-06-30T14:02:00+05:30,143120.0,143215.0,143105.0,143115.0,9
2025-06-30T14:03:00+05:30,143185.0,143230.0,143185.0,143230.0,3
2025-06-30T14:04:00+05:30,143225.0,143225.0,143120.0,143225.0,3
2025-06-30T14:05:00+05:30,143125.0,143190.0,143015.0,143015.0,35
2025-06-30T14:06:00+05:30,143040.0,143090.0,143005.0,143090.0,9
2025-06-30T14:07:00+05:30,143015.0,143095.0,143015.0,143095.0,18
2025-06-30T14:08:00+05:30,143095.0,143100.0,143020.0,143020.0,8
2025-06-30T14:09:00+05:30,143095.0,143355.0,143095.0,143320.0,33
2025-06-30T14:10:00+05:30,143315.0,143370.0,143110.0,143190.0,36
2025-06-30T14:11:00+05:30,143195.0,143200.0,143100.0,143195.0,17
2025-06-30T14:12:00+05:30,143190.0,143200.0,143100.0,143105.0,17
2025-06-30T14:13:00+05:30,143185.0,143195.0,143185.0,143195.0,4
2025-06-30T14:14:00+05:30,143105.0,143185.0,143100.0,143160.0,17
2025-06-30T14:15:00+05:30,143160.0,143160.0,143015.0,143045.0,11
2025-06-30T14:16:00+05:30,143045.0,143045.0,143000.0,143000.0,13
2025-06-30T14:17:00+05:30,143045.0,143055.0,143000.0,143000.0,8
2025-06-30T14:18:00+05:30,143055.0,143065.0,142920.0,142930.0,32
2025-06-30T14:19:00+05:30,143000.0,143000.0,143000.0,143000.0,4
2025-06-30T14:20:00+05:30,143000.0,143000.0,142900.0,142900.0,10
2025-06-30T14:21:00+05:30,142995.0,142995.0,142820.0,142825.0,14
2025-06-30T14:22:00+05:30,142895.0,142895.0,142825.0,142825.0,5
2025-06-30T14:23:00+05:30,142885.0,142885.0,142805.0,142820.0,11
2025-06-30T14:24:00+05:30,142820.0,142890.0,142820.0,142890.0,12
2025-06-30T14:25:00+05:30,142880.0,142950.0,142880.0,142950.0,17
2025-06-30T14:26:00+05:30,142995.0,143000.0,142920.0,142920.0,5
2025-06-30T14:27:00+05:30,143000.0,143105.0,142905.0,143105.0,16
2025-06-30T14:28:00+05:30,143080.0,143110.0,142995.0,143000.0,7
2025-06-30T14:29:00+05:30,143045.0,143045.0,142905.0,143045.0,13
2025-06-30T14:30:00+05:30,143040.0,143040.0,142895.0,142895.0,12
2025-06-30T14:31:00+05:30,142990.0,142990.0,142890.0,142890.0,5
2025-06-30T14:32:00+05:30,142960.0,142960.0,142915.0,142915.0,7
2025-06-30T14:33:00+05:30,142955.0,142980.0,142955.0,142955.0,6
2025-06-30T14:34:00+05:30,142960.0,142960.0,142895.0,142895.0,4
2025-06-30T14:35:00+05:30,142975.0,142980.0,142890.0,142980.0,7
2025-06-30T14:36:00+05:30,142975.0,143005.0,142975.0,143005.0,6
2025-06-30T14:37:00+05:30,143030.0,143190.0,143030.0,143070.0,12
2025-06-30T14:38:00+05:30,143180.0,143195.0,143055.0,143070.0,9
2025-06-30T14:39:00+05:30,143160.0,143170.0,143070.0,143070.0,9
2025-06-30T14:40:00+05:30,143155.0,143250.0,142855.0,142950.0,80
2025-06-30T14:41:00+05:30,142935.0,143145.0,142935.0,143145.0,13
2025-06-30T14:42:00+05:30,143115.0,143145.0,143005.0,143005.0,13
2025-06-30T14:43:00+05:30,143110.0,143110.0,143005.0,143015.0,8
2025-06-30T14:44:00+05:30,143105.0,143160.0,143015.0,143065.0,27
2025-06-30T14:45:00+05:30,143160.0,143225.0,143065.0,143065.0,20
2025-06-30T14:46:00+05:30,143180.0,143190.0,143065.0,143190.0,12
2025-06-30T14:47:00+05:30,143190.0,143195.0,143070.0,143075.0,10
2025-06-30T14:48:00+05:30,143155.0,143185.0,143080.0,143185.0,10
2025-06-30T14:49:00+05:30,143155.0,143185.0,143080.0,143080.0,10
2025-06-30T14:50:00+05:30,143185.0,143190.0,143080.0,143155.0,13
2025-06-30T14:51:00+05:30,143155.0,143155.0,143105.0,143155.0,10
2025-06-30T14:52:00+05:30,143185.0,143185.0,143085.0,143095.0,9
2025-06-30T14:53:00+05:30,143185.0,143190.0,143100.0,143180.0,8
2025-06-30T14:54:00+05:30,143180.0,143185.0,143105.0,143180.0,8
2025-06-30T14:55:00+05:30,143180.0,143190.0,143180.0,143190.0,4
2025-06-30T14:56:00+05:30,143190.0,143200.0,143115.0,143115.0,7
2025-06-30T14:57:00+05:30,143115.0,143485.0,143115.0,143245.0,64
2025-06-30T14:58:00+05:30,143250.0,143300.0,143175.0,143245.0,15
2025-06-30T14:59:00+05:30,143290.0,143335.0,143175.0,143190.0,24
2025-06-30T15:00:00+05:30,143210.0,143315.0,142830.0,142830.0,49
2025-06-30T15:01:00+05:30,142950.0,142950.0,142500.0,142605.0,106
2025-06-30T15:02:00+05:30,142610.0,142750.0,142610.0,142740.0,40
2025-06-30T15:03:00+05:30,142700.0,142735.0,142650.0,142655.0,25
2025-06-30T15:04:00+05:30,142655.0,142775.0,142635.0,142775.0,31
2025-06-30T15:05:00+05:30,142750.0,142780.0,142700.0,142750.0,11
2025-06-30T15:06:00+05:30,142740.0,142740.0,142640.0,142680.0,18
2025-06-30T15:07:00+05:30,142685.0,142725.0,142565.0,142565.0,31
2025-06-30T15:08:00+05:30,142565.0,142570.0,142300.0,142500.0,90
2025-06-30T15:09:00+05:30,142465.0,142490.0,142430.0,142430.0,18
2025-06-30T15:10:00+05:30,142410.0,142435.0,142320.0,142400.0,37
2025-06-30T15:11:00+05:30,142400.0,142400.0,142375.0,142375.0,23
2025-06-30T15:12:00+05:30,142380.0,142595.0,142380.0,142550.0,59
2025-06-30T15:13:00+05:30,142540.0,142575.0,142355.0,142395.0,33
2025-06-30T15:14:00+05:30,142395.0,142790.0,142395.0,142685.0,81
2025-06-30T15:15:00+05:30,142685.0,142685.0,142430.0,142430.0,45
2025-06-30T15:16:00+05:30,142430.0,142435.0,142155.0,142400.0,93
2025-06-30T15:17:00+05:30,142430.0,142430.0,142370.0,142395.0,28
2025-06-30T15:18:00+05:30,142375.0,142395.0,142205.0,142325.0,49
2025-06-30T15:19:00+05:30,142325.0,142350.0,142300.0,142340.0,30
2025-06-30T15:20:00+05:30,142350.0,142530.0,141905.0,142115.0,257
2025-06-30T15:21:00+05:30,142115.0,142275.0,142115.0,142215.0,44
2025-06-30T15:22:00+05:30,142225.0,142235.0,142155.0,142155.0,38
2025-06-30T15:23:00+05:30,142100.0,142220.0,142060.0,142220.0,41
2025-06-30T15:24:00+05:30,142215.0,142220.0,142000.0,142120.0,87
2025-06-30T15:25:00+05:30,142110.0,142220.0,142105.0,142115.0,29
2025-06-30T15:26:00+05:30,142165.0,142335.0,142110.0,142165.0,56
2025-06-30T15:27:00+05:30,142200.0,142200.0,142070.0,142180.0,40
2025-06-30T15:28:00+05:30,142175.0,142420.0,141695.0,141900.0,177
2025-06-30T15:29:00+05:30,141880.0,142195.0,141820.0,142005.0,43
2025-07-01T09:15:00+05:30,142995.0,143495.0,142705.0,143260.0,146
2025-07-01T09:16:00+05:30,143300.0,143695.0,143250.0,143590.0,57
2025-07-01T09:17:00+05:30,143470.0,143525.0,143310.0,143525.0,87
2025-07-01T09:18:00+05:30,143525.0,143550.0,143425.0,143545.0,14
2025-07-01T09:19:00+05:30,143460.0,143460.0,143335.0,143450.0,9
2025-07-01T09:20:00+05:30,143445.0,143445.0,143170.0,143210.0,33
2025-07-01T09:21:00+05:30,143210.0,143320.0,143135.0,143210.0,18
2025-07-01T09:22:00+05:30,143315.0,143450.0,143285.0,143330.0,50
2025-07-01T09:23:00+05:30,143285.0,143445.0,143160.0,143225.0,27
2025-07-01T09:24:00+05:30,143225.0,143275.0,143160.0,143165.0,9
2025-07-01T09:25:00+05:30,143165.0,143215.0,143165.0,143170.0,8
2025-07-01T09:26:00+05:30,143215.0,143215.0,143165.0,143215.0,8
2025-07-01T09:27:00+05:30,143250.0,143345.0,143235.0,143345.0,9
2025-07-01T09:28:00+05:30,143240.0,143240.0,143000.0,143005.0,31
2025-07-01T09:29:00+05:30,143000.0,143230.0,143000.0,143230.0,90
2025-07-01T09:30:00+05:30,143165.0,143225.0,143165.0,143225.0,3
2025-07-01T09:31:00+05:30,143225.0,143225.0,143115.0,143115.0,4
2025-07-01T09:32:00+05:30,143115.0,143420.0,143070.0,143420.0,52
2025-07-01T09:33:00+05:30,143420.0,143490.0,143405.0,143490.0,11
2025-07-01T09:34:00+05:30,143500.0,143595.0,143425.0,143545.0,24
2025-07-01T09:35:00+05:30,143445.0,143445.0,143330.0,143425.0,7
2025-07-01T09:36:00+05:30,143420.0,143420.0,143420.0,143420.0,4
2025-07-01T09:38:00+05:30,143420.0,143420.0,143330.0,143330.0,8
2025-07-01T09:39:00+05:30,143330.0,143330.0,143115.0,143250.0,21
2025-07-01T09:40:00+05:30,143250.0,143335.0,143250.0,143335.0,7
2025-07-01T09:41:00+05:30,143335.0,143335.0,143325.0,143325.0,4
2025-07-01T09:42:00+05:30,143325.0,143325.0,143300.0,143300.0,3
2025-07-01T09:43:00+05:30,143190.0,143190.0,143080.0,143140.0,6
2025-07-01T09:44:00+05:30,143215.0,143215.0,143140.0,143140.0,7
2025-07-01T09:45:00+05:30,143140.0,143150.0,143120.0,143120.0,13
2025-07-01T09:46:00+05:30,143095.0,143095.0,142940.0,143000.0,46
2025-07-01T09:47:00+05:30,143070.0,143070.0,143070.0,143070.0,2
2025-07-01T09:48:00+05:30,143050.0,143050.0,142955.0,143050.0,9
2025-07-01T09:49:00+05:30,143050.0,143095.0,143010.0,143065.0,13
2025-07-01T09:50:00+05:30,143065.0,143065.0,142940.0,142985.0,7
2025-07-01T09:51:00+05:30,142990.0,142990.0,142895.0,142895.0,5
2025-07-01T09:52:00+05:30,142895.0,143065.0,142895.0,143065.0,22
2025-07-01T09:53:00+05:30,143000.0,143040.0,142905.0,142905.0,14
2025-07-01T09:54:00+05:30,142905.0,142905.0,142850.0,142850.0,8
2025-07-01T09:55:00+05:30,142850.0,142900.0,142800.0,142895.0,13
2025-07-01T09:56:00+05:30,142805.0,142890.0,142800.0,142800.0,35
2025-07-01T09:58:00+05:30,142805.0,142995.0,142795.0,142995.0,30
2025-07-01T09:59:00+05:30,142995.0,143030.0,142915.0,143025.0,6
2025-07-01T10:00:00+05:30,143030.0,143030.0,143030.0,143030.0,1
2025-07-01T10:01:00+05:30,143030.0,143070.0,142980.0,143070.0,15
2025-07-01T10:02:00+05:30,143065.0,143145.0,142995.0,143060.0,27
2025-07-01T10:04:00+05:30,143055.0,143055.0,143005.0,143005.0,5
2025-07-01T10:05:00+05:30,143000.0,143000.0,143000.0,143000.0,1
2025-07-01T10:06:00+05:30,143010.0,143010.0,142995.0,143000.0,7
2025-07-01T10:07:00+05:30,143010.0,143115.0,143010.0,143115.0,7
2025-07-01T10:08:00+05:30,143130.0,143135.0,143095.0,143095.0,7
2025-07-01T10:10:00+05:30,143080.0,143080.0,143080.0,143080.0,1
2025-07-01T10:11:00+05:30,142985.0,142985.0,142930.0,142930.0,4
2025-07-01T10:12:00+05:30,142905.0,143030.0,142825.0,143030.0,31
2025-07-01T10:13:00+05:30,143030.0,143030.0,143030.0,143030.0,2
2025-07-01T10:14:00+05:30,142990.0,143080.0,142875.0,142875.0,9
2025-07-01T10:16:00+05:30,142905.0,142980.0,142905.0,142980.0,3
2025-07-01T10:17:00+05:30,143020.0,143020.0,143020.0,143020.0,3
2025-07-01T10:19:00+05:30,142950.0,142950.0,142950.0,142950.0,1
2025-07-01T10:20:00+05:30,143000.0,143000.0,142950.0,142980.0,10
2025-07-01T10:21:00+05:30,142940.0,142940.0,142940.0,142940.0,1
2025-07-01T10:22:00+05:30,142940.0,142940.0,142900.0,142900.0,4
2025-07-01T10:23:00+05:30,142910.0,142940.0,142910.0,142920.0,16
2025-07-01T10:24:00+05:30,142900.0,142900.0,142880.0,142880.0,4
2025-07-01T10:25:00+05:30,142875.0,142875.0,142750.0,142750.0,9
2025-07-01T10:27:00+05:30,142760.0,142835.0,142750.0,142750.0,7
2025-07-01T10:28:00+05:30,142750.0,142750.0,142750.0,142750.0,1
2025-07-01T10:29:00+05:30,142830.0,142830.0,142770.0,142770.0,2
2025-07-01T10:30:00+05:30,142750.0,142805.0,142750.0,142805.0,2
2025-07-01T10:31:00+05:30,142750.0,142750.0,142715.0,142715.0,9
2025-07-01T10:32:00+05:30,142715.0,142715.0,142710.0,142715.0,11
2025-07-01T10:33:00+05:30,142715.0,142720.0,142715.0,142720.0,6
2025-07-01T10:34:00+05:30,142700.0,142700.0,142700.0,142700.0,4
2025-07-01T10:35:00+05:30,142695.0,142700.0,142695.0,142700.0,7
2025-07-01T10:36:00+05:30,142625.0,142625.0,142600.0,142600.0,10
2025-07-01T10:37:00+05:30,142600.0,142600.0,142550.0,142550.0,10
2025-07-01T10:38:00+05:30,142550.0,142580.0,142505.0,142580.0,7
2025-07-01T10:39:00+05:30,142505.0,142505.0,142300.0,142305.0,63
2025-07-01T10:40:00+05:30,142350.0,142350.0,142155.0,142210.0,20
2025-07-01T10:41:00+05:30,142210.0,142290.0,142210.0,142250.0,17
2025-07-01T10:42:00+05:30,142170.0,142300.0,142170.0,142240.0,17
2025-07-01T10:43:00+05:30,142340.0,142345.0,142340.0,142345.0,4
2025-07-01T10:45:00+05:30,142345.0,142385.0,142305.0,142385.0,13
2025-07-01T10:46:00+05:30,142385.0,142385.0,142300.0,142300.0,18
2025-07-01T10:47:00+05:30,142320.0,142320.0,142290.0,142290.0,3
2025-07-01T10:48:00+05:30,142290.0,142290.0,142290.0,142290.0,1
2025-07-01T10:50:00+05:30,142260.0,142260.0,142150.0,142155.0,16
2025-07-01T10:51:00+05:30,142150.0,142150.0,142115.0,142115.0,13
2025-07-01T10:52:00+05:30,142115.0,142115.0,141990.0,141990.0,103
2025-07-01T10:53:00+05:30,141955.0,142015.0,141900.0,141990.0,18
2025-07-01T10:54:00+05:30,141935.0,142030.0,141925.0,141925.0,8
2025-07-01T10:55:00+05:30,142030.0,142125.0,141985.0,141995.0,13
2025-07-01T10:56:00+05:30,141995.0,142065.0,141925.0,142060.0,19
2025-07-01T10:57:00+05:30,142000.0,142000.0,141920.0,141940.0,17
2025-07-01T10:58:00+05:30,141910.0,141910.0,141910.0,141910.0,3
2025-07-01T10:59:00+05:30,141915.0,141915.0,141910.0,141915.0,5
2025-07-01T11:00:00+05:30,141920.0,141920.0,141900.0,141920.0,9
2025-07-01T11:01:00+05:30,141930.0,141985.0,141930.0,141980.0,7
2025-07-01T11:02:00+05:30,141980.0,142130.0,141980.0,142115.0,14
2025-07-01T11:03:00+05:30,142115.0,142115.0,142110.0,142110.0,7
2025-07-01T11:04:00+05:30,142110.0,142110.0,142100.0,142100.0,5
2025-07-01T11:05:00+05:30,141990.0,141990.0,141985.0,141985.0,5
2025-07-01T11:06:00+05:30,141945.0,142065.0,141945.0,142065.0,3
2025-07-01T11:07:00+05:30,142015.0,142015.0,141945.0,141945.0,4
2025-07-01T11:08:00+05:30,141975.0,142115.0,141975.0,142110.0,6
2025-07-01T11:09:00+05:30,142010.0,142015.0,141940.0,142015.0,10
2025-07-01T11:10:00+05:30,142020.0,142025.0,141920.0,142025.0,6
2025-07-01T11:11:00+05:30,141920.0,141920.0,141850.0,141850.0,20
2025-07-01T11:12:00+05:30,141875.0,141875.0,141775.0,141775.0,9
2025-07-01T11:13:00+05:30,141775.0,141865.0,141775.0,141865.0,11
2025-07-01T11:14:00+05:30,141795.0,141795.0,141790.0,141790.0,3
2025-07-01T11:16:00+05:30,141780.0,141780.0,141770.0,141780.0,8
2025-07-01T11:17:00+05:30,141755.0,141795.0,141750.0,141795.0,9
2025-07-01T11:18:00+05:30,141800.0,141950.0,141800.0,141950.0,4
2025-07-01T11:19:00+05:30,141955.0,141980.0,141955.0,141980.0,9
2025-07-01T11:20:00+05:30,141910.0,141910.0,141905.0,141905.0,3
2025-07-01T11:21:00+05:30,141900.0,141900.0,141900.0,141900.0,1
2025-07-01T11:22:00+05:30,141985.0,141985.0,141860.0,141860.0,21
2025-07-01T11:23:00+05:30,141850.0,141860.0,141850.0,141860.0,2
2025-07-01T11:24:00+05:30,141775.0,141775.0,141770.0,141770.0,3
2025-07-01T11:25:00+05:30,141750.0,141890.0,141750.0,141890.0,7
2025-07-01T11:26:00+05:30,141890.0,141890.0,141890.0,141890.0,4
2025-07-01T11:27:00+05:30,141890.0,141890.0,141805.0,141810.0,5
2025-07-01T11:28:00+05:30,141890.0,141920.0,141890.0,141920.0,4
2025-07-01T11:29:00+05:30,141865.0,141865.0,141800.0,141800.0,4
2025-07-01T11:30:00+05:30,141890.0,141905.0,141830.0,141830.0,12
2025-07-01T11:31:00+05:30,141810.0,141865.0,141810.0,141865.0,7
2025-07-01T11:32:00+05:30,141865.0,141865.0,141865.0,141865.0,2
2025-07-01T11:33:00+05:30,141870.0,141910.0,141865.0,141910.0,3
2025-07-01T11:34:00+05:30,141840.0,141840.0,141840.0,141840.0,1
2025-07-01T11:35:00+05:30,141840.0,141900.0,141840.0,141900.0,2
2025-07-01T11:36:00+05:30,141900.0,142120.0,141900.0,142120.0,21
2025-07-01T11:37:00+05:30,142165.0,142180.0,142100.0,142130.0,10
2025-07-01T11:38:00+05:30,142130.0,142610.0,142065.0,142460.0,86
2025-07-01T11:39:00+05:30,142360.0,142500.0,142355.0,142480.0,7
2025-07-01T11:40:00+05:30,142360.0,142500.0,142355.0,142485.0,22
2025-07-01T11:41:00+05:30,142485.0,142485.0,142390.0,142390.0,3
2025-07-01T11:42:00+05:30,142435.0,142435.0,142350.0,142390.0,5
2025-07-01T11:43:00+05:30,142255.0,142310.0,142255.0,142310.0,4
2025-07-01T11:44:00+05:30,142320.0,142400.0,142320.0,142390.0,8
2025-07-01T11:45:00+05:30,142390.0,142390.0,142325.0,142325.0,3
2025-07-01T11:46:00+05:30,142395.0,142600.0,142395.0,142570.0,37
2025-07-01T11:47:00+05:30,142480.0,142500.0,142475.0,142500.0,4
2025-07-01T11:48:00+05:30,142440.0,142500.0,142430.0,142430.0,3
2025-07-01T11:49:00+05:30,142430.0,142510.0,142430.0,142510.0,5
2025-07-01T11:50:00+05:30,142430.0,142430.0,142245.0,142350.0,16
2025-07-01T11:51:00+05:30,142320.0,142320.0,142320.0,142320.0,1
2025-07-01T11:52:00+05:30,142235.0,142320.0,142225.0,142225.0,4
2025-07-01T11:53:00+05:30,142205.0,142315.0,142115.0,142315.0,9
2025-07-01T11:54:00+05:30,142240.0,142245.0,142110.0,142110.0,5
2025-07-01T11:55:00+05:30,142240.0,142255.0,142110.0,142255.0,8
2025-07-01T11:56:00+05:30,142245.0,142270.0,142200.0,142210.0,5
2025-07-01T11:57:00+05:30,142235.0,142235.0,142170.0,142225.0,5
2025-07-01T11:58:00+05:30,142150.0,142220.0,142120.0,142125.0,4
2025-07-01T11:59:00+05:30,142120.0,142205.0,142120.0,142125.0,5
2025-07-01T12:00:00+05:30,142115.0,142190.0,142045.0,142080.0,17
2025-07-01T12:01:00+05:30,142150.0,142170.0,141985.0,141990.0,42
2025-07-01T12:02:00+05:30,141995.0,142010.0,141850.0,141950.0,10
2025-07-01T12:03:00+05:30,141855.0,141995.0,141855.0,141900.0,21
2025-07-01T12:04:00+05:30,141895.0,141970.0,141805.0,141915.0,32
2025-07-01T12:05:00+05:30,141905.0,141905.0,141810.0,141900.0,3
2025-07-01T12:06:00+05:30,141825.0,141870.0,141800.0,141850.0,20
2025-07-01T12:07:00+05:30,141850.0,141870.0,141800.0,141840.0,9
2025-07-01T12:08:00+05:30,141750.0,141785.0,141750.0,141785.0,4
2025-07-01T12:09:00+05:30,141750.0,141755.0,141690.0,141755.0,14
2025-07-01T12:10:00+05:30,141755.0,141885.0,141690.0,141780.0,28
2025-07-01T12:11:00+05:30,141715.0,141785.0,141705.0,141785.0,4
2025-07-01T12:12:00+05:30,141705.0,141770.0,141690.0,141770.0,4
2025-07-01T12:13:00+05:30,141705.0,141770.0,141700.0,141765.0,16
2025-07-01T12:14:00+05:30,141715.0,141745.0,141715.0,141745.0,2
2025-07-01T12:15:00+05:30,141745.0,141790.0,141705.0,141785.0,29
2025-07-01T12:16:00+05:30,141790.0,141835.0,141725.0,141725.0,14
2025-07-01T12:17:00+05:30,141720.0,141785.0,141720.0,141785.0,3
2025-07-01T12:18:00+05:30,141790.0,141790.0,141750.0,141750.0,7
2025-07-01T12:19:00+05:30,141705.0,141750.0,141705.0,141750.0,8
2025-07-01T12:20:00+05:30,141705.0,141785.0,141705.0,141785.0,7
2025-07-01T12:21:00+05:30,141785.0,141880.0,141785.0,141880.0,14
2025-07-01T12:22:00+05:30,141870.0,141875.0,141755.0,141850.0,12
2025-07-01T12:23:00+05:30,141790.0,141870.0,141790.0,141870.0,7
2025-07-01T12:24:00+05:30,141810.0,141850.0,141810.0,141815.0,4
2025-07-01T12:25:00+05:30,141810.0,141955.0,141785.0,141945.0,21
2025-07-01T12:26:00+05:30,141945.0,141945.0,141805.0,141850.0,8
2025-07-01T12:27:00+05:30,141805.0,141845.0,141800.0,141845.0,6
2025-07-01T12:28:00+05:30,141790.0,141845.0,141770.0,141845.0,5
2025-07-01T12:29:00+05:30,141790.0,141850.0,141775.0,141790.0,20
2025-07-01T12:30:00+05:30,141785.0,141870.0,141765.0,141870.0,7
2025-07-01T12:31:00+05:30,141765.0,141850.0,141760.0,141845.0,10
2025-07-01T12:32:00+05:30,141845.0,141845.0,141750.0,141760.0,10
2025-07-01T12:33:00+05:30,141750.0,141750.0,141700.0,141750.0,4
2025-07-01T12:34:00+05:30,141760.0,141760.0,141700.0,141700.0,3
2025-07-01T12:35:00+05:30,141700.0,141760.0,141700.0,141760.0,12
2025-07-01T12:36:00+05:30,141760.0,141870.0,141760.0,141870.0,13
2025-07-01T12:37:00+05:30,141870.0,141870.0,141870.0,141870.0,3
2025-07-01T12:38:00+05:30,141820.0,142175.0,141800.0,142175.0,29
2025-07-01T12:39:00+05:30,142155.0,142350.0,142110.0,142260.0,51
2025-07-01T12:40:00+05:30,142255.0,142265.0,142150.0,142240.0,13
2025-07-01T12:41:00+05:30,142240.0,142475.0,142240.0,142475.0,30
2025-07-01T12:42:00+05:30,142475.0,142700.0,142475.0,142535.0,58
2025-07-01T12:43:00+05:30,142530.0,142530.0,142430.0,142510.0,10
2025-07-01T12:44:00+05:30,142510.0,142625.0,142325.0,142525.0,51
2025-07-01T12:45:00+05:30,142605.0,142605.0,142405.0,142405.0,9
2025-07-01T12:46:00+05:30,142400.0,142405.0,142400.0,142405.0,8
2025-07-01T12:47:00+05:30,142390.0,142490.0,142390.0,142490.0,31
2025-07-01T12:48:00+05:30,142475.0,142480.0,142475.0,142480.0,6
2025-07-01T12:49:00+05:30,142495.0,142550.0,142440.0,142530.0,9
2025-07-01T12:50:00+05:30,142550.0,142550.0,142530.0,142545.0,10
2025-07-01T12:51:00+05:30,142450.0,142550.0,142450.0,142550.0,11
2025-07-01T12:52:00+05:30,142545.0,142550.0,142545.0,142550.0,5
2025-07-01T12:53:00+05:30,142465.0,142550.0,142445.0,142530.0,13
2025-07-01T12:54:00+05:30,142530.0,142530.0,142360.0,142490.0,15
2025-07-01T12:55:00+05:30,142475.0,142615.0,142475.0,142570.0,31
2025-07-01T12:56:00+05:30,142570.0,142660.0,142515.0,142555.0,13
2025-07-01T12:57:00+05:30,142625.0,142625.0,142505.0,142610.0,6
2025-07-01T12:58:00+05:30,142610.0,142610.0,142500.0,142565.0,11
2025-07-01T12:59:00+05:30,142565.0,142575.0,142455.0,142570.0,8
2025-07-01T13:00:00+05:30,142575.0,142575.0,142500.0,142570.0,11
2025-07-01T13:01:00+05:30,142570.0,142570.0,142465.0,142535.0,6
2025-07-01T13:02:00+05:30,142535.0,142535.0,142435.0,142515.0,5
2025-07-01T13:03:00+05:30,142500.0,142530.0,142245.0,142500.0,35
2025-07-01T13:04:00+05:30,142450.0,142530.0,142450.0,142530.0,9
2025-07-01T13:05:00+05:30,142530.0,142535.0,142470.0,142470.0,5
2025-07-01T13:06:00+05:30,142535.0,142535.0,142520.0,142535.0,5
2025-07-01T13:07:00+05:30,142535.0,142570.0,142500.0,142570.0,11
2025-07-01T13:08:00+05:30,142570.0,142570.0,142535.0,142570.0,7
2025-07-01T13:09:00+05:30,142570.0,142570.0,142535.0,142555.0,7
2025-07-01T13:10:00+05:30,142570.0,142570.0,142570.0,142570.0,5
2025-07-01T13:11:00+05:30,142570.0,142960.0,142570.0,142840.0,66
2025-07-01T13:12:00+05:30,142865.0,142980.0,142845.0,142865.0,13
2025-07-01T13:13:00+05:30,142860.0,142860.0,142760.0,142810.0,12
2025-07-01T13:14:00+05:30,142800.0,142915.0,142750.0,142915.0,19
2025-07-01T13:15:00+05:30,142920.0,142985.0,142920.0,142985.0,12
2025-07-01T13:16:00+05:30,142985.0,143000.0,142985.0,143000.0,8
2025-07-01T13:17:00+05:30,142945.0,142950.0,142900.0,142900.0,8
2025-07-01T13:18:00+05:30,142895.0,142905.0,142770.0,142770.0,18
2025-07-01T13:19:00+05:30,142770.0,142800.0,142760.0,142800.0,4
2025-07-01T13:20:00+05:30,142755.0,142835.0,142750.0,142750.0,9
2025-07-01T13:21:00+05:30,142800.0,142800.0,142730.0,142800.0,5
2025-07-01T13:22:00+05:30,142750.0,142800.0,142750.0,142775.0,15
2025-07-01T13:23:00+05:30,142775.0,142825.0,142735.0,142825.0,12
2025-07-01T13:24:00+05:30,142750.0,142750.0,142750.0,142750.0,3
2025-07-01T13:25:00+05:30,142800.0,142800.0,142750.0,142765.0,6
2025-07-01T13:26:00+05:30,142775.0,142775.0,142610.0,142745.0,19
2025-07-01T13:27:00+05:30,142680.0,142740.0,142680.0,142740.0,5
2025-07-01T13:28:00+05:30,142745.0,142850.0,142715.0,142850.0,27
2025-07-01T13:29:00+05:30,142880.0,142885.0,142755.0,142755.0,10
2025-07-01T13:30:00+05:30,142850.0,142850.0,142800.0,142800.0,3
2025-07-01T13:31:00+05:30,142750.0,142765.0,142750.0,142765.0,14
2025-07-01T13:32:00+05:30,142800.0,142800.0,142800.0,142800.0,1
2025-07-01T13:33:00+05:30,142800.0,142800.0,142670.0,142750.0,13
2025-07-01T13:34:00+05:30,142750.0,142750.0,142675.0,142735.0,5
2025-07-01T13:35:00+05:30,142735.0,142735.0,142625.0,142720.0,10
2025-07-01T13:36:00+05:30,142720.0,142720.0,142615.0,142635.0,14
2025-07-01T13:37:00+05:30,142710.0,142865.0,142635.0,142865.0,41
2025-07-01T13:38:00+05:30,142830.0,142830.0,142830.0,142830.0,2
2025-07-01T13:39:00+05:30,142800.0,142805.0,142800.0,142800.0,8
2025-07-01T13:41:00+05:30,142750.0,142795.0,142655.0,142795.0,14
2025-07-01T13:42:00+05:30,142795.0,142795.0,142705.0,142750.0,9
2025-07-01T13:43:00+05:30,142750.0,142865.0,142750.0,142865.0,13
2025-07-01T13:44:00+05:30,142860.0,142950.0,142800.0,142950.0,5
2025-07-01T13:45:00+05:30,142985.0,143020.0,142900.0,142900.0,84
2025-07-01T13:46:00+05:30,142900.0,142900.0,142805.0,142820.0,5
2025-07-01T13:47:00+05:30,142820.0,142835.0,142780.0,142780.0,9
2025-07-01T13:48:00+05:30,142835.0,142835.0,142750.0,142835.0,9
2025-07-01T13:49:00+05:30,142830.0,142895.0,142755.0,142895.0,26
2025-07-01T13:50:00+05:30,142900.0,142920.0,142880.0,142900.0,7
2025-07-01T13:51:00+05:30,142900.0,142900.0,142900.0,142900.0,2
2025-07-01T13:52:00+05:30,142900.0,142900.0,142835.0,142900.0,14
2025-07-01T13:53:00+05:30,142900.0,142900.0,142830.0,142880.0,13
2025-07-01T13:54:00+05:30,142905.0,142985.0,142900.0,142900.0,17
2025-07-01T13:56:00+05:30,142900.0,142900.0,142900.0,142900.0,4
2025-07-01T13:57:00+05:30,142900.0,142900.0,142790.0,142900.0,27
2025-07-01T13:58:00+05:30,142905.0,142910.0,142905.0,142905.0,8
2025-07-01T13:59:00+05:30,142900.0,142910.0,142900.0,142910.0,4
2025-07-01T14:00:00+05:30,142900.0,142900.0,142855.0,142900.0,8
2025-07-01T14:01:00+05:30,142900.0,142900.0,142815.0,142865.0,7
2025-07-01T14:02:00+05:30,142900.0,142900.0,142820.0,142845.0,8
2025-07-01T14:03:00+05:30,142900.0,142900.0,142850.0,142900.0,9
2025-07-01T14:04:00+05:30,142900.0,142900.0,142860.0,142900.0,7
2025-07-01T14:05:00+05:30,142900.0,142915.0,142900.0,142915.0,5
2025-07-01T14:06:00+05:30,142905.0,142910.0,142900.0,142900.0,5
2025-07-01T14:07:00+05:30,142900.0,142900.0,142895.0,142900.0,12
2025-07-01T14:08:00+05:30,142900.0,142905.0,142870.0,142905.0,7
2025-07-01T14:09:00+05:30,142900.0,142960.0,142900.0,142905.0,10
2025-07-01T14:10:00+05:30,142920.0,143025.0,142920.0,142940.0,25
2025-07-01T14:11:00+05:30,143045.0,143045.0,142900.0,142955.0,16
2025-07-01T14:12:00+05:30,142985.0,142990.0,142915.0,142980.0,6
2025-07-01T14:13:00+05:30,142990.0,143015.0,142935.0,143015.0,4
2025-07-01T14:14:00+05:30,142945.0,143100.0,142935.0,143100.0,19
2025-07-01T14:15:00+05:30,143170.0,143195.0,142985.0,142985.0,30
2025-07-01T14:16:00+05:30,143085.0,143085.0,142990.0,143020.0,7
2025-07-01T14:17:00+05:30,143000.0,143080.0,142995.0,143080.0,14
2025-07-01T14:18:00+05:30,143080.0,143085.0,142995.0,143045.0,8
2025-07-01T14:19:00+05:30,143085.0,143085.0,143085.0,143085.0,4
2025-07-01T14:20:00+05:30,143060.0,143080.0,143060.0,143080.0,6
2025-07-01T14:21:00+05:30,143055.0,143085.0,143050.0,143080.0,7
2025-07-01T14:22:00+05:30,143080.0,143080.0,143030.0,143080.0,4
2025-07-01T14:23:00+05:30,143030.0,143080.0,142900.0,142995.0,19
2025-07-01T14:24:00+05:30,143025.0,143025.0,142910.0,142990.0,14
2025-07-01T14:25:00+05:30,143025.0,143120.0,142990.0,143025.0,31
2025-07-01T14:26:00+05:30,143015.0,143050.0,142995.0,143050.0,9
2025-07-01T14:27:00+05:30,142995.0,143045.0,142995.0,142995.0,7
2025-07-01T14:28:00+05:30,142995.0,143045.0,142905.0,142905.0,11
2025-07-01T14:29:00+05:30,143025.0,143025.0,142900.0,142995.0,6
2025-07-01T14:30:00+05:30,142995.0,142995.0,142900.0,142985.0,8
2025-07-01T14:31:00+05:30,142945.0,142985.0,142900.0,142945.0,7
2025-07-01T14:32:00+05:30,142900.0,142945.0,142835.0,142900.0,24
2025-07-01T14:33:00+05:30,142900.0,142940.0,142840.0,142900.0,13
2025-07-01T14:34:00+05:30,142930.0,142935.0,142900.0,142900.0,21
2025-07-01T14:35:00+05:30,142910.0,142940.0,142905.0,142905.0,10
2025-07-01T14:36:00+05:30,142940.0,142940.0,142940.0,142940.0,5
2025-07-01T14:37:00+05:30,142930.0,142930.0,142920.0,142930.0,6
2025-07-01T14:38:00+05:30,142930.0,142940.0,142930.0,142935.0,4
2025-07-01T14:39:00+05:30,142940.0,143030.0,142915.0,142930.0,11
2025-07-01T14:40:00+05:30,142905.0,142955.0,142900.0,142900.0,4
2025-07-01T14:41:00+05:30,142905.0,142955.0,142900.0,142900.0,6
2025-07-01T14:42:00+05:30,142910.0,142925.0,142900.0,142900.0,9
2025-07-01T14:43:00+05:30,142900.0,142920.0,142900.0,142920.0,2
2025-07-01T14:44:00+05:30,142920.0,142920.0,142900.0,142920.0,10
2025-07-01T14:45:00+05:30,142925.0,142925.0,142925.0,142925.0,4
2025-07-01T14:46:00+05:30,142965.0,142970.0,142900.0,142905.0,10
2025-07-01T14:47:00+05:30,142905.0,142925.0,142905.0,142905.0,8
2025-07-01T14:48:00+05:30,142950.0,142950.0,142900.0,142900.0,8
2025-07-01T14:49:00+05:30,142900.0,142900.0,142900.0,142900.0,1
2025-07-01T14:50:00+05:30,142900.0,142900.0,142900.0,142900.0,5
2025-07-01T14:51:00+05:30,142960.0,142960.0,142895.0,142900.0,17
2025-07-01T14:52:00+05:30,142900.0,143085.0,142800.0,143075.0,76
2025-07-01T14:53:00+05:30,142935.0,142935.0,142525.0,142525.0,28
2025-07-01T14:54:00+05:30,142615.0,142620.0,142450.0,142450.0,20
2025-07-01T14:55:00+05:30,142450.0,142485.0,142280.0,142475.0,38
2025-07-01T14:56:00+05:30,142460.0,142460.0,142355.0,142355.0,6
2025-07-01T14:57:00+05:30,142290.0,142370.0,142135.0,142335.0,28
2025-07-01T14:58:00+05:30,142160.0,142280.0,142155.0,142165.0,15
2025-07-01T14:59:00+05:30,142165.0,142325.0,142145.0,142275.0,52
2025-07-01T15:00:00+05:30,142275.0,142680.0,142275.0,142620.0,127
2025-07-01T15:01:00+05:30,142590.0,142670.0,142520.0,142555.0,29
2025-07-01T15:02:00+05:30,142600.0,142640.0,142550.0,142640.0,10
2025-07-01T15:03:00+05:30,142565.0,142645.0,142445.0,142590.0,27
2025-07-01T15:04:00+05:30,142475.0,142610.0,142475.0,142585.0,9
2025-07-01T15:05:00+05:30,142585.0,142585.0,142475.0,142500.0,30
2025-07-01T15:06:00+05:30,142495.0,142525.0,142365.0,142525.0,35
2025-07-01T15:07:00+05:30,142525.0,142885.0,142445.0,142800.0,57
2025-07-01T15:08:00+05:30,142835.0,142835.0,142690.0,142690.0,17
2025-07-01T15:09:00+05:30,142650.0,142650.0,142460.0,142595.0,31
2025-07-01T15:10:00+05:30,142470.0,142565.0,142470.0,142550.0,25
2025-07-01T15:11:00+05:30,142480.0,142550.0,142480.0,142550.0,13
2025-07-01T15:12:00+05:30,142495.0,142550.0,142485.0,142490.0,20
2025-07-01T15:13:00+05:30,142480.0,142670.0,142400.0,142670.0,39
2025-07-01T15:14:00+05:30,142610.0,142670.0,142550.0,142550.0,17
2025-07-01T15:15:00+05:30,142545.0,142615.0,142310.0,142545.0,49
2025-07-01T15:16:00+05:30,142405.0,142570.0,142305.0,142470.0,95
2025-07-01T15:17:00+05:30,142315.0,142475.0,142315.0,142470.0,26
2025-07-01T15:18:00+05:30,142470.0,142690.0,142470.0,142490.0,44
2025-07-01T15:19:00+05:30,142505.0,142600.0,142350.0,142350.0,44
2025-07-01T15:20:00+05:30,142510.0,142855.0,142510.0,142815.0,70
2025-07-01T15:21:00+05:30,142675.0,142800.0,142545.0,142615.0,23
2025-07-01T15:22:00+05:30,142735.0,142800.0,142705.0,142795.0,22
2025-07-01T15:23:00+05:30,142650.0,142800.0,142645.0,142755.0,28
2025-07-01T15:24:00+05:30,142630.0,142755.0,142000.0,142410.0,102
2025-07-01T15:25:00+05:30,142405.0,142490.0,142235.0,142410.0,23
2025-07-01T15:26:00+05:30,142380.0,142465.0,142080.0,142090.0,24
2025-07-01T15:27:00+05:30,142160.0,142435.0,142055.0,142290.0,93
2025-07-01T15:28:00+05:30,142325.0,142480.0,142005.0,142150.0,27
2025-07-01T15:29:00+05:30,142090.0,142325.0,142090.0,142165.0,22
2025-07-02T09:15:00+05:30,142820.0,143440.0,142820.0,143255.0,50
2025-07-02T09:16:00+05:30,143255.0,143435.0,143145.0,143385.0,27
2025-07-02T09:17:00+05:30,143300.0,143440.0,143245.0,143245.0,40
2025-07-02T09:18:00+05:30,143245.0,143285.0,143125.0,143135.0,8
2025-07-02T09:19:00+05:30,143135.0,143135.0,143005.0,143005.0,15
2025-07-02T09:20:00+05:30,143005.0,143255.0,143005.0,143255.0,25
2025-07-02T09:21:00+05:30,143190.0,143190.0,143090.0,143130.0,23
2025-07-02T09:22:00+05:30,143095.0,143185.0,143070.0,143185.0,9
2025-07-02T09:23:00+05:30,143085.0,143180.0,143085.0,143180.0,3
2025-07-02T09:24:00+05:30,143180.0,143465.0,143105.0,143320.0,78
2025-07-02T09:25:00+05:30,143380.0,143380.0,143075.0,143185.0,59
2025-07-02T09:26:00+05:30,143275.0,143275.0,143255.0,143255.0,10
2025-07-02T09:27:00+05:30,143200.0,143200.0,143080.0,143175.0,14
2025-07-02T09:28:00+05:30,143100.0,143175.0,143100.0,143175.0,5
2025-07-02T09:29:00+05:30,143170.0,143300.0,143135.0,143215.0,65
2025-07-02T09:30:00+05:30,143140.0,143315.0,143140.0,143150.0,36
2025-07-02T09:31:00+05:30,143100.0,143175.0,143005.0,143065.0,31
2025-07-02T09:32:00+05:30,143065.0,143950.0,143065.0,143815.0,159
2025-07-02T09:33:00+05:30,143775.0,143870.0,143540.0,143685.0,90
2025-07-02T09:34:00+05:30,143640.0,143695.0,143605.0,143640.0,25
2025-07-02T09:35:00+05:30,143640.0,144150.0,143640.0,143995.0,169
2025-07-02T09:36:00+05:30,143900.0,144505.0,143900.0,144500.0,126
2025-07-02T09:37:00+05:30,144465.0,144600.0,144265.0,144600.0,102
2025-07-02T09:38:00+05:30,144590.0,145165.0,144590.0,144995.0,229
2025-07-02T09:39:00+05:30,144910.0,144960.0,144605.0,144605.0,40
2025-07-02T09:40:00+05:30,144685.0,144685.0,144510.0,144515.0,26
2025-07-02T09:41:00+05:30,144500.0,144890.0,144500.0,144730.0,141
2025-07-02T09:42:00+05:30,144730.0,144730.0,144535.0,144570.0,18
2025-07-02T09:43:00+05:30,144570.0,144570.0,144415.0,144425.0,15
2025-07-02T09:44:00+05:30,144415.0,144545.0,144415.0,144500.0,16
2025-07-02T09:45:00+05:30,144545.0,144590.0,144410.0,144410.0,28
2025-07-02T09:46:00+05:30,144400.0,144435.0,144300.0,144390.0,29
2025-07-02T09:47:00+05:30,144400.0,144410.0,144400.0,144410.0,12
2025-07-02T09:48:00+05:30,144410.0,144505.0,144325.0,144325.0,28
2025-07-02T09:49:00+05:30,144325.0,144445.0,144325.0,144350.0,7
2025-07-02T09:50:00+05:30,144330.0,144350.0,144150.0,144230.0,36
2025-07-02T09:51:00+05:30,144235.0,144300.0,144230.0,144230.0,12
2025-07-02T09:52:00+05:30,144270.0,144400.0,144230.0,144230.0,43
2025-07-02T09:53:00+05:30,144205.0,144205.0,144100.0,144180.0,14
2025-07-02T09:54:00+05:30,144180.0,144180.0,144175.0,144175.0,7
2025-07-02T09:55:00+05:30,144175.0,144175.0,143915.0,143965.0,40
2025-07-02T09:56:00+05:30,144035.0,144075.0,143910.0,144000.0,21
2025-07-02T09:57:00+05:30,143915.0,143975.0,143900.0,143900.0,9
2025-07-02T09:58:00+05:30,143900.0,143900.0,143550.0,143800.0,43
2025-07-02T09:59:00+05:30,143805.0,143950.0,143805.0,143950.0,10
2025-07-02T10:00:00+05:30,143950.0,143975.0,143865.0,143885.0,9
2025-07-02T10:01:00+05:30,143885.0,143885.0,143885.0,143885.0,3
2025-07-02T10:02:00+05:30,143885.0,143950.0,143885.0,143950.0,5
2025-07-02T10:03:00+05:30,143950.0,144200.0,143950.0,144170.0,32
2025-07-02T10:04:00+05:30,144205.0,144260.0,144175.0,144255.0,12
2025-07-02T10:05:00+05:30,144265.0,144320.0,144170.0,144170.0,18
2025-07-02T10:06:00+05:30,144180.0,144200.0,144125.0,144185.0,28
2025-07-02T10:07:00+05:30,144175.0,144175.0,144005.0,144005.0,8
2025-07-02T10:08:00+05:30,144005.0,144105.0,144005.0,144005.0,10
2025-07-02T10:09:00+05:30,144005.0,144005.0,144005.0,144005.0,1
2025-07-02T10:10:00+05:30,144005.0,144005.0,143740.0,143920.0,51
2025-07-02T10:11:00+05:30,143940.0,144095.0,143940.0,144095.0,19
2025-07-02T10:12:00+05:30,144080.0,144085.0,143985.0,143990.0,8
2025-07-02T10:13:00+05:30,143985.0,143985.0,143900.0,143900.0,13
2025-07-02T10:14:00+05:30,143885.0,144015.0,143875.0,144015.0,3
2025-07-02T10:15:00+05:30,144015.0,144015.0,144015.0,144015.0,2
2025-07-02T10:16:00+05:30,144005.0,144005.0,143905.0,143905.0,2
2025-07-02T10:17:00+05:30,143905.0,143960.0,143860.0,143960.0,5
2025-07-02T10:18:00+05:30,143855.0,143860.0,143855.0,143860.0,3
2025-07-02T10:19:00+05:30,143860.0,143990.0,143850.0,143865.0,11
2025-07-02T10:20:00+05:30,143900.0,143900.0,143865.0,143865.0,18
2025-07-02T10:21:00+05:30,143945.0,143990.0,143890.0,143890.0,10
2025-07-02T10:22:00+05:30,143890.0,143970.0,143890.0,143970.0,2
2025-07-02T10:23:00+05:30,143960.0,143965.0,143900.0,143900.0,3
2025-07-02T10:24:00+05:30,143955.0,144415.0,143925.0,144225.0,75
2025-07-02T10:25:00+05:30,144225.0,144225.0,144185.0,144185.0,4
2025-07-02T10:26:00+05:30,144155.0,144155.0,144100.0,144100.0,16
2025-07-02T10:27:00+05:30,143985.0,143990.0,143985.0,143990.0,2
2025-07-02T10:28:00+05:30,143990.0,144085.0,143965.0,143965.0,7
2025-07-02T10:29:00+05:30,143940.0,144000.0,143930.0,144000.0,13
2025-07-02T10:30:00+05:30,144000.0,144000.0,143870.0,143870.0,4
2025-07-02T10:31:00+05:30,143875.0,143875.0,143865.0,143865.0,4
2025-07-02T10:32:00+05:30,143900.0,143900.0,143900.0,143900.0,1
2025-07-02T10:33:00+05:30,143995.0,144240.0,143995.0,144240.0,23
2025-07-02T10:34:00+05:30,144195.0,144210.0,144125.0,144125.0,13
2025-07-02T10:35:00+05:30,144140.0,144200.0,144140.0,144200.0,8
2025-07-02T10:36:00+05:30,144195.0,144195.0,144195.0,144195.0,1
2025-07-02T10:37:00+05:30,144075.0,144165.0,144075.0,144080.0,4
2025-07-02T10:38:00+05:30,144135.0,144185.0,144080.0,144185.0,7
2025-07-02T10:39:00+05:30,144180.0,144445.0,144180.0,144395.0,84
2025-07-02T10:40:00+05:30,144390.0,144390.0,144240.0,144370.0,6
2025-07-02T10:41:00+05:30,144245.0,144805.0,144245.0,144505.0,118
2025-07-02T10:42:00+05:30,144585.0,144980.0,144545.0,144980.0,101
2025-07-02T10:43:00+05:30,144950.0,144950.0,144750.0,144760.0,30
2025-07-02T10:44:00+05:30,144755.0,144755.0,144555.0,144555.0,15
2025-07-02T10:45:00+05:30,144555.0,144695.0,144555.0,144690.0,13
2025-07-02T10:46:00+05:30,144555.0,144650.0,144465.0,144595.0,21
2025-07-02T10:47:00+05:30,144470.0,144685.0,144470.0,144685.0,17
2025-07-02T10:48:00+05:30,144690.0,144740.0,144610.0,144610.0,24
2025-07-02T10:49:00+05:30,144505.0,144610.0,144505.0,144570.0,5
2025-07-02T10:50:00+05:30,144570.0,144610.0,144570.0,144585.0,7
2025-07-02T10:51:00+05:30,144585.0,144715.0,144585.0,144600.0,4
2025-07-02T10:52:00+05:30,144650.0,144650.0,144585.0,144585.0,2
2025-07-02T10:53:00+05:30,144585.0,144585.0,144540.0,144540.0,7
2025-07-02T10:54:00+05:30,144530.0,144530.0,144530.0,144530.0,1
2025-07-02T10:55:00+05:30,144515.0,144630.0,144405.0,144630.0,23
2025-07-02T10:56:00+05:30,144605.0,144870.0,144510.0,144870.0,48
2025-07-02T10:57:00+05:30,144735.0,144990.0,144735.0,144890.0,93
2025-07-02T10:58:00+05:30,144810.0,144895.0,144810.0,144810.0,7
2025-07-02T10:59:00+05:30,144810.0,144945.0,144590.0,144945.0,44
2025-07-02T11:00:00+05:30,144915.0,144940.0,144795.0,144795.0,35
2025-07-02T11:01:00+05:30,144815.0,144900.0,144800.0,144825.0,9
2025-07-02T11:02:00+05:30,144895.0,144900.0,144805.0,144895.0,9
2025-07-02T11:03:00+05:30,144805.0,144805.0,144790.0,144790.0,6
2025-07-02T11:04:00+05:30,144705.0,144795.0,144620.0,144670.0,16
2025-07-02T11:05:00+05:30,144660.0,144740.0,144620.0,144740.0,11
2025-07-02T11:06:00+05:30,144635.0,144635.0,144420.0,144590.0,37
2025-07-02T11:07:00+05:30,144605.0,144700.0,144605.0,144685.0,16
2025-07-02T11:08:00+05:30,144660.0,144685.0,144590.0,144595.0,8
2025-07-02T11:09:00+05:30,144675.0,144675.0,144590.0,144600.0,31
2025-07-02T11:10:00+05:30,144600.0,144600.0,144595.0,144600.0,9
2025-07-02T11:11:00+05:30,144595.0,144665.0,144590.0,144665.0,5
2025-07-02T11:12:00+05:30,144660.0,144675.0,144605.0,144605.0,10
2025-07-02T11:13:00+05:30,144675.0,144795.0,144590.0,144710.0,20
2025-07-02T11:14:00+05:30,144795.0,144850.0,144740.0,144755.0,10
2025-07-02T11:15:00+05:30,144755.0,144885.0,144755.0,144865.0,14
2025-07-02T11:16:00+05:30,144875.0,145210.0,144875.0,145015.0,408
2025-07-02T11:17:00+05:30,145015.0,145015.0,144880.0,144995.0,6
2025-07-02T11:18:00+05:30,144880.0,144885.0,144755.0,144755.0,9
2025-07-02T11:19:00+05:30,144865.0,144865.0,144705.0,144705.0,8
2025-07-02T11:20:00+05:30,144825.0,144825.0,144715.0,144715.0,5
2025-07-02T11:21:00+05:30,144810.0,144810.0,144730.0,144730.0,2
2025-07-02T11:22:00+05:30,144705.0,144705.0,144700.0,144700.0,2
2025-07-02T11:23:00+05:30,144695.0,144730.0,144650.0,144650.0,8
2025-07-02T11:24:00+05:30,144650.0,144650.0,144600.0,144600.0,3
2025-07-02T11:25:00+05:30,144695.0,144695.0,144590.0,144605.0,11
2025-07-02T11:26:00+05:30,144595.0,144600.0,144590.0,144600.0,8
2025-07-02T11:27:00+05:30,144630.0,144630.0,144600.0,144600.0,8
2025-07-02T11:28:00+05:30,144595.0,144600.0,144515.0,144530.0,22
2025-07-02T11:30:00+05:30,144595.0,144625.0,144535.0,144535.0,12
2025-07-02T11:31:00+05:30,144530.0,144530.0,144500.0,144505.0,14
2025-07-02T11:32:00+05:30,144510.0,144510.0,144410.0,144410.0,28
2025-07-02T11:33:00+05:30,144410.0,144410.0,144410.0,144410.0,2
2025-07-02T11:34:00+05:30,144415.0,144470.0,144415.0,144470.0,3
2025-07-02T11:35:00+05:30,144415.0,144420.0,144405.0,144405.0,17
2025-07-02T11:36:00+05:30,144400.0,144400.0,144400.0,144400.0,5
2025-07-02T11:37:00+05:30,144400.0,144400.0,144400.0,144400.0,17
2025-07-02T11:38:00+05:30,144355.0,144355.0,144350.0,144350.0,2
2025-07-02T11:39:00+05:30,144350.0,144390.0,144265.0,144265.0,13
2025-07-02T11:40:00+05:30,144265.0,144295.0,144215.0,144215.0,13
2025-07-02T11:41:00+05:30,144315.0,144320.0,144315.0,144320.0,3
2025-07-02T11:42:00+05:30,144320.0,144320.0,144320.0,144320.0,1
2025-07-02T11:44:00+05:30,144355.0,144365.0,144355.0,144365.0,4
2025-07-02T11:45:00+05:30,144380.0,144385.0,144380.0,144385.0,4
2025-07-02T11:46:00+05:30,144400.0,144400.0,144380.0,144380.0,5
2025-07-02T11:47:00+05:30,144380.0,144380.0,144380.0,144380.0,1
2025-07-02T11:49:00+05:30,144375.0,144390.0,144365.0,144390.0,9
2025-07-02T11:50:00+05:30,144390.0,144405.0,144390.0,144405.0,9
2025-07-02T11:51:00+05:30,144450.0,144495.0,144425.0,144495.0,7
2025-07-02T11:52:00+05:30,144405.0,144405.0,144405.0,144405.0,1
2025-07-02T11:55:00+05:30,144405.0,144405.0,144405.0,144405.0,1
2025-07-02T11:56:00+05:30,144405.0,144405.0,144405.0,144405.0,1
2025-07-02T11:57:00+05:30,144405.0,144405.0,144405.0,144405.0,1
2025-07-02T11:58:00+05:30,144405.0,144450.0,144405.0,144405.0,3
2025-07-02T11:59:00+05:30,144485.0,144540.0,144435.0,144515.0,6
2025-07-02T12:00:00+05:30,144440.0,144440.0,144435.0,144435.0,4
2025-07-02T12:01:00+05:30,144435.0,144435.0,144435.0,144435.0,1
2025-07-02T12:02:00+05:30,144415.0,144420.0,144395.0,144420.0,21
2025-07-02T12:03:00+05:30,144410.0,144410.0,144410.0,144410.0,1
2025-07-02T12:04:00+05:30,144415.0,144415.0,144415.0,144415.0,1
2025-07-02T12:05:00+05:30,144415.0,144415.0,144370.0,144370.0,9
2025-07-02T12:09:00+05:30,144370.0,144370.0,144370.0,144370.0,1
2025-07-02T12:10:00+05:30,144375.0,144400.0,144375.0,144400.0,6
2025-07-02T12:11:00+05:30,144370.0,144370.0,144370.0,144370.0,2
2025-07-02T12:12:00+05:30,144400.0,144400.0,144400.0,144400.0,3
2025-07-02T12:13:00+05:30,144400.0,144400.0,144400.0,144400.0,2
2025-07-02T12:14:00+05:30,144400.0,144400.0,144400.0,144400.0,1
2025-07-02T12:15:00+05:30,144400.0,144400.0,144400.0,144400.0,1
2025-07-02T12:16:00+05:30,144400.0,144600.0,144400.0,144600.0,26
2025-07-02T12:17:00+05:30,144550.0,144700.0,144550.0,144625.0,35
2025-07-02T12:18:00+05:30,144675.0,144675.0,144550.0,144550.0,13
2025-07-02T12:19:00+05:30,144550.0,144550.0,144545.0,144545.0,2
2025-07-02T12:20:00+05:30,144500.0,144500.0,144500.0,144500.0,2
2025-07-02T12:21:00+05:30,144505.0,144545.0,144500.0,144545.0,4
2025-07-02T12:22:00+05:30,144575.0,144575.0,144450.0,144450.0,3
2025-07-02T12:23:00+05:30,144450.0,144450.0,144410.0,144415.0,3
2025-07-02T12:25:00+05:30,144520.0,144525.0,144515.0,144525.0,6
2025-07-02T12:26:00+05:30,144515.0,144515.0,144425.0,144425.0,7
2025-07-02T12:27:00+05:30,144540.0,144540.0,144540.0,144540.0,1
2025-07-02T12:28:00+05:30,144420.0,144420.0,144420.0,144420.0,1
2025-07-02T12:30:00+05:30,144435.0,144435.0,144430.0,144430.0,4
2025-07-02T12:32:00+05:30,144430.0,144535.0,144430.0,144535.0,4
2025-07-02T12:33:00+05:30,144535.0,144535.0,144535.0,144535.0,2
2025-07-02T12:34:00+05:30,144455.0,144455.0,144455.0,144455.0,2
2025-07-02T12:35:00+05:30,144455.0,144535.0,144425.0,144535.0,7
2025-07-02T12:40:00+05:30,144530.0,144530.0,144450.0,144450.0,2
2025-07-02T12:41:00+05:30,144530.0,144605.0,144500.0,144500.0,16
2025-07-02T12:42:00+05:30,144525.0,144525.0,144525.0,144525.0,2
2025-07-02T12:43:00+05:30,144515.0,144525.0,144515.0,144525.0,3
2025-07-02T12:44:00+05:30,144540.0,144540.0,144540.0,144540.0,8
2025-07-02T12:45:00+05:30,144515.0,144515.0,144515.0,144515.0,1
2025-07-02T12:46:00+05:30,144520.0,144535.0,144515.0,144515.0,37
2025-07-02T12:47:00+05:30,144520.0,144520.0,144520.0,144520.0,3
2025-07-02T12:48:00+05:30,144515.0,144520.0,144510.0,144510.0,7
2025-07-02T12:49:00+05:30,144520.0,144520.0,144500.0,144500.0,8
2025-07-02T12:50:00+05:30,144495.0,144510.0,144495.0,144500.0,12
2025-07-02T12:51:00+05:30,144455.0,144455.0,144400.0,144400.0,18
2025-07-02T12:52:00+05:30,144400.0,144440.0,144400.0,144400.0,11
2025-07-02T12:53:00+05:30,144400.0,144400.0,144400.0,144400.0,3
2025-07-02T12:54:00+05:30,144400.0,144445.0,144400.0,144445.0,2
2025-07-02T12:55:00+05:30,144445.0,144485.0,144400.0,144400.0,7
2025-07-02T12:56:00+05:30,144400.0,144450.0,144400.0,144400.0,4
2025-07-02T12:57:00+05:30,144450.0,144450.0,144345.0,144345.0,58
2025-07-02T12:58:00+05:30,144345.0,144345.0,144315.0,144315.0,4
2025-07-02T12:59:00+05:30,144320.0,144320.0,144320.0,144320.0,1
2025-07-02T13:00:00+05:30,144345.0,144345.0,144345.0,144345.0,1
2025-07-02T13:02:00+05:30,144375.0,144375.0,144375.0,144375.0,4
2025-07-02T13:03:00+05:30,144460.0,144465.0,144460.0,144465.0,4
2025-07-02T13:04:00+05:30,144480.0,144485.0,144480.0,144485.0,3
2025-07-02T13:05:00+05:30,144485.0,144490.0,144485.0,144490.0,3
2025-07-02T13:06:00+05:30,144400.0,144400.0,144400.0,144400.0,2
2025-07-02T13:08:00+05:30,144410.0,144410.0,144410.0,144410.0,1
2025-07-02T13:10:00+05:30,144410.0,144500.0,144410.0,144500.0,6
2025-07-02T13:11:00+05:30,144415.0,144490.0,144415.0,144415.0,3
2025-07-02T13:12:00+05:30,144415.0,144415.0,144415.0,144415.0,4
2025-07-02T13:13:00+05:30,144495.0,144500.0,144495.0,144500.0,2
2025-07-02T13:14:00+05:30,144415.0,144415.0,144400.0,144400.0,21
2025-07-02T13:15:00+05:30,144395.0,144400.0,144350.0,144350.0,6
2025-07-02T13:16:00+05:30,144350.0,144350.0,144250.0,144345.0,20
2025-07-02T13:17:00+05:30,144345.0,144345.0,144345.0,144345.0,1
2025-07-02T13:18:00+05:30,144300.0,144300.0,144300.0,144300.0,1
2025-07-02T13:19:00+05:30,144280.0,144280.0,144250.0,144250.0,2
2025-07-02T13:20:00+05:30,144250.0,144250.0,144235.0,144235.0,6
2025-07-02T13:21:00+05:30,144235.0,144235.0,144125.0,144125.0,41
2025-07-02T13:22:00+05:30,144120.0,144210.0,144120.0,144200.0,14
2025-07-02T13:23:00+05:30,144200.0,144275.0,144160.0,144275.0,5
2025-07-02T13:25:00+05:30,144275.0,144275.0,144275.0,144275.0,5
2025-07-02T13:26:00+05:30,144275.0,144275.0,144275.0,144275.0,2
2025-07-02T13:27:00+05:30,144275.0,144280.0,144185.0,144185.0,9
2025-07-02T13:28:00+05:30,144175.0,144175.0,144170.0,144170.0,3
2025-07-02T13:29:00+05:30,144170.0,144170.0,144170.0,144170.0,4
2025-07-02T13:30:00+05:30,144175.0,144175.0,144100.0,144100.0,21
2025-07-02T13:31:00+05:30,144100.0,144100.0,144010.0,144080.0,12
2025-07-02T13:32:00+05:30,144080.0,144100.0,144080.0,144100.0,14
2025-07-02T13:33:00+05:30,144105.0,144195.0,144105.0,144195.0,6
2025-07-02T13:34:00+05:30,144200.0,144200.0,144200.0,144200.0,1
2025-07-02T13:35:00+05:30,144220.0,144325.0,144220.0,144325.0,4
2025-07-02T13:36:00+05:30,144310.0,144360.0,144310.0,144360.0,55
2025-07-02T13:37:00+05:30,144395.0,144395.0,144395.0,144395.0,1
2025-07-02T13:38:00+05:30,144360.0,144360.0,144360.0,144360.0,1
2025-07-02T13:39:00+05:30,144360.0,144360.0,144360.0,144360.0,3
2025-07-02T13:40:00+05:30,144365.0,144365.0,144295.0,144295.0,10
2025-07-02T13:42:00+05:30,144375.0,144375.0,144375.0,144375.0,3
2025-07-02T13:43:00+05:30,144375.0,144375.0,144375.0,144375.0,6
2025-07-02T13:44:00+05:30,144355.0,144355.0,144355.0,144355.0,1
2025-07-02T13:45:00+05:30,144355.0,144355.0,144355.0,144355.0,1
2025-07-02T13:47:00+05:30,144305.0,144305.0,144305.0,144305.0,1
2025-07-02T13:48:00+05:30,144370.0,144375.0,144300.0,144300.0,5
2025-07-02T13:49:00+05:30,144375.0,144390.0,144300.0,144300.0,5
2025-07-02T13:52:00+05:30,144305.0,144305.0,144305.0,144305.0,2
2025-07-02T13:54:00+05:30,144305.0,144305.0,144295.0,144295.0,5
2025-07-02T13:55:00+05:30,144265.0,144265.0,144265.0,144265.0,1
2025-07-02T13:56:00+05:30,144205.0,144205.0,144125.0,144130.0,8
2025-07-02T13:57:00+05:30,144225.0,144265.0,144225.0,144265.0,11
2025-07-02T13:58:00+05:30,144265.0,144275.0,144175.0,144175.0,13
2025-07-02T13:59:00+05:30,144275.0,144275.0,144275.0,144275.0,2
2025-07-02T14:00:00+05:30,144275.0,144275.0,144275.0,144275.0,1
2025-07-02T14:01:00+05:30,144215.0,144215.0,144215.0,144215.0,1
2025-07-02T14:03:00+05:30,144275.0,144275.0,144275.0,144275.0,1
2025-07-02T14:04:00+05:30,144275.0,144300.0,144275.0,144300.0,11
2025-07-02T14:05:00+05:30,144360.0,144395.0,144350.0,144350.0,9
2025-07-02T14:06:00+05:30,144315.0,144365.0,144315.0,144365.0,2
2025-07-02T14:07:00+05:30,144365.0,144365.0,144365.0,144365.0,1
2025-07-02T14:08:00+05:30,144365.0,144365.0,144365.0,144365.0,1
2025-07-02T14:09:00+05:30,144310.0,144365.0,144310.0,144365.0,7
2025-07-02T14:10:00+05:30,144360.0,144360.0,144360.0,144360.0,1
2025-07-02T14:11:00+05:30,144365.0,144400.0,144365.0,144400.0,17
2025-07-02T14:12:00+05:30,144420.0,144510.0,144420.0,144435.0,18
2025-07-02T14:14:00+05:30,144450.0,144455.0,144450.0,144455.0,2
2025-07-02T14:16:00+05:30,144500.0,144500.0,144500.0,144500.0,1
2025-07-02T14:17:00+05:30,144500.0,144500.0,144500.0,144500.0,4
2025-07-02T14:18:00+05:30,144460.0,144460.0,144460.0,144460.0,3
2025-07-02T14:19:00+05:30,144460.0,144460.0,144450.0,144450.0,4
2025-07-02T14:22:00+05:30,144410.0,144410.0,144405.0,144405.0,3
2025-07-02T14:23:00+05:30,144410.0,144410.0,144315.0,144315.0,4
2025-07-02T14:24:00+05:30,144315.0,144315.0,144280.0,144280.0,3
2025-07-02T14:25:00+05:30,144315.0,144315.0,144310.0,144310.0,3
2025-07-02T14:26:00+05:30,144405.0,144410.0,144405.0,144410.0,2
2025-07-02T14:28:00+05:30,144410.0,144460.0,144325.0,144460.0,5
2025-07-02T14:29:00+05:30,144460.0,144460.0,144460.0,144460.0,1
2025-07-02T14:30:00+05:30,144390.0,144390.0,144365.0,144365.0,2
2025-07-02T14:31:00+05:30,144365.0,144480.0,144365.0,144405.0,5
2025-07-02T14:32:00+05:30,144400.0,144400.0,144395.0,144395.0,2
2025-07-02T14:33:00+05:30,144390.0,144475.0,144390.0,144475.0,2
2025-07-02T14:34:00+05:30,144390.0,144390.0,144380.0,144380.0,3
2025-07-02T14:35:00+05:30,144380.0,144380.0,144380.0,144380.0,3
2025-07-02T14:36:00+05:30,144475.0,144475.0,144475.0,144475.0,2
2025-07-02T14:37:00+05:30,144475.0,144475.0,144415.0,144415.0,5
2025-07-02T14:38:00+05:30,144470.0,144470.0,144470.0,144470.0,1
2025-07-02T14:39:00+05:30,144465.0,144465.0,144390.0,144390.0,2
2025-07-02T14:40:00+05:30,144390.0,144390.0,144390.0,144390.0,1
2025-07-02T14:41:00+05:30,144395.0,144560.0,144395.0,144510.0,31
2025-07-02T14:42:00+05:30,144420.0,144420.0,144420.0,144420.0,1
2025-07-02T14:44:00+05:30,144500.0,144500.0,144500.0,144500.0,4
2025-07-02T14:45:00+05:30,144445.0,144555.0,144445.0,144555.0,6
2025-07-02T14:46:00+05:30,144550.0,144550.0,144480.0,144480.0,4
2025-07-02T14:47:00+05:30,144550.0,144560.0,144550.0,144560.0,17
2025-07-02T14:48:00+05:30,144520.0,144595.0,144520.0,144565.0,40
2025-07-02T14:49:00+05:30,144565.0,144570.0,144565.0,144570.0,3
2025-07-02T14:50:00+05:30,144590.0,144630.0,144590.0,144630.0,24
2025-07-02T14:51:00+05:30,144615.0,144700.0,144615.0,144640.0,8
2025-07-02T14:52:00+05:30,144685.0,144685.0,144600.0,144660.0,40
2025-07-02T14:53:00+05:30,144600.0,144665.0,144600.0,144655.0,19
2025-07-02T14:54:00+05:30,144650.0,144650.0,144500.0,144640.0,10
2025-07-02T14:55:00+05:30,144505.0,144615.0,144505.0,144595.0,11
2025-07-02T14:56:00+05:30,144505.0,144585.0,144500.0,144505.0,8
2025-07-02T14:57:00+05:30,144505.0,144595.0,144475.0,144490.0,17
2025-07-02T14:58:00+05:30,144585.0,144585.0,144585.0,144585.0,1
2025-07-02T14:59:00+05:30,144495.0,144580.0,144480.0,144480.0,9
2025-07-02T15:00:00+05:30,144580.0,144900.0,144475.0,144835.0,112
2025-07-02T15:01:00+05:30,144865.0,144990.0,144760.0,144990.0,114
2025-07-02T15:02:00+05:30,144975.0,145000.0,144930.0,144930.0,62
2025-07-02T15:03:00+05:30,144930.0,145080.0,144700.0,145080.0,186
2025-07-02T15:04:00+05:30,145095.0,145200.0,144915.0,145055.0,92
2025-07-02T15:05:00+05:30,145010.0,145100.0,145010.0,145090.0,18
2025-07-02T15:06:00+05:30,145080.0,145150.0,145025.0,145095.0,43
2025-07-02T15:07:00+05:30,145140.0,145185.0,145095.0,145135.0,21
2025-07-02T15:08:00+05:30,145135.0,145185.0,145135.0,145185.0,32
2025-07-02T15:09:00+05:30,145180.0,145185.0,145055.0,145185.0,45
2025-07-02T15:10:00+05:30,145140.0,145200.0,145060.0,145065.0,39
2025-07-02T15:11:00+05:30,145155.0,145265.0,145115.0,145265.0,132
2025-07-02T15:12:00+05:30,145280.0,145300.0,145150.0,145265.0,71
2025-07-02T15:13:00+05:30,145285.0,145300.0,145150.0,145300.0,48
2025-07-02T15:14:00+05:30,145270.0,145350.0,145085.0,145265.0,107
2025-07-02T15:15:00+05:30,145355.0,145400.0,145300.0,145300.0,62
2025-07-02T15:16:00+05:30,145300.0,145400.0,145300.0,145330.0,49
2025-07-02T15:17:00+05:30,145355.0,145500.0,145350.0,145500.0,106
2025-07-02T15:18:00+05:30,145460.0,145500.0,145455.0,145500.0,114
2025-07-02T15:19:00+05:30,145500.0,145525.0,145475.0,145525.0,115
2025-07-02T15:20:00+05:30,145525.0,145680.0,145450.0,145450.0,154
2025-07-02T15:21:00+05:30,145490.0,145490.0,145275.0,145285.0,36
2025-07-02T15:22:00+05:30,145320.0,145415.0,145215.0,145395.0,45
2025-07-02T15:23:00+05:30,145330.0,145330.0,145190.0,145220.0,48
2025-07-02T15:24:00+05:30,145285.0,145430.0,145000.0,145135.0,93
2025-07-02T15:25:00+05:30,145135.0,145310.0,145060.0,145205.0,27
2025-07-02T15:26:00+05:30,145255.0,145310.0,145100.0,145110.0,45
2025-07-02T15:27:00+05:30,145160.0,145200.0,145100.0,145200.0,39
2025-07-02T15:28:00+05:30,145200.0,145500.0,145115.0,145385.0,57
2025-07-02T15:29:00+05:30,145335.0,145400.0,145120.0,145400.0,39
2025-07-03T09:15:00+05:30,145500.0,146300.0,145400.0,145960.0,204
2025-07-03T09:16:00+05:30,146060.0,146250.0,146000.0,146100.0,64
2025-07-03T09:17:00+05:30,146195.0,146485.0,146195.0,146315.0,84
2025-07-03T09:18:00+05:30,146400.0,146750.0,146315.0,146640.0,163
2025-07-03T09:19:00+05:30,146690.0,147400.0,146670.0,147200.0,291
2025-07-03T09:20:00+05:30,147215.0,147600.0,146865.0,147510.0,156
2025-07-03T09:21:00+05:30,147505.0,147595.0,147175.0,147220.0,221
2025-07-03T09:22:00+05:30,147255.0,147435.0,147000.0,147245.0,86
2025-07-03T09:23:00+05:30,147160.0,147365.0,147025.0,147275.0,134
2025-07-03T09:24:00+05:30,147275.0,147400.0,147275.0,147280.0,75
2025-07-03T09:25:00+05:30,147275.0,147995.0,147145.0,147965.0,432
2025-07-03T09:26:00+05:30,147870.0,148075.0,147185.0,147320.0,314
2025-07-03T09:27:00+05:30,147225.0,147515.0,147200.0,147230.0,96
2025-07-03T09:28:00+05:30,147160.0,147175.0,146885.0,147000.0,160
2025-07-03T09:29:00+05:30,147060.0,147100.0,146900.0,146980.0,109
2025-07-03T09:30:00+05:30,146905.0,146980.0,146900.0,146980.0,18
2025-07-03T09:31:00+05:30,146905.0,147100.0,146900.0,146965.0,80
2025-07-03T09:32:00+05:30,147055.0,147065.0,147000.0,147055.0,21
2025-07-03T09:33:00+05:30,146995.0,147095.0,146995.0,147080.0,13
2025-07-03T09:34:00+05:30,147080.0,147080.0,147000.0,147000.0,17
2025-07-03T09:35:00+05:30,147005.0,147035.0,146965.0,146965.0,11
2025-07-03T09:36:00+05:30,146945.0,146995.0,146900.0,146995.0,38
2025-07-03T09:37:00+05:30,146905.0,146945.0,146900.0,146900.0,115
2025-07-03T09:38:00+05:30,146880.0,146880.0,146650.0,146660.0,121
2025-07-03T09:39:00+05:30,146765.0,146765.0,146635.0,146680.0,23
2025-07-03T09:40:00+05:30,146710.0,146710.0,146620.0,146660.0,33
2025-07-03T09:41:00+05:30,146660.0,146680.0,146660.0,146660.0,29
2025-07-03T09:42:00+05:30,146680.0,146775.0,146680.0,146775.0,86
2025-07-03T09:43:00+05:30,146775.0,146775.0,146700.0,146700.0,12
2025-07-03T09:44:00+05:30,146700.0,146745.0,146700.0,146745.0,5
2025-07-03T09:45:00+05:30,146670.0,146795.0,146660.0,146795.0,18
2025-07-03T09:46:00+05:30,146740.0,146865.0,146605.0,146605.0,69
2025-07-03T09:47:00+05:30,146605.0,146745.0,146605.0,146655.0,9
2025-07-03T09:48:00+05:30,146655.0,146750.0,146655.0,146685.0,23
2025-07-03T09:49:00+05:30,146690.0,146835.0,146690.0,146810.0,19
2025-07-03T09:50:00+05:30,146805.0,146810.0,146800.0,146800.0,4
2025-07-03T09:51:00+05:30,146805.0,146865.0,146770.0,146800.0,20
2025-07-03T09:52:00+05:30,146865.0,146890.0,146760.0,146760.0,39
2025-07-03T09:53:00+05:30,146790.0,146790.0,146640.0,146785.0,33
2025-07-03T09:54:00+05:30,146845.0,146860.0,146785.0,146785.0,6
2025-07-03T09:55:00+05:30,146785.0,146785.0,146750.0,146750.0,5
2025-07-03T09:56:00+05:30,146750.0,146865.0,146750.0,146860.0,22
2025-07-03T09:57:00+05:30,146860.0,146880.0,146785.0,146785.0,8
2025-07-03T09:58:00+05:30,146880.0,146905.0,146790.0,146885.0,12
2025-07-03T09:59:00+05:30,146790.0,146885.0,146785.0,146885.0,8
2025-07-03T10:00:00+05:30,146885.0,147000.0,146885.0,146900.0,27
2025-07-03T10:01:00+05:30,146995.0,146995.0,146820.0,146820.0,21
2025-07-03T10:02:00+05:30,146925.0,146925.0,146820.0,146885.0,7
2025-07-03T10:03:00+05:30,146805.0,146885.0,146805.0,146805.0,5
2025-07-03T10:04:00+05:30,146800.0,146800.0,146720.0,146720.0,10
2025-07-03T10:05:00+05:30,146720.0,146795.0,146700.0,146780.0,7
2025-07-03T10:06:00+05:30,146705.0,146705.0,146700.0,146700.0,6
2025-07-03T10:07:00+05:30,146775.0,146775.0,146680.0,146700.0,21
2025-07-03T10:08:00+05:30,146700.0,146835.0,146690.0,146705.0,24
2025-07-03T10:09:00+05:30,146800.0,146800.0,146705.0,146705.0,9
2025-07-03T10:10:00+05:30,146795.0,146795.0,146650.0,146700.0,18
2025-07-03T10:11:00+05:30,146700.0,146700.0,146605.0,146695.0,14
2025-07-03T10:12:00+05:30,146610.0,146690.0,146605.0,146690.0,19
2025-07-03T10:13:00+05:30,146625.0,146685.0,146625.0,146685.0,8
2025-07-03T10:14:00+05:30,146690.0,146690.0,146625.0,146625.0,12
2025-07-03T10:15:00+05:30,146625.0,146685.0,146625.0,146685.0,6
2025-07-03T10:16:00+05:30,146690.0,146705.0,146650.0,146700.0,16
2025-07-03T10:17:00+05:30,146650.0,146700.0,146650.0,146650.0,5
2025-07-03T10:18:00+05:30,146655.0,146770.0,146655.0,146685.0,7
2025-07-03T10:19:00+05:30,146685.0,146685.0,146685.0,146685.0,4
2025-07-03T10:20:00+05:30,146655.0,146685.0,146650.0,146650.0,7
2025-07-03T10:21:00+05:30,146650.0,146650.0,146570.0,146570.0,122
2025-07-03T10:22:00+05:30,146570.0,146595.0,146515.0,146590.0,27
2025-07-03T10:24:00+05:30,146590.0,146600.0,146535.0,146535.0,8
2025-07-03T10:25:00+05:30,146525.0,146570.0,146525.0,146570.0,5
2025-07-03T10:26:00+05:30,146600.0,146600.0,146525.0,146525.0,4
2025-07-03T10:27:00+05:30,146550.0,146685.0,146525.0,146685.0,24
2025-07-03T10:28:00+05:30,146660.0,146720.0,146660.0,146720.0,4
2025-07-03T10:29:00+05:30,146695.0,146800.0,146685.0,146795.0,12
2025-07-03T10:30:00+05:30,146800.0,146800.0,146760.0,146800.0,12
2025-07-03T10:32:00+05:30,146800.0,146800.0,146760.0,146760.0,2
2025-07-03T10:33:00+05:30,146800.0,146800.0,146700.0,146700.0,8
2025-07-03T10:35:00+05:30,146725.0,146725.0,146700.0,146700.0,7
2025-07-03T10:36:00+05:30,146800.0,146800.0,146725.0,146725.0,5
2025-07-03T10:37:00+05:30,146725.0,146800.0,146725.0,146800.0,10
2025-07-03T10:38:00+05:30,146725.0,146725.0,146725.0,146725.0,6
2025-07-03T10:39:00+05:30,146725.0,146800.0,146725.0,146725.0,17
2025-07-03T10:40:00+05:30,146725.0,146800.0,146725.0,146800.0,4
2025-07-03T10:41:00+05:30,146725.0,146725.0,146725.0,146725.0,7
2025-07-03T10:42:00+05:30,146700.0,146795.0,146700.0,146705.0,6
2025-07-03T10:43:00+05:30,146705.0,146705.0,146650.0,146650.0,10
2025-07-03T10:44:00+05:30,146625.0,146625.0,146610.0,146610.0,3
2025-07-03T10:45:00+05:30,146605.0,146605.0,146605.0,146605.0,3
2025-07-03T10:48:00+05:30,146650.0,146650.0,146605.0,146605.0,8
2025-07-03T10:49:00+05:30,146700.0,146700.0,146695.0,146700.0,4
2025-07-03T10:50:00+05:30,146615.0,146615.0,146615.0,146615.0,1
2025-07-03T10:51:00+05:30,146705.0,146705.0,146705.0,146705.0,4
2025-07-03T10:53:00+05:30,146650.0,146735.0,146650.0,146730.0,11
2025-07-03T10:54:00+05:30,146625.0,146625.0,146625.0,146625.0,2
2025-07-03T10:55:00+05:30,146655.0,146735.0,146655.0,146735.0,5
2025-07-03T10:56:00+05:30,146630.0,146725.0,146630.0,146725.0,6
2025-07-03T10:57:00+05:30,146720.0,146720.0,146630.0,146640.0,11
2025-07-03T10:58:00+05:30,146625.0,146640.0,146625.0,146625.0,6
2025-07-03T10:59:00+05:30,146640.0,146640.0,146600.0,146600.0,18
2025-07-03T11:00:00+05:30,146550.0,146830.0,146550.0,146830.0,63
2025-07-03T11:01:00+05:30,146865.0,146920.0,146850.0,146920.0,35
2025-07-03T11:02:00+05:30,146860.0,146925.0,146860.0,146905.0,6
2025-07-03T11:03:00+05:30,146930.0,146930.0,146925.0,146925.0,2
2025-07-03T11:04:00+05:30,146920.0,146920.0,146805.0,146835.0,7
2025-07-03T11:05:00+05:30,146835.0,146925.0,146835.0,146840.0,9
2025-07-03T11:06:00+05:30,146900.0,146920.0,146845.0,146845.0,4
2025-07-03T11:07:00+05:30,146845.0,146900.0,146835.0,146835.0,5
2025-07-03T11:10:00+05:30,146845.0,146860.0,146835.0,146860.0,12
2025-07-03T11:11:00+05:30,146855.0,146860.0,146760.0,146760.0,7
2025-07-03T11:12:00+05:30,146760.0,146760.0,146750.0,146750.0,14
2025-07-03T11:13:00+05:30,146750.0,146805.0,146750.0,146805.0,3
2025-07-03T11:14:00+05:30,146705.0,146710.0,146705.0,146710.0,2
2025-07-03T11:15:00+05:30,146805.0,146805.0,146805.0,146805.0,1
2025-07-03T11:16:00+05:30,146805.0,146805.0,146730.0,146795.0,3
2025-07-03T11:17:00+05:30,146800.0,146800.0,146800.0,146800.0,1
2025-07-03T11:18:00+05:30,146805.0,146805.0,146760.0,146760.0,3
2025-07-03T11:20:00+05:30,146800.0,146800.0,146800.0,146800.0,5
2025-07-03T11:21:00+05:30,146800.0,146800.0,146800.0,146800.0,1
2025-07-03T11:22:00+05:30,146760.0,146760.0,146760.0,146760.0,3
2025-07-03T11:23:00+05:30,146760.0,146760.0,146760.0,146760.0,4
2025-07-03T11:24:00+05:30,146795.0,146795.0,146760.0,146795.0,7
2025-07-03T11:25:00+05:30,146760.0,146760.0,146760.0,146760.0,2
2025-07-03T11:26:00+05:30,146795.0,146795.0,146795.0,146795.0,1
2025-07-03T11:27:00+05:30,146795.0,146800.0,146795.0,146795.0,8
2025-07-03T11:28:00+05:30,146760.0,146790.0,146760.0,146790.0,3
2025-07-03T11:30:00+05:30,146790.0,146790.0,146760.0,146760.0,7
2025-07-03T11:31:00+05:30,146760.0,146760.0,146705.0,146705.0,5
2025-07-03T11:32:00+05:30,146785.0,146785.0,146705.0,146705.0,2
2025-07-03T11:34:00+05:30,146715.0,146775.0,146705.0,146705.0,4
2025-07-03T11:35:00+05:30,146705.0,146705.0,146705.0,146705.0,2
2025-07-03T11:36:00+05:30,146760.0,146785.0,146710.0,146710.0,10
2025-07-03T11:37:00+05:30,146790.0,146790.0,146720.0,146720.0,2
2025-07-03T11:40:00+05:30,146790.0,146790.0,146790.0,146790.0,1
2025-07-03T11:41:00+05:30,146790.0,146800.0,146790.0,146800.0,9
2025-07-03T11:42:00+05:30,146795.0,146810.0,146725.0,146725.0,11
2025-07-03T11:43:00+05:30,146725.0,146725.0,146725.0,146725.0,1
2025-07-03T11:44:00+05:30,146730.0,146730.0,146725.0,146725.0,2
2025-07-03T11:45:00+05:30,146795.0,146795.0,146795.0,146795.0,1
2025-07-03T11:46:00+05:30,146725.0,146860.0,146720.0,146860.0,11
2025-07-03T11:47:00+05:30,146760.0,146760.0,146755.0,146755.0,6
2025-07-03T11:48:00+05:30,146760.0,146760.0,146760.0,146760.0,1
2025-07-03T11:49:00+05:30,146760.0,146760.0,146760.0,146760.0,2
2025-07-03T11:50:00+05:30,146760.0,146760.0,146755.0,146755.0,4
2025-07-03T11:51:00+05:30,146800.0,146800.0,146800.0,146800.0,1
2025-07-03T11:52:00+05:30,146845.0,146865.0,146750.0,146750.0,18
2025-07-03T11:53:00+05:30,146725.0,146750.0,146720.0,146750.0,4
2025-07-03T11:54:00+05:30,146820.0,146845.0,146820.0,146840.0,5
2025-07-03T11:55:00+05:30,146840.0,146865.0,146765.0,146865.0,11
2025-07-03T11:56:00+05:30,146865.0,146865.0,146775.0,146865.0,5
2025-07-03T11:57:00+05:30,146795.0,146865.0,146795.0,146865.0,4
2025-07-03T11:58:00+05:30,146795.0,146795.0,146780.0,146780.0,3
2025-07-03T11:59:00+05:30,146790.0,146790.0,146790.0,146790.0,1
2025-07-03T12:00:00+05:30,146790.0,146840.0,146790.0,146840.0,4
2025-07-03T12:01:00+05:30,146850.0,146850.0,146790.0,146790.0,3
2025-07-03T12:02:00+05:30,146790.0,146790.0,146780.0,146780.0,2
2025-07-03T12:03:00+05:30,146845.0,146850.0,146785.0,146790.0,4
2025-07-03T12:04:00+05:30,146790.0,146790.0,146785.0,146785.0,4
2025-07-03T12:05:00+05:30,146785.0,146840.0,146780.0,146820.0,19
2025-07-03T12:06:00+05:30,146750.0,146790.0,146700.0,146790.0,8
2025-07-03T12:07:00+05:30,146705.0,146815.0,146700.0,146815.0,10
2025-07-03T12:08:00+05:30,146785.0,146795.0,146710.0,146780.0,10
2025-07-03T12:09:00+05:30,146720.0,146795.0,146720.0,146795.0,2
2025-07-03T12:10:00+05:30,146725.0,146725.0,146720.0,146720.0,3
2025-07-03T12:11:00+05:30,146785.0,146795.0,146720.0,146795.0,7
2025-07-03T12:12:00+05:30,146800.0,146800.0,146710.0,146710.0,7
2025-07-03T12:13:00+05:30,146710.0,146785.0,146580.0,146690.0,49
2025-07-03T12:14:00+05:30,146700.0,146700.0,146600.0,146600.0,3
2025-07-03T12:15:00+05:30,146605.0,146680.0,146575.0,146680.0,5
2025-07-03T12:16:00+05:30,146600.0,146700.0,146600.0,146615.0,5
2025-07-03T12:17:00+05:30,146615.0,146615.0,146600.0,146615.0,5
2025-07-03T12:18:00+05:30,146665.0,146665.0,146575.0,146665.0,22
2025-07-03T12:19:00+05:30,146690.0,146690.0,146560.0,146665.0,3
2025-07-03T12:20:00+05:30,146555.0,146555.0,146550.0,146550.0,6
2025-07-03T12:21:00+05:30,146550.0,146605.0,146550.0,146600.0,8
2025-07-03T12:22:00+05:30,146565.0,146580.0,146255.0,146310.0,84
2025-07-03T12:23:00+05:30,146295.0,146310.0,146110.0,146125.0,40
2025-07-03T12:24:00+05:30,146190.0,146230.0,146110.0,146110.0,24
2025-07-03T12:25:00+05:30,146190.0,146230.0,146130.0,146230.0,17
2025-07-03T12:26:00+05:30,146230.0,146230.0,146055.0,146115.0,75
2025-07-03T12:27:00+05:30,146060.0,146150.0,146030.0,146110.0,14
2025-07-03T12:28:00+05:30,146055.0,146080.0,146005.0,146005.0,23
2025-07-03T12:29:00+05:30,146000.0,146005.0,145930.0,145935.0,55
2025-07-03T12:30:00+05:30,145935.0,146000.0,145930.0,145990.0,11
2025-07-03T12:31:00+05:30,146000.0,146035.0,145950.0,146010.0,23
2025-07-03T12:32:00+05:30,146075.0,146080.0,146010.0,146080.0,9
2025-07-03T12:33:00+05:30,146080.0,146080.0,146075.0,146075.0,8
2025-07-03T12:34:00+05:30,146075.0,146100.0,146075.0,146100.0,3
2025-07-03T12:35:00+05:30,146100.0,146195.0,146100.0,146100.0,3
2025-07-03T12:36:00+05:30,146100.0,146100.0,146100.0,146100.0,1
2025-07-03T12:37:00+05:30,146105.0,146105.0,146105.0,146105.0,3
2025-07-03T12:38:00+05:30,146100.0,146100.0,146080.0,146080.0,10
2025-07-03T12:39:00+05:30,146050.0,146080.0,146050.0,146080.0,2
2025-07-03T12:40:00+05:30,146080.0,146080.0,146080.0,146080.0,1
2025-07-03T12:41:00+05:30,146105.0,146105.0,146035.0,146035.0,2
2025-07-03T12:42:00+05:30,146105.0,146110.0,146080.0,146110.0,7
2025-07-03T12:43:00+05:30,146055.0,146110.0,146055.0,146110.0,2
2025-07-03T12:44:00+05:30,146110.0,146110.0,146040.0,146040.0,3
2025-07-03T12:45:00+05:30,146110.0,146180.0,146055.0,146180.0,10
2025-07-03T12:46:00+05:30,146090.0,146235.0,146090.0,146230.0,9
2025-07-03T12:47:00+05:30,146230.0,146250.0,146130.0,146130.0,18
2025-07-03T12:48:00+05:30,146220.0,146220.0,146130.0,146130.0,2
2025-07-03T12:49:00+05:30,146130.0,146175.0,146130.0,146175.0,3
2025-07-03T12:50:00+05:30,146130.0,146130.0,146130.0,146130.0,9
2025-07-03T12:51:00+05:30,146090.0,146090.0,146090.0,146090.0,1
2025-07-03T12:52:00+05:30,146175.0,146175.0,146095.0,146095.0,5
2025-07-03T12:53:00+05:30,146100.0,146175.0,146100.0,146100.0,5
2025-07-03T12:54:00+05:30,146175.0,146205.0,146125.0,146125.0,6
2025-07-03T12:55:00+05:30,146125.0,146125.0,146105.0,146125.0,4
2025-07-03T12:56:00+05:30,146100.0,146200.0,146100.0,146175.0,7
2025-07-03T12:57:00+05:30,146180.0,146215.0,146065.0,146065.0,23
2025-07-03T12:58:00+05:30,146065.0,146145.0,146035.0,146145.0,7
2025-07-03T12:59:00+05:30,146135.0,146150.0,146050.0,146150.0,3
2025-07-03T13:00:00+05:30,146090.0,146145.0,146060.0,146145.0,3
2025-07-03T13:01:00+05:30,146065.0,146065.0,146065.0,146065.0,1
2025-07-03T13:02:00+05:30,146065.0,146145.0,146060.0,146145.0,4
2025-07-03T13:03:00+05:30,146065.0,146065.0,146065.0,146065.0,1
2025-07-03T13:04:00+05:30,146070.0,146070.0,146070.0,146070.0,4
2025-07-03T13:05:00+05:30,146165.0,146175.0,146100.0,146100.0,8
2025-07-03T13:06:00+05:30,146105.0,146105.0,146105.0,146105.0,1
2025-07-03T13:07:00+05:30,146085.0,146165.0,146085.0,146165.0,5
2025-07-03T13:08:00+05:30,146080.0,146080.0,146080.0,146080.0,1
2025-07-03T13:09:00+05:30,146170.0,146170.0,146085.0,146085.0,5
2025-07-03T13:10:00+05:30,146090.0,146090.0,146090.0,146090.0,1
2025-07-03T13:11:00+05:30,146175.0,146175.0,146090.0,146100.0,6
2025-07-03T13:12:00+05:30,146100.0,146175.0,146100.0,146175.0,2
2025-07-03T13:13:00+05:30,146105.0,146105.0,146100.0,146100.0,8
2025-07-03T13:14:00+05:30,146100.0,146100.0,146100.0,146100.0,3
2025-07-03T13:15:00+05:30,146100.0,146165.0,146100.0,146160.0,3
2025-07-03T13:16:00+05:30,146100.0,146100.0,145805.0,145880.0,90
2025-07-03T13:17:00+05:30,145905.0,146000.0,145855.0,145940.0,7
2025-07-03T13:18:00+05:30,145895.0,145980.0,145865.0,145975.0,5
2025-07-03T13:19:00+05:30,145980.0,145985.0,145905.0,145985.0,5
2025-07-03T13:20:00+05:30,145980.0,145980.0,145910.0,145910.0,2
2025-07-03T13:21:00+05:30,145980.0,146060.0,145960.0,146060.0,7
2025-07-03T13:22:00+05:30,145985.0,146045.0,145910.0,145925.0,7
2025-07-03T13:23:00+05:30,146055.0,146055.0,145900.0,145900.0,12
2025-07-03T13:24:00+05:30,145925.0,145925.0,145905.0,145905.0,4
2025-07-03T13:25:00+05:30,145910.0,145950.0,145905.0,145950.0,3
2025-07-03T13:26:00+05:30,145910.0,145950.0,145910.0,145910.0,10
2025-07-03T13:27:00+05:30,145910.0,146020.0,145910.0,145910.0,9
2025-07-03T13:28:00+05:30,145990.0,145990.0,145910.0,145915.0,5
2025-07-03T13:29:00+05:30,145980.0,145980.0,145915.0,145915.0,5
2025-07-03T13:30:00+05:30,145980.0,145980.0,145915.0,145915.0,2
2025-07-03T13:31:00+05:30,145915.0,145980.0,145915.0,145915.0,3
2025-07-03T13:32:00+05:30,145980.0,145980.0,145915.0,145915.0,3
2025-07-03T13:33:00+05:30,145920.0,145920.0,145825.0,145825.0,20
2025-07-03T13:34:00+05:30,145820.0,145820.0,145750.0,145750.0,26
2025-07-03T13:35:00+05:30,145750.0,145750.0,145685.0,145685.0,23
2025-07-03T13:36:00+05:30,145685.0,145765.0,145685.0,145700.0,9
2025-07-03T13:37:00+05:30,145710.0,145710.0,145710.0,145710.0,1
2025-07-03T13:38:00+05:30,145710.0,145825.0,145710.0,145825.0,13
2025-07-03T13:39:00+05:30,145815.0,145815.0,145715.0,145715.0,5
2025-07-03T13:40:00+05:30,145715.0,145810.0,145710.0,145810.0,10
2025-07-03T13:41:00+05:30,145715.0,145715.0,145715.0,145715.0,2
2025-07-03T13:42:00+05:30,145805.0,145840.0,145765.0,145765.0,8
2025-07-03T13:43:00+05:30,145730.0,145730.0,145625.0,145625.0,21
2025-07-03T13:44:00+05:30,145600.0,145615.0,145560.0,145615.0,17
2025-07-03T13:45:00+05:30,145600.0,145645.0,145560.0,145645.0,43
2025-07-03T13:46:00+05:30,145645.0,145700.0,145600.0,145655.0,36
2025-07-03T13:47:00+05:30,145600.0,145625.0,145510.0,145625.0,20
2025-07-03T13:48:00+05:30,145625.0,145625.0,145560.0,145560.0,3
2025-07-03T13:49:00+05:30,145655.0,145660.0,145535.0,145535.0,6
2025-07-03T13:50:00+05:30,145535.0,145625.0,145535.0,145620.0,8
2025-07-03T13:51:00+05:30,145550.0,145650.0,145550.0,145650.0,6
2025-07-03T13:52:00+05:30,145560.0,145560.0,145535.0,145535.0,2
2025-07-03T13:53:00+05:30,145540.0,145540.0,145540.0,145540.0,4
2025-07-03T13:54:00+05:30,145625.0,145650.0,145530.0,145530.0,15
2025-07-03T13:55:00+05:30,145530.0,145565.0,145530.0,145530.0,4
2025-07-03T13:56:00+05:30,145530.0,145530.0,145530.0,145530.0,3
2025-07-03T13:57:00+05:30,145580.0,145580.0,145530.0,145530.0,2
2025-07-03T13:58:00+05:30,145535.0,145535.0,145535.0,145535.0,2
2025-07-03T13:59:00+05:30,145540.0,145580.0,145540.0,145580.0,4
2025-07-03T14:00:00+05:30,145540.0,145560.0,145535.0,145535.0,3
2025-07-03T14:01:00+05:30,145540.0,145560.0,145540.0,145560.0,3
2025-07-03T14:02:00+05:30,145550.0,145580.0,145550.0,145560.0,3
2025-07-03T14:03:00+05:30,145580.0,145580.0,145560.0,145560.0,3
2025-07-03T14:04:00+05:30,145560.0,145585.0,145560.0,145565.0,3
2025-07-03T14:05:00+05:30,145600.0,145600.0,145560.0,145600.0,5
2025-07-03T14:06:00+05:30,145600.0,145600.0,145540.0,145600.0,11
2025-07-03T14:07:00+05:30,145595.0,145600.0,145540.0,145540.0,5
2025-07-03T14:08:00+05:30,145550.0,145600.0,145540.0,145540.0,7
2025-07-03T14:09:00+05:30,145600.0,145600.0,145540.0,145540.0,4
2025-07-03T14:10:00+05:30,145540.0,145600.0,145540.0,145600.0,2
2025-07-03T14:11:00+05:30,145540.0,145540.0,145540.0,145540.0,1
2025-07-03T14:12:00+05:30,145540.0,145540.0,145540.0,145540.0,2
2025-07-03T14:13:00+05:30,145540.0,145540.0,145540.0,145540.0,1
2025-07-03T14:14:00+05:30,145560.0,145560.0,145540.0,145540.0,3
2025-07-03T14:15:00+05:30,145545.0,145600.0,145540.0,145600.0,23
2025-07-03T14:16:00+05:30,145570.0,145570.0,145570.0,145570.0,2
2025-07-03T14:17:00+05:30,145570.0,145635.0,145570.0,145625.0,10
2025-07-03T14:18:00+05:30,145640.0,145695.0,145640.0,145695.0,8
2025-07-03T14:19:00+05:30,145650.0,145700.0,145650.0,145700.0,2
2025-07-03T14:20:00+05:30,145695.0,145695.0,145650.0,145650.0,2
2025-07-03T14:21:00+05:30,145655.0,145655.0,145580.0,145650.0,6
2025-07-03T14:22:00+05:30,145650.0,145685.0,145650.0,145680.0,3
2025-07-03T14:23:00+05:30,145610.0,145610.0,145610.0,145610.0,1
2025-07-03T14:24:00+05:30,145680.0,145680.0,145610.0,145610.0,2
2025-07-03T14:25:00+05:30,145610.0,145610.0,145610.0,145610.0,6
2025-07-03T14:26:00+05:30,145670.0,145670.0,145580.0,145595.0,7
2025-07-03T14:27:00+05:30,145570.0,145570.0,145555.0,145555.0,2
2025-07-03T14:28:00+05:30,145550.0,145600.0,145540.0,145600.0,21
2025-07-03T14:29:00+05:30,145610.0,145670.0,145610.0,145670.0,2
2025-07-03T14:30:00+05:30,145660.0,145670.0,145660.0,145660.0,3
2025-07-03T14:31:00+05:30,145600.0,145600.0,145595.0,145595.0,10
2025-07-03T14:33:00+05:30,145595.0,145595.0,145595.0,145595.0,2
2025-07-03T14:34:00+05:30,145540.0,145595.0,145540.0,145540.0,5
2025-07-03T14:35:00+05:30,145595.0,145595.0,145540.0,145540.0,3
2025-07-03T14:36:00+05:30,145545.0,145545.0,145540.0,145540.0,7
2025-07-03T14:37:00+05:30,145540.0,145540.0,145540.0,145540.0,2
2025-07-03T14:38:00+05:30,145540.0,145540.0,145540.0,145540.0,2
2025-07-03T14:39:00+05:30,145540.0,145540.0,145450.0,145450.0,36
2025-07-03T14:40:00+05:30,145470.0,145510.0,145450.0,145510.0,12
2025-07-03T14:41:00+05:30,145565.0,145615.0,145565.0,145615.0,2
2025-07-03T14:42:00+05:30,145520.0,145590.0,145500.0,145500.0,5
2025-07-03T14:43:00+05:30,145570.0,145630.0,145470.0,145520.0,21
2025-07-03T14:44:00+05:30,145665.0,145665.0,145500.0,145505.0,8
2025-07-03T14:45:00+05:30,145615.0,145615.0,145505.0,145510.0,9
2025-07-03T14:46:00+05:30,145570.0,145790.0,145510.0,145640.0,28
2025-07-03T14:47:00+05:30,145635.0,145635.0,145575.0,145575.0,2
2025-07-03T14:48:00+05:30,145555.0,145555.0,145550.0,145550.0,2
2025-07-03T14:49:00+05:30,145535.0,145535.0,145450.0,145455.0,35
2025-07-03T14:50:00+05:30,145565.0,145565.0,145400.0,145445.0,63
2025-07-03T14:51:00+05:30,145400.0,145485.0,145400.0,145435.0,15
2025-07-03T14:52:00+05:30,145435.0,145585.0,145435.0,145585.0,8
2025-07-03T14:53:00+05:30,145580.0,145580.0,145505.0,145505.0,4
2025-07-03T14:54:00+05:30,145565.0,145565.0,145500.0,145500.0,2
2025-07-03T14:55:00+05:30,145485.0,145610.0,145485.0,145580.0,5
2025-07-03T14:56:00+05:30,145580.0,145650.0,145505.0,145645.0,16
2025-07-03T14:57:00+05:30,145635.0,145700.0,145635.0,145700.0,8
2025-07-03T14:58:00+05:30,145655.0,145760.0,145640.0,145745.0,19
2025-07-03T14:59:00+05:30,145645.0,145655.0,145640.0,145650.0,7
2025-07-03T15:00:00+05:30,145650.0,145975.0,145650.0,145865.0,70
2025-07-03T15:01:00+05:30,145755.0,145850.0,145735.0,145845.0,15
2025-07-03T15:02:00+05:30,145850.0,145850.0,145700.0,145700.0,30
2025-07-03T15:03:00+05:30,145700.0,145700.0,145660.0,145660.0,5
2025-07-03T15:04:00+05:30,145745.0,145745.0,145665.0,145665.0,11
2025-07-03T15:05:00+05:30,145665.0,145740.0,145665.0,145740.0,10
2025-07-03T15:06:00+05:30,145745.0,145745.0,145745.0,145745.0,4
2025-07-03T15:07:00+05:30,145745.0,145745.0,145675.0,145675.0,9
2025-07-03T15:08:00+05:30,145725.0,145725.0,145675.0,145680.0,8
2025-07-03T15:09:00+05:30,145725.0,145725.0,145680.0,145725.0,14
2025-07-03T15:10:00+05:30,145725.0,145725.0,145690.0,145700.0,8
2025-07-03T15:11:00+05:30,145685.0,145700.0,145580.0,145640.0,32
2025-07-03T15:12:00+05:30,145605.0,145685.0,145250.0,145250.0,95
2025-07-03T15:13:00+05:30,145350.0,145370.0,145205.0,145300.0,79
2025-07-03T15:14:00+05:30,145200.0,145295.0,145200.0,145280.0,14
2025-07-03T15:15:00+05:30,145205.0,145280.0,145165.0,145280.0,31
2025-07-03T15:16:00+05:30,145280.0,145280.0,144895.0,145080.0,149
2025-07-03T15:17:00+05:30,145100.0,145160.0,145015.0,145145.0,28
2025-07-03T15:18:00+05:30,145145.0,145300.0,144455.0,144670.0,247
2025-07-03T15:19:00+05:30,144720.0,144785.0,144625.0,144775.0,42
2025-07-03T15:20:00+05:30,144785.0,144850.0,144415.0,144650.0,123
2025-07-03T15:21:00+05:30,144680.0,144790.0,144585.0,144655.0,19
2025-07-03T15:22:00+05:30,144645.0,144790.0,144645.0,144700.0,18
2025-07-03T15:23:00+05:30,144690.0,144700.0,144200.0,144475.0,96
2025-07-03T15:24:00+05:30,144445.0,144470.0,143720.0,144285.0,132
2025-07-03T15:25:00+05:30,144305.0,144605.0,144305.0,144500.0,27
2025-07-03T15:26:00+05:30,144495.0,144600.0,144430.0,144500.0,10
2025-07-03T15:27:00+05:30,144470.0,144685.0,144430.0,144675.0,30
2025-07-03T15:28:00+05:30,144500.0,144635.0,144030.0,144225.0,43
2025-07-03T15:29:00+05:30,144295.0,144700.0,144095.0,144230.0,49
2025-07-04T09:15:00+05:30,145770.0,146000.0,145145.0,145150.0,160
2025-07-04T09:16:00+05:30,145315.0,145420.0,144940.0,144940.0,93
2025-07-04T09:17:00+05:30,145075.0,145125.0,144845.0,144845.0,53
2025-07-04T09:18:00+05:30,144800.0,144800.0,144185.0,144290.0,95
2025-07-04T09:19:00+05:30,144185.0,144290.0,144050.0,144190.0,93
2025-07-04T09:20:00+05:30,144290.0,145130.0,144060.0,145010.0,152
2025-07-04T09:21:00+05:30,144995.0,145020.0,144800.0,144850.0,45
2025-07-04T09:22:00+05:30,144850.0,144945.0,144705.0,144850.0,21
2025-07-04T09:23:00+05:30,144800.0,144800.0,144505.0,144540.0,38
2025-07-04T09:24:00+05:30,144540.0,144860.0,144540.0,144740.0,36
2025-07-04T09:25:00+05:30,144835.0,144970.0,144800.0,144800.0,10
2025-07-04T09:26:00+05:30,144735.0,144805.0,144735.0,144805.0,6
2025-07-04T09:27:00+05:30,144740.0,144910.0,144710.0,144910.0,11
2025-07-04T09:28:00+05:30,144780.0,144860.0,144780.0,144840.0,11
2025-07-04T09:29:00+05:30,144750.0,144750.0,144740.0,144740.0,3
2025-07-04T09:30:00+05:30,144750.0,144755.0,144750.0,144755.0,4
2025-07-04T09:31:00+05:30,144865.0,144875.0,144605.0,144605.0,27
2025-07-04T09:32:00+05:30,144600.0,144600.0,144500.0,144525.0,30
2025-07-04T09:33:00+05:30,144525.0,144595.0,144505.0,144505.0,17
2025-07-04T09:34:00+05:30,144410.0,144500.0,144410.0,144500.0,3
2025-07-04T09:35:00+05:30,144500.0,144500.0,144270.0,144270.0,16
2025-07-04T09:36:00+05:30,144410.0,144575.0,144410.0,144560.0,28
2025-07-04T09:37:00+05:30,144560.0,144560.0,144515.0,144515.0,2
2025-07-04T09:38:00+05:30,144515.0,144515.0,144515.0,144515.0,1
2025-07-04T09:39:00+05:30,144520.0,144600.0,144510.0,144520.0,11
2025-07-04T09:40:00+05:30,144585.0,144585.0,144460.0,144460.0,12
2025-07-04T09:41:00+05:30,144400.0,144545.0,144325.0,144545.0,11
2025-07-04T09:42:00+05:30,144595.0,144680.0,144595.0,144680.0,11
2025-07-04T09:43:00+05:30,144675.0,144715.0,144670.0,144715.0,6
2025-07-04T09:44:00+05:30,144715.0,144755.0,144640.0,144640.0,11
2025-07-04T09:45:00+05:30,144770.0,144800.0,144625.0,144710.0,23
2025-07-04T09:46:00+05:30,144710.0,144710.0,144545.0,144675.0,7
2025-07-04T09:47:00+05:30,144590.0,144690.0,144590.0,144690.0,2
2025-07-04T09:48:00+05:30,144615.0,144615.0,144610.0,144610.0,3
2025-07-04T09:49:00+05:30,144610.0,144670.0,144575.0,144670.0,6
2025-07-04T09:50:00+05:30,144670.0,144670.0,144500.0,144640.0,20
2025-07-04T09:54:00+05:30,144640.0,144640.0,144500.0,144635.0,4
2025-07-04T09:55:00+05:30,144615.0,144630.0,144515.0,144515.0,8
2025-07-04T09:56:00+05:30,144625.0,144630.0,144525.0,144525.0,6
2025-07-04T09:57:00+05:30,144630.0,144640.0,144630.0,144640.0,4
2025-07-04T09:59:00+05:30,144540.0,144635.0,144530.0,144635.0,11
2025-07-04T10:01:00+05:30,144635.0,144635.0,144535.0,144535.0,5
2025-07-04T10:03:00+05:30,144540.0,144640.0,144540.0,144640.0,18
2025-07-04T10:04:00+05:30,144620.0,144640.0,144500.0,144555.0,11
2025-07-04T10:05:00+05:30,144555.0,144555.0,144500.0,144555.0,7
2025-07-04T10:06:00+05:30,144555.0,144555.0,144410.0,144410.0,14
2025-07-04T10:08:00+05:30,144410.0,144460.0,144410.0,144460.0,4
2025-07-04T10:09:00+05:30,144405.0,144405.0,144395.0,144400.0,8
2025-07-04T10:10:00+05:30,144400.0,144400.0,144275.0,144400.0,9
2025-07-04T10:11:00+05:30,144475.0,144500.0,144445.0,144500.0,9
2025-07-04T10:12:00+05:30,144600.0,144655.0,144535.0,144535.0,15
2025-07-04T10:13:00+05:30,144535.0,144535.0,144535.0,144535.0,1
2025-07-04T10:14:00+05:30,144600.0,144600.0,144600.0,144600.0,1
2025-07-04T10:15:00+05:30,144540.0,144540.0,144540.0,144540.0,1
2025-07-04T10:17:00+05:30,144540.0,144540.0,144540.0,144540.0,1
2025-07-04T10:18:00+05:30,144500.0,144500.0,144470.0,144470.0,3
2025-07-04T10:19:00+05:30,144470.0,144540.0,144470.0,144540.0,12
2025-07-04T10:21:00+05:30,144500.0,144535.0,144430.0,144535.0,9
2025-07-04T10:22:00+05:30,144540.0,144540.0,144540.0,144540.0,1
2025-07-04T10:23:00+05:30,144540.0,144540.0,144500.0,144500.0,2
2025-07-04T10:24:00+05:30,144400.0,144520.0,144400.0,144520.0,2
2025-07-04T10:25:00+05:30,144420.0,144420.0,144345.0,144345.0,10
2025-07-04T10:26:00+05:30,144345.0,144345.0,144345.0,144345.0,1
2025-07-04T10:27:00+05:30,144345.0,144345.0,144345.0,144345.0,2
2025-07-04T10:31:00+05:30,144345.0,144345.0,144345.0,144345.0,2
2025-07-04T10:32:00+05:30,144410.0,144410.0,144410.0,144410.0,1
2025-07-04T10:33:00+05:30,144340.0,144340.0,144340.0,144340.0,1
2025-07-04T10:34:00+05:30,144410.0,144410.0,144410.0,144410.0,21
2025-07-04T10:36:00+05:30,144410.0,144410.0,144410.0,144410.0,1
2025-07-04T10:39:00+05:30,144410.0,144435.0,144410.0,144420.0,4
2025-07-04T10:40:00+05:30,144315.0,144435.0,144315.0,144435.0,5
2025-07-04T10:41:00+05:30,144425.0,144470.0,144425.0,144465.0,4
2025-07-04T10:42:00+05:30,144435.0,144435.0,144400.0,144400.0,3
2025-07-04T10:43:00+05:30,144465.0,144465.0,144400.0,144465.0,3
2025-07-04T10:46:00+05:30,144470.0,144550.0,144470.0,144550.0,4
2025-07-04T10:47:00+05:30,144550.0,144550.0,144425.0,144540.0,6
2025-07-04T10:48:00+05:30,144545.0,144545.0,144545.0,144545.0,2
2025-07-04T10:49:00+05:30,144540.0,144540.0,144540.0,144540.0,2
2025-07-04T10:50:00+05:30,144540.0,144540.0,144455.0,144455.0,2
2025-07-04T10:51:00+05:30,144460.0,144460.0,144455.0,144455.0,3
2025-07-04T10:53:00+05:30,144455.0,144455.0,144455.0,144455.0,1
2025-07-04T10:56:00+05:30,144440.0,144440.0,144440.0,144440.0,1
2025-07-04T10:57:00+05:30,144480.0,144480.0,144480.0,144480.0,2
2025-07-04T10:58:00+05:30,144490.0,144490.0,144490.0,144490.0,1
2025-07-04T10:59:00+05:30,144490.0,144495.0,144440.0,144440.0,54
2025-07-04T11:00:00+05:30,144400.0,144400.0,144250.0,144250.0,58
2025-07-04T11:01:00+05:30,144250.0,144250.0,144110.0,144180.0,13
2025-07-04T11:02:00+05:30,144105.0,144240.0,144080.0,144170.0,29
2025-07-04T11:03:00+05:30,144170.0,144170.0,143800.0,143800.0,114
2025-07-04T11:04:00+05:30,143930.0,144010.0,143925.0,143925.0,22
2025-07-04T11:05:00+05:30,143910.0,143925.0,143910.0,143925.0,5
2025-07-04T11:06:00+05:30,143900.0,143950.0,143825.0,143950.0,10
2025-07-04T11:07:00+05:30,143860.0,143950.0,143835.0,143850.0,11
2025-07-04T11:08:00+05:30,143930.0,144000.0,143850.0,143965.0,16
2025-07-04T11:09:00+05:30,143970.0,143970.0,143850.0,143850.0,7
2025-07-04T11:10:00+05:30,143850.0,143985.0,143730.0,143860.0,29
2025-07-04T11:11:00+05:30,143995.0,143995.0,143835.0,143835.0,5
2025-07-04T11:12:00+05:30,143900.0,143900.0,143900.0,143900.0,1
2025-07-04T11:13:00+05:30,143850.0,143850.0,143835.0,143835.0,2
2025-07-04T11:14:00+05:30,143835.0,143835.0,143835.0,143835.0,8
2025-07-04T11:15:00+05:30,143835.0,143835.0,143835.0,143835.0,11
2025-07-04T11:16:00+05:30,143835.0,143835.0,143835.0,143835.0,11
2025-07-04T11:17:00+05:30,143835.0,143850.0,143800.0,143835.0,28
2025-07-04T11:20:00+05:30,143870.0,143910.0,143840.0,143840.0,4
2025-07-04T11:21:00+05:30,143840.0,143980.0,143840.0,143980.0,13
2025-07-04T11:22:00+05:30,143845.0,143945.0,143845.0,143945.0,3
2025-07-04T11:23:00+05:30,143935.0,143940.0,143840.0,143840.0,3
2025-07-04T11:24:00+05:30,143930.0,143930.0,143930.0,143930.0,2
2025-07-04T11:25:00+05:30,143930.0,143960.0,143930.0,143960.0,2
2025-07-04T11:26:00+05:30,143945.0,143945.0,143920.0,143920.0,2
2025-07-04T11:27:00+05:30,143850.0,143850.0,143850.0,143850.0,1
2025-07-04T11:28:00+05:30,143850.0,143850.0,143850.0,143850.0,1
2025-07-04T11:30:00+05:30,143940.0,143990.0,143940.0,143950.0,10
2025-07-04T11:31:00+05:30,143955.0,143955.0,143955.0,143955.0,1
2025-07-04T11:32:00+05:30,143990.0,144005.0,143990.0,144005.0,4
2025-07-04T11:33:00+05:30,144020.0,144080.0,143955.0,143955.0,8
2025-07-04T11:34:00+05:30,143955.0,143980.0,143950.0,143980.0,5
2025-07-04T11:35:00+05:30,143905.0,143955.0,143850.0,143850.0,6
2025-07-04T11:36:00+05:30,143850.0,143855.0,143850.0,143855.0,3
2025-07-04T11:37:00+05:30,143815.0,143850.0,143815.0,143850.0,2
2025-07-04T11:38:00+05:30,143810.0,143885.0,143725.0,143885.0,58
2025-07-04T11:39:00+05:30,143755.0,143830.0,143700.0,143830.0,28
2025-07-04T11:40:00+05:30,143735.0,143780.0,143735.0,143780.0,3
2025-07-04T11:41:00+05:30,143735.0,143770.0,143610.0,143700.0,12
2025-07-04T11:42:00+05:30,143690.0,143755.0,143690.0,143700.0,11
2025-07-04T11:43:00+05:30,143650.0,143650.0,143610.0,143610.0,3
2025-07-04T11:44:00+05:30,143615.0,143740.0,143600.0,143740.0,27
2025-07-04T11:45:00+05:30,143585.0,143690.0,143560.0,143685.0,13
2025-07-04T11:46:00+05:30,143680.0,143700.0,143560.0,143560.0,3
2025-07-04T11:47:00+05:30,143555.0,143555.0,143500.0,143550.0,29
2025-07-04T11:48:00+05:30,143590.0,143670.0,143590.0,143650.0,9
2025-07-04T11:49:00+05:30,143670.0,143670.0,143595.0,143595.0,12
2025-07-04T11:50:00+05:30,143685.0,143685.0,143685.0,143685.0,2
2025-07-04T11:51:00+05:30,143680.0,143685.0,143680.0,143685.0,3
2025-07-04T11:52:00+05:30,143690.0,143770.0,143690.0,143690.0,5
2025-07-04T11:53:00+05:30,143795.0,143795.0,143665.0,143665.0,2
2025-07-04T11:54:00+05:30,143630.0,143695.0,143595.0,143695.0,6
2025-07-04T11:55:00+05:30,143680.0,143680.0,143675.0,143680.0,5
2025-07-04T11:56:00+05:30,143680.0,143680.0,143610.0,143610.0,3
2025-07-04T11:57:00+05:30,143680.0,143680.0,143680.0,143680.0,2
2025-07-04T11:58:00+05:30,143680.0,143680.0,143680.0,143680.0,1
2025-07-04T12:00:00+05:30,143680.0,143680.0,143595.0,143595.0,12
2025-07-04T12:01:00+05:30,143595.0,143680.0,143595.0,143680.0,2
2025-07-04T12:02:00+05:30,143680.0,143680.0,143595.0,143595.0,3
2025-07-04T12:03:00+05:30,143680.0,143750.0,143680.0,143750.0,6
2025-07-04T12:04:00+05:30,143715.0,143715.0,143715.0,143715.0,1
2025-07-04T12:05:00+05:30,143720.0,143720.0,143650.0,143650.0,5
2025-07-04T12:06:00+05:30,143705.0,143710.0,143700.0,143710.0,5
2025-07-04T12:07:00+05:30,143650.0,143650.0,143650.0,143650.0,2
2025-07-04T12:10:00+05:30,143650.0,143680.0,143650.0,143680.0,2
2025-07-04T12:11:00+05:30,143680.0,143680.0,143680.0,143680.0,7
2025-07-04T12:12:00+05:30,143650.0,143690.0,143650.0,143690.0,2
2025-07-04T12:13:00+05:30,143670.0,143685.0,143670.0,143685.0,2
2025-07-04T12:16:00+05:30,143680.0,143680.0,143680.0,143680.0,1
2025-07-04T12:17:00+05:30,143670.0,143670.0,143595.0,143595.0,7
2025-07-04T12:18:00+05:30,143595.0,143605.0,143595.0,143605.0,2
2025-07-04T12:19:00+05:30,143700.0,143725.0,143700.0,143725.0,2
2025-07-04T12:20:00+05:30,143725.0,143820.0,143720.0,143720.0,12
2025-07-04T12:21:00+05:30,143820.0,143820.0,143690.0,143690.0,13
2025-07-04T12:22:00+05:30,143690.0,143690.0,143690.0,143690.0,1
2025-07-04T12:27:00+05:30,143795.0,143795.0,143795.0,143795.0,1
2025-07-04T12:28:00+05:30,143790.0,143825.0,143790.0,143825.0,9
2025-07-04T12:29:00+05:30,143755.0,143755.0,143705.0,143705.0,7
2025-07-04T12:30:00+05:30,143705.0,143705.0,143705.0,143705.0,4
2025-07-04T12:31:00+05:30,143705.0,143705.0,143705.0,143705.0,2
2025-07-04T12:32:00+05:30,143705.0,143860.0,143705.0,143860.0,7
2025-07-04T12:33:00+05:30,143710.0,143810.0,143705.0,143810.0,7
2025-07-04T12:34:00+05:30,143815.0,143815.0,143815.0,143815.0,1
2025-07-04T12:35:00+05:30,143805.0,143805.0,143800.0,143800.0,15
2025-07-04T12:36:00+05:30,143705.0,143705.0,143690.0,143690.0,4
2025-07-04T12:37:00+05:30,143785.0,143805.0,143785.0,143805.0,2
2025-07-04T12:38:00+05:30,143810.0,143810.0,143735.0,143810.0,3
2025-07-04T12:39:00+05:30,143810.0,143810.0,143810.0,143810.0,4
2025-07-04T12:42:00+05:30,143870.0,143875.0,143830.0,143830.0,10
2025-07-04T12:43:00+05:30,143810.0,143865.0,143810.0,143855.0,16
2025-07-04T12:45:00+05:30,143870.0,143870.0,143870.0,143870.0,1
2025-07-04T12:46:00+05:30,143870.0,143875.0,143870.0,143875.0,2
2025-07-04T12:47:00+05:30,143875.0,143875.0,143875.0,143875.0,1
2025-07-04T12:48:00+05:30,143800.0,143880.0,143705.0,143845.0,16
2025-07-04T12:49:00+05:30,143820.0,143910.0,143710.0,143710.0,20
2025-07-04T12:51:00+05:30,143720.0,143720.0,143715.0,143715.0,3
2025-07-04T12:52:00+05:30,143720.0,143720.0,143600.0,143600.0,13
2025-07-04T12:53:00+05:30,143720.0,143720.0,143720.0,143720.0,1
2025-07-04T12:54:00+05:30,143700.0,143700.0,143700.0,143700.0,2
2025-07-04T12:55:00+05:30,143700.0,143700.0,143680.0,143680.0,2
2025-07-04T12:57:00+05:30,143600.0,143600.0,143600.0,143600.0,1
2025-07-04T12:58:00+05:30,143680.0,143680.0,143680.0,143680.0,1
2025-07-04T12:59:00+05:30,143610.0,143610.0,143600.0,143600.0,2
2025-07-04T13:00:00+05:30,143600.0,143600.0,143600.0,143600.0,1
2025-07-04T13:01:00+05:30,143680.0,143680.0,143680.0,143680.0,2
2025-07-04T13:03:00+05:30,143680.0,143680.0,143670.0,143670.0,2
2025-07-04T13:04:00+05:30,143605.0,143605.0,143600.0,143600.0,2
2025-07-04T13:05:00+05:30,143670.0,143670.0,143670.0,143670.0,1
2025-07-04T13:06:00+05:30,143670.0,143670.0,143670.0,143670.0,8
2025-07-04T13:10:00+05:30,143760.0,143760.0,143760.0,143760.0,2
2025-07-04T13:11:00+05:30,143760.0,143835.0,143730.0,143810.0,10
2025-07-04T13:12:00+05:30,143840.0,143840.0,143820.0,143820.0,3
2025-07-04T13:13:00+05:30,143840.0,143930.0,143840.0,143930.0,4
2025-07-04T13:14:00+05:30,143910.0,143935.0,143870.0,143870.0,5
2025-07-04T13:15:00+05:30,143930.0,143930.0,143930.0,143930.0,1
2025-07-04T13:16:00+05:30,143935.0,143935.0,143765.0,143765.0,9
2025-07-04T13:17:00+05:30,143850.0,143870.0,143850.0,143870.0,4
2025-07-04T13:18:00+05:30,143880.0,143920.0,143880.0,143920.0,3
2025-07-04T13:19:00+05:30,143805.0,143805.0,143800.0,143800.0,2
2025-07-04T13:20:00+05:30,143895.0,143895.0,143765.0,143865.0,4
2025-07-04T13:22:00+05:30,143870.0,143870.0,143870.0,143870.0,1
2025-07-04T13:23:00+05:30,143755.0,143755.0,143755.0,143755.0,2
2025-07-04T13:25:00+05:30,143860.0,143860.0,143860.0,143860.0,1
2025-07-04T13:26:00+05:30,143840.0,143840.0,143840.0,143840.0,1
2025-07-04T13:27:00+05:30,143815.0,143815.0,143815.0,143815.0,1
2025-07-04T13:28:00+05:30,143835.0,143835.0,143835.0,143835.0,1
2025-07-04T13:29:00+05:30,143815.0,143815.0,143745.0,143745.0,2
2025-07-04T13:31:00+05:30,143755.0,143755.0,143605.0,143605.0,19
2025-07-04T13:34:00+05:30,143620.0,143620.0,143620.0,143620.0,1
2025-07-04T13:35:00+05:30,143625.0,143625.0,143625.0,143625.0,1
2025-07-04T13:38:00+05:30,143640.0,143675.0,143640.0,143675.0,2
2025-07-04T13:39:00+05:30,143720.0,143720.0,143720.0,143720.0,2
2025-07-04T13:40:00+05:30,143635.0,143635.0,143635.0,143635.0,2
2025-07-04T13:44:00+05:30,143705.0,143750.0,143705.0,143750.0,5
2025-07-04T13:50:00+05:30,143765.0,143765.0,143765.0,143765.0,1
2025-07-04T13:52:00+05:30,143690.0,143690.0,143635.0,143635.0,5
2025-07-04T13:53:00+05:30,143755.0,143755.0,143650.0,143650.0,2
2025-07-04T13:54:00+05:30,143750.0,143750.0,143750.0,143750.0,1
2025-07-04T13:55:00+05:30,143685.0,143685.0,143685.0,143685.0,1
2025-07-04T13:56:00+05:30,143740.0,143845.0,143680.0,143680.0,22
2025-07-04T13:57:00+05:30,143775.0,143850.0,143745.0,143745.0,9
2025-07-04T13:58:00+05:30,143750.0,143750.0,143750.0,143750.0,2
2025-07-04T14:00:00+05:30,143865.0,143865.0,143865.0,143865.0,1
2025-07-04T14:01:00+05:30,143860.0,143860.0,143860.0,143860.0,2
2025-07-04T14:02:00+05:30,143750.0,143750.0,143750.0,143750.0,1
2025-07-04T14:03:00+05:30,143790.0,143790.0,143790.0,143790.0,2
2025-07-04T14:07:00+05:30,143840.0,143845.0,143800.0,143845.0,11
2025-07-04T14:08:00+05:30,143835.0,143835.0,143835.0,143835.0,1
2025-07-04T14:09:00+05:30,143815.0,143835.0,143815.0,143835.0,2
2025-07-04T14:10:00+05:30,143815.0,143815.0,143740.0,143740.0,2
2025-07-04T14:11:00+05:30,143830.0,143830.0,143725.0,143725.0,4
2025-07-04T14:12:00+05:30,143705.0,143705.0,143690.0,143690.0,2
2025-07-04T14:14:00+05:30,143735.0,143735.0,143735.0,143735.0,1
2025-07-04T14:16:00+05:30,143810.0,143830.0,143805.0,143805.0,4
2025-07-04T14:17:00+05:30,143805.0,143805.0,143805.0,143805.0,1
2025-07-04T14:21:00+05:30,143805.0,143805.0,143805.0,143805.0,1
2025-07-04T14:23:00+05:30,143795.0,143795.0,143795.0,143795.0,2
2025-07-04T14:24:00+05:30,143805.0,143805.0,143805.0,143805.0,2
2025-07-04T14:25:00+05:30,143810.0,143810.0,143810.0,143810.0,2
2025-07-04T14:26:00+05:30,143805.0,143810.0,143805.0,143810.0,2
2025-07-04T14:27:00+05:30,143830.0,143830.0,143795.0,143830.0,3
2025-07-04T14:28:00+05:30,143715.0,143715.0,143700.0,143700.0,3
2025-07-04T14:32:00+05:30,143750.0,143750.0,143750.0,143750.0,1
2025-07-04T14:33:00+05:30,143715.0,143760.0,143715.0,143760.0,3
2025-07-04T14:34:00+05:30,143755.0,143755.0,143750.0,143750.0,5
2025-07-04T14:35:00+05:30,143715.0,143815.0,143705.0,143705.0,6
2025-07-04T14:36:00+05:30,143785.0,143785.0,143720.0,143720.0,2
2025-07-04T14:38:00+05:30,143780.0,143895.0,143780.0,143895.0,20
2025-07-04T14:39:00+05:30,143815.0,143820.0,143815.0,143820.0,3
2025-07-04T14:40:00+05:30,143875.0,144000.0,143875.0,144000.0,32
2025-07-04T14:41:00+05:30,143995.0,144020.0,143910.0,143910.0,21
2025-07-04T14:42:00+05:30,143985.0,144020.0,143935.0,144020.0,17
2025-07-04T14:43:00+05:30,143965.0,144355.0,143965.0,144355.0,35
2025-07-04T14:44:00+05:30,144330.0,144650.0,144325.0,144345.0,118
2025-07-04T14:45:00+05:30,144330.0,144345.0,144330.0,144345.0,2
2025-07-04T14:46:00+05:30,144345.0,144405.0,144275.0,144360.0,29
2025-07-04T14:47:00+05:30,144360.0,144370.0,144210.0,144210.0,20
2025-07-04T14:48:00+05:30,144160.0,144205.0,144090.0,144205.0,4
2025-07-04T14:49:00+05:30,144195.0,144195.0,144120.0,144120.0,6
2025-07-04T14:50:00+05:30,144195.0,144195.0,144195.0,144195.0,1
2025-07-04T14:51:00+05:30,144115.0,144195.0,144100.0,144110.0,5
2025-07-04T14:52:00+05:30,144100.0,144195.0,143840.0,144080.0,41
2025-07-04T14:53:00+05:30,144000.0,144155.0,144000.0,144135.0,10
2025-07-04T14:54:00+05:30,144135.0,144135.0,144130.0,144130.0,2
2025-07-04T14:55:00+05:30,144120.0,144120.0,143930.0,143930.0,5
2025-07-04T14:56:00+05:30,143910.0,144040.0,143910.0,143925.0,13
2025-07-04T14:57:00+05:30,143915.0,144070.0,143915.0,144070.0,10
2025-07-04T14:58:00+05:30,144070.0,144120.0,144070.0,144120.0,3
2025-07-04T14:59:00+05:30,144120.0,144230.0,144090.0,144090.0,13
2025-07-04T15:00:00+05:30,144195.0,144300.0,144070.0,144250.0,77
2025-07-04T15:01:00+05:30,144300.0,144300.0,144125.0,144195.0,41
2025-07-04T15:02:00+05:30,144140.0,144140.0,144000.0,144100.0,26
2025-07-04T15:03:00+05:30,144100.0,144100.0,143905.0,143985.0,30
2025-07-04T15:04:00+05:30,143920.0,144000.0,143920.0,143940.0,8
2025-07-04T15:05:00+05:30,143985.0,144120.0,143985.0,144040.0,29
2025-07-04T15:06:00+05:30,144040.0,144120.0,144040.0,144050.0,22
2025-07-04T15:07:00+05:30,144080.0,144080.0,143745.0,143860.0,49
2025-07-04T15:08:00+05:30,143775.0,143865.0,143775.0,143865.0,10
2025-07-04T15:09:00+05:30,143840.0,144080.0,143840.0,143970.0,20
2025-07-04T15:10:00+05:30,144000.0,144100.0,143960.0,143970.0,45
2025-07-04T15:11:00+05:30,143865.0,144100.0,143865.0,143995.0,28
2025-07-04T15:12:00+05:30,144080.0,144080.0,143965.0,143965.0,53
2025-07-04T15:13:00+05:30,143920.0,143985.0,143920.0,143945.0,13
2025-07-04T15:14:00+05:30,143945.0,143990.0,143935.0,143990.0,28
2025-07-04T15:15:00+05:30,143990.0,143990.0,143845.0,143850.0,49
2025-07-04T15:16:00+05:30,143875.0,143900.0,143835.0,143875.0,47
2025-07-04T15:17:00+05:30,143860.0,143875.0,143805.0,143865.0,23
2025-07-04T15:18:00+05:30,143840.0,143995.0,143825.0,143945.0,80
2025-07-04T15:19:00+05:30,143965.0,144000.0,143940.0,143995.0,35
2025-07-04T15:20:00+05:30,143995.0,143995.0,143610.0,143800.0,150
2025-07-04T15:21:00+05:30,143855.0,144085.0,143855.0,144015.0,46
2025-07-04T15:22:00+05:30,144045.0,144200.0,144000.0,144085.0,37
2025-07-04T15:23:00+05:30,144100.0,144100.0,143945.0,143980.0,21
2025-07-04T15:24:00+05:30,143990.0,143990.0,143700.0,143935.0,71
2025-07-04T15:25:00+05:30,143910.0,143970.0,143900.0,143970.0,17
2025-07-04T15:26:00+05:30,143965.0,143965.0,143875.0,143895.0,23
2025-07-04T15:27:00+05:30,143940.0,143950.0,143900.0,143900.0,20
2025-07-04T15:28:00+05:30,143925.0,143955.0,143810.0,143935.0,31
2025-07-04T15:29:00+05:30,143840.0,144100.0,143835.0,143850.0,25
2025-07-07T09:15:00+05:30,144660.0,144660.0,144150.0,144500.0,39
2025-07-07T09:16:00+05:30,144445.0,144445.0,143200.0,143455.0,83
2025-07-07T09:17:00+05:30,143665.0,143665.0,143130.0,143445.0,42
2025-07-07T09:18:00+05:30,143495.0,143520.0,143390.0,143390.0,23
2025-07-07T09:19:00+05:30,143525.0,143660.0,143525.0,143585.0,43
2025-07-07T09:20:00+05:30,143585.0,143585.0,143460.0,143460.0,16
2025-07-07T09:21:00+05:30,143595.0,143595.0,143490.0,143495.0,8
2025-07-07T09:22:00+05:30,143495.0,143530.0,143495.0,143495.0,9
2025-07-07T09:23:00+05:30,143460.0,143505.0,143455.0,143480.0,11
2025-07-07T09:24:00+05:30,143520.0,143520.0,143475.0,143475.0,20
2025-07-07T09:25:00+05:30,143430.0,143430.0,143335.0,143335.0,22
2025-07-07T09:26:00+05:30,143300.0,143330.0,143155.0,143330.0,11
2025-07-07T09:27:00+05:30,143330.0,143330.0,143155.0,143155.0,18
2025-07-07T09:28:00+05:30,143155.0,143255.0,143100.0,143255.0,26
2025-07-07T09:29:00+05:30,143170.0,143170.0,143005.0,143005.0,14
2025-07-07T09:30:00+05:30,143100.0,143100.0,143020.0,143100.0,6
2025-07-07T09:31:00+05:30,143100.0,143180.0,142905.0,142990.0,64
2025-07-07T09:32:00+05:30,143175.0,143175.0,142870.0,142910.0,30
2025-07-07T09:33:00+05:30,143025.0,143025.0,142855.0,142930.0,16
2025-07-07T09:34:00+05:30,143020.0,143020.0,142905.0,143020.0,3
2025-07-07T09:35:00+05:30,143030.0,143095.0,143030.0,143095.0,7
2025-07-07T09:36:00+05:30,143120.0,143120.0,143000.0,143000.0,169
2025-07-07T09:37:00+05:30,143160.0,143295.0,143160.0,143295.0,8
2025-07-07T09:38:00+05:30,143265.0,143290.0,143135.0,143265.0,8
2025-07-07T09:39:00+05:30,143320.0,143335.0,143320.0,143335.0,7
2025-07-07T09:40:00+05:30,143240.0,143240.0,143100.0,143110.0,34
2025-07-07T09:41:00+05:30,143110.0,143200.0,143035.0,143100.0,12
2025-07-07T09:42:00+05:30,143100.0,143100.0,143100.0,143100.0,1
2025-07-07T09:43:00+05:30,143070.0,143070.0,143065.0,143065.0,62
2025-07-07T09:44:00+05:30,143000.0,143000.0,143000.0,143000.0,1
2025-07-07T09:45:00+05:30,143000.0,143000.0,143000.0,143000.0,2
2025-07-07T09:46:00+05:30,143005.0,143005.0,143005.0,143005.0,7
2025-07-07T09:47:00+05:30,143005.0,143005.0,143005.0,143005.0,1
2025-07-07T09:48:00+05:30,143100.0,143100.0,143005.0,143005.0,5
2025-07-07T09:49:00+05:30,143005.0,143100.0,143000.0,143000.0,11
2025-07-07T09:50:00+05:30,143080.0,143080.0,143080.0,143080.0,13
2025-07-07T09:51:00+05:30,143090.0,143090.0,143000.0,143000.0,7
2025-07-07T09:54:00+05:30,143015.0,143015.0,143000.0,143000.0,8
2025-07-07T09:55:00+05:30,143005.0,143005.0,143005.0,143005.0,1
2025-07-07T09:56:00+05:30,143140.0,143140.0,143140.0,143140.0,1
2025-07-07T09:57:00+05:30,143100.0,143140.0,143100.0,143140.0,2
2025-07-07T09:58:00+05:30,143145.0,143145.0,143140.0,143140.0,5
2025-07-07T09:59:00+05:30,143200.0,143280.0,143200.0,143280.0,2
2025-07-07T10:00:00+05:30,143165.0,143280.0,143165.0,143280.0,4
2025-07-07T10:01:00+05:30,143140.0,143140.0,143100.0,143100.0,12
2025-07-07T10:03:00+05:30,143125.0,143125.0,143115.0,143115.0,3
2025-07-07T10:04:00+05:30,143100.0,143100.0,143100.0,143100.0,2
2025-07-07T10:05:00+05:30,143015.0,143015.0,143015.0,143015.0,1
2025-07-07T10:07:00+05:30,143100.0,143100.0,143100.0,143100.0,1
2025-07-07T10:08:00+05:30,143100.0,143100.0,143100.0,143100.0,1
2025-07-07T10:09:00+05:30,143050.0,143070.0,143000.0,143070.0,11
2025-07-07T10:10:00+05:30,143050.0,143050.0,142950.0,142985.0,3
2025-07-07T10:11:00+05:30,142950.0,142950.0,142925.0,142925.0,2
2025-07-07T10:12:00+05:30,142925.0,142925.0,142925.0,142925.0,7
2025-07-07T10:13:00+05:30,142940.0,142940.0,142940.0,142940.0,17
2025-07-07T10:14:00+05:30,142940.0,142940.0,142940.0,142940.0,1
2025-07-07T10:15:00+05:30,143070.0,143070.0,143000.0,143000.0,2
2025-07-07T10:16:00+05:30,142995.0,142995.0,142930.0,142930.0,3
2025-07-07T10:17:00+05:30,142955.0,142955.0,142955.0,142955.0,4
2025-07-07T10:18:00+05:30,142955.0,142955.0,142955.0,142955.0,2
2025-07-07T10:19:00+05:30,142920.0,142920.0,142865.0,142865.0,13
2025-07-07T10:20:00+05:30,143000.0,143000.0,142770.0,142770.0,31
2025-07-07T10:21:00+05:30,142770.0,142770.0,142770.0,142770.0,5
2025-07-07T10:22:00+05:30,142865.0,142865.0,142865.0,142865.0,2
2025-07-07T10:23:00+05:30,142865.0,142925.0,142800.0,142925.0,10
2025-07-07T10:25:00+05:30,142925.0,142925.0,142925.0,142925.0,1
2025-07-07T10:27:00+05:30,142915.0,142915.0,142915.0,142915.0,2
2025-07-07T10:28:00+05:30,142915.0,142915.0,142770.0,142770.0,10
2025-07-07T10:29:00+05:30,142710.0,142710.0,142700.0,142700.0,5
2025-07-07T10:30:00+05:30,142775.0,142775.0,142700.0,142720.0,7
2025-07-07T10:31:00+05:30,142655.0,142655.0,142655.0,142655.0,8
2025-07-07T10:32:00+05:30,142655.0,142730.0,142655.0,142695.0,17
2025-07-07T10:34:00+05:30,142655.0,142750.0,142630.0,142750.0,22
2025-07-07T10:36:00+05:30,142750.0,142760.0,142615.0,142630.0,5
2025-07-07T10:37:00+05:30,142760.0,142760.0,142645.0,142645.0,4
2025-07-07T10:38:00+05:30,142645.0,142755.0,142645.0,142755.0,6
2025-07-07T10:39:00+05:30,142645.0,142755.0,142645.0,142755.0,2
2025-07-07T10:40:00+05:30,142755.0,142755.0,142755.0,142755.0,2
2025-07-07T10:41:00+05:30,142755.0,142760.0,142645.0,142645.0,3
2025-07-07T10:42:00+05:30,142775.0,142775.0,142775.0,142775.0,1
2025-07-07T10:44:00+05:30,142775.0,142775.0,142775.0,142775.0,1
2025-07-07T10:45:00+05:30,142775.0,142775.0,142775.0,142775.0,5
2025-07-07T10:46:00+05:30,142775.0,142775.0,142775.0,142775.0,4
2025-07-07T10:47:00+05:30,142775.0,142775.0,142700.0,142700.0,9
2025-07-07T10:48:00+05:30,142705.0,142705.0,142705.0,142705.0,1
2025-07-07T10:50:00+05:30,142860.0,142860.0,142860.0,142860.0,7
2025-07-07T10:51:00+05:30,142860.0,142925.0,142860.0,142925.0,3
2025-07-07T10:52:00+05:30,142925.0,142925.0,142925.0,142925.0,5
2025-07-07T10:53:00+05:30,142780.0,142885.0,142780.0,142885.0,6
2025-07-07T10:55:00+05:30,142885.0,142885.0,142885.0,142885.0,2
2025-07-07T10:56:00+05:30,142760.0,142760.0,142705.0,142705.0,7
2025-07-07T10:57:00+05:30,142705.0,142710.0,142705.0,142705.0,10
2025-07-07T10:58:00+05:30,142720.0,142895.0,142720.0,142745.0,5
2025-07-07T10:59:00+05:30,142745.0,142745.0,142745.0,142745.0,1
2025-07-07T11:00:00+05:30,142880.0,142880.0,142880.0,142880.0,1
2025-07-07T11:01:00+05:30,142845.0,142845.0,142845.0,142845.0,3
2025-07-07T11:02:00+05:30,142845.0,142845.0,142845.0,142845.0,3
2025-07-07T11:03:00+05:30,142845.0,142845.0,142845.0,142845.0,2
2025-07-07T11:04:00+05:30,142845.0,142845.0,142845.0,142845.0,3
2025-07-07T11:05:00+05:30,142845.0,142845.0,142845.0,142845.0,3
2025-07-07T11:06:00+05:30,142845.0,142880.0,142845.0,142880.0,2
2025-07-07T11:07:00+05:30,142755.0,142755.0,142675.0,142675.0,60
2025-07-07T11:08:00+05:30,142670.0,142670.0,142670.0,142670.0,6
2025-07-07T11:09:00+05:30,142685.0,142685.0,142685.0,142685.0,2
2025-07-07T11:10:00+05:30,142875.0,142875.0,142875.0,142875.0,11
2025-07-07T11:11:00+05:30,142875.0,142875.0,142875.0,142875.0,3
2025-07-07T11:12:00+05:30,142625.0,142625.0,142625.0,142625.0,17
2025-07-07T11:13:00+05:30,142855.0,142855.0,142650.0,142770.0,9
2025-07-07T11:14:00+05:30,142770.0,142770.0,142770.0,142770.0,1
2025-07-07T11:15:00+05:30,142795.0,142795.0,142795.0,142795.0,2
2025-07-07T11:16:00+05:30,142795.0,142795.0,142795.0,142795.0,1
2025-07-07T11:18:00+05:30,142695.0,142695.0,142600.0,142600.0,22
2025-07-07T11:19:00+05:30,142560.0,142600.0,142560.0,142560.0,3
2025-07-07T11:20:00+05:30,142560.0,142560.0,142560.0,142560.0,1
2025-07-07T11:21:00+05:30,142600.0,142600.0,142600.0,142600.0,3
2025-07-07T11:22:00+05:30,142605.0,142605.0,142500.0,142500.0,56
2025-07-07T11:23:00+05:30,142460.0,142460.0,142400.0,142460.0,18
2025-07-07T11:24:00+05:30,142585.0,142585.0,142585.0,142585.0,2
2025-07-07T11:25:00+05:30,142550.0,142550.0,142550.0,142550.0,3
2025-07-07T11:26:00+05:30,142545.0,142550.0,142545.0,142550.0,5
2025-07-07T11:27:00+05:30,142550.0,142550.0,142500.0,142500.0,7
2025-07-07T11:28:00+05:30,142540.0,142550.0,142540.0,142550.0,2
2025-07-07T11:29:00+05:30,142500.0,142540.0,142500.0,142540.0,3
2025-07-07T11:31:00+05:30,142550.0,142560.0,142550.0,142560.0,2
2025-07-07T11:32:00+05:30,142580.0,142580.0,142495.0,142495.0,18
2025-07-07T11:33:00+05:30,142450.0,142450.0,142440.0,142450.0,8
2025-07-07T11:34:00+05:30,142460.0,142460.0,142400.0,142400.0,5
2025-07-07T11:35:00+05:30,142460.0,142460.0,142460.0,142460.0,1
2025-07-07T11:38:00+05:30,142595.0,142595.0,142595.0,142595.0,1
2025-07-07T11:39:00+05:30,142590.0,142595.0,142460.0,142460.0,8
2025-07-07T11:41:00+05:30,142600.0,142600.0,142600.0,142600.0,1
2025-07-07T11:42:00+05:30,142465.0,142600.0,142465.0,142600.0,3
2025-07-07T11:44:00+05:30,142600.0,142600.0,142590.0,142590.0,5
2025-07-07T11:45:00+05:30,142595.0,142595.0,142595.0,142595.0,2
2025-07-07T11:46:00+05:30,142595.0,142595.0,142595.0,142595.0,2
2025-07-07T11:47:00+05:30,142490.0,142585.0,142445.0,142585.0,5
2025-07-07T11:48:00+05:30,142585.0,142585.0,142585.0,142585.0,1
2025-07-07T11:51:00+05:30,142425.0,142520.0,142425.0,142520.0,11
2025-07-07T11:52:00+05:30,142520.0,142530.0,142520.0,142530.0,2
2025-07-07T11:53:00+05:30,142570.0,142570.0,142570.0,142570.0,1
2025-07-07T11:54:00+05:30,142570.0,142570.0,142570.0,142570.0,1
2025-07-07T11:55:00+05:30,142500.0,142520.0,142450.0,142460.0,25
2025-07-07T11:56:00+05:30,142460.0,142460.0,142460.0,142460.0,1
2025-07-07T11:57:00+05:30,142460.0,142460.0,142460.0,142460.0,1
2025-07-07T11:58:00+05:30,142460.0,142495.0,142460.0,142495.0,7
2025-07-07T11:59:00+05:30,142495.0,142495.0,142495.0,142495.0,1
2025-07-07T12:00:00+05:30,142495.0,142600.0,142495.0,142600.0,12
2025-07-07T12:02:00+05:30,142410.0,142410.0,142410.0,142410.0,55
2025-07-07T12:03:00+05:30,142480.0,142480.0,142480.0,142480.0,2
2025-07-07T12:04:00+05:30,142480.0,142480.0,142480.0,142480.0,1
2025-07-07T12:05:00+05:30,142485.0,142485.0,142485.0,142485.0,2
2025-07-07T12:08:00+05:30,142490.0,142490.0,142490.0,142490.0,7
2025-07-07T12:09:00+05:30,142500.0,142500.0,142420.0,142495.0,3
2025-07-07T12:10:00+05:30,142400.0,142400.0,142400.0,142400.0,8
2025-07-07T12:11:00+05:30,142495.0,142495.0,142400.0,142400.0,6
2025-07-07T12:12:00+05:30,142395.0,142395.0,142395.0,142395.0,1
2025-07-07T12:14:00+05:30,142395.0,142395.0,142395.0,142395.0,1
2025-07-07T12:15:00+05:30,142500.0,142500.0,142500.0,142500.0,2
2025-07-07T12:16:00+05:30,142400.0,142400.0,142400.0,142400.0,1
2025-07-07T12:18:00+05:30,142505.0,142505.0,142505.0,142505.0,7
2025-07-07T12:19:00+05:30,142400.0,142400.0,142400.0,142400.0,2
2025-07-07T12:20:00+05:30,142515.0,142515.0,142515.0,142515.0,5
2025-07-07T12:21:00+05:30,142515.0,142515.0,142515.0,142515.0,7
2025-07-07T12:24:00+05:30,142515.0,142515.0,142515.0,142515.0,1
2025-07-07T12:25:00+05:30,142480.0,142480.0,142480.0,142480.0,1
2025-07-07T12:28:00+05:30,142580.0,142580.0,142580.0,142580.0,1
2025-07-07T12:29:00+05:30,142535.0,142535.0,142535.0,142535.0,6
2025-07-07T12:30:00+05:30,142530.0,142530.0,142530.0,142530.0,11
2025-07-07T12:31:00+05:30,142680.0,142680.0,142680.0,142680.0,2
2025-07-07T12:32:00+05:30,142680.0,142680.0,142680.0,142680.0,2
2025-07-07T12:34:00+05:30,142680.0,142680.0,142680.0,142680.0,1
2025-07-07T12:36:00+05:30,142565.0,142585.0,142565.0,142585.0,3
2025-07-07T12:37:00+05:30,142680.0,142715.0,142680.0,142715.0,5
2025-07-07T12:38:00+05:30,142590.0,142590.0,142590.0,142590.0,8
2025-07-07T12:39:00+05:30,142715.0,142715.0,142715.0,142715.0,2
2025-07-07T12:40:00+05:30,142710.0,142710.0,142695.0,142695.0,2
2025-07-07T12:41:00+05:30,142700.0,142700.0,142700.0,142700.0,1
2025-07-07T12:43:00+05:30,142585.0,142585.0,142580.0,142580.0,5
2025-07-07T12:44:00+05:30,142580.0,142580.0,142580.0,142580.0,7
2025-07-07T12:45:00+05:30,142580.0,142585.0,142530.0,142530.0,10
2025-07-07T12:46:00+05:30,142615.0,142615.0,142615.0,142615.0,1
2025-07-07T12:47:00+05:30,142500.0,142500.0,142500.0,142500.0,4
2025-07-07T12:48:00+05:30,142485.0,142485.0,142460.0,142460.0,8
2025-07-07T12:49:00+05:30,142465.0,142465.0,142395.0,142395.0,25
2025-07-07T12:50:00+05:30,142345.0,142365.0,142335.0,142365.0,10
2025-07-07T12:51:00+05:30,142390.0,142390.0,142390.0,142390.0,1
2025-07-07T12:53:00+05:30,142530.0,142530.0,142530.0,142530.0,1
2025-07-07T12:58:00+05:30,142350.0,142350.0,142350.0,142350.0,13
2025-07-07T12:59:00+05:30,142310.0,142340.0,142300.0,142340.0,7
2025-07-07T13:00:00+05:30,142340.0,142340.0,142200.0,142285.0,16
2025-07-07T13:01:00+05:30,142285.0,142340.0,142205.0,142205.0,7
2025-07-07T13:02:00+05:30,142205.0,142205.0,142205.0,142205.0,3
2025-07-07T13:03:00+05:30,142425.0,142425.0,142415.0,142415.0,2
2025-07-07T13:04:00+05:30,142435.0,142435.0,142330.0,142350.0,27
2025-07-07T13:05:00+05:30,142380.0,142380.0,142380.0,142380.0,1
2025-07-07T13:06:00+05:30,142380.0,142380.0,142380.0,142380.0,1
2025-07-07T13:07:00+05:30,142445.0,142445.0,142355.0,142355.0,14
2025-07-07T13:08:00+05:30,142355.0,142355.0,142355.0,142355.0,2
2025-07-07T13:09:00+05:30,142480.0,142480.0,142480.0,142480.0,2
2025-07-07T13:10:00+05:30,142485.0,142485.0,142485.0,142485.0,2
2025-07-07T13:13:00+05:30,142510.0,142510.0,142485.0,142485.0,2
2025-07-07T13:16:00+05:30,142515.0,142525.0,142515.0,142515.0,5
2025-07-07T13:18:00+05:30,142500.0,142500.0,142500.0,142500.0,1
2025-07-07T13:20:00+05:30,142500.0,142500.0,142500.0,142500.0,1
2025-07-07T13:24:00+05:30,142395.0,142395.0,142395.0,142395.0,1
2025-07-07T13:25:00+05:30,142450.0,142495.0,142450.0,142495.0,2
2025-07-07T13:27:00+05:30,142500.0,142500.0,142500.0,142500.0,1
2025-07-07T13:28:00+05:30,142405.0,142405.0,142405.0,142405.0,1
2025-07-07T13:29:00+05:30,142405.0,142405.0,142405.0,142405.0,2
2025-07-07T13:33:00+05:30,142410.0,142410.0,142410.0,142410.0,3
2025-07-07T13:34:00+05:30,142460.0,142500.0,142460.0,142500.0,3
2025-07-07T13:36:00+05:30,142505.0,142510.0,142505.0,142510.0,4
2025-07-07T13:38:00+05:30,142415.0,142510.0,142415.0,142510.0,2
2025-07-07T13:40:00+05:30,142420.0,142420.0,142420.0,142420.0,2
2025-07-07T13:42:00+05:30,142445.0,142445.0,142405.0,142405.0,7
2025-07-07T13:43:00+05:30,142400.0,142455.0,142400.0,142455.0,3
2025-07-07T13:45:00+05:30,142380.0,142445.0,142380.0,142445.0,14
2025-07-07T13:48:00+05:30,142360.0,142360.0,142350.0,142350.0,16
2025-07-07T13:50:00+05:30,142410.0,142410.0,142410.0,142410.0,11
2025-07-07T13:51:00+05:30,142380.0,142380.0,142380.0,142380.0,1
2025-07-07T13:52:00+05:30,142510.0,142510.0,142510.0,142510.0,1
2025-07-07T13:53:00+05:30,142505.0,142505.0,142505.0,142505.0,1
2025-07-07T13:54:00+05:30,142500.0,142500.0,142500.0,142500.0,2
2025-07-07T13:55:00+05:30,142500.0,142500.0,142410.0,142500.0,3
2025-07-07T13:57:00+05:30,142500.0,142500.0,142500.0,142500.0,1
2025-07-07T14:02:00+05:30,142495.0,142495.0,142405.0,142405.0,2
2025-07-07T14:03:00+05:30,142405.0,142490.0,142405.0,142490.0,3
2025-07-07T14:04:00+05:30,142500.0,142500.0,142500.0,142500.0,1
2025-07-07T14:05:00+05:30,142510.0,142510.0,142510.0,142510.0,4
2025-07-07T14:06:00+05:30,142510.0,142510.0,142510.0,142510.0,1
2025-07-07T14:07:00+05:30,142500.0,142500.0,142500.0,142500.0,1
2025-07-07T14:08:00+05:30,142410.0,142410.0,142410.0,142410.0,2
2025-07-07T14:09:00+05:30,142420.0,142420.0,142420.0,142420.0,1
2025-07-07T14:12:00+05:30,142525.0,142525.0,142410.0,142410.0,4
2025-07-07T14:13:00+05:30,142525.0,142525.0,142525.0,142525.0,1
2025-07-07T14:14:00+05:30,142530.0,142530.0,142530.0,142530.0,1
2025-07-07T14:16:00+05:30,142530.0,142530.0,142530.0,142530.0,1
2025-07-07T14:17:00+05:30,142425.0,142425.0,142425.0,142425.0,2
2025-07-07T14:19:00+05:30,142445.0,142525.0,142445.0,142525.0,2
2025-07-07T14:20:00+05:30,142500.0,142525.0,142500.0,142525.0,15
2025-07-07T14:21:00+05:30,142490.0,142490.0,142490.0,142490.0,4
2025-07-07T14:22:00+05:30,142440.0,142490.0,142440.0,142490.0,2
2025-07-07T14:23:00+05:30,142490.0,142490.0,142490.0,142490.0,3
2025-07-07T14:24:00+05:30,142520.0,142520.0,142520.0,142520.0,1
2025-07-07T14:26:00+05:30,142490.0,142490.0,142480.0,142480.0,2
2025-07-07T14:27:00+05:30,142450.0,142450.0,142450.0,142450.0,1
2025-07-07T14:28:00+05:30,142515.0,142515.0,142450.0,142450.0,2
2025-07-07T14:30:00+05:30,142495.0,142515.0,142495.0,142515.0,3
2025-07-07T14:31:00+05:30,142405.0,142405.0,142400.0,142400.0,7
2025-07-07T14:32:00+05:30,142400.0,142400.0,142400.0,142400.0,1
2025-07-07T14:33:00+05:30,142360.0,142360.0,142360.0,142360.0,4
2025-07-07T14:34:00+05:30,142490.0,142490.0,142360.0,142360.0,3
2025-07-07T14:35:00+05:30,142360.0,142360.0,142360.0,142360.0,6
2025-07-07T14:36:00+05:30,142360.0,142395.0,142360.0,142395.0,7
2025-07-07T14:37:00+05:30,142400.0,142425.0,142375.0,142400.0,64
2025-07-07T14:38:00+05:30,142445.0,142445.0,142445.0,142445.0,13
2025-07-07T14:39:00+05:30,142490.0,142530.0,142490.0,142500.0,16
2025-07-07T14:40:00+05:30,142500.0,142585.0,142500.0,142585.0,5
2025-07-07T14:41:00+05:30,142580.0,142580.0,142460.0,142580.0,22
2025-07-07T14:42:00+05:30,142580.0,142580.0,142575.0,142575.0,5
2025-07-07T14:43:00+05:30,142575.0,142850.0,142575.0,142835.0,55
2025-07-07T14:44:00+05:30,142840.0,142840.0,142665.0,142665.0,11
2025-07-07T14:45:00+05:30,142945.0,143100.0,142940.0,143100.0,123
2025-07-07T14:46:00+05:30,142990.0,143050.0,142990.0,143050.0,38
2025-07-07T14:47:00+05:30,142995.0,143105.0,142995.0,143000.0,90
2025-07-07T14:48:00+05:30,143040.0,143040.0,142875.0,143010.0,45
2025-07-07T14:49:00+05:30,142875.0,142960.0,142870.0,142885.0,42
2025-07-07T14:50:00+05:30,142755.0,142910.0,142755.0,142790.0,14
2025-07-07T14:51:00+05:30,142735.0,142830.0,142735.0,142825.0,13
2025-07-07T14:52:00+05:30,142825.0,142910.0,142825.0,142910.0,10
2025-07-07T14:53:00+05:30,142910.0,142955.0,142910.0,142950.0,8
2025-07-07T14:54:00+05:30,142945.0,142985.0,142820.0,142820.0,14
2025-07-07T14:55:00+05:30,142900.0,142950.0,142900.0,142950.0,12
2025-07-07T14:56:00+05:30,142865.0,142950.0,142865.0,142950.0,13
2025-07-07T14:57:00+05:30,142900.0,142900.0,142880.0,142880.0,18
2025-07-07T14:58:00+05:30,142880.0,142950.0,142880.0,142950.0,22
2025-07-07T14:59:00+05:30,142945.0,142950.0,142865.0,142865.0,10
2025-07-07T15:00:00+05:30,143070.0,143300.0,143070.0,143255.0,88
2025-07-07T15:01:00+05:30,143350.0,143440.0,143165.0,143165.0,50
2025-07-07T15:02:00+05:30,143355.0,143355.0,143160.0,143160.0,36
2025-07-07T15:03:00+05:30,143190.0,143290.0,143190.0,143285.0,19
2025-07-07T15:04:00+05:30,143290.0,143335.0,143105.0,143180.0,32
2025-07-07T15:05:00+05:30,143200.0,143320.0,143195.0,143195.0,17
2025-07-07T15:06:00+05:30,143255.0,143315.0,143205.0,143225.0,24
2025-07-07T15:07:00+05:30,143170.0,143255.0,143170.0,143215.0,18
2025-07-07T15:08:00+05:30,143250.0,143255.0,143210.0,143210.0,15
2025-07-07T15:09:00+05:30,143250.0,143250.0,143250.0,143250.0,12
2025-07-07T15:10:00+05:30,143220.0,143300.0,143220.0,143230.0,35
2025-07-07T15:11:00+05:30,143290.0,143290.0,143200.0,143285.0,25
2025-07-07T15:12:00+05:30,143205.0,143285.0,143205.0,143285.0,19
2025-07-07T15:13:00+05:30,143285.0,143290.0,143195.0,143290.0,18
2025-07-07T15:14:00+05:30,143295.0,143295.0,143240.0,143240.0,32
2025-07-07T15:15:00+05:30,143290.0,143300.0,143050.0,143105.0,70
2025-07-07T15:16:00+05:30,143165.0,143285.0,143000.0,143285.0,52
2025-07-07T15:17:00+05:30,143170.0,143285.0,143135.0,143170.0,14
2025-07-07T15:18:00+05:30,143170.0,143355.0,143170.0,143280.0,98
2025-07-07T15:19:00+05:30,143345.0,143345.0,143120.0,143205.0,44
2025-07-07T15:20:00+05:30,143185.0,143185.0,143055.0,143055.0,54
2025-07-07T15:21:00+05:30,143135.0,143135.0,143115.0,143115.0,12
2025-07-07T15:22:00+05:30,143120.0,143145.0,143120.0,143145.0,17
2025-07-07T15:23:00+05:30,143220.0,143335.0,143140.0,143185.0,40
2025-07-07T15:24:00+05:30,143105.0,143105.0,142735.0,142870.0,153
2025-07-07T15:25:00+05:30,142815.0,142945.0,142815.0,142900.0,11
2025-07-07T15:26:00+05:30,142865.0,142865.0,142705.0,142705.0,8
2025-07-07T15:27:00+05:30,142865.0,142900.0,142790.0,142890.0,15
2025-07-07T15:28:00+05:30,142805.0,142870.0,142805.0,142870.0,43
2025-07-07T15:29:00+05:30,142855.0,143040.0,142705.0,143000.0,25
2025-07-08T09:15:00+05:30,142800.0,142995.0,142210.0,142505.0,73
2025-07-08T09:16:00+05:30,142510.0,142730.0,142510.0,142645.0,20
2025-07-08T09:17:00+05:30,142640.0,142725.0,142640.0,142725.0,25
2025-07-08T09:18:00+05:30,142725.0,142995.0,142690.0,142995.0,14
2025-07-08T09:19:00+05:30,142855.0,143045.0,142815.0,143010.0,39
2025-07-08T09:20:00+05:30,143005.0,143200.0,143005.0,143105.0,24
2025-07-08T09:21:00+05:30,143105.0,143110.0,142995.0,143040.0,14
2025-07-08T09:22:00+05:30,143040.0,143105.0,142915.0,143105.0,9
2025-07-08T09:23:00+05:30,142950.0,143105.0,142950.0,143105.0,11
2025-07-08T09:24:00+05:30,143100.0,143105.0,143010.0,143105.0,9
2025-07-08T09:25:00+05:30,143245.0,143280.0,143110.0,143280.0,15
2025-07-08T09:26:00+05:30,143275.0,143275.0,142950.0,143095.0,23
2025-07-08T09:27:00+05:30,143095.0,143115.0,143090.0,143090.0,5
2025-07-08T09:28:00+05:30,143090.0,143090.0,143080.0,143080.0,3
2025-07-08T09:29:00+05:30,143000.0,143000.0,142995.0,142995.0,2
2025-07-08T09:30:00+05:30,142995.0,142995.0,142995.0,142995.0,3
2025-07-08T09:31:00+05:30,142985.0,143000.0,142980.0,143000.0,4
2025-07-08T09:32:00+05:30,142960.0,142960.0,142900.0,142955.0,7
2025-07-08T09:33:00+05:30,142900.0,142900.0,142700.0,142700.0,9
2025-07-08T09:34:00+05:30,142700.0,142700.0,142520.0,142645.0,10
2025-07-08T09:35:00+05:30,142650.0,142655.0,142525.0,142655.0,9
2025-07-08T09:36:00+05:30,142675.0,142700.0,142570.0,142585.0,9
2025-07-08T09:37:00+05:30,142585.0,142640.0,142585.0,142640.0,4
2025-07-08T09:38:00+05:30,142640.0,142695.0,142640.0,142695.0,5
2025-07-08T09:39:00+05:30,142700.0,142770.0,142700.0,142770.0,23
2025-07-08T09:40:00+05:30,142895.0,142900.0,142895.0,142900.0,27
2025-07-08T09:41:00+05:30,142905.0,142915.0,142850.0,142900.0,17
2025-07-08T09:43:00+05:30,142900.0,142900.0,142745.0,142745.0,10
2025-07-08T09:44:00+05:30,142745.0,142745.0,142640.0,142640.0,6
2025-07-08T09:45:00+05:30,142760.0,142775.0,142760.0,142775.0,5
2025-07-08T09:46:00+05:30,142775.0,142775.0,142775.0,142775.0,1
2025-07-08T09:47:00+05:30,142675.0,142675.0,142650.0,142675.0,6
2025-07-08T09:48:00+05:30,142650.0,142650.0,142650.0,142650.0,1
2025-07-08T09:50:00+05:30,142770.0,142770.0,142770.0,142770.0,1
2025-07-08T09:51:00+05:30,142650.0,142770.0,142650.0,142770.0,7
2025-07-08T09:52:00+05:30,142770.0,142770.0,142650.0,142770.0,3
2025-07-08T09:53:00+05:30,142710.0,142710.0,142630.0,142630.0,5
2025-07-08T09:54:00+05:30,142600.0,142675.0,142570.0,142675.0,22
2025-07-08T09:55:00+05:30,142570.0,142685.0,142570.0,142685.0,9
2025-07-08T09:56:00+05:30,142680.0,142880.0,142575.0,142880.0,25
2025-07-08T09:57:00+05:30,142925.0,142980.0,142770.0,142770.0,16
2025-07-08T09:58:00+05:30,142785.0,142790.0,142725.0,142790.0,3
2025-07-08T09:59:00+05:30,142665.0,142665.0,142620.0,142630.0,6
2025-07-08T10:00:00+05:30,142575.0,142645.0,142535.0,142645.0,10
2025-07-08T10:01:00+05:30,142620.0,142620.0,142620.0,142620.0,1
2025-07-08T10:02:00+05:30,142635.0,142635.0,142620.0,142620.0,4
2025-07-08T10:03:00+05:30,142635.0,142660.0,142630.0,142660.0,3
2025-07-08T10:04:00+05:30,142545.0,142625.0,142545.0,142625.0,2
2025-07-08T10:05:00+05:30,142605.0,142605.0,142605.0,142605.0,1
2025-07-08T10:06:00+05:30,142600.0,142600.0,142500.0,142500.0,10
2025-07-08T10:07:00+05:30,142500.0,142655.0,142500.0,142655.0,4
2025-07-08T10:08:00+05:30,142670.0,142670.0,142670.0,142670.0,1
2025-07-08T10:09:00+05:30,142700.0,142710.0,142515.0,142515.0,5
2025-07-08T10:10:00+05:30,142680.0,142680.0,142670.0,142670.0,3
2025-07-08T10:11:00+05:30,142645.0,142645.0,142645.0,142645.0,1
2025-07-08T10:12:00+05:30,142645.0,142645.0,142595.0,142595.0,5
2025-07-08T10:13:00+05:30,142605.0,142605.0,142605.0,142605.0,2
2025-07-08T10:14:00+05:30,142665.0,142665.0,142610.0,142610.0,2
2025-07-08T10:15:00+05:30,142725.0,142730.0,142600.0,142620.0,7
2025-07-08T10:16:00+05:30,142695.0,142695.0,142695.0,142695.0,1
2025-07-08T10:17:00+05:30,142695.0,142700.0,142695.0,142700.0,2
2025-07-08T10:18:00+05:30,142750.0,142775.0,142750.0,142770.0,4
2025-07-08T10:19:00+05:30,142775.0,142950.0,142775.0,142895.0,17
2025-07-08T10:20:00+05:30,142775.0,142865.0,142775.0,142865.0,2
2025-07-08T10:22:00+05:30,142865.0,142865.0,142780.0,142780.0,2
2025-07-08T10:23:00+05:30,142785.0,142785.0,142785.0,142785.0,1
2025-07-08T10:24:00+05:30,142785.0,142855.0,142785.0,142855.0,2
2025-07-08T10:25:00+05:30,142780.0,142780.0,142780.0,142780.0,3
2025-07-08T10:27:00+05:30,142780.0,142780.0,142780.0,142780.0,1
2025-07-08T10:29:00+05:30,142850.0,142850.0,142850.0,142850.0,1
2025-07-08T10:30:00+05:30,142780.0,142845.0,142775.0,142845.0,4
2025-07-08T10:31:00+05:30,142775.0,142840.0,142770.0,142840.0,4
2025-07-08T10:32:00+05:30,142840.0,142840.0,142770.0,142770.0,2
2025-07-08T10:33:00+05:30,142770.0,142770.0,142770.0,142770.0,1
2025-07-08T10:34:00+05:30,142770.0,142770.0,142770.0,142770.0,1
2025-07-08T10:35:00+05:30,142840.0,142840.0,142840.0,142840.0,2
2025-07-08T10:36:00+05:30,142840.0,142840.0,142840.0,142840.0,1
2025-07-08T10:37:00+05:30,142840.0,142840.0,142775.0,142775.0,2
2025-07-08T10:39:00+05:30,142770.0,142770.0,142770.0,142770.0,1
2025-07-08T10:40:00+05:30,142770.0,142850.0,142770.0,142850.0,6
2025-07-08T10:42:00+05:30,142850.0,142900.0,142850.0,142850.0,5
2025-07-08T10:43:00+05:30,142850.0,142900.0,142850.0,142850.0,4
2025-07-08T10:44:00+05:30,142860.0,142860.0,142860.0,142860.0,1
2025-07-08T10:45:00+05:30,142770.0,142770.0,142770.0,142770.0,1
2025-07-08T10:47:00+05:30,142845.0,142845.0,142845.0,142845.0,1
2025-07-08T10:48:00+05:30,142770.0,142770.0,142715.0,142755.0,26
2025-07-08T10:49:00+05:30,142820.0,143000.0,142820.0,142885.0,47
2025-07-08T10:50:00+05:30,142995.0,143035.0,142890.0,143005.0,14
2025-07-08T10:51:00+05:30,142930.0,142930.0,142925.0,142925.0,4
2025-07-08T10:52:00+05:30,142995.0,142995.0,142860.0,142860.0,3
2025-07-08T10:54:00+05:30,142965.0,142965.0,142965.0,142965.0,1
2025-07-08T10:55:00+05:30,142970.0,142970.0,142965.0,142965.0,2
2025-07-08T10:56:00+05:30,142970.0,142970.0,142900.0,142900.0,2
2025-07-08T10:58:00+05:30,142900.0,142900.0,142885.0,142885.0,3
2025-07-08T10:59:00+05:30,142875.0,142875.0,142875.0,142875.0,1
2025-07-08T11:03:00+05:30,142850.0,142870.0,142780.0,142870.0,9
2025-07-08T11:08:00+05:30,142870.0,142900.0,142870.0,142900.0,3
2025-07-08T11:09:00+05:30,142900.0,142900.0,142900.0,142900.0,1
2025-07-08T11:10:00+05:30,142900.0,142900.0,142900.0,142900.0,1
2025-07-08T11:11:00+05:30,142950.0,142995.0,142950.0,142995.0,6
2025-07-08T11:12:00+05:30,142995.0,142995.0,142900.0,142980.0,7
2025-07-08T11:13:00+05:30,142980.0,142980.0,142980.0,142980.0,3
2025-07-08T11:14:00+05:30,142980.0,143000.0,142980.0,143000.0,17
2025-07-08T11:16:00+05:30,142910.0,142910.0,142910.0,142910.0,3
2025-07-08T11:18:00+05:30,143080.0,143085.0,143075.0,143080.0,6
2025-07-08T11:19:00+05:30,142935.0,142935.0,142935.0,142935.0,1
2025-07-08T11:20:00+05:30,143085.0,143085.0,143085.0,143085.0,1
2025-07-08T11:21:00+05:30,143085.0,143085.0,142965.0,142965.0,2
2025-07-08T11:28:00+05:30,142980.0,142980.0,142980.0,142980.0,2
2025-07-08T11:29:00+05:30,143075.0,143075.0,143075.0,143075.0,1
2025-07-08T11:30:00+05:30,142990.0,143080.0,142990.0,143080.0,10
2025-07-08T11:31:00+05:30,143085.0,143085.0,143085.0,143085.0,1
2025-07-08T11:32:00+05:30,143085.0,143145.0,143085.0,143085.0,16
2025-07-08T11:33:00+05:30,143000.0,143085.0,143000.0,143085.0,2
2025-07-08T11:37:00+05:30,143085.0,143085.0,143085.0,143085.0,2
2025-07-08T11:38:00+05:30,143110.0,143110.0,143110.0,143110.0,2
2025-07-08T11:39:00+05:30,143115.0,143280.0,143115.0,143280.0,9
2025-07-08T11:40:00+05:30,143295.0,143400.0,143230.0,143305.0,74
2025-07-08T11:41:00+05:30,143305.0,143500.0,143305.0,143405.0,29
2025-07-08T11:42:00+05:30,143495.0,143600.0,143405.0,143600.0,39
2025-07-08T11:43:00+05:30,143600.0,143630.0,143405.0,143405.0,28
2025-07-08T11:44:00+05:30,143405.0,143500.0,143205.0,143405.0,23
2025-07-08T11:45:00+05:30,143405.0,143575.0,143335.0,143425.0,17
2025-07-08T11:46:00+05:30,143425.0,143425.0,143305.0,143305.0,4
2025-07-08T11:47:00+05:30,143315.0,143315.0,143315.0,143315.0,1
2025-07-08T11:49:00+05:30,143305.0,143305.0,143305.0,143305.0,3
2025-07-08T11:50:00+05:30,143300.0,143300.0,143300.0,143300.0,10
2025-07-08T11:52:00+05:30,143215.0,143345.0,143215.0,143215.0,6
2025-07-08T11:53:00+05:30,143220.0,143455.0,143215.0,143430.0,13
2025-07-08T11:54:00+05:30,143470.0,143470.0,143340.0,143340.0,2
2025-07-08T11:55:00+05:30,143435.0,143440.0,143435.0,143435.0,5
2025-07-08T11:56:00+05:30,143345.0,143445.0,143345.0,143445.0,4
2025-07-08T11:57:00+05:30,143445.0,143465.0,143445.0,143465.0,2
2025-07-08T11:58:00+05:30,143470.0,143470.0,143470.0,143470.0,2
2025-07-08T12:01:00+05:30,143470.0,143470.0,143470.0,143470.0,1
2025-07-08T12:02:00+05:30,143400.0,143470.0,143400.0,143470.0,2
2025-07-08T12:03:00+05:30,143470.0,143625.0,143470.0,143625.0,44
2025-07-08T12:04:00+05:30,143630.0,143630.0,143545.0,143630.0,12
2025-07-08T12:05:00+05:30,143630.0,143800.0,143630.0,143800.0,26
2025-07-08T12:06:00+05:30,143800.0,143850.0,143740.0,143840.0,18
2025-07-08T12:07:00+05:30,143850.0,143880.0,143800.0,143800.0,16
2025-07-08T12:08:00+05:30,143870.0,143880.0,143800.0,143800.0,5
2025-07-08T12:09:00+05:30,143800.0,143875.0,143795.0,143795.0,8
2025-07-08T12:10:00+05:30,143790.0,143875.0,143790.0,143795.0,5
2025-07-08T12:11:00+05:30,143785.0,143880.0,143745.0,143745.0,15
2025-07-08T12:12:00+05:30,143875.0,143880.0,143865.0,143880.0,5
2025-07-08T12:13:00+05:30,143775.0,143980.0,143775.0,143980.0,18
2025-07-08T12:14:00+05:30,143835.0,143975.0,143835.0,143965.0,6
2025-07-08T12:15:00+05:30,143960.0,143980.0,143960.0,143980.0,8
2025-07-08T12:16:00+05:30,143980.0,143980.0,143980.0,143980.0,7
2025-07-08T12:17:00+05:30,143850.0,143850.0,143850.0,143850.0,1
2025-07-08T12:18:00+05:30,143870.0,144200.0,143775.0,144200.0,107
2025-07-08T12:19:00+05:30,144245.0,144250.0,144090.0,144115.0,25
2025-07-08T12:20:00+05:30,144195.0,144275.0,144090.0,144195.0,124
2025-07-08T12:21:00+05:30,144045.0,144185.0,144040.0,144045.0,17
2025-07-08T12:22:00+05:30,144050.0,144050.0,143885.0,144015.0,17
2025-07-08T12:23:00+05:30,144015.0,144030.0,144015.0,144030.0,7
2025-07-08T12:24:00+05:30,144035.0,144035.0,143800.0,143920.0,8
2025-07-08T12:25:00+05:30,143935.0,143935.0,143760.0,143780.0,9
2025-07-08T12:26:00+05:30,143795.0,143950.0,143780.0,143835.0,28
2025-07-08T12:27:00+05:30,143950.0,144095.0,143940.0,144095.0,13
2025-07-08T12:28:00+05:30,143950.0,144095.0,143950.0,143950.0,7
2025-07-08T12:30:00+05:30,143950.0,144090.0,143950.0,144090.0,3
2025-07-08T12:31:00+05:30,143980.0,144095.0,143980.0,144095.0,4
2025-07-08T12:32:00+05:30,144095.0,144095.0,144095.0,144095.0,2
2025-07-08T12:33:00+05:30,144095.0,144100.0,144095.0,144100.0,3
2025-07-08T12:34:00+05:30,144000.0,144120.0,143995.0,144120.0,15
2025-07-08T12:35:00+05:30,144165.0,144170.0,144075.0,144170.0,5
2025-07-08T12:36:00+05:30,144165.0,144170.0,144060.0,144170.0,27
2025-07-08T12:37:00+05:30,144170.0,144400.0,144170.0,144360.0,65
2025-07-08T12:38:00+05:30,144360.0,144400.0,144325.0,144325.0,10
2025-07-08T12:39:00+05:30,144400.0,144400.0,144325.0,144400.0,22
2025-07-08T12:40:00+05:30,144400.0,144450.0,144400.0,144450.0,10
2025-07-08T12:41:00+05:30,144445.0,144445.0,144255.0,144255.0,21
2025-07-08T12:42:00+05:30,144340.0,144440.0,144340.0,144440.0,7
2025-07-08T12:43:00+05:30,144440.0,144440.0,144295.0,144435.0,8
2025-07-08T12:44:00+05:30,144315.0,144315.0,144300.0,144300.0,2
2025-07-08T12:45:00+05:30,144400.0,144410.0,144285.0,144315.0,8
2025-07-08T12:46:00+05:30,144315.0,144350.0,144255.0,144305.0,15
2025-07-08T12:47:00+05:30,144305.0,144340.0,144230.0,144340.0,3
2025-07-08T12:49:00+05:30,144235.0,144235.0,144235.0,144235.0,2
2025-07-08T12:50:00+05:30,144235.0,144235.0,144235.0,144235.0,1
2025-07-08T12:51:00+05:30,144300.0,144435.0,144300.0,144435.0,21
2025-07-08T12:52:00+05:30,144300.0,144415.0,144290.0,144295.0,8
2025-07-08T12:53:00+05:30,144290.0,144410.0,144290.0,144410.0,4
2025-07-08T12:54:00+05:30,144410.0,144415.0,144295.0,144415.0,5
2025-07-08T12:55:00+05:30,144400.0,144410.0,144290.0,144290.0,3
2025-07-08T12:56:00+05:30,144275.0,144275.0,144275.0,144275.0,1
2025-07-08T12:57:00+05:30,144270.0,144290.0,144110.0,144230.0,15
2025-07-08T12:59:00+05:30,144200.0,144235.0,144200.0,144235.0,4
2025-07-08T13:00:00+05:30,144235.0,144235.0,144235.0,144235.0,1
2025-07-08T13:03:00+05:30,144115.0,144185.0,144020.0,144185.0,14
2025-07-08T13:04:00+05:30,144220.0,144295.0,144160.0,144275.0,7
2025-07-08T13:05:00+05:30,144275.0,144275.0,144275.0,144275.0,1
2025-07-08T13:06:00+05:30,144275.0,144275.0,144275.0,144275.0,1
2025-07-08T13:07:00+05:30,144175.0,144295.0,144170.0,144275.0,6
2025-07-08T13:08:00+05:30,144275.0,144295.0,144275.0,144295.0,3
2025-07-08T13:11:00+05:30,144295.0,144295.0,144295.0,144295.0,1
2025-07-08T13:13:00+05:30,144275.0,144290.0,144275.0,144290.0,5
2025-07-08T13:14:00+05:30,144275.0,144275.0,144275.0,144275.0,2
2025-07-08T13:16:00+05:30,144250.0,144380.0,144250.0,144380.0,17
2025-07-08T13:17:00+05:30,144390.0,144400.0,144295.0,144400.0,20
2025-07-08T13:18:00+05:30,144400.0,144415.0,144400.0,144415.0,12
2025-07-08T13:19:00+05:30,144415.0,144500.0,144415.0,144500.0,50
2025-07-08T13:20:00+05:30,144490.0,144500.0,144490.0,144500.0,14
2025-07-08T13:21:00+05:30,144420.0,144430.0,144295.0,144300.0,11
2025-07-08T13:22:00+05:30,144290.0,144290.0,144290.0,144290.0,2
2025-07-08T13:23:00+05:30,144300.0,144405.0,144275.0,144405.0,4
2025-07-08T13:24:00+05:30,144290.0,144290.0,144290.0,144290.0,1
2025-07-08T13:25:00+05:30,144395.0,144395.0,144395.0,144395.0,1
2025-07-08T13:26:00+05:30,144290.0,144290.0,144250.0,144250.0,6
2025-07-08T13:27:00+05:30,144250.0,144250.0,144010.0,144010.0,8
2025-07-08T13:28:00+05:30,144005.0,144005.0,144000.0,144005.0,4
2025-07-08T13:29:00+05:30,144125.0,144135.0,144125.0,144135.0,3
2025-07-08T13:30:00+05:30,144135.0,144140.0,144135.0,144140.0,2
2025-07-08T13:31:00+05:30,144185.0,144190.0,144155.0,144155.0,3
2025-07-08T13:32:00+05:30,144155.0,144155.0,144155.0,144155.0,1
2025-07-08T13:34:00+05:30,144055.0,144225.0,144050.0,144075.0,9
2025-07-08T13:35:00+05:30,144195.0,144195.0,144090.0,144090.0,2
2025-07-08T13:36:00+05:30,144090.0,144090.0,144090.0,144090.0,1
2025-07-08T13:37:00+05:30,144090.0,144175.0,144040.0,144095.0,10
2025-07-08T13:38:00+05:30,144155.0,144190.0,144155.0,144190.0,2
2025-07-08T13:40:00+05:30,144175.0,144190.0,144175.0,144190.0,3
2025-07-08T13:41:00+05:30,144080.0,144240.0,144080.0,144125.0,5
2025-07-08T13:43:00+05:30,144200.0,144200.0,144200.0,144200.0,1
2025-07-08T13:47:00+05:30,144180.0,144245.0,144150.0,144150.0,6
2025-07-08T13:48:00+05:30,144260.0,144260.0,144235.0,144260.0,4
2025-07-08T13:50:00+05:30,144155.0,144295.0,144155.0,144295.0,3
2025-07-08T13:51:00+05:30,144295.0,144295.0,144295.0,144295.0,1
2025-07-08T13:54:00+05:30,144295.0,144500.0,144295.0,144500.0,63
2025-07-08T13:55:00+05:30,144510.0,144550.0,144500.0,144515.0,8
2025-07-08T13:56:00+05:30,144465.0,144500.0,144465.0,144465.0,6
2025-07-08T13:57:00+05:30,144500.0,144500.0,144465.0,144490.0,6
2025-07-08T13:58:00+05:30,144460.0,144460.0,144460.0,144460.0,1
2025-07-08T13:59:00+05:30,144460.0,144460.0,144460.0,144460.0,1
2025-07-08T14:00:00+05:30,144435.0,144550.0,144405.0,144545.0,19
2025-07-08T14:01:00+05:30,144545.0,144545.0,144545.0,144545.0,1
2025-07-08T14:02:00+05:30,144465.0,144465.0,144465.0,144465.0,1
2025-07-08T14:03:00+05:30,144465.0,144540.0,144410.0,144410.0,7
2025-07-08T14:04:00+05:30,144535.0,144535.0,144425.0,144530.0,3
2025-07-08T14:05:00+05:30,144420.0,144420.0,144410.0,144410.0,5
2025-07-08T14:06:00+05:30,144420.0,144420.0,144400.0,144400.0,6
2025-07-08T14:07:00+05:30,144400.0,144485.0,144400.0,144485.0,3
2025-07-08T14:08:00+05:30,144480.0,144485.0,144480.0,144485.0,2
2025-07-08T14:09:00+05:30,144400.0,144450.0,144400.0,144450.0,3
2025-07-08T14:10:00+05:30,144450.0,144485.0,144450.0,144485.0,6
2025-07-08T14:11:00+05:30,144485.0,144500.0,144380.0,144500.0,8
2025-07-08T14:12:00+05:30,144500.0,144500.0,144385.0,144385.0,2
2025-07-08T14:13:00+05:30,144385.0,144385.0,144385.0,144385.0,1
2025-07-08T14:14:00+05:30,144385.0,144450.0,144385.0,144450.0,5
2025-07-08T14:15:00+05:30,144360.0,144360.0,144300.0,144300.0,3
2025-07-08T14:20:00+05:30,144330.0,144425.0,144325.0,144425.0,3
2025-07-08T14:21:00+05:30,144305.0,144430.0,144300.0,144300.0,7
2025-07-08T14:22:00+05:30,144430.0,144430.0,144430.0,144430.0,1
2025-07-08T14:23:00+05:30,144300.0,144300.0,144295.0,144295.0,2
2025-07-08T14:24:00+05:30,144295.0,144295.0,144295.0,144295.0,2
2025-07-08T14:25:00+05:30,144410.0,144410.0,144410.0,144410.0,2
2025-07-08T14:26:00+05:30,144295.0,144295.0,144295.0,144295.0,2
2025-07-08T14:27:00+05:30,144310.0,144310.0,144300.0,144300.0,2
2025-07-08T14:29:00+05:30,144350.0,144410.0,144300.0,144410.0,7
2025-07-08T14:30:00+05:30,144295.0,144295.0,144295.0,144295.0,1
2025-07-08T14:31:00+05:30,144300.0,144300.0,144190.0,144295.0,15
2025-07-08T14:32:00+05:30,144200.0,144200.0,144200.0,144200.0,4
2025-07-08T14:33:00+05:30,144200.0,144315.0,144200.0,144315.0,10
2025-07-08T14:34:00+05:30,144385.0,144385.0,144260.0,144265.0,5
2025-07-08T14:36:00+05:30,144260.0,144370.0,144260.0,144260.0,5
2025-07-08T14:37:00+05:30,144300.0,144365.0,144300.0,144365.0,3
2025-07-08T14:38:00+05:30,144350.0,144400.0,144265.0,144400.0,11
2025-07-08T14:39:00+05:30,144315.0,144400.0,144260.0,144400.0,14
2025-07-08T14:40:00+05:30,144260.0,144395.0,144260.0,144395.0,2
2025-07-08T14:41:00+05:30,144265.0,144395.0,144265.0,144265.0,3
2025-07-08T14:42:00+05:30,144370.0,144375.0,144300.0,144300.0,4
2025-07-08T14:43:00+05:30,144380.0,144400.0,144270.0,144385.0,9
2025-07-08T14:44:00+05:30,144385.0,144385.0,144385.0,144385.0,1
2025-07-08T14:45:00+05:30,144265.0,144265.0,144260.0,144260.0,2
2025-07-08T14:46:00+05:30,144385.0,144400.0,144385.0,144400.0,8
2025-07-08T14:47:00+05:30,144400.0,144400.0,144400.0,144400.0,6
2025-07-08T14:48:00+05:30,144400.0,144410.0,144400.0,144410.0,5
2025-07-08T14:49:00+05:30,144415.0,144415.0,144415.0,144415.0,1
2025-07-08T14:51:00+05:30,144410.0,144410.0,144410.0,144410.0,9
2025-07-08T14:52:00+05:30,144410.0,144410.0,144305.0,144305.0,4
2025-07-08T14:53:00+05:30,144305.0,144305.0,144305.0,144305.0,5
2025-07-08T14:54:00+05:30,144400.0,144435.0,144305.0,144410.0,32
2025-07-08T14:55:00+05:30,144410.0,144410.0,144410.0,144410.0,6
2025-07-08T14:56:00+05:30,144400.0,144595.0,144320.0,144570.0,116
2025-07-08T14:57:00+05:30,144590.0,144590.0,144400.0,144580.0,16
2025-07-08T14:58:00+05:30,144575.0,144610.0,144485.0,144610.0,26
2025-07-08T14:59:00+05:30,144595.0,144595.0,144525.0,144525.0,14
2025-07-08T15:00:00+05:30,144595.0,145220.0,144595.0,145220.0,250
2025-07-08T15:01:00+05:30,145220.0,145555.0,145005.0,145145.0,123
2025-07-08T15:02:00+05:30,145105.0,145330.0,145105.0,145205.0,26
2025-07-08T15:03:00+05:30,145220.0,145220.0,145000.0,145105.0,50
2025-07-08T15:04:00+05:30,145105.0,145190.0,145020.0,145040.0,22
2025-07-08T15:05:00+05:30,145030.0,145195.0,145030.0,145195.0,34
2025-07-08T15:06:00+05:30,145200.0,145265.0,145160.0,145260.0,32
2025-07-08T15:07:00+05:30,145250.0,145400.0,145250.0,145250.0,100
2025-07-08T15:08:00+05:30,145315.0,145370.0,145220.0,145220.0,19
2025-07-08T15:09:00+05:30,145220.0,145255.0,145050.0,145200.0,55
2025-07-08T15:10:00+05:30,145230.0,145245.0,145185.0,145200.0,11
2025-07-08T15:11:00+05:30,145200.0,145200.0,145185.0,145190.0,30
2025-07-08T15:12:00+05:30,145200.0,145200.0,144920.0,145025.0,69
2025-07-08T15:13:00+05:30,145045.0,145050.0,144925.0,144955.0,17
2025-07-08T15:14:00+05:30,145005.0,145040.0,144800.0,145020.0,54
2025-07-08T15:15:00+05:30,144990.0,145055.0,144930.0,145000.0,44
2025-07-08T15:16:00+05:30,145000.0,145000.0,144825.0,144870.0,47
2025-07-08T15:17:00+05:30,144930.0,144970.0,144765.0,144935.0,44
2025-07-08T15:18:00+05:30,144930.0,144935.0,144840.0,144930.0,49
2025-07-08T15:19:00+05:30,144930.0,144930.0,144860.0,144925.0,38
2025-07-08T15:20:00+05:30,144925.0,144940.0,144845.0,144915.0,124
2025-07-08T15:21:00+05:30,144870.0,144870.0,144555.0,144575.0,44
2025-07-08T15:22:00+05:30,144575.0,144700.0,144505.0,144645.0,34
2025-07-08T15:23:00+05:30,144640.0,144665.0,144550.0,144620.0,35
2025-07-08T15:24:00+05:30,144550.0,144620.0,144550.0,144620.0,32
2025-07-08T15:25:00+05:30,144555.0,144620.0,144555.0,144620.0,15
2025-07-08T15:26:00+05:30,144575.0,144575.0,144515.0,144550.0,79
2025-07-08T15:27:00+05:30,144505.0,144550.0,144500.0,144500.0,24
2025-07-08T15:28:00+05:30,144550.0,144550.0,144205.0,144535.0,39
2025-07-08T15:29:00+05:30,144205.0,144550.0,144000.0,144550.0,64
